rank,team,conf,record,adjoe,oe Rank,adjde,de Rank,barthag,rank,proj. W,Proj. L,Pro Con W,Pro Con L,Con Rec.,sos,ncsos,consos,Proj. SOS,Proj. Noncon SOS,Proj. Con SOS,elite SOS,elite noncon SOS,Opp OE,Opp DE,Opp Proj. OE,Opp Proj DE,Con Adj OE,Con Adj DE,Qual O,Qual D,Qual Barthag,Qual Games,FUN,ConPF,ConPA,ConPoss,ConOE,ConDE,ConSOSRemain,Conf Win%,WAB,WAB Rk,Fun Rk,adjt
1,Michigan,B10,10-0,126.19574030803605,5,90.27289050719692,1,0.9792138968966212,1,27.71721420998314,3.2827857900168578,17.10636071580118,2.893639284198824,2-0,0.7168771397573501,0.7596250828253136,0.5458853674854962,0.7865806489869304,0.7298726635339399,0.8177700409860752,0.6153490879798876,0.6666334252070708,114.7544172311962,103.8164931296217,116.72399780451937,101.66568390431698,138.28257473320258,105.76351978759264,124.9325751003474,81.76131680736607,0.9924276792154175,5.0,0.09563943203948533,202.0,143.0,142.5125,1.4174195246031052,1.0034207525655645,0.8479794491528061,1.0,4.066344019994615,1,58,73.5406966141473
2,Duke,ACC,10-0,122.59205359368056,13,92.7960380761265,4,0.9609196116183599,2,26.622570763150378,4.37742923684962,14.531403178157001,3.4685968218429974,0-0,0.5482341426442867,0.5482341426442867,0,0.7103534815314031,0.5954867222576842,0.7933128076735335,0.6541921273544359,0.6782670690090248,108.82839157139654,104.9172752256308,113.65670309931265,102.2961899818559,0.0,0.0,121.09857185778878,89.79751239110385,0.9689028211917639,5.0,0.16494788464871968,0.0,0.0,0.0,0,0,0.7933128076735335,0,3.5559049650908015,3,11,68.69193739007936
3,Houston,B12,10-1,119.81626511562487,28,90.95333113433787,2,0.9596721153647095,3,25.557740847048947,5.442259152951053,13.894907992669204,4.105092007330795,0-0,0.5122572973319066,0.5122572973319066,0,0.7035927046932916,0.5412801949340191,0.8208184061860995,0.6867179731870743,0.8018851721369966,108.77313602681816,107.74818720892068,113.70178262844084,103.29742911110368,0.0,0.0,126.27977693703869,102.47518433809823,0.916988149038903,2.0,-0.0015596640810375817,0.0,0.0,0.0,0,0,0.8208184061860995,0,1.7351792893003228,17,172,63.986540783874034
4,Gonzaga,WCC,10-1,123.44669178352677,8,93.9246025000578,6,0.9586378106833713,4,28.12189532728324,2.87810467271676,16.278641462824478,1.7213585371755207,0-0,0.646677224484407,0.646677224484407,0,0.6005439130421427,0.6310798560759292,0.5784901764066306,0.765964962580746,0.7076853237253846,113.6579978999875,105.0035281757663,110.85980188318568,105.39351570822606,0.0,0.0,125.60225917875206,95.28339423553881,0.9599612032151468,4.0,0.09928500005966334,0.0,0.0,0.0,0,0,0.5784901764066306,0,3.4083537337289216,5,55,71.44334625715086
5,Connecticut,BE,10-1,122.6378901753867,12,94.000267513531,7,0.955139153128484,5,26.624006403789192,4.37599359621081,16.62400640378919,3.3759935962108094,0-0,0.6031036547051307,0.6031036547051307,0,0.702467224543282,0.6031036547051305,0.7571171879542654,0.6919981635611934,0.682836646642564,111.32895660125745,104.15064321526057,113.41847604087164,103.27988291186102,0.0,0.0,122.88268792001256,91.22093866720577,0.9685187387957986,5.0,0.11276123397930671,0.0,0.0,0.0,0,0,0.7571171879542654,0,3.3219478826466147,6,43,66.11067698257179
6,Arizona,B12,9-0,122.89720086481366,10,94.64015734342563,11,0.952779848203149,6,25.989789309524596,5.010210690475412,13.246142650261103,4.753857349738895,0-0,0.609031903008775,0.609031903008775,0,0.7254257961924834,0.5728326018289034,0.8356319921217356,0.6491581331204251,0.7378718141607743,113.39780059492074,105.3357968767263,114.63968571182413,102.4018047684302,0.0,0.0,125.9211612972542,90.0558699402538,0.9792673746391557,5.0,0.22075160251437653,0.0,0.0,0.0,0,0,0.8356319921217356,0,3.5815173087909544,2,3,72.07777217316543
7,Iowa St.,B12,11-0,122.4946728165331,14,94.52933189252339,9,0.9516766157623197,7,26.260472375674123,4.739527624325879,13.282478525847806,4.717521474152196,0-0,0.523380110419513,0.523380110419513,0,0.6831287150107359,0.4778520480614337,0.8313840855852319,0.6762827164755322,0.7909859115048573,108.96675603609033,107.05358295764958,113.342689685239,103.76874146563081,0.0,0.0,127.59716611442109,92.72631562236468,0.9751830249142787,3.0,0.1584277515839546,0.0,0.0,0.0,0,0,0.8313840855852319,0,3.4412429074380144,4,14,70.47196689003546
8,Purdue,B10,10-1,126.42065937239865,4,98.27016656243319,26,0.9476873232239447,8,23.832079743611576,7.167920256388421,14.138821779358974,5.861178220641025,2-0,0.6235378892130469,0.630085692165201,0.5940727759283528,0.7652306158245566,0.6410283956800713,0.8335418369040234,0.6247323395010896,0.7360870574186587,112.52822313466551,105.62951107617036,116.6479531705846,102.43988068533041,129.26367259283916,94.60766246040113,126.17330285980677,94.45743009001166,0.9654214743105564,3.0,0.0702958387133279,166.0,122.0,130.14999999999998,1.2754514022281984,0.9373799462159049,0.8601495103457646,1.0,2.586249645651918,10,87,65.43823035196164
9,Vanderbilt,SEC,10-0,127.40066536442275,1,99.14113552570292,33,0.9470555236411297,9,25.23839758953847,5.761602410461532,12.8601870065108,5.1398129934891985,0-0,0.5116857247311974,0.5116857247311974,0,0.7196210911530861,0.533133259015709,0.8543067476967474,0.6667768951564377,0.7965563232774527,108.04779271633438,107.17050734273694,114.20471853718169,103.11168335879928,0.0,0.0,147.52855944106565,101.94509506183716,0.9859399090115899,2.0,0.10323915909030623,0.0,0.0,0.0,0,0,0.8543067476967474,0,2.414261946559329,11,51,71.13570962636625
10,Louisville,ACC,9-1,126.54825685706433,3,98.7780907727923,29,0.9452721774580235,10,24.424781149063897,6.575218850936107,13.230052971728048,4.769947028271952,0-0,0.5211879862500586,0.5211879862500586,0,0.6997296724162811,0.5634267835851878,0.798170647683182,0.673297311147348,0.7494718115031663,106.86741717700804,105.48146411376142,112.95378676027816,102.612661828416,0.0,0.0,129.4140790870933,100.31982803124741,0.9492383552779208,3.0,0.04736214255753557,0.0,0.0,0.0,0,0,0.798170647683182,0,1.8386446178592224,14,111,71.92579951906886
11,Michigan St.,B10,9-1,118.20971132061958,44,92.70840769380152,3,0.9423785738315031,11,23.927965292866727,7.072034707133282,14.045728558964104,5.954271441035896,2-0,0.650081978032746,0.609162123423152,0.8137613964711223,0.7267120414282088,0.5617922844531643,0.8174179077644833,0.6457828586183425,0.784324340159919,113.30881706249019,104.56447464757302,116.00320767714248,103.1415977988484,120.1177414742293,88.8591999755453,121.70433281449584,86.88553275846252,0.9796783054556459,5.0,0.09960157853463725,147.0,124.0,127.6,1.152037617554859,0.9717868338557994,0.817824186797079,1.0,2.806288870885155,8,54,66.17670508707027
12,Alabama,SEC,7-3,127.18731475084508,2,100.59356959912725,45,0.9368839730295148,12,21.81212673251953,9.18787326748047,12.102353488189785,5.8976465118102155,0-0,0.7087340567844954,0.7087340567844954,0,0.7809689436854871,0.6957708413712791,0.8425009064679707,0.6120064805930794,0.6649791866681082,115.1147538314104,102.24741083943891,117.17909502462116,102.19502534061094,0.0,0.0,129.16006645698653,103.52657651676334,0.9271746053748462,6.0,0.011747987474360677,0.0,0.0,0.0,0,0,0.8425009064679707,0,1.7993266293869419,15,160,74.22309651143668
13,Illinois,B10,8-3,125.9997572582696,6,99.90034822148684,41,0.9351862723844957,13,21.84872963689962,9.151270363100384,13.142516867867641,6.8574831321323595,1-1,0.6423713208035577,0.5869382003589758,0.8918203628041765,0.7292001142186622,0.5889647391347816,0.8063295705147965,0.6417886552958156,0.7431755685943755,113.3614546340559,104.29262827880466,115.49231597342119,102.64607985122508,135.11073088347334,112.5738895501614,124.39509184368141,101.96190102102969,0.9077888087779672,6.0,-0.031850524296078375,168.0,163.0,132.7375,1.2656558998022411,1.227987569450984,0.7968305935937543,0.5,1.2786907877973301,21,220,68.12292511301742
14,St. John's,BE,6-3,120.98003942856343,22,96.19765894639522,13,0.9331451109384072,14,22.830378306713158,8.169621693286844,15.242792577277973,4.757207422722026,0-0,0.6590410149858231,0.6590410149858231,0,0.7191542045020296,0.6460097647585139,0.7593836463609637,0.7058730792879769,0.738144370044144,113.63516606522633,104.76375351294942,114.15378627904212,103.36894954173627,0.0,0.0,128.36494650464078,104.80382296536318,0.9114969852724912,4.0,-0.13207260723870984,0.0,0.0,0.0,0,0,0.7593836463609637,0,0.1446819370369946,56,341,71.79445767726772
15,BYU,B12,9-1,122.79772841403292,11,97.73949408372197,22,0.9324329759021571,15,23.926597206463676,7.073402793536324,12.028726646837377,5.971273353162623,0-0,0.6455352374207919,0.6455352374207919,0,0.7258589812240819,0.5852395008058797,0.8274174948594502,0.6623877430384559,0.7704493287126101,112.30755306247138,104.55202570022857,114.41072813920768,102.65303651477362,0.0,0.0,119.70078575602065,93.4860965146551,0.9449348107174086,5.0,0.11950960385107467,0.0,0.0,0.0,0,0,0.8274174948594502,0,2.774844105126237,9,37,69.95413125446588
16,Florida,SEC,6-4,118.44411517785292,40,94.56795389833147,10,0.930144407163636,16,20.77593197287686,10.224068027123145,11.838738562121216,6.161261437878784,0-0,0.6992502776525147,0.6992502776525147,0,0.7416594166299221,0.5963132642720412,0.8466316377772805,0.6332931257028144,0.7132911963912953,114.66436960197366,103.12827765483057,115.82264719293242,102.99661470264141,0.0,0.0,119.6422369841862,93.26157669843766,0.9460697082819819,4.0,-0.09513714551723074,0.0,0.0,0.0,0,0,0.8466316377772805,0,0.5305672505052562,46,315,71.26734291579852
17,Kansas,B12,8-3,116.921013359345,55,93.368998727757,5,0.9300072828207474,17,21.47984892447869,9.520151075521305,11.587526773576533,6.412473226423465,0-0,0.708839608360274,0.708839608360274,0,0.7703900902546563,0.6754689290674002,0.8389442622232303,0.6116976964930567,0.6758343266556072,113.97527028539538,101.84104384042158,115.69404197247736,101.15430295935796,0.0,0.0,117.17327465714789,96.79209942705825,0.9000263263013191,5.0,0.032465860313794837,0.0,0.0,0.0,0,0,0.8389442622232303,0,2.10312547713258,13,131,66.89314391899559
18,Tennessee,SEC,7-3,119.64321925518672,32,96.10463277013304,12,0.9254893884636697,18,20.552150842570093,10.447849157429912,10.99350848950578,7.00649151049422,0-0,0.5548989833927196,0.5548989833927196,0,0.712676151182307,0.5079350785316511,0.860544703652225,0.6344123954084631,0.7580338289468536,109.95332022784905,105.357409502255,115.30128641440052,103.50878889692366,0.0,0.0,120.85427721371386,100.67849475264721,0.8909530024025132,4.0,-0.07489995779031255,0.0,0.0,0.0,0,0,0.860544703652225,0,0.293908709257497,52,281,68.37894432428624
19,Indiana,B10,8-3,119.94674655662864,27,96.60277107992496,14,0.9233716747211977,19,20.70263016891517,10.297369831084833,11.772250294757038,8.227749705242962,1-1,0.5510202834339796,0.5217941572649646,0.682537851194547,0.7049355806341249,0.4850932938566537,0.8258488383617341,0.6594391127885741,0.8268498332362556,110.82971554191766,107.35736386444434,114.91813555568258,103.2771608418896,128.17062003705743,98.36180096270103,108.62312971591001,97.86023258780997,0.7685171668408282,2.0,-0.09877588310791552,177.0,145.0,139.45,1.2692721405521694,1.0397992111868053,0.8417722813803103,0.5,0.009834902190447248,61,319,69.18694630543584
20,Iowa,B10,9-2,121.45481151117873,19,97.90739057087393,23,0.9226195426254794,20,22.21192255496068,8.788077445039317,12.251290855029103,7.7487091449708965,1-1,0.5324313074697153,0.48237790809324504,0.7576716046638318,0.6855339528388678,0.4328083685358353,0.8245330242055354,0.6678225350106198,0.849190157395455,108.82813311350051,106.35722074281215,113.93120722089762,103.60113018291455,113.15250713451897,98.06036105341505,112.55788928015576,99.83679468181097,0.7988632738118912,2.0,0.016319348052399985,135.0,135.0,128.85,1.0477299185098952,1.0477299185098952,0.8319620708212802,0.5,1.1298734915739792,26,149,63.970915688822586
21,Arkansas,SEC,8-2,121.82877744814134,16,99.21213167531215,34,0.9138516449238554,21,21.137843448615342,9.86215655138466,10.90414454300693,7.095855456993068,0-0,0.564916567956174,0.564916567956174,0,0.7301541861243988,0.5631067917420087,0.8507995265116803,0.6372884863247993,0.7290923006804498,110.7921517001316,105.00318189456395,116.14515732193408,103.31240715533974,0.0,0.0,127.92776275634802,99.6493926490487,0.9464848256721085,4.0,0.052838223574709464,0.0,0.0,0.0,0,0,0.8507995265116803,0,1.3457786520911104,20,107,71.00925137939807
22,Nebraska,B10,11-0,120.06576773045623,25,98.18050836377243,25,0.9100436024319013,22,23.64392172824085,7.356078271759144,12.663018818936532,7.336981181063469,2-0,0.5671223412178755,0.4967083955663574,0.8839850966497078,0.6862987852709352,0.4275271694680744,0.8286231739625087,0.6784432508564275,0.8894268295732782,110.80655958139658,107.25512981583014,114.10296815520259,103.89010859681667,138.23269432048997,95.15569040863392,146.99179898072703,104.74398683571708,0.980098596197834,1.0,0.18719314981345636,173.0,140.0,132.825,1.3024656502917373,1.0540184453227932,0.8224718492194867,1.0,3.0390248510554847,7,6,69.79367071266988
23,Virginia,ACC,9-1,123.73776661039622,7,101.24046218017469,54,0.9095094086405417,23,23.566575908569096,7.433424091430901,12.08342282780747,5.91657717219253,0-0,0.45491995532958096,0.45491995532958096,0,0.6576077436175214,0.48209474875533387,0.7843671287957679,0.7294374427604439,0.8375762322838015,107.35001315033988,109.65015627843744,112.32703954012027,104.53250871190916,0.0,0.0,143.99376380493717,92.70830537528684,0.9937168894860132,1.0,0.04456546233023395,0.0,0.0,0.0,0,0,0.7843671287957679,0,1.1954668359461993,22,118,67.8520584315461
24,North Carolina,ACC,9-1,118.27723511387678,41,97.16711540591672,18,0.9055856093083758,24,22.761183374929203,8.238816625070799,11.256417736097445,6.743582263902557,0-0,0.5189636104933343,0.5189636104933343,0,0.6848956519425017,0.5173817715125554,0.8058778989196855,0.6897079179471425,0.7957477783607205,107.5662737218627,105.44076027250999,112.75933455389661,102.9246795398369,0.0,0.0,122.89492207279854,100.34967761447854,0.9113872073497064,3.0,0.10723261720710597,0.0,0.0,0.0,0,0,0.8058778989196855,0,1.776613673241768,16,47,68.68379677639528
25,UCLA,B10,7-3,120.12229970630406,23,99.04155865127413,30,0.9019573527719589,25,20.107183479173713,10.892816520826294,12.332999350144595,7.667000649855404,2-0,0.5364182022178976,0.47186527857313953,0.7946298967969301,0.6907680056496734,0.4560297863156779,0.8198740262833709,0.6646643070227718,0.8175444101395021,110.10814315885867,106.56247748549947,114.46647543655601,103.57008857997309,130.99649654711638,104.23990789877521,125.40402732412228,102.09873867320492,0.9140723671302524,3.0,-0.06023389155062642,156.0,143.0,125.73750000000001,1.2406799880703847,1.1372899890645192,0.8226789295596423,1.0,0.08524885406715924,57,255,65.42574675587379
26,Kentucky,SEC,7-4,118.04903295669041,46,97.49358495325265,21,0.9002589528785864,26,18.006017488286844,12.993982511713154,9.630322662341415,8.369677337658587,0-0,0.5196057282217896,0.5196057282217896,0,0.7199450188799923,0.5248339214126797,0.8608585892730514,0.611226631906237,0.7175073999098571,109.0165730132252,105.82428955911436,115.57415103891329,102.90924785176581,0.0,0.0,111.49021129522285,101.96154905441067,0.7364157476934202,5.0,-0.08689602774329719,0.0,0.0,0.0,0,0,0.8608585892730514,0,-0.2841489216003328,74,306,69.61284743505905
27,Georgia,SEC,9-1,120.114898706567,24,99.23698876511764,35,0.8998705006135747,27,22.243928356124627,8.756071643875371,10.309472211730663,7.690527788269336,0-0,0.4393540740747808,0.4393540740747808,0,0.6534360670221268,0.3861818056251777,0.8464530335865901,0.706009951963689,0.8900429252836025,104.75563723512872,107.96191435475639,112.52737780899972,104.4899792137191,0.0,0.0,123.6607998245583,106.38006389471553,0.8495438187344106,1.0,0.036547248612058825,0.0,0.0,0.0,0,0,0.8464530335865901,0,0.9902548639367235,31,128,76.49590621270013
28,N.C. State,ACC,7-4,121.37548700144009,21,101.6501128090291,60,0.884887573101537,28,19.39975686598314,11.600243134016868,10.742692106152848,7.257307893847152,0-0,0.6302475092433691,0.6302475092433691,0,0.7197906563663934,0.6092462837484142,0.799628258812712,0.6892334811098072,0.7736752013441923,111.09195246721906,104.88010892841204,113.61523802915353,102.74565894769572,0.0,0.0,122.98894965039156,105.45011959278955,0.8543767446420549,4.0,-0.1002519353222947,0.0,0.0,0.0,0,0,0.799628258812712,0,-0.368416098345853,78,320,70.75911626364882
29,Saint Mary's,WCC,9-2,115.6721956964752,64,97.01348412245557,17,0.8831876177036518,29,24.30054932709076,6.699450672909236,13.577939375525489,4.422060624474509,0-0,0.5519785475337137,0.5519785475337137,0,0.5763621208036394,0.560676533333325,0.587690600643311,0.7944553519603098,0.8184843961996313,111.19447881588444,105.53383916271359,110.38146358718073,105.19575635914663,0.0,0.0,106.87034259372874,103.66869780355924,0.5865655665062636,2.0,0.032154658749792175,0.0,0.0,0.0,0,0,0.587690600643311,0,0.9395473376509151,32,132,67.28260315272304
30,Texas Tech,B12,7-3,119.42772589665853,33,100.3079509577413,43,0.8814636225278971,30,18.492958585898958,12.507041414101046,9.424352103034833,8.575647896965167,0-0,0.644442239330214,0.644442239330214,0,0.7541183038838521,0.6414785285928334,0.8354692527051439,0.6193094982179271,0.7006450537160069,114.42710915940238,105.35765744135628,116.2112085279605,102.06692658334416,0.0,0.0,120.26688253161748,99.7661940497071,0.8955907153379239,5.0,0.028930640119697926,0.0,0.0,0.0,0,0,0.8354692527051439,0,0.8320331289271523,35,133,67.86704540437022
31,Miami FL,ACC,9-2,117.0828789343004,52,99.0960644845177,32,0.8719277173235435,31,22.057202082167937,8.942797917832062,11.141465769914904,6.858534230085096,0-0,0.44318733276105626,0.44318733276105626,0,0.6104657454642506,0.4155539459618521,0.7512353784382052,0.7429887465485516,0.8429505521985353,107.14452986376249,109.40854572454232,110.94289023487823,105.34564981445978,0.0,0.0,108.60696570120808,92.32471091136965,0.866211944210911,3.0,0.02489428969675167,0.0,0.0,0.0,0,0,0.7512353784382052,0,0.6004641459824118,41,138,71.27476293839585
32,Ohio St.,B10,8-2,119.721302985097,29,101.38029238666881,56,0.871278472076223,32,19.040100296639913,11.95989970336008,10.2536650622081,9.7463349377919,1-1,0.5111708877750343,0.419470620316954,0.8779719576073556,0.7101284673765113,0.48994293090516094,0.831230512435754,0.6576289967861071,0.8211780119795508,109.29025332109966,108.44738479846656,114.86623270888504,103.27639668608231,124.44842704254982,107.65440277402223,122.1291372214478,106.70742653337301,0.8252549957651516,3.0,0.01633929076319096,166.0,170.0,141.1125,1.176366374346709,1.2047125520418105,0.8260370185277982,0.5,0.5468478462473575,45,148,69.99036482218187
33,Clemson,ACC,8-3,117.46147155644461,51,99.68129452720993,38,0.8684727172861336,33,20.52503636502029,10.474963634979702,11.00419910256667,6.995800897433333,0-0,0.5114044853561007,0.5114044853561007,0,0.6651776128885477,0.5389514203743329,0.7563409741488136,0.7107423333172505,0.768500772422728,109.07431009047087,107.42910291790477,111.83012580262586,103.44968280068603,0.0,0.0,121.06185654502666,100.95998320048989,0.8897450968657094,4.0,0.0020273037712069675,0.0,0.0,0.0,0,0,0.7563409741488136,0,0.36214654935144985,51,168,65.0667702841054
34,LSU,SEC,9-1,119.64561057448583,31,101.55668195410277,59,0.8681896449304197,34,20.976752561661627,10.023247438338371,9.085109322936123,8.914890677063877,0-0,0.4958562474209921,0.4958562474209921,0,0.6728421838004555,0.43733079348964243,0.8429337434693758,0.700915001751685,0.883069095902606,108.15810152228258,108.11236690265818,113.71613982078031,104.44408312452511,0.0,0.0,116.541384487898,107.9470204201775,0.7070227110369922,2.0,0.0787009369807885,0.0,0.0,0.0,0,0,0.8429337434693758,0,1.1160898115572637,28,78,69.4409895462123
35,Auburn,SEC,8-3,122.95606845778909,9,104.42463828516048,106,0.8674567902708801,35,18.928314934886675,13.071685065113329,8.715793028052596,9.284206971947405,0-0,0.6174918144063694,0.6174918144063694,0,0.7334598590568867,0.5764396430851892,0.85558669370154,0.6083947248905974,0.6812199389572812,112.79809241492899,103.60598843046031,113.4177246060261,99.12099206919427,0.0,0.0,123.76996354195441,106.02294656731328,0.8556777706842845,5.0,0.10653405979232566,0.0,0.0,0.0,0,0,0.85558669370154,0,1.502315651884413,18,48,69.29437073391325
36,USC,B10,10-1,118.22242189811159,43,100.70283764763083,49,0.8634834330260497,36,20.759407849919118,10.24059215008088,9.83050040039114,10.16949959960886,1-1,0.5989525421654185,0.5551190215580867,0.7962033848984122,0.7079607812573708,0.4973700735252415,0.8237856705100419,0.6725513363387118,0.8552506245961674,111.08268494352525,106.61503626106273,114.44820285074155,103.21507223793365,118.77715217992186,104.00882795789975,118.13114485405423,98.02187730458755,0.8952901062810893,2.0,0.15944346511834995,158.0,161.0,141.7,1.1150317572335922,1.1362032462949896,0.8268503689113342,0.5,2.14881069543506,12,12,71.48232003858062
37,Boise St.,MWC,8-3,114.20603611961405,76,97.36136581465422,19,0.8623692009990055,37,23.26745246649199,7.73254753350801,14.267452466491987,5.7325475335080105,0-0,0.5480647999208298,0.5480647999208298,0,0.6189207994262567,0.5480647999208296,0.6578915991542418,0.7823949589750228,0.7978090335546865,112.00032125280126,103.72711588001347,111.8828714013468,104.63890697014098,0.0,0.0,110.5460468895302,93.88435369734367,0.8674659463543158,4.0,-0.022823986592791612,0.0,0.0,0.0,0,0,0.6578915991542418,0,0.07691278051850348,59,206,67.54745615230541
38,Wisconsin,B10,7-3,118.16752486802218,45,101.0977607226344,52,0.8574385582761644,38,18.168543353189936,12.831456646810063,9.710619309964937,10.289380690035063,1-1,0.5669547486415086,0.4991373115596289,0.8382244969690273,0.702430075050249,0.4811763965911646,0.8241195982027453,0.6593026650433834,0.8355075922210508,110.35422300080927,106.21344797119067,114.82480834343245,103.43738222051829,117.48674156613498,101.10935010920328,105.80666648849157,110.31279964907378,0.38234091342525167,2.0,-0.02346748146442712,145.0,163.0,139.125,1.0422282120395328,1.1716082659478886,0.8225523872287137,0.5,-0.00521730790703917,63,208,71.01996503490848
39,Saint Louis,A10,9-1,116.58963678741591,57,100.06380851459707,42,0.8529341280797664,39,25.517237115805653,5.4827628841943525,13.590697868198802,4.409302131801196,0-0,0.4692825281586937,0.4692825281586937,0,0.4985908785422194,0.3947203498833133,0.5736084825736517,0.853363661847464,0.9022124990295879,106.87767702773556,108.53666689462037,104.36618503625365,103.93199194412418,0.0,0.0,104.60343145606215,91.32659454729938,0.8264888731040718,1.0,0.0689970776137655,0.0,0.0,0.0,0,0,0.5736084825736517,0,0.8540279660957666,33,91,73.3781892915076
40,Wake Forest,ACC,8-3,116.96250454974731,54,100.81804393136062,50,0.846598088465979,40,19.12203736012136,11.87796263987864,9.791297727827319,8.208702272172678,0-0,0.5257951813025474,0.5257951813025474,0,0.6840702127738338,0.5302894746235649,0.7951340792156949,0.7001304193430535,0.782071325292613,109.82604079186389,106.98879866670327,113.59939380884522,103.73442070749242,0.0,0.0,123.22464598201462,97.25107275271291,0.9383239903935261,3.0,-0.009984766801700684,0.0,0.0,0.0,0,0,0.7951340792156949,0,0.0017442488175042348,62,184,71.10984001537565
41,Santa Clara,WCC,8-3,118.48832940047824,39,102.25159536307771,65,0.8448606334830105,41,22.32936378389309,8.670636216106914,12.533454231634812,5.466545768365189,0-0,0.5519953631535564,0.5519953631535564,0,0.5717334372885323,0.5212512477118422,0.6081927964272531,0.7956301820428809,0.8345648589126337,109.3577162842274,104.78563778954526,109.4601350695127,104.81571678469818,0.0,0.0,108.14235219144442,91.73943792618755,0.8689497927458516,1.0,-0.017852813385866306,0.0,0.0,0.0,0,0,0.6081927964272531,0,-0.07350337330751688,66,198,69.81399580386973
42,Texas,SEC,7-4,119.66139395487869,30,103.47403001590648,83,0.8417719513248323,42,17.023082594049033,13.976917405950964,8.070440631171778,9.929559368828222,0-0,0.47857473260597944,0.47857473260597944,0,0.6716775698447669,0.42752205439909574,0.8480121087777515,0.653109775939606,0.7867124053636704,109.22681670086865,106.36277269305371,114.6719858877752,103.92262273160705,0.0,0.0,119.68443042748555,107.51950898708782,0.774280574265213,4.0,-0.060587195076373,0.0,0.0,0.0,0,0,0.8480121087777515,0,-0.6113507020175458,86,257,68.39498638173525
43,Villanova,BE,8-2,118.54908816801533,38,102.55712858965249,69,0.8410995266353896,43,19.744939772304633,11.255060227695362,11.276832540583303,8.723167459416699,0-0,0.49766663673291334,0.49766663673291334,0,0.6841659169659879,0.5303731750545029,0.7687519250173049,0.7082072011345715,0.7844790070378358,111.64951335285177,109.11290257026977,114.00627410140412,104.23007610294317,0.0,0.0,99.27059870861342,95.52850881510548,0.6087079173999023,2.0,0.041219371125495785,0.0,0.0,0.0,0,0,0.7687519250173049,0,0.45258833786121155,49,122,64.33115663860832
44,Missouri,SEC,10-2,119.96450694609953,26,103.88794102249999,94,0.8395192755422164,44,18.397287073117088,12.602712926882912,8.131201154104339,9.868798845895661,0-0,0.35622488272546055,0.35622488272546055,0,0.6621059630377156,0.4007603742393371,0.8508555549476557,0.6828373962147197,0.8362591917467452,104.87614865003661,111.23546586015169,113.7703447682147,105.0043932724747,0.0,0.0,111.96507097787013,104.06334774649446,0.6988130304778379,2.0,-0.0030324673498941523,0.0,0.0,0.0,0,0,0.8508555549476557,0,-0.008004361306922003,64,176,68.77653890279956
45,Texas A&M,SEC,8-3,117.82839735109246,48,102.22984609379105,64,0.8365890535254669,45,18.00339224966521,12.996607750334782,8.057206914124233,9.942793085875767,0-0,0.44725059360800495,0.44725059360800495,0,0.6593202113031058,0.40304136947369684,0.8444104859576788,0.693404242143224,0.8775838391897954,107.63442414485245,110.89088570034552,113.9101786613574,105.53742003434616,0.0,0.0,97.43115883680042,103.52974363936363,0.33221183819199196,2.0,-0.06915265589571395,0.0,0.0,0.0,0,0,0.8444104859576788,0,-0.7474148755345719,92,273,72.87889343084792
46,Utah St.,MWC,9-1,116.41387540061586,59,101.4603007636916,57,0.8293556582245036,46,23.003555110400065,7.996444889599935,13.281740999332383,6.718259000667617,0-0,0.4933416993209049,0.4933416993209049,0,0.6083334581337957,0.513618479002448,0.6604266966560373,0.7989434746737571,0.8504110066312378,109.27461683202756,106.93899904309028,110.80028222662708,105.11492696918137,0.0,0.0,0.0,0.0,0.0,0.0,0.12411185239049582,0.0,0.0,0.0,0,0,0.6604266966560373,0,1.1833619225288068,24,32,69.32199347837096
47,Baylor,B12,7-2,121.81109661618687,17,106.31750975245245,138,0.8269948122133463,47,17.62391581116614,13.376084188833863,7.510216670227664,10.489783329772335,0-0,0.5854466323816757,0.5854466323816757,0,0.7087575405882859,0.5159342886462006,0.8480187781020138,0.6507048528868916,0.7933597177283318,109.82399258955058,105.11454689962848,110.47260227988852,98.34891766991069,0.0,0.0,130.66035888687787,114.84721944672167,0.8150981531096957,2.0,0.08793503406420122,0.0,0.0,0.0,0,0,0.8480187781020138,0,0.7114283740748281,38,71,70.86721318153218
48,West Virginia,B12,8-4,111.65320378187826,108,97.483287101437,20,0.8264598457533375,48,17.483103913219704,13.516896086780298,8.488032239719365,9.511967760280637,0-0,0.4187736508660898,0.4187736508660898,0,0.6389621597127361,0.3889315917869057,0.8195397921036134,0.7122543000866446,0.8702714145724445,105.79116717418471,110.02833610141005,111.58458110209622,104.79434272346303,0.0,0.0,114.53497336949202,101.72199591677042,0.7964611690192478,3.0,-0.12848746449182658,0.0,0.0,0.0,0,0,0.8195397921036134,0,-1.622636723435126,142,337,64.90992252399352
49,SMU,ACC,9-2,117.0469076049819,53,102.21994544750034,63,0.8260160968332518,49,19.72844219163877,11.271557808361223,8.822454149415172,9.177545850584828,0-0,0.5678478825855927,0.5678478825855927,0,0.6834739007135389,0.5173245582971137,0.8034706480142905,0.7011720840003751,0.8127413549233031,111.26355016414813,106.96663354828166,113.63863370299494,103.86833823356892,0.0,0.0,118.90366588154963,106.27172242858073,0.7844205237411535,3.0,0.1168672164403004,0.0,0.0,0.0,0,0,0.8034706480142905,0,1.186918446333297,23,41,70.02984341134326
50,San Diego St.,MWC,5-3,115.1535330957106,69,100.66511601790958,48,0.8243888735549791,50,19.402949104777065,10.59705089522294,13.214205218734927,6.785794781265074,0-0,0.5909237680188012,0.5909237680188012,0,0.6218868865025085,0.5680169992383117,0.6488218301346066,0.7638434017225256,0.7470366960164478,111.09251339932304,105.00564172414757,107.87514301056947,100.97445488644902,0.0,0.0,106.2546420926879,106.35973564239798,0.49715785236162036,2.0,-0.06508254961218674,0.0,0.0,0.0,0,0,0.6488218301346066,0,-0.6027196383483392,85,267,69.27000883231479
51,TCU,B12,6-3,112.59336168942542,97,98.49601333420807,27,0.8232199164746993,51,17.945106897195547,13.05489310280445,8.115856925250192,9.884143074749808,0-0,0.5462928118188581,0.5462928118188581,0,0.6688331528575482,0.44328785089997014,0.8317269820491323,0.688099009065051,0.8239568724476874,108.14794093755039,104.6574398915611,112.8261619675595,103.73979938547609,0.0,0.0,113.85003689562268,84.80839141033323,0.9672833601013873,3.0,-0.007803925529881739,0.0,0.0,0.0,0,0,0.8317269820491323,0,-0.16735205559325805,71,181,69.26010152890926
52,Oklahoma St.,B12,9-1,117.49084010387946,50,102.80349475157372,70,0.8228419396415302,52,19.701318839550996,11.298681160449009,7.832059027640106,10.167940972359895,0-0,0.510486169236873,0.510486169236873,0,0.6741517159388052,0.4422117938148823,0.8416638819171942,0.7058625091231469,0.885614875160165,108.0964740716,107.71139991472971,112.6166402394802,103.60351049122504,0.0,0.0,0.0,0.0,0.0,0.0,0.12482345900364877,0.0,0.0,0.0,0,0,0.8416638819171942,0,1.1258938324745589,27,30,74.69089462988119
53,Seton Hall,BE,10-1,111.98796223165527,105,98.09441806289924,24,0.821023995319511,53,20.630619901802685,10.369380098197317,10.630619901802683,9.369380098197317,0-0,0.42844115511822006,0.42844115511822006,0,0.649300462487596,0.42844115511822006,0.7707730815407529,0.7327721444935437,0.859272806943043,106.52584761082868,109.09278952246964,112.40123917084645,104.7694089864714,0.0,0.0,124.89504912802215,98.18003429429717,0.9409060835381308,2.0,0.11718931599115734,0.0,0.0,0.0,0,0,0.7707730815407529,0,1.1713878736880128,25,40,66.75791374193118
54,VCU,A10,6-4,113.51517386812937,83,99.6049623831102,37,0.8180709239400928,54,21.15812147830333,9.841878521696662,12.25151509053043,5.74848490946957,0-0,0.5613827983923352,0.5613827983923352,0,0.558733683811412,0.46730339668893495,0.6247666689554232,0.8017534419581075,0.8100688052263961,110.38552481483688,107.3495658722765,109.02921917360311,106.64475944327646,0.0,0.0,108.49150338223349,100.95139052900198,0.696011544385542,3.0,-0.06317782672132066,0.0,0.0,0.0,0,0,0.6247666689554232,0,-0.7998002186107185,94,263,71.04208419905663
55,Oklahoma,SEC,7-3,118.977938724185,36,104.85173895624945,110,0.8105355146105926,55,17.256030273046644,13.743969726953363,7.300757419108941,10.699242580891063,0-0,0.5538390754573748,0.5538390754573748,0,0.6829360763552168,0.4443212017935054,0.8552690413164526,0.661098095082014,0.788862229769682,110.00930644230274,106.67271459171411,113.79714250078409,104.47584063733807,0.0,0.0,128.02987541045255,105.96665862580267,0.8979910962539815,3.0,0.06914970861573488,0.0,0.0,0.0,0,0,0.8552690413164526,0,0.468828048553271,48,90,66.99975411760018
56,Washington,B10,7-3,116.66228485928823,56,103.1799380177616,78,0.8041287793897002,56,16.76730460219713,14.232695397802866,8.458810805419741,11.541189194580259,1-1,0.5472688823272165,0.46318372638055544,0.8836095061138604,0.7066203659030921,0.4774742655256919,0.8326507211106625,0.6675760302829379,0.8545408364083715,111.54949784480466,109.12238288956041,115.19223085824113,104.15686584385264,124.97722447335418,107.24467530344586,116.73980959791022,103.06880535232612,0.8072648051163482,3.0,0.02539537986907181,164.0,158.0,138.13750000000002,1.1872228757578498,1.1437878924984164,0.8269886338880847,0.5,-0.06251112530870995,65,136,67.77391078207043
57,Butler,BE,8-2,117.7254270609927,49,104.20802029207454,99,0.8025974384472233,57,18.84739666427075,12.152603335729255,10.359474999368038,9.640525000631962,1-0,0.5085867730813824,0.489661586848451,0.6789134491777645,0.6696348472187683,0.4823852173613948,0.772622143640324,0.7185212390629309,0.8236527998016101,109.00690974030151,108.67221441466215,112.35307714796681,104.12024701665507,127.76229869623893,118.36915059392992,123.44822869243926,98.83853258829024,0.9280320124291701,2.0,0.07644959872027268,113.0,110.0,85.8,1.3170163170163172,1.2820512820512822,0.777554180190985,1.0,0.47129230999472327,47,81,70.49780265223893
58,Northwestern,B10,6-4,116.56837352680981,58,103.47871344076461,84,0.7973460366846447,58,15.512531237772455,15.487468762227548,7.131583916567898,12.868416083432102,0-2,0.5468586943069804,0.4680598712156117,0.8620539866724548,0.6962203355696837,0.4553271543629359,0.8287115852333949,0.6543514316692668,0.8420616928693091,110.34070208166925,107.96312990927501,114.51599958586361,103.592258030977,114.69626763366966,112.09083798907506,116.44724130021065,108.18779492922515,0.699738323231635,3.0,-0.05892355047015618,155.0,171.0,140.975,1.0994857244192233,1.2129810250044335,0.8250068739623884,0.0,-0.9677798393080033,102,254,67.9472606969133
59,Virginia Tech,ACC,10-2,115.94537512934707,61,103.01531741491388,73,0.7957234668227241,59,18.76387708787894,12.23612291212106,7.882501756049774,10.117498243950227,0-0,0.5129322373189465,0.5129322373189465,0,0.6765331665217612,0.505335663968127,0.8001758072549419,0.7000672858706795,0.8447617072456782,107.92953675641245,107.32664873988519,112.94537557841286,103.72992285545101,0.0,0.0,107.43661362121289,106.83186781444576,0.516222997535296,1.0,0.10819040715789885,0.0,0.0,0.0,0,0,0.8001758072549419,0,0.8436498348055931,34,46,70.03581564465463
60,Oregon,B10,5-5,115.82132333716612,63,102.93240507869996,71,0.7952270757853144,60,14.21322080629353,16.78677919370647,7.212418323174812,12.787581676825189,0-2,0.6465334252394703,0.5894578830254451,0.8748355940955712,0.7393219666665748,0.5680124037716512,0.833542226258783,0.6486039786331249,0.8031190870302488,111.67602592507733,104.31882681414459,115.42967366306354,102.41348334553795,117.44770080560527,108.67846836880423,115.72180655235745,113.50842647549275,0.555294953380208,3.0,-0.13584410382655743,140.0,156.0,129.3,1.082753286929621,1.2064965197215776,0.8289540742769176,0.0,-1.8080134901102238,152,347,68.63476948687828
61,Notre Dame,ACC,9-3,115.11080996104138,71,102.38561527615886,67,0.7936737006724552,61,18.625040002342974,12.374959997657028,8.692377047366543,9.307622952633457,0-0,0.5346323191443488,0.5346323191443488,0,0.6640040890715296,0.5144663488481235,0.7720035681217676,0.7046195772463875,0.7757647471616174,109.87125558487732,106.7683088602122,112.55327447834604,103.82462562121943,0.0,0.0,111.54005634487814,99.44114958381903,0.7892489697342144,4.0,0.08993264128938605,0.0,0.0,0.0,0,0,0.7720035681217676,0,0.6856304511078273,39,66,66.10503459016829
62,Syracuse,ACC,6-4,112.78009385643256,96,100.63505028631761,47,0.7875635655456017,62,17.1999089764534,13.800091023546601,8.33618591020649,9.66381408979351,0-0,0.5445545804464548,0.5445545804464548,0,0.6505500788468908,0.46147498898175604,0.7871043104161544,0.6977025155395918,0.7901277081768411,108.5900416691594,104.79454010686031,111.75088873791158,103.39239773563925,0.0,0.0,108.65395298660158,95.49948556105883,0.8151824940539266,4.0,-0.03440064175231261,0.0,0.0,0.0,0,0,0.7871043104161544,0,-0.6894588767331976,90,224,67.95232014219803
63,UCF,B12,8-1,117.97294267877987,47,105.39084672799143,120,0.7853236467572025,63,17.817865508848325,12.182134491151677,7.322813729811923,10.677186270188075,0-0,0.49726670376086207,0.49726670376086207,0,0.6928005467078325,0.48475269666599724,0.8314991134023892,0.6994486590916488,0.8585980596325372,109.5064998348301,108.94036264123753,113.40607858325767,103.44386803400705,0.0,0.0,124.58438213198048,109.21254240749784,0.8197130240302789,2.0,0.1535598899316175,0.0,0.0,0.0,0,0,0.8314991134023892,0,1.0207938416030862,30,19,70.03466508190719
64,McNeese St.,Slnd,9-2,111.64798852310176,109,99.80571245139188,40,0.7840530194344179,64,25.033991462123915,5.966008537876086,17.993333595069576,4.006666404930424,2-1,0.41599823984433754,0.46242413897442114,0.2921958421641147,0.40780244672288984,0.5204328874387156,0.36172635733914305,0.87711576289122,0.7497738308856258,109.18391440800171,108.79782725199819,106.43707100645162,108.27368921040785,112.45876868019248,95.5442916705633,108.16868188399289,103.8638484826345,0.6146796888943509,1.0,0.05893803998738534,261.0,191.0,211.4375,1.2344073307715047,0.9033402305645877,0.3727048597352001,0.6666666666666666,0.19178072184147255,54,96,67.87373036359251
65,Colorado St.,MWC,9-2,121.50337899641116,18,108.61964830415712,180,0.7839833374375813,65,21.563938093550853,9.43606190644915,12.563938093550847,7.436061906449152,0-0,0.41499973704363935,0.41499973704363935,0,0.5500037253928888,0.41499973704363924,0.6242559189849757,0.8226224649494708,0.8977522103372312,109.42960549274942,111.30485523966146,109.90670388605992,106.85778667197694,0.0,0.0,0.0,0.0,0.0,0.0,0.014489499316883148,0.0,0.0,0.0,0,0,0.6242559189849757,0,-0.27261226021547524,73,155,62.63515078611223
66,Mississippi,SEC,6-4,113.80014373926925,82,101.81702156307384,61,0.7823756560390649,66,14.648505497223914,16.351494502776085,6.447342261709096,11.552657738290902,0-0,0.5374939311320384,0.5374939311320384,0,0.710880227093683,0.5114432901776262,0.8549180148663909,0.654643464002023,0.7985313398629373,109.00133534715951,106.37328553224545,115.1844351422505,103.73746987947179,0.0,0.0,103.94556089207781,95.71578558604135,0.7208268726232788,3.0,-0.07718167514854435,0.0,0.0,0.0,0,0,0.8549180148663909,0,-1.2174965463691296,113,286,65.9332868580009
67,Creighton,BE,5-5,115.40789400320054,66,103.4480816521064,81,0.778704601091738,67,15.358359555311234,15.641640444688766,9.421473890468858,10.578526109531142,0-0,0.586396565036545,0.586396565036545,0,0.6969817484125409,0.555109180363599,0.7750116608394597,0.6795663784204335,0.7190969185156146,111.61834496099375,105.48548833564209,113.65874823159521,103.35406310698056,0.0,0.0,102.26394150621721,102.04883519369446,0.5060534702693341,4.0,-0.07817676053227651,0.0,0.0,0.0,0,0,0.7750116608394597,0,-1.2281841257016206,115,288,65.46258035945279
68,Akron,MAC,8-3,122.18585091630649,15,109.65285243156096,206,0.7763590600780337,68,23.613559946955085,6.38644005304491,14.613559946955089,3.38644005304491,0-0,0.43389607635407096,0.43389607635407096,0,0.3938411644272777,0.3977380699912318,0.3912432273846417,0.8921536186833594,0.8652777576370467,109.77413650141662,109.36315615084693,103.86029230079068,106.62123162562497,0.0,0.0,121.86964366801483,112.32429979503695,0.7186874461304884,1.0,-0.031911714496155597,0.0,0.0,0.0,0,0,0.3912432273846417,0,-0.8122298096421771,95,221,72.54468169160047
69,South Florida,Amer,6-4,115.1456764548625,70,103.45859240812871,82,0.7739596330959698,69,20.516520291410075,10.483479708589927,12.455644328684912,5.544355671315089,0-0,0.5705190769524245,0.5705190769524245,0,0.5434716433332677,0.5275907382784545,0.5549411858728548,0.8193522729342011,0.7897384345333971,110.59743775875111,108.4730850701571,107.15528282555285,104.62457024277695,0.0,0.0,125.40886367609299,112.62327363979563,0.774972616738523,1.0,-0.04927083736442617,0.0,0.0,0.0,0,0,0.5549411858728548,0,-1.165319201947658,108,247,72.92143407666906
70,Arizona St.,B12,9-2,115.23115729854348,68,103.53626941778982,86,0.7739426819286576,70,17.077920653707768,13.922079346292229,7.074097179296276,10.925902820703723,0-0,0.570194023041714,0.570194023041714,0,0.7263951505508356,0.5905017385313647,0.8245403925648975,0.6504937428142181,0.7489125792164351,109.9804641502892,106.0366307671581,114.62466447371551,102.5609848369793,0.0,0.0,116.68902483275536,105.31803509057578,0.7647805148544174,4.0,0.19590397751881794,0.0,0.0,0.0,0,0,0.8245403925648975,0,1.4831143022174373,19,4,69.611370459531
71,Dayton,A10,8-3,112.18194773927411,101,100.82842428767876,51,0.7733054341764243,71,20.99438915290721,10.005610847092795,11.493636743519781,6.506363256480215,0-0,0.48532196873198985,0.48532196873198985,0,0.5627541902375125,0.5036640018570635,0.6054304374011695,0.8062564922912062,0.8184137605717667,107.27140904143427,107.77348053227234,109.41406416637221,106.6396186321727,0.0,0.0,112.7861169498562,98.67250067285349,0.823086453745389,2.0,0.038898509813204196,0.0,0.0,0.0,0,0,0.6054304374011695,0,-0.1191543439930633,68,125,69.42993636762964
72,Memphis,Amer,4-5,112.59320510139437,98,101.21079696671977,53,0.7730516087889083,72,18.609028788640607,12.390971211359389,12.711373780623175,5.288626219376826,0-0,0.7062729970971785,0.7062729970971785,0,0.6094526522898216,0.7057628897375859,0.5398952585775473,0.7771655363911564,0.6774825566168876,115.70095770218735,104.37601674761163,112.1731692411811,106.4574686943816,0.0,0.0,116.05490536942081,105.6898765391181,0.7457124423631543,4.0,-0.08591628987867406,0.0,0.0,0.0,0,0,0.5398952585775473,0,-1.3699536240484476,123,302,69.38956354349337
73,George Mason,A10,10-1,111.46552879302868,110,100.43509639493922,44,0.7682297446935848,73,23.505296080084655,7.494703919915339,11.603045798760522,6.396954201239475,0-0,0.37156461524754913,0.37156461524754913,0,0.5006981880778388,0.34217578576872176,0.6151865897455344,0.8611937692607537,0.9241746031135905,107.83834445208417,111.6962105932005,108.96936285516719,108.36108583532892,0.0,0.0,99.85361382279507,106.18419024762066,0.3302831376267791,1.0,0.08106903581411662,0.0,0.0,0.0,0,0,0.6151865897455344,0,0.43105852988955085,50,77,65.89129054786262
74,Colorado,B12,9-1,118.8329144474832,37,107.15192103885428,154,0.7667256691158075,74,18.31584506416737,12.684154935832625,7.029773085016947,10.970226914983051,0-0,0.5092828227434804,0.5092828227434804,0,0.6914915850114072,0.5098699787308758,0.8226627451029019,0.7062599827811089,0.8665167642931791,109.80264482579676,109.10110003703805,113.65709577931082,103.75972958917072,0.0,0.0,128.40014724034728,119.42261450607762,0.6971058728410895,1.0,0.16851384066480313,0.0,0.0,0.0,0,0,0.8226627451029019,0,1.0729603212342802,29,9,69.90247612862633
75,Utah Valley,WAC,8-3,109.83636150340132,130,99.06749495681365,31,0.7661481708820929,75,24.595667587304142,6.404332412695848,14.686831783879446,3.3131682161205545,0-0,0.47822370404300385,0.47822370404300385,0,0.40855524582092717,0.42827250859358146,0.39431500048512125,0.8925669213704615,0.8549488889349801,108.72374056142979,104.70663426243948,101.88231314841818,103.60769653929552,0.0,0.0,110.61131625735842,112.3320948779291,0.45573420049436086,2.0,0.02387630462742074,0.0,0.0,0.0,0,0,0.39431500048512125,0,-0.39801088661321526,79,139,70.48487599071342
76,Kansas St.,B12,7-4,115.51926500734389,65,104.27407766766056,101,0.7645460587560466,76,15.444111160969237,15.555888839030764,6.533327439953013,11.466672560046987,0-0,0.5939034012859631,0.5939034012859631,0,0.7083961419378388,0.5278025531447347,0.8388248449550809,0.6660622399529752,0.8029238373685404,110.6985666848811,106.88306977481174,113.54356839180124,103.1244684601588,0.0,0.0,119.21492135562762,102.9372609628753,0.843999772839496,3.0,0.014948318244903502,0.0,0.0,0.0,0,0,0.8388248449550809,0,-0.5896257029535918,84,153,73.6634115198007
77,Cincinnati,B12,6-4,104.29091380228348,236,94.36819879248134,8,0.7594691204343796,77,14.490021315293127,16.509978684706876,6.374080257205313,11.625919742794686,0-0,0.45611100705877555,0.45611100705877555,0,0.6835989157173225,0.46761632068313275,0.8395863454642373,0.6707619251350408,0.8208582993142579,106.46231512841798,107.43853900006238,113.22610109863318,103.14513379505794,0.0,0.0,100.75190751042558,88.7950530071111,0.8104285585081882,2.0,-0.10703552232615265,0.0,0.0,0.0,0,0,0.8395863454642373,0,-1.5853446121869845,138,325,71.70413359359931
78,Yale,Ivy,11-1,121.4258886206515,20,109.92944012223302,214,0.7583861868620663,78,23.34467550094054,4.655324499059456,11.36095902165647,2.6390409783435316,0-0,0.36920703008405237,0.36920703008405237,0,0.3949123298718206,0.4017579974128091,0.3880666623308318,0.8962388951540526,0.8720339355534221,107.9002902382675,110.16055186901818,107.06004898525903,109.56609945920505,0.0,0.0,0.0,0.0,0.0,0.0,0.10470941334685036,0.0,0.0,0.0,0,0,0.3880666623308318,0,0.5879720736372018,43,49,66.37521010983819
79,George Washington,A10,8-4,118.2492024695011,42,107.10879181392019,152,0.7572968121687815,79,20.572895330540504,10.427104669459498,11.572895330540506,6.427104669459496,0-0,0.4687215091074735,0.4687215091074735,0,0.5181682627381259,0.4326660084068986,0.5799198908662345,0.833435885215937,0.8672240606370708,106.73124587231818,107.92617671932662,104.66783205509381,103.11719255167294,0.0,0.0,109.89616160468992,102.5238496303026,0.689667557493508,1.0,-0.06404281313001758,0.0,0.0,0.0,0,0,0.5799198908662345,0,-1.5279032864519524,132,264,71.11712376561604
80,San Francisco,WCC,6-5,113.29472652592844,89,102.96374044075239,72,0.750181571672333,80,18.383561042224414,12.616438957775584,10.471434834106555,7.528565165893444,0-0,0.5545821654363436,0.5545821654363436,0,0.5631547143189359,0.48846465910259373,0.6170975319751834,0.7884747856437165,0.8393192222046746,110.6316567566134,105.69943601163921,110.03627291659815,105.78153875827144,0.0,0.0,119.72352392493315,107.53581643487264,0.7746319577510665,1.0,-0.10327931018329328,0.0,0.0,0.0,0,0,0.6170975319751834,0,-2.0601309692372647,171,322,65.65438874361412
81,Northern Iowa,MVC,8-2,106.54130971496218,197,96.86799484299445,15,0.74924912829391,81,22.055129099576167,8.944870900423833,13.876606705714401,6.123393294285598,0-0,0.40454524447912626,0.40454524447912626,0,0.5032187879997518,0.4505576375372627,0.532182420754121,0.8610717110863668,0.8652707955648338,107.6450635935951,110.02358327717091,108.38373789139122,107.44403425416318,0.0,0.0,0.0,0.0,0.0,0.0,-0.0006025850120634502,0.0,0.0,0.0,0,0,0.532182420754121,0,-0.6224210307297886,87,171,63.97717695645751
82,California,ACC,10-1,113.86132930822563,81,103.5720831034767,87,0.7482319769494455,82,19.469438101897328,11.530561898102668,7.703701259247961,10.296298740752038,0-0,0.39164984115211376,0.39164984115211376,0,0.6087326692093136,0.37665164496301184,0.7763467422760869,0.7573332225161565,0.8968861367083671,107.23633953771221,109.7939023669696,111.29936218315342,104.92603196508828,0.0,0.0,121.09980601296544,93.38922487905947,0.9520358743198161,1.0,0.12371836318407059,0.0,0.0,0.0,0,0,0.7763467422760869,0,0.774654270241514,36,33,68.42132856858036
83,Xavier,BE,8-3,112.24934837005958,100,102.26326703478537,66,0.744878291005233,83,16.572447056643682,14.427552943356321,8.572447056643677,11.427552943356325,0-0,0.5229420801915889,0.5229420801915889,0,0.6877410022868764,0.5229420801915887,0.7783804094392847,0.7076932511634542,0.8047329902213177,107.3926913775516,105.72976634175042,112.69196527141402,103.30712018184472,0.0,0.0,112.66550694392345,98.95231942976936,0.8164576801449872,3.0,0.06014079924163296,0.0,0.0,0.0,0,0,0.7783804094392847,0,-0.12119432915966943,69,94,69.83336262177004
84,New Mexico,MWC,9-2,111.38089960347713,112,101.47528134845606,58,0.7448093043600776,84,20.455542794728213,10.544457205271792,11.455542794728208,8.544457205271788,0-0,0.48331725202172754,0.48331725202172754,0,0.5831422835276954,0.4833172520217271,0.638046050855978,0.7932005558895594,0.8321524066386925,109.09975665026806,107.10432270743733,110.45421584331378,105.65089211090664,0.0,0.0,110.53219446116121,100.60575567271209,0.746894899470092,2.0,0.12671647032363442,0.0,0.0,0.0,0,0,0.638046050855978,0,0.5874449847597544,44,29,70.27540569936379
85,Illinois St.,MVC,8-3,113.8678093823749,80,103.87179821385818,93,0.7420458091476538,85,21.71777740536355,9.282222594636455,13.717777405363545,6.282222594636455,0-0,0.4107788822726569,0.4107788822726569,0,0.48956555435113447,0.4107788822726568,0.5328982239942973,0.8674600139501902,0.8845256242952391,108.51298266290328,110.32058357025262,107.86691525147359,107.55182327813161,0.0,0.0,113.51402594072407,115.78657339023948,0.4432566610802431,2.0,-0.03140224305421713,0.0,0.0,0.0,0,0,0.5328982239942973,0,-1.1122967567781563,106,218,67.56924930472104
86,Providence,BE,7-5,119.39719046310262,34,108.99942920012393,191,0.7403521735628178,86,15.187087332808975,15.812912667191029,8.187087332808975,11.812912667191025,0-1,0.5307255563548149,0.5020872568204767,0.8457468512325343,0.6806309615171623,0.5020872568204765,0.7788299991003392,0.7101287557290368,0.8123717348551321,109.25318232994012,107.72240072494249,112.56832143416528,103.73666013567029,135.62242123326303,118.29235185046335,121.55322567703523,115.40563491151043,0.6449328196973584,3.0,-0.04910610225808232,110.0,113.0,85.8,1.2820512820512822,1.3170163170163172,0.7753080595144342,0.0,-1.5677878247809616,136,245,72.7002495050626
87,Tulsa,Amer,10-1,119.27152328288902,35,108.93025758509877,189,0.739426474002498,87,23.748051834979094,7.251948165020905,12.242813210568977,5.757186789431019,0-0,0.38808669997390005,0.38808669997390005,0,0.4754592836262758,0.39048934698420645,0.5368264600899926,0.8727190745468212,0.8947852107086375,106.34479321878861,107.53883216060073,108.05407071641598,107.81959594901957,0.0,0.0,0.0,0.0,0.0,0.0,0.13715498321161734,0.0,0.0,0.0,0,0,0.5368264600899926,0,0.743533786018178,37,24,67.79971591964231
88,Grand Canyon,MWC,6-4,108.53459410173878,149,99.30087654380546,36,0.7354626840914632,88,18.457860945821725,12.542139054178275,11.488380335887237,8.511619664112763,0-0,0.47487199820912923,0.47487199820912923,0,0.5614045560587905,0.4412986470266682,0.6274628060264579,0.8004501965822496,0.8369739834218799,108.49887966623314,109.06606044641237,109.7250215764808,106.89802212747568,0.0,0.0,89.85252417827942,90.26107231352374,0.48696032294940267,2.0,-0.08743399691106857,0.0,0.0,0.0,0,0,0.6274628060264579,0,-1.5924590648040158,139,308,67.9600256524867
89,Stanford,ACC,8-2,113.41370957300765,85,104.10834957476925,97,0.7280033996292352,89,17.090651107661923,13.909348892338077,6.898998876553813,11.101001123446189,0-0,0.4701089963094344,0.4701089963094344,0,0.6597186685197337,0.47404286675348295,0.7938178586842484,0.739573502672056,0.8885647689770262,106.46536498767414,107.54400473891428,112.063124587449,103.96176340395331,0.0,0.0,114.01658540245998,100.50064531854323,0.8101626558741214,1.0,0.055754895023477746,0.0,0.0,0.0,0,0,0.7938178586842484,0,-0.3185419975214814,75,102,71.4631815531386
90,Belmont,MVC,10-1,113.28474769148939,90,104.67676755539702,108,0.7127574985184103,90,22.650608277094562,8.349391722905441,13.222591876855699,6.7774081231443,1-0,0.33786709665473524,0.33695863607043935,0.34695170249769436,0.47730725140003677,0.370953067745604,0.5358020524099749,0.8756938800494496,0.912409618386146,104.77239306176011,110.55380101423768,106.5831514121023,107.04152797474538,129.67451774681132,136.6956684744054,0.0,0.0,0.0,0.0,0.09668004609402536,87.0,84.0,63.8125,1.3633692458374143,1.316356513222331,0.5457415445106214,1.0,0.19901007360619538,53,56,70.71150589689104
91,Mississippi St.,SEC,5-5,112.84381929479652,94,104.27407395225688,100,0.7126506679897026,91,12.400564481959183,18.59943551804082,5.03112816242434,12.968871837575659,0-0,0.6169905934948952,0.6169905934948952,0,0.7410610048650169,0.5713917140616154,0.8635999371119181,0.6633258861216255,0.8169631493555555,110.56519456063339,104.7438948854574,115.56420554135912,103.09478209389255,0.0,0.0,120.91764191722791,111.40449670155098,0.7195706170295029,1.0,-0.06949908246740133,0.0,0.0,0.0,0,0,0.8635999371119181,0,-1.9800612865396774,163,274,69.54766155087657
92,Minnesota,B10,6-5,110.77356870225168,117,102.43910669029486,68,0.7108520930467721,92,13.648377033870782,17.351622966129217,6.7825478822859,13.2174521177141,1-1,0.5297585277666271,0.44081283499757484,0.9300141452273619,0.6785213367475452,0.39380548304316415,0.8351150562849549,0.6660644988463155,0.8649559292142222,110.24325128764237,108.21046094985017,114.16742491417351,104.47221854264056,110.089937290471,98.60330242518262,111.04726694530544,108.03025581952284,0.5785351571498727,4.0,-0.04731449240949048,130.0,149.0,131.45,0.98896918980601,1.1335108406238115,0.8245707130691321,0.5,-1.5458189974923262,134,244,64.40956282551642
93,UC San Diego,BW,9-1,112.95892140036675,93,104.52060151460735,107,0.7094800933819386,93,25.709863077508363,6.290136922491646,15.286295100205605,4.713704899794397,1-0,0.42671257064442897,0.43868282681482146,0.3189802651108962,0.40582567070431913,0.40394448664608174,0.4069543811392616,0.9054833921481981,0.9012210196205894,109.13168001834578,110.18035281285266,102.96267336696462,105.74089978605703,113.5527833272234,111.25010397929898,0.0,0.0,0.0,0.0,0.16669170363908958,80.0,74.0,67.8125,1.1797235023041475,1.0912442396313364,0.41158459777233347,1.0,0.6135217105461397,40,10,70.15881826550657
94,Nevada,MWC,8-3,113.42625155835698,84,105.25512191274537,116,0.7026200844603759,94,18.82564685084141,12.174353149158586,10.825646850841412,9.174353149158588,0-0,0.5689935253542278,0.5689935253542278,0,0.6071514217858845,0.5689935253542281,0.6281382648232955,0.8000129375328093,0.8415276664926485,110.02821389695883,106.71480903381352,110.3717654098579,105.47464271939394,0.0,0.0,123.66874834102353,127.07712669574087,0.42246625243515856,1.0,0.08827623524996053,0.0,0.0,0.0,0,0,0.6281382648232955,0,-0.4365798913297474,81,69,67.12676068339591
95,South Carolina,SEC,7-3,110.60951991345743,122,103.2238273743094,79,0.6888447982793083,95,13.603903180208055,17.39609681979195,4.522294142961965,13.477705857038037,0-0,0.3750936278248984,0.3750936278248984,0,0.6613401353369264,0.37334690659870867,0.8693352449811946,0.679943426044672,0.8808494582872511,105.26563434430759,111.474126665044,113.59239586804347,105.04090972642562,0.0,0.0,0.0,0.0,0.0,0.0,-0.06549664553478174,0.0,0.0,0.0,0,0,0.8693352449811946,0,-1.5581720022029304,135,268,67.01503420811085
96,Hawaii,BW,10-2,105.54363558243892,215,98.6093359930931,28,0.6860082882757432,96,22.89195348124939,7.10804651875061,14.891953481249388,5.108046518750612,2-0,0.26370172384070506,0.26193193843751195,0.27255065085667046,0.3601598165913297,0.26193193843751195,0.40927375566823854,0.9133832623252957,0.9276897997088772,102.63319136459629,111.64847748752925,104.98960330439546,110.26671383729658,98.29196718772415,92.19911379473517,81.26293219719918,74.29010349147082,0.7372435264460293,1.0,-0.010143019533929931,144.0,128.0,144.1625,0.9988727997919016,0.8878869331483569,0.42446521175841273,1.0,-0.8477609520292584,96,185,70.45411301998351
97,Liberty,CUSA,6-3,112.80740438927825,95,105.43211727112373,121,0.6851558803412964,97,21.231998463517797,9.7680015364822,13.972299827801814,6.027700172198189,0-0,0.3685458357721615,0.3685458357721615,0,0.43028376702416377,0.37621324076319995,0.4600225564676939,0.8861614093813348,0.8674793025702319,108.4258041930417,110.3166094614247,103.33902338394499,104.39724325423252,0.0,0.0,74.69875105883608,108.41639495250544,0.013600787951243063,1.0,-0.08215998293178195,0.0,0.0,0.0,0,0,0.4600225564676939,0,-1.5379958778511116,133,296,66.13327383919933
98,High Point,BSth,8-3,116.25193903700452,60,108.86155073902435,187,0.6803438618058415,98,24.644651347240323,6.355348652759675,12.81565254456553,3.184347455434469,0-0,0.311792388556894,0.311792388556894,0,0.2883579657468252,0.25658536678089305,0.31814477727738655,0.9444426949044918,0.9514160984268578,103.72791226503232,110.90915459129647,96.53637675868643,104.15272810010697,0.0,0.0,0.0,0.0,0.0,0.0,-0.08359332238811201,0.0,0.0,0.0,0,0,0.31814477727738655,0,-1.8969981115542427,158,297,71.39418730211139
99,Richmond,A10,9-1,112.05213537791383,104,105.38181713901429,118,0.6694730507865233,99,20.819629429536036,10.180370570463968,9.42343326682774,8.57656673317226,0-0,0.34660701143815265,0.34660701143815265,0,0.5053741737719124,0.3355721536190032,0.628008966104569,0.8512230076426127,0.9267782537919171,105.13349286525813,110.91045986319871,108.39489425593071,107.86580622404422,0.0,0.0,0.0,0.0,0.0,0.0,0.11793047013045332,0.0,0.0,0.0,0,0,0.628008966104569,0,0.17837065346960912,55,39,69.95398735704168
100,Murray St.,MVC,8-3,114.9705262848816,72,108.25674293284939,177,0.6664020609114225,100,20.123429630985868,10.876570369014132,12.123429630985868,7.876570369014131,0-0,0.44067530184257697,0.44067530184257697,0,0.5050002778712804,0.44067530184257697,0.5403790146870672,0.8539232161730924,0.8573513926525276,107.52747385167218,111.12534109111192,107.46691643459242,107.64379758643409,0.0,0.0,118.60110368126517,115.14211014323014,0.5842840157002102,1.0,0.05651694439477961,0.0,0.0,0.0,0,0,0.5403790146870672,0,-0.7352967982891427,91,99,73.25494708898754
101,Penn St.,B10,8-3,115.86015376404033,62,109.10151592976483,194,0.6662357563394952,101,14.628094722279323,16.37190527772067,5.114237833949591,14.885762166050412,0-2,0.4181337151202365,0.3037352256714185,0.9329269176399172,0.6467853030619409,0.31322290624835797,0.8302446213094115,0.6871426536854303,0.9411888373219233,107.00233052295174,109.32451166306534,113.3185123648031,104.43395341254538,116.55588847635923,118.49484423791603,116.55588847635923,118.49484423791603,0.45270841430874004,2.0,0.028123720935281482,144.0,189.0,142.4125,1.0111471956464495,1.327130694285965,0.8188354772726885,0.0,-0.7651811478265094,93,134,68.47178116244862
102,Georgetown,BE,7-3,112.14429497891308,102,105.70447625251208,129,0.6637610648878859,102,14.82710928599196,16.172890714008037,6.841131229561854,13.158868770438144,0-0,0.48518720353729455,0.48518720353729455,0,0.6650453077345496,0.44439543362319806,0.7864027384957931,0.708713001433275,0.8193929680181941,107.42702907995765,108.63078175953692,112.22738160122874,104.57417796016155,0.0,0.0,108.07793604371021,104.46523838490266,0.5965185007515377,3.0,0.0884900789101225,0.0,0.0,0.0,0,0,0.7864027384957931,0,-0.3218143124598499,76,68,68.8455542497285
103,Wichita St.,Amer,6-5,110.16054702374258,128,103.85682278834369,92,0.6632126811347995,103,18.48719814826474,12.512801851735261,10.712350050550523,7.287649949449478,0-0,0.4894162957483265,0.4894162957483265,0,0.5067301414059348,0.4528885666411559,0.5456157231804971,0.8421666098810193,0.8427265867054818,108.874759019764,106.99616644513472,109.26532972559406,108.04761437096856,0.0,0.0,103.93895203272102,93.18648003052522,0.77830439695012,2.0,-0.0779943864740118,0.0,0.0,0.0,0,0,0.5456157231804971,0,-2.2534199665198336,181,287,65.59363230135713
104,Florida St.,ACC,5-5,110.62739790402603,121,104.36676003426703,104,0.6614920226252605,104,12.939287721737585,18.060712278262418,5.788324228523146,12.211675771476852,0-0,0.5246482034534883,0.5246482034534883,0,0.665854714086647,0.4829425849878698,0.7979579184357641,0.6988250770996544,0.7818881924722265,109.32584166183406,106.45601412611839,112.04588977632473,103.78053630786607,0.0,0.0,102.71019720855413,107.11634941427334,0.3815325230945532,4.0,-0.08405972156807517,0.0,0.0,0.0,0,0,0.7979579184357641,0,-1.9566617127138648,162,298,74.68854958750761
105,Marquette,BE,5-6,109.27575640605329,139,103.13144323490053,76,0.6604965434368927,105,11.77862350084562,19.221376499154385,6.778623500845622,13.221376499154378,0-0,0.5428577274974712,0.5428577274974712,0,0.7001909532567144,0.5428577274974709,0.7867242274242983,0.688227978355543,0.7620586501034796,110.32553311046645,106.9677087417888,113.92449569299019,103.69037870084638,0.0,0.0,107.5070926174309,109.79851775191446,0.43966115044329945,3.0,-0.12131316722272406,0.0,0.0,0.0,0,0,0.7867242274242983,0,-2.6505585825532076,197,331,71.31514309081909
106,Wyoming,MWC,8-2,111.82467348080391,106,105.6562185095573,127,0.6575800767457787,106,18.351894039697473,12.648105960302534,9.722307961274543,10.277692038725457,0-0,0.33400992393792917,0.33400992393792917,0,0.5386337699963265,0.35187119906238973,0.6413531840099919,0.8136381222175364,0.9008280477553423,105.83901610952346,110.75057897273236,109.36696516259073,106.54273454473001,0.0,0.0,116.20569625825172,99.9284866409921,0.8501058228491967,1.0,0.02344111230416579,0.0,0.0,0.0,0,0,0.6413531840099919,0,-0.6443797456375004,88,140,69.53918680393599
107,Miami OH,MAC,10-0,113.35294246443725,86,107.24136331444396,156,0.6541608669218845,107,23.71607066691843,6.28392933308157,12.26158169904718,5.738418300952818,0-0,0.20392588938119988,0.20392588938119988,0,0.3537305433669278,0.22221832632165064,0.4414053547304458,0.9201779204750078,0.9536322370746748,101.34402217536406,112.36784361929668,102.19724361616561,106.8388440214254,0.0,0.0,0.0,0.0,0.0,0.0,0.13451036538668626,0.0,0.0,0.0,0,0,0.4414053547304458,0,0.5985420956919983,42,26,70.70979573736112
108,Davidson,A10,8-2,111.38876295471692,111,105.61889597735114,126,0.6483228666561525,108,18.793095547530402,11.206904452469594,9.953084528641785,8.046915471358213,0-0,0.40235067788439843,0.40235067788439843,0,0.5212707711916738,0.4498328531485086,0.5688960498871171,0.8309502880352357,0.8432290753156635,105.72207160344607,108.8965536790371,108.66047049082613,107.04598311012629,0.0,0.0,102.048554474645,109.73273161560861,0.30261248286251097,2.0,0.09348505213662384,0.0,0.0,0.0,0,0,0.5688960498871171,0,-0.3538868628014198,77,61,65.73354744185791
109,UC Irvine,BW,7-4,102.08762927632647,273,96.89173323362374,16,0.6458231978355888,109,20.389896450296163,10.610103549703833,14.234509221642533,5.765490778357471,2-0,0.411885770894372,0.4403879072446829,0.28362615731797286,0.43360159785548175,0.47063611630245195,0.4132326127096481,0.895570862396259,0.8811483025521736,106.89273417814262,106.81368531305189,106.77406107060354,108.36039844192356,106.98701933755983,99.3215878232574,0.0,0.0,0.0,0.0,-0.06967351724527271,158.0,131.0,138.08749999999998,1.144202045804291,0.9486738481035577,0.4276333299753898,1.0,-2.290519469664458,185,275,69.53753980290792
110,William & Mary,CAA,8-3,109.68852834219746,131,104.12466451486551,98,0.6453457774092196,110,21.6122428097479,8.387757190252094,12.745025815463082,5.254974184536919,0-0,0.4839803078807458,0.4839803078807458,0,0.4321050238188049,0.4664075731196156,0.40923665761826444,0.8765440613938732,0.8196206992804309,109.78725499858903,104.76105897999213,107.30972232807935,108.42815253672832,0.0,0.0,91.96638764923597,97.04938731050404,0.35008544780584533,1.0,0.1420486639490276,0.0,0.0,0.0,0,0,0.40923665761826444,0,-0.0865036892269041,67,21,75.13246905337114
111,UNC Wilmington,CAA,10-1,112.96825759980707,92,107.39806039618193,160,0.6414112490002737,111,24.48586798436302,6.514132015636982,12.553610980618428,5.446389019381571,0-0,0.29334769063263194,0.29334769063263194,0,0.3493570692604881,0.25968944934861693,0.4141170169746173,0.9269367449000627,0.9498313424797666,102.57268459179718,110.38805854046674,101.17362605245866,106.48997164767539,0.0,0.0,0.0,0.0,0.0,0.0,0.11306996475376396,0.0,0.0,0.0,0,0,0.4141170169746173,0,0.03788519551354197,60,42,63.90113961373714
112,St. Bonaventure,A10,10-2,110.65013922199901,120,105.29955411086186,117,0.6387603163478499,112,20.24747513500368,10.752524864996326,9.33463651004071,8.665363489959292,0-0,0.43849851747526297,0.43849851747526297,0,0.5242069095092817,0.4190339108310577,0.6001651863324436,0.8423831326690508,0.8911868403370649,107.31016911431529,108.02897210123723,108.74563389951545,106.92334816039194,0.0,0.0,109.91025951789686,108.07709868008412,0.5482054670901105,1.0,0.15583829435338614,0.0,0.0,0.0,0,0,0.6001651863324436,0,0.07830292776525816,58,16,67.93398941822453
113,Seattle,WCC,8-2,108.2763297651852,156,103.07322877849705,74,0.6379180012306116,113,19.052419388800732,11.947580611199268,9.275900333644001,8.724099666355999,0-0,0.3160775436732645,0.3160775436732645,0,0.49203074361078614,0.3611717291181804,0.5865400318554459,0.8293215618410128,0.9171077813406625,107.15586604557485,111.48207915890283,108.91089144661589,106.7531056317589,0.0,0.0,0.0,0.0,0.0,0.0,0.013756278916183362,0.0,0.0,0.0,0,0,0.5865400318554459,0,-0.925488249306823,99,159,67.6307786562368
114,Cal Baptist,WAC,8-3,108.94112345557515,142,103.92413243611433,95,0.6323203590827018,114,21.96690298121688,9.033097018783122,12.2710785354588,5.728921464541197,0-0,0.4835585906421016,0.4835585906421016,0,0.43215304441257035,0.45390680715210235,0.4164419935451302,0.8726445158823782,0.8437676326852585,108.30867370591467,108.8071963891607,105.56215183481929,108.27667079476355,0.0,0.0,99.51993551700934,112.22738431816711,0.20069695562057185,1.0,0.1375471995355746,0.0,0.0,0.0,0,0,0.4164419935451302,0,-0.24854377588770404,72,23,68.4257166831863
115,UAB,Amer,7-4,110.7436888248195,118,105.66093926800409,128,0.6318836246310137,115,19.082648363999144,11.91735163600085,10.319355275411178,7.68064472458882,0-0,0.4404807314157134,0.4404807314157134,0,0.4855258916016444,0.4084170646973583,0.5412155999214066,0.8627672253790588,0.8838966789742732,107.7774112250761,109.09109701529512,108.57251095673644,108.67264069187195,0.0,0.0,105.62852406396755,106.94641773972504,0.4644117439572957,1.0,-0.022982167130394138,0.0,0.0,0.0,0,0,0.5412155999214066,0,-1.9038344500555784,159,207,70.29609922188978
116,Utah,B12,7-4,113.96636052637677,79,108.77228109099136,185,0.6309834349662977,116,12.293521348683674,18.706478651316328,4.255608753652342,13.74439124634766,0-0,0.49243985932917606,0.49243985932917606,0,0.70280548260836,0.5038884191366855,0.8464678062267914,0.6883195632664048,0.8531748361132492,107.97585120815792,108.27563290889375,113.87915707063236,103.53177353099483,0.0,0.0,0.0,0.0,0.0,0.0,-0.002211711850115039,0.0,0.0,0.0,0,0,0.8464678062267914,0,-1.8574362728057094,155,174,69.61663872012953
117,Maryland,B10,6-5,111.27990253597378,114,106.22174309890516,135,0.6306434562110518,117,11.769590134388709,19.23040986561129,4.855106964911171,15.14489303508883,0-2,0.5747407982706673,0.4898366822370235,0.9568093204220645,0.7174456563725071,0.5147046155260829,0.8289532288380403,0.6245043091302861,0.76007561198724,111.27134180806861,105.6240260184073,115.42471378519394,103.13616312367446,123.28372257599636,112.7762532511072,114.30233107117634,114.97113714829592,0.48323310606629827,4.0,0.04670588935992398,147.0,184.0,140.1875,1.048595630851538,1.3125278644672314,0.8147469964398154,0.0,-0.8713810554007777,97,112,69.18123103294208
118,Bowling Green,MAC,7-3,107.90708360360603,167,103.12973435453107,75,0.6273235511524995,118,20.771900792112977,9.228099207887022,11.832481826709481,6.167518173290519,0-0,0.372996144631402,0.372996144631402,0,0.3967646144503626,0.32147121752078406,0.44696021240341516,0.9029126681863473,0.9117494694715992,106.89523964961678,108.57914804890785,103.75437376694325,106.30177404988511,0.0,0.0,0.0,0.0,0.0,0.0,-0.013401207114270286,0.0,0.0,0.0,0,0,0.44696021240341516,0,-1.4401393521378405,128,193,69.57005135469133
119,St. Thomas,Sum,9-4,110.30569877268545,125,105.57215816768743,124,0.6234928934463042,119,23.105665019772946,7.894334980227048,12.22499854876042,3.775001451239581,0-0,0.36745803358470835,0.36745803358470835,0,0.32373126595305424,0.3339506530206477,0.31415059057718536,0.9201803204977875,0.9019495259269202,106.64343359093026,109.15517660263055,101.43568508546656,107.36483248149898,0.0,0.0,106.61468931672924,114.48297407997735,0.3060066908450671,1.0,-0.0018034182870144688,0.0,0.0,0.0,0,0,0.31415059057718536,0,-1.893921950750912,157,173,69.20508458300277
120,DePaul,BE,8-3,107.96011625093283,165,103.40572412042738,80,0.6214407027658262,120,14.065510566849824,16.934489433150176,6.065510566849823,13.934489433150176,0-0,0.35794436247334827,0.35794436247334827,0,0.6370538350212657,0.35794436247334827,0.7905640449226203,0.7345430573871734,0.8969624330211065,104.17544478735422,111.90806025657251,111.82708629405315,105.42571111233333,0.0,0.0,96.81539691286724,125.31279215850141,0.04893546899613828,1.0,0.0020125227132471446,0.0,0.0,0.0,0,0,0.7905640449226203,0,-1.3326175769730029,121,169,68.26895642146216
121,Pittsburgh,ACC,5-6,112.05257803392382,103,107.37124171761846,159,0.6202882885810473,121,11.385972739522433,19.614027260477567,4.969510275892945,13.03048972410706,0-0,0.5652504085893942,0.5652504085893942,0,0.693642313165147,0.5350095390051706,0.8082104278362411,0.7092106570910278,0.8238679183293207,109.48379036282478,106.11555676211934,112.88110409123101,103.47172649045712,0.0,0.0,106.50197831529522,103.93174838468269,0.5697754708336122,3.0,-0.0981884071449855,0.0,0.0,0.0,0,0,0.8082104278362411,0,-3.047298295430207,212,317,64.01663189375378
122,Bradley,MVC,7-4,107.99410143063125,163,103.591886790846,88,0.6174177849043823,122,18.147607963700874,12.852392036299129,11.147607963700871,8.852392036299127,0-0,0.3834816095794497,0.3834816095794497,0,0.48781308089631725,0.38348160957944954,0.5451953901205944,0.8666579774030884,0.8987566929936566,106.14970932247402,109.81451900868278,107.47073800310169,107.40179585317665,0.0,0.0,0.0,0.0,0.0,0.0,-0.06731488397861185,0.0,0.0,0.0,0,0,0.5451953901205944,0,-2.3134565661960163,186,270,68.84286530228322
123,Rhode Island,A10,7-4,108.20524929523297,159,103.83805231904509,90,0.6162756552666888,123,17.758893917634754,13.241106082365244,8.982047720434489,9.01795227956551,0-0,0.4605191532784591,0.4605191532784591,0,0.5225937887583844,0.4216313362232543,0.5955111155893114,0.8397194096704055,0.8814224698148347,108.5710006134267,110.63654396526313,108.5371705495476,107.79224420813954,0.0,0.0,0.0,0.0,0.0,0.0,0.008228248619320144,0.0,0.0,0.0,0,0,0.5955111155893114,0,-1.783382030772207,149,161,67.65256352656138
124,Columbia,Ivy,9-2,110.9141466564193,116,106.99318594485196,150,0.6020226407463158,124,20.36829142769102,7.631708572308982,9.330297755793662,4.669702244206338,0-0,0.3103557423606106,0.3103557423606106,0,0.36264746163056755,0.31518207785466634,0.41011284540646875,0.8931604172413747,0.8823255287893713,105.26744075358415,111.2321164137517,102.50660105297368,106.44431653153981,0.0,0.0,109.37691017242031,115.21168300734129,0.354876823817872,1.0,0.07596969192652447,0.0,0.0,0.0,0,0,0.41011284540646875,0,-0.4023524167168026,80,82,67.74063495192918
125,Florida Atlantic,Amer,8-3,113.31533048773385,87,109.33579508408786,201,0.6013593449557468,125,18.174848980314625,12.825151019685377,9.784010639923826,8.215989360076174,0-0,0.42528599160859054,0.42528599160859054,0,0.5190125439843901,0.4903193171009705,0.5397354300668599,0.843751097039003,0.842213787666794,107.41295153709746,106.84246674274658,109.48847328083599,107.09253495336469,0.0,0.0,0.0,0.0,0.0,0.0,0.06982254813068878,0.0,0.0,0.0,0,0,0.5397354300668599,0,-1.2023697899012626,111,89,68.35195709855688
126,Winthrop,BSth,7-5,114.54652539605061,74,110.713073132602,242,0.5966317568607267,126,20.618985897929207,10.381014102070788,11.692738914775017,4.307261085224984,0-0,0.40392514227698095,0.40392514227698095,0,0.3627452024250232,0.39615713754337983,0.3314215132515639,0.8751664028307403,0.815971611977215,108.00229762682201,107.62345782243695,102.26664893029319,105.95114365521043,0.0,0.0,123.8528389803374,102.637719267709,0.8966661555635214,2.0,-0.055174560948023976,0.0,0.0,0.0,0,0,0.3314215132515639,0,-2.2529228082573383,180,253,69.4967039771474
127,Hofstra,CAA,8-4,108.9643871771946,141,105.57913139612614,125,0.5897529770694128,127,20.53419548344687,10.465804516553133,11.814213379982585,6.1857866200174145,0-0,0.4562962571758338,0.4562962571758338,0,0.4309355982553032,0.454262899981982,0.41408810256381295,0.8825532024621651,0.8476511918608624,109.82593423564064,107.49627228052017,107.29325051841697,108.69788965702728,0.0,0.0,121.28513909130828,106.60987430565925,0.8150454583793068,2.0,0.1026219502511383,0.0,0.0,0.0,0,0,0.41408810256381295,0,-1.1917822024041818,109,52,67.7067153247847
128,UNLV,MWC,4-6,110.7063370184676,119,107.29136331325711,158,0.5891199930464327,128,13.51883448506698,17.481165514933025,8.518834485066977,11.481165514933023,0-0,0.5124943784911633,0.5124943784911633,0,0.5820865632239826,0.4659039804465118,0.6459869837515916,0.7913395956519955,0.8361110516676343,109.00000658586309,107.43826516086911,106.88141434491709,102.16183905170051,0.0,0.0,111.50771566454523,117.9523013277294,0.3438587578987123,1.0,-0.16733017009100926,0.0,0.0,0.0,0,0,0.6459869837515916,0,-3.5161101155812737,247,359,73.64918059897263
129,Kent St.,MAC,9-2,113.08897255120544,91,109.68595195325284,207,0.5869488220088148,129,20.439948525546505,9.560051474453495,11.398598518910166,6.601401481089834,0-0,0.3116616425856349,0.3116616425856349,0,0.4061045261645626,0.3657461741170271,0.43301009419625297,0.8908160294461491,0.8876252975922325,106.45688538894507,111.73860172057944,108.16201324821665,110.570094104141,0.0,0.0,0.0,0.0,0.0,0.0,0.04648964355497531,0.0,0.0,0.0,0,0,0.43301009419625297,0,-1.0587848601859309,104,113,73.58470454734261
130,Siena,MAAC,9-2,107.04459026131326,185,103.85593373827132,91,0.586076491295849,130,23.132816098162703,7.867183901837294,15.516560515591959,4.483439484408042,2-0,0.27774627387002854,0.31962834551619207,0.08927695146229267,0.3182659849113457,0.388653443057034,0.2795528829312172,0.9195619648888074,0.8669148333586622,100.91931938409175,111.3647575108992,102.38656660847192,110.29382123970909,111.80707147233319,94.08999568483301,0.0,0.0,0.0,0.0,0.052015089852464724,157.0,106.0,129.725,1.2102524571208326,0.8171131239159761,0.30069465309443105,1.0,-0.9432276792970306,100,109,65.26718893481394
131,Stephen F. Austin,Slnd,7-2,108.29795677040565,155,105.22221886727559,115,0.5820843474199903,131,22.151588606627048,8.848411393372952,15.151588606627042,6.8484113933729525,1-0,0.3465128458220072,0.3444855385846347,0.3627313037209871,0.35847701228261164,0.30620936763078616,0.3798592305492675,0.9208256339278801,0.9344027238231343,103.62118269153471,108.59283520346115,100.82322370049775,105.48470530749817,106.16427029368432,92.08243466451181,0.0,0.0,0.0,0.0,0.07148849189566941,73.0,60.0,68.5,1.0656934306569343,0.8759124087591241,0.38067484611251906,1.0,-0.9575163492130043,101,84,67.38977822602362
132,New Mexico St.,CUSA,6-3,109.17470048858586,140,106.16403132717295,133,0.5797107030355348,132,19.001552015748068,10.998447984251925,12.001552015748073,7.9984479842519285,0-0,0.37706622536759404,0.37706622536759404,0,0.42492714246791796,0.3393596028308349,0.46771091228645945,0.901113823663906,0.9182254336792871,105.82012504079714,106.73242475938757,102.63309584395083,103.75617387089858,0.0,0.0,0.0,0.0,0.0,0.0,-0.011518268579736035,0.0,0.0,0.0,0,0,0.46771091228645945,0,-1.7087216166846384,147,189,67.21400349748264
133,Pacific,WCC,8-3,108.10170225349586,162,105.38246618201592,119,0.5727246358755345,133,17.72429604338069,13.275703956619312,8.80862209950038,9.19137790049962,0-0,0.35300900404142693,0.35300900404142693,0,0.4933508326321003,0.3886294163413335,0.5689829666198762,0.8214433923493532,0.8494900947585192,106.80996350429996,109.57820216915871,108.79349476500212,106.648698697158,0.0,0.0,0.0,0.0,0.0,0.0,0.054977671998296396,0.0,0.0,0.0,0,0,0.5689829666198762,0,-1.220021190174053,114,103,65.62686610900154
134,Georgia Tech,ACC,6-4,102.28231799272474,268,99.74924452203084,39,0.5716017638189299,134,13.247430472221115,17.752569527778885,4.717091049248202,13.2829089507518,0-0,0.4063552556600585,0.4063552556600585,0,0.6168537269169816,0.36835381855219806,0.7963258829582142,0.7372507837410186,0.9016891921834742,105.44756932313302,109.26299423375721,111.0717393341786,104.6676698330654,0.0,0.0,114.92848259392515,97.44092629966357,0.8696913988762125,1.0,-0.07130230957996275,0.0,0.0,0.0,0,0,0.7963258829582142,0,-2.338903730101034,187,276,71.21128176898766
135,North Dakota St.,Sum,9-3,107.15088310157451,183,104.71938163516023,109,0.5656114848523105,135,21.90659309996414,8.093406900035857,11.489996728856633,4.510003271143368,0-0,0.37253259432082175,0.37253259432082175,0,0.3418704440330274,0.3654438807442976,0.321243686910666,0.923623400399025,0.9123541295252018,106.70768804526548,108.85430908333831,101.45134947622944,106.61766941970465,0.0,0.0,0.0,0.0,0.0,0.0,0.09387573642870228,0.0,0.0,0.0,0,0,0.321243686910666,0,-1.304029779247382,118,59,69.48605916272545
136,Troy,SB,7-5,109.59204312475816,133,107.13717708848918,153,0.5647664255592717,136,19.504808177416578,10.495191822583429,12.504808177416571,5.495191822583428,0-0,0.45775945426205755,0.45775945426205755,0,0.3939516710461475,0.4577594542620573,0.35141314890220754,0.8885781502581069,0.8232283055059184,109.5520395628552,107.52214111713067,105.92901270903829,109.33159372801293,0.0,0.0,123.1109615436657,102.68103804953725,0.8896110208803673,2.0,0.03342291171571288,0.0,0.0,0.0,0,0,0.35141314890220754,0,-2.01230024035217,165,130,68.44506445470421
137,Middle Tennessee,CUSA,5-4,108.34631140852721,152,106.00853819247962,130,0.5623857059708272,137,17.784867302615893,13.215132697384107,11.756027422620686,8.243972577379314,0-0,0.5287859629761216,0.5287859629761216,0,0.4853624756909701,0.5208048790229971,0.4658691538583553,0.8447900579459007,0.7488025169044721,113.76846070756426,103.60123825555495,105.12945929953138,102.51160140697918,0.0,0.0,97.81621183800935,89.90066589998284,0.7252046534551069,1.0,0.03878843095405049,0.0,0.0,0.0,0,0,0.4658691538583553,0,-1.4747603760383385,130,126,67.5542774707067
138,Southern Illinois,MVC,6-5,108.53501357761243,148,106.28608674105482,136,0.5599088212709653,138,16.04210276739577,14.95789723260423,10.04210276739577,9.95789723260423,0-0,0.4627619552009197,0.4627619552009197,0,0.519581171576837,0.4627619552009197,0.5508317405835916,0.8432339627090117,0.8381090528609079,107.7478976609384,107.75554680779108,107.96740663787494,106.53585845558352,0.0,0.0,0.0,0.0,0.0,0.0,-0.012302539867111828,0.0,0.0,0.0,0,0,0.5508317405835916,0,-2.4086015886730663,191,191,70.86497002356442
139,Duquesne,A10,6-5,110.2903385329993,126,108.0938592954034,170,0.557578127800824,139,15.380876711692181,15.619123288307819,7.447065423053764,10.552934576946235,0-0,0.41576082130541453,0.41576082130541453,0,0.5218276244873974,0.3600677847122749,0.638654175436097,0.8256795876444921,0.8697105089417937,107.82151945645994,109.9495035443629,105.43794252591165,103.24751034869425,0.0,0.0,111.00683848484925,112.2171379740463,0.4688640731788788,2.0,-0.0862776750356975,0.0,0.0,0.0,0,0,0.638654175436097,0,-2.7103757852674297,199,305,72.85283173555634
140,Wright St.,Horz,5-6,108.22769001886317,157,106.15942875228683,132,0.5552473136188251,140,18.81802597823661,12.181974021763391,13.455476377873444,6.5445236221265555,1-1,0.41122208627293566,0.4077961889878133,0.4266386240559863,0.3739147051686259,0.41161311649311066,0.3531805789401593,0.9100115568783409,0.8744984379831023,109.31528376152808,109.1031108537388,107.30003928967948,111.64552479208864,108.42925769606856,97.41092867587767,103.52412169814356,106.42822874474419,0.42112390706200137,1.0,-0.15495187914363245,154.0,127.0,136.6125,1.127276054533809,0.9296367462713879,0.3450185739272896,0.5,-3.857375195001939,267,357,66.55452167515884
141,Massachusetts,MAC,8-3,106.33347154487089,202,104.30854397138577,103,0.5550530509075894,141,19.892342518691116,10.107657481308886,10.892342518691112,7.107657481308886,0-0,0.3528038387232012,0.3528038387232012,0,0.391997725716505,0.3234035188296011,0.437727196974441,0.9118701921019932,0.9421772874727959,104.75146276637251,111.26650638535396,103.09740123994867,107.0071436654767,0.0,0.0,0.0,0.0,0.0,0.0,0.014396815193235657,0.0,0.0,0.0,0,0,0.437727196974441,0,-1.8595558336260116,156,156,73.37017845347414
142,Oregon St.,WCC,6-5,108.70845201705654,146,106.69593898442616,141,0.5535177475754837,142,14.79542113014721,16.20457886985279,7.942591855597684,10.057408144402315,0-0,0.4454521110867395,0.4454521110867395,0,0.5474351322521024,0.47342762640269864,0.6008849975877831,0.8252430704508196,0.8804503776168213,105.94374499698228,108.1542284715439,108.77839295036569,106.22377629779963,0.0,0.0,117.21360722225509,117.05100723929989,0.5039909151403036,1.0,-0.08927302329109121,0.0,0.0,0.0,0,0,0.6008849975877831,0,-3.3370682803140865,234,310,65.41534855037841
143,Boston College,ACC,5-6,103.14419339750805,254,101.32000762467878,55,0.5511223587611753,143,11.24405074280824,19.755949257191762,4.407904027244248,13.592095972755752,0-0,0.41884541366210654,0.41884541366210654,0,0.620917653604961,0.3739954920348844,0.7992503258500162,0.74847055590756,0.910081300966821,106.74784943061073,110.83319631889138,111.87891053576853,105.95047220334607,0.0,0.0,96.1371754843687,93.66888258922657,0.5742262832619842,1.0,-0.17242618799369053,0.0,0.0,0.0,0,0,0.7992503258500162,0,-4.221334299021352,284,362,66.61742796999458
144,Western Kentucky,CUSA,6-3,108.77268896584614,145,106.91798241678154,146,0.5492844512037411,144,18.68946667978189,12.310533320218113,11.250947997208366,8.749052002791634,0-0,0.44554645581887237,0.44554645581887237,0,0.461160876796114,0.42616201078793114,0.4804102531006146,0.8772056185015707,0.856596581885786,108.75520895576152,107.44381565456949,104.22546165402062,104.09998318947396,0.0,0.0,103.46654277044134,88.6826381858761,0.8548449885142382,1.0,0.08160150968970092,0.0,0.0,0.0,0,0,0.4804102531006146,0,-1.0277095121046282,103,76,71.93680449424187
145,Youngstown St.,Horz,7-4,106.02757041306856,208,104.2933048241411,102,0.5472728555978975,145,20.9246630298633,10.075336970136703,14.082580205147465,5.917419794852533,2-0,0.3814506221437625,0.39316914455956853,0.32871727127263506,0.3500604171044359,0.34296843941442,0.35396100483394466,0.9166180666874781,0.8937739433627971,107.98389510273995,109.85973147130512,103.21829683575406,108.07155281008659,102.9144602808777,93.70750917084035,0.0,0.0,0.0,0.0,0.005100458589026968,147.0,123.0,135.6875,1.083371718102257,0.9064947029018885,0.3567658641185345,1.0,-2.1203595735980145,172,166,68.3370420106739
146,Drake,MVC,6-5,110.53019662032017,124,108.7974994937979,186,0.5453015899164939,146,15.766649805914966,15.23335019408503,9.766649805914966,10.233350194085034,0-0,0.3669723709996717,0.3669723709996717,0,0.4865136444994837,0.36697237099967184,0.5522613449243804,0.8684470553690545,0.9103731206281606,105.8322733358596,108.1995046137642,107.24287297885976,106.4583793632316,0.0,0.0,94.19890285635174,95.70045206021837,0.4546582542018637,1.0,-0.13576104772361963,0.0,0.0,0.0,0,0,0.5522613449243804,0,-3.502308740918743,246,346,66.71516684195404
147,Loyola Marymount,WCC,7-3,104.68998826296345,232,103.148219138065,77,0.5425518047836279,147,17.06867996437912,13.93132003562088,7.893486123576418,10.106513876423582,0-0,0.41935429678180103,0.41935429678180103,0,0.5171868452279517,0.40399919809222073,0.5989334792704241,0.8410862894270442,0.9136341822327002,108.53473563578649,110.0386693187065,109.33945948574434,107.5828742828823,0.0,0.0,0.0,0.0,0.0,0.0,0.07417066025610008,0.0,0.0,0.0,0,0,0.5989334792704241,0,-1.5019328484391696,131,83,67.36885264846833
148,Kennesaw St.,CUSA,8-2,110.56131517764004,123,109.00148056071032,192,0.5407596225323321,148,19.238520931148773,11.761479068851225,11.16502467560383,8.834975324396169,0-0,0.2415286356395828,0.2415286356395828,0,0.41553053530025114,0.3047427572260022,0.4764638132410881,0.8928254298436267,0.8990888150060983,103.9246330372479,110.74051858744626,106.66009363445085,108.06085428923838,0.0,0.0,0.0,0.0,0.0,0.0,0.020349312589663437,0.0,0.0,0.0,0,0,0.4764638132410881,0,-1.2035035130383358,112,144,73.63938659716531
149,East Tennessee St.,SC,8-3,108.31458941935537,154,106.962911358495,147,0.5360407908586913,149,21.79576877067334,9.204231229326659,12.938412879286675,5.061587120713325,0-0,0.31039428402321606,0.31039428402321606,0,0.3227795728060653,0.356068575126434,0.2987375155746879,0.916283097749062,0.8771800144969542,103.62212748112326,109.0559033047752,104.59908540647912,111.36231073759224,0.0,0.0,0.0,0.0,0.0,0.0,0.019199153846648276,0.0,0.0,0.0,0,0,0.2987375155746879,0,-1.6314495099053716,144,145,68.82512056890211
150,South Dakota St.,Sum,7-5,106.24936724396439,204,105.12736052289377,113,0.5304839499355083,150,19.077298447965724,11.922701552034274,11.03189424194188,4.968105758058122,0-0,0.3774394375805708,0.3774394375805708,0,0.37881793200543856,0.43564702080258527,0.32554066125811365,0.8826749877922071,0.8305817617127846,105.43735494351976,105.31353302190844,105.92965432843401,109.21316761852253,0.0,0.0,106.4861931680473,105.80850995230043,0.5183468648383606,1.0,-0.04611698440238032,0.0,0.0,0.0,0,0,0.32554066125811365,0,-2.823481362647498,201,242,69.15737990861449
151,UC Santa Barbara,BW,8-3,113.30811215308808,88,112.31527362129356,276,0.5252810236294749,151,19.486878598877126,11.513121401122875,12.099009687077892,7.900990312922111,2-0,0.35516857177762057,0.3923030324750776,0.18806349863906374,0.4087442718618669,0.3791011729607851,0.4250479762574618,0.8991695840895576,0.9025101573826796,105.77672331081551,108.6996338421278,105.56463385757571,108.23228051705401,121.3380389444898,118.98083651965977,0.0,0.0,0.0,0.0,0.05824552522969695,193.0,161.0,146.5875,1.3166197663511554,1.0983201159716893,0.45137958488172825,1.0,-1.466169091328493,129,97,66.06419332336606
152,Iona,MAAC,8-4,108.16644537112322,161,107.43936667036488,162,0.5193808492353889,152,21.81205187145652,9.187948128543479,14.323807514731303,5.676192485268693,1-1,0.4323001518505085,0.440306546351292,0.39226817934659086,0.33444054915914817,0.4417790766980905,0.27540435901272975,0.9149517627274991,0.8570075567838915,106.73832123765561,108.68836849191338,103.35431783957081,110.45272571714193,102.74372575520572,111.37780205873315,102.42248908249425,100.05445021877927,0.5668487004162158,1.0,0.07654518409984945,149.0,158.0,143.65,1.0372432996867385,1.0998955795335885,0.26241949008674514,0.5,-1.786647618391279,150,80,72.74426584909324
153,North Texas,Amer,8-3,102.45033882444632,267,101.94137619251384,62,0.5143143838792449,153,17.916790282672213,13.083209717327794,8.753994931559685,9.246005068440315,0-0,0.3775474991131302,0.3775474991131302,0,0.46966201189653367,0.3844525480049187,0.5312021802626999,0.8593971638014668,0.870470298240211,106.51951297440083,110.01423340039048,105.39426160484933,105.2297028002731,0.0,0.0,82.25627216653857,110.65421429346053,0.03196703745645528,1.0,0.08443060191037255,0.0,0.0,0.0,0,0,0.5312021802626999,0,-1.1544481184714313,107,74,64.96802447591831
154,Arkansas St.,SB,7-4,108.52654706470406,150,108.12540767658723,173,0.5106447486329124,154,19.674186255013197,10.325813744986801,11.674186255013199,6.3258137449867995,0-0,0.4798705879776065,0.4798705879776065,0,0.3895705506913591,0.43988137231280594,0.3560300029437279,0.8953018247373523,0.8425436957841681,108.16171420464829,106.22109540276922,101.80181033346413,105.00103043237394,0.0,0.0,106.83005007352882,112.05923544593034,0.3659650611032183,2.0,0.12712299184335407,0.0,0.0,0.0,0,0,0.3560300029437279,0,-1.3582268412320904,122,28,73.81982347587102
155,Sam Houston St.,CUSA,6-3,109.37432578019539,138,109.10980768242842,195,0.5069610616930749,155,17.897649377434472,13.102350622565528,10.584423702416625,9.415576297583376,0-0,0.48168684474102175,0.48168684474102175,0,0.4666797607375025,0.4509913146194075,0.47530840610245473,0.8662335342926281,0.8273960761345915,112.55670475272585,106.4966211186739,104.50522500038137,103.53395595390961,0.0,0.0,119.82186780346251,112.10271566882486,0.682610018952067,2.0,0.15614011032069963,0.0,0.0,0.0,0,0,0.47530840610245473,0,-0.6744989759747655,89,15,70.55203055959622
156,Oakland,Horz,5-6,114.3145964738215,75,114.04849312200992,308,0.5066998716211399,156,17.090086234360104,13.909913765639896,13.030992104231746,6.969007895768251,1-0,0.5922766708472087,0.6242568674025877,0.27247470529341805,0.46269497809388743,0.6531770225294402,0.3579298536543333,0.8143709685912953,0.6087279123767628,113.63812893243437,102.81650392783335,108.76494521584218,108.17619411032413,124.11395571928506,120.50183336728273,114.48422355305881,112.56357195753401,0.5484889138133848,4.0,0.05488715565197266,101.0,92.0,76.95,1.3125406107862247,1.1955815464587394,0.36242749304174987,1.0,-1.594688946732574,140,104,73.1749510097099
157,Idaho,BSky,7-4,112.3241621991823,99,112.15708786097503,273,0.5042794405474481,157,19.17843620416181,11.821563795838191,11.009224008922946,6.990775991077054,0-0,0.38223911574353264,0.38223911574353264,0,0.3872305567556384,0.3773893516855399,0.39433809375070955,0.90619557873074,0.8811688058924478,108.72849926465571,107.79681630869092,106.5184776434133,109.38110803914547,0.0,0.0,114.4082687541608,114.76601835681657,0.49102499253910487,1.0,0.0411629591488637,0.0,0.0,0.0,0,0,0.39433809375070955,0,-1.9493891106032932,161,123,66.77422827679968
158,Quinnipiac,MAAC,8-3,105.59024729145483,213,105.43789285511886,122,0.504151190603578,158,21.655919840880898,9.344080159119107,14.92839359331935,5.071606406680651,2-0,0.409144555797795,0.42283371861910946,0.34754332310188,0.34143184554709427,0.4497540707238172,0.28185462169989656,0.898513206755077,0.8189266349322372,106.5274373187528,108.33659425835091,103.74488185008629,110.23303635689871,111.96269723830585,94.32464163676602,113.66583842741727,113.5220172053155,0.5036399724178353,2.0,0.1357791759816115,161.0,126.0,141.5875,1.1371060298402047,0.8899090668314646,0.27455587709967616,1.0,-0.5530851298436333,82,25,72.04135510338234
159,Temple,Amer,6-5,115.29517462657148,67,115.23171546775527,330,0.5015828476813552,159,16.289421748504026,14.710578251495978,9.238232514588557,8.761767485411443,0-0,0.3984457442806271,0.3984457442806271,0,0.45530974096586685,0.40963020140195927,0.48830051953980014,0.8748417968964562,0.8842173731785826,104.31808125434804,107.44299940241481,106.71320897977645,108.02439646514911,0.0,0.0,108.7576210345746,110.3689091170576,0.45781865596812604,1.0,-0.07637651312154103,0.0,0.0,0.0,0,0,0.48830051953980014,0,-3.2249315029761485,226,284,66.56645481477287
160,Marist,MAAC,7-2,100.54239122895729,310,100.60922068042821,46,0.4980896623862806,160,20.16958280861201,8.830417191387992,14.176166323555051,5.823833676444949,2-0,0.26725202223607825,0.288075687515482,0.1943691937581651,0.3111480425347955,0.33559099876860404,0.30014871222958156,0.9324464302196934,0.9083856193675497,103.20917778626851,111.97728747140408,102.8771598212493,110.64533330567781,88.41551693898657,90.96646361887827,0.0,0.0,0.0,0.0,0.042780813456528066,144.0,124.0,146.83749999999998,0.9806759172554697,0.8444709287477655,0.31190199205973895,1.0,-1.0857881645148395,105,121,67.92147380859903
161,Furman,SC,7-4,108.83136659978709,143,109.11995204763832,196,0.4923871116264098,161,20.698007216097896,10.301992783902099,12.284309584414679,5.715690415585324,0-0,0.41367713817337515,0.41367713817337515,0,0.34111780253937307,0.3932295337820862,0.30348155219741363,0.92192454895054,0.8933535140501841,111.30727460380754,108.53298267271526,106.38310403244827,111.92371107097482,0.0,0.0,0.0,0.0,0.0,0.0,0.04749755904552899,0.0,0.0,0.0,0,0,0.30348155219741363,0,-2.0395924358139514,168,110,67.71529593012637
162,Colgate,Pat,6-5,109.53044324433948,134,109.82552774462928,210,0.49226553283387153,162,20.167591427303893,10.832408572696103,13.353513478586146,4.6464865214138555,0-0,0.4544884018583972,0.4544884018583972,0,0.3410355865111367,0.47854600849857015,0.24172250396465694,0.8770385903087767,0.7628140443211473,110.2187745303782,105.84821233566396,105.38832861581643,110.51096564778193,0.0,0.0,113.50463777662046,104.19702594708748,0.727889550038739,2.0,0.013840391085137682,0.0,0.0,0.0,0,0,0.24172250396465694,0,-2.0448238417377635,169,158,67.43618043668994
163,Elon,CAA,6-4,113.98529892790083,78,114.45915485702515,319,0.48807518075647116,163,17.438230629388585,13.561769370611415,9.85839718721867,8.14160281278133,0-0,0.3650471150227979,0.3650471150227979,0,0.4193168965394545,0.3916049329216952,0.43933109248561375,0.8862978458310665,0.8714966816943944,106.07704865638415,110.25340295021996,103.11625917221174,105.27823684199342,0.0,0.0,114.20467937422984,118.32734486388529,0.3994349250364462,1.0,-0.01481244370816892,0.0,0.0,0.0,0,0,0.43933109248561375,0,-2.3952699274859146,190,194,68.60774247991107
164,Northern Colorado,BSky,9-1,107.88696394682461,168,108.46732079420579,179,0.4845808380384149,164,20.423499884022938,10.576500115977066,10.37503198645213,7.624968013547871,0-0,0.2537522543031935,0.2537522543031935,0,0.37846138871890334,0.3421894990765701,0.4046577534605884,0.9025640010084418,0.8810345617794211,104.81348576662653,110.392288331685,107.08572735303937,110.15770141769877,0.0,0.0,0.0,0.0,0.0,0.0,0.18554456306712863,0.0,0.0,0.0,0,0,0.4046577534605884,0,-0.12571562533061087,70,7,68.81810506634106
165,Cornell,Ivy,5-5,114.1507331864467,77,114.90451882528524,327,0.48108659382272695,165,14.467393590510122,12.532606409489881,7.7431948953845,6.256805104615498,0-0,0.4259154571875512,0.4259154571875512,0,0.42321228880517664,0.41910942386188854,0.4270220919668011,0.8644915755946099,0.830203815604275,107.249951031663,108.40215284904488,103.00953115167906,104.18423928150766,0.0,0.0,0.0,0.0,0.0,0.0,-0.029439080091281822,0.0,0.0,0.0,0,0,0.4270220919668011,0,-2.941643254658911,206,215,74.4583280737
166,FIU,CUSA,5-3,107.45129626347651,176,108.16131872932137,175,0.4810739582791728,166,16.787555389574695,14.212444610425306,9.964765063815209,10.035234936184791,0-0,0.38031095439335105,0.38031095439335105,0,0.44881663826923235,0.3849949018442491,0.48391859330297293,0.8611506933926105,0.8184407741167973,110.93315890499171,108.79228826482692,104.16542838905309,103.71862584559558,0.0,0.0,105.08409092010058,111.09781782190937,0.3452517764662611,2.0,-0.010380541100600604,0.0,0.0,0.0,0,0,0.48391859330297293,0,-1.2659330048404898,116,187,71.18852049803948
167,Austin Peay,ASun,5-5,102.98871731270475,257,103.68290585006952,89,0.480695874148,167,19.077461758748314,10.922538241251686,12.323533723907914,5.676466276092086,0-0,0.47365483549820775,0.47365483549820775,0,0.33971495835255694,0.4099649584680003,0.29288162494226133,0.912712737540558,0.8616872665873777,109.33313737499694,108.11920836206873,102.03843216171074,107.7921263606639,0.0,0.0,100.32655912301564,100.78293064831254,0.48695464231974006,1.0,0.01596365758015461,0.0,0.0,0.0,0,0,0.29288162494226133,0,-2.622725958567244,196,150,69.49243648089745
168,Towson,CAA,6-4,106.45440890432806,198,107.19899937117006,155,0.479971666834753,168,17.807651747465474,13.192348252534527,9.966235384095265,8.033764615904737,0-0,0.5123400824885826,0.5123400824885826,0,0.45115746343044805,0.4848172213862416,0.4268476382401527,0.8555214539233514,0.78422240717622,111.050116729103,107.02431349860885,104.76651355264843,104.82915174543207,0.0,0.0,95.2408875109997,104.86449417587218,0.24843323407617804,2.0,0.12428618208569953,0.0,0.0,0.0,0,0,0.4268476382401527,0,-1.2752361057113102,117,31,63.23447818796308
169,Robert Morris,Horz,8-4,107.01403761203821,187,107.79804035940468,167,0.4790263632257444,169,20.144810037933173,10.855189962066824,12.322719202997042,7.677280797002958,1-1,0.37744877868142135,0.37169362842496984,0.40622452996367914,0.35671764230686037,0.34959273940804697,0.3606363389012077,0.9066342866223499,0.870656704454961,108.28239757585473,109.99898093306297,106.6372407561508,111.83604435995568,105.91310220145999,109.69867218665813,113.38425785892044,128.13372278581818,0.196809374939195,1.0,0.07090313053208186,152.0,152.0,138.79999999999998,1.0951008645533142,1.0951008645533142,0.3555709843387109,0.5,-1.7942097312753233,151,86,66.41147656884911
170,Washington St.,WCC,3-8,109.4756715218714,135,110.28035215515278,228,0.47895756708334714,170,11.158855638578427,19.84114436142157,6.860850707647351,11.13914929235265,0-0,0.5812064546692695,0.5812064546692695,0,0.5811944402643052,0.5480769928381859,0.6051125967387248,0.7894823727672688,0.8241574890839303,111.49830488208347,105.55515132737052,110.25717586677385,105.06408317623631,0.0,0.0,92.89934565733736,88.06441204980877,0.6490015175483679,1.0,-0.14752156030160585,0.0,0.0,0.0,0,0,0.6051125967387248,0,-4.875818415448546,309,352,67.64045537342987
171,Saint Joseph's,A10,6-4,105.27834244741379,218,106.08157472609216,131,0.47816203939747254,171,16.941598463284596,15.058401536715404,7.24279726369213,10.75720273630787,0-0,0.39385399733669346,0.39385399733669346,0,0.46464826960432404,0.3067615715670717,0.5874490347444091,0.8472863271761545,0.8996508792885923,106.47483268344432,110.06834368727827,100.82077074029976,100.6657097065226,0.0,0.0,94.32786629038952,104.12518152846567,0.2429823618672966,2.0,0.017863754609506954,0.0,0.0,0.0,0,0,0.5874490347444091,0,-2.0455249208446022,170,147,69.07041323509164
172,Montana St.,BSky,4-7,105.9066488962576,209,106.7509267028847,144,0.4771874927108807,172,15.718794087529751,15.281205912470249,10.244055765796473,7.755944234203528,0-0,0.4829497327219624,0.4829497327219624,0,0.4206112717415292,0.44158826285741165,0.4054612226022807,0.8769955113750664,0.8204815704785043,111.83397571098587,107.4626678184984,104.53981130961724,105.62589455549663,0.0,0.0,107.45152750917666,95.6055837278121,0.7930319462635469,2.0,-0.12073699112468972,0.0,0.0,0.0,0,0,0.4054612226022807,0,-3.947243658961514,273,330,66.24167962086464
173,Lipscomb,ASun,6-4,105.24909734923972,219,106.29301625767285,137,0.4716550686781883,173,19.336453091927446,11.663546908072561,12.18232861162473,5.817671388375269,0-0,0.43145401662294314,0.43145401662294314,0,0.36724618342826837,0.46885202832720935,0.2938641843345885,0.8746384245945424,0.7753241679917924,108.67086574125292,108.31104311989414,102.73400854912211,106.57883810588268,0.0,0.0,91.74253004888988,116.15848143360778,0.06217279314713928,1.0,0.07142813943350645,0.0,0.0,0.0,0,0,0.2938641843345885,0,-1.7186712259187613,148,85,70.73897722640419
174,Marshall,SB,7-4,107.9645694229589,164,109.09410702061356,193,0.470113347045232,174,17.758095797613393,11.241904202386609,10.758095797613391,7.241904202386609,0-0,0.4889639648256962,0.4889639648256962,0,0.4148768696348532,0.4889639648256962,0.36960142257378253,0.8934557566388319,0.8450358047638873,108.98031182371733,109.1356007344722,106.25396784585091,109.80049132112389,0.0,0.0,108.68699682161966,120.27004951820543,0.2378368253208557,1.0,0.14185584282400787,0.0,0.0,0.0,0,0,0.36960142257378253,0,-1.583562418250157,137,22,70.06220892865089
175,Portland St.,BSky,6-3,103.28600396403436,251,104.37172329133345,105,0.4699725571242136,175,16.684171015529834,12.315828984470166,10.115698466166418,7.884301533833582,0-0,0.3092928066698766,0.3092928066698766,0,0.39200948426781307,0.36871439515636856,0.40624537205814026,0.8988288635167083,0.8682392919724907,108.14869157554274,109.52474968849147,107.85573931946321,110.2782871779434,0.0,0.0,0.0,0.0,0.0,0.0,0.0054224380209807466,0.0,0.0,0.0,0,0,0.40624537205814026,0,-1.635619645789955,145,165,69.6044355881127
176,Rutgers,B10,5-6,106.85662786918044,190,108.0631401807901,168,0.4677651966726797,176,9.891350248657693,21.108649751342305,3.197522260267549,16.802477739732456,0-2,0.5396392296570861,0.446756754420502,0.9576103682217149,0.6766312059971373,0.39737794599890497,0.8302204989961652,0.6679700156575504,0.8526268215122935,108.76333773675474,104.7511024781462,113.19007500244913,103.36689760376892,106.65549587951743,110.97053126692964,103.32675003150409,112.29985021250158,0.27734360911592043,4.0,-0.006921786036937216,125.0,182.0,137.5625,0.9086778736937755,1.3230349840981372,0.8160660690822151,0.0,-2.256816859827573,182,180,66.35257736068905
177,Toledo,MAC,5-5,111.710758747541,107,113.06505352149375,290,0.4654106432481736,177,15.388707354080953,14.61129264591905,9.360267869080765,8.639732130919233,0-0,0.4491337609237559,0.4491337609237559,0,0.45272313635050926,0.4539968883014504,0.45187396838321525,0.8677695829448547,0.8477158275678125,108.40099239665332,108.51927246391512,104.89144651116578,105.22146861157334,0.0,0.0,0.0,0.0,0.0,0.0,-0.028649268530196448,0.0,0.0,0.0,0,0,0.45187396838321525,0,-3.3200321337138927,231,213,69.76425579969397
178,Ohio,MAC,4-6,109.41878146102835,137,111.04724323878744,251,0.45762899106084237,178,15.49230634026201,14.50769365973799,9.49230634026201,8.507693659737988,0-0,0.5727245335277618,0.5727245335277618,0,0.4514637734844406,0.47727044460646817,0.4342593260697556,0.8657591603195767,0.8136726121832605,109.29595129450342,105.09638876922676,101.06558931724052,101.35467850389547,0.0,0.0,110.38971179084608,115.55573155773345,0.3714587153764317,2.0,-0.024396942436717584,0.0,0.0,0.0,0,0,0.4342593260697556,0,-3.0613945406656304,213,209,70.01006947058157
179,Fordham,A10,8-4,106.0816038172092,207,107.74871798591249,166,0.45528933781611325,179,15.336440105154939,15.66355989484506,6.436262901819131,11.563737098180871,0-0,0.1939561185655293,0.1939561185655293,0,0.4361584181332797,0.18758298271708154,0.6156851214894228,0.8661549127703543,0.967748138465149,102.42002507838761,113.85048052234818,107.02454447238769,108.17231114870064,0.0,0.0,0.0,0.0,0.0,0.0,-0.13230838470140083,0.0,0.0,0.0,0,0,0.6156851214894228,0,-3.3265308263025712,232,342,64.10045235430302
180,Idaho St.,BSky,6-5,106.6080711266139,196,108.29793330054375,178,0.4549081582461231,180,17.254997848607317,13.745002151392683,9.558067340168284,8.441932659831714,0-0,0.45109359804221055,0.45109359804221055,0,0.41228732786796796,0.40697080002376657,0.41612704242211335,0.8826324481002199,0.8437468441684488,109.80246163547582,107.24868655791965,103.83767772966863,105.36221140794326,0.0,0.0,95.95692332434413,99.878426206461,0.38683760726943356,2.0,0.043341477252589855,0.0,0.0,0.0,0,0,0.41612704242211335,0,-2.2462118654920427,178,119,64.24265561123708
181,James Madison,SB,7-4,111.14424999379662,115,112.93882584131282,288,0.4540797377593275,181,17.47273875585448,12.527261244145523,10.431403719592788,7.5685962804072116,0-0,0.36800076434565415,0.36800076434565415,0,0.3910549030941075,0.415222549515559,0.3749431388131399,0.8878439632029467,0.8367546598359817,105.51225766863313,110.5748624687557,105.29789656982904,109.37208162328176,0.0,0.0,0.0,0.0,0.0,0.0,0.04483017964128788,0.0,0.0,0.0,0,0,0.3749431388131399,0,-2.1350456997841003,174,117,66.64029746394348
182,Louisiana Tech,CUSA,6-3,101.83698894367382,281,103.5229105781793,85,0.45293353000445385,182,17.123218352350936,13.876781647649064,9.70074207389631,10.299257926103689,0-0,0.27584397130714033,0.27584397130714033,0,0.39927499105182573,0.26717282686580196,0.4719311813541388,0.9053908729000381,0.9320986115350113,103.21675809577872,109.6135376080759,102.57346493851978,104.92731568893967,0.0,0.0,0.0,0.0,0.0,0.0,-0.029291574880087712,0.0,0.0,0.0,0,0,0.4719311813541388,0,-2.021957037942759,167,214,64.44628038693307
183,Mercer,SC,7-3,108.20984602800888,158,110.00846115864249,217,0.452747284277142,183,19.106136288979044,10.893863711020952,11.66447027091896,6.335529729081041,0-0,0.4253665666613246,0.4253665666613246,0,0.37262783683627704,0.4698846205304903,0.3077899810401349,0.8833256991203253,0.7968493216170691,109.92655087152633,107.2369054741546,106.79678794889956,110.99189005057397,0.0,0.0,105.48880843463343,97.07587505617533,0.7222776458385637,2.0,0.158501269943354,0.0,0.0,0.0,0,0,0.3077899810401349,0,-0.5756109657588173,83,13,70.42951199582956
184,Fresno St.,MWC,6-5,105.24778170588766,220,107.10783734775566,151,0.4498032436589659,184,12.50265040068267,18.49734959931733,6.502650400682668,13.497349599317328,0-0,0.40478611888781707,0.40478611888781707,0,0.5599639051649451,0.4047861188878169,0.6453116876173656,0.8132672143355294,0.8806549834354519,106.87993997613246,108.5909559262648,109.89642804902626,106.26757972227529,0.0,0.0,88.87569953745836,96.94267173702688,0.2691121415123263,1.0,-0.04469138645687831,0.0,0.0,0.0,0,0,0.6453116876173656,0,-3.1738481391791584,224,238,69.44453062565606
185,Abilene Christian,WAC,7-3,103.3079015961317,248,105.52002891286011,123,0.43938717321339893,185,16.606416472995253,14.393583527004745,9.001922579309243,8.998077420690759,0-0,0.31451775538076465,0.31451775538076465,0,0.43526208492634316,0.41370041109585853,0.45083440491502647,0.8520821030789522,0.8211487510398195,105.44573087404578,107.50765852937946,106.5066842701696,106.58653811676581,0.0,0.0,0.0,0.0,0.0,0.0,0.059564375373851175,0.0,0.0,0.0,0,0,0.45083440491502647,0,-1.8451796376452565,154,95,66.37158275709213
186,Rice,Amer,5-6,107.01952579274129,186,109.4854533030832,204,0.4348783924169073,186,14.306800520267792,16.693199479732208,7.767414961025563,10.232585038974438,0-0,0.4384087812551826,0.4384087812551826,0,0.4639781448823396,0.39616465526664396,0.5129545540492308,0.8665508889307832,0.8666281277269934,108.04558211719946,107.82143931395926,104.77224699999722,104.5607859700178,0.0,0.0,106.99938637883135,102.1606398407661,0.6299916950526034,2.0,-0.08038060237125616,0.0,0.0,0.0,0,0,0.5129545540492308,0,-3.750259489077532,261,293,66.20775964648638
187,South Alabama,SB,8-3,105.65880844999312,212,108.11180683172077,172,0.4343967694663986,187,19.33179179780359,10.668208202196409,10.33179179780359,7.66820820219641,0-0,0.36076372139498925,0.36076372139498925,0,0.35211964715527294,0.33070007794540685,0.3663993599618504,0.920217129235956,0.9171074561769813,104.4886488165873,109.95865547865381,100.6174676607554,106.2112480141087,0.0,0.0,0.0,0.0,0.0,0.0,0.15515609396283314,0.0,0.0,0.0,0,0,0.3663993599618504,0,-1.4255902274605439,127,17,65.7018116249464
188,UT Rio Grande Valley,Slnd,3-6,104.30957832588265,234,106.7366143781265,143,0.43425483770653284,188,15.7887896980668,15.2112103019332,11.7887896980668,10.211210301933198,0-1,0.530058649644396,0.5147448050865824,0.6525694061069043,0.41174688152307,0.4575509378547399,0.3930088584782959,0.8705239070300903,0.774359734263511,110.8586454336062,104.66696438165503,102.7940297823085,104.4791753997993,91.2837614892455,104.63368942696786,108.00780207963399,104.30956801853958,0.5988472513327536,3.0,-0.08479891939950052,60.0,73.0,68.5,0.8759124087591241,1.0656934306569343,0.3806488324007431,0.0,-3.1059392096276306,217,299,69.08784001469418
189,Stony Brook,CAA,8-3,106.89674508348159,189,109.45451438706027,203,0.43243443680648763,189,18.29800686279105,12.701993137208957,9.140756785384893,8.859243214615109,0-0,0.3670014828627648,0.3670014828627648,0,0.40248638057748426,0.3655569495592538,0.42915763631287296,0.902431492306327,0.9003716117221877,105.77427330940601,108.42081638679267,105.57851318318694,108.72666994024802,0.0,0.0,0.0,0.0,0.0,0.0,0.1335063714941246,0.0,0.0,0.0,0,0,0.42915763631287296,0,-1.3103216645032152,120,27,67.14621755694728
190,Florida Gulf Coast,ASun,5-6,108.6804860365337,147,111.32172707573358,256,0.43140030184481026,190,17.387656128489073,13.612343871510923,11.28528374189777,6.71471625810223,0-0,0.43282720375150646,0.43282720375150646,0,0.36102293018255,0.43019655343933616,0.311064202274871,0.8998629926484301,0.842398792236024,109.6646951206324,109.65044273295253,102.53662488260173,107.02239425612268,0.0,0.0,101.78603883558718,127.93450011548171,0.06726865527368842,1.0,-0.08169127786182323,0.0,0.0,0.0,0,0,0.311064202274871,0,-3.8055116265090554,265,295,70.47157103241764
191,UT Arlington,WAC,7-3,102.70137005401892,262,105.2073493075402,114,0.43113090909615015,191,16.5797181140534,13.420281885946597,8.842032837259687,9.157967162740315,0-0,0.3849725843289403,0.3849725843289403,0,0.43445784335978216,0.4085739584370408,0.45171376664160984,0.8796708994052623,0.8802339916130514,106.58280247128467,107.17765883441005,105.91798124033882,107.38859863997506,0.0,0.0,0.0,0.0,0.0,0.0,0.15361369661042334,0.0,0.0,0.0,0,0,0.45171376664160984,0,-1.40640485220874,125,18,66.35283673420186
192,Charleston,CAA,5-6,108.52225585595272,151,111.19430433339477,253,0.430521275093205,192,15.39558265867113,15.60441734132887,9.048600486932026,8.951399513067974,0-0,0.48286611898041565,0.48286611898041565,0,0.4399541522157674,0.4478617926666221,0.4342430785568168,0.89036883102713,0.8736746966355889,109.3519862450845,108.53285079491559,107.30091540238361,109.62638349622218,0.0,0.0,0.0,0.0,0.0,0.0,-0.027149464842119553,0.0,0.0,0.0,0,0,0.4342430785568168,0,-3.713114077755365,258,212,66.57153139458691
193,Southern,SWAC,4-6,105.38415319809343,216,108.08411626468441,169,0.42777833736424126,193,16.67824899524032,14.32175100475968,12.378438475412203,5.621561524587796,0-0,0.46545077177065125,0.46545077177065125,0,0.3741755540739577,0.551542170628254,0.24607744211807717,0.8552627561648446,0.7127189843066696,113.44428964231675,104.77225505356857,106.55892105282001,109.76567107926795,0.0,0.0,106.5030159480952,109.0258971811655,0.4330937811131872,3.0,-0.06746663172720008,0.0,0.0,0.0,0,0,0.24607744211807717,0,-3.043331085978292,211,271,73.00848987049676
194,Charlotte,Amer,4-7,107.6540758120168,171,110.42651615124073,234,0.4274132688496795,194,13.188795916658867,17.811204083341135,7.692344550155388,10.307655449844614,0-0,0.47231045798333415,0.47231045798333415,0,0.4847590400002338,0.4385645722835806,0.5181217111289276,0.8620510406004255,0.8804231762492348,108.26082655693855,107.48688194441584,108.50490051201274,108.38464589853464,0.0,0.0,119.8180686273877,118.24074911186183,0.5380250883993465,1.0,-0.12207364622159822,0.0,0.0,0.0,0,0,0.5181217111289276,0,-4.759614534598111,305,332,63.7124430621969
195,North Alabama,ASun,5-4,106.31735833647842,203,109.12745063710827,197,0.4255548215038947,195,17.103925296050743,11.896074703949255,11.301888202294066,6.698111797705935,0-0,0.4410798458465974,0.4410798458465974,0,0.3574919267400652,0.4452947219940626,0.3038346629737334,0.9002764309596125,0.8345153053483501,110.31491089774356,106.85817255110096,106.1309574813623,111.20653099518606,0.0,0.0,105.1558429633162,118.14454285781382,0.20761672817023175,1.0,0.05309296485433468,0.0,0.0,0.0,0,0,0.3038346629737334,0,-1.8393678585872864,153,106,67.1142348799954
196,Incarnate Word,Slnd,5-5,111.38028609382701,113,114.6047222924285,323,0.41867996247955447,196,16.352169298611113,14.647830701388886,11.519802948346305,10.480197051653693,1-2,0.4134553165176264,0.37487869905704674,0.5034674239256457,0.4001332022836553,0.41415854886196163,0.3943955605016209,0.8758484654613221,0.7937974182969385,111.54033197580462,106.43980866131487,105.97571736428105,107.814966044581,111.1663493788427,114.54265627882778,103.73761382054599,112.66592467294701,0.27899224242680626,2.0,-0.033758541635930506,221.0,225.0,199.3375,1.1086724775819903,1.1287389477644698,0.3771736873294065,0.3333333333333333,-2.7089101218681546,198,222,66.33895627738694
197,Illinois Chicago,MVC,4-6,107.07995036911976,184,110.23024237305341,224,0.41740174853988743,197,12.61804174084081,18.381958259159184,7.272584834732053,12.727415165267946,0-1,0.41800652366064356,0.37890558245205397,0.7699149945379505,0.4905583003786444,0.3556182945204391,0.5647753036006573,0.8596367382558335,0.8941729422878741,108.51048603235148,110.27121346459688,104.51146175136688,103.62492990890117,139.83394546006264,126.17809387552253,0.0,0.0,0.0,0.0,-0.1113479241645684,84.0,87.0,63.8125,1.316356513222331,1.3633692458374143,0.5539784777618525,0.0,-3.979009464263325,277,326,68.00736639599019
198,Montana,BSky,5-5,108.33465341416971,153,111.73421738822566,266,0.4120914782688953,198,16.08611888324481,14.913881116755189,9.06429020854902,8.935709791450979,0-0,0.4056934495143526,0.4056934495143526,0,0.40133905737315057,0.3858283829479828,0.4125412111246607,0.8831158261576436,0.8384142690901157,108.30384640861988,107.5280219868949,100.29003194647336,101.19035186399483,0.0,0.0,119.40299563274638,114.90025157692499,0.6087495459373933,1.0,-0.049467577493041315,0.0,0.0,0.0,0,0,0.4125412111246607,0,-3.113839009307723,218,249,69.79058506522502
199,Lamar,Slnd,5-4,101.7234732531094,287,104.99427134182454,112,0.4100040571093473,199,16.515426415726804,14.484573584273198,10.819921544474406,11.180078455525596,0-1,0.36713175446076146,0.37662118468795724,0.2912163126431954,0.38701921099216285,0.3670989535848833,0.39516840720423174,0.8945827380667882,0.8589190208067871,106.8879063955175,107.78445195343387,105.78554674795684,109.21523470425224,86.01032755288048,100.49732729722123,109.39911618758893,109.04520512794997,0.5093147531561562,2.0,-0.021940871320808464,49.0,57.0,60.150000000000006,0.8146300914380714,0.9476309226932668,0.4001185069452335,0.0,-2.2516413401422852,179,204,66.56928340483674
200,Southern Miss,SB,6-5,107.39068921106653,179,110.88589665635863,244,0.4089459114916677,200,16.045652405016696,13.954347594983304,9.991043633136059,8.008956366863945,0-0,0.3856613417351053,0.3856613417351053,0,0.39068260088982404,0.42842366252850284,0.3655218931307047,0.8855526419226091,0.8256823251172422,107.31610408530524,108.08572971827492,105.53295774909894,108.80738005092905,0.0,0.0,103.97263234814847,101.93616532249256,0.556626186535614,1.0,0.0073994323890251845,0.0,0.0,0.0,0,0,0.3655218931307047,0,-2.8496042488546536,203,162,67.63380038138847
201,Monmouth,CAA,5-6,106.79455989630745,191,110.2930046873066,231,0.40837540823102403,201,15.055516957766354,15.944483042233644,8.681485122326784,9.318514877673215,0-0,0.39914754402548824,0.39914754402548824,0,0.41239163390998085,0.3837445324304467,0.43308120720075555,0.894658625413815,0.8817527852684562,104.96299342234325,107.15016216761236,105.4515136552549,108.43914400211885,0.0,0.0,106.21775218476628,100.38889652572618,0.656797682030229,2.0,-0.06304057158175996,0.0,0.0,0.0,0,0,0.43308120720075555,0,-3.9033034334996337,269,261,67.16105519076707
202,San Jose St.,MWC,5-6,107.79757401925713,169,111.36121888533262,258,0.4075685901437316,202,10.827801656159698,20.172198343840304,5.8278016561597,14.172198343840305,0-0,0.47886181396962707,0.47886181396962707,0,0.5897119752639681,0.4788618139696274,0.6506795639758556,0.794265161271144,0.8355403772899112,109.82641821811997,107.9722619905585,110.63514223177361,105.64224552058434,0.0,0.0,104.73966476547211,109.20917499318186,0.3821216207202436,1.0,-0.021285941319898083,0.0,0.0,0.0,0,0,0.6506795639758556,0,-3.5212542722057227,248,203,64.88974814116996
203,Cal St. Northridge,BW,6-5,107.51707248392849,173,111.19564251288257,254,0.40446913655324035,203,16.515643753709643,15.484356246290359,9.633877826315999,10.366122173684001,1-1,0.42705175706108744,0.42392837473250516,0.4411069775397078,0.4237754947958465,0.4019500739809114,0.4368707472848075,0.8900802621975628,0.8851206255315595,105.42899971416212,106.88510807144114,102.62887836530923,104.63086144519131,113.32889163359691,111.0280009105525,0.0,0.0,0.0,0.0,0.053254522170369745,158.0,151.0,143.89999999999998,1.0979847116052817,1.0493398193189716,0.43640005503426305,0.5,-3.0360135453312567,210,105,73.20891684298097
204,Queens,ASun,5-6,114.88713366197751,73,119.04568704511576,353,0.399174193103409,204,16.23268706302572,14.767312936974285,11.146523616993777,6.853476383006221,0-0,0.46860523554656575,0.46860523554656575,0,0.3947671449862445,0.5375035691866947,0.2916797275081414,0.8533895614899457,0.7212798358942994,109.78599451080774,109.20820137937338,106.9487776797139,110.59036421551826,0.0,0.0,116.20982466140268,128.21527623141762,0.2440498323463174,3.0,-0.018286871967433616,0.0,0.0,0.0,0,0,0.2916797275081414,0,-2.874136100281257,204,199,68.00340268474791
205,Texas St.,SB,7-5,102.5037304504208,266,106.21837098352604,134,0.39906182846188504,205,16.52478234853168,13.475217651468318,9.524782348531682,8.475217651468318,0-0,0.31633303653504347,0.31633303653504347,0,0.3549633396781126,0.31633303653504347,0.38071687510682517,0.9247816997278021,0.9301390564602606,104.41479215078391,109.64911437000691,104.79157644470834,110.03553699911217,0.0,0.0,0.0,0.0,0.0,0.0,-0.03874183713963142,0.0,0.0,0.0,0,0,0.38071687510682517,0,-3.663457220964788,254,232,66.84905641608431
206,UC Davis,BW,5-4,104.26558828810114,237,108.10208817956975,171,0.3975824112302512,206,16.05474161781912,14.945258382180878,9.346474428777544,10.653525571222454,0-1,0.4940350730949118,0.462464938038977,0.7465961535423905,0.43698645458596724,0.4359691002119995,0.43754599949164963,0.8788855013154553,0.8534928143071882,108.58423687024933,106.04731616981563,103.24093421076691,104.58883680520897,105.94501857887738,107.32582186785876,90.32743340822616,132.66415606481485,0.011886842428074808,1.0,0.11830386604533272,69.0,75.0,71.35,0.9670637701471619,1.051156271899089,0.4212802019100316,0.0,-1.6284070927840384,143,38,68.88938186991142
207,Indiana St.,MVC,7-4,102.75100645719453,260,106.70955806981598,142,0.3929988562515097,207,13.965192755875105,17.0348072441249,6.965192755875106,13.034807244124895,0-0,0.33767101689678025,0.33767101689678025,0,0.48573329997602976,0.33767101689678014,0.5671675556696172,0.8513666392039811,0.8721985343691208,104.95750300563616,107.38673803069555,107.50788840492321,106.35013741823005,0.0,0.0,102.65366221074423,108.24520170531434,0.3520729911538453,1.0,0.05268439337925912,0.0,0.0,0.0,0,0,0.5671675556696172,0,-2.1592454344801393,175,108,70.61481245078802
208,Tarleton St.,WAC,7-4,106.11567374437027,206,110.26980171052804,227,0.39135884318274733,208,16.8681351511098,14.131864848890201,8.136754445598436,9.863245554401564,0-0,0.4044853024176611,0.4044853024176611,0,0.41557660224139215,0.3573970949946347,0.45759513525293927,0.862653991026492,0.8344580697474575,110.86898629908937,103.7617217291346,105.5572676595548,106.54874017661442,0.0,0.0,109.7684126191447,117.05068221656869,0.32328990959224296,3.0,0.08646051297944135,0.0,0.0,0.0,0,0,0.45759513525293927,0,-1.1921139179503513,110,72,69.57513178346409
209,Old Dominion,SB,3-8,106.67085963056063,195,110.8881068482452,245,0.3903367904371285,209,12.7623030692392,17.237696930760798,9.591352975205554,8.408647024794446,0-0,0.556213488470322,0.556213488470322,0,0.44694744199746717,0.5679622815709208,0.3662708822818316,0.85907756459217,0.7604975102430124,110.36185050409452,105.91288167604648,106.64906976698597,108.47541375287628,0.0,0.0,122.26504287864313,118.95702860591167,0.5782105311356618,1.0,-0.0871020914829429,0.0,0.0,0.0,0,0,0.3662708822818316,0,-4.361050305920697,290,307,69.42345505354959
210,Navy,Pat,6-5,103.30355864033847,249,107.41657561832173,161,0.3896007332282952,210,19.711866991524055,11.288133008475949,11.753998300572885,6.246001699427113,0-0,0.3825310934633707,0.3825310934633707,0,0.2837536872908004,0.326486135583024,0.25289136352419445,0.9239975701199891,0.880020685783518,105.5348341662313,109.08894942213092,100.04053279634766,108.8329395043737,0.0,0.0,96.56841465058955,95.10972757535751,0.5436474570196719,1.0,0.0006848082574587577,0.0,0.0,0.0,0,0,0.25289136352419445,0,-2.849317467096175,202,170,68.41118066364537
211,Southeast Missouri St.,OVC,5-6,105.01983647775509,223,109.26144036416547,198,0.3880932185391945,211,18.24477992230484,12.755220077695162,13.244779922304836,6.755220077695162,0-0,0.43527623791461817,0.43527623791461817,0,0.31010630791837596,0.43527623791461817,0.24126284642044257,0.9052881284915977,0.8058004179611719,111.70115608126169,105.59960060010448,103.80206660794211,110.087296473165,0.0,0.0,109.76964434646831,110.17265129981925,0.48946564755465966,3.0,-0.04600760390551123,0.0,0.0,0.0,0,0,0.24126284642044257,0,-3.230829067339361,228,241,71.5837200085984
212,UNC Asheville,BSth,4-7,106.39722656232375,200,110.70905698791813,241,0.3877332078671978,212,14.943322015606878,15.056677984393124,8.774667123396474,7.225332876603525,0-0,0.4329601149124471,0.4329601149124471,0,0.37242077921421846,0.39006313345908705,0.35698371924995864,0.9018522802541332,0.880518074980336,107.66887199479451,107.95571620048395,99.05596821534627,102.43420034299267,0.0,0.0,103.32256471707112,94.91724292897574,0.7262700084499392,1.0,-0.12972151896831485,0.0,0.0,0.0,0,0,0.35698371924995864,0,-4.977790529413707,315,339,66.69266833096002
213,Georgia Southern,SB,8-5,107.91896455941895,166,112.35595567717549,279,0.386191178960672,213,17.657457258034167,13.342542741965833,9.657457258034167,8.342542741965834,0-0,0.3309624484528801,0.3309624484528801,0,0.34809823068873597,0.3309624484528801,0.3604740734146318,0.9274545384175541,0.9210596483984408,103.99531004163991,108.7365732145101,103.99176511437734,109.37605664681554,0.0,0.0,0.0,0.0,0.0,0.0,0.04039792426845257,0.0,0.0,0.0,0,0,0.3604740734146318,0,-3.376901021315062,238,124,72.39869752176007
214,Bethune Cookman,SWAC,3-7,106.69769155946793,193,111.10383835462282,252,0.3857160515129985,214,15.043637480752718,15.956362519247282,11.901427634041958,6.098572365958043,0-0,0.5692454217208401,0.5692454217208401,0,0.4130954095189459,0.6466127455059111,0.24444400019502666,0.819267123400078,0.6256528096058275,112.41402654228557,105.31808807960073,106.53837357179641,108.92865945781823,0.0,0.0,102.8903058046539,112.6408002388476,0.2609153309212814,4.0,-0.06317360944130418,0.0,0.0,0.0,0,0,0.24444400019502666,0,-3.146457699414674,221,262,66.70632422809685
215,Vermont,AE,7-5,110.18793926777397,127,114.81890628360351,325,0.38380231974460893,215,20.288543211377544,10.711456788622455,11.871610178199399,4.128389821800603,0-0,0.3954683841840698,0.3954683841840698,0,0.2841102944181527,0.4035710167357234,0.17211586724543027,0.9424924543592716,0.9091386035398182,106.53904061223625,107.49429838570643,101.68886724484035,110.59803811851882,0.0,0.0,0.0,0.0,0.0,0.0,0.0855710309084961,0.0,0.0,0.0,0,0,0.17211586724543027,0,-3.1655088035378176,223,73,65.56912684850948
216,Tulane,Amer,7-4,109.66955635341652,132,114.28670888482328,314,0.38361261646291644,216,14.102936548446056,16.89706345155394,5.964702404052127,12.035297595947874,0-0,0.39455271912597484,0.39455271912597484,0,0.4982795657697319,0.3936287047341362,0.5738607431843288,0.8709472615349292,0.9119067137849806,106.14960262829186,108.69524403618854,108.24092116982565,107.4669348125413,0.0,0.0,121.88185752000355,124.28645067480568,0.4440668055093317,1.0,0.08818197368523384,0.0,0.0,0.0,0,0,0.5738607431843288,0,-2.393041147585755,189,70,67.24709754996431
217,Milwaukee,Horz,4-6,107.49828146803182,174,112.03688046510774,270,0.38330056310654786,217,14.374044514150055,16.625955485849943,10.965393016655655,9.034606983344345,1-0,0.4939662715806536,0.5038055214171073,0.40541302305257004,0.4308131598110276,0.541361225777277,0.37001172352959033,0.8591330144690886,0.742398860954363,110.26037691210414,106.60284736883652,108.01851659966819,109.96350471418323,101.70268385223305,104.5330798242878,114.27674592544163,112.8643321382593,0.5356944174862646,2.0,-0.04364675185337852,74.0,72.0,71.1625,1.0398735288951344,1.0117688389249957,0.3681484972389072,1.0,-3.116168533990834,219,236,70.60722441113649
218,Valparaiso,MVC,6-4,102.5089664108475,265,106.97094476834931,148,0.3798982116654731,218,12.805435091587626,18.194564908412374,6.7265652786596,13.2734347213404,0-0,0.33551330789237094,0.33551330789237094,0,0.5021165334168963,0.3815045093608749,0.5684531466477082,0.8447442875292882,0.854217800887506,104.61365336437693,109.85007412846079,107.77339864859586,106.9311575594293,0.0,0.0,90.50708411833861,127.16732102406208,0.019630035490820978,1.0,-0.01142910993083901,0.0,0.0,0.0,0,0,0.5684531466477082,0,-2.428519134913399,192,188,66.70009779454257
219,Northeastern,CAA,4-5,101.98143281780875,277,106.61089583748674,140,0.37506648522337427,219,12.106618304034308,16.893381695965694,7.8544102390977395,10.14558976090226,0-0,0.41754666438822857,0.41754666438822857,0,0.4606675187571595,0.4795781900241866,0.44911099742730953,0.8776760341956973,0.8373789176809617,107.34124886936716,110.54068922149685,107.63298532430277,109.1397790175697,0.0,0.0,109.15796164450522,105.91893169173892,0.5857450906998514,1.0,-0.019719875486682636,0.0,0.0,0.0,0,0,0.44911099742730953,0,-3.368302405318352,236,200,70.09896197435775
220,Weber St.,BSky,5-5,105.32259096162683,217,110.14431588946188,221,0.3740735037620051,220,15.156385573380359,15.84361442661964,8.349222708891116,9.650777291108884,0-0,0.40836908652737913,0.40836908652737913,0,0.4077964345248886,0.39548914609202573,0.41668503172640076,0.8910437287636325,0.8590232918249054,105.08159951742508,107.24101336040603,102.60776814655895,105.16426665517747,0.0,0.0,112.13218646290106,105.79781194372941,0.661213931767521,1.0,-0.011987160695930754,0.0,0.0,0.0,0,0,0.41668503172640076,0,-2.9791079203097186,208,190,70.08564988070688
221,UTEP,CUSA,3-6,102.17916941507019,270,106.85996367796326,145,0.3739984951844666,221,11.776209750486197,18.223790249513804,8.066903069790603,11.9330969302094,0-0,0.45146329038567795,0.45146329038567795,0,0.46611996580474613,0.43113942717001413,0.4836102351221121,0.8747661248045758,0.8513424130103364,109.71468605294899,102.24612633890922,107.2028723552295,106.38261743920769,0.0,0.0,84.54671648821098,97.66224360249278,0.159973654309853,1.0,-0.14829441373003882,0.0,0.0,0.0,0,0,0.4836102351221121,0,-3.9049913709528354,270,353,66.2619810837852
222,New Orleans,Slnd,3-8,107.40817127649387,178,112.49032679236596,282,0.3701306935799103,222,12.355374081116427,18.644625918883573,10.355374081116427,11.644625918883571,1-1,0.6489211870604759,0.7266561086462637,0.29911403992443025,0.493930730120617,0.7266561086462637,0.39872489345103423,0.8203821962338239,0.6059016772354267,112.68829771085544,104.23916557678322,107.26215347604933,106.59457671792971,113.63729748699814,122.66567709404505,101.78910672642706,103.53627441743083,0.451226148859184,4.0,0.02118818075823181,160.0,168.0,134.5375,1.1892595001393664,1.2487224751463346,0.4086859788036946,0.5,-3.3856306333534993,239,142,70.7585694915246
223,Northern Kentucky,Horz,9-3,105.24446982025324,221,110.35152884637057,233,0.36704190829466904,223,18.56535400492204,12.434645995077966,9.982906158427,10.017093841573,1-1,0.27390991815379473,0.2737183567357153,0.2748677252441917,0.3396313826283885,0.28149143514854136,0.37160835374230444,0.914217520169807,0.8984606154993807,107.52491690321911,112.78150916629063,107.02119666318895,112.26594955024058,109.45588461630933,110.67072312172887,98.41142538508831,116.21250466482806,0.12875288046221278,1.0,0.10373846684589572,172.0,159.0,147.2125,1.1683790438991253,1.080071325464889,0.38235731246431703,0.5,-1.4207967886867845,126,50,70.02351489622183
224,Buffalo,MAC,9-2,108.8217381030385,144,114.11685697315157,312,0.36670316950370724,224,17.69361274138807,12.306387258611927,7.693612741388071,10.306387258611927,0-0,0.30548384418299296,0.30548384418299296,0,0.38947528282095983,0.2800268571677436,0.4624408999231039,0.9049280288466311,0.9446097492741637,104.35712138352385,111.31707711107374,103.26082669414659,106.67178564897101,0.0,0.0,0.0,0.0,0.0,0.0,0.22664904878529357,0.0,0.0,0.0,0,0,0.4624408999231039,0,-0.9222738400437503,98,1,66.97598166100245
225,Campbell,CAA,5-5,104.92597540673137,226,110.26218019517634,225,0.3611289289075013,225,13.800275270393662,17.199724729606338,7.960306947557735,10.039693052442267,0-0,0.4671509041248215,0.4671509041248215,0,0.4683898719889506,0.5109426260493336,0.4376573273897853,0.8342784894710953,0.7489718261325946,109.9579667061079,105.37027864256224,108.32412914359332,107.62067292599444,0.0,0.0,99.21334850469664,111.8665869969475,0.20094545931557403,3.0,0.04579068863134711,0.0,0.0,0.0,0,0,0.4376573273897853,0,-2.2196197397928046,177,115,72.01864923037101
226,Cal Poly,BW,5-6,105.13915744822744,222,110.65683663760163,239,0.3570446831121188,226,13.597284976110325,18.40271502388968,8.541721252033286,11.458278747966713,1-1,0.448461725280068,0.4851460465698867,0.2833822794758838,0.46737112726896257,0.5104455997075881,0.4415264438057873,0.8531288171290202,0.7888176144228397,110.50403487489326,107.76714018754845,108.08786400460463,107.8003288750325,108.46344233410065,119.85603688300355,98.4351271712705,103.77217104972205,0.35269789296624987,2.0,0.020678858350702545,178.0,179.0,156.8875,1.1345709505218708,1.1409449446259263,0.45909801762022107,0.5,-3.366441339589412,235,143,76.81380686691027
227,Texas A&M Corpus Chris,Slnd,4-5,99.64475784770273,325,104.89463960839083,111,0.3565276626989831,227,15.050477892095053,15.949522107904947,11.050477892095053,10.949522107904949,1-0,0.4911134443911259,0.492031029776195,0.48377276131057345,0.4108043417046364,0.4373609153566178,0.3999402888470078,0.8639698364545403,0.756855249931205,113.37956180602124,101.3188036533216,103.32923905703001,103.8879036634089,95.3769354614156,88.69164628495761,90.13148823105153,93.63378048300368,0.39212256455235434,3.0,0.014992494737156914,57.0,49.0,60.150000000000006,0.9476309226932668,0.8146300914380714,0.39594826634874264,1.0,-2.0183341668655737,166,152,68.7048984362378
228,Nebraska Omaha,Sum,5-7,107.4823876168106,175,113.15927905970725,294,0.35619952021508694,228,14.908455094207415,16.09154490579258,8.531308610699975,7.468691389300026,0-0,0.4174015875821156,0.4174015875821156,0,0.38330059129026034,0.42215050124653786,0.3468788007062503,0.8855059239131466,0.8442438552068082,110.43862684933302,107.6407804775473,103.04038525691959,105.60609924120176,0.0,0.0,111.17155290945061,119.91830875373878,0.29505322547911433,2.0,-0.0720615575045434,0.0,0.0,0.0,0,0,0.3468788007062503,0,-4.481327105612963,293,277,68.43916715670393
229,LIU,NEC,6-4,104.98916607420443,225,110.54565085125503,237,0.3559305095738825,229,19.151178918127222,11.848821081872778,12.76244371612093,5.237556283879068,0-0,0.4577701908830516,0.4577701908830516,0,0.32578321090951884,0.5251453506934024,0.1817994432878251,0.8917980776648561,0.7811046500991269,108.5330509801984,109.11666797863218,104.00168459522575,111.59855491220503,0.0,0.0,96.14972352437165,115.97087933608096,0.10382080414865598,2.0,0.18821969976438913,0.0,0.0,0.0,0,0,0.1817994432878251,0,-1.7042343812990197,146,5,70.83018818580474
230,American,Pat,7-4,104.10491961345309,239,109.73721538949019,209,0.35298881247584735,230,18.201501675210853,12.798498324789149,11.10997389723733,6.890026102762674,0-0,0.3273561257787678,0.3273561257787678,0,0.3230520700016406,0.41466477209647656,0.2568873407109258,0.8969753569121247,0.8171382804448359,104.99179614547567,109.56810104345104,104.72728278226548,111.41117010876269,0.0,0.0,106.364259257335,106.22513320981858,0.5037629336757578,1.0,0.025559086275299348,0.0,0.0,0.0,0,0,0.2568873407109258,0,-2.2817618856657518,184,135,70.3315104097931
231,Eastern Washington,BSky,2-8,109.45882088099617,136,115.44604209836578,334,0.3515049328984763,231,10.454382485468816,20.545617514531184,7.913868308837118,10.086131691162883,0-0,0.5004658453849067,0.5004658453849067,0,0.47338138285611353,0.5484714227947447,0.41914968734488006,0.8523911109732238,0.7677905309607607,108.4743872775544,105.74153246586337,107.90418717370393,107.83865565351023,0.0,0.0,113.3547471734209,102.16984054951155,0.7675780743693559,1.0,-0.17752173702979251,0.0,0.0,0.0,0,0,0.41914968734488006,0,-5.3088438265017945,322,363,70.43389422364933
232,Jacksonville St.,CUSA,4-5,102.00280424352874,276,107.59983705848944,164,0.3510751710483573,232,12.350015533710053,18.649984466289947,7.458968105765011,12.541031894234989,0-0,0.26014566310490506,0.26014566310490506,0,0.4208098057478722,0.29095322747514296,0.49223092379787337,0.904279507367302,0.9389904155160695,103.83224743493624,108.23306646591006,106.5527938876678,107.92411082557007,0.0,0.0,0.0,0.0,0.0,0.0,-0.21350218309612623,0.0,0.0,0.0,0,0,0.49223092379787337,0,-4.255222813605817,286,365,65.35281259865948
233,Missouri St.,CUSA,4-5,104.52236483042415,233,110.33133652815059,232,0.3493268081141169,233,13.025944814472947,17.974055185527053,7.5924255369054885,12.407574463094512,0-0,0.3539306790312179,0.3539306790312179,0,0.4309693051960922,0.3302147211758743,0.48638432640721196,0.8912275397954823,0.904292393070477,108.71011557776603,106.98760585145486,106.94254937552728,107.79617054047854,0.0,0.0,0.0,0.0,0.0,0.0,-0.12757441012530346,0.0,0.0,0.0,0,0,0.48638432640721196,0,-3.5335706991182625,250,335,66.10286923045085
234,San Diego,WCC,4-6,107.19850854419374,181,113.19781506613586,295,0.3483665283497773,234,9.505753092023548,20.494246907976454,5.3314871978762435,12.66851280212376,0-0,0.37605521781062395,0.37605521781062395,0,0.5361029864836061,0.4478863397733889,0.5949140842904176,0.8186533773723369,0.8675202190404694,106.77754937029297,110.01451367287095,109.13116610386885,106.15347733352677,0.0,0.0,0.0,0.0,0.0,0.0,-0.1274467178304931,0.0,0.0,0.0,0,0,0.5949140842904176,0,-4.722042906594347,302,334,69.86924529701253
235,Appalachian St.,SB,7-5,102.82131282323539,258,108.62038842136937,181,0.34729188403637473,235,15.912111269561663,14.087888730438337,8.912111269561665,9.087888730438335,0-0,0.3649770763175842,0.3649770763175842,0,0.3660478453966444,0.3649770763175842,0.3667616914493513,0.9095565392366028,0.8890779889653335,107.8626769520858,110.26607716271235,105.71432446095741,110.3223373740389,0.0,0.0,102.13154397144665,102.5064609000758,0.48946698185322135,1.0,0.06985546554693989,0.0,0.0,0.0,0,0,0.3667616914493513,0,-3.0634714626419717,214,88,62.86792331441856
236,Portland,WCC,7-4,104.2601412480859,238,110.1410293132054,220,0.3472761876565923,236,12.38105660253346,18.61894339746654,5.1018848351098605,12.898115164890141,0-0,0.3517818770044075,0.3517818770044075,0,0.5255566652925949,0.4083083547417155,0.6102360006904524,0.8105757261191037,0.8789285735240433,106.83711236280774,109.97518745308498,109.73809483846267,106.23706908483801,0.0,0.0,0.0,0.0,0.0,0.0,0.05646347123774176,0.0,0.0,0.0,0,0,0.6102360006904524,0,-2.557607506673092,194,100,70.39786863018931
237,Chattanooga,SC,5-6,107.69310960330401,170,114.00275820397061,306,0.34191409817725027,237,15.718110644315122,15.281889355684878,9.758817384425667,8.241182615574331,0-0,0.3619574140354794,0.3619574140354794,0,0.3332080063739914,0.35167538756446803,0.3198704532919805,0.9111287963227226,0.8748437508242369,108.25326772883692,107.66633178993688,105.69618308450484,111.39451165605237,0.0,0.0,114.44010491577933,115.74369389466597,0.4674819138604699,2.0,-0.10382572484857383,0.0,0.0,0.0,0,0,0.3198704532919805,0,-3.9328793009438985,272,323,65.42757673665186
238,Lindenwood,OVC,6-4,102.67447248894376,263,108.70075137651901,182,0.34166018101806267,238,19.12860487223817,11.871395127761831,12.781533798844562,7.218466201155435,1-0,0.39981066997689035,0.41734336077872825,0.24201645276034933,0.2933084125618962,0.37963993136372587,0.24582607722088987,0.9048665872674319,0.8069081711218874,108.06934523514765,106.21414632468819,99.59151410820093,106.4530839152907,108.64304364795481,115.1800339343993,90.75419686183864,106.56761879175693,0.1362034774626433,3.0,0.10102433607343203,82.0,74.0,71.7375,1.1430562815821572,1.0315385955741418,0.24602658377144462,1.0,-1.4034302166155186,124,53,72.53475124795169
239,Brown,Ivy,5-7,98.18640294490565,340,104.0220398018556,96,0.3398521551227948,239,11.802164518634036,16.197835481365964,5.759325225756794,8.240674774243207,0-0,0.3355580280226111,0.3355580280226111,0,0.39917949019084215,0.3515543164382208,0.4468046639434631,0.8880975145609141,0.8860544324714025,104.85887048210688,110.64785352771841,103.54792573675714,106.15334481844005,0.0,0.0,0.0,0.0,0.0,0.0,-0.1276469725787372,0.0,0.0,0.0,0,0,0.4468046639434631,0,-5.416187532750576,326,336,67.04336632331594
240,Harvard,Ivy,5-6,104.69291891185048,231,111.0025243333232,249,0.3378261361051724,240,11.726618507401803,16.2733814925982,5.72918543826894,8.27081456173106,0-0,0.37529561289908603,0.37529561289908603,0,0.43169834195121226,0.4163070126679088,0.4470896712345157,0.8711902673344011,0.852313873632344,104.43554885032252,108.62782449835865,107.00591689855663,108.92890311425698,0.0,0.0,0.0,0.0,0.0,0.0,-0.03687329170299569,0.0,0.0,0.0,0,0,0.4470896712345157,0,-4.222712814669728,285,228,65.24097641730835
241,Eastern Michigan,MAC,6-5,102.72177780783711,261,108.94559909507441,190,0.3370469408286733,241,13.231342210461312,16.768657789538686,7.048380778695728,10.951619221304274,0-0,0.43723209392815365,0.43723209392815365,0,0.46348522044020807,0.4530761712714582,0.4704245865527079,0.8508456811796478,0.8066181172424295,108.24116104751549,108.54933515189146,108.6599444924677,109.42253797984557,0.0,0.0,101.04582467907103,109.93739238853307,0.2749055017476073,2.0,0.0816228169548272,0.0,0.0,0.0,0,0,0.4704245865527079,0,-2.217544702296242,176,75,65.96999015661542
242,Radford,BSth,5-7,105.55176935307053,214,111.98029917543488,269,0.3362844454855424,242,14.917398443360037,16.082601556639965,7.957624782064606,8.042375217935394,0-0,0.36541258087136347,0.36541258087136347,0,0.3559150881696177,0.3480322063195668,0.3633052899040405,0.8922351731905537,0.8639178971423884,106.32698510218316,110.3530964731543,102.07224435643194,107.2157256837727,0.0,0.0,100.41355256518187,101.37794341131973,0.4725473424643346,2.0,-0.15099566640817746,0.0,0.0,0.0,0,0,0.3633052899040405,0,-4.6484175438482715,299,354,73.51592006524764
243,Purdue Fort Wayne,Horz,7-6,107.28663129739718,180,113.85239681251967,303,0.33557285700232875,243,15.079698116097934,15.920301883902065,10.012361071074366,9.987638928925634,2-1,0.39573381128337276,0.40433229999233833,0.3670721822534874,0.3992188762392348,0.44379126576422523,0.3747040620004901,0.8757497630796519,0.791557084616969,109.60047809996202,108.45362106805548,107.78014807757513,110.21203514022508,107.82956706140317,116.49377037959506,99.13822776835136,114.9818703804166,0.15381563741958915,2.0,0.02244995043201592,252.0,255.0,220.6875,1.1418861512319456,1.155480033984707,0.37605086430878465,0.6666666666666666,-3.1604026898081132,222,141,69.33872767405576
244,Hampton,CAA,5-6,103.25769246618702,252,109.70538139542467,208,0.33257471126558436,244,13.549816887707925,17.450183112292073,7.363810495012078,10.636189504987922,0-0,0.3179691992130814,0.3179691992130814,0,0.38895017480032934,0.3083002596837331,0.4471973357178711,0.8969754460458649,0.8977255260035938,104.20004490504675,108.54058131919531,105.62821956834614,109.09308706221329,0.0,0.0,88.93159715309753,113.78383399843604,0.05551539838370897,1.0,-0.0937349396466926,0.0,0.0,0.0,0,0,0.4471973357178711,0,-4.262386892912246,287,313,66.84440683571275
245,Coastal Carolina,SB,6-5,100.95802895699563,306,107.27612879863538,157,0.33224144974770264,245,14.994518565393188,15.00548143460681,8.76458580755814,9.23541419244186,0-0,0.400307154403396,0.400307154403396,0,0.37998050795727056,0.4130070432478121,0.3579628177635762,0.9089109699709282,0.8738396648644134,106.35600763462773,109.06268084575963,105.30237758853843,109.83068161765354,0.0,0.0,0.0,0.0,0.0,0.0,0.09030440445264276,0.0,0.0,0.0,0,0,0.3579628177635762,0,-2.9737320004597403,207,65,70.80030899887161
246,Dartmouth,Ivy,4-5,103.51182449851927,246,110.14824802151051,222,0.32857766334154326,246,11.478028777877132,15.521971222122867,5.5908267594040115,8.409173240595988,0-0,0.34569145734161233,0.34569145734161233,0,0.40671332506347213,0.3618293245010983,0.44839132558567646,0.8764221892151117,0.8620868864343857,105.15412069795605,109.82666078965121,103.2624542881168,105.19786634298954,0.0,0.0,91.15845939864114,102.64076546877259,0.2035402940234623,1.0,-0.09407572936207265,0.0,0.0,0.0,0,0,0.44839132558567646,0,-3.6367175984409963,253,314,71.71996535685949
247,Penn,Ivy,6-4,106.68280460385934,194,113.65069878484806,300,0.3257212459976659,247,12.705732618436379,14.294267381563623,5.547831081711849,8.45216891828815,0-0,0.39591450489329566,0.39591450489329566,0,0.43347203813544155,0.4169719340347907,0.44879356337176013,0.8809328127144335,0.8715643630655097,106.48702544241897,108.62334492091509,106.85044858341315,108.69616148493043,0.0,0.0,104.78448561846758,120.63783139259498,0.1651768950794932,1.0,0.11017422064626137,0.0,0.0,0.0,0,0,0.44879356337176013,0,-2.355155127086914,188,45,70.44917437648617
248,Central Arkansas,ASun,4-7,100.36275114722213,315,106.98301029360185,149,0.32418447737590056,248,14.586651797339456,16.413348202660544,9.534016270438094,8.465983729561906,0-0,0.46493634074516293,0.46493634074516293,0,0.3757217825541003,0.45993906841386417,0.3148981872109375,0.8629620264884642,0.7600101692055793,109.57583108626329,106.91366840447749,103.6806613676613,107.22325846610768,0.0,0.0,90.83949776715782,103.9416831433264,0.17516400507471844,3.0,-0.07305910660035198,0.0,0.0,0.0,0,0,0.3148981872109375,0,-3.75747139725185,262,278,70.54882209620554
249,Charleston Southern,BSth,7-5,102.00529580473787,275,108.7514316503053,184,0.32377846974416774,249,15.904614164785832,15.095385835214165,7.7501165955709626,8.249883404429037,0-0,0.26381413009973526,0.26381413009973526,0,0.33618699147089215,0.3056175574626793,0.36484583585359165,0.9095456265574101,0.9001101930074557,103.70638746804744,111.02370023490941,105.34094379342287,111.44323646289797,0.0,0.0,98.20191216141116,109.47022138253104,0.22283708562659332,1.0,-0.03557082586939142,0.0,0.0,0.0,0,0,0.36484583585359165,0,-3.4904538934212606,245,225,70.37934119142044
250,La Salle,A10,4-7,101.41853141803793,294,108.15100235449783,174,0.32319337021250116,250,8.37545287876571,22.62454712123429,4.2600838600416795,13.73991613995832,0-0,0.3976299880827607,0.3976299880827607,0,0.5638998533624792,0.4692342918697397,0.6322694255516802,0.812904860400215,0.8267857588324208,107.44631264882972,110.97461458207677,110.4688755401523,106.61899508576386,0.0,0.0,0.0,0.0,0.0,0.0,-0.09842025150807893,0.0,0.0,0.0,0,0,0.6322694255516802,0,-5.338548471415654,324,318,65.53562504252564
251,Tennessee St.,OVC,6-4,100.79689310058282,308,107.60762782710609,165,0.3204039497730629,251,17.45653201305285,11.543467986947151,11.45653201305285,7.5434679869471495,0-0,0.41802319549040645,0.41802319549040645,0,0.3039329065094478,0.41802319549040645,0.24388538599315365,0.9133724507095987,0.8256427245609084,111.17978765714317,105.96673736103064,103.69824829281683,110.48157616008444,0.0,0.0,84.78378737798766,101.10096241869233,0.1166878697599476,1.0,0.1499136329811832,0.0,0.0,0.0,0,0,0.24388538599315365,0,-1.6161208706921704,141,20,71.72078140783287
252,SIU Edwardsville,OVC,7-4,101.63704414026,289,108.70835867094002,183,0.3157231139204802,252,18.775567372003117,12.224432627996887,11.775567372003113,8.224432627996887,0-0,0.2837753569256314,0.2837753569256314,0,0.26094122835517713,0.28377535692563133,0.24838245764142738,0.9408303389562054,0.9094374757526362,105.8044605263723,109.84167635171606,102.35892447317855,111.33882395057742,0.0,0.0,116.73098528181168,124.3594663004591,0.32563394511981925,1.0,0.045812443145012316,0.0,0.0,0.0,0,0,0.24838245764142738,0,-2.5810035620599683,195,114,66.33434119377846
253,Wofford,SC,6-4,103.60667198393827,245,110.86845730549678,243,0.3145265982814529,253,17.0767614723308,13.923238527669204,9.237125352310857,8.762874647689143,0-0,0.3895521837029031,0.3895521837029031,0,0.3402385836247824,0.36428760019752376,0.322869849433358,0.9101375723751618,0.87353048765545,108.80617701452958,111.22140137174263,102.59980951644053,108.50935943929207,0.0,0.0,93.48287231380156,111.4475994188246,0.11697148873028236,1.0,0.12342224063891744,0.0,0.0,0.0,0,0,0.322869849433358,0,-2.131467341441441,173,34,68.89081224711724
254,Alabama St.,SWAC,3-7,106.75576752890439,192,114.38324824344551,317,0.3113906246042444,254,13.97757905763259,17.02242094236741,10.745413502288958,7.254586497711043,0-0,0.49068640914939204,0.49068640914939204,0,0.3777443454307795,0.5621322476971292,0.24457530490508234,0.8744232595210809,0.7593892175956422,109.26305793051688,107.01716154079973,104.39414506514998,109.6075471527782,0.0,0.0,125.9813103301666,125.24067278265912,0.5169453612491319,1.0,-0.06238159210422689,0.0,0.0,0.0,0,0,0.24457530490508234,0,-4.206213883342457,283,260,68.41688521075065
255,Eastern Kentucky,ASun,3-8,106.42507774386362,199,114.08293160325007,309,0.31022433234803937,255,12.242391893604468,18.75760810639553,8.81709708853792,9.18290291146208,0-0,0.4350720699825702,0.4350720699825702,0,0.38545915126857694,0.45646612463917474,0.3341763371675896,0.8936166204143408,0.83416984525075,110.41099956253981,107.60912613434488,106.69438252391512,110.07849996465814,0.0,0.0,95.32288789975414,104.63257567785985,0.25509373372563376,1.0,-0.17201074753991297,0.0,0.0,0.0,0,0,0.3341763371675896,0,-5.621050407621302,334,361,69.153822059001
256,Houston Christian,Slnd,5-5,106.35516612761751,201,114.00869844367614,307,0.31020902965507163,256,13.36058419390789,17.63941580609211,9.34818302255136,12.651816977448643,1-1,0.2934432452107095,0.2805315180286093,0.34509015393911013,0.39025549035611734,0.3564405426808569,0.40408887804145105,0.8861462117828692,0.8358385617864731,105.06116691862019,111.65492734224428,105.49747271212836,108.72198299199748,111.7522699898706,115.8853512049328,0.0,0.0,0.0,0.0,-0.06898910385127688,156.0,150.0,136.0875,1.1463213006337833,1.1022320198401763,0.40998875045168515,0.5,-3.7497600947259073,260,272,64.34015304561662
257,Norfolk St.,MEAC,4-7,99.14320008742621,332,106.36968445149543,139,0.308085197600771,257,17.720273471565996,12.279726528434008,10.78925964323405,3.2107403567659514,0-0,0.44930543972111125,0.44930543972111125,0,0.25764680545361685,0.38377165339551733,0.11350412209144495,0.9142232898669955,0.8533927714589282,112.47885521765762,105.74504206684203,97.94505631567435,107.47187423352123,0.0,0.0,97.82713886846004,106.97828960362553,0.26339933732856435,2.0,-0.07404706801939981,0.0,0.0,0.0,0,0,0.11350412209144495,0,-4.1988462544578615,282,280,66.29544402403697
258,Southeastern Louisiana,Slnd,4-6,100.21442489129072,318,107.52627723598312,163,0.3079190819325336,258,12.22015438201833,18.779845617981668,9.184340388654354,12.815659611345646,1-1,0.42477817010490726,0.4583255138137193,0.2905887952696595,0.43419003339516715,0.5072681446406254,0.40429444243111623,0.871656708823743,0.7860516912383654,106.4286266323374,108.03097087051835,106.04532096387477,108.0433430728839,100.15120671356978,107.1499117918338,100.87409352669236,117.45628066311573,0.14801945035941966,1.0,-0.02255654295378151,142.0,147.0,136.25,1.0422018348623854,1.0788990825688074,0.4156650071472619,0.5,-3.867461068718852,268,205,67.18194777241543
259,UNC Greensboro,SC,3-8,104.70866971807436,229,112.5820013660841,284,0.3028528887905458,259,13.807455862525458,17.192544137474542,9.007092587773908,8.992907412226092,0-0,0.4749530462058141,0.4749530462058141,0,0.36086097735503,0.41169058966851585,0.32415070179529026,0.9077919579506796,0.8683652688021807,110.2261391329095,108.5008400449789,102.92998092624018,107.76270747660834,0.0,0.0,105.74283383960983,119.59644065825023,0.19532087963544406,1.0,-0.095429057374123,0.0,0.0,0.0,0,0,0.32415070179529026,0,-5.587109293683169,333,316,68.8688284077097
260,South Dakota,Sum,6-6,107.16295388434949,182,115.24882932550095,332,0.30226325794490894,260,15.70598502380168,15.294014976198323,7.63763683983774,8.36236316016226,0-0,0.36456369289951723,0.36456369289951723,0,0.34984618342349943,0.3459233744131973,0.35352381687065776,0.8980066354473795,0.8718770047364492,105.02870035367118,109.87502220327633,98.12619511264123,103.01149277318675,0.0,0.0,106.95257428468173,116.56629453746139,0.2709400147686391,2.0,-0.02701645723949453,0.0,0.0,0.0,0,0,0.35352381687065776,0,-3.856450160870076,266,211,72.30708411697711
261,Utah Tech,WAC,6-6,102.7593906449933,259,110.56012467218746,238,0.3012302594990465,261,12.77332652122737,19.226673478772625,6.426210853983686,11.573789146016313,0-0,0.39107430000199556,0.39107430000199556,0,0.4536328041177732,0.42607878480185835,0.4750637080301512,0.8444770817586196,0.802841041809073,108.89085968501313,107.32273610172497,106.79714290212927,106.66190170382102,0.0,0.0,110.25549739587632,109.34872546428414,0.5237247390668084,2.0,-0.015187688393060617,0.0,0.0,0.0,0,0,0.4750637080301512,0,-3.135901991603673,220,195,66.79251063631159
262,Western Michigan,MAC,5-6,105.0093640694316,224,113.00708946542527,289,0.3006694951131922,262,13.4891149708391,16.510885029160903,6.489114970839102,11.510885029160901,0-0,0.39576118382204406,0.39576118382204406,0,0.4288759934908088,0.3627810851702071,0.4729392657045433,0.8668559372604628,0.8537877350148803,106.88308056504442,108.36339610162585,104.45619769786688,105.68041643584829,0.0,0.0,86.75855772968764,118.06854778690273,0.0280977008417008,2.0,-0.002605928316596118,0.0,0.0,0.0,0,0,0.4729392657045433,0,-3.6953917196760107,256,175,69.5163613374516
263,Northern Arizona,BSky,4-6,102.62716250988345,264,110.5013706784975,235,0.29940332537625647,263,12.90622844643334,18.093771553566658,6.872454429334399,11.127545570665603,0-0,0.4455319836824817,0.4455319836824817,0,0.41064064682444373,0.3909559177610175,0.42485739559247376,0.8873372966887462,0.8531106815174636,110.14815121900392,106.09414207471016,104.07420373966599,105.42990979805928,0.0,0.0,80.72528263252556,101.51403294496998,0.06690894608031132,1.0,-0.03381116387048183,0.0,0.0,0.0,0,0,0.42485739559247376,0,-3.668092980642573,255,223,67.15671004300656
264,Delaware,CUSA,3-7,104.29288470190494,235,112.35769907499116,280,0.2980563823425369,264,11.320331775263043,19.67966822473695,6.485920508427986,13.514079491572012,0-0,0.4045067131771153,0.4045067131771153,0,0.4511625123065116,0.37700963811020977,0.4919465931144777,0.8768199805866146,0.8627810070025438,107.34549263890322,108.29772015645092,106.58667933325933,107.69921521588579,0.0,0.0,134.81827482423398,114.18058634362552,0.8710960220880931,1.0,-0.1547767662208443,0.0,0.0,0.0,0,0,0.4919465931144777,0,-5.004552956208727,317,356,65.91044767820136
265,Presbyterian,BSth,6-6,101.33464845998121,295,109.28322670687476,199,0.29558377478590314,265,15.089484365445436,15.910515634554564,7.267361928424899,8.732638071575101,0-0,0.3707667153615106,0.3707667153615106,0,0.35352643629127756,0.33774046275089376,0.3683257864853875,0.899836704044092,0.8809435240635145,106.45164172983229,108.50257375662531,102.35914686051188,106.89503877910424,0.0,0.0,79.81687073887835,109.97216385697371,0.024466911984554026,1.0,0.005971098699587285,0.0,0.0,0.0,0,0,0.3683257864853875,0,-3.7200686931255005,259,163,62.242772199983776
266,Evansville,MVC,4-7,101.24299699645934,299,109.28670790582268,200,0.29334581577398056,266,9.13889097480212,21.861109025197884,5.138890974802116,14.861109025197884,0-0,0.47409916117582757,0.47409916117582757,0,0.540473342539903,0.47409916117582745,0.5769791422901446,0.8294786857010813,0.8152061072533108,111.17192429256448,106.27291710526262,109.54050256178893,105.82673438497035,0.0,0.0,96.9163225937738,109.53875495708147,0.19655754955248222,2.0,-0.04702849652195856,0.0,0.0,0.0,0,0,0.5769791422901446,0,-4.28458685796309,289,243,68.64089628516426
267,USC Upstate,BSth,6-6,102.10627226140434,271,110.28497866825384,230,0.29191197519004636,267,15.083272319369902,15.916727680630096,7.202847574391664,8.797152425608333,0-0,0.39927451370097833,0.39927451370097833,0,0.3682786739540301,0.36774421275094754,0.3687797313319198,0.8820914176864578,0.8443828173912847,107.07211830483372,107.16324343345278,102.27720567088954,106.11425852018785,0.0,0.0,105.65138163041728,96.90302360908872,0.7298757242814877,2.0,0.015826926834155708,0.0,0.0,0.0,0,0,0.3687797313319198,0,-3.2252481381087295,227,151,68.5540886306729
268,Green Bay,Horz,5-7,105.79463858283307,211,114.30470161047711,315,0.2911654667435266,268,13.086188092546262,17.91381190745374,8.39766134496518,11.602338655034819,1-2,0.4905734921850687,0.5197113858335987,0.40315981123947875,0.4239487091126805,0.5055147673708871,0.37908737707066686,0.882273913013589,0.8118898442642285,110.7119937077642,106.38487444367941,108.20588989475036,110.12446861737382,104.26793867686025,116.55741839728903,99.75710061023092,127.35059174938125,0.05687384291506768,1.0,0.05596142733921161,221.0,241.0,208.3875,1.0605242636914403,1.1564993101793535,0.3748393004526412,0.3333333333333333,-3.9491549784152236,275,101,65.36836619033939
269,UC Riverside,BW,5-6,104.75527227333164,228,113.24662659057594,296,0.28980681019321713,269,13.07985169829111,18.920148301708892,7.93670745552814,12.063292544471862,1-1,0.44425389300289875,0.4164105645922077,0.5695488708510086,0.44771724290628717,0.4469838919749986,0.4481572534650603,0.8528737042177984,0.7909039214680043,106.22271364689634,106.07196399493205,103.39863602237527,103.96272941130933,110.61771819583751,115.14956058933828,87.75932124952553,108.11856782707173,0.08322994193098018,1.0,0.06497441871914683,148.0,157.0,139.7,1.059413027916965,1.123836793128132,0.4346692959777328,0.5,-3.3035097484947094,230,93,68.06942999384015
270,Sacred Heart,MAAC,4-6,105.89139616658052,210,114.48730712838363,320,0.2895491906077149,270,14.937273673376223,16.062726326623775,10.702912509077564,9.297087490922435,1-1,0.4153445792363337,0.42477818308257714,0.37761016385136004,0.33518272752137834,0.409045399650977,0.29455825785009904,0.9141370210148623,0.8649813560053154,108.20646056759252,109.4678064992168,103.20947611398947,110.0147822416236,112.10863485418433,119.99267183614788,100.14216862936571,126.48876430278465,0.06380631892414863,1.0,-0.0031896243710725636,156.0,161.0,138.075,1.1298207495926127,1.1660329531051965,0.28533026829440344,0.5,-4.009485754867878,278,177,69.0579693437518
271,Princeton,Ivy,3-10,99.91523677592949,320,108.18149413567417,176,0.28615884199688374,271,8.657324632454275,20.34267536754573,4.938379822023771,9.061620177976229,0-0,0.44441432249369317,0.44441432249369317,0,0.4493225075104963,0.44460556326806916,0.4543763763416681,0.870933715570865,0.8547323180912247,108.61567344517658,108.6209695111498,108.85953670078028,109.81422146900488,0.0,0.0,99.16291897923956,93.69234065787195,0.657595803782144,1.0,-0.15887643528843437,0.0,0.0,0.0,0,0,0.4543763763416681,0,-7.26077711159473,361,358,67.16172341293912
272,Drexel,CAA,4-6,101.73381743040689,286,110.19235252281503,223,0.2852679342239161,272,12.714446387834004,18.285553612165995,6.408586891150838,11.591413108849162,0-0,0.34449597330888665,0.34449597330888665,0,0.3846169863603227,0.2976200776553116,0.4474480870917196,0.9118610311517351,0.9311571156787158,104.45767291997005,109.98005800366917,104.89266519143175,109.56057922354863,0.0,0.0,0.0,0.0,0.0,0.0,-0.08943594395442184,0.0,0.0,0.0,0,0,0.4474480870917196,0,-4.660861092226986,300,311,66.10774228584683
273,Sacramento St.,BSky,4-6,103.47296102326858,247,112.26430589097731,275,0.28135004635695376,273,10.850025524223039,19.149974475776954,6.4980867768821,11.5019132231179,0-0,0.4394168928733165,0.4394168928733165,0,0.44180311300522984,0.4642446594522208,0.4268420820405692,0.8698171301018522,0.8071467497966003,112.48578959291562,105.72908320449237,108.52529020145025,108.45069169739081,0.0,0.0,105.16728095785798,111.94503081112744,0.3277804925636148,2.0,-0.05385420501410643,0.0,0.0,0.0,0,0,0.4268420820405692,0,-3.4165180706477716,240,252,73.15672352035392
274,Wagner,NEC,3-6,102.09699785836537,272,110.90584361598737,247,0.2785390385349517,274,16.14666772026032,12.853332279739679,11.335353973604228,6.664646026395775,0-0,0.476309631519157,0.476309631519157,0,0.2696524199954693,0.39952660919038974,0.19028485993190689,0.9198729401279551,0.838420837191237,110.80942539806223,105.68417661412232,98.90541142905641,107.93010297721045,0.0,0.0,109.41904161585742,108.62751327392017,0.5208609848392419,2.0,-0.03171360709194748,0.0,0.0,0.0,0,0,0.19028485993190689,0,-3.523906175059477,249,219,66.70494510630876
275,Nicholls St.,Slnd,2-7,101.01423975302329,305,109.86786914489673,212,0.2756395615529098,275,10.099855469161325,20.900144530838677,8.964826313324668,13.03517368667533,1-0,0.5378331466023266,0.5615444028825137,0.34814309636083,0.45466200286697245,0.5706863966196357,0.40719747814997387,0.8586594091214229,0.7429305470502229,112.0832212186516,106.42017598802138,106.98295630280727,107.79702285696366,104.67442386354386,101.97404711246085,103.60894196152007,112.64380540349424,0.27658178660210375,3.0,-0.07578763839415731,74.0,67.0,65.15,1.13584036838066,1.0283960092095163,0.4100095915685045,1.0,-4.121680912163521,280,283,69.18200198897138
276,Detroit Mercy,Horz,4-7,104.75795208085925,227,113.95746749861036,304,0.27528184123216015,276,11.64330441056853,17.356695589431467,8.643304410568529,11.356695589431471,2-1,0.42336033075652874,0.48889214892595023,0.24860881563807127,0.3973910704568968,0.4345707990452891,0.3806601925921202,0.883859951640615,0.802154812833071,107.88833998826837,108.90634808053622,103.50979156498114,106.40967756516291,109.08539275081284,110.96626613390083,101.4383037882171,115.16777573880246,0.18849776709329433,2.0,-0.038654722652053664,240.0,218.0,202.55,1.1848926191063933,1.076277462354974,0.4039633767604818,0.6666666666666666,-4.418351895008734,291,231,69.51928881035
277,Grambling St.,SWAC,3-6,101.29805902000535,297,110.26421801644196,226,0.27381730835009493,277,15.215960642561829,16.784039357438175,10.296952872509127,8.703047127490873,0-0,0.4395661929872482,0.4395661929872482,0,0.3241448061118911,0.42292444100461724,0.25655874013265745,0.9038871928276289,0.82858787258127,109.32997089507727,107.99610027496915,101.06801811229086,107.25151264207689,0.0,0.0,104.93914129249991,111.70333441091634,0.3277544909087211,1.0,-0.019991029703668006,0.0,0.0,0.0,0,0,0.25655874013265745,0,-3.9240080644297572,271,201,67.57945743259758
278,Central Connecticut,NEC,6-4,100.44538206872912,311,109.43009544658865,202,0.27185605401836965,278,17.8764748878718,11.123525112128199,11.196275549136558,6.803724450863437,0-0,0.40337411592839983,0.40337411592839983,0,0.26425939946344085,0.3841043276787457,0.1910208322207547,0.9336708552770482,0.8750661812910937,106.03991132439573,106.2471688896194,101.9341123475011,112.12504895962421,0.0,0.0,107.89541582817752,114.9949900123826,0.3245694010965775,1.0,0.17701060608368635,0.0,0.0,0.0,0,0,0.1910208322207547,0,-1.9998671029378292,164,8,66.83324369658658
279,Cal St. Fullerton,BW,5-7,103.1042670007491,255,112.34513823207607,277,0.2714848882012156,279,11.390257668198869,20.609742331801133,6.306626176838237,13.693373823161766,0-2,0.4240672516069976,0.4050529311575102,0.5191388538544348,0.46178761960141534,0.4814802266558547,0.4499720553687516,0.8644271583502461,0.8223973305552974,107.97243579455247,107.61515646458706,107.65176027910452,107.86371861513035,94.3676277763129,106.99603744945395,0.0,0.0,0.0,0.0,0.005848684254045722,150.0,163.0,158.325,0.9474182851729039,1.029527869887889,0.44228685553700914,0.0,-4.7517241183022705,303,164,76.19934808824975
280,Samford,SC,5-6,104.70640706294064,230,114.10332125084291,311,0.2712367975015788,280,15.358165913657649,15.641834086342351,8.35816591365765,9.64183408634235,0-0,0.48781888683937086,0.48781888683937086,0,0.36333250007008067,0.4127698273256215,0.32762776371885655,0.8969718588903616,0.8436689123412334,107.59980298164542,107.87743496353932,99.06764258301787,103.72491189337184,0.0,0.0,105.10316582330678,100.89054094169961,0.6154835311143946,2.0,0.12256341638871682,0.0,0.0,0.0,0,0,0.32762776371885655,0,-3.2138305480497302,225,35,66.79669869541934
281,Pepperdine,WCC,4-7,99.67934113877021,323,108.90430186897794,188,0.2654410442189598,281,8.748231658163288,22.25176834183671,3.9237069429567297,14.076293057043271,0-0,0.35352583159632095,0.35352583159632095,0,0.5059086288109748,0.3516217326008348,0.6173380538516313,0.8190358709480485,0.906387410878139,107.18117115477054,109.07513246379831,109.44279770595547,106.42204229464525,0.0,0.0,108.72564090354213,106.29794454688893,0.5645599871344134,1.0,-0.12008687833694603,0.0,0.0,0.0,0,0,0.6173380538516313,0,-5.458373920373579,329,329,66.64884564396282
282,Merrimack,MAAC,6-7,101.83575586959634,282,111.35963894041986,257,0.26344442287609454,282,13.527530345087115,17.47246965491288,9.527530345087115,10.472469654912887,2-0,0.43053814233372883,0.4821409561559198,0.14672266631167896,0.38937853113565724,0.4821409561559199,0.3383591973745127,0.8890359095556136,0.8137828609577082,106.3977963509795,108.79739190902988,104.43874608747639,108.99354790434423,107.10107041889991,111.56937360276517,88.11543373152108,113.25895477628995,0.05280820636254601,2.0,0.09590806613109581,142.0,129.0,127.125,1.1170108161258603,1.0147492625368733,0.35965214527038314,1.0,-4.186728706430281,281,57,64.90760854781435
283,Tennessee Tech,OVC,5-6,102.07162989929526,274,111.65278910949579,263,0.2627410796687366,283,14.958183059394573,15.041816940605427,9.958183059394573,9.041816940605429,0-0,0.3890638905249862,0.3890638905249862,0,0.30310558606240495,0.3890638905249862,0.2533402518998577,0.9084750052294649,0.8262311337403385,109.10189743492906,106.35673775237333,103.41013612990034,110.17452496182354,0.0,0.0,102.46709584623638,119.68747961485754,0.14351021195342353,2.0,-0.005211315549413786,0.0,0.0,0.0,0,0,0.2533402518998577,0,-3.476788336770458,243,179,70.86941960825135
284,Texas Southern,SWAC,1-7,101.82360968350963,284,111.61331212774441,261,0.2581357303513435,284,12.472249979314194,16.52775002068581,10.001260037796392,7.998739962203609,0-0,0.5865364797607648,0.5865364797607648,0,0.3513754740984287,0.5428982392985325,0.2343337842539205,0.86116392114018,0.6998887948656947,114.40230380470845,103.3595102104165,101.31896557502907,105.91093976868517,0.0,0.0,100.83317303245971,113.93462208912166,0.19705394073361415,3.0,-0.17016176832236646,0.0,0.0,0.0,0,0,0.2343337842539205,0,-3.79407118318064,263,360,71.44990903862636
285,Long Beach St.,BW,2-9,104.06573169277218,240,114.08883756009408,310,0.25779153531835136,285,9.935734799006745,22.064265200993255,6.290040094638391,13.709959905361611,0-2,0.5038303812756489,0.4776828222812515,0.6214943967504378,0.4531504279446519,0.45618279987906113,0.4513310047840064,0.8647381751899041,0.8237206515366989,109.65819131816122,107.2471869286497,103.67057378046583,103.95790590295111,107.22247087787892,109.96671603620446,75.95865570972609,93.86695130164163,0.08058496339848975,1.0,-0.11981570063788738,151.0,164.0,141.5375,1.0668550737437075,1.1587035238011127,0.43242396123218074,0.0,-6.586103341343348,353,328,67.73461170563185
286,Northwestern St.,Slnd,2-8,106.18956239049439,205,116.48850603261181,342,0.2564469985545018,286,10.622655123699785,20.37734487630021,8.622655123699786,13.377344876300214,1-1,0.5915122528766251,0.5887160754097394,0.602696962744168,0.4421342135396691,0.5233031781419909,0.4089287280205374,0.8694431336332988,0.7810003985053954,109.94747291881244,102.80138853187614,102.59360745222654,103.39886388731756,103.32803337792366,120.53616992724,94.22640619924506,123.00895534842064,0.04455716250009379,2.0,-0.03794296598260244,130.0,160.0,132.95,0.9778112072207598,1.2034599473486274,0.3895519045481744,0.5,-4.554562942421196,297,229,66.2117750003604
287,East Carolina,Amer,4-7,100.37745614744111,314,110.11529863008143,219,0.2563953419799422,287,9.331275226738866,21.668724773261133,4.71280393941725,13.28719606058275,0-0,0.412291960043555,0.412291960043555,0,0.4939629818062298,0.4385205248111553,0.5340047563026723,0.8451463408472611,0.8295014402003085,107.13493283235316,108.59579291315882,108.84608473764312,108.04420816976928,0.0,0.0,93.08646031795375,110.83669251207118,0.11846103893709269,1.0,-0.07967405412217887,0.0,0.0,0.0,0,0,0.5340047563026723,0,-4.876265162962441,310,289,70.18386440768204
288,Tennessee Martin,OVC,8-3,100.42102989717912,312,110.28181899258797,229,0.2540409010752021,288,18.317331977476417,12.682668022523588,10.317331977476412,9.682668022523588,0-0,0.34568463977972513,0.34568463977972513,0,0.2868491545787833,0.3456846397797249,0.25448963771826527,0.9363080563061639,0.8992317127508128,107.17155485152713,108.44251081047753,102.83638101031211,110.82667234275857,0.0,0.0,0.0,0.0,0.0,0.0,0.2258209263847849,0.0,0.0,0.0,0,0,0.25448963771826527,0,-1.308981770677124,119,2,66.62117441438382
289,UMBC,AE,6-5,103.7528166160506,243,113.97483147295102,305,0.25339004531492243,289,16.553904676885285,12.44609532311472,9.717016594682006,6.282983405317993,0-0,0.31785534192193055,0.31785534192193055,0,0.25496771482065095,0.33713862311833825,0.18820385182877997,0.9263062528996544,0.8728185482283429,105.2149446911608,110.74190654037537,101.52884328853973,112.28847065834344,0.0,0.0,0.0,0.0,0.0,0.0,0.0027535381209098375,0.0,0.0,0.0,0,0,0.18820385182877997,0,-3.239496795541489,229,167,67.21109272532054
290,Alabama A&M,SWAC,5-4,101.77366165286793,285,111.8345832469065,268,0.25273105577007887,290,16.619711683368475,14.380288316631523,9.538027993647221,8.46197200635278,0-0,0.3986461746718031,0.3986461746718031,0,0.3071429140349693,0.3848369304042464,0.25103056887938013,0.9108872795453103,0.8483720619898836,107.26968697535199,104.8301010531512,100.01113535704401,106.75423935807383,0.0,0.0,85.70300508826396,120.02158445498564,0.02037197744354947,2.0,0.09357823961991668,0.0,0.0,0.0,0,0,0.25103056887938013,0,-1.938364314039136,160,60,67.1461032511781
291,UTSA,Amer,4-6,100.07376006876018,319,110.07402371076927,218,0.2506170558838553,291,8.92982915655165,21.070170843448352,4.644959413438839,13.355040586561161,0-0,0.3977291021918227,0.3977291021918227,0,0.4991175097145755,0.4532325423735221,0.5297074879419444,0.8347118640985075,0.8165314064983743,110.05136924568083,108.47455169901988,109.99015678665022,107.84149676757885,0.0,0.0,79.1610361622803,103.2158484645069,0.04515753056070446,1.0,-0.03129948840917629,0.0,0.0,0.0,0,0,0.5297074879419444,0,-3.9552264255768215,276,217,69.6374431805322
292,Mount St. Mary's,MAAC,3-8,101.32214354458264,296,111.46785059847848,259,0.2502162707439811,292,13.110381254538442,17.88961874546156,8.795417457232698,11.204582542767302,0-2,0.4617142909350479,0.4749380241566288,0.40220749143793433,0.3427636977187125,0.4203950935779742,0.3000664299961186,0.8991223966237842,0.8225348439014668,105.50784603470643,107.11787723629139,99.71987465538476,106.06229498764867,99.45826311653111,112.17230660636216,94.9012935512023,109.80746545235405,0.15739382259011478,2.0,-0.0751898486278973,136.0,151.0,139.04999999999998,0.9780654440848617,1.0859403092412803,0.2887174231692502,0.0,-5.1655298856777145,321,282,68.6749333184239
293,Saint Peter's,MAAC,4-5,100.8219505025871,307,111.03858397575038,250,0.2478710808430093,293,12.22851671473193,15.77148328526807,9.22851671473193,10.77148328526807,2-0,0.38898545245552074,0.47461645273930014,0.08927695146229267,0.3548465942095661,0.41528939614688765,0.3306694734346375,0.9009403062083686,0.8282957890977983,103.98368555558562,109.95203602785523,99.86197478977968,105.77761100574712,102.2123661488875,93.8218342939645,97.8535601403347,111.91208990443782,0.17598671995513837,2.0,-0.02018702264517902,140.0,100.0,124.975,1.1202240448089618,0.8001600320064013,0.357490864764898,1.0,-3.0939878747523526,215,202,65.49017743198932
294,Bucknell,Pat,3-9,99.65511871747245,324,110.00732857080112,216,0.24295193713954763,294,11.862299548410935,19.13770045158907,8.83608932250705,9.16391067749295,0-0,0.4709820226561346,0.4709820226561346,0,0.3682579994920259,0.5057233703529888,0.26897745387021943,0.8902429106308399,0.8050390620054687,108.50960695026755,108.84034926741079,105.94508075552997,111.29122403906591,0.0,0.0,86.70080858377416,102.3187491441079,0.12957273616079498,1.0,-0.062338646170634615,0.0,0.0,0.0,0,0,0.26897745387021943,0,-6.299861675728606,345,259,67.26366029990666
295,Fairfield,MAAC,6-5,102.25714956399011,269,112.93186375545788,287,0.2419752876710272,295,15.617276064178467,15.382723935821534,8.297475402913703,11.702524597086297,0-2,0.35245593287897004,0.3613462911412985,0.3124493206984922,0.3238627555110105,0.32609031866650334,0.32263759577548945,0.9211841075959118,0.9016043122782317,104.79589174843699,111.60035948984972,99.55035182857264,106.96176721970438,88.75675542027264,110.49968994651263,99.78794219600131,110.38081195928524,0.23862676483242837,1.0,0.11227522841383797,129.0,144.0,136.3625,0.9460078833990282,1.0560088000733339,0.3237696263396003,0.0,-3.3295140387067454,233,44,68.6405498517224
296,Manhattan,MAAC,4-7,106.94997130159307,188,118.18401812485408,351,0.24073762429325474,296,13.292675482088153,17.70732451791185,9.341068134448454,10.658931865551546,1-1,0.4163608822639684,0.4240256028838678,0.38186963947442126,0.3433637921109697,0.40653808643404205,0.30861793023327955,0.9061251026968864,0.8443592796513881,105.19800673260525,107.40006777721828,102.6712452553575,109.28341984602754,97.02113204466589,103.06833416406675,108.44887229340418,124.58368395584058,0.16867649953314998,2.0,-0.04344934318898663,138.0,146.0,147.41250000000002,0.9361485627066902,0.9904180446027303,0.3004788514287082,0.5,-4.500223252969946,294,235,69.65513905720746
297,Jackson St.,SWAC,1-9,99.18720452748974,331,109.83235896385278,211,0.2364248757236182,297,11.458746926496696,19.541253073503302,9.630071673697293,8.369928326302706,0-0,0.7459794483255399,0.7459794483255399,0,0.42211045770227146,0.6894682660530843,0.22901870722668433,0.8137072892124694,0.6083043338028266,116.96438202567822,101.93442676799887,106.52911519477529,108.94357527529843,0.0,0.0,90.69625515839955,116.93156063116378,0.05108460064799993,6.0,-0.01026921660815458,0.0,0.0,0.0,0,0,0.22901870722668433,0,-3.584952980621999,252,186,70.13685587868291
298,Ball St.,MAC,3-8,99.25895214928792,330,109.94684970075124,215,0.2357637118464048,298,9.66818482458193,20.33181517541807,5.668184824581932,12.331815175418066,0-0,0.3461691091386514,0.3461691091386514,0,0.39684988512852404,0.3173216833770971,0.44986868629614196,0.8964205541122579,0.9090748346873564,104.90431709723194,109.63310084559183,103.70974594406685,106.67736729456696,0.0,0.0,89.33015634190113,111.46453458642047,0.07271425127977368,1.0,-0.15395240341879857,0.0,0.0,0.0,0,0,0.44986868629614196,0,-6.408190840996049,348,355,65.31016412885359
299,Denver,Sum,5-7,110.09704848826757,129,121.98507597617734,365,0.235201565317055,299,12.60626053730464,18.393739462695358,6.397567038212404,9.602432961787596,0-0,0.4875232940311098,0.4875232940311098,0,0.4190834016859407,0.48014350148242885,0.36183955812673335,0.858415775774695,0.7920106653039499,111.2568978589447,106.2982667793801,103.73315417070481,104.92698650460463,0.0,0.0,121.7223522688936,114.64086423297573,0.6658091366996396,3.0,0.056712410082370546,0.0,0.0,0.0,0,0,0.36183955812673335,0,-3.5575965019288343,251,98,68.5754014566702
300,Le Moyne,NEC,5-5,107.61622524768482,172,119.25304310970115,354,0.2349126037160158,300,15.60901922267875,15.390980777321253,10.370206094508845,7.629793905491157,0-0,0.34034646443852545,0.34034646443852545,0,0.2942234478774849,0.4314706198116574,0.19510049036947139,0.9170906705060695,0.8457463039527208,103.55045825749136,109.60856670675369,101.94590083860685,111.19641909708771,0.0,0.0,0.0,0.0,0.0,0.0,0.0428998251670184,0.0,0.0,0.0,0,0,0.19510049036947139,0,-3.4609338760135007,241,120,69.0536333142426
301,Holy Cross,Pat,5-6,103.06289232126056,256,114.31194711374266,316,0.2330257350575366,301,14.375482979591157,16.62451702040884,8.59849096808107,9.40150903191893,0-0,0.44429028024639017,0.44429028024639017,0,0.3362066356071826,0.4277723444147335,0.2700758459128403,0.9085484467237555,0.8490031471822745,109.39435870063417,106.2593942933868,105.05797196961898,110.8586669548653,0.0,0.0,84.99782126640423,116.29876650447544,0.026450501857863074,1.0,0.09113948854865317,0.0,0.0,0.0,0,0,0.2700758459128403,0,-3.4832673126599607,244,64,66.37949029558177
302,Western Carolina,SC,4-6,101.19351359470423,302,112.41193889193198,281,0.22986774587789968,302,11.460285210361697,17.539714789638303,7.442349769300909,10.55765023069909,0-0,0.46825909471324606,0.46825909471324606,0,0.39951480798277084,0.5096697872716458,0.3321978761951251,0.8599118735820948,0.7378544374268009,109.58952318900654,104.62720457947344,107.14509081899453,109.89510345718064,0.0,0.0,99.88940039779224,115.57571653189933,0.15743788935225533,2.0,0.014151109194768974,0.0,0.0,0.0,0,0,0.3321978761951251,0,-3.1026883496339424,216,157,71.21739129051537
303,East Texas A&M,Slnd,5-5,99.4527531404712,328,110.54369635076381,236,0.22866331948418694,303,12.231566052735937,19.76843394726406,7.200706785974221,14.79929321402578,0-1,0.4393024708426151,0.39584725578977,0.8303994063182208,0.421495085481389,0.4436104949990877,0.4114426266097079,0.8659818548124025,0.7799164943902049,107.96455236318803,104.82832860504499,106.2116127873371,107.80996539052984,92.19631497758586,122.66921884710486,98.13916489346538,116.84663312120708,0.11852519719905852,2.0,0.08978414433877313,66.0,102.0,79.0,0.8354430379746836,1.2911392405063291,0.3914923037664452,0.0,-2.2610580945801435,183,67,70.59608345686259
304,Longwood,BSth,6-6,103.88210984227288,241,115.47348263179514,335,0.2285497068337965,304,13.592041203154475,17.407958796845524,6.018160820205506,9.981839179794491,0-0,0.26833419020956506,0.26833419020956506,0,0.3317017673681744,0.283762331880427,0.3766449881379375,0.9122266904282165,0.9084756988643649,102.30542387492738,111.7258197187463,100.96481789032244,107.14389376122699,0.0,0.0,0.0,0.0,0.0,0.0,-0.06503692838743824,0.0,0.0,0.0,0,0,0.3766449881379375,0,-4.719324711682537,301,266,70.85919349161536
305,Jacksonville,ASun,5-6,101.03262024068732,304,112.34633068731202,278,0.22782325059179528,305,13.015949089479962,17.984050910520043,7.5186374900933615,10.481362509906637,0-0,0.47241237476072373,0.47241237476072373,0,0.3880321263027093,0.47330788360303283,0.32644407936358677,0.8813510918979418,0.8062251932402248,110.40762961399541,106.59504123315087,106.5969102340669,110.3452405758348,0.0,0.0,106.11341688225836,116.6812807331604,0.25128272735154117,2.0,0.09240916100404856,0.0,0.0,0.0,0,0,0.32644407936358677,0,-3.0085040599931,209,62,66.54722088841336
306,UMass Lowell,AE,4-8,101.57977084229472,291,113.15446053279194,293,0.2242692920464794,306,13.80731119724487,17.19268880275513,8.865980472004653,7.134019527995348,0-0,0.4180095538685222,0.4180095538685222,0,0.30919861881841565,0.4307616670854125,0.19523326106810618,0.8841528498244826,0.7946499698288056,108.19013689793074,104.57851548819025,103.58504139828574,110.18843852828594,0.0,0.0,97.90920265604132,125.3667063596326,0.0550531656778431,2.0,-0.0860177152616104,0.0,0.0,0.0,0,0,0.19523326106810618,0,-4.973374725792354,314,303,70.94743214511772
307,Bellarmine,ASun,4-6,107.44776219513321,177,119.8716598158205,359,0.22126770454272804,307,11.359064621628425,18.640935378371573,6.843419620153999,11.156580379846002,0-0,0.42937091388339466,0.42937091388339466,0,0.38958855870194475,0.45799267387706616,0.34398581525186367,0.8749014853126673,0.7856517826462309,110.64476836715566,108.31580938645465,106.94664892534954,110.06237934293097,0.0,0.0,110.07494310679053,115.71965211823941,0.360059951214476,2.0,-0.01621058241472334,0.0,0.0,0.0,0,0,0.34398581525186367,0,-3.4761649892087148,242,196,65.89829599150333
308,Cal St. Bakersfield,BW,4-8,101.82376086224403,283,113.78534848031119,301,0.2180087699793862,308,10.765397767860323,21.23460223213967,5.4327852756929875,14.567214724307012,0-2,0.442868999783624,0.42376368533483755,0.5383955720275562,0.4304215151218819,0.38896876737698244,0.4552931637688216,0.8823261242186882,0.8719786359009895,106.23581087127414,108.40883147864852,102.62105584233747,104.82100741861018,103.26307589822628,125.16408633650501,106.47255526165839,120.3597807318277,0.1962531397461777,1.0,-0.030823212567435476,150.0,196.0,147.0,1.0204081632653061,1.3333333333333333,0.4460595628511844,0.0,-5.381151587549699,325,216,70.69406664303463
309,Boston University,Pat,4-8,108.18407845183663,160,120.96977431993824,361,0.21676399954724593,309,12.829524233869883,18.170475766130114,8.194376120252402,9.805623879747598,0-0,0.3854674521834962,0.3854674521834962,0,0.3127730424580926,0.36939602852264997,0.2718786636336902,0.9254320415856077,0.889762214456869,104.73943982500236,108.09712411551551,103.20208535789892,110.92684351614112,0.0,0.0,90.39365156484608,116.02793225449082,0.05360312900126248,1.0,-0.04554104335328435,0.0,0.0,0.0,0,0,0.2718786636336902,0,-5.890408020640774,338,240,63.55277888105567
310,Northern Illinois,MAC,3-7,103.72126089242823,244,115.9980040166503,340,0.21645302440939593,310,9.514685699635768,19.48531430036423,5.514685699635767,12.485314300364232,0-0,0.4887293869812913,0.4887293869812913,0,0.4389229749149111,0.44429944271026484,0.4356373557066394,0.8663583208848233,0.824251172776668,107.7932743869316,106.26209749299002,104.15502982119104,105.36899891440616,0.0,0.0,104.04115376223463,120.20036995999774,0.15972225932457343,1.0,-0.017384819740954016,0.0,0.0,0.0,0,0,0.4356373557066394,0,-4.2843576357339686,288,197,68.52913027373054
311,Oral Roberts,Sum,5-7,103.20258739587449,253,115.48438268362642,336,0.21533263991777452,311,11.6421654531286,19.357834546871402,5.994324998890855,10.005675001109145,0-0,0.44763459464389577,0.44763459464389577,0,0.4142926367705832,0.46759945866977776,0.3643174912400882,0.8832569377583146,0.8438770243515387,111.99685920112834,107.39469322102303,107.4516458223085,109.19892127586012,0.0,0.0,98.4852552858284,108.93506568031864,0.23871834361696592,2.0,0.037048867432987964,0.0,0.0,0.0,0,0,0.3643174912400882,0,-4.519592430064501,296,127,70.68642204831055
312,Lehigh,Pat,3-8,101.22076293082668,300,113.32969445768438,297,0.21425437131422775,312,12.308725105746182,18.691274894253816,8.130265292211575,9.869734707788425,0-0,0.44461440892627463,0.44461440892627463,0,0.3313445139454184,0.41329607820706393,0.2721572730897855,0.9045036244440381,0.839931407947802,106.75111393561012,106.6546381190954,101.10967161310735,107.15990694360647,0.0,0.0,86.2618396277774,102.67230473915762,0.11891097647161585,2.0,-0.08488939682183028,0.0,0.0,0.0,0,0,0.2721572730897855,0,-5.43123344343816,327,300,68.0377402497587
313,Morehead St.,OVC,3-7,101.48261990194996,293,113.83225419842546,302,0.21071164614897867,313,13.139525065401061,17.860474934598937,9.139525065401065,10.860474934598935,0-0,0.46925810452450334,0.46925810452450334,0,0.31834673302500593,0.42659827684045754,0.2588083839265075,0.8959020928830241,0.7869541900814151,111.18334214699613,106.47283114291943,100.32378574841707,106.2168454449073,0.0,0.0,101.25177851990425,112.10549220920787,0.23666604107238365,3.0,-0.06635206771981245,0.0,0.0,0.0,0,0,0.2588083839265075,0,-3.9486209184478747,274,269,67.97342716662511
314,Lafayette,Pat,3-8,99.59532999447177,327,112.16533107066162,274,0.2031252407407424,314,11.093125575777934,19.90687442422206,7.8399684648730315,10.16003153512697,0-0,0.3753035387189305,0.3753035387189305,0,0.32883397044949586,0.4055968999873347,0.2733940768943901,0.9142711467444542,0.8635530660031941,106.69709853998476,110.18166548701234,104.68278460511836,111.69934963252584,0.0,0.0,99.1431880296418,117.39654545498276,0.12527351028820197,2.0,-0.13549325276381258,0.0,0.0,0.0,0,0,0.2733940768943901,0,-6.011961825965072,340,345,68.55293030357502
315,Bryant,AE,3-9,98.4515030722829,336,110.97961745598565,248,0.2014110385455667,315,12.634559764195185,17.365440235804815,8.573384436532882,7.426615563467117,0-0,0.48093898998906076,0.48093898998906076,0,0.3209278716664822,0.46520578072227897,0.19468470124266,0.8978202939600773,0.8170850218181874,106.31946538877246,104.26911242691034,99.33481113627838,105.98855215255097,0.0,0.0,95.37102396624019,98.62459676302784,0.4047341361843766,2.0,-0.03969078211473093,0.0,0.0,0.0,0,0,0.19468470124266,0,-5.935887207889588,339,234,66.08719512369196
316,Little Rock,OVC,2-8,101.90795410179047,280,114.99089655637806,328,0.19956678587873933,316,11.811030865046504,19.188969134953503,8.811030865046504,11.188969134953496,0-0,0.5001586850615796,0.5001586850615796,0,0.32903421809032735,0.4546897136923448,0.25992369550921773,0.9164790130640307,0.8453313124882039,108.03074153797705,105.42436160915537,99.71163516327725,105.83359461474295,0.0,0.0,104.40104539546348,135.97677058082348,0.045703028674293156,1.0,-0.044001836228239805,0.0,0.0,0.0,0,0,0.25992369550921773,0,-5.504031014894124,331,237,65.45955155248083
317,West Georgia,ASun,5-5,101.13190725131511,303,114.19966234907724,313,0.19821143415420014,317,12.846106611931743,17.15389338806826,6.831205861801563,11.168794138198434,0-0,0.4293958124001926,0.4293958124001926,0,0.36218803753326534,0.43481123640479735,0.3137725716189106,0.8813532277393381,0.7880879129216912,107.52053912269801,107.83337376135404,102.74165633264944,106.99237041003958,0.0,0.0,101.16198846759954,105.16993630501072,0.39011575996988157,2.0,0.12009959901539713,0.0,0.0,0.0,0,0,0.3137725716189106,0,-2.5382769164815344,193,36,68.85372125663379
318,Eastern Illinois,OVC,2-8,98.54032842185683,335,111.69163185139504,264,0.19144118085175302,318,11.110564503527423,18.889435496472572,8.110564503527424,11.889435496472576,0-1,0.5280118321887125,0.55580246313795,0.2778961536455736,0.34056614040844596,0.5002222168241554,0.2607381022005911,0.8731161796169747,0.7084329731558812,111.10372367491486,103.96916128711717,100.84142900771087,105.46192082452568,104.4139826832442,118.18437961002579,100.22297278804258,114.76588519828266,0.17390312339850295,4.0,-0.09228184601804484,74.0,82.0,71.7375,1.0315385955741418,1.1430562815821572,0.2598350468613815,0.0,-4.446562893256479,292,312,66.6152767658462
319,Howard,MEAC,7-5,98.33118119036222,338,111.47091603326709,260,0.1911802898555452,319,17.353846020722738,13.646153979277264,8.888018006155585,5.111981993844417,0-0,0.2654482197873587,0.2654482197873587,0,0.2453136727869506,0.3401829277553295,0.13011529175391895,0.9191148355233123,0.86878511608833,104.58164393506205,109.91387881149436,97.88589195615819,108.18029614546488,0.0,0.0,92.35379344613929,115.04709497560943,0.07400610792234169,1.0,0.033440571377296835,0.0,0.0,0.0,0,0,0.13011529175391895,0,-3.3730090064584557,237,129,69.22343861810857
320,Louisiana,SB,1-10,96.91124526311853,346,109.8691097739907,213,0.19105290910532968,320,7.176686994877038,22.82331300512296,5.685701755637345,12.314298244362655,0-0,0.5082114005463074,0.5082114005463074,0,0.427780562783456,0.48654583868653517,0.38860371218140344,0.8857322457688659,0.8377210289344201,106.99511056631049,106.1779303454401,105.4668409016661,108.4835144579473,0.0,0.0,89.67018823306114,115.47094729730068,0.05175328294507449,2.0,-0.13927706994430106,0.0,0.0,0.0,0,0,0.38860371218140344,0,-7.259216326722991,360,349,64.00169598722619
321,Loyola Chicago,A10,3-8,103.78539460785683,242,117.73207474796943,349,0.19000284108243443,321,5.522547992794543,25.477452007205457,2.4087976938985283,15.591202306101474,0-0,0.37038359285162864,0.37038359285162864,0,0.5642656578002082,0.4360970559481364,0.6568318702489265,0.8184500761936021,0.8760800022984643,104.54074290229079,110.90888943854115,109.12347245585666,106.55618028251745,0.0,0.0,0.0,0.0,0.0,0.0,-0.13280322325884059,0.0,0.0,0.0,0,0,0.6568318702489265,0,-6.478488231486205,350,343,66.37709686046206
322,Cleveland St.,Horz,4-8,103.29318012921735,250,117.4662315318891,347,0.185629179231299,322,9.366535695819673,21.63346430418033,5.2984836766180425,14.701516323381954,0-2,0.3757407347571718,0.3850288193934282,0.3293003115758897,0.39808410999523297,0.4135100725749618,0.38959983057638214,0.8925194814468517,0.844704593883837,109.90304221494549,109.2795746334704,108.12836013042997,110.58417937904468,100.2398351881065,124.1735655731697,92.70139784793766,119.8686687323075,0.04947008965941144,2.0,-0.08626940832306806,139.0,166.0,134.97500000000002,1.0298203370994627,1.2298573809964806,0.3962997771319923,0.0,-5.761470309471201,336,304,70.57955462111681
323,Central Michigan,MAC,3-7,101.92266524875943,279,116.01706318555387,341,0.18399472201104283,323,8.755081116825142,21.244918883174858,4.734882265203593,13.265117734796407,0-0,0.4109515519412862,0.4109515519412862,0,0.4347079970137712,0.41664627999182874,0.4467491416950662,0.8671493311008523,0.8379372177710422,106.25500391100033,108.69625549604051,104.32789656924416,105.70523298514928,0.0,0.0,107.62186789708532,137.22212013775618,0.05763643253088878,1.0,-0.052974723626441234,0.0,0.0,0.0,0,0,0.4467491416950662,0,-4.998799444451659,316,250,66.47190317539702
324,Albany,AE,3-9,101.27676951440537,298,115.31143345125429,333,0.18355210422547755,324,11.622485288054063,19.377514711945942,8.12396017521325,7.87603982478675,0-0,0.47825280322649455,0.47825280322649455,0,0.34042154238701494,0.49348638710129694,0.19692325046737538,0.90752745943611,0.8429729972031434,111.18251456216507,105.63973574111732,104.33660384890455,110.27382913646247,0.0,0.0,0.0,0.0,0.0,0.0,-0.07666805330754073,0.0,0.0,0.0,0,0,0.19692325046737538,0,-6.18777521853025,344,285,69.84759061306117
325,Florida A&M,SWAC,1-5,99.7649691900454,322,113.65056112875219,299,0.18263728419330863,325,10.571972654436884,19.428027345563113,7.722161206636677,11.277838793363324,0-0,0.5546646002095237,0.5546646002095237,0,0.3538967276992978,0.49793777257692934,0.2705045438227743,0.8889423807153651,0.7789203167978647,113.85912319365983,105.07712650898873,101.15400042558537,105.99280325218339,0.0,0.0,84.9085277056603,109.34809067753883,0.0517074995164098,2.0,-0.10519930054451185,0.0,0.0,0.0,0,0,0.2705045438227743,0,-2.9080900173948416,205,324,70.95896118855138
326,Arkansas Pine Bluff,SWAC,1-10,100.30965632298248,316,114.43254114021205,318,0.18022548944884118,326,11.19340794941214,19.806592050587863,8.19340794941214,9.80659205058786,0-0,0.708505371680955,0.708505371680955,0,0.3888335884618667,0.5995045452685002,0.23668234187929807,0.8586936409481618,0.7193353821255938,114.62251811297587,104.2257375106752,99.25642539642979,102.69508701323724,0.0,0.0,95.51842506039466,114.23105654789113,0.11330713221498574,4.0,0.018262637646442717,0.0,0.0,0.0,0,0,0.23668234187929807,0,-5.119812215551065,319,146,74.34753104983575
327,Prairie View A&M,SWAC,4-6,100.37951322732727,313,114.56263165029796,322,0.17947908640771912,327,13.24950710527632,17.75049289472368,8.208617711549142,9.791382288450857,0-0,0.3830578196282102,0.3830578196282102,0,0.3211014721733501,0.43098977195545574,0.24173770010849596,0.8895109400134776,0.7942207607175862,109.44415402694766,106.92233536807848,100.65674690018649,106.48484981103589,0.0,0.0,95.04142231487089,106.99288118367993,0.20388800524820613,2.0,-0.035956399439152575,0.0,0.0,0.0,0,0,0.24173770010849596,0,-3.7994441255725273,264,226,72.77726622494265
328,Air Force,MWC,3-8,97.77319319620572,345,111.64712012014706,262,0.1785845953595746,328,5.331498737249105,25.668501262750897,2.3314987372491047,17.66850126275089,0-0,0.39428558282854165,0.39428558282854165,0,0.5729070612305561,0.39428558282854137,0.6711488743516639,0.8226755717964082,0.9202083008125674,105.74903533685293,110.36941347730944,109.83808534597411,106.65818919952588,0.0,0.0,0.0,0.0,0.0,0.0,-0.05380517778388266,0.0,0.0,0.0,0,0,0.6711488743516639,0,-6.615077151855462,354,251,65.13156800441895
329,Alcorn St.,SWAC,1-9,100.55057727437651,309,115.0404004591181,329,0.17535233164645694,329,9.091281730744551,20.90871826925545,8.035904537925378,9.964095462074624,0-0,0.6576165063155768,0.6576165063155768,0,0.41718134887225017,0.6892393528989005,0.23580934618781646,0.842868453169551,0.6660421666932101,111.53722151138916,103.15986310293086,105.58734796426144,109.04090884125016,0.0,0.0,103.23181010310677,110.38866333454592,0.3162953533688386,3.0,-0.004998018384276326,0.0,0.0,0.0,0,0,0.23580934618781646,0,-4.918883903777991,312,178,71.61884864052821
330,Southern Utah,WAC,4-8,100.23983390719621,317,114.83873707461892,326,0.17313399139495256,330,7.8474099693021655,23.152590030697834,3.6351689645107026,14.3648310354893,0-0,0.44063791693211657,0.44063791693211657,0,0.46963788859093625,0.43486605302479653,0.4947508809442592,0.8507835940073986,0.8122618362732185,111.01041011524859,105.8717468911864,107.27967326516486,105.9090368499488,0.0,0.0,99.45858043911389,125.66791616081471,0.06357387892155039,2.0,-0.03887530638991499,0.0,0.0,0.0,0,0,0.4947508809442592,0,-4.884842252015839,311,233,71.53531005684609
331,Southern Indiana,OVC,3-7,98.61294043193368,334,113.09185580310103,292,0.17143720414431218,331,11.926355689853338,19.07364431014666,7.92635568985334,12.073644310146658,0-0,0.3461187502920146,0.3461187502920146,0,0.28116586980411107,0.31465340935637703,0.2627477230503648,0.9388766182940089,0.9093928360338042,107.60548060811999,110.32859356519425,99.5346983902579,107.33156600188488,0.0,0.0,82.98775150689873,104.8102762239539,0.06387767824617337,1.0,-0.0859091196555794,0.0,0.0,0.0,0,0,0.2627477230503648,0,-5.500099744364725,330,301,71.79632802225913
332,Mercyhurst,NEC,4-7,98.99781396929808,333,113.54835657563032,298,0.17121980919824137,332,13.468497094378566,17.531502905621437,8.654378682140775,9.345621317859225,0-0,0.40166972883892976,0.40166972883892976,0,0.28910191434720606,0.40944749760438287,0.2021856597725783,0.9100638265574781,0.8308584977666543,107.64451787356222,108.6235181835212,102.96559999612228,112.17563069232592,0.0,0.0,75.71448799805647,98.84707563484343,0.04453379666918825,2.0,-0.012750110596619624,0.0,0.0,0.0,0,0,0.2021856597725783,0,-4.513503962419805,295,192,64.16910525343816
333,Chicago St.,NEC,2-9,101.71669191226437,288,117.12923145363587,344,0.16486118163604113,333,10.526340303662948,20.47365969633705,8.456831252430257,9.54316874756974,0-0,0.5943804606386229,0.5943804606386229,0,0.38150154515162393,0.6288000525961575,0.20289706755279413,0.8523933063227397,0.693510405756948,112.42299994843583,104.71158030222031,105.18257486329087,109.72841688840195,0.0,0.0,104.57017801167791,119.450233870989,0.17799713936003086,3.0,-0.009413892015730618,0.0,0.0,0.0,0,0,0.20289706755279413,0,-4.9676797715956615,313,183,69.21934711940581
334,North Carolina A&T,CAA,5-4,99.4361444105815,329,114.52092798222884,321,0.16461518115134802,334,9.804197010408332,19.195802989591666,3.6045602851598804,14.395439714840117,0-0,0.2868875364685372,0.2868875364685372,0,0.39260229937351276,0.268309239011241,0.4685591695949011,0.9040596662076213,0.9203060871452723,102.18405629906545,111.5077810541499,102.29929910829263,105.9012050993614,0.0,0.0,0.0,0.0,0.0,0.0,0.09137578970873944,0.0,0.0,0.0,0,0,0.4685591695949011,0,-2.7999851999119674,200,63,71.29403729576997
335,VMI,SC,5-7,101.5895037617112,290,117.22529096491876,345,0.16160823231765967,335,10.883981688280468,20.116018311719532,5.710972343860723,12.289027656139274,0-0,0.34101541293285975,0.34101541293285975,0,0.34240323254586646,0.34600767336739513,0.33980002528587355,0.9083917927530192,0.8742121000078085,107.79992841966545,109.8960113816733,106.10200685766213,111.50590008395876,0.0,0.0,97.81671878247688,109.5646833734084,0.21343799889842946,2.0,-0.03838058434424624,0.0,0.0,0.0,0,0,0.33980002528587355,0,-4.840582400489207,306,230,67.43479916050278
336,Army,Pat,5-7,99.87294855001667,321,115.24715810029512,331,0.1615728147218948,336,12.430227007178893,18.569772992821115,6.657838451523978,11.342161548476021,0-0,0.3826191464433801,0.3826191464433801,0,0.3118430548848132,0.358658731892341,0.27803173260159864,0.9223798814540382,0.8840584446892132,107.96785226944795,109.27917157010486,104.72609321297787,112.06002694509682,0.0,0.0,99.89773476939749,122.70219533185548,0.08591601701412103,1.0,0.045645678679966495,0.0,0.0,0.0,0,0,0.27803173260159864,0,-4.849807740682241,307,116,67.2509844722555
337,Georgia St.,SB,2-9,95.79383825950347,354,110.66378279732292,240,0.15983853388717797,337,7.595983701665543,22.40401629833446,4.595983701665543,13.404016298334456,0-0,0.46888810458653335,0.46888810458653335,0,0.4034924466310354,0.4298140958709888,0.3859446804710665,0.9010709810004066,0.8631390423659295,107.02539876884164,106.27544298416574,102.45311884615855,105.05759712506155,0.0,0.0,0.0,0.0,0.0,0.0,-0.07385475758679094,0.0,0.0,0.0,0,0,0.3859446804710665,0,-6.567319836412912,351,279,70.55975927940399
338,New Hampshire,AE,3-7,96.76796214658668,347,112.04251276797159,271,0.15637281362639044,338,11.059055377317573,17.94094462268243,7.368959590827068,8.63104040917293,0-0,0.4062467243994388,0.4062467243994388,0,0.3172101765512665,0.4610465833994828,0.20034309598709088,0.8837374491834256,0.7807178104732532,108.87974600304321,107.84419803527564,103.81547488005131,110.73164315122584,0.0,0.0,67.93090285642582,108.60026168152287,0.0045160028339167844,1.0,-0.06052887055340933,0.0,0.0,0.0,0,0,0.20034309598709088,0,-4.7581763294210475,304,256,68.42141150137826
339,North Florida,ASun,2-8,101.21488194845159,301,117.2966644902301,346,0.15501513420828422,339,8.010536964941197,22.9894630350588,5.641218581915231,12.358781418084767,0-0,0.49069347275637726,0.49069347275637726,0,0.4113485953215977,0.5176731695161049,0.33455862507000916,0.8444686958587891,0.7203623387980377,111.61422567017661,103.17654293392421,107.18869407030121,108.77637108709649,0.0,0.0,99.32433690200102,113.38496852291992,0.17908201130065876,3.0,-0.13142117383381818,0.0,0.0,0.0,0,0,0.33455862507000916,0,-4.561893989476478,298,340,71.17990489633182
340,Stonehill,NEC,3-8,96.70583348308674,348,112.73248317495992,285,0.14635820044572442,340,11.20954058845238,19.790459411547623,7.847590327070625,10.152409672929373,0-0,0.3574652888117582,0.3574652888117582,0,0.27919041217093693,0.3819546026875836,0.20497183013113676,0.9134357877121841,0.8395673983171454,105.93244440070876,107.9090885521266,102.62473150499939,111.6375437596697,0.0,0.0,101.47394460497188,112.22879239433641,0.23894332863310658,1.0,-0.11905899236240858,0.0,0.0,0.0,0,0,0.20497183013113676,0,-5.848621036578641,337,327,67.71662730327586
341,North Dakota,Sum,4-9,96.02877849704322,353,112.06218006517662,272,0.1448387863968533,341,9.558025980203414,22.441974019796582,4.376556844397864,11.623443155602136,0-0,0.3783948475986995,0.3783948475986995,0,0.385771732716834,0.39837063820569485,0.3731728272279733,0.8761294562064256,0.8336890097055606,107.86564036923,109.5949479702238,103.83078573881161,106.65917517884999,0.0,0.0,96.92643271210608,105.37224506510714,0.2767199359374118,2.0,-0.06188000146406569,0.0,0.0,0.0,0,0,0.3731728272279733,0,-6.4399127195225985,349,258,70.16036412333851
342,New Haven,NEC,5-6,95.71185895585789,355,111.7391142874911,267,0.14424350370742128,342,12.879400742473376,18.120599257526624,7.774423001403602,10.225576998596399,0-0,0.3740320924486882,0.3740320924486882,0,0.29994209502463376,0.431110434249117,0.2052094055847292,0.8934300850711727,0.7919168666653091,107.15088711439448,105.45746268204637,103.79162921009332,110.93717649437347,0.0,0.0,88.27267766102193,102.8932782817728,0.14647633730618145,2.0,0.02531712657939511,0.0,0.0,0.0,0,0,0.2052094055847292,0,-3.707794738636072,257,137,64.59306815786421
343,UMKC,Sum,2-9,95.20781570809734,357,111.29069401384027,255,0.14246550825533622,343,7.601985705573176,23.398014294426822,4.31571614840223,11.684283851597769,0-0,0.43514106204052766,0.43514106204052766,0,0.41560446841142923,0.4605448351927734,0.37347287455391925,0.872284185646652,0.8229664459983491,109.19318799465424,107.14580021896872,104.11347721685414,105.55227572910538,0.0,0.0,81.9146659587278,102.3954237072124,0.07133336169564863,2.0,-0.12269946246793118,0.0,0.0,0.0,0,0,0.37347287455391925,0,-6.658804142973858,356,333,69.75183372931065
344,Maryland Eastern Shore,MEAC,4-11,96.36213398962657,351,112.80952383512574,286,0.14036573743925201,344,12.27356790818142,19.726432091818573,8.068284067865354,6.931715932134646,0-0,0.45835692982740983,0.45835692982740983,0,0.31770198798084115,0.4761998924621786,0.13807102956865908,0.8657237521189866,0.7660664824506918,109.06174672419053,106.4287639035096,102.86238642620336,110.50496115307566,0.0,0.0,83.2760861923872,106.0065574269662,0.05866782859890098,5.0,-0.024899247796443924,0.0,0.0,0.0,0,0,0.13807102956865908,0,-6.642176686778608,355,210,62.563995477823546
345,Canisius,MAAC,5-6,96.54286802891295,349,113.07159768151584,291,0.13974710536518806,345,10.826000442040463,20.173999557959537,5.707121476634426,14.292878523365573,0-2,0.3613633060044767,0.33455881061339937,0.48198353526432447,0.35234052065644916,0.3931562504580261,0.32989186926558167,0.9091335403776869,0.8632063291701254,104.31396065372194,109.74603666503474,103.87496745043381,110.26939253135048,87.73927796425441,112.49157669501723,0.0,0.0,0.0,0.0,0.07801560102901578,109.0,143.0,128.61249999999998,0.8475070463601906,1.1118670424725436,0.31299279526572144,0.0,-4.037498102175463,279,79,64.33638768233662
346,IU Indy,Horz,3-9,101.98017907910253,278,119.65244648752713,355,0.13730611369044216,346,7.838641821507038,23.161358178492964,3.8081224314415243,16.191877568558475,0-3,0.3820860787298686,0.3933483346889918,0.34829931085249927,0.3941613905992183,0.39359744341978853,0.3944715615479045,0.8919717958854249,0.8447042644935446,106.60891396861844,109.41565530270118,103.54577891531632,106.54011066878608,96.32232423063408,122.82353214187322,111.13062449676822,114.43381894460707,0.41657752305469214,2.0,-0.04502703962594784,208.0,255.0,210.875,0.9863663307646711,1.2092471843509187,0.4026196057882702,0.0,-6.879631748824681,359,239,78.8490564512496
347,Rider,MAAC,1-8,94.90716269103622,359,111.72141312899686,265,0.13287711773736535,347,6.561457333472413,22.43854266652759,5.3774738104491435,14.622526189550854,0-2,0.4948287177419181,0.5071164081161649,0.45182180143205425,0.4019724917512257,0.5302625771677688,0.34424195331378116,0.8554441638335948,0.6951042703804536,109.63778090288845,105.84748380262678,105.43965424786406,108.79079172364973,93.37801800358693,111.54106954009588,94.02520380384428,113.55690605860772,0.10242885155402755,3.0,-0.18800703525060836,124.0,140.0,131.45,0.9433244579688095,1.0650437428680108,0.3322886368561953,0.0,-5.005492514958072,318,364,66.91940056502816
348,NJIT,AE,4-8,94.1983655262434,361,110.89776144908267,246,0.13274908161279286,348,11.79622313509301,19.20377686490699,6.627552589524614,9.372447410475386,0-0,0.41892399361554133,0.41892399361554133,0,0.30711509764375944,0.4178199391614917,0.20332930872088542,0.9015796045727629,0.8318629881771695,105.8576835668788,109.17063728849381,99.9856840661445,107.88707549998972,0.0,0.0,83.04034773443988,121.15780432772716,0.012813958172948765,1.0,0.06754763174474931,0.0,0.0,0.0,0,0,0.20332930872088542,0,-5.3243768837509995,323,92,69.15266230818149
349,Loyola MD,Pat,4-8,101.48877053405857,292,120.01495764387047,360,0.126951655245652,349,9.549041159615097,21.450958840384907,5.52548570415453,12.47451429584547,0-0,0.28549284655367746,0.28549284655367746,0,0.30057072612329316,0.32639187847374285,0.2819221160924129,0.9195412618236276,0.8781944678980904,103.09805840976621,110.64277999611696,103.48121618925256,111.43373604364079,0.0,0.0,75.15683006567777,107.43697339755114,0.016154584395530615,1.0,-0.10074045239841206,0.0,0.0,0.0,0,0,0.2819221160924129,0,-6.3609114262973865,347,321,69.09695939842466
350,Stetson,ASun,3-8,97.87518563281057,344,115.74857874281909,338,0.12687629639364353,350,8.593183025054909,22.406816974945095,4.574847190341574,13.425152809658428,0-0,0.4448219505629296,0.4448219505629296,0,0.38545506936834717,0.4419469703551354,0.34465536310011113,0.8875910015122233,0.8238951560622424,106.55063908012532,107.15826016691139,102.2528949289726,105.87880664198329,0.0,0.0,93.98011749459788,110.64530698746873,0.13269543068821707,1.0,-0.00939574905917101,0.0,0.0,0.0,0,0,0.34465536310011113,0,-5.433321840664771,328,182,67.54222074357872
351,North Carolina Central,MEAC,3-9,96.40792505332855,350,114.67969923341354,324,0.11963638374945659,351,11.52029941430626,17.47970058569374,7.029421877406564,6.970578122593436,0-0,0.495691263201202,0.495691263201202,0,0.30426154452690096,0.45716983525758426,0.14043123302974034,0.864539459841797,0.7582192161893128,113.29586577985347,103.93785356035157,99.5212748198509,106.35579161402887,0.0,0.0,102.5903229239376,122.7725332915817,0.11251733679129998,4.0,-0.08081567919479066,0.0,0.0,0.0,0,0,0.14043123302974034,0,-4.852720065168118,308,294,67.34414748063352
352,Delaware St.,MEAC,4-8,94.12011568660144,362,112.55273768066426,283,0.11336947969183402,352,13.553996293966831,16.44600370603317,7.408653631202235,7.591346368797766,0-0,0.31485921786193066,0.31485921786193066,0,0.2320059057243276,0.3248926129404801,0.13911919850817508,0.9322136838605357,0.8853300668359408,106.44512573083833,109.38023472685666,97.05838062016858,108.1283326943136,0.0,0.0,70.82625119524452,111.11396230937213,0.005603433897905693,2.0,-0.0648496757107554,0.0,0.0,0.0,0,0,0.13911919850817508,0,-6.046400520493744,341,265,67.85069276896688
353,Louisiana Monroe,SB,3-8,98.17311443473503,341,117.56158593113696,348,0.1117842218933521,353,6.597563598250138,23.402436401749867,3.5766955032303054,14.423304496769692,0-0,0.38390614793644945,0.38390614793644945,0,0.4069366329978945,0.4197544940587244,0.3983913922906748,0.8823587583468411,0.8322430367771777,106.4252868157098,108.46272256214566,105.65387551099721,108.52496562233547,0.0,0.0,106.66156196452286,118.73423308440617,0.22563785962309735,2.0,-0.07970840055452105,0.0,0.0,0.0,0,0,0.3983913922906748,0,-5.746176163358599,335,290,70.87211382240491
354,Western Illinois,OVC,4-7,98.27939571367537,339,118.26576384040783,352,0.10632144163480714,354,9.478595733095322,21.521404266904685,5.47859573309532,14.521404266904678,0-0,0.3185691658570068,0.3185691658570068,0,0.2868086107952694,0.31856916585700656,0.269340305511314,0.9258507421656096,0.8746762587263506,105.89158938240735,107.77707724556201,102.62365046223356,110.06626669469767,0.0,0.0,104.50635565578546,105.85302013125313,0.4632558955197019,1.0,-0.04916758546950106,0.0,0.0,0.0,0,0,0.269340305511314,0,-5.134355579927842,320,246,65.17358852832089
355,Maine,AE,1-12,90.58729182521665,365,109.59629373629889,205,0.10059502118438564,355,7.822015769657787,23.177984230342215,5.688495504650324,10.311504495349677,0-0,0.4428502498530618,0.4428502498530618,0,0.30069825738333145,0.4071304706691909,0.2009180574278382,0.9304725591247828,0.8897445991393413,106.73360041715549,109.19467512602392,99.90686130501845,108.16970055615461,0.0,0.0,0.0,0.0,0.0,0.0,-0.0801424287796079,0.0,0.0,0.0,0,0,0.2009180574278382,0,-9.570010774308757,365,291,65.2971236627543
356,Saint Francis,NEC,2-9,95.6281890893754,356,115.91576373541082,339,0.09862867321677435,356,8.157153804083192,22.8428461959168,5.974746121302393,12.025253878697608,0-0,0.4762526554822488,0.4762526554822488,0,0.3347704699089397,0.5070337383733942,0.2103581093512782,0.8906068658515089,0.7863273360058051,110.82518341884676,106.94262447258312,104.67730057290903,110.86376764780087,0.0,0.0,99.27843017534954,118.37360372933547,0.1168039396058893,2.0,-0.08033609790880397,0.0,0.0,0.0,0,0,0.2103581093512782,0,-6.180648022118272,343,292,71.46947651674309
357,The Citadel,SC,3-8,99.60227289545915,326,121.22847076252835,362,0.09451966593471367,357,6.696412525929946,24.30358747407005,3.5982839140499734,14.401716085950028,0-0,0.30158417369748663,0.30158417369748663,0,0.3486060556779392,0.35032722364845637,0.34736298992145453,0.9163500122674763,0.8948918491514043,105.6066645174596,109.4018640026714,105.92866178895763,110.84091889211756,0.0,0.0,0.0,0.0,0.0,0.0,-0.13354761812245602,0.0,0.0,0.0,0,0,0.34736298992145453,0,-6.5682395018680735,352,344,65.76293778717879
358,Binghamton,AE,3-8,98.36517908808176,337,119.83451271606202,358,0.09360546692110545,358,9.63986114109176,21.360138858908247,5.163040458365806,10.836959541634192,0-0,0.2552096446103096,0.2552096446103096,0,0.2339414668324059,0.26128366988382606,0.20830815147169954,0.9435479053584945,0.919434416171586,102.91191995170897,111.74195862097754,97.75094693221736,108.24227072223091,0.0,0.0,79.45735331158579,111.6106151476426,0.019692068432625505,1.0,-0.14708401630639134,0.0,0.0,0.0,0,0,0.20830815147169954,0,-6.720292967122166,357,351,66.1679951095091
359,Niagara,MAAC,2-8,94.93874132491364,358,115.67423166407784,337,0.09348730126213459,359,7.090010644766699,22.909989355233307,4.077556202227303,15.922443797772697,0-2,0.35802692756712146,0.3270377756428207,0.48198353526432447,0.3388884365035663,0.3474736837564759,0.33459581287711143,0.9003224886031449,0.8336737096148753,104.90686597322663,110.7110674153914,100.6347056910347,106.72200388181582,79.39758563933088,122.90717681340753,86.78515013202068,126.58636785996087,0.012854456303102524,1.0,-0.03686932842572016,97.0,154.0,126.0875,0.7693070288490136,1.2213740458015268,0.31821939927853227,0.0,-6.08541150252126,342,227,65.32547625171483
360,Fairleigh Dickinson,NEC,2-8,98.02419154015045,343,119.73000946519744,357,0.0910991663997407,360,8.692640660173462,22.30735933982654,5.627751282281783,12.372248717718215,0-0,0.39489047135275324,0.39489047135275324,0,0.2949177231058179,0.410817038758646,0.21121266180099757,0.9001475316307717,0.809257761878733,108.50052022992844,107.14213099579295,99.74204041235274,106.91884339415142,0.0,0.0,88.46687062445629,107.05650746343565,0.10034657784656753,2.0,-0.13687221379797831,0.0,0.0,0.0,0,0,0.21121266180099757,0,-5.521064922255163,332,348,69.30649791673017
361,Gardner Webb,BSth,1-11,96.19694058663657,352,118.0256077310369,350,0.08692306690049777,361,4.7989668992723775,25.201033100727624,2.520829716605341,13.47917028339466,0-0,0.48714792112799055,0.48714792112799055,0,0.44949918315851406,0.503093623367422,0.40260404797571947,0.8511926241047626,0.7942247130656589,111.03931275748555,107.07967399058884,108.60805777927912,108.83019852803605,0.0,0.0,96.5111546828612,122.59482407042432,0.060024476291700976,1.0,-0.14668024676665908,0.0,0.0,0.0,0,0,0.40260404797571947,0,-7.941081011416923,362,350,72.88908598365857
362,South Carolina St.,MEAC,0-11,94.35236189091333,360,116.66475530237878,343,0.08009300546378925,362,7.823168118873518,22.17683188112648,5.520667360567419,8.479332639432581,0-0,0.5018181978862469,0.5018181978862469,0,0.31645382534936006,0.4654298867481975,0.14619546946497453,0.8815007568437108,0.7974402734471943,111.37531580606759,109.85788382946306,97.04189636490459,103.93581831088851,0.0,0.0,85.8350504574614,118.18877920464058,0.02464227269470811,2.0,-0.08856811548066483,0.0,0.0,0.0,0,0,0.14619546946497453,0,-8.032082852715847,363,309,70.97599297748316
363,Morgan St.,MEAC,2-8,98.03257100015942,342,121.40454422829828,364,0.07878084441880163,363,8.530244585474621,19.46975541452538,5.461111898293076,8.538888101706922,0-0,0.2905109492199015,0.2905109492199015,0,0.2561465363794015,0.36590548310564036,0.1463875896531626,0.9275239544172903,0.8775062990282276,103.1670108312385,111.68380550414616,96.64467494888285,107.5005472404353,0.0,0.0,0.0,0.0,0.0,0.0,-0.12861967690475457,0.0,0.0,0.0,0,0,0.1463875896531626,0,-6.8183870257587085,358,338,69.41628875564193
364,Coppin St.,MEAC,2-12,93.65462389489345,363,121.3038714008916,363,0.04857385278203647,364,6.105536939803961,24.89446306019604,3.834583515275719,10.165416484724282,0-0,0.4824838954823879,0.4824838954823879,0,0.3308684362200806,0.479138389093579,0.15082635058797564,0.8959461894201223,0.8292712919193214,108.13226883116039,107.1706441403421,102.6623726041648,110.36430259418601,0.0,0.0,90.7974653399624,118.47271046883215,0.044805262673513924,2.0,0.014572814225681963,0.0,0.0,0.0,0,0,0.15082635058797564,0,-8.456549305356361,364,154,70.09652462685581
365,Mississippi Valley St.,SWAC,1-9,91.00654653560885,364,119.6727514627037,356,0.041129149976545994,365,3.4788404848558434,28.521159515144156,2.348316405083512,15.651683594916486,0-0,0.4822055505620096,0.4822055505620096,0,0.3818506135386114,0.5419553940462263,0.2573246731437997,0.8751832057002882,0.7722452196313894,109.36128681844912,107.707456297921,105.5483944429765,109.91582627095224,0.0,0.0,107.34931788366639,122.8185428146673,0.17535679399818235,1.0,-0.049319913508312996,0.0,0.0,0.0,0,0,0.2573246731437997,0,-6.304615342309452,346,248,68.9819613362193
