,pid,player,team,dunkasst,rimasst,midasst,3Passt
0,3,Pooh Williams,Utah St.,0.8333333333333334,0.3333333333333333,0.45454545454545453,0.9722222222222222
1,11,Nick Rodgers,Butler,0.0,0.0,0.0,1.0
2,13,Dana Smith,Longwood,0.6666666666666666,0.45121951219512196,0.4318181818181818,0.9090909090909091
3,32,Carlos Strong,Boston University,0.6153846153846154,0.3829787234042553,0.10526315789473684,0.711864406779661
4,33,Sherrod Smith,Boston University,0.0,0.0,0.0,0.0
5,34,Eulis Stephens,Detroit Mercy,0.75,0.5555555555555556,0.5,1.0
6,37,Brett Gifford,Albany,0.0,0.75,0.9230769230769231,0.0
7,38,Valdas Sirutis,Boston University,0.0,0.7777777777777778,0.75,1.0
8,39,Corey Lowe,Boston University,0.0,0.07692307692307693,0.1111111111111111,0.5333333333333333
9,41,Grant Leiendecker,Butler,0.0,1.0,0.0,1.0
10,43,Patrick Bouli,Manhattan,0.0,0.3333333333333333,0.5,0.7857142857142857
11,45,Antoine Pearson,Manhattan,0.0,0.08163265306122448,0.06666666666666667,0.8
12,47,Chris Harris,Navy,0.0,0.22033898305084745,0.2777777777777778,0.8863636363636364
13,49,T.J. Topercer,Navy,0.0,0.6666666666666666,0.0,1.0
14,51,Brandon Adams,Manhattan,1.0,0.43902439024390244,0.4782608695652174,1.0
15,52,Darryl Crawford,Manhattan,0.4,0.18518518518518517,0.2909090909090909,0.8095238095238095
16,55,Jabari Deshields,Alabama A&M,0.0,0.2,0.14285714285714285,1.0
17,57,Charles Jenkins,Hofstra,0.5,0.3023255813953488,0.2692307692307692,0.9152542372881356
18,60,Pierre Curtis,James Madison,0.0,0.10526315789473684,0.10526315789473684,0.8947368421052632
19,61,Greg Washington,Hofstra,0.8571428571428571,0.5714285714285714,0.8823529411764706,0.0
20,62,Matt Parker,James Madison,0.0,0.5,0.0,1.0
21,72,Evan Neisler,Drexel,0.6666666666666666,0.6136363636363636,0.7777777777777778,0.0
22,79,Moussa Camara,Binghamton,0.8333333333333334,0.4418604651162791,0.46153846153846156,0.8604651162790697
23,82,Otis Polk,Bowling Green,0.8461538461538461,0.6,0.46153846153846156,0.0
24,84,Marc Larson,Bowling Green,0.5,0.5581395348837209,0.9473684210526315,0.0
25,86,Landon Milbourne,Maryland,0.8333333333333334,0.6666666666666666,0.7397260273972602,1.0
26,87,Eric Hayes,Maryland,0.0,0.5862068965517241,0.25,0.8852459016393442
27,91,Vernon Macklin,Florida,0.7142857142857143,0.6115702479338843,0.4,0.0
28,92,Levi Knutson,Colorado,0.0,0.5,0.5,1.0
29,100,Frank Hassell,Old Dominion,0.7777777777777778,0.5816326530612245,0.4166666666666667,0.0
30,104,Kevin White,Maryland Eastern Shore,0.0,0.13333333333333333,0.19148936170212766,0.8421052631578947
31,113,Sean Carter,Massachusetts,0.6923076923076923,0.5423728813559322,0.0,0.0
32,114,Carlton Fay,Southern Illinois,0.0,0.8421052631578947,0.515625,0.9285714285714286
33,117,Paul Campbell,Hawaii,0.7368421052631579,0.65625,0.20833333333333334,0.0
34,118,Adhar Mayen,Hawaii,1.0,0.875,0.7073170731707317,0.9565217391304348
35,123,Zach Hahn,Butler,0.0,0.75,0.0,0.8888888888888888
36,124,Matt Howard,Butler,0.9411764705882353,0.7340425531914894,0.5161290322580645,1.0
37,125,Shawn Vanzant,Butler,0.0,0.14285714285714285,0.0,0.7857142857142857
38,128,Tunde Agboola,Boston University,0.0,0.6666666666666666,0.0,1.0
39,145,George Barbour,Monmouth,1.0,0.6666666666666666,0.0,0.0
40,146,James Hett,Monmouth,0.0,0.36,0.42857142857142855,0.8
41,148,Thomas Coleman,North Carolina A&T,0.84375,0.5714285714285714,0.3333333333333333,0.0
42,150,Kyle Riley,Howard,0.5,0.5135135135135135,0.18181818181818182,1.0
43,152,Justin Nabors,Lamar,0.75,0.5148514851485149,0.5789473684210527,1.0
44,154,Noah States,Furman,0.6666666666666666,0.6,0.125,1.0
45,155,Adam Walker,Howard,0.0,0.30434782608695654,0.23809523809523808,1.0
46,157,Jihad Ali,Georgia St.,0.0,0.4117647058823529,0.6521739130434783,0.96
47,161,Jay Threatt,Delaware St.,0.0,0.3157894736842105,0.13333333333333333,0.6666666666666666
48,162,Isaiah Tate,George Mason,1.0,0.6470588235294118,0.5,0.8695652173913043
49,163,Vlad Moldoveanu,American,0.0,0.5416666666666666,0.5,0.9583333333333334
50,164,Tyren Johnson,Louisiana,0.7857142857142857,0.46153846153846156,0.32894736842105265,0.7241379310344828
51,180,Pawel Buczak,Princeton,0.0,0.3333333333333333,0.2857142857142857,1.0
52,184,Calvin Baker,Virginia,0.0,0.5,0.23076923076923078,0.875
53,185,Yaniv Simpson,Monmouth,0.0,0.0,0.0,0.0
54,186,Ousman Krubally,Georgia St.,0.0,0.45614035087719296,0.625,0.0
55,188,Howard Crawford,UAB,0.8888888888888888,0.6052631578947368,0.5614035087719298,1.0
56,193,Ryan Reid,Florida St.,0.6,0.5333333333333333,0.6216216216216216,0.0
57,197,Kyle Singler,Duke,1.0,0.44776119402985076,0.2894736842105263,0.9647058823529412
58,198,Nolan Smith,Duke,0.4,0.3684210526315789,0.20238095238095238,0.8333333333333334
59,200,Taylor King,Villanova,1.0,0.8620689655172413,0.42857142857142855,0.95
60,201,E'Twaun Moore,Purdue,0.8333333333333334,0.42857142857142855,0.226890756302521,0.8627450980392157
61,203,JaJuan Johnson,Purdue,0.9,0.7551020408163265,0.7412587412587412,0.0
62,209,Tim Abromaitis,Notre Dame,0.8,0.631578947368421,0.46153846153846156,0.9629629629629629
63,210,Tyrone Nash,Notre Dame,1.0,0.7051282051282052,0.7777777777777778,0.0
64,211,Junior Salters,Wofford,0.0,0.35714285714285715,0.4444444444444444,0.8484848484848485
65,212,Jerome Randle,California,0.0,0.23728813559322035,0.07272727272727272,0.6206896551724138
66,218,Tim Johnson,Wofford,0.7777777777777778,0.3142857142857143,0.1875,0.0
67,220,Corey Godzinski,Wofford,1.0,0.5555555555555556,0.2857142857142857,1.0
68,230,Ryann Abraham,Appalachian St.,0.0,0.09090909090909091,0.4166666666666667,0.6086956521739131
69,231,Robo Kreps,Illinois Chicago,0.0,0.2619047619047619,0.45,0.7037037037037037
70,232,Peter Sullivan,Brown,0.0,0.5,0.3333333333333333,0.9117647058823529
71,235,Matt Mullery,Brown,1.0,0.4338235294117647,0.3333333333333333,0.875
72,238,Andrew Fleming,Long Beach St.,0.6666666666666666,0.75,0.8,0.0
73,243,Eugene Harvey,Seton Hall,0.0,0.32051282051282054,0.0,0.4
74,248,L.D. Williams,Wake Forest,0.7272727272727273,0.5625,0.4666666666666667,1.0
75,262,D.J. Gay,San Diego St.,0.0,0.23076923076923078,0.0,0.6101694915254238
76,263,Zavier Anderson,Clemson,0.0,0.5,0.0,0.0
77,266,Adam Carp,Nevada,0.0,0.0,0.0,0.0
78,269,Dante Jackson,Xavier,0.0,0.09090909090909091,0.3333333333333333,0.8771929824561403
79,273,Justin Rutty,Quinnipiac,0.8571428571428571,0.4819277108433735,0.41025641025641024,0.0
80,276,Dante Curry,Georgia St.,0.0,0.5,0.3333333333333333,1.0
81,280,Keaton Belcher,Belmont,0.9,0.6428571428571429,0.35714285714285715,0.9791666666666666
82,284,Graeme Radford,Stetson,1.0,0.75,0.0,0.0
83,306,Grant Maxey,Jackson St.,0.0,0.0,0.0,0.0
84,307,Jason Averkamp,Milwaukee,0.0,0.6111111111111112,0.5,1.0
85,312,Woody Payne,Detroit Mercy,0.0,0.13636363636363635,0.375,1.0
86,318,Julius Thomas,Portland St.,0.95,0.5903614457831325,0.4375,0.0
87,319,Zahir Carrington,Lehigh,0.7666666666666667,0.5789473684210527,0.5135135135135135,0.0
88,320,Marquis Hall,Lehigh,1.0,0.25,0.15384615384615385,0.7818181818181819
89,321,Ernest Fields,Austin Peay,0.0,0.5,1.0,0.0
90,323,Duran Roberson,Austin Peay,1.0,0.6190476190476191,0.7333333333333333,1.0
91,325,Romain Martin,Eastern Illinois,0.0,1.0,0.0,1.0
92,328,Matt Shamis,Lehigh,0.0,0.0,0.0,1.0
93,329,Scott Brooks,Navy,0.0,0.0,0.0,0.0
94,330,James Spencer,Liberty,0.0,0.0,0.0,0.0
95,331,Jeremy Evans,Western Kentucky,0.6721311475409836,0.584070796460177,0.5714285714285714,1.0
96,332,Amorrow Morgan,Idaho St.,0.0,0.22641509433962265,0.20634920634920634,0.7931034482758621
97,333,Donnie Carson,Idaho St.,0.0,0.10526315789473684,0.1875,1.0
98,334,Kenneth van Kempen,Ohio,0.0,0.8064516129032258,0.8571428571428571,0.0
99,337,A.J. Slaughter,Western Kentucky,0.0,0.10204081632653061,0.14285714285714285,0.6708860759493671
100,338,Louis Birdsong,George Mason,1.0,0.5454545454545454,0.45454545454545453,1.0
101,339,Trae Goldston,Georgia St.,0.0,0.47058823529411764,0.28125,0.8275862068965517
102,342,Yannick Formbor,Drexel,0.0,0.0,1.0,0.0
103,343,Rob Hampton,Norfolk St.,0.4,0.23214285714285715,0.2857142857142857,0.9259259259259259
104,346,Kurt Hoffman,Saint Francis,0.0,0.5666666666666667,1.0,0.0
105,354,Josh White,North Texas,0.0,0.07142857142857142,0.03571428571428571,0.66
106,358,Cleveland Richard,Army,0.0,0.44,0.35294117647058826,0.9117647058823529
107,359,Derrick Caracter,UTEP,0.9090909090909091,0.5647058823529412,0.5084745762711864,1.0
108,363,Will Walker,DePaul,0.0,0.26,0.10714285714285714,0.6901408450704225
109,366,Edgar Sosa,Louisville,0.6666666666666666,0.24561403508771928,0.08333333333333333,0.7761194029850746
110,367,James Dews,Miami FL,0.0,0.3611111111111111,0.3333333333333333,0.8936170212765957
111,370,Jeremy Hazell,Seton Hall,0.65,0.4772727272727273,0.2647058823529412,0.826530612244898
112,385,Marcus Britt,Arkansas,0.0,0.29411764705882354,0.08333333333333333,1.0
113,393,Steffphon Pettigrew,Western Kentucky,0.6666666666666666,0.44144144144144143,0.375,0.8108108108108109
114,395,Austin Kilpatrick,Idaho St.,0.0,0.2857142857142857,0.125,0.9130434782608695
115,398,Brandon Webster,Fresno St.,1.0,0.5,0.0,0.0
116,399,Nedeljko Golubovic,Fresno St.,0.0,0.75,0.625,1.0
117,401,Josh Bedwell,Samford,0.0,1.0,0.0,0.5714285714285714
118,408,Sam Singh,Bradley,0.0,0.7692307692307693,0.5,0.0
119,420,Terrell Bell,Virginia Tech,0.6666666666666666,0.4864864864864865,0.5,1.0
120,423,Malcolm Delaney,Virginia Tech,0.3333333333333333,0.22727272727272727,0.22413793103448276,0.6190476190476191
121,429,Justin Dehm,Furman,0.0,0.125,0.17647058823529413,0.8571428571428571
122,430,Will Sherrill,Virginia,0.0,0.7,1.0,0.9333333333333333
123,434,Brian Mills,Mercer,0.7727272727272727,0.5517241379310345,0.4444444444444444,0.9166666666666666
124,436,Mark Hall,Mercer,0.0,0.5,0.5,1.0
125,438,George Valentine,Winthrop,0.0,0.25,0.5,0.0
126,439,Josh Slater,Lipscomb,0.0,0.06557377049180328,0.2,0.7857142857142857
127,440,Alphonso Dawson,Delaware,1.0,0.4594594594594595,0.543859649122807,0.9387755102040817
128,441,Marco Cooper,Sam Houston St.,0.0,0.6153846153846154,1.0,0.0
129,442,Edwin Santiago,Delaware,0.0,0.25,0.3333333333333333,1.0
130,443,D.J. Boney,Delaware,0.0,0.375,0.2,1.0
131,449,Josh Thornton,Towson,0.0,0.2727272727272727,0.13333333333333333,0.7662337662337663
132,460,Travis Cohn,Jacksonville,0.8333333333333334,0.3888888888888889,0.2962962962962963,0.9310344827586207
133,461,Cory Higgins,Colorado,0.75,0.3645833333333333,0.3389830508474576,0.9655172413793104
134,465,Greivis Vasquez,Maryland,0.25,0.2857142857142857,0.1590909090909091,0.7164179104477612
135,467,Michael Lance,Arkansas St.,0.0,0.0,0.0,0.0
136,469,Avery Merriex,Air Force,0.0,0.3,0.42857142857142855,1.0
137,470,Travis Bureau,Louisiana,0.5714285714285714,0.36585365853658536,0.5,0.6875
138,474,Ty Proffitt,Morehead St.,0.0,0.0,0.5,0.9411764705882353
139,476,LaceDarius Dunn,Baylor,0.7857142857142857,0.4264705882352941,0.18181818181818182,0.6880733944954128
140,477,Jamine Peterson,Providence,0.7555555555555555,0.4928571428571429,0.36585365853658536,0.8235294117647058
141,478,Chase Buford,Kansas,0.0,0.0,0.0,0.0
142,479,Tyrel Reed,Kansas,1.0,0.5833333333333334,0.14285714285714285,0.9545454545454546
143,481,Casey Harriman,Creighton,0.0,0.2,0.0,1.0
144,482,Trent Beckley,Colorado,0.0,1.0,0.0,0.0
145,487,Jarrett Mathis,Dartmouth,0.0,0.0,0.0,0.0
146,497,Drew Speraw,UCF,0.0,0.3333333333333333,1.0,1.0
147,501,Anthony Hill,Milwaukee,1.0,0.4791666666666667,0.4074074074074074,1.0
148,504,Rahmon Fletcher,Green Bay,0.0,0.18181818181818182,0.21428571428571427,0.625
149,509,Evan Hilton,Alabama A&M,0.0,0.2682926829268293,0.125,0.9090909090909091
150,512,Nick Lake,Princeton,1.0,0.5,0.0,0.8571428571428571
151,515,Vinny Lima,Northeastern,0.0,0.5,1.0,1.0
152,524,Brian McDonald,Northeastern,0.0,1.0,0.0,1.0
153,526,Robert Frozena,Marquette,0.0,1.0,0.0,1.0
154,529,Larry Jackson,Florida A&M,0.8888888888888888,0.5581395348837209,0.45714285714285713,0.0
155,536,Nikola Dragovic,UCLA,1.0,0.7045454545454546,0.75,0.9574468085106383
156,539,Jeff Allen,Virginia Tech,0.5,0.3739130434782609,0.25806451612903225,1.0
157,540,Ryan Wetherell,USC,0.0,0.0,0.0,0.0
158,542,Xavier Silas,Northern Illinois,0.8,0.4423076923076923,0.32432432432432434,0.9615384615384616
159,543,Steve McNees,Akron,0.0,0.15384615384615385,0.0,0.6666666666666666
160,549,Johnny Mayhane,Tulane,0.0,0.46153846153846156,0.1111111111111111,1.0
161,551,Kevin Sims,Tulane,0.0,0.21428571428571427,0.2,0.7419354838709677
162,552,Asim McQueen,Tulane,0.7142857142857143,0.46551724137931033,0.6666666666666666,1.0
163,556,Andre Stephens,Southern Miss,1.0,0.4,0.6666666666666666,0.0
164,558,Obi Muonelo,Oklahoma St.,0.0,0.11428571428571428,0.15151515151515152,0.825
165,560,Ryan Anderson,Nebraska,0.0,0.46153846153846156,0.5135135135135135,0.9259259259259259
166,562,Kris Douse,Delaware St.,0.0,0.5,0.0,0.0
167,570,Dominic Friend,Nicholls St.,0.0,0.6363636363636364,0.25,1.0
168,574,Shelton Carter,Winston Salem St.,1.0,0.3076923076923077,0.2,0.8918918918918919
169,575,Davis Baker,Southern Utah,0.0,0.4722222222222222,0.39215686274509803,0.7037037037037037
170,583,Ryan Wittman,Cornell,1.0,0.6333333333333333,0.3770491803278688,0.8969072164948454
171,584,Alex Tyler,Cornell,0.0,0.5,0.46153846153846156,0.0
172,585,Pete Reynolds,Cornell,0.0,0.0,0.0,0.0
173,586,Geoff Reeves,Cornell,0.0,0.6666666666666666,0.2,0.972972972972973
174,587,Jon Jaques,Cornell,0.0,0.7916666666666666,0.8,0.972972972972973
175,588,Louis Dale,Cornell,1.0,0.2962962962962963,0.16666666666666666,0.6170212765957447
176,589,Tyrone Lewis,Niagara,0.2857142857142857,0.3157894736842105,0.05263157894736842,0.7816091954022989
177,591,Frank Turner,Canisius,0.0,0.18518518518518517,0.0,0.6086956521739131
178,607,Lamar Roberson,Louisiana,1.0,0.4,0.11764705882352941,0.3333333333333333
179,615,Trevor Welcher,Delaware St.,0.0,0.75,1.0,1.0
180,623,Brandon Williams,Stetson,0.0,0.08333333333333333,0.0,0.7777777777777778
181,624,A.J. Smith,Stetson,0.5,0.10909090909090909,0.10526315789473684,0.75
182,625,James Florence,Mercer,0.0,0.06818181818181818,0.08695652173913043,0.5094339622641509
183,626,Olivier Dupiton,Stetson,0.0,0.75,0.0,0.0
184,627,Sheldon Oliver,Stetson,0.0,0.5,0.0,0.0
185,629,Rob Thomas,St. John's,0.0,0.5,0.6,0.0
186,633,Randy Berry,Green Bay,0.6666666666666666,0.6521739130434783,0.5384615384615384,0.0
187,634,Delroy James,Rhode Island,0.6818181818181818,0.29347826086956524,0.2,0.8181818181818182
188,635,Lamonte Ulmer,Rhode Island,0.7333333333333333,0.4727272727272727,0.675,1.0
189,638,Andrew Jones III,Penn St.,1.0,0.7450980392156863,0.6,0.0
190,639,Patrick Sullivan,Southeastern Louisiana,0.5333333333333333,0.42857142857142855,0.43434343434343436,0.0
191,644,Jeremy Buttell,Illinois Chicago,0.0,0.5606060606060606,0.3333333333333333,0.8222222222222222
192,645,Dior Lowhorn,San Francisco,0.6923076923076923,0.639344262295082,0.4880952380952381,0.9047619047619048
193,647,Dazzmond Thornton,James Madison,0.0,0.9166666666666666,0.6666666666666666,0.0
194,657,Mike Bardo,Akron,0.0,0.2,0.0,0.0
195,658,Justin Knox,Alabama,0.8461538461538461,0.6896551724137931,0.5128205128205128,1.0
196,661,Trevor Gaskins,Mississippi,0.0,0.2777777777777778,0.125,0.8518518518518519
197,664,Chris McKnight,Akron,0.75,0.6410256410256411,0.625,1.0
198,666,Bryan Davis,Texas A&M,0.5,0.38636363636363635,0.35294117647058826,0.0
199,667,Derrick Roland,Texas A&M,1.0,0.391304347826087,0.2222222222222222,1.0
200,668,Beau Gerber,Oklahoma,0.0,0.5,0.0,0.0
201,669,Tony Crocker,Oklahoma,1.0,0.4444444444444444,0.09090909090909091,0.9
202,670,Bryan Beasley,Rice,0.0,0.42857142857142855,0.5,1.0
203,672,Donald Sloan,Texas A&M,0.5,0.2676056338028169,0.2077922077922078,0.7446808510638298
204,680,Michael Hunter,UC Irvine,0.0,0.29411764705882354,0.5454545454545454,0.8194444444444444
205,683,Mark Payne,UC Davis,0.6363636363636364,0.5185185185185185,0.4074074074074074,0.9444444444444444
206,687,Rishawn Johnson,Canisius,0.0,0.4444444444444444,0.625,0.0
207,688,Matt Karaffa,Bowling Green,0.0,0.0,0.0,0.0
208,692,Lucas O'Rear,Northern Iowa,0.5,0.5365853658536586,0.2727272727272727,0.5
209,694,Shemik Thompson,Central Connecticut,0.0,0.28,0.5384615384615384,0.7916666666666666
210,698,Clint Hopf,Evansville,0.0,0.7368421052631579,0.85,0.0
211,699,Kavon Lacey,Evansville,0.0,0.19047619047619047,0.5294117647058824,1.0
212,713,Malik Boothe,St. John's,0.0,0.3,0.23809523809523808,0.75
213,714,D.J. Kennedy,St. John's,0.7777777777777778,0.47761194029850745,0.1,0.6666666666666666
214,715,Jabari Edwards,George Washington,0.7777777777777778,0.6875,0.0,0.0
215,716,Joseph Katuka,George Washington,1.0,0.6388888888888888,0.6363636363636364,0.0
216,717,Paris Horne,St. John's,0.9285714285714286,0.5102040816326531,0.18181818181818182,0.95
217,718,Justin Burrell,St. John's,0.5454545454545454,0.36666666666666664,0.4857142857142857,1.0
218,719,Dele Coker,St. John's,0.5,0.7142857142857143,0.5454545454545454,0.0
219,720,Sean Evans,St. John's,0.9,0.5230769230769231,0.2608695652173913,0.0
220,721,Jerrell Thompson,Sacred Heart,0.0,0.3333333333333333,0.1,0.5384615384615384
221,722,Gary Wallace,Robert Morris,0.0,0.625,0.5294117647058824,0.8636363636363636
222,729,Jeremy Anderson,Liberty,0.0,1.0,0.5,1.0
223,730,Shawn Bowen,Stetson,0.0,0.5,0.0,1.0
224,731,David Campbell,High Point,0.0,0.5555555555555556,0.42857142857142855,1.0
225,735,Lyndon Jordan,Fairfield,0.0,0.47619047619047616,0.2222222222222222,0.8333333333333334
226,740,Devan Downey,South Carolina,0.0,0.14285714285714285,0.04081632653061224,0.3333333333333333
227,743,Mark Wohlford,Purdue,0.0,1.0,0.3333333333333333,0.875
228,758,Charoy Bentley,Saint Joseph's,0.0,0.375,0.4,0.8888888888888888
229,759,Mike Singletary,Texas Tech,0.8333333333333334,0.46511627906976744,0.3898305084745763,0.8636363636363636
230,763,Cole Aldrich,Kansas,0.78125,0.7065217391304348,0.6140350877192983,0.0
231,765,John Roberson,Texas Tech,0.0,0.358974358974359,0.23684210526315788,0.647887323943662
232,766,D'walyn Roberts,Texas Tech,0.8823529411764706,0.5588235294117647,0.75,0.0
233,769,Phil Jones,Charlotte,1.0,0.5517241379310345,0.7857142857142857,1.0
234,772,Matt Fiery,Bucknell,0.0,0.0,0.0,1.0
235,773,Corey Bloom,Louisiana,0.0,0.75,0.0,0.6666666666666666
236,774,Liam Potter,Sacred Heart,0.8285714285714286,0.5227272727272727,0.06666666666666667,0.0
237,775,Doug Elwell,Wagner,0.0,0.45454545454545453,1.0,0.918918918918919
238,778,Eric Vianney,Tulane,0.0,0.3333333333333333,1.0,0.9411764705882353
239,779,Kelson Stewart,Little Rock,0.0,0.3,0.1,0.7692307692307693
240,784,Julius Coles,Canisius,0.6666666666666666,0.2692307692307692,0.2727272727272727,0.8870967741935484
241,785,Michael Sands,Yale,1.0,0.6029411764705882,0.6571428571428571,1.0
242,786,Raffi Mantilla,Yale,0.0,0.3333333333333333,0.0,1.0
243,787,Robert Goldsberry,Canisius,0.0,0.25,0.0,1.0
244,788,Greg Logins,Canisius,0.3333333333333333,0.703125,0.6190476190476191,0.9722222222222222
245,790,Conor Turley,Penn,0.0,0.6,1.0,0.6666666666666666
246,792,Porter Braswell,Yale,0.0,0.3181818181818182,0.16666666666666666,0.8
247,796,Ben Louis,James Madison,0.0,0.575,0.3888888888888889,1.0
248,802,Elton Frazier,Canisius,0.4782608695652174,0.4864864864864865,0.6571428571428571,1.0
249,816,Marko Spica,Central Michigan,1.0,0.37209302325581395,0.27586206896551724,0.0
250,820,Antoine Perry,Norfolk St.,0.0,0.3333333333333333,0.5,0.0
251,823,Asown Sayles,Ohio,0.0,0.6428571428571429,0.5,1.0
252,824,Nick Walsh,Manhattan,0.0,0.0,0.2857142857142857,0.8461538461538461
253,825,Damion James,Texas,0.6551724137931034,0.5,0.515625,0.9722222222222222
254,826,Dominic Calegari,UC Davis,0.9411764705882353,0.5128205128205128,0.2,0.896551724137931
255,827,Dexter Pittman,Texas,0.775,0.580952380952381,0.5428571428571428,0.0
256,834,Sai'Quon Stone,Southern Miss,0.0,0.125,0.1,0.0
257,835,Bryson Brewer,Southern Miss,0.0,0.0,0.0,0.0
258,836,Yorel Hawkins,Fairfield,0.5833333333333334,0.6363636363636364,0.5777777777777777,1.0
259,837,Doneal Mack,Memphis,0.5833333333333334,0.375,0.3076923076923077,0.9047619047619048
260,838,Justin Mason,Texas,0.5,0.3548387096774194,0.3333333333333333,0.5
261,840,Willie Kemp,Memphis,0.0,0.07692307692307693,0.14285714285714285,0.6410256410256411
262,841,Ben Uzoh,Tulsa,0.2,0.14705882352941177,0.04838709677419355,0.6595744680851063
263,842,Taylor Young,UCF,0.0,0.41935483870967744,0.25,0.9310344827586207
264,843,Antonio Ballard,Miami OH,0.8888888888888888,0.5357142857142857,0.16666666666666666,0.7222222222222222
265,852,Will Foster,Gonzaga,1.0,0.6363636363636364,0.6666666666666666,0.0
266,854,Calvin Betts,Buffalo,0.0,0.6382978723404256,0.5714285714285714,0.8928571428571429
267,860,James Porter,North Carolina A&T,0.8,0.6046511627906976,0.5,0.0
268,862,John Boyer,Buffalo,0.0,0.42857142857142855,0.42857142857142855,0.8888888888888888
269,864,Scott Grable,Elon,0.0,0.6153846153846154,0.3333333333333333,0.0
270,867,Nate Mensah,Santa Clara,0.0,0.0,0.0,0.0
271,870,Milan Prodanovic,Iona,0.0,0.0,0.4,0.9130434782608695
272,873,Tavarus Alston,North Carolina A&T,0.0,0.28205128205128205,0.0,0.5909090909090909
273,874,Robert Johnson,North Carolina A&T,0.5,0.5135135135135135,0.3103448275862069,0.8823529411764706
274,877,Tray Britt,New Mexico St.,0.0,0.0,0.0,1.0
275,889,Wquinton Smith,Wisconsin,0.0,0.0,0.0,0.0
276,891,Kirill Pishchalnikov,VCU,0.0,0.6923076923076923,0.46153846153846156,0.0
277,893,Nick Larson,Northern Arizona,0.5,0.3333333333333333,0.6,0.9583333333333334
278,894,Eric Boateng,Arizona St.,0.7368421052631579,0.5517241379310345,0.3,0.0
279,897,Cameron Rundles,Wofford,0.0,0.22727272727272727,0.13333333333333333,0.7777777777777778
280,899,Adrian Thomas,Miami FL,1.0,0.6,0.42857142857142855,0.9848484848484849
281,901,Marcus Ginyard,North Carolina,0.5625,0.42857142857142855,0.3939393939393939,0.9523809523809523
282,908,Dan Nelms,Davidson,0.0,1.0,0.0,0.0
283,912,Paul Debnam,Virginia Tech,0.0,0.0,0.0,0.5
284,927,Lucas Newton,Duquesne,0.0,1.0,0.0,0.6666666666666666
285,933,Ashton Mitchell,Sam Houston St.,1.0,0.46511627906976744,0.4444444444444444,0.8333333333333334
286,936,J.P. Prince,Tennessee,0.7380952380952381,0.5346534653465347,0.25,0.8181818181818182
287,938,Maurice Acker,Marquette,0.0,0.28,0.15384615384615385,0.803921568627451
288,940,Pat Nelson,Green Bay,0.75,0.55,0.5,0.0
289,942,Alex Tyus,Florida,0.85,0.6521739130434783,0.6911764705882353,0.75
290,944,Joey Rodriguez,VCU,0.0,0.15384615384615385,0.20833333333333334,0.6842105263157895
291,950,Jonathan Gibson,New Mexico St.,0.75,0.29411764705882354,0.1956521739130435,0.7549019607843137
292,951,Anthony Marshall,UNLV,0.4375,0.4074074074074074,0.06666666666666667,1.0
293,954,Lawrence Westbrook,Minnesota,0.0,0.4827586206896552,0.38636363636363635,0.7735849056603774
294,964,David Weaver,Wake Forest,0.5,0.4,0.46153846153846156,1.0
295,965,Kevin Schafer,Monmouth,0.0,0.0,0.0,1.0
296,966,Ronnie Thomas,Wright St.,1.0,0.7058823529411765,0.7428571428571429,1.0
297,969,Dinma Odiakosa,Illinois St.,0.9285714285714286,0.7171717171717171,0.32786885245901637,0.0
298,976,Joe Jakubowski,Bowling Green,0.0,0.12121212121212122,0.0,0.8378378378378378
299,982,Sharaud Curry,Providence,0.0,0.5192307692307693,0.08333333333333333,0.55
300,984,Larry Williams Jr.,Auburn,0.0,0.0,0.0,0.75
301,995,Carrio Bennett,South Carolina St.,0.0,0.21428571428571427,0.06666666666666667,0.84
302,996,Pierre Brown,Mount St. Mary's,0.0,0.3333333333333333,0.0,0.9333333333333333
303,997,Kevin Jones,Mount St. Mary's,0.0,0.0,0.0,0.0
304,999,R.J. Rutledge,Monmouth,0.0,0.0,1.0,1.0
305,1000,Nick DelTufo,Monmouth,1.0,0.7894736842105263,0.6666666666666666,1.0
306,1002,Shawn Atupem,Mount St. Mary's,1.0,0.4222222222222222,0.4423076923076923,0.0
307,1012,Rashad Bishop,Cincinnati,0.25,0.5348837209302325,0.4117647058823529,0.9565217391304348
308,1013,Darnell Wilks,Cincinnati,0.6842105263157895,0.5714285714285714,0.8,1.0
309,1014,Larry Davis,Cincinnati,1.0,0.5454545454545454,0.6666666666666666,1.0
310,1015,Terrell Williams,La Salle,0.0,0.7,0.0,0.0
311,1016,Jerrell Williams,La Salle,0.3333333333333333,0.40540540540540543,0.5,1.0
312,1018,Kyle Griffin,Siena,0.0,1.0,0.0,0.8181818181818182
313,1019,Manny Adako,Northeastern,0.7777777777777778,0.6779661016949152,0.4954128440366973,0.0
314,1022,Earnest Bridges,High Point,1.0,0.8421052631578947,0.47058823529411764,1.0
315,1030,Scoop Jardine,Syracuse,0.0,0.45454545454545453,0.08,0.55
316,1035,Rick Jackson,Syracuse,0.7692307692307693,0.6320754716981132,0.6363636363636364,0.0
317,1042,Austin Freeman,Georgetown,0.875,0.46226415094339623,0.4411764705882353,0.9272727272727272
318,1049,Taylor Montgomery,Northern Colorado,0.9230769230769231,0.6,0.5517241379310345,1.0
319,1050,Michael Santos,Santa Clara,1.0,0.2222222222222222,0.1,0.9375
320,1051,Ben Dowdell,Santa Clara,0.5,0.4444444444444444,0.65,0.0
321,1056,Trey Lang,Massachusetts,0.0,0.3333333333333333,0.0,0.0
322,1059,Jalonni Diggs,UC Riverside,0.0,0.0,0.0,1.0
323,1061,Gary Correia,Massachusetts,0.0,0.0,0.0,0.9375
324,1062,Matt Hill,Massachusetts,0.0,0.5,0.0,1.0
325,1063,Max Groebe,Cornell,0.0,0.5,1.0,0.8235294117647058
326,1069,Dan Fox,Dayton,0.0,0.0,0.0,0.0
327,1070,Kris Richard,Tulane,0.5,0.3888888888888889,0.25,0.8409090909090909
328,1071,Greyson Sargent,East Carolina,0.0,0.0,0.0,1.0
329,1072,Nikola Gacesa,FIU,0.0,0.0,0.0,1.0
330,1073,Nkem Ojougboh,Northeastern,0.85,0.6190476190476191,0.5964912280701754,1.0
331,1074,Austin Falke,Stephen F. Austin,0.0,0.3333333333333333,0.5,0.6666666666666666
332,1075,Joseph Harris,Coastal Carolina,0.625,0.6451612903225806,0.5,0.6666666666666666
333,1076,Dorian McDaniel,Prairie View A&M,1.0,0.5652173913043478,0.7407407407407407,0.9310344827586207
334,1077,Logan Johnson,Coastal Carolina,0.0,0.39473684210526316,0.38461538461538464,0.9655172413793104
335,1079,Greg Cage,Alabama,0.0,0.0,0.0,0.0
336,1080,Diante Garrett,Iowa St.,0.0,0.15384615384615385,0.11904761904761904,0.5789473684210527
337,1081,Zack Crimmins,Columbia,0.0,1.0,1.0,0.0
338,1083,Asenso Ampim,Columbia,0.7272727272727273,0.5306122448979592,0.16666666666666666,0.0
339,1084,Jack Eggleston,Penn,0.8095238095238095,0.7534246575342466,0.7380952380952381,1.0
340,1086,Adrian Williams,Brown,0.0,0.5384615384615384,0.5,0.9393939393939394
341,1087,Tyler Bernardini,Penn,0.0,0.6666666666666666,0.0,0.0
342,1088,Craig Williams,Temple,0.0,1.0,1.0,1.0
343,1089,Lavoy Allen,Temple,0.8181818181818182,0.6448598130841121,0.8135593220338984,1.0
344,1090,Jeff Jordan,Illinois,1.0,0.5714285714285714,0.6923076923076923,1.0
345,1092,Alex Rubin,Illinois St.,0.0,0.0,0.6666666666666666,0.9523809523809523
346,1093,Martavis Key,FIU,0.0,0.7777777777777778,0.6,1.0
347,1094,Clive Weeden,Dartmouth,0.0,0.5238095238095238,0.7272727272727273,1.0
348,1095,Bakari Lewis,UMKC,0.0,0.16666666666666666,0.35714285714285715,0.7096774193548387
349,1097,Brian Rudolph,Loyola MD,0.0,0.13333333333333333,0.0,0.8333333333333334
350,1098,Ronnie Dixon,Dartmouth,0.0,0.23076923076923078,0.25,0.84
351,1101,Garrett Kelly,Loyola MD,0.0,0.0,0.0,1.0
352,1108,Ivan Peljusic,Northwestern,0.0,0.3333333333333333,0.0,1.0
353,1113,Andy Polka,Loyola Chicago,0.0,0.4909090909090909,0.35714285714285715,1.0
354,1116,Marshall Moses,Oklahoma St.,0.5714285714285714,0.3218390804597701,0.22857142857142856,0.0
355,1118,Niko Scott,Columbia,0.0,0.21428571428571427,0.15789473684210525,0.9148936170212766
356,1121,Tajuan Porter,Oregon,0.0,0.1,0.0,0.5151515151515151
357,1127,Kasey Cunningham,USC,0.0,0.3333333333333333,1.0,0.0
358,1128,Derek Glasser,Arizona St.,0.0,0.34782608695652173,0.16666666666666666,0.47619047619047616
359,1129,Jerren Shipp,Arizona St.,1.0,0.5714285714285714,0.3333333333333333,0.9230769230769231
360,1130,Dwight Lewis,USC,0.5,0.24324324324324326,0.21311475409836064,0.8809523809523809
361,1134,Jeff Ryan,Northwestern,0.0,0.0,0.0,0.0
362,1135,Jeremy Nash,Northwestern,0.8333333333333334,0.5,0.6,0.9743589743589743
363,1137,Stanley Robinson,Connecticut,0.7727272727272727,0.6491228070175439,0.5932203389830508,0.9259259259259259
364,1140,De'Suan Dixon,Jackson St.,0.7777777777777778,0.546875,0.42857142857142855,0.88
365,1142,Gavin Edwards,Connecticut,0.92,0.6746987951807228,0.7857142857142857,0.0
366,1152,Kyle Roemer,Colgate,0.0,0.2653061224489796,0.4838709677419355,0.7432432432432432
367,1164,Derick Nelson,Oakland,0.5,0.3253012048192771,0.3333333333333333,0.8205128205128205
368,1167,Jason Duty,Duquesne,0.0,0.7142857142857143,0.6,0.9210526315789473
369,1173,Rodney Stokes,Morgan St.,1.0,0.696969696969697,0.8,0.0
370,1190,Jacob Trader,UT Rio Grande Valley,0.0,1.0,1.0,1.0
371,1191,Bryan Burrell,Gardner Webb,0.0,0.0,0.0,0.0
372,1198,Brandon Johnson,San Diego,0.0,0.043478260869565216,0.12195121951219512,0.5
373,1199,Chris Lewis,San Diego,0.0,0.5769230769230769,0.5652173913043478,1.0
374,1204,Tim Frye,Pittsburgh,0.0,0.0,0.0,0.0
375,1208,Kevin Swecker,Longwood,0.0,0.125,0.6470588235294118,0.7872340425531915
376,1214,Ethan Niedermeyer,Portland,1.0,0.5555555555555556,0.7272727272727273,0.9302325581395349
377,1216,Taishi Ito,Portland,0.0,1.0,0.3333333333333333,0.75
378,1221,Cedric Latimer,Saint Francis,0.5,0.4482758620689655,0.5714285714285714,0.9545454545454546
379,1225,Ramon Harris,Kentucky,0.7142857142857143,0.46153846153846156,0.3333333333333333,1.0
380,1229,Jeremi Booth,Appalachian St.,0.42857142857142855,0.4,0.2777777777777778,0.9130434782608695
381,1230,Coy Custer,Lamar,1.0,0.6111111111111112,0.625,1.0
382,1235,Luka Drca,Utah,0.0,0.19230769230769232,0.23076923076923078,0.7567567567567568
383,1236,Devan Carter,Elon,0.0,0.19230769230769232,0.3684210526315789,1.0
384,1237,Lazar Trifunovic,Radford,0.6,0.5142857142857142,0.31666666666666665,0.8571428571428571
385,1246,Jeff Smith,Chattanooga,0.5,0.3333333333333333,0.5,1.0
386,1247,Brandon Giles,Western Carolina,0.5,0.30952380952380953,0.34,0.9111111111111111
387,1248,Jeremy Saffore,Chattanooga,0.8823529411764706,0.8235294117647058,0.8333333333333334,0.0
388,1250,Johntavious Rucker,Georgia Southern,0.0,0.32142857142857145,0.47058823529411764,0.0
389,1254,Brigham Waginger,Western Carolina,0.0,0.2916666666666667,0.13333333333333333,0.8928571428571429
390,1257,Lazar Hayward,Marquette,0.7,0.5652173913043478,0.5846153846153846,0.9692307692307692
391,1258,David Cubillan,Marquette,0.0,0.19047619047619047,0.5833333333333334,0.9183673469387755
392,1259,Mikhail Torrance,Alabama,0.5,0.29411764705882354,0.26785714285714285,0.48717948717948717
393,1261,Dan Mavraides,Princeton,0.0,0.38095238095238093,0.36363636363636365,0.8909090909090909
394,1264,Logan Nourse,Dayton,0.0,0.0,0.0,0.0
395,1265,Ryan Dermody,Wyoming,0.5,0.3333333333333333,0.0,0.9736842105263158
396,1266,Clayfell Harris,Wagner,0.0,0.0,0.0,0.0
397,1271,Sean Smiley,Buffalo,0.0,0.4117647058823529,0.25,0.9166666666666666
398,1276,Garrett Leffelman,Brown,0.0,0.5416666666666666,0.4,0.9428571428571428
399,1277,Mitch McDonald,Army,0.0,0.5,0.5,0.0
400,1278,Mike Coburn,Rutgers,0.0,0.15151515151515152,0.13333333333333333,0.4
401,1280,Donnell Beverly,Connecticut,0.0,0.14285714285714285,0.4444444444444444,1.0
402,1282,Kevin Bulger,Columbia,0.0,0.3333333333333333,0.23809523809523808,0.5
403,1283,Tracy Smith,N.C. State,0.9090909090909091,0.6666666666666666,0.42028985507246375,0.0
404,1285,Whitney Coleman,Monmouth,0.0,0.4,0.28205128205128205,0.7884615384615384
405,1298,Corey Hassan,Sacred Heart,0.0,0.43636363636363634,0.3333333333333333,0.8111111111111111
406,1299,Tyler Morris,Boston University,0.0,0.32,0.14285714285714285,0.8048780487804879
407,1303,Matt Mouzy,Little Rock,0.0,0.3,0.46153846153846156,0.8928571428571429
408,1306,Mychel Thompson,Pepperdine,0.7,0.43333333333333335,0.4,0.8636363636363636
409,1320,Gary Johnson,Texas,0.7777777777777778,0.4032258064516129,0.5849056603773585,0.0
410,1321,Alexis Wangmene,Texas,1.0,0.631578947368421,0.3333333333333333,0.0
411,1322,Brad Wanamaker,Pittsburgh,0.8333333333333334,0.36231884057971014,0.5897435897435898,0.84
412,1323,Austin Johnson,Charleston Southern,0.0,0.0,0.6666666666666666,1.0
413,1325,Brandon Brown,Lipscomb,0.0,0.6666666666666666,0.5,0.9285714285714286
414,1331,Tommy Hubbard,East Tennessee St.,0.0,0.5217391304347826,0.6027397260273972,0.8333333333333334
415,1332,Jamarco Warren,Charleston Southern,0.0,0.0,0.0,0.578125
416,1336,Mac Koshwal,DePaul,0.7222222222222222,0.4639175257731959,0.8076923076923077,0.0
417,1341,Preston Knowles,Louisville,0.0,0.2,0.21428571428571427,0.9210526315789473
418,1342,Laurence Jolicoeur,Manhattan,0.5555555555555556,0.45454545454545453,0.6875,1.0
419,1345,Jordan Crawford,Xavier,0.5294117647058824,0.34234234234234234,0.21428571428571427,0.6582278481012658
420,1348,Stephen Sargent,VMI,0.875,0.6875,0.8333333333333334,0.0
421,1349,Hunter Houston,VMI,0.0,0.3333333333333333,0.14285714285714285,1.0
422,1352,Austin Kenon,VMI,0.0,0.11320754716981132,0.18181818181818182,0.65625
423,1356,Cameron Jones,Northern Arizona,0.5,0.47297297297297297,0.3563218390804598,0.9642857142857143
424,1359,Timothy Price,Texas Southern,0.0,0.3333333333333333,0.8,1.0
425,1360,Sammy Zeglinski,Virginia,0.0,0.09523809523809523,0.08333333333333333,0.7704918032786885
426,1363,Justin Glenn,Lipscomb,0.6666666666666666,0.5555555555555556,1.0,0.0
427,1367,Josh Southern,Boston College,0.0,0.46875,0.5,0.0
428,1368,Biko Paris,Boston College,0.0,0.3870967741935484,0.1,0.8
429,1369,Corey Raji,Boston College,1.0,0.6741573033707865,0.7959183673469388,0.0
430,1370,Zach Plackemeier,Purdue Fort Wayne,0.0,0.07692307692307693,0.34782608695652173,0.8541666666666666
431,1371,Ben Botts,Purdue Fort Wayne,0.0,0.14285714285714285,0.1935483870967742,0.85
432,1372,Cortney Dunn,Boston College,1.0,0.625,0.0,0.0
433,1373,Mustapha Farrakhan,Virginia,0.5,0.3333333333333333,0.5833333333333334,0.782608695652174
434,1374,Luke Hendrick,Dayton,0.0,1.0,0.0,0.0
435,1383,Albert Jackson,Georgia,0.875,0.5909090909090909,0.4375,0.0
436,1385,Brandon Ford,Central Michigan,0.0,0.3333333333333333,0.0,0.0
437,1386,DeShawn Sims,Michigan,0.6666666666666666,0.6626506024096386,0.5272727272727272,1.0
438,1388,Scottie Reynolds,Villanova,0.0,0.2676056338028169,0.07317073170731707,0.4782608695652174
439,1392,Carl Montgomery,Chicago St.,0.6470588235294118,0.5,0.7,0.0
440,1393,Jarryd Cole,Iowa,1.0,0.68,0.6153846153846154,1.0
441,1394,Jake Kelly,Indiana St.,0.0,0.0,0.09090909090909091,1.0
442,1396,Andrew Gabriel,Manhattan,1.0,0.4,0.47058823529411764,0.0
443,1400,Christian Wall,Chicago St.,0.0,0.07692307692307693,0.09090909090909091,0.7906976744186046
444,1403,Reggie Porter,Alabama A&M,0.0,0.0,0.0,0.75
445,1413,Jamie Skeen,VCU,0.8888888888888888,0.42857142857142855,0.18181818181818182,1.0
446,1416,Landry Fields,Stanford,0.48148148148148145,0.42063492063492064,0.34408602150537637,0.7931034482758621
447,1418,Larry Gurganious,UC Riverside,0.25,0.4107142857142857,0.29411764705882354,0.0
448,1421,Vinnie McGhee,Cal St. Northridge,0.0,0.4444444444444444,0.2857142857142857,0.6415094339622641
449,1425,Christian Polk,UTEP,1.0,0.2608695652173913,0.06060606060606061,0.7608695652173914
450,1430,Chron Tatum,Idaho St.,1.0,0.75,0.717948717948718,0.0
451,1438,David Lighty,Ohio St.,0.6875,0.38372093023255816,0.09375,0.9523809523809523
452,1439,Chris Kramer,Purdue,0.0,0.4642857142857143,0.4489795918367347,0.8333333333333334
453,1447,Kurt Cunningham,Boise St.,1.0,0.6851851851851852,0.3953488372093023,1.0
454,1449,Anthony Thomas,Boise St.,0.0,0.21739130434782608,0.15789473684210525,0.8
455,1455,Jordan Turok,Charleston,0.0,0.0,0.0,0.0
456,1457,Kenneth Averette,Louisiana Monroe,0.0,0.0,0.0,0.7
457,1464,Rodney Pierce,Buffalo,0.0,0.3877551020408163,0.24390243902439024,0.6140350877192983
458,1475,Bernard Toombs,Troy,0.9,0.5862068965517241,0.25,0.0
459,1476,Cliff Tucker,Maryland,1.0,0.7741935483870968,0.3181818181818182,1.0
460,1478,Brandon Hazzard,Troy,0.0,0.25,0.32142857142857145,0.821917808219178
461,1479,Philip Tabet,South Alabama,0.0,0.16666666666666666,0.6666666666666666,0.0
462,1482,Jerrald Bonham,Centenary,0.5714285714285714,0.5,0.7307692307692307,1.0
463,1490,Travis Busch,Colorado St.,0.0,0.5833333333333334,0.6756756756756757,0.0
464,1497,George Drake,UAB,0.5,0.45454545454545453,0.2857142857142857,0.92
465,1498,Kyle Madsen,Ohio St.,0.0,0.7222222222222222,0.9523809523809523,0.0
466,1501,Kyle Church,Charlotte,0.0,0.0,0.0,0.0
467,1503,Brandan Smith,Chicago St.,0.0,0.0,0.3333333333333333,1.0
468,1506,Troy Cotton,Green Bay,0.0,0.625,0.38461538461538464,0.9368421052631579
469,1509,De'Jon Jackson,San Diego,1.0,0.4,0.13513513513513514,0.7333333333333333
470,1511,Jay Watkins,Utah,0.8,0.5333333333333333,0.17857142857142858,0.0
471,1513,Max Craig,Columbia,1.0,0.42105263157894735,0.5,0.0
472,1524,Tommy Moffitt,UT Arlington,0.0,0.7241379310344828,0.8823529411764706,1.0
473,1532,Michael Deloach,Norfolk St.,0.4666666666666667,0.2916666666666667,0.08620689655172414,0.5555555555555556
474,1533,Trey Parker,UT Arlington,0.5,0.42105263157894735,1.0,0.0
475,1539,Max Boudreau,Buffalo,0.0,0.6274509803921569,0.5263157894736842,0.0
476,1540,Adam Constantine,Elon,0.7272727272727273,0.6063829787234043,0.509090909090909,0.0
477,1548,Will Archambault,Davidson,0.7,0.40540540540540543,0.30434782608695654,0.9069767441860465
478,1549,Bryant Barr,Davidson,0.0,0.2,0.625,0.9487179487179487
479,1552,Lewis Witcher,Virginia Tech,0.0,0.5555555555555556,1.0,0.0
480,1555,Jermaine Beal,Vanderbilt,0.3333333333333333,0.3488372093023256,0.02564102564102564,0.5694444444444444
481,1558,Evaldas Baniulis,South Carolina,0.0,0.0,0.5,0.9473684210526315
482,1560,Brandis Raley-Ross,South Carolina,0.0,0.13333333333333333,0.2,0.7419354838709677
483,1561,Avery Jukes,Butler,0.0,0.18181818181818182,0.6666666666666666,0.9230769230769231
484,1562,Dan Werner,Florida,0.0,0.5,0.5625,0.8947368421052632
485,1566,Bishop Wheatley,Tulsa,0.8571428571428571,0.4074074074074074,0.8235294117647058,1.0
486,1567,Djibril Thiam,Wyoming,0.6923076923076923,0.5633802816901409,0.6,1.0
487,1571,Sorena Orandi,Saint Francis,0.0,0.3333333333333333,0.1,0.9047619047619048
488,1572,Matt Spadafora,UMBC,1.0,0.5,0.3548387096774194,1.0
489,1573,Gerald Colds,Drexel,0.0,0.30952380952380953,0.3333333333333333,0.9583333333333334
490,1574,Jamie Harris,Drexel,0.0,0.11627906976744186,0.18604651162790697,0.7714285714285715
491,1578,Aric Van Weelden,Loyola Chicago,0.0,0.0,0.3333333333333333,0.9
492,1579,Spencer Stewart,Illinois Chicago,0.0,0.07142857142857142,0.0,0.8571428571428571
493,1584,DeVaughn Washington,Ohio,0.7777777777777778,0.6129032258064516,0.9583333333333334,0.0
494,1585,Alex Wolf,Western Michigan,0.0,0.0,0.0,0.8421052631578947
495,1588,Robby Pride,Dartmouth,0.0,0.42105263157894735,0.15,0.75
496,1590,Jeremiah Rivers,Indiana,0.25,0.38461538461538464,0.17857142857142858,0.0
497,1598,Eric Stubbs,UNC Asheville,0.0,0.6923076923076923,0.4444444444444444,0.0
498,1605,George Akpele,Grambling St.,0.6666666666666666,0.49056603773584906,0.6666666666666666,0.0
499,1606,Myron Strong,UTEP,0.5,0.3333333333333333,0.25,0.8333333333333334
500,1607,Derrick Bails,Little Rock,1.0,0.5135135135135135,0.7142857142857143,0.0
501,1608,Greg Plater,Long Beach St.,0.0,0.5789473684210527,0.6666666666666666,0.8688524590163934
502,1611,Austin Steed,South Carolina,1.0,0.56,0.125,0.0
503,1613,Mike Walker,SMU,0.0,0.3333333333333333,0.3333333333333333,1.0
504,1619,Justin Hurtt,Tulsa,0.7,0.43902439024390244,0.391304347826087,0.9605263157894737
505,1620,Ryan Harp,SMU,0.0,0.25,0.0,0.0
506,1621,Papa Dia,SMU,0.8888888888888888,0.5147058823529411,0.4264705882352941,0.0
507,1626,Kenneth Faried,Morehead St.,0.8064516129032258,0.6046511627906976,0.3333333333333333,0.0
508,1628,Gavin Montgomery,Arkansas Pine Bluff,0.0,0.5,1.0,1.0
509,1629,Corey Stokes,Villanova,1.0,0.35294117647058826,0.4782608695652174,0.9152542372881356
510,1631,Corey Fisher,Villanova,0.0,0.19696969696969696,0.23333333333333334,0.6842105263157895
511,1632,Jason Colenda,Villanova,0.0,0.0,0.0,0.0
512,1637,Darius Cox,Tennessee St.,0.6666666666666666,0.5384615384615384,0.5,1.0
513,1639,Korey Bauer,Marist,1.0,0.559322033898305,0.68,0.6
514,1641,Antonio Ootesey,Arkansas Pine Bluff,0.0,0.0,0.0,1.0
515,1642,Jay Gavin,VCU,0.0,0.23076923076923078,0.0,0.7333333333333333
516,1643,Daniel Eykyn,The Citadel,0.0,0.5,0.0,1.0
517,1646,John Reynolds,The Citadel,0.0,0.0,0.0,0.0
518,1647,Phillip Pandak,The Citadel,0.0,0.0,0.0,0.0
519,1648,Zach Urbanus,The Citadel,0.0,0.36363636363636365,0.23529411764705882,0.8875
520,1651,Cameron Wells,The Citadel,0.0,0.14705882352941177,0.1414141414141414,0.8235294117647058
521,1652,Tyree Glass,Arkansas Pine Bluff,1.0,0.6129032258064516,0.6,0.75
522,1653,Allen Smith,Arkansas Pine Bluff,0.0,0.5454545454545454,0.0,0.9166666666666666
523,1655,Tasmin Mitchell,LSU,0.0,0.42424242424242425,0.3469387755102041,0.75
524,1660,Jaroslav Tyrna,New Orleans,1.0,0.7142857142857143,0.6363636363636364,0.9333333333333333
525,1665,A.J. Highsmith,Appalachian St.,0.0,0.0,0.0,0.8
526,1669,Jonathan Sloan,Texas St.,1.0,0.6,0.2857142857142857,0.0
527,1670,Hajji Martin,Chicago St.,0.0,0.25,0.5,0.0
528,1671,Pawel Kielbasa,Chicago St.,0.0,0.6666666666666666,0.5714285714285714,0.0
529,1676,Darion Jeralds,UNC Wilmington,0.0,0.25,0.0,1.0
530,1680,Jeremy Price,Georgia,0.896551724137931,0.7536231884057971,0.5294117647058824,0.0
531,1684,Tirrell Baines,Marshall,0.8181818181818182,0.6842105263157895,0.8235294117647058,1.0
532,1686,R.L. Horton,Southern Miss,1.0,0.2222222222222222,0.0196078431372549,0.5769230769230769
533,1688,Earnest Jones,Southern,0.0,0.34782608695652173,0.5,0.6666666666666666
534,1699,Orlando Smith,Mississippi Valley St.,1.0,0.6875,0.8,0.0
535,1702,Brian Zoubek,Duke,0.5,0.4177215189873418,0.18181818181818182,0.0
536,1703,Lance Thomas,Duke,0.7142857142857143,0.6170212765957447,0.9047619047619048,0.0
537,1709,Seth Tarver,Oregon St.,0.5,0.44642857142857145,0.28846153846153844,0.9090909090909091
538,1710,Roeland Schaftenaar,Oregon St.,1.0,0.5365853658536586,0.5227272727272727,0.8571428571428571
539,1712,Tony Freeman,Southern Illinois,0.0,0.6111111111111112,0.4583333333333333,0.9054054054054054
540,1714,Zack Gibson,Michigan,0.6,0.75,0.7857142857142857,1.0
541,1718,Chris Singletary,Kent St.,0.0,0.2916666666666667,0.1111111111111111,0.8461538461538461
542,1719,Chris Merriewether,Kansas St.,0.0,0.5,0.0,1.0
543,1721,Tony Osunsanmi,Cal St. Northridge,0.0,0.2222222222222222,0.0,0.0
544,1722,Nate Larsen,Boise St.,0.0,0.0,0.0,0.0
545,1731,Marcus Johnson,Dayton,0.631578947368421,0.4897959183673469,0.42,1.0
546,1732,London Warren,Dayton,0.0,0.1276595744680851,0.1111111111111111,0.0
547,1734,Kurt Huelsman,Dayton,1.0,0.6944444444444444,0.2608695652173913,0.0
548,1737,Steve Rossiter,Davidson,1.0,0.6829268292682927,0.6818181818181818,0.6666666666666666
549,1740,Steven Pearl,Tennessee,0.0,0.631578947368421,0.0,0.0
550,1747,Brenton Butler,Fordham,0.0,0.35714285714285715,0.19298245614035087,0.5172413793103449
551,1748,Ryan Phillips,Bradley,0.0,1.0,0.0,1.0
552,1750,Theryn Hudson,Middle Tennessee,0.0,0.375,0.625,0.0
553,1752,Matt Heramb,Kennesaw St.,1.0,0.4666666666666667,0.30434782608695654,0.8235294117647058
554,1753,DeWayne Reed,Auburn,0.4444444444444444,0.14772727272727273,0.07692307692307693,0.4666666666666667
555,1755,Daye Kaba,Marist,0.0,0.21428571428571427,0.5,0.9655172413793104
556,1756,Lucas Hargrove,Auburn,0.13333333333333333,0.313953488372093,0.32432432432432434,0.8846153846153846
557,1758,C.J. Webster,San Jose St.,1.0,0.52,0.358974358974359,0.0
558,1768,Cameron Johnson,Texas St.,0.8888888888888888,0.5942028985507246,0.5692307692307692,0.0
559,1774,Jordan Davidson,Duke,0.0,0.0,0.0,0.0
560,1780,Danny Peters,Ohio St.,0.0,0.0,0.0,0.0
561,1781,Robert Wilder,South Carolina,0.0,0.0,0.5,0.0
562,1782,Nick Leon,Saint Peter's,0.0,0.45,0.14516129032258066,0.6875
563,1786,Tim Burns,Maryland Eastern Shore,0.0,0.36585365853658536,0.39344262295081966,0.967741935483871
564,1787,Eugene Harris,High Point,0.0,0.20833333333333334,0.06060606060606061,0.8088235294117647
565,1788,Nick Vier,Vermont,0.0,0.23809523809523808,0.3333333333333333,1.0
566,1790,Jonah Baize,Clemson,0.0,0.0,0.0,0.5
567,1793,Jeremy Jacob,Oregon,1.0,0.5918367346938775,0.4318181818181818,0.0
568,1794,Michael Lizarraga,Cal St. Northridge,0.0,0.5555555555555556,0.7777777777777778,0.0
569,1797,Adam Nigon,Colorado St.,0.0,0.45454545454545453,0.4,0.896551724137931
570,1807,Nik Raivio,Portland,0.0,0.42105263157894735,0.19230769230769232,1.0
571,1811,Calvin Hampton,Oregon St.,0.0,0.0,0.5,0.0
572,1812,Josh Tarver,Oregon St.,0.0,0.37037037037037035,0.0,0.6666666666666666
573,1813,Eric Munoz,UTEP,0.0,0.0,0.0,1.0
574,1818,Victor Jackson,Manhattan,0.0,0.0,0.0,0.0
575,1824,Andrew Goba,Stony Brook,0.0,0.6666666666666666,1.0,0.0
576,1826,Devin Stowers,Savannah St.,0.0,0.0,1.0,0.0
577,1828,Martelle McLemore,Western Michigan,1.0,0.4878048780487805,0.15384615384615385,0.9180327868852459
578,1829,Donald Lawson,Western Michigan,0.8333333333333334,0.6911764705882353,0.5238095238095238,0.0
579,1830,David Kool,Western Michigan,0.0,0.3870967741935484,0.2903225806451613,0.7833333333333333
580,1831,Alex Zampier,Yale,0.0,0.2916666666666667,0.46551724137931033,0.7272727272727273
581,1832,Paul Nelson,Yale,0.8571428571428571,0.6136363636363636,0.5454545454545454,0.0
582,1833,Jordan Gibson,Yale,0.5,0.38095238095238093,0.38461538461538464,1.0
583,1835,Sam Willard,Pacific,0.5,0.6290322580645161,0.6266666666666667,1.0
584,1836,Robbie Myers,Rider,0.0,0.0,0.0,1.0
585,1843,Sean McNally,Maine,0.0,0.7012987012987013,0.5714285714285714,1.0
586,1847,Malachi Peay,Maine,0.0,0.42857142857142855,0.3333333333333333,0.0
587,1848,Mike Kebler,Michigan St.,0.0,0.0,1.0,0.0
588,1852,Eniel Polynice,Mississippi,0.3333333333333333,0.2375,0.23076923076923078,0.875
589,1856,Adam May,Holy Cross,0.0,0.75,0.0,0.875
590,1857,Andrew Keister,Holy Cross,0.0,0.6176470588235294,0.6428571428571429,0.0
591,1859,Eric Zastoupil,Army,0.0,0.5217391304347826,0.7,0.0
592,1860,Chris Walker,Army,0.0,0.5384615384615384,0.5,0.0
593,1861,Tyrell Thompson,Army,0.0,0.25,0.42857142857142855,0.8888888888888888
594,1862,Jon Sizemore,Army,0.0,0.25,0.3333333333333333,1.0
595,1865,Eric Meister,Holy Cross,0.0,0.65625,0.8333333333333334,0.0
596,1868,Nick Weiermiller,UT Rio Grande Valley,0.0,0.2857142857142857,0.23076923076923078,0.7547169811320755
597,1869,Josh Bright,Maryland Eastern Shore,0.0,0.375,0.2857142857142857,0.8888888888888888
598,1871,Zisis Sarikopoulos,Ohio St.,0.0,0.6,1.0,0.0
599,1885,Maze Stallworth,Morehead St.,0.0,0.22580645161290322,0.2727272727272727,0.9666666666666667
600,1888,Steve Luptak,American,0.0,0.6666666666666666,0.2,1.0
601,1902,Steven Priestley,Siena,1.0,0.5,1.0,0.0
602,1903,Trevor Morris,Weber St.,1.0,0.7948717948717948,0.75,0.0
603,1904,Joe Duffy,Vanderbilt,0.0,0.0,0.0,0.0
604,1905,Brian Qvale,Montana,0.8571428571428571,0.6329113924050633,0.6774193548387096,0.0
605,1907,Justin Eller,Sacramento St.,0.75,0.5802469135802469,0.631578947368421,0.0
606,1910,Matt Shaw,UNLV,0.0,0.5769230769230769,0.6086956521739131,0.8888888888888888
607,1913,Jontae Sherrod,East Carolina,0.0,0.16,0.22727272727272727,0.8857142857142857
608,1914,Brock Young,East Carolina,0.0,0.061224489795918366,0.10714285714285714,0.46153846153846156
609,1917,Aaron Johnson,UAB,0.0,0.06,0.15789473684210525,0.75
610,1920,Steve Panos,Weber St.,1.0,0.4875,0.65,0.0
611,1921,Garrett Williamson,Saint Joseph's,0.8666666666666667,0.5060240963855421,0.42105263157894735,0.8333333333333334
612,1923,Darrin Govens,Saint Joseph's,0.0,0.3888888888888889,0.18181818181818182,0.7183098591549296
613,1924,Solomon Alabi,Florida St.,0.8421052631578947,0.6506024096385542,0.56,0.0
614,1925,Mike Capocci,Northwestern,1.0,0.9333333333333333,1.0,1.0
615,1926,Jon Diebler,Ohio St.,0.6666666666666666,0.47619047619047616,0.2,0.9734513274336283
616,1928,Dallas Lauderdale,Ohio St.,0.8913043478260869,0.7261904761904762,0.46153846153846156,0.0
617,1929,Evan Turner,Ohio St.,0.1111111111111111,0.18627450980392157,0.16981132075471697,0.75
618,1931,Tim Jarmusz,Wisconsin,0.0,0.75,0.6666666666666666,1.0
619,1932,Jon Leuer,Wisconsin,0.8461538461538461,0.5405405405405406,0.2413793103448276,0.9444444444444444
620,1934,Michael Freeman,Hampton,0.7407407407407407,0.5833333333333334,0.6,0.0
621,1935,Brandon Tunnell,Hampton,0.0,0.17391304347826086,0.0,1.0
622,1936,Kareem Maddox,Princeton,0.8181818181818182,0.37777777777777777,0.3333333333333333,1.0
623,1937,Bobby Foley,Princeton,0.0,1.0,0.0,1.0
624,1938,John Garcia,Seton Hall,0.6666666666666666,0.6216216216216216,0.3333333333333333,0.0
625,1939,Terrance Birdette,Elon,0.0,0.3611111111111111,0.0,1.0
626,1940,Chris Long,Elon,0.0,0.125,0.2222222222222222,0.4883720930232558
627,1942,Willie Powers,Georgia Southern,0.0,0.11864406779661017,0.0,0.7931034482758621
628,1948,Gifford Blakely,Alcorn St.,0.0,1.0,0.5,0.0
629,1950,Adam Wire,Cornell,0.0,0.75,0.0,0.0
630,1951,Andre Wilkins,Cornell,0.0,0.0,0.4,0.0
631,1961,Billy Humphrey,New Orleans,0.0,0.42105263157894735,0.18181818181818182,0.8571428571428571
632,1964,Marc Campbell,North Carolina,0.0,0.0,0.0,1.0
633,1967,Bill Eaddy,Drake,0.0,0.6666666666666666,0.6666666666666666,1.0
634,1972,Shawn Lewis,Cal Poly,0.5,0.24,0.22857142857142856,0.90625
635,1978,Wendell Preadom,Houston Christian,0.6666666666666666,0.37333333333333335,0.2647058823529412,0.7142857142857143
636,1981,E.B. Davis,Lamar,1.0,1.0,0.0,1.0
637,1986,Chris Barnes,Georgia,0.875,0.7407407407407407,0.5,0.0
638,1987,Ricky Cadell,St. Francis NY,0.0,0.24074074074074073,0.5,0.7916666666666666
639,1993,Justin Joyner,UC Santa Barbara,0.0,0.0,0.0,1.0
640,1994,Demetri McCamey,Illinois,0.5,0.23636363636363636,0.125,0.5714285714285714
641,1995,Mike Tisdale,Illinois,0.7692307692307693,0.6779661016949152,0.6633663366336634,1.0
642,2001,Luis Guzman,Temple,0.0,0.38461538461538464,0.5,0.95
643,2002,Doug Miller,Harvard,1.0,0.7446808510638298,0.0,0.0
644,2008,Amu Saaka,Furman,0.7391304347826086,0.423728813559322,0.3050847457627119,0.8974358974358975
645,2012,Anthony McClain,Cincinnati,1.0,0.25,0.5,0.0
646,2013,Jason Bohannon,Wisconsin,0.0,0.42857142857142855,0.3548387096774194,0.8235294117647058
647,2014,J.P. Gavinski,Wisconsin,1.0,1.0,0.0,0.0
648,2015,Antoine Johnson,Georgia Southern,1.0,0.3103448275862069,0.08333333333333333,1.0
649,2017,Jon Scheyer,Duke,0.0,0.11538461538461539,0.3,0.7090909090909091
650,2020,Grayson Flittner,Gardner Webb,0.0,0.2,0.1,0.7222222222222222
651,2026,Harry Marshall,Indiana St.,0.0,0.20454545454545456,0.0975609756097561,0.64
652,2030,Chris Armstrong,Niagara,0.0,0.0,0.0,0.0
653,2033,Krzysztof Janiszewski,Georgia Southern,0.0,0.4,0.3333333333333333,0.0
654,2034,Wayne Chism,Tennessee,0.7272727272727273,0.7058823529411765,0.34375,0.9142857142857143
655,2042,Kelvin Lewis,Houston,0.0,0.39285714285714285,0.4528301886792453,0.92
656,2050,John Kast,Oakland,0.0,0.0,0.0,1.0
657,2051,Michael Rogers,Valparaiso,1.0,0.36,0.6666666666666666,0.9565217391304348
658,2057,Marshall Carrell,Texas A&M,0.0,0.0,0.0,0.0
659,2061,Joe Hughes,Xavier,0.0,0.0,0.0,1.0
660,2063,Herb Tanner,Fordham,0.5,0.3,0.2,1.0
661,2081,Zack Rebillot,Youngstown St.,0.0,0.6428571428571429,0.5555555555555556,0.0
662,2082,Kevin Lott,Georgia St.,0.0,0.6666666666666666,0.8333333333333334,1.0
663,2087,John David Gardner,Wright St.,0.0,0.0,0.0,1.0
664,2089,Kenny Tribbett,Drexel,0.0,1.0,1.0,0.0
665,2099,Rio Pitt,South Carolina St.,0.7777777777777778,0.6571428571428571,0.3333333333333333,0.0
666,2100,Lawrence Ghoram,Rice,0.6666666666666666,0.5185185185185185,0.34782608695652173,1.0
667,2101,Junard Hartley,Campbell,0.0,0.18518518518518517,0.23076923076923078,1.0
668,2102,Preston Dodson,Campbell,1.0,0.8222222222222222,0.8695652173913043,0.0
669,2108,Kelvin Davis,San Diego St.,0.6,0.6129032258064516,0.16666666666666666,0.8787878787878788
670,2110,Demetrius Monroe,Idaho St.,0.6666666666666666,0.5522388059701493,0.6666666666666666,0.0
671,2118,Gary McGhee,Pittsburgh,0.9459459459459459,0.686046511627907,0.75,0.0
672,2120,Darion Goins,Bowling Green,0.0,0.3333333333333333,0.3333333333333333,0.0
673,2123,Dejuan Goodwin,Marist,0.0,0.09090909090909091,0.2,0.6
674,2128,Jerelle Wilson,San Jose St.,0.0,0.0,0.0,0.0
675,2129,Damon Forest,Southeastern Louisiana,0.0,0.5,0.2727272727272727,0.8333333333333334
676,2131,Brandon Dison,Louisiana,0.0,0.0,0.0,0.0
677,2132,Courtney Wallace,Louisiana,0.0,0.6666666666666666,0.125,0.0
678,2134,Randell Daigle,Louisiana,0.0,0.2222222222222222,0.2962962962962963,0.7419354838709677
679,2136,Willie Lago,Louisiana,0.0,0.42857142857142855,0.2,0.9
680,2153,Ryan Thompson,Rider,0.5833333333333334,0.3258426966292135,0.1388888888888889,0.9148936170212766
681,2155,Steve Gruber,Brown,0.0,0.0,0.2,0.5
682,2159,Michael Thompson,Northwestern,0.0,0.46808510638297873,0.0625,0.9204545454545454
683,2161,Nate Cooper,Howard,0.0,1.0,1.0,0.0
684,2164,Kandi Mukole,Howard,0.0,0.47619047619047616,0.4,0.9090909090909091
685,2166,Jonathan Tavernari,BYU,0.3333333333333333,0.56,0.6341463414634146,0.95
686,2168,Lehmon Colbert,Jacksonville,0.8888888888888888,0.4444444444444444,0.2727272727272727,0.9333333333333333
687,2169,Jer'Vaughn Johnson,Cal St. Fullerton,0.7777777777777778,0.5555555555555556,0.41935483870967744,1.0
688,2172,Kyle Gibson,Louisiana Tech,0.7142857142857143,0.2711864406779661,0.2558139534883721,0.639344262295082
689,2173,Dave Buchberger,Lehigh,1.0,0.6428571428571429,0.3076923076923077,0.926829268292683
690,2174,Josh Miller,Army,0.0,0.11538461538461539,0.2727272727272727,0.6206896551724138
691,2175,Marcus Nelson,Army,0.6666666666666666,0.375,0.0,0.0
692,2180,Chad Millard,Creighton,0.0,0.5,1.0,0.0
693,2183,C.J. Brown,Saint Joseph's,0.0,0.0,0.0,0.0
694,2189,Jordan Campbell,Belmont,0.0,0.4,0.0,0.8297872340425532
695,2190,Mike Dejworek,Belmont,0.0,0.0,0.0,0.0
696,2192,Marek Koltun,Lafayette,1.0,0.5454545454545454,0.0,0.0
697,2201,Justin Hawkins,UNLV,0.0,0.4,0.6428571428571429,1.0
698,2205,Clarence Jackson,Siena,0.5454545454545454,0.4647887323943662,0.25,0.9577464788732394
699,2206,Ryan Rossiter,Siena,0.75,0.6439393939393939,0.5384615384615384,1.0
700,2209,Desmond Yates,Middle Tennessee,1.0,0.7380952380952381,0.4722222222222222,0.967741935483871
701,2212,Luke Sikma,Portland,0.75,0.47058823529411764,0.6818181818181818,0.0
702,2213,Kramer Knutson,Portland,1.0,0.782608695652174,0.75,0.0
703,2214,Jasonn Hannibal,Portland,1.0,0.6666666666666666,0.5714285714285714,0.0
704,2216,Mickey McConnell,Saint Mary's,0.0,0.21739130434782608,0.0967741935483871,0.64
705,2217,Chris De La Rosa,UMBC,0.0,0.14705882352941177,0.07142857142857142,0.15384615384615385
706,2222,James Valladares,New Hampshire,1.0,0.3333333333333333,1.0,1.0
707,2223,Tyrone Conley,New Hampshire,0.9,0.42424242424242425,0.4666666666666667,0.8679245283018868
708,2225,Alvin Abreu,New Hampshire,0.0,0.13513513513513514,0.16,0.8235294117647058
709,2227,Elijah Millsap,UAB,0.5217391304347826,0.3333333333333333,0.25,0.42105263157894735
710,2228,Michael Gruner,Lafayette,0.0,0.3888888888888889,0.2222222222222222,0.8888888888888888
711,2229,Branden Johnson,Montana St.,1.0,0.38461538461538464,0.5,0.9583333333333334
712,2230,Jerry Smith,Louisville,0.0,0.18604651162790697,0.125,0.7575757575757576
713,2231,Dominique Jones,South Florida,0.5454545454545454,0.39215686274509803,0.07352941176470588,0.7307692307692307
714,2232,Rashad Green,San Francisco,0.0,0.14814814814814814,0.3125,0.875
715,2243,Chandler Parsons,Florida,0.45,0.3258426966292135,0.35714285714285715,0.7631578947368421
716,2245,Hudson Fricke,Florida,0.0,0.0,0.0,0.0
717,2250,Terry Martin,Wofford,1.0,0.5277777777777778,0.875,0.0
718,2251,Noah Dahlman,Wofford,0.0,0.7208121827411168,0.5263157894736842,0.0
719,2255,Blake Gallagher,Western Carolina,0.0,0.75,1.0,0.0
720,2260,Sek Henry,Nebraska,0.6666666666666666,0.21428571428571427,0.38095238095238093,0.8125
721,2273,P. J. Alawoya,McNeese St.,0.7058823529411765,0.5972222222222222,0.7058823529411765,0.0
722,2280,Jimmy Conyers,Akron,0.5555555555555556,0.3333333333333333,0.5454545454545454,0.8888888888888888
723,2284,Devin Gibson,UTSA,0.0,0.16666666666666666,0.08333333333333333,0.35
724,2287,JohnMark Ludwick,William & Mary,0.0,0.3333333333333333,0.0,0.9411764705882353
725,2289,Darrius Sellers,UNC Greensboro,1.0,0.7142857142857143,1.0,0.0
726,2301,Arinze Onuaku,Syracuse,0.9032258064516129,0.7647058823529411,0.5588235294117647,0.0
727,2305,Tyler Wilkerson,Marshall,0.875,0.5757575757575758,0.6,1.0
728,2306,Robbie Jackson,UMBC,0.75,0.44,0.34375,0.0
729,2307,Darryl Merthie,Marshall,0.3333333333333333,0.1875,0.2857142857142857,0.7647058823529411
730,2311,Damian Hollis,George Washington,0.8333333333333334,0.44,0.3333333333333333,0.7567567567567568
731,2313,Chad Wynn,East Carolina,0.8666666666666667,0.6956521739130435,0.391304347826087,0.0
732,2323,Kendall Toney,UNC Greensboro,0.0,0.2,0.07142857142857142,0.7872340425531915
733,2324,Mikko Koivisto,UNC Greensboro,0.0,0.46153846153846156,0.5,0.8269230769230769
734,2325,Ben Stywall,UNC Greensboro,1.0,0.3619047619047619,0.34545454545454546,1.0
735,2327,Pete Brown,UNC Greensboro,0.5,0.4473684210526316,0.125,0.0
736,2331,Michael Roll,UCLA,0.0,0.6511627906976745,0.4,0.8
737,2334,Alex Stepheson,USC,0.6363636363636364,0.45652173913043476,0.3829787234042553,0.0
738,2336,Ayron Hardy,Jacksonville,0.375,0.3389830508474576,0.5454545454545454,1.0
739,2338,Tweety Carter,Baylor,0.0,0.3333333333333333,0.02040816326530612,0.4936708860759494
740,2345,Josh Lomers,Baylor,0.88,0.6710526315789473,0.3333333333333333,0.0
741,2361,Farnold Degand,N.C. State,0.0,0.28,0.5555555555555556,0.8888888888888888
742,2363,Mike Evanovich,Fairfield,0.0,0.6923076923076923,0.5,0.9538461538461539
743,2368,Damian Saunders,Duquesne,0.7017543859649122,0.4675324675324675,0.35714285714285715,0.9444444444444444
744,2370,Jordan Brooks,Hampton,0.0,0.0,0.0,1.0
745,2375,Antwyne Hines,Hampton,0.0,0.0,1.0,0.0
746,2384,Vaughn Duggins,Wright St.,0.6666666666666666,0.18518518518518517,0.3,0.7959183673469388
747,2385,Todd Brown,Wright St.,0.625,0.3953488372093023,0.4222222222222222,0.9629629629629629
748,2387,Dwayne Collins,Miami FL,0.5102040816326531,0.5463917525773195,0.6206896551724138,0.0
749,2391,Raymar Morgan,Michigan St.,0.7692307692307693,0.6923076923076923,0.5172413793103449,0.8
750,2392,Mike Hardiman,UNC Greensboro,0.0,0.0,0.0,0.0
751,2393,Isaiah Dahlman,Michigan St.,1.0,1.0,1.0,1.0
752,2394,Dan Geriot,Richmond,0.0,0.5945945945945946,0.5116279069767442,1.0
753,2396,Hermann Opoku,George Washington,0.6111111111111112,0.5142857142857142,0.6666666666666666,0.0
754,2400,P.J. Hill,Ohio St.,0.0,0.3333333333333333,0.0,0.9230769230769231
755,2401,Darryl Evans,Furman,0.0,0.2,0.09523809523809523,0.8
756,2410,Sanchez Hughley,Florida Atlantic,0.0,0.44680851063829785,0.5135135135135135,0.875
757,2413,Cedric Essola,FIU,0.0,0.631578947368421,0.8888888888888888,0.0
758,2414,Jonathan Rodriguez,Campbell,0.0,0.6272727272727273,0.3684210526315789,1.0
759,2415,Kyle Vejraska,Campbell,1.0,0.6585365853658537,0.625,0.9411764705882353
760,2419,Sam Phippen,UC Santa Barbara,1.0,1.0,0.875,1.0
761,2421,Pat Magnarelli,Harvard,0.8333333333333334,0.7692307692307693,0.75,0.0
762,2422,Jeremy Lin,Harvard,0.36363636363636365,0.3541666666666667,0.058823529411764705,0.7
763,2423,Justin Reilly,Penn,1.0,0.625,0.5294117647058824,1.0
764,2425,Darren Smith,Penn,0.0,0.5454545454545454,0.4444444444444444,0.8823529411764706
765,2426,Andreas Schreiber,Penn,1.0,1.0,0.0,0.0
766,2427,David Potter,Clemson,0.0,0.21052631578947367,0.0,0.9583333333333334
767,2428,Karolis Petrukonis,Clemson,0.0,0.5,0.0,0.0
768,2429,Trevor Booker,Clemson,0.7878787878787878,0.5035971223021583,0.2,0.8888888888888888
769,2430,Jean Cajou,Mount St. Mary's,1.0,0.47368421052631576,0.16666666666666666,0.868421052631579
770,2433,Ben Smith,Jacksonville,0.0,0.16279069767441862,0.14285714285714285,0.6172839506172839
771,2434,Szymon Lukasiak,Jacksonville,1.0,0.5714285714285714,0.8,0.0
772,2445,Bryan Friday,Samford,0.0,0.3157894736842105,0.3333333333333333,0.875
773,2447,Josh Davis,Yale,0.0,0.6666666666666666,0.0,0.0
774,2448,Anthony Minor,Hartford,0.7777777777777778,0.6571428571428571,0.25,0.0
775,2449,Mezie Nwigwe,Robert Morris,0.0,0.26,0.6071428571428571,0.9473684210526315
776,2453,Paul Kirkpatrick,Howard,0.5833333333333334,0.40425531914893614,0.6,0.0
777,2457,Curtis White,Howard,0.0,0.2727272727272727,0.38095238095238093,0.9056603773584906
778,2459,Carlos Medlock,Eastern Michigan,0.0,0.075,0.2,0.6567164179104478
779,2463,Micah Williams,East Tennessee St.,0.5833333333333334,0.2727272727272727,0.08823529411764706,0.8780487804878049
780,2464,Trey Montgomery,Samford,0.0,0.3235294117647059,0.0,0.9310344827586207
781,2465,Mike Smith,East Tennessee St.,0.0,0.14285714285714285,0.5,0.5
782,2468,Daron Hood,Tennessee Martin,0.0,1.0,1.0,0.0
783,2472,Frank Davis,Tennessee Tech,0.0,0.25,0.2608695652173913,0.9
784,2475,Amadou Mbodji,Jacksonville St.,0.8571428571428571,0.5813953488372093,0.4666666666666667,0.0
785,2476,K.J. Lee,Nicholls St.,0.0,0.0,0.0,0.0
786,2479,Mike Davis,Illinois,0.8620689655172413,0.7903225806451613,0.6545454545454545,0.0
787,2487,Tony Easley,Murray St.,0.7045454545454546,0.6068376068376068,0.7692307692307693,0.0
788,2490,David Boarden,SIU Edwardsville,0.0,0.5,0.45,0.75
789,2491,Aaron Carter,Indiana St.,1.0,0.2857142857142857,0.5,0.9285714285714286
790,2493,Evan Fjeld,Vermont,1.0,0.5925925925925926,0.625,1.0
791,2494,Joey Accaoui,Vermont,0.0,0.23529411764705882,0.2,0.8285714285714286
792,2496,Gary Gibson,Eastern Washington,1.0,0.6428571428571429,0.5,0.75
793,2497,Garrett Kissel,Vermont,0.0,0.42105263157894735,0.2,0.0
794,2498,Matthew Brunell,Eastern Washington,0.0,0.7,0.5,1.0
795,2505,David Ndoumba,Southeastern Louisiana,1.0,0.6666666666666666,0.0,0.0
796,2508,Wesley Jenkins,Saint Peter's,1.0,0.36363636363636365,0.14285714285714285,0.8070175438596491
797,2510,Jordan Costner,Saint Peter's,1.0,0.42857142857142855,0.5,1.0
798,2511,Tim Diederichs,Loyola Marymount,0.0,0.4782608695652174,0.2,0.0
799,2522,Garrison Johnson,Jackson St.,0.8333333333333334,0.5434782608695652,0.37777777777777777,0.8428571428571429
800,2529,Tom Fow,Air Force,1.0,0.55,0.2222222222222222,1.0
801,2530,Mike Scott,Fairleigh Dickinson,0.0,0.11627906976744186,0.0967741935483871,0.525
802,2532,Billy White,San Diego St.,0.72,0.6235294117647059,0.23809523809523808,0.8333333333333334
803,2534,Jeremy Bynum,Jacksonville St.,0.5,0.6875,0.5454545454545454,0.9629629629629629
804,2537,Steven Gray,Gonzaga,0.6,0.4666666666666667,0.1956521739130435,0.8571428571428571
805,2548,Ryan Silva,UC Davis,0.0,1.0,0.0,1.0
806,2550,Adam Rodenberg,Northern Iowa,0.0,0.6666666666666666,0.0,0.0
807,2551,Patrick Rembert,UC Irvine,0.0,0.2,0.2,1.0
808,2553,Josh Davis,Samford,1.0,0.64,0.16666666666666666,0.9615384615384616
809,2555,Quinn Cannington,Tennessee,0.0,0.0,0.0,0.0
810,2556,Justin Stommes,Eastern Kentucky,0.5,0.4444444444444444,0.16216216216216217,0.7547169811320755
811,2564,Malik Perry,Ball St.,1.0,0.5,0.23076923076923078,0.0
812,2565,Les Simmons,Morehead St.,0.0,0.5,0.4,1.0
813,2566,Demonte Harper,Morehead St.,0.5,0.21739130434782608,0.11363636363636363,0.7954545454545454
814,2572,Sean Cunningham,UC Riverside,0.0,0.0,0.1875,1.0
815,2573,James Powell,UC Santa Barbara,0.0,0.4166666666666667,0.38461538461538464,0.8135593220338984
816,2582,Bill Lally,Drexel,0.0,0.0,0.0,0.0
817,2584,Jewuan Long,Murray St.,0.0,0.42857142857142855,0.75,1.0
818,2589,Patrick Hardy,Savannah St.,0.0,0.5833333333333334,0.08333333333333333,0.7333333333333333
819,2593,Kimmani Barrett,La Salle,0.0,0.6923076923076923,0.5,0.8666666666666667
820,2594,Rodney Green,La Salle,0.7272727272727273,0.3867924528301887,0.1111111111111111,0.6285714285714286
821,2595,Deonta Vaughn,Cincinnati,0.0,0.3225806451612903,0.15,0.7777777777777778
822,2596,Ruben Guillandeaux,La Salle,0.0,1.0,0.0,0.5
823,2597,Yves Mekongo Mbala,La Salle,0.8888888888888888,0.5,0.19047619047619047,0.9473684210526315
824,2599,Devin Sweetney,Saint Francis,0.6666666666666666,0.4725274725274725,0.47058823529411764,0.9117647058823529
825,2607,Nikola Knezevic,California,0.0,0.3,0.5,0.8333333333333334
826,2610,Ekpe Udoh,Baylor,0.5666666666666667,0.4230769230769231,0.35,1.0
827,2615,Tony Johnson,Lafayette,0.0,0.36,0.2727272727272727,1.0
828,2619,Calvin O'Neil,Middle Tennessee,0.6,0.2571428571428571,0.24444444444444444,1.0
829,2620,Deon Thompson,North Carolina,0.7619047619047619,0.5818181818181818,0.6484375,0.0
830,2622,Jerome Meyinsse,Virginia,1.0,0.6041666666666666,0.3333333333333333,0.0
831,2625,Brad Sheehan,Georgia Tech,1.0,1.0,0.5,0.0
832,2627,Shannon Shorter,North Texas,0.0,0.4807692307692308,0.25,1.0
833,2630,Horace Bond,Texas A&M Corpus Chris,0.8461538461538461,0.625,0.625,0.8333333333333334
834,2636,Demond Watt,Texas A&M Corpus Chris,0.7391304347826086,0.5403225806451613,0.3333333333333333,0.0
835,2637,Filip Toncinic,Texas A&M Corpus Chris,0.0,0.36363636363636365,0.4444444444444444,0.75
836,2638,Isiah Martin,Indiana St.,0.5,0.7391304347826086,0.47368421052631576,0.0
837,2639,Patrick Mansell,Rider,0.0,1.0,0.0,0.85
838,2640,Paul Roemer,UC Santa Barbara,0.0,0.5,0.0,0.6666666666666666
839,2661,Jordan Miller,Furman,0.0,0.23809523809523808,0.46808510638297873,0.9523809523809523
840,2665,Levan Patsatsia,Troy,0.0,0.2,0.0,0.8888888888888888
841,2666,Nick Taylor,FIU,0.0,1.0,0.0,1.0
842,2670,Stephen Cox,Arkansas,0.0,0.0,0.0,0.0
843,2672,David Gonzalvez,Richmond,0.6666666666666666,0.37142857142857144,0.08,0.6973684210526315
844,2673,Larry Wright,Oakland,0.6666666666666666,0.25806451612903225,0.14285714285714285,0.8260869565217391
845,2677,Joe Zeglinski,Hartford,0.0,0.21212121212121213,0.02702702702702703,0.7755102040816326
846,2680,David Bookman,Hartford,0.0,1.0,0.0,0.0
847,2686,Justin Graham,San Jose St.,0.75,0.3114754098360656,0.16666666666666666,1.0
848,2687,Mehmet Sahan,Sacred Heart,0.5,0.5094339622641509,0.625,0.0
849,2691,E.J. Dawson,Longwood,0.0,0.05555555555555555,0.16666666666666666,0.6428571428571429
850,2696,Justin Burton,Winthrop,0.0,0.25,0.2222222222222222,1.0
851,2698,Jerome Dyson,Connecticut,0.6,0.4166666666666667,0.3880597014925373,0.8717948717948718
852,2707,Nate Rohnert,Denver,0.0,0.4563106796116505,0.3076923076923077,1.0
853,2708,Ricky Franklin,Milwaukee,0.0,0.1509433962264151,0.16129032258064516,0.5694444444444444
854,2712,Osiris Eldridge,Illinois St.,0.4166666666666667,0.24528301886792453,0.1276595744680851,0.6986301369863014
855,2716,Matt Janning,Northeastern,0.6666666666666666,0.25806451612903225,0.16393442622950818,0.6153846153846154
856,2717,Trevor Gregory,Evansville,0.0,0.0,0.0,0.0
857,2720,Adnan Hodzic,Lipscomb,1.0,0.6666666666666666,0.5866666666666667,0.0
858,2721,Pieter van Tongeren,Evansville,0.0,0.6086956521739131,0.625,0.0
859,2732,Antonio Pena,Villanova,0.9655172413793104,0.6736842105263158,0.625,0.0
860,2733,Reggie Redding,Villanova,0.0,0.4230769230769231,0.38095238095238093,0.9333333333333333
861,2741,Tim Shelton,San Diego St.,0.0,0.3333333333333333,0.0,1.0
862,2743,Lawrence Nwevo,Lamar,0.0,0.8275862068965517,0.65,0.0
863,2747,Robert Sacre,Gonzaga,0.896551724137931,0.7076923076923077,0.5098039215686274,0.0
864,2754,Ronald Moore,Siena,0.0,0.08695652173913043,0.08888888888888889,0.9411764705882353
865,2755,Edwin Ubiles,Siena,0.8571428571428571,0.46551724137931033,0.2079207920792079,0.9310344827586207
866,2756,Brendan Walker,Mercer,0.0,0.0,0.3333333333333333,0.0
867,2761,Tony Lewis,Loyola MD,0.0,0.35,0.5714285714285714,1.0
868,2763,Keith Benson,Oakland,0.7647058823529411,0.5877862595419847,0.5737704918032787,1.0
869,2765,Billy Pettiford,IU Indy,0.5,0.425,0.782608695652174,1.0
870,2766,Jon Avery,IU Indy,0.9130434782608695,0.6666666666666666,0.6666666666666666,0.0
871,2769,Roman Martinez,New Mexico,0.0,0.5945945945945946,0.625,0.9696969696969697
872,2780,Ryan Jehle,Missouri St.,0.0,0.46153846153846156,0.5454545454545454,0.0
873,2781,Chris Oakes,San Jose St.,0.7894736842105263,0.6091954022988506,0.6086956521739131,0.0
874,2786,J.T. Durley,Wichita St.,0.625,0.6363636363636364,0.26,0.9166666666666666
875,2787,Keaton Nankivil,Wisconsin,0.5882352941176471,0.40540540540540543,0.9024390243902439,0.9583333333333334
876,2789,Charles Anderson,Cal Poly,0.0,0.7142857142857143,0.3333333333333333,1.0
877,2795,Jordan Weiner,UC Santa Barbara,0.0,0.25,0.5,1.0
878,2798,Devin Searcy,Dayton,0.9285714285714286,0.6666666666666666,0.42857142857142855,0.0
879,2799,Chris Wright,Dayton,0.7647058823529411,0.6666666666666666,0.52,1.0
880,2807,Chretien Lukusa,Binghamton,0.0,0.21212121212121213,0.041666666666666664,0.7777777777777778
881,2812,James Anderson,Oklahoma St.,0.5454545454545454,0.358974358974359,0.2571428571428571,0.7837837837837838
882,2821,Jeremy Simmons,Charleston,0.8867924528301887,0.63,0.125,0.0
883,2822,Nathan Hawkins,UT Rio Grande Valley,0.0,0.5909090909090909,0.3,0.0
884,2823,Austin Dahn,The Citadel,0.0,0.5555555555555556,0.1111111111111111,0.94
885,2824,Matt Clark,The Citadel,0.0,0.5,1.0,1.0
886,2832,Ben Wheeler,Lafayette,0.0,0.5,0.21428571428571427,0.8709677419354839
887,2835,Evann Baker,Quinnipiac,0.0,1.0,0.0,0.0
888,2837,Steve Kirkpatrick,Penn St.,0.0,0.0,0.0,0.0
889,2844,Jesse Woodard,Long Beach St.,0.0,0.0,0.0,0.8571428571428571
890,2849,Andre McFarland,Colorado St.,0.0,0.6666666666666666,0.2857142857142857,0.7931034482758621
891,2852,Brett Royster,Florida Atlantic,0.8611111111111112,0.6923076923076923,0.5833333333333334,0.0
892,2858,Charles Corbin,Winthrop,0.0,0.3157894736842105,0.49019607843137253,0.6666666666666666
893,2859,Nick Winbush,Miami OH,0.25,0.375,0.3684210526315789,0.9821428571428571
894,2860,Kenny Hayes,Miami OH,0.4,0.16666666666666666,0.16883116883116883,0.5238095238095238
895,2861,Jonathan Peoples,Notre Dame,0.0,0.5294117647058824,0.3333333333333333,0.95
896,2863,Jacob Pullen,Kansas St.,0.0,0.3469387755102041,0.3157894736842105,0.8598130841121495
897,2869,Chris Martin,Stony Brook,0.0,0.3114754098360656,0.25806451612903225,0.8
898,2872,Jon House,Belmont,0.5,0.5192307692307693,0.16666666666666666,1.0
899,2875,Rihards Kuksiks,Arizona St.,1.0,0.45161290322580644,0.3181818181818182,0.9012345679012346
900,2878,Jamelle McMillan,Arizona St.,0.0,0.48,0.75,0.9705882352941176
901,2879,Ty Abbott,Arizona St.,0.75,0.45161290322580644,0.5909090909090909,0.9615384615384616
902,2883,DeJuan Pursley,Fairleigh Dickinson,0.0,0.8333333333333334,0.0,0.0
903,2884,Talor Battle,Penn St.,0.6,0.336734693877551,0.4166666666666667,0.7183098591549296
904,2885,John Galvin,Fairleigh Dickinson,0.0,0.6666666666666666,0.6666666666666666,1.0
905,2886,Jamelle Horne,Arizona,0.42857142857142855,0.42857142857142855,0.21875,0.92
906,2891,Jeremy Thomas,Arkansas St.,0.7142857142857143,0.4878048780487805,0.0,0.0
907,2895,Kyle Lewis,Denver,0.0,0.42857142857142855,0.1111111111111111,0.9285714285714286
908,2897,Dino Gregory,Maryland,0.4,0.4,0.9,0.0
909,2902,Tommy Freeman,Ohio,0.0,0.6923076923076923,0.5555555555555556,1.0
910,2916,Tramaine Butler,Alabama St.,0.125,0.21568627450980393,0.631578947368421,0.8333333333333334
911,2921,Shawn Schepel,Texas A&M,0.0,0.0,0.0,0.0
912,2933,James Keefe,UCLA,1.0,0.38461538461538464,0.8,1.0
913,2934,Mustafa Abdul-Hamid,UCLA,0.0,0.0,0.3333333333333333,0.8571428571428571
914,2937,Aaron Holmes,Tulane,0.3333333333333333,0.3333333333333333,0.2222222222222222,0.75
915,2940,Joe Mazzulla,West Virginia,0.0,0.3448275862068966,0.0,1.0
916,2943,Eddie Williams,Stephen F. Austin,0.0,0.43023255813953487,0.2608695652173913,0.8055555555555556
917,2944,Ben Finney,Old Dominion,0.3333333333333333,0.4727272727272727,0.2222222222222222,0.9210526315789473
918,2949,Chad Tomko,UNC Wilmington,0.0,0.11764705882352941,0.13043478260869565,0.7
919,2950,Andy Buechert,Winthrop,0.5,0.38235294117647056,0.34285714285714286,0.0
920,2952,Matt Dorlack,Eastern Illinois,0.0,0.3333333333333333,1.0,0.0
921,2953,Darius James,Old Dominion,0.0,0.1,0.225,0.8333333333333334
922,2955,Solomon Tat,Virginia,0.0,0.6666666666666666,1.0,0.0
923,2958,Shane Johannsen,Northern Arizona,0.9,0.7714285714285715,0.6956521739130435,0.0
924,2978,Brandon Parks,Kent St.,0.9166666666666666,0.7083333333333334,0.4166666666666667,0.0
925,2985,Ryan Brooks,Temple,0.5,0.39655172413793105,0.23728813559322035,0.82
926,2988,Brandon Jackson,Gardner Webb,0.0,0.15384615384615385,0.0,0.0
927,2997,Radar Onguetou,New Hampshire,0.0,0.23529411764705882,0.6666666666666666,1.0
928,3000,Lorenzo Keeler,Cal Poly,0.0,0.29411764705882354,0.09803921568627451,0.7142857142857143
929,3005,Desmond Jackson,Alabama A&M,0.0,0.0,0.5,1.0
930,3006,Cornelius Hester,Alabama A&M,0.3333333333333333,0.45,0.5106382978723404,0.8048780487804879
931,3007,Matt Formisano,Utah St.,0.0,0.5,0.8125,0.0
932,3014,Eric Platt,Northern Arizona,1.0,0.6,0.6666666666666666,0.8666666666666667
933,3015,Cruz Daniels,High Point,0.8333333333333334,0.48717948717948717,0.48484848484848486,0.0
934,3021,David Burrell,Texas Southern,0.0,0.25,0.6923076923076923,1.0
935,3024,Anthony Wright,Michigan,0.0,0.0,0.3333333333333333,1.0
936,3025,Alex Franklin,Siena,0.7096774193548387,0.5,0.3902439024390244,0.0
937,3032,Richard Semrau,Illinois,0.0,0.8333333333333334,0.6666666666666666,0.0
938,3033,Brian Carlwell,San Diego St.,0.8888888888888888,0.6764705882352942,0.7368421052631579,1.0
939,3040,Omar Samhan,Saint Mary's,0.9230769230769231,0.5977011494252874,0.3,0.0
940,3050,Marcus Simmons,USC,0.0,0.08333333333333333,0.06666666666666667,1.0
941,3051,Joe Seymore,Central Connecticut,0.0,0.21052631578947367,0.25,0.7727272727272727
942,3056,Kerwin Dunham,Northern Iowa,0.0,0.2222222222222222,0.25,0.9047619047619048
943,3058,Jordan Eglseder,Northern Iowa,0.8571428571428571,0.5652173913043478,0.39344262295081966,1.0
944,3060,Danero Thomas,Murray St.,0.0,0.3448275862068966,0.3684210526315789,0.8378378378378378
945,3062,Andy King,Samford,0.0,0.875,1.0,0.9545454545454546
946,3063,Gaby Bermudez,Samford,0.0,0.6666666666666666,0.0,1.0
947,3065,Johnny Hill,Southeast Missouri St.,0.0,0.42857142857142855,0.0,0.0
948,3066,Jimmy Drew,DePaul,0.0,0.0,0.0,1.0
949,3069,Da'Sean Butler,West Virginia,0.8,0.631578947368421,0.48148148148148145,0.8857142857142857
950,3072,Lathen Wallace,Oregon St.,0.0,0.22727272727272727,0.0,0.9259259259259259
951,3074,Quinton Goods,Charleston Southern,0.0,0.6428571428571429,0.5,0.0
952,3075,Vincent Simpson,Hampton,0.5,0.37037037037037035,0.325,0.6557377049180327
953,3085,Richie Gordon,Western Carolina,0.6538461538461539,0.5517241379310345,0.6,0.0
954,3089,Cameron Tatum,Tennessee,0.8,0.4864864864864865,0.2222222222222222,0.9285714285714286
955,3090,Brian Williams,Tennessee,0.7777777777777778,0.6,0.4666666666666667,0.0
956,3091,Kevin Smith,Richmond,0.6666666666666666,0.5909090909090909,0.25,1.0
957,3093,Kevin Anderson,Richmond,0.0,0.20481927710843373,0.12727272727272726,0.7894736842105263
958,3094,Justin Harper,Richmond,0.7,0.5076923076923077,0.48484848484848486,0.9285714285714286
959,3097,A.J. Ogilvy,Vanderbilt,0.8095238095238095,0.5213675213675214,0.4090909090909091,0.0
960,3098,Andre Walker,Vanderbilt,0.5,0.4222222222222222,0.35294117647058826,1.0
961,3100,Morgan Sabia,Hartford,0.0,0.44,0.3448275862068966,0.9420289855072463
962,3102,Kevin Estes,Hartford,0.0,0.6818181818181818,0.8,0.0
963,3103,Troy Barnies,Maine,0.3333333333333333,0.5135135135135135,0.5,0.8
964,3105,Michael Nunnally,Pacific,0.5833333333333334,0.6190476190476191,0.525,0.0
965,3106,Terrell Smith,Pacific,0.4444444444444444,0.3142857142857143,0.25,0.8787878787878788
966,3108,Marcus Schroeder,Princeton,0.0,0.0,0.1875,0.7894736842105263
967,3109,Drew Shiller,Stanford,0.0,0.2857142857142857,0.7777777777777778,0.8620689655172413
968,3111,Greg Brown,Navy,0.0,0.25,0.1,0.92
969,3112,Romeo Garcia,Navy,0.0,0.6190476190476191,0.42857142857142855,0.9117647058823529
970,3113,Mark Veazey,Navy,1.0,0.75,0.7619047619047619,0.0
971,3114,Jeremy Wilson,Navy,1.0,0.45454545454545453,0.42857142857142855,0.0
972,3115,Donald Sims,Appalachian St.,0.0,0.22641509433962265,0.1,0.6017699115044248
973,3117,J.R. Archer,Appalachian St.,0.0,0.0,0.0,0.0
974,3119,Donavan Monroe,Charleston,0.6666666666666666,0.4126984126984127,0.23809523809523808,0.7954545454545454
975,3120,Andrew Goudelock,Charleston,0.5,0.11904761904761904,0.0990990990990991,0.3711340206185567
976,3126,Anthony Nelson,Niagara,0.3333333333333333,0.23333333333333334,0.0,0.55
977,3128,Marquis Weddle,Tennessee Martin,0.0,0.10526315789473684,0.1388888888888889,0.7708333333333334
978,3129,Benzor Simmons,Tennessee Martin,0.25,0.417910447761194,0.5333333333333333,0.8461538461538461
979,3132,Evan Washington,Air Force,0.8571428571428571,0.5517241379310345,0.16,0.9166666666666666
980,3135,Mike McLain,Air Force,0.3333333333333333,0.5952380952380952,0.3333333333333333,1.0
981,3137,Jimmer Fredette,BYU,0.0,0.20512820512820512,0.22857142857142856,0.4155844155844156
982,3141,Jahmar Young,New Mexico St.,0.75,0.5277777777777778,0.25,0.7361111111111112
983,3143,Brad Sweezy,Loyola Marymount,0.0,0.0,0.0,0.0
984,3150,Ben Smith,UT Rio Grande Valley,0.0,0.23076923076923078,1.0,0.8717948717948718
985,3153,Nick Murphy,Jacksonville St.,1.0,0.5813953488372093,0.627906976744186,1.0
986,3154,Stephen Tyree,Bucknell,0.0,0.4411764705882353,0.18181818181818182,0.8
987,3157,Patrick Behan,Bucknell,1.0,0.2,0.3333333333333333,0.0
988,3161,Najul Ervin,Northern Illinois,1.0,0.6086956521739131,0.0,0.0
989,3163,Jeremy Landers,Northern Illinois,0.0,0.3333333333333333,0.3333333333333333,0.5
990,3165,Robin Smeulders,Portland,1.0,0.6309523809523809,0.40476190476190477,0.0
991,3166,Drew Viney,Loyola Marymount,0.8,0.4222222222222222,0.43661971830985913,0.9180327868852459
992,3168,Calvin Haynes,Oregon St.,0.0,0.5084745762711864,0.2857142857142857,0.92
993,3169,Omari Johnson,Oregon St.,1.0,0.72,0.6666666666666666,0.95
994,3171,Chace Stanback,UNLV,0.75,0.5333333333333333,0.6351351351351351,0.9117647058823529
995,3173,Preston David,McNeese St.,0.75,0.3333333333333333,0.5,0.0
996,3176,Logan McConathy,Northwestern St.,0.0,0.0,1.0,1.0
997,3177,Dominic Knight,Northwestern St.,0.0,0.4,0.16666666666666666,0.8
998,3178,Kellan Carter,Nicholls St.,0.0,0.3793103448275862,0.25,0.0
999,3179,Anatoly Bose,Nicholls St.,0.6666666666666666,0.4827586206896552,0.2777777777777778,0.8767123287671232
1000,3181,Dan McGeary,Harvard,0.0,0.0,0.0,0.0
1001,3182,Adam Koch,Northern Iowa,0.7,0.40298507462686567,0.06451612903225806,0.72
1002,3184,John Ashworth,IU Indy,0.0,0.0,0.18181818181818182,0.32
1003,3189,Adam Waddell,Wyoming,0.8666666666666667,0.7796610169491526,0.75,0.0
1004,3193,Jamarr Sanders,UAB,0.8571428571428571,0.3793103448275862,0.09523809523809523,0.8714285714285714
1005,3200,Cordero Barkley,Green Bay,0.0,0.4,0.18181818181818182,0.9166666666666666
1006,3202,Tyler Whatley,Georgia,0.0,0.0,0.0,0.0
1007,3206,Josh Sheets,UNC Wilmington,0.0,0.0,0.0,0.0
1008,3218,Jonnie West,West Virginia,0.0,0.0,0.5,0.8888888888888888
1009,3219,Wellington Smith,West Virginia,0.8,0.17647058823529413,0.43478260869565216,1.0
1010,3220,Cam Thoroughman,West Virginia,0.0,0.6666666666666666,0.5,0.0
1011,3222,Tim Andree,Notre Dame,0.0,0.0,1.0,0.0
1012,3224,Adam Fletcher,Miami OH,1.0,0.5789473684210527,0.2,0.0
1013,3225,Luke Harangody,Notre Dame,0.9,0.5752212389380531,0.7641509433962265,0.96
1014,3226,Chris McFarland,Saint Francis,0.0,0.0,1.0,1.0
1015,3230,Howard Little,Valparaiso,0.5,0.576271186440678,0.8571428571428571,1.0
1016,3232,Geoff McCammon,Loyola Chicago,0.5,0.6818181818181818,0.4,0.9361702127659575
1017,3238,N'Gai Evans,Wright St.,0.0,0.07317073170731707,0.12903225806451613,0.5714285714285714
1018,3239,Troy Tabler,Wright St.,0.0,0.5454545454545454,0.47058823529411764,0.896551724137931
1019,3244,Nikola Koprivica,Washington St.,0.0,0.47368421052631576,0.25,0.9487179487179487
1020,3246,Larry Sanders,VCU,0.8813559322033898,0.656934306569343,0.4,0.75
1021,3247,Brian Haak,Northern Iowa,0.0,0.0,0.0,0.0
1022,3249,Jon Crandell,Michigan St.,0.0,0.0,0.0,0.0
1023,3255,Jared Stohl,Portland,0.0,0.2222222222222222,0.45454545454545453,0.8297872340425532
1024,3257,Chas McFarland,Wake Forest,0.75,0.559322033898305,0.4,0.0
1025,3259,Will Harris,Albany,0.8,0.6041666666666666,0.42857142857142855,0.7446808510638298
1026,3262,Marlon Sanders,Dartmouth,0.0,0.6,0.3333333333333333,0.0
1027,3266,Kelly Beidler,Mount St. Mary's,0.5,0.33962264150943394,0.19047619047619047,1.0
1028,3269,Frisco Sandidge,Delaware St.,0.2,0.4,0.45454545454545453,1.0
1029,3272,Anthony Mitchell,SIU Edwardsville,0.0,0.25,0.125,1.0
1030,3294,Matt Pilgrim,Oklahoma St.,0.71875,0.5909090909090909,0.375,1.0
1031,3303,Tai Wesley,Utah St.,0.6,0.5611510791366906,0.3829787234042553,0.0
1032,3313,Ed Nixon,VCU,0.3333333333333333,0.16279069767441862,0.25,0.8292682926829268
1033,3316,Dominique Archie,South Carolina,0.4,0.2727272727272727,0.0,1.0
1034,3324,Zach Evans,Bucknell,0.0,1.0,0.0,0.0
1035,3327,Justin Fuehrmeyer,Missouri St.,0.0,0.0,0.2727272727272727,0.8
1036,3331,Matt Maden,Gardner Webb,0.0,0.7272727272727273,0.0,0.0
1037,3332,Auryn MacMillan,Gardner Webb,0.8571428571428571,0.75,0.6428571428571429,0.0
1038,3338,Jaytornah Wisseh,LIU,0.0,0.10144927536231885,0.03333333333333333,0.43333333333333335
1039,3342,Sean Baptiste,Fairleigh Dickinson,0.0,0.625,0.30612244897959184,0.864406779661017
1040,3343,Lawrence Brown,Fairleigh Dickinson,0.0,0.0,0.0,0.0
1041,3347,Zach Finley,Princeton,1.0,0.4339622641509434,0.0,0.0
1042,3349,Brandon Rozzell,VCU,0.25,0.2692307692307692,0.34782608695652173,0.8095238095238095
1043,3352,Keion Mitchem,TCU,0.0,0.4444444444444444,0.42857142857142855,0.8076923076923077
1044,3353,Kyle Ohman,Liberty,0.0,0.12962962962962962,0.25,0.71875
1045,3354,Cole Wilder,Radford,0.0,0.0,1.0,0.5
1046,3355,Amir Johnson,Radford,0.0,0.09090909090909091,0.07692307692307693,0.8620689655172413
1047,3356,Joey Lynch-Flohr,Radford,1.0,0.5094339622641509,0.6712328767123288,0.0
1048,3359,Brett Finkelmeier,Indiana,0.0,0.0,0.0,0.0
1049,3362,Terrance Calvin,Arkansas Pine Bluff,0.0,0.37254901960784315,0.20408163265306123,0.5
1050,3363,Jevon Freeman,Alabama St.,0.0,0.0,0.0,0.0
1051,3364,George Davis,Arkansas Pine Bluff,0.42857142857142855,0.6129032258064516,0.7666666666666667,1.0
1052,3367,Tristan Thompson,North Texas,0.0,0.26666666666666666,0.14705882352941177,0.8620689655172413
1053,3371,Jamar Abrams,East Carolina,0.7,0.5,0.3448275862068966,0.94
1054,3373,Claude Britten,UTEP,0.8666666666666667,0.6829268292682927,0.7419354838709677,0.0
1055,3374,Justin Safford,Missouri,0.25,0.4883720930232558,0.6363636363636364,1.0
1056,3375,Al Nolen,Minnesota,0.0,0.1111111111111111,0.0,0.8181818181818182
1057,3376,Blake Hoffarber,Minnesota,0.0,0.6666666666666666,0.8,0.9529411764705882
1058,3377,Wayne Portalatin,UTEP,0.0,0.4,0.5,0.0
1059,3378,Gabriel McCulley,UTEP,1.0,1.0,1.0,1.0
1060,3379,Randy Culpepper,UTEP,0.5666666666666667,0.42045454545454547,0.3225806451612903,0.8048780487804879
1061,3382,Prentice Small,Lehigh,0.0,0.26666666666666666,0.0,0.0
1062,3383,David Safstrom,Lehigh,0.0,0.3333333333333333,0.0,0.0
1063,3385,Josh Jones,Holy Cross,0.0,0.0,0.0,0.0
1064,3386,Michael Ojo,Lehigh,0.6666666666666666,0.4166666666666667,0.3,0.7586206896551724
1065,3388,Mike Venezia,Colgate,0.0,0.0,0.0,0.8333333333333334
1066,3389,Joe Hoban,Colgate,0.0,0.2727272727272727,0.25,0.6363636363636364
1067,3390,Andrew Beinert,Holy Cross,0.0,0.3125,0.34782608695652173,0.7704918032786885
1068,3393,Idris Hilliard,Saint Joseph's,1.0,0.5932203389830508,0.75,1.0
1069,3398,Boubacar Sylla,Wyoming,0.6666666666666666,0.3684210526315789,0.2857142857142857,0.0
1070,3401,Rod Mitchell,Savannah St.,0.5,0.625,0.6666666666666666,0.0
1071,3402,Mike Ringgold,Rider,0.9166666666666666,0.45864661654135336,0.16666666666666666,0.0
1072,3403,Justin Robinson,Rider,0.0,0.19148936170212766,0.11428571428571428,0.859375
1073,3408,Manny Harris,Michigan,0.4375,0.48333333333333334,0.27941176470588236,0.6808510638297872
1074,3409,Chris Allen,Michigan St.,1.0,0.6190476190476191,0.7096774193548387,0.9245283018867925
1075,3413,Chip Ivany,UTSA,0.0,0.0,0.0,0.0
1076,3435,Johnathon Jones,Oakland,0.0,0.11320754716981132,0.15555555555555556,0.875
1077,3436,Will Hudson,Oakland,0.6666666666666666,0.44776119402985076,0.5,0.0
1078,3440,Tyler Laser,Eastern Illinois,0.0,0.4642857142857143,0.575,0.8666666666666667
1079,3441,Tim Ambrose,Albany,0.4,0.3220338983050847,0.22580645161290322,0.8
1080,3444,Josten Crow,Sam Houston St.,0.5,0.5454545454545454,0.5,0.896551724137931
1081,3446,Darryl Roberts,Akron,0.0,0.3076923076923077,0.2903225806451613,0.8787878787878788
1082,3448,Javon Coney,Colorado,0.0,0.0,0.0,0.0
1083,3450,Will Martell,Rhode Island,0.8571428571428571,0.6282051282051282,0.5882352941176471,0.0
1084,3452,Venoy Overton,Washington,0.6666666666666666,0.3064516129032258,0.17647058823529413,0.8235294117647058
1085,3453,Justin Holiday,Washington,0.6666666666666666,0.5853658536585366,0.6428571428571429,1.0
1086,3454,Mike McKee,Kent St.,0.0,0.2727272727272727,0.2,0.9130434782608695
1087,3455,Lance Storrs,Georgia Tech,0.0,0.0,1.0,1.0
1088,3458,John Flowers,West Virginia,0.6666666666666666,0.5454545454545454,0.75,0.8888888888888888
1089,3459,Gani Lawal,Georgia Tech,0.7111111111111111,0.5555555555555556,0.6274509803921569,0.0
1090,3462,Kellen Brand,Appalachian St.,0.0,0.26,0.32558139534883723,0.8888888888888888
1091,3463,Stephan Martin,McNeese St.,0.0,0.22580645161290322,0.08695652173913043,0.9142857142857143
1092,3471,Derek Brooks,Air Force,0.0,0.6666666666666666,0.25,0.8
1093,3475,Brian Hoff,Florida St.,0.0,0.3333333333333333,0.0,0.0
1094,3476,Donald Qualls,Grambling St.,0.0,0.30303030303030304,0.17647058823529413,0.8767123287671232
1095,3483,Gordo Castillo,New Mexico St.,0.0,0.375,0.25,0.9318181818181818
1096,3488,Suleiman Braimoh,Rice,1.0,0.525,0.47368421052631576,0.0
1097,3490,Demetrius Williamson,Niagara,0.6153846153846154,0.5365853658536586,0.4,0.9423076923076923
1098,3494,Luis Colon,Kansas St.,1.0,0.5217391304347826,0.25,0.0
1099,3498,Keon Lawrence,Seton Hall,1.0,0.3684210526315789,0.6666666666666666,1.0
1100,3501,J.T. Tiller,Missouri,0.75,0.5692307692307692,0.38095238095238093,1.0
1101,3510,Arturas Lazdauskas,Long Beach St.,0.0,0.631578947368421,0.42857142857142855,1.0
1102,3512,Tyler Baker,Liberty,0.0,1.0,0.0,1.0
1103,3518,Jason Love,Xavier,0.8666666666666667,0.5471698113207547,0.3877551020408163,0.0
1104,3520,Kyle Johnson,LIU,0.0,0.3939393939393939,0.5,1.0
1105,3522,Therin Taylor,Cal St. Northridge,0.3333333333333333,0.4166666666666667,0.3333333333333333,1.0
1106,3523,Marcus Kitts,William & Mary,0.65625,0.4939759036144578,0.0,0.0
1107,3524,Javier Gonzalez,N.C. State,0.0,0.0,0.14814814814814814,0.5957446808510638
1108,3527,Antonio Topps,Texas A&M Corpus Chris,0.0,0.0,1.0,1.0
1109,3528,Justin Reynolds,Texas A&M Corpus Chris,0.4166666666666667,0.5223880597014925,0.48484848484848486,0.8
1110,3531,Matt Bouldin,Gonzaga,0.5,0.40625,0.16279069767441862,0.6491228070175439
1111,3533,Justin Sofman,Monmouth,0.0,0.5833333333333334,0.6,0.9393939393939394
1112,3551,Bill Clark,Duquesne,0.5,0.6417910447761194,0.5555555555555556,0.7209302325581395
1113,3552,Patrick Foley,Columbia,0.0,0.05263157894736842,0.23529411764705882,1.0
1114,3553,Tyler Smith,Tennessee,0.6666666666666666,0.5,0.2222222222222222,0.0
1115,3555,Chad Gray,Coastal Carolina,0.9285714285714286,0.5684210526315789,0.4461538461538462,0.7692307692307693
1116,3560,Brandon McPherson,Valparaiso,0.0,0.13953488372093023,0.18181818181818182,0.5813953488372093
1117,3563,Marcus Neal,Delaware St.,0.0,0.125,0.14814814814814814,0.7931034482758621
1118,3570,David Theis,Duquesne,0.0,1.0,0.0,0.0
1119,3575,Bobby Howard,Montana St.,1.0,0.5747126436781609,0.52,0.9655172413793104
1120,3576,Julyan Stone,UTEP,0.3333333333333333,0.2777777777777778,0.15384615384615385,0.7333333333333333
1121,3578,Marquis Jones,Rhode Island,0.0,0.13636363636363635,0.38461538461538464,0.7407407407407407
1122,3579,Kayode Ayeni,St. Francis NY,1.0,0.5555555555555556,0.35714285714285715,0.95
1123,3586,Jazz Williams,Southern,1.0,0.8333333333333334,0.4864864864864865,0.8695652173913043
1124,3587,Tarrence Garrison,Prairie View A&M,1.0,0.8571428571428571,0.8,0.0
1125,3593,Bill Cole,Illinois,1.0,0.68,0.6666666666666666,0.9655172413793104
1126,3597,Clinton Houston,San Diego,0.0,0.7,0.9166666666666666,0.0
1127,3605,Derrick Blackwell,Alcorn St.,0.0,0.25,0.5,0.875
1128,3613,Chauncey Hardy,Sacred Heart,1.0,0.39473684210526316,0.36363636363636365,0.9148936170212766
1129,3615,Josh Marshall,Sacred Heart,0.0,0.46153846153846156,0.7142857142857143,1.0
1130,3616,Ryan Litke,Sacred Heart,1.0,0.3684210526315789,0.4117647058823529,0.8
1131,3632,Justin Dobbins,Eastern Michigan,0.7058823529411765,0.532608695652174,0.39285714285714285,0.0
1132,3649,Anthony Johnson,Fairfield,0.7222222222222222,0.625,0.5892857142857143,0.0
1133,3650,Jamal Boykin,California,0.75,0.5256410256410257,0.5978260869565217,0.0
1134,3653,Josh Taylor,Eastern Kentucky,0.6153846153846154,0.4032258064516129,0.3157894736842105,0.9852941176470589
1135,3655,Ousmane Cisse,Eastern Illinois,1.0,0.68,0.4666666666666667,0.0
1136,3658,Robin Mestdagh,Eastern Kentucky,0.0,1.0,0.0,1.0
1137,3659,Josh Daniel,Eastern Kentucky,0.0,0.5,0.4,0.84
1138,3661,Steven Hess,William & Mary,0.8333333333333334,0.6,0.3333333333333333,0.0
1139,3663,Keyon Carter,Old Dominion,0.8,0.5161290322580645,0.6153846153846154,1.0
1140,3664,Marsharee Neely,Old Dominion,0.0,0.3333333333333333,0.5555555555555556,1.0
1141,3670,Danny Sumner,William & Mary,0.7083333333333334,0.5333333333333333,0.16666666666666666,0.9555555555555556
1142,3671,David Schneider,William & Mary,0.0,0.16,0.2857142857142857,0.8383838383838383
1143,3676,Damon Jones,Northwestern St.,0.0,0.6363636363636364,0.625,0.9782608695652174
1144,3677,Chris Howard,South Florida,0.5,0.4074074074074074,0.30303030303030304,0.88
1145,3679,Jimmy Harding,Illinois Chicago,0.0,0.0,0.0,1.0
1146,3683,Barry Stewart,Mississippi St.,1.0,0.43478260869565216,0.05405405405405406,0.717948717948718
1147,3685,Jarvis Varnado,Mississippi St.,0.8333333333333334,0.6583333333333333,0.34375,0.0
1148,3686,Phil Turner,Mississippi St.,0.3333333333333333,0.32142857142857145,0.2222222222222222,0.92
1149,3687,Cade Davis,Oklahoma,0.0,0.17647058823529413,0.25,0.9655172413793104
1150,3689,Craig Brackins,Iowa St.,0.8857142857142857,0.7924528301886793,0.5178571428571429,0.9259259259259259
1151,3703,Rob Keefer,Lehigh,0.0,0.4,0.45454545454545453,1.0
1152,3704,Todd O'Brien,Saint Joseph's,0.8888888888888888,0.5,0.625,0.0
1153,3705,Darryl Shazier,Bucknell,0.0,0.225,0.047619047619047616,0.7142857142857143
1154,3706,G.W. Boon,Bucknell,0.6666666666666666,0.16666666666666666,0.3333333333333333,0.8918918918918919
1155,3708,Willie Veasley,Butler,0.8571428571428571,0.5428571428571428,0.23076923076923078,1.0
1156,3709,Solomon Bozeman,Little Rock,0.0,0.08823529411764706,0.03571428571428571,0.6511627906976745
1157,3710,Nathan Hedgecock,Army,0.0,0.0,0.0,1.0
1158,3711,Jeremy Hence,Army,0.0,0.4594594594594595,0.25,1.0
1159,3712,Kodi Augustus,Mississippi St.,0.3333333333333333,0.25806451612903225,0.1724137931034483,0.8285714285714286
1160,3713,Will Figures,Northern Colorado,0.0,0.05714285714285714,0.1702127659574468,0.5961538461538461
1161,3715,Patrick Patterson,Kentucky,0.7846153846153846,0.6470588235294118,0.6,0.9565217391304348
1162,3717,Ravern Johnson,Mississippi St.,0.8,0.525,0.15217391304347827,0.9080459770114943
1163,3718,Riley Benock,Mississippi St.,0.0,1.0,0.0,1.0
1164,3720,Jerai Grant,Clemson,0.7857142857142857,0.7529411764705882,1.0,0.0
1165,3721,Trevon Hughes,Wisconsin,0.0,0.12727272727272726,0.24242424242424243,0.6756756756756757
1166,3722,Zamal Nixon,Houston,0.3333333333333333,0.15151515151515152,0.07142857142857142,0.6
1167,3724,Brett Valentyn,Wisconsin,0.0,0.0,0.0,0.0
1168,3725,Tom Kopko,Notre Dame,0.0,0.0,0.0,0.5
1169,3728,Neal Kingman,Northern Colorado,1.0,0.6,0.1,0.9583333333333334
1170,3729,Jeff Brooks,Penn St.,0.6363636363636364,0.5263157894736842,0.18181818181818182,0.9166666666666666
1171,3736,Michael Patton,Northern Illinois,0.0,0.25,0.42857142857142855,0.9166666666666666
1172,3739,Devon Beitzel,Northern Colorado,0.0,0.3488372093023256,0.16666666666666666,0.7611940298507462
1173,3744,Chris Miles,BYU,1.0,0.75,0.38461538461538464,0.0
1174,3745,Demontez Stitt,Clemson,0.0,0.19672131147540983,0.04,0.48484848484848486
1175,3747,Gene Johnson,Morgan St.,0.0,0.8333333333333334,0.6666666666666666,0.0
1176,3750,Nick Sidorakis,Oklahoma St.,0.0,0.6666666666666666,0.0,1.0
1177,3752,Kyron Stokes,Oral Roberts,0.3333333333333333,0.3,0.16666666666666666,0.8333333333333334
1178,3754,Joe Moore,Oral Roberts,0.0,0.0,0.0,1.0
1179,3755,David Nurse,Western Illinois,0.0,0.38461538461538464,0.2,0.9622641509433962
1180,3756,Arsenio Mims,Western Illinois,0.0,0.0,1.0,0.0
1181,3758,Andres Torres,Hartford,0.0,0.045454545454545456,0.0,0.35714285714285715
1182,3759,Jawaan Alston,Buffalo,1.0,0.6666666666666666,0.3,0.0
1183,3764,Mouhamed Lo,Toledo,1.0,0.5517241379310345,0.5,0.0
1184,3765,Justin Anyijong,Toledo,0.0,0.7241379310344828,0.43333333333333335,1.0
1185,3769,Matthew Bryan-Amaning,Washington,0.8571428571428571,0.6744186046511628,0.3333333333333333,0.0
1186,3771,Kaleb Korver,Creighton,0.0,0.3333333333333333,0.0,1.0
1187,3772,Cavel Witter,Creighton,0.0,0.06666666666666667,0.23529411764705882,0.7272727272727273
1188,3773,P'Allen Stinnett,Creighton,0.8333333333333334,0.44,0.25,0.8571428571428571
1189,3774,Sam Muldrow,South Carolina,0.5517241379310345,0.36,0.4117647058823529,0.9285714285714286
1190,3780,Eli Holman,Detroit Mercy,0.90625,0.7040816326530612,0.7142857142857143,0.0
1191,3783,Steve Robinson,Quinnipiac,0.0,0.0,0.0,0.0
1192,3790,Durrell Summers,Michigan St.,0.8928571428571429,0.7619047619047619,0.64,0.9534883720930233
1193,3791,Andrew Warren,Bradley,0.3333333333333333,0.42857142857142855,0.24528301886792453,0.8360655737704918
1194,3793,Kalin Lucas,Michigan St.,1.0,0.24561403508771928,0.4246575342465753,0.8857142857142857
1195,3796,Jared Mintz,Lafayette,0.75,0.7157894736842105,0.5094339622641509,1.0
1196,3797,Darion Benbow,Lafayette,0.6,0.43478260869565216,0.7575757575757576,0.0
1197,3799,Jeff Kari,Lafayette,0.0,0.2972972972972973,0.5,0.8163265306122449
1198,3806,Devin Ginty,San Diego,0.0,0.75,0.3333333333333333,0.8823529411764706
1199,3809,Trayce Macon,Troy,0.0,1.0,1.0,0.6666666666666666
1200,3810,Josh Young,Drake,0.0,0.18867924528301888,0.25,0.6981132075471698
1201,3813,Sherron Collins,Kansas,0.0,0.19672131147540983,0.14814814814814814,0.8571428571428571
1202,3817,Derrick Jasper,UNLV,0.9166666666666666,0.6129032258064516,0.2857142857142857,1.0
1203,3818,Jeff Foote,Cornell,0.7878787878787878,0.4948453608247423,0.13333333333333333,0.0
1204,3820,Joevan Catron,Oregon,0.0,0.6666666666666666,0.0,0.0
1205,3821,Ryan Staudacher,Montana,0.0,0.0,0.5652173913043478,0.9692307692307692
1206,3823,Paul Noonan,Boise St.,0.0,0.6153846153846154,0.08333333333333333,0.8983050847457628
1207,3824,Ryan White,Texas St.,0.0,0.1891891891891892,0.125,0.35294117647058826
1208,3828,Tremayne Russell,FIU,0.5,0.3333333333333333,0.2,0.7142857142857143
1209,3829,Quincy Pondexter,Washington,0.7647058823529411,0.5309734513274337,0.2543859649122807,0.9444444444444444
1210,3832,Perry Stevenson,Kentucky,1.0,0.5833333333333334,0.16666666666666666,0.0
1211,3833,Darnell Porter,South Carolina St.,0.2,0.075,0.2,0.8043478260869565
1212,3836,Junior Bernal,Maine,0.0,0.34285714285714286,0.2857142857142857,1.0
1213,3837,Tony Hooper,Louisiana Monroe,0.0,0.2777777777777778,0.15,0.5535714285714286
1214,3839,Adrian Oliver,San Jose St.,0.0,0.3291139240506329,0.3020833333333333,0.8823529411764706
1215,3842,Dorenzo Hudson,Virginia Tech,0.42857142857142855,0.47368421052631576,0.49206349206349204,0.8857142857142857
1216,3849,Vance Cooksey,Youngstown St.,0.0,0.1,0.2,0.9090909090909091
1217,3850,Deonte Roberts,Milwaukee,0.0,0.5142857142857142,0.1111111111111111,0.0
1218,3853,Dan Boudler,Youngstown St.,0.0,0.6923076923076923,0.5,0.0
1219,3854,Bryquis Perine,Green Bay,0.0,0.06666666666666667,0.10666666666666667,0.59375
1220,3862,Brandon Moore,Eastern Washington,0.0,0.7021276595744681,0.6842105263157895,0.0
1221,3871,T.J. Gwynn,VCU,0.6666666666666666,0.65625,0.55,1.0
1222,3877,Ceslovas Kucinskas,Coppin St.,0.0,0.5217391304347826,0.14285714285714285,0.3333333333333333
1223,3883,Keith Cothran,Rhode Island,0.16666666666666666,0.34782608695652173,0.1956521739130435,0.8571428571428571
1224,3887,Keaton Grant,Purdue,0.3333333333333333,0.4,0.5,0.8787878787878788
1225,3889,John Williams,UNC Asheville,0.8604651162790697,0.7592592592592593,0.4666666666666667,0.5
1226,3891,Mantoris Robinson,Winthrop,0.6666666666666666,0.5,0.21428571428571427,0.9047619047619048
1227,3901,D'Andre Bell,Georgia Tech,0.5,0.17647058823529413,0.3333333333333333,1.0
1228,3903,Mickey Perry,Dayton,0.0,0.5238095238095238,0.16666666666666666,0.8857142857142857
1229,3909,Brandon Long,UT Arlington,0.0,0.34782608695652173,0.28125,0.8723404255319149
1230,3916,Tyler Newbold,Utah St.,1.0,0.5714285714285714,0.4444444444444444,0.8928571428571429
1231,3929,Jimmy Langhurst,Robert Morris,0.0,0.0,0.3333333333333333,0.8947368421052632
1232,3930,Dallas Green,Robert Morris,0.6190476190476191,0.5081967213114754,0.7894736842105263,0.0
1233,3932,James Feldeine,Quinnipiac,0.25,0.4262295081967213,0.5612244897959183,0.8421052631578947
1234,3934,Tayvon Jackson,Mount St. Mary's,0.6666666666666666,0.6363636363636364,0.9230769230769231,0.0
1235,3936,Jeremy Goode,Mount St. Mary's,0.0,0.19230769230769232,0.11538461538461539,0.5333333333333333
1236,3937,Will Holland,Mount St. Mary's,0.0,0.26666666666666666,0.0,0.9791666666666666
1237,3946,Saj El-Amin,Air Force,0.0,0.0,1.0,0.0
1238,3949,Mark Lohuis,Stetson,0.0,0.5,0.625,1.0
1239,3955,Brandon White,Southern,0.0,0.23076923076923078,0.0,0.0
1240,3957,Ryan Butler,Richmond,0.5,0.5806451612903226,0.26666666666666666,0.9821428571428571
1241,3965,Adam Lonon,VMI,0.0,0.06666666666666667,0.0,0.3333333333333333
1242,3966,Sean Smith,UNC Asheville,0.0,0.35294117647058826,0.3333333333333333,0.9642857142857143
1243,3968,Carl Josey,VMI,0.0,0.125,0.0,1.0
1244,3975,Georges Fotso,Murray St.,0.0,0.5,0.0,0.0
1245,3983,Baptiste Bataille,Northeastern,0.0,0.0625,0.45454545454545453,0.7727272727272727
1246,3984,Montez Downey,UNC Wilmington,0.0,0.5454545454545454,0.3333333333333333,1.0
1247,3989,Brett Harvey,Loyola MD,0.0,0.36,0.3181818181818182,0.7906976744186046
1248,3990,Gerald Lee,Old Dominion,0.8888888888888888,0.8205128205128205,0.7058823529411765,1.0
1249,3993,Ryan Bacon,Saint Peter's,0.7142857142857143,0.4411764705882353,0.23076923076923078,0.0
1250,3994,Reggie Holmes,Morgan St.,1.0,0.4,0.25757575757575757,0.79
1251,3998,Jonathan Inman,Alabama A&M,1.0,0.5757575757575758,0.5,0.0
1252,4003,Ian Andersen,Charlotte,0.0,0.5,0.5,1.0
1253,4004,Andrew Darko,Texas A&M,0.0,0.0,0.0,0.0
1254,4008,Adrian Bowie,Maryland,0.0,0.4411764705882353,0.0,0.8333333333333334
1255,4009,David Pearman,Maryland,0.0,0.0,0.0,0.0
1256,4015,Charles Dewhurst,Charlotte,0.0,0.4375,0.2,0.5
1257,4018,Ricky Harris,Massachusetts,0.0,0.1978021978021978,0.1346153846153846,0.7878787878787878
1258,4027,Eric Bell,Stephen F. Austin,0.0,0.0,0.0,1.0
1259,4029,Chaisson Allen,Northeastern,0.3333333333333333,0.26785714285714285,0.07692307692307693,0.7971014492753623
1260,4032,Nick Hendra,American,0.0,0.4375,0.875,0.9122807017543859
1261,4034,Senario Hillman,Alabama,0.7142857142857143,0.5,0.15625,0.8571428571428571
1262,4036,Tre Smith,Utah,0.0,0.0,1.0,0.6666666666666666
1263,4039,Mark Krebs,Kentucky,0.0,0.0,0.0,1.0
1264,4046,Brandon Fields,Nevada,0.6,0.43243243243243246,0.38235294117647056,0.90625
1265,4047,Ray Kraemer,Nevada,0.0,0.3333333333333333,0.6,1.0
1266,4048,Armon Johnson,Nevada,0.42857142857142855,0.2619047619047619,0.08256880733944955,0.8235294117647058
1267,4050,Spencer Johnson,UMKC,0.0,0.5,0.3157894736842105,0.8888888888888888
1268,4051,Herb Pope,Seton Hall,0.6923076923076923,0.46875,0.37777777777777777,1.0
1269,4052,Zach Graham,Mississippi,0.0,0.3548387096774194,0.2727272727272727,0.96
1270,4053,Gary Clark,Wake Forest,0.0,0.8333333333333334,0.7777777777777778,0.9230769230769231
1271,4055,Chris Warren,Mississippi,0.0,0.05084745762711865,0.09090909090909091,0.7747747747747747
1272,4056,Maurice Miller,Georgia Tech,1.0,0.26666666666666666,0.16666666666666666,0.6923076923076923
1273,4058,Tim Carroll,Akron,0.0,0.0,1.0,0.0
1274,4060,Grant Parker,Air Force,1.0,0.6585365853658537,0.3333333333333333,1.0
1275,4069,James Granstra,Western Illinois,1.0,0.6842105263157895,0.5555555555555556,0.0
1276,4072,Diego Kapelan,McNeese St.,0.0,0.375,0.18181818181818182,0.9066666666666666
1277,4074,Caleb Brown,Austin Peay,0.0,0.1724137931034483,0.08333333333333333,1.0
1278,4075,Jeff Jones,Virginia,0.0,0.1111111111111111,0.5384615384615384,1.0
1279,4079,Mike Scott,Virginia,0.7857142857142857,0.6,0.5666666666666667,1.0
1280,4084,Graham Hatch,Wichita St.,0.0,0.5862068965517241,0.5,0.9821428571428571
1281,4086,Aaron Ellis,Wichita St.,1.0,0.75,0.8125,0.0
1282,4087,Mac Peterson,San Jose St.,0.0,0.3333333333333333,0.25,0.9104477611940298
1283,4094,Michael Orock,Wagner,0.8181818181818182,0.5495495495495496,0.4117647058823529,0.0
1284,4095,Damian Johnson,Minnesota,0.8,0.7222222222222222,0.5454545454545454,0.9
1285,4099,Julius Ingram,Southern,0.7692307692307693,0.6296296296296297,0.5,0.0
1286,4102,Kim Tillie,Utah,0.7058823529411765,0.5416666666666666,0.6666666666666666,1.0
1287,4108,Michael McConathy,Northwestern St.,0.0,0.13333333333333333,0.0,0.7647058823529411
1288,4110,Nathan Walkup,Texas A&M,0.7777777777777778,0.5806451612903226,0.5,1.0
1289,4111,B.J. Holmes,Texas A&M,0.0,0.25,0.42857142857142855,0.8833333333333333
1290,4112,Denzel Bowles,James Madison,0.7916666666666666,0.5887096774193549,0.43037974683544306,0.0
1291,4113,Derrek Lewis,Texas A&M,0.0,1.0,0.0,1.0
1292,4116,Michael Vogler,Troy,0.0,0.07042253521126761,0.0,0.6333333333333333
1293,4118,Jake Robinson,Western Carolina,0.0,0.35714285714285715,0.17647058823529413,0.9090909090909091
1294,4120,An'Juan Wilderness,Charlotte,0.5,0.5714285714285714,0.4,1.0
1295,4121,Malcolm Thomas,San Diego St.,0.7857142857142857,0.6025641025641025,0.30434782608695654,1.0
1296,4122,Eddie Castellanos,Stony Brook,0.0,0.2,0.16666666666666666,0.0
1297,4125,Marqus Blakely,Vermont,0.5740740740740741,0.3463687150837989,0.2727272727272727,0.0
1298,4126,Patrick Christopher,California,0.782608695652174,0.5507246376811594,0.352112676056338,0.8793103448275862
1299,4131,Charles Boozer,Iowa St.,0.0,0.6,0.25,1.0
1300,4139,D'Aundray Brown,Cleveland St.,0.0,0.5471698113207547,0.6571428571428571,0.9090909090909091
1301,4140,Greg Danish,La Salle,0.0,0.0,0.0,0.0
1302,4145,David Hicks,LIU,0.0,0.26,0.16666666666666666,0.8717948717948718
1303,4146,Ryan Sterling,Loyola Chicago,0.0,0.0,0.0,0.6666666666666666
1304,4147,Cooper Land,Wright St.,0.0,0.55,0.4,1.0
1305,4149,Norris Cole,Cleveland St.,0.25,0.2608695652173913,0.25,0.5945945945945946
1306,4153,Tory Jackson,Notre Dame,0.0,0.14,0.08,0.8095238095238095
1307,4154,Ray Hall,Providence,0.0,0.6666666666666666,0.0,0.0
1308,4157,Dennis Horner,N.C. State,0.6,0.4507042253521127,0.6938775510204082,0.967741935483871
1309,4158,Brian McKenzie,Providence,0.6666666666666666,0.5,0.5,0.972972972972973
1310,4166,Dairese Gary,New Mexico,0.0,0.2345679012345679,0.06896551724137931,0.9333333333333333
1311,4173,Mark Titus,Ohio St.,0.0,0.0,0.0,0.0
1312,4176,Nic Wise,Arizona,0.0,0.07894736842105263,0.2619047619047619,0.78
1313,4186,Joe Ford,Pacific,0.4166666666666667,0.3225806451612903,0.17857142857142858,0.0
1314,4187,Steffan Johnson,Idaho,0.3333333333333333,0.4,0.5833333333333334,0.782608695652174
1315,4200,Modou Niang,Utah St.,0.6666666666666666,0.5,0.8,0.0
1316,4203,Ben Nelson,Nebraska,0.0,0.0,1.0,0.0
1317,4250,Festus Ezeli,Vanderbilt,0.7777777777777778,0.5675675675675675,0.4,0.0
1318,4273,Devron Bostick,Minnesota,0.6,0.625,0.5,1.0
1319,4276,Matt Roth,Indiana,0.0,1.0,0.0,0.0
1320,4277,Tom Pritchard,Indiana,1.0,0.7692307692307693,0.5,0.0
1321,4284,Lloyd Phillips,Illinois St.,0.0,0.04,0.034482758620689655,0.7916666666666666
1322,4286,Martiz Washington,Longwood,0.0,0.2727272727272727,0.23076923076923078,0.8888888888888888
1323,4329,Buchi Awaji,Southern Miss,0.5,0.35294117647058826,0.18181818181818182,0.9523809523809523
1324,4330,Mitchell Watt,Buffalo,0.7,0.6818181818181818,0.5909090909090909,0.0
1325,4331,Titus Robinson,Buffalo,0.5,0.5,0.7894736842105263,1.0
1326,4334,Lionel Foster,Little Rock,0.0,0.125,0.0,1.0
1327,4339,Gerard Anderson,Cal St. Fullerton,0.5357142857142857,0.3111111111111111,0.20833333333333334,1.0
1328,4346,Keith Gabriel,VMI,0.3,0.2564102564102564,0.13793103448275862,0.6714285714285714
1329,4347,Ron Burks,VMI,0.0,0.23255813953488372,0.18181818181818182,0.78125
1330,4349,Wayne Whiting,VMI,0.0,0.0,0.5,1.0
1331,4350,Michael Sparks,VMI,0.0,0.1875,0.15384615384615385,0.8666666666666667
1332,4352,Jeffery Middlebrooks,Alabama St.,0.0,0.16666666666666666,0.0,0.5
1333,4355,Brandon Bryant,Florida A&M,0.0,0.2631578947368421,0.21052631578947367,0.7857142857142857
1334,4358,Adrian Gailliard,Western Carolina,1.0,0.4583333333333333,0.2608695652173913,0.0
1335,4359,Harouna Mutombo,Western Carolina,0.8,0.42105263157894735,0.14285714285714285,0.875
1336,4361,Keaton Cole,Western Carolina,0.0,0.0,0.2,0.85
1337,4363,Kendall Russell,Western Carolina,0.6666666666666666,0.34375,0.2727272727272727,0.0
1338,4364,Antoine Childs,Western Carolina,1.0,1.0,0.0,0.0
1339,4365,Sandy Perry,Georgia Southern,0.8,0.5833333333333334,0.7777777777777778,0.0
1340,4366,Colby Wohlleb,Georgia Southern,0.0,0.0,0.5555555555555556,0.9833333333333333
1341,4369,Markieff Morris,Kansas,0.85,0.6166666666666667,0.75,1.0
1342,4370,Chad Wilson,Delaware St.,0.0,0.5555555555555556,0.3333333333333333,0.9
1343,4371,Jared Maree,UT Rio Grande Valley,0.3333333333333333,0.5531914893617021,0.3333333333333333,0.8421052631578947
1344,4373,Riley Hunley,Tennessee Tech,0.0,0.0,0.0,0.0
1345,4374,Alfred Jones,Tennessee Tech,1.0,0.6506024096385542,0.6,1.0
1346,4375,Kevin Murphy,Tennessee Tech,0.625,0.42592592592592593,0.22857142857142856,0.5428571428571428
1347,4376,Zach Bailey,Tennessee Tech,0.0,0.21052631578947367,0.0,1.0
1348,4377,Isaac Sosa,UCF,0.0,0.5333333333333333,0.76,0.9577464788732394
1349,4378,P.J. Gaynor,UCF,0.8571428571428571,0.5416666666666666,0.7142857142857143,1.0
1350,4379,Lucas Kuipers,Rice,0.0,0.42105263157894735,0.3333333333333333,0.95
1351,4380,Nate Schwarze,Rice,0.0,0.0,0.0,0.5
1352,4382,Emerson Herndon,Rice,0.0,0.4444444444444444,0.625,0.0
1353,4383,A.J. Rompza,UCF,0.0,0.3235294117647059,0.13636363636363635,0.6774193548387096
1354,4385,Trent Rogers,Tulane,0.0,0.4444444444444444,0.5,1.0
1355,4386,Kendall Timmons,Tulane,0.36363636363636365,0.3333333333333333,0.38461538461538464,1.0
1356,4401,Sean Coleman,Houston,0.0,0.0,0.23076923076923078,1.0
1357,4412,Johnny Moran,Northern Iowa,0.0,0.3,0.42857142857142855,0.8787878787878788
1358,4414,Isaiah Rhine,Missouri St.,1.0,0.8,0.7,0.0
1359,4415,Ali Farokhmanesh,Northern Iowa,0.0,0.23529411764705882,0.15384615384615385,0.7792207792207793
1360,4416,Anthony James,Northern Iowa,0.0,0.75,0.25,0.9
1361,4417,Jordan Cyphers,Utah,1.0,0.6666666666666666,0.0,1.0
1362,4433,Roburt Sallie,Memphis,0.5,0.3888888888888889,0.2,0.90625
1363,4464,Ryan Darling,Cal Poly,0.5,0.6428571428571429,0.5,0.0
1364,4467,Jonas Lalehzadeh,UC Irvine,0.0,0.3333333333333333,0.3333333333333333,1.0
1365,4469,Andrey Semenov,James Madison,1.0,1.0,0.0,1.0
1366,4471,Julius Wells,James Madison,0.75,0.5641025641025641,0.3469387755102041,0.8390804597701149
1367,4483,Johnny Stephene,Liberty,0.0,0.0,0.25,1.0
1368,4493,Da'Quan Cook,St. Bonaventure,0.5,0.4090909090909091,0.4,0.0
1369,4509,Damian Lillard,Weber St.,0.25,0.14864864864864866,0.09523809523809523,0.5185185185185185
1370,4512,Jesse Sanders,Liberty,0.0,0.24444444444444444,0.25,0.9230769230769231
1371,4513,Carter McMasters,Liberty,0.75,0.6190476190476191,0.8181818181818182,1.0
1372,4533,Tre'Von Willis,UNLV,1.0,0.5492957746478874,0.27692307692307694,0.8536585365853658
1373,4536,Pierre Henderson-Niles,Memphis,0.8,0.4583333333333333,0.6,0.0
1374,4554,Scott Grote,Wright St.,0.0,0.5263157894736842,0.42857142857142855,0.6666666666666666
1375,4558,Robert Mitchell,Seton Hall,0.0,0.42857142857142855,0.3611111111111111,0.8421052631578947
1376,4570,Joe Dukes,Georgia St.,0.0,0.2755102040816326,0.23255813953488372,0.42105263157894735
1377,4578,Steve Swiech,Akron,0.0,1.0,0.0,0.0
1378,4579,Ronnie Steward,Akron,0.0,0.0,0.0,0.75
1379,4585,James Williams,Norfolk St.,0.0,0.5,0.5,0.8888888888888888
1380,4586,Aleek Pauline,Norfolk St.,0.0,0.15384615384615385,0.0,0.6666666666666666
1381,4589,Jake Drum,Auburn,0.0,0.5,0.0,1.0
1382,4590,Drew Rodriguez,Toledo,0.0,0.0,0.0,0.0
1383,4591,Jay Shunnar,Toledo,0.0,0.14285714285714285,0.0,1.0
1384,4592,James Fields,Georgia St.,0.0,0.22727272727272727,0.16666666666666666,1.0
1385,4596,Frankie Sullivan,Auburn,0.6666666666666666,0.3023255813953488,0.07142857142857142,0.9180327868852459
1386,4597,Reggie Middleton,Winthrop,0.3333333333333333,0.14893617021276595,0.24324324324324326,0.6666666666666666
1387,4598,Raymond Davis,Winthrop,0.0,0.0,0.0,0.0
1388,4599,Andre Jones,Winthrop,0.0,0.29411764705882354,0.4642857142857143,0.8666666666666667
1389,4619,Lance Pevehouse,Sam Houston St.,0.0,0.6,0.42857142857142855,0.9117647058823529
1390,4622,Walt Harris,Stephen F. Austin,0.0,0.29411764705882354,0.32558139534883723,0.9361702127659575
1391,4623,Corey Allmond,Sam Houston St.,1.0,0.6923076923076923,0.6,0.9195402298850575
1392,4624,Antuan Bootle,Sam Houston St.,0.0,0.8125,0.5,0.0
1393,4625,Preston Brown,Sam Houston St.,0.7142857142857143,0.7,0.7222222222222222,1.0
1394,4626,Drae Murray,Sam Houston St.,0.0,0.36363636363636365,0.2,0.5555555555555556
1395,4642,Jordan Taylor,Wisconsin,0.0,0.1282051282051282,0.13513513513513514,0.8571428571428571
1396,4644,Eugene Phelps,Long Beach St.,0.8571428571428571,0.4603174603174603,0.3333333333333333,0.0
1397,4654,Ben Eaves,Rhode Island,0.0,0.0,0.6666666666666666,1.0
1398,4697,Jon Ogolo,Elon,0.0,1.0,0.0,1.0
1399,4699,Daniel Deane,Oregon St.,0.0,0.3157894736842105,0.3333333333333333,1.0
1400,4701,Devin Hill,DePaul,0.3333333333333333,0.6,0.48717948717948717,1.0
1401,4702,Jeremiah Kelly,DePaul,0.0,0.2,0.3125,0.7037037037037037
1402,4704,John Comfort,Princeton,0.0,1.0,0.0,0.0
1403,4705,Patrick Saunders,Princeton,0.0,0.8235294117647058,0.45454545454545453,0.92
1404,4706,Juan Fernandez,Temple,0.0,0.25,0.14545454545454545,0.8767123287671232
1405,4710,Ted Connolly,Navy,0.0,0.0,0.0,0.0
1406,4714,Chris Bass,LSU,0.5,0.35294117647058826,0.0,1.0
1407,4748,Kris Joseph,Syracuse,0.9459459459459459,0.6704545454545454,0.43478260869565216,0.8571428571428571
1408,4750,Jan van der Kooij,Longwood,0.0,0.3333333333333333,0.0,1.0
1409,4754,David Jackson,Louisiana Tech,0.0,0.5454545454545454,0.4,0.9411764705882353
1410,4755,Chris Pontarolo-Maag,Gonzaga,0.0,0.0,1.0,0.0
1411,4760,Da'Veed Dildy,Stanford,0.0,0.29411764705882354,0.0,1.0
1412,4763,Mac Hopson,Idaho,0.0,0.16981132075471697,0.15384615384615385,0.7027027027027027
1413,4796,Brandon Dowdy,UC Riverside,0.0,0.6,0.6,1.0
1414,4814,Xavier Hansbro,Georgia St.,1.0,0.6296296296296297,0.7833333333333333,1.0
1415,4816,Jack McGillis,Montana,1.0,0.4230769230769231,0.47368421052631576,1.0
1416,4829,Beau Albrechtson,Hawaii,0.0,1.0,1.0,0.0
1417,4831,Julius Cheeks,Mississippi Valley St.,0.0,0.13333333333333333,0.21621621621621623,0.8387096774193549
1418,4834,Thomas Kennedy,Detroit Mercy,0.8,0.5892857142857143,0.7681159420289855,0.9473684210526315
1419,4835,Donavan Foster,Detroit Mercy,0.0,0.25,0.25,0.75
1420,4837,Michael Culpo,LIU,0.0,0.0,0.3,0.9516129032258065
1421,4839,Xavier Keeling,Detroit Mercy,0.5,0.34615384615384615,0.25,0.8888888888888888
1422,4840,Arnold Mayorga,LIU,0.0,0.2727272727272727,0.2,0.88
1423,4854,Jordan Sugars,Navy,0.0,0.30357142857142855,0.2571428571428571,0.9102564102564102
1424,4855,Justin Maneri,Lehigh,0.0,0.6666666666666666,0.8333333333333334,0.0
1425,4856,Andrew Steele,Alabama,0.0,0.75,0.0,1.0
1426,4857,Anthony Brock,Alabama,0.0,0.25,0.0,0.9512195121951219
1427,4858,JaMychal Green,Alabama,0.7777777777777778,0.6111111111111112,0.4166666666666667,0.0
1428,4860,Rotnei Clarke,Arkansas,0.0,0.45,0.22580645161290322,0.8
1429,4861,Magnum Rolle,Louisiana Tech,0.6285714285714286,0.5041322314049587,0.4852941176470588,0.0
1430,4872,Mark Engen,South Dakota St.,0.0,0.09090909090909091,0.5555555555555556,0.0
1431,4920,Jon Andersen,Tulane,0.0,1.0,0.5,0.0
1432,4935,Derek Selvig,Montana,1.0,0.39285714285714285,0.5238095238095238,0.8636363636363636
1433,4937,Kyle Bullinger,Weber St.,0.5,0.5,0.3333333333333333,0.875
1434,4938,Darin Mahoney,Weber St.,1.0,0.6111111111111112,0.875,1.0
1435,4951,Yannick Braimbridge,Howard,0.0,0.0,0.0,1.0
1436,4963,Jonathan Hall,St. Bonaventure,0.6,0.5,0.46153846153846156,0.42857142857142855
1437,4964,Michael Davenport,St. Bonaventure,0.625,0.4444444444444444,0.6136363636363636,1.0
1438,4967,Francis-Cedric Martel,Richmond,0.0,0.2857142857142857,0.2857142857142857,1.0
1439,4970,Darrius Garrett,Richmond,0.6363636363636364,0.6956521739130435,0.8,1.0
1440,4978,Jamar Samuels,Kansas St.,0.76,0.6153846153846154,0.4634146341463415,0.9473684210526315
1441,4981,Rob Garrison,Niagara,0.0,0.38596491228070173,0.1,0.7428571428571429
1442,4990,Lewis Jackson,Purdue,0.0,0.0,0.25,1.0
1443,5013,Marc Ellis,Texas Southern,0.0,0.42857142857142855,0.0,0.8
1444,5037,Malcolm Lee,UCLA,0.7777777777777778,0.5492957746478874,0.08333333333333333,0.8076923076923077
1445,5038,Jerime Anderson,UCLA,0.0,0.2972972972972973,0.25,0.8181818181818182
1446,5040,Jonathan Huffman,Iona,1.0,0.5909090909090909,0.4444444444444444,0.9411764705882353
1447,5047,Anthony Miles,Lamar,0.0,0.475,0.22448979591836735,0.6071428571428571
1448,5050,Ricky Boyles,Texas Southern,0.0,0.6451612903225806,0.0,0.0
1449,5052,John Bowman,Texas St.,1.0,0.5185185185185185,0.3076923076923077,1.0
1450,5063,Alex Tucker,Florida Atlantic,0.0,0.325,0.11764705882352941,1.0
1451,5065,Josh Bonney,Elon,0.0,0.05,0.09375,0.625
1452,5066,Storm Warren,LSU,0.9047619047619048,0.5764705882352941,0.5535714285714286,0.0
1453,5068,Will Bogan,Mississippi,0.0,1.0,0.0,0.0
1454,5069,Terrico White,Mississippi,0.5714285714285714,0.37254901960784315,0.4,0.9016393442622951
1455,5070,Murphy Holloway,Mississippi,0.7222222222222222,0.4608695652173913,0.45714285714285713,0.0
1456,5071,Edin Suljic,Eastern Illinois,1.0,0.5476190476190477,0.42105263157894735,0.0
1457,5077,Harvey Perry,Colorado St.,0.0,0.0,0.0,0.75
1458,5084,Cory Cooperwood,Wright St.,0.8333333333333334,0.6666666666666666,0.6206896551724138,1.0
1459,5085,Noruwa Agho,Columbia,0.0,0.2,0.24074074074074073,0.6851851851851852
1460,5088,Cameron Witt,Valparaiso,0.5,0.6666666666666666,0.8333333333333334,0.0
1461,5089,Erik Buggs,Valparaiso,0.0,0.0,0.0,0.0
1462,5090,Steve Egee,Columbia,0.0,0.0,0.2857142857142857,1.0
1463,5091,Matt Johnson,Columbia,0.0,1.0,0.0,0.0
1464,5095,Josh Vaughan,North Dakota St.,0.0,0.23529411764705882,0.3333333333333333,0.7704918032786885
1465,5096,Sam Sussenguth,North Dakota St.,1.0,0.875,0.7058823529411765,1.0
1466,5110,Tavaris Washington,Arkansas Pine Bluff,0.6666666666666666,0.54,0.42857142857142855,1.0
1467,5120,Erik Rush,Montana St.,0.4166666666666667,0.42105263157894735,0.17857142857142858,0.8
1468,5123,Danny Piepoli,Montana St.,0.0,0.14285714285714285,0.6,0.9534883720930233
1469,5124,Jonathan Malloy,Sacramento St.,0.0,0.0,0.0,1.0
1470,5151,Pat Bergmann,Vermont,0.0,0.3333333333333333,1.0,0.0
1471,5159,Aaron Blosser,VMI,0.0,0.0,0.0,1.0
1472,5160,Joe Hill,American,0.0,0.0,0.0,0.9565217391304348
1473,5161,Riley Grafft,American,0.7142857142857143,0.5882352941176471,0.84375,1.0
1474,5162,Dominique Mpondo,Tennessee Martin,1.0,0.5,0.6,0.0
1475,5163,Delrico Lane,Tennessee Martin,0.0,0.0,0.0,0.8571428571428571
1476,5164,Jeffery McClain,Murray St.,0.3333333333333333,0.48484848484848486,0.8,0.0
1477,5165,Ivan Aska,Murray St.,0.7333333333333333,0.7244897959183674,0.631578947368421,0.0
1478,5166,Papa Oppong,Eastern Kentucky,0.0,0.3958333333333333,0.14285714285714285,0.9285714285714286
1479,5167,Mike Lewis,Eastern Kentucky,0.0,0.0,0.0,0.8571428571428571
1480,5168,Simon McCormack,American,0.0,0.6296296296296297,0.5,0.0
1481,5170,Antywan Jones,Troy,0.6923076923076923,0.5,0.5,0.8387096774193549
1482,5171,Jarrell Thomas,Bethune Cookman,0.0,0.5,0.0,0.6363636363636364
1483,5172,Yonas Berhe,Louisiana Tech,0.0,0.3333333333333333,0.5,0.0
1484,5173,Keith Ramsey,Missouri,0.8333333333333334,0.45454545454545453,0.47058823529411764,1.0
1485,5174,Marcus Denmon,Missouri,1.0,0.3548387096774194,0.2222222222222222,0.8529411764705882
1486,5175,Miguel Paul,Missouri,0.0,0.18181818181818182,0.2727272727272727,0.8666666666666667
1487,5176,Justin Hamilton,Iowa St.,0.8888888888888888,0.7777777777777778,0.4473684210526316,0.0
1488,5180,Kene Obi,DePaul,0.0,0.0,0.0,0.0
1489,5181,Keiton Page,Oklahoma St.,0.0,0.11764705882352941,0.17647058823529413,0.7702702702702703
1490,5205,Issac Gordon,UTEP,0.0,1.0,0.25,1.0
1491,5222,Josh Crawford,Indiana St.,0.8,0.7142857142857143,0.4117647058823529,1.0
1492,5224,Brian Morris,Towson,0.0,0.0,0.0,0.42857142857142855
1493,5230,David Brewster,Towson,0.0,0.3333333333333333,1.0,1.0
1494,5240,John Rybak,Texas St.,0.0,0.36363636363636365,0.2727272727272727,0.9795918367346939
1495,5258,Stephan Gilling,Long Beach St.,0.0,1.0,0.4,0.9041095890410958
1496,5260,Adam Templeton,Drake,0.6666666666666666,0.48,0.06451612903225806,0.8571428571428571
1497,5282,Jeremy Baker,Quinnipiac,0.5,0.5454545454545454,0.8421052631578947,1.0
1498,5292,Nick Mosakowski,Boston College,0.0,0.0,0.0,1.0
1499,5293,Sam Shew,Georgia Tech,0.0,0.0,0.0,0.0
1500,5295,Tyler Trapani,UCLA,0.0,0.0,0.0,0.0
1501,5298,Jordan Juenemann,Kansas,0.0,0.5,0.0,1.0
1502,5310,Alex Jacobson,Arizona,0.0,0.0,0.875,0.0
1503,5314,Andrew Hooper,Denver,0.8,0.75,0.5,1.0
1504,5323,Bryan Narcisse,Clemson,0.3333333333333333,0.375,0.5714285714285714,1.0
1505,5324,Tanner Smith,Clemson,0.0,0.4716981132075472,0.45454545454545453,0.96
1506,5326,Catalin Baciu,Clemson,1.0,0.8333333333333334,1.0,0.0
1507,5328,Brandon Adams,Hawaii,0.8888888888888888,0.4838709677419355,0.5689655172413793,0.0
1508,5329,Steve Tchiengang,Vanderbilt,1.0,0.36,0.3333333333333333,1.0
1509,5330,Brad Tinsley,Vanderbilt,0.0,0.23333333333333334,0.125,0.6551724137931034
1510,5331,Andre Young,Clemson,0.0,0.2631578947368421,0.14285714285714285,0.65
1511,5377,Will Creekmore,Missouri St.,1.0,0.7272727272727273,0.5238095238095238,1.0
1512,5388,James Hulbin,Northwestern St.,0.0,0.14285714285714285,0.6,1.0
1513,5389,Charles Clark,Northwestern St.,0.6,0.391304347826087,0.2,0.875
1514,5390,William Mosley,Northwestern St.,0.4782608695652174,0.45454545454545453,0.5,0.0
1515,5391,Eric Waterford,Portland,0.0,0.0,0.0,1.0
1516,5392,Nemanja Mitrovic,Portland,0.0,0.3333333333333333,0.5,0.8333333333333334
1517,5393,T.J. Campbell,Portland,0.8,0.19047619047619047,0.0,0.6551724137931034
1518,5395,James Johnson,Quinnipiac,0.0,0.2702702702702703,0.42857142857142855,0.8
1519,5396,Sean Light,Quinnipiac,0.0,1.0,0.0,0.0
1520,5397,Eric Coggins,Quinnipiac,0.0,0.0,0.0,0.0
1521,5398,Will Brown,New Mexico,0.8571428571428571,0.6904761904761905,0.6666666666666666,0.0
1522,5399,Noah Hartsock,BYU,1.0,0.6666666666666666,0.6851851851851852,1.0
1523,5402,Jackson Emery,BYU,0.0,0.3055555555555556,0.25,0.9411764705882353
1524,5403,Charles Abouo,BYU,0.8333333333333334,0.5217391304347826,0.36363636363636365,1.0
1525,5404,Kevin Dillard,Southern Illinois,0.0,0.1,0.07894736842105263,0.6551724137931034
1526,5406,Justin Bocot,Southern Illinois,0.6,0.45,0.09090909090909091,0.90625
1527,5407,Anthony Booker,Southern Illinois,0.6666666666666666,0.631578947368421,0.2571428571428571,1.0
1528,5408,Nikola Vucevic,USC,0.7857142857142857,0.5671641791044776,0.47058823529411764,1.0
1529,5409,Donte Smith,USC,0.0,0.0,0.4,0.7894736842105263
1530,5412,Spencer Soo,UCLA,0.0,0.0,0.0,0.0
1531,5416,Percy Miller,USC,0.0,0.0,0.0,0.0
1532,5420,Daniel Richard,McNeese St.,1.0,0.6111111111111112,0.8571428571428571,0.0
1533,5429,Johnny Wolf,UNC Wilmington,0.0,0.3157894736842105,0.16666666666666666,0.8421052631578947
1534,5434,Obi Ikeakor,New Orleans,0.0,0.0,1.0,0.0
1535,5436,Ivory White,Alabama St.,0.0,0.16666666666666666,0.75,0.9
1536,5439,Menji Mundadi,Alabama St.,0.0,0.3225806451612903,0.55,0.9390243902439024
1537,5465,Jamarcus Little,McNeese St.,0.0,1.0,0.5,0.0
1538,5466,Patrick Richard,McNeese St.,0.42857142857142855,0.29411764705882354,0.2894736842105263,0.3157894736842105
1539,5468,Elbryan Neal,McNeese St.,0.0,0.19047619047619047,0.3,0.0
1540,5469,Chris Iles,Nicholls St.,0.0,0.42857142857142855,0.1111111111111111,0.8181818181818182
1541,5476,Tracy Rankins,Savannah St.,0.0,0.0,0.14634146341463414,0.8387096774193549
1542,5480,Payton Tivis,South Dakota St.,0.0,0.0,1.0,0.0
1543,5496,Darnell Gant,Washington,1.0,0.7692307692307693,0.8636363636363636,0.0
1544,5500,James Dunleavy,USC,0.0,0.0,0.0,0.0
1545,5501,Cam Payne,West Virginia,0.0,0.5,0.0,0.0
1546,5521,Marlon Bright,FIU,0.0,0.38461538461538464,0.65625,1.0
1547,5523,Zack Novak,Michigan,0.0,0.4444444444444444,0.4,1.0
1548,5524,Davide Curletti,Northwestern,0.0,0.8,0.0,1.0
1549,5525,Henry Sims,Georgetown,0.75,0.6666666666666666,0.25,0.0
1550,5526,Ben Cronin,Michigan,0.0,0.0,0.0,0.0
1551,5527,Stu Douglass,Michigan,0.5,0.8333333333333334,0.2857142857142857,0.9607843137254902
1552,5529,A.J. Rogers,Saint Joseph's,0.0,0.0,0.0,0.0
1553,5530,Jason Clark,Georgetown,0.14285714285714285,0.5365853658536586,0.36363636363636365,0.9393939393939394
1554,5531,Greg Monroe,Georgetown,0.8095238095238095,0.44155844155844154,0.2727272727272727,1.0
1555,5547,Oliver Jefferson,Jackson St.,1.0,0.4375,1.0,0.0
1556,5548,Rod Melvin,Jackson St.,0.0,0.3076923076923077,0.3939393939393939,1.0
1557,5549,Cason Burk,Jackson St.,0.0,0.45454545454545453,0.16666666666666666,1.0
1558,5554,Phil Benson,Saint Mary's,0.0,0.5,0.0,0.0
1559,5568,Lucca Staiger,Iowa St.,0.0,1.0,0.0,0.875
1560,5572,Destin Damachoua,New Orleans,0.0,0.5,0.4,1.0
1561,5576,Lamar Trice,Mount St. Mary's,0.0,0.09090909090909091,0.0,0.6666666666666666
1562,5577,Brandon Smalls,South Carolina St.,0.5,0.2916666666666667,0.3157894736842105,0.9032258064516129
1563,5580,Flenard Whitfield,Western Michigan,1.0,0.5352112676056338,0.4230769230769231,1.0
1564,5581,Mike Douglas,Western Michigan,0.0,0.043478260869565216,0.09090909090909091,0.625
1565,5583,Muhammed Conteh,Western Michigan,0.0,1.0,0.0,0.0
1566,5595,Ameer Ali,Morgan St.,1.0,0.48148148148148145,0.16666666666666666,0.0
1567,5596,Michael Palarca,South Dakota St.,0.0,0.06666666666666667,0.1111111111111111,0.1111111111111111
1568,5612,Al-Farouq Aminu,Wake Forest,0.6739130434782609,0.44642857142857145,0.2972972972972973,0.9444444444444444
1569,5613,Larry Bastfield,Toledo,0.0,0.2903225806451613,0.42857142857142855,1.0
1570,5616,Ty Walker,Wake Forest,0.0,0.0,0.5,0.0
1571,5617,Griffan Callahan,South Dakota St.,0.0,0.4375,0.0,1.0
1572,5631,Javon Parris,Marist,0.0,0.11764705882352941,0.0,1.0
1573,5632,E.J. Kusnyer,Mercer,0.0,0.3333333333333333,0.6666666666666666,0.9473684210526315
1574,5660,Cardell McFarland,Missouri St.,0.0,0.6666666666666666,0.4,0.0
1575,5683,Tramayne Moorer,Alabama St.,0.7,0.5909090909090909,0.5161290322580645,0.8571428571428571
1576,5702,Antoine Young,Creighton,0.0,0.11764705882352941,0.0,1.0
1577,5703,Delvon Roe,Michigan St.,0.7142857142857143,0.6190476190476191,0.4,0.0
1578,5704,Terrence Jennings,Louisville,0.7391304347826086,0.6,0.5625,0.0
1579,5705,Kyle Kuric,Louisville,0.9,0.6666666666666666,1.0,1.0
1580,5706,Sean Mosley,Maryland,0.4,0.45098039215686275,0.4358974358974359,1.0
1581,5707,Justin Carter,Creighton,0.0,0.36666666666666664,0.21739130434782608,0.9523809523809523
1582,5708,Samardo Samuels,Louisville,0.9714285714285714,0.6904761904761905,0.38,0.0
1583,5710,Russell Graham,New Hampshire,0.0,0.13333333333333333,0.07142857142857142,0.8
1584,5711,Brian Benson,New Hampshire,1.0,0.5333333333333333,0.5,1.0
1585,5715,Bakari Smith,UMBC,0.0,0.5,0.75,0.0
1586,5736,Michael Griffin,Prairie View A&M,0.0,0.23809523809523808,0.09090909090909091,0.6410256410256411
1587,5737,Alex Richman,Prairie View A&M,0.0,0.0,0.0,0.8333333333333334
1588,5738,Tim Meadows,Prairie View A&M,0.0,0.6666666666666666,0.3,0.9583333333333334
1589,5739,Darnell Hugee,Prairie View A&M,0.7441860465116279,0.6375,0.30303030303030304,1.0
1590,5759,Brant Leitnaker,Indiana St.,1.0,0.5909090909090909,0.3333333333333333,0.0
1591,5774,Josiah Whitehead,Robert Morris,1.0,0.4090909090909091,0.84,0.0
1592,5776,Nick Petkovich,Lafayette,0.0,0.0,1.0,1.0
1593,5777,Ryan Willen,Lafayette,0.6666666666666666,0.5106382978723404,0.2702702702702703,0.8723404255319149
1594,5780,Andrew Rogers,Maine,0.0,0.18181818181818182,0.0,0.3333333333333333
1595,5782,Josh Bonney,UTSA,0.75,0.7272727272727273,0.6,0.0
1596,5786,Richie Frohlich,UTSA,0.0,0.6666666666666666,0.42857142857142855,0.0
1597,5787,Assane Sene,Virginia,1.0,0.6666666666666666,0.0,0.0
1598,5788,Sylven Landesberg,Virginia,0.5,0.2702702702702703,0.4927536231884058,0.8260869565217391
1599,5793,Jared Quayle,Utah St.,0.0,0.25,0.29545454545454547,0.9076923076923077
1600,5794,Brady Jardine,Utah St.,0.46153846153846156,0.532258064516129,0.55,0.0
1601,5808,Scott Thomas,Bowling Green,0.3333333333333333,0.4482758620689655,0.4883720930232558,1.0
1602,5811,Zach Saylor,Central Michigan,0.0,0.0,0.0,0.0
1603,5814,Antonio Weary,Central Michigan,0.5,0.5142857142857142,0.0,1.0
1604,5815,Antonio Green,Eastern Michigan,0.0,0.2727272727272727,0.14285714285714285,0.8571428571428571
1605,5831,Royal Edwards,Pacific,0.0,0.0,0.5,0.9
1606,5832,Lavar Neufville,Pacific,0.0,0.05263157894736842,0.0,0.8888888888888888
1607,5839,Casey Crawford,Colorado,1.0,0.75,0.6666666666666666,1.0
1608,5840,Anthony Gurley,Massachusetts,0.5,0.2714285714285714,0.2222222222222222,0.7894736842105263
1609,5853,Matthew Wilson,American,0.0,0.3,1.0,0.0
1610,5871,Tom Neary,Loyola Chicago,0.0,0.0,0.0,0.0
1611,5874,Sammy Schafer,Air Force,0.0,0.5,1.0,0.0
1612,5875,Taylor Stewart,Air Force,0.0,0.45454545454545453,0.6666666666666666,1.0
1613,5876,Garrett Stutz,Wichita St.,0.8235294117647058,0.6351351351351351,0.5882352941176471,1.0
1614,5878,Shawn Hempsey,Air Force,0.0,0.5,0.0,1.0
1615,5879,Vincent Cordell,Cal St. Northridge,1.0,0.3125,0.4,0.7142857142857143
1616,5883,Antwan Carter,Longwood,1.0,0.6747967479674797,0.42105263157894735,1.0
1617,5892,Ricky McPhee,Georgia,0.0,0.3157894736842105,0.0,0.859375
1618,5893,Kyle Weems,Missouri St.,0.6666666666666666,0.6511627906976745,0.5230769230769231,0.9861111111111112
1619,5896,Darrion Pellum,Hampton,0.6428571428571429,0.4482758620689655,0.375,0.8372093023255814
1620,5903,Paul George,Fresno St.,0.3888888888888889,0.32857142857142857,0.4090909090909091,0.8620689655172413
1621,5904,Brandon Sperling,Fresno St.,1.0,0.36363636363636365,0.0,1.0
1622,5905,Anthony Tucker,Iowa,0.0,0.375,0.0,0.8
1623,5906,Matt Gatens,Iowa,0.75,0.3125,0.2,0.7068965517241379
1624,5907,Andrew Brommer,Iowa,1.0,0.6666666666666666,1.0,0.0
1625,5922,Sean Kowal,Northern Illinois,0.8,0.7123287671232876,0.7037037037037037,1.0
1626,5927,Steven Gambles,Indiana,0.0,0.0,0.0,0.0
1627,5939,Chris Kaba,Northern Colorado,0.7272727272727273,0.5,0.2857142857142857,0.9615384615384616
1628,5943,Darren Moore,UC Irvine,0.3333333333333333,0.2894736842105263,0.4074074074074074,0.926829268292683
1629,5969,Jermel Jenkins,Iona,0.0,0.2857142857142857,0.08333333333333333,0.8611111111111112
1630,5970,Robert Glenn,IU Indy,0.6976744186046512,0.5544554455445545,0.5135135135135135,0.8
1631,5972,Alex Young,IU Indy,0.5,0.4065040650406504,0.2972972972972973,0.855072463768116
1632,5975,Anthony Williams,IU Indy,0.0,1.0,1.0,0.0
1633,5996,Bassey Inameti,Tennessee Tech,1.0,0.5,0.4090909090909091,0.0
1634,6006,Brett McClanahan,Akron,0.0,0.3333333333333333,0.5,0.8846153846153846
1635,6008,Nikola Cvetinovic,Akron,0.8,0.36585365853658536,0.3333333333333333,1.0
1636,6009,Novar Gadson,Rider,0.2,0.3088235294117647,0.4,0.9393939393939394
1637,6010,Brandon Penn,Rider,1.0,0.6842105263157895,0.4,0.9583333333333334
1638,6011,Jermaine Jackson,Rider,1.0,0.5714285714285714,0.5,0.0
1639,6012,Anthony Winbush,Loyola MD,0.8571428571428571,0.6764705882352942,0.2727272727272727,1.0
1640,6016,Bilal Benn,Niagara,0.0,0.3157894736842105,0.25,0.7272727272727273
1641,6017,Marcus Johnson,USC,0.36363636363636365,0.21951219512195122,0.3617021276595745,0.9090909090909091
1642,6046,Chris Martin,Wagner,0.0,0.4,0.35714285714285715,0.8947368421052632
1643,6047,Tyler Murray,Wagner,0.0,0.3125,0.20833333333333334,0.782608695652174
1644,6060,Benny Valentine,Eastern Washington,0.0,0.45454545454545453,0.3157894736842105,0.75
1645,6068,Bo Holston,The Citadel,0.0,0.1111111111111111,0.6666666666666666,1.0
1646,6070,Michael Harper,Coppin St.,0.2,0.20833333333333334,0.18181818181818182,0.8518518518518519
1647,6071,Dexter Moore,Coastal Carolina,0.0,0.375,0.0,1.0
1648,6072,Mario Edwards,Coastal Carolina,0.7142857142857143,0.5454545454545454,0.25,0.8301886792452831
1649,6086,Oliver Lewinson,Duquesne,0.0,0.6666666666666666,0.0,0.0
1650,6089,Kevin Ford,Oral Roberts,0.813953488372093,0.591304347826087,0.4,0.0
1651,6095,Jeff Alston,George Washington,0.0,0.0,0.0,0.0
1652,6096,Tony Taylor,George Washington,0.0,0.3055555555555556,0.18181818181818182,0.631578947368421
1653,6097,Chase Robinson,Duquesne,0.0,0.0,0.0,1.0
1654,6100,Rodrigo Peggau,Duquesne,1.0,0.8,0.75,0.0
1655,6102,B.J. Monteiro,Duquesne,0.5714285714285714,0.5443037974683544,0.4827586206896552,1.0
1656,6103,Melquan Bolding,Duquesne,0.7142857142857143,0.425531914893617,0.4,0.9411764705882353
1657,6104,Eric Evans,Duquesne,0.0,0.2962962962962963,0.1111111111111111,0.6818181818181818
1658,6121,Luke Babbitt,Nevada,0.9166666666666666,0.4444444444444444,0.3053435114503817,0.8095238095238095
1659,6122,Jamie Jones,Portland St.,1.0,0.6307692307692307,0.34579439252336447,0.0
1660,6130,Lee Hall,Northern Colorado,0.0,0.0,1.0,0.0
1661,6131,Dario Hunt,Nevada,0.7692307692307693,0.5416666666666666,0.29411764705882354,0.0
1662,6155,Jimmy Nolan,George Mason,0.0,0.0,0.0,0.0
1663,6156,Matei Daian,Stanford,0.0,0.4166666666666667,0.0,0.0
1664,6157,Ryan Pearson,George Mason,0.6,0.43333333333333335,0.25925925925925924,0.9285714285714286
1665,6158,Nick Barbour,High Point,0.0,0.20454545454545456,0.1956521739130435,0.75
1666,6160,Garland Judkins,Arizona,0.0,1.0,0.0,1.0
1667,6161,D.J. Shumpert,Arizona,0.0,0.0,0.0,0.0
1668,6177,Jesse Carr,Colorado St.,0.0,1.0,0.0,0.0
1669,6179,Oscar Bellfield,UNLV,1.0,0.3333333333333333,0.2,0.8125
1670,6181,Brice Massamba,UNLV,0.0,0.6415094339622641,0.4,0.0
1671,6182,Travis Franklin,Colorado St.,0.6,0.3333333333333333,0.07142857142857142,0.0
1672,6183,Kevin Tarca,Quinnipiac,0.0,0.0,0.0,1.0
1673,6186,Augustus Gilchrist,South Florida,0.7692307692307693,0.4722222222222222,0.45161290322580644,0.7692307692307693
1674,6188,Alex Rivas,South Florida,0.0,0.75,0.0,0.0
1675,6189,Quincy Roberts,St. John's,0.0,1.0,0.5,0.0
1676,6201,Wally Dunn,Texas Tech,0.0,1.0,1.0,1.0
1677,6202,Tomasz Kokosinski,Rutgers,0.0,0.0,0.0,0.0
1678,6204,Frank Ben-Eze,Davidson,1.0,0.625,0.4,0.0
1679,6215,Chris Wroblewski,Cornell,0.0,0.35,0.3,0.86
1680,6216,Dallas Blocker,Youngstown St.,0.0,0.6956521739130435,0.5384615384615384,0.0
1681,6219,Max Kenyi,Harvard,0.0,0.1,0.25,0.8333333333333334
1682,6241,Antonio Gilkey,Eastern Kentucky,0.0,0.0,0.0,0.0
1683,6243,Lex Mongo,Massachusetts,0.0,0.0,0.0,0.0
1684,6261,JeJuan Brown,Arkansas St.,0.7142857142857143,0.59375,0.36363636363636365,0.8333333333333334
1685,6272,Kelvin Martin,Charleston Southern,0.5185185185185185,0.36893203883495146,0.21052631578947367,0.0
1686,6274,David Chavarria,UC Riverside,1.0,0.7333333333333333,0.6666666666666666,0.0
1687,6275,Rudy Meo,UC Riverside,0.0,0.0,0.0,0.7916666666666666
1688,6278,Matt Sundberg,Charleston,0.0,0.8,0.6,0.95
1689,6279,Quasim Pugh,Charleston,0.0,0.0,0.0,0.0
1690,6281,Brandon Reese,Syracuse,0.0,1.0,0.0,1.0
1691,6283,Jawaan Wright,Loyola MD,1.0,0.5238095238095238,0.3333333333333333,0.0
1692,6285,Israel Kirk,Southeast Missouri St.,0.0,0.2,0.0,0.0
1693,6291,Jacques Streeter,Cal St. Fullerton,0.0,0.03333333333333333,0.15625,0.7021276595744681
1694,6292,Papa Guisse,Cal St. Fullerton,0.0,0.0,1.0,0.0
1695,6295,Ray Miller,Cal St. Fullerton,0.0,0.75,0.0,0.0
1696,6296,Eugene Blue,Detroit Mercy,1.0,0.7073170731707317,0.8,0.0
1697,6297,Jordan Fee,Detroit Mercy,0.0,0.0,1.0,1.0
1698,6299,Tommie Tyler,Western Illinois,0.5,0.45,0.0,0.8333333333333334
1699,6300,Brian Stafford,Denver,0.0,0.4864864864864865,0.3,0.9411764705882353
1700,6302,Quenton Kirby,Western Illinois,1.0,0.16279069767441862,0.2916666666666667,1.0
1701,6305,Dustin Dibble,UMKC,0.0,0.7142857142857143,0.3333333333333333,1.0
1702,6309,Bubba Chisholm,Illinois,0.0,0.0,0.0,1.0
1703,6331,Kelvin Bright,Youngstown St.,0.8,0.4576271186440678,0.21621621621621623,0.8888888888888888
1704,6341,Scotty McRae,Albany,0.6666666666666666,0.391304347826087,0.375,1.0
1705,6345,Joe Trapani,Boston College,0.7692307692307693,0.7083333333333334,0.7741935483870968,0.9803921568627451
1706,6352,Theo Robertson,California,1.0,0.4,0.4375,0.8541666666666666
1707,6370,Luka Mirkovic,Northwestern,0.0,0.7746478873239436,0.2727272727272727,1.0
1708,6375,Abe Lodwick,Washington St.,0.0,0.14285714285714285,0.4,1.0
1709,6376,Charlie Enquist,Washington St.,1.0,0.5,1.0,0.0
1710,6381,Daniel Watts,Elon,1.0,0.5,0.6,0.0
1711,6382,Jeb Brannen,Georgia Southern,0.0,1.0,0.0,0.0
1712,6406,Joe Richard,Tulsa,0.6666666666666666,0.5416666666666666,0.47619047619047616,0.0
1713,6407,Colter Morgan,Tulsa,0.0,1.0,0.0,0.0
1714,6411,Will Sanger,Tulsa,0.0,0.0,0.0,1.0
1715,6426,Sylvester Seay,Fresno St.,0.8823529411764706,0.5394736842105263,0.4074074074074074,0.9428571428571428
1716,6430,Jourdan Morris,High Point,1.0,0.7857142857142857,0.5333333333333333,1.0
1717,6467,Terrell Kennedy,Arkansas Pine Bluff,0.0,0.5714285714285714,1.0,1.0
1718,6472,Antoni Lasker,Arkansas Pine Bluff,0.0,1.0,0.0,0.0
1719,6475,Hugh Barnett,Arkansas Pine Bluff,0.0,0.4,0.0,0.0
1720,6476,Lebaron Weathers,Arkansas Pine Bluff,0.8571428571428571,0.5454545454545454,0.5087719298245614,0.9333333333333333
1721,6479,Leslie Jackson,UTSA,0.0,0.5,0.7272727272727273,1.0
1722,6485,Ramone Moore,Temple,0.6666666666666666,0.5294117647058824,0.42857142857142855,0.8
1723,6496,Maurice Joseph,Vermont,0.5,0.5,0.6,0.922077922077922
1724,6499,Michael Schulze,Boston University,0.0,0.0,0.0,0.0
1725,6503,Richard Clark,St. Francis NY,0.0,1.0,0.0,1.0
1726,6505,Tyler Hines,Maryland Eastern Shore,0.0,0.5434782608695652,0.25,0.0
1727,6507,Nigel Byam,St. Francis NY,0.0,0.375,0.5,1.0
1728,6508,Neal Pitt,Maryland Eastern Shore,0.0,0.3783783783783784,0.5357142857142857,1.0
1729,6521,Marvin Jefferson,Idaho,0.8372093023255814,0.6263736263736264,0.47368421052631576,0.0
1730,6524,La'Shard Anderson,Boise St.,0.0,0.42105263157894735,0.07894736842105263,0.8214285714285714
1731,6525,Brandon Wiley,Idaho,0.0,0.3333333333333333,0.0,0.0
1732,6536,Tijan Jobe,Indiana,0.0,1.0,0.0,0.0
1733,6546,Wil Peters,Tennessee St.,0.0,0.29411764705882354,0.0,0.9285714285714286
1734,6547,Reuben Clayton,Tennessee Martin,0.6666666666666666,0.34146341463414637,0.1111111111111111,0.8064516129032258
1735,6549,Stefan Perunicic,St. Francis NY,0.0,0.35714285714285715,0.16666666666666666,0.85
1736,6550,Rob Belcore,Penn,0.0,0.5,0.4,0.9629629629629629
1737,6552,Mike Howlett,Penn,0.0,0.5357142857142857,0.6666666666666666,1.0
1738,6563,Michael Teller,Lipscomb,0.0,0.6363636363636364,0.5454545454545454,0.90625
1739,6564,Justin Haynes,SMU,0.7777777777777778,0.5135135135135135,0.4117647058823529,1.0
1740,6566,Dominique Keller,Illinois,0.5714285714285714,0.5714285714285714,0.5,0.8
1741,6567,LaShun Watson,South Alabama,0.6666666666666666,0.5,0.36363636363636365,0.75
1742,6569,Bryan Sherrer,South Alabama,0.0,0.2692307692307692,0.2692307692307692,0.9333333333333333
1743,6579,Christopher Tolson,Hampton,0.0,0.26666666666666666,0.0,0.8181818181818182
1744,6587,John Taubeneck,St. John's,0.0,0.0,0.0,0.0
1745,6588,Charlie Mills,Holy Cross,0.0,0.0,0.0,0.0
1746,6590,DeAngelo Jackson,UNC Greensboro,0.0,0.0,0.0,0.0
1747,6593,Gustavo Lino,Southern Miss,0.0,0.0,1.0,0.0
1748,6602,Sean Thomas,Morgan St.,0.0,0.25,0.5357142857142857,1.0
1749,6604,Rashad Reed,Indiana St.,0.0,0.125,0.1,0.4909090909090909
1750,6605,Carl Richard,Indiana St.,0.6,0.45714285714285713,0.2894736842105263,1.0
1751,6613,Mouhammad Faye,SMU,0.8,0.525,0.18181818181818182,0.9655172413793104
1752,6630,Brooks Godwin,Wake Forest,0.0,0.0,0.0,0.0
1753,6655,Milade Lola-Charles,Hampton,0.875,0.6666666666666666,0.5,0.0
1754,6667,Cyrus McGowan,Miami FL,1.0,0.7894736842105263,0.5555555555555556,0.6666666666666666
1755,6668,Sean McCurdy,William & Mary,0.0,0.21052631578947367,0.2,0.8333333333333334
1756,6689,Javarris Barnett,Charlotte,0.0,0.0,1.0,0.9166666666666666
1757,6691,Ryan McCoy,Louisiana,0.0,0.375,0.16666666666666666,0.6
1758,6695,Greg Smith,Delaware St.,0.0,1.0,0.8275862068965517,1.0
1759,6696,Gordon Hayward,Butler,0.631578947368421,0.5393258426966292,0.38235294117647056,0.9534883720930233
1760,6697,Garrett Butcher,Butler,0.0,0.6666666666666666,0.5,1.0
1761,6698,Shelvin Mack,Butler,0.0,0.208955223880597,0.04081632653061224,0.6197183098591549
1762,6714,Jonny Rice,Belmont,0.0,0.5,0.5,1.0
1763,6719,Keion Bell,Pepperdine,0.47058823529411764,0.17582417582417584,0.0,0.75
1764,6721,Angelo Caloiaro,San Francisco,0.0,0.34782608695652173,0.3333333333333333,0.8775510204081632
1765,6722,Taylor Darby,Pepperdine,1.0,0.7272727272727273,0.35294117647058826,0.0
1766,6723,Corbin Moore,Pepperdine,0.0,0.3684210526315789,0.8666666666666667,0.0
1767,6725,Kwame Vaughn,San Francisco,0.0,0.16981132075471697,0.2413793103448276,0.8235294117647058
1768,6732,Probese Leo,Bucknell,0.0,0.0,0.0,0.0
1769,6755,Andrew Ott,Penn St.,0.75,0.53125,1.0,0.0
1770,6759,Will Campbell,Monmouth,0.0,0.36666666666666664,0.47368421052631576,0.9318181818181818
1771,6760,Troy Smith,Morgan St.,0.0,0.3888888888888889,0.4090909090909091,0.9090909090909091
1772,6762,Mike Harvey,Mount St. Mary's,0.0,0.0,1.0,1.0
1773,6771,Kwadzo Ahelegbe,Northern Iowa,0.0,0.11764705882352941,0.13559322033898305,0.625
1774,6773,Erving Walker,Florida,0.0,0.23076923076923078,0.0,0.5074626865671642
1775,6776,Yancy Gates,Cincinnati,0.7837837837837838,0.6181818181818182,0.4772727272727273,0.0
1776,6777,Edvinas Ruzgas,TCU,1.0,0.6923076923076923,0.8461538461538461,0.9629629629629629
1777,6780,Mike Rosario,Rutgers,1.0,0.3269230769230769,0.3469387755102041,0.7972972972972973
1778,6781,Dion Dixon,Cincinnati,0.5,0.34615384615384615,0.42857142857142855,0.9285714285714286
1779,6782,Steve Toyloy,Cincinnati,0.6666666666666666,0.6944444444444444,0.3333333333333333,0.0
1780,6786,Tom Parks,Youngstown St.,0.0,0.0,0.0,0.8
1781,6790,Tyrone Caldwell,Austin Peay,0.0,0.11764705882352941,0.125,0.7142857142857143
1782,6796,Jon Miller,UT Arlington,0.0,0.0,1.0,1.0
1783,6797,J.D. Davis,UT Arlington,1.0,0.4857142857142857,1.0,0.0
1784,6799,Daniel Bryant,Arkansas St.,0.0,0.15384615384615385,0.125,0.7
1785,6800,Daman Starring,Centenary,0.5,0.23684210526315788,0.30434782608695654,0.9
1786,6808,Ed Davis,North Carolina,0.8461538461538461,0.6904761904761905,0.6557377049180327,0.0
1787,6811,Sam Coleman,Coppin St.,0.7142857142857143,0.4888888888888889,0.5294117647058824,1.0
1788,6815,Steven Coleman,Ohio,0.0,0.375,0.3333333333333333,0.8333333333333334
1789,6816,Owen Wignot,Siena,0.0,0.2857142857142857,0.6,1.0
1790,6817,Kyle Downey,Siena,0.0,0.6666666666666666,0.46153846153846156,1.0
1791,6819,Ryan Olander,Fairfield,0.8,0.6923076923076923,0.7692307692307693,1.0
1792,6820,Kene Anusionwu,Bethune Cookman,0.0,0.0,0.5,0.0
1793,6821,Tyrel Adams,Bethune Cookman,0.0,0.5833333333333334,0.5,0.0
1794,6835,Joe Harden,UC Davis,0.42857142857142855,0.6071428571428571,0.43478260869565216,0.5
1795,6851,Kevin Clark,St. John's,0.0,0.0,1.0,0.0
1796,6870,Jorge Gutierrez,California,0.3333333333333333,0.48148148148148145,0.3,1.0
1797,6873,Jarrel Smith,Towson,0.0,0.1875,0.45454545454545453,0.7407407407407407
1798,6874,Jimmy Smith,Towson,0.0,0.0,0.0,1.0
1799,6881,Aaron Smith,Stephen F. Austin,0.0,0.0,0.5,1.0
1800,6899,Dynile Forbes,Louisiana Monroe,0.625,0.28888888888888886,0.2,0.875
1801,6903,J.C. Otero,FIU,0.0,0.5538461538461539,0.08333333333333333,0.9
1802,6905,Kamil Svrdlik,Fairleigh Dickinson,1.0,0.37777777777777777,0.4666666666666667,1.0
1803,6906,Sam Fernley,Fairleigh Dickinson,0.0,0.0,0.0,1.0
1804,6917,Samer Madarani,Delaware,0.0,0.0,0.0,0.0
1805,6923,Reggie Jackson,Boston College,0.36363636363636365,0.25,0.12195121951219512,0.53125
1806,6924,Evan Ravenel,Boston College,0.7142857142857143,0.5,0.5714285714285714,0.0
1807,6925,Dallas Elmore,Boston College,0.6666666666666666,0.48148148148148145,0.5714285714285714,0.0
1808,6926,Justin Watts,North Carolina,0.75,0.6,0.8,1.0
1809,6927,Tyler Zeller,North Carolina,0.5833333333333334,0.5806451612903226,0.6206896551724138,0.0
1810,6928,Victor Davila,Virginia Tech,0.6875,0.5636363636363636,0.5294117647058824,0.0
1811,6970,Darryl Felder,UNC Wilmington,0.0,0.16666666666666666,0.25,0.9166666666666666
1812,6996,Anson Bartlett,Louisiana Tech,0.0,0.375,1.0,0.0
1813,6999,Kelly Merker,New Mexico St.,1.0,0.6666666666666666,0.75,0.0
1814,7000,Hernst Laroche,New Mexico St.,0.0,0.18518518518518517,0.2,0.9130434782608695
1815,7001,Willie Reed,Saint Louis,0.7037037037037037,0.578125,0.6341463414634146,0.0
1816,7005,Kenny Frease,Xavier,0.9285714285714286,0.6521739130434783,0.7333333333333333,0.0
1817,7008,Brad Redford,Xavier,0.0,1.0,0.5,0.9375
1818,7012,Anthony Thompson,Bradley,1.0,0.75,0.7142857142857143,0.0
1819,7025,Dave Barnett,Buffalo,0.0,0.45454545454545453,0.8571428571428571,1.0
1820,7032,Antonio Flaggs,Sacramento St.,0.0,0.23076923076923078,0.25,0.9714285714285714
1821,7034,Mike Marcial,Sacramento St.,0.0,0.5,0.75,0.9285714285714286
1822,7037,Jared Stigall,Sacramento St.,0.0,0.0,0.0,0.8888888888888888
1823,7039,Michael Selling,Sacramento St.,0.0,0.2727272727272727,0.64,1.0
1824,7041,Mick Hedgepeth,Belmont,0.0,0.6633663366336634,0.5,1.0
1825,7043,William Kossangue,Campbell,0.0,0.4090909090909091,0.2777777777777778,0.875
1826,7044,Amir Celestin,Campbell,0.0,0.18181818181818182,0.08333333333333333,1.0
1827,7047,Miles Taylor,Campbell,1.0,0.7027027027027027,0.3888888888888889,0.0
1828,7070,Phil Nelson,Portland St.,0.875,0.5714285714285714,0.05263157894736842,0.9130434782608695
1829,7072,Isacc Miles,Murray St.,0.0,0.46808510638297873,0.07692307692307693,0.8
1830,7078,Joe Latas,Cleveland St.,1.0,0.5,1.0,0.0
1831,7084,Darnell Gatling,Seton Hall,0.0,0.0,0.0,0.0
1832,7087,Enrico Kufuor,N.C. State,0.0,0.0,0.0,0.0
1833,7108,LaMont Russell,Southeast Missouri St.,0.0,0.38461538461538464,0.16666666666666666,0.0
1834,7111,Jeremiah Crutcher,Tennessee St.,0.0,0.4,0.12121212121212122,0.631578947368421
1835,7112,Lonnie Funderburke,Tennessee St.,0.8571428571428571,0.5714285714285714,0.0,0.0
1836,7113,Greg Holley,Tennessee St.,0.0,0.0,0.0,1.0
1837,7118,Devan Dumes,Indiana,0.0,0.25,0.05263157894736842,0.8709677419354839
1838,7132,Ike Okoye,Boise St.,0.8333333333333334,0.6867469879518072,0.5581395348837209,0.0
1839,7140,David Booker,Tulane,0.0,0.6410256410256411,0.25,0.9444444444444444
1840,7149,Ben Felix,Northeastern,0.0,0.0,0.0,0.0
1841,7159,Chris Baskerville,Central Connecticut,1.0,0.625,0.0,0.0
1842,7160,Robby Ptacek,Central Connecticut,0.0,0.14705882352941177,0.2857142857142857,0.6111111111111112
1843,7164,Corey Anthony,Alcorn St.,0.0,0.18181818181818182,0.5,0.5714285714285714
1844,7165,Brandon Rogers,Alcorn St.,0.0,0.16,0.21428571428571427,0.7272727272727273
1845,7184,Mark Dunn,Eastern Washington,0.0,0.5,0.6304347826086957,0.9615384615384616
1846,7189,Iman Shumpert,Georgia Tech,0.4,0.23529411764705882,0.034482758620689655,0.4594594594594595
1847,7190,Chris Singleton,Florida St.,0.6,0.35,0.3181818181818182,0.8285714285714286
1848,7191,DeQuan Jones,Miami FL,0.6,0.5,0.41935483870967744,1.0
1849,7194,Deividas Dulkys,Florida St.,0.0,0.4,0.375,0.8873239436619719
1850,7198,C.J. Williams,N.C. State,1.0,0.4827586206896552,0.5909090909090909,1.0
1851,7203,Mookie Jones,Syracuse,0.5,0.42857142857142855,0.0,0.8421052631578947
1852,7226,Darryl Bryant,West Virginia,0.0,0.16666666666666666,0.24,0.875
1853,7227,Josh Harrellson,Kentucky,0.0,0.5,0.6666666666666666,1.0
1854,7228,DeAndre Liggins,Kentucky,0.0,0.4666666666666667,0.7142857142857143,0.9285714285714286
1855,7229,Darius Miller,Kentucky,0.3333333333333333,0.3333333333333333,0.1,0.9767441860465116
1856,7231,Taylor Luczak,Mississippi St.,0.0,0.0,0.0,0.0
1857,7233,Dee Bost,Mississippi St.,0.25,0.1111111111111111,0.13043478260869565,0.6
1858,7235,Victor Ojeleye,Kansas St.,0.0,1.0,0.75,0.0
1859,7238,Nick Evans,Southern Illinois,1.0,0.9,0.5,0.0
1860,7249,Andre Williamson,Appalachian St.,0.8,0.5862068965517241,0.44,0.0
1861,7250,Ty Patterson,Chattanooga,0.5,0.5128205128205128,0.0,0.8888888888888888
1862,7251,Chris Early,Chattanooga,1.0,0.6666666666666666,0.42857142857142855,1.0
1863,7253,Renaldo Woolridge,Tennessee,0.6666666666666666,0.5,0.5,1.0
1864,7254,Josh Hunter,Appalachian St.,0.0,0.5409836065573771,0.2,1.0
1865,7255,Marcus Wright,Appalachian St.,1.0,0.34782608695652173,0.2916666666666667,0.7142857142857143
1866,7258,Brandon Fortenberry,Southeastern Louisiana,0.0,0.21875,0.16666666666666666,0.5652173913043478
1867,7259,Robert Tibbs,Southeastern Louisiana,1.0,0.5,0.25,0.875
1868,7260,Stephen Burches,Southeastern Louisiana,0.0,0.4,1.0,0.0
1869,7261,DeShawn Patterson,Southeastern Louisiana,0.6666666666666666,0.44,0.13333333333333333,0.8333333333333334
1870,7263,Kaylin Johnson,Samford,0.0,0.32,0.0,0.85
1871,7264,Jeffrey Merritt,Samford,0.0,0.5945945945945946,0.14285714285714285,1.0
1872,7265,John Peterson,Samford,0.0,0.46153846153846156,0.0,1.0
1873,7266,Chris Turner,East Carolina,0.0,1.0,0.0,0.625
1874,7267,Darrius Morrow,East Carolina,1.0,0.6136363636363636,0.4,0.0
1875,7268,Johnnie Lett,Auburn,0.5,0.3684210526315789,0.0,0.0
1876,7269,Brendon Knox,Auburn,0.8518518518518519,0.6153846153846154,0.3076923076923077,0.0
1877,7271,Casper Ware,Long Beach St.,0.0,0.1282051282051282,0.07407407407407407,0.64
1878,7272,Larry Anderson,Long Beach St.,0.625,0.5633802816901409,0.2571428571428571,0.8181818181818182
1879,7274,T.J. Robinson,Long Beach St.,0.75,0.5528455284552846,0.3064516129032258,0.0
1880,7275,Terrance Saintil,VCU,0.5,0.5416666666666666,0.25,0.0
1881,7276,Tay Waller,Auburn,0.8,0.7307692307692307,0.12,0.8192771084337349
1882,7278,Bradford Burgess,VCU,1.0,0.6142857142857143,0.6190476190476191,0.926829268292683
1883,7336,Daniel Emerson,Mercer,0.9375,0.6548672566371682,0.18181818181818182,0.7857142857142857
1884,7345,Lawrence Gilbert,Louisiana Monroe,0.3333333333333333,0.46153846153846156,0.2777777777777778,0.8723404255319149
1885,7358,Daniel Mitchell,Radford,0.0,0.0,0.0,0.0
1886,7360,Mike Proctor,Northern Colorado,0.7142857142857143,0.5,0.41025641025641024,0.0
1887,7361,Ryan Kardok,South Florida,0.0,0.0,0.0,1.0
1888,7363,Geoff Hogan,Tulane,0.0,0.6666666666666666,1.0,0.0
1889,7365,T.J. Franklin,Oklahoma,0.0,0.0,0.0,0.0
1890,7378,Chris Malcolm,Winthrop,0.8,0.46153846153846156,0.0,0.0
1891,7380,Brian Wright,Lipscomb,0.5,0.6,0.7857142857142857,1.0
1892,7389,Carleton Scott,Notre Dame,0.5333333333333333,0.43333333333333335,0.7894736842105263,1.0
1893,7392,Fred Ellis,Baylor,0.0,0.5,0.3333333333333333,1.0
1894,7404,David Loubeau,Texas A&M,0.6111111111111112,0.5,0.38461538461538464,0.0
1895,7406,Dash Harris,Texas A&M,0.6666666666666666,0.4444444444444444,0.0,0.6842105263157895
1896,7409,Willie Warren,Oklahoma,1.0,0.20408163265306123,0.07407407407407407,0.6
1897,7428,Jarvis Hill,Louisiana Monroe,0.0,0.4,0.16666666666666666,0.9
1898,7448,Terence Grier,Fairleigh Dickinson,0.7,0.6306306306306306,0.0,1.0
1899,7461,Jaxon Myaer,Utah St.,0.0,0.5,0.375,0.7777777777777778
1900,7463,Michael Sanchez,Arkansas,0.0,0.3333333333333333,0.0,0.0
1901,7467,Demarco Stepter,UTSA,0.0,0.47058823529411764,0.5625,1.0
1902,7468,M.J. Brown,Tennessee Martin,0.0,0.15,0.24,0.625
1903,7470,Yannick Crowder,Florida A&M,0.8,0.36,0.15151515151515152,0.0
1904,7471,Calvin Thompson,Howard,0.0,0.14893617021276595,0.1702127659574468,0.75
1905,7472,Cecil Bent,Florida A&M,0.0,0.5,0.4,0.0
1906,7473,Terry Fields,UTSA,0.4444444444444444,0.4406779661016949,0.5428571428571428,1.0
1907,7477,Chris Allen,UTSA,0.0,0.25,0.0,0.6666666666666666
1908,7478,Glen Izevbigie,Savannah St.,0.0,0.8571428571428571,0.0,0.0
1909,7479,Jason Dawson,Wofford,0.0,0.0,0.0,0.6363636363636364
1910,7480,Matt Steelman,Wofford,0.0,0.0,0.0,0.0
1911,7481,Kevin Giltner,Wofford,1.0,0.6,0.0,1.0
1912,7482,Brad Loesing,Wofford,0.0,0.25,0.3888888888888889,1.0
1913,7483,Joseph Tecklenburg,Wofford,0.0,1.0,0.0,0.0
1914,7486,Bryan Dougher,Stony Brook,0.0,0.22857142857142856,0.06666666666666667,0.8829787234042553
1915,7487,Jack Hill,Saint Peter's,0.0,0.7142857142857143,0.0,0.0
1916,7488,Danny Carter,Stony Brook,1.0,0.6666666666666666,0.3333333333333333,1.0
1917,7490,Muhammad El-Amin,Stony Brook,0.5,0.3125,0.1267605633802817,0.7407407407407407
1918,7492,Dallis Joyner,Stony Brook,0.7727272727272727,0.56,0.4090909090909091,0.0
1919,7506,Nick Hansen,Weber St.,0.0,0.375,1.0,0.9710144927536232
1920,7509,Antonio Hanson,Georgia Southern,0.0,0.125,0.5135135135135135,0.9148936170212766
1921,7523,Artsiom Parakhouski,Radford,0.926829268292683,0.7666666666666667,0.7073170731707317,1.0
1922,7526,Quinard Jackson,UNC Asheville,0.0,0.76,0.375,0.0
1923,7527,J.P. Primm,UNC Asheville,0.6666666666666666,0.34782608695652173,0.28,0.675
1924,7528,Cammeron Woodyard,Penn St.,0.0,0.25,0.5,1.0
1925,7529,Chris Babb,Penn St.,0.0,0.5,0.4375,0.927536231884058
1926,7536,Devan Bawinkel,Iowa,0.0,0.0,0.0,1.0
1927,7542,Jamel McLean,Xavier,0.6176470588235294,0.5060240963855421,0.6666666666666666,0.0
1928,7573,Denis Clemente,Kansas St.,0.0,0.34615384615384615,0.17391304347826086,0.6162790697674418
1929,7580,Josh Cassaday,South Dakota St.,0.0,0.0,0.5,1.0
1930,7581,Clint Sargent,South Dakota St.,0.0,0.3125,0.4827586206896552,0.7424242424242424
1931,7583,Dale Moss,South Dakota St.,0.4,0.4473684210526316,0.2857142857142857,1.0
1932,7584,Kevin Thompson,Morgan St.,1.0,0.3900709219858156,0.17777777777777778,0.0
1933,7588,Yahosh Bonner,Northern Colorado,0.0,0.08333333333333333,0.2,0.4583333333333333
1934,7591,Russell Wooten,Villanova,0.0,0.0,0.0,0.0
1935,7594,Krys Faber,DePaul,1.0,0.6956521739130435,0.8333333333333334,0.0
1936,7609,Isiah Brown,East Tennessee St.,0.65,0.45454545454545453,0.1,0.0
1937,7610,Jon Pack,Coastal Carolina,0.0,0.25,0.6666666666666666,0.0
1938,7611,Cole Dewey,Campbell,0.0,1.0,0.0,0.0
1939,7628,Steve Johnson,Duke,0.0,1.0,0.0,0.0
1940,7633,Daniel Moore,Indiana,0.0,0.3333333333333333,0.0,0.5
1941,7635,Kory Barnett,Indiana,0.0,0.0,0.0,0.0
1942,7639,Bill Weaver,Liberty,0.0,0.625,0.0,0.0
1943,7648,George Odufuwa,North Texas,0.8571428571428571,0.5204081632653061,0.4117647058823529,0.0
1944,7676,Shannon Behling,Mississippi Valley St.,0.6666666666666666,0.4576271186440678,0.5,0.9411764705882353
1945,7677,Blake Wallace,San Francisco,0.0,0.0,0.0,1.0
1946,7684,Ken Holdman,Oral Roberts,0.0,0.24390243902439024,0.14285714285714285,1.0
1947,7685,Michael Fletcher,Oral Roberts,0.0,0.0,0.0,1.0
1948,7698,Desmond Adedeji,Stony Brook,1.0,0.7333333333333333,0.0,0.0
1949,7713,Johnny Thomas,N.C. State,0.0,1.0,0.3333333333333333,0.0
1950,7715,Will Brew,UC Santa Barbara,0.0,0.30434782608695654,0.16666666666666666,0.9285714285714286
1951,7716,James Nunnally,UC Santa Barbara,0.5833333333333334,0.48333333333333334,0.4444444444444444,0.8260869565217391
1952,7717,Greg Somogyi,UC Santa Barbara,1.0,0.8571428571428571,0.8,0.0
1953,7722,Luis Valera,UT Rio Grande Valley,0.5882352941176471,0.5205479452054794,0.47619047619047616,0.0
1954,7723,Troy Franklin,Towson,0.0,0.07142857142857142,0.0,0.5714285714285714
1955,7724,Calvin Lee,Towson,0.9230769230769231,0.48333333333333334,0.6285714285714286,0.6666666666666666
1956,7725,Kendrix Brown,William & Mary,0.0,0.6666666666666666,0.0,0.8571428571428571
1957,7726,Quinn McDowell,William & Mary,1.0,0.6875,0.38095238095238093,0.9482758620689655
1958,7728,Mario Stula,DePaul,0.0,0.6666666666666666,1.0,0.8461538461538461
1959,7738,Mike Myers Keitt,Monmouth,1.0,0.35714285714285715,0.4166666666666667,1.0
1960,7747,Anthony Hill,Colgate,0.0,0.0,0.25,0.9545454545454546
1961,7749,Sterling Melville,Colgate,0.75,0.5833333333333334,0.75,0.0
1962,7750,Brett Marfurt,Colgate,0.0,0.5,0.0,1.0
1963,7751,Yaw Gyawu,Colgate,0.7777777777777778,0.5108695652173914,0.5862068965517241,1.0
1964,7752,Nick Pascale,Colgate,1.0,0.7352941176470589,0.2,0.0
1965,7754,Devin Brown,Holy Cross,0.0,0.22857142857142856,0.07692307692307693,0.921875
1966,7755,Jordan Hamilton,Lehigh,1.0,1.0,1.0,1.0
1967,7756,John Adams,Lehigh,0.0,0.375,0.8,1.0
1968,7758,Mike Taylor,Marist,0.0,0.0,0.5,1.0
1969,7759,Trey Hampton,Georgia St.,0.6666666666666666,0.325,0.21428571428571427,0.0
1970,7760,Jacob Warnell,Texas A&M Corpus Chris,0.0,1.0,0.0,0.0
1971,7761,Antwone Matlock,North Texas,0.0,0.0,0.0,1.0
1972,7762,Marquis Young,Chicago St.,0.6666666666666666,0.38461538461538464,0.5,0.0
1973,7770,Robert Nyakundi,SMU,1.0,0.3333333333333333,0.125,0.9565217391304348
1974,7801,Derwin Kitchen,Florida St.,0.0,0.1836734693877551,0.2222222222222222,0.8
1975,7802,Anthony Cordova,South Dakota St.,0.0,0.5245901639344263,0.2564102564102564,0.0
1976,7804,Michael Tveidt,North Dakota St.,0.8,0.6,0.5360824742268041,0.8846153846153846
1977,7805,Garrett Callahan,South Dakota St.,0.0,0.25925925925925924,0.2631578947368421,0.7647058823529411
1978,7807,Kai Williams,South Dakota St.,0.75,0.5102040816326531,0.6774193548387096,0.8518518518518519
1979,7816,Todd Lowenthal,UC Davis,0.0,0.42105263157894735,1.0,1.0
1980,7827,Dante Harvey,Chattanooga,1.0,0.6363636363636364,1.0,1.0
1981,7828,Ricky Taylor,Chattanooga,0.0,0.3939393939393939,0.1,0.8545454545454545
1982,7829,Will Reigel,Davidson,0.0,1.0,0.0,0.0
1983,7830,Zach Kinsley,LSU,1.0,0.2857142857142857,0.4166666666666667,1.0
1984,7836,Steven Idlet,Tulsa,1.0,0.41025641025641024,0.5517241379310345,0.0
1985,7853,Julian Vaughn,Georgetown,0.9166666666666666,0.5833333333333334,0.5882352941176471,1.0
1986,7858,Deividas Busma,Idaho St.,1.0,1.0,0.5714285714285714,0.0
1987,7859,Tyler Webb,Appalachian St.,0.0,0.5,0.75,1.0
1988,7861,Shawn Stockton,Montana,0.0,0.75,1.0,0.0
1989,7862,Vassy Banny,Montana,1.0,0.5,0.3333333333333333,0.0
1990,7863,Anthony Johnson,Montana,1.0,0.1935483870967742,0.06944444444444445,0.3111111111111111
1991,7872,Sherrod Baldwin,Idaho St.,0.0,0.0,0.3333333333333333,1.0
1992,7876,Jawan Carter,Delaware,0.0,0.10416666666666667,0.15789473684210525,0.581081081081081
1993,7920,Hiram Thompson,Hawaii,0.0,0.4375,0.375,0.6829268292682927
1994,7921,Dominic Waters,Portland St.,0.0,0.06382978723404255,0.056338028169014086,0.5151515151515151
1995,7927,McCall Wollman,Southern,0.0,0.0,0.0,0.0
1996,7928,Preston Laird,Memphis,0.0,0.0,0.0,0.0
1997,7935,L.J. Frazier,Eastern Michigan,0.0,0.0,0.0,0.75
1998,7941,Charlie Harper,Lamar,0.42857142857142855,0.3333333333333333,0.7647058823529411,1.0
1999,7943,Amos Studivant,Mississippi Valley St.,0.8333333333333334,0.6111111111111112,0.4666666666666667,0.0
2000,7949,James Eayrs,Milwaukee,0.0,0.3333333333333333,0.5217391304347826,0.9347826086956522
2001,7951,Burleigh Porte,Milwaukee,0.0,1.0,0.0,0.0
2002,7953,Tony Meier,Milwaukee,0.0,0.625,0.16666666666666666,1.0
2003,7967,Kevin Phillip,Drexel,0.8333333333333334,0.4,0.7727272727272727,0.0
2004,7969,Leon Spencer,Drexel,0.8888888888888888,0.7727272727272727,0.625,0.0
2005,7970,Lenny Young,Coppin St.,0.0,0.047619047619047616,0.2,0.75
2006,7971,James Hollowell,Eastern Illinois,1.0,0.6153846153846154,0.7692307692307693,0.0
2007,7976,Ray Shipman,Florida,0.5,0.4782608695652174,0.625,1.0
2008,7977,Kyle McClanahan,Florida,0.0,1.0,0.0,0.0
2009,7978,Jay Smith,Eastern Illinois,0.0,0.5,0.8,0.9333333333333333
2010,7981,Courtney Fortson,Arkansas,0.0,0.1016949152542373,0.07692307692307693,0.6
2011,7983,Adetunji Adedipe,Ohio,0.0,0.5,0.0,0.0
2012,7990,Mike Mercer,South Florida,0.9047619047619048,0.5853658536585366,0.21212121212121213,0.9
2013,7996,Marcus Thomas,Loyola Chicago,0.0,0.8,0.09090909090909091,0.926829268292683
2014,7997,Courtney Stanley,Loyola Chicago,0.0,0.2564102564102564,0.3333333333333333,0.7692307692307693
2015,8003,Walt Gibler,Loyola Chicago,0.0,0.6440677966101694,0.7307692307692307,1.0
2016,8004,John Benkoske,Loyola Chicago,0.0,1.0,1.0,0.0
2017,8024,Roderick Flemings,Hawaii,0.92,0.7962962962962963,0.5227272727272727,0.7058823529411765
2018,8028,Joey Shaw,Nevada,0.8,0.5909090909090909,0.42857142857142855,0.9705882352941176
2019,8029,Ben Allen,Saint Mary's,0.0,0.4583333333333333,0.7560975609756098,1.0
2020,8056,Marcos Tamares,Norfolk St.,0.0,0.25,0.5714285714285714,0.8571428571428571
2021,8057,Colbey Santos,New Hampshire,0.0,0.5714285714285714,0.0,0.9090909090909091
2022,8064,Andrew Nicholson,St. Bonaventure,0.8444444444444444,0.6129032258064516,0.676923076923077,0.0
2023,8069,Jermaine Dixon,Pittsburgh,1.0,0.5869565217391305,0.5405405405405406,1.0
2024,8076,Omar Johnson,UTSA,0.0,0.3157894736842105,0.25,0.8
2025,8097,Travis Blackstock,Idaho,0.0,0.0,0.0,0.0
2026,8114,Ji Xiang,Hawaii,1.0,0.42857142857142855,0.0,0.0
2027,8127,Peter Carroll,Samford,0.0,0.0,0.0,0.0
2028,8146,Paul Guede,Portland St.,0.0,0.4,0.25,0.875
2029,8149,Steve Peterson,Morehead St.,0.5,0.5,0.29411764705882354,0.9655172413793104
2030,8151,Kevin Loyd,Grambling St.,0.0,0.125,0.3888888888888889,0.9230769230769231
2031,8152,Ariece Perkins,Grambling St.,1.0,0.3548387096774194,0.23529411764705882,0.9285714285714286
2032,8154,Terrance Hill,Morehead St.,1.0,0.5217391304347826,0.2222222222222222,0.92
2033,8155,Brandon Shingles,Morehead St.,0.0,0.16129032258064516,0.3076923076923077,1.0
2034,8166,Bryan Horton,San Diego St.,0.0,0.0,0.0,0.0
2035,8178,Michael Hubert,Tennessee,0.0,0.0,0.0,1.0
2036,8185,Matthew Friday,Samford,0.0,0.6875,0.0,1.0
2037,8193,Austin Pennick,North Dakota St.,0.0,0.16129032258064516,0.6363636363636364,1.0
2038,8200,Drazen Zlovaric,Georgia,1.0,0.5,0.6666666666666666,0.0
2039,8202,Lance Goulbourne,Vanderbilt,1.0,0.6153846153846154,0.2,1.0
2040,8204,Dustin Ware,Georgia,0.0,0.7,0.20833333333333334,0.6585365853658537
2041,8206,Travis Leslie,Georgia,0.6,0.4537037037037037,0.3137254901960784,0.8333333333333334
2042,8208,Jeffery Taylor,Vanderbilt,0.775,0.5486725663716814,0.5161290322580645,0.0
2043,8217,Kashif Watson,Idaho,1.0,0.5074626865671642,0.6,0.0
2044,8223,Christian Siakam,IU Indy,0.0,0.2857142857142857,0.8,0.0
2045,8276,Jared Williams,North Carolina A&T,0.0,0.0,0.0,1.0
2046,8277,Nic Simpson,North Carolina A&T,0.0,0.42105263157894735,0.125,0.9807692307692307
2047,8278,Marc Hill,North Carolina A&T,0.0,0.05,0.0,0.7727272727272727
2048,8279,Dwane Joshua,North Carolina A&T,1.0,0.3125,0.0,0.8545454545454545
2049,8281,Ejike Hart,New Orleans,0.0,0.6774193548387096,0.3333333333333333,0.0
2050,8283,Aramie Brooks,Northwestern St.,1.0,0.3076923076923077,0.25,0.0
2051,8285,A.J. Hardeman,New Mexico,0.6551724137931034,0.4936708860759494,0.23809523809523808,0.0
2052,8286,Phillip McDonald,New Mexico,1.0,0.75,0.5,0.9722222222222222
2053,8287,A.J. Davis,Wyoming,0.3333333333333333,0.21428571428571427,0.07142857142857142,1.0
2054,8288,Ross Pentland,Central Connecticut,0.0,0.0,0.25,0.0
2055,8289,Cordaro Ellis,Eastern Kentucky,0.0,0.0,1.0,0.0
2056,8290,Dayvon Ellis,Eastern Kentucky,0.0,0.23076923076923078,0.09090909090909091,0.8888888888888888
2057,8291,Joshua Jones,Eastern Kentucky,0.0,0.3125,0.23076923076923078,0.9361702127659575
2058,8293,Pat McDerby,Marist,0.0,0.0,0.0,0.0
2059,8301,Jamie Vanderbeken,Iowa St.,0.0,0.6666666666666666,0.0,1.0
2060,8302,Austin Dufault,Colorado,1.0,0.71875,0.7777777777777778,0.9285714285714286
2061,8303,Trey Eckloff,Colorado,0.0,0.75,0.0,1.0
2062,8305,Nate Tomlinson,Colorado,0.0,0.4666666666666667,0.3333333333333333,0.9285714285714286
2063,8313,Jereal Scott,Stephen F. Austin,0.8333333333333334,0.5945945945945946,0.5846153846153846,0.0
2064,8363,Kashief Edwards,Niagara,0.9375,0.7162162162162162,0.6428571428571429,0.0
2065,8378,Vernon Teel,Loyola Marymount,0.0,0.3142857142857143,0.20930232558139536,0.6111111111111112
2066,8379,Luke Fabrizius,Dayton,0.0,1.0,0.75,0.972972972972973
2067,8380,Paul Williams,Dayton,0.0,0.3333333333333333,0.17647058823529413,0.9743589743589743
2068,8381,Stevie Mejia,Rhode Island,0.0,0.2222222222222222,0.5,0.5
2069,8382,RaShad Coleman,Charlotte,0.5,0.625,0.0,0.8571428571428571
2070,8383,Chris Johnson,Dayton,0.38461538461538464,0.3829787234042553,0.4230769230769231,0.9696969696969697
2071,8384,Rob Lowery,Dayton,1.0,0.1111111111111111,0.125,0.6739130434782609
2072,8386,Orion Outerbridge,Rhode Island,0.7916666666666666,0.6981132075471698,0.9032258064516129,0.0
2073,8387,Jamal Wilson,Rhode Island,1.0,0.23076923076923078,0.5714285714285714,1.0
2074,8399,Alberto Estwick,Fordham,0.0,0.6538461538461539,0.375,0.8333333333333334
2075,8402,Miles Plumlee,Duke,0.7941176470588235,0.6949152542372882,0.5217391304347826,0.0
2076,8403,Temi Adebayo,Saint Joseph's,0.0,0.0,0.0,0.0
2077,8427,Byron Walker,Alabama St.,1.0,0.5416666666666666,0.71875,1.0
2078,8428,Andrew Taylor,Xavier,0.0,0.9473684210526315,0.7142857142857143,1.0
2079,8435,Samme Givens,Drexel,0.0,0.6027397260273972,0.5428571428571428,0.0
2080,8436,Jeremy Granger,Eastern Illinois,0.0,0.47368421052631576,0.359375,1.0
2081,8447,Josh Jones,Middle Tennessee,0.0,0.3333333333333333,0.0,0.0
2082,8451,Montarrio Haddock,Middle Tennessee,1.0,0.21052631578947367,0.140625,0.782608695652174
2083,8452,Svetoslav Chetinov,Maine,0.0,0.5,0.0,0.0
2084,8453,Gerald McLemore,Maine,0.0,0.5333333333333333,0.48,0.8631578947368421
2085,8454,R.J. Hall,Marist,0.0,0.25,0.3333333333333333,0.9090909090909091
2086,8455,James Haarsma,Evansville,0.0,0.6477272727272727,0.7777777777777778,1.0
2087,8456,Denver Holmes,Evansville,0.0,0.47368421052631576,0.717391304347826,0.8275862068965517
2088,8458,Chris Roberts,Bradley,0.5714285714285714,0.4117647058823529,0.23076923076923078,0.7941176470588235
2089,8459,Craig Stanley,Drake,0.0,0.1724137931034483,0.0,0.8571428571428571
2090,8460,Eddren McCain,Bradley,0.0,0.2,0.16666666666666666,0.0
2091,8462,Arsenio Williams,South Carolina St.,0.5,0.5256410256410257,0.7333333333333333,0.0
2092,8473,Josh Duinker,Richmond,1.0,0.6666666666666666,0.3333333333333333,1.0
2093,8476,Jack Trotter,Stanford,0.85,0.7049180327868853,0.7037037037037037,1.0
2094,8478,Teondre Williams,Oregon,0.7,0.5128205128205128,0.15789473684210525,0.7333333333333333
2095,8479,Kevin McShane,Oregon St.,0.0,0.7,0.0,0.0
2096,8480,Matt Humphrey,Oregon,0.25,0.2727272727272727,0.0,0.7619047619047619
2097,8482,Jeremy Green,Stanford,0.0,0.4,0.3898305084745763,0.7204301075268817
2098,8483,Jarrett Mann,Stanford,0.25,0.25,0.1,0.5
2099,8484,David Sturner,Oregon St.,0.0,0.0,0.0,0.0
2100,8488,Eric Carlson,North Dakota St.,1.0,0.5,0.4146341463414634,1.0
2101,8494,Arthur Zulu,Sam Houston St.,1.0,0.6666666666666666,0.0,0.0
2102,8496,John Fraley,Austin Peay,0.8214285714285714,0.5679012345679012,0.5,0.0
2103,8506,Deilvez Yearby,Purdue Fort Wayne,0.625,0.32989690721649484,0.24242424242424243,0.9090909090909091
2104,8564,Arin Dunn,Colorado St.,0.0,0.0,0.3333333333333333,0.0
2105,8566,Zack Atkinson,UC Irvine,0.875,0.7209302325581395,0.8,0.0
2106,8567,Eric Wise,UC Irvine,0.0,0.3787878787878788,0.34579439252336447,0.8333333333333334
2107,8570,Fred Hunter,Nicholls St.,0.5,0.5425531914893617,0.42857142857142855,1.0
2108,8572,Cameron McCallum,Nicholls St.,1.0,0.8888888888888888,0.0,0.0
2109,8581,Connor Frizzelle,Rice,0.0,0.14285714285714285,0.2903225806451613,0.72
2110,8582,Ryne Smith,Purdue,0.0,1.0,0.8,0.8947368421052632
2111,8587,Kenny Daniels,Cal St. Northridge,0.5,0.3645833333333333,0.28205128205128205,0.8928571428571429
2112,8598,Julian Gamble,Miami FL,1.0,0.75,0.6,1.0
2113,8603,Jeremie Simmons,Ohio St.,0.0,0.5,0.4,0.9
2114,8604,Walter Offutt,Ohio St.,1.0,0.5,0.0,1.0
2115,8607,Nick Fruendt,Northwestern,0.0,0.5,1.0,1.0
2116,8608,Kyle Rowley,Northwestern,1.0,0.7058823529411765,1.0,0.0
2117,8609,John Shurna,Northwestern,0.7692307692307693,0.5698924731182796,0.391304347826087,0.9743589743589743
2118,8610,Anthony Crater,South Florida,0.0,0.25,0.25,0.8888888888888888
2119,8611,William Buford,Ohio St.,0.8125,0.5606060606060606,0.4625,0.9375
2120,8612,Nikola Kecman,Ohio St.,0.0,0.5,0.5,1.0
2121,8613,Mike Annese,Colorado St.,0.0,0.0,0.0,1.0
2122,8621,Zavier Sanders,Eastern Illinois,0.0,0.2857142857142857,0.6842105263157895,0.0
2123,8634,Shamar Coombs,Texas A&M Corpus Chris,0.0,0.125,0.6,0.7916666666666666
2124,8635,Ishmael Awange,UT Arlington,1.0,0.5,1.0,0.0
2125,8636,Kevin Palmer,Texas A&M Corpus Chris,0.4,0.4056603773584906,0.40540540540540543,0.8478260869565217
2126,8637,Marcus Hammonds,Texas A&M Corpus Chris,1.0,0.6153846153846154,0.3333333333333333,1.0
2127,8638,Jawan Nelson,Texas A&M Corpus Chris,0.0,0.5714285714285714,0.6666666666666666,1.0
2128,8639,LaMarr Drake,Texas A&M Corpus Chris,0.0,0.2857142857142857,0.5,0.7692307692307693
2129,8650,Marquez Haynes,UT Arlington,0.3,0.24210526315789474,0.08333333333333333,0.6296296296296297
2130,8663,J.D. Pelham,Lafayette,0.0,1.0,1.0,1.0
2131,8664,Alex Orchowski,Lafayette,0.0,0.0,0.0,1.0
2132,8665,Stephen Hall,Jacksonville St.,0.75,0.5576923076923077,0.6285714285714286,1.0
2133,8667,John Barnes,Jacksonville St.,0.0,0.7272727272727273,0.0,0.9047619047619048
2134,8668,Jim Mower,Lafayette,1.0,0.5277777777777778,0.2857142857142857,0.9130434782608695
2135,8669,Andy Moore,Lafayette,0.0,0.0,0.0,0.0
2136,8670,Rob Delaney,Lafayette,0.0,0.0,0.0,0.0
2137,8678,Michael Dunigan,Oregon,0.7391304347826086,0.5396825396825397,0.3157894736842105,0.0
2138,8681,D.J. Seeley,California,1.0,0.875,0.42857142857142855,1.0
2139,8682,Kyle Fogg,Arizona,0.0,0.1935483870967742,0.21428571428571427,0.9791666666666666
2140,8683,Brendon Lavender,Arizona,0.0,0.0,0.0,0.8695652173913043
2141,8690,Marcel Williams,Austin Peay,1.0,0.6363636363636364,0.25,0.0
2142,8693,Mike DiNunno,Northern Illinois,0.0,0.12,0.5,0.7857142857142857
2143,8694,Ante Dzepina,Northern Illinois,0.0,0.7142857142857143,0.75,0.0
2144,8695,Bryan Hall,Northern Illinois,0.0,0.15789473684210525,0.0,0.0
2145,8696,Kamil Janton,Eastern Michigan,0.0,0.0,0.0,0.0
2146,8697,Anthony Simpson,Kent St.,0.625,0.5306122448979592,0.43478260869565216,0.9090909090909091
2147,8698,Justin Greene,Kent St.,1.0,0.664,0.375,0.0
2148,8699,Alex Grimsley,Kent St.,0.0,0.0,0.0,1.0
2149,8700,Tyler Storm,Northern Illinois,0.0,0.2857142857142857,0.3333333333333333,1.0
2150,8701,Demetrius Ward,Western Michigan,0.0,0.2857142857142857,0.14285714285714285,0.9
2151,8704,Alvin Mofunanya,Fairleigh Dickinson,0.6,0.43548387096774194,0.4358974358974359,0.0
2152,8707,Anton Silver,Gardner Webb,0.5,0.25,0.17647058823529413,0.7708333333333334
2153,8710,C.J. Hailey,Gardner Webb,0.0,0.4864864864864865,0.5918367346938775,0.84
2154,8712,Isaiah Thomas,Washington,0.0,0.3424657534246575,0.14583333333333334,0.8615384615384616
2155,8713,Scott Suggs,Washington,0.0,0.125,0.16666666666666666,0.9459459459459459
2156,8715,Marcus Capers,Washington St.,0.5625,0.515625,0.36363636363636365,0.0
2157,8716,Klay Thompson,Washington St.,0.25,0.21153846153846154,0.38333333333333336,0.8333333333333334
2158,8717,Michael Harthun,Washington St.,0.0,0.6666666666666666,0.6666666666666666,0.5
2159,8718,DeAngelo Casto,Washington St.,1.0,0.5955056179775281,0.41935483870967744,0.0
2160,8727,Jamal Barney,Loyola MD,1.0,0.35365853658536583,0.25,0.9375
2161,8738,Shawn Oliverson,Louisiana Tech,0.0,0.0,1.0,0.0
2162,8746,Reginald Delk,Louisville,0.8,0.6153846153846154,0.2,1.0
2163,8747,Richard Delk,Troy,0.75,0.15625,0.2692307692307692,0.7708333333333334
2164,8762,Trey Stanton,Rice,0.8,0.6585365853658537,0.5769230769230769,1.0
2165,8769,Conner Fenlon,Siena,0.0,0.0,0.0,0.0
2166,8771,Nick Shelton,Valparaiso,0.0,1.0,0.0,0.0
2167,8773,Tyree Evans,Kent St.,1.0,0.5217391304347826,0.32142857142857145,0.8852459016393442
2168,8774,Kyle O'Quinn,Norfolk St.,0.8148148148148148,0.6122448979591837,0.41935483870967744,0.6875
2169,8777,Nicholas Fearn,Oregon,0.0,0.0,0.0,0.0
2170,8778,John Elorriaga,Oregon,0.0,0.0,0.0,1.0
2171,8785,Toure' Murry,Wichita St.,0.6666666666666666,0.4927536231884058,0.4074074074074074,0.7317073170731707
2172,8786,David Kyles,Wichita St.,0.7777777777777778,0.4782608695652174,0.3333333333333333,1.0
2173,8788,Mame Bocar Ba,Colorado St.,0.0,0.5,0.3333333333333333,0.0
2174,8790,Clevin Hannah,Wichita St.,0.0,0.1724137931034483,0.0,0.6935483870967742
2175,8822,Marcus Morris,Kansas,0.7777777777777778,0.5619047619047619,0.5263157894736842,0.75
2176,8824,Kramer Soderberg,Miami OH,0.0,0.0,0.0,0.8571428571428571
2177,8825,Julian Mavunga,Miami OH,0.25,0.3548387096774194,0.14285714285714285,0.92
2178,8827,Draymond Green,Michigan St.,0.8181818181818182,0.5057471264367817,0.62,1.0
2179,8847,DeAndre Mays,Youngstown St.,0.0,0.36,0.13513513513513514,0.8205128205128205
2180,8850,Charles Okwandu,Connecticut,0.5,0.5,0.5714285714285714,0.0
2181,8861,Jason Deutchman,San Diego St.,0.0,0.0,0.0,0.0
2182,8886,Miklos Szabo,Hofstra,0.0,0.5689655172413793,0.5833333333333334,1.0
2183,8888,Cornelius Vines,Hofstra,0.0,0.3333333333333333,0.2,0.8620689655172413
2184,8890,Scott Machado,Iona,0.0,0.05,0.034482758620689655,0.8928571428571429
2185,8891,Trinity Fields,Iona,0.0,0.2222222222222222,0.2,0.9333333333333333
2186,8896,Olu Ashaolu,Louisiana Tech,0.6888888888888889,0.46825396825396826,0.10526315789473684,0.8333333333333334
2187,8910,Bryson Barnes,Furman,1.0,0.37037037037037035,0.36,0.9
2188,8918,Brawley Chisholm,Ball St.,0.0,0.08333333333333333,0.15384615384615385,0.875
2189,8919,Randy Davis,Ball St.,0.0,0.058823529411764705,0.05263157894736842,0.5348837209302325
2190,8920,Jarrod Jones,Ball St.,0.8181818181818182,0.6071428571428571,0.5769230769230769,0.0
2191,8921,Pierre Sneed,Ball St.,1.0,0.6111111111111112,0.75,0.5
2192,8923,Dee Brown,Bowling Green,0.0,0.4634146341463415,0.14285714285714285,0.8484848484848485
2193,8934,Daniel Mercer,UNC Wilmington,0.0,0.75,1.0,0.0
2194,8935,Chris Cooper,Old Dominion,1.0,0.46153846153846156,0.3333333333333333,0.0
2195,8936,Trian Iliadis,Old Dominion,0.0,0.42857142857142855,0.5,0.9583333333333334
2196,8937,TeAllen Price,Texas Southern,1.0,1.0,0.0,0.0
2197,8938,Roshun Jackson,Texas St.,1.0,0.2857142857142857,0.0,1.0
2198,8940,DeAndre Hall,Texas Southern,0.7142857142857143,0.425,0.3194444444444444,0.7692307692307693
2199,8943,Kyle Austin,UC Riverside,0.625,0.38181818181818183,0.46153846153846156,0.8
2200,8967,Michael Taylor,Montana,0.0,0.5,0.5714285714285714,1.0
2201,8985,Bobby Maze,Tennessee,0.3333333333333333,0.2631578947368421,0.13157894736842105,0.7777777777777778
2202,8988,Cameron Moore,UAB,1.0,0.6764705882352942,0.5714285714285714,0.0
2203,8991,Cosmo Morabbi,The Citadel,0.0,0.6666666666666666,0.0,0.92
2204,8992,Billy Blackmon,Charleston Southern,1.0,0.6818181818181818,1.0,0.0
2205,9006,Anthony Jones,Baylor,0.6428571428571429,0.5454545454545454,0.25925925925925924,0.8695652173913043
2206,9007,Quincy Acy,Baylor,0.9295774647887324,0.8163265306122449,0.53125,0.0
2207,9008,Jeremy Montgomery,Cleveland St.,0.0,0.34146341463414637,0.17391304347826086,0.6153846153846154
2208,9010,Josh McCoy,Cleveland St.,0.0,0.0,0.0,0.0
2209,9011,Aaron Fuller,Iowa,1.0,0.6190476190476191,0.4444444444444444,1.0
2210,9029,Matt Hill,Texas,0.0,0.2,0.0,0.0
2211,9034,Dodie Dunson,Bradley,0.0,0.0,0.0,1.0
2212,9055,Drew Spradlin,Elon,0.0,0.13513513513513514,0.44,0.9491525423728814
2213,9056,Terrance Henry,Mississippi,0.45454545454545453,0.3333333333333333,0.3157894736842105,0.8421052631578947
2214,9057,Shavar Richardson,Florida Atlantic,0.0,0.5555555555555556,0.5909090909090909,0.9534883720930233
2215,9058,Andre Cornelius,George Mason,0.0,0.3888888888888889,0.18181818181818182,0.8363636363636363
2216,9059,Jonathan Moore,Gardner Webb,0.0,0.3829787234042553,0.21428571428571427,0.96
2217,9060,T.J. Marion,Eastern Illinois,1.0,0.5348837209302325,0.30434782608695654,0.0
2218,9061,Chris Toler,Furman,0.0,0.3333333333333333,0.6666666666666666,0.0
2219,9062,Chris Picardi,Furman,0.0,0.0,0.0,0.0
2220,9063,Brandon Sebirumbi,Furman,0.0,0.5294117647058824,0.4074074074074074,0.0
2221,9064,Garrett Copeland,Furman,0.0,0.0,0.0,0.0
2222,9065,Zach Greene,Furman,0.0,0.0,0.0,0.0
2223,9066,Neil Duval,Furman,0.0,0.25,0.6,1.0
2224,9067,DeAundre Cranston,Mississippi,1.0,0.5483870967741935,0.3333333333333333,1.0
2225,9068,Scotty Hopson,Tennessee,0.6176470588235294,0.4117647058823529,0.16216216216216217,0.8269230769230769
2226,9075,Kemba Walker,Connecticut,0.0,0.18461538461538463,0.11363636363636363,0.7894736842105263
2227,9094,Danny Thompson,Mount St. Mary's,1.0,0.631578947368421,1.0,0.0
2228,9095,Khalif Foster,Robert Morris,0.0,0.0,0.0,0.0
2229,9096,Issa Mase,Columbia,0.0,0.0,0.0,0.0
2230,9097,Blaise Staab,Columbia,1.0,0.4444444444444444,0.0,0.0
2231,9098,Kirk Crecco,Dartmouth,0.0,0.0,0.2857142857142857,1.0
2232,9099,Herve Kouna,Dartmouth,0.0,0.6,0.4,0.0
2233,9100,Josh Riddle,Dartmouth,0.0,0.5454545454545454,0.625,1.0
2234,9101,David Rufful,Dartmouth,0.0,0.4,0.225,0.8823529411764706
2235,9102,Jabari Trotter,Dartmouth,0.0,0.2857142857142857,0.4642857142857143,0.5714285714285714
2236,9103,J'hared Hall,Loyola MD,0.0,0.16666666666666666,0.0,0.9090909090909091
2237,9109,Chris Lutz,Marshall,0.0,0.4,0.2777777777777778,0.9473684210526315
2238,9115,Micheal Eric,Temple,1.0,0.6842105263157895,0.875,0.0
2239,9140,C.J. Prince,Howard,0.0,1.0,0.0,0.8461538461538461
2240,9142,O.J. Avworo,Navy,0.0,0.1111111111111111,0.0,1.0
2241,9167,Jesse LoBue,UC Riverside,0.0,0.6666666666666666,0.8571428571428571,0.8888888888888888
2242,9168,Bryson Hampton,UC Riverside,1.0,0.5882352941176471,0.625,0.0
2243,9170,Matt Titchenal,Cal Poly,0.0,0.0,0.0,0.0
2244,9171,David Hanson,Cal Poly,0.0,0.3333333333333333,0.4166666666666667,1.0
2245,9173,Justin Brown,Cal Poly,0.0,0.4444444444444444,0.0,0.3333333333333333
2246,9174,Julian Simmons,Army,0.0,0.25,0.36,0.9473684210526315
2247,9175,Anthony Campbell,Austin Peay,0.4,0.6363636363636364,0.42424242424242425,0.9230769230769231
2248,9181,Brendan Sullivan,Boston University,0.0,0.0,0.0,1.0
2249,9187,Dogus Balbay,Texas,0.6666666666666666,0.2222222222222222,0.6,0.0
2250,9194,Lorne Merthie,Campbell,0.0,0.2727272727272727,0.21739130434782608,0.9384615384615385
2251,9203,Anthony Sally,Western Kentucky,0.0,0.16666666666666666,0.0,0.6666666666666666
2252,9204,Sergio Kerusch,Western Kentucky,0.7142857142857143,0.5476190476190477,0.36,0.7631578947368421
2253,9205,Justin Coughlin,Denver,0.5,0.88,0.75,1.0
2254,9206,Tom Chott,Denver,0.0,0.0,0.0,0.0
2255,9207,Travis Hallam,Denver,0.0,0.5882352941176471,0.0,0.9230769230769231
2256,9230,T.J. Czeski,Wagner,0.0,0.2,0.29411764705882354,0.8888888888888888
2257,9249,Bryan Streeter,The Citadel,1.0,0.6170212765957447,0.3333333333333333,0.0
2258,9273,Jamel Guyton,Louisiana Tech,0.25,0.391304347826087,0.14285714285714285,0.8285714285714286
2259,9275,Darko Cohadarevic,Texas Tech,1.0,0.29545454545454547,0.48,0.0
2260,9280,Robert Lewandowski,Texas Tech,1.0,0.88,0.25,0.0
2261,9281,Nick Okorie,Texas Tech,0.4444444444444444,0.41304347826086957,0.4473684210526316,0.9444444444444444
2262,9282,Chris Reynolds,Campbell,0.0,0.8,0.0,0.0
2263,9283,Chris Otule,Marquette,1.0,0.6,0.0,0.0
2264,9284,Jimmy Butler,Marquette,0.6875,0.5151515151515151,0.45454545454545453,1.0
2265,9285,Adam Sollazzo,East Tennessee St.,0.75,0.3103448275862069,0.2,1.0
2266,9286,Jordan Theodore,Seton Hall,0.0,0.22448979591836735,0.12,0.5925925925925926
2267,9314,Ashen Ward,Youngstown St.,1.0,0.4666666666666667,0.5,0.9565217391304348
2268,9315,Zavion Neely,Illinois Chicago,0.0,0.15492957746478872,0.21951219512195122,0.8333333333333334
2269,9317,Kris Harris,Illinois Chicago,0.0,0.14285714285714285,0.3,1.0
2270,9319,Chris Buchanan,Illinois Chicago,0.0,0.4166666666666667,0.4,0.9473684210526315
2271,9320,Sirlester Martin,Youngstown St.,0.6666666666666666,0.5,0.6666666666666666,1.0
2272,9329,Erik Marschall,Bowling Green,1.0,0.647887323943662,0.5263157894736842,0.0
2273,9341,Charles Tabet,South Alabama,0.0,0.6153846153846154,0.6666666666666666,0.0
2274,9364,Royce Hamilton,Alabama A&M,0.0,0.0,0.0,0.0
2275,9366,Casey Cantey,Alabama A&M,0.3333333333333333,0.29411764705882354,0.23076923076923078,0.5
2276,9369,Andy Ogide,Colorado St.,0.6521739130434783,0.5443037974683544,0.390625,0.0
2277,9395,Montel Smith,UNC Greensboro,0.0,0.3333333333333333,0.0,1.0
2278,9397,Elhanan Bone,UNC Greensboro,0.0,0.375,0.5,0.0
2279,9399,Austin Cooley,Niagara,0.5,0.38461538461538464,0.7777777777777778,0.8888888888888888
2280,9400,Aaron Thompson,Cal St. Fullerton,0.2,0.17142857142857143,0.40625,0.8181818181818182
2281,9402,Ashley Hamilton,Loyola Marymount,0.8666666666666667,0.6,0.5,0.0
2282,9403,LaRon Armstead,Loyola Marymount,0.0,0.8,0.5,0.8
2283,9405,Robert Lumpkins,New Mexico St.,1.0,0.2857142857142857,0.3333333333333333,0.0
2284,9406,Demetri Goodson,Gonzaga,0.0,0.32608695652173914,0.2692307692307692,0.75
2285,9414,Chris Matthews,St. Bonaventure,0.0,0.25,0.6071428571428571,0.865979381443299
2286,9416,Jordan Lewis,Cal Poly,1.0,0.425,0.5,1.0
2287,9438,Adam Highberger,Penn St.,0.0,0.0,0.0,1.0
2288,9451,Zaire Taylor,Missouri,0.8,0.38461538461538464,0.058823529411764705,0.9512195121951219
2289,9470,Zack Rosen,Penn,0.0,0.17777777777777778,0.16666666666666666,0.676056338028169
2290,9471,Larry Loughery,Penn,0.0,0.0,0.0,0.0
2291,9474,Josh Lepley,Northern Arizona,1.0,0.8275862068965517,0.625,0.0
2292,9477,Eric Tramiel,North Texas,0.8823529411764706,0.6105263157894737,0.44,1.0
2293,9479,Petras Balocka,Hawaii,0.0,0.5238095238095238,0.4583333333333333,0.75
2294,9500,Sei Paye,UTSA,0.0,0.4,0.0,1.0
2295,9504,Afam Muojeke,Wyoming,0.0,0.08,0.0,0.8333333333333334
2296,9512,Aaron Osgood,Cornell,0.0,0.3333333333333333,1.0,0.0
2297,9513,Toney McCray,Nebraska,0.0,0.0,0.5,1.0
2298,9519,Brandon Richardson,Nebraska,0.0,0.5,0.23809523809523808,0.9629629629629629
2299,9525,Dago Pena,Marshall,1.0,0.38636363636363635,0.2857142857142857,0.9047619047619048
2300,9526,Damier Pitts,Marshall,0.0,0.25,0.0,0.7435897435897436
2301,9528,Wesley Witherspoon,Memphis,0.4166666666666667,0.30434782608695654,0.53125,0.9705882352941176
2302,9529,Aubrey Coleman,Houston,0.45454545454545453,0.2608695652173913,0.08411214953271028,0.42857142857142855
2303,9530,Desmond Wade,Houston,0.0,0.0967741935483871,0.06666666666666667,0.631578947368421
2304,9532,Shaquille Johnson,Marshall,0.4375,0.375,0.3333333333333333,0.8421052631578947
2305,9546,Ryan Wright,Oklahoma,0.8947368421052632,0.6585365853658537,0.2857142857142857,0.0
2306,9559,Jeremy Allen,Texas A&M Corpus Chris,0.0,0.0,0.0,0.0
2307,9570,Mark Hill,Cal St. Northridge,0.0,0.07142857142857142,0.1,0.5
2308,9587,A.J. Tyler,UCF,0.8571428571428571,0.7464788732394366,0.8148148148148148,1.0
2309,9596,Dominique Johnson,North Texas,0.0,0.0,0.3333333333333333,0.6666666666666666
2310,9601,Willie Galick,Cal St. Northridge,0.6428571428571429,0.5128205128205128,0.6923076923076923,1.0
2311,9615,Kyrie Sutton,Binghamton,0.6875,0.6666666666666666,0.34375,0.0
2312,9617,Justin Newton,St. Francis NY,0.0,0.07142857142857142,1.0,1.0
2313,9619,Herman Wrice,St. Francis NY,0.5,0.627906976744186,0.6666666666666666,0.0
2314,9620,Colby Batiste,Louisiana,0.9166666666666666,0.53125,0.5714285714285714,0.0
2315,9621,Phillip Jones,Louisiana,0.0,0.0,0.0,0.0
2316,9626,Adam Malik,UC Davis,0.0,0.5833333333333334,0.6666666666666666,1.0
2317,9629,Derrick Strings,UC Irvine,0.0,1.0,0.0,0.8333333333333334
2318,9633,Troy Alexander,Santa Clara,0.0,0.0,0.0,1.0
2319,9634,Dontae Bryant,San Francisco,0.0,0.07692307692307693,0.0,1.0
2320,9636,Kevin Foster,Santa Clara,0.0,0.16666666666666666,0.42857142857142855,0.6111111111111112
2321,9639,Bryan Cohen,Bucknell,0.0,0.13636363636363635,0.10714285714285714,0.9142857142857143
2322,9640,Enoch Andoh,Bucknell,0.0,0.75,0.5,0.0
2323,9657,Kyle Swanier,Jackson St.,0.0,0.0,0.0,0.6666666666666666
2324,9679,Kendall Smith,N.C. State,0.0,0.0,0.0,0.0
2325,9682,Nick Foreman,Georgia Tech,1.0,0.625,0.6666666666666666,1.0
2326,9687,Djibril Coulibaly,Manhattan,0.0,0.5,1.0,0.0
2327,9688,Travis Taylor,Monmouth,0.88,0.5555555555555556,0.5135135135135135,0.0
2328,9695,Steve Moore,Missouri,0.0,0.3333333333333333,0.0,0.0
2329,9696,Kim English,Missouri,0.0,0.23529411764705882,0.35185185185185186,0.8529411764705882
2330,9697,Laurence Bowers,Missouri,0.92,0.6263736263736264,0.575,1.0
2331,9698,Robert Owens,San Jose St.,0.5,0.375,0.2,0.96
2332,9703,Jerome Clyburn,Southern Miss,0.0,0.0,0.0,0.0
2333,9704,Devin Ebanks,West Virginia,0.7,0.5333333333333333,0.49019607843137253,0.6666666666666666
2334,9705,Kevin Jones,West Virginia,0.8571428571428571,0.6078431372549019,0.7636363636363637,0.9523809523809523
2335,9708,James Anderson,BYU,1.0,1.0,0.4,0.0
2336,9712,Donte Poole,Murray St.,0.25,0.25,0.36363636363636365,0.75
2337,9720,Adam Thomas,Miami OH,1.0,1.0,0.0,0.0
2338,9723,Buford Foote,Morgan St.,0.0,0.0,0.0,0.0
2339,9724,John Long,Morgan St.,0.6,0.375,1.0,0.0
2340,9727,Stanley Elliott,Bethune Cookman,0.0,0.25925925925925924,0.6111111111111112,0.8571428571428571
2341,9730,Alexander Starling,Bethune Cookman,0.875,0.5176470588235295,0.5652173913043478,0.0
2342,9751,Jacob Green,Fordham,0.6666666666666666,0.26666666666666666,0.5833333333333334,0.0
2343,9755,Kent Bazemore,Old Dominion,0.6538461538461539,0.49333333333333335,0.3055555555555556,0.5555555555555556
2344,9771,Wayne Hunter,Saint Mary's,0.0,0.5,0.3333333333333333,1.0
2345,9772,Ben Allison,Davidson,0.5714285714285714,0.3448275862068966,0.625,0.8
2346,9797,Marius Chawa,Savannah St.,1.0,0.8333333333333334,0.3333333333333333,1.0
2347,9804,Conor Smith,Richmond,0.0,1.0,0.0,1.0
2348,9807,Ronald Nored,Butler,0.0,0.21428571428571427,0.5714285714285714,0.8888888888888888
2349,9808,Kabangu Tshinga Kasamba,Chicago St.,0.0,0.16,0.2916666666666667,0.9130434782608695
2350,9809,Adam Pegg,Delaware,0.0,0.4,0.5952380952380952,0.0
2351,9825,Jordan Printy,Indiana St.,0.0,0.75,0.16666666666666666,0.7959183673469388
2352,9828,Clayton Brothers,Hartford,0.0,0.25,0.3333333333333333,0.3333333333333333
2353,9830,Genesis Maciel,Hartford,0.0,0.0,0.0,0.0
2354,9832,Jeff Pelage,Boston University,0.8181818181818182,0.59375,0.5454545454545454,0.0
2355,9834,Louis Barraza,Albany,0.0,0.0,0.0,1.0
2356,9835,Mike Johnson,Albany,0.0,0.2857142857142857,0.3333333333333333,0.8
2357,9840,Jason Flagler,South Carolina St.,0.6,0.7536231884057971,0.5583333333333333,1.0
2358,9877,Richard Branning,Pepperdine,0.0,0.0,0.0,0.0
2359,9878,Denis Agre,Pepperdine,0.0,0.0,0.0,0.0
2360,9881,Griffin Reilly,Loyola Marymount,0.0,0.0,0.0,0.0
2361,9883,Ryan Quigtar,Miami FL,0.0,0.0,0.0,0.0
2362,9885,Garrett Thomas,Oklahoma St.,0.0,0.0,0.0,0.0
2363,9886,Zvonko Buljan,TCU,0.5555555555555556,0.44,0.4642857142857143,0.8333333333333334
2364,9887,Kevin Butler,TCU,0.6666666666666666,0.6862745098039216,0.8181818181818182,0.0
2365,9888,Logan Lancon,TCU,0.0,0.0,1.0,0.0
2366,9889,Derek Williams,SMU,0.0,0.1780821917808219,0.1276595744680851,0.5526315789473685
2367,9893,Ronnie Moss,TCU,0.5,0.15517241379310345,0.0975609756097561,0.4909090909090909
2368,9906,Austin Thornton,Michigan St.,0.0,0.5,0.9,0.5
2369,9908,Dominique Morrison,Oral Roberts,0.6,0.18518518518518517,0.23809523809523808,0.8604651162790697
2370,9909,Drew Maynard,Oakland,0.8636363636363636,0.7222222222222222,0.3333333333333333,0.8
2371,9910,Ilija Milutinovic,Oakland,1.0,0.6666666666666666,0.0,0.0
2372,9914,Ryan Hage,Fordham,0.0,0.0,0.0,0.0
2373,9918,Billy Allen,Albany,0.0,0.8571428571428571,0.8,0.9545454545454546
2374,9921,Troy Gillenwater,New Mexico St.,0.8333333333333334,0.6190476190476191,0.6153846153846154,0.6923076923076923
2375,9922,Hamidu Rahman,New Mexico St.,0.7741935483870968,0.46464646464646464,0.32,0.0
2376,9924,Jarrett Sutton,Missouri,0.0,0.0,0.0,1.0
2377,9927,Stan Dulaire,Sacred Heart,0.6,0.4166666666666667,0.0,0.0
2378,9928,Clint Steindl,Saint Mary's,0.6666666666666666,0.45454545454545453,0.2727272727272727,0.9565217391304348
2379,9932,Steve Zazuri,Sacred Heart,0.0,0.0,0.2,0.0
2380,9933,Oliver McNally,Harvard,0.0,0.3,0.25,0.9393939393939394
2381,9935,Joshua Henley,Gardner Webb,0.0,0.6896551724137931,0.25,0.0
2382,9936,Keith Wright,Harvard,1.0,0.6410256410256411,0.47058823529411764,0.0
2383,9937,Rhett Anderson,Yale,0.0,0.6666666666666666,0.0,0.0
2384,9938,Brian Katz,Yale,0.0,0.5,0.0,1.0
2385,9939,Greg Mangano,Yale,1.0,0.5714285714285714,0.3076923076923077,0.7777777777777778
2386,9940,Reggie Willhite,Yale,0.25,0.5,0.55,0.0
2387,9941,Jamal Turner,Fairfield,0.0,0.0,0.0,1.0
2388,9943,Matt Dickey,UNC Asheville,0.25,0.4528301886792453,0.38461538461538464,0.9545454545454546
2389,9944,Chris Stephenson,UNC Asheville,0.6666666666666666,0.4888888888888889,0.21428571428571427,0.7916666666666666
2390,9970,Aaron Noll,Vanderbilt,0.0,0.0,0.0,0.0
2391,9991,Emmanuel Igbinosa,Stanford,0.0,0.3,0.125,0.9333333333333333
2392,9992,Garrett Sim,Oregon,0.0,0.6666666666666666,0.2857142857142857,0.8076923076923077
2393,9993,Nigel Carter,California,0.0,0.5,0.0,0.0
2394,9996,Brandon Bowdry,Eastern Michigan,0.75,0.5378151260504201,0.5769230769230769,0.5
2395,10017,Cameron Henderson,Montana St.,0.0,0.6666666666666666,1.0,0.0
2396,10018,Will Morning,McNeese St.,0.0,0.5660377358490566,0.5625,0.0
2397,10021,Brandon Williams,Louisiana Monroe,0.0,0.0,0.16666666666666666,0.0
2398,10022,Malcolm Thomas,Louisiana Monroe,0.0,0.0,0.3,0.6666666666666666
2399,10023,Austin Brown,Montana St.,0.6666666666666666,0.4166666666666667,0.25,1.0
2400,10024,Marquis Navarre,Montana St.,0.0,0.0,0.11538461538461539,0.48
2401,10025,Will Bynum,Montana St.,0.4,0.2545454545454545,0.4166666666666667,1.0
2402,10026,Cody Anderson,Montana St.,0.0,0.5,1.0,0.8
2403,10041,Xavier Gibson,Florida St.,0.6842105263157895,0.5384615384615384,0.7692307692307693,1.0
2404,10044,Alex Savannah,Alcorn St.,0.0,0.2727272727272727,0.2,1.0
2405,10045,Luke Loucks,Florida St.,0.0,0.17647058823529413,0.0,0.9166666666666666
2406,10047,Pierre Jordan,Florida St.,0.0,0.6666666666666666,0.4,1.0
2407,10048,JaMarkus Holt,Alcorn St.,0.6666666666666666,0.375,0.65625,0.0
2408,10050,Jonathan Boyd,Alcorn St.,0.0,0.2857142857142857,0.2777777777777778,0.6027397260273972
2409,10054,Brady Morningstar,Kansas,0.0,0.2,0.6,1.0
2410,10089,Darris Santee,UNLV,0.8333333333333334,0.72,0.36363636363636365,0.0
2411,10094,Andy Rautins,Syracuse,0.0,0.5,0.625,0.8478260869565217
2412,10117,Peter Smith,San Francisco,0.0,0.0,0.0,1.0
2413,10119,Phillip Bach,Santa Clara,0.0,0.5,1.0,0.5
2414,10122,Matt Dorr,San Diego,0.0,0.6666666666666666,0.42857142857142855,0.95
2415,10123,Ryan Harbour,San Diego,0.0,1.0,0.0,0.0
2416,10124,Roberto Mafra,San Diego,0.75,0.5510204081632653,0.425531914893617,0.0
2417,10125,Leroy Lutu,Hawaii,0.0,0.5714285714285714,0.4,0.0
2418,10126,Luciano de Souza,Idaho,0.0,0.4166666666666667,0.7272727272727273,0.9285714285714286
2419,10129,David Gibbs,Massachusetts,1.0,0.3333333333333333,0.0,0.8571428571428571
2420,10130,Aaron Ware,George Washington,0.0,0.47619047619047616,0.42105263157894735,1.0
2421,10131,Steve Weingarten,La Salle,0.5,0.43333333333333335,0.0,1.0
2422,10132,Brian Conklin,Saint Louis,0.0,0.6122448979591837,0.7391304347826086,0.0
2423,10135,Kyle Cassity,Saint Louis,0.0,0.10344827586206896,0.2727272727272727,0.9024390243902439
2424,10136,Drew Hanlen,Belmont,0.0,0.18181818181818182,0.25,0.8717948717948718
2425,10150,Matt Cajuste,Seton Hall,0.0,0.5,0.0,0.0
2426,10152,Byron Byrd,Southern Utah,0.0,0.5,0.0,0.0
2427,10153,Jake Nielson,Southern Utah,0.0,0.20454545454545456,0.1,0.375
2428,10154,Drew Allen,Southern Utah,0.0,0.3333333333333333,1.0,0.8666666666666667
2429,10156,Brandon Hall,Saint Peter's,0.0,0.3333333333333333,0.0,1.0
2430,10158,Kabeya Kabongo,Saint Peter's,0.0,0.0,0.0,0.0
2431,10163,Jordan Burgason,Lipscomb,0.0,0.42857142857142855,0.5,0.946236559139785
2432,10164,Chris Edwards,Jacksonville,0.0,0.2,0.5294117647058824,0.9230769230769231
2433,10165,Tevin Galvin,Jacksonville,0.2,0.48484848484848486,0.2222222222222222,1.0
2434,10166,Will Alston,Jacksonville,1.0,0.5652173913043478,0.5652173913043478,0.0
2435,10195,Tyler Troupe,Georgia Southern,0.75,0.6842105263157895,0.7,1.0
2436,10200,Brad Haugabrook,North Florida,1.0,0.16129032258064516,0.06,0.5
2437,10202,John Henson,North Carolina,0.5384615384615384,0.4339622641509434,0.37037037037037035,1.0
2438,10213,Tom Fitzpatrick,The Citadel,0.0,0.0,0.0,0.0
2439,10216,Kelvin McConnell,Kennesaw St.,0.0,0.25,0.4,0.8
2440,10229,James Gallagher,North Carolina,0.0,0.0,0.0,0.0
2441,10235,Colby Lewis,Charlotte,0.0,0.0,0.0,0.3333333333333333
2442,10236,Matt Mierzycki,UT Rio Grande Valley,0.0,0.631578947368421,0.5357142857142857,0.0
2443,10238,Jeff Withey,Kansas,0.6666666666666666,0.5,1.0,0.0
2444,10239,Elijah Johnson,Kansas,0.6666666666666666,0.5,0.2,1.0
2445,10240,Westly Perryman,Boise St.,0.5,0.25,0.0,1.0
2446,10242,Robert Arnold,Boise St.,0.5833333333333334,0.48148148148148145,0.18181818181818182,0.875
2447,10243,Daequon Montreal,Boise St.,0.9565217391304348,0.7386363636363636,0.6,1.0
2448,10247,Lindsey Hughey,Weber St.,0.5,0.2222222222222222,0.14285714285714285,0.7272727272727273
2449,10248,Reggie King,Winthrop,0.0,0.0,0.0,0.0
2450,10255,Jake Eastman,Bradley,0.0,0.4444444444444444,0.25,1.0
2451,10257,Milos Knezevic,Bradley,0.0,0.0,0.75,1.0
2452,10258,Dyricus Simms-Edwards,Bradley,0.0,0.17647058823529413,0.15789473684210525,0.9230769230769231
2453,10259,Randal Holt,Kent St.,0.0,0.21428571428571427,0.16666666666666666,0.5789473684210527
2454,10261,Fred Gulley,Oklahoma St.,0.0,0.2,0.0,0.0
2455,10265,Akeem Johnson,St. Francis NY,1.0,0.75,0.0,0.0
2456,10266,Akeem Bennett,St. Francis NY,0.38461538461538464,0.2235294117647059,0.2631578947368421,0.8076923076923077
2457,10267,Chris Kellermann,Central Michigan,1.0,0.2727272727272727,0.6666666666666666,0.9259259259259259
2458,10269,Alexander Harrington,St. Francis NY,1.0,0.625,0.8571428571428571,1.0
2459,10275,Darrell Tripp,Cal St. Northridge,0.0,0.0,0.0,0.0
2460,10276,Jack Crowder,Southern Illinois,0.0,0.5714285714285714,0.6666666666666666,1.0
2461,10279,Joe Wolfinger,The Citadel,1.0,0.4482758620689655,0.3333333333333333,1.0
2462,10280,David Norris,Sacramento St.,0.0,1.0,0.0,0.0
2463,10282,Ben Mockford,Iona,0.0,0.0,0.0,0.75
2464,10284,Danny McElroy,Bowling Green,0.0,1.0,0.7692307692307693,1.0
2465,10285,Marquis Gilstrap,Iowa St.,0.5909090909090909,0.42424242424242425,0.2830188679245283,0.7674418604651163
2466,10286,Bart Benton,Charleston,0.0,0.0,0.0,1.0
2467,10287,LaRon Dendy,Iowa St.,0.8260869565217391,0.7619047619047619,0.3333333333333333,0.0
2468,10289,J.C. Ward,East Tennessee St.,0.0,0.26666666666666666,0.7,0.8
2469,10290,Nafis Ricks,Missouri St.,1.0,0.24242424242424243,0.13636363636363635,1.0
2470,10291,Raphael Mcdonald,North Carolina Central,0.0,0.0,0.0,0.0
2471,10298,Jermaine Mallett,Missouri St.,0.3333333333333333,0.28205128205128205,0.125,0.8333333333333334
2472,10302,Adam Leonard,Missouri St.,0.0,0.5294117647058824,0.10344827586206896,0.8446601941747572
2473,10306,Derek Elston,Indiana,0.75,0.5609756097560976,0.5714285714285714,1.0
2474,10313,Mezie Uzochukwu,USC Upstate,0.0,0.44,0.5555555555555556,1.0
2475,10319,Jordan Smart,Vanderbilt,0.0,0.0,0.0,0.0
2476,10324,Julian Welch,UC Davis,0.0,0.21739130434782608,0.2222222222222222,0.625
2477,10325,Ryan Howley,UC Davis,0.6666666666666666,0.6176470588235294,0.0,1.0
2478,10329,Scott Saunders,Belmont,1.0,0.5522388059701493,0.36363636363636365,0.0
2479,10331,Maurice Sutton,Villanova,0.6,0.6153846153846154,0.5,0.0
2480,10333,Jacob Ranger,UC Davis,0.0,0.2857142857142857,0.0,0.0
2481,10337,Jake Godino,Temple,0.0,0.0,0.0,0.0
2482,10340,Chris Richard,Oregon St.,0.0,0.0,0.0,0.0
2483,10341,Lance Jeter,Nebraska,0.0,0.2,0.15384615384615385,0.88
2484,10347,Quincy Hankins-Cole,Nebraska,0.0,0.6111111111111112,0.47058823529411764,0.0
2485,10348,Cody Mivshek,Portland,0.0,0.0,0.0,1.0
2486,10349,Ari Stewart,Wake Forest,0.375,0.3157894736842105,0.2608695652173913,0.9534883720930233
2487,10357,Rodney Clinkscales,SMU,0.0,0.6,0.25,0.782608695652174
2488,10361,Steven Bjornstad,Washington St.,0.0,0.6666666666666666,0.0,0.0
2489,10368,Yves Jules,Hofstra,0.0,0.0,0.1111111111111111,0.0
2490,10371,Brandon Wood,Valparaiso,0.6153846153846154,0.47674418604651164,0.4,0.7090909090909091
2491,10373,Samir Rolley,Jacksonville St.,0.0,1.0,0.0,0.0
2492,10374,Dominique Shellman,Jacksonville St.,0.0,0.16666666666666666,0.28,0.6666666666666666
2493,10375,Trenton Marshall,Jacksonville St.,0.6363636363636364,0.46938775510204084,0.39473684210526316,0.8269230769230769
2494,10376,Tommy Kurth,Valparaiso,0.0,0.0,0.0,0.8461538461538461
2495,10377,Jay-R Strowbridge,Jacksonville St.,0.0,0.2727272727272727,0.5,0.9047619047619048
2496,10378,Sean Thurston,Jacksonville St.,0.0,0.6666666666666666,0.7777777777777778,1.0
2497,10379,Mike Felt,North Dakota St.,0.0,0.0,0.0,1.0
2498,10380,Bryce Mayes,Wichita St.,0.0,0.0,0.0,0.0
2499,10381,Derek Brown,Wichita St.,0.0,1.0,0.0,0.0
2500,10382,George DeLeon,Cal St. Bakersfield,1.0,0.5,0.25,1.0
2501,10383,Andy Nagel,North Dakota St.,0.0,0.5,0.0,0.0
2502,10386,Drew Lundberg,North Dakota St.,0.0,0.3,0.25,1.0
2503,10391,Brad Reese,Texas Tech,0.8333333333333334,0.6410256410256411,0.42857142857142855,0.9375
2504,10393,David Tairu,Texas Tech,0.8333333333333334,0.5625,0.4166666666666667,0.8620689655172413
2505,10394,Theron Jenkins,Texas Tech,0.625,0.4230769230769231,0.0,1.0
2506,10395,Montez Blair,Navy,0.0,0.0,0.5,1.0
2507,10397,Alex Newsome,Navy,1.0,0.7692307692307693,0.3333333333333333,0.0
2508,10398,Aaron Urbanus,UT Rio Grande Valley,0.0,0.05555555555555555,0.25,0.8679245283018868
2509,10403,Dion Sims,Michigan St.,0.0,0.0,0.0,0.0
2510,10405,Onyekawtuke Abiakam,Texas Southern,0.7,0.6666666666666666,0.5,0.0
2511,10406,Derek Sebastian,Creighton,0.0,0.0,0.0,0.0
2512,10408,Pat Eveland,Pacific,1.0,0.45,0.47058823529411764,0.9038461538461539
2513,10409,C. J. Collins,McNeese St.,0.0,0.1111111111111111,0.25,0.5833333333333334
2514,10412,Carmel Bouchman,Temple,0.0,0.0,0.0,0.0
2515,10416,Vince Legarza,Miami OH,0.0,0.5,0.0,0.0
2516,10417,Kurt Joseph,LIU,0.0,0.0,0.0,0.0
2517,10418,Kenny Onyechi,LIU,0.875,0.4722222222222222,0.23076923076923078,0.0
2518,10419,Milos Nikolic,LIU,0.0,0.0,0.0,0.0
2519,10420,Kenny Lawson Jr.,Creighton,0.8857142857142857,0.6825396825396826,0.6521739130434783,1.0
2520,10427,Aaron Mitchell,Longwood,0.75,0.6166666666666667,0.7272727272727273,0.9090909090909091
2521,10435,Alshwan Hymes,Canisius,0.0,0.375,0.2222222222222222,0.9090909090909091
2522,10436,Joel Naburgs,Stetson,0.0,0.45454545454545453,0.3333333333333333,0.96875
2523,10437,Rokas Gricius,Canisius,0.0,1.0,0.5,1.0
2524,10438,Reggie Groves,Canisius,0.0,0.0,0.0,1.0
2525,10439,Bob Bevilacqua,Canisius,0.0,1.0,0.0,1.0
2526,10443,Wayne Runnels,Creighton,0.0,0.75,0.5,0.0
2527,10449,Drew Harris,Seattle,0.0,0.0,0.0,0.0
2528,10451,Kelth Cameron,Tulane,0.0,0.0,0.0,0.0
2529,10453,Bryson Johnson,Bucknell,0.0,0.5714285714285714,0.375,0.835820895522388
2530,10454,Jordan Callahan,Tulane,0.0,0.07142857142857142,0.08333333333333333,0.7368421052631579
2531,10455,Robert Vaughn,Louisiana,0.0,0.0,0.0,0.0
2532,10456,Devin Price,Marist,0.0,0.0,0.14285714285714285,0.6428571428571429
2533,10457,Terrance Beasley,Tulane,0.0,0.5,0.5,1.0
2534,10458,Raymone Andrews,Louisiana,0.0,0.5333333333333333,0.6,0.0
2535,10459,Candon Rusin,Marist,1.0,0.36363636363636365,0.1,0.8448275862068966
2536,10463,Frank Henery-Ala,Kent St.,0.0,0.5555555555555556,0.7692307692307693,0.75
2537,10464,Jelani Johnson,Western Illinois,0.0,0.25,0.5,1.0
2538,10465,Reginald Buckner,Mississippi,0.6,0.34782608695652173,1.0,1.0
2539,10466,David Gebru,Western Illinois,1.0,0.5757575757575758,0.7142857142857143,0.0
2540,10475,Steve Smith,South Dakota,1.0,0.8,0.75,0.8260869565217391
2541,10476,Kendall Cutler,South Dakota,0.0,0.05172413793103448,0.25,1.0
2542,10477,Dustin Tetzlaff,South Dakota,0.0,1.0,0.0,0.0
2543,10478,Conrad Krutwig,South Dakota,0.0,0.3333333333333333,0.75,0.0
2544,10487,Darius Smith,Connecticut,0.0,0.5,0.0,1.0
2545,10491,Ian Francis,Alcorn St.,0.5263157894736842,0.43373493975903615,0.5217391304347826,0.0
2546,10492,Kwame Morgan,Hampton,0.0,0.4,0.5384615384615384,0.9722222222222222
2547,10496,C.J. McElrath,Army,0.0,0.0,0.0,0.0
2548,10497,Brendan Sherrer,Washington,0.0,0.0,1.0,0.0
2549,10498,Joe Clark,Army,0.0,0.0,0.0,0.0
2550,10499,Ella Ellis,Army,0.0,0.75,0.7142857142857143,1.0
2551,10503,Nick Peterson,Pacific,0.0,0.0,0.0,0.0
2552,10511,Julius Hearn,UT Rio Grande Valley,0.0,0.13793103448275862,0.125,1.0
2553,10515,Christopher Walker,Florida A&M,0.3333333333333333,0.46511627906976744,0.6923076923076923,0.9444444444444444
2554,10518,Amin Stevens,Florida A&M,0.4444444444444444,0.2894736842105263,0.05263157894736842,0.6666666666666666
2555,10520,Nikko Acosta,Florida A&M,0.0,0.0,1.0,0.0
2556,10525,Johnny Williams,George Mason,1.0,0.5,0.47058823529411764,0.0
2557,10527,Xavier Henry,Kansas,0.7647058823529411,0.5333333333333333,0.36363636363636365,0.8985507246376812
2558,10530,Devan Bailey,Central Connecticut,0.0,0.07692307692307693,0.5,0.8333333333333334
2559,10532,Steven Shepp,Fresno St.,0.5,0.16666666666666666,0.0,0.7941176470588235
2560,10533,Antroine Williford,Bethune Cookman,0.5,0.25,1.0,0.0
2561,10534,DiJuan Harris,Charlotte,0.0,0.10526315789473684,0.0,0.8235294117647058
2562,10537,Albert Abrahams,Bethune Cookman,1.0,0.49056603773584906,0.4716981132075472,0.0
2563,10538,Javoris Bryant,Bethune Cookman,0.0,0.36666666666666664,0.6666666666666666,0.0
2564,10540,Aric Miller,Bethune Cookman,0.0,0.3684210526315789,0.5,1.0
2565,10541,Jonathan Tull,Central Connecticut,0.0,0.0,0.0,0.0
2566,10543,Ridge Graham,Stetson,0.6,0.4368932038834951,0.37037037037037035,1.0
2567,10546,Joe Efese,Central Connecticut,1.0,0.5813953488372093,0.375,0.0
2568,10547,Adam Parzych,Bryant,0.0,0.3333333333333333,0.3333333333333333,0.8787878787878788
2569,10548,Barry Latham,Bryant,1.0,0.36666666666666664,0.6111111111111112,0.9090909090909091
2570,10549,Greg Smith,Colorado St.,0.5,0.3235294117647059,0.3181818181818182,0.9
2571,10550,Dorian Green,Colorado St.,0.5,0.14285714285714285,0.22727272727272727,0.7543859649122807
2572,10551,Pierce Hornung,Colorado St.,0.0,0.2608695652173913,0.2222222222222222,1.0
2573,10553,Ben Hansbrough,Notre Dame,0.0,0.17777777777777778,0.11764705882352941,0.8507462686567164
2574,10554,Bryan Louff,Montana St.,0.0,0.0,0.0,0.25
2575,10556,Dwight Pederson,South Dakota St.,0.0,1.0,0.0,0.0
2576,10560,Danny Smith,Morgan St.,0.0,0.08695652173913043,0.25,1.0
2577,10561,Anton Dickerson,Howard,0.0,0.0,0.2,0.6666666666666666
2578,10562,Mike Phillips,Howard,0.5,0.36363636363636365,0.375,1.0
2579,10563,Tyreak Johnson,Howard,0.0,0.5,0.0,1.0
2580,10564,Dadrian Collins,Howard,0.0,0.6428571428571429,0.35,0.8166666666666667
2581,10565,Gary Lawrence,Howard,0.0,0.2222222222222222,0.0,0.0
2582,10566,Charles DeCosta,Howard,0.0,0.0,0.2857142857142857,0.0
2583,10567,Alzee Williams,North Texas,0.0,0.36363636363636365,0.25,0.6
2584,10568,Corey Claitt,Utah Valley,0.0,0.16666666666666666,0.0,0.25
2585,10570,Andrew McCarthy,Brown,0.6,0.5972222222222222,0.4666666666666667,1.0
2586,10573,Mike Groselle,The Citadel,0.0,0.8571428571428571,0.5,0.0
2587,10574,Zach Filzen,Buffalo,0.0,0.0,0.5,1.0
2588,10576,Mike Clifford,Buffalo,0.0,0.0,0.0,0.0
2589,10577,Tucker Halpern,Brown,0.0,0.5,0.4074074074074074,0.8666666666666667
2590,10593,Dontay Hampton,Chattanooga,0.0,1.0,0.0,1.0
2591,10612,Austin Witter,North Carolina A&T,0.0,0.6666666666666666,0.0,1.0
2592,10621,James Marcellus,Delaware St.,0.0,0.25,1.0,0.0
2593,10631,Jaime Sema,UC Santa Barbara,1.0,0.7432432432432432,0.5,0.0
2594,10632,Orlando Johnson,UC Santa Barbara,0.7777777777777778,0.38028169014084506,0.18867924528301888,0.7555555555555555
2595,10635,Jon Pastorek,UC Santa Barbara,0.0,0.625,1.0,1.0
2596,10642,Kambi Laleye,Buffalo,1.0,0.75,0.0,0.0
2597,10647,Kevin Davis,Presbyterian,0.0,0.6666666666666666,0.0,0.5
2598,10651,Chase Holmes,Presbyterian,0.36363636363636365,0.24719101123595505,0.24444444444444444,0.9047619047619048
2599,10653,Greg Rice,IU Indy,0.0,0.0,0.0,0.75
2600,10656,Preston Blackmon,Savannah St.,0.0,0.3076923076923077,0.12,0.4444444444444444
2601,10663,Savalance Townsend,Arkansas Pine Bluff,0.0,0.39285714285714285,0.045454545454545456,0.8571428571428571
2602,10665,Brock Motum,Washington St.,1.0,0.7647058823529411,0.0,1.0
2603,10666,Ben Loewen,Washington St.,0.0,0.0,0.0,0.0
2604,10672,Aj Yawn,Florida St.,0.0,0.0,0.0,0.0
2605,10684,Christopher Taylor,Brown,0.0,0.3076923076923077,0.0,0.0
2606,10691,Gary Redus,South Alabama,0.8,0.47368421052631576,0.5833333333333334,0.9642857142857143
2607,10693,Jayson Guerrier,South Alabama,0.0,0.0,0.6666666666666666,0.0
2608,10694,Nikola Bundalo,SIU Edwardsville,1.0,0.64,0.75,0.0
2609,10695,John Lickliter,Iowa,0.0,0.0,0.0,0.8
2610,10697,Nick Russell,Kansas St.,1.0,0.75,0.0,1.0
2611,10698,Rodney McGruder,Kansas St.,1.0,0.23529411764705882,0.6363636363636364,1.0
2612,10699,Curtis Kelly,Kansas St.,0.8214285714285714,0.6486486486486487,0.5194805194805194,0.0
2613,10701,Martavious Irving,Kansas St.,0.0,0.4,0.3333333333333333,1.0
2614,10702,Jordan Henriquez-Roberts,Kansas St.,0.75,0.75,0.75,0.0
2615,10703,Marcus Wells,Winston Salem St.,0.0,0.24,0.17647058823529413,0.75
2616,10709,Tim Frazier,Penn St.,0.0,0.3333333333333333,0.13333333333333333,0.8888888888888888
2617,10710,Bill Edwards,Penn St.,0.0,0.1111111111111111,0.2777777777777778,1.0
2618,10711,Sasa Borovnjak,Penn St.,0.0,0.125,1.0,0.0
2619,10713,Trent Blakely,Cal St. Bakersfield,0.5,0.4444444444444444,0.36363636363636365,0.9344262295081968
2620,10714,Cory Brown,Cal St. Bakersfield,0.0,0.3333333333333333,0.2,0.0
2621,10715,Brendan McKillop,Davidson,0.0,0.29411764705882354,0.16666666666666666,0.8611111111111112
2622,10722,Michael Grace,Yale,0.0,0.0,0.14285714285714285,0.75
2623,10724,Derrick Favors,Georgia Tech,0.6981132075471698,0.5474452554744526,0.65,0.0
2624,10726,Sean Johnson,Duquesne,1.0,0.46875,0.19047619047619047,1.0
2625,10727,Mfon Udofia,Georgia Tech,0.0,0.3333333333333333,0.1111111111111111,0.76
2626,10728,Glen Rice,Georgia Tech,0.5,0.36,0.07692307692307693,0.8
2627,10729,Brian Oliver,Georgia Tech,0.0,0.0,0.3,0.9354838709677419
2628,10730,Demetrece Young,Pacific,0.0,0.2857142857142857,0.0,0.647887323943662
2629,10732,Andre Marhold,Duquesne,1.0,0.8,0.0,0.0
2630,10735,Aaron Richie,Purdue Fort Wayne,0.0,1.0,0.0,1.0
2631,10736,Phillip Gates,Prairie View A&M,0.0,0.0,0.0,1.0
2632,10737,Michael Webb,Prairie View A&M,0.5,0.5,0.5,0.0
2633,10738,Duwan Kornegay,Prairie View A&M,0.8,0.5714285714285714,0.25,0.9166666666666666
2634,10739,Grady Green,Prairie View A&M,1.0,0.6666666666666666,0.5,1.0
2635,10740,Brandon Webb,Prairie View A&M,1.0,0.64,0.6,0.0
2636,10742,Alex Garcia-Mendoza,Little Rock,0.0,0.49230769230769234,0.3157894736842105,0.7777777777777778
2637,10744,Jordon Crawford,Bowling Green,0.0,0.45,0.2,0.8461538461538461
2638,10749,T. Vazquez-Simmons,Canisius,0.7333333333333333,0.5510204081632653,0.6666666666666666,0.9090909090909091
2639,10750,Alan Arnett,Purdue Fort Wayne,0.0,0.0,0.0,0.0
2640,10751,Oleg Kovalov,Purdue Fort Wayne,0.0,0.0,0.5,1.0
2641,10752,Nikola Cicic,Little Rock,0.0,1.0,0.0,1.0
2642,10761,Ryan Regis,NJIT,1.0,0.6818181818181818,0.5,0.0
2643,10762,Patrick Bade,Purdue,0.0,0.5714285714285714,0.8181818181818182,1.0
2644,10763,Tate Kennings,Winston Salem St.,0.0,0.0,0.0,0.0
2645,10764,Sam Johnson,Winston Salem St.,0.0,0.5,0.0,0.0
2646,10766,Harvey Green,Winston Salem St.,0.0,0.0,0.0,0.0
2647,10767,Dominic Alston,Winston Salem St.,0.0,0.0,0.0,0.0
2648,10770,Cory Parker,Drake,0.0,1.0,0.0,1.0
2649,10771,Kyle Coleman,Purdue,0.0,0.0,0.0,0.0
2650,10775,Justin Roper,Montana,0.0,1.0,0.0,0.0
2651,10778,Ned Cox,Evansville,1.0,0.13636363636363635,0.42857142857142855,0.9
2652,10780,Colt Ryan,Evansville,0.0,0.5172413793103449,0.6818181818181818,0.9322033898305084
2653,10781,Monie Hudson,Evansville,0.0,0.25,0.6666666666666666,1.0
2654,10782,Troy Taylor,Evansville,0.0,0.23809523809523808,0.0,0.0
2655,10783,Mitchell Bouie,South Dakota,1.0,0.49056603773584906,0.375,1.0
2656,10784,John Underwood,Missouri,1.0,1.0,0.0,0.0
2657,10785,Tyler Stone,Missouri,1.0,0.6,0.5,0.0
2658,10786,Sam Leclerc,Bryant,0.0,1.0,0.0,1.0
2659,10792,Bryan Bouchie,Evansville,0.0,0.6470588235294118,0.5555555555555556,0.0
2660,10794,Mike Washington,Arkansas,0.9545454545454546,0.735632183908046,0.45454545454545453,0.8333333333333334
2661,10795,Stef Welsh,Arkansas,0.0,0.2962962962962963,0.0,0.9583333333333334
2662,10800,Alec Williams,San Diego St.,0.0,0.0,0.0,1.0
2663,10802,Zack Moritz,Boise St.,1.0,0.44,0.42857142857142855,0.0
2664,10804,Milton Burton,Hartford,1.0,0.53125,0.03571428571428571,0.7894736842105263
2665,10805,Ross Erickson,Hartford,0.0,0.0,1.0,1.0
2666,10808,Amath M'Baye,Wyoming,1.0,0.6785714285714286,0.16666666666666666,0.5
2667,10809,Darius Johnson-Odom,Marquette,0.3333333333333333,0.18,0.20689655172413793,0.8493150684931506
2668,10817,Stephan Collins,Arkansas Pine Bluff,0.0,0.6,0.0,1.0
2669,10818,Dominic Moore,Arkansas Pine Bluff,0.5,0.6666666666666666,0.0,0.8
2670,10825,Jared Rehmel,Central Arkansas,0.0,0.25,0.05263157894736842,0.8
2671,10826,Ryan Daniels,Central Arkansas,0.0,0.0,0.0,1.0
2672,10829,Brandon Baylor,Delaware St.,0.0,0.0,0.5,1.0
2673,10830,Dan Stonkus,NJIT,0.0,0.6666666666666666,0.0,0.0
2674,10831,Michael Snaer,Florida St.,0.5384615384615384,0.5102040816326531,0.4,0.9130434782608695
2675,10839,Dobrivoje Mavrak,SIU Edwardsville,0.0,0.7142857142857143,1.0,0.0
2676,10844,Jeremy Sexton,Charleston Southern,0.0,0.06451612903225806,0.15384615384615385,0.6071428571428571
2677,10847,Lijah Thompson,Robert Morris,0.5,0.5384615384615384,0.42857142857142855,0.0
2678,10849,Patrick Shaughnessy,Charleston Southern,1.0,0.2,1.0,0.0
2679,10851,Zimmy Nwogbo,Charleston Southern,0.0,0.5,0.875,1.0
2680,10857,Will Felder,Saint Francis,0.5555555555555556,0.5283018867924528,0.8260869565217391,0.9523809523809523
2681,10860,Murphy Burnatowski,Maine,0.75,0.35,0.47058823529411764,0.9615384615384616
2682,10864,Mohamed Koita,Manhattan,0.6666666666666666,0.42857142857142855,0.5,1.0
2683,10865,Jacob Lail,Appalachian St.,0.0,1.0,0.0,0.0
2684,10868,Lakeem Jackson,South Carolina,0.6,0.3384615384615385,0.15384615384615385,0.0
2685,10870,Reeves Nelson,UCLA,0.88,0.672566371681416,0.16666666666666666,0.0
2686,10872,Brian Barbour,Columbia,0.0,0.0,0.25,1.0
2687,10873,Mark Cisco,Columbia,0.0,0.48484848484848486,0.125,0.0
2688,10876,Stephen Spinella,South Carolina,0.0,0.2,1.0,1.0
2689,10877,Johndre Jefferson,South Carolina,0.7777777777777778,0.42105263157894735,0.2727272727272727,0.0
2690,10878,Isaiah Wilkerson,NJIT,0.3333333333333333,0.47619047619047616,0.4166666666666667,0.9666666666666667
2691,10883,Duro Bjegovic,Sacramento St.,0.0,0.4838709677419355,0.35714285714285715,0.9090909090909091
2692,10888,Troy Payne,Santa Clara,0.0,0.4883720930232558,0.0,0.0
2693,10894,Pierre Andrews,Alabama A&M,0.0,0.0,0.0,0.0
2694,10901,Brad Johnstin,Sacramento St.,0.0,0.0,0.0,0.0
2695,10904,Milos Kleut,Lipscomb,0.0,0.7,0.0,0.0
2696,10905,Ryan Sypkens,UC Davis,0.0,0.5384615384615384,0.16666666666666666,0.9354838709677419
2697,10908,Michael Morrison,George Mason,0.9210526315789473,0.7407407407407407,0.4090909090909091,0.0
2698,10914,Keith Smith,Northern Illinois,0.0,0.0,0.0,0.0
2699,10915,Phillip Roth,Wagner,0.0,0.0,0.0,0.0
2700,10917,Justin Peaster,Northern Illinois,0.0,0.0,0.0,0.0
2701,10918,Terrell Vinson,Massachusetts,0.5,0.43283582089552236,0.15789473684210525,1.0
2702,10929,Marques Coleman,Brown,0.0,0.0,0.0,0.0
2703,10932,Dane Johnson,Portland St.,0.0,0.0,0.5,1.0
2704,10935,Khris Roy,Houston Christian,0.0,0.125,0.0,0.6666666666666666
2705,10936,Damian Lewis,Houston Christian,0.5,0.3333333333333333,0.8235294117647058,0.0
2706,10937,Jake Houseknecht,St. Bonaventure,0.0,0.0,0.0,0.0
2707,10940,Andrew Gonzalez,Houston Christian,1.0,0.46511627906976744,0.5138888888888888,0.9722222222222222
2708,10941,Mario Flaherty,Houston Christian,1.0,0.5508474576271186,0.3684210526315789,0.0
2709,10942,Sekani Milligen,Alabama St.,0.0,0.6,0.75,1.0
2710,10943,Matt Sullivan,Brown,0.0,0.2,0.16666666666666666,0.9333333333333333
2711,10944,Chase Simon,Detroit Mercy,0.16666666666666666,0.24528301886792453,0.2878787878787879,0.9148936170212766
2712,10945,Darien Brothers,Richmond,0.0,0.0,0.5,1.0
2713,10947,Joe Bucher,St. Bonaventure,0.0,0.0,0.0,0.0
2714,10959,Dorvell Carter,Marist,0.0,0.2631578947368421,0.75,1.0
2715,10972,Tyler Roche,Boston College,1.0,0.5333333333333333,0.75,1.0
2716,10973,Matt Washington,Weber St.,1.0,0.6666666666666666,0.0,0.0
2717,10974,Jp Kuhlman,Davidson,0.0,0.20588235294117646,0.175,0.8636363636363636
2718,10979,John Fields,UNC Wilmington,0.8108108108108109,0.6309523809523809,0.4117647058823529,0.0
2719,10984,Keith Rendleman,UNC Wilmington,0.6666666666666666,0.6578947368421053,0.4722222222222222,1.0
2720,10986,Jeremy Basnight,UNC Wilmington,0.0,0.0,0.0,0.8181818181818182
2721,10987,Matt Wilson,UNC Wilmington,0.75,0.5555555555555556,1.0,1.0
2722,10989,Edward Daniel,Murray St.,0.8333333333333334,0.6956521739130435,0.25,0.0
2723,10991,Billy Oliver,Penn St.,0.0,1.0,0.0,0.0
2724,10997,Jamin Shumate,Saint Peter's,0.0,0.25,0.0,0.0
2725,11004,Ryan Haggerty,Milwaukee,0.0,0.7272727272727273,0.75,1.0
2726,11006,Austin Fowler,Saint Francis,0.0,0.5,0.6,1.0
2727,11013,Raymond Sims,South Alabama,0.0,0.3333333333333333,0.0,1.0
2728,11014,Rob Phillips,South Alabama,0.0,0.0,0.3333333333333333,1.0
2729,11016,Allyn Cooks,South Alabama,1.0,0.2564102564102564,0.14285714285714285,0.8695652173913043
2730,11017,Dru Anthrop,Purdue,0.0,0.0,1.0,0.0
2731,11018,Michael Bables,Texas A&M Corpus Chris,0.0,0.0,0.0,1.0
2732,11020,Donte Medder,Tulsa,0.0,0.0,0.0,0.875
2733,11021,Barrett Hunter,Tulsa,0.0,0.0,0.0,0.0
2734,11029,Malcolm Armstead,Oregon,0.0,0.045454545454545456,0.08163265306122448,0.42857142857142855
2735,11032,E.J. Singler,Oregon,0.0,0.3448275862068966,0.625,1.0
2736,11033,Wes Channels,Austin Peay,0.0,0.15517241379310345,0.07894736842105263,0.9090909090909091
2737,11036,Tiny Gallon,Oklahoma,0.8636363636363636,0.5813953488372093,0.4375,1.0
2738,11037,Daniel Fisher,American,0.0,0.5,1.0,0.0
2739,11038,Jeff Holton,American,0.0,0.0,0.0,0.0
2740,11039,Blake Jolivette,American,0.0,0.2857142857142857,0.16666666666666666,1.0
2741,11040,Daniel Munoz,American,0.0,0.25,0.23809523809523808,0.8666666666666667
2742,11042,Kerron Johnson,Belmont,0.0,0.0,0.0625,0.8888888888888888
2743,11043,Austin Morgan,Yale,0.0,0.3076923076923077,0.6666666666666666,0.95
2744,11045,Trevor Noack,Belmont,0.0,0.4444444444444444,0.25,1.0
2745,11049,Eddie Tyree,Cincinnati,0.0,1.0,0.0,0.0
2746,11052,Robert Smith,Santa Clara,0.0,0.057692307692307696,0.08,0.4444444444444444
2747,11054,Michael Loyd Jr.,BYU,0.75,0.3333333333333333,0.25,0.9375
2748,11056,Montrell Thornton,Little Rock,0.8888888888888888,0.7083333333333334,0.5714285714285714,0.0
2749,11058,Antoine Watson,FIU,0.0,0.35714285714285715,0.19047619047619047,0.8
2750,11059,Melvin Goins,Tennessee,0.0,0.1875,0.038461538461538464,0.8125
2751,11060,Kenny Hall,Tennessee,0.7333333333333333,0.6136363636363636,0.5,0.0
2752,11063,Steven Pledger,Oklahoma,0.0,0.6,0.8181818181818182,0.9090909090909091
2753,11064,Andrew Fitzgerald,Oklahoma,1.0,0.68,0.7391304347826086,0.0
2754,11065,Tommy Mason-Griffin,Oklahoma,0.0,0.18518518518518517,0.08,0.5
2755,11066,Dante Jennings,FIU,0.0,1.0,0.0,0.0
2756,11068,Nate Mitchell,Southern Illinois,1.0,1.0,1.0,0.0
2757,11070,Josh Bone,Tennessee,0.0,0.25,0.0,0.8333333333333334
2758,11071,Eric Williams,Niagara,1.0,0.5882352941176471,0.6,0.0
2759,11073,Ricky Davison,Little Rock,0.0,0.2857142857142857,0.5,0.8285714285714286
2760,11077,Sammy Schickel,NJIT,0.0,0.5,0.2631578947368421,0.9354838709677419
2761,11078,Mitch Rueter,Central Arkansas,0.0,0.36538461538461536,0.25,0.9166666666666666
2762,11084,James Vincent,Georgia St.,1.0,0.5333333333333333,0.0,0.0
2763,11085,Marques Johnson,Georgia St.,0.0,0.0,0.14285714285714285,1.0
2764,11098,Erique Gumbs,Towson,0.0,0.3333333333333333,1.0,0.0
2765,11099,Danny Quinn,Towson,0.0,0.0,0.0,1.0
2766,11101,Milton Jennings,Clemson,0.25,0.52,0.1111111111111111,1.0
2767,11103,Josh Brown,Towson,0.0,0.3333333333333333,0.3,0.875
2768,11104,RaShawn Polk,Towson,1.0,0.3157894736842105,0.5769230769230769,0.8157894736842105
2769,11105,Rodney Williams,Minnesota,0.8636363636363636,0.7073170731707317,0.3333333333333333,1.0
2770,11110,Marshawn Powell,Arkansas,0.8235294117647058,0.6417910447761194,0.2708333333333333,0.375
2771,11116,Tyreese Breshers,Washington,1.0,0.72,0.2,0.0
2772,11117,Jeff Ledbetter,Idaho,0.0,0.0,1.0,0.7619047619047619
2773,11124,Chase Tapley,San Diego St.,0.5,0.6538461538461539,0.46875,0.8484848484848485
2774,11127,Taylor Olson,Seattle,0.0,0.3333333333333333,0.2,0.8823529411764706
2775,11128,Mike Boxley,Seattle,0.0,0.5333333333333333,0.5384615384615384,0.88
2776,11130,James Watson,Washington St.,0.5,0.7647058823529411,0.6,0.0
2777,11134,Leslie McDonald,North Carolina,0.0,0.5714285714285714,0.6470588235294118,0.9
2778,11135,Thomas Thornton,North Carolina,0.0,0.0,0.0,1.0
2779,11137,Dexter Strickland,North Carolina,0.3333333333333333,0.17391304347826086,0.30303030303030304,0.25
2780,11138,Terrence Petree,North Carolina,0.0,0.0,0.6666666666666666,0.0
2781,11140,Drew Godwin,Penn,0.0,0.0,0.5,1.0
2782,11143,Xavier Roberson,TCU,0.0,0.3333333333333333,0.25,0.7894736842105263
2783,11144,Claybrin McMath,Bryant,1.0,0.4666666666666667,0.5454545454545454,1.0
2784,11146,Vlad Kondratyev,Bryant,1.0,0.631578947368421,0.6363636363636364,1.0
2785,11147,Raphael Jordan,Bryant,0.0,0.3125,0.21739130434782608,0.9411764705882353
2786,11149,Papa Lo,Bryant,1.0,0.4166666666666667,0.8,0.0
2787,11150,Scooter Gillette,Niagara,1.0,0.88,0.7142857142857143,0.0
2788,11151,Carlton Smith,Navy,0.0,0.4,0.0,0.0
2789,11157,Greg Hill,TCU,0.0,0.3684210526315789,0.26666666666666666,0.8205128205128205
2790,11158,Nikola Cerina,TCU,0.75,0.717948717948718,0.6153846153846154,1.0
2791,11159,Jordan Borucki,American,0.0,0.0,0.0,0.0
2792,11167,Ronald Colbert,Drexel,0.0,0.0,1.0,0.0
2793,11169,Joey Moreau,Florida St.,0.0,0.0,0.0,0.5
2794,11171,LeShaun Murphy,SIU Edwardsville,0.3333333333333333,0.23809523809523808,0.42105263157894735,0.75
2795,11172,Cody Rincker,SIU Edwardsville,0.0,1.0,0.0,0.9032258064516129
2796,11173,Zeke Schneider,SIU Edwardsville,0.0,0.5,0.0,0.0
2797,11174,Desmond Young,SIU Edwardsville,0.0,1.0,0.6666666666666666,1.0
2798,11176,Adam Hall,High Point,0.0,0.0,0.0,0.0
2799,11178,Jordan Burge,Murray St.,0.0,0.0,0.0,0.0
2800,11179,Cory Johnson,Valparaiso,0.75,0.6057692307692307,0.39285714285714285,0.8571428571428571
2801,11185,Ryan Brooks,Rhode Island,1.0,0.7,0.6,1.0
2802,11189,Tehran Cox,High Point,0.0,0.1111111111111111,0.15384615384615385,0.8333333333333334
2803,11190,Dathan Lyles,Cal St. Northridge,0.0,0.0,0.0,0.6666666666666666
2804,11200,Walt Allen,Presbyterian,0.0,0.625,0.36363636363636365,0.8928571428571429
2805,11208,Ben Knox,North Texas,0.0,0.3333333333333333,1.0,0.0
2806,11213,David Jeune,North Florida,1.0,0.6,0.375,0.0
2807,11214,Shawn Deadwiler,Utah Valley,0.0,0.3684210526315789,0.5555555555555556,0.8125
2808,11215,Mike Williams,Western Carolina,0.3333333333333333,0.2,0.1111111111111111,0.6190476190476191
2809,11216,Stephen O'Reilly,North Florida,0.0,0.0,0.0,1.0
2810,11218,Andy Diaz,North Florida,1.0,0.7058823529411765,0.6666666666666666,0.0
2811,11219,John Daniels,Columbia,0.6666666666666666,0.3888888888888889,0.6666666666666666,0.0
2812,11221,Tyler Honeycutt,UCLA,1.0,0.7021276595744681,0.25,1.0
2813,11223,Justin Baker,Utah Valley,1.0,0.6818181818181818,0.5588235294117647,0.3333333333333333
2814,11224,Tom Piscina,Columbia,0.0,0.0,0.0,0.0
2815,11226,Jason Beharie,Morehead St.,0.0,0.0,0.0,0.0
2816,11227,Sam Goodman,Morehead St.,0.5,0.391304347826087,0.4,1.0
2817,11228,Jamel Marshall,Morehead St.,0.0,0.8333333333333334,1.0,0.0
2818,11229,Aaron Williams,Morehead St.,0.0,0.0,0.0,0.0
2819,11231,Matt Balkema,Eastern Michigan,0.0,0.8571428571428571,0.6,0.0
2820,11232,Quintin Dailey,Eastern Michigan,0.0,0.2222222222222222,0.6666666666666666,1.0
2821,11235,Justin Brownlee,St. John's,0.9230769230769231,0.6590909090909091,0.5,1.0
2822,11239,Devin McBride,South Carolina St.,0.0,0.0,0.5,0.0
2823,11240,Kyle Greenwood,Troy,0.0,0.0,0.0,0.0
2824,11242,Donte Lopez,Lamar,0.0,0.0,0.0,1.0
2825,11243,Colin Nickerson,Fairfield,0.0,0.3157894736842105,0.25,0.9
2826,11247,Chris Sights,Prairie View A&M,0.0,0.23076923076923078,0.16666666666666666,0.5
2827,11248,Derek Needham,Fairfield,0.3333333333333333,0.15384615384615385,0.058823529411764705,0.5172413793103449
2828,11249,Todd Starks,Idaho St.,0.0,0.25,0.0,1.0
2829,11254,Johnny Mazza,Xavier,0.0,0.0,1.0,0.0
2830,11255,Stephen Shockley,Longwood,0.0,0.0,0.0,1.0
2831,11263,Dami Sapara,North Carolina Central,1.0,0.4230769230769231,0.6666666666666666,1.0
2832,11265,David Buchannon,Florida A&M,0.0,0.25,0.14285714285714285,0.6666666666666666
2833,11266,Zach Brown,Lipscomb,0.0,0.2,0.0,1.0
2834,11269,Keon Williams,Iona,0.0,0.5217391304347826,0.5,0.0
2835,11270,Timothy Zephyr,Norfolk St.,0.8,0.7272727272727273,0.7,1.0
2836,11271,Ryan Barbre,SMU,0.0,0.0,0.0,0.4
2837,11273,Junior Cadougan,Marquette,0.0,0.0,0.0,0.0
2838,11275,Derrick Nix,Michigan St.,0.6666666666666666,0.375,0.3333333333333333,0.0
2839,11280,Picasso Simmons,Murray St.,0.0,0.0,0.0,0.0
2840,11284,Charlie Woods,Cleveland St.,1.0,1.0,0.0,1.0
2841,11287,Travele Jones,Texas Southern,0.7647058823529411,0.5104166666666666,0.35,0.8181818181818182
2842,11296,Elijah Cunningham-Muhammad,Tennessee Tech,0.0,0.19607843137254902,0.12,0.8717948717948718
2843,11299,Tim Kamczyc,Cleveland St.,0.0,0.7407407407407407,0.8,1.0
2844,11309,Jerome Jordan,Tulsa,0.6440677966101694,0.5811965811965812,0.6212121212121212,0.0
2845,11316,Nate Zastrow,North Dakota St.,0.0,0.0,0.75,0.7916666666666666
2846,11322,Cameron Spencer,North Texas,0.0,0.4444444444444444,0.0,0.0
2847,11326,Michael Halford,Mississippi,0.0,0.0,0.0,0.0
2848,11329,Anthony Mason Jr.,St. John's,0.8,0.5925925925925926,0.4166666666666667,0.8181818181818182
2849,11333,Jacolby Wells,Mount St. Mary's,1.0,0.6666666666666666,1.0,0.0
2850,11334,Vince Rosario,Central Connecticut,0.0,0.3,0.0,0.8421052631578947
2851,11337,Alex Osborne,Loyola Marymount,1.0,0.5,0.75,0.0
2852,11338,Quincy Lawson,Loyola Marymount,0.0,0.0,0.0,0.0
2853,11339,Edgar Garibay,Loyola Marymount,0.6666666666666666,0.46153846153846156,0.6,0.0
2854,11340,Kelsey Chine,Loyola Marymount,0.0,0.0,0.0,1.0
2855,11343,Given Kalipinde,Loyola Marymount,0.0,0.25,0.0,0.8571428571428571
2856,11344,Darington Hobson,New Mexico,0.75,0.37606837606837606,0.1891891891891892,0.6923076923076923
2857,11351,Hassan Whiteside,Marshall,0.6,0.5064935064935064,0.6818181818181818,0.6666666666666666
2858,11352,Noah Fischer,Marshall,0.0,0.0,0.0,1.0
2859,11353,Victor Scott,Chicago St.,0.0,0.375,0.8,0.9166666666666666
2860,11355,Antonio Lofton,Chicago St.,1.0,0.34,0.25,1.0
2861,11356,Damian Windham,Chicago St.,0.0,0.13333333333333333,0.14285714285714285,0.0
2862,11357,Chris Williams,Central Arkansas,0.0,0.0,0.0,0.0
2863,11360,Marquel DeLancey,Old Dominion,0.0,0.2727272727272727,0.0,0.0
2864,11362,Rashad Wright,Charleston,0.5,0.5,1.0,0.0
2865,11363,Nick Wright,Old Dominion,0.6666666666666666,0.6,0.5,0.0
2866,11365,Arthur Bouedo,Wyoming,0.0,0.125,0.4,0.8125
2867,11367,Chris Gweth,Seattle,0.5,0.12195121951219512,0.16666666666666666,0.8378378378378378
2868,11369,Niyi Harrison,Santa Clara,0.8181818181818182,0.40625,0.5,0.0
2869,11378,Tony White Jr.,Charleston,0.0,0.2222222222222222,0.23333333333333334,0.6666666666666666
2870,11379,Zach Beach,The Citadel,0.0,0.0,0.0,0.0
2871,11383,Myles Luttman,SMU,0.0,0.6666666666666666,1.0,0.0
2872,11384,Kevin Laue,Manhattan,0.0,0.6666666666666666,0.0,0.0
2873,11386,Gabe Knutson,Lehigh,0.9230769230769231,0.7802197802197802,0.5909090909090909,0.0
2874,11387,Holden Greiner,Lehigh,1.0,0.5416666666666666,0.8,1.0
2875,11388,Jordan Hamilton,Texas,0.6,0.23529411764705882,0.03225806451612903,0.8793103448275862
2876,11391,Jai Lucas,Texas,0.0,0.0,0.0,0.5833333333333334
2877,11392,A.J. Walton,Baylor,0.0,0.21052631578947367,0.2,0.8125
2878,11393,Dragan Sekelja,Baylor,0.0,0.0,0.6666666666666666,1.0
2879,11396,Nolan Dennis,Baylor,0.5,0.8,0.5,1.0
2880,11397,Givon Crump,Baylor,0.0,0.0,0.0,1.0
2881,11399,Oscar Griffin,Baylor,0.0,0.0,0.0,0.0
2882,11406,Sherwood Brown,Florida Gulf Coast,0.0,0.37037037037037035,0.16666666666666666,1.0
2883,11407,Charlie Lytle,Florida Gulf Coast,0.0,0.8,0.8333333333333334,1.0
2884,11409,John Allen,Washington St.,0.0,0.0,1.0,1.0
2885,11415,Cedric Koffi,USC Upstate,0.0,0.5,0.25,0.8571428571428571
2886,11417,Pat Posey,USC Upstate,1.0,0.5531914893617021,0.5,0.8571428571428571
2887,11418,Carter Cook,USC Upstate,0.0,0.2692307692307692,0.2608695652173913,0.72
2888,11425,Justin Cobbs,Minnesota,1.0,0.25,0.0,0.6666666666666666
2889,11435,Jack Cooley,Notre Dame,0.0,0.25,0.0,0.0
2890,11436,Mike Broghammer,Notre Dame,1.0,0.7142857142857143,0.0,1.0
2891,11437,Adrian Powell,North Carolina A&T,0.0,0.5,0.0,0.75
2892,11439,DaMetrius Upchurch,North Carolina A&T,0.0,0.45,0.0,1.0
2893,11441,Christian Salecich,Saint Louis,0.0,0.1111111111111111,0.47619047619047616,0.8666666666666667
2894,11442,Bilal Dixon,Providence,0.85,0.5694444444444444,0.6666666666666666,0.0
2895,11443,Darrin Young,Saint Louis,0.0,0.0,0.0,0.0
2896,11447,Tj Douglas,Elon,0.0,0.5,0.8571428571428571,0.9571428571428572
2897,11454,Kj Sherrill,Charlotte,0.5,0.36363636363636365,0.75,0.0
2898,11455,Derrio Green,Charlotte,0.6666666666666666,0.20689655172413793,0.06666666666666667,0.7974683544303798
2899,11461,Ceola Clark,Western Illinois,0.0,0.16666666666666666,0.17857142857142858,0.66
2900,11464,Justin Luquire,Alabama,0.0,0.0,1.0,0.0
2901,11466,Garlon Green,TCU,0.75,0.6,0.36363636363636365,1.0
2902,11469,Daniel Calandrillo,Bryant,0.0,0.0,0.0,1.0
2903,11470,Tyler Griffey,Illinois,1.0,0.5714285714285714,0.9047619047619048,1.0
2904,11471,Brandon Paul,Illinois,0.5,0.35135135135135137,0.15,0.8611111111111112
2905,11472,Russell Johnson,Robert Morris,0.8571428571428571,0.3333333333333333,0.29411764705882354,0.9230769230769231
2906,11473,Brad Piehl,Robert Morris,0.0,0.5294117647058824,0.5,0.0
2907,11474,Roland Dunston,Maryland Eastern Shore,0.0,1.0,0.8333333333333334,1.0
2908,11475,Shawn Grant,UMBC,0.0,0.4166666666666667,0.36666666666666664,0.8918918918918919
2909,11478,David Terrell,Morehead St.,0.0,0.0,0.0,0.0
2910,11480,Brian Neller,UMBC,0.0,0.0,0.3333333333333333,0.9736842105263158
2911,11481,Steven Samuels,Saint Peter's,0.0,0.3125,0.5833333333333334,0.95
2912,11482,Coron Williams,Robert Morris,0.0,0.5,0.0,1.0
2913,11483,Karon Abraham,Robert Morris,0.0,0.2962962962962963,0.3333333333333333,0.8
2914,11484,D.J. Richardson,Illinois,0.6666666666666666,0.5,0.2857142857142857,0.8985507246376812
2915,11490,Jameel Forbes,Grambling St.,0.0,0.1111111111111111,0.0,0.0
2916,11494,Jake Lindfors,Albany,0.0,0.375,0.6,1.0
2917,11497,Mike Hart,Gonzaga,0.0,0.0,0.0,1.0
2918,11499,Will Reinke,Stephen F. Austin,1.0,0.6521739130434783,0.8235294117647058,1.0
2919,11505,Morris Smith IV,UTSA,1.0,0.22580645161290322,0.08571428571428572,0.9180327868852459
2920,11507,Jordan Turner,Pacific,0.0,0.0,0.0,0.0
2921,11519,Zeke Marshall,Akron,0.9333333333333333,0.782608695652174,0.6956521739130435,0.0
2922,11524,Germaine Sparkes,North Florida,0.0,0.18181818181818182,0.14285714285714285,0.8571428571428571
2923,11546,Marcus Ruppel,UTEP,0.0,0.0,0.0,1.0
2924,11547,Patrick Dame,Stony Brook,0.0,0.0,0.0,0.0
2925,11549,Arman Rasul,Illinois Chicago,0.0,1.0,0.0,0.0
2926,11551,Danny Nieman,Coastal Carolina,0.0,0.3333333333333333,0.07692307692307693,0.8
2927,11552,Quincy Diggs,New Orleans,0.0,0.5,0.2857142857142857,0.7692307692307693
2928,11563,Alex Newlin,SIU Edwardsville,0.0,0.0,1.0,1.0
2929,11567,Michael Aluise,Miami OH,0.0,0.0,0.0,0.0
2930,11580,Kevin Woods,Utah Valley,0.0,0.1111111111111111,0.13333333333333333,1.0
2931,11582,Jourdain Scoubes,Utah Valley,0.0,0.4166666666666667,0.5,0.975
2932,11583,Jason Holm,Utah Valley,0.0,0.0,0.0,0.0
2933,11584,Nick Jenson,Utah Valley,0.0,0.6,0.6666666666666666,0.0
2934,11585,Aaron England,Utah Valley,0.0,0.0,0.5789473684210527,0.8
2935,11588,Peter Zesterman,Dayton,0.0,0.0,0.0,0.0
2936,11590,Mangisto Arop,Gonzaga,1.0,0.42857142857142855,0.2,1.0
2937,11591,Jairus Simms,High Point,0.0,0.125,0.14285714285714285,0.9583333333333334
2938,11592,Brian Fisher,Winston Salem St.,0.0,0.3055555555555556,0.0,0.7666666666666667
2939,11602,Umur Peten,Binghamton,0.0,0.6956521739130435,0.5,0.6
2940,11612,L.A. Pomlee,Iowa St.,0.0,0.5,1.0,0.0
2941,11616,Chris Fouch,Drexel,1.0,0.5,0.6190476190476191,0.921875
2942,11619,Demetric Williams,Wichita St.,0.0,0.3888888888888889,0.375,0.6666666666666666
2943,11635,Mitchell Young,Saint Mary's,0.8888888888888888,0.7391304347826086,1.0,1.0
2944,11639,Steve Christensen,Portland St.,0.0,0.0,0.0,0.0
2945,11644,Shaun Pratl,Eastern Illinois,1.0,0.5384615384615384,0.6,1.0
2946,11645,Curry McKinney,Eastern Illinois,0.0,0.35,0.29411764705882354,0.9230769230769231
2947,11646,Eitan Chemerinski,Cornell,0.0,0.0,0.0,0.0
2948,11647,Antonio Haymon,Marshall,0.6666666666666666,0.3333333333333333,0.4666666666666667,1.0
2949,11650,Derick Flowers,UC Irvine,0.0,0.0,0.25,1.0
2950,11651,Terrell Holloway,Xavier,0.0,0.19607843137254902,0.0,0.6842105263157895
2951,11654,Mark Lyons,Xavier,0.0,0.3181818181818182,0.14285714285714285,0.8181818181818182
2952,11656,Phillip Thomas,Portland St.,0.0,0.2,0.3333333333333333,0.0
2953,11657,Melvin Jones,Portland St.,0.0,0.14814814814814814,0.06666666666666667,0.7763157894736842
2954,11659,Clifton Spiller,Wagner,0.75,0.45454545454545453,0.5,0.0
2955,11660,Nick Jordan,Central Michigan,0.0,0.0,0.0,0.0
2956,11662,Chris Harriel,Portland St.,1.0,0.25,0.25,0.875
2957,11665,Alonzo Brandon,Portland St.,0.0,1.0,0.75,0.9444444444444444
2958,11669,Jalin Thomas,Central Michigan,1.0,0.3142857142857143,0.29411764705882354,1.0
2959,11670,J'Covan Brown,Texas,0.0,0.09090909090909091,0.0,0.5789473684210527
2960,11671,Justin Butler,Arkansas St.,1.0,0.5,0.0,1.0
2961,11674,Rashad Allison,Arkansas St.,1.0,0.21428571428571427,0.2647058823529412,0.8125
2962,11675,Martavius Adams,Arkansas St.,0.8333333333333334,0.7115384615384616,0.5277777777777778,0.0
2963,11676,Brandon Peterson,Arkansas St.,0.7142857142857143,0.5217391304347826,0.3333333333333333,0.0
2964,11677,Ian Pinckney,Kent St.,0.0,0.2,0.0,0.0
2965,11681,Adam Sterrenberg,Arkansas St.,0.0,0.25,0.3333333333333333,0.8571428571428571
2966,11682,Sultan Toles-Bey,Sacramento St.,0.0,0.12,0.08,0.8387096774193549
2967,11683,Domineek Daniel,Sacramento St.,0.5,0.3333333333333333,0.5263157894736842,0.8461538461538461
2968,11684,Junior Treasure,Texas Southern,1.0,0.2631578947368421,0.0,0.6122448979591837
2969,11685,Jason West,Texas Southern,1.0,0.6,1.0,1.0
2970,11687,John Dickson,Sacramento St.,0.8571428571428571,0.5319148936170213,0.6190476190476191,0.8461538461538461
2971,11688,Dani Lopez,Sacramento St.,0.0,0.0,0.0,0.0
2972,11690,Abdallah Boune,Texas Southern,0.0,0.0,0.0,1.0
2973,11692,David Nelson,Iona,0.0,0.0,0.0,0.0
2974,11693,John Freeman,Southern Illinois,0.6,0.4117647058823529,0.42857142857142855,1.0
2975,11694,Caleb Patterson,Missouri St.,1.0,0.8,0.5409836065573771,1.0
2976,11698,Solomon Hill,Arizona,0.4,0.3404255319148936,0.13043478260869565,1.0
2977,11699,Kenny Franklin Jr.,Nicholls St.,0.0,0.3,0.16666666666666666,0.875
2978,11700,Brent Abendroth,Bryant,0.0,0.0,0.0,0.0
2979,11702,Lamont Jones,Arizona,0.0,0.4444444444444444,0.0975609756097561,1.0
2980,11704,Ebuka Anyaorah,Georgia,1.0,0.3333333333333333,0.6666666666666666,0.875
2981,11707,Peter Abraham,Stanford,0.0,0.0,0.0,1.0
2982,11711,Matt Grogan,Hofstra,0.0,0.0,0.0,1.0
2983,11713,David Imes,Hofstra,0.5,0.5,0.5,0.0
2984,11715,Joe Henson,San Jose St.,1.0,0.6,0.0,0.0
2985,11717,Chris Jones,San Jose St.,0.0,0.25,0.3333333333333333,0.0
2986,11718,Anthony Dixon,San Jose St.,0.0,0.25,0.5,0.0
2987,11719,Aalim Moor,San Jose St.,0.0,0.0,0.0,0.0
2988,11720,Kyle Thomas,San Jose St.,0.0,0.375,0.25,0.0
2989,11724,Shawn Echols,Houston Christian,0.0,0.6,0.3333333333333333,1.0
2990,11725,Jay Reynolds,Presbyterian,0.0,0.7692307692307693,0.5714285714285714,0.0
2991,11728,Caleb Palkert,USC Upstate,1.0,0.5909090909090909,0.75,0.0
2992,11729,Archie Seals,Chicago St.,0.0,0.0,0.0,0.0
2993,11730,Aaron Moise,Southern Illinois,0.0,0.0,0.0,0.0
2994,11739,Ivo Baltic,Ohio,0.8,0.6538461538461539,0.2857142857142857,0.0
2995,11742,Josh Noble,Weber St.,0.0,0.25,0.0,1.0
2996,11746,Markeys Deans,Central Connecticut,0.0,0.55,0.6,0.9230769230769231
2997,11748,Andrew Pavloff,William & Mary,0.0,0.0,0.0,0.0
2998,11750,Matt Rum,William & Mary,0.0,0.2,0.1,1.0
2999,11753,Reggie Keely,Ohio,1.0,0.5384615384615384,0.24,0.0
3000,11763,Jonathan Cruz,Quinnipiac,0.0,0.3404255319148936,0.6666666666666666,0.0
3001,11764,Jimmy McMurrin,Jacksonville,0.0,1.0,0.0,1.0
3002,11765,Josh Sparks,Jacksonville,0.0,0.0,1.0,0.0
3003,11766,Chris Rozier,Jacksonville,1.0,0.3333333333333333,0.6666666666666666,1.0
3004,11767,Glenn Powell,Jacksonville,0.8181818181818182,0.6756756756756757,0.9090909090909091,0.0
3005,11768,Chris Dixon,Alabama,0.0,0.0,0.0,0.0
3006,11769,Tevin Hall,Louisiana Tech,0.0,0.0,0.0,1.0
3007,11770,William Graves,North Carolina,0.25,0.25,0.09523809523809523,0.9558823529411765
3008,11773,Michael Tyler,Milwaukee,0.0,0.3333333333333333,0.0,1.0
3009,11774,Ja'Rob McCallum,Milwaukee,0.0,0.4166666666666667,0.21052631578947367,0.9772727272727273
3010,11775,Lonnie Boga,Milwaukee,0.0,0.35714285714285715,0.0,0.8571428571428571
3011,11776,Karl Moton,UAB,0.0,1.0,0.0,1.0
3012,11778,Ovie Soko,UAB,1.0,0.625,1.0,0.0
3013,11783,Andres Irarrazabal,Tennessee Martin,0.0,0.5151515151515151,1.0,0.0
3014,11788,Darius Conley,Saint Peter's,0.8571428571428571,0.6,0.6666666666666666,0.0
3015,11790,Eric Dearden,Utah Valley,0.0,0.5,0.35714285714285715,1.0
3016,11799,Velton Jones,Robert Morris,0.0,0.2,0.2903225806451613,0.75
3017,11801,Jeff Robinson,Xavier,1.0,0.42857142857142855,1.0,0.0
3018,11811,Lin Chang,Long Beach St.,0.0,0.0,0.0,0.0
3019,11813,Anthony Phillip,Western Carolina,0.0,0.0,0.0,1.0
3020,11817,Vince Martin,Arkansas Pine Bluff,0.0,1.0,0.5,1.0
3021,11821,Javan Mitchell,Louisiana,0.0,0.5555555555555556,0.4444444444444444,0.0
3022,11822,Terrence Turner,UNC Asheville,0.0,0.75,0.0,0.0
3023,11826,Jeremy Harn,UNC Asheville,0.0,0.0,0.0,0.0
3024,11831,Sam Prescott,Marist,0.0,0.19230769230769232,0.3333333333333333,1.0
3025,11833,Chalmers Rogers,USC Upstate,0.0,0.25,0.7333333333333333,0.8571428571428571
3026,11839,Kierre Greenwood,Coastal Carolina,0.0,0.3448275862068966,0.10714285714285714,0.8
3027,11848,David Hinton,VCU,0.0,1.0,0.0,0.0
3028,11853,Jay Thames,Oakland,0.0,0.0,0.0,0.0
3029,11854,Aaron Patterson,Stephen F. Austin,0.0,0.0,0.0,0.0
3030,11858,John Jenkins,Vanderbilt,0.8333333333333334,0.7142857142857143,0.5454545454545454,0.9117647058823529
3031,11861,Will Townsville,Delaware,0.0,0.0,0.0,0.0
3032,11869,Jamelle Hagins,Delaware,1.0,0.6904761904761905,0.7083333333333334,0.0
3033,11873,Josh Brinkley,Delaware,0.75,0.4722222222222222,0.75,0.0
3034,11874,Brandon Ubel,Nebraska,0.0,0.8333333333333334,0.6086956521739131,1.0
3035,11876,Jordan Reves,UT Arlington,0.8,0.5789473684210527,0.5,0.0
3036,11877,Bol Kong,Gonzaga,0.5,0.25,0.0,0.8695652173913043
3037,11878,Trey Finn,Arkansas St.,1.0,0.21739130434782608,0.42105263157894735,0.9310344827586207
3038,11879,Elias Harris,Gonzaga,0.7096774193548387,0.5274725274725275,0.3125,0.8260869565217391
3039,11882,Kelly Olynyk,Gonzaga,0.8,0.6111111111111112,0.2222222222222222,1.0
3040,11886,Ian Salter,Toledo,1.0,0.5925925925925926,0.3333333333333333,0.0
3041,11892,LaDaris Green,Kennesaw St.,0.0,0.40425531914893614,0.7222222222222222,0.9375
3042,11894,Rasason Young,Montana,1.0,0.4375,0.45454545454545453,0.9523809523809523
3043,11895,Rodney Haddix,Miami OH,1.0,0.6842105263157895,0.2857142857142857,0.9565217391304348
3044,11896,Will Cherry,Montana,1.0,0.2,0.08823529411764706,0.8333333333333334
3045,11898,Brandon Davis,UNC Greensboro,0.0,0.0,0.0,0.0
3046,11908,D.J. Cooper,Ohio,0.0,0.18867924528301888,0.0,0.640625
3047,11909,John Riek,Mississippi St.,0.0,0.0,0.5,0.0
3048,11911,Jay Kinney,Ohio,0.0,0.4782608695652174,0.13333333333333333,0.9354838709677419
3049,11915,David McKinley,Ohio,0.0,0.0,0.0,0.0
3050,11926,Leroy Nobles,IU Indy,1.0,0.4,0.23076923076923078,0.9104477611940298
3051,11933,Kenny Gabriel,Auburn,0.5,0.5,0.6666666666666666,0.8
3052,11934,Rob Chubb,Auburn,0.0,0.6666666666666666,0.0,0.0
3053,11935,Atakan Yurttas,McNeese St.,0.0,0.0,0.0,0.0
3054,11938,Corey Person,Michigan,0.0,0.0,0.0,0.0
3055,11940,Mason Felter,Wichita St.,0.0,0.0,1.0,0.0
3056,11943,Gabe Blair,Wichita St.,0.5,0.5531914893617021,0.5925925925925926,0.0
3057,11945,Trevor Deloach,UNC Wilmington,0.0,0.375,0.2727272727272727,1.0
3058,11954,Dan Stockdale,North Dakota,0.0,0.0,0.0,0.0
3059,11955,Ahmad Grant,UNC Wilmington,0.625,0.4,0.18518518518518517,0.9534883720930233
3060,11961,David (DJ) Jackson,Penn St.,0.0,0.6595744680851063,0.6896551724137931,1.0
3061,11968,Justin Ray,Texas Southern,0.0,0.25,0.0,0.7777777777777778
3062,11972,Vincent Council,Providence,0.0,0.1956521739130435,0.0,0.5263157894736842
3063,11975,Chris Carter,Providence,0.0,0.0,0.0,0.0
3064,11977,Terrance Coleman,Tennessee Martin,0.75,0.5263157894736842,0.4444444444444444,0.875
3065,11987,Elliot Williams,Memphis,0.6333333333333333,0.4387755102040816,0.2,0.55
3066,11988,Demitrius Conger,St. Bonaventure,0.75,0.21739130434782608,0.0,1.0
3067,11989,Brett Roseboro,St. Bonaventure,0.0,0.6666666666666666,0.8,0.0
3068,11990,Marquise Simmons,St. Bonaventure,0.0,0.5416666666666666,0.36363636363636365,0.0
3069,11991,Mark Coury,Cornell,1.0,0.7037037037037037,0.75,0.0
3070,11992,Josh Figini,Cornell,0.0,0.0,0.0,0.0
3071,11995,Simeon Marsalis,Vermont,0.0,0.2857142857142857,0.25,0.75
3072,11996,Gertavian Blake,Jackson St.,1.0,0.5652173913043478,0.25,0.0
3073,11997,Ben Crenca,Vermont,0.0,0.41379310344827586,0.3333333333333333,0.0
3074,12003,Cervante Burrell,Seattle,0.0,0.2028985507246377,0.288135593220339,0.8
3075,12004,Garrett Lever,Seattle,0.0,0.1,0.2,1.0
3076,12005,Tony Fiegen,South Dakota St.,0.0,0.3333333333333333,0.625,0.0
3077,12006,Chad White,South Dakota St.,0.0,1.0,0.0,1.0
3078,12007,Nate Wolters,South Dakota St.,0.0,0.11627906976744186,0.058823529411764705,0.6666666666666666
3079,12008,Marc Sonnen,Northern Iowa,0.0,0.2,0.625,0.9545454545454546
3080,12009,Sharod Minus,USC Upstate,0.0,1.0,0.25,1.0
3081,12010,Ryan LeGates,USC Upstate,0.0,0.3333333333333333,0.391304347826087,0.9444444444444444
3082,12018,Sam Smithson,Western Carolina,0.0,1.0,0.0,0.0
3083,12019,Gregg Wooten,Samford,0.0,0.0,0.0,1.0
3084,12023,A.J. Holland,Rice,0.0,0.0,0.5,1.0
3085,12024,Chris Eversley,Rice,1.0,1.0,1.0,1.0
3086,12027,Stuart Pirri,Rice,0.0,0.0,0.0,0.0
3087,12029,Tamir Jackson,Rice,0.0,0.3269230769230769,0.04081632653061224,0.8461538461538461
3088,12031,Darryl Ashford,Creighton,0.5,0.3225806451612903,0.41379310344827586,0.8928571428571429
3089,12035,Aj Atkinson,Davidson,0.0,0.0,0.0,0.0
3090,12045,Ethan Wragge,Creighton,0.0,0.75,1.0,0.9705882352941176
3091,12051,Andrew Smith,Butler,0.0,0.2857142857142857,1.0,0.0
3092,12054,Andrew Zimmermann,Stanford,1.0,0.6666666666666666,0.875,0.0
3093,12055,Gabriel Harris,Stanford,0.0,0.5,0.16666666666666666,0.6666666666666666
3094,12056,Kevin Menner,Cal St. Northridge,0.5,0.3333333333333333,0.36363636363636365,0.0
3095,12057,David O'Shaughnessey,Mercer,0.0,0.0,0.0,0.0
3096,12058,Chris Smith,Mercer,0.0,0.25,0.0,1.0
3097,12059,Ridas Pulkauninkas,Mercer,0.0,0.0,0.5,1.0
3098,12060,Greg LeSage,Green Bay,0.0,0.5,1.0,0.0
3099,12061,Jeff Smith,Mercer,0.3333333333333333,0.24074074074074073,0.05555555555555555,0.88
3100,12062,Brandon Moore,Mercer,0.9285714285714286,0.453125,0.29411764705882354,1.0
3101,12067,JayDee Luster,Wyoming,0.0,0.0,0.16666666666666666,0.631578947368421
3102,12068,Thomas Manzano,Wyoming,1.0,0.625,0.0,1.0
3103,12069,Daylen Harrison,Wyoming,0.0,0.0,0.3333333333333333,1.0
3104,12073,Lamar Pittman,North Carolina Central,0.0,1.0,0.0,0.0
3105,12075,Abdul Gaddy,Washington,0.0,0.3,0.2857142857142857,1.0
3106,12076,Johnny Lee,Lipscomb,0.0,0.0,0.0,0.8
3107,12077,Cameron Long,George Mason,0.375,0.2682926829268293,0.06818181818181818,0.8235294117647058
3108,12078,Vincent Williams,Georgia,0.0,0.0,0.25,1.0
3109,12079,Terrell Barnes,Tennessee Tech,1.0,0.42857142857142855,0.4666666666666667,0.0
3110,12084,Isaac Brown,Florida A&M,0.0,0.0,0.0,1.0
3111,12085,Vincent Goldsberry,Coppin St.,0.0,0.11764705882352941,0.18518518518518517,0.5
3112,12086,Carl Baptiste,Saint Joseph's,0.6666666666666666,0.5384615384615384,0.7857142857142857,1.0
3113,12100,Zach Peacock,Georgia Tech,1.0,0.46808510638297873,0.4772727272727273,0.8947368421052632
3114,12103,Keith Manley,Gardner Webb,0.0,0.0,0.0,0.0
3115,12114,Toarlyn Fitzpatrick,South Florida,0.8571428571428571,0.6923076923076923,0.5833333333333334,1.0
3116,12116,Jean Herbert-Harris,Brown,0.0,0.5,0.2857142857142857,1.0
3117,12117,Mark Holmes,Mississippi Valley St.,0.0,0.0,1.0,1.0
3118,12119,Cor-J Cox,Mississippi Valley St.,0.8571428571428571,0.6206896551724138,0.625,1.0
3119,12131,Tyler Cain,South Dakota,0.8275862068965517,0.7410071942446043,0.46153846153846156,0.0
3120,12135,David Arnold,Northern Colorado,0.0,1.0,0.0,0.5
3121,12138,Hauns Brereton,Northern Colorado,0.0,0.5,0.5,0.6666666666666666
3122,12141,Logan Magnusson,BYU,0.0,0.0,1.0,1.0
3123,12144,Alfred Frayer,Alabama A&M,0.0,0.0,0.0,0.0
3124,12146,Dan Jennings,West Virginia,0.6666666666666666,0.4,0.5,0.0
3125,12147,Dwight Thorne II,Colorado,0.0,0.4375,0.35294117647058826,1.0
3126,12149,Bryan Lowther,West Virginia,0.0,0.0,0.0,0.0
3127,12151,Casey Mitchell,West Virginia,0.0,0.5714285714285714,0.2,0.9230769230769231
3128,12152,Deniz Kilicli,West Virginia,1.0,0.5714285714285714,0.5714285714285714,0.0
3129,12156,Maurice Kemp,Alabama A&M,0.3333333333333333,0.3333333333333333,0.8,0.8
3130,12160,Roman Gentry,South Dakota,0.0,0.6140350877192983,0.5384615384615384,0.875
3131,12161,Malcom Eleby,St. Bonaventure,0.0,0.25,0.16666666666666666,0.5
3132,12165,Greg Martin,Fairfield,0.0,1.0,0.0,0.0
3133,12166,Aaron Clayborn,Texas Southern,0.8888888888888888,0.5957446808510638,0.45454545454545453,0.0
3134,12167,Seth Evans,Green Bay,0.0,0.45454545454545453,0.3333333333333333,0.9310344827586207
3135,12168,Myles Holley,Nebraska,0.6666666666666666,0.7058823529411765,0.8571428571428571,0.0
3136,12169,Rasheem Jenkins,Florida A&M,0.0,0.0,0.18181818181818182,0.5714285714285714
3137,12170,Christian Standhardinger,Nebraska,0.0,0.3125,0.5,1.0
3138,12171,Matt Lyde-Cajuste,Syracuse,0.0,0.0,0.0,0.0
3139,12175,Kyle Wright,Providence,0.0,1.0,0.5,1.0
3140,12183,Kevin Dukes,Bethune Cookman,0.0,0.5,0.8,0.9545454545454546
3141,12186,Richard Howell,N.C. State,0.5,0.5,0.5294117647058824,1.0
3142,12188,Zach Jones,Tennessee Martin,0.3333333333333333,0.35,0.9166666666666666,1.0
3143,12189,Jamar Diggs,Wofford,0.0,0.2647058823529412,0.2222222222222222,0.782608695652174
3144,12193,Joey Brooks,Notre Dame,0.0,0.6666666666666666,0.2,1.0
3145,12195,Chris Meriweather,Vanderbilt,0.0,1.0,0.0,0.0
3146,12196,Jonathan Lee,Northeastern,0.0,0.0,0.0,0.0
3147,12199,Adam Young,Alabama A&M,1.0,0.3157894736842105,0.2222222222222222,0.0
3148,12200,Emanuel Bidias A Moute,Texas St.,1.0,0.5555555555555556,0.3157894736842105,0.0
3149,12204,Drejon Scott,NJIT,0.0,0.3333333333333333,0.0,0.8181818181818182
3150,12210,Courtney Jackson,Little Rock,1.0,0.30303030303030304,0.6190476190476191,0.0
3151,12212,Tomas Bruha,San Francisco,1.0,0.4444444444444444,0.42857142857142855,0.0
3152,12213,Wayne Burton,Little Rock,1.0,0.6363636363636364,0.5714285714285714,0.0
3153,12216,Baxter Price,Mississippi St.,0.0,0.0,0.0,0.0
3154,12226,Casaan Breeden,Charleston,0.5833333333333334,0.6129032258064516,0.45,0.9767441860465116
3155,12227,Brandon Davies,BYU,1.0,0.6451612903225806,0.37142857142857144,0.0
3156,12229,Bo Amusa,Alabama A&M,0.46153846153846156,0.3877551020408163,0.5384615384615384,1.0
3157,12230,Danny Mundweiler,Wagner,0.0,0.14285714285714285,0.75,0.9
3158,12235,Jeron Belin,Saint Peter's,0.75,0.390625,0.0,1.0
3159,12238,Drew Valentine,Oakland,0.0,0.375,0.5,1.0
3160,12239,Jonathan Whipple,Kennesaw St.,1.0,0.6,0.6666666666666666,1.0
3161,12241,Ledrick Eackles,Oakland,0.6666666666666666,0.2692307692307692,0.19047619047619047,0.5714285714285714
3162,12248,Jon-Michael Nickerson,Kennesaw St.,0.0,0.3902439024390244,0.34615384615384615,1.0
3163,12257,Sean McCarthy,NJIT,0.0,0.125,0.25,0.0
3164,12263,Dane Church,SIU Edwardsville,0.0,0.0,0.0,0.0
3165,12265,Max Zhang,California,0.8,0.6,0.7142857142857143,0.0
3166,12267,Mike Bersch,American,0.0,0.6666666666666666,0.0,0.9166666666666666
3167,12268,Willie Cruz,Eastern Kentucky,0.0,0.7096774193548387,0.0,1.0
3168,12270,Greg Robbins,Richmond,0.0,0.3333333333333333,0.0,0.6666666666666666
3169,12271,Paul Davis,Winston Salem St.,0.6046511627906976,0.43010752688172044,0.3888888888888889,0.0
3170,12272,Jonathan Benjamin,Richmond,0.0,0.0,1.0,0.0
3171,12273,Corey Morris,Winston Salem St.,0.0,0.4666666666666667,0.0,0.0
3172,12275,Roosevelt Johnson,Southeastern Louisiana,0.0,0.2222222222222222,0.5,0.0
3173,12276,Jason Marks,Southeastern Louisiana,0.0,0.7857142857142857,0.7,0.0
3174,12277,Rodney Jones,Southeastern Louisiana,0.5,0.5909090909090909,0.17647058823529413,0.7727272727272727
3175,12278,Mason Plumlee,Duke,0.625,0.575,0.0,0.5
3176,12279,Willis Hall,Charleston,1.0,0.58,0.5217391304347826,1.0
3177,12284,Ogo Adegboye,St. Bonaventure,0.0,0.125,0.125,0.9310344827586207
3178,12292,Zach Fields,Ball St.,0.0,0.5,1.0,0.0
3179,12293,Duke Mondy,Providence,0.0,0.3333333333333333,0.4,0.7894736842105263
3180,12294,Johnnie Lacy,Providence,0.0,0.14285714285714285,0.0,1.0
3181,12295,Maurice Hubbard,Ball St.,1.0,0.6,0.5454545454545454,0.0
3182,12297,Chris Ebersole,Stanford,0.0,1.0,0.0,0.0
3183,12298,Ronald Spencer,Tennessee Martin,1.0,0.6875,0.5,0.0
3184,12299,C.J. Harris,Wake Forest,0.6666666666666666,0.41935483870967744,0.3125,0.8571428571428571
3185,12301,Torin Walker,Oklahoma St.,0.0,1.0,0.0,0.0
3186,12302,Shamari Spears,Charlotte,0.0,0.4880952380952381,0.5529411764705883,0.5714285714285714
3187,12303,Spencer Perrin,Eastern Kentucky,0.9523809523809523,0.7164179104477612,0.35714285714285715,1.0
3188,12305,J.R. Weston,Stetson,0.0,0.0,0.0,0.875
3189,12307,Will Donahue,Cal Poly,0.0,0.5757575757575758,0.6153846153846154,0.0
3190,12308,Darius Redding,Louisiana Tech,0.25,0.17647058823529413,0.14285714285714285,1.0
3191,12310,DeAndre Brown,Louisiana Tech,0.0,0.19047619047619047,0.075,0.8292682926829268
3192,12313,Denmore McDermott,Wake Forest,0.0,0.0,0.0,0.0
3193,12314,Josh Freelove,Toledo,1.0,0.4166666666666667,0.2608695652173913,1.0
3194,12316,Malcolm Griffin,Toledo,0.0,0.15789473684210525,0.14285714285714285,1.0
3195,12318,Peter McMillan,Cornell,0.0,0.0,0.0,1.0
3196,12319,Miles Asafo-Adjei,Cornell,0.0,0.0,0.0,0.0
3197,12320,Terrance Hill,Loyola Chicago,0.0,0.2857142857142857,0.09523809523809523,0.7045454545454546
3198,12321,Ben Averkamp,Loyola Chicago,0.5,0.6111111111111112,0.7741935483870968,1.0
3199,12323,Charles Winborne,Loyola Chicago,0.0,0.0,0.0,1.0
3200,12328,Kareem Brown,Coppin St.,0.0,0.4166666666666667,0.4,0.8727272727272727
3201,12332,Quinston Reggins,Coppin St.,0.0,0.1111111111111111,0.38461538461538464,0.8333333333333334
3202,12333,Jonathan Landry,Coppin St.,0.0,0.0,1.0,1.0
3203,12334,Phil Beans,Holy Cross,1.0,0.625,0.6666666666666666,0.0
3204,12337,Matt Kenney,Valparaiso,0.25,0.4,0.25,1.0
3205,12338,Chris Reaves,Austin Peay,1.0,0.75,0.6666666666666666,1.0
3206,12339,Justin Blake,Austin Peay,0.0,0.47058823529411764,0.3333333333333333,0.9354838709677419
3207,12340,Austonn Lazoff,Portland St.,0.0,0.0,0.0,0.0
3208,12342,Griffin Hoffmann,Syracuse,0.0,1.0,0.0,0.0
3209,12344,Nick Resavy,Syracuse,0.0,1.0,0.0,0.0
3210,12345,James Southerland,Syracuse,1.0,1.0,0.875,0.8333333333333334
3211,12347,Nathan Healy,Appalachian St.,0.0,0.6666666666666666,0.2857142857142857,1.0
3212,12349,Ken Rancifer,San Diego,0.75,0.42857142857142855,0.4166666666666667,0.9333333333333333
3213,12350,Rafael Crescencio,San Diego,0.0,0.0,0.0,0.0
3214,12351,Alejo Rodriguez,Iona,0.7222222222222222,0.7047619047619048,0.5,0.0
3215,12352,Patrick McCollum,San Diego,0.0,0.18181818181818182,0.125,0.6666666666666666
3216,12355,Chris Manresa,San Diego,0.5,0.6388888888888888,0.625,1.0
3217,12357,Anaclet Mulumba Mbayi,Fairleigh Dickinson,0.0,0.42857142857142855,0.3333333333333333,1.0
3218,12360,Mike Pouncy,Central Arkansas,0.0,0.125,0.16666666666666666,1.0
3219,12361,Dewan Clayborn,Central Arkansas,0.0,0.25,0.5,0.95
3220,12362,Chris Henson,Central Arkansas,0.0,0.4,0.0,0.5
3221,12363,Jerard Ajami,Milwaukee,0.0,0.75,0.4,0.9047619047619048
3222,12365,Melvyn Oliver,Seton Hall,0.0,0.4,0.0,0.0
3223,12373,Jordan Williams,Maryland,0.9230769230769231,0.5728155339805825,0.7142857142857143,0.0
3224,12376,Bryan Emanuel,Cal St. Bakersfield,0.0,0.3684210526315789,0.0,0.8888888888888888
3225,12381,Denzel Barnes,Stephen F. Austin,0.0,0.16666666666666666,0.14285714285714285,0.6956521739130435
3226,12382,Stallon Saldivar,Northern Arizona,0.0,0.2,0.0,0.7777777777777778
3227,12383,Rob Johnson,Marist,0.0,0.5,0.3695652173913043,0.9
3228,12385,Michael Dunn,Northern Arizona,0.0,0.0,0.0,0.0
3229,12386,DeAngelo Jones,Northern Arizona,0.5,0.48936170212765956,0.5,1.0
3230,12387,Mathias Ward,Montana,1.0,0.6923076923076923,0.0,0.0
3231,12391,Lionell Holmes,Stephen F. Austin,0.0,0.0,0.0,1.0
3232,12394,Byron Pickens,Tennessee Tech,1.0,0.5789473684210527,0.25,0.0
3233,12396,Jud Dillard,Tennessee Tech,0.8,0.5238095238095238,0.21739130434782608,1.0
3234,12401,Alex Jones,Seattle,0.0,0.3939393939393939,0.5,1.0
3235,12403,Charles Garcia,Seattle,0.5714285714285714,0.32727272727272727,0.417910447761194,0.6153846153846154
3236,12404,Ricky Berry,Seattle,0.0,0.3333333333333333,0.0,0.8
3237,12407,Tyler Foster,Memphis,0.0,1.0,0.0,0.0
3238,12408,Seve Beach,Purdue Fort Wayne,0.0,0.0,0.0,1.0
3239,12422,Malik Thomas,Memphis,0.0,0.0,0.0,0.0
3240,12425,Aaric Murray,La Salle,0.8387096774193549,0.7066666666666667,0.6190476190476191,0.8387096774193549
3241,12426,Parrish Grant,La Salle,0.0,0.5714285714285714,0.6,0.9090909090909091
3242,12427,T.T. Carey,La Salle,0.0,0.6,0.3333333333333333,1.0
3243,12438,Michael Mayo,Mississippi Valley St.,0.0,0.0,1.0,1.0
3244,12439,Joshua Mack,Mississippi Valley St.,0.0,0.4,1.0,0.25
3245,12444,Darian Donald,Mississippi Valley St.,0.5,0.375,0.2222222222222222,0.85
3246,12467,Robbie Robinson,Cal St. Fullerton,0.0,0.0,0.0,1.0
3247,12468,Greg Avila,Kent St.,0.0,0.0,0.0,0.0
3248,12469,Darius Baugh,Savannah St.,0.0,0.0,0.5714285714285714,0.9
3249,12470,Cameron Catlett,UT Arlington,0.0,0.38461538461538464,0.0,0.0
3250,12472,Andrew Anderson,Savannah St.,0.0,0.0,0.3333333333333333,0.5
3251,12473,Cedric Smith,Savannah St.,0.0,0.16666666666666666,0.3333333333333333,1.0
3252,12480,Travis Mertens,North Dakota,0.6,0.4528301886792453,0.275,1.0
3253,12481,Dustin Monsebroten,North Dakota,0.0,0.14285714285714285,0.2857142857142857,0.75
3254,12482,Patrick Mitchell,North Dakota,1.0,0.5263157894736842,0.3,0.9074074074074074
3255,12483,Mike Mathison,North Dakota,0.0,0.4,0.0,1.0
3256,12491,Tyrone Shelley,San Diego St.,0.0,0.65625,0.2631578947368421,0.9375
3257,12495,Dera Nd-Ezuma,Rider,1.0,0.6666666666666666,0.0,0.0
3258,12496,Westley Telfare,South Carolina St.,0.0,0.0,0.2,1.0
3259,12502,Bryce Webster,Cal St. Fullerton,1.0,0.6851851851851852,0.65,0.0
3260,12505,Jauwan Scaife,Ball St.,0.0,0.391304347826087,0.52,0.926829268292683
3261,12506,Myron Green,Ball St.,0.0,0.2857142857142857,0.5,1.0
3262,12512,Luis Flores,Northern Arizona,0.0,0.0,0.0,1.0
3263,12514,Gabe Rogers,Northern Arizona,0.0,0.4,0.46153846153846156,1.0
3264,12518,Brandon Hobbs,Winston Salem St.,0.0,0.3333333333333333,0.0,1.0
3265,12519,Ricky Bolton,Winston Salem St.,0.0,0.0,1.0,0.0
3266,12522,James Erger,Bowling Green,0.0,0.0,0.0,1.0
3267,12523,Scott Christopherson,Iowa St.,0.0,0.15384615384615385,0.5172413793103449,0.9777777777777777
3268,12529,Marvin Roberts,FIU,0.4444444444444444,0.379746835443038,0.3488372093023256,0.9069767441860465
3269,12530,Ben Kneller,San Diego St.,0.0,0.0,0.0,0.0
3270,12531,Stephon Weaver,FIU,0.0,0.2222222222222222,0.20588235294117646,0.7222222222222222
3271,12535,Patrick Souter,Milwaukee,0.0,0.375,0.0,1.0
3272,12540,Lance Feurtado,Grambling St.,0.0,0.28888888888888886,0.46511627906976744,0.90625
3273,12541,Riley Walker,Milwaukee,0.0,0.5,0.5,1.0
3274,12546,Stan Januska,North Florida,0.0,0.46153846153846156,0.3,0.9361702127659575
3275,12548,Bakari Taylor,Hampton,0.0,0.6666666666666666,1.0,0.0
3276,12549,Will Coleman,Memphis,0.9459459459459459,0.6551724137931034,0.4166666666666667,0.0
3277,12552,Jordan Springer,Army,0.0,1.0,0.0,0.0
3278,12555,Avery Bradley,Texas,0.42857142857142855,0.3404255319148936,0.37142857142857144,0.9523809523809523
3279,12561,Muhamed Hasani,Rutgers,0.0,1.0,0.0,1.0
3280,12562,James Beatty,Rutgers,0.0,0.25,0.09090909090909091,0.7567567567567568
3281,12563,Michael Craion,Oral Roberts,0.7142857142857143,0.47368421052631576,0.3076923076923077,1.0
3282,12565,Javier Nasarre,Oral Roberts,0.0,0.8333333333333334,1.0,1.0
3283,12566,Mikey Manghum,Oral Roberts,0.0,0.0,0.0,1.0
3284,12567,Damen Bell-Holter,Oral Roberts,0.0,0.4146341463414634,0.36363636363636365,0.0
3285,12569,"Roderick Pearson, Jr.",Oral Roberts,0.0,1.0,0.0,1.0
3286,12583,Brock Zylstra,BYU,0.0,0.6666666666666666,0.3333333333333333,0.0
3287,12594,Ralph Sampson III,Minnesota,0.96,0.6964285714285714,0.7333333333333333,0.0
3288,12598,Shane Heirman,Tulsa,0.0,0.0,0.0,1.0
3289,12601,Michael Lyons,Air Force,0.5,0.46875,0.25,1.0
3290,12602,Tyler Thalken,Denver,0.0,1.0,0.3333333333333333,1.0
3291,12606,Jamie Egenti,North Texas,0.0,0.0,0.0,0.0
3292,12610,Mike Stovall,DePaul,0.75,0.6875,0.4117647058823529,0.7272727272727273
3293,12611,Ryan Siggins,DePaul,0.0,0.0,0.5,1.0
3294,12613,Sulskis Vytas,Youngstown St.,0.0,0.42857142857142855,0.4074074074074074,0.9736842105263158
3295,12614,Chris Flores,NJIT,0.2857142857142857,0.31666666666666665,0.5652173913043478,0.8076923076923077
3296,12617,Zak Estes,Richmond,0.0,0.0,0.0,0.0
3297,12620,Daniel Orton,Kentucky,0.8461538461538461,0.6451612903225806,0.8235294117647058,0.0
3298,12621,Eric Bledsoe,Kentucky,0.5,0.2916666666666667,0.14285714285714285,0.9795918367346939
3299,12623,Demario Williams,Middle Tennessee,0.0,0.3333333333333333,0.0,1.0
3300,12627,Jeremy Williams,UTEP,0.5882352941176471,0.5185185185185185,0.46153846153846156,0.96
3301,12630,James Rader,South Dakota St.,0.0,0.0,0.0,1.0
3302,12631,Khris Middleton,Texas A&M,0.5,0.36666666666666664,0.3333333333333333,1.0
3303,12634,Douglas Kurtz,Hawaii,1.0,0.75,0.2857142857142857,0.0
3304,12637,John Wall,Kentucky,0.5757575757575758,0.27586206896551724,0.075,0.6666666666666666
3305,12638,Cameron Butler,Southeast Missouri St.,0.8,0.6,0.4375,0.0
3306,12640,Brian McNair,Gardner Webb,0.0,0.4,0.3333333333333333,0.6666666666666666
3307,12641,DeAntre Jefferson,Chattanooga,0.8333333333333334,0.6349206349206349,0.4166666666666667,0.0
3308,12642,Troy Cage,Chattanooga,0.0,0.25,0.0,1.0
3309,12644,Ridge McKeither,Chattanooga,0.9285714285714286,0.4788732394366197,0.3076923076923077,1.0
3310,12645,Jordan Dressler,Toledo,0.0,0.625,0.5909090909090909,0.0
3311,12647,Keegan Bell,Chattanooga,0.0,0.20833333333333334,0.0,0.6086956521739131
3312,12649,Malcolm Washington,Penn,0.0,0.0,0.0,0.0
3313,12651,Brandon Scott,UC Irvine,0.0,1.0,0.0,0.0
3314,12652,Zack Gordon,Penn,0.0,0.6666666666666666,0.0,0.0
3315,12653,Brian Fitzpatrick,Penn,1.0,0.5454545454545454,0.6666666666666666,1.0
3316,12655,Nate Bendall,Utah St.,1.0,0.6777777777777778,0.7380952380952381,0.0
3317,12656,Nick Neari,Iowa,0.0,0.0,0.0,0.0
3318,12657,Torye Pelham,Southern Miss,0.8888888888888888,0.5833333333333334,0.5333333333333333,1.0
3319,12659,Angelo Johnson,Southern Miss,0.0,0.17857142857142858,0.16129032258064516,0.6571428571428571
3320,12660,Derrick Williams,Arizona,0.825,0.6434108527131783,0.5517241379310345,1.0
3321,12661,Kyryl Natyazhko,Arizona,1.0,0.7777777777777778,0.36363636363636365,1.0
3322,12662,Kevin Parrom,Arizona,0.0,0.5294117647058824,0.4444444444444444,1.0
3323,12664,Tommy Eggleston,Penn,0.0,0.0,0.0,0.0
3324,12665,Ed Thomas,Western Michigan,0.0,0.0,0.0,0.0
3325,12666,Nate Hutcheson,Western Michigan,0.8333333333333334,0.5161290322580645,0.18181818181818182,0.9411764705882353
3326,12667,Brandon Pokley,Western Michigan,0.0,0.0,0.0,1.0
3327,12668,Eric May,Iowa,0.2857142857142857,0.48717948717948717,0.3333333333333333,0.926829268292683
3328,12671,Khalid Mutakabbir,Presbyterian,0.75,0.34615384615384615,0.2916666666666667,1.0
3329,12672,Ryan Hargrave,Presbyterian,0.0,0.6666666666666666,0.5789473684210527,0.8636363636363636
3330,12674,Reed Baker,Florida Gulf Coast,0.0,0.6086956521739131,0.5625,0.9387755102040817
3331,12675,Kyle Fowler,Wake Forest,0.0,0.0,0.0,0.0
3332,12676,Luke Engelken,Gardner Webb,0.0,1.0,0.0,1.0
3333,12690,Josh Wallace,Auburn,0.0,0.0,0.0,1.0
3334,12691,Tony Neysmith,Auburn,0.0,0.0,0.0,0.0
3335,12692,Lewis Leonard,St. Bonaventure,1.0,1.0,0.0,0.0
3336,12695,Bryan Bynes,George Washington,0.3333333333333333,0.3157894736842105,0.4,1.0
3337,12696,Ed Rolax,Florida Gulf Coast,1.0,0.5238095238095238,0.6,1.0
3338,12697,Nick Pontes,Bryant,1.0,0.5769230769230769,0.3888888888888889,0.0
3339,12699,Erick Smith,Bryant,0.0,0.5,0.5,0.8571428571428571
3340,12700,Orren Tims,Stephen F. Austin,0.0,0.24,0.6428571428571429,0.0
3341,12701,Hakim McCullar,Delaware,1.0,0.37037037037037035,0.6153846153846154,0.0
3342,12702,Jordan Glynn,Stephen F. Austin,0.0,0.5081967213114754,0.7916666666666666,0.0
3343,12703,Mark Gomillia,Stephen F. Austin,0.0,0.6,0.7,0.5
3344,12704,Brendan McNulty,Delaware,0.0,0.0,0.0,0.0
3345,12706,Jeronne Maymon,Marquette,0.0,0.5454545454545454,0.5,0.0
3346,12707,Robert Nelson,Louisiana Monroe,0.0,0.0,0.0,0.0
3347,12709,Rashaun McLemore,Cal St. Northridge,1.0,0.38461538461538464,0.25,0.8571428571428571
3348,12710,Joshua Worthy,North Carolina Central,0.5,0.5454545454545454,0.8888888888888888,0.0
3349,12712,Charles Newton,Tennessee Tech,0.0,0.0,0.0,1.0
3350,12719,Chris Pelcher,Iona,1.0,0.7692307692307693,1.0,0.0
3351,12721,Raymond Gregory,Jackson St.,0.8888888888888888,0.64,0.5,0.0
3352,12723,Ricky Parks,Arkansas Pine Bluff,0.0,0.6,0.0,1.0
3353,12724,Ishmael Smith,Wake Forest,0.1111111111111111,0.13580246913580246,0.03614457831325301,0.6666666666666666
3354,12725,Christian Williams,Jackson St.,0.0,0.5,0.0,1.0
3355,12726,Jonathan Lewis,Jackson St.,0.0,0.0,0.0,0.5
3356,12728,Tyrone Hanson,Jackson St.,1.0,0.40625,0.29411764705882354,0.7948717948717948
3357,12729,Jazmonn Major,Jackson St.,0.0,0.0,0.0,1.0
3358,12731,Madison Davis,UNC Asheville,0.0,0.0,0.0,0.0
3359,12732,Edward Hayden,Coppin St.,0.0,0.5714285714285714,0.6153846153846154,1.0
3360,12734,David Minaya,Liberty,0.0,0.35294117647058826,0.75,1.0
3361,12735,Tommie Sykes,Louisiana Monroe,0.375,0.41935483870967744,0.08333333333333333,0.0
3362,12736,Antwan Burrus,Liberty,0.7857142857142857,0.6595744680851063,0.6666666666666666,0.0
3363,12737,Darren White,James Madison,0.5416666666666666,0.5,0.75,0.9411764705882353
3364,12738,Trevon Flores,James Madison,0.5,0.59375,0.625,1.0
3365,12739,Alioune Diouf,James Madison,1.0,0.36363636363636365,0.26666666666666666,1.0
3366,12744,Chad Lutkenhaus,Florida Gulf Coast,0.0,0.7272727272727273,0.5,1.0
3367,12747,Ryan Schrotenboer,Wagner,0.0,0.5,0.45454545454545453,0.0
3368,12751,Brian Grimes,Columbia,0.75,0.3333333333333333,0.8076923076923077,0.0
3369,12761,Ben Johnson,Colgate,0.0,0.3953488372093023,0.696969696969697,0.9629629629629629
3370,12765,Steven Cunningham,Troy,0.0,0.0,0.0,0.0
3371,12769,Zach Bohannon,Air Force,0.0,0.5,0.0,1.0
3372,12770,Todd Fletcher,Air Force,0.0,0.2608695652173913,0.5,1.0
3373,12771,Mike Fitzgerald,Air Force,0.0,1.0,0.6666666666666666,1.0
3374,12773,Ryan Watts,Alabama St.,0.0,0.5,0.0,1.0
3375,12777,Jamaal Trice,Connecticut,0.0,0.0,0.0,0.0
3376,12781,Michael Fakuade,Northern Illinois,0.0,0.5909090909090909,0.5,1.0
3377,12783,Darion Anderson,Northern Illinois,1.0,0.32941176470588235,0.14285714285714285,0.8
3378,12786,Jhamar Youngblood,Rider,0.3333333333333333,0.4782608695652174,0.29411764705882354,1.0
3379,12787,Yamene Coleman,Troy,0.8275862068965517,0.5897435897435898,0.4,0.0
3380,12788,Jonathon Thompson,Rider,0.75,0.38461538461538464,0.0,1.0
3381,12789,Carl Johnson,Rider,0.0,0.0,0.6666666666666666,0.5
3382,12800,Dwight Hardy,St. John's,0.0,0.375,0.2857142857142857,0.8571428571428571
3383,12802,De'Marion Gordon,USC Upstate,0.0,0.5,0.0,1.0
3384,12806,Matt Shaw,Lipscomb,0.0,0.0,0.0,0.0
3385,12810,Ryan Peters,Lehigh,0.0,0.0,0.0,0.0
3386,12813,Jamel McGuire,Cal St. Fullerton,0.0,1.0,0.0,0.0
3387,12816,Devon Peltier,Cal St. Fullerton,0.0,0.6666666666666666,0.5833333333333334,0.9130434782608695
3388,12817,Brian Cole,UNC Greensboro,0.0,0.5263157894736842,0.4146341463414634,0.6
3389,12818,Frank Granados,Cal St. Fullerton,0.0,0.0,0.0,0.0
3390,12823,Chris Brickley,Louisville,0.0,0.5,0.0,1.0
3391,12826,Joe Burton,Oregon St.,0.0,0.4146341463414634,0.3333333333333333,1.0
3392,12830,George Beamon,Manhattan,0.0,0.38095238095238093,0.4,0.0
3393,12833,Jacob Holmen,North Texas,1.0,0.68,0.6956521739130435,1.0
3394,12839,Earl Gee II,Longwood,0.0,0.0,0.0,0.9166666666666666
3395,12845,Yaw Mensa,UTEP,0.0,0.0,0.0,0.0
3396,12847,Dean Melchionni,Texas,0.0,0.0,0.0,0.0
3397,12848,Rico Pickett,Manhattan,0.35294117647058826,0.4074074074074074,0.3055555555555556,0.7916666666666666
3398,12851,Rashad Hassan,Savannah St.,1.0,0.6,0.6944444444444444,0.0
3399,12852,Angel Garcia,Memphis,0.5,0.5,0.375,0.8333333333333334
3400,12859,Alex Roberts,Chicago St.,0.0,0.0,1.0,1.0
3401,12860,Ethan Peabody,Purdue Fort Wayne,0.0,0.0,0.0,0.0
3402,12861,Eddie Days,Ohio St.,0.0,0.0,0.0,0.0
3403,12862,Antwone Snead,Purdue Fort Wayne,0.0,0.575,0.1,0.0
3404,12863,Jin Soo Choi,Maryland,0.0,1.0,0.0,0.0
3405,12865,Mychal Martinez,UNLV,0.0,0.0,0.0,0.0
3406,12866,Chad Dewitt,Winthrop,0.0,0.0,0.0,1.0
3407,12868,Caleb Long,Southern Illinois,0.0,0.0,0.0,1.0
3408,12874,Jay Couisnard,UMKC,0.25,0.2631578947368421,0.2894736842105263,1.0
3409,12876,Eddie Ludwig,LSU,0.0,0.5625,0.8333333333333334,0.0
3410,12877,Lawrence Johnson-Danner,Texas Southern,0.0,1.0,0.0,0.0
3411,12878,Matt LaBove,Dartmouth,1.0,0.5517241379310345,0.75,0.0
3412,12879,Steve Jones,UNLV,0.0,1.0,0.8,1.0
3413,12880,Josef Brown,Dartmouth,0.0,0.0,0.0,0.0
3414,12882,Garrett Brown,Dartmouth,0.0,0.0,0.0,0.0
3415,12890,Mbiyimoh Ghogomu,Dartmouth,0.5,0.5555555555555556,0.625,0.0
3416,12892,Anthony Anderson Jr.,FIU,0.0,0.0,0.0,1.0
3417,12893,Phil Gary Jr.,FIU,0.0,0.15555555555555556,0.0,0.9310344827586207
3418,12894,Nehemiah Crowder,FIU,0.0,0.0,0.0,0.0
3419,12898,Anthony Humpty Hitchens,Akron,0.0,0.28125,0.32,0.6428571428571429
3420,12900,Robert Wilson,Wisconsin,1.0,0.68,0.3333333333333333,0.8571428571428571
3421,12906,Joe Stroman,High Point,0.0,0.0,0.0,0.0
3422,12909,Corey Law,High Point,0.7272727272727273,0.4868421052631579,0.5,0.0
3423,12910,Kyle Groothuis,North Florida,0.0,0.4,1.0,0.0
3424,12911,Michel Swita,Montana St.,0.0,0.0,0.0,0.0
3425,12912,Ricky Krainiak,Campbell,0.0,0.5,0.5,1.0
3426,12915,Teddy Schickel,NJIT,0.0,0.25,0.42857142857142855,1.0
3427,12917,Jeremy Felton,Western Illinois,0.0,0.7142857142857143,0.5,0.0
3428,12918,Larry Awosanya,Campbell,0.0,0.0,0.0,0.0
3429,12921,R.J. Griffin,Dartmouth,0.0,0.4,0.38461538461538464,0.8333333333333334
3430,12925,Ryan Broekhoff,Valparaiso,1.0,0.3684210526315789,0.6666666666666666,0.9714285714285714
3431,12926,Kenneth Cooper,UAB,1.0,0.631578947368421,0.42857142857142855,0.0
3432,12929,Jeremie Mitchell,McNeese St.,0.0,1.0,0.5,0.75
3433,12931,Austin Johnson,Rutgers,1.0,0.625,0.6666666666666666,0.0
3434,12932,Dane Miller,Rutgers,0.6428571428571429,0.34782608695652173,0.35294117647058826,0.8947368421052632
3435,12933,Jonathan Mitchell,Rutgers,0.0,0.48717948717948717,0.6304347826086957,0.9803921568627451
3436,12935,Phillip Ward,Nicholls St.,1.0,0.9333333333333333,1.0,0.0
3437,12951,Jabari Joyner,Delaware St.,0.0,0.0,0.0,0.0
3438,12956,Rayner Moquete,Fordham,0.0,0.0,0.0,0.5
3439,12957,Warren Niles,Oral Roberts,0.0,0.25,0.23809523809523808,0.9074074074074074
3440,12963,Brett Williams,Florida Gulf Coast,0.0,1.0,0.75,0.625
3441,12966,Fahro Alihodzic,Fordham,0.6,0.55,0.6923076923076923,1.0
3442,12967,Khiry Gordon,Fordham,0.6666666666666666,0.3333333333333333,0.0,0.0
3443,12968,Chris Gaston,Fordham,0.7777777777777778,0.3130434782608696,0.3424657534246575,1.0
3444,12969,Danny Thompson,Fordham,0.0,0.5,0.5,1.0
3445,12970,Brennen Melvin,Fordham,0.0,0.0,0.3333333333333333,0.6
3446,12971,Nick Checovich,Fordham,0.0,0.0,0.0,0.0
3447,12975,Christian Morris,Norfolk St.,1.0,0.4166666666666667,0.42857142857142855,0.0
3448,12977,Aaron Jacques,Memphis,0.0,0.0,0.0,0.0
3449,12978,Isaac Nixon,Norfolk St.,0.0,0.6666666666666666,0.25,0.6666666666666666
3450,12982,Reggie Revels,Norfolk St.,0.0,0.6666666666666666,0.0,1.0
3451,12983,Kris Brown,Norfolk St.,0.0,0.0,0.0,0.0
3452,12984,Brandon Wheeless,Norfolk St.,0.0,0.35294117647058826,0.0,1.0
3453,12986,Chris Matagrano,New Hampshire,0.0,0.5,1.0,0.0
3454,12994,Eric McCrary,Southeast Missouri St.,0.0,0.8,0.6,1.0
3455,12995,Zach Faircloth,Presbyterian,0.0,0.3333333333333333,0.7272727272727273,0.9655172413793104
3456,12997,Anthony Thomas,Bryant,0.0,0.0,0.0,0.0
3457,12999,LaQuentin Miles,Southeast Missouri St.,0.0,0.14285714285714285,0.0,0.0
3458,13000,Lucas Nutt,Southeast Missouri St.,0.0,0.0,0.0,0.8
3459,13001,Sam Pearson,Southeast Missouri St.,0.0,0.2222222222222222,0.22916666666666666,0.8181818181818182
3460,13003,Marland Smith,Southeast Missouri St.,1.0,0.4074074074074074,0.35294117647058826,0.8666666666666667
3461,13004,Rae-Vonn Banks,Southeast Missouri St.,1.0,0.7,0.5,0.0
3462,13005,Anthony Allison,Southeast Missouri St.,1.0,0.38235294117647056,0.14705882352941177,0.9411764705882353
3463,13006,KaJuan Watson,Southeast Missouri St.,0.0,0.2,0.2,0.0
3464,13007,Peter Simek,UC Irvine,0.0,0.75,0.6666666666666666,0.0
3465,13009,Brian Green,Utah St.,0.0,0.75,0.43333333333333335,0.9056603773584906
3466,13010,Cliff Dixon,Western Kentucky,0.5714285714285714,0.3870967741935484,0.36,1.0
3467,13011,Jamal Crook,Western Kentucky,0.0,0.3333333333333333,0.3684210526315789,0.0
3468,13013,Chris Beattie,LSU,0.0,0.0,0.0,0.7142857142857143
3469,13014,Nemanja Milosevic,Western Kentucky,0.0,0.45454545454545453,0.0,0.0
3470,13015,Jordan Swing,Western Kentucky,1.0,0.4444444444444444,0.5,1.0
3471,13016,Taylor Jacobsen,LSU,0.0,0.0,0.0,0.0
3472,13018,Dylan Talley,Binghamton,0.5,0.14285714285714285,0.03333333333333333,0.6153846153846154
3473,13019,Taylor Johnston,Binghamton,0.0,0.75,0.5,1.0
3474,13021,Mahamoud Jabbi,Binghamton,0.6666666666666666,0.5853658536585366,0.7297297297297297,0.0
3475,13022,David Brown,Western Michigan,0.0,0.3,0.5,1.0
3476,13025,Greer Wright,Binghamton,0.6,0.16216216216216217,0.0,0.525
3477,13026,Nyika Williams,Pacific,0.8,0.6551724137931034,0.14285714285714285,0.0
3478,13028,Spencer Dixon,Kennesaw St.,0.0,0.2647058823529412,0.27586206896551724,0.8181818181818182
3479,13030,Everson Lacerda,Pacific,0.0,0.0,0.0,0.0
3480,13032,Markeith Cummings,Kennesaw St.,0.7586206896551724,0.49166666666666664,0.2926829268292683,0.7666666666666667
3481,13038,Blake Mishler,Illinois St.,0.0,0.6666666666666666,1.0,0.0
3482,13039,Mike Smith,Little Rock,0.0,0.4117647058823529,0.45454545454545453,1.0
3483,13040,Zadrian Gibson,Kennesaw St.,0.6666666666666666,0.5384615384615384,0.3333333333333333,0.0
3484,13043,Nick Gore,VMI,0.0,0.4,0.0,0.9285714285714286
3485,13045,Thomas Kody,Virginia,0.0,0.0,0.0,0.0
3486,13046,Ricky Lamb,Mississippi Valley St.,0.0,0.375,0.25,1.0
3487,13049,Tom Jonke,Virginia,0.0,0.0,0.0,0.0
3488,13050,Kurtis Woods,Kennesaw St.,0.625,0.4444444444444444,0.2857142857142857,0.8378378378378378
3489,13055,Ryan Baker,Hartford,0.0,0.0,1.0,1.0
3490,13056,Treadwell Lewis,Robert Morris,0.0,0.0,0.0,0.0
3491,13057,Joel Barkers,Hartford,1.0,0.5,0.3225806451612903,0.0
3492,13058,Jordan Dumars,South Florida,0.0,0.0,0.0,1.0
3493,13060,Cameron Joyce,Kent St.,0.0,0.0,0.0,0.0
3494,13063,Tony Lewis,Illinois St.,0.5,0.7142857142857143,0.6,0.0
3495,13064,Demarcus Blunt,Grambling St.,0.0,0.0,1.0,0.0
3496,13067,Terry Johnson,Illinois St.,0.0,0.16666666666666666,0.0,1.0
3497,13068,Austin Hill,Illinois St.,0.0,0.22727272727272727,0.2564102564102564,0.9
3498,13071,Lenny Daniel,Cal St. Northridge,0.9375,0.5773195876288659,0.46153846153846156,0.0
3499,13075,Raymond Cody,Cal St. Northridge,0.0,0.42857142857142855,0.4375,0.95
3500,13078,Abebe Demissie,Eastern Washington,0.0,0.25,0.2857142857142857,1.0
3501,13084,Kevin Winford,Eastern Washington,0.0,0.3076923076923077,0.2777777777777778,0.9393939393939394
3502,13097,Nick Greenbacker,Sacred Heart,0.0,0.6363636363636364,0.9444444444444444,0.0
3503,13099,Brandon Smith,Western Illinois,0.0,0.0,0.0,0.0
3504,13102,Carl Jones,Saint Joseph's,0.0,0.0967741935483871,0.13043478260869565,0.9117647058823529
3505,13120,Matt Karn,Nebraska,0.0,0.0,0.0,0.6666666666666666
3506,13122,Tyray Petty,Utah Valley,0.0,0.4444444444444444,0.4,0.9615384615384616
3507,13123,Jamee Jackson,Quinnipiac,0.3333333333333333,0.4523809523809524,1.0,0.0
3508,13126,Oliver Brown,Mount St. Mary's,1.0,1.0,0.0,1.0
3509,13127,Shawn Glover,Utah,0.75,0.5,0.2,0.8571428571428571
3510,13128,Bobby Capobianco,Indiana,0.0,0.5882352941176471,0.6,1.0
3511,13129,David Foster,Utah,1.0,0.7857142857142857,0.3076923076923077,0.0
3512,13130,Chris Birrell,Bryant,0.0,0.0,0.2857142857142857,0.8095238095238095
3513,13133,Dave Johnson,Quinnipiac,0.0,0.1,0.0,0.8461538461538461
3514,13134,Robert Sanders,Alabama St.,0.0,0.3888888888888889,0.2,1.0
3515,13138,Stephawn Brown,Alabama St.,0.0,0.5,1.0,0.0
3516,13139,Christopher Duncan,Alabama St.,0.8,0.5142857142857142,0.47368421052631576,0.875
3517,13141,Jadarren Mumpfield,Alabama St.,0.0,0.0,0.0,1.0
3518,13157,Rashon Dwight,Iona,0.3333333333333333,0.21739130434782608,0.2222222222222222,0.9523809523809523
3519,13160,Lawrence Smith,North Carolina A&T,0.0,0.5,0.0,0.0
3520,13161,Dewayne Wright Jr.,Eastern Illinois,0.0,0.6363636363636364,0.25,0.7142857142857143
3521,13164,Connor Osborne,Northern Colorado,1.0,0.4444444444444444,0.5,0.0
3522,13166,Cody Ellis,Saint Louis,1.0,0.7142857142857143,0.5789473684210527,0.9743589743589743
3523,13167,Andrew Dick,Texas,0.0,1.0,0.0,1.0
3524,13171,R.J. Buck,North Carolina A&T,1.0,0.5,0.0,0.0
3525,13172,Jay Higgins,Eastern Michigan,0.0,0.23529411764705882,0.25,0.9818181818181818
3526,13174,Jake Fosdick,Eastern Michigan,0.0,0.0,0.0,0.0
3527,13175,Jamell Harris,Eastern Michigan,0.6,0.5,0.5,0.0
3528,13176,Jeff Reid,Saint Louis,0.0,1.0,0.0,0.0
3529,13180,Franklin Session,Weber St.,0.2916666666666667,0.225,0.125,1.0
3530,13184,Eric Williams,Cal St. Fullerton,0.0,0.0,0.0,0.0
3531,13186,Jordan Boots,South Dakota,0.0,0.3333333333333333,0.5,0.8571428571428571
3532,13191,Dave Diakite,UCF,0.6428571428571429,0.4523809523809524,0.5,1.0
3533,13192,Doug Davis,Princeton,0.0,0.25,0.21621621621621623,0.8823529411764706
3534,13196,Dontae Cannon,McNeese St.,1.0,0.25,0.0,0.6666666666666666
3535,13208,Erick Peguero,Tennessee St.,0.0,0.13333333333333333,0.5,0.0
3536,13210,Hamilton Nash,Tennessee St.,0.0,0.6,0.8888888888888888,0.0
3537,13211,Jacquan Nobles,Tennessee St.,0.0,0.30303030303030304,0.32,0.9552238805970149
3538,13212,Marcus Cowan,Tennessee St.,1.0,0.6,0.0,0.0
3539,13213,Tashan Fredrick,Tennessee St.,0.0,0.6521739130434783,0.6666666666666666,1.0
3540,13214,Martell Buie,Tennessee St.,0.0,0.2727272727272727,0.0,0.8823529411764706
3541,13215,Robert Covington,Tennessee St.,0.6,0.36065573770491804,0.3888888888888889,0.8918918918918919
3542,13223,Mike Tuitt,Hampton,0.0,0.17647058823529413,0.25,0.3333333333333333
3543,13224,Koron Reed,Hampton,0.8333333333333334,0.7647058823529411,0.0,0.0
3544,13227,Kenny Mitchell,Charleston Southern,0.7333333333333333,0.5238095238095238,0.36,0.0
3545,13240,Robbie Harman,Central Michigan,0.0,0.21052631578947367,0.15789473684210525,0.6893203883495146
3546,13242,Michael Lacey,Idaho St.,0.0,0.38461538461538464,0.5,1.0
3547,13243,LaVanne Pennington,Southern Miss,0.0,0.0,0.6666666666666666,1.0
3548,13244,Jake Wasko,UMBC,0.0,0.7058823529411765,0.4,0.0
3549,13246,Robert Tucker,Maryland Eastern Shore,0.0,0.0,1.0,0.0
3550,13250,Ian Persaud,Longwood,0.0,0.6666666666666666,0.0,0.75
3551,13252,Nick Groce,UMBC,0.0,0.125,0.6875,0.8
3552,13259,Maurice Bolden,Southern Miss,0.4,0.2727272727272727,0.15384615384615385,0.8636363636363636
3553,13262,Chris Brew,UC Santa Barbara,0.6666666666666666,0.5714285714285714,0.6666666666666666,0.0
3554,13264,Chaz Williams,Hofstra,0.0,0.1891891891891892,0.1875,0.7941176470588235
3555,13272,Ryan Evans,Wisconsin,0.8,0.75,0.7391304347826086,1.0
3556,13273,Jared Berggren,Wisconsin,1.0,0.75,0.3333333333333333,1.0
3557,13275,Emeka Okafor Jr.,Western Illinois,0.0,0.7058823529411765,0.6,0.0
3558,13276,Abdou Niang,Western Illinois,0.0,1.0,1.0,1.0
3559,13286,Marcus Hall,Cal St. Bakersfield,0.0,0.0,0.14285714285714285,0.9230769230769231
3560,13287,Josimar Ayarza,Southern Miss,0.8333333333333334,0.5882352941176471,0.46153846153846156,1.0
3561,13289,Peyton Siva,Louisville,1.0,0.3333333333333333,0.0,0.7368421052631579
3562,13290,Tony Freeland,DePaul,0.3333333333333333,0.4,0.4444444444444444,0.0
3563,13292,Brett Ervin,Elon,0.0,0.6666666666666666,0.6,1.0
3564,13294,Keith Fuetsch,Nevada,0.0,0.0,1.0,1.0
3565,13295,Patrick Nyeko,Nevada,0.0,0.0,0.0,0.0
3566,13296,Marko Cukic,Nevada,1.0,0.5652173913043478,0.5,0.0
3567,13297,Keith Olson,Nevada,0.0,0.75,0.75,0.0
3568,13298,Gary Flowers,Southern Miss,0.5555555555555556,0.3783783783783784,0.45454545454545453,0.8333333333333334
3569,13300,Tyler Norman,UNLV,0.0,0.0,0.0,0.0
3570,13304,Halil Kanacevic,Hofstra,1.0,0.5076923076923077,0.42857142857142855,0.8888888888888888
3571,13307,Aamir McCleary,SIU Edwardsville,0.0,0.10526315789473684,0.16216216216216217,0.6071428571428571
3572,13308,Hamady Ndiaye,Rutgers,0.7878787878787878,0.7473684210526316,0.4444444444444444,0.0
3573,13311,David Murray,Middle Tennessee,0.0,1.0,0.8,0.0
3574,13312,John David Little,Middle Tennessee,0.0,0.6666666666666666,0.0,1.0
3575,13314,Rod Emmanuel,Middle Tennessee,1.0,0.3157894736842105,0.17857142857142858,1.0
3576,13316,James Gallman,Middle Tennessee,0.0,0.07692307692307693,0.16666666666666666,0.7560975609756098
3577,13317,Trevor Ottley,Middle Tennessee,1.0,0.6,0.3076923076923077,0.0
3578,13318,J.T. Sulton,Middle Tennessee,0.7692307692307693,0.6,0.25,0.0
3579,13320,Matt Joines,Middle Tennessee,0.0,0.0,0.0,1.0
3580,13322,Eddie D'Haiti,Youngstown St.,0.75,0.75,0.3333333333333333,0.0
3581,13325,Adrian Satchell,UMBC,1.0,0.5818181818181818,0.8260869565217391,1.0
3582,13326,Michael Martin,Alcorn St.,0.0,0.2857142857142857,0.0,0.0
3583,13334,Tim Williams,Saint Mary's,1.0,0.5882352941176471,0.0,0.0
3584,13335,Trey Anderson,Saint Mary's,0.0,0.0,0.0,1.0
3585,13338,Tony Eackles,Alcorn St.,0.0,0.21052631578947367,0.11764705882352941,0.7333333333333333
3586,13343,Brett McKnight,Akron,1.0,0.4603174603174603,0.5151515151515151,0.9545454545454546
3587,13344,Rykin Enos,Hawaii,0.0,0.0,0.0,0.0
3588,13349,Lance Stephenson,Cincinnati,0.6666666666666666,0.3333333333333333,0.10638297872340426,0.8125
3589,13350,Nick Haywood,Houston,0.0,0.0,0.3333333333333333,1.0
3590,13351,Maurice McNeil,Houston,0.7692307692307693,0.4788732394366197,0.43478260869565216,0.0
3591,13352,Bryce Clark,Houston,1.0,1.0,0.0,0.0
3592,13353,Cory Tellis,Houston,0.0,0.0,0.0,0.0
3593,13354,Adam Brown,Houston,0.0,0.36363636363636365,0.23529411764705882,0.8333333333333334
3594,13355,Kahmell Broughton,Houston,0.0,0.5,0.0,0.0
3595,13356,Kendrick Washington,Houston,1.0,0.6,0.7333333333333333,0.0
3596,13357,Kirk Van Slyke,Houston,0.0,0.5454545454545454,0.5,0.9523809523809523
3597,13358,Nik Cochran,Davidson,0.0,0.08333333333333333,0.0,0.9090909090909091
3598,13359,Jake Cohen,Davidson,1.0,0.6666666666666666,0.4482758620689655,0.88
3599,13362,Maalik Wayns,Villanova,1.0,0.15555555555555556,0.14285714285714285,0.6470588235294118
3600,13363,Mouphtaou Yarou,Villanova,0.5,0.4,0.3,0.0
3601,13364,Aaron DeVane,Saint Francis,0.0,0.0,0.0,0.0
3602,13365,Chris Johnson,Saint Francis,0.0,0.17391304347826086,0.0,1.0
3603,13368,Tony Peters,Saint Francis,1.0,0.75,0.6666666666666666,0.0
3604,13369,Anthony Ervin,Saint Francis,1.0,0.34782608695652173,0.5454545454545454,0.8181818181818182
3605,13370,Kelsey Barlow,Purdue,1.0,0.14285714285714285,0.0625,0.0
3606,13371,Bubba Day,Purdue,0.0,0.0,0.0,1.0
3607,13372,Stevie Loveless,Purdue,0.0,0.0,1.0,0.0
3608,13373,Ron Johnson,Saint Francis,0.0,1.0,0.0,0.0
3609,13378,C. J. Reed,Bethune Cookman,0.0,0.18604651162790697,0.06172839506172839,0.45714285714285713
3610,13380,Armon Bassett,Ohio,0.5,0.14754098360655737,0.03225806451612903,0.6666666666666666
3611,13385,Vernon Taylor,Troy,0.8,0.44,0.4166666666666667,1.0
3612,13387,Luiz Toledo,Idaho,0.8571428571428571,0.7575757575757576,0.65,0.0
3613,13388,Marcus Lawrence,Idaho,0.0,0.25,0.5,0.8181818181818182
3614,13389,Corey Stern,Idaho,0.0,0.0,0.0,0.0
3615,13395,Kawhi Leonard,San Diego St.,0.75,0.43209876543209874,0.2033898305084746,0.7333333333333333
3616,13396,Kyle Barone,Idaho,0.625,0.4883720930232558,0.4166666666666667,0.0
3617,13397,Kyle Marks,Florida Gulf Coast,0.7368421052631579,0.6326530612244898,0.6285714285714286,0.0
3618,13400,Stephen Jones,SIU Edwardsville,0.0,0.09090909090909091,0.2857142857142857,0.75
3619,13401,Mike Burwell,South Florida,0.0,0.0,0.3333333333333333,1.0
3620,13402,Jarrid Famous,South Florida,0.8108108108108109,0.6285714285714286,0.2727272727272727,0.0
3621,13404,Terence Jones,Texas A&M Corpus Chris,0.0,0.13333333333333333,0.2,0.68
3622,13405,Denykco Bowles,SIU Edwardsville,0.0,0.4782608695652174,0.3333333333333333,1.0
3623,13406,Javier Carter,South Alabama,0.5,0.4482758620689655,0.6,0.0
3624,13407,Alex Marcotullio,Northwestern,0.0,0.6666666666666666,0.0,0.9512195121951219
3625,13408,Reggie Hearn,Northwestern,0.0,1.0,0.0,1.0
3626,13409,Rydell Harris,Grambling St.,0.0,0.5,0.3333333333333333,0.0
3627,13410,Howard Thompkins III,Georgia,0.7777777777777778,0.5252525252525253,0.5063291139240507,0.8636363636363636
3628,13412,Dominique Lacey,UNC Wilmington,0.75,0.5625,0.36363636363636365,1.0
3629,13413,Maurice Wilkerson,Grambling St.,0.0,0.0,0.6666666666666666,0.0
3630,13419,Tim Williams,South Alabama,0.5,0.3157894736842105,0.3898305084745763,0.7727272727272727
3631,13421,Aaron Pogue,Cleveland St.,0.8461538461538461,0.6363636363636364,0.4444444444444444,0.0
3632,13423,Joseph Dorsett-Jeffreys,Norfolk St.,1.0,0.5555555555555556,0.631578947368421,0.0
3633,13425,Trevon Harmon,Cleveland St.,0.0,0.4166666666666667,0.14285714285714285,0.8666666666666667
3634,13428,Derrick O'Neil,Florida Gulf Coast,0.5,0.375,0.38461538461538464,0.0
3635,13429,Eddie Murray,Florida Gulf Coast,1.0,0.875,0.8333333333333334,1.0
3636,13430,Anthony Banks,Florida Gulf Coast,0.9285714285714286,0.6115702479338843,0.5625,0.0
3637,13431,Nick Schneiders,USC Upstate,0.8620689655172413,0.7166666666666667,0.5211267605633803,0.0
3638,13433,Louis Green,Illinois Chicago,1.0,0.875,1.0,0.0
3639,13434,Derek Benter,North Dakota,0.0,0.7058823529411765,0.4,1.0
3640,13438,Quad Sanders,Central Arkansas,0.0,0.0,0.0,0.0
3641,13440,Chris Poellnitz,Central Arkansas,0.0,0.20408163265306123,0.13636363636363635,0.7
3642,13443,Dinko Marshavelski,Northeastern,0.0,1.0,1.0,0.0
3643,13444,Joel Smith,Northeastern,1.0,0.4,0.0,0.9090909090909091
3644,13447,Desmar Jackson,Wyoming,0.2857142857142857,0.1076923076923077,0.05555555555555555,0.8888888888888888
3645,13453,Raven Barber,Mount St. Mary's,0.5,0.3793103448275862,0.3333333333333333,0.0
3646,13458,Yvon Raymond,Saint Peter's,1.0,0.23333333333333334,0.25,0.0
3647,13463,Jake Koch,Northern Iowa,1.0,0.3333333333333333,0.18181818181818182,0.875
3648,13466,Demetrius Walker,Arizona St.,0.0,0.25,0.42857142857142855,0.7272727272727273
3649,13468,Marcus Jackson,Arizona St.,0.0,1.0,0.0,0.0
3650,13469,Trent Lockett,Arizona St.,0.8181818181818182,0.6122448979591837,0.5,1.0
3651,13470,James Cotton,Maryland Eastern Shore,0.0,0.5,0.42857142857142855,0.0
3652,13471,Victor Rudd,Arizona St.,0.3333333333333333,0.5,0.0,0.8333333333333334
3653,13473,Sean Berry,Maryland Eastern Shore,1.0,0.3125,0.6785714285714286,0.0
3654,13475,Lyvann Obame Obame,Maryland Eastern Shore,0.0,0.38095238095238093,0.2857142857142857,0.0
3655,13479,Russell Powell,Jacksonville,0.0,0.4444444444444444,0.5,1.0
3656,13482,Rupert Rose,Grambling St.,0.0,0.4583333333333333,0.2857142857142857,0.7692307692307693
3657,13484,Kendrick Harris,Lamar,0.0,0.27906976744186046,0.3793103448275862,0.95
3658,13485,Donley Minor,Lamar,0.0,1.0,0.5,0.9375
3659,13488,Stan Brown,Lamar,1.0,0.9090909090909091,0.875,0.0
3660,13489,Justin Carter,Lamar,0.0,0.0,1.0,0.0
3661,13504,Niko Brooks,UC Riverside,0.0,0.5,0.0,0.0
3662,13506,Greg Smith,Fresno St.,0.8,0.6578947368421053,0.7142857142857143,0.0
3663,13507,Garrett Johnson,Fresno St.,1.0,0.8,0.25,0.75
3664,13508,Mitch Wilmer,North Dakota,0.0,1.0,1.0,0.0
3665,13509,Jordan Allard,North Dakota,0.0,0.23076923076923078,0.2727272727272727,0.875
3666,13510,Nick Haugen,North Dakota,0.0,0.3333333333333333,0.3157894736842105,0.9375
3667,13511,Colin Chadwick,UC Riverside,0.0,0.0,0.0,0.0
3668,13512,Spencer Goodman,North Dakota,0.0,0.3,0.2727272727272727,0.875
3669,13515,LaMarcus Reed,UT Arlington,1.0,0.5142857142857142,0.3888888888888889,0.9090909090909091
3670,13519,LaTreze Mushatt,UMKC,0.5714285714285714,0.296875,0.3404255319148936,1.0
3671,13523,Johnny Del Bene,Colorado St.,0.0,0.0,0.0,1.0
3672,13531,Eric Obeysekere,Holy Cross,1.0,0.5714285714285714,0.6,0.0
3673,13534,Matt Lander,Western Illinois,0.0,0.2894736842105263,0.10526315789473684,0.8888888888888888
3674,13535,Kenny Boynton,Florida,1.0,0.5,0.15151515151515152,0.7222222222222222
3675,13539,Rod Tishman,Florida,0.0,0.0,0.0,0.0
3676,13540,Erik Murphy,Florida,1.0,0.6829268292682927,0.8571428571428571,0.0
3677,13541,Ferg Myrick,New Hampshire,1.0,0.22857142857142856,0.21428571428571427,0.8461538461538461
3678,13545,Emerson Kampen,Butler,0.0,0.0,0.0,0.0
3679,13546,Chandler Rhoads,New Hampshire,0.0,0.0625,0.0,1.0
3680,13547,Chase Stigall,Butler,0.0,0.0,0.0,1.0
3681,13550,Carlos Dos Santos,Central Arkansas,0.0,0.5405405405405406,0.29411764705882354,0.0
3682,13552,Torez Young,Grambling St.,0.0,0.2222222222222222,0.5,0.6666666666666666
3683,13554,Cameron Miles,San Diego,0.0,0.0,0.0,1.0
3684,13558,Jamar Ragland,Alcorn St.,0.0,0.0,0.3,0.75
3685,13559,Emil Kim,UC Irvine,1.0,0.4444444444444444,0.2,1.0
3686,13567,Tyshawn Taylor,Kansas,0.5555555555555556,0.32,0.05,0.8947368421052632
3687,13569,Ed Waite,Monmouth,0.6666666666666666,0.4533333333333333,0.35714285714285715,0.8888888888888888
3688,13570,Mike Cavataio,Holy Cross,0.6666666666666666,0.3333333333333333,0.45161290322580644,0.8888888888888888
3689,13571,Shimeek Johnson,Fairfield,1.0,0.9,0.5,0.75
3690,13581,Horace Dixon,Southern,1.0,0.5,0.6666666666666666,0.0
3691,13586,Freddie Riley,Massachusetts,0.3333333333333333,0.4666666666666667,0.23076923076923078,0.9491525423728814
3692,13587,Sampson Carter,Massachusetts,0.5,0.3870967741935484,0.3333333333333333,1.0
3693,13592,Morakinyo Williams,Duquesne,1.0,0.36363636363636365,0.6666666666666666,0.0
3694,13593,Salim Fauras,Duquesne,0.0,0.0,0.0,0.0
3695,13595,Jake Troyli,Presbyterian,0.8888888888888888,0.4411764705882353,0.36585365853658536,0.8421052631578947
3696,13596,Sam Martin,Yale,0.0,0.0,0.0,1.0
3697,13599,Josh Jones,Creighton,0.5,0.38461538461538464,0.42857142857142855,0.8636363636363636
3698,13605,Roger Dugas,Elon,0.0,0.625,1.0,0.0
3699,13606,Ryan Conrad,Wagner,0.0,0.0,0.2,0.7777777777777778
3700,13607,Garrett Constance,Wagner,0.0,0.0,1.0,1.0
3701,13613,Luke Kraus,Bowling Green,0.0,0.2,0.6666666666666666,1.0
3702,13618,Jared Cunningham,Oregon St.,0.7142857142857143,0.62,0.625,1.0
3703,13620,Jamal Olasewere,LIU,0.5,0.4,0.4444444444444444,0.0
3704,13621,Larry Davis,Loyola Marymount,0.0,0.2777777777777778,0.2222222222222222,0.8333333333333334
3705,13624,Jon Anderson,Green Bay,0.0,0.0,0.0,0.0
3706,13627,Pavol Losonsky,UC Irvine,0.0,0.7058823529411765,0.5,0.0
3707,13633,Rusian Pateev,Arizona St.,0.3333333333333333,0.4444444444444444,0.5,0.0
3708,13635,Tadre Sheppard,Central Arkansas,0.65,0.4838709677419355,0.2222222222222222,0.6666666666666666
3709,13637,Terrence Watson,Ball St.,0.7272727272727273,0.4153846153846154,0.5,0.0
3710,13639,Stephan Van Treese,Louisville,1.0,1.0,0.0,0.0
3711,13640,Caden Dickerson,Western Kentucky,0.0,0.7777777777777778,0.46153846153846156,0.9545454545454546
3712,13647,Aaron Dotson,LSU,0.0,0.5,0.23076923076923078,1.0
3713,13649,Dejuan Flowers,North Dakota St.,0.0,0.5,0.8571428571428571,0.0
3714,13651,Gideon Gamble,Winthrop,0.0,0.4,0.23529411764705882,0.8333333333333334
3715,13654,Jon Hood,Kentucky,0.0,1.0,0.0,1.0
3716,13656,DeMarcus Cousins,Kentucky,0.7547169811320755,0.5416666666666666,0.3157894736842105,1.0
3717,13658,Thomas Staton,Gardner Webb,0.0,0.18181818181818182,0.0,1.0
3718,13661,Tyrone White,Utah St.,0.0,0.0,1.0,0.0
3719,13669,Moustapha Diarra,San Francisco,1.0,0.4186046511627907,0.5625,0.0
3720,13678,Jimmy Gray,Binghamton,0.0,0.3333333333333333,0.0,0.75
3721,13679,Derrick Thomas,Drexel,0.0,0.3939393939393939,0.6923076923076923,0.8421052631578947
3722,13692,Omari Lawrence,St. John's,0.0,0.5714285714285714,0.2857142857142857,1.0
3723,13693,Mike Marra,Louisville,1.0,0.6,0.0,0.9
3724,13694,Ibrahima Thomas,Cincinnati,0.8,0.6,0.75,0.875
3725,13695,Alex Eppensteiner,Cincinnati,0.0,0.0,0.0,0.0
3726,13696,Dee Giger,Harvard,0.0,0.3333333333333333,0.2857142857142857,0.9411764705882353
3727,13697,Christian Webster,Harvard,0.0,0.5,0.5,0.9743589743589743
3728,13698,Peter Edelson,Harvard,0.0,0.0,0.0,0.0
3729,13699,Jeff Georgatos,Harvard,0.0,0.6666666666666666,0.0,0.0
3730,13700,Jordan Demercy,Florida St.,0.9,0.6190476190476191,0.5,1.0
3731,13701,Spencer deMars,Harvard,0.0,0.0,0.0,0.0
3732,13706,Will Ohuaregbe,UNC Wilmington,0.8888888888888888,0.6129032258064516,0.26666666666666666,0.0
3733,13708,Marques Oliver,Delaware St.,0.3333333333333333,0.3958333333333333,0.5333333333333333,0.0
3734,13709,Terron Stowe,Delaware St.,0.0,0.47368421052631576,0.5,0.0
3735,13710,Alibaba Odd,Delaware St.,0.0,0.2857142857142857,0.0,0.75
3736,13714,Kendal Brown-Surles,Southern Illinois,0.0,0.0,0.35294117647058826,1.0
3737,13715,Amir Bell,Delaware St.,0.0,1.0,1.0,0.0
3738,13719,Skylar McBee,Tennessee,0.0,0.2,0.5,0.88
3739,13722,Javon Ralling,Binghamton,0.0,0.0,0.0,0.0
3740,13725,Preston Pena,Binghamton,0.0,0.0,0.0,0.0
3741,13726,Charles Parker,Mississippi St.,0.0,0.0,0.0,0.0
3742,13727,Cadarian Raines,Virginia Tech,0.75,0.5,0.0,0.0
3743,13728,Erick Green,Virginia Tech,0.3333333333333333,0.5,0.375,0.9090909090909091
3744,13729,Ben Boggs,Virginia Tech,0.0,0.1111111111111111,1.0,1.0
3745,13730,Manny Atkins,Virginia Tech,1.0,0.4444444444444444,0.5,1.0
3746,13731,Rakeem Couch,UT Rio Grande Valley,0.0,1.0,0.5,0.0
3747,13732,ChaRunn Jones,UT Rio Grande Valley,0.0,0.0,1.0,0.8333333333333334
3748,13733,Manny Hendrix,UT Rio Grande Valley,0.2,0.3076923076923077,0.3,0.8666666666666667
3749,13735,Rico Seagears,UT Rio Grande Valley,0.0,0.3333333333333333,0.0,1.0
3750,13737,Mark Yelovich,SIU Edwardsville,1.0,0.3333333333333333,0.45348837209302323,0.9117647058823529
3751,13739,Kevin Anderson,Cleveland St.,1.0,1.0,1.0,0.0
3752,13741,Anthony Wells,Cleveland St.,0.0,0.5,0.6666666666666666,1.0
3753,13742,Lance James,Cleveland St.,0.0,0.6,0.0,1.0
3754,13743,Drew Crawford,Northwestern,0.0,0.5087719298245614,0.45454545454545453,0.9411764705882353
3755,13749,Shawn Henderson,Idaho,0.5,0.3181818181818182,0.5217391304347826,0.0
3756,13756,Will Pratt,Northwestern St.,0.5,0.2711864406779661,0.37777777777777777,0.85
3757,13758,Justin Leemow,South Florida,0.0,0.5,1.0,1.0
3758,13759,T.J. Granger,North Carolina Central,1.0,0.5517241379310345,0.3333333333333333,0.0
3759,13760,Dijon Manns,North Carolina Central,1.0,0.75,0.6,0.0
3760,13761,Dwayne Sims,North Carolina Central,1.0,0.25,0.6363636363636364,0.9285714285714286
3761,13762,C.J. Wilkerson,North Carolina Central,0.75,0.38095238095238093,0.24390243902439024,0.8857142857142857
3762,13763,Dwayne Smith,George Washington,0.5,0.3783783783783784,0.45454545454545453,0.8333333333333334
3763,13769,Todd Hanni,UNLV,0.0,0.0,0.0,0.0
3764,13776,Mike Bruesewitz,Wisconsin,1.0,0.45454545454545453,0.0,0.0
3765,13778,John Ntoko,Hampton,0.5,0.6428571428571429,1.0,0.0
3766,13782,Michael Jenkins,Mercer,0.0,0.5,0.0,0.0
3767,13785,LeKendric Longmire,Oregon,1.0,0.56,0.5238095238095238,1.0
3768,13786,Michael Dixon,Missouri,1.0,0.35294117647058826,0.28125,0.7407407407407407
3769,13789,Kenny Manigault,Wichita St.,1.0,0.8571428571428571,0.0,0.0
3770,13793,Michael Starks,Alcorn St.,1.0,0.5454545454545454,0.75,0.0
3771,13799,Marcus Ware,Monmouth,0.0,0.0,1.0,0.0
3772,13801,Justin Salzwedel,Boise St.,0.0,0.0,0.0,0.8888888888888888
3773,13803,Taylor Broekhuis,Air Force,0.0,0.7142857142857143,0.6666666666666666,1.0
3774,13807,Reggie Mathis,Lamar,0.0,0.2,0.5,1.0
3775,13820,Jameel Grace,Southern,0.0,0.08333333333333333,0.0,0.21428571428571427
3776,13821,Stephon Platt,Winston Salem St.,0.3333333333333333,0.6153846153846154,0.8125,0.0
3777,13823,Nick Walls,Southern,0.0,0.07142857142857142,0.14285714285714285,1.0
3778,13824,Norm Nixon Jr.,Southern,0.0,0.3,0.5714285714285714,1.0
3779,13825,Desean Miles,Southern,0.0,0.0,0.0,0.0
3780,13827,Joseph Wright,South Carolina St.,0.0,0.625,1.0,0.0
3781,13834,Chris Clausen,North Dakota,0.0,0.5,0.4,0.8857142857142857
3782,13836,Doug Archer,North Dakota,1.0,0.6666666666666666,0.3333333333333333,1.0
3783,13837,Jontel Evans,Virginia,0.0,0.2777777777777778,0.5454545454545454,0.5
3784,13839,Lateef McMullan,UC Riverside,0.0,0.18181818181818182,0.0,0.7931034482758621
3785,13840,Adam Braswell,Morgan St.,0.0,0.0,0.0,0.0
3786,13841,Joe Davis,Morgan St.,0.0,0.17073170731707318,0.15384615384615385,0.7272727272727273
3787,13849,Ben Martin,Nicholls St.,0.0,0.0,0.0,1.0
3788,13851,Armani Williams,UT Arlington,0.0,0.2,0.3333333333333333,0.9
3789,13855,Toso Abedamowo,Sacred Heart,0.0,0.0,0.0,1.0
3790,13856,Dwight Gentry II,UT Arlington,0.0,0.34285714285714286,0.0,0.875
3791,13861,Malcolm Grant,Miami FL,0.0,0.11764705882352941,0.1111111111111111,0.5423728813559322
3792,13862,Reggie Johnson,Miami FL,1.0,0.5918367346938775,0.2727272727272727,0.0
3793,13865,Billy Robinson Jr.,Longwood,1.0,0.5185185185185185,0.5,1.0
3794,13877,Zack Zeglinski,Hartford,0.0,0.0,0.0,0.0
3795,13879,Jordan McCoy,Florida Atlantic,1.0,0.37037037037037035,0.42857142857142855,0.0
3796,13880,Cecil Gresham,Bryant,0.0,0.6,0.23076923076923078,0.9565217391304348
3797,13881,Malik Stith,St. John's,0.0,0.2857142857142857,0.2,0.0
3798,13882,Elliott Lloyd,Northern Colorado,0.0,0.1,0.09090909090909091,0.75
3799,13883,Scott Wood,N.C. State,1.0,0.6666666666666666,0.3333333333333333,0.9841269841269841
3800,13884,Rakim Sanders,Boston College,0.5,0.3888888888888889,0.37142857142857144,0.7586206896551724
3801,13891,Michael Glasker,North Carolina Central,0.0,0.125,0.19047619047619047,0.7222222222222222
3802,13895,Durand Scott,Miami FL,0.6666666666666666,0.15789473684210525,0.17647058823529413,0.8571428571428571
3803,13900,Peter Harris,Seattle,0.0,0.5,0.0,1.0
3804,13902,Ray Turner,Texas A&M,0.42857142857142855,0.5294117647058824,0.6666666666666666,0.0
3805,13909,Chris Roberts,Arkansas,0.0,0.0,0.0,0.0
3806,13910,Curtis Eatmon,Detroit Mercy,0.0,0.0,0.0,0.0
3807,13911,DeAngelo Riley,Mississippi,1.0,0.625,1.0,0.0
3808,13912,Cody Lay,Arkansas,0.0,0.0,0.0,0.0
3809,13914,Lamar Lee,Detroit Mercy,0.0,0.0,0.4,0.92
3810,13917,Josh Benson,Dayton,0.8,0.5416666666666666,0.7272727272727273,0.0
3811,13918,Orane Chin,Cal St. Fullerton,1.0,0.5813953488372093,0.5,0.75
3812,13919,Josh Chavis,USC Upstate,0.0,0.5,0.18181818181818182,0.7962962962962963
3813,13920,Jon McAllian,Maine,0.0,0.0,0.0,1.0
3814,13923,Lewis Jones,Evansville,0.0,0.2,0.14285714285714285,0.0
3815,13924,Julius Brooks,Loyola MD,0.6818181818181818,0.5853658536585366,0.2857142857142857,0.0
3816,13925,Marcus Macellari,Coastal Carolina,0.0,0.0,0.0,0.0
3817,13927,Aaron Henson,Cal St. Northridge,0.0,0.0,0.0,0.0
3818,13930,Jake Gollon,Mercer,0.0,0.0,1.0,0.0
3819,13931,Mark Robertson,Maryland Eastern Shore,0.0,1.0,0.6666666666666666,0.8918918918918919
3820,13932,Shamir Davis,Northwestern St.,0.0,0.3,0.2857142857142857,0.6666666666666666
3821,13935,Hillary Haley,Maryland Eastern Shore,0.8333333333333334,0.4909090909090909,0.34375,0.851063829787234
3822,13936,Cory Dixon,Northwestern St.,0.0,0.25,0.0,1.0
3823,13937,Jameson Tipping,Western Kentucky,0.0,0.5,0.0,0.9
3824,13939,O.J. Evans,Northwestern St.,0.0,0.42857142857142855,0.0,0.0
3825,13940,Perris Blackwell,San Francisco,1.0,0.40540540540540543,0.8,0.0
3826,13943,Michael Chroney,Bryant,1.0,0.4166666666666667,0.5,0.8333333333333334
3827,13946,Phillip Duckett,Grambling St.,0.0,0.0,0.0,0.0
3828,13947,Jose Lara,Cal St. Bakersfield,1.0,0.36,0.375,0.0
3829,13948,Jerramy King,Long Beach St.,0.0,0.0,0.0,0.0
3830,13949,Cortez Irby,Kennesaw St.,0.0,0.0,0.0,0.5
3831,13951,Terdarin Bryson,Grambling St.,0.0,0.2857142857142857,0.5,0.75
3832,13952,Angus Brandt,Oregon St.,1.0,1.0,0.0,1.0
3833,13954,Devon Baker,Northwestern St.,0.0,0.13157894736842105,0.0625,0.631578947368421
3834,13955,Jordan Bitzer,Central Michigan,0.0,0.5384615384615384,0.21951219512195122,0.7887323943661971
3835,13957,John Hoskins,Detroit Mercy,1.0,1.0,0.0,0.0
3836,13959,Kyle Richardson,Long Beach St.,0.0,1.0,0.0,0.0
3837,13960,Andy Poling,Gonzaga,0.0,1.0,1.0,0.0
3838,13964,Charles Holt,Memphis,0.0,1.0,0.0,0.0
3839,13968,D.J. Stephens,Memphis,0.5833333333333334,0.6111111111111112,1.0,1.0
3840,13972,John Green,Ball St.,0.0,1.0,0.5,1.0
3841,13974,Jordan Hulls,Indiana,0.0,0.0,0.2727272727272727,0.8936170212765957
3842,13975,Christian Watford,Indiana,1.0,0.6206896551724138,0.3191489361702128,0.9333333333333333
3843,13977,Alex Sullivan,Akron,0.0,0.0,1.0,0.0
3844,13978,Jordan Griffin,Coastal Carolina,0.0,1.0,0.0,1.0
3845,13980,Zack Riggins,North Florida,0.0,0.8333333333333334,0.0,0.0
3846,13985,William Cooper,Eastern Michigan,1.0,0.7058823529411765,0.375,1.0
3847,13994,Tyler Young,Boise St.,0.0,0.0,1.0,0.0
3848,13996,Jonathan Breeden,Siena,0.0,0.0,0.0,0.0
3849,13999,Just-in'Love Smith,Siena,0.0,0.0,0.0,1.0
3850,14000,Denzel Yard,Siena,0.0,0.0,0.0,0.5
3851,14001,O.D. Anosike,Siena,0.5714285714285714,0.42857142857142855,0.5,0.0
3852,14004,Patrick Liengueu,Colgate,0.0,0.0,0.0,0.0
3853,14005,Brandon James,Colgate,0.0,0.45454545454545453,0.5,1.0
3854,14008,Corey Wright Jr.,LIU,0.0,0.0,0.0,0.5
3855,14013,Blake Metcalf,Albany,0.0,0.5,0.6,0.0
3856,14014,Fran Urli,Albany,0.0,0.5142857142857142,0.3333333333333333,1.0
3857,14015,Derrek Tartt,Albany,0.0,0.5714285714285714,0.0,0.8333333333333334
3858,14018,Stephon Carter,Cal St. Bakersfield,0.2727272727272727,0.21666666666666667,0.0625,0.7
3859,14019,Donald Johnson,Cal St. Bakersfield,0.6666666666666666,0.42105263157894735,0.3333333333333333,0.75
3860,14026,Marshon Brooks,Providence,0.3333333333333333,0.35443037974683544,0.13953488372093023,0.5869565217391305
3861,14027,Bobby Hordyski,Marshall,0.0,0.0,0.0,1.0
3862,14028,Kyle Petersen,Akron,0.0,0.0,0.0,0.0
3863,14029,Chad Adams,New Mexico,0.0,0.4,0.25,1.0
3864,14031,Jamal Fenton,New Mexico,0.0,0.15384615384615385,0.16666666666666666,0.8888888888888888
3865,14032,Jackson Stevenett,Southern Utah,1.0,0.5454545454545454,0.6,1.0
3866,14034,Matt Staff,New Mexico,0.0,0.5,0.0,1.0
3867,14035,Jordan Weirick,Southern Utah,0.0,0.42857142857142855,0.5,0.9
3868,14037,Jaron Lane,UNC Asheville,1.0,0.6666666666666666,0.5,1.0
3869,14041,Anthony Kelley,Illinois Chicago,0.0,1.0,0.5,1.0
3870,14042,Jorge Brian Diaz,Nebraska,0.75,0.8484848484848485,0.47761194029850745,0.0
3871,14045,Ray Gallegos,Nebraska,0.0,0.3333333333333333,0.5625,1.0
3872,14047,Will Barrett,Princeton,0.0,0.4,0.4,0.25
3873,14048,Mike Fox,Nebraska,0.0,0.0,0.0,0.0
3874,14054,Jonathan Curtis,Southeastern Louisiana,0.0,0.0,0.0,0.0
3875,14055,Doug Scott,Southern,0.875,0.631578947368421,0.6923076923076923,0.8
3876,14056,Alex Dorr,Iowa St.,0.0,0.3333333333333333,0.0,0.0
3877,14057,Fabio Ribeiro,Louisiana Monroe,0.0,0.0,0.0,0.0
3878,14059,Rory Burt,Louisiana Monroe,1.0,0.5714285714285714,0.5,0.0
3879,14060,Corvonn Gaines,East Carolina,0.0,0.3888888888888889,0.0,0.5
3880,14061,Warren Fuselier,Louisiana Monroe,0.0,0.0,0.0,0.3333333333333333
3881,14062,Colby Carr,Louisiana Monroe,0.0,0.3142857142857143,0.1111111111111111,1.0
3882,14064,Mitch Woolpert,San Diego,0.0,0.0,0.0,0.0
3883,14075,Jackie Carmichael,Illinois St.,0.64,0.6862745098039216,0.8235294117647058,0.0
3884,14076,Justin Clark,Illinois St.,0.0,0.4,1.0,0.75
3885,14077,Luke Hancock,George Mason,0.2222222222222222,0.1935483870967742,0.058823529411764705,0.9090909090909091
3886,14078,Vertrail Vaughns,George Mason,0.0,0.0,0.0,1.0
3887,14080,Dylan Royer,Cal Poly,0.0,0.0,0.0,1.0
3888,14085,Justin Davis,Florida Atlantic,0.0,0.75,0.6666666666666666,0.0
3889,14088,Jeffrey Forbes,Eastern Washington,0.0,0.38235294117647056,0.1875,0.8888888888888888
3890,14089,Alden Gibbs,Eastern Washington,0.0,0.5,0.0,1.0
3891,14091,Laron Griffin,Eastern Washington,1.0,0.59375,0.36363636363636365,0.0
3892,14092,Shannon Givens,Drexel,0.0,0.4444444444444444,0.5,0.7272727272727273
3893,14093,Daryl McCoy,Drexel,0.0,0.23076923076923078,1.0,0.0
3894,14096,Greg Dillon,Grambling St.,1.0,0.5,0.0,1.0
3895,14102,P.J. Taylor,North Carolina Central,0.0,0.16666666666666666,0.0,0.0
3896,14107,Miguel Bocachica,LIU,0.0,0.0,0.0,1.0
3897,14108,Booker Hucks,LIU,0.0,0.4666666666666667,0.0,1.0
3898,14117,Alex Oriakhi,Connecticut,0.5,0.40425531914893614,0.7142857142857143,0.0
3899,14121,Ater Majok,Connecticut,0.7,0.4,0.6,0.0
3900,14122,Jamal Coombs-McDaniel,Connecticut,0.0,0.36363636363636365,0.4,1.0
3901,14123,McIntoche Alcius,Winston Salem St.,0.75,0.29411764705882354,0.9,0.8333333333333334
3902,14125,Jimmy Sherburne,Princeton,0.0,1.0,0.0,0.0
3903,14126,Jeremy Lay,Hawaii,0.0,0.3333333333333333,0.3076923076923077,0.8636363636363636
3904,14132,Tyvon Williams,South Carolina St.,0.75,0.20512820512820512,0.16666666666666666,0.8
3905,14133,Ryan Kelly,Duke,1.0,0.6666666666666666,0.5,1.0
3906,14134,Bobby Lee,Southern,0.0,0.2857142857142857,0.2222222222222222,1.0
3907,14135,Blake Sanford,Southern,0.0,0.3333333333333333,0.3333333333333333,0.8125
3908,14136,Quinton Doggett,Southern,0.9090909090909091,0.5925925925925926,0.8235294117647058,0.0
3909,14138,Madut Bol,Southern,0.5,0.5909090909090909,0.7777777777777778,0.0
3910,14139,Tony McGilveary,Southern,0.0,0.2857142857142857,0.4666666666666667,0.8666666666666667
3911,14143,Jheryl Wilson,NJIT,0.0,0.38666666666666666,0.21739130434782608,0.9523809523809523
3912,14146,Richard Thomas,North Texas,1.0,0.36363636363636365,0.0,0.9166666666666666
3913,14149,Andrew Lawrence,Charleston,0.0,0.21428571428571427,0.14285714285714285,0.9722222222222222
3914,14151,Jordan Swarbrick,Utah Valley,0.625,0.2972972972972973,0.2692307692307692,0.8823529411764706
3915,14158,Andrew Rutledge,Florida St.,0.0,0.0,0.0,0.0
3916,14167,De'Shaud Johnson,East Tennessee St.,0.0,0.3333333333333333,0.0,1.0
3917,14168,Sheldon Cooley,East Tennessee St.,0.0,0.15384615384615385,0.11428571428571428,0.8888888888888888
3918,14169,Jocolby Davis,East Tennessee St.,0.0,0.08695652173913043,0.0,1.0
3919,14170,Lukas Poderis,East Tennessee St.,1.0,0.6190476190476191,0.5,1.0
3920,14171,Jeff Robinson,Seton Hall,0.7619047619047619,0.5411764705882353,0.6,1.0
3921,14172,Jonathan Merit,Jacksonville St.,0.0,0.0,0.0,0.0
3922,14173,Bruce Grimm,East Tennessee St.,0.0,0.0,0.0,0.6
3923,14174,Justin Tubbs,East Tennessee St.,0.8,0.3392857142857143,0.3333333333333333,0.7808219178082192
3924,14179,Brandon Mitchell,Arkansas,0.0,0.0,0.0,0.0
3925,14182,Jamal Edwards,Maryland Eastern Shore,0.0,0.0,0.0,0.0
3926,14184,Rory Fannon,Utah Valley,0.0,1.0,1.0,0.0
3927,14188,Stephon Lamar,Pacific,0.0,0.3333333333333333,0.6666666666666666,1.0
3928,14189,Kevin Stineman,SIU Edwardsville,0.0,0.0,0.25,1.0
3929,14191,Liam McCabe-Moran,Manhattan,0.0,0.0,0.0,0.0
3930,14192,Trent Hutchin,Southeastern Louisiana,0.0,0.2727272727272727,0.45454545454545453,0.8676470588235294
3931,14195,Gary Dixon,Southeastern Louisiana,0.5,0.47368421052631576,0.2857142857142857,0.7741935483870968
3932,14197,Brandon Evans,UNC Greensboro,1.0,0.28888888888888886,0.07692307692307693,0.8823529411764706
3933,14198,DeAndre Medlock,UC Davis,1.0,1.0,0.0,0.0
3934,14209,Davon Jones,Jackson St.,1.0,1.0,0.0,0.0
3935,14211,Korey VanDussen,UNC Greensboro,0.0,0.3333333333333333,0.25,0.9090909090909091
3936,14214,Reece Uhlenhopp,Drake,0.0,1.0,0.6,0.8571428571428571
3937,14215,Ben Simons,Drake,0.0,0.5,0.42857142857142855,0.918918918918919
3938,14216,David Smith,Drake,0.0,0.25,0.0,0.0
3939,14221,Kyle Randall,UNC Greensboro,0.0,0.05,0.07407407407407407,0.9230769230769231
3940,14227,Ray Penn,Oklahoma St.,0.0,0.11764705882352941,0.1,0.6956521739130435
3941,14229,Cataurius Taylor,Tennessee Martin,0.0,0.0,0.4,1.0
3942,14241,Jason Pancoe,Army,0.0,0.5,0.0,1.0
3943,14244,Nick Daniels,Purdue Fort Wayne,0.0,0.4090909090909091,0.125,0.7272727272727273
3944,14245,Frank Gaines,Purdue Fort Wayne,0.0,0.4482758620689655,0.5,1.0
3945,14246,John Peckinpaugh,Purdue Fort Wayne,0.0,0.5555555555555556,0.7142857142857143,1.0
3946,14247,Jeremy Mixon,Purdue Fort Wayne,0.0,0.12,0.13636363636363635,0.6
3947,14250,Trey McCorkle,Purdue Fort Wayne,1.0,0.6666666666666666,0.4666666666666667,0.0
3948,14252,Khalif Toombs,South Carolina St.,0.0,0.10526315789473684,0.0,0.6428571428571429
3949,14258,Jordan Jefferson,Alabama St.,0.0,0.0,0.0,0.0
3950,14266,Raheem May-Thompson,Quinnipiac,1.0,1.0,1.0,0.0
3951,14267,Doug Howard,William & Mary,0.0,0.0,0.0,0.0
3952,14268,Artie Marine,Kennesaw St.,0.0,1.0,0.0,1.0
3953,14269,Ryan Bogdan,Quinnipiac,0.0,0.0,0.0,0.0
3954,14273,Deontay Twyman,Quinnipiac,0.0,0.3333333333333333,0.18518518518518517,0.7931034482758621
3955,14277,Ricky Shoff,Utah,0.0,0.0,0.0,1.0
3956,14282,Verdell Jones III,Indiana,0.0,0.35714285714285715,0.18055555555555555,0.8095238095238095
3957,14283,A.J. Wilson,Murray St.,0.6666666666666666,0.6,0.5,1.0
3958,14284,Lamont Morgan Jr.,BYU,0.0,0.25,0.3333333333333333,1.0
3959,14297,Dennis Harris,LSU,0.8,0.5666666666666667,0.7142857142857143,1.0
3960,14299,Bawa Muniru,Indiana,0.0,0.0,0.6666666666666666,0.0
3961,14301,Lorne Jackson,Pepperdine,0.0,0.05,0.07142857142857142,0.8529411764705882
3962,14305,Hashim Bailey,Massachusetts,0.0,0.36,0.0,0.0
3963,14306,Conor Sullivan,Penn,0.0,0.0,0.0,0.0
3964,14315,Tj DiLeo,Temple,0.0,0.3333333333333333,0.5,1.0
3965,14316,Mitch Rolls,Colgate,0.0,0.16666666666666666,0.16666666666666666,0.6842105263157895
3966,14319,Colin Klebon,Bucknell,0.0,0.75,0.8,0.0
3967,14320,Kevin Rohner,Toledo,0.0,0.0,1.0,1.0
3968,14322,Robert Olson,Loyola MD,0.0,0.391304347826087,0.35714285714285715,0.9629629629629629
3969,14325,Derrick Johnson,Alabama St.,0.0,1.0,0.0,0.0
3970,14326,Stanley Honorat,Charleston Southern,0.0,1.0,0.0,1.0
3971,14333,Shaun Adams,Loyola Chicago,0.0,0.0,0.0,0.0
3972,14340,Raymond Taylor,Florida Atlantic,0.0,0.046511627906976744,0.0,0.5689655172413793
3973,14341,Andre Mattison,Florida Atlantic,0.0,0.25,0.0,0.0
3974,14342,Dylan O'Sullivan,Florida Atlantic,0.0,0.0,0.0,0.0
3975,14345,Greg Gantt,Florida Atlantic,0.0,0.3611111111111111,0.4722222222222222,0.9512195121951219
3976,14346,Darren Stewart,Florida Atlantic,0.0,0.5,0.0,0.0
3977,14347,DeMonte Simpson,Florida Atlantic,0.0,0.5714285714285714,0.6842105263157895,0.0
3978,14349,Femi John,Saint Louis,0.0,0.0,0.625,1.0
3979,14351,Ryan Brimley,Southern Utah,0.0,0.2857142857142857,0.4,0.7647058823529411
3980,14352,Scott Friel,Southern Utah,0.0,0.47368421052631576,0.0,1.0
3981,14354,James Albright,Cal St. Bakersfield,0.0,0.2,0.3333333333333333,0.8333333333333334
3982,14355,Jeremy Smith,Nicholls St.,0.0,1.0,0.0,0.0
3983,14356,Justin Ayers,Nicholls St.,0.0,0.15789473684210525,0.75,0.875
3984,14357,Maurice Foster,Nicholls St.,1.0,0.5517241379310345,0.0,1.0
3985,14359,Brendan Connolly,Princeton,0.0,0.6,0.0,0.0
3986,14360,Mack Darrow,Princeton,0.0,1.0,0.0,0.0
3987,14362,Ian Hummer,Princeton,1.0,0.5254237288135594,0.42857142857142855,0.0
3988,14363,Antonio Adams,Alabama A&M,0.0,0.0,0.0,0.0
3989,14365,Damon Heuir,Southern Utah,0.0,0.14285714285714285,0.0,0.8571428571428571
3990,14369,Sean Mullan,Penn,0.0,0.5,0.0,0.0
3991,14370,David Pellom,George Washington,0.5714285714285714,0.64,0.2727272727272727,1.0
3992,14371,George Jackson,Coppin St.,0.0,0.5,0.0,0.5
3993,14373,Stan Okoye,VMI,0.7692307692307693,0.39080459770114945,0.3055555555555556,0.8235294117647058
3994,14374,Branden Doughty,Coppin St.,0.375,0.36363636363636365,0.6333333333333333,1.0
3995,14376,Dee Goens,Holy Cross,0.0,0.2,0.1111111111111111,0.875
3996,14379,Nick Lopez,NJIT,0.0,0.4,0.5,1.0
3997,14380,Pj Miller,NJIT,0.5,0.5757575757575758,0.3333333333333333,1.0
3998,14381,Matt Darnell,NJIT,0.0,0.0,0.0,1.0
3999,14382,Robert Fitzsimmons,NJIT,0.0,0.0,0.0,0.0
4000,14386,Nikola Malesevic,Rhode Island,0.0,0.5,0.0,1.0
4001,14390,Jordan Stevens,Holy Cross,0.0,0.0,0.0,1.0
4002,14392,Colin Reddick,Furman,1.0,0.4782608695652174,0.25,0.0
4003,14393,James Padgett,Maryland,0.5,0.5357142857142857,0.3333333333333333,0.0
4004,14394,Austin Hood,Illinois Chicago,0.0,0.5,0.0,0.5
4005,14396,Ersin Levent,Maryland,0.0,0.0,1.0,0.0
4006,14397,Travis Bledsoe,North Dakota,0.0,0.34285714285714286,0.23529411764705882,0.8301886792452831
4007,14400,Brad Birton,Illinois Chicago,1.0,0.5,0.6666666666666666,1.0
4008,14401,Aaron Thompson,Sam Houston St.,0.0,0.5,1.0,1.0
4009,14402,Tony Mitchell,Alabama,0.5769230769230769,0.6216216216216216,0.4166666666666667,0.9333333333333333
4010,14404,Gene Teague,Southern Illinois,0.6,0.5588235294117647,0.3333333333333333,0.0
4011,14405,Arthur Wiley,Illinois Chicago,0.0,0.0,0.0,0.0
4012,14406,Trevon Charles,Sam Houston St.,0.0,0.3333333333333333,0.0,1.0
4013,14407,Gilberto Clavell,Sam Houston St.,1.0,0.7421875,0.6326530612244898,1.0
4014,14410,Reggie Chambers,Florida Gulf Coast,0.0,0.15,0.2,0.875
4015,14412,Paris Bennett,George Mason,0.0,0.0,0.0,0.0
4016,14413,Donavan Bragg,Cal St. Bakersfield,0.75,0.3333333333333333,0.14285714285714285,0.75
4017,14414,Kevin Feeney,Xavier,0.0,0.0,0.0,1.0
4018,14415,D.J. Rowe,Bucknell,0.0,0.0,0.0,1.0
4019,14421,DaShonte Riley,Syracuse,1.0,1.0,1.0,0.0
4020,14422,Darnel Jones,Savannah St.,0.0,0.0,0.0,0.0
4021,14423,Lamar Monger,Winston Salem St.,0.0,0.2777777777777778,0.4,0.9
4022,14427,Tyshawn Patterson,Stetson,0.0,0.10714285714285714,0.05,0.8421052631578947
4023,14429,J.B. Conley,Texas St.,0.5,0.4722222222222222,0.5,0.8
4024,14430,Tony Bishop,Texas St.,0.8888888888888888,0.6744186046511628,0.4827586206896552,0.5
4025,14436,Donnavan Kirk,Miami FL,1.0,1.0,1.0,0.0
4026,14437,Antoine Allen,Miami FL,0.0,1.0,0.5,0.875
4027,14441,Domas Rinksalis,Wofford,0.0,0.5,0.0,0.0
4028,14443,Nathan Parker,Wofford,0.0,0.375,0.3333333333333333,0.0
4029,14444,Taylor Wagener,Wofford,0.0,0.0,0.0,0.0
4030,14448,DeShawn Painter,N.C. State,1.0,0.3333333333333333,0.7142857142857143,0.0
4031,14456,Brandon Triche,Syracuse,0.4,0.48936170212765956,0.2727272727272727,0.8064516129032258
4032,14458,Gokhan Sirin,Charlotte,0.0,0.0,0.0,0.9411764705882353
4033,14461,Dane DiLiegro,New Hampshire,0.9285714285714286,0.5714285714285714,0.2727272727272727,0.0
4034,14463,Jacob Arnett,Lipscomb,0.0,0.2857142857142857,0.0,1.0
4035,14464,Trevin Parks,Charlotte,0.0,0.3333333333333333,0.0,0.0
4036,14468,Daniel Brady,UMKC,0.0,1.0,0.0,0.0
4037,14471,Josh Thompson,Wagner,0.6666666666666666,0.38461538461538464,0.20833333333333334,0.7142857142857143
4038,14472,Broderick Gilchrest,Idaho St.,1.0,0.125,0.058823529411764705,0.7631578947368421
4039,14473,Rolando Little,Idaho St.,0.75,0.5,0.6363636363636364,0.0
4040,14502,Abdoulaye N'doye,New Mexico St.,0.0,1.0,0.0,0.0
4041,14503,Bandja Sy,New Mexico St.,1.0,0.6666666666666666,0.0,1.0
4042,14505,Da'Shawn Gomez,New Mexico St.,0.0,0.0,0.0,1.0
4043,14506,Nick Gerrity,Central Connecticut,0.0,0.0,0.0,0.0
4044,14508,Tyrone Watson,New Mexico St.,1.0,0.35,0.4,0.75
4045,14509,Don Smith,Bryant,0.0,1.0,0.0,0.0
4046,14510,Rafael DeLeon,Temple,0.0,1.0,0.0,0.0
4047,14513,Khaliff Wyatt,Temple,0.0,0.0,0.0,1.0
4048,14514,Glenn Bryant,Arkansas,0.75,0.55,1.0,1.0
4049,14515,Jemal Farmer,Arkansas,1.0,0.47058823529411764,0.5,0.7272727272727273
4050,14518,Delvon Johnson,Arkansas,0.7777777777777778,0.6896551724137931,0.42857142857142855,0.0
4051,14519,Julysses Nobles,Arkansas,0.0,0.1111111111111111,0.16666666666666666,0.8333333333333334
4052,14520,Thomas Robinson,Kansas,0.6666666666666666,0.5833333333333334,0.4444444444444444,0.0
4053,14523,David Thomas,Grambling St.,0.0,0.0,0.0,0.0
4054,14525,Rodriguez Sherman,Kent St.,0.3333333333333333,0.2962962962962963,0.11538461538461539,0.8823529411764706
4055,14526,Jajuan Maxwell,Southeast Missouri St.,0.0,0.42424242424242425,0.6923076923076923,1.0
4056,14527,Grant Gibbs,Gonzaga,0.0,0.5,0.3333333333333333,1.0
4057,14536,Nigel Ajere,Cleveland St.,0.0,0.5833333333333334,0.4444444444444444,0.0
4058,14538,Matt Morgan,Winthrop,1.0,0.58,0.6710526315789473,1.0
4059,14539,Jeff Osborne,Cal St. Bakersfield,0.0,0.0,0.0,0.0
4060,14540,Robbie Dreher,Winthrop,0.6666666666666666,0.25,0.38095238095238093,0.9
4061,14541,Taylor Dunn,Winthrop,0.0,0.0,0.0,1.0
4062,14544,David Singleton,High Point,0.0,0.34285714285714286,0.43478260869565216,0.0
4063,14545,Louie Krogman,South Dakota,0.0,0.23809523809523808,0.2,0.7454545454545455
4064,14547,Justin Jordan,Saint Louis,0.0,0.18181818181818182,0.2857142857142857,0.8666666666666667
4065,14549,Alex Pickert,Denver,0.0,0.0,0.0,1.0
4066,14555,Ryan Wedel,Drake,0.0,0.23529411764705882,0.175,0.9242424242424242
4067,14556,Bryson Pope,Tulsa,0.0,0.375,0.5,1.0
4068,14558,Darius Theus,VCU,0.0,0.4583333333333333,0.2,1.0
4069,14559,Troy Daniels,VCU,0.0,1.0,1.0,1.0
4070,14561,Issiah Grayson,VCU,0.0,0.0,0.0,1.0
4071,14563,DeAndre Hersey,South Alabama,0.5,0.5333333333333333,0.8333333333333334,1.0
4072,14564,Frank Wiseler,Drake,0.0,0.07692307692307693,0.07692307692307693,0.7619047619047619
4073,14565,Brendan Bald,Vermont,0.0,0.29411764705882354,0.21428571428571427,1.0
4074,14566,Keith Searcy,Alcorn St.,0.0,0.2608695652173913,0.2708333333333333,1.0
4075,14567,Shaunvanta Ingram,Alcorn St.,0.0,0.4166666666666667,0.21739130434782608,0.8333333333333334
4076,14568,Evan Smith,USC,0.0,1.0,1.0,1.0
4077,14571,Matt Sauey,North Florida,0.8571428571428571,0.7230769230769231,0.6428571428571429,0.0
4078,14572,Eni Cuka,North Florida,0.0,0.1875,0.2,0.88
4079,14573,Jamel Jackson,Seton Hall,0.0,0.75,0.3333333333333333,0.9230769230769231
4080,14575,Cory Remekun,Saint Louis,1.0,0.5,0.7142857142857143,0.0
4081,14576,Paolo Ivis,Loyola MD,0.0,0.6666666666666666,0.0,0.0
4082,14582,C.J. Henry,Kansas,0.0,0.3333333333333333,0.0,0.9090909090909091
4083,14584,Dwayne Lathan,Indiana St.,0.6666666666666666,0.42,0.05555555555555555,0.8571428571428571
4084,14597,Vincent Davis,North Carolina Central,0.8333333333333334,0.45454545454545453,0.2857142857142857,0.9166666666666666
4085,14599,Austin Nichols,Northwestern,0.0,0.0,0.0,0.0
4086,14601,Jason Washburn,Utah,0.9,0.6111111111111112,0.21052631578947367,0.0
4087,14603,Miles Dixon,Houston Christian,0.5,0.18181818181818182,0.08333333333333333,0.95
4088,14604,Remy Boswell,Houston Christian,0.0,0.7857142857142857,0.6363636363636364,0.0
4089,14605,Fred Hinnenkamp,Houston Christian,0.0,0.5384615384615384,0.875,1.0
4090,14606,Jamal Robertson,Houston Christian,0.0,0.09090909090909091,0.3333333333333333,0.7
4091,14607,Ben Daniels,Houston Christian,0.0,0.0,0.0,0.8333333333333334
4092,14608,Justin Rake,Louisiana Tech,0.0,1.0,0.0,1.0
4093,14609,Josh Odem,Chattanooga,0.0,0.25,0.0,0.9375
4094,14613,Michael Moss,Houston Christian,1.0,0.23809523809523808,0.2727272727272727,0.9411764705882353
4095,14616,B.J. Jenkins,Murray St.,0.0,0.358974358974359,0.35294117647058826,0.8307692307692308
4096,14624,Joe Willman,Bucknell,0.0,0.42105263157894735,0.7435897435897436,0.0
4097,14625,Isaiah Canaan,Murray St.,0.0,0.2903225806451613,0.25806451612903225,0.7058823529411765
4098,14628,Adam Barnes,Belmont,0.0,1.0,1.0,0.0
4099,14629,Brandon Baker,Belmont,0.0,0.8461538461538461,1.0,1.0
4100,14638,Jorden Page,Saint Mary's,0.0,0.375,0.0,0.9444444444444444
4101,14643,Julian Olubuyi,Northern Arizona,0.0,0.1875,0.2,1.0
4102,14645,Matthew Dellavedova,Saint Mary's,0.0,0.125,0.17391304347826086,0.8611111111111112
4103,14651,Jonathan Dupre',Pepperdine,0.0,0.42857142857142855,0.6296296296296297,1.0
4104,14656,Beau Levesque,Saint Mary's,1.0,0.6,1.0,1.0
4105,14662,Tim Harris,Saint Mary's,0.0,0.0,0.0,1.0
4106,14665,Dwight Gordon,UC Riverside,1.0,0.5384615384615384,0.4827586206896552,0.8571428571428571
4107,14667,Aj Spencer,Alabama St.,0.0,0.23076923076923078,0.3333333333333333,0.0
4108,14669,D.J. Byrd,Purdue,0.0,0.0,0.4,1.0
4109,14672,James Harvey Jr.,Memphis,0.0,0.0,0.0,1.0
4110,14675,Levi Giese,Lafayette,0.0,0.75,1.0,1.0
4111,14676,Alvin Brown,James Madison,0.0,0.3333333333333333,0.0,0.0
4112,14685,Mike Muscala,Bucknell,0.8888888888888888,0.5370370370370371,0.7321428571428571,1.0
4113,14687,Erin Straughn,East Carolina,1.0,0.46153846153846156,0.5714285714285714,0.9047619047619048
4114,14688,Josh Sain,Tennessee St.,0.0,0.5,0.17391304347826086,0.8
4115,14689,Bak Bak,California,0.0,0.0,0.0,0.0
4116,14690,Reid Wallace,Northern Arizona,0.0,0.6666666666666666,0.7142857142857143,0.8888888888888888
4117,14692,Markhuri Sanders-Frison,California,1.0,0.5416666666666666,0.47058823529411764,0.0
4118,14693,Milos Milosevic,Valparaiso,0.0,0.3333333333333333,0.0,0.0
4119,14694,Chris Halvorsen,Valparaiso,0.0,0.5,0.0,0.0
4120,14695,Brandon Smith,California,0.0,0.5,0.0,0.5
4121,14696,Tevin Swann,Mercer,0.0,0.5,0.0,0.0
4122,14697,Nick Chasten,North Carolina Central,0.8,0.41304347826086957,0.46511627906976744,0.9230769230769231
4123,14699,Leonard Hayes,Stony Brook,0.0,0.0,0.0,1.0
4124,14700,Marcus Rouse,Stony Brook,1.0,0.5,0.375,0.75
4125,14701,Santwon Latunde,Cal St. Bakersfield,0.0,0.27692307692307694,0.24242424242424243,0.0
4126,14705,Preye Preboye,Stony Brook,1.0,0.5833333333333334,0.0,0.5
4127,14706,Dwain Williams,Hawaii,0.0,0.3333333333333333,0.3076923076923077,0.7666666666666667
4128,14707,Evan Salzano,East Carolina,0.0,0.0,0.0,0.0
4129,14709,Wakefield Ellison,East Carolina,0.0,1.0,0.5,1.0
4130,14710,Youssoupha Mbao,Marquette,0.0,0.0,0.0,0.0
4131,14712,Dwight Buycks,Marquette,0.0,0.45454545454545453,0.3793103448275862,0.8666666666666667
4132,14715,Reggie Moore,Washington St.,0.25,0.13636363636363635,0.125,0.7692307692307693
4133,14717,Matt Hodgson,Southern Utah,0.42857142857142855,0.4418604651162791,0.5217391304347826,0.0
4134,14719,Lazar Bogdanovic,Colgate,0.0,0.0,0.0,0.0
4135,14722,Dominic Cheek,Villanova,0.5,0.3235294117647059,0.36363636363636365,1.0
4136,14724,Joe Carr,VMI,0.0,0.5714285714285714,0.0,1.0
4137,14731,Jerry Macon,Lipscomb,0.0,0.0,0.0,0.0
4138,14732,Will Taylor,Cal Poly,0.0,0.4857142857142857,0.3333333333333333,0.0
4139,14733,Terrance Mitchell,Maine,0.0,0.5,0.4,0.8421052631578947
4140,14735,Mike Allison,Maine,1.0,0.5416666666666666,0.7777777777777778,1.0
4141,14736,Jerrell Boswell,Maine,0.0,0.0,0.0,1.0
4142,14737,Travon Wilcher,Maine,0.0,0.0,0.0,0.0
4143,14739,Phil Bassan,Stetson,0.0,0.0,0.0,0.6666666666666666
4144,14741,David Brown,Gardner Webb,0.0,0.0,1.0,0.7142857142857143
4145,14743,Keith Clanton,UCF,0.7142857142857143,0.4810126582278481,0.5357142857142857,1.0
4146,14744,Charles Funches,Hampton,0.8,0.42857142857142855,0.6428571428571429,1.0
4147,14746,Dipanjot Singh,Illinois Chicago,0.0,0.0,0.0,1.0
4148,14747,Charvez Davis,Alabama,0.0,0.625,0.8,0.9814814814814815
4149,14748,Chris Hines,Alabama,0.8333333333333334,0.5588235294117647,0.23076923076923078,1.0
4150,14754,Clee Sherrod II,North Carolina Central,0.0,0.0,0.0,0.0
4151,14755,Ryan Fleming,North Carolina Central,0.0,0.0,0.0,0.0
4152,14756,Josh Bartelstein,Michigan,0.0,0.0,0.0,0.0
4153,14757,Liam McInerney,Stetson,1.0,0.6818181818181818,0.5714285714285714,0.0
4154,14759,David Mazanowski,IU Indy,0.0,0.0,0.0,0.0
4155,14760,Troy Snyder,Green Bay,0.0,0.0,0.3333333333333333,0.0
4156,14762,Sean Esposito,IU Indy,0.0,0.0,0.0,0.9166666666666666
4157,14763,Jordan Vandenberg,N.C. State,0.0,0.5,0.6666666666666666,0.0
4158,14764,Nick DeSchepper,IU Indy,0.0,0.0,0.0,0.0
4159,14767,Chris Braswell,Charlotte,0.0,0.4367816091954023,0.36363636363636365,0.0
4160,14768,Darius Morris,Michigan,0.3333333333333333,0.4,0.3,0.8571428571428571
4161,14769,Eso Akunne,Michigan,0.0,1.0,0.0,0.0
4162,14770,Matt Vogrich,Michigan,0.0,1.0,0.4,0.8333333333333334
4163,14773,Lucas Devenny,UC Santa Barbara,0.0,0.8333333333333334,0.6,0.0
4164,14775,Shane Walker,Loyola MD,0.75,0.4411764705882353,0.45714285714285713,0.95
4165,14778,Alec Burks,Colorado,0.75,0.4174757281553398,0.2926829268292683,0.5789473684210527
4166,14779,Marcus Relphorde,Colorado,0.5,0.4339622641509434,0.34782608695652173,0.875
4167,14780,Keegan Hornbuckle,Colorado,1.0,0.6,0.5,1.0
4168,14783,Chase Hallam,Denver,1.0,0.48,0.29411764705882354,1.0
4169,14784,Aaron Broussard,Seattle,0.0,0.19230769230769232,0.2608695652173913,0.8888888888888888
4170,14786,Nigel Spikes,Marshall,0.8333333333333334,0.5714285714285714,0.6,0.0
4171,14787,Gavin Gilmore,Seattle,0.75,0.6,0.5714285714285714,0.0
4172,14788,Darian Cartharn,Wright St.,0.0,0.5,1.0,0.8
4173,14789,Paul Darkwa,Wright St.,1.0,0.7142857142857143,0.75,0.0
4174,14791,Taylor Kelly,Fresno St.,0.0,0.0,0.0,1.0
4175,14796,Cashmere Wright,Cincinnati,0.6666666666666666,0.4,0.125,0.7777777777777778
4176,14799,Matt Read,Utah,0.0,0.5,0.5,1.0
4177,14805,Joe Wong,Southeastern Louisiana,0.0,0.0,0.0,0.0
4178,14809,Matt Massey,Southern Utah,0.0,0.6538461538461539,0.46875,1.0
4179,14814,Josh Nirenberg,Appalachian St.,0.0,0.5,1.0,0.0
4180,14816,Dogukan Kuzucan,UCF,0.0,0.0,0.0,0.0
4181,14817,Marcus Jordan,UCF,0.0,0.2926829268292683,0.23529411764705882,0.8571428571428571
4182,14818,Jared Cunningham,Cleveland St.,0.0,0.8333333333333334,0.6,1.0
4183,14819,Nik Garcia,UCF,0.0,0.0,0.0,0.0
4184,14820,Taylor Rohde,Arizona St.,0.0,0.7142857142857143,0.6666666666666666,0.0
4185,14824,Mike Black,Albany,0.0,0.20833333333333334,0.16666666666666666,0.7575757575757576
4186,14825,Charles White,Hartford,0.0,0.36666666666666664,0.10526315789473684,1.0
4187,14900,Amir Rashid,Central Michigan,0.0,0.3333333333333333,0.23809523809523808,0.6
4188,14942,Evan Faulkner,Radford,0.0,0.6666666666666666,0.0,0.9411764705882353
4189,14957,Gregory Echenique,Rutgers,0.8571428571428571,0.5714285714285714,0.0,0.0
4190,15037,Leo Davis,Centenary,0.0,0.5,0.0,0.8333333333333334
4191,15038,Jeron Trotman,Centenary,1.0,0.5333333333333333,0.0,0.0
4192,15063,Mike Holmes,South Carolina,0.6666666666666666,0.5714285714285714,0.5,0.0
4193,15160,William Wilson,North Florida,0.0,0.2,0.25,1.0
4194,15213,Tony Watson II,Buffalo,0.0,1.0,0.0,1.0
4195,15305,Dutch Gaitley,Monmouth,0.0,0.125,1.0,0.0
4196,15543,Gilbert Brown,Pittsburgh,0.7692307692307693,0.625,0.5909090909090909,0.9523809523809523
4197,15635,Imad Quhwash,Central Arkansas,0.0,0.3448275862068966,0.0,1.0
4198,15681,Collin Mangrum,North Texas,0.0,0.2222222222222222,0.1,0.9411764705882353
4199,15704,Travis King,George Washington,0.0,0.21428571428571427,0.8,0.6666666666666666
4200,15760,Nikita Mescheriakov,Georgetown,0.0,0.0,1.0,1.0
4201,15779,Roman Tubner,Centenary,0.0,0.12195121951219512,0.5,0.6428571428571429
4202,15831,Ashton Gibbs,Pittsburgh,0.0,0.7272727272727273,0.6285714285714286,0.9358974358974359
4203,15919,Terry Tidwell,Arkansas Pine Bluff,0.0,0.6,0.0,0.0
4204,15955,Caleb Willis,Pepperdine,0.0,0.14285714285714285,0.3333333333333333,0.5
4205,15985,Cameron Baskerville,Georgia Southern,1.0,0.5384615384615384,0.5,1.0
4206,16000,William McClure,Central Michigan,0.8,0.5,0.4444444444444444,0.0
4207,16028,Joe Fulce,Marquette,0.5,0.5862068965517241,0.9411764705882353,1.0
4208,16112,Ben Drayton,Georgia Southern,0.0,0.3793103448275862,0.41935483870967744,1.0
4209,16258,Joshua Lowery,Pepperdine,0.0,0.0,0.0,0.8
4210,16289,Alex Legion,Illinois,0.0,1.0,0.6666666666666666,1.0
4211,16302,Finis Craddock,Central Michigan,0.0,0.1111111111111111,0.0,0.0
4212,16406,Nasir Robinson,Pittsburgh,0.0,0.6707317073170732,0.6,1.0
4213,16424,Travon Woodall,Pittsburgh,0.0,0.25,0.6428571428571429,1.0
4214,16467,Johann Mpondo,New Orleans,1.0,0.6046511627906976,0.5555555555555556,0.0
4215,16522,Gus Clardy,Pepperdine,0.0,0.42857142857142855,0.7142857142857143,0.0
4216,16800,Lance Brown,Fordham,0.6666666666666666,0.4444444444444444,0.23809523809523808,0.9
4217,16927,John Holland,Boston University,0.5945945945945946,0.3854166666666667,0.15254237288135594,0.7666666666666667
4218,16941,Chris Wright,Georgetown,1.0,0.4954954954954955,0.27586206896551724,0.9302325581395349
4219,16999,Travis Sims,Centenary,0.0,0.25,0.5,1.0
4220,17013,Maxx Nakwaasah,Centenary,0.0,0.6774193548387096,0.5,0.9259259259259259
4221,17390,C.J. McCollum,Lehigh,0.42857142857142855,0.38596491228070173,0.33783783783783783,0.8472222222222222
4222,17431,John Morris,Central Michigan,0.0,0.0,0.0,0.0
4223,17446,Blake Smith,Radford,0.3333333333333333,0.5416666666666666,0.5,0.925
4224,17704,Drew Gordon,UCLA,1.0,0.72,0.75,0.0
4225,17771,Joel Lamb,Charleston Southern,1.0,0.2857142857142857,0.6363636363636364,1.0
4226,17799,David Perez,Centenary,0.0,0.5428571428571428,0.18518518518518517,0.7833333333333333
4227,17806,Matt Dorwart,Creighton,0.0,1.0,0.0,0.0
4228,17843,Ben Cherry,The Citadel,0.0,0.5,0.0,0.8
4229,17852,J.L. Lewis,New Orleans,0.0,0.7692307692307693,0.5,1.0
4230,17893,Jaquon Parker,Cincinnati,0.0,0.2,0.3,1.0
4231,18155,Ryan Dougherty,Georgetown,0.0,0.0,0.0,0.0
4232,18156,Vee Sanford,Georgetown,0.0,0.3333333333333333,0.5,1.0
4233,18157,Hollis Thompson,Georgetown,0.0,0.5294117647058824,0.6666666666666666,0.9629629629629629
4234,18160,Jerrelle Benimon,Georgetown,0.0,0.4444444444444444,0.0,1.0
4235,18288,Devin McDonald,New Orleans,0.0,0.3333333333333333,0.36363636363636365,0.7333333333333333
4236,18292,Peter Rehnquist,Boston College,0.0,0.6666666666666666,0.0,0.0
4237,18460,Beloved Rogers,Oral Roberts,0.0,0.0,0.0,0.0
4238,18490,Orlando Allen,Oklahoma,0.0,1.0,0.5,0.0
4239,18529,Dante Taylor,Pittsburgh,0.7058823529411765,0.5869565217391305,0.8333333333333334,0.0
4240,18530,Lamar Patterson,Pittsburgh,0.0,0.0,0.0,1.0
4241,18531,Nick Rivers,Pittsburgh,0.0,0.0,0.0,1.0
4242,18557,Gorkem Sonmez,Radford,0.0,0.42857142857142855,0.0,0.9473684210526315
4243,18565,Jeremy Robinson,Radford,0.0,0.25,0.0,0.75
4244,18594,Tom Herzog,Michigan St.,0.0,0.5555555555555556,0.0,0.0
4245,18686,Max Rockmann,UMKC,0.0,0.0,1.0,1.0
4246,18688,Michael Gholston Jr.,UMKC,0.0,0.5,0.16666666666666666,0.7692307692307693
4247,18707,Carl Blair,New Orleans,0.0,0.11764705882352941,0.21052631578947367,0.9130434782608695
4248,18863,Dane Suttle Jr.,Pepperdine,0.0,0.4166666666666667,0.38461538461538464,0.9375
4249,18978,Charles Hinkle,Vanderbilt,0.0,1.0,0.0,1.0
4250,18994,Jamal Curry,Radford,0.0,0.0,1.0,0.0
4251,19013,Jio Fontan,Fordham,0.0,0.2857142857142857,0.14285714285714285,0.5
4252,19113,Paul Carter,Minnesota,0.8333333333333334,0.7169811320754716,0.5,1.0
4253,19171,Tanner Kerry,Pepperdine,0.0,0.4,0.8,0.0
4254,19210,Derek Thompson,Southeast Missouri St.,0.0,0.35294117647058826,0.0,0.9024390243902439
4255,19312,Olek Czyz,Duke,0.25,0.3333333333333333,0.0,1.0
4256,19421,Sabatino Chen,Denver,0.0,0.4583333333333333,0.5,1.0
4257,19426,Tyler Koch,Wright St.,0.0,0.5,0.0,1.0
4258,19523,Glenn Andrews,Tulsa,0.0,0.0,0.0,1.0
4259,19544,Tre Lee,Coastal Carolina,0.0,0.0,0.0,0.0
4260,19565,Jordan Aaberg,North Dakota St.,0.6666666666666666,0.75,0.38095238095238093,0.0
4261,19594,Conner Teahan,Kansas,0.0,0.75,0.0,1.0
4262,19611,George Goode,Louisville,0.0,0.0,0.5,0.0
4263,19617,Dylan Hale,Texas St.,0.0,0.36363636363636365,0.25,1.0
4264,19618,Louis Larizza,Fairleigh Dickinson,0.0,0.0,0.3333333333333333,0.7142857142857143
4265,19646,Brian Walsh,Xavier,0.0,1.0,0.0,1.0
4266,19655,Frank Otis,SMU,0.0,0.4166666666666667,0.14285714285714285,0.0
4267,19831,Rudy Turner,Louisiana Monroe,0.8888888888888888,0.39705882352941174,0.4375,0.0
4268,19856,Rob Lewis,Denver,1.0,0.631578947368421,0.14285714285714285,0.9333333333333333
4269,19882,Andre Malone,Auburn,0.5,0.5384615384615384,0.5714285714285714,1.0
4270,19895,Jordan Payton,Norfolk St.,0.0,0.0,0.0,0.0
4271,19958,Harrison DuPont,The Citadel,1.0,0.5625,0.2,0.9473684210526315
4272,19986,Rashard McGill,Iona,1.0,0.5652173913043478,0.8,1.0
4273,20003,Josh Crittle,Oregon,0.0,0.14285714285714285,0.6,0.0
4274,20017,Shawn Williams,Texas,0.0,0.0,0.0,1.0
4275,20041,Kellen Thornton,Illinois St.,0.5,0.5,0.7142857142857143,1.0
4276,20047,B.J. Bailey,Boston University,0.0,0.25,0.0,1.0
4277,20062,Chris Perez,Liberty,0.0,0.4827586206896552,0.36363636363636365,0.8888888888888888
4278,20101,David Wear,North Carolina,1.0,0.5714285714285714,0.625,1.0
4279,20119,Kirk Korver,UMKC,0.0,0.3333333333333333,0.6666666666666666,0.96
4280,20207,Travis Smith,Presbyterian,0.0,0.26666666666666666,0.05,0.6764705882352942
4281,20298,Rahlir Jefferson,Temple,0.5,0.42857142857142855,0.7,0.0
4282,20321,Jon Smith,Saint Louis,0.7777777777777778,0.6774193548387096,0.8571428571428571,0.0
4283,20366,Rian Pearson,Green Bay,0.0,0.6981132075471698,0.4444444444444444,0.0
4284,20372,Stephen Albrecht,Toledo,0.0,0.0,0.2727272727272727,0.8846153846153846
4285,20375,David Simmons,Central Connecticut,0.9230769230769231,0.631578947368421,0.25,0.0
4286,20377,Kwamain Mitchell,Saint Louis,0.0,0.10256410256410256,0.2830188679245283,0.7419354838709677
4287,20394,Mathiang Muo,Northeastern,0.0,0.5,0.75,1.0
4288,20417,Brian Okam,Rutgers,1.0,0.75,0.0,0.0
4289,20423,Roger Franklin,Oklahoma St.,0.0,0.6875,0.7142857142857143,0.0
4290,20479,Michael Bizoukas,DePaul,0.0,0.1875,0.125,0.7
4291,20609,Andrew Bock,Creighton,0.0,0.0,0.0,0.75
4292,20613,Wendell McKines,New Mexico St.,0.7619047619047619,0.5581395348837209,0.5294117647058824,0.9375
4293,20669,Romero Osby,Mississippi St.,0.8461538461538461,0.45454545454545453,0.16666666666666666,0.8125
4294,20677,Justin Wesley,Lamar,0.0,0.0,0.0,1.0
4295,20714,Marcus Lee,Alabama A&M,0.0,0.25,0.2,0.8
4296,20780,Jerome Jones,Missouri St.,1.0,0.5,0.6,0.8
4297,20782,DaQuan Joyner,East Carolina,1.0,0.8620689655172413,0.38461538461538464,0.0
4298,20800,Varez Ward,Texas,1.0,1.0,0.0,1.0
4299,20805,Kylle Odister,Cal Poly,0.0,0.09090909090909091,0.1724137931034483,0.9333333333333333
4300,20821,Stan Simpson,Illinois,0.0,0.0,0.5,0.0
4301,20838,Arnold Louis,Savannah St.,0.8571428571428571,0.7017543859649122,0.5833333333333334,0.0
4302,20952,Jarvis Jones,East Tennessee St.,0.0,0.2222222222222222,0.0,0.7894736842105263
4303,21025,Arnett Moultrie,UTEP,0.6363636363636364,0.4915254237288136,0.5873015873015873,1.0
4304,21042,Robbie Hummel,Purdue,1.0,0.5625,0.4473684210526316,0.9534883720930233
4305,21194,Robert Nwankwo,Towson,0.9142857142857143,0.6304347826086957,0.5,0.0
4306,21283,Darnell Dodson,Kentucky,0.3333333333333333,0.2727272727272727,0.125,0.9387755102040817
4307,21323,Tommy Brenton,Stony Brook,0.4583333333333333,0.3939393939393939,0.16666666666666666,1.0
4308,21325,Ferrakohn Hall,Seton Hall,0.875,0.6666666666666666,0.3333333333333333,1.0
4309,21331,Chris Evans,Coastal Carolina,0.9,0.8333333333333334,0.25,1.0
4310,21339,Austin Alecxih,UNC Asheville,0.0,1.0,0.0,1.0
4311,21381,Issac Butts,Appalachian St.,0.0,0.3076923076923077,0.32142857142857145,0.0
4312,21413,Tom Tankelewicz,Charleston Southern,0.0,0.42857142857142855,0.25,0.8095238095238095
4313,21441,Shayne Whittington,Western Michigan,0.0,0.75,0.5,0.0
4314,21470,Chauncey Gilliam,UMBC,0.16666666666666666,0.39622641509433965,0.07142857142857142,0.8837209302325582
4315,21494,Raymond Cowels,Santa Clara,0.0,0.35714285714285715,0.26666666666666666,0.8604651162790697
4316,21560,Elston Turner,Washington,1.0,0.42857142857142855,0.09523809523809523,0.9024390243902439
4317,21573,Matt Smith,Green Bay,0.6,0.6363636363636364,0.5333333333333333,1.0
4318,21574,Dan Monckton,Penn,0.7692307692307693,0.5777777777777777,0.35294117647058826,1.0
4319,21582,Kristijan Krajina,Mount St. Mary's,1.0,0.625,0.0,1.0
4320,21594,Dominique Buckley,Iowa St.,0.0,0.0,0.0,0.6666666666666666
4321,21669,Drew Wiley,Oregon,1.0,0.5,0.0,0.8
4322,21694,Gene Swindle,Virginia Tech,0.0,0.0,0.0,0.0
4323,21709,Konner Veteto,UC Riverside,0.0,0.5714285714285714,0.8333333333333334,0.0
4324,21730,Devoe Joseph,Minnesota,1.0,0.3235294117647059,0.2857142857142857,0.58
4325,21735,Chris Prescott,Saint Joseph's,0.0,0.4,0.4666666666666667,0.8333333333333334
4326,21748,Garvey Young,Vermont,1.0,0.40476190476190477,0.29411764705882354,0.95
4327,21836,Tashan Newsome,Mississippi Valley St.,0.0,0.5,0.0,0.8333333333333334
4328,21860,Xavier Thames,Washington St.,0.0,0.4666666666666667,0.3,0.8888888888888888
4329,21880,Shane Harris-Tunks,Colorado,1.0,0.75,1.0,0.0
4330,21924,Amara Thompson,UCF,1.0,1.0,0.0,0.0
4331,21998,Brennan Cougill,Iowa,1.0,0.5789473684210527,0.7777777777777778,1.0
4332,22000,Mike Moser,UCLA,0.0,0.6666666666666666,0.0,1.0
4333,22188,Jamil Wilson,Oregon,1.0,0.5714285714285714,0.47058823529411764,1.0
4334,22196,Cory Jefferson,Baylor,0.0,0.0,0.5714285714285714,0.0
4335,22197,Fred Chatmon,UMKC,0.8,0.5,0.25,0.0
4336,22213,Nathaniel Lester,Hofstra,0.6666666666666666,0.5111111111111111,0.6,0.8888888888888888
4337,22235,G.J. Vilarino,Gonzaga,1.0,0.1111111111111111,0.75,0.5
4338,22247,Rob Watsabaugh,Wyoming,0.0,0.0,0.0,0.0
4339,22248,Dale Hughes,Florida A&M,0.0,0.4666666666666667,0.125,0.813953488372093
4340,22294,Davis Rozitis,USC,0.0,1.0,0.0,0.0
4341,22303,Kenny Kadji,Florida,1.0,0.5,1.0,0.0
4342,22311,Egheosa Edomwonyi,Rice,0.0,0.0,0.0,0.0
4343,22326,Shamarr Bowden,Charlotte,0.0,0.0,0.0,0.72
4344,22367,Dominique Sutton,Kansas St.,0.6521739130434783,0.55,0.20689655172413793,1.0
4345,22396,Tristan Spurlock,Virginia,0.6666666666666666,0.42857142857142855,0.0,1.0
4346,22427,Jordan Hicks,Loyola Chicago,0.0,0.0,0.6,1.0
4347,22505,Patrick Johnson,Texas Southern,0.0,0.35714285714285715,0.2,0.6666666666666666
4348,22523,R.J. Scott,UCF,1.0,0.8,0.0,0.75
4349,22594,Clint Chapman,Texas,0.6666666666666666,0.4444444444444444,0.6,0.0
4350,22598,Sam Maniscalco,Bradley,0.0,0.20408163265306123,0.10344827586206896,0.6595744680851063
4351,22616,Logan Nutt,Mississippi,0.0,0.0,0.0,1.0
4352,22619,Blake Cushingberry,Oakland,0.0,0.375,0.2,0.9310344827586207
4353,22664,Rob Murphy,Lipscomb,0.0,0.0,0.0,0.0
4354,22667,Kevin Young,Loyola Marymount,0.8484848484848485,0.6504854368932039,0.45,0.9
4355,22668,Ray Willis,Oklahoma,0.0,0.0,0.3333333333333333,1.0
4356,22691,Eric Mosley,Austin Peay,0.0,0.6,0.0,1.0
4357,22737,Eric Wallace,DePaul,0.6842105263157895,0.5757575757575758,0.41379310344827586,1.0
4358,22739,Jodd Maxey,South Carolina St.,1.0,0.7222222222222222,0.4,0.0
4359,22792,London Giles,Nevada,1.0,0.5,0.6666666666666666,1.0
4360,22794,Jelani Floyd,UC Davis,0.0,0.5,0.42857142857142855,1.0
4361,22800,Tony Woods,Wake Forest,0.625,0.46938775510204084,0.4,0.0
4362,22823,Preston Medlin,Utah St.,0.0,0.6,0.5714285714285714,1.0
4363,22884,Jared Swopshire,Louisville,0.8,0.475,0.5,0.9545454545454546
4364,22922,Bo Spencer,LSU,0.0,0.23255813953488372,0.11764705882352941,0.7049180327868853
4365,22931,Mike Wilder,UC Irvine,0.0,0.3333333333333333,0.8333333333333334,0.8947368421052632
4366,23014,Bryant Irwin,Saint Joseph's,1.0,0.3684210526315789,0.4117647058823529,0.8888888888888888
4367,23024,Elgin Bailey,Mississippi St.,0.0,0.0,0.0,0.0
4368,23025,Daron Populist,LSU,0.0,0.0,0.0,1.0
4369,23030,Omondi Amoke,California,0.7,0.5,0.25,0.0
4370,23043,Manuel Nunez,FIU,0.0,0.0,0.0,0.0
4371,23044,Nikola Stojiljkovic,San Francisco,0.0,0.0,0.0,0.0
4372,23065,Darshawn McClellan,Vanderbilt,0.0,0.2222222222222222,0.5,0.8571428571428571
4373,23080,Keith Pickens,Missouri St.,0.4,0.32142857142857145,0.3076923076923077,1.0
4374,23136,James Blasczyk,Texas A&M,0.0,0.0,0.5,0.0
4375,23144,Leonard Washington,USC,0.4,0.5,0.16666666666666666,0.0
4376,23191,Patrick Jackson,Rutgers,0.0,0.16666666666666666,0.8181818181818182,1.0
4377,23231,Chris Colvin,Iowa St.,0.0,0.23076923076923078,0.09090909090909091,1.0
4378,23243,Dwight Miller,Pittsburgh,0.0,0.0,1.0,1.0
4379,23257,Travis Wallace,Florida A&M,0.75,0.35555555555555557,0.6470588235294118,0.0
4380,23270,Sean Crawford,Fairfield,0.0,0.0,0.07142857142857142,0.9230769230769231
4381,23286,Mike McFadden,Iona,1.0,0.6744186046511628,0.8,0.0
4382,23322,Taylor Brown,Bradley,0.75,0.5,0.5522388059701493,0.9333333333333333
4383,23350,Carlon Brown,Utah,0.8,0.15789473684210525,0.15625,0.7692307692307693
4384,23353,Chris Gradnigo,Louisiana,0.5,0.4583333333333333,0.32142857142857145,0.8461538461538461
4385,23361,Jakub Kusmieruk,UCF,0.0,0.9166666666666666,1.0,0.0
4386,23411,Mike Horn,Binghamton,0.0,0.0,0.0,0.0
4387,23424,Chris Crockett,Columbia,0.0,0.0,0.0,0.6666666666666666
4388,23430,Kevin Foster,George Mason,0.7142857142857143,0.6,0.6153846153846154,1.0
4389,23443,Travis Wear,North Carolina,1.0,0.6666666666666666,0.6071428571428571,0.5
4390,23444,Rob Robinson,Robert Morris,0.9285714285714286,0.532608695652174,0.3076923076923077,0.0
4391,23478,Noel Johnson,Clemson,0.0,0.3,0.3157894736842105,0.896551724137931
4392,23545,Patrick Konan,Liberty,0.75,0.5098039215686274,0.3888888888888889,1.0
4393,23574,Garrett Green,LSU,0.75,0.47368421052631576,0.7142857142857143,1.0
4394,23677,Adam Folker,UC Irvine,0.0,0.65,0.5333333333333333,0.0
4395,23723,Adrien Coleman,Nebraska,0.0,0.5,0.0,1.0
4396,23726,Kendall Wallace,UNLV,0.0,1.0,0.5,0.9824561403508771
4397,23729,Jake Barnett,Toledo,0.0,0.12244897959183673,0.15384615384615385,0.8840579710144928
4398,23780,Kenneth Ortiz,Southern Miss,0.0,0.0,0.0,0.0
4399,23788,Clarence Trent,Washington,1.0,0.7,0.5,0.0
4400,23794,Bryant Allen,Minnesota,0.0,0.0,0.0,0.5
4401,23808,Jasper Williams,Chattanooga,0.0,0.3333333333333333,1.0,0.7222222222222222
4402,23838,Michael Conward,George Washington,0.0,0.0,0.0,0.0
4403,23907,Lee Fisher,Northern Illinois,0.6,0.48,0.5714285714285714,0.0
4404,23911,Allan Saint-Gelais,Grambling St.,0.0,0.45454545454545453,0.6,0.0
4405,23950,Laval Lucas-Perry,Michigan,0.0,0.4166666666666667,0.25,0.8620689655172413
4406,23977,Sherrod Wright,George Mason,0.5,0.3939393939393939,0.36363636363636365,0.9090909090909091
4407,23978,Ramon Galloway,South Carolina,0.5714285714285714,0.47368421052631576,0.08333333333333333,0.9487179487179487
4408,23979,Nate Rogers,DePaul,0.0,0.5,0.0,1.0
4409,23980,Donte Hill,Clemson,0.0,0.375,0.0,1.0
4410,23984,Nate Garth,New Mexico,0.0,0.1111111111111111,0.0,0.8823529411764706
4411,24023,Bryson Triggs,Nicholls St.,0.0,0.0,0.0,1.0
4412,24056,Erik Williams,Marquette,1.0,0.8,1.0,0.0
4413,24099,Orlando Williams,Miami OH,0.0,0.38461538461538464,0.3333333333333333,0.9333333333333333
4414,24210,Dallin Bachynski,Southern Utah,0.8,0.7272727272727273,0.4,1.0
4415,24218,Jarred DuBois,Loyola Marymount,0.0,0.17647058823529413,0.16279069767441862,0.864406779661017
4416,24316,Charles Carmouche,New Orleans,0.0,0.2909090909090909,0.13793103448275862,0.8064516129032258
4417,24369,Chris Hines,Utah,0.0,0.0,0.6666666666666666,0.9285714285714286
4418,24391,Garrick Sherman,Michigan St.,0.0,0.7857142857142857,0.0,0.0
4419,24431,Marc Trasolini,Santa Clara,0.7142857142857143,0.5111111111111111,0.46153846153846156,1.0
4420,24443,DeWayne Jackson,Morgan St.,0.6,0.5416666666666666,0.6,0.9074074074074074
4421,24473,Kelvin McNeil,Delaware,0.5,0.25,0.2857142857142857,1.0
4422,24480,Malcolm Hawkins,Delaware,0.0,0.42105263157894735,0.3333333333333333,1.0
4423,24505,Jarred Shaw,Oklahoma St.,0.0,0.5,0.5,0.0
4424,24631,Isaiah Armwood,Villanova,0.8888888888888888,0.6470588235294118,0.7142857142857143,1.0
4425,24684,Allen Huddleston,Pacific,0.0,0.3888888888888889,0.18181818181818182,0.7586206896551724
4426,24711,J'mison Morgan,UCLA,1.0,0.5714285714285714,1.0,0.0
4427,24879,Tyler Haws,BYU,1.0,0.6111111111111112,0.44776119402985076,1.0
4428,24954,Tim Johnson,George Washington,1.0,0.5,0.5,1.0
4429,24986,Rashad Whack,George Mason,0.0,0.25,0.6666666666666666,1.0
4430,25005,Arsalan Kazemi,Rice,0.7307692307692307,0.5057471264367817,0.15384615384615385,0.0
4431,25092,DeShawn Dockery,Fairleigh Dickinson,0.0,0.5,0.0,1.0
4432,25098,DeMario Mayfield,Georgia,1.0,0.6,0.0,0.0
4433,25105,Phillip Williams,Jackson St.,0.0,0.11538461538461539,0.16666666666666666,1.0
4434,25255,Jason Holmes,Mississippi Valley St.,0.8571428571428571,0.34782608695652173,0.6923076923076923,0.8333333333333334
4435,25294,Jace Tavita,Utah,0.0,0.625,0.5,0.8333333333333334
4436,25340,Earnest Ross,Auburn,1.0,0.35714285714285715,0.5,1.0
4437,25350,Isaiah Philmore,Towson,0.5,0.4883720930232558,0.6923076923076923,1.0
4438,25386,Ian Clark,Belmont,0.0,0.2857142857142857,0.125,0.7702702702702703
4439,25404,Eshaunte Jones,Nebraska,0.0,0.0,0.47368421052631576,0.9
4440,25615,Kyle Gaillard,William & Mary,0.6666666666666666,0.42857142857142855,0.0,0.9230769230769231
4441,25686,Scootie Randall,Temple,0.0,0.5,0.5,1.0
4442,25688,Dalton Pepper,West Virginia,0.0,0.7142857142857143,0.42857142857142855,1.0
4443,25830,Brandon Regis,McNeese St.,0.0,0.0,0.25,0.3333333333333333
4444,25976,Paul McCoy,SMU,0.0,0.13333333333333333,0.17391304347826086,0.7142857142857143
4445,26015,Cully Payne,Iowa,0.0,0.030303030303030304,0.05555555555555555,0.6904761904761905
4446,26019,Stephen Lumpkins,American,0.8571428571428571,0.5925925925925926,0.6818181818181818,0.0
4447,26151,Jake Thomas,South Dakota,1.0,0.75,0.4666666666666667,0.7101449275362319
4448,26179,J. Cunnigham D,UNC Asheville,0.7142857142857143,0.5535714285714286,0.45,0.0
4449,26273,Martino Brock,South Alabama,0.5555555555555556,0.4246575342465753,0.4358974358974359,0.9166666666666666
4450,26306,Larry Drew II,North Carolina,0.0,0.1875,0.125,0.8108108108108109
4451,26317,Andrew Van Nest,Harvard,0.0,0.75,1.0,1.0
4452,26429,Sam McLaurin,Coastal Carolina,0.5555555555555556,0.4375,0.5,0.0
4453,26524,Devon White,La Salle,1.0,0.7407407407407407,0.7777777777777778,0.0
4454,26530,John Hart,Purdue,0.0,0.4,0.3333333333333333,1.0
4455,26563,Sam Watson,Chattanooga,0.0,0.5833333333333334,0.25,0.6666666666666666
4456,26576,Koang Doluony,Indiana St.,0.0,0.4,0.2,1.0
4457,26589,Corey Gray,Illinois Chicago,0.0,0.5,0.0,0.625
4458,26651,Wally Judge,Kansas St.,0.5,0.42857142857142855,0.5238095238095238,0.0
4459,26659,Korie Lucious,Michigan St.,0.0,0.1875,0.1,0.75
4460,26664,Curtis Dennis,New Mexico,0.5,0.5263157894736842,0.0,0.9
4461,26671,Drew Barham,Memphis,0.0,0.0,0.0,1.0
4462,26703,Kauri Black,Northeastern,0.6666666666666666,0.42857142857142855,1.0,0.0
4463,26774,Logan Aronhalt,Albany,0.75,0.8333333333333334,0.25,0.8333333333333334
4464,26838,A'uston Calhoun,Bowling Green,0.0,0.0,0.0,1.0
4465,26905,Alwayne Bigby,Northeastern,0.25,0.5517241379310345,0.5,0.6666666666666666
4466,27237,Kyle Smyth,Iona,0.0,0.35294117647058826,0.36363636363636365,0.9803921568627451
4467,27248,Julius Mays,N.C. State,0.0,0.18181818181818182,0.07692307692307693,0.7142857142857143
4468,27364,Konner Tucker,Wake Forest,0.0,0.0,0.0,0.5
4469,27422,Hunter Miller,Florida Gulf Coast,0.0,0.13333333333333333,0.36363636363636365,1.0
4470,27515,Dexter Fields,UAB,0.0,0.36363636363636365,0.0,0.9130434782608695
4471,27691,James Still,Providence,1.0,0.7142857142857143,0.3333333333333333,0.0
4472,27714,Marshall Henderson,Utah,0.0,0.5238095238095238,0.35714285714285715,0.8923076923076924
4473,27727,J.J. Richardson,Pittsburgh,1.0,0.5,0.0,0.0
4474,27888,R.J. Evans,Holy Cross,1.0,0.35344827586206895,0.23529411764705882,1.0
4475,27930,Jake O'Brien,Boston University,0.8888888888888888,0.6875,0.2878787878787879,0.9019607843137255
4476,27990,Chris Cunningham,Santa Clara,0.0,0.5714285714285714,0.0,0.0
4477,28107,Seth VanDeest,Drake,1.0,0.5111111111111111,0.42,1.0
4478,28146,Mike Davis,Texas Tech,1.0,0.5882352941176471,0.5,1.0
4479,28185,Akeem Richmond,Rhode Island,0.0,0.11764705882352941,0.2222222222222222,0.8148148148148148
4480,28205,Ty Armstrong,Auburn,0.6666666666666666,0.5333333333333333,0.16666666666666666,0.0
4481,28225,Colton Iverson,Minnesota,0.5,0.673469387755102,0.5263157894736842,0.0
4482,28367,Jt Thompson,Virginia Tech,0.5625,0.4153846153846154,0.6551724137931034,1.0
4483,28371,Will Egolf,Bradley,0.5,0.6666666666666666,0.5306122448979592,0.0
4484,28387,B.J. West,New Mexico St.,1.0,0.6666666666666666,0.0,0.0
4485,28563,Davis Martens,Siena,1.0,1.0,0.0,0.0
4486,29089,Jerron Granberry,North Florida,1.0,0.47058823529411764,0.13333333333333333,0.9166666666666666
4487,29377,Steven Miro,FIU,0.0,0.7,0.0,1.0
4488,29606,Aaron Hawley,Drake,0.0,0.5,0.4166666666666667,0.9565217391304348
4489,29770,Terrance Shannon,Florida St.,0.6666666666666666,0.7,0.6666666666666666,0.0
4490,30066,Melvin Johnson III,UTSA,0.5,0.42857142857142855,0.1111111111111111,0.8235294117647058
4491,30236,Josh Davis,N.C. State,0.8888888888888888,0.5,0.625,0.0
4492,30317,Evan Gordon,Liberty,0.0,0.16666666666666666,0.25,0.9473684210526315
4493,30390,Garrius Adams,Miami FL,0.0,0.16666666666666666,0.0,0.9583333333333334
4494,30572,Umar Shannon,Saint Francis,0.0,0.06666666666666667,0.42105263157894735,0.6428571428571429
4495,30711,Stefon Johnson,Gardner Webb,1.0,0.6666666666666666,0.4166666666666667,0.0
4496,30808,Pina Guillaume,Binghamton,1.0,0.6363636363636364,0.5882352941176471,1.0
4497,30878,Ben Eblen,Alabama,0.0,0.6666666666666666,0.0,1.0
4498,31135,Tyler Tafoya,UTEP,0.0,0.0,0.0,0.0
4499,31137,Javorn Farrell,Massachusetts,0.0,0.2857142857142857,0.26666666666666666,1.0
4500,31208,Maurice Creek,Indiana,0.75,0.5384615384615384,0.46153846153846156,1.0
4501,31215,Theron Stephens,Charleston Southern,0.0,0.0,0.0,1.0
4502,31232,Naji Hibbert,Texas A&M,1.0,0.8571428571428571,0.4,1.0
4503,31274,Kyle Casey,Harvard,0.7142857142857143,0.6,0.6666666666666666,0.9375
4504,31475,Cody Larson,Weber St.,0.0,0.0,0.0,1.0
4505,31481,Justin Crosgile,Saint Joseph's,0.0,0.4117647058823529,0.3333333333333333,0.8666666666666667
4506,31758,Brandyn Curry,Harvard,0.0,0.30434782608695654,0.6153846153846154,0.9
4507,31959,Errick Peck,Cornell,1.0,0.625,0.36363636363636365,0.8333333333333334
4508,31973,Michael Williams,San Francisco,1.0,0.23076923076923078,0.16666666666666666,0.782608695652174
4509,32064,Andre Dawkins,Duke,0.5,0.45454545454545453,0.14285714285714285,1.0
4510,32245,Tony Nixon,Northern Illinois,0.0,0.36363636363636365,0.4444444444444444,0.9615384615384616
4511,32534,Allen Roberts,Miami OH,0.5,0.36363636363636365,0.1111111111111111,0.8333333333333334
4512,32606,Glen Dean,Eastern Washington,0.0,0.03225806451612903,0.0,0.5434782608695652
4513,32706,Brendan Lane,UCLA,1.0,0.6111111111111112,0.5,1.0
4514,32762,Matt Kavanaugh,Dayton,0.0,0.8,0.0,0.0
4515,32781,Jerry Brown,Fresno St.,1.0,0.5909090909090909,0.375,0.0
4516,32787,Lasan Kromah,George Washington,0.0,0.36923076923076925,0.36,0.9791666666666666
4517,32794,Rakeem Buckles,Louisville,1.0,0.5555555555555556,0.25,1.0
4518,33089,Brandon Reed,Arkansas St.,0.6666666666666666,0.3,0.2826086956521739,0.9056603773584906
4519,33213,Reger Dowell,Oklahoma St.,0.0,0.0,0.0,0.8333333333333334
4520,34275,Elliott Bullock,Stanford,0.0,1.0,1.0,0.0
4521,34620,Brandon Thompson,Arizona St.,0.0,0.0,0.0,1.0
4522,35044,Shaun Noriega,South Florida,0.0,0.0,0.0,1.0
4523,35194,Wendell Lewis,Mississippi St.,1.0,0.6363636363636364,0.25,0.0
4524,37613,Devin Booker,Clemson,0.8,0.7346938775510204,0.7272727272727273,0.0
4525,49699,Kevin Burwell,Mississippi Valley St.,0.0,0.09090909090909091,0.0,0.875
4526,49716,Andrew Jackson,Winston Salem St.,0.0,0.42857142857142855,0.2,0.7333333333333333
4527,49721,Wes Johnson,Syracuse,0.7027027027027027,0.5591397849462365,0.6458333333333334,0.8780487804878049
4528,49753,Russ Permenter,Providence,1.0,0.3333333333333333,0.25,1.0
4529,49788,James Washington,Middle Tennessee,0.0,0.0,0.0,0.6949152542372882
4530,49804,D'Angelo Jackson,Mississippi Valley St.,0.0,0.14285714285714285,0.0,0.23076923076923078
4531,49825,Camden Miller,Marshall,0.0,1.0,0.0,1.0
4532,49830,Mike Gerrity,USC,0.0,0.16,0.047619047619047616,0.875
4533,49852,Uriel Segura,Texas St.,0.0,0.16666666666666666,0.3,0.64
4534,49870,Rory Spencer,Georgia Southern,0.9473684210526315,0.7413793103448276,0.5714285714285714,0.0
4535,49872,Jonathan Montgomery,Chicago St.,0.0,0.3333333333333333,0.5384615384615384,0.8461538461538461
4536,49876,K.C. Robbins,Illinois Chicago,0.5,0.34782608695652173,0.43478260869565216,0.0
4537,49914,Philip Martin,Radford,1.0,0.45,0.0,1.0
4538,50025,Mychal Ladd,Fresno St.,0.6,0.5757575757575758,0.46153846153846156,0.8939393939393939
4539,50033,Christopher Jones,Prairie View A&M,0.0,0.08108108108108109,0.0,1.0
4540,50059,Trey McKinney-Jones,UMKC,0.0,0.48333333333333334,0.19230769230769232,0.5555555555555556
4541,50088,Alex Coxworth,Georgia Southern,0.0,0.0,0.0,0.0
4542,50092,David Swartz,Centenary,0.0,0.375,0.625,0.8181818181818182
4543,50093,Pedro Maciel,Centenary,0.0,0.19047619047619047,0.1,0.8
4544,50094,Matt Marseille,Centenary,1.0,0.25925925925925924,0.7272727272727273,0.9473684210526315
4545,50099,Chase Adams,Pittsburgh,0.0,0.0,0.5,1.0
4546,50100,Alex Bazzell,UMKC,0.0,0.6666666666666666,0.6,1.0
4547,50101,Tyler Brown,Central Michigan,0.0,0.0,0.8,0.0
4548,50102,Stephen Stepka,Georgetown,0.0,0.0,1.0,0.0
4549,52492,Jerry Jones,Bethune Cookman,0.0,0.25,0.3333333333333333,0.0
4550,52501,Michael Porter,Missouri St.,0.0,0.75,0.25,1.0
