,pid,player,team,dunkasst,rimasst,midasst,3Passt
0,2,DeAndrae Ross,Troy,0.0,0.0,0.6666666666666666,0.75
1,3,Pooh Williams,Utah St.,0.8333333333333334,0.4666666666666667,0.3076923076923077,0.9183673469387755
2,41,Grant Leiendecker,Butler,0.0,0.0,0.0,0.5
3,55,Jabari Deshields,Alabama A&M,0.0,0.4,0.0,1.0
4,57,Charles Jenkins,Hofstra,0.0,0.1935483870967742,0.18072289156626506,0.6507936507936508
5,61,Greg Washington,Hofstra,0.9,0.525,0.85,0.0
6,79,Moussa Camara,Binghamton,0.0,0.06666666666666667,0.17391304347826086,0.7397260273972602
7,91,Vernon Macklin,Florida,0.71875,0.515625,0.2857142857142857,0.0
8,92,Levi Knutson,Colorado,0.0,0.5263157894736842,0.3684210526315789,0.8974358974358975
9,100,Frank Hassell,Old Dominion,1.0,0.6164383561643836,0.48,0.0
10,104,Kevin White,Maryland Eastern Shore,0.0,0.21818181818181817,0.21052631578947367,0.0
11,113,Sean Carter,Massachusetts,0.7272727272727273,0.5535714285714286,0.0,0.0
12,114,Carlton Fay,Southern Illinois,0.0,0.8,0.6493506493506493,0.9696969696969697
13,122,Kareem Nitoto,UC Riverside,0.0,0.030303030303030304,0.2,0.8823529411764706
14,123,Zach Hahn,Butler,0.0,0.16666666666666666,0.25,0.7954545454545454
15,124,Matt Howard,Butler,0.8571428571428571,0.5617977528089888,0.2558139534883721,1.0
16,125,Shawn Vanzant,Butler,0.0,0.25,0.1,0.8823529411764706
17,146,James Hett,Monmouth,0.0,0.391304347826087,0.2222222222222222,0.8695652173913043
18,148,Thomas Coleman,North Carolina A&T,0.6875,0.50625,0.2,0.0
19,150,Kyle Riley,Howard,0.2,0.13636363636363635,0.23809523809523808,0.8571428571428571
20,154,Noah States,Furman,1.0,0.4,0.5172413793103449,0.9736842105263158
21,157,Jihad Ali,Georgia St.,1.0,0.43478260869565216,0.5277777777777778,0.896551724137931
22,161,Jay Threatt,Delaware St.,0.0,0.23809523809523808,0.09803921568627451,0.5833333333333334
23,162,Isaiah Tate,George Mason,0.3333333333333333,0.46153846153846156,0.2222222222222222,1.0
24,163,Vlad Moldoveanu,American,0.0,0.4117647058823529,0.4492753623188406,0.9333333333333333
25,197,Kyle Singler,Duke,0.25,0.3875,0.2597402597402597,0.8548387096774194
26,198,Nolan Smith,Duke,0.5263157894736842,0.2644628099173554,0.0975609756097561,0.7368421052631579
27,201,E'Twaun Moore,Purdue,0.75,0.3181818181818182,0.3925233644859813,0.8571428571428571
28,203,JaJuan Johnson,Purdue,0.8695652173913043,0.7142857142857143,0.6580310880829016,0.9333333333333333
29,209,Tim Abromaitis,Notre Dame,1.0,0.7307692307692307,0.717948717948718,0.9743589743589743
30,210,Tyrone Nash,Notre Dame,1.0,0.5679012345679012,0.2857142857142857,0.0
31,218,Tim Johnson,Wofford,0.5714285714285714,0.34782608695652173,0.18181818181818182,0.0
32,231,Robo Kreps,Illinois Chicago,0.0,0.22916666666666666,0.5476190476190477,0.6190476190476191
33,232,Peter Sullivan,Brown,0.0,0.35714285714285715,0.4090909090909091,0.9411764705882353
34,262,D.J. Gay,San Diego St.,0.0,0.15789473684210525,0.047619047619047616,0.7638888888888888
35,263,Zavier Anderson,Clemson,0.0,0.3,0.0,0.3333333333333333
36,266,Adam Carp,Nevada,0.0,1.0,0.0,0.0
37,269,Dante Jackson,Xavier,0.0,0.38461538461538464,0.5,0.9464285714285714
38,273,Justin Rutty,Quinnipiac,1.0,0.5873015873015873,0.7,0.0
39,276,Dante Curry,Georgia St.,0.0,0.0,0.0,0.9622641509433962
40,284,Graeme Radford,Stetson,0.0,0.25,0.5,0.0
41,306,Grant Maxey,Jackson St.,0.9166666666666666,0.5189873417721519,0.65,0.9
42,330,James Spencer,Liberty,0.0,0.0,0.0,0.0
43,342,Yannick Formbor,Drexel,0.0,0.3333333333333333,0.0,0.0
44,343,Rob Hampton,Norfolk St.,0.5,0.3176470588235294,0.3055555555555556,0.8709677419354839
45,347,David Meyer,Elon,0.0,0.0,0.0,0.0
46,354,Josh White,North Texas,0.0,0.24,0.11363636363636363,0.7297297297297297
47,370,Jeremy Hazell,Seton Hall,0.7857142857142857,0.7307692307692307,0.058823529411764705,0.8723404255319149
48,385,Marcus Britt,Arkansas,0.0,0.11764705882352941,0.125,1.0
49,389,Malcolm White,LSU,0.6666666666666666,0.5416666666666666,0.45454545454545453,0.0
50,393,Steffphon Pettigrew,Western Kentucky,0.7142857142857143,0.49107142857142855,0.3,0.8333333333333334
51,399,Nedeljko Golubovic,Fresno St.,0.0,0.6363636363636364,0.5625,0.9523809523809523
52,401,Josh Bedwell,Samford,0.0,0.5333333333333333,0.1111111111111111,0.9347826086956522
53,420,Terrell Bell,Virginia Tech,0.5555555555555556,0.5,0.631578947368421,0.9666666666666667
54,423,Malcolm Delaney,Virginia Tech,0.0,0.28846153846153844,0.1,0.6547619047619048
55,428,Bobby Austin,Furman,0.0,0.0,0.0,1.0
56,429,Justin Dehm,Furman,0.0,0.25,0.16666666666666666,0.9333333333333333
57,430,Will Sherrill,Virginia,0.0,0.7142857142857143,0.75,1.0
58,434,Brian Mills,Mercer,0.8333333333333334,0.43661971830985913,0.5,0.8947368421052632
59,436,Mark Hall,Mercer,0.0,0.125,0.5,0.9591836734693877
60,438,George Valentine,Winthrop,0.4166666666666667,0.3968253968253968,0.5,0.0
61,439,Josh Slater,Lipscomb,0.0,0.0759493670886076,0.027777777777777776,0.7666666666666667
62,440,Alphonso Dawson,Delaware,0.0,0.375,0.7368421052631579,0.9259259259259259
63,442,Edwin Santiago,Delaware,0.0,0.0,0.0,1.0
64,443,D.J. Boney,Delaware,0.0,0.36363636363636365,0.6666666666666666,0.9411764705882353
65,460,Travis Cohn,Jacksonville,0.0,0.4594594594594595,0.3548387096774194,0.8947368421052632
66,461,Cory Higgins,Colorado,0.3076923076923077,0.3611111111111111,0.27906976744186046,0.9444444444444444
67,470,Travis Bureau,Louisiana,0.6666666666666666,0.37735849056603776,0.35714285714285715,0.7391304347826086
68,474,Ty Proffitt,Morehead St.,0.0,0.5714285714285714,0.19047619047619047,0.82
69,476,LaceDarius Dunn,Baylor,0.3333333333333333,0.34285714285714286,0.14285714285714285,0.627906976744186
70,479,Tyrel Reed,Kansas,1.0,0.2,0.23529411764705882,0.9583333333333334
71,481,Casey Harriman,Creighton,0.0,1.0,0.0,0.0
72,482,Trent Beckley,Colorado,0.0,0.0,0.0,0.0
73,501,Anthony Hill,Milwaukee,1.0,0.6407766990291263,0.4411764705882353,1.0
74,504,Rahmon Fletcher,Green Bay,0.0,0.22807017543859648,0.22972972972972974,0.72
75,515,Vinny Lima,Northeastern,0.0,0.375,0.0,1.0
76,526,Robert Frozena,Marquette,0.0,1.0,0.0,1.0
77,529,Larry Jackson,Florida A&M,0.7142857142857143,0.46296296296296297,0.4375,1.0
78,539,Jeff Allen,Virginia Tech,0.5416666666666666,0.37815126050420167,0.4074074074074074,1.0
79,542,Xavier Silas,Northern Illinois,0.8333333333333334,0.2857142857142857,0.25316455696202533,0.8695652173913043
80,543,Steve McNees,Akron,0.0,0.3181818181818182,0.2,0.7611940298507462
81,549,Johnny Mayhane,Tulane,0.0,0.6666666666666666,0.14285714285714285,0.9545454545454546
82,615,Trevor Welcher,Delaware St.,0.5,0.3333333333333333,0.7692307692307693,1.0
83,634,Delroy James,Rhode Island,0.22727272727272727,0.11510791366906475,0.11904761904761904,0.65625
84,638,Andrew Jones III,Penn St.,0.8571428571428571,0.576271186440678,0.6538461538461539,0.0
85,657,Mike Bardo,Akron,0.0,0.4117647058823529,0.5,0.0
86,658,Justin Knox,North Carolina,0.7692307692307693,0.6428571428571429,0.8,0.0
87,661,Trevor Gaskins,Mississippi,0.0,0.23529411764705882,0.2222222222222222,0.84375
88,670,Bryan Beasley,Rice,0.0,0.3333333333333333,0.0,0.875
89,683,Mark Payne,UC Davis,0.45454545454545453,0.3880597014925373,0.4523809523809524,0.9375
90,692,Lucas O'Rear,Northern Iowa,1.0,0.5714285714285714,0.26666666666666666,0.0
91,694,Shemik Thompson,Central Connecticut,1.0,0.4107142857142857,0.3137254901960784,0.5862068965517241
92,698,Clint Hopf,Evansville,0.0,0.6976744186046512,0.7894736842105263,0.0
93,699,Kavon Lacey,Evansville,0.0,0.375,0.5172413793103449,1.0
94,713,Malik Boothe,St. John's,0.0,0.2857142857142857,0.2631578947368421,0.8571428571428571
95,714,D.J. Kennedy,St. John's,0.6,0.4745762711864407,0.3333333333333333,1.0
96,715,Jabari Edwards,George Washington,0.625,0.4375,0.0,0.0
97,716,Joseph Katuka,George Washington,1.0,0.5882352941176471,0.5652173913043478,0.0
98,717,Paris Horne,St. John's,0.7,0.5,0.125,1.0
99,718,Justin Burrell,St. John's,0.875,0.5737704918032787,0.38461538461538464,0.0
100,719,Dele Coker,St. John's,0.0,0.4,1.0,0.0
101,720,Sean Evans,St. John's,0.6,0.5714285714285714,0.5,0.0
102,721,Jerrell Thompson,Sacred Heart,1.0,0.32608695652173914,0.13333333333333333,0.5882352941176471
103,722,Gary Wallace,Robert Morris,0.0,0.5384615384615384,0.6774193548387096,1.0
104,729,Jeremy Anderson,Liberty,0.0,0.0,0.0,1.0
105,731,David Campbell,High Point,0.0,0.36363636363636365,0.8333333333333334,1.0
106,732,Chris McEachin,Norfolk St.,0.0,0.7083333333333334,0.4166666666666667,0.84375
107,735,Lyndon Jordan,Fairfield,0.0,0.375,0.625,1.0
108,758,Charoy Bentley,Saint Joseph's,1.0,0.4,0.5,1.0
109,759,Mike Singletary,Texas Tech,1.0,0.36923076923076925,0.2909090909090909,0.8333333333333334
110,765,John Roberson,Texas Tech,0.0,0.3333333333333333,0.325,0.7435897435897436
111,766,D'walyn Roberts,Texas Tech,0.5384615384615384,0.4,0.6666666666666666,0.0
112,769,Phil Jones,Charlotte,0.8333333333333334,0.5833333333333334,0.8421052631578947,0.0
113,782,Nick Martineau,BYU,0.0,0.0,0.5,1.0
114,784,Julius Coles,Canisius,0.0,0.3018867924528302,0.20833333333333334,0.8918918918918919
115,786,Raffi Mantilla,Yale,0.0,0.2857142857142857,0.5,1.0
116,787,Robert Goldsberry,Canisius,0.0,0.14285714285714285,0.25,0.8928571428571429
117,788,Greg Logins,Canisius,0.0,0.6140350877192983,0.6785714285714286,0.9795918367346939
118,790,Conor Turley,Penn,1.0,0.75,0.5714285714285714,0.0
119,792,Porter Braswell,Yale,0.0,0.16216216216216217,0.16666666666666666,0.8823529411764706
120,796,Ben Louis,James Madison,0.0,0.75,0.0,1.0
121,802,Elton Frazier,Canisius,0.7619047619047619,0.6574074074074074,0.6666666666666666,0.8
122,823,Asown Sayles,Ohio,0.0,0.6363636363636364,0.6666666666666666,1.0
123,824,Nick Walsh,Manhattan,0.0,0.6,0.2,0.7222222222222222
124,834,Sai'Quon Stone,Southern Miss,0.0,0.0,0.25,0.0
125,836,Yorel Hawkins,Fairfield,0.5882352941176471,0.49056603773584906,0.7532467532467533,1.0
126,842,Taylor Young,UCF,0.0,0.5,0.0,0.75
127,843,Antonio Ballard,Miami OH,0.6,0.3888888888888889,0.23529411764705882,0.75
128,848,Harrison Smith,Texas Southern,1.0,0.5333333333333333,0.5384615384615384,0.8484848484848485
129,864,Scott Grable,Elon,1.0,0.5882352941176471,0.29411764705882354,0.0
130,867,Nate Mensah,Santa Clara,0.0,0.0,0.0,0.0
131,889,Wquinton Smith,Wisconsin,0.0,0.5,0.0,1.0
132,897,Cameron Rundles,Wofford,0.0,0.15151515151515152,0.23404255319148937,0.8133333333333334
133,899,Adrian Thomas,Miami FL,0.0,0.3333333333333333,0.6666666666666666,0.8817204301075269
134,912,Paul Debnam,Virginia Tech,1.0,0.5,0.0,1.0
135,942,Alex Tyus,Florida,0.8148148148148148,0.5526315789473685,0.5454545454545454,1.0
136,944,Joey Rodriguez,VCU,0.0,0.0,0.4117647058823529,0.7246376811594203
137,951,Anthony Marshall,UNLV,0.7142857142857143,0.40298507462686567,0.35294117647058826,0.8333333333333334
138,976,Joe Jakubowski,Bowling Green,0.0,0.2,0.2,0.65
139,993,Anthony Gatlin,Cornell,1.0,0.5714285714285714,0.7,1.0
140,995,Carrio Bennett,South Carolina St.,0.0,0.3125,0.14285714285714285,1.0
141,999,R.J. Rutledge,Monmouth,1.0,0.42857142857142855,0.75,0.967741935483871
142,1000,Nick DelTufo,Monmouth,0.0,0.7777777777777778,0.75,0.8
143,1002,Shawn Atupem,Mount St. Mary's,0.3333333333333333,0.5405405405405406,0.5,0.0
144,1012,Rashad Bishop,Cincinnati,0.75,0.4827586206896552,0.5,0.7380952380952381
145,1013,Darnell Wilks,Cincinnati,0.5384615384615384,0.5384615384615384,0.75,1.0
146,1014,Larry Davis,Cincinnati,0.3333333333333333,0.5333333333333333,0.45454545454545453,0.9333333333333333
147,1016,Jerrell Williams,La Salle,0.6,0.572463768115942,0.34375,0.6666666666666666
148,1017,Darryl Partin,Boston University,1.0,0.32608695652173914,0.2833333333333333,0.84375
149,1018,Kyle Griffin,Siena,0.0,0.5,0.25,1.0
150,1022,Earnest Bridges,High Point,0.8333333333333334,0.6551724137931034,0.5,0.0
151,1025,Anthony Breeze,Appalachian St.,1.0,0.6153846153846154,0.625,1.0
152,1027,Omar Carter,Appalachian St.,1.0,0.14583333333333334,0.16304347826086957,0.7222222222222222
153,1030,Scoop Jardine,Syracuse,1.0,0.5283018867924528,0.25,0.5660377358490566
154,1035,Rick Jackson,Syracuse,0.9361702127659575,0.6513157894736842,0.6216216216216216,0.0
155,1042,Austin Freeman,Georgetown,0.75,0.5050505050505051,0.28205128205128205,0.9090909090909091
156,1049,Taylor Montgomery,Northern Colorado,0.8571428571428571,0.5757575757575758,0.3125,0.0
157,1050,Michael Santos,Santa Clara,0.0,0.4117647058823529,1.0,0.0
158,1051,Ben Dowdell,Santa Clara,0.75,0.6666666666666666,0.5384615384615384,0.0
159,1056,Trey Lang,Massachusetts,0.0,0.0,0.0,0.0
160,1061,Gary Correia,Massachusetts,0.0,0.42857142857142855,0.0,0.65
161,1062,Matt Hill,Massachusetts,0.0,0.25,1.0,1.0
162,1063,Max Groebe,Cornell,0.0,0.09090909090909091,0.25,0.9487179487179487
163,1065,Cory Pflieger,Rice,0.0,1.0,1.0,0.8974358974358975
164,1070,Kris Richard,Tulane,0.0,0.2857142857142857,0.3125,1.0
165,1072,Nikola Gacesa,TCU,1.0,0.6842105263157895,0.7333333333333333,0.9
166,1080,Diante Garrett,Iowa St.,0.5,0.24691358024691357,0.05405405405405406,0.6101694915254238
167,1081,Zack Crimmins,Columbia,1.0,0.75,0.6666666666666666,0.0
168,1083,Asenso Ampim,Columbia,0.6666666666666666,0.4426229508196721,0.5185185185185185,1.0
169,1084,Jack Eggleston,Penn,1.0,0.8026315789473685,0.6,1.0
170,1086,Adrian Williams,Brown,0.0,0.3333333333333333,0.0,0.9555555555555556
171,1087,Tyler Bernardini,Penn,1.0,0.6,0.3333333333333333,0.8909090909090909
172,1089,Lavoy Allen,Temple,0.8666666666666667,0.6129032258064516,0.7142857142857143,1.0
173,1092,Alex Rubin,Illinois St.,0.0,0.5,0.5,0.96
174,1093,Martavis Key,FIU,0.0,0.0,0.3333333333333333,1.0
175,1094,Clive Weeden,Dartmouth,1.0,0.46153846153846156,0.6296296296296297,0.0
176,1095,Bakari Lewis,UMKC,0.0,0.2222222222222222,0.1282051282051282,0.5675675675675675
177,1097,Brian Rudolph,Loyola MD,0.0,0.07894736842105263,0.07142857142857142,0.6923076923076923
178,1098,Ronnie Dixon,Dartmouth,0.0,0.09090909090909091,0.13333333333333333,0.8333333333333334
179,1108,Ivan Peljusic,Northwestern,1.0,0.4,0.5,1.0
180,1113,Andy Polka,Loyola Chicago,0.3333333333333333,0.4,0.5294117647058824,0.0
181,1116,Marshall Moses,Oklahoma St.,0.5,0.46956521739130436,0.3230769230769231,0.5
182,1134,Jeff Ryan,Northwestern,0.0,0.0,0.0,1.0
183,1140,De'Suan Dixon,Jackson St.,0.6,0.5217391304347826,0.5,1.0
184,1173,Rodney Stokes,Morgan St.,0.75,0.5490196078431373,0.6470588235294118,0.0
185,1191,Bryan Burrell,Gardner Webb,0.0,0.0,0.0,0.0
186,1229,Jeremi Booth,Appalachian St.,0.625,0.3181818181818182,0.14285714285714285,0.8108108108108109
187,1230,Coy Custer,Lamar,1.0,0.43243243243243246,0.5714285714285714,0.0
188,1246,Jeff Smith,Chattanooga,0.0,0.0,0.0,1.0
189,1248,Jeremy Saffore,Chattanooga,0.6428571428571429,0.6923076923076923,0.6,0.0
190,1261,Dan Mavraides,Princeton,0.0,0.2727272727272727,0.14285714285714285,0.7333333333333333
191,1264,Logan Nourse,Dayton,0.0,0.0,0.0,0.0
192,1266,Clayfell Harris,Wagner,1.0,0.75,1.0,0.0
193,1276,Garrett Leffelman,Brown,0.0,0.5217391304347826,0.5,0.8928571428571429
194,1277,Mitch McDonald,Army,0.0,0.07692307692307693,0.42857142857142855,0.0
195,1278,Mike Coburn,Rutgers,0.0,0.23684210526315788,0.18604651162790697,0.9411764705882353
196,1280,Donnell Beverly,Connecticut,0.0,0.25,0.2,0.8571428571428571
197,1283,Tracy Smith,N.C. State,1.0,0.5454545454545454,0.4444444444444444,0.0
198,1303,Matt Mouzy,Little Rock,0.0,0.4,0.45454545454545453,0.8970588235294118
199,1306,Mychel Thompson,Pepperdine,0.75,0.3673469387755102,0.5238095238095238,0.8301886792452831
200,1318,Mike Moore,Hofstra,0.5,0.3333333333333333,0.21212121212121213,0.9180327868852459
201,1320,Gary Johnson,Texas,0.5,0.5714285714285714,0.6304347826086957,1.0
202,1321,Alexis Wangmene,Texas,1.0,0.8333333333333334,0.4,0.0
203,1322,Brad Wanamaker,Pittsburgh,0.875,0.46875,0.4339622641509434,0.875
204,1325,Brandon Brown,Lipscomb,0.3333333333333333,0.6545454545454545,0.782608695652174,1.0
205,1331,Tommy Hubbard,East Tennessee St.,0.0,0.5,0.5,0.0
206,1332,Jamarco Warren,Charleston Southern,0.0,0.08163265306122448,0.058823529411764705,0.5072463768115942
207,1341,Preston Knowles,Louisville,0.6,0.4,0.1590909090909091,0.79
208,1342,Laurence Jolicoeur,UMBC,0.75,0.36363636363636365,0.4166666666666667,1.0
209,1348,Stephen Sargent,VMI,1.0,0.3333333333333333,0.5,0.0
210,1352,Austin Kenon,VMI,0.0,0.08823529411764706,0.13043478260869565,0.6777777777777778
211,1356,Cameron Jones,Northern Arizona,0.6666666666666666,0.4125,0.45,0.9411764705882353
212,1359,Timothy Price,Texas Southern,0.6666666666666666,0.4444444444444444,0.6666666666666666,0.0
213,1360,Sammy Zeglinski,Virginia,0.0,0.18181818181818182,0.16666666666666666,0.6521739130434783
214,1361,Reggie Hamilton,Oakland,0.0,0.07865168539325842,0.05714285714285714,0.5584415584415584
215,1363,Justin Glenn,Lipscomb,1.0,0.5454545454545454,0.9090909090909091,1.0
216,1367,Josh Southern,Boston College,0.0,0.6727272727272727,0.5185185185185185,0.0
217,1368,Biko Paris,Boston College,0.0,0.4666666666666667,0.375,1.0
218,1369,Corey Raji,Boston College,0.6666666666666666,0.6125,0.6521739130434783,1.0
219,1370,Zach Plackemeier,Purdue Fort Wayne,0.0,0.3333333333333333,0.3684210526315789,0.8688524590163934
220,1371,Ben Botts,Purdue Fort Wayne,0.0,0.17391304347826086,0.5471698113207547,0.7586206896551724
221,1372,Cortney Dunn,Boston College,0.0,0.6666666666666666,0.5,0.0
222,1373,Mustapha Farrakhan,Virginia,0.25,0.19148936170212766,0.4,0.88
223,1392,Carl Montgomery,Chicago St.,0.5882352941176471,0.46923076923076923,0.45,0.5
224,1393,Jarryd Cole,Iowa,0.3333333333333333,0.5172413793103449,0.8235294117647058,0.0
225,1394,Jake Kelly,Indiana St.,0.0,0.2916666666666667,0.13636363636363635,0.6666666666666666
226,1396,Andrew Gabriel,Manhattan,0.0,0.28,0.5833333333333334,0.0
227,1400,Christian Wall,Chicago St.,0.0,0.18181818181818182,0.2,0.8571428571428571
228,1403,Reggie Porter,Alabama A&M,0.0,0.0,0.0,1.0
229,1413,Jamie Skeen,VCU,1.0,0.4576271186440678,0.22727272727272727,0.9444444444444444
230,1421,Vinnie McGhee,Cal St. Northridge,0.0,0.5,0.75,0.8444444444444444
231,1425,Christian Polk,UTEP,0.0,0.35294117647058826,0.16129032258064516,0.7777777777777778
232,1438,David Lighty,Ohio St.,0.3333333333333333,0.22727272727272727,0.19444444444444445,0.7450980392156863
233,1455,Jordan Turok,Charleston,0.0,0.0,0.0,1.0
234,1475,Bernard Toombs,Troy,0.7916666666666666,0.5730337078651685,0.2916666666666667,0.0
235,1476,Cliff Tucker,Maryland,0.0,0.46511627906976744,0.48484848484848486,0.9024390243902439
236,1511,Jay Watkins,Utah,0.5,0.23076923076923078,0.1,0.0
237,1513,Max Craig,Columbia,1.0,0.6666666666666666,0.42857142857142855,0.0
238,1521,Paris Carter,Illinois Chicago,0.5,0.42,0.6666666666666666,0.0
239,1542,Byron Mulkey,Buffalo,0.0,0.20408163265306123,0.2558139534883721,0.8490566037735849
240,1559,Mitchell Carter,Milwaukee,0.0,0.5,0.3333333333333333,0.0
241,1567,Djibril Thiam,Wyoming,0.7878787878787878,0.5588235294117647,0.5238095238095238,1.0
242,1571,Sorena Orandi,Saint Francis,0.0,0.3333333333333333,0.75,0.7777777777777778
243,1573,Gerald Colds,Drexel,0.5,0.17142857142857143,0.23809523809523808,0.9259259259259259
244,1584,DeVaughn Washington,Ohio,0.8076923076923077,0.7272727272727273,0.6444444444444445,1.0
245,1585,Alex Wolf,Western Michigan,0.0,0.14285714285714285,0.0,0.8888888888888888
246,1590,Jeremiah Rivers,Indiana,0.6666666666666666,0.5925925925925926,0.23076923076923078,0.75
247,1598,Eric Stubbs,UNC Asheville,0.0,0.9166666666666666,0.5555555555555556,0.0
248,1601,Trumaine Johnson,Houston,0.0,0.0,0.5,0.5
249,1607,Derrick Bails,Little Rock,0.0,0.5,0.5882352941176471,0.0
250,1608,Greg Plater,Long Beach St.,0.0,0.5,0.3,0.8275862068965517
251,1613,Mike Walker,SMU,0.0,0.6875,0.0,0.925
252,1619,Justin Hurtt,Tulsa,0.4444444444444444,0.20833333333333334,0.20833333333333334,0.7441860465116279
253,1620,Ryan Harp,SMU,0.0,0.4666666666666667,0.0,1.0
254,1621,Papa Dia,SMU,0.9,0.6645962732919255,0.46153846153846156,0.9
255,1623,Tomasz Kwiatkowski,SMU,0.0,0.0,0.0,0.0
256,1624,Bennie Rhodes,Fresno St.,0.75,0.7272727272727273,0.14285714285714285,1.0
257,1626,Kenneth Faried,Morehead St.,0.7571428571428571,0.50920245398773,0.37777777777777777,0.0
258,1628,Gavin Montgomery,Arkansas Pine Bluff,0.625,0.58,0.3333333333333333,0.88
259,1629,Corey Stokes,Villanova,1.0,0.6923076923076923,0.6428571428571429,0.9550561797752809
260,1631,Corey Fisher,Villanova,0.0,0.21818181818181817,0.20689655172413793,0.4230769230769231
261,1639,Korey Bauer,Marist,0.0,0.5,0.6666666666666666,1.0
262,1641,Antonio Ootesey,Arkansas Pine Bluff,0.0,0.0,0.0,0.0
263,1643,Daniel Eykyn,The Citadel,0.0,0.5,0.5,1.0
264,1646,John Reynolds,The Citadel,0.0,0.0,0.0,0.0
265,1647,Phillip Pandak,The Citadel,0.0,0.0,0.0,0.0
266,1648,Zach Urbanus,The Citadel,0.0,0.125,0.5128205128205128,0.9333333333333333
267,1651,Cameron Wells,The Citadel,0.0,0.04918032786885246,0.29357798165137616,0.6470588235294118
268,1653,Allen Smith,Arkansas Pine Bluff,0.0,0.3157894736842105,0.05263157894736842,0.6794871794871795
269,1669,Jonathan Sloan,Texas St.,1.0,0.625,0.2857142857142857,0.0
270,1670,Hajji Martin,Chicago St.,0.8333333333333334,0.6071428571428571,0.6904761904761905,0.8333333333333334
271,1671,Pawel Kielbasa,Chicago St.,0.0,0.3333333333333333,0.7142857142857143,0.0
272,1679,Zac Swansey,Tennessee Tech,0.0,0.3,0.34285714285714286,0.3235294117647059
273,1680,Jeremy Price,Georgia,0.7777777777777778,0.6025641025641025,0.7096774193548387,0.0
274,1684,Tirrell Baines,Marshall,0.7142857142857143,0.5106382978723404,0.65625,0.0
275,1686,R.L. Horton,Southern Miss,0.0,0.07317073170731707,0.05084745762711865,0.8928571428571429
276,1699,Orlando Smith,Mississippi Valley St.,0.0,0.5362318840579711,0.5555555555555556,0.0
277,1740,Steven Pearl,Tennessee,0.0,0.76,0.25,0.0
278,1747,Brenton Butler,Fordham,0.0,0.52,0.29545454545454547,0.8103448275862069
279,1752,Matt Heramb,Kennesaw St.,1.0,0.5,0.5,0.9090909090909091
280,1768,Cameron Johnson,Texas St.,0.6666666666666666,0.6666666666666666,0.74,0.0
281,1782,Nick Leon,Saint Peter's,0.0,0.15384615384615385,0.20588235294117646,0.7288135593220338
282,1786,Tim Burns,Maryland Eastern Shore,0.0,0.3,0.5,1.0
283,1790,Jonah Baize,Clemson,0.0,0.0,0.0,0.0
284,1792,Flynn Clayman,Troy,0.0,0.0,0.6666666666666666,1.0
285,1793,Jeremy Jacob,Oregon,0.0,0.6428571428571429,0.4117647058823529,0.0
286,1794,Michael Lizarraga,Cal St. Northridge,0.0,0.6808510638297872,0.5789473684210527,0.0
287,1797,Adam Nigon,Colorado St.,0.0,0.25,1.0,0.9615384615384616
288,1813,Eric Munoz,UTEP,0.0,0.0,0.0,0.0
289,1835,Sam Willard,Pacific,1.0,0.6363636363636364,0.6794871794871795,0.9090909090909091
290,1843,Sean McNally,Maine,0.0,0.5952380952380952,0.5,1.0
291,1847,Malachi Peay,Maine,0.0,0.16666666666666666,0.16666666666666666,1.0
292,1848,Mike Kebler,Michigan St.,1.0,0.5555555555555556,0.8181818181818182,0.0
293,1852,Eniel Polynice,Seton Hall,0.5,0.47368421052631576,0.0,1.0
294,1857,Andrew Keister,Holy Cross,0.0,0.5871559633027523,0.5384615384615384,1.0
295,1869,Josh Bright,Maryland Eastern Shore,0.0,0.0,0.5,0.8
296,1888,Steve Luptak,American,0.0,0.3333333333333333,0.0,1.0
297,1902,Steven Priestley,Siena,0.0,0.0,0.0,0.0
298,1903,Trevor Morris,Weber St.,0.7142857142857143,0.5714285714285714,0.5862068965517241,0.0
299,1904,Joe Duffy,Vanderbilt,0.0,0.3333333333333333,0.5,1.0
300,1905,Brian Qvale,Montana,0.9411764705882353,0.6259541984732825,0.5625,0.0
301,1913,Jontae Sherrod,East Carolina,0.6666666666666666,0.40540540540540543,0.35135135135135137,0.7681159420289855
302,1914,Brock Young,East Carolina,0.0,0.13636363636363635,0.0,0.2222222222222222
303,1917,Aaron Johnson,UAB,0.0,0.0821917808219178,0.0,0.4090909090909091
304,1925,Mike Capocci,Northwestern,0.5,0.6470588235294118,0.0,1.0
305,1926,Jon Diebler,Ohio St.,1.0,0.15789473684210525,0.25,0.9035087719298246
306,1928,Dallas Lauderdale,Ohio St.,0.8409090909090909,0.703125,0.5,0.0
307,1931,Tim Jarmusz,Wisconsin,0.0,0.75,0.25,1.0
308,1932,Jon Leuer,Wisconsin,0.7647058823529411,0.543859649122807,0.4051724137931034,0.9259259259259259
309,1935,Brandon Tunnell,Hampton,0.0,0.07692307692307693,0.1875,0.8888888888888888
310,1936,Kareem Maddox,Princeton,0.9,0.5,0.16,1.0
311,1937,Bobby Foley,Princeton,0.0,0.0,0.0,1.0
312,1939,Terrance Birdette,Elon,0.0,0.16666666666666666,0.0,0.9285714285714286
313,1940,Chris Long,Elon,0.0,0.024390243902439025,0.043478260869565216,0.52
314,1950,Adam Wire,Cornell,0.0,0.6521739130434783,0.625,1.0
315,1972,Shawn Lewis,Cal Poly,0.6428571428571429,0.21739130434782608,0.24242424242424243,0.8780487804878049
316,1985,Trevor Mbakwe,Minnesota,0.851063829787234,0.7272727272727273,0.6451612903225806,0.0
317,1986,Chris Barnes,Georgia,0.875,0.6944444444444444,0.6666666666666666,0.0
318,1987,Ricky Cadell,St. Francis NY,0.0,0.17543859649122806,0.25,0.7076923076923077
319,1993,Justin Joyner,UC Santa Barbara,0.0,0.2,0.0,0.9230769230769231
320,1994,Demetri McCamey,Illinois,0.0,0.22641509433962265,0.1794871794871795,0.5945945945945946
321,1995,Mike Tisdale,Illinois,0.8571428571428571,0.7169811320754716,0.625,0.9047619047619048
322,2008,Amu Saaka,Furman,0.6111111111111112,0.43137254901960786,0.3392857142857143,0.9565217391304348
323,2012,Anthony McClain,Cincinnati,1.0,0.4,1.0,0.0
324,2014,J.P. Gavinski,Wisconsin,0.0,0.0,0.0,0.0
325,2051,Michael Rogers,Valparaiso,1.0,0.5531914893617021,0.375,0.875
326,2057,Marshall Carrell,Texas A&M,1.0,1.0,0.0,0.0
327,2061,Joe Hughes,Xavier,0.0,0.0,0.0,0.0
328,2099,Rio Pitt,South Carolina St.,0.625,0.47058823529411764,0.6666666666666666,0.0
329,2101,Junard Hartley,Campbell,0.0,0.30303030303030304,0.23529411764705882,0.7777777777777778
330,2102,Preston Dodson,Campbell,0.0,0.7321428571428571,0.8076923076923077,0.0
331,2118,Gary McGhee,Pittsburgh,0.7931034482758621,0.5294117647058824,0.875,0.0
332,2123,Dejuan Goodwin,Marist,0.0,0.0,0.14285714285714285,0.0
333,2130,La'Ryan Gary,Louisiana,0.75,0.4827586206896552,0.3076923076923077,0.8823529411764706
334,2132,Courtney Wallace,Louisiana,0.0,0.3076923076923077,0.25,0.0
335,2134,Randell Daigle,Louisiana,0.0,0.1875,0.10526315789473684,0.5714285714285714
336,2159,Michael Thompson,Northwestern,0.0,0.24561403508771928,0.21621621621621623,0.8
337,2169,Jer'Vaughn Johnson,Cal St. Fullerton,0.3333333333333333,0.6086956521739131,0.3829787234042553,0.0
338,2182,Delonte Taylor,UC Riverside,0.0,0.1,0.5,1.0
339,2189,Jordan Campbell,Belmont,0.0,0.5238095238095238,1.0,0.8181818181818182
340,2190,Mike Dejworek,The Citadel,0.0,0.8571428571428571,1.0,0.0
341,2201,Justin Hawkins,UNLV,0.0,0.6111111111111112,0.4166666666666667,1.0
342,2205,Clarence Jackson,Siena,0.3333333333333333,0.3488372093023256,0.375,0.8703703703703703
343,2206,Ryan Rossiter,Siena,1.0,0.5980392156862745,0.43564356435643564,1.0
344,2212,Luke Sikma,Portland,0.75,0.5567010309278351,0.3275862068965517,1.0
345,2213,Kramer Knutson,Portland,0.9583333333333334,0.7777777777777778,0.3684210526315789,0.0
346,2214,Jasonn Hannibal,Portland,0.875,0.5714285714285714,0.47058823529411764,0.0
347,2216,Mickey McConnell,Saint Mary's,0.0,0.2727272727272727,0.11627906976744186,0.5277777777777778
348,2217,Chris De La Rosa,UMBC,0.0,0.0449438202247191,0.025,0.21052631578947367
349,2222,James Valladares,New Hampshire,1.0,0.23076923076923078,0.3333333333333333,0.8888888888888888
350,2223,Tyrone Conley,New Hampshire,0.5,0.35294117647058826,0.3103448275862069,0.8311688311688312
351,2225,Alvin Abreu,New Hampshire,0.0,0.0,0.0,1.0
352,2232,Rashad Green,San Francisco,0.0,0.2,0.3333333333333333,0.8846153846153846
353,2243,Chandler Parsons,Florida,0.6363636363636364,0.42696629213483145,0.4782608695652174,0.8837209302325582
354,2250,Terry Martin,Wofford,1.0,0.6571428571428571,0.6785714285714286,1.0
355,2251,Noah Dahlman,Wofford,0.0,0.6919642857142857,0.3548387096774194,0.0
356,2255,Blake Gallagher,Western Carolina,0.0,0.5,0.6,0.0
357,2273,P. J. Alawoya,McNeese St.,0.7,0.5324675324675324,0.5428571428571428,1.0
358,2278,Matt Ballard,San Jose St.,1.0,0.5,1.0,0.0
359,2284,Devin Gibson,UTSA,0.0,0.12903225806451613,0.16666666666666666,0.36
360,2287,JohnMark Ludwick,William & Mary,0.0,0.6666666666666666,1.0,0.9333333333333333
361,2289,Darrius Sellers,UNC Greensboro,0.0,1.0,0.0,0.0
362,2313,Chad Wynn,East Carolina,1.0,0.625,0.7,0.0
363,2334,Alex Stepheson,USC,0.8484848484848485,0.5384615384615384,0.4782608695652174,0.0
364,2336,Ayron Hardy,Jacksonville,0.5789473684210527,0.43956043956043955,0.2894736842105263,0.875
365,2368,Damian Saunders,Duquesne,0.8723404255319149,0.6694915254237288,0.3333333333333333,0.92
366,2384,Vaughn Duggins,Wright St.,1.0,0.24390243902439024,0.21428571428571427,0.7647058823529411
367,2394,Dan Geriot,Richmond,0.0,0.7090909090909091,0.5510204081632653,1.0
368,2401,Darryl Evans,Furman,0.0,0.07894736842105263,0.18181818181818182,1.0
369,2425,Darren Smith,Penn,0.0,0.0,1.0,1.0
370,2426,Andreas Schreiber,Penn,1.0,0.6666666666666666,0.5714285714285714,0.0
371,2430,Jean Cajou,Mount St. Mary's,0.0,0.5,0.2,0.75
372,2448,Anthony Minor,Hartford,0.6666666666666666,0.29411764705882354,0.0,0.0
373,2463,Micah Williams,East Tennessee St.,0.8,0.373134328358209,0.15789473684210525,0.9090909090909091
374,2465,Mike Smith,East Tennessee St.,1.0,0.3148148148148148,0.3387096774193548,0.7446808510638298
375,2468,Daron Hood,Tennessee Martin,0.0,1.0,0.0,0.0
376,2479,Mike Davis,Illinois,0.9024390243902439,0.8023255813953488,0.7,0.0
377,2490,David Boarden,SIU Edwardsville,0.0,0.3333333333333333,0.6470588235294118,0.9333333333333333
378,2491,Aaron Carter,Indiana St.,0.5,0.375,0.21428571428571427,0.9591836734693877
379,2493,Evan Fjeld,Vermont,0.8333333333333334,0.5754716981132075,0.5789473684210527,0.5
380,2494,Joey Accaoui,Vermont,0.0,0.2413793103448276,0.08695652173913043,0.8409090909090909
381,2497,Garrett Kissel,Vermont,0.0,0.4444444444444444,0.2727272727272727,0.0
382,2505,David Ndoumba,Southeastern Louisiana,1.0,0.7,0.41935483870967744,0.0
383,2508,Wesley Jenkins,Saint Peter's,0.0,0.2777777777777778,0.10526315789473684,0.7230769230769231
384,2511,Tim Diederichs,Loyola Marymount,1.0,0.6428571428571429,0.3333333333333333,0.0
385,2518,Charlie Rigoglioso,Rutgers,0.0,0.0,0.0,0.0
386,2529,Tom Fow,Air Force,1.0,0.7586206896551724,0.6363636363636364,0.9705882352941176
387,2530,Mike Scott,Fairleigh Dickinson,0.0,0.10810810810810811,0.21428571428571427,0.6333333333333333
388,2532,Billy White,San Diego St.,0.7391304347826086,0.5360824742268041,0.3076923076923077,0.6666666666666666
389,2534,Jeremy Bynum,Jacksonville St.,0.5,0.42857142857142855,0.4117647058823529,0.9482758620689655
390,2537,Steven Gray,Gonzaga,0.75,0.2826086956521739,0.14285714285714285,0.7857142857142857
391,2538,Jonathan Wills,Fresno St.,1.0,0.3125,0.3333333333333333,1.0
392,2548,Ryan Silva,UC Davis,0.0,0.6666666666666666,0.0,1.0
393,2551,Patrick Rembert,UC Irvine,0.0,0.3191489361702128,0.3333333333333333,0.975
394,2553,Josh Davis,Samford,0.0,0.6111111111111112,0.3333333333333333,0.9024390243902439
395,2556,Justin Stommes,Eastern Kentucky,1.0,0.5384615384615384,0.06666666666666667,0.8305084745762712
396,2564,Malik Perry,Ball St.,0.5,0.6415094339622641,0.5454545454545454,0.0
397,2566,Demonte Harper,Morehead St.,0.29411764705882354,0.18421052631578946,0.17391304347826086,0.8627450980392157
398,2569,Aric Brooks,Morgan St.,0.0,0.4375,0.47368421052631576,0.8
399,2584,Jewuan Long,Murray St.,0.6666666666666666,0.4318181818181818,0.25,1.0
400,2596,Ruben Guillandeaux,La Salle,0.0,0.375,0.14705882352941177,0.4745762711864407
401,2615,Tony Johnson,Lafayette,0.0,0.25,0.25,0.47058823529411764
402,2627,Shannon Shorter,North Texas,0.0,0.3958333333333333,0.2777777777777778,1.0
403,2630,Horace Bond,Texas A&M Corpus Chris,0.8,0.5641025641025641,0.5,1.0
404,2636,Demond Watt,Texas A&M Corpus Chris,0.6521739130434783,0.48484848484848486,0.18181818181818182,0.0
405,2638,Isiah Martin,Indiana St.,0.8,0.5555555555555556,0.6363636363636364,0.0
406,2639,Patrick Mansell,Rider,0.0,0.0,0.0,0.9473684210526315
407,2661,Jordan Miller,Furman,0.0,0.2,0.1875,0.9574468085106383
408,2665,Levan Patsatsia,Troy,0.0,0.5806451612903226,0.4090909090909091,0.9545454545454546
409,2669,Alex Anglin,Butler,0.0,0.5,0.0,1.0
410,2673,Larry Wright,Oakland,0.5,0.18518518518518517,0.07894736842105263,0.6744186046511628
411,2677,Joe Zeglinski,Hartford,0.0,0.3235294117647059,0.05263157894736842,0.8
412,2678,Justin Fry,UMBC,0.0,0.6349206349206349,0.7435897435897436,0.5
413,2686,Justin Graham,San Jose St.,0.75,0.23809523809523808,0.20253164556962025,0.9117647058823529
414,2687,Mehmet Sahan,Sacred Heart,0.0,1.0,0.5,0.0
415,2696,Justin Burton,Winthrop,0.0,0.0,0.0,0.8
416,2714,Jimmy Oden,Middle Tennessee,0.0,0.2,0.0,0.875
417,2720,Adnan Hodzic,Lipscomb,0.8,0.7222222222222222,0.5714285714285714,1.0
418,2721,Pieter van Tongeren,Evansville,1.0,0.8448275862068966,0.6086956521739131,0.0
419,2732,Antonio Pena,Villanova,0.8571428571428571,0.631578947368421,0.8918918918918919,1.0
420,2741,Tim Shelton,San Diego St.,0.0,0.5555555555555556,0.375,1.0
421,2747,Robert Sacre,Gonzaga,0.8846153846153846,0.7777777777777778,0.6507936507936508,0.0
422,2763,Keith Benson,Oakland,0.782608695652174,0.6594202898550725,0.5316455696202531,0.75
423,2786,J.T. Durley,Wichita St.,0.8888888888888888,0.49206349206349204,0.373134328358209,0.9545454545454546
424,2787,Keaton Nankivil,Wisconsin,0.625,0.36,0.8055555555555556,0.9661016949152542
425,2795,Jordan Weiner,UC Santa Barbara,0.0,0.125,0.3333333333333333,1.0
426,2798,Devin Searcy,Dayton,1.0,0.6285714285714286,0.7142857142857143,0.0
427,2799,Chris Wright,Dayton,0.75,0.6033057851239669,0.6226415094339622,1.0
428,2800,Stephen Thomas,IU Indy,0.0,0.17307692307692307,0.0425531914893617,0.5925925925925926
429,2807,Chretien Lukusa,Binghamton,0.0,0.12903225806451613,0.0,0.8125
430,2820,Antwaine Wiggins,Charleston,0.5714285714285714,0.27906976744186046,0.17391304347826086,0.975609756097561
431,2821,Jeremy Simmons,Charleston,0.7941176470588235,0.6447368421052632,0.4857142857142857,0.0
432,2823,Austin Dahn,The Citadel,0.0,0.43478260869565216,0.6428571428571429,0.9322033898305084
433,2824,Matt Clark,The Citadel,1.0,0.9,1.0,1.0
434,2832,Ben Wheeler,Lafayette,0.0,0.25,0.3333333333333333,0.6875
435,2837,Steve Kirkpatrick,Penn St.,0.0,0.5,1.0,0.0
436,2846,Chris Collinsworth,BYU,0.0,0.25,0.42857142857142855,1.0
437,2849,Andre McFarland,Colorado St.,0.0,0.3333333333333333,0.3333333333333333,0.7894736842105263
438,2852,Brett Royster,Florida Atlantic,0.825,0.65,0.5,0.0
439,2858,Charles Corbin,Winthrop,1.0,0.3235294117647059,0.30985915492957744,1.0
440,2859,Nick Winbush,Miami OH,0.75,0.3333333333333333,0.44,0.9242424242424242
441,2863,Jacob Pullen,Kansas St.,0.0,0.21875,0.23404255319148937,0.7285714285714285
442,2869,Chris Martin,Stony Brook,0.0,0.21052631578947367,0.1875,0.0
443,2872,Jon House,Belmont,1.0,0.5490196078431373,0.5,0.8181818181818182
444,2875,Rihards Kuksiks,Arizona St.,1.0,0.5,0.6111111111111112,0.9411764705882353
445,2878,Jamelle McMillan,Arizona St.,0.0,0.38095238095238093,0.3333333333333333,0.8048780487804879
446,2879,Ty Abbott,Arizona St.,1.0,0.4090909090909091,0.34782608695652173,0.9117647058823529
447,2884,Talor Battle,Penn St.,0.7142857142857143,0.3793103448275862,0.34375,0.7358490566037735
448,2885,John Galvin,Fairleigh Dickinson,1.0,0.3333333333333333,0.8461538461538461,1.0
449,2886,Jamelle Horne,Arizona,0.5,0.45454545454545453,0.4666666666666667,0.9302325581395349
450,2891,Jeremy Thomas,Arkansas St.,0.4,0.35294117647058826,0.5,0.0
451,2895,Kyle Lewis,Denver,0.0,0.5,0.0,1.0
452,2897,Dino Gregory,Maryland,1.0,0.7619047619047619,0.7848101265822784,1.0
453,2902,Tommy Freeman,Ohio,0.0,0.8,0.4444444444444444,0.9797979797979798
454,2916,Tramaine Butler,Alabama St.,0.0,0.1891891891891892,0.6060606060606061,0.8333333333333334
455,2937,Aaron Holmes,Tulane,0.0,0.4444444444444444,0.3333333333333333,1.0
456,2940,Joe Mazzulla,West Virginia,0.0,0.25925925925925924,0.4166666666666667,0.8888888888888888
457,2943,Eddie Williams,Stephen F. Austin,0.0,0.4883720930232558,0.1875,0.8823529411764706
458,2944,Ben Finney,Old Dominion,0.4,0.35185185185185186,0.16666666666666666,0.9473684210526315
459,2949,Chad Tomko,UNC Wilmington,0.0,0.125,0.037037037037037035,0.5625
460,2952,Matt Dorlack,Eastern Illinois,0.0,0.375,0.0,0.0
461,2953,Darius James,Old Dominion,0.0,0.18181818181818182,0.11538461538461539,0.7666666666666667
462,2958,Shane Johannsen,Northern Arizona,1.0,0.8105263157894737,0.5384615384615384,0.0
463,3005,Desmond Jackson,Alabama A&M,0.0,0.375,0.5714285714285714,0.9444444444444444
464,3006,Cornelius Hester,Alabama A&M,0.0,0.23076923076923078,0.4772727272727273,0.8863636363636364
465,3007,Matt Formisano,Utah St.,0.0,1.0,0.8,0.0
466,3014,Eric Platt,Northern Arizona,0.0,0.6111111111111112,0.6666666666666666,0.95
467,3024,Anthony Wright,Toledo,0.0,0.7777777777777778,0.5,1.0
468,3033,Brian Carlwell,San Diego St.,0.6923076923076923,0.5277777777777778,0.3333333333333333,1.0
469,3050,Marcus Simmons,USC,0.3333333333333333,0.5625,0.21052631578947367,1.0
470,3056,Kerwin Dunham,Northern Iowa,0.0,0.7142857142857143,0.2,1.0
471,3062,Andy King,Samford,0.0,0.6923076923076923,0.14285714285714285,1.0
472,3063,Gaby Bermudez,Samford,0.0,0.5238095238095238,0.0,1.0
473,3066,Jimmy Drew,DePaul,0.0,0.35714285714285715,0.1,0.9024390243902439
474,3072,Lathen Wallace,Oregon St.,0.0,0.0625,0.0,0.9259259259259259
475,3085,Richie Gordon,Western Carolina,0.6842105263157895,0.5844155844155844,0.5111111111111111,0.0
476,3089,Cameron Tatum,Tennessee,0.5833333333333334,0.5,0.3076923076923077,0.9411764705882353
477,3090,Brian Williams,Tennessee,0.6363636363636364,0.5657894736842105,0.5833333333333334,1.0
478,3091,Kevin Smith,Richmond,0.6363636363636364,0.5666666666666667,0.25,1.0
479,3093,Kevin Anderson,Richmond,0.0,0.16853932584269662,0.17647058823529413,0.6056338028169014
480,3094,Justin Harper,Richmond,0.6666666666666666,0.5660377358490566,0.6129032258064516,0.961038961038961
481,3098,Andre Walker,Vanderbilt,0.6666666666666666,0.7272727272727273,0.5,1.0
482,3100,Morgan Sabia,Hartford,1.0,0.2692307692307692,0.12,0.9074074074074074
483,3102,Kevin Estes,Hartford,0.0,0.6428571428571429,1.0,0.0
484,3103,Troy Barnies,Maine,0.6,0.5612244897959183,0.39285714285714285,1.0
485,3106,Terrell Smith,Pacific,0.5,0.29411764705882354,0.3333333333333333,0.8421052631578947
486,3111,Greg Brown,Navy,0.25,0.36666666666666664,0.2222222222222222,0.8333333333333334
487,3112,Romeo Garcia,Navy,0.0,0.6111111111111112,0.5,0.9230769230769231
488,3113,Mark Veazey,Navy,0.6666666666666666,0.627906976744186,0.5555555555555556,0.0
489,3115,Donald Sims,Appalachian St.,0.0,0.07407407407407407,0.1206896551724138,0.4657534246575342
490,3117,J.R. Archer,Appalachian St.,0.0,0.0,0.0,1.0
491,3119,Donavan Monroe,Charleston,0.8571428571428571,0.3389830508474576,0.22033898305084745,0.9047619047619048
492,3120,Andrew Goudelock,Charleston,0.42857142857142855,0.07317073170731707,0.15753424657534246,0.5190839694656488
493,3126,Anthony Nelson,Niagara,0.0,0.24675324675324675,0.0,0.34210526315789475
494,3129,Benzor Simmons,Tennessee Martin,1.0,0.5230769230769231,0.4838709677419355,0.875
495,3132,Evan Washington,Air Force,1.0,0.6,0.4,1.0
496,3137,Jimmer Fredette,BYU,1.0,0.29357798165137616,0.08928571428571429,0.45454545454545453
497,3153,Nick Murphy,Jacksonville St.,0.42857142857142855,0.49382716049382713,0.4583333333333333,1.0
498,3154,Stephen Tyree,Bucknell,0.0,1.0,0.0,0.0
499,3163,Jeremy Landers,Northern Illinois,0.0,0.24,0.22857142857142856,0.8181818181818182
500,3166,Drew Viney,Loyola Marymount,1.0,0.4594594594594595,0.5063291139240507,0.8918918918918919
501,3168,Calvin Haynes,Oregon St.,0.3333333333333333,0.58,0.10526315789473684,0.7777777777777778
502,3169,Omari Johnson,Oregon St.,0.6,0.5735294117647058,0.5,1.0
503,3171,Chace Stanback,UNLV,0.6666666666666666,0.6590909090909091,0.5915492957746479,0.9361702127659575
504,3173,Preston David,McNeese St.,0.7272727272727273,0.5862068965517241,0.6666666666666666,0.0
505,3176,Logan McConathy,Northwestern St.,0.0,0.0,0.3333333333333333,0.75
506,3177,Dominic Knight,Northwestern St.,1.0,0.3333333333333333,0.375,0.8
507,3178,Kellan Carter,Nicholls St.,0.0,0.3870967741935484,0.75,0.5
508,3179,Anatoly Bose,Nicholls St.,0.3333333333333333,0.5625,0.38,0.8431372549019608
509,3184,John Ashworth,IU Indy,0.0,0.2857142857142857,0.4,0.7407407407407407
510,3189,Adam Waddell,Wyoming,1.0,0.6470588235294118,0.6,1.0
511,3190,Darrin Williams,Illinois Chicago,0.0,0.5121951219512195,0.5,0.0
512,3193,Jamarr Sanders,UAB,0.6,0.4074074074074074,0.24528301886792453,0.6888888888888889
513,3203,Sean Mock,Miami OH,0.0,0.0,0.0,0.0
514,3217,Chris Davis,Jacksonville,0.0,0.6666666666666666,0.0,1.0
515,3218,Jonnie West,West Virginia,0.0,1.0,1.0,0.9375
516,3220,Cam Thoroughman,West Virginia,0.0,0.47368421052631576,1.0,0.0
517,3230,Howard Little,Valparaiso,0.5,0.6785714285714286,0.47368421052631576,0.8
518,3232,Geoff McCammon,Loyola Chicago,1.0,0.5555555555555556,0.1590909090909091,0.7529411764705882
519,3238,N'Gai Evans,Wright St.,0.5,0.12698412698412698,0.06976744186046512,0.6153846153846154
520,3239,Troy Tabler,Wright St.,0.0,0.3125,0.4,0.8648648648648649
521,3255,Jared Stohl,Portland,0.0,0.4090909090909091,0.28,0.8131868131868132
522,3270,B.J. Porter,Weber St.,1.0,0.6666666666666666,1.0,1.0
523,3272,Anthony Mitchell,SIU Edwardsville,0.0,0.35294117647058826,0.375,1.0
524,3294,Matt Pilgrim,Oklahoma St.,0.6842105263157895,0.5806451612903226,0.25,1.0
525,3303,Tai Wesley,Utah St.,0.6666666666666666,0.5271317829457365,0.37142857142857144,1.0
526,3313,Ed Nixon,VCU,0.8,0.3333333333333333,0.2,0.967741935483871
527,3315,Chris Hyche,Jackson St.,1.0,0.5,1.0,1.0
528,3319,Brian Johnson,Delaware,0.0,0.0,0.16666666666666666,0.631578947368421
529,3349,Brandon Rozzell,VCU,0.0,0.391304347826087,0.05263157894736842,0.8974358974358975
530,3367,Tristan Thompson,North Texas,0.0,0.32142857142857145,0.1724137931034483,0.890625
531,3371,Jamar Abrams,East Carolina,0.875,0.7727272727272727,0.5217391304347826,0.984375
532,3373,Claude Britten,UTEP,0.9285714285714286,0.8636363636363636,0.8148148148148148,0.0
533,3374,Justin Safford,Missouri,0.7142857142857143,0.6129032258064516,0.6153846153846154,0.8888888888888888
534,3375,Al Nolen,Minnesota,0.0,0.07692307692307693,0.0,0.8
535,3376,Blake Hoffarber,Minnesota,0.0,0.6190476190476191,0.7222222222222222,0.8734177215189873
536,3377,Wayne Portalatin,UTEP,0.0,0.8,0.6666666666666666,0.0
537,3378,Gabriel McCulley,UTEP,1.0,0.8,0.6190476190476191,1.0
538,3379,Randy Culpepper,UTEP,0.2,0.4883720930232558,0.4520547945205479,0.803030303030303
539,3382,Prentice Small,Lehigh,0.0,0.0,0.14285714285714285,1.0
540,3383,David Safstrom,Lehigh,0.5,0.4166666666666667,0.3333333333333333,0.0
541,3385,Josh Jones,Holy Cross,1.0,0.7058823529411765,0.6470588235294118,0.6666666666666666
542,3386,Michael Ojo,Lehigh,0.0,0.2727272727272727,0.2857142857142857,0.88
543,3388,Mike Venezia,Colgate,0.0,1.0,0.7619047619047619,0.9534883720930233
544,3389,Joe Hoban,Colgate,0.0,0.14893617021276595,0.4666666666666667,0.7837837837837838
545,3390,Andrew Beinert,Holy Cross,0.0,0.1111111111111111,0.0,0.5681818181818182
546,3393,Idris Hilliard,Saint Joseph's,0.4,0.425531914893617,0.6470588235294118,1.0
547,3399,A.J. Stewart,Texas St.,1.0,0.3333333333333333,0.5555555555555556,0.0
548,3402,Mike Ringgold,Rider,1.0,0.4805194805194805,0.08,0.0
549,3403,Justin Robinson,Rider,0.0,0.2391304347826087,0.06666666666666667,0.8068181818181818
550,3436,Will Hudson,Oakland,0.9565217391304348,0.6408450704225352,0.5714285714285714,0.0
551,3440,Tyler Laser,Eastern Illinois,0.0,0.3333333333333333,0.5333333333333333,1.0
552,3441,Tim Ambrose,Albany,0.0,0.24675324675324675,0.07547169811320754,0.8387096774193549
553,3444,Josten Crow,Sam Houston St.,1.0,0.6363636363636364,0.2857142857142857,1.0
554,3446,Darryl Roberts,Akron,0.0,0.47368421052631576,0.34375,0.9130434782608695
555,3448,Javon Coney,Colorado,1.0,0.75,0.6666666666666666,0.0
556,3450,Will Martell,Rhode Island,1.0,0.5789473684210527,0.48,0.0
557,3452,Venoy Overton,Washington,1.0,0.21428571428571427,0.0,0.9
558,3453,Justin Holiday,Washington,0.7777777777777778,0.5087719298245614,0.3235294117647059,0.9787234042553191
559,3455,Lance Storrs,Georgia Tech,0.0,0.3333333333333333,0.6666666666666666,1.0
560,3458,John Flowers,West Virginia,0.9,0.5370370370370371,0.6551724137931034,1.0
561,3463,Stephan Martin,McNeese St.,0.0,0.21739130434782608,0.1111111111111111,0.75
562,3471,Derek Brooks,Air Force,1.0,0.7209302325581395,0.5,1.0
563,3476,Donald Qualls,Grambling St.,0.0,0.3055555555555556,0.5,0.828125
564,3483,Gordo Castillo,New Mexico St.,0.0,0.125,0.5625,0.9836065573770492
565,3488,Suleiman Braimoh,Rice,0.8888888888888888,0.6666666666666666,0.4,0.0
566,3498,Keon Lawrence,Seton Hall,0.0,0.23809523809523808,0.125,1.0
567,3520,Kyle Johnson,LIU,0.0,0.5454545454545454,0.6206896551724138,0.9591836734693877
568,3523,Marcus Kitts,William & Mary,0.75,0.631578947368421,0.21428571428571427,0.0
569,3524,Javier Gonzalez,N.C. State,0.0,0.21428571428571427,0.3888888888888889,0.5652173913043478
570,3527,Antonio Topps,Texas A&M Corpus Chris,0.0,0.5,1.0,1.0
571,3528,Justin Reynolds,Texas A&M Corpus Chris,0.6363636363636364,0.5,0.4827586206896552,0.7647058823529411
572,3551,Bill Clark,Duquesne,0.6666666666666666,0.6081081081081081,0.375,0.8378378378378378
573,3555,Chad Gray,Coastal Carolina,0.8928571428571429,0.6352941176470588,0.5569620253164557,0.7647058823529411
574,3570,David Theis,Duquesne,0.0,0.0,0.0,1.0
575,3575,Bobby Howard,Montana St.,0.0,0.4520547945205479,0.2727272727272727,1.0
576,3576,Julyan Stone,UTEP,0.6153846153846154,0.390625,0.34782608695652173,0.6923076923076923
577,3578,Marquis Jones,Rhode Island,0.0,0.2549019607843137,0.09375,0.6666666666666666
578,3593,Bill Cole,Illinois,0.75,0.5789473684210527,0.5714285714285714,0.96875
579,3659,Josh Daniel,Eastern Kentucky,0.0,0.782608695652174,0.6,0.975609756097561
580,3663,Keyon Carter,Old Dominion,0.6666666666666666,0.7368421052631579,0.7142857142857143,0.9411764705882353
581,3678,Trant Simpson,Prairie View A&M,0.0,0.17391304347826086,0.13636363636363635,0.7450980392156863
582,3679,Jimmy Harding,Illinois Chicago,0.0,0.0,0.0,0.0
583,3687,Cade Davis,Oklahoma,1.0,0.32608695652173914,0.23529411764705882,0.7966101694915254
584,3702,Landon Clement,North Carolina Central,0.0,0.125,0.3111111111111111,0.7802197802197802
585,3703,Rob Keefer,Lehigh,0.0,0.6666666666666666,0.47368421052631576,1.0
586,3704,Todd O'Brien,Saint Joseph's,1.0,0.6,0.6666666666666666,0.0
587,3705,Darryl Shazier,Bucknell,0.0,0.02702702702702703,0.13636363636363635,0.8666666666666667
588,3706,G.W. Boon,Bucknell,0.0,0.3870967741935484,0.375,0.9487179487179487
589,3709,Solomon Bozeman,Little Rock,0.0,0.125,0.24324324324324326,0.7419354838709677
590,3710,Nathan Hedgecock,Army,0.0,0.5,0.42857142857142855,1.0
591,3711,Jeremy Hence,Army,1.0,0.3103448275862069,0.1282051282051282,0.9
592,3712,Kodi Augustus,Mississippi St.,0.8,0.4807692307692308,0.3888888888888889,0.9310344827586207
593,3717,Ravern Johnson,Mississippi St.,0.7857142857142857,0.4878048780487805,0.23684210526315788,0.8313253012048193
594,3718,Riley Benock,Mississippi St.,0.0,0.5,0.16666666666666666,0.94
595,3719,Brandon Bolen,Mississippi St.,0.0,0.0,1.0,0.0
596,3720,Jerai Grant,Clemson,0.8421052631578947,0.7572815533980582,0.5370370370370371,0.0
597,3722,Zamal Nixon,Houston,0.0,0.15555555555555556,0.21739130434782608,0.6086956521739131
598,3724,Brett Valentyn,Wisconsin,0.0,0.0,0.0,1.0
599,3725,Tom Kopko,Notre Dame,0.0,0.0,1.0,1.0
600,3728,Neal Kingman,Northern Colorado,1.0,0.5,0.3448275862068966,0.925
601,3729,Jeff Brooks,Penn St.,0.6470588235294118,0.39705882352941174,0.22784810126582278,0.8888888888888888
602,3736,Michael Patton,Northern Illinois,0.0,0.0,0.3333333333333333,0.7647058823529411
603,3739,Devon Beitzel,Northern Colorado,0.0,0.2727272727272727,0.2,0.7093023255813954
604,3745,Demontez Stitt,Clemson,0.0,0.13157894736842105,0.09375,0.7727272727272727
605,3747,Gene Johnson,Morgan St.,0.0,0.625,0.8,0.0
606,3750,Nick Sidorakis,Oklahoma St.,0.0,0.6153846153846154,0.5,0.9285714285714286
607,3752,Kyron Stokes,Oral Roberts,0.0,0.5,0.0,1.0
608,3756,Arsenio Mims,Western Illinois,0.0,0.6666666666666666,0.8333333333333334,0.0
609,3759,Jawaan Alston,Buffalo,1.0,0.6379310344827587,0.25,0.0
610,3765,Justin Anyijong,Toledo,0.0,0.6,0.25,0.9523809523809523
611,3769,Matthew Bryan-Amaning,Washington,0.8367346938775511,0.6690140845070423,0.3972602739726027,0.0
612,3771,Kaleb Korver,Creighton,0.0,0.0,0.75,0.8936170212765957
613,3774,Sam Muldrow,South Carolina,0.5925925925925926,0.5121951219512195,0.3181818181818182,0.9130434782608695
614,3780,Eli Holman,Detroit Mercy,0.6666666666666666,0.49056603773584906,0.5454545454545454,0.0
615,3790,Durrell Summers,Michigan St.,0.7894736842105263,0.62,0.7777777777777778,0.9836065573770492
616,3791,Andrew Warren,Bradley,0.25,0.4318181818181818,0.38666666666666666,0.8
617,3793,Kalin Lucas,Michigan St.,0.0,0.375,0.40298507462686567,0.8461538461538461
618,3796,Jared Mintz,Lafayette,1.0,0.7228915662650602,0.6103896103896104,1.0
619,3797,Darion Benbow,Lafayette,1.0,0.6190476190476191,0.7073170731707317,0.0
620,3806,Devin Ginty,San Diego,0.0,0.3125,0.47058823529411764,1.0
621,3817,Derrick Jasper,UNLV,0.8888888888888888,0.4772727272727273,0.45454545454545453,1.0
622,3820,Joevan Catron,Oregon,1.0,0.48739495798319327,0.46153846153846156,0.9
623,3823,Paul Noonan,Boise St.,0.0,0.17647058823529413,0.17391304347826086,0.9365079365079365
624,3824,Ryan White,Texas St.,0.0,0.06818181818181818,0.18181818181818182,0.4
625,3828,Tremayne Russell,FIU,0.0,0.15384615384615385,0.2,0.5555555555555556
626,3833,Darnell Porter,South Carolina St.,1.0,0.2777777777777778,0.17647058823529413,0.8648648648648649
627,3839,Adrian Oliver,San Jose St.,0.0,0.3220338983050847,0.3739130434782609,0.8412698412698413
628,3842,Dorenzo Hudson,Virginia Tech,0.0,0.6,0.625,1.0
629,3853,Dan Boudler,Youngstown St.,0.0,1.0,0.5,0.0
630,3854,Bryquis Perine,Green Bay,0.0,0.15789473684210525,0.10638297872340426,0.6363636363636364
631,3877,Ceslovas Kucinskas,Coppin St.,0.0,0.4358974358974359,0.5714285714285714,1.0
632,3889,John Williams,UNC Asheville,0.7777777777777778,0.6333333333333333,0.32,0.0
633,3892,Jovonni Shuler,Savannah St.,1.0,0.40476190476190477,0.3125,0.875
634,3916,Tyler Newbold,Utah St.,1.0,0.5714285714285714,0.42857142857142855,1.0
635,3934,Tayvon Jackson,Mount St. Mary's,0.0,0.8571428571428571,0.9,0.0
636,3955,Brandon White,Southern,0.75,0.37777777777777777,0.2,0.7142857142857143
637,3993,Ryan Bacon,Saint Peter's,1.0,0.6428571428571429,0.2857142857142857,0.0
638,3998,Jonathan Inman,Alabama A&M,0.875,0.6,0.75,0.0
639,4004,Andrew Darko,Texas A&M,0.0,0.3333333333333333,0.0,0.95
640,4008,Adrian Bowie,Maryland,0.5,0.32786885245901637,0.2222222222222222,0.8461538461538461
641,4015,Charles Dewhurst,Charlotte,0.0,0.25,0.0,1.0
642,4029,Chaisson Allen,Northeastern,1.0,0.3114754098360656,0.06060606060606061,0.6774193548387096
643,4032,Nick Hendra,American,0.0,0.3023255813953488,0.21428571428571427,0.9166666666666666
644,4034,Senario Hillman,Alabama,0.4117647058823529,0.34615384615384615,0.15625,0.6666666666666666
645,4050,Spencer Johnson,UMKC,0.0,0.4745762711864407,0.3,0.9433962264150944
646,4051,Herb Pope,Seton Hall,0.5882352941176471,0.5308641975308642,0.2692307692307692,0.8333333333333334
647,4052,Zach Graham,Mississippi,0.8571428571428571,0.4084507042253521,0.32608695652173914,0.9361702127659575
648,4053,Gary Clark,Wake Forest,0.0,0.20689655172413793,0.375,0.8076923076923077
649,4055,Chris Warren,Mississippi,1.0,0.09836065573770492,0.2972972972972973,0.7052631578947368
650,4056,Maurice Miller,Georgia Tech,0.0,0.4230769230769231,0.06666666666666667,0.8823529411764706
651,4072,Diego Kapelan,McNeese St.,0.0,0.27586206896551724,0.1724137931034483,0.9
652,4074,Caleb Brown,Austin Peay,0.0,0.16129032258064516,0.16666666666666666,0.7619047619047619
653,4079,Mike Scott,Virginia,0.6666666666666666,0.5384615384615384,0.38461538461538464,1.0
654,4084,Graham Hatch,Wichita St.,0.0,0.42857142857142855,0.25,0.975609756097561
655,4086,Aaron Ellis,Wichita St.,0.8333333333333334,0.6551724137931034,0.7555555555555555,0.0
656,4099,Julius Ingram,Southern,0.5555555555555556,0.5308641975308642,0.45454545454545453,0.75
657,4110,Nathan Walkup,Texas A&M,0.5,0.46774193548387094,0.5454545454545454,0.967741935483871
658,4111,B.J. Holmes,Texas A&M,0.0,0.25925925925925924,0.3333333333333333,0.8823529411764706
659,4112,Denzel Bowles,James Madison,0.8545454545454545,0.6695652173913044,0.3963963963963964,0.0
660,4113,Derrek Lewis,Texas A&M,0.0,0.0,0.3333333333333333,1.0
661,4120,An'Juan Wilderness,Charlotte,0.6666666666666666,0.5,0.5,1.0
662,4121,Malcolm Thomas,San Diego St.,0.7741935483870968,0.5742574257425742,0.40425531914893614,1.0
663,4140,Greg Danish,La Salle,0.0,0.0,0.0,1.0
664,4145,David Hicks,LIU,0.0,0.5294117647058824,0.23529411764705882,0.9583333333333334
665,4146,Ryan Sterling,Loyola Chicago,0.0,1.0,0.0,0.3333333333333333
666,4147,Cooper Land,Wright St.,0.0,0.5263157894736842,0.5,0.9743589743589743
667,4149,Norris Cole,Cleveland St.,0.3333333333333333,0.19298245614035087,0.09333333333333334,0.391304347826087
668,4154,Ray Hall,Providence,0.0,0.25,0.0,0.0
669,4166,Dairese Gary,New Mexico,0.0,0.17567567567567569,0.13636363636363635,0.8823529411764706
670,4250,Festus Ezeli,Vanderbilt,0.8095238095238095,0.7263157894736842,0.5,0.0
671,4276,Matt Roth,Indiana,0.0,1.0,1.0,1.0
672,4277,Tom Pritchard,Indiana,0.6,0.45161290322580644,0.4,0.0
673,4286,Martiz Washington,Longwood,0.0,0.125,0.7272727272727273,1.0
674,4311,Nick Mason,Arkansas,0.0,0.0,0.0,0.0
675,4330,Mitchell Watt,Buffalo,0.5714285714285714,0.5079365079365079,0.47619047619047616,0.0
676,4331,Titus Robinson,Buffalo,0.7142857142857143,0.6216216216216216,0.4,1.0
677,4346,Keith Gabriel,VMI,0.3076923076923077,0.3877551020408163,0.05,0.7307692307692307
678,4347,Ron Burks,VMI,0.0,0.16666666666666666,0.14285714285714285,0.782608695652174
679,4349,Wayne Whiting,VMI,0.0,0.625,1.0,0.0
680,4350,Michael Sparks,VMI,0.0,0.3333333333333333,0.0,0.8636363636363636
681,4352,Jeffery Middlebrooks,Alabama St.,0.0,0.0,0.1111111111111111,0.875
682,4359,Harouna Mutombo,Western Carolina,0.6666666666666666,0.3888888888888889,0.16,0.8235294117647058
683,4361,Keaton Cole,Western Carolina,0.0,0.42857142857142855,0.3333333333333333,0.918918918918919
684,4369,Markieff Morris,Kansas,0.7872340425531915,0.6484375,0.5714285714285714,1.0
685,4370,Chad Wilson,Delaware St.,0.0,0.0,0.6666666666666666,0.95
686,4371,Jared Maree,UT Rio Grande Valley,1.0,0.2857142857142857,0.4117647058823529,0.85
687,4373,Riley Hunley,Tennessee Tech,0.0,0.0,0.0,0.0
688,4374,Alfred Jones,Tennessee Tech,1.0,0.6049382716049383,0.6071428571428571,0.0
689,4375,Kevin Murphy,Tennessee Tech,0.6666666666666666,0.5660377358490566,0.2708333333333333,0.78125
690,4376,Zach Bailey,Tennessee Tech,0.0,0.6206896551724138,0.5294117647058824,0.8064516129032258
691,4377,Isaac Sosa,UCF,0.0,0.2222222222222222,0.6842105263157895,0.8983050847457628
692,4378,P.J. Gaynor,UCF,0.6666666666666666,0.6153846153846154,0.5882352941176471,1.0
693,4379,Lucas Kuipers,Rice,0.0,0.5263157894736842,0.5483870967741935,0.9736842105263158
694,4380,Nate Schwarze,Rice,0.0,0.0,0.0,1.0
695,4382,Emerson Herndon,Rice,0.0,0.0,0.0,0.0
696,4383,A.J. Rompza,UCF,0.0,0.19230769230769232,0.18181818181818182,0.5
697,4384,Will Weathers,Troy,0.0,0.14814814814814814,0.03225806451612903,0.625
698,4385,Trent Rogers,Tulane,0.0,0.5,0.0,1.0
699,4386,Kendall Timmons,Tulane,0.5,0.32558139534883723,0.24528301886792453,0.9047619047619048
700,4412,Johnny Moran,Northern Iowa,0.0,0.43333333333333335,0.2727272727272727,0.7936507936507936
701,4414,Isaiah Rhine,Missouri St.,1.0,0.8571428571428571,0.8181818181818182,0.0
702,4416,Anthony James,Northern Iowa,1.0,0.35,0.2361111111111111,0.8780487804878049
703,4469,Andrey Semenov,James Madison,0.6666666666666666,0.5909090909090909,0.6111111111111112,0.9696969696969697
704,4471,Julius Wells,James Madison,1.0,0.6206896551724138,0.35714285714285715,0.9508196721311475
705,4493,Da'Quan Cook,St. Bonaventure,0.5714285714285714,0.37209302325581395,0.4090909090909091,0.0
706,4509,Damian Lillard,Weber St.,0.0,0.09523809523809523,0.0,0.4
707,4512,Jesse Sanders,Liberty,0.0,0.2711864406779661,0.2,0.8
708,4513,Carter McMasters,Liberty,0.0,0.0,0.0,0.0
709,4533,Tre'Von Willis,UNLV,0.0,0.4782608695652174,0.3783783783783784,0.9523809523809523
710,4586,Aleek Pauline,Norfolk St.,0.0,0.14754098360655737,0.0,0.5882352941176471
711,4589,Jake Drum,Auburn,0.0,1.0,1.0,0.0
712,4591,Jay Shunnar,Toledo,0.0,0.38095238095238093,0.2222222222222222,0.95
713,4592,James Fields,Georgia St.,0.0,0.2857142857142857,0.23076923076923078,1.0
714,4596,Frankie Sullivan,Auburn,0.0,0.0,0.3333333333333333,0.875
715,4597,Reggie Middleton,Winthrop,0.0,0.2,0.12903225806451613,0.8181818181818182
716,4599,Andre Jones,Winthrop,0.0,0.3958333333333333,0.6071428571428571,0.9
717,4619,Lance Pevehouse,Sam Houston St.,0.0,0.6153846153846154,0.5,0.9230769230769231
718,4624,Antuan Bootle,Sam Houston St.,0.0,0.6451612903225806,0.6785714285714286,0.0
719,4626,Drae Murray,Sam Houston St.,0.0,0.4166666666666667,0.25,0.7741935483870968
720,4642,Jordan Taylor,Wisconsin,0.0,0.30434782608695654,0.1095890410958904,0.37333333333333335
721,4644,Eugene Phelps,Long Beach St.,0.8333333333333334,0.5633802816901409,0.4358974358974359,0.6666666666666666
722,4654,Ben Eaves,Rhode Island,1.0,0.45454545454545453,0.8,1.0
723,4699,Daniel Deane,Oregon St.,0.0,0.6666666666666666,0.0,0.0
724,4701,Devin Hill,DePaul,0.0,0.0,0.6666666666666666,0.5
725,4702,Jeremiah Kelly,DePaul,0.0,0.25,0.1875,0.86
726,4704,John Comfort,Princeton,0.0,0.0,0.0,0.0
727,4705,Patrick Saunders,Princeton,0.0,0.6666666666666666,0.6923076923076923,0.9259259259259259
728,4706,Juan Fernandez,Temple,0.0,0.21052631578947367,0.15555555555555556,0.88
729,4709,Matt Bucklin,Georgia,0.0,0.0,0.0,0.0
730,4710,Ted Connolly,Navy,0.0,0.0,0.0,0.0
731,4711,Jeff Harris,Holy Cross,0.0,0.0,0.0,0.0
732,4714,Chris Bass,LSU,0.0,0.2857142857142857,0.0,0.0
733,4748,Kris Joseph,Syracuse,0.7407407407407407,0.6,0.22580645161290322,0.9111111111111111
734,4750,Jan van der Kooij,Longwood,0.0,0.5555555555555556,0.6470588235294118,0.9583333333333334
735,4835,Donavan Foster,Detroit Mercy,0.0,0.3333333333333333,0.06666666666666667,0.8
736,4837,Michael Culpo,LIU,0.0,0.2857142857142857,0.15384615384615385,0.9433962264150944
737,4840,Arnold Mayorga,LIU,0.0,0.8888888888888888,0.0,1.0
738,4854,Jordan Sugars,Navy,0.0,0.5172413793103449,0.391304347826087,0.8507462686567164
739,4855,Justin Maneri,Lehigh,0.0,1.0,0.0,0.0
740,4856,Andrew Steele,Alabama,0.0,0.5,0.2222222222222222,0.8
741,4858,JaMychal Green,Alabama,0.6086956521739131,0.44715447154471544,0.5606060606060606,1.0
742,4860,Rotnei Clarke,Arkansas,0.0,0.13333333333333333,0.23684210526315788,0.7582417582417582
743,4935,Derek Selvig,Montana,0.0,0.2222222222222222,0.37209302325581395,0.868421052631579
744,4937,Kyle Bullinger,Weber St.,0.0,0.5384615384615384,0.3125,0.8
745,4938,Darin Mahoney,Weber St.,1.0,0.5357142857142857,0.6363636363636364,0.0
746,4964,Michael Davenport,St. Bonaventure,1.0,0.2564102564102564,0.3617021276595745,0.8717948717948718
747,4967,Francis-Cedric Martel,Richmond,0.7142857142857143,0.5384615384615384,0.38461538461538464,1.0
748,4970,Darrius Garrett,Richmond,0.875,0.6818181818181818,0.0,0.0
749,4978,Jamar Samuels,Kansas St.,0.7333333333333333,0.5490196078431373,0.3870967741935484,1.0
750,4990,Lewis Jackson,Purdue,0.0,0.08108108108108109,0.20408163265306123,0.8888888888888888
751,5037,Malcolm Lee,UCLA,0.75,0.6666666666666666,0.3333333333333333,0.9230769230769231
752,5038,Jerime Anderson,UCLA,1.0,0.42105263157894735,0.0,0.7916666666666666
753,5046,Brooks Ybarra,Texas St.,0.0,0.0,0.0,0.8823529411764706
754,5047,Anthony Miles,Lamar,0.0,0.2857142857142857,0.14705882352941177,0.5909090909090909
755,5048,Tre Nichols,Boise St.,0.0,0.13333333333333333,0.15384615384615385,0.9090909090909091
756,5052,John Bowman,Texas St.,0.0,0.37037037037037035,0.058823529411764705,0.8461538461538461
757,5063,Alex Tucker,Florida Atlantic,0.0,0.19148936170212766,0.26666666666666666,0.75
758,5065,Josh Bonney,Elon,0.0,0.0,0.0,1.0
759,5066,Storm Warren,LSU,0.9166666666666666,0.5769230769230769,0.45098039215686275,0.0
760,5068,Will Bogan,Mississippi,0.0,1.0,0.0,1.0
761,5085,Noruwa Agho,Columbia,0.0,0.24561403508771928,0.07575757575757576,0.3142857142857143
762,5087,DeAndre Hopkins,Clemson,0.0,0.0,0.0,0.0
763,5088,Cameron Witt,Valparaiso,0.0,0.0,1.0,0.0
764,5089,Erik Buggs,Valparaiso,0.0,0.23333333333333334,0.2,1.0
765,5090,Steve Egee,Columbia,0.0,1.0,0.0,1.0
766,5091,Matt Johnson,Columbia,0.0,0.5,0.5,1.0
767,5120,Erik Rush,Montana St.,0.375,0.2,0.2962962962962963,0.7894736842105263
768,5123,Danny Piepoli,Montana St.,0.0,0.4444444444444444,0.3,0.926829268292683
769,5151,Pat Bergmann,Vermont,0.0,0.4666666666666667,0.5,1.0
770,5160,Joe Hill,American,0.0,0.0,0.0,1.0
771,5161,Riley Grafft,American,0.0,0.0,0.0,0.0
772,5164,Jeffery McClain,Murray St.,0.0,0.5217391304347826,0.5217391304347826,0.0
773,5165,Ivan Aska,Murray St.,0.8571428571428571,0.6779661016949152,0.6428571428571429,0.0
774,5168,Simon McCormack,American,0.0,0.375,0.3333333333333333,0.0
775,5174,Marcus Denmon,Missouri,0.45454545454545453,0.5063291139240507,0.13513513513513514,0.9
776,5181,Keiton Page,Oklahoma St.,0.0,0.2692307692307692,0.16279069767441862,0.7966101694915254
777,5205,Issac Gordon,UTEP,0.0,0.8333333333333334,0.0,1.0
778,5215,Matthew Wallace,UNC Wilmington,0.0,0.0,0.25,0.8
779,5224,Brian Morris,Towson,0.0,0.06666666666666667,0.07142857142857142,0.7333333333333333
780,5292,Nick Mosakowski,Boston College,0.0,0.0,0.0,0.0
781,5295,Tyler Trapani,UCLA,0.0,0.0,0.0,0.0
782,5298,Jordan Juenemann,Kansas,0.0,1.0,0.0,1.0
783,5310,Alex Jacobson,Arizona,0.0,0.0,1.0,0.0
784,5314,Andrew Hooper,Denver,0.0,0.5454545454545454,0.2,1.0
785,5323,Bryan Narcisse,Clemson,0.75,0.5,0.6666666666666666,1.0
786,5324,Tanner Smith,Clemson,0.7777777777777778,0.5588235294117647,0.14285714285714285,0.967741935483871
787,5326,Catalin Baciu,Clemson,1.0,0.2857142857142857,0.3333333333333333,0.0
788,5329,Steve Tchiengang,Vanderbilt,0.0,0.7058823529411765,0.21428571428571427,0.9090909090909091
789,5330,Brad Tinsley,Vanderbilt,0.5,0.1956521739130435,0.125,0.6888888888888889
790,5331,Andre Young,Clemson,0.0,0.3157894736842105,0.17857142857142858,0.8
791,5377,Will Creekmore,Missouri St.,1.0,0.6521739130434783,0.5949367088607594,0.0
792,5388,James Hulbin,Northwestern St.,0.8888888888888888,0.5142857142857142,0.5833333333333334,1.0
793,5389,Charles Clark,Northwestern St.,0.0,0.6666666666666666,0.0,1.0
794,5390,William Mosley,Northwestern St.,0.6,0.55,0.3,0.0
795,5391,Eric Waterford,Portland,0.0,0.2,0.0,0.7777777777777778
796,5392,Nemanja Mitrovic,Portland,0.75,0.45454545454545453,0.36666666666666664,0.8387096774193549
797,5395,James Johnson,Quinnipiac,0.0,0.2777777777777778,0.5535714285714286,0.9404761904761905
798,5396,Sean Light,Quinnipiac,0.0,0.0,0.0,0.0
799,5399,Noah Hartsock,BYU,1.0,0.6842105263157895,0.7592592592592593,1.0
800,5402,Jackson Emery,BYU,0.42857142857142855,0.42857142857142855,0.20833333333333334,0.9318181818181818
801,5403,Charles Abouo,BYU,0.75,0.6666666666666666,0.4782608695652174,1.0
802,5406,Justin Bocot,Southern Illinois,0.25,0.2727272727272727,0.2,0.7647058823529411
803,5408,Nikola Vucevic,USC,0.7,0.44329896907216493,0.4044943820224719,1.0
804,5409,Donte Smith,USC,0.0,0.3333333333333333,0.29411764705882354,0.8356164383561644
805,5420,Daniel Richard,McNeese St.,1.0,0.7,0.6666666666666666,0.0
806,5436,Ivory White,Alabama St.,0.0,0.29411764705882354,0.5,0.9166666666666666
807,5466,Patrick Richard,McNeese St.,0.7,0.30864197530864196,0.14285714285714285,0.53125
808,5480,Payton Tivis,South Dakota St.,0.0,1.0,0.6,1.0
809,5496,Darnell Gant,Washington,0.8333333333333334,0.7,0.6666666666666666,1.0
810,5500,James Dunleavy,USC,0.0,0.0,0.0,0.0
811,5513,Ryan Herrion,New Hampshire,0.0,0.0,0.0,0.0
812,5522,Blake Arnet,UCLA,0.0,0.0,0.0,0.0
813,5523,Zack Novak,Michigan,0.0,0.42857142857142855,0.45454545454545453,0.9682539682539683
814,5524,Davide Curletti,Northwestern,1.0,0.6538461538461539,0.6,1.0
815,5525,Henry Sims,Georgetown,1.0,0.625,0.5333333333333333,0.0
816,5527,Stu Douglass,Michigan,0.0,0.36,0.0,0.8
817,5530,Jason Clark,Georgetown,0.3333333333333333,0.5245901639344263,0.20833333333333334,0.94
818,5547,Oliver Jefferson,Jackson St.,0.0,1.0,1.0,0.0
819,5548,Rod Melvin,Jackson St.,0.0,0.0,0.5555555555555556,0.8
820,5549,Cason Burk,Jackson St.,0.0,0.35,0.0,1.0
821,5554,Phil Benson,Saint Mary's,0.0,0.6666666666666666,0.0,0.0
822,5576,Lamar Trice,Mount St. Mary's,0.0,0.14893617021276595,0.10526315789473684,0.65
823,5579,LaMarcus Lowe,Detroit Mercy,0.631578947368421,0.4864864864864865,0.5,0.0
824,5580,Flenard Whitfield,Western Michigan,0.7142857142857143,0.5,0.4880952380952381,0.0
825,5581,Mike Douglas,Western Michigan,0.0,0.023809523809523808,0.2,0.95
826,5583,Muhammed Conteh,Western Michigan,0.0,0.75,0.7142857142857143,0.0
827,5595,Ameer Ali,Morgan St.,1.0,0.5357142857142857,0.5,0.0
828,5613,Larry Bastfield,Morgan St.,0.0,0.17647058823529413,0.14285714285714285,0.7647058823529411
829,5616,Ty Walker,Wake Forest,0.7272727272727273,0.5185185185185185,0.6666666666666666,0.0
830,5617,Griffan Callahan,South Dakota St.,0.0,0.5263157894736842,0.4444444444444444,0.9607843137254902
831,5683,Tremayne Moorer,Alabama St.,0.6666666666666666,0.5957446808510638,0.7142857142857143,1.0
832,5702,Antoine Young,Creighton,0.0,0.19298245614035087,0.039473684210526314,0.7692307692307693
833,5703,Delvon Roe,Michigan St.,0.8181818181818182,0.6545454545454545,0.7692307692307693,0.0
834,5704,Terrence Jennings,Louisville,0.8444444444444444,0.7227722772277227,0.5,0.0
835,5705,Kyle Kuric,Louisville,0.6,0.7333333333333333,0.3333333333333333,0.9714285714285714
836,5706,Sean Mosley,Maryland,0.5,0.625,0.5348837209302325,0.7857142857142857
837,5711,Brian Benson,New Hampshire,0.5,0.38235294117647056,0.6428571428571429,1.0
838,5715,Bakari Smith,UMBC,0.0,0.3,0.5,0.0
839,5723,Jordan Clarke,Drake,0.0,0.5185185185185185,0.5714285714285714,1.0
840,5736,Michael Griffin,Prairie View A&M,0.0,0.14285714285714285,0.07692307692307693,0.6296296296296297
841,5738,Tim Meadows,Prairie View A&M,0.0,0.47368421052631576,0.23076923076923078,0.9411764705882353
842,5776,Nick Petkovich,Lafayette,0.0,0.3333333333333333,0.2857142857142857,0.84375
843,5777,Ryan Willen,Lafayette,0.5,0.5294117647058824,0.35714285714285715,0.9523809523809523
844,5780,Andrew Rogers,Maine,0.0,0.0,0.125,0.9090909090909091
845,5787,Assane Sene,Virginia,0.875,0.5686274509803921,0.375,0.0
846,5789,John Brandenburg,Colgate,1.0,0.6,0.6923076923076923,0.0
847,5794,Brady Jardine,Utah St.,0.8333333333333334,0.6111111111111112,0.45454545454545453,0.0
848,5808,Scott Thomas,Bowling Green,0.7142857142857143,0.3958333333333333,0.574468085106383,0.9393939393939394
849,5813,Daniel Barnes,Illinois Chicago,0.0,0.0,0.0,1.0
850,5814,Antonio Weary,Central Michigan,0.6,0.2631578947368421,0.2857142857142857,1.0
851,5815,Antonio Green,Eastern Michigan,0.0,0.25,0.2,0.8125
852,5828,Kevon Moore,Niagara,1.0,0.34615384615384615,0.0,1.0
853,5840,Anthony Gurley,Massachusetts,0.3333333333333333,0.21428571428571427,0.07692307692307693,0.7966101694915254
854,5875,Taylor Stewart,Air Force,0.0,0.4166666666666667,0.2857142857142857,1.0
855,5876,Garrett Stutz,Wichita St.,1.0,0.6805555555555556,0.2857142857142857,1.0
856,5878,Shawn Hempsey,Air Force,0.0,1.0,0.16666666666666666,1.0
857,5883,Antwan Carter,Longwood,1.0,0.743801652892562,0.5652173913043478,1.0
858,5893,Kyle Weems,Missouri St.,0.6666666666666666,0.5277777777777778,0.38235294117647056,0.8636363636363636
859,5896,Darrion Pellum,Hampton,0.45,0.34375,0.4489795918367347,0.8125
860,5906,Matt Gatens,Iowa,0.5,0.43333333333333335,0.47058823529411764,0.9629629629629629
861,5907,Andrew Brommer,Iowa,0.8571428571428571,0.6333333333333333,0.7272727272727273,0.0
862,5939,Chris Kaba,Northern Colorado,0.6,0.47368421052631576,0.4117647058823529,0.9333333333333333
863,5943,Darren Moore,UC Irvine,0.2857142857142857,0.27848101265822783,0.06666666666666667,0.95
864,5969,Jermel Jenkins,Iona,0.0,0.4117647058823529,0.2857142857142857,0.88
865,5971,Jason Smeathers,Purdue Fort Wayne,1.0,0.5,0.6666666666666666,1.0
866,5972,Alex Young,IU Indy,0.4666666666666667,0.18699186991869918,0.0625,0.6923076923076923
867,5975,Anthony Williams,IU Indy,0.0,0.75,0.6666666666666666,0.0
868,5996,Bassey Inameti,Tennessee Tech,1.0,0.5882352941176471,0.8333333333333334,0.0
869,6006,Brett McClanahan,Akron,0.0,0.19047619047619047,0.5217391304347826,0.8875
870,6007,Humpty Hitchens,James Madison,0.0,0.2857142857142857,0.125,0.890625
871,6008,Nikola Cvetinovic,Akron,0.7142857142857143,0.5446428571428571,0.4090909090909091,0.0
872,6009,Novar Gadson,Rider,0.6,0.43157894736842106,0.27586206896551724,0.8717948717948718
873,6010,Brandon Penn,Rider,0.75,0.4594594594594595,0.4375,0.9636363636363636
874,6012,Anthony Winbush,Loyola MD,0.0,0.6666666666666666,0.0,1.0
875,6046,Chris Martin,Wagner,0.0,0.2,0.375,0.74
876,6047,Tyler Murray,Wagner,0.0,0.4642857142857143,0.40476190476190477,0.711864406779661
877,6068,Bo Holston,The Citadel,1.0,0.42857142857142855,0.6,1.0
878,6070,Michael Harper,Coppin St.,0.5714285714285714,0.4666666666666667,0.2647058823529412,0.75
879,6071,Dexter Moore,Coastal Carolina,0.0,0.6923076923076923,0.0,0.96
880,6073,Jordan Lee,Coppin St.,0.5,0.3333333333333333,0.0,0.6842105263157895
881,6096,Tony Taylor,George Washington,1.0,0.2608695652173913,0.09523809523809523,0.4
882,6100,Rodrigo Peggau,Duquesne,0.0,0.4,0.0,0.0
883,6102,B.J. Monteiro,Duquesne,0.8571428571428571,0.7682926829268293,0.5555555555555556,0.8571428571428571
884,6104,Eric Evans,Duquesne,0.0,0.14285714285714285,0.5,0.9166666666666666
885,6131,Dario Hunt,Nevada,0.84375,0.5980392156862745,0.4827586206896552,0.0
886,6157,Ryan Pearson,George Mason,0.8888888888888888,0.57,0.35555555555555557,0.8888888888888888
887,6158,Nick Barbour,High Point,0.0,0.22727272727272727,0.22727272727272727,0.8
888,6159,Jacob Iati,Albany,0.0,0.2,1.0,0.6153846153846154
889,6160,Garland Judkins,Texas A&M Corpus Chris,0.3333333333333333,0.14285714285714285,0.1111111111111111,0.8888888888888888
890,6177,Jesse Carr,Colorado St.,0.0,0.1,0.14285714285714285,0.7333333333333333
891,6179,Oscar Bellfield,UNLV,0.0,0.1875,0.325,0.8636363636363636
892,6181,Brice Massamba,UNLV,0.5,0.5641025641025641,0.75,0.0
893,6182,Travis Franklin,Colorado St.,0.2857142857142857,0.26851851851851855,0.6,0.0
894,6183,Kevin Tarca,Quinnipiac,0.0,0.0,0.0,0.0
895,6186,Augustus Gilchrist,South Florida,0.7,0.5555555555555556,0.5178571428571429,1.0
896,6189,Quincy Roberts,St. John's,0.0,0.0,0.5,0.0
897,6192,Phil Wait,Monmouth,0.8888888888888888,0.6730769230769231,0.42857142857142855,0.0
898,6201,Wally Dunn,Texas Tech,0.0,1.0,1.0,0.8333333333333334
899,6204,Frank Ben-Eze,Davidson,1.0,0.375,0.0,0.0
900,6205,Mike Kuhn,Rutgers,0.0,0.0,0.0,0.0
901,6215,Chris Wroblewski,Cornell,0.0,0.16,0.15151515151515152,0.7884615384615384
902,6272,Kelvin Martin,Charleston Southern,0.65,0.5684210526315789,0.3,1.0
903,6281,Brandon Reese,Syracuse,0.0,0.6666666666666666,0.0,0.0
904,6299,Tommie Tyler,Western Illinois,1.0,0.23076923076923078,0.75,1.0
905,6300,Brian Stafford,Denver,0.0,0.4838709677419355,0.20833333333333334,0.9661016949152542
906,6305,Dustin Dibble,UMKC,0.0,0.2777777777777778,0.16666666666666666,1.0
907,6307,Jesse Steele,Monmouth,0.0,0.3333333333333333,0.16666666666666666,0.8333333333333334
908,6345,Joe Trapani,Boston College,1.0,0.5208333333333334,0.4444444444444444,0.96
909,6370,Luka Mirkovic,Northwestern,0.0,0.7368421052631579,0.8,1.0
910,6375,Abe Lodwick,Washington St.,0.5,0.75,0.5,0.8666666666666667
911,6376,Charlie Enquist,Washington St.,0.0,1.0,0.0,0.0
912,6381,Daniel Watts,Elon,0.5,0.3333333333333333,1.0,0.0
913,6406,Joe Richard,Tulsa,0.6428571428571429,0.5483870967741935,0.25,0.0
914,6407,Colter Morgan,Tulsa,0.0,0.0,0.0,0.0
915,6411,Will Sanger,Tulsa,0.0,0.0,0.0,0.0
916,6467,Terrell Kennedy,Arkansas Pine Bluff,0.0,0.576271186440678,0.45454545454545453,0.9230769230769231
917,6485,Ramone Moore,Temple,0.6,0.5362318840579711,0.35294117647058826,0.8048780487804879
918,6503,Richard Clark,St. Francis NY,0.0,0.0,0.0,0.5
919,6505,Tyler Hines,Maryland Eastern Shore,0.7777777777777778,0.5168539325842697,0.2857142857142857,0.0
920,6509,Sammy Obetoh,Houston Christian,0.9285714285714286,0.6388888888888888,0.0,1.0
921,6524,La'Shard Anderson,Boise St.,0.3333333333333333,0.19767441860465115,0.1320754716981132,0.3548387096774194
922,6525,Brandon Wiley,Idaho,1.0,0.5753424657534246,0.38095238095238093,0.0
923,6546,Wil Peters,Tennessee St.,0.0,0.08695652173913043,0.0,0.9230769230769231
924,6547,Reuben Clayton,Tennessee Martin,0.5833333333333334,0.37037037037037035,0.1,0.7647058823529411
925,6549,Stefan Perunicic,St. Francis NY,0.0,0.375,0.5714285714285714,0.9166666666666666
926,6550,Rob Belcore,Penn,0.0,0.5555555555555556,0.5,1.0
927,6552,Mike Howlett,Penn,0.0,0.6923076923076923,0.5,0.0
928,6563,Michael Teller,Lipscomb,0.0,0.8,0.3333333333333333,1.0
929,6564,Justin Haynes,SMU,0.5,0.3125,0.3333333333333333,0.5
930,6579,Christopher Tolson,Hampton,0.0,0.6,0.0,0.75
931,6599,John Hayward-Mayhew,Cal St. Northridge,0.0,0.6666666666666666,0.8333333333333334,0.0
932,6605,Carl Richard,Indiana St.,0.7142857142857143,0.40425531914893614,0.4772727272727273,0.9629629629629629
933,6630,Brooks Godwin,Wake Forest,0.0,1.0,0.0,0.0
934,6655,Milade Lola-Charles,Hampton,1.0,0.4444444444444444,0.75,0.0
935,6689,Javarris Barnett,Charlotte,0.3333333333333333,0.6363636363636364,0.5,0.9583333333333334
936,6697,Garrett Butcher,Butler,0.0,0.0,0.9090909090909091,1.0
937,6698,Shelvin Mack,Butler,0.5,0.1016949152542373,0.020833333333333332,0.36470588235294116
938,6719,Keion Bell,Pepperdine,0.25,0.10256410256410256,0.027777777777777776,0.59375
939,6721,Angelo Caloiaro,San Francisco,0.0,0.3125,0.25,0.9272727272727272
940,6722,Taylor Darby,Pepperdine,0.8,0.6896551724137931,0.7878787878787878,0.0
941,6723,Corbin Moore,Pepperdine,1.0,0.4,0.6129032258064516,0.0
942,6731,Perry Petty,UT Rio Grande Valley,0.0,0.16666666666666666,0.05263157894736842,0.6129032258064516
943,6732,Probese Leo,Bucknell,0.0,0.0,0.0,0.0
944,6759,Will Campbell,Monmouth,0.0,0.4375,0.08333333333333333,0.9166666666666666
945,6771,Kwadzo Ahelegbe,Northern Iowa,0.0,0.17142857142857143,0.125,0.7
946,6773,Erving Walker,Florida,0.0,0.15625,0.11904761904761904,0.6962025316455697
947,6776,Yancy Gates,Cincinnati,0.8285714285714286,0.5232558139534884,0.5555555555555556,1.0
948,6781,Dion Dixon,Cincinnati,0.5714285714285714,0.42105263157894735,0.5925925925925926,0.8125
949,6790,Tyrone Caldwell,Austin Peay,0.0,0.13333333333333333,0.0,1.0
950,6794,Donald Boone,Arkansas St.,0.0,0.35294117647058826,0.34285714285714286,0.813953488372093
951,6799,Daniel Bryant,Arkansas St.,0.0,0.375,0.6,0.6923076923076923
952,6800,Daman Starring,UC Irvine,0.0,0.21621621621621623,0.18181818181818182,0.8888888888888888
953,6816,Owen Wignot,Siena,0.25,0.25,0.2222222222222222,0.96875
954,6817,Kyle Downey,Siena,0.0,0.4230769230769231,0.5,0.8823529411764706
955,6819,Ryan Olander,Fairfield,0.8275862068965517,0.6161616161616161,0.6451612903225806,0.75
956,6835,Joe Harden,UC Davis,0.6666666666666666,0.6060606060606061,0.6229508196721312,0.7
957,6847,Paul Kowalski,Niagara,0.0,0.0,0.0,0.0
958,6851,Kevin Clark,St. John's,0.0,0.0,0.0,0.0
959,6870,Jorge Gutierrez,California,0.0,0.34782608695652173,0.5526315789473685,0.8888888888888888
960,6904,Freddy Asprilla,Kansas St.,0.8,0.6111111111111112,0.5714285714285714,0.0
961,6905,Kamil Svrdlik,Fairleigh Dickinson,0.8666666666666667,0.6428571428571429,0.4827586206896552,0.0
962,6906,Sam Fernley,Fairleigh Dickinson,0.0,0.0,0.0,1.0
963,6917,Samer Madarani,Delaware,0.0,1.0,0.0,1.0
964,6922,Anthony Raffa,Coastal Carolina,0.0,0.5142857142857142,0.3,0.7692307692307693
965,6923,Reggie Jackson,Boston College,0.48,0.2222222222222222,0.061224489795918366,0.6338028169014085
966,6925,Dallas Elmore,Boston College,0.0,0.4444444444444444,0.0,0.9090909090909091
967,6926,Justin Watts,North Carolina,0.6666666666666666,0.25,0.5,1.0
968,6927,Tyler Zeller,North Carolina,0.7096774193548387,0.6021505376344086,0.7692307692307693,0.0
969,6928,Victor Davila,Virginia Tech,0.6923076923076923,0.5443037974683544,0.5714285714285714,0.0
970,6970,Darryl Felder,UNC Wilmington,0.0,0.45454545454545453,0.0,0.9166666666666666
971,7000,Hernst Laroche,New Mexico St.,0.0,0.2558139534883721,0.18867924528301888,0.7333333333333333
972,7005,Kenny Frease,Xavier,1.0,0.6511627906976745,0.6944444444444444,0.0
973,7012,Anthony Thompson,Bradley,1.0,0.5,0.6666666666666666,0.0
974,7025,Dave Barnett,Buffalo,1.0,0.5272727272727272,0.2727272727272727,0.8571428571428571
975,7041,Mick Hedgepeth,Belmont,1.0,0.6880733944954128,0.2857142857142857,0.8333333333333334
976,7044,Amir Celestin,Campbell,0.0,0.15151515151515152,0.36585365853658536,1.0
977,7070,Phil Nelson,Portland St.,1.0,1.0,0.0,0.8333333333333334
978,7072,Isacc Miles,Murray St.,0.0,0.3333333333333333,0.0625,0.7441860465116279
979,7078,Joe Latas,Cleveland St.,0.0,0.8235294117647058,0.42857142857142855,0.0
980,7084,Darnell Gatling,Seton Hall,0.0,0.0,0.0,0.0
981,7087,Enrico Kufuor,N.C. State,0.0,0.0,0.0,0.0
982,7105,Parker Smith,North Florida,0.0,0.5555555555555556,0.058823529411764705,0.9111111111111111
983,7140,David Booker,Tulane,0.0,0.6379310344827587,0.8,1.0
984,7149,Ben Felix,Northeastern,0.0,0.0,0.5,0.0
985,7159,Chris Baskerville,Central Connecticut,0.6666666666666666,0.627906976744186,0.5,0.0
986,7160,Robby Ptacek,Central Connecticut,0.0,0.39705882352941174,0.48148148148148145,0.8235294117647058
987,7189,Iman Shumpert,Georgia Tech,0.42105263157894735,0.27848101265822783,0.32142857142857145,0.6428571428571429
988,7190,Chris Singleton,Florida St.,0.5789473684210527,0.40425531914893614,0.30952380952380953,0.8285714285714286
989,7191,DeQuan Jones,Miami FL,0.6875,0.4666666666666667,0.38095238095238093,1.0
990,7194,Deividas Dulkys,Florida St.,0.5,0.375,0.4,0.9272727272727272
991,7198,C.J. Williams,N.C. State,0.8,0.7058823529411765,0.7272727272727273,0.8333333333333334
992,7203,Mookie Jones,Syracuse,0.0,0.0,0.0,1.0
993,7226,Darryl Bryant,West Virginia,0.0,0.2692307692307692,0.3125,0.825
994,7227,Josh Harrellson,Kentucky,1.0,0.6336633663366337,0.2916666666666667,0.5
995,7228,DeAndre Liggins,Kentucky,0.16666666666666666,0.23809523809523808,0.11764705882352941,0.9722222222222222
996,7229,Darius Miller,Kentucky,1.0,0.3103448275862069,0.11290322580645161,1.0
997,7233,Dee Bost,Mississippi St.,0.0,0.21428571428571427,0.0,0.5
998,7234,Twany Beckham,Mississippi St.,0.0,0.3333333333333333,0.0,0.0
999,7235,Victor Ojeleye,Kansas St.,0.0,0.5,0.42857142857142855,1.0
1000,7249,Andre Williamson,Appalachian St.,0.7272727272727273,0.5714285714285714,0.42105263157894735,0.0
1001,7251,Chris Early,Chattanooga,0.5,0.5961538461538461,0.4666666666666667,0.88
1002,7253,Renaldo Woolridge,Tennessee,1.0,0.8333333333333334,0.0,0.0
1003,7255,Marcus Wright,Appalachian St.,0.0,0.3333333333333333,0.18181818181818182,0.75
1004,7258,Brandon Fortenberry,Southeastern Louisiana,0.0,0.475,0.13043478260869565,0.631578947368421
1005,7261,DeShawn Patterson,Southeastern Louisiana,1.0,0.5,0.45454545454545453,1.0
1006,7263,Kaylin Johnson,Samford,0.0,0.2777777777777778,0.25,0.8947368421052632
1007,7264,Jeffrey Merritt,Samford,0.0,0.5967741935483871,0.25,1.0
1008,7265,John Peterson,Samford,0.0,0.5263157894736842,0.0,1.0
1009,7267,Darrius Morrow,East Carolina,0.7894736842105263,0.6627906976744186,0.5957446808510638,0.0
1010,7271,Casper Ware,Long Beach St.,0.0,0.15555555555555556,0.16666666666666666,0.4722222222222222
1011,7272,Larry Anderson,Long Beach St.,0.5714285714285714,0.5263157894736842,0.4,0.8666666666666667
1012,7274,T.J. Robinson,Long Beach St.,1.0,0.6703296703296703,0.5333333333333333,1.0
1013,7277,Chris Kupets,Utah,0.0,0.0,0.06896551724137931,0.896551724137931
1014,7278,Bradford Burgess,VCU,0.6153846153846154,0.5444444444444444,0.7096774193548387,0.9722222222222222
1015,7345,Lawrence Gilbert,Louisiana Monroe,0.0,0.2391304347826087,0.18421052631578946,0.9642857142857143
1016,7358,Daniel Mitchell,Radford,0.0,0.0,1.0,1.0
1017,7360,Mike Proctor,Northern Colorado,0.875,0.5238095238095238,0.4,0.0
1018,7363,Geoff Hogan,Tulane,0.0,0.6363636363636364,0.0,1.0
1019,7365,T.J. Franklin,Oklahoma,0.0,1.0,0.0,0.0
1020,7380,Brian Wright,Lipscomb,0.0,0.5,1.0,1.0
1021,7389,Carleton Scott,Notre Dame,0.6666666666666666,0.631578947368421,0.7272727272727273,1.0
1022,7392,Fred Ellis,Baylor,1.0,0.23529411764705882,0.35714285714285715,0.875
1023,7404,David Loubeau,Texas A&M,0.9615384615384616,0.7297297297297297,0.45161290322580644,0.0
1024,7406,Dash Harris,Texas A&M,0.25,0.2777777777777778,0.25,0.9090909090909091
1025,7448,Terence Grier,Fairleigh Dickinson,0.5,0.5294117647058824,0.18181818181818182,0.7058823529411765
1026,7463,Michael Sanchez,Arkansas,1.0,0.26666666666666666,0.25,0.0
1027,7470,Yannick Crowder,Florida A&M,0.625,0.40540540540540543,0.15384615384615385,0.0
1028,7471,Calvin Thompson,Howard,0.0,0.0,0.0,1.0
1029,7472,Cecil Bent,Florida A&M,0.0,0.4,0.16666666666666666,0.0
1030,7474,Chris McHenry,Miami OH,0.0,0.07692307692307693,0.0,0.6341463414634146
1031,7475,Travis Lee,Troy,0.0,0.25,0.5,0.9230769230769231
1032,7480,Matt Steelman,Wofford,0.0,0.0,0.0,0.8
1033,7481,Kevin Giltner,Wofford,1.0,0.5714285714285714,0.8,0.9230769230769231
1034,7482,Brad Loesing,Wofford,0.0,0.14285714285714285,0.2,0.9032258064516129
1035,7483,Joseph Tecklenburg,Wofford,0.0,1.0,0.0,0.0
1036,7486,Bryan Dougher,Stony Brook,0.0,0.23076923076923078,0.07407407407407407,0.5925925925925926
1037,7487,Jack Hill,Saint Peter's,0.0,0.75,1.0,0.0
1038,7488,Danny Carter,Stony Brook,0.8,0.3448275862068966,0.8,1.0
1039,7492,Dallis Joyner,Stony Brook,0.7142857142857143,0.3125,0.48,0.0
1040,7526,Quinard Jackson,UNC Asheville,0.0,0.6111111111111112,0.3333333333333333,0.0
1041,7527,J.P. Primm,UNC Asheville,0.0,0.5185185185185185,0.38461538461538464,0.7111111111111111
1042,7528,Cammeron Woodyard,Penn St.,0.6666666666666666,0.6,0.8,1.0
1043,7542,Jamel McLean,Xavier,0.6578947368421053,0.5428571428571428,0.46153846153846156,0.0
1044,7581,Clint Sargent,South Dakota St.,0.6666666666666666,0.45454545454545453,0.44680851063829785,0.8148148148148148
1045,7583,Dale Moss,South Dakota St.,0.5882352941176471,0.5238095238095238,0.5,0.5555555555555556
1046,7584,Kevin Thompson,Morgan St.,0.0,0.44537815126050423,0.4166666666666667,0.0
1047,7591,Russell Wooten,Villanova,0.0,0.0,0.0,0.0
1048,7594,Krys Faber,DePaul,0.9285714285714286,0.7254901960784313,0.5714285714285714,1.0
1049,7609,Isiah Brown,East Tennessee St.,0.6944444444444444,0.49514563106796117,0.2894736842105263,0.0
1050,7610,Jon Pack,Coastal Carolina,1.0,0.5384615384615384,0.3333333333333333,0.0
1051,7611,Cole Dewey,Campbell,0.0,0.0,0.3333333333333333,1.0
1052,7633,Daniel Moore,Indiana,0.0,0.0,0.0,1.0
1053,7635,Kory Barnett,Indiana,0.0,0.0,0.0,1.0
1054,7638,Austin Smith,Northern Arizona,0.8571428571428571,0.6842105263157895,0.5,1.0
1055,7648,George Odufuwa,North Texas,0.6666666666666666,0.52,0.54,0.0
1056,7684,Ken Holdman,Oral Roberts,0.0,0.4426229508196721,0.16666666666666666,0.9285714285714286
1057,7713,Johnny Thomas,Marshall,0.8666666666666667,0.6363636363636364,0.41935483870967744,1.0
1058,7715,Will Brew,UC Santa Barbara,0.0,0.6363636363636364,0.0,1.0
1059,7716,James Nunnally,UC Santa Barbara,0.8333333333333334,0.6451612903225806,0.38235294117647056,0.8947368421052632
1060,7717,Greg Somogyi,UC Santa Barbara,0.8181818181818182,0.8461538461538461,0.5555555555555556,0.0
1061,7723,Troy Franklin,Towson,0.0,0.25,0.0,0.7647058823529411
1062,7725,Kendrix Brown,William & Mary,0.0,0.35714285714285715,0.13333333333333333,1.0
1063,7726,Quinn McDowell,William & Mary,0.0,0.425531914893617,0.4444444444444444,0.90625
1064,7728,Mario Stula,DePaul,0.0,0.0,0.0,1.0
1065,7738,Mike Myers Keitt,Monmouth,0.625,0.35294117647058826,0.34615384615384615,0.9473684210526315
1066,7749,Sterling Melville,Colgate,1.0,0.5384615384615384,0.36363636363636365,1.0
1067,7751,Yaw Gyawu,Colgate,0.8,0.4358974358974359,0.7014925373134329,0.0
1068,7752,Nick Pascale,Colgate,0.6,0.5652173913043478,0.46153846153846156,0.0
1069,7754,Devin Brown,Holy Cross,1.0,0.23636363636363636,0.23076923076923078,0.8833333333333333
1070,7755,Jordan Hamilton,Lehigh,0.0,0.6551724137931034,0.4,0.8571428571428571
1071,7756,John Adams,Lehigh,0.0,1.0,0.6666666666666666,1.0
1072,7770,Robert Nyakundi,SMU,0.5,0.5,0.23333333333333334,0.9425287356321839
1073,7801,Derwin Kitchen,Florida St.,0.0,0.2786885245901639,0.13513513513513514,0.6666666666666666
1074,7804,Michael Tveidt,North Dakota St.,0.6666666666666666,0.43333333333333335,0.5977011494252874,0.8974358974358975
1075,7806,Freddy Coleman,North Dakota St.,0.0,0.41025641025641024,0.42857142857142855,0.7894736842105263
1076,7816,Todd Lowenthal,UC Davis,0.0,0.3333333333333333,0.42857142857142855,0.0
1077,7828,Ricky Taylor,Chattanooga,0.0,0.36507936507936506,0.42105263157894735,0.8604651162790697
1078,7829,Will Reigel,Davidson,0.0,1.0,0.0,0.0
1079,7836,Steven Idlet,Tulsa,0.9166666666666666,0.6226415094339622,0.5205479452054794,0.0
1080,7853,Julian Vaughn,Georgetown,0.8461538461538461,0.45901639344262296,0.45,0.0
1081,7858,Deividas Busma,Idaho St.,0.6,0.4567901234567901,0.5319148936170213,0.0
1082,7861,Shawn Stockton,Montana,0.0,0.75,0.2222222222222222,0.9285714285714286
1083,7876,Jawan Carter,Delaware,0.0,0.1,0.1,0.7619047619047619
1084,7920,Hiram Thompson,Hawaii,0.0,0.18181818181818182,0.0,0.75
1085,7928,Preston Laird,Memphis,0.0,0.0,0.0,0.0
1086,7933,Antonio DiMaria,Utah,0.0,0.3333333333333333,0.0,1.0
1087,7941,Charlie Harper,Lamar,0.5,0.6086956521739131,0.3333333333333333,0.0
1088,7943,Amos Studivant,Mississippi Valley St.,1.0,0.6923076923076923,0.4,0.0
1089,7953,Tony Meier,Milwaukee,0.0,0.6060606060606061,0.5555555555555556,0.9696969696969697
1090,7971,James Hollowell,Eastern Illinois,0.9285714285714286,0.6222222222222222,0.5853658536585366,0.75
1091,7973,Delwan Graham,Jacksonville,0.75,0.55,0.3142857142857143,1.0
1092,7975,Eloy Vargas,Kentucky,0.8333333333333334,0.4117647058823529,0.0,0.0
1093,7977,Kyle McClanahan,Florida,0.0,1.0,0.0,0.0
1094,7983,Adetunji Adedipe,Ohio,0.0,0.5555555555555556,0.0,0.0
1095,7997,Courtney Stanley,Loyola Chicago,0.0,0.39215686274509803,0.4,0.7142857142857143
1096,8003,Walt Gibler,Loyola Chicago,1.0,0.7291666666666666,0.5882352941176471,0.8333333333333334
1097,8004,John Benkoske,Loyola Chicago,0.0,0.6666666666666666,0.0,0.0
1098,8056,Marcos Tamares,Norfolk St.,0.0,0.5,0.6521739130434783,1.0
1099,8064,Andrew Nicholson,St. Bonaventure,0.7666666666666667,0.49206349206349204,0.6666666666666666,1.0
1100,8146,Paul Guede,Portland St.,0.0,0.5833333333333334,0.625,0.8571428571428571
1101,8154,Terrance Hill,Morehead St.,1.0,0.48484848484848486,0.2857142857142857,0.9365079365079365
1102,8178,Michael Hubert,Tennessee,0.0,0.0,0.0,0.0
1103,8185,Matthew Friday,Samford,0.0,0.6666666666666666,1.0,0.0
1104,8202,Lance Goulbourne,Vanderbilt,0.6666666666666666,0.27906976744186046,0.2222222222222222,1.0
1105,8203,Emmanuel Negedu,New Mexico,0.7142857142857143,0.6666666666666666,0.0,0.0
1106,8204,Dustin Ware,Georgia,0.0,0.6666666666666666,0.5,0.7894736842105263
1107,8206,Travis Leslie,Georgia,0.5348837209302325,0.5294117647058824,0.4222222222222222,0.6923076923076923
1108,8208,Jeffery Taylor,Vanderbilt,0.5128205128205128,0.41304347826086957,0.2,0.8974358974358975
1109,8223,Christian Siakam,IU Indy,1.0,0.3425925925925926,0.55,0.0
1110,8250,Garrett Campbell,Charleston,0.0,0.0,0.0,0.0
1111,8275,Erik Etherly,Loyola MD,0.6060606060606061,0.4897959183673469,0.3181818181818182,0.0
1112,8276,Jared Williams,North Carolina A&T,0.0,1.0,0.5,0.6666666666666666
1113,8277,Nic Simpson,North Carolina A&T,0.0,0.23684210526315788,0.09090909090909091,0.8571428571428571
1114,8278,Marc Hill,North Carolina A&T,0.0,0.058823529411764705,0.1111111111111111,0.5531914893617021
1115,8285,A.J. Hardeman,New Mexico,0.8333333333333334,0.6197183098591549,0.4444444444444444,0.0
1116,8286,Phillip McDonald,New Mexico,0.625,0.4722222222222222,0.6538461538461539,1.0
1117,8291,Joshua Jones,Eastern Kentucky,0.0,0.16666666666666666,0.05555555555555555,0.8222222222222222
1118,8293,Pat McDerby,Marist,0.0,0.0,0.0,0.0
1119,8298,Toby Veal,VCU,0.875,0.5483870967741935,1.0,0.0
1120,8300,Wes Eikmeier,Colorado St.,0.0,0.23076923076923078,0.25,0.8648648648648649
1121,8301,Jamie Vanderbeken,Iowa St.,0.5,0.6129032258064516,0.5625,0.9846153846153847
1122,8302,Austin Dufault,Colorado,1.0,0.640625,0.375,1.0
1123,8303,Trey Eckloff,Colorado,0.0,0.4,0.5,1.0
1124,8305,Nate Tomlinson,Colorado,0.0,0.3333333333333333,0.5,0.84
1125,8313,Jereal Scott,Stephen F. Austin,1.0,0.6212121212121212,0.6349206349206349,0.0
1126,8363,Kashief Edwards,Niagara,0.775,0.6571428571428571,0.5555555555555556,1.0
1127,8378,Vernon Teel,Loyola Marymount,0.0,0.4367816091954023,0.46153846153846156,1.0
1128,8379,Luke Fabrizius,Dayton,0.0,0.6,0.2857142857142857,1.0
1129,8380,Paul Williams,Dayton,0.0,0.35714285714285715,0.48,0.9285714285714286
1130,8383,Chris Johnson,Dayton,0.6,0.5882352941176471,0.7391304347826086,0.987012987012987
1131,8386,Orion Outerbridge,Rhode Island,0.8666666666666667,0.7666666666666667,0.9130434782608695,1.0
1132,8387,Jamal Wilson,Rhode Island,1.0,0.38461538461538464,0.3333333333333333,0.8571428571428571
1133,8399,Alberto Estwick,Fordham,0.0,0.18518518518518517,0.375,0.9074074074074074
1134,8402,Miles Plumlee,Duke,0.8260869565217391,0.6666666666666666,0.6666666666666666,0.0
1135,8428,Andrew Taylor,Xavier,0.0,0.8260869565217391,0.7272727272727273,0.0
1136,8435,Samme Givens,Drexel,0.0,0.5446428571428571,0.4,0.0
1137,8436,Jeremy Granger,Eastern Illinois,0.0,0.42857142857142855,0.2631578947368421,0.76
1138,8452,Svetoslav Chetinov,Maine,0.0,0.75,0.0,0.0
1139,8453,Gerald McLemore,Maine,0.0,0.43333333333333335,0.25,0.9
1140,8454,R.J. Hall,Marist,0.0,0.0,0.0,0.6875
1141,8456,Denver Holmes,Evansville,0.0,0.3333333333333333,0.8648648648648649,1.0
1142,8457,Kaylon Williams,Milwaukee,0.0,0.1891891891891892,0.0,0.42857142857142855
1143,8461,Darian Norris,San Diego,0.0,0.13636363636363635,0.17777777777777778,0.68
1144,8473,Josh Duinker,Richmond,0.0,0.9166666666666666,1.0,1.0
1145,8476,Jack Trotter,Stanford,0.75,0.5714285714285714,0.6363636363636364,0.6666666666666666
1146,8478,Teondre Williams,Oregon,0.7,0.5416666666666666,0.25,0.9629629629629629
1147,8479,Kevin McShane,Oregon St.,0.0,0.4166666666666667,0.0,0.0
1148,8482,Jeremy Green,Stanford,0.0,0.22727272727272727,0.4126984126984127,0.6931818181818182
1149,8483,Jarrett Mann,Stanford,0.0,0.1935483870967742,0.0,1.0
1150,8488,Eric Carlson,North Dakota St.,0.6,0.3875,0.3076923076923077,0.0
1151,8496,John Fraley,Austin Peay,0.5769230769230769,0.5842696629213483,0.23076923076923078,0.0
1152,8533,Jason Jones,Middle Tennessee,0.5714285714285714,0.32051282051282054,0.2542372881355932,0.875
1153,8567,Eric Wise,UC Irvine,0.0,0.41025641025641024,0.2153846153846154,0.5
1154,8570,Fred Hunter,Nicholls St.,1.0,0.5342465753424658,0.5,0.9285714285714286
1155,8581,Connor Frizzelle,Rice,0.0,0.23076923076923078,0.27419354838709675,0.7352941176470589
1156,8582,Ryne Smith,Purdue,0.0,0.8,1.0,0.9821428571428571
1157,8598,Julian Gamble,Miami FL,0.7142857142857143,0.5227272727272727,0.47058823529411764,0.0
1158,8607,Nick Fruendt,Northwestern,0.0,0.625,0.6666666666666666,1.0
1159,8609,John Shurna,Northwestern,0.7777777777777778,0.578125,0.4864864864864865,0.96
1160,8610,Anthony Crater,South Florida,0.0,0.14285714285714285,0.0,0.85
1161,8611,William Buford,Ohio St.,0.5555555555555556,0.52,0.3707865168539326,0.7868852459016393
1162,8621,Zavier Sanders,Eastern Illinois,1.0,0.5,0.7692307692307693,0.0
1163,8638,Jawan Nelson,Texas A&M Corpus Chris,0.0,0.5769230769230769,0.6,1.0
1164,8663,J.D. Pelham,Lafayette,0.0,0.0,0.0,0.0
1165,8665,Stephen Hall,Jacksonville St.,0.7857142857142857,0.5064935064935064,0.6428571428571429,1.0
1166,8668,Jim Mower,Lafayette,0.3333333333333333,0.5405405405405406,0.3157894736842105,0.9444444444444444
1167,8669,Andy Moore,Lafayette,0.0,0.0,0.0,0.0
1168,8670,Rob Delaney,Lafayette,0.0,0.4,0.0,0.8275862068965517
1169,8682,Kyle Fogg,Arizona,0.0,0.35714285714285715,0.3,0.98
1170,8683,Brendon Lavender,Arizona,0.5,0.4444444444444444,0.6,0.9655172413793104
1171,8690,Marcel Williams,Austin Peay,1.0,0.6190476190476191,0.3333333333333333,0.0
1172,8695,Bryan Hall,Northern Illinois,0.0,0.07692307692307693,0.3333333333333333,0.0
1173,8696,Kamil Janton,Eastern Michigan,0.0,0.65,1.0,0.0
1174,8698,Justin Greene,Kent St.,1.0,0.6134453781512605,0.45263157894736844,0.0
1175,8700,Tyler Storm,Northern Illinois,0.0,0.5454545454545454,0.0,1.0
1176,8701,Demetrius Ward,Western Michigan,0.0,0.2777777777777778,0.13043478260869565,0.8412698412698413
1177,8712,Isaiah Thomas,Washington,0.0,0.12941176470588237,0.09302325581395349,0.6666666666666666
1178,8713,Scott Suggs,Washington,0.5,0.4,0.3684210526315789,0.9387755102040817
1179,8715,Marcus Capers,Washington St.,0.7419354838709677,0.6451612903225806,0.7777777777777778,1.0
1180,8716,Klay Thompson,Washington St.,0.125,0.15151515151515152,0.32894736842105265,0.7346938775510204
1181,8718,DeAngelo Casto,Washington St.,0.75,0.6074766355140186,0.1875,0.0
1182,8727,Jamal Barney,Loyola MD,0.0,0.2727272727272727,0.4166666666666667,0.9230769230769231
1183,8762,Trey Stanton,Rice,0.7777777777777778,0.6216216216216216,0.5714285714285714,1.0
1184,8769,Conner Fenlon,Siena,0.0,0.0,0.0,0.0
1185,8771,Nick Shelton,Valparaiso,0.0,0.0,0.0,0.0
1186,8774,Kyle O'Quinn,Norfolk St.,0.8823529411764706,0.5238095238095238,0.4166666666666667,0.8666666666666667
1187,8777,Nicholas Fearn,Oregon,0.0,0.0,0.0,0.0
1188,8785,Toure' Murry,Wichita St.,1.0,0.46938775510204084,0.2727272727272727,0.8260869565217391
1189,8786,David Kyles,Wichita St.,0.5714285714285714,0.44,0.42857142857142855,0.7916666666666666
1190,8822,Marcus Morris,Kansas,0.8709677419354839,0.6666666666666666,0.43,0.9615384615384616
1191,8825,Julian Mavunga,Miami OH,0.5555555555555556,0.35443037974683544,0.32142857142857145,0.8214285714285714
1192,8827,Draymond Green,Michigan St.,0.6666666666666666,0.23333333333333334,0.48936170212765956,0.9166666666666666
1193,8829,Mario Little,Kansas,0.0,0.36363636363636365,0.5483870967741935,0.7272727272727273
1194,8850,Charles Okwandu,Connecticut,0.875,0.5925925925925926,0.5925925925925926,0.0
1195,8887,Steadman Short,Mississippi,0.8,0.34285714285714286,0.8181818181818182,0.0
1196,8890,Scott Machado,Iona,0.0,0.1941747572815534,0.125,0.75
1197,8891,Trinity Fields,Iona,0.0,0.42857142857142855,0.0,0.8
1198,8896,Olu Ashaolu,Louisiana Tech,0.5,0.35135135135135137,0.17647058823529413,0.5833333333333334
1199,8910,Bryson Barnes,Furman,0.0,0.16666666666666666,0.0,1.0
1200,8919,Randy Davis,Ball St.,0.0,0.16666666666666666,0.1111111111111111,0.4473684210526316
1201,8920,Jarrod Jones,Ball St.,0.85,0.6226415094339622,0.6212121212121212,0.0
1202,8921,Pierre Sneed,Ball St.,1.0,0.8,0.6666666666666666,0.0
1203,8923,Dee Brown,Bowling Green,0.0,0.6428571428571429,0.3188405797101449,0.96
1204,8935,Chris Cooper,Old Dominion,1.0,0.6538461538461539,0.6470588235294118,0.0
1205,8936,Trian Iliadis,Old Dominion,0.0,0.5263157894736842,0.5,0.926829268292683
1206,8988,Cameron Moore,UAB,0.9333333333333333,0.6352941176470588,0.5111111111111111,0.875
1207,8991,Cosmo Morabbi,The Citadel,0.0,0.0,0.3333333333333333,0.0
1208,9006,Anthony Jones,Baylor,0.6666666666666666,0.41025641025641024,0.2,0.8571428571428571
1209,9007,Quincy Acy,Baylor,0.6491228070175439,0.5348837209302325,0.4791666666666667,0.0
1210,9008,Jeremy Montgomery,Cleveland St.,0.0,0.3709677419354839,0.23076923076923078,0.8113207547169812
1211,9010,Josh McCoy,Cleveland St.,0.0,0.2727272727272727,0.14285714285714285,0.9444444444444444
1212,9029,Matt Hill,Texas,1.0,0.46153846153846156,0.7142857142857143,0.0
1213,9034,Dodie Dunson,Bradley,0.0,0.11428571428571428,0.24528301886792453,0.75
1214,9055,Drew Spradlin,Elon,0.0,0.2727272727272727,0.5961538461538461,0.9607843137254902
1215,9056,Terrance Henry,Mississippi,0.7777777777777778,0.391304347826087,0.38461538461538464,0.9166666666666666
1216,9057,Shavar Richardson,Florida Atlantic,0.0,0.4,0.5555555555555556,0.9642857142857143
1217,9058,Andre Cornelius,George Mason,0.0,0.3333333333333333,0.42857142857142855,0.7540983606557377
1218,9059,Jonathan Moore,Gardner Webb,0.0,0.20512820512820512,0.2222222222222222,0.8367346938775511
1219,9061,Chris Toler,Furman,0.0,0.4117647058823529,0.45454545454545453,0.0
1220,9063,Brandon Sebirumbi,Furman,0.5,0.47058823529411764,0.3225806451612903,0.0
1221,9066,Neil Duval,Furman,0.0,0.25,0.0,0.0
1222,9068,Scotty Hopson,Tennessee,0.5,0.3218390804597701,0.1875,0.8490566037735849
1223,9075,Kemba Walker,Connecticut,0.0,0.2,0.24603174603174602,0.6666666666666666
1224,9094,Danny Thompson,Mount St. Mary's,0.7777777777777778,0.7358490566037735,0.7272727272727273,0.0
1225,9098,Kirk Crecco,Dartmouth,0.0,0.3333333333333333,0.2,0.8
1226,9101,David Rufful,Dartmouth,0.0,0.44,0.21052631578947367,0.7407407407407407
1227,9102,Jabari Trotter,Dartmouth,0.0,0.2857142857142857,0.2777777777777778,0.8157894736842105
1228,9103,J'hared Hall,Loyola MD,0.0,0.22580645161290322,0.16666666666666666,0.8292682926829268
1229,9115,Micheal Eric,Temple,0.8,0.47058823529411764,0.6956521739130435,0.0
1230,9142,O.J. Avworo,Navy,0.0,0.125,0.09090909090909091,0.6666666666666666
1231,9169,Javon Borum,UC Riverside,0.0,0.3333333333333333,0.4878048780487805,0.8405797101449275
1232,9170,Matt Titchenal,Cal Poly,0.0,0.0,0.0,1.0
1233,9171,David Hanson,Cal Poly,0.0,0.4461538461538462,0.32,0.9014084507042254
1234,9174,Julian Simmons,Army,0.0,0.11764705882352941,0.5,0.84375
1235,9175,Anthony Campbell,Austin Peay,1.0,0.631578947368421,0.6,1.0
1236,9187,Dogus Balbay,Texas,0.0,0.22807017543859648,0.3333333333333333,0.0
1237,9192,Brett Staal,Lipscomb,0.0,0.0,0.0,0.0
1238,9194,Lorne Merthie,Campbell,0.0,0.0,0.35,0.8958333333333334
1239,9204,Sergio Kerusch,Western Kentucky,0.6363636363636364,0.3958333333333333,0.35294117647058826,0.8913043478260869
1240,9205,Justin Coughlin,Denver,1.0,0.5882352941176471,1.0,1.0
1241,9207,Travis Hallam,Denver,0.0,0.55,0.0,0.9736842105263158
1242,9230,T.J. Czeski,Wagner,0.0,1.0,0.0,1.0
1243,9249,Bryan Streeter,The Citadel,1.0,0.4,0.5,0.0
1244,9280,Robert Lewandowski,Texas Tech,0.6666666666666666,0.6226415094339622,0.45,0.0
1245,9283,Chris Otule,Marquette,0.7368421052631579,0.6037735849056604,0.9,0.0
1246,9284,Jimmy Butler,Marquette,0.6470588235294118,0.5188679245283019,0.5573770491803278,0.95
1247,9285,Adam Sollazzo,East Tennessee St.,0.2222222222222222,0.22580645161290322,0.025,0.0
1248,9286,Jordan Theodore,Seton Hall,0.0,0.18518518518518517,0.05405405405405406,0.7857142857142857
1249,9314,Ashen Ward,Youngstown St.,0.0,0.35714285714285715,0.4230769230769231,0.9795918367346939
1250,9315,Zavion Neely,Illinois Chicago,0.0,0.4117647058823529,0.42105263157894735,0.8181818181818182
1251,9366,Casey Cantey,Alabama A&M,0.6923076923076923,0.3787878787878788,0.1111111111111111,0.8823529411764706
1252,9369,Andy Ogide,Colorado St.,0.7777777777777778,0.6371681415929203,0.4888888888888889,1.0
1253,9397,Elhanan Bone,UNC Greensboro,0.0,0.0,0.0,1.0
1254,9402,Ashley Hamilton,Loyola Marymount,0.625,0.4864864864864865,0.4722222222222222,0.0
1255,9403,LaRon Armstead,Loyola Marymount,0.0,0.3333333333333333,0.7,0.9230769230769231
1256,9404,Chris Gabriel,San Diego,1.0,0.35,0.5,0.0
1257,9405,Robert Lumpkins,Rutgers,0.0,0.5833333333333334,0.4166666666666667,1.0
1258,9406,Demetri Goodson,Gonzaga,0.0,0.3333333333333333,0.21428571428571427,0.8571428571428571
1259,9416,Jordan Lewis,Cal Poly,0.5,0.42857142857142855,0.4,0.8888888888888888
1260,9470,Zack Rosen,Penn,0.0,0.3170731707317073,0.11428571428571428,0.62
1261,9471,Larry Loughery,Penn,0.0,1.0,0.0,0.0
1262,9474,Josh Lepley,Northern Arizona,1.0,0.6111111111111112,1.0,0.0
1263,9500,Sei Paye,UTSA,0.0,0.35714285714285715,0.2857142857142857,0.9655172413793104
1264,9504,Afam Muojeke,Wyoming,1.0,0.42857142857142855,0.0,0.75
1265,9512,Aaron Osgood,Cornell,1.0,0.7407407407407407,0.42857142857142855,1.0
1266,9513,Toney McCray,Nebraska,0.75,0.36666666666666664,0.5405405405405406,1.0
1267,9519,Brandon Richardson,Nebraska,0.0,0.1875,0.375,1.0
1268,9520,Alonzo Edwards,North Texas,1.0,0.47058823529411764,0.6,0.0
1269,9525,Dago Pena,Marshall,1.0,0.5,0.5,1.0
1270,9526,Damier Pitts,Marshall,0.0,0.13333333333333333,0.09523809523809523,0.6382978723404256
1271,9528,Wesley Witherspoon,Memphis,0.5454545454545454,0.5945945945945946,0.6,1.0
1272,9532,Shaquille Johnson,Marshall,0.6666666666666666,0.16666666666666666,0.3,0.8095238095238095
1273,9587,A.J. Tyler,UCF,1.0,0.6666666666666666,0.6666666666666666,1.0
1274,9596,Dominique Johnson,North Texas,0.0,0.1891891891891892,0.1111111111111111,0.6585365853658537
1275,9615,Kyrie Sutton,Binghamton,0.8,0.6538461538461539,0.6363636363636364,0.0
1276,9617,Justin Newton,St. Francis NY,0.0,0.14285714285714285,0.0,0.6666666666666666
1277,9620,Colby Batiste,Louisiana,0.0,0.3333333333333333,0.0,0.0
1278,9621,Phillip Jones,Louisiana,0.0,0.0,0.0,1.0
1279,9629,Derrick Strings,UC Irvine,0.0,0.25,0.7142857142857143,1.0
1280,9636,Kevin Foster,Santa Clara,0.0,0.125,0.14285714285714285,0.6796875
1281,9639,Bryan Cohen,Bucknell,0.0,0.2,0.15384615384615385,0.9565217391304348
1282,9640,Enoch Andoh,Bucknell,0.0,0.2857142857142857,0.2857142857142857,0.0
1283,9678,Bryce Cartwright,Iowa,0.3333333333333333,0.21568627450980393,0.265625,0.8947368421052632
1284,9679,Kendall Smith,N.C. State,0.0,0.75,0.0,0.0
1285,9682,Nick Foreman,Georgia Tech,0.0,0.0,0.0,1.0
1286,9687,Djibril Coulibaly,Manhattan,0.0,0.3333333333333333,0.7,0.0
1287,9695,Steve Moore,Missouri,1.0,0.5555555555555556,0.8333333333333334,1.0
1288,9696,Kim English,Missouri,1.0,0.45161290322580644,0.22727272727272727,0.9782608695652174
1289,9697,Laurence Bowers,Missouri,0.7727272727272727,0.5483870967741935,0.5370370370370371,0.0
1290,9699,Garrett Ton,San Jose St.,0.0,0.0,0.0,0.0
1291,9701,Rodney McCauley,Norfolk St.,0.5,0.3181818181818182,0.5,0.9285714285714286
1292,9705,Kevin Jones,West Virginia,1.0,0.5517241379310345,0.7454545454545455,1.0
1293,9708,James Anderson,BYU,1.0,1.0,0.4444444444444444,0.0
1294,9712,Donte Poole,Murray St.,0.0,0.15384615384615385,0.6923076923076923,1.0
1295,9727,Stanley Elliott,Bethune Cookman,0.0,0.4,0.25,1.0
1296,9730,Alexander Starling,Bethune Cookman,0.5714285714285714,0.45,0.6538461538461539,0.5
1297,9751,Jacob Green,Fordham,0.0,0.3333333333333333,1.0,0.0
1298,9755,Kent Bazemore,Old Dominion,0.6956521739130435,0.5128205128205128,0.55,0.8709677419354839
1299,9772,Ben Allison,Davidson,0.75,0.5714285714285714,0.3333333333333333,0.0
1300,9804,Conor Smith,Richmond,0.0,0.0,0.0,0.0
1301,9807,Ronald Nored,Butler,0.0,0.13513513513513514,0.1,1.0
1302,9825,Jordan Printy,Indiana St.,0.0,0.0,0.25,0.8653846153846154
1303,9828,Clayton Brothers,Hartford,0.0,0.45454545454545453,0.3333333333333333,0.5714285714285714
1304,9830,Genesis Maciel,Hartford,0.0,0.4444444444444444,0.2777777777777778,0.9761904761904762
1305,9832,Jeff Pelage,Boston University,0.0,0.35714285714285715,0.6,0.0
1306,9877,Richard Branning,Pepperdine,0.0,0.0,0.0,1.0
1307,9878,Denis Agre,Pepperdine,0.0,0.0,0.0,0.0
1308,9881,Griffin Reilly,Loyola Marymount,0.0,0.0,0.0,0.0
1309,9883,Ryan Quigtar,Miami FL,0.0,0.0,0.0,1.0
1310,9893,Ronnie Moss,TCU,1.0,0.2553191489361702,0.2,0.7777777777777778
1311,9906,Austin Thornton,Michigan St.,0.0,0.42857142857142855,0.9,1.0
1312,9908,Dominique Morrison,Oral Roberts,0.75,0.4943820224719101,0.28205128205128205,0.825
1313,9909,Drew Maynard,Oakland,0.0,0.0,0.0,0.0
1314,9910,Ilija Milutinovic,Oakland,1.0,0.7333333333333333,0.8888888888888888,1.0
1315,9914,Ryan Hage,Fordham,0.0,0.5,0.0,0.0
1316,9918,Billy Allen,Albany,0.0,1.0,0.0,1.0
1317,9921,Troy Gillenwater,New Mexico St.,0.9,0.4444444444444444,0.32051282051282054,0.9142857142857143
1318,9922,Hamidu Rahman,New Mexico St.,0.7692307692307693,0.6086956521739131,1.0,0.0
1319,9924,Jarrett Sutton,Missouri,0.0,0.0,0.0,1.0
1320,9927,Stan Dulaire,Sacred Heart,0.875,0.6133333333333333,0.2,0.0
1321,9928,Clint Steindl,Saint Mary's,1.0,0.5333333333333333,0.4,0.9795918367346939
1322,9932,Steve Zazuri,Sacred Heart,0.0,0.0,0.0,0.0
1323,9933,Oliver McNally,Harvard,1.0,0.4642857142857143,0.13333333333333333,0.8125
1324,9935,Joshua Henley,Gardner Webb,0.0,0.6944444444444444,0.3181818181818182,0.0
1325,9936,Keith Wright,Harvard,0.7333333333333333,0.6746031746031746,0.5365853658536586,0.0
1326,9937,Rhett Anderson,Yale,0.0,0.782608695652174,1.0,0.0
1327,9938,Brian Katz,Yale,0.0,0.5,0.0,1.0
1328,9939,Greg Mangano,Yale,0.875,0.5897435897435898,0.4482758620689655,0.9310344827586207
1329,9940,Reggie Willhite,Yale,0.42857142857142855,0.26229508196721313,0.4583333333333333,0.7857142857142857
1330,9943,Matt Dickey,UNC Asheville,0.6,0.4375,0.28,0.7894736842105263
1331,9944,Chris Stephenson,UNC Asheville,0.8823529411764706,0.5614035087719298,0.2222222222222222,0.7647058823529411
1332,9992,Garrett Sim,Oregon,0.0,0.5555555555555556,0.42105263157894735,0.8627450980392157
1333,9993,Nigel Carter,California,0.0,0.5,1.0,1.0
1334,9996,Brandon Bowdry,Eastern Michigan,0.9090909090909091,0.6146788990825688,0.5,0.8148148148148148
1335,10026,Cody Anderson,Montana St.,0.0,0.7096774193548387,0.5,1.0
1336,10041,Xavier Gibson,Florida St.,0.6666666666666666,0.5,0.3684210526315789,1.0
1337,10044,Alex Savannah,Alcorn St.,0.0,0.2777777777777778,0.0,0.8
1338,10045,Luke Loucks,Florida St.,0.0,0.0,0.0,1.0
1339,10047,Pierre Jordan,Florida St.,0.0,0.0,0.0,1.0
1340,10054,Brady Morningstar,Kansas,0.0,0.4375,0.46153846153846156,0.9534883720930233
1341,10119,Phillip Bach,Santa Clara,0.0,0.0,0.0,0.0
1342,10122,Matt Dorr,San Diego,0.0,0.6666666666666666,0.2972972972972973,0.75
1343,10123,Ryan Harbour,San Diego,0.0,1.0,0.0,1.0
1344,10130,Aaron Ware,George Washington,0.0,0.2857142857142857,0.46153846153846156,1.0
1345,10131,Steve Weingarten,La Salle,0.0,0.5476190476190477,0.6666666666666666,1.0
1346,10132,Brian Conklin,Saint Louis,1.0,0.6984126984126984,0.8611111111111112,0.0
1347,10135,Kyle Cassity,Saint Louis,0.0,0.06666666666666667,0.4375,0.7619047619047619
1348,10136,Drew Hanlen,Belmont,0.0,0.1,0.0,0.7555555555555555
1349,10153,Jake Nielson,Southern Utah,1.0,0.2413793103448276,0.25,0.5
1350,10156,Brandon Hall,Saint Peter's,0.0,0.25,0.0,0.0
1351,10163,Jordan Burgason,Lipscomb,0.0,0.75,0.2857142857142857,0.8313253012048193
1352,10165,Tevin Galvin,Jacksonville,0.0,0.39473684210526316,0.2857142857142857,0.7142857142857143
1353,10179,Antwaun Boyd,Purdue Fort Wayne,0.0,0.07692307692307693,0.5,1.0
1354,10200,Brad Haugabrook,North Florida,0.0,0.28888888888888886,0.023809523809523808,0.6666666666666666
1355,10202,John Henson,North Carolina,0.6,0.44339622641509435,0.52,1.0
1356,10216,Kelvin McConnell,Kennesaw St.,0.0,0.2,0.16666666666666666,0.8035714285714286
1357,10235,Colby Lewis,Charlotte,0.0,0.0,0.0,0.875
1358,10236,Matt Mierzycki,UT Rio Grande Valley,1.0,0.6097560975609756,0.5294117647058824,1.0
1359,10238,Jeff Withey,Kansas,0.6666666666666666,0.6666666666666666,0.2857142857142857,0.0
1360,10239,Elijah Johnson,Kansas,1.0,0.9473684210526315,0.2,1.0
1361,10240,Westly Perryman,Boise St.,0.0,0.24324324324324326,0.05263157894736842,0.6666666666666666
1362,10241,A.J. Garden,Jacksonville,0.0,0.0,0.0,0.0
1363,10242,Robert Arnold,Boise St.,0.5454545454545454,0.35555555555555557,0.22580645161290322,0.9473684210526315
1364,10243,Daequon Montreal,Boise St.,0.9230769230769231,0.6818181818181818,0.3611111111111111,1.0
1365,10247,Lindsey Hughey,Weber St.,0.5,0.14285714285714285,0.09090909090909091,0.7555555555555555
1366,10248,Reggie King,Winthrop,0.0,0.0,0.0,0.0
1367,10255,Jake Eastman,Bradley,0.0,0.4,0.42857142857142855,1.0
1368,10257,Milos Knezevic,Bradley,0.0,0.5,0.5,1.0
1369,10258,Dyricus Simms-Edwards,Bradley,0.0,0.11363636363636363,0.225,0.8947368421052632
1370,10259,Randal Holt,Kent St.,0.0,0.4375,0.25806451612903225,0.8461538461538461
1371,10261,Fred Gulley,Oklahoma St.,0.0,0.0,0.5,1.0
1372,10265,Akeem Johnson,St. Francis NY,0.0,0.6578947368421053,0.5,0.0
1373,10266,Akeem Bennett,St. Francis NY,0.35714285714285715,0.22058823529411764,0.13043478260869565,0.7948717948717948
1374,10269,Alexander Harrington,St. Francis NY,1.0,0.75,1.0,0.0
1375,10276,Jack Crowder,Southern Illinois,0.5,0.3333333333333333,0.36363636363636365,0.8571428571428571
1376,10284,Danny McElroy,Bowling Green,0.0,0.6176470588235294,0.7575757575757576,0.0
1377,10286,Bart Benton,Charleston,0.0,0.0,0.0,0.0
1378,10289,J.C. Ward,East Tennessee St.,0.0,0.6153846153846154,1.0,1.0
1379,10290,Nafis Ricks,Missouri St.,0.0,0.26666666666666666,0.14,0.4444444444444444
1380,10298,Jermaine Mallett,Missouri St.,0.36363636363636365,0.2558139534883721,0.24444444444444444,0.9111111111111111
1381,10302,Adam Leonard,Missouri St.,0.0,0.5,0.1875,0.7790697674418605
1382,10306,Derek Elston,Indiana,1.0,0.6060606060606061,0.6428571428571429,0.6666666666666666
1383,10313,Mezie Uzochukwu,USC Upstate,0.0,0.4444444444444444,0.5142857142857142,0.0
1384,10319,Jordan Smart,Vanderbilt,0.0,0.0,0.0,1.0
1385,10325,Ryan Howley,UC Davis,1.0,0.9285714285714286,0.75,1.0
1386,10329,Scott Saunders,Belmont,1.0,0.5783132530120482,0.5483870967741935,0.0
1387,10331,Maurice Sutton,Villanova,0.8571428571428571,0.8333333333333334,0.6666666666666666,0.0
1388,10337,Jake Godino,Temple,0.0,0.0,0.0,1.0
1389,10341,Lance Jeter,Nebraska,0.0,0.11940298507462686,0.16666666666666666,0.8125
1390,10349,Ari Stewart,Wake Forest,0.4444444444444444,0.41379310344827586,0.17142857142857143,0.6206896551724138
1391,10357,Rodney Clinkscales,SMU,0.0,0.3333333333333333,0.5,0.7142857142857143
1392,10361,Steven Bjornstad,Washington St.,0.0,1.0,0.0,0.0
1393,10368,Yves Jules,Hofstra,0.0,0.25,0.375,0.7777777777777778
1394,10371,Brandon Wood,Valparaiso,0.8888888888888888,0.4943820224719101,0.3469387755102041,0.6964285714285714
1395,10374,Dominique Shellman,Jacksonville St.,0.0,0.0,0.0,1.0
1396,10377,Jay-R Strowbridge,Oregon,0.0,0.6545454545454545,0.2777777777777778,0.9818181818181818
1397,10378,Sean Thurston,Jacksonville St.,0.0,0.4666666666666667,0.4,0.0
1398,10379,Mike Felt,North Dakota St.,0.0,0.3333333333333333,0.42857142857142855,0.7435897435897436
1399,10381,Derek Brown,Wichita St.,0.0,0.0,0.0,1.0
1400,10383,Andy Nagel,North Dakota St.,0.0,0.375,0.5,0.0
1401,10386,Drew Lundberg,North Dakota St.,0.0,0.21428571428571427,0.22727272727272727,0.9444444444444444
1402,10391,Brad Reese,Texas Tech,0.5714285714285714,0.4603174603174603,0.5,0.96875
1403,10393,David Tairu,Texas Tech,1.0,0.40476190476190477,0.3333333333333333,0.8285714285714286
1404,10398,Aaron Urbanus,UT Rio Grande Valley,0.0,0.14814814814814814,0.2631578947368421,0.7377049180327869
1405,10406,Derek Sebastian,Creighton,0.0,0.0,1.0,0.0
1406,10408,Pat Eveland,Pacific,1.0,0.6470588235294118,0.5294117647058824,0.9166666666666666
1407,10409,C. J. Collins,McNeese St.,0.0,0.034482758620689655,0.041666666666666664,0.675
1408,10416,Vince Legarza,Miami OH,0.0,0.75,0.6666666666666666,0.0
1409,10417,Kurt Joseph,LIU,0.0,1.0,0.0,0.0
1410,10418,Kenny Onyechi,LIU,0.6153846153846154,0.5909090909090909,0.4666666666666667,0.0
1411,10419,Milos Nikolic,LIU,0.0,0.0,1.0,1.0
1412,10420,Kenny Lawson Jr.,Creighton,0.7142857142857143,0.6346153846153846,0.64,0.967741935483871
1413,10427,Aaron Mitchell,Longwood,0.3333333333333333,0.4111111111111111,0.5,0.875
1414,10435,Alshwan Hymes,Canisius,0.0,0.23076923076923078,0.45454545454545453,0.8405797101449275
1415,10436,Joel Naburgs,Stetson,1.0,0.5,0.29411764705882354,0.8536585365853658
1416,10437,Rokas Gricius,Canisius,0.0,0.0,1.0,1.0
1417,10438,Reggie Groves,Canisius,0.0,0.3333333333333333,0.0,0.75
1418,10443,Wayne Runnels,Creighton,0.0,0.4642857142857143,0.375,1.0
1419,10451,Kelth Cameron,Tulane,0.0,0.0,0.0,0.0
1420,10453,Bryson Johnson,Bucknell,0.0,0.1,0.0,0.8282828282828283
1421,10454,Jordan Callahan,Tulane,0.0,0.19047619047619047,0.17857142857142858,0.7818181818181819
1422,10456,Devin Price,Marist,0.0,0.06451612903225806,0.0,0.6521739130434783
1423,10458,Raymone Andrews,Louisiana,0.0,0.3333333333333333,0.0,0.8571428571428571
1424,10459,Candon Rusin,Marist,1.0,0.4230769230769231,0.16666666666666666,0.9148936170212766
1425,10464,Jelani Johnson,Western Illinois,0.0,0.1111111111111111,0.4375,0.9642857142857143
1426,10465,Reginald Buckner,Mississippi,0.75,0.524390243902439,0.16666666666666666,1.0
1427,10466,David Gebru,Western Illinois,1.0,0.6875,0.0,0.0
1428,10476,Kendall Cutler,South Dakota,0.0,0.14583333333333334,0.15,0.0
1429,10478,Conrad Krutwig,South Dakota,0.0,1.0,0.0,0.0
1430,10491,Ian Francis,Alcorn St.,1.0,0.55,0.4444444444444444,0.0
1431,10492,Kwame Morgan,Hampton,1.0,0.4146341463414634,0.35,0.8686868686868687
1432,10496,C.J. McElrath,Army,0.0,0.0,0.0,0.6666666666666666
1433,10497,Brendan Sherrer,Washington,0.0,1.0,1.0,0.0
1434,10499,Ella Ellis,Army,0.6666666666666666,0.47619047619047616,0.5217391304347826,0.9615384615384616
1435,10511,Julius Hearn,UT Rio Grande Valley,0.0,0.16666666666666666,0.0,0.7142857142857143
1436,10514,Christian Peterson,UC Santa Barbara,0.0,1.0,0.0,0.0
1437,10515,Christopher Walker,Florida A&M,0.0,0.6666666666666666,0.8,1.0
1438,10518,Amin Stevens,Florida A&M,0.5,0.23595505617977527,0.08108108108108109,1.0
1439,10525,Johnny Williams,George Mason,1.0,0.7142857142857143,0.5789473684210527,0.0
1440,10530,Devan Bailey,Central Connecticut,0.0,0.5555555555555556,0.6666666666666666,0.3333333333333333
1441,10532,Steven Shepp,Fresno St.,0.0,0.2222222222222222,0.0,0.8235294117647058
1442,10537,Albert Abrahams,Bethune Cookman,0.0,0.56,0.3333333333333333,0.0
1443,10538,Javoris Bryant,Bethune Cookman,1.0,0.6666666666666666,0.6551724137931034,0.0
1444,10540,Aric Miller,Bethune Cookman,0.0,0.6666666666666666,0.5,0.0
1445,10543,Ridge Graham,Stetson,0.5714285714285714,0.3728813559322034,0.28,0.7142857142857143
1446,10546,Joe Efese,Central Connecticut,1.0,0.5833333333333334,0.3333333333333333,0.0
1447,10548,Barry Latham,Bryant,1.0,0.4666666666666667,0.5454545454545454,1.0
1448,10549,Greg Smith,Colorado St.,1.0,0.375,0.2692307692307692,1.0
1449,10550,Dorian Green,Colorado St.,1.0,0.16666666666666666,0.2777777777777778,0.7419354838709677
1450,10551,Pierce Hornung,Colorado St.,0.0,0.48148148148148145,0.6666666666666666,1.0
1451,10553,Ben Hansbrough,Notre Dame,0.6666666666666666,0.27631578947368424,0.25806451612903225,0.8045977011494253
1452,10556,Dwight Pederson,South Dakota St.,0.0,0.0,1.0,0.0
1453,10561,Anton Dickerson,Howard,0.0,0.25,0.42105263157894735,0.8275862068965517
1454,10562,Mike Phillips,Howard,0.8,0.265625,0.4782608695652174,0.0
1455,10564,Dadrian Collins,Howard,0.0,0.3076923076923077,0.27586206896551724,0.9206349206349206
1456,10565,Gary Lawrence,Howard,0.0,0.2857142857142857,0.6666666666666666,0.0
1457,10566,Charles DeCosta,Howard,0.0,0.5,0.0,0.0
1458,10570,Andrew McCarthy,Brown,1.0,0.676923076923077,0.8,1.0
1459,10573,Mike Groselle,The Citadel,0.0,0.5981308411214953,0.6,0.0
1460,10574,Zach Filzen,Buffalo,0.0,0.3157894736842105,0.2978723404255319,0.8952380952380953
1461,10576,Mike Clifford,Buffalo,0.0,0.42857142857142855,0.0,0.0
1462,10577,Tucker Halpern,Brown,0.0,0.3870967741935484,0.43243243243243246,0.8275862068965517
1463,10588,Brandon Oliver,Delaware St.,0.0,0.5,0.0,0.0
1464,10593,Dontay Hampton,Chattanooga,0.0,0.36363636363636365,0.25,0.8888888888888888
1465,10612,Austin Witter,North Carolina A&T,0.75,0.55,0.2857142857142857,0.8387096774193549
1466,10621,James Marcellus,Delaware St.,0.0,0.36363636363636365,0.7777777777777778,0.0
1467,10631,Jaime Sema,UC Santa Barbara,0.7777777777777778,0.6428571428571429,0.625,0.0
1468,10632,Orlando Johnson,UC Santa Barbara,0.5,0.4367816091954023,0.20967741935483872,0.6724137931034483
1469,10635,Jon Pastorek,UC Santa Barbara,0.5,0.5,0.25,0.8
1470,10653,Greg Rice,IU Indy,0.0,0.0,0.0,0.0
1471,10656,Preston Blackmon,Savannah St.,0.0,0.19230769230769232,0.16071428571428573,0.6451612903225806
1472,10663,Savalace Townsend,Arkansas Pine Bluff,0.6,0.3888888888888889,0.27586206896551724,0.8571428571428571
1473,10665,Brock Motum,Washington St.,0.5,0.631578947368421,0.5,0.9
1474,10666,Ben Loewen,Washington St.,0.0,0.5,1.0,1.0
1475,10672,Aj Yawn,Florida St.,0.0,0.0,0.0,0.0
1476,10684,Christopher Taylor,Brown,0.0,0.2857142857142857,1.0,0.0
1477,10691,Gary Redus,South Alabama,0.6666666666666666,0.3333333333333333,0.3333333333333333,1.0
1478,10694,Nikola Bundalo,SIU Edwardsville,1.0,0.5862068965517241,0.6944444444444444,0.0
1479,10697,Nick Russell,Kansas St.,0.0,0.36363636363636365,0.2222222222222222,0.9230769230769231
1480,10698,Rodney McGruder,Kansas St.,0.8333333333333334,0.7272727272727273,0.4444444444444444,0.9696969696969697
1481,10699,Curtis Kelly,Kansas St.,0.9090909090909091,0.5306122448979592,0.5636363636363636,0.0
1482,10701,Martavious Irving,Kansas St.,0.0,0.45,0.3076923076923077,1.0
1483,10702,Jordan Henriquez-Roberts,Kansas St.,0.625,0.5,0.4117647058823529,0.0
1484,10709,Tim Frazier,Penn St.,0.5,0.3333333333333333,0.2857142857142857,0.45454545454545453
1485,10714,Cory Brown,Cal St. Bakersfield,0.0,0.6923076923076923,0.5,1.0
1486,10715,Brendan McKillop,Davidson,0.0,0.3333333333333333,0.3333333333333333,0.9411764705882353
1487,10722,Michael Grace,Yale,0.0,0.25,0.16666666666666666,1.0
1488,10726,Sean Johnson,Duquesne,0.5,0.6,0.14285714285714285,0.8636363636363636
1489,10727,Mfon Udofia,Georgia Tech,0.0,0.5277777777777778,0.23529411764705882,0.9473684210526315
1490,10728,Glen Rice,Georgia Tech,0.5909090909090909,0.453125,0.2564102564102564,0.6666666666666666
1491,10729,Brian Oliver,Georgia Tech,0.0,0.3076923076923077,0.4594594594594595,0.9722222222222222
1492,10730,Demetrece Young,Pacific,0.0,0.07692307692307693,0.05,0.673469387755102
1493,10732,Andre Marhold,Duquesne,1.0,0.6923076923076923,0.6666666666666666,0.0
1494,10737,Michael Webb,Prairie View A&M,0.6666666666666666,0.3888888888888889,0.5,0.0
1495,10738,Duwan Kornegay,Prairie View A&M,0.0,0.5416666666666666,0.6666666666666666,0.8636363636363636
1496,10740,Brandon Webb,Prairie View A&M,0.7142857142857143,0.43037974683544306,0.5652173913043478,0.0
1497,10742,Alex Garcia-Mendoza,Little Rock,0.0,0.29545454545454547,0.3448275862068966,0.9285714285714286
1498,10744,Jordon Crawford,Bowling Green,0.0,0.21875,0.24242424242424243,0.68
1499,10749,T. Vazquez-Simmons,Canisius,0.6,0.5454545454545454,0.8,1.0
1500,10751,Oleg Kovalov,Purdue Fort Wayne,1.0,0.625,0.6,0.9523809523809523
1501,10761,Ryan Regis,NJIT,0.0,0.5454545454545454,0.5714285714285714,0.0
1502,10762,Patrick Bade,Purdue,0.0,0.0,0.6666666666666666,0.0
1503,10770,Cory Parker,Drake,0.0,1.0,0.0,0.0
1504,10778,Ned Cox,Evansville,0.6,0.34782608695652173,0.5277777777777778,0.782608695652174
1505,10780,Colt Ryan,Evansville,0.0,0.2619047619047619,0.5581395348837209,0.9384615384615385
1506,10782,Troy Taylor,Evansville,0.0,0.45454545454545453,0.3333333333333333,0.5
1507,10783,Mitchell Bouie,South Dakota,0.0,0.6666666666666666,0.5,0.0
1508,10784,John Underwood,Missouri,1.0,1.0,0.0,0.0
1509,10800,Alec Williams,San Diego St.,1.0,0.6666666666666666,0.0,1.0
1510,10802,Zack Moritz,Boise St.,0.0,0.6190476190476191,0.4444444444444444,0.0
1511,10804,Milton Burton,Hartford,0.7272727272727273,0.5102040816326531,0.17391304347826086,0.8163265306122449
1512,10805,Ross Erickson,Hartford,0.0,0.7142857142857143,0.0,1.0
1513,10808,Amath M'Baye,Wyoming,0.6666666666666666,0.3783783783783784,0.41818181818181815,1.0
1514,10809,Darius Johnson-Odom,Marquette,0.7,0.40540540540540543,0.3137254901960784,0.9859154929577465
1515,10818,Dominic Moore,Arkansas Pine Bluff,0.6666666666666666,0.5,1.0,0.5
1516,10829,Brandon Baylor,Delaware St.,0.0,0.3333333333333333,1.0,0.0
1517,10831,Michael Snaer,Florida St.,0.5,0.2571428571428571,0.32142857142857145,0.8837209302325582
1518,10839,Dobrivoje Mavrak,SIU Edwardsville,0.0,0.5,0.75,0.0
1519,10844,Jeremy Sexton,Charleston Southern,0.0,0.3333333333333333,0.14285714285714285,0.803921568627451
1520,10847,Lijah Thompson,Robert Morris,0.9090909090909091,0.6707317073170732,0.4166666666666667,0.0
1521,10851,Zimmy Nwogbo,Charleston Southern,1.0,0.8571428571428571,0.0,0.0
1522,10857,Will Felder,Saint Francis,0.85,0.5423728813559322,0.5,0.967741935483871
1523,10860,Murphy Burnatowski,Maine,0.6666666666666666,0.6666666666666666,0.2222222222222222,1.0
1524,10864,Mohamed Koita,Manhattan,0.0,1.0,0.5,1.0
1525,10865,Jacob Lail,Appalachian St.,0.0,0.0,0.0,0.0
1526,10868,Lakeem Jackson,South Carolina,0.4,0.35555555555555557,0.10256410256410256,1.0
1527,10869,Dondre Wise,Arizona,0.0,0.0,0.0,0.0
1528,10870,Reeves Nelson,UCLA,0.9166666666666666,0.6711409395973155,0.5416666666666666,1.0
1529,10872,Brian Barbour,Columbia,0.0,0.0625,0.10714285714285714,0.8
1530,10873,Mark Cisco,Columbia,1.0,0.6222222222222222,0.5,0.0
1531,10876,Stephen Spinella,South Carolina,0.0,0.0,0.75,1.0
1532,10877,Johndre Jefferson,South Carolina,0.8888888888888888,0.8333333333333334,0.5,0.0
1533,10878,Isaiah Wilkerson,NJIT,1.0,0.36363636363636365,0.34210526315789475,0.825
1534,10883,Duro Bjegovic,Sacramento St.,0.0,0.3333333333333333,0.25,0.9166666666666666
1535,10888,Troy Payne,Santa Clara,0.5,0.42592592592592593,0.3125,0.0
1536,10893,Kyle Perricone,Santa Clara,0.0,0.0,0.0,0.0
1537,10904,Milos Kleut,Lipscomb,0.0,0.5454545454545454,0.75,0.0
1538,10905,Ryan Sypkens,UC Davis,0.0,0.15384615384615385,0.045454545454545456,0.819672131147541
1539,10908,Michael Morrison,George Mason,0.875,0.75,0.34782608695652173,0.0
1540,10912,Jordan Wilds,Kent St.,0.0,0.0,0.0,0.0
1541,10918,Terrell Vinson,Massachusetts,0.6666666666666666,0.4745762711864407,0.36363636363636365,1.0
1542,10932,Dane Johnson,Portland St.,0.0,0.42857142857142855,0.25,1.0
1543,10937,Jake Houseknecht,St. Bonaventure,0.0,0.0,0.6666666666666666,0.0
1544,10939,Aaron Hendrix,Houston Christian,0.0,0.0,0.0,0.0
1545,10940,Andrew Gonzalez,Houston Christian,1.0,0.4406779661016949,0.15384615384615385,0.6363636363636364
1546,10943,Matt Sullivan,Brown,0.0,0.5555555555555556,0.1111111111111111,1.0
1547,10944,Chase Simon,Detroit Mercy,1.0,0.42857142857142855,0.24444444444444444,0.9487179487179487
1548,10945,Darien Brothers,Richmond,1.0,0.30434782608695654,0.4090909090909091,0.9607843137254902
1549,10948,Aaron Smith,Elon,0.0,0.0,0.0,0.0
1550,10959,Dorvell Carter,Marist,0.0,0.4,0.5517241379310345,0.88
1551,10974,Jp Kuhlman,Davidson,0.0,0.2765957446808511,0.2647058823529412,0.8936170212765957
1552,10979,John Fields,Tennessee,0.6923076923076923,0.5294117647058824,0.6666666666666666,0.0
1553,10984,Keith Rendleman,UNC Wilmington,0.8421052631578947,0.5949367088607594,0.48484848484848486,1.0
1554,10987,Matt Wilson,UNC Wilmington,0.8571428571428571,0.6129032258064516,0.47058823529411764,0.0
1555,10989,Edward Daniel,Murray St.,0.7894736842105263,0.6415094339622641,0.75,0.0
1556,10991,Billy Oliver,Penn St.,0.0,0.5555555555555556,0.25,1.0
1557,11004,Ryan Haggerty,Milwaukee,0.0,1.0,0.0,0.0
1558,11013,Raymond Sims,South Alabama,0.0,0.0,0.0,1.0
1559,11016,Allyn Cooks,South Alabama,0.0,0.3333333333333333,0.10714285714285714,0.6875
1560,11017,Dru Anthrop,Purdue,0.0,0.0,0.0,1.0
1561,11018,Michael Bables,Texas A&M Corpus Chris,0.0,0.0,0.0,0.0
1562,11021,Barrett Hunter,Tulsa,0.0,0.0,0.0,0.0
1563,11029,Malcolm Armstead,Oregon,0.0,0.1267605633802817,0.2,0.7142857142857143
1564,11032,E.J. Singler,Oregon,0.5,0.3157894736842105,0.6363636363636364,0.9629629629629629
1565,11037,Daniel Fisher,American,0.0,0.0,0.0,0.0
1566,11039,Blake Jolivette,American,0.0,0.0,0.0,0.0
1567,11040,Daniel Munoz,American,0.0,0.23076923076923078,0.25,1.0
1568,11042,Kerron Johnson,Belmont,0.0,0.0975609756097561,0.07142857142857142,0.8333333333333334
1569,11043,Austin Morgan,Yale,0.0,0.20588235294117646,0.23076923076923078,0.8301886792452831
1570,11045,Trevor Noack,Belmont,0.0,0.5769230769230769,0.6153846153846154,0.9310344827586207
1571,11049,Eddie Tyree,Cincinnati,0.0,1.0,0.0,0.0
1572,11052,Robert Smith,Santa Clara,0.0,0.2,0.0,0.8333333333333334
1573,11056,Montrell Thornton,Little Rock,0.6923076923076923,0.6060606060606061,0.6,0.0
1574,11059,Melvin Goins,Tennessee,0.0,0.1,0.10714285714285714,0.7083333333333334
1575,11060,Kenny Hall,Tennessee,0.8,0.5714285714285714,0.4,0.0
1576,11063,Steven Pledger,Oklahoma,0.6666666666666666,0.3333333333333333,0.35714285714285715,0.8548387096774194
1577,11064,Andrew Fitzgerald,Oklahoma,0.75,0.5945945945945946,0.5866666666666667,0.0
1578,11068,Nate Mitchell,Southern Illinois,0.0,0.0,0.0,0.0
1579,11069,Kyle Hardrick,Oklahoma,0.0,0.0,0.0,0.0
1580,11070,Josh Bone,Tennessee,0.0,0.3076923076923077,0.25,1.0
1581,11071,Eric Williams,Niagara,0.875,0.5641025641025641,0.7142857142857143,0.0
1582,11077,Sammy Schickel,NJIT,0.0,0.3333333333333333,0.18181818181818182,1.0
1583,11084,James Vincent,Georgia St.,0.7857142857142857,0.6060606060606061,0.3333333333333333,0.0
1584,11085,Marques Johnson,Georgia St.,0.0,0.2777777777777778,0.20930232558139536,0.8333333333333334
1585,11098,Erique Gumbs,Towson,1.0,0.6666666666666666,0.3333333333333333,0.0
1586,11099,Danny Quinn,Towson,0.0,0.5,1.0,1.0
1587,11101,Milton Jennings,Clemson,0.8181818181818182,0.4716981132075472,0.2857142857142857,0.9166666666666666
1588,11103,Josh Brown,Towson,1.0,0.3,0.15789473684210525,0.7872340425531915
1589,11104,RaShawn Polk,Towson,0.0,0.3469387755102041,0.45,0.94
1590,11105,Rodney Williams,Minnesota,0.7777777777777778,0.5873015873015873,0.25,0.9
1591,11110,Marshawn Powell,Arkansas,1.0,0.5625,0.21739130434782608,0.7142857142857143
1592,11117,Jeff Ledbetter,Idaho,0.0,0.2,0.3333333333333333,0.8333333333333334
1593,11124,Chase Tapley,San Diego St.,1.0,0.6578947368421053,0.23076923076923078,0.9459459459459459
1594,11134,Leslie McDonald,North Carolina,0.0,0.3333333333333333,0.5,0.9803921568627451
1595,11137,Dexter Strickland,North Carolina,0.2727272727272727,0.36585365853658536,0.37777777777777777,0.75
1596,11144,Claybrin McMath,Bryant,0.0,1.0,1.0,1.0
1597,11146,Vlad Kondratyev,Bryant,1.0,0.5161290322580645,0.375,0.9285714285714286
1598,11147,Raphael Jordan,Bryant,0.0,0.15789473684210525,0.3333333333333333,1.0
1599,11149,Papa Lo,Bryant,0.0,0.0,1.0,0.0
1600,11150,Scooter Gillette,Niagara,0.6363636363636364,0.6052631578947368,0.6,0.0
1601,11151,Carlton Smith,Navy,0.0,0.0,0.0,0.0
1602,11157,Greg Hill,TCU,0.0,0.3,0.2857142857142857,0.8409090909090909
1603,11158,Nikola Cerina,TCU,0.8571428571428571,0.6451612903225806,0.46153846153846156,0.0
1604,11159,Jordan Borucki,American,0.0,0.3333333333333333,0.0,0.0
1605,11160,Adam Brakeville,Air Force,0.0,1.0,0.0,0.0
1606,11161,Kyle Green,Air Force,0.0,0.0,1.0,1.0
1607,11167,Ronald Colbert,Drexel,0.0,0.0,0.0,0.0
1608,11169,Joey Moreau,Florida St.,0.0,0.0,0.0,0.0
1609,11171,LeShaun Murphy,SIU Edwardsville,0.5,0.2,0.0,1.0
1610,11172,Cody Rincker,SIU Edwardsville,0.0,0.5,0.6,1.0
1611,11173,Zeke Schneider,SIU Edwardsville,0.0,0.6666666666666666,0.0,0.0
1612,11176,Adam Hall,High Point,0.0,0.0,0.0,0.0
1613,11179,Cory Johnson,Valparaiso,1.0,0.6377952755905512,0.2857142857142857,0.8947368421052632
1614,11185,Ryan Brooks,Rhode Island,0.8333333333333334,0.631578947368421,0.5,0.0
1615,11189,Tehran Cox,High Point,0.0,0.25,0.19047619047619047,1.0
1616,11190,Dathan Lyles,Cal St. Northridge,0.0,0.16666666666666666,0.058823529411764705,0.55
1617,11200,Walt Allen,Presbyterian,0.0,0.7096774193548387,0.0,1.0
1618,11208,Ben Knox,North Texas,1.0,0.6666666666666666,0.5,0.0
1619,11213,David Jeune,North Florida,0.0,0.4594594594594595,0.25,1.0
1620,11214,Shawn Deadwiler,Utah Valley,0.0,0.6,0.5714285714285714,1.0
1621,11215,Mike Williams,Western Carolina,1.0,0.39285714285714285,0.3026315789473684,0.8518518518518519
1622,11218,Andres Diaz,North Florida,1.0,0.582089552238806,0.4666666666666667,0.0
1623,11219,John Daniels,Columbia,0.5,0.6363636363636364,0.8571428571428571,0.0
1624,11221,Tyler Honeycutt,UCLA,0.8235294117647058,0.543859649122807,0.53125,0.8727272727272727
1625,11223,Justin Baker,Utah Valley,1.0,0.525,0.5333333333333333,0.875
1626,11227,Sam Goodman,Morehead St.,0.6,0.40350877192982454,0.16666666666666666,1.0
1627,11231,Matt Balkema,Eastern Michigan,0.0,0.7142857142857143,0.5,0.0
1628,11232,Quintin Dailey,Eastern Michigan,0.0,0.6,0.0,1.0
1629,11235,Justin Brownlee,St. John's,0.9,0.5974025974025974,0.3442622950819672,1.0
1630,11243,Colin Nickerson,Fairfield,0.42857142857142855,0.48936170212765956,0.5,0.9285714285714286
1631,11247,Chris Sights,Prairie View A&M,0.0,0.5,0.0,0.6666666666666666
1632,11248,Derek Needham,Fairfield,0.0,0.044444444444444446,0.21875,0.7397260273972602
1633,11254,Johnny Mazza,Xavier,0.0,0.0,0.0,0.0
1634,11255,Stephen Shockley,Longwood,0.0,0.0,0.0,1.0
1635,11266,Zach Brown,Lipscomb,0.0,1.0,0.5,1.0
1636,11270,Timothy Zephyr,Norfolk St.,1.0,0.6206896551724138,0.6923076923076923,1.0
1637,11273,Junior Cadougan,Marquette,0.0,0.26666666666666666,0.2857142857142857,0.5
1638,11275,Derrick Nix,Michigan St.,1.0,0.6153846153846154,0.0,0.0
1639,11280,Picasso Simmons,Murray St.,0.0,0.0,0.0,0.0
1640,11284,Charlie Woods,Cleveland St.,0.3333333333333333,0.3333333333333333,0.0,1.0
1641,11287,Travele Jones,Texas Southern,0.7575757575757576,0.4642857142857143,0.3157894736842105,0.9285714285714286
1642,11299,Tim Kamczyc,Cleveland St.,0.0,0.36363636363636365,0.7777777777777778,1.0
1643,11316,Nate Zastrow,North Dakota St.,0.0,0.0,0.0,0.7647058823529411
1644,11333,Jacolby Wells,Mount St. Mary's,1.0,0.4,0.6,0.0
1645,11334,Vince Rosario,Central Connecticut,0.0,0.0,0.0,0.9130434782608695
1646,11338,Quincy Lawson,Loyola Marymount,0.5,0.6,0.5,0.0
1647,11339,Edgar Garibay,Loyola Marymount,0.0,0.6,0.7272727272727273,0.0
1648,11340,Kelsey Chine,Loyola Marymount,0.0,0.0,0.0,0.0
1649,11352,Noah Fischer,Marshall,0.0,0.0,0.0,0.0
1650,11353,Victor Scott,Chicago St.,0.5,0.7333333333333333,0.4,1.0
1651,11355,Antonio Lofton,Chicago St.,0.0,0.32653061224489793,0.4166666666666667,1.0
1652,11360,Marquel DeLancey,Old Dominion,0.0,0.4,0.4,0.6666666666666666
1653,11363,Nick Wright,Old Dominion,0.3333333333333333,0.4,0.3333333333333333,0.0
1654,11365,Arthur Bouedo,Wyoming,0.0,0.5,0.75,0.9285714285714286
1655,11369,Niyi Harrison,Santa Clara,1.0,0.6216216216216216,0.4,0.0
1656,11382,Austin Horn,SMU,0.0,0.0,0.0,1.0
1657,11383,Myles Luttman,SMU,0.0,0.0,0.0,0.0
1658,11384,Kevin Laue,Manhattan,0.0,0.125,0.75,0.0
1659,11386,Gabe Knutson,Lehigh,0.8333333333333334,0.64,0.4444444444444444,0.0
1660,11387,Holden Greiner,Lehigh,1.0,0.3191489361702128,0.8,1.0
1661,11388,Jordan Hamilton,Texas,0.6153846153846154,0.29850746268656714,0.3488372093023256,0.8555555555555555
1662,11391,Jai Lucas,Texas,0.0,0.3125,0.07142857142857142,0.8333333333333334
1663,11392,A.J. Walton,Baylor,0.2,0.1111111111111111,0.058823529411764705,0.7
1664,11393,Dragan Sekelja,Baylor,0.0,0.75,0.0,0.0
1665,11396,Nolan Dennis,Baylor,0.5,0.5,0.0,1.0
1666,11406,Sherwood Brown,Florida Gulf Coast,0.5,0.36666666666666664,0.3333333333333333,0.9354838709677419
1667,11407,Charlie Lytle,Florida Gulf Coast,0.0,0.6666666666666666,1.0,0.0
1668,11418,Carter Cook,USC Upstate,0.0,0.3157894736842105,0.15789473684210525,1.0
1669,11435,Jack Cooley,Notre Dame,0.6,0.5,0.7777777777777778,0.0
1670,11436,Mike Broghammer,Notre Dame,1.0,1.0,1.0,0.0
1671,11437,Adrian Powell,North Carolina A&T,0.0,0.5238095238095238,0.17647058823529413,1.0
1672,11439,DaMetrius Upchurch,North Carolina A&T,0.5,0.3076923076923077,0.6666666666666666,0.0
1673,11441,Christian Salecich,Saint Louis,0.0,0.2222222222222222,0.6666666666666666,1.0
1674,11442,Bilal Dixon,Providence,0.8571428571428571,0.5238095238095238,0.625,0.0
1675,11454,Kj Sherrill,Charlotte,0.6666666666666666,0.5,0.5714285714285714,0.0
1676,11455,Derrio Green,Charlotte,0.2857142857142857,0.10869565217391304,0.0,0.4642857142857143
1677,11461,Ceola Clark,Western Illinois,0.0,0.25,0.2,0.7777777777777778
1678,11464,Justin Luquire,Alabama,0.0,0.0,1.0,0.0
1679,11466,Garlon Green,TCU,0.7333333333333333,0.6842105263157895,0.4583333333333333,0.9591836734693877
1680,11469,Daniel Calandrillo,Bryant,0.0,0.0,0.5,1.0
1681,11470,Tyler Griffey,Illinois,1.0,0.5,0.75,1.0
1682,11471,Brandon Paul,Illinois,0.6666666666666666,0.45,0.0625,0.8372093023255814
1683,11472,Russell Johnson,Robert Morris,0.0,0.48333333333333334,0.43478260869565216,0.8048780487804879
1684,11480,Brian Neller,UMBC,0.0,0.42857142857142855,0.4,0.9019607843137255
1685,11481,Steven Samuels,Saint Peter's,0.3333333333333333,0.5757575757575758,0.17647058823529413,0.9473684210526315
1686,11482,Coron Williams,Robert Morris,0.0,0.4,0.391304347826087,0.875
1687,11483,Karon Abraham,Robert Morris,0.0,0.23076923076923078,0.2857142857142857,0.8305084745762712
1688,11484,D.J. Richardson,Illinois,1.0,0.7142857142857143,0.5,0.9454545454545454
1689,11494,Jake Lindfors,Albany,0.0,0.6666666666666666,0.8,0.0
1690,11497,Mike Hart,Gonzaga,0.0,0.6666666666666666,0.0,0.0
1691,11507,Jordan Turner,Pacific,0.0,0.0,0.0,0.0
1692,11519,Zeke Marshall,Akron,0.8636363636363636,0.7325581395348837,0.5666666666666667,0.0
1693,11549,Arman Rasul,Illinois Chicago,0.0,0.0,0.0,0.0
1694,11551,Danny Nieman,Coastal Carolina,0.0,0.625,0.125,1.0
1695,11552,Quincy Diggs,Akron,1.0,0.3611111111111111,0.18181818181818182,0.875
1696,11563,Alex Newlin,SIU Edwardsville,0.0,0.5,0.0,0.0
1697,11580,Kevin Woods,Utah Valley,0.0,0.0,0.25,0.0
1698,11588,Peter Zesterman,Dayton,0.0,0.0,0.0,0.0
1699,11590,Mangisto Arop,Gonzaga,0.25,0.4642857142857143,0.8333333333333334,1.0
1700,11591,Jairus Simms,High Point,0.0,0.5,0.4,1.0
1701,11616,Chris Fouch,Drexel,0.0,0.18604651162790697,0.38,0.9193548387096774
1702,11619,Demetric Williams,Wichita St.,0.0,0.25,0.15384615384615385,0.8125
1703,11635,Mitchell Young,Saint Mary's,0.9166666666666666,0.7433628318584071,0.6,0.0
1704,11644,Shaun Pratl,Eastern Illinois,1.0,0.7307692307692307,0.5588235294117647,0.5
1705,11645,Curry McKinney,Eastern Illinois,0.0,0.37037037037037035,0.5172413793103449,0.9142857142857143
1706,11646,Eitan Chemerinski,Cornell,0.0,0.3333333333333333,0.5,0.0
1707,11650,Derick Flowers,UC Irvine,0.0,0.2222222222222222,0.0,0.0
1708,11651,Terrell Holloway,Xavier,0.0,0.1791044776119403,0.14634146341463414,0.5
1709,11654,Mark Lyons,Xavier,0.6666666666666666,0.24390243902439024,0.3333333333333333,0.8723404255319149
1710,11656,Phillip Thomas,Portland St.,1.0,0.7368421052631579,0.6,0.0
1711,11657,Melvin Jones,Portland St.,0.5,0.42857142857142855,0.35,0.8
1712,11659,Cliff Spiller,Wagner,1.0,0.9047619047619048,0.0,0.0
1713,11660,Nick Jordan,Central Michigan,0.0,0.0,0.0,0.0
1714,11662,Chris Harriel,Portland St.,0.14285714285714285,0.2926829268292683,0.15789473684210525,0.6923076923076923
1715,11665,Alonzo Brandon,Portland St.,0.0,0.0,0.25,1.0
1716,11669,Jalin Thomas,Central Michigan,0.0,0.35714285714285715,0.45161290322580644,0.9310344827586207
1717,11670,J'Covan Brown,Texas,0.0,0.23076923076923078,0.30952380952380953,0.8666666666666667
1718,11674,Rashad Allison,Arkansas St.,0.0,0.03571428571428571,0.15625,0.5652173913043478
1719,11675,Martavius Adams,Arkansas St.,0.5454545454545454,0.44047619047619047,0.45454545454545453,0.0
1720,11676,Brandon Peterson,Arkansas St.,0.7692307692307693,0.6595744680851063,0.5925925925925926,1.0
1721,11681,Adam Sterrenberg,Arkansas St.,0.0,0.0,0.0,0.8888888888888888
1722,11682,Sultan Toles-Bey,Sacramento St.,0.0,0.2,0.24,0.7446808510638298
1723,11687,John Dickson,Sacramento St.,0.8333333333333334,0.6274509803921569,0.5,1.0
1724,11690,Abdallah Boune,Texas Southern,1.0,0.6666666666666666,1.0,1.0
1725,11693,John Freeman,Southern Illinois,0.75,0.36363636363636365,0.15,0.9090909090909091
1726,11694,Caleb Patterson,Missouri St.,1.0,0.6,0.4897959183673469,1.0
1727,11698,Solomon Hill,Arizona,0.6666666666666666,0.2631578947368421,0.23333333333333334,0.9411764705882353
1728,11699,Kenny Franklin Jr.,Nicholls St.,0.0,0.14285714285714285,0.16666666666666666,0.9333333333333333
1729,11702,Lamont Jones,Arizona,0.0,0.3050847457627119,0.17391304347826086,0.56
1730,11711,Matt Grogan,Hofstra,0.0,0.0,0.0,1.0
1731,11713,David Imes,Hofstra,0.9166666666666666,0.7241379310344828,0.6842105263157895,0.6666666666666666
1732,11715,Joe Henson,San Jose St.,0.0,0.42857142857142855,1.0,0.0
1733,11717,Chris Jones,San Jose St.,0.0,0.26666666666666666,0.3,1.0
1734,11719,Aalim Moor,San Jose St.,0.0,0.0,1.0,0.0
1735,11724,Shawn Echols,Houston Christian,0.0,0.22580645161290322,0.0,0.72
1736,11725,Jay Reynolds,Presbyterian,0.0,0.75,0.6666666666666666,0.0
1737,11726,Joe Hill,Chicago St.,0.0,0.0,0.0,0.75
1738,11729,Archie Seals,Chicago St.,0.0,0.2,0.0,1.0
1739,11739,Ivo Baltic,Ohio,0.6923076923076923,0.5510204081632653,0.2777777777777778,0.0
1740,11746,Markeys Deans,Central Connecticut,1.0,0.7096774193548387,0.5384615384615384,1.0
1741,11748,Andrew Pavloff,William & Mary,0.0,0.0,0.0,0.0
1742,11750,Matt Rum,William & Mary,0.0,0.3076923076923077,0.25,0.92
1743,11753,Reggie Keely,Ohio,1.0,0.6,0.4117647058823529,0.0
1744,11766,Chris Rozier,Jacksonville,0.0,0.25,0.0,1.0
1745,11767,Glenn Powell,Jacksonville,0.6428571428571429,0.6666666666666666,0.7777777777777778,0.0
1746,11769,Tevin Hall,Louisiana Tech,0.0,0.1111111111111111,0.1,0.8
1747,11774,Ja'Rob McCallum,Milwaukee,0.0,0.3333333333333333,0.2692307692307692,0.7954545454545454
1748,11775,Lonnie Boga,Milwaukee,0.0,0.23809523809523808,0.0,0.8
1749,11776,Karl Moton,UAB,0.0,0.0,0.0,0.0
1750,11778,Ovie Soko,UAB,0.7777777777777778,0.6818181818181818,0.5833333333333334,1.0
1751,11783,Andres Irarrazabal,Tennessee Martin,0.0,0.7741935483870968,0.625,0.0
1752,11788,Darius Conley,Saint Peter's,0.8,0.46,0.6896551724137931,0.0
1753,11799,Velton Jones,Robert Morris,0.0,0.13043478260869565,0.05405405405405406,0.8611111111111112
1754,11801,Jeff Robinson,Xavier,0.5217391304347826,0.5333333333333333,0.6666666666666666,1.0
1755,11811,Lin Chang,Long Beach St.,0.0,0.0,0.0,0.5
1756,11813,Anthony Phillip,Western Carolina,0.0,1.0,0.0,0.0
1757,11821,Javan Mitchell,Louisiana,0.0,0.4666666666666667,0.2222222222222222,0.0
1758,11826,Jeremy Harn,UNC Asheville,0.0,1.0,0.0,0.0
1759,11829,Dean Kowalski,Columbia,0.0,0.0,0.0,0.0
1760,11831,Sam Prescott,Marist,0.75,0.2727272727272727,0.14634146341463414,0.8222222222222222
1761,11833,Chalmers Rogers,USC Upstate,0.0,0.125,0.7333333333333333,1.0
1762,11839,Kierre Greenwood,Coastal Carolina,0.0,0.2777777777777778,0.06666666666666667,0.7142857142857143
1763,11848,David Hinton,VCU,1.0,1.0,0.5,0.0
1764,11858,John Jenkins,Vanderbilt,0.0,0.48,0.25,0.74
1765,11861,Will Townsville,Delaware,0.0,0.0,1.0,0.0
1766,11869,Jamelle Hagins,Delaware,0.7419354838709677,0.546875,0.5454545454545454,0.0
1767,11873,Josh Brinkley,Delaware,0.8,0.5675675675675675,0.5,0.0
1768,11874,Brandon Ubel,Nebraska,0.0,0.7142857142857143,0.42857142857142855,0.8571428571428571
1769,11876,Jordan Reves,UT Arlington,0.9090909090909091,0.578125,0.5454545454545454,0.0
1770,11878,Trey Finn,Arkansas St.,0.3333333333333333,0.2564102564102564,0.6363636363636364,1.0
1771,11879,Elias Harris,Gonzaga,0.7142857142857143,0.5555555555555556,0.4166666666666667,1.0
1772,11882,Kelly Olynyk,Gonzaga,0.0,0.53125,0.4074074074074074,0.8
1773,11892,LaDaris Green,Kennesaw St.,1.0,0.3561643835616438,0.42857142857142855,0.95
1774,11896,Will Cherry,Montana,0.0,0.25316455696202533,0.125,0.782608695652174
1775,11898,Brandon Davis,UNC Greensboro,0.0,0.0,0.0,0.0
1776,11908,D.J. Cooper,Ohio,0.0,0.05194805194805195,0.0,0.6724137931034483
1777,11909,John Riek,Mississippi St.,1.0,1.0,0.0,0.0
1778,11915,David McKinley,Ohio,0.0,0.0,0.0,1.0
1779,11926,Leroy Nobles,IU Indy,0.6666666666666666,0.5068493150684932,0.3125,0.8305084745762712
1780,11933,Kenny Gabriel,Auburn,0.5,0.41025641025641024,0.6046511627906976,0.9354838709677419
1781,11934,Rob Chubb,Auburn,0.8571428571428571,0.6862745098039216,0.6388888888888888,0.0
1782,11938,Corey Person,Michigan,0.0,0.0,0.0,0.0
1783,11943,Gabe Blair,Wichita St.,1.0,0.7142857142857143,0.6857142857142857,0.0
1784,11945,Trevor Deloach,UNC Wilmington,1.0,0.425,0.22857142857142856,0.9166666666666666
1785,11954,Dan Stockdale,North Dakota,0.0,0.0,0.0,0.0
1786,11955,Ahmad Grant,UNC Wilmington,0.5,0.5,0.0,0.972972972972973
1787,11961,David (DJ) Jackson,Penn St.,0.6666666666666666,0.625,0.6190476190476191,0.975
1788,11968,Justin Ray,Texas Southern,0.0,0.18181818181818182,0.6,0.7222222222222222
1789,11972,Vincent Council,Providence,0.0,0.1956521739130435,0.06382978723404255,0.3829787234042553
1790,11975,Chris Carter,Providence,0.0,0.0,0.0,0.0
1791,11988,Demitrius Conger,St. Bonaventure,0.75,0.2982456140350877,0.09090909090909091,0.9166666666666666
1792,11989,Brett Roseboro,St. Bonaventure,0.0,0.5555555555555556,0.6666666666666666,0.0
1793,11990,Marquise Simmons,St. Bonaventure,1.0,0.6363636363636364,1.0,1.0
1794,11991,Mark Coury,Cornell,1.0,0.7272727272727273,0.6111111111111112,0.0
1795,11992,Josh Figini,Cornell,1.0,0.25,0.7777777777777778,1.0
1796,11995,Simeon Marsalis,Vermont,0.0,0.0,0.0,1.0
1797,11996,Gertavian Blake,Jackson St.,0.6666666666666666,0.5625,0.6666666666666666,0.0
1798,11997,Ben Crenca,Vermont,0.0,0.7777777777777778,0.0,0.0
1799,12003,Cervante Burrell,Seattle,0.0,0.2,0.14705882352941177,0.0
1800,12004,Garrett Lever,Seattle,0.0,0.2608695652173913,0.25,0.875
1801,12005,Tony Fiegen,South Dakota St.,0.0,0.5384615384615384,0.5806451612903226,0.0
1802,12006,Chad White,South Dakota St.,0.0,0.5384615384615384,0.35294117647058826,1.0
1803,12007,Nate Wolters,South Dakota St.,0.0,0.1308411214953271,0.043478260869565216,0.3333333333333333
1804,12008,Marc Sonnen,Northern Iowa,0.0,0.3333333333333333,0.3,0.9130434782608695
1805,12018,Sam Smithson,Western Carolina,0.0,0.25,0.75,0.0
1806,12019,Gregg Wooten,Samford,0.0,0.24489795918367346,0.16666666666666666,0.6666666666666666
1807,12027,Stuart Pirri,Rice,0.0,0.0,0.0,1.0
1808,12029,Tamir Jackson,Rice,0.0,0.2571428571428571,0.09523809523809523,0.8260869565217391
1809,12031,Darryl Ashford,Creighton,1.0,0.2,0.15384615384615385,0.9583333333333334
1810,12035,Aj Atkinson,Davidson,0.0,0.0,0.0,1.0
1811,12045,Ethan Wragge,Creighton,0.0,0.6666666666666666,0.0,1.0
1812,12051,Andrew Smith,Butler,0.8,0.6627906976744186,0.6285714285714286,0.0
1813,12054,Andrew Zimmermann,Stanford,0.3333333333333333,0.46153846153846156,0.5,1.0
1814,12055,Gabriel Harris,Stanford,0.0,0.0,0.5,1.0
1815,12057,David O'Shaughnessey,Mercer,0.0,0.0,0.0,1.0
1816,12058,Chris Smith,Mercer,0.0,0.25,0.0,1.0
1817,12060,Greg LeSage,Green Bay,1.0,0.6666666666666666,1.0,0.0
1818,12061,Jeff Smith,Mercer,0.0,0.18,0.08333333333333333,0.8333333333333334
1819,12062,Brandon Moore,Mercer,0.8571428571428571,0.47058823529411764,0.2777777777777778,1.0
1820,12067,JayDee Luster,Wyoming,0.0,0.13636363636363635,0.0,0.5833333333333334
1821,12069,Daylen Harrison,Wyoming,0.0,0.3333333333333333,0.0,0.9090909090909091
1822,12075,Abdul Gaddy,Washington,0.0,0.21428571428571427,0.17647058823529413,1.0
1823,12077,Cameron Long,George Mason,0.875,0.47058823529411764,0.2777777777777778,0.7333333333333333
1824,12078,Vincent Williams,Georgia,0.0,0.0,0.0,1.0
1825,12079,Terrell Barnes,Tennessee Tech,1.0,0.6,0.3076923076923077,0.0
1826,12084,Isaac Brown,Florida A&M,0.0,0.0,0.0,0.0
1827,12085,Vincent Goldsberry,Coppin St.,0.0,0.125,0.2916666666666667,0.0
1828,12086,Carl Baptiste,Saint Joseph's,0.0,0.2857142857142857,0.0,1.0
1829,12103,Keith Manley,Gardner Webb,0.0,0.5,0.25,0.0
1830,12114,Toarlyn Fitzpatrick,South Florida,0.8333333333333334,0.6333333333333333,0.75,1.0
1831,12117,Mark Holmes,Mississippi Valley St.,0.0,0.4,0.6363636363636364,1.0
1832,12119,Cor-J Cox,Mississippi Valley St.,0.6666666666666666,0.53125,0.38461538461538464,1.0
1833,12125,Luuk Kortekass,Niagara,0.0,1.0,0.0,0.0
1834,12135,David Arnold,Northern Colorado,0.0,0.0,0.0,0.0
1835,12141,Logan Magnusson,BYU,0.0,0.8333333333333334,0.875,1.0
1836,12146,Dan Jennings,West Virginia,1.0,0.8888888888888888,0.0,0.0
1837,12151,Casey Mitchell,West Virginia,0.0,0.3783783783783784,0.5333333333333333,0.8507462686567164
1838,12152,Deniz Kilicli,West Virginia,0.7272727272727273,0.575,0.68,0.0
1839,12165,Gary Martin,Fairfield,0.0,0.0,0.0,1.0
1840,12166,Aaron Clayborn,Texas Southern,1.0,0.5,0.5833333333333334,0.0
1841,12167,Seth Evans,Green Bay,0.0,0.5,0.25,0.9047619047619048
1842,12169,Rasheem Jenkins,Florida A&M,0.0,0.0,0.0,0.6956521739130435
1843,12170,Christian Standhardinger,Nebraska,0.0,0.7142857142857143,0.3333333333333333,0.0
1844,12171,Matt Lyde-Cajuste,Syracuse,0.0,0.0,1.0,0.0
1845,12183,Kevin Dukes,Bethune Cookman,0.0,0.5714285714285714,0.6,1.0
1846,12186,Richard Howell,N.C. State,1.0,0.5454545454545454,0.5789473684210527,1.0
1847,12189,Jamar Diggs,Wofford,0.0,0.20833333333333334,0.27941176470588236,0.7777777777777778
1848,12193,Joey Brooks,Notre Dame,0.0,0.6363636363636364,0.0,1.0
1849,12195,Chris Meriwether,Vanderbilt,0.0,0.0,0.0,0.0
1850,12196,Jonathan Lee,Northeastern,0.0,0.20408163265306123,0.3225806451612903,0.9411764705882353
1851,12210,Courtney Jackson,Little Rock,0.75,0.4186046511627907,0.35714285714285715,1.0
1852,12227,Brandon Davies,BYU,0.5625,0.4461538461538462,0.5102040816326531,0.0
1853,12229,Bo Amusa,Alabama A&M,0.5833333333333334,0.6410256410256411,0.5185185185185185,0.8571428571428571
1854,12230,Danny Mundweiler,Wagner,0.0,0.4,0.0,1.0
1855,12231,Shaquil Barber,South Carolina St.,0.0,1.0,0.0,0.0
1856,12235,Jeron Belin,Saint Peter's,0.8888888888888888,0.37894736842105264,0.23076923076923078,0.8461538461538461
1857,12238,Drew Valentine,Oakland,0.4,0.46153846153846156,0.2857142857142857,1.0
1858,12241,Ledrick Eackles,Oakland,0.0,0.30434782608695654,0.17647058823529413,0.7142857142857143
1859,12257,Sean McCarthy,NJIT,0.0,0.6666666666666666,0.5,0.0
1860,12267,Mike Bersch,American,0.0,1.0,0.0,1.0
1861,12268,Willie Cruz,Eastern Kentucky,0.0,0.34210526315789475,0.08333333333333333,0.0
1862,12270,Greg Robbins,Richmond,0.0,1.0,1.0,1.0
1863,12275,Roosevelt Johnson,Southeastern Louisiana,1.0,0.5384615384615384,0.5882352941176471,0.0
1864,12276,Jason Marks,Southeastern Louisiana,1.0,0.71875,0.6153846153846154,1.0
1865,12277,Rodney Jones,Southeastern Louisiana,1.0,0.625,0.3333333333333333,1.0
1866,12278,Mason Plumlee,Duke,0.8043478260869565,0.6304347826086957,0.3,0.0
1867,12279,Willis Hall,Charleston,0.875,0.5205479452054794,0.4444444444444444,0.9310344827586207
1868,12284,Ogo Adegboye,St. Bonaventure,0.0,0.09375,0.0,0.8421052631578947
1869,12292,Zach Fields,Ball St.,0.0,1.0,0.0,0.0
1870,12293,Duke Mondy,Providence,0.0,0.2222222222222222,0.4,0.9787234042553191
1871,12295,Maurice Hubbard,Ball St.,0.0,0.6,0.0,0.0
1872,12298,Ronald Spencer,Tennessee Martin,0.0,0.5,0.0,0.0
1873,12299,C.J. Harris,Wake Forest,0.0,0.12195121951219512,0.25,0.6842105263157895
1874,12302,Shamari Spears,Charlotte,0.0,0.7,0.5555555555555556,0.8333333333333334
1875,12303,Spencer Perrin,Eastern Kentucky,0.8125,0.717948717948718,0.36585365853658536,0.9565217391304348
1876,12305,J.R. Weston,Stetson,0.0,0.0,0.0,0.0
1877,12307,Will Donahue,Cal Poly,0.0,0.4230769230769231,0.7083333333333334,1.0
1878,12308,Darius Redding,Louisiana Tech,0.75,0.7142857142857143,0.0,1.0
1879,12310,DeAndre Brown,Louisiana Tech,0.0,0.15517241379310345,0.14285714285714285,0.5531914893617021
1880,12311,Aaron Ingle,Wake Forest,0.0,1.0,0.0,0.0
1881,12312,Ryan Keenan,Wake Forest,0.0,0.0,0.0,1.0
1882,12313,Denmore McDermott,Wake Forest,0.0,1.0,0.0,0.0
1883,12316,Malcolm Griffin,Toledo,1.0,0.39473684210526316,0.21333333333333335,0.75
1884,12318,Peter McMillan,Cornell,0.0,0.0,1.0,1.0
1885,12319,Miles Asafo-Adjei,Cornell,0.0,0.25,0.0,1.0
1886,12320,Terrance Hill,Loyola Chicago,0.0,0.17391304347826086,0.0625,0.8679245283018868
1887,12321,Ben Averkamp,Loyola Chicago,0.7142857142857143,0.5740740740740741,0.4647887323943662,0.8235294117647058
1888,12334,Phil Beans,Holy Cross,0.0,0.75,1.0,0.0
1889,12337,Matt Kenney,Valparaiso,0.25,0.3333333333333333,0.0,0.6666666666666666
1890,12339,Justin Blake,Austin Peay,0.0,0.5,0.0,0.8421052631578947
1891,12342,Griffin Hoffmann,Syracuse,0.0,0.0,0.0,1.0
1892,12344,Nick Resavy,Syracuse,0.0,1.0,0.0,0.0
1893,12345,James Southerland,Syracuse,0.7142857142857143,0.7333333333333333,0.7272727272727273,0.96
1894,12347,Nathan Healy,Appalachian St.,1.0,0.631578947368421,0.3333333333333333,1.0
1895,12349,Ken Rancifer,San Diego,0.5714285714285714,0.4,0.22580645161290322,0.9032258064516129
1896,12351,Alejo Rodriguez,Iona,0.76,0.6732673267326733,1.0,0.0
1897,12355,Chris Manresa,San Diego,1.0,0.696969696969697,0.4222222222222222,1.0
1898,12360,Mike Pouncy,Central Arkansas,0.0,0.20833333333333334,0.09302325581395349,0.6
1899,12361,Dewan Clayborn,Central Arkansas,0.0,0.11764705882352941,0.38461538461538464,0.8333333333333334
1900,12362,Chris Henson,Central Arkansas,1.0,0.4166666666666667,0.6666666666666666,1.0
1901,12363,Jerard Ajami,Milwaukee,0.0,0.5,0.0,0.0
1902,12365,Aaron Geramipoor,Seton Hall,0.0,0.5,0.0,0.0
1903,12373,Jordan Williams,Maryland,0.8918918918918919,0.6666666666666666,0.6444444444444445,0.0
1904,12381,Denzel Barnes,Stephen F. Austin,0.0,0.0,0.14285714285714285,0.8461538461538461
1905,12382,Stallon Saldivar,Northern Arizona,0.0,0.3181818181818182,0.14285714285714285,0.7777777777777778
1906,12383,Rob Johnson,Marist,0.0,0.3333333333333333,0.5,0.0
1907,12385,Michael Dunn,Northern Arizona,0.0,0.25,0.0,0.0
1908,12386,DeAngelo Jones,Northern Arizona,0.0,0.6153846153846154,0.5,1.0
1909,12387,Mathias Ward,Montana,1.0,0.7619047619047619,0.6538461538461539,1.0
1910,12394,Byron Pickens,Tennessee Tech,0.0,1.0,1.0,0.0
1911,12395,Chase Dunn,Tennessee Tech,0.0,0.16666666666666666,0.2857142857142857,0.9310344827586207
1912,12396,Jud Dillard,Tennessee Tech,0.6666666666666666,0.6470588235294118,0.28,1.0
1913,12401,Alex Jones,Seattle,0.0,0.5377358490566038,0.3333333333333333,0.8
1914,12425,Aaric Murray,La Salle,0.8918918918918919,0.6699029126213593,0.5079365079365079,0.8
1915,12444,Darian Donald,Mississippi Valley St.,1.0,0.42857142857142855,0.5,0.8888888888888888
1916,12470,Cameron Catlett,UT Arlington,0.0,0.12962962962962962,0.05555555555555555,0.6666666666666666
1917,12473,Cedric Smith,Savannah St.,0.3333333333333333,0.3,0.25,0.5
1918,12482,Patrick Mitchell,North Dakota,1.0,0.7941176470588235,0.5925925925925926,0.9767441860465116
1919,12483,Mike Mathison,North Dakota,0.0,0.0,0.0,1.0
1920,12495,Dera Nd-Ezuma,Rider,1.0,0.6,0.0,0.0
1921,12496,Westley Telfare,South Carolina St.,0.0,0.1111111111111111,0.3333333333333333,0.8
1922,12505,Jauwan Scaife,Ball St.,0.0,0.29411764705882354,0.6578947368421053,0.9615384615384616
1923,12512,Luis Flores,Northern Arizona,0.0,0.0,0.0,0.5
1924,12514,Gabe Rogers,Northern Arizona,0.0,0.5882352941176471,0.4772727272727273,0.9125
1925,12522,James Erger,Bowling Green,0.0,1.0,1.0,1.0
1926,12523,Scott Christopherson,Iowa St.,0.0,0.5714285714285714,0.26666666666666666,0.9302325581395349
1927,12529,Marvin Roberts,FIU,0.5333333333333333,0.39344262295081966,0.16666666666666666,0.8181818181818182
1928,12531,Stephon Weaver,FIU,0.0,0.0,0.25,1.0
1929,12535,Patrick Souter,Milwaukee,0.0,0.0,0.0,0.0
1930,12540,Lance Feurtado,Grambling St.,0.0,0.3181818181818182,0.4,0.88
1931,12548,Bakari Taylor,Hampton,0.0,0.5,0.0,0.0
1932,12549,Will Coleman,Memphis,0.9069767441860465,0.7792207792207793,0.5909090909090909,0.0
1933,12552,Jordan Springer,Army,0.0,0.4166666666666667,0.3,0.0
1934,12562,James Beatty,Rutgers,0.0,0.09090909090909091,0.3333333333333333,0.7692307692307693
1935,12563,Michael Craion,Oral Roberts,0.0,1.0,0.0,0.0
1936,12565,Javier Nasarre,Oral Roberts,0.0,0.6666666666666666,0.0,1.0
1937,12567,Damen Bell-Holter,Oral Roberts,0.75,0.4857142857142857,0.16666666666666666,1.0
1938,12569,Roderick Pearson,Oral Roberts,0.0,0.32432432432432434,0.15789473684210525,0.8333333333333334
1939,12583,Brock Zylstra,BYU,0.0,1.0,0.3333333333333333,1.0
1940,12594,Ralph Sampson III,Minnesota,0.8947368421052632,0.7419354838709677,0.7818181818181819,1.0
1941,12598,Shane Heirman,Tulsa,0.0,1.0,0.0,1.0
1942,12601,Michael Lyons,Air Force,1.0,0.6153846153846154,0.4307692307692308,1.0
1943,12602,Tyler Thalken,Denver,0.0,0.5,0.25,0.9583333333333334
1944,12606,Jamie Egenti,North Texas,0.0,1.0,0.0,0.0
1945,12610,Mike Stovall,DePaul,0.6,0.6428571428571429,0.05263157894736842,1.0
1946,12613,Sulskis Vytas,Youngstown St.,0.0,0.34146341463414637,0.40625,1.0
1947,12614,Chris Flores,NJIT,0.0,0.4117647058823529,0.47368421052631576,0.775
1948,12617,Zak Estes,Richmond,0.0,0.0,0.0,0.0
1949,12625,Kc Anuna,Middle Tennessee,0.0,0.0,0.0,0.0
1950,12627,Jeremy Williams,UTEP,0.6470588235294118,0.6666666666666666,0.45454545454545453,0.9032258064516129
1951,12631,Khris Middleton,Texas A&M,0.875,0.42857142857142855,0.5166666666666667,0.8157894736842105
1952,12634,Douglas Kurtz,Hawaii,1.0,1.0,0.3333333333333333,0.0
1953,12638,Cameron Butler,Southeast Missouri St.,1.0,0.5483870967741935,0.3333333333333333,0.0
1954,12640,Brian McNair,Gardner Webb,0.0,0.0,0.07142857142857142,0.9375
1955,12641,DeAntre Jefferson,Chattanooga,1.0,0.5802469135802469,0.25,0.0
1956,12642,Troy Cage,Chattanooga,0.0,0.3333333333333333,0.4444444444444444,0.9230769230769231
1957,12647,Keegan Bell,Chattanooga,0.0,0.30434782608695654,0.0,0.6
1958,12652,Zack Gordon,Penn,0.0,0.0,1.0,1.0
1959,12655,Nate Bendall,Utah St.,1.0,0.7391304347826086,0.9310344827586207,0.0
1960,12657,Torye Pelham,Southern Miss,1.0,1.0,0.0,1.0
1961,12659,Angelo Johnson,Southern Miss,0.0,0.08333333333333333,0.03333333333333333,0.8518518518518519
1962,12660,Derrick Williams,Arizona,0.8035714285714286,0.5851851851851851,0.3877551020408163,0.9285714285714286
1963,12661,Kyryl Natyazhko,Arizona,0.0,0.23076923076923078,0.75,1.0
1964,12662,Kevin Parrom,Arizona,0.3333333333333333,0.25,0.3888888888888889,0.8947368421052632
1965,12665,Ed Thomas,Western Michigan,0.0,0.0,0.0,0.0
1966,12666,Nate Hutcheson,Western Michigan,0.5,0.5,0.1,0.9259259259259259
1967,12667,Brandon Pokley,Western Michigan,0.0,0.0,1.0,1.0
1968,12668,Eric May,Iowa,0.5384615384615384,0.34782608695652173,0.3125,0.9615384615384616
1969,12671,Khalid Mutakabbir,Presbyterian,1.0,0.4117647058823529,0.13043478260869565,0.8936170212765957
1970,12672,Ryan Hargrave,Presbyterian,0.0,0.6875,0.5714285714285714,0.8666666666666667
1971,12674,Reed Baker,Florida Gulf Coast,0.0,0.4090909090909091,0.36363636363636365,0.9047619047619048
1972,12676,Luke Engelken,Gardner Webb,0.0,0.4166666666666667,0.42857142857142855,0.9230769230769231
1973,12690,Josh Wallace,Auburn,0.0,0.17073170731707318,0.0,0.8
1974,12691,Tony Neysmith,Auburn,0.0,0.2,0.2727272727272727,0.0
1975,12695,Bryan Bynes,George Washington,1.0,0.5555555555555556,0.19047619047619047,0.9583333333333334
1976,12696,Ed Rolax,Florida Gulf Coast,0.0,1.0,0.0,0.0
1977,12699,Erick Smith,Bryant,0.0,0.0,0.0,0.0
1978,12701,Hakim McCullar,Delaware,0.5,0.3888888888888889,0.6428571428571429,0.0
1979,12702,Jordan Glynn,Stephen F. Austin,0.0,0.4117647058823529,0.7916666666666666,0.0
1980,12703,Mark Gomillia,Stephen F. Austin,0.0,0.7142857142857143,0.9523809523809523,0.0
1981,12704,Brendan McNulty,Delaware,0.0,0.0,0.0,1.0
1982,12705,Luke Wandrusch,Loyola MD,0.0,0.0,0.0,0.0
1983,12706,Jeronne Maymon,Tennessee,0.0,0.5714285714285714,1.0,0.0
1984,12709,Rashaun McLemore,Cal St. Northridge,0.5,0.4067796610169492,0.06666666666666667,0.8157894736842105
1985,12712,Charles Newton,Tennessee Tech,0.0,0.0,1.0,0.0
1986,12719,Chris Pelcher,Iona,1.0,0.7352941176470589,0.75,0.0
1987,12721,Raymond Gregory,Jackson St.,0.8571428571428571,0.6666666666666666,0.0,0.0
1988,12723,Ricky Parks,Arkansas Pine Bluff,0.0,0.42857142857142855,0.6666666666666666,0.875
1989,12725,Christian Williams,Jackson St.,0.0,0.2,0.0,0.8
1990,12726,Jonathan Lewis,Jackson St.,0.0,0.5,0.0,0.6666666666666666
1991,12728,Tyrone Hanson,Jackson St.,0.0,0.3142857142857143,0.3333333333333333,0.8181818181818182
1992,12731,Madison Davis,UNC Asheville,0.0,0.0,0.0,0.0
1993,12734,David Minaya,Liberty,0.0,0.37142857142857144,0.4745762711864407,1.0
1994,12735,Tommie Sykes,Louisiana Monroe,0.8571428571428571,0.42857142857142855,0.23529411764705882,0.0
1995,12736,Antwan Burrus,Liberty,0.875,0.48936170212765956,0.5909090909090909,0.0
1996,12738,Trevon Flores,James Madison,1.0,1.0,0.625,0.0
1997,12739,Alioune Diouf,James Madison,1.0,0.8,0.0,0.8
1998,12744,Chad Lutkenhaus,Florida Gulf Coast,0.0,1.0,0.3333333333333333,1.0
1999,12747,Ryan Schrotenboer,Wagner,0.0,0.625,0.25,0.0
2000,12751,Brian Grimes,Columbia,1.0,0.5789473684210527,0.3333333333333333,0.0
2001,12765,Steven Cunningham,Troy,0.36363636363636365,0.42424242424242425,0.5,1.0
2002,12769,Zach Bohannon,Air Force,0.0,0.7058823529411765,0.0,1.0
2003,12770,Todd Fletcher,Air Force,0.0,0.5882352941176471,0.5,1.0
2004,12771,Mike Fitzgerald,Air Force,1.0,0.7333333333333333,0.6,1.0
2005,12773,Ryan Watts,Alabama St.,0.0,0.0,0.42857142857142855,0.8571428571428571
2006,12786,Jhamar Youngblood,Rider,0.0,0.0,0.2,0.3333333333333333
2007,12788,Jonathon Thompson,Rider,0.0,0.09375,0.0,1.0
2008,12800,Dwight Hardy,St. John's,0.0,0.3372093023255814,0.28888888888888886,0.847457627118644
2009,12811,Tyler Hall,North Texas,0.0,0.0,0.0,0.5
2010,12816,Devon Peltier,Cal St. Fullerton,0.0,0.46153846153846156,0.3389830508474576,0.7777777777777778
2011,12817,Brian Cole,UNC Greensboro,0.0,0.6666666666666666,0.5365853658536586,0.9565217391304348
2012,12826,Joe Burton,Oregon St.,1.0,0.5,0.15789473684210525,0.0
2013,12830,George Beamon,Manhattan,0.4,0.328,0.2857142857142857,1.0
2014,12833,Jacob Holmen,North Texas,1.0,0.5,0.4,0.8333333333333334
2015,12839,Earl Gee II,Longwood,0.0,0.25,0.5,0.0
2016,12847,Dean Melchionni,Texas,0.0,0.0,0.0,1.0
2017,12852,Angel Garcia,Memphis,0.0,0.8,0.3333333333333333,1.0
2018,12861,Eddie Days,Ohio St.,0.0,0.0,0.0,0.0
2019,12865,Mychal Martinez,UNLV,0.0,0.0,0.0,0.0
2020,12874,Jay Couisnard,UMKC,0.5,0.2716049382716049,0.175,0.8888888888888888
2021,12876,Eddie Ludwig,LSU,1.0,0.7391304347826086,0.6666666666666666,1.0
2022,12877,Lawrence Johnson-Danner,Texas Southern,0.0,0.22727272727272727,0.4523809523809524,0.8648648648648649
2023,12878,Matt LaBove,Dartmouth,1.0,0.35294117647058826,0.23076923076923078,0.0
2024,12890,Mbiyimoh Ghogomu,Dartmouth,0.0,0.8,0.7142857142857143,0.0
2025,12892,Anthony Anderson Jr.,FIU,0.0,0.0,0.0,0.0
2026,12893,Phil Gary Jr.,FIU,0.0,0.03333333333333333,0.22727272727272727,0.6190476190476191
2027,12900,Rob Wilson,Wisconsin,0.0,0.875,0.2,1.0
2028,12906,Joe Stroman,High Point,0.0,0.0,0.0,0.0
2029,12909,Corey Law,High Point,0.7692307692307693,0.6046511627906976,0.5625,0.0
2030,12910,Kyle Groothuis,North Florida,0.0,0.5,0.0,0.0
2031,12915,Teddy Schickel,NJIT,0.0,0.0,0.0,0.0
2032,12918,Larry Awosanya,Campbell,0.0,0.0,0.5,0.0
2033,12921,R.J. Griffin,Dartmouth,1.0,0.5,0.32142857142857145,0.90625
2034,12925,Ryan Broekhoff,Valparaiso,0.5,0.4166666666666667,0.06666666666666667,0.9666666666666667
2035,12929,Jeremie Mitchell,McNeese St.,0.0,0.0,0.0,0.5
2036,12931,Austin Johnson,Rutgers,0.0,0.782608695652174,0.3125,0.0
2037,12932,Dane Miller,Rutgers,0.6153846153846154,0.3150684931506849,0.23076923076923078,1.0
2038,12933,Jonathan Mitchell,Rutgers,1.0,0.6415094339622641,0.6166666666666667,0.9803921568627451
2039,12951,Jabari Joyner,Delaware St.,0.0,0.0,0.0,0.0
2040,12956,Rayner Moquete,Fordham,0.0,0.0,0.0,0.8571428571428571
2041,12957,Warren Niles,Oral Roberts,0.5,0.3103448275862069,0.24242424242424243,0.9210526315789473
2042,12968,Chris Gaston,Fordham,0.75,0.5284552845528455,0.43636363636363634,0.0
2043,12982,Reggie Revels,Norfolk St.,0.0,0.0,0.0,0.0
2044,12983,Kris Brown,Norfolk St.,0.0,1.0,0.0,1.0
2045,12984,Brandon Wheeless,Norfolk St.,0.0,0.5,0.6666666666666666,1.0
2046,12986,Chris Matagrano,New Hampshire,0.0,0.0,0.6875,1.0
2047,13000,Lucas Nutt,Southeast Missouri St.,0.0,0.06451612903225806,0.0,0.9130434782608695
2048,13003,Marland Smith,Southeast Missouri St.,0.0,0.35294117647058826,0.6129032258064516,0.9473684210526315
2049,13004,Rae-Vonn Banks,Southeast Missouri St.,1.0,0.7777777777777778,1.0,0.0
2050,13005,Anthony Allison,Southeast Missouri St.,0.0,0.4411764705882353,0.2,0.9375
2051,13007,Peter Simek,UC Irvine,1.0,0.625,0.6111111111111112,0.0
2052,13009,Brian Green,Utah St.,0.0,0.2857142857142857,0.5517241379310345,0.9285714285714286
2053,13010,Cliff Dixon,Western Kentucky,0.7142857142857143,0.52,0.3888888888888889,1.0
2054,13011,Jamal Crook,Western Kentucky,0.0,0.1111111111111111,0.46153846153846156,0.0
2055,13019,Taylor Johnston,Binghamton,0.0,0.6666666666666666,0.3333333333333333,1.0
2056,13021,Mahamoud Jabbi,Binghamton,1.0,0.4634146341463415,0.4791666666666667,0.8484848484848485
2057,13022,David Brown,Western Michigan,0.0,0.4,1.0,1.0
2058,13025,Greer Wright,Binghamton,0.375,0.21153846153846154,0.05,0.5588235294117647
2059,13026,Nyika Williams,Pacific,1.0,0.7794117647058824,0.48148148148148145,0.0
2060,13028,Spencer Dixon,Kennesaw St.,0.0,0.2692307692307692,0.075,0.5510204081632653
2061,13032,Markeith Cummings,Kennesaw St.,0.8,0.4957983193277311,0.25,0.7272727272727273
2062,13038,Blake Mishler,Illinois St.,0.0,0.78125,0.46153846153846156,0.0
2063,13043,Nick Gore,VMI,0.5,0.6296296296296297,0.5,1.0
2064,13046,Ricky Lamb,Mississippi Valley St.,0.0,0.5,0.42857142857142855,1.0
2065,13055,Ryan Baker,Hartford,1.0,0.75,1.0,0.9333333333333333
2066,13056,Treadwell Lewis,Robert Morris,0.0,0.0,0.0,1.0
2067,13063,Tony Lewis,Illinois St.,0.0,0.49122807017543857,0.3076923076923077,0.0
2068,13068,Austin Hill,Illinois St.,0.0,0.15555555555555556,0.18840579710144928,0.8333333333333334
2069,13070,Moses Burgess,High Point,0.0,0.0,0.0,0.0
2070,13071,Lenny Daniel,Cal St. Northridge,0.8181818181818182,0.6153846153846154,0.42857142857142855,0.0
2071,13075,Raymond Cody,Cal St. Northridge,0.0,0.3333333333333333,0.17857142857142858,0.8125
2072,13084,Kevin Winford,Eastern Washington,0.0,0.5,0.35,0.9090909090909091
2073,13097,Nick Greenbacker,Sacred Heart,0.0,0.4782608695652174,0.9090909090909091,1.0
2074,13099,Brandon Smith,Western Illinois,0.0,0.3333333333333333,0.2857142857142857,0.8333333333333334
2075,13102,Carl Jones,Saint Joseph's,0.0,0.23880597014925373,0.16666666666666666,0.7777777777777778
2076,13120,Matt Karn,Nebraska,0.0,0.0,0.0,1.0
2077,13123,Jamee Jackson,Quinnipiac,0.7777777777777778,0.5901639344262295,0.7,0.0
2078,13126,Oliver Brown,Mount St. Mary's,0.0,0.0,0.0,0.0
2079,13127,Shawn Glover,Utah,0.5,0.45454545454545453,0.3333333333333333,0.9333333333333333
2080,13128,Bobby Capobianco,Indiana,0.0,0.6666666666666666,0.0,0.0
2081,13129,David Foster,Utah,0.5384615384615384,0.43478260869565216,0.2857142857142857,0.0
2082,13133,Dave Johnson,Quinnipiac,0.0,0.3333333333333333,0.21052631578947367,0.6666666666666666
2083,13134,Robert Sanders,Alabama St.,0.0,0.4666666666666667,0.42105263157894735,0.8571428571428571
2084,13138,Stephawn Brown,Alabama St.,0.0,0.23076923076923078,0.6666666666666666,0.8333333333333334
2085,13139,Christopher Duncan,Alabama St.,0.5714285714285714,0.5365853658536586,0.8333333333333334,1.0
2086,13151,Dominique Dawson,Minnesota,0.0,0.0,0.0,0.0
2087,13157,Rashon Dwight,Iona,0.4,0.32608695652173914,0.25,0.9444444444444444
2088,13160,Lawrence Smith,North Carolina A&T,0.0,0.0,1.0,0.0
2089,13166,Cody Ellis,Saint Louis,1.0,0.8571428571428571,0.8,1.0
2090,13167,Andrew Dick,Texas,0.0,0.0,0.0,0.0
2091,13171,R.J. Buck,North Carolina A&T,0.6666666666666666,0.4444444444444444,0.16666666666666666,1.0
2092,13172,Jay Higgins,Eastern Michigan,1.0,0.46153846153846156,0.4,0.9615384615384616
2093,13174,Jake Fosdick,Eastern Michigan,0.0,0.0,0.0,0.0
2094,13175,Jamell Harris,Eastern Michigan,0.75,0.6756756756756757,0.18181818181818182,0.0
2095,13184,Eric Williams,Cal St. Fullerton,0.0,0.0,0.4,1.0
2096,13186,Jordan Boots,South Dakota,0.0,0.2,0.6666666666666666,0.9375
2097,13191,Dave Diakite,UCF,0.6,0.5384615384615384,0.2,1.0
2098,13192,Douglas Davis,Princeton,0.0,0.42857142857142855,0.2,0.8805970149253731
2099,13196,Dontae Cannon,McNeese St.,0.5,0.375,0.0,1.0
2100,13211,Jacquan Nobles,Tennessee St.,0.0,0.3,0.0625,0.8837209302325582
2101,13213,Tashan Fredrick,Tennessee St.,0.0,0.8,0.625,1.0
2102,13215,Robert Covington,Tennessee St.,0.6153846153846154,0.38028169014084506,0.43333333333333335,0.9487179487179487
2103,13223,Mike Tuitt,Hampton,0.0,0.2,0.0,0.42857142857142855
2104,13224,Koron Reed,Hampton,0.9,0.6666666666666666,1.0,0.0
2105,13227,Kenny Mitchell,Charleston Southern,0.9090909090909091,0.6666666666666666,0.4473684210526316,0.0
2106,13242,Michael Lacey,Idaho St.,0.2,0.40540540540540543,0.6666666666666666,1.0
2107,13244,Jake Wasko,UMBC,0.0,0.25,1.0,0.0
2108,13246,Robert Tucker,Maryland Eastern Shore,0.0,1.0,0.0,0.0
2109,13259,Maurice Bolden,Southern Miss,0.7777777777777778,0.5714285714285714,0.28,0.7272727272727273
2110,13272,Ryan Evans,Wisconsin,0.5714285714285714,0.47058823529411764,0.5625,0.0
2111,13273,Jared Berggren,Wisconsin,0.5,0.45454545454545453,0.5555555555555556,1.0
2112,13275,Emeka Okafor Jr.,Western Illinois,1.0,0.35294117647058826,0.4166666666666667,0.0
2113,13276,Abdou Niang,Western Illinois,0.0,1.0,1.0,1.0
2114,13287,Josimar Ayarza,Southern Miss,0.7333333333333333,0.5769230769230769,0.5,1.0
2115,13289,Peyton Siva,Louisville,0.3333333333333333,0.2631578947368421,0.0,0.64
2116,13290,Tony Freeland,DePaul,0.7,0.46875,0.5365853658536586,0.0
2117,13291,Joe Belcaster,DePaul,0.0,0.0,0.0,0.0
2118,13292,Brett Ervin,Elon,0.0,0.6666666666666666,0.3333333333333333,1.0
2119,13294,Keith Fuetsch,Nevada,0.0,1.0,0.0,0.0
2120,13295,Patrick Nyeko,Nevada,0.0,0.4,0.0,1.0
2121,13296,Marko Cukic,Nevada,0.0,0.5,0.0,0.0
2122,13298,Gary Flowers,Southern Miss,0.6,0.3055555555555556,0.5423728813559322,0.8695652173913043
2123,13300,Tyler Norman,UNLV,0.0,0.0,0.0,0.0
2124,13314,Rod Emanuel,Middle Tennessee,0.0,0.07142857142857142,0.13333333333333333,1.0
2125,13316,James Gallman,Middle Tennessee,0.0,0.1875,0.23529411764705882,0.813953488372093
2126,13317,Trevor Ottley,Middle Tennessee,1.0,0.5945945945945946,0.5454545454545454,0.0
2127,13318,Jt Sulton,Middle Tennessee,0.8125,0.6515151515151515,0.696969696969697,1.0
2128,13324,Johnathan Gray,Cornell,0.0,0.3157894736842105,0.25,0.7894736842105263
2129,13325,Adrian Satchell,UMBC,0.0,0.6470588235294118,0.8,1.0
2130,13326,Michael Martin,Alcorn St.,0.6666666666666666,0.7,0.6666666666666666,0.0
2131,13334,Tim Williams,Saint Mary's,0.9090909090909091,0.6285714285714286,0.7142857142857143,0.0
2132,13338,Tony Eackles,Alcorn St.,1.0,0.36363636363636365,0.16666666666666666,1.0
2133,13343,Brett McKnight,Akron,1.0,0.5116279069767442,0.4117647058823529,0.9310344827586207
2134,13350,Nick Haywood,Houston,0.0,0.75,1.0,0.7142857142857143
2135,13351,Maurice McNeil,Houston,0.875,0.5764705882352941,0.5,0.0
2136,13353,Cory Tellis,Houston,0.0,0.0,0.0,0.0
2137,13354,Adam Brown,Houston,0.0,0.29411764705882354,0.3076923076923077,0.8043478260869565
2138,13356,Kendrick Washington,Houston,1.0,0.7551020408163265,0.625,0.0
2139,13357,Kirk Van Slyke,Houston,0.75,0.631578947368421,0.5454545454545454,1.0
2140,13358,Nik Cochran,Davidson,0.0,0.23076923076923078,0.125,0.6956521739130435
2141,13359,Jake Cohen,Davidson,0.5,0.5476190476190477,0.5,1.0
2142,13362,Maalik Wayns,Villanova,0.0,0.25396825396825395,0.1956521739130435,0.625
2143,13363,Mouphtaou Yarou,Villanova,1.0,0.625,0.5714285714285714,0.0
2144,13365,Chris Johnson,Saint Francis,0.0,0.2553191489361702,0.13333333333333333,0.7619047619047619
2145,13368,Tony Peters,Saint Francis,1.0,0.5294117647058824,0.6666666666666666,0.0
2146,13369,Anthony Ervin,Saint Francis,1.0,0.7142857142857143,0.5714285714285714,0.7619047619047619
2147,13370,Kelsey Barlow,Purdue,0.4,0.42105263157894735,0.4166666666666667,0.0
2148,13371,Bubba Day,Purdue,0.0,0.0,0.0,1.0
2149,13378,C. J. Reed,Bethune Cookman,0.0,0.2608695652173913,0.12345679012345678,0.2916666666666667
2150,13385,Vernon Taylor,Troy,0.5,0.3090909090909091,0.18604651162790697,0.8275862068965517
2151,13387,Luiz Toledo,Idaho,0.8461538461538461,0.6111111111111112,0.5357142857142857,0.0
2152,13395,Kawhi Leonard,San Diego St.,0.47368421052631576,0.38461538461538464,0.30927835051546393,0.6956521739130435
2153,13396,Kyle Barone,Idaho,0.9642857142857143,0.6666666666666666,0.6111111111111112,0.0
2154,13401,Mike Burwell,South Florida,0.0,0.0,0.25,0.7777777777777778
2155,13402,Jarrid Famous,South Florida,0.9090909090909091,0.6666666666666666,0.6,0.0
2156,13404,Terence Jones,Texas A&M Corpus Chris,0.3333333333333333,0.2608695652173913,0.5,0.7083333333333334
2157,13406,Javier Carter,South Alabama,0.5555555555555556,0.391304347826087,0.45454545454545453,0.0
2158,13407,Alex Marcotullio,Northwestern,0.0,0.5652173913043478,1.0,1.0
2159,13408,Reggie Hearn,Northwestern,0.0,0.6666666666666666,0.0,1.0
2160,13409,Rydell Harris,Grambling St.,0.0,0.5714285714285714,1.0,0.0
2161,13410,Howard Thompkins III,Georgia,0.8947368421052632,0.6813186813186813,0.6625,0.8260869565217391
2162,13419,Tim Williams,South Alabama,0.6666666666666666,0.4098360655737705,0.6153846153846154,0.8214285714285714
2163,13421,Aaron Pogue,Cleveland St.,1.0,0.7236842105263158,0.36363636363636365,0.0
2164,13425,Trevon Harmon,Cleveland St.,0.0,0.44871794871794873,0.38461538461538464,0.8333333333333334
2165,13429,Eddie Murray,Florida Gulf Coast,1.0,1.0,0.0,1.0
2166,13430,Anthony Banks,Florida Gulf Coast,0.7727272727272727,0.5206611570247934,0.5348837209302325,0.0
2167,13434,Derek Benter,North Dakota,1.0,0.72,0.5714285714285714,0.5
2168,13439,Tk Smith,Central Arkansas,0.0,0.0,1.0,0.9375
2169,13443,Dinko Marshavelski,Northeastern,1.0,0.6521739130434783,0.625,0.0
2170,13444,Joel Smith,Northeastern,0.6666666666666666,0.6153846153846154,0.5384615384615384,0.9090909090909091
2171,13447,Desmar Jackson,Wyoming,0.5238095238095238,0.22857142857142856,0.04081632653061224,0.625
2172,13453,Raven Barber,Mount St. Mary's,0.8181818181818182,0.6949152542372882,0.6190476190476191,0.0
2173,13458,Yvon Raymond,Saint Peter's,0.0,0.2857142857142857,0.5,1.0
2174,13463,Jake Koch,Northern Iowa,0.5,0.3333333333333333,0.08695652173913043,0.8888888888888888
2175,13468,Marcus Jackson,Arizona St.,0.0,0.0,0.0,0.0
2176,13469,Trent Lockett,Arizona St.,0.6153846153846154,0.4823529411764706,0.48936170212765956,1.0
2177,13475,Lyvann Obame Obame,Maryland Eastern Shore,0.0,0.5223880597014925,0.42857142857142855,0.0
2178,13479,Russell Powell,Jacksonville,0.0,0.3333333333333333,0.17391304347826086,0.9230769230769231
2179,13482,Rupert Rose,Grambling St.,0.0,0.1794871794871795,0.36666666666666664,0.75
2180,13484,Kendrick Harris,Lamar,0.0,0.16666666666666666,0.14285714285714285,0.9285714285714286
2181,13485,Donley Minor,Lamar,0.0,0.2,0.3333333333333333,0.8709677419354839
2182,13488,Stan Brown,Lamar,1.0,0.631578947368421,0.4444444444444444,0.0
2183,13506,Greg Smith,Fresno St.,0.851063829787234,0.6862745098039216,0.631578947368421,0.0
2184,13507,Garrett Johnson,Fresno St.,0.0,0.5,0.0625,0.9318181818181818
2185,13508,Mitch Wilmer,North Dakota,0.0,1.0,0.25,0.0
2186,13509,Jordan Allard,North Dakota,1.0,0.5238095238095238,0.5,1.0
2187,13510,Nick Haugen,North Dakota,0.0,0.0,0.3333333333333333,1.0
2188,13512,Spencer Goodman,North Dakota,0.0,0.0,0.0,1.0
2189,13515,LaMarcus Reed,UT Arlington,0.625,0.40540540540540543,0.20833333333333334,0.85
2190,13527,John Moody,Elon,0.0,0.0,0.0,0.0
2191,13531,Eric Obeysekere,Holy Cross,0.7142857142857143,0.6153846153846154,0.6785714285714286,0.0
2192,13534,Matt Lander,Western Illinois,0.0,0.2777777777777778,0.15384615384615385,0.525
2193,13535,Kenny Boynton,Florida,1.0,0.5344827586206896,0.06451612903225806,0.8625
2194,13540,Erik Murphy,Florida,0.0,0.6666666666666666,0.6111111111111112,1.0
2195,13541,Ferg Myrick,New Hampshire,0.0,0.13043478260869565,0.0,1.0
2196,13546,Chandler Rhoads,New Hampshire,0.0,0.1388888888888889,0.047619047619047616,0.7916666666666666
2197,13547,Chase Stigall,Butler,0.0,0.7142857142857143,0.25,0.85
2198,13550,Carlos Dos Santos,Central Arkansas,0.0,0.47368421052631576,0.38095238095238093,0.0
2199,13554,Cameron Miles,San Diego,0.0,0.375,0.6,1.0
2200,13558,Jamar Ragland,Alcorn St.,0.8181818181818182,0.4864864864864865,0.375,1.0
2201,13559,Emil Kim,UC Irvine,0.0,0.5,0.16666666666666666,0.0
2202,13567,Tyshawn Taylor,Kansas,0.7777777777777778,0.3076923076923077,0.0625,0.8947368421052632
2203,13569,Ed Waite,Monmouth,0.0,0.4722222222222222,0.4090909090909091,1.0
2204,13570,Mike Cavataio,Holy Cross,0.2222222222222222,0.32653061224489793,0.5,0.8
2205,13586,Freddie Riley,Massachusetts,1.0,0.7647058823529411,0.47058823529411764,0.8863636363636364
2206,13587,Sampson Carter,Massachusetts,1.0,0.4375,0.6666666666666666,1.0
2207,13592,Morakinyo Williams,The Citadel,1.0,0.8,0.75,0.0
2208,13595,Jake Troyli,Presbyterian,1.0,0.5348837209302325,0.39215686274509803,0.8666666666666667
2209,13596,Sam Martin,Yale,0.0,0.0,0.5,0.9090909090909091
2210,13599,Josh Jones,Creighton,0.0,0.46153846153846156,0.55,0.9393939393939394
2211,13605,Roger Dugas,Elon,0.0,0.3333333333333333,0.6,0.9583333333333334
2212,13613,Luke Kraus,Bowling Green,0.0,1.0,0.2857142857142857,0.9130434782608695
2213,13618,Jared Cunningham,Oregon St.,0.5652173913043478,0.47619047619047616,0.3333333333333333,0.9629629629629629
2214,13620,Jamal Olasewere,LIU,0.5,0.28431372549019607,0.2727272727272727,1.0
2215,13621,Larry Davis,Loyola Marymount,0.0,0.46153846153846156,0.41379310344827586,1.0
2216,13627,Pavol Losonsky,UC Irvine,0.0,0.3888888888888889,0.39473684210526316,0.875
2217,13633,Rusian Pateev,Arizona St.,0.8571428571428571,0.6923076923076923,0.6153846153846154,0.0
2218,13635,Tadre Sheppard,Central Arkansas,0.7142857142857143,0.5,0.5,1.0
2219,13639,Stephan Van Treese,Louisville,0.4,0.6829268292682927,1.0,0.0
2220,13640,Caden Dickerson,Western Kentucky,0.0,0.6,0.2727272727272727,0.9
2221,13647,Aaron Dotson,LSU,0.5,0.3157894736842105,0.3333333333333333,0.6666666666666666
2222,13651,Gideon Gamble,Winthrop,1.0,0.75,0.4090909090909091,0.9090909090909091
2223,13654,Jon Hood,Kentucky,1.0,0.6666666666666666,0.3333333333333333,1.0
2224,13669,Moustapha Diarra,San Francisco,1.0,0.5581395348837209,0.3157894736842105,0.0
2225,13678,Jimmy Gray,Binghamton,0.0,0.47368421052631576,0.4,0.825
2226,13679,Derrick Thomas,Drexel,0.3333333333333333,0.5,0.5135135135135135,0.8947368421052632
2227,13693,Mike Marra,Louisville,0.6666666666666666,0.8,0.0,0.9555555555555556
2228,13694,Ibrahima Thomas,Cincinnati,0.7222222222222222,0.6166666666666667,0.5333333333333333,1.0
2229,13695,Alex Eppensteiner,Cincinnati,0.0,1.0,0.0,0.0
2230,13696,Dee Giger,Harvard,0.0,0.0,0.0,0.0
2231,13697,Christian Webster,Harvard,0.0,0.5,0.4074074074074074,0.8846153846153846
2232,13699,Jeff Georgatos,Harvard,0.0,0.3333333333333333,0.5,1.0
2233,13708,Marques Oliver,Delaware St.,0.5,0.44155844155844154,0.3448275862068966,0.0
2234,13709,Terron Stowe,Delaware St.,0.0,0.696969696969697,0.7,1.0
2235,13710,Alibaba Odd,Delaware St.,0.0,0.5,0.0,1.0
2236,13714,Kendal Brown-Surles,Southern Illinois,0.0,0.11764705882352941,0.2916666666666667,0.7777777777777778
2237,13719,Skylar McBee,Tennessee,0.0,0.5,0.25,0.9090909090909091
2238,13722,Javon Ralling,Binghamton,0.0,0.75,0.4,0.0
2239,13725,Preston Pena,Binghamton,0.0,0.0,0.0,0.0
2240,13727,Cadarian Raines,Virginia Tech,0.0,1.0,0.0,0.0
2241,13728,Erick Green,Virginia Tech,0.25,0.4166666666666667,0.32608695652173914,0.8846153846153846
2242,13729,Ben Boggs,Virginia Tech,0.0,0.0,0.0,1.0
2243,13730,Manny Atkins,Virginia Tech,0.0,0.6129032258064516,1.0,0.9523809523809523
2244,13737,Mark Yelovich,SIU Edwardsville,0.0,0.5,0.4,0.0
2245,13741,Anthony Wells,Cleveland St.,0.0,0.0,0.0,0.0
2246,13743,Drew Crawford,Northwestern,0.2,0.5,0.5897435897435898,0.9622641509433962
2247,13749,Shawn Henderson,Idaho,0.6,0.5151515151515151,0.4146341463414634,0.9259259259259259
2248,13756,Will Pratt,Northwestern St.,0.75,0.36607142857142855,0.391304347826087,0.7142857142857143
2249,13758,Justin Leemow,North Carolina Central,0.0,0.07407407407407407,0.0,0.0
2250,13760,Dijon Manns,North Carolina Central,1.0,0.5714285714285714,0.4,0.0
2251,13761,Dwayne Sims,North Carolina Central,0.0,0.0,0.0,0.6666666666666666
2252,13762,C.J. Wilkerson,North Carolina Central,0.16666666666666666,0.25,0.13793103448275862,0.7073170731707317
2253,13763,Dwayne Smith,George Washington,0.25,0.3148148148148148,0.35294117647058826,0.8333333333333334
2254,13769,Todd Hanni,UNLV,0.0,0.5,0.0,0.0
2255,13776,Mike Bruesewitz,Wisconsin,0.6666666666666666,0.5,0.42857142857142855,0.95
2256,13786,Michael Dixon,Missouri,0.0,0.4827586206896552,0.27586206896551724,0.6388888888888888
2257,13793,Michael Starks,Alcorn St.,1.0,0.7222222222222222,0.5833333333333334,0.0
2258,13799,Marcus Ware,Monmouth,0.0,0.36363636363636365,0.8076923076923077,0.0
2259,13801,Justin Salzwedel,Boise St.,0.0,0.0,0.0,1.0
2260,13803,Taylor Broekhuis,Air Force,0.75,0.6923076923076923,0.4444444444444444,1.0
2261,13820,Jameel Grace,Southern,0.0,0.22727272727272727,0.2857142857142857,0.5
2262,13827,Joseph Wright,South Carolina St.,0.0,1.0,0.0,0.0
2263,13834,Chris Clausen,North Dakota,0.0,0.5454545454545454,0.0,1.0
2264,13836,Doug Archer,North Dakota,0.0,0.5,0.0,0.0
2265,13837,Jontel Evans,Virginia,0.0,0.06818181818181818,0.36363636363636365,0.6
2266,13840,Adam Braswell,Morgan St.,0.0,0.0,0.0,0.875
2267,13849,Ben Martin,Nicholls St.,0.0,0.5,0.0,1.0
2268,13851,Armani Williams,UT Arlington,0.0,0.16666666666666666,0.0,0.9285714285714286
2269,13861,Malcolm Grant,Miami FL,0.0,0.3181818181818182,0.14285714285714285,0.5531914893617021
2270,13862,Reggie Johnson,Miami FL,0.8421052631578947,0.4672131147540984,0.2558139534883721,0.0
2271,13879,Jordan McCoy,Florida Atlantic,0.7142857142857143,0.47058823529411764,0.2222222222222222,0.0
2272,13880,Cecil Gresham,Bryant,0.5,0.2903225806451613,0.65625,0.9705882352941176
2273,13881,Malik Stith,St. John's,0.0,0.2,0.2222222222222222,1.0
2274,13882,Elliott Lloyd,Northern Colorado,0.0,0.2777777777777778,0.0,0.7368421052631579
2275,13883,Scott Wood,N.C. State,1.0,0.6666666666666666,0.6666666666666666,0.9722222222222222
2276,13891,Michael Glasker,North Carolina Central,0.0,0.0,0.0,0.0
2277,13895,Durand Scott,Miami FL,0.5,0.2191780821917808,0.06451612903225806,0.6296296296296297
2278,13902,Ray Turner,Texas A&M,1.0,0.48148148148148145,0.6666666666666666,0.0
2279,13917,Josh Benson,Dayton,1.0,0.5789473684210527,0.6086956521739131,0.0
2280,13918,Orane Chin,Cal St. Fullerton,0.5833333333333334,0.4909090909090909,0.29545454545454547,0.9130434782608695
2281,13919,Josh Chavis,USC Upstate,0.0,0.16666666666666666,0.16666666666666666,0.8771929824561403
2282,13920,Jon McAllian,Maine,0.0,0.0,0.0,0.0
2283,13923,Lewis Jones,Evansville,0.0,0.5,0.4375,1.0
2284,13924,Julius Brooks,Loyola MD,0.5,0.3333333333333333,0.0,0.0
2285,13927,Aaron Henson,Cal St. Northridge,0.0,0.0,0.0,0.0
2286,13930,Jake Gollon,Mercer,0.0,0.5555555555555556,0.8333333333333334,1.0
2287,13931,Mark Robertson,Maryland Eastern Shore,1.0,0.5714285714285714,0.3333333333333333,0.9259259259259259
2288,13932,Shamir Davis,Northwestern St.,0.0,0.21875,0.14285714285714285,0.8888888888888888
2289,13935,Hillary Haley,Maryland Eastern Shore,0.25,0.4155844155844156,0.2894736842105263,0.8125
2290,13939,O.J. Evans,Northwestern St.,1.0,0.55,1.0,0.0
2291,13940,Perris Blackwell,San Francisco,1.0,0.5408163265306123,0.3,0.0
2292,13942,Charonn Woods,Bradley,0.0,0.0,0.0,0.0
2293,13943,Michael Chroney,Bryant,0.0,0.0,0.0,0.0
2294,13948,Jerramy King,Long Beach St.,0.0,0.0,1.0,0.0
2295,13952,Angus Brandt,Oregon St.,1.0,0.5172413793103449,0.3888888888888889,0.8888888888888888
2296,13954,Devon Baker,Northwestern St.,0.0,0.2857142857142857,0.0967741935483871,0.7377049180327869
2297,13957,John Hoskins,Detroit Mercy,1.0,1.0,0.5,0.0
2298,13959,Kyle Richardson,Long Beach St.,1.0,0.4,0.3333333333333333,0.0
2299,13964,Charles Holt,Memphis,0.0,0.0,0.0,0.0
2300,13968,D.J. Stephens,Memphis,0.6666666666666666,0.6,0.7777777777777778,1.0
2301,13974,Jordan Hulls,Indiana,0.0,0.36363636363636365,0.08695652173913043,0.7818181818181819
2302,13975,Christian Watford,Indiana,0.8181818181818182,0.543859649122807,0.30612244897959184,0.8648648648648649
2303,13978,Jordan Griffin,Coastal Carolina,0.0,0.0,0.0,1.0
2304,13985,William Cooper,Eastern Michigan,0.75,0.5555555555555556,1.0,0.0
2305,13996,Jonathan Breeden,Siena,0.0,0.2,0.0625,0.16666666666666666
2306,14001,O.D. Anosike,Siena,0.8421052631578947,0.6263736263736264,0.17391304347826086,0.0
2307,14005,Brandon James,Colgate,0.0,0.42857142857142855,0.38461538461538464,0.9
2308,14013,Blake Metcalf,Albany,1.0,0.5,0.42857142857142855,0.0
2309,14015,Derrek Tartt,Albany,0.0,0.0,0.5,0.0
2310,14018,Stephon Carter,Cal St. Bakersfield,0.4,0.37254901960784315,0.24691358024691357,0.8
2311,14019,Donald Johnson,Cal St. Bakersfield,0.8333333333333334,0.6875,0.5714285714285714,0.9230769230769231
2312,14026,Marshon Brooks,Providence,0.7037037037037037,0.4375,0.18461538461538463,0.582089552238806
2313,14028,Kyle Petersen,Akron,0.0,0.0,0.0,0.0
2314,14029,Chad Adams,New Mexico,1.0,0.7,1.0,1.0
2315,14031,Jamal Fenton,New Mexico,0.0,0.13043478260869565,0.0,0.8888888888888888
2316,14032,Jackson Stevenett,Southern Utah,0.8333333333333334,0.46153846153846156,0.5,1.0
2317,14034,Matt Staff,Texas St.,1.0,0.6666666666666666,0.5714285714285714,0.8
2318,14035,Jordan Weirick,Southern Utah,0.0,0.375,0.7,0.875
2319,14037,Jaron Lane,UNC Asheville,0.23076923076923078,0.4915254237288136,0.55,0.8461538461538461
2320,14041,Anthony Kelley,Illinois Chicago,0.0,1.0,0.0,0.0
2321,14042,Jorge Brian Diaz,Nebraska,1.0,0.7605633802816901,0.31645569620253167,0.0
2322,14045,Ray Gallegos,Nebraska,1.0,1.0,0.35,0.8333333333333334
2323,14047,Will Barrett,Princeton,0.0,0.6,0.0,1.0
2324,14048,Mike Fox,Nebraska,0.0,0.5,0.5,0.0
2325,14057,Fabio Ribeiro,Louisiana Monroe,0.0,0.5185185185185185,0.8181818181818182,1.0
2326,14060,Corvonn Gaines,East Carolina,0.0,0.34285714285714286,0.0,0.8
2327,14064,Mitch Woolpert,San Diego,0.0,1.0,0.0,0.0
2328,14075,Jackie Carmichael,Illinois St.,0.8333333333333334,0.5714285714285714,0.6716417910447762,0.0
2329,14076,Justin Clark,Illinois St.,0.3333333333333333,0.15384615384615385,0.0,0.875
2330,14077,Luke Hancock,George Mason,0.6153846153846154,0.28378378378378377,0.09090909090909091,0.782608695652174
2331,14078,Vertrail Vaughns,George Mason,0.0,0.25,0.3333333333333333,0.9090909090909091
2332,14080,Dylan Royer,Cal Poly,0.0,1.0,0.0,0.9
2333,14085,Justin Davis,Florida Atlantic,1.0,0.3333333333333333,0.0,0.0
2334,14088,Jeffrey Forbes,Eastern Washington,0.0,0.2857142857142857,0.2857142857142857,0.8723404255319149
2335,14091,Laron Griffin,Eastern Washington,0.8888888888888888,0.38095238095238093,0.631578947368421,0.0
2336,14093,Daryl McCoy,Drexel,0.75,0.3269230769230769,0.6190476190476191,0.0
2337,14102,P.J. Taylor,North Carolina Central,0.0,0.0,0.0,0.0
2338,14108,Booker Hucks,LIU,0.6666666666666666,0.5263157894736842,0.5,1.0
2339,14117,Alex Oriakhi,Connecticut,0.7222222222222222,0.4473684210526316,0.48717948717948717,0.0
2340,14122,Jamal Coombs-McDaniel,Connecticut,0.5,0.6842105263157895,0.7368421052631579,0.9583333333333334
2341,14125,Jimmy Sherburne,Princeton,0.0,0.0,0.0,0.0
2342,14132,Tyvon Williams,South Carolina St.,0.5,0.25806451612903225,0.16666666666666666,0.5806451612903226
2343,14133,Ryan Kelly,Duke,0.9375,0.6595744680851063,0.6923076923076923,1.0
2344,14135,Blake Sanford,Southern,0.0,0.5333333333333333,0.5217391304347826,0.8333333333333334
2345,14136,Quinton Doggett,Southern,0.7692307692307693,0.4827586206896552,0.7209302325581395,1.0
2346,14138,Madut Bol,Southern,0.8,0.42857142857142855,0.8333333333333334,1.0
2347,14143,Jheryl Wilson,NJIT,0.0,0.3269230769230769,0.28,0.8181818181818182
2348,14149,Andrew Lawrence,Charleston,0.0,0.35294117647058826,0.0,0.9230769230769231
2349,14151,Jordan Swarbrick,Utah Valley,0.0,0.20833333333333334,0.36363636363636365,0.9444444444444444
2350,14158,Andrew Rutledge,Florida St.,0.0,0.0,0.0,1.0
2351,14167,De'Shaud Johnson,East Tennessee St.,0.0,0.0,0.0,1.0
2352,14168,Sheldon Cooley,East Tennessee St.,0.0,0.125,0.21052631578947367,0.6666666666666666
2353,14170,Lukas Poderis,East Tennessee St.,0.0,0.5,0.2,0.0
2354,14171,Jeff Robinson,Seton Hall,1.0,0.5342465753424658,0.39473684210526316,0.972972972972973
2355,14174,Justin Tubbs,East Tennessee St.,0.7142857142857143,0.32432432432432434,0.0,0.8873239436619719
2356,14184,Rory Fannon,Utah Valley,0.0,0.0,0.5,0.0
2357,14188,Stephon Lamar,Pacific,0.0,0.0,0.0,0.0
2358,14189,Kevin Stineman,SIU Edwardsville,0.0,0.0,0.5833333333333334,1.0
2359,14191,Liam McCabe-Moran,Manhattan,0.0,0.0,0.0,0.0
2360,14192,Trent Hutchin,Southeastern Louisiana,0.0,0.23076923076923078,0.5897435897435898,0.9090909090909091
2361,14195,Gary Dixon,Southeastern Louisiana,0.0,0.2857142857142857,0.2727272727272727,0.8108108108108109
2362,14197,Brandon Evans,UNC Greensboro,0.0,0.22857142857142856,0.08,0.7608695652173914
2363,14209,Davon Jones,Jackson St.,0.0,0.7142857142857143,0.25,0.0
2364,14211,Korey VanDussen,UNC Greensboro,0.0,0.2608695652173913,0.225,0.9090909090909091
2365,14214,Reece Uhlenhopp,Drake,0.0,0.6666666666666666,0.0,1.0
2366,14215,Ben Simons,Drake,1.0,0.5238095238095238,0.5161290322580645,0.9047619047619048
2367,14216,David Smith,Drake,0.0,0.3333333333333333,0.0,0.0
2368,14221,Kyle Randall,UNC Greensboro,0.0,0.0,0.027777777777777776,0.7666666666666667
2369,14227,Ray Penn,Oklahoma St.,0.0,0.2222222222222222,0.2,0.7307692307692307
2370,14241,Jason Pancoe,Army,0.0,0.4,0.16666666666666666,0.7407407407407407
2371,14245,Frank Gaines,Purdue Fort Wayne,0.5,0.49514563106796117,0.2,0.9259259259259259
2372,14246,John Peckinpaugh,Purdue Fort Wayne,0.0,0.36363636363636365,1.0,1.0
2373,14247,Jeremy Mixon,Purdue Fort Wayne,0.0,0.13333333333333333,0.2777777777777778,0.64
2374,14250,Trey McCorkle,Purdue Fort Wayne,0.75,0.6891891891891891,0.48,0.0
2375,14252,Khalif Toombs,South Carolina St.,0.0,0.13636363636363635,0.25,0.8333333333333334
2376,14258,Jordan Jefferson,Alabama St.,0.0,0.3333333333333333,0.8333333333333334,0.0
2377,14266,Raheem May-Thompson,Quinnipiac,1.0,0.5625,0.8888888888888888,0.0
2378,14267,Doug Howard,William & Mary,0.0,0.0,0.0,0.0
2379,14268,Artie Marine,Kennesaw St.,0.0,0.5,0.5,1.0
2380,14273,Deontay Twyman,Quinnipiac,0.0,0.38235294117647056,0.41818181818181815,0.8695652173913043
2381,14282,Verdell Jones III,Indiana,0.0,0.23529411764705882,0.18333333333333332,0.7058823529411765
2382,14297,Dennis Harris,LSU,0.0,0.0,1.0,0.0
2383,14301,Lorne Jackson,Pepperdine,0.0,0.3090909090909091,0.26666666666666666,0.7027027027027027
2384,14305,Hashim Bailey,Massachusetts,1.0,0.3888888888888889,0.5,0.0
2385,14315,Tj DiLeo,Temple,0.5,0.7,0.5,1.0
2386,14316,Mitch Rolls,Colgate,0.0,0.0,0.10714285714285714,0.55
2387,14319,Colin Klebon,Bucknell,0.0,0.9,0.625,0.0
2388,14322,Robert Olson,Loyola MD,0.0,0.4375,0.23076923076923078,0.9777777777777777
2389,14326,Stanley Honorat,Charleston Southern,0.0,0.0,0.0,0.0
2390,14333,Shaun Adams,Loyola Chicago,0.0,0.6,0.0,1.0
2391,14340,Raymond Taylor,Florida Atlantic,0.0,0.08571428571428572,0.09090909090909091,0.7213114754098361
2392,14341,Andre Mattison,Florida Atlantic,0.0,0.2,0.0,0.0
2393,14345,Greg Gantt,Florida Atlantic,0.0,0.37254901960784315,0.43478260869565216,1.0
2394,14347,DeMonte Simpson,Florida Atlantic,0.0,0.0,0.0,0.0
2395,14351,Ryan Brimley,Southern Utah,0.0,0.4,0.5238095238095238,0.8541666666666666
2396,14354,James Albright,Cal St. Bakersfield,0.0,0.5,0.5833333333333334,1.0
2397,14356,Justin Ayers,Nicholls St.,0.0,0.5,0.3333333333333333,0.9166666666666666
2398,14359,Brendan Connolly,Princeton,0.5,0.625,0.5,0.0
2399,14360,Mack Darrow,Princeton,0.0,0.55,0.3333333333333333,0.95
2400,14362,Ian Hummer,Princeton,0.6666666666666666,0.5112781954887218,0.5,0.0
2401,14364,Brian Cameron,Southern Utah,1.0,0.25,0.0,0.0
2402,14365,Damon Heuir,Southern Utah,0.0,0.36363636363636365,0.38461538461538464,1.0
2403,14370,David Pellom,George Washington,0.8095238095238095,0.71875,0.7333333333333333,1.0
2404,14373,Stan Okoye,VMI,0.3125,0.21739130434782608,0.2,0.8666666666666667
2405,14374,Branden Doughty,Coppin St.,0.8333333333333334,0.5925925925925926,0.8333333333333334,0.0
2406,14376,Dee Goens,Holy Cross,0.0,0.18181818181818182,0.0,0.75
2407,14380,Pj Miller,NJIT,0.0,0.2702702702702703,0.125,1.0
2408,14386,Nikola Malesevic,Rhode Island,0.0,0.4909090909090909,0.5,1.0
2409,14390,Jordan Stevens,Holy Cross,1.0,0.76,0.5652173913043478,0.9545454545454546
2410,14392,Colin Reddick,Furman,0.75,0.4230769230769231,0.2,0.0
2411,14393,James Padgett,Maryland,0.875,0.6875,0.5,0.0
2412,14396,Ersin Levent,Maryland,0.0,0.0,0.0,1.0
2413,14400,Brad Birton,Illinois Chicago,1.0,0.2903225806451613,0.7948717948717948,0.0
2414,14401,Aaron Thompson,Sam Houston St.,0.0,0.6,0.875,1.0
2415,14402,Tony Mitchell,Alabama,0.7692307692307693,0.5878378378378378,0.4897959183673469,0.8387096774193549
2416,14404,Gene Teague,Southern Illinois,1.0,0.75,0.5,0.0
2417,14407,Gilberto Clavell,Sam Houston St.,0.8947368421052632,0.7008547008547008,0.6756756756756757,1.0
2418,14412,Paris Bennett,George Mason,0.0,0.6666666666666666,0.8571428571428571,0.0
2419,14413,Donavan Bragg,Cal St. Bakersfield,1.0,0.46153846153846156,0.1836734693877551,0.7727272727272727
2420,14414,Kevin Feeney,Xavier,0.0,0.0,0.0,1.0
2421,14422,Darnel Jones,Savannah St.,0.0,1.0,1.0,1.0
2422,14427,Tyshawn Patterson,Stetson,0.0,0.20588235294117646,0.1111111111111111,0.75
2423,14429,J.B. Conley,Texas St.,0.0,0.5333333333333333,0.5833333333333334,1.0
2424,14430,Tony Bishop,Texas St.,0.6,0.5412844036697247,0.48484848484848486,0.0
2425,14436,Donnavan Kirk,Miami FL,0.0,0.0,0.6666666666666666,0.0
2426,14443,Nathan Parker,Wofford,0.0,0.3333333333333333,0.3333333333333333,1.0
2427,14444,Taylor Wagener,Wofford,0.0,0.0,0.0,1.0
2428,14448,DeShawn Painter,N.C. State,0.6666666666666666,0.6551724137931034,0.9230769230769231,0.0
2429,14452,Austin Pehl,Northern Iowa,1.0,0.5,0.25,0.0
2430,14456,Brandon Triche,Syracuse,0.5,0.4090909090909091,0.3333333333333333,0.86
2431,14458,Gokhan Sirin,Charlotte,0.0,0.5,0.0,1.0
2432,14461,Dane DiLiegro,New Hampshire,0.5555555555555556,0.45161290322580644,0.2916666666666667,1.0
2433,14463,Jacob Arnett,Lipscomb,1.0,0.375,0.0,0.7333333333333333
2434,14471,Josh Thompson,Wagner,0.3333333333333333,0.47058823529411764,0.64,1.0
2435,14472,Broderick Gilchrest,Idaho St.,0.0,0.1095890410958904,0.041666666666666664,0.7346938775510204
2436,14502,Abdoulaye N'doye,New Mexico St.,0.0,1.0,0.0,0.0
2437,14503,Bandja Sy,New Mexico St.,0.5,0.5238095238095238,0.3333333333333333,0.9411764705882353
2438,14508,Tyrone Watson,New Mexico St.,0.6666666666666666,0.5081967213114754,0.5555555555555556,0.9166666666666666
2439,14513,Khaliff Wyatt,Temple,0.0,0.2903225806451613,0.3,0.8541666666666666
2440,14514,Glenn Bryant,Arkansas,0.65,0.6052631578947368,0.3333333333333333,1.0
2441,14515,Jemal Farmer,Arkansas,1.0,0.7777777777777778,0.6666666666666666,0.6
2442,14518,Delvon Johnson,Arkansas,0.9285714285714286,0.6391752577319587,0.35714285714285715,0.0
2443,14519,Julysses Nobles,Arkansas,0.0,0.15625,0.10526315789473684,0.6206896551724138
2444,14520,Thomas Robinson,Kansas,0.6875,0.5517241379310345,0.42857142857142855,0.0
2445,14525,Rodriguez Sherman,Kent St.,0.42857142857142855,0.3372093023255814,0.043478260869565216,0.8695652173913043
2446,14538,Matt Morgan,Winthrop,1.0,0.5151515151515151,0.8409090909090909,0.0
2447,14540,Robbie Dreher,Winthrop,0.6666666666666666,0.4186046511627907,0.11538461538461539,0.9705882352941176
2448,14545,Louie Krogman,South Dakota,0.0,0.3148148148148148,0.16666666666666666,0.7647058823529411
2449,14549,Alex Pickert,Denver,0.0,0.6666666666666666,0.0,0.0
2450,14555,Ryan Wedel,Drake,0.0,0.2727272727272727,0.2903225806451613,0.6619718309859155
2451,14556,Bryson Pope,Tulsa,0.0,0.15151515151515152,0.16666666666666666,0.9285714285714286
2452,14558,Darius Theus,VCU,0.0,0.36,0.1111111111111111,1.0
2453,14559,Troy Daniels,VCU,0.0,0.0,0.0,1.0
2454,14563,DeAndre Hersey,South Alabama,0.0,0.6,0.75,1.0
2455,14564,Frank Wiseler,Drake,0.0,0.0,0.0,0.75
2456,14565,Brendan Bald,Vermont,0.5,0.5434782608695652,0.26666666666666666,0.92
2457,14566,Keith Searcy,Alcorn St.,0.0,0.36363636363636365,0.4117647058823529,1.0
2458,14567,Shaunvanta Ingram,Alcorn St.,0.0,0.2857142857142857,0.15384615384615385,1.0
2459,14571,Matt Sauey,North Florida,0.6363636363636364,0.703125,0.6875,1.0
2460,14573,Jamel Jackson,Seton Hall,0.0,0.6666666666666666,0.4,1.0
2461,14575,Cory Remekun,Saint Louis,0.9090909090909091,0.8125,0.6,0.0
2462,14576,Paolo Ivis,Loyola MD,0.0,1.0,0.0,0.0
2463,14584,Dwayne Lathan,Indiana St.,0.6875,0.2698412698412698,0.16666666666666666,0.8888888888888888
2464,14599,Austin Nichols,Northwestern,0.0,1.0,0.0,0.0
2465,14601,Jason Washburn,Utah,0.5555555555555556,0.40625,0.1794871794871795,0.0
2466,14603,Miles Dixon,Houston Christian,1.0,0.4,0.09090909090909091,0.6666666666666666
2467,14605,Fred Hinnenkamp,Houston Christian,0.0,0.5294117647058824,0.6285714285714286,0.9375
2468,14607,Ben Daniels,Houston Christian,0.0,0.2857142857142857,0.0,0.9333333333333333
2469,14608,Justin Rake,Louisiana Tech,0.0,0.0,0.0,0.0
2470,14609,Josh Odem,Chattanooga,0.0,0.5,0.0,0.9166666666666666
2471,14613,Michael Moss,Houston Christian,0.0,0.4,0.13636363636363635,0.88
2472,14616,B.J. Jenkins,Murray St.,0.0,0.30434782608695654,0.5555555555555556,0.8928571428571429
2473,14624,Joe Willman,Bucknell,0.0,0.6341463414634146,0.8805970149253731,1.0
2474,14625,Isaiah Canaan,Murray St.,0.6666666666666666,0.3,0.2631578947368421,0.8703703703703703
2475,14628,Adam Barnes,Belmont,0.0,0.45454545454545453,0.0,1.0
2476,14629,Brandon Baker,Belmont,0.0,0.5333333333333333,0.5,1.0
2477,14638,Jorden Page,Saint Mary's,0.0,0.0,0.25,0.6666666666666666
2478,14643,Julian Olubuyi,Northern Arizona,0.0,0.25,0.0,0.0
2479,14645,Matthew Dellavedova,Saint Mary's,0.0,0.34285714285714286,0.16666666666666666,0.7878787878787878
2480,14651,Jonathan Dupre',Pepperdine,0.0,0.5,0.6451612903225806,1.0
2481,14662,Tim Harris,Saint Mary's,0.0,0.0,0.0,0.0
2482,14667,Aj Spencer,Alabama St.,0.0,0.3333333333333333,0.0,0.0
2483,14669,D.J. Byrd,Purdue,0.0,0.75,0.6153846153846154,1.0
2484,14675,Levi Giese,Lafayette,1.0,0.4444444444444444,0.7142857142857143,0.9545454545454546
2485,14685,Mike Muscala,Bucknell,0.9047619047619048,0.57,0.6962025316455697,1.0
2486,14687,Erin Straughn,East Carolina,0.0,0.6,0.375,0.9310344827586207
2487,14689,Bak Bak,California,0.5,0.6875,0.6875,0.0
2488,14692,Markhuri Sanders-Frison,California,1.0,0.5333333333333333,0.4714285714285714,1.0
2489,14695,Brandon Smith,California,0.0,0.1724137931034483,0.7368421052631579,1.0
2490,14697,Nick Chasten,North Carolina Central,0.5,0.5396825396825397,0.4722222222222222,1.0
2491,14699,Leonard Hayes,Stony Brook,0.0,0.5,0.47368421052631576,0.8648648648648649
2492,14700,Marcus Rouse,Stony Brook,0.0,0.0,0.4166666666666667,0.7586206896551724
2493,14705,Preye Preboye,Stony Brook,0.6666666666666666,0.42857142857142855,0.3,0.0
2494,14707,Evan Salzano,East Carolina,0.0,0.0,0.0,0.0
2495,14709,Wakefield Ellison,East Carolina,0.0,0.42857142857142855,0.0,1.0
2496,14712,Dwight Buycks,Marquette,0.0,0.2682926829268293,0.16216216216216217,0.6410256410256411
2497,14715,Reggie Moore,Washington St.,0.6666666666666666,0.18181818181818182,0.0,0.75
2498,14717,Matt Hodgson,Southern Utah,0.7692307692307693,0.6551724137931034,0.2727272727272727,0.0
2499,14719,Lazar Bogdanovic,Colgate,0.0,1.0,0.25,0.0
2500,14722,Dominic Cheek,Villanova,0.8333333333333334,0.4583333333333333,0.5,0.92
2501,14724,Joe Carr,VMI,0.0,0.6,0.0,1.0
2502,14733,Terrance Mitchell,Maine,0.0,0.4444444444444444,0.0,0.8958333333333334
2503,14735,Mike Allison,Maine,0.5,0.3684210526315789,0.8333333333333334,0.0
2504,14737,Travon Wilcher,Maine,0.0,0.0,0.0,0.0
2505,14741,David Brown,Gardner Webb,0.0,0.0,0.0,0.7096774193548387
2506,14743,Keith Clanton,UCF,0.8333333333333334,0.4519230769230769,0.3548387096774194,0.95
2507,14744,Charles Funches,Hampton,0.7142857142857143,0.33962264150943394,0.6136363636363636,0.8571428571428571
2508,14746,Dipanjot Singh,Illinois Chicago,0.0,0.3,0.6666666666666666,0.9411764705882353
2509,14747,Charvez Davis,Alabama,0.0,0.3333333333333333,0.125,0.8309859154929577
2510,14748,Chris Hines,Alabama,0.7777777777777778,0.6923076923076923,0.3103448275862069,0.0
2511,14756,Josh Bartelstein,Michigan,0.0,0.0,0.0,1.0
2512,14757,Liam McInerney,Stetson,0.0,0.2,0.5,1.0
2513,14759,David Mazanowski,IU Indy,0.0,0.0,0.0,0.0
2514,14760,Troy Snyder,Green Bay,0.5,0.2857142857142857,0.5,1.0
2515,14762,Sean Esposito,IU Indy,0.0,0.0,0.0,0.85
2516,14763,Jordan Vandenberg,N.C. State,0.7,0.6666666666666666,0.0,0.0
2517,14764,Nick DeSchepper,IU Indy,0.0,0.0,0.0,1.0
2518,14767,Chris Braswell,Charlotte,1.0,0.5189873417721519,0.6666666666666666,1.0
2519,14768,Darius Morris,Michigan,0.5,0.16666666666666666,0.02,0.5333333333333333
2520,14769,Eso Akunne,Michigan,0.0,1.0,1.0,0.0
2521,14770,Matt Vogrich,Michigan,0.0,0.7777777777777778,0.5,0.9565217391304348
2522,14773,Lucas Devenny,UC Santa Barbara,0.0,0.5,1.0,0.0
2523,14775,Shane Walker,Loyola MD,0.5714285714285714,0.37209302325581395,0.5142857142857142,1.0
2524,14778,Alec Burks,Colorado,0.7307692307692307,0.4016393442622951,0.1935483870967742,0.5714285714285714
2525,14779,Marcus Relphorde,Colorado,0.8181818181818182,0.5125,0.21739130434782608,0.7804878048780488
2526,14783,Chase Hallam,Denver,0.0,0.4626865671641791,0.1,0.9142857142857143
2527,14784,Aaron Broussard,Seattle,0.0,0.42452830188679247,0.45,1.0
2528,14786,Nigel Spikes,Marshall,0.8387096774193549,0.7551020408163265,1.0,0.0
2529,14787,Gavin Gilmore,Seattle,1.0,0.64,0.6666666666666666,0.0
2530,14796,Cashmere Wright,Cincinnati,0.3333333333333333,0.25,0.045454545454545456,0.71875
2531,14809,Matt Massey,Southern Utah,0.0,0.7142857142857143,0.6774193548387096,1.0
2532,14814,Josh Nirenberg,Appalachian St.,0.0,0.0,0.0,0.0
2533,14816,Dogukan Kuzucan,UCF,0.0,1.0,1.0,0.0
2534,14817,Marcus Jordan,UCF,0.0,0.08333333333333333,0.10810810810810811,0.675
2535,14824,Mike Black,Albany,0.0,0.25,0.23076923076923078,0.8
2536,14825,Charles White,Hartford,0.0,0.6666666666666666,0.0,0.0
2537,14845,Greg Whitaker,Drake,0.0,0.0,0.0,0.0
2538,14846,Jimmy Williams,North Florida,0.3333333333333333,0.23636363636363636,0.15,0.95
2539,14847,Devon Lamb,Lamar,0.5,0.3939393939393939,0.4444444444444444,0.8125
2540,14849,Tremell Adams,Lamar,0.0,0.2,0.2857142857142857,0.8695652173913043
2541,14850,Orlando Brazier,Lamar,0.75,0.5454545454545454,0.7368421052631579,0.0
2542,14851,Brandon Davis,Lamar,1.0,0.4,0.3333333333333333,0.9523809523809523
2543,14852,Mike James,Lamar,0.625,0.36363636363636365,0.09375,0.8181818181818182
2544,14861,Bryce Jones,USC,0.16666666666666666,0.23529411764705882,0.2,0.85
2545,14863,Landon Tatum,Idaho,0.0,0.22857142857142856,0.5185185185185185,0.0
2546,14878,Justin Manns,Kent St.,0.7941176470588235,0.6666666666666666,0.8,0.0
2547,14888,Tim Hardaway Jr,Michigan,0.8333333333333334,0.5681818181818182,0.3888888888888889,0.8421052631578947
2548,14889,Shawn King,Illinois Chicago,0.0,0.0,1.0,0.0
2549,14890,Eddie Denard,Illinois Chicago,0.0,0.0,0.0,0.0
2550,14892,Dorian Tyler,Illinois Chicago,0.4,0.2857142857142857,0.5,1.0
2551,14894,Kenny McGowen,Idaho St.,0.0,0.05,0.08333333333333333,0.7241379310344828
2552,14897,Justin Brunswick,Idaho St.,0.0,0.0,0.0,0.0
2553,14899,Kamil Gawrzydek,Idaho St.,1.0,0.5,0.0,0.0
2554,14900,Amir Rashid,Central Michigan,0.0,0.25,0.25,0.5
2555,14901,Chase Grabau,Idaho St.,0.0,0.2692307692307692,0.6666666666666666,1.0
2556,14903,Russell Wilkinson,Idaho St.,0.0,0.0,0.5,0.0
2557,14904,Abner Moreira,Idaho St.,0.5,0.3333333333333333,0.6296296296296297,0.0
2558,14910,Nolan Hart,Syracuse,0.0,0.0,0.0,0.0
2559,14912,Ben Brust,Wisconsin,0.0,0.0,1.0,1.0
2560,14915,Nathan Conley,The Citadel,0.0,0.0,0.0,0.0
2561,14918,Ashton Khan,Canisius,0.0,0.75,0.0,0.0
2562,14920,Eric Kindler,Canisius,0.0,1.0,0.0,1.0
2563,14921,Marial Dhal,Canisius,0.5,0.6666666666666666,0.0,0.0
2564,14922,Chris Manhertz,Canisius,0.8,0.5454545454545454,1.0,0.0
2565,14923,Joshua Clyburn,Presbyterian,0.0,0.36363636363636365,0.42857142857142855,0.0
2566,14925,Tyler Deihl,Presbyterian,0.0,0.0,0.0,1.0
2567,14926,Clay Tormey,Davidson,0.0,0.0,0.0,0.0
2568,14932,Clint Mann,Davidson,0.5,0.32,0.30434782608695654,1.0
2569,14941,Perry Webster,Cal St. Fullerton,0.0,0.125,0.3157894736842105,0.64
2570,14942,Evan Faulkner,Radford,0.0,0.5,0.25,0.88
2571,14943,Rob Brandenberg,VCU,0.0,0.36,0.2727272727272727,0.9354838709677419
2572,14945,Chris Evans,Sacred Heart,0.3333333333333333,0.3548387096774194,0.47058823529411764,1.0
2573,14946,Rod Odom,Vanderbilt,0.0,0.0,0.25,0.9642857142857143
2574,14947,Kyle Fuller,Vanderbilt,0.0,0.2857142857142857,0.0,1.0
2575,14948,Bruce Ellington,South Carolina,0.0,0.045454545454545456,0.0,0.4426229508196721
2576,14952,Eric Smith,South Carolina,0.0,0.125,0.0,0.875
2577,14953,Damontre Harris,South Carolina,0.625,0.6923076923076923,0.47619047619047616,0.0
2578,14954,Brian Richardson,South Carolina,0.0,0.25,0.0,0.975609756097561
2579,14955,Doug McDermott,Creighton,1.0,0.6605504587155964,0.546875,0.9787234042553191
2580,14956,Stormberg Taylor,Creighton,0.0,0.0,0.0,0.0
2581,14957,Gregory Echenique,Creighton,0.72,0.6470588235294118,0.47619047619047616,0.0
2582,14958,Nick McFarlin,Eastern Illinois,0.0,0.4,0.125,1.0
2583,14961,Marceis Davis,Southern,0.0,0.3333333333333333,0.0,0.8
2584,14964,Levi Noel,Eastern Illinois,0.0,0.0,0.0,0.0
2585,14965,Isaac Smith,Eastern Illinois,0.0,0.2222222222222222,0.6666666666666666,1.0
2586,14966,Ross Ferrarini,Creighton,0.0,0.0,0.0,0.0
2587,14967,Jahenns Manigat,Creighton,0.0,0.35294117647058826,0.5,0.9512195121951219
2588,14976,Jay Bowie,Marist,0.0,0.38461538461538464,0.3333333333333333,0.9393939393939394
2589,14977,Adam Kemp,Marist,1.0,0.5,0.5714285714285714,0.0
2590,14979,Russ DeRemer,Syracuse,0.0,0.0,0.0,0.0
2591,14980,C.J. Fair,Syracuse,0.75,0.6037735849056604,0.5,1.0
2592,14982,Fab Melo,Syracuse,0.9230769230769231,0.8,0.75,0.0
2593,14983,Dion Waiters,Syracuse,0.5,0.25,0.26666666666666666,0.9259259259259259
2594,14985,Baye Moussa Keita,Syracuse,0.5,0.46153846153846156,0.8,0.0
2595,14987,Terence Smith,Tennessee Martin,1.0,0.1,0.022727272727272728,0.5909090909090909
2596,14988,Keith McDougald,Jacksonville,0.0,0.3684210526315789,0.32142857142857145,0.8888888888888888
2597,14990,Shamile Jeffers,Jacksonville,1.0,0.47368421052631576,0.3333333333333333,0.0
2598,14991,Aloys Cabell,Jacksonville,0.0,0.0,0.2222222222222222,1.0
2599,14993,John Wilkins,Illinois St.,1.0,1.0,0.34782608695652173,1.0
2600,14994,Keion Palmer,Jacksonville,0.6,0.625,0.6666666666666666,0.0
2601,14995,Kieondre Arkwright,UT Rio Grande Valley,0.0,0.14285714285714285,0.375,0.75
2602,14998,Ruben Cabrera,UT Rio Grande Valley,0.0,0.575,0.16666666666666666,0.9090909090909091
2603,15003,Mark Rutledge,Central Arkansas,0.0,0.41025641025641024,0.2413793103448276,0.9047619047619048
2604,15004,Ryan Williams,Central Arkansas,0.0,0.3333333333333333,0.1875,0.7058823529411765
2605,15006,Khyle Marshall,Butler,0.9375,0.54,0.4722222222222222,0.0
2606,15007,Erik Fromm,Butler,0.0,1.0,0.0,1.0
2607,15011,Tone Boyle,Milwaukee,0.0,0.375,0.11764705882352941,0.891566265060241
2608,15013,Kyle Kelm,Milwaukee,0.0,0.5625,0.25,0.8
2609,15015,Sherrard Brantley,Georgia,1.0,1.0,0.3333333333333333,0.96
2610,15019,Kc Rodenburg,South Dakota,0.0,0.0,0.0,0.5
2611,15022,Stephen Franklin,UTSA,0.0,0.4074074074074074,0.6,0.9545454545454546
2612,15023,Ricardo Andreotti,South Dakota,0.7,0.6122448979591837,0.6428571428571429,0.0
2613,15024,Hrvoje Vucic,Valparaiso,0.0,0.0,0.0,0.0
2614,15028,Jordan Latham,Xavier,0.0,0.3333333333333333,1.0,0.0
2615,15029,Robert Hayes,Cal St. Bakersfield,0.0,0.0,0.0,0.7272727272727273
2616,15030,Tyler Richardson,Wichita St.,0.0,0.0,1.0,1.0
2617,15036,Eric McAlister,Stony Brook,0.3333333333333333,0.42857142857142855,0.36363636363636365,0.75
2618,15037,Leo Davis,Centenary,0.0,0.3333333333333333,0.125,0.5945945945945946
2619,15038,Jeron Trotman,Centenary,1.0,0.4406779661016949,0.4,1.0
2620,15039,Matt Nichenko,Centenary,0.0,0.0,0.0,0.0
2621,15045,Mamadou Seck,Southern Illinois,1.0,0.5,0.3055555555555556,0.0
2622,15046,Jaye Crockett,Texas Tech,0.75,0.5652173913043478,0.46153846153846156,0.6666666666666666
2623,15047,Kraidon Woods,Drake,0.875,0.6363636363636364,0.0,0.0
2624,15048,Andrew Rebol,Centenary,0.0,0.8235294117647058,1.0,0.0
2625,15049,Troy Long,Southern Illinois,0.0,0.0,0.5714285714285714,1.0
2626,15050,Mykel Cleveland,Southern Illinois,0.0,0.0,0.08695652173913043,0.0
2627,15051,Phil Taylor,FIU,0.0,0.0,0.0,0.8181818181818182
2628,15056,Steve Frankoski,Columbia,0.0,0.3333333333333333,0.14285714285714285,0.9069767441860465
2629,15057,Julian Washington,Howard,0.0,0.0,1.0,0.0
2630,15060,Willie Kirkland,Coastal Carolina,0.0,0.0,0.0,1.0
2631,15061,Xavier Martin,High Point,0.0,0.0625,0.16666666666666666,0.9090909090909091
2632,15062,Desmond Holloway,Coastal Carolina,0.5,0.5208333333333334,0.35384615384615387,0.9047619047619048
2633,15063,Mike Holmes,Coastal Carolina,0.0,0.5909090909090909,0.4,0.0
2634,15065,Justin Cheek,High Point,0.0,0.0,0.75,0.8333333333333334
2635,15066,Shay Shine,High Point,0.4,0.30612244897959184,0.2222222222222222,0.8679245283018868
2636,15068,Khalid Robinson,Fordham,0.0,0.0,0.0,0.0
2637,15069,Pierre Miller,Presbyterian,0.0,0.23684210526315788,0.0,0.49122807017543857
2638,15070,Lawrence Bridges,Robert Morris,0.8,0.5909090909090909,0.5,0.0
2639,15071,Yann Charles,Robert Morris,0.0,0.5454545454545454,0.717948717948718,1.0
2640,15072,Tor Anderson,Montana St.,0.0,0.0,0.0,1.0
2641,15074,James Bell,Villanova,0.0,0.2222222222222222,0.0,0.9
2642,15077,Elton Roy,Robert Morris,0.0,0.0,1.0,1.0
2643,15081,Jourdain Allou,Montana St.,0.5,0.2857142857142857,0.14285714285714285,0.0
2644,15082,Shawn Reid,Montana St.,0.3333333333333333,0.15384615384615385,0.25,0.8484848484848485
2645,15086,Corey Raley-Ross,Buffalo,1.0,1.0,0.0,0.0
2646,15088,Donte Williams,Georgia,0.0,0.0,1.0,0.0
2647,15093,Justin Jackson,Morgan St.,0.0,0.6666666666666666,0.5,0.0
2648,15094,Ayotunde Oyeniyi,Fairleigh Dickinson,0.0,0.6666666666666666,0.9,0.0
2649,15097,Malik Johnson,Norfolk St.,0.0,0.0,0.0,0.0
2650,15098,Marco Porcher,Fairleigh Dickinson,0.0,0.7142857142857143,0.3333333333333333,0.6666666666666666
2651,15108,Josh Selby,Kansas,0.0,0.11764705882352941,0.2857142857142857,0.9411764705882353
2652,15109,Blake Foeman,Denver,0.0,1.0,1.0,0.0
2653,15111,Niko Roberts,Kansas,0.0,0.0,0.0,0.0
2654,15112,Sebastian Koch,Elon,0.0,0.16666666666666666,0.5,0.9714285714285714
2655,15114,Korey Sanders,Alcorn St.,0.0,0.4864864864864865,0.6,0.0
2656,15115,Marquiz Baker,Alcorn St.,0.0,0.2682926829268293,0.1724137931034483,0.7346938775510204
2657,15116,Jeremy Richards,Alcorn St.,0.0,0.0,0.0,0.0
2658,15117,Kendrick McDonald,Alcorn St.,0.0,0.06666666666666667,0.125,0.6
2659,15118,Darien Johnson,Alcorn St.,0.0,0.0,0.0,0.3333333333333333
2660,15119,Willie Brownlee,Alcorn St.,0.75,0.2777777777777778,0.2857142857142857,0.7
2661,15120,Chris Davenport,Alcorn St.,0.0,0.0,0.5,1.0
2662,15129,Dwayne Polee II,St. John's,0.16666666666666666,0.45161290322580644,0.28,0.8
2663,15132,Chris Richardson,Tennessee Martin,0.0,0.3333333333333333,0.0,1.0
2664,15133,Michael Green,Tennessee St.,0.8666666666666667,0.6486486486486487,0.875,0.0
2665,15137,Kenny Moore,Tennessee St.,0.0,0.4032258064516129,0.42857142857142855,0.9714285714285714
2666,15138,Jerret Towns,Tennessee St.,0.0,1.0,0.0,1.0
2667,15139,Patrick Miller,Tennessee St.,0.0,0.32653061224489793,0.1935483870967742,0.9090909090909091
2668,15142,Langston Galloway,Saint Joseph's,0.3333333333333333,0.25,0.15789473684210525,0.8615384615384616
2669,15143,Patrick Swilling,Saint Joseph's,0.0,0.3333333333333333,0.3333333333333333,0.8
2670,15144,Daryus Quarles,Saint Joseph's,0.0,0.14285714285714285,0.28205128205128205,1.0
2671,15145,Ronald Roberts,Saint Joseph's,0.72,0.6527777777777778,0.5,0.0
2672,15148,Cory Stanton,Clemson,0.0,0.0,0.09090909090909091,0.875
2673,15155,C.J. Wilcox,Washington,0.5,0.6666666666666666,0.4,0.9365079365079365
2674,15160,Will Wilson,North Florida,0.0,0.5,0.2,1.0
2675,15162,Vincenzo Nelson,Lamar,1.0,0.4166666666666667,0.2857142857142857,0.0
2676,15164,Jon Evans,Houston Christian,0.0,0.25,1.0,0.8235294117647058
2677,15166,Derek Semenas,Green Bay,0.0,0.5,0.0,1.0
2678,15174,Johathan Brooks,Charleston Southern,1.0,0.675,0.4090909090909091,1.0
2679,15176,Femi Akinpetide,Sacred Heart,0.5,0.2631578947368421,0.2857142857142857,0.0
2680,15179,Kenny Stewart,Eastern Michigan,0.0,0.2857142857142857,0.6,0.0
2681,15190,Trevor Williams,Colorado St.,0.0,0.0,0.0,0.0
2682,15191,Scott Martin,Notre Dame,0.5,0.5121951219512195,0.575,0.9705882352941176
2683,15197,Chris McNamara,Washington St.,0.0,0.0,0.0,0.0
2684,15198,Faisal Aden,Washington St.,0.25,0.32608695652173914,0.12698412698412698,0.8076923076923077
2685,15205,Malik Story,Nevada,0.0,0.2631578947368421,0.19047619047619047,0.6710526315789473
2686,15206,Frankie Dobbs,Bryant,0.0,0.16666666666666666,0.0967741935483871,0.7666666666666667
2687,15209,Tyler Ponticelli,Brown,0.0,0.3333333333333333,0.0,0.0
2688,15210,Jacquan McClinton,Central Arkansas,0.0,0.0,0.5,0.0
2689,15213,Tony Watson,Buffalo,0.0,1.0,0.25,0.6153846153846154
2690,15217,Ralph Hill,Dayton,1.0,1.0,0.0,1.0
2691,15222,Josh Parker,Dayton,0.0,0.4444444444444444,0.18181818181818182,0.6346153846153846
2692,15225,Andre Hatchett,Idaho St.,1.0,0.25,0.25,0.875
2693,15235,James Rahon,San Diego St.,0.0,0.46153846153846156,0.17391304347826086,0.9565217391304348
2694,15238,Jamal Mitchell,Gardner Webb,0.0,0.0,0.0,1.0
2695,15240,Makhtar Diop,New Mexico St.,0.0,0.0,0.0,0.0
2696,15246,Brad Brown,Utah St.,0.0,0.0,0.0,1.0
2697,15248,Jeff Latin,Centenary,0.0,0.0,0.0,0.0
2698,15249,Akeem Ellis,Coppin St.,0.0,0.029411764705882353,0.0967741935483871,0.8928571428571429
2699,15250,Tony Gallo,Coppin St.,0.0,0.11538461538461539,0.0,0.6136363636363636
2700,15251,Collin Johnson,Coppin St.,0.0,0.3333333333333333,0.6666666666666666,0.6666666666666666
2701,15254,Osman Olol,Coppin St.,0.0,0.0,0.0,0.0
2702,15255,Mike Simpson,Coppin St.,0.0,0.5,0.0,0.6666666666666666
2703,15257,Jacolby Pittman,Jackson St.,0.0,0.0,0.0,0.0
2704,15259,Sam Mills,La Salle,0.0,0.5185185185185185,0.5,0.9
2705,15261,Matt Sheehan,La Salle,0.0,0.0,0.0,0.0
2706,15264,Josh Hicks,Old Dominion,0.0,1.0,0.0,1.0
2707,15266,Mike Glover,Iona,0.8732394366197183,0.6218487394957983,0.5454545454545454,0.0
2708,15268,Johnathan Edwards,Radford,0.8,0.5614035087719298,0.3333333333333333,0.0
2709,15280,Kevin Cantinol,Florida Gulf Coast,0.6363636363636364,0.4716981132075472,0.5,0.0
2710,15281,Marlon Rivera,Florida Gulf Coast,0.0,0.19047619047619047,0.2857142857142857,0.0
2711,15289,T.J. Williams,UTSA,1.0,0.6521739130434783,0.6666666666666666,0.0
2712,15292,Tim Henderson,Louisville,0.0,0.6,0.0,1.0
2713,15295,Calvin Walker,UT Rio Grande Valley,0.0,0.0,1.0,0.0
2714,15301,Marcus Thornton,Georgia,0.5,0.25,0.5,0.5
2715,15302,Gerald Robinson,Georgia,0.4,0.35,0.19047619047619047,0.8064516129032258
2716,15303,Connor Nolte,Georgia,1.0,0.5714285714285714,0.6666666666666666,1.0
2717,15304,Rayshawn Goins,James Madison,1.0,0.4788732394366197,0.2558139534883721,1.0
2718,15305,Dutch Gaitley,Temple,0.0,0.0,0.0,0.0
2719,15307,Dom Morris,Boston University,0.0,0.43333333333333335,0.23809523809523808,0.9444444444444444
2720,15308,D.J. Irving,Boston University,0.0,0.09302325581395349,0.15384615384615385,0.6956521739130435
2721,15309,H.J. Gaskins,Boston University,0.0,0.0,0.0,0.0
2722,15321,Riley Maye,Norfolk St.,0.0,0.0,0.0,0.0
2723,15328,Todd Martin,South Alabama,0.0,1.0,0.0,1.0
2724,15339,Ken Horton,Central Connecticut,0.7857142857142857,0.6371681415929203,0.6190476190476191,0.9491525423728814
2725,15343,Matt Milk,St. Francis NY,0.5,0.7037037037037037,0.6666666666666666,0.0
2726,15344,Travis Nichols,St. Francis NY,0.0,0.5769230769230769,0.5714285714285714,0.9583333333333334
2727,15345,Adam Chmielewski,St. Francis NY,0.0,0.4,0.0,1.0
2728,15346,Laron Buggs,Gardner Webb,0.0,0.1320754716981132,0.11538461538461539,0.7037037037037037
2729,15350,Shawntez Patterson,Troy,1.0,0.4444444444444444,0.4,0.8780487804878049
2730,15355,Pablo Bertone,Florida Atlantic,0.0,0.3333333333333333,0.0,1.0
2731,15356,Tanner Milson,UNC Wilmington,0.0,0.0,0.09090909090909091,0.8666666666666667
2732,15357,Shane Reybold,UNC Wilmington,0.0,0.0,0.0,0.0
2733,15358,Cam Chambers,UNC Wilmington,0.0,0.0,0.0,0.0
2734,15360,Kammeon Holsey,Georgia Tech,1.0,0.6666666666666666,0.5454545454545454,0.0
2735,15362,Mikhail McLean,Houston,0.0,0.5,0.625,0.0
2736,15363,Darian Thibodeaux,Houston,1.0,0.6,0.6,0.9056603773584906
2737,15366,Kyle Davis,Southern Utah,0.9,0.5625,0.5652173913043478,1.0
2738,15367,Tyson Koehler,Southern Utah,0.0,0.7,0.7058823529411765,0.0
2739,15368,Rodney Glasgow,VMI,0.0,0.19047619047619047,0.06666666666666667,0.5714285714285714
2740,15371,Doron Lamb,Kentucky,0.0,0.5,0.3137254901960784,0.9558823529411765
2741,15373,Jarrod Polson,Kentucky,0.0,0.0,0.0,0.0
2742,15374,Terrence Jones,Kentucky,0.47058823529411764,0.32673267326732675,0.24050632911392406,0.8846153846153846
2743,15375,Troy Leaf,UC Santa Barbara,0.0,0.3333333333333333,0.3333333333333333,1.0
2744,15377,Cortney Bell,Prairie View A&M,1.0,0.5483870967741935,0.75,1.0
2745,15384,Marlon Louzeiro,Little Rock,1.0,0.6666666666666666,0.625,1.0
2746,15386,Mychal Parker,Maryland,1.0,0.5,0.0,0.0
2747,15388,Chris Perez,New Mexico,0.0,0.0,0.0,0.0
2748,15391,Zack Price,TCU,0.0,0.0,0.0,0.0
2749,15398,Xzaivier James,Northern Colorado,0.0,0.0,0.0,1.0
2750,15400,Paul Garnica,Northern Colorado,0.0,0.1,0.14285714285714285,0.7272727272727273
2751,15416,Kodi Maduka,Tulsa,0.8,0.47058823529411764,0.4,0.0
2752,15418,Kedrick Hogans,North Texas,0.875,0.6785714285714286,0.4583333333333333,0.0
2753,15422,James Carlton,Charleston,1.0,0.2857142857142857,0.3333333333333333,0.0
2754,15423,Nori Johnson,Charleston,0.0,0.0,0.0,1.0
2755,15424,Jordan Scott,Charleston,0.75,0.42857142857142855,0.0,0.4
2756,15425,Trent Wiedeman,Charleston,0.8947368421052632,0.6419753086419753,0.48,1.0
2757,15426,Ryan Whitehead,UTSA,0.0,0.0,0.0,0.0
2758,15427,Alex Vouyoukas,UTSA,0.0,0.4444444444444444,0.8,0.0
2759,15428,Ishmael Hollis,Western Carolina,0.0,0.0,0.0,0.0
2760,15429,Jeromie Hill,UTSA,0.9375,0.5769230769230769,0.5,0.9512195121951219
2761,15432,Michael White,UTSA,0.0,0.0,0.0,0.0
2762,15433,C.J. Aiken,Saint Joseph's,0.8928571428571429,0.8222222222222222,0.6538461538461539,0.8823529411764706
2763,15436,Patrick Robinson,Northwestern St.,0.0,0.29411764705882354,0.6666666666666666,1.0
2764,15438,Tyler Wood,UTSA,0.0,0.6,0.5,1.0
2765,15439,Jordan Sims,UTSA,0.0,0.25,1.0,1.0
2766,15453,Ify Umodu,Northern Arizona,0.0,0.0,0.0,0.0
2767,15454,Gus Leeper,Little Rock,0.0,0.6666666666666666,0.9090909090909091,0.6666666666666666
2768,15455,Alex Godette,Army,0.0,0.0,0.25,1.0
2769,15456,Logan Eitel,Indiana St.,0.0,0.0,0.0,0.0
2770,15459,Lucas Eitel,Indiana St.,0.0,0.0,0.5,1.0
2771,15460,Jake Odum,Indiana St.,0.0,0.14705882352941177,0.09302325581395349,0.625
2772,15461,Rj Mahurin,Indiana St.,0.0,0.9333333333333333,1.0,1.0
2773,15465,Anthony Criswell,UAB,0.0,0.5625,0.6,1.0
2774,15468,Steve Carver,Holy Cross,0.0,1.0,0.0,0.0
2775,15478,Jeff Jackson,Central Arkansas,0.0,0.0,0.0,1.0
2776,15479,Aaron Cooper,Missouri St.,0.0,0.0,0.0,1.0
2777,15480,Taylor Stevens,Seattle,0.0,0.0,0.0,1.0
2778,15481,Nathan Scheer,Missouri St.,0.0,0.9,0.625,0.9259259259259259
2779,15482,Corey Copeland,Missouri St.,0.0,0.5,0.6666666666666666,1.0
2780,15483,Nick Valla,Missouri St.,0.0,0.0,0.0,1.0
2781,15484,Pierson Williams,Loyola MD,0.0,0.0,0.0,1.0
2782,15486,Walt Lemon Jr.,Bradley,0.6666666666666666,0.1951219512195122,0.047619047619047616,0.9090909090909091
2783,15489,Dylon Cormier,Loyola MD,0.0,0.27906976744186046,0.6086956521739131,1.0
2784,15492,Justin Drummond,Loyola MD,1.0,0.4857142857142857,0.2,0.96
2785,15497,Chris Smith,Louisville,1.0,0.5555555555555556,0.3333333333333333,0.9736842105263158
2786,15498,Lamar Thomas,Houston Christian,0.0,0.5,0.8,0.0
2787,15504,Anthony Stover,UCLA,0.0,0.5,0.0,0.0
2788,15505,Dan Hartman,Kent St.,0.0,0.0,0.0,0.0
2789,15516,Trevor Noonan,Denver,1.0,0.5714285714285714,0.6666666666666666,1.0
2790,15529,Devon Moore,James Madison,0.6666666666666666,0.32142857142857145,0.13333333333333333,0.35
2791,15541,Cedric Jenkins,Southern Miss,0.0,0.0,0.0,1.0
2792,15542,LaShay Page,Southern Miss,0.0,0.14285714285714285,0.14285714285714285,0.8928571428571429
2793,15543,Gilbert Brown,Pittsburgh,0.7727272727272727,0.723404255319149,0.7837837837837838,1.0
2794,15546,Mikel Trapp,Bethune Cookman,0.0,1.0,0.5,0.9259259259259259
2795,15548,Garrius Holloman,Bethune Cookman,0.8571428571428571,0.5681818181818182,0.4,0.0
2796,15549,Phyllip Taylor,Idaho St.,1.0,0.13636363636363635,0.15625,0.625
2797,15550,Louis Montes,Sacred Heart,0.0,0.42105263157894735,0.25,0.9130434782608695
2798,15557,Antonio Williams,Coppin St.,1.0,0.47368421052631576,0.5217391304347826,0.0
2799,15560,Matt Cline,South Alabama,0.0,0.0,0.0,1.0
2800,15561,Carl Engstrom,Alabama,1.0,1.0,0.0,0.0
2801,15563,Shawn Jones,Middle Tennessee,0.5555555555555556,0.36666666666666664,0.3333333333333333,0.0
2802,15566,D.J. Haley,VCU,1.0,0.7647058823529411,1.0,0.0
2803,15567,Trevor Charles,Middle Tennessee,1.0,0.4782608695652174,0.15,0.0
2804,15568,Jae Crowder,Marquette,0.5,0.7045454545454546,0.75,0.8809523809523809
2805,15569,Vander Blue,Marquette,0.25,0.4782608695652174,0.631578947368421,1.0
2806,15571,Davante Gardner,Marquette,1.0,0.4864864864864865,0.5,0.0
2807,15572,Jason Carter,Alabama,0.0,0.0,0.5,0.0
2808,15579,Brian Frank,Kent St.,0.0,0.0,0.0,0.0
2809,15590,Al'lonzo Coleman,Presbyterian,0.0,0.42857142857142855,0.058823529411764705,1.0
2810,15592,Josh Johnson,Presbyterian,0.0,0.7857142857142857,0.5714285714285714,0.9069767441860465
2811,15595,T.J. Bray,Princeton,0.0,0.625,0.3333333333333333,1.0
2812,15598,Ben Hazel,Princeton,0.0,0.0,0.0,1.0
2813,15599,Tom Noonan,Princeton,0.0,0.0,0.0,0.0
2814,15600,Nick Goshay,Florida Gulf Coast,0.0,0.5,0.0,0.6666666666666666
2815,15601,Christophe Varidel,Florida Gulf Coast,0.0,0.5555555555555556,0.2222222222222222,0.7307692307692307
2816,15602,Tim Snyder,Florida Gulf Coast,0.0,0.38235294117647056,0.65,0.0
2817,15603,Jordan Negrin,Florida Gulf Coast,0.0,0.5,0.0,0.0
2818,15604,Chase Fieler,Florida Gulf Coast,0.0,0.4,0.5,1.0
2819,15605,L.C. Doss,Eastern Illinois,0.0,0.5,0.26666666666666666,0.9090909090909091
2820,15610,Frederick Coleman,Southern,0.8333333333333334,0.4166666666666667,0.5,0.0
2821,15619,Haukur Palsson,Maryland,0.0,0.6666666666666666,0.6666666666666666,1.0
2822,15621,Jeremy Dean,Florida A&M,0.4,0.2,0.6,1.0
2823,15622,Brandon Hosely,Florida A&M,0.0,0.0,0.1111111111111111,0.8888888888888888
2824,15623,Reggie Lewis,Florida A&M,0.0,0.16666666666666666,0.6,1.0
2825,15626,P.J. Hubert,IU Indy,0.0,0.0,0.0,1.0
2826,15627,Donovan Gibbs,IU Indy,1.0,0.5,0.9,0.0
2827,15628,Mitchell Patton,IU Indy,0.0,0.875,0.5714285714285714,1.0
2828,15635,Imad Qahwash,Central Arkansas,0.0,0.358974358974359,0.14285714285714285,0.9032258064516129
2829,15637,Derrick Banks,Morgan St.,0.0,0.0,0.0,0.8
2830,15639,Pendarvis Williams,Norfolk St.,0.25,0.42857142857142855,0.2857142857142857,0.7297297297297297
2831,15642,Blondy Baruti,Tulsa,1.0,1.0,0.0,0.0
2832,15645,Brandon Goode,Norfolk St.,1.0,0.6,0.0,0.0
2833,15646,Jordan Weathers,Norfolk St.,0.5,0.875,0.5,1.0
2834,15653,D.J. Magley,Tulsa,0.8,0.59375,0.3,0.0
2835,15658,Delino Dear,Toledo,0.6,0.6181818181818182,0.6052631578947368,0.0
2836,15659,Alex Dragicevich,Notre Dame,0.0,0.0,0.0,1.0
2837,15660,Asaad Woods,Liberty,0.0,0.0,0.0,0.0
2838,15664,Tim Owens,Troy,0.3333333333333333,0.5555555555555556,0.0,0.0
2839,15665,Eric Atkins,Notre Dame,0.0,0.5416666666666666,0.42857142857142855,1.0
2840,15670,Jerry Evans Jr.,Nevada,0.0,0.21739130434782608,0.6666666666666666,1.0
2841,15671,Illiwa Baldwin,Nevada,1.0,0.6666666666666666,0.3333333333333333,0.0
2842,15673,Blake Jenkins,Belmont,0.625,0.65625,1.0,0.8888888888888888
2843,15674,Aliaksei Patsevich,SMU,0.0,0.5,0.0,1.0
2844,15675,Jeremiah Samarrippas,SMU,0.0,0.22727272727272727,0.10714285714285714,0.8918918918918919
2845,15678,Kendall Durant,Alabama,0.0,0.0,0.0,1.0
2846,15681,Collin Mangrum,SMU,0.0,0.41379310344827586,0.4444444444444444,1.0
2847,15700,Justin Banks,Alabama A&M,0.0,0.0,0.0,0.0
2848,15704,Travis King,UMBC,0.0,0.37142857142857144,0.25,0.9019607843137255
2849,15706,Matt Conway,UMBC,0.0,0.0,0.0,1.0
2850,15709,Troy Huff,North Dakota,0.6818181818181818,0.4090909090909091,0.16666666666666666,0.8181818181818182
2851,15714,Daniel Brown,Georgia St.,0.0,0.0,0.0,0.0
2852,15719,Devon Saddler,Delaware,0.0,0.02702702702702703,0.15555555555555556,0.8666666666666667
2853,15720,Kaleb Clyburn,Delaware,0.0,0.0,0.0,0.0
2854,15723,Chase Plummer,UMBC,0.0,0.45454545454545453,0.36,1.0
2855,15733,Daniel Jones,Oregon St.,0.0,0.0,0.0,1.0
2856,15736,Kevin McCarthy,Lehigh,0.0,0.625,0.3333333333333333,0.0
2857,15743,Alex Ogundadegbe,Binghamton,0.0,0.5333333333333333,0.6666666666666666,0.0
2858,15744,Robert Mansell,Binghamton,0.0,0.42857142857142855,0.4,1.0
2859,15745,K.J. Brown,Binghamton,0.0,0.0,0.0,0.625
2860,15746,Nick Thompson,Oklahoma,0.0,0.1111111111111111,0.4,1.0
2861,15751,Naofall Folahan,Wagner,1.0,0.7560975609756098,0.45454545454545453,0.0
2862,15752,Gary Stewart,Northwestern St.,0.0,0.5,0.6363636363636364,1.0
2863,15756,Orlando Parker,Wagner,0.0,0.7,0.9393939393939394,0.0
2864,15757,Latif Rivers,Wagner,0.0,0.3870967741935484,0.53125,0.7321428571428571
2865,15758,Travis McKie,Wake Forest,0.7692307692307693,0.5247524752475248,0.42424242424242425,0.9411764705882353
2866,15759,Melvin Tabb,Wake Forest,0.0,0.6,0.0,1.0
2867,15760,Nikita Mescheriakov,Wake Forest,1.0,0.5294117647058824,0.38461538461538464,0.8571428571428571
2868,15772,Brian Holmes,North Florida,0.0,0.09090909090909091,0.3333333333333333,1.0
2869,15773,Charles McRoy,North Florida,0.0,0.6111111111111112,0.75,0.9
2870,15779,Roman Tubner,Centenary,0.0,0.0,0.0,0.8333333333333334
2871,15798,Jordan Stoermer,Iowa,0.0,0.5,0.5,1.0
2872,15804,Stephen Madison,Idaho,0.0,0.38461538461538464,0.0,0.9047619047619048
2873,15812,Aaron Ganson,Bradley,0.0,0.0,0.0,0.0
2874,15814,Billy Kidd,Delaware,0.0,0.0,0.0,0.0
2875,15816,Gerald Jones,SIU Edwardsville,0.0,0.0,0.0,0.0
2876,15831,Ashton Gibbs,Pittsburgh,0.0,0.5,0.5806451612903226,0.8921568627450981
2877,15832,Matt DeMarcus,UCLA,0.0,0.0,0.0,0.0
2878,15837,Kevin Perry,UTEP,0.0,0.0,0.0,0.0
2879,15841,DeJuan Wright,FIU,0.5,0.4423076923076923,0.4166666666666667,0.6923076923076923
2880,15844,T.J. Berry,Houston Christian,1.0,0.7,0.0,1.0
2881,15849,Tom Droney,Davidson,0.0,0.29411764705882354,0.125,0.7777777777777778
2882,15850,De'Mon Brooks,Davidson,0.75,0.32,0.15384615384615385,0.8888888888888888
2883,15852,Chris Czerapowicz,Davidson,0.0,0.5,0.6,1.0
2884,15853,Matt Pressey,Missouri,0.5,0.5,0.3684210526315789,0.9090909090909091
2885,15857,Drew Onyebuchi,NJIT,1.0,0.6666666666666666,1.0,0.0
2886,15858,Lamar Kearse,NJIT,0.0,0.23529411764705882,0.38095238095238093,0.7419354838709677
2887,15860,Will Bond,NJIT,0.0,0.5,0.0,0.75
2888,15861,Arjun Ohri,NJIT,0.0,1.0,0.4,0.9545454545454546
2889,15862,Kherel Silcott,NJIT,0.5,0.5,0.0,1.0
2890,15863,Dytanya Johnson,NJIT,0.0,0.2,0.2,0.0
2891,15866,Romain Henry,Kennesaw St.,0.0,0.0,0.0,0.0
2892,15869,Jordin Mayes,Arizona,0.0,0.26666666666666666,0.38461538461538464,1.0
2893,15870,Tyson Queen,McNeese St.,0.0,0.0,0.0,0.0
2894,15871,Bryant Reams,Lehigh,0.0,0.0,0.0,0.0
2895,15872,Dwayne Gutridge,UT Rio Grande Valley,0.0,0.5,0.0,1.0
2896,15873,Mackey McKnight,Lehigh,0.0,0.3939393939393939,0.15384615384615385,0.7
2897,15877,Corey Huerta,Lehigh,0.0,0.0,0.0,0.0
2898,15882,Ray Morgenstern,Charlotte,0.0,0.0,0.0,0.0
2899,15883,C.J. Washington,Oklahoma,1.0,0.46153846153846156,0.5833333333333334,0.0
2900,15887,Anthony Ianni,Michigan St.,0.0,1.0,0.0,0.0
2901,15890,Cory Herald,Middle Tennessee,0.0,0.0,0.0,0.0
2902,15892,Ray Lester,North Carolina A&T,1.0,0.6666666666666666,0.6666666666666666,0.0
2903,15893,Cristian Henry,North Carolina A&T,1.0,0.3076923076923077,1.0,0.0
2904,15896,Jordan Clarkson,Tulsa,0.0,0.11904761904761904,0.02857142857142857,0.75
2905,15897,Tim Peete,Tulsa,0.0,0.2,0.25,1.0
2906,15898,Dantrell Thomas,Nicholls St.,1.0,0.3953488372093023,0.07692307692307693,1.0
2907,15900,Mehdi Cheriet,San Diego St.,0.0,0.0,0.42857142857142855,1.0
2908,15902,Devon Peterson,Kansas St.,0.0,0.3333333333333333,0.4,1.0
2909,15903,Alex Potuzak,Kansas St.,0.0,1.0,0.0,0.0
2910,15904,Shane Southwell,Kansas St.,0.0,0.3333333333333333,0.38461538461538464,1.0
2911,15906,Josh Cleveland,UT Rio Grande Valley,1.0,0.7727272727272727,0.25,0.0
2912,15908,Enique Mason,UT Rio Grande Valley,0.0,0.6470588235294118,0.6923076923076923,0.0
2913,15910,Malik Hughes,UT Rio Grande Valley,0.0,0.0,0.0,0.0
2914,15919,Terry Tidwell,Central Arkansas,1.0,0.6190476190476191,0.7777777777777778,0.0
2915,15922,Jordan Harris,Bryant,0.0,0.0,0.0,1.0
2916,15926,Les Smith,Lafayette,0.0,0.0,0.5,0.5
2917,15936,Trevan Abraham,Rice,0.0,0.3333333333333333,0.5,0.5
2918,15938,Kevin Van Wijk,Valparaiso,0.0,0.7111111111111111,0.5714285714285714,0.0
2919,15940,Jay Lewis,N.C. State,0.0,0.0,0.0,0.0
2920,15943,Ryan Allen,Milwaukee,1.0,0.5,0.18181818181818182,0.0
2921,15945,Matt Losli,Oregon,0.0,0.0,0.0,0.0
2922,15947,Brandon Riley,South Carolina St.,0.0,0.28125,0.42857142857142855,0.918918918918919
2923,15948,Joe Ikhinmwin,South Carolina St.,1.0,0.46511627906976744,0.64,0.0
2924,15949,Omar Sanders,South Carolina St.,0.6666666666666666,0.5517241379310345,0.25,1.0
2925,15955,Caleb Willis,Pepperdine,0.0,0.6666666666666666,0.0,1.0
2926,15956,Scottie Haralson,Tulsa,0.0,0.4,0.3181818181818182,0.9390243902439024
2927,15966,Aleksandar Kesic,Iona,0.0,0.0,0.0,0.0
2928,15967,Sean Armand,Iona,0.0,0.5384615384615384,0.3333333333333333,1.0
2929,15968,Laurent Rivard,Harvard,0.0,0.375,0.1,0.9137931034482759
2930,15971,Ernest Rouse,Harvard,0.0,0.0,0.0,1.0
2931,15972,Stephen Holt,Saint Mary's,0.0,0.3225806451612903,0.25,0.96
2932,15974,Matt Glass,Vermont,1.0,0.46875,0.4186046511627907,1.0
2933,15978,Sandro Carissimo,Vermont,0.0,0.21428571428571427,0.09090909090909091,1.0
2934,15980,Brian Voelkel,Vermont,0.0,0.27906976744186046,0.06666666666666667,0.7142857142857143
2935,15981,Clancy Rugg,Vermont,0.0,0.0,1.0,0.0
2936,15985,Cameron Baskerville,Georgia Southern,0.5,0.4666666666666667,0.3,1.0
2937,15990,Cameron Bell,FIU,0.0,0.3333333333333333,0.0,1.0
2938,15991,Jeremy Allen,FIU,0.0,0.48,0.2631578947368421,1.0
2939,15996,Cliff Ederaine,Eastern Washington,0.875,0.44642857142857145,0.1875,1.0
2940,16000,William McClure,Central Michigan,0.3333333333333333,0.40625,0.6,0.0
2941,16018,Pat Moore,Colgate,0.0,0.5384615384615384,0.23076923076923078,0.9354838709677419
2942,16027,Casey Prather,Florida,1.0,0.6666666666666666,0.0,1.0
2943,16028,Joseph Fulce,Marquette,1.0,0.7222222222222222,1.0,1.0
2944,16030,Patric Young,Florida,0.75,0.7222222222222222,0.5,0.0
2945,16031,Will Yeguete,Florida,0.3333333333333333,0.3333333333333333,0.0,0.0
2946,16032,Scottie Wilbekin,Florida,0.0,0.45454545454545453,0.5714285714285714,1.0
2947,16033,Keishawn Mayes,Campbell,1.0,0.5769230769230769,0.25,1.0
2948,16034,Rico Ferguson,Campbell,0.0,0.4444444444444444,0.4117647058823529,0.0
2949,16036,Melvin Ejim,Iowa St.,0.7391304347826086,0.7162162162162162,0.4117647058823529,1.0
2950,16037,Marvelle Harris,Campbell,0.8181818181818182,0.54,0.5882352941176471,0.0
2951,16038,Kelsey Grant,Saint Peter's,0.0,0.5,0.0,0.0
2952,16039,Anthony Dees,Campbell,0.0,0.0,0.0,1.0
2953,16040,Anthony Horton,Campbell,0.0,0.6666666666666666,0.6153846153846154,1.0
2954,16041,Dwayne Evans,Saint Louis,1.0,0.5538461538461539,0.6764705882352942,1.0
2955,16042,Brian Daly,Saint Louis,0.0,0.0,0.0,0.0
2956,16049,Rob Loe,Saint Louis,0.0,0.6428571428571429,0.9090909090909091,0.9666666666666667
2957,16060,Stephen Rogers,BYU,0.0,0.5,0.3076923076923077,0.9
2958,16063,Eric Moreland,Oregon St.,0.0,1.0,0.0,0.0
2959,16067,Jahmal Burroughs,Chattanooga,1.0,0.5882352941176471,0.5,0.75
2960,16072,Tristan Thompson,Texas,0.6285714285714286,0.559322033898305,0.16666666666666666,0.0
2961,16073,Cory Joseph,Texas,0.0,0.37142857142857144,0.40816326530612246,0.8461538461538461
2962,16076,Trevor Fuller,San Diego,0.7777777777777778,0.8,0.625,0.0
2963,16077,Dennis Kramer,San Diego,1.0,1.0,0.4166666666666667,1.0
2964,16080,Cheick Kone,TCU,0.0,0.0,0.0,0.0
2965,16092,Joseph Bertrand,Illinois,1.0,0.5,0.4,0.0
2966,16094,Jeremy Jeffers,Drake,0.0,1.0,0.0,1.0
2967,16095,Garen Lafser,Liberty,0.0,0.0,0.0,0.0
2968,16103,Petey Hausley,Appalachian St.,0.7692307692307693,0.6607142857142857,0.5238095238095238,0.0
2969,16104,Mike Jones,UAB,0.0,0.0,1.0,0.0
2970,16109,Matt Bush,Illinois Chicago,0.0,1.0,0.0,1.0
2971,16111,Jack Isenbarger,Elon,0.0,0.3125,0.5238095238095238,0.9387755102040817
2972,16112,Ben Drayton,Georgia Southern,0.0,0.24742268041237114,0.16666666666666666,0.8947368421052632
2973,16115,Daryl Traynham,Massachusetts,0.0,0.3333333333333333,0.3333333333333333,0.6666666666666666
2974,16116,Christopher Niemann,Nebraska,0.0,0.0,1.0,0.0
2975,16117,Alandise Harris,Houston,0.0,0.29545454545454547,0.4,0.6666666666666666
2976,16121,Van Hatchell,North Carolina,0.0,0.0,0.0,0.0
2977,16125,Abel Tillman,SIU Edwardsville,0.6666666666666666,0.3333333333333333,0.75,0.0
2978,16127,Chris Udofia,Denver,0.7333333333333333,0.6029411764705882,0.36363636363636365,1.0
2979,16128,Josh Watkins,Utah,0.0,0.16455696202531644,0.06818181818181818,0.7368421052631579
2980,16133,Nate Lozeau,Portland St.,1.0,0.8571428571428571,0.48,0.0
2981,16135,Spence Purnell,Stetson,0.0,0.0,0.0,0.0
2982,16137,Richard Conner,Savannah St.,0.0,0.0,0.5,1.0
2983,16139,Jyles Smith,Savannah St.,0.7,0.47058823529411764,0.4,0.0
2984,16147,Edwind McGhee,DePaul,0.0,1.0,0.0,0.0
2985,16148,Nick Cook,Jacksonville St.,1.0,0.4,0.4,0.0
2986,16150,LeVentrice Gray,Jacksonville St.,1.0,0.625,0.5714285714285714,0.0
2987,16151,Brian Williams,Jacksonville St.,0.0,0.25,0.06666666666666667,0.6875
2988,16153,B.J. Miller,Jacksonville St.,0.0,0.14285714285714285,0.1111111111111111,0.8571428571428571
2989,16154,DeAndre Bynum,Jacksonville St.,0.0,0.6666666666666666,0.25,0.8
2990,16155,Frankie Bougher,Jacksonville St.,0.0,0.0,0.2,1.0
2991,16156,Brice Jenkins,Jacksonville St.,0.0,0.2857142857142857,0.0,1.0
2992,16160,Kevin Noreen,West Virginia,0.0,0.7142857142857143,0.0,0.0
2993,16161,Jake Ferguson,West Virginia,0.0,0.0,0.0,0.0
2994,16163,Craig Carey,West Virginia,0.0,0.0,0.0,0.0
2995,16166,Brandon Crawford,Coastal Carolina,0.0,0.6451612903225806,0.45454545454545453,0.8
2996,16168,Matt Vest,Wright St.,0.625,0.5238095238095238,0.0,0.9090909090909091
2997,16170,Cole Darling,Wright St.,0.0,0.38095238095238093,0.2,1.0
2998,16171,Vance Hall,Wright St.,0.0,0.0,0.0,1.0
2999,16176,Alex Tiffin,UC Davis,0.0,0.46153846153846156,0.6666666666666666,1.0
3000,16177,Donte Morales,UNC Wilmington,0.0,0.4230769230769231,0.23076923076923078,0.8235294117647058
3001,16178,Brandon Garrett,Murray St.,1.0,1.0,0.0,0.0
3002,16179,Keegan Pace,UNC Wilmington,0.0,0.0,0.0,0.0
3003,16194,Mitch Woods,Appalachian St.,0.0,0.2,0.6666666666666666,1.0
3004,16195,Griffin Shaw,Appalachian St.,0.0,0.0,0.0,0.0
3005,16197,Brandon Young,DePaul,0.0,0.4266666666666667,0.22580645161290322,0.6764705882352942
3006,16199,Cleveland Melvin,DePaul,0.8333333333333334,0.6829268292682927,0.691358024691358,0.0
3007,16203,Tyler Lamb,UCLA,0.0,0.3076923076923077,0.18181818181818182,0.75
3008,16204,Lazeric Jones,UCLA,0.5,0.15,0.08,0.7027027027027027
3009,16205,Kendall Lewis,Prairie View A&M,0.0,0.0,0.0,1.0
3010,16206,Adrian Tucker,Ball St.,0.0,0.0,0.0,0.0
3011,16212,Marvin Fitzgerald,North Carolina Central,0.0,0.21428571428571427,0.0,1.0
3012,16214,Tim Hobbs,North Carolina Central,0.0,0.0,0.0,0.0
3013,16216,Jeremy Ingram,North Carolina Central,0.0,0.3333333333333333,0.3333333333333333,1.0
3014,16217,David Best,North Carolina Central,1.0,0.42105263157894735,0.16666666666666666,0.0
3015,16220,Julian Norfleet,Mount St. Mary's,0.0,0.5,0.13043478260869565,0.847457627118644
3016,16221,Kevin Berardini,Illinois,0.0,0.0,1.0,0.0
3017,16223,Ryan Nicholas,Portland,0.0,0.6666666666666666,0.6470588235294118,0.0
3018,16224,Korey Thieleke,Portland,0.0,0.0,1.0,0.0
3019,16225,Derrick Rodgers,Portland,0.0,0.2,0.0,0.0
3020,16226,Riley Barker,Portland,1.0,0.8125,0.7,1.0
3021,16228,Taylor Mossman,Portland,0.0,0.0,0.0,0.0
3022,16230,Tanner Riley,Portland,0.0,0.5714285714285714,0.5555555555555556,0.7647058823529411
3023,16231,Deion Turman,Robert Morris,1.0,0.5,0.0,0.0
3024,16233,Steve Baker,Green Bay,0.0,0.3783783783783784,0.34782608695652173,0.9047619047619048
3025,16235,Kam Cerroni,Green Bay,0.0,0.0,0.6666666666666666,1.0
3026,16236,Brandon Walters,Siena,0.0,0.6666666666666666,0.0,0.0
3027,16238,Eric Valentin,Green Bay,0.0,0.0,0.0,0.0
3028,16240,Anthony Malhoit,Rhode Island,0.0,0.5,1.0,0.0
3029,16242,Daniel Turner,Green Bay,1.0,0.5106382978723404,0.5,1.0
3030,16243,Jose Rivera,Pacific,0.0,0.0,0.5,0.8444444444444444
3031,16244,Khalil Kelley,Pacific,0.0,0.6666666666666666,0.6666666666666666,0.0
3032,16247,Chad Jackson,James Madison,0.0,0.3,0.2222222222222222,1.0
3033,16249,J.R. Reynolds,Rice,0.0,0.0,1.0,0.0
3034,16254,Jesse Pritchard,Yale,0.0,0.8333333333333334,1.0,1.0
3035,16256,Isaiah Salafia,Yale,0.0,0.0,0.0,0.8
3036,16258,Joshua Lowery,Pepperdine,0.0,0.2,0.2608695652173913,0.9166666666666666
3037,16276,Quincy Ukaigwe,Chicago St.,1.0,0.8571428571428571,0.25,0.0
3038,16278,Ardarius Simmons,Chicago St.,0.0,0.2727272727272727,0.2727272727272727,0.0
3039,16279,Sean Montgomery,Chicago St.,0.0,0.5555555555555556,0.75,1.0
3040,16280,Jamill Harris,Chicago St.,0.0,0.0,0.3,1.0
3041,16281,C.J. Oldham,Akron,0.0,0.0,0.0,0.0
3042,16284,Durrell Norman,Northern Arizona,0.5,0.45454545454545453,1.0,1.0
3043,16288,Eric Frederick,FIU,1.0,0.36764705882352944,0.2916666666666667,0.8
3044,16289,Alex Legion,FIU,0.0,0.4444444444444444,0.4666666666666667,0.76
3045,16291,Morgan Grim,Utah St.,1.0,0.75,0.8,0.0
3046,16292,Stacey Poole,Kentucky,0.0,0.0,0.0,1.0
3047,16301,Kinley Ogbonnaya-Branch,Arkansas St.,1.0,1.0,0.0,1.0
3048,16302,Finis Craddock,Central Michigan,0.0,0.2,0.2857142857142857,0.8571428571428571
3049,16310,Kevin Galloway,Texas Southern,0.16666666666666666,0.2631578947368421,0.1724137931034483,0.5
3050,16311,Walter Jackson,Sacramento St.,0.8181818181818182,0.5714285714285714,0.35,1.0
3051,16316,Alpha N'Diaye,Sacramento St.,0.8125,0.6521739130434783,0.5882352941176471,1.0
3052,16319,Bryan Hammond,Nicholls St.,0.0,0.625,0.5714285714285714,1.0
3053,16324,Gerald Chip Armelin,Minnesota,0.5,0.39285714285714285,0.21052631578947367,0.8888888888888888
3054,16325,Charlie Westbrook,South Dakota,0.8333333333333334,0.43209876543209874,0.2923076923076923,0.8421052631578947
3055,16326,Steve Tecker,South Dakota,0.0,0.6923076923076923,0.375,0.9166666666666666
3056,16328,Chris Denson,Auburn,0.0,0.25806451612903225,0.14285714285714285,1.0
3057,16329,Adrian Forbes,Auburn,0.8,0.5714285714285714,0.5714285714285714,0.0
3058,16330,Trevor Gruis,South Dakota,0.5,0.6029411764705882,0.4864864864864865,0.0
3059,16331,Paul Bilbo,Hofstra,0.0,0.0,0.0,0.0
3060,16332,Griffin McKenzie,Xavier,0.0,1.0,0.0,1.0
3061,16333,Jay Canty,Xavier,1.0,0.625,1.0,1.0
3062,16335,Brad Kelleher,Hofstra,0.0,0.65,0.375,0.9705882352941176
3063,16344,Brandon Brekke,North Dakota,0.0,0.6829268292682927,0.5454545454545454,0.0
3064,16345,Nate Lubick,Georgetown,0.9090909090909091,0.6829268292682927,0.5,0.75
3065,16348,Jaamon Echols,Texas A&M Corpus Chris,0.0,0.5,0.42857142857142855,0.8333333333333334
3066,16349,McPherson Moore,Georgia Tech,0.0,0.0,0.0,0.0
3067,16350,Kyle Speller,Georgia Tech,0.0,0.0,0.0,0.0
3068,16352,Chris McNealy,UC Irvine,0.0,0.2727272727272727,0.3333333333333333,1.0
3069,16359,Alex Francis,Bryant,0.6666666666666666,0.44881889763779526,0.34285714285714286,0.0
3070,16361,Patrick Simon,Washington St.,0.0,0.7142857142857143,0.8571428571428571,1.0
3071,16362,Dre' Winston Jr.,Washington St.,0.0,0.75,0.3333333333333333,0.0
3072,16366,Will DiIorio,Washington St.,0.5,0.5,0.0,0.0
3073,16368,Caleb Walker,Nebraska,1.0,0.5714285714285714,0.35714285714285715,1.0
3074,16369,Kamyron Brown,Nebraska,0.0,0.0,0.0,1.0
3075,16373,Todd Zafirovski,Duke,0.0,0.0,0.0,0.0
3076,16374,Drake Beranek,Nebraska,0.0,0.5333333333333333,0.375,1.0
3077,16375,David Dupont,North Carolina,0.0,0.0,0.0,0.0
3078,16376,Stewart Cooper,North Carolina,0.0,0.0,0.0,0.0
3079,16377,Patrick Crouch,North Carolina,0.0,1.0,0.0,1.0
3080,16380,Kendall Marshall,North Carolina,0.0,0.05555555555555555,0.02631578947368421,0.9
3081,16381,Daniel Bolick,North Carolina,0.0,0.0,0.0,0.0
3082,16383,Jordan Lawson,Delaware St.,0.0,0.6666666666666666,0.0,0.0
3083,16384,Reggie Bullock,North Carolina,0.0,0.2,0.5357142857142857,0.9310344827586207
3084,16385,D.J. Johnston,North Carolina,0.0,0.0,1.0,0.0
3085,16398,Demetrious Smith,Arkansas Pine Bluff,0.0,0.0,0.0,0.0
3086,16401,Bo Barnes,Hawaii,0.0,0.0,0.42857142857142855,0.9107142857142857
3087,16405,Dominick Brumfield,Hawaii,0.0,0.0,0.0,0.0
3088,16406,Nasir Robinson,Pittsburgh,1.0,0.7272727272727273,0.6875,0.0
3089,16407,Jordan Coleman,Hawaii,0.0,0.0,0.0,0.0
3090,16409,Jordan Prosser,Bradley,1.0,0.75,0.84,0.0
3091,16424,Travon Woodall,Pittsburgh,0.0,0.42857142857142855,0.3181818181818182,0.9166666666666666
3092,16431,Jean Selus,Illinois,0.0,0.0,0.0,0.0
3093,16449,Jenirro Bush,Jackson St.,0.8636363636363636,0.582089552238806,0.28,0.9574468085106383
3094,16453,Cameron Ayers,Bucknell,0.0,0.3157894736842105,0.3953488372093023,0.88
3095,16456,Ted Bancroft,Providence,0.0,1.0,0.0,0.0
3096,16459,Phil Martin,UC Riverside,0.4,0.36923076923076925,0.25757575757575757,0.72
3097,16465,Jordan Finn,Nevada,0.0,0.3333333333333333,0.2,1.0
3098,16466,Kegan Clark,Wright St.,0.0,0.3333333333333333,0.0,0.6666666666666666
3099,16467,Johann Mpondo,Wright St.,1.0,0.7619047619047619,0.9230769230769231,0.0
3100,16470,Kevin Bradshaw,UC Riverside,0.8,0.5161290322580645,0.5,0.0
3101,16474,Daymond Cowlah,UC Riverside,0.0,0.14285714285714285,0.05555555555555555,0.6666666666666666
3102,16476,Kevin Olekaibe,Fresno St.,0.3333333333333333,0.40425531914893614,0.21428571428571427,0.8333333333333334
3103,16477,Tim Steed,Fresno St.,1.0,0.5166666666666667,0.4,0.875
3104,16479,Tyler Johnson,Fresno St.,0.6,0.41379310344827586,0.14285714285714285,1.0
3105,16483,Bryant Smith,UT Arlington,0.0,0.26666666666666666,0.3333333333333333,1.0
3106,16484,Bracken Funk,Fresno St.,0.0,0.5365853658536586,0.5,1.0
3107,16485,John Ryan,Fresno St.,1.0,0.8333333333333334,0.5,0.0
3108,16490,David Stockton,Gonzaga,0.0,0.3333333333333333,0.2857142857142857,0.7647058823529411
3109,16492,Antione Lundy,South Alabama,0.0,0.3333333333333333,0.3333333333333333,1.0
3110,16493,Juan Pattillo,Western Kentucky,0.6888888888888889,0.40625,0.28125,0.0
3111,16494,Kahlil McDonald,Western Kentucky,0.0,0.2,0.0,0.7391304347826086
3112,16495,Ken Brown,Western Kentucky,0.0,0.0,0.0,0.5
3113,16496,Kene Anyigbo,Western Kentucky,0.0,1.0,0.0,0.0
3114,16497,Teeng Akol,Western Kentucky,0.5,0.6666666666666666,0.2727272727272727,1.0
3115,16498,Brandon Peters,Western Kentucky,1.0,0.47368421052631576,0.5,1.0
3116,16499,Stephon Drane,Western Kentucky,1.0,0.5,0.3333333333333333,0.0
3117,16501,Evan Kelley,Sacred Heart,0.0,0.5777777777777777,0.16666666666666666,0.7647058823529411
3118,16503,Derrell Conner,Nevada,0.0,0.3,0.13636363636363635,0.5454545454545454
3119,16505,Joshua Smith,UCLA,0.8214285714285714,0.6050420168067226,0.6153846153846154,0.0
3120,16507,Jack Haley,UCLA,0.0,0.0,0.0,0.0
3121,16508,Bj Shearry,UC Riverside,0.16666666666666666,0.24324324324324326,0.72,0.0
3122,16509,William Pugh,Mississippi Valley St.,0.3333333333333333,0.375,0.5,1.0
3123,16516,Chip Rank,Northern Iowa,0.0,0.6,0.6153846153846154,1.0
3124,16517,Trey Sumler,Western Carolina,0.0,0.3157894736842105,0.17857142857142858,0.7254901960784313
3125,16522,Gus Clardy,Pepperdine,0.0,0.6842105263157895,0.7777777777777778,0.0
3126,16527,Andrew Ferry,Cornell,0.0,0.1875,0.14285714285714285,0.9125
3127,16528,Ben Smith,Wichita St.,0.5,0.5277777777777778,0.4444444444444444,0.9696969696969697
3128,16530,Manny Sahota,Cornell,0.0,1.0,0.0,1.0
3129,16534,Cody Cox,Iowa,0.0,0.0,0.0,0.0
3130,16535,Jeffrey Kennings,Florida A&M,0.0,0.0,0.2,0.5
3131,16546,Chris Talkington,Nicholls St.,0.0,1.0,0.0,0.875
3132,16555,Travis Bader,Oakland,1.0,0.5833333333333334,0.4117647058823529,0.9444444444444444
3133,16559,Kendall Williams,New Mexico,0.2,0.26,0.14285714285714285,0.8363636363636363
3134,16561,Lance Bailey,Cal St. Bakersfield,0.0,0.0,0.0,0.0
3135,16562,Ivan Matip,Cal St. Bakersfield,0.0,1.0,0.3333333333333333,1.0
3136,16563,De'Aundray Robinson,Cal St. Bakersfield,0.0,0.0,0.4166666666666667,1.0
3137,16565,Reyanul Baker,Cal St. Bakersfield,0.0,0.5555555555555556,0.5,0.0
3138,16566,Kregg Jones,Cal St. Bakersfield,1.0,0.8,0.6363636363636364,0.0
3139,16567,Rashad Savage,Cal St. Bakersfield,1.0,0.36065573770491804,0.045454545454545456,0.0
3140,16568,Cody Kale,Cal St. Bakersfield,0.0,0.3333333333333333,0.0,1.0
3141,16570,Jordan Mitchell,Cal St. Northridge,1.0,0.3333333333333333,1.0,0.0
3142,16572,Javonte Maynor,Georgia St.,0.0,0.0,0.4,0.9607843137254902
3143,16573,Jordan Wood,Montana,0.0,0.5714285714285714,0.2857142857142857,1.0
3144,16575,Art Steward,Montana,1.0,0.5671641791044776,0.5333333333333333,0.8
3145,16576,Vaughn Autry,Montana,0.0,0.5,0.0,0.75
3146,16577,Rashaad Richardson,Georgia St.,0.0,1.0,0.6666666666666666,1.0
3147,16578,Kareem Jamar,Montana,0.0,0.45714285714285713,0.2727272727272727,0.75
3148,16579,Chase Adams,Montana,0.0,0.0,1.0,1.0
3149,16581,Steve Martin,Chicago St.,0.0,0.5,0.4,1.0
3150,16582,Paul Eckerle,Saint Louis,0.0,0.2,0.3333333333333333,0.8666666666666667
3151,16583,Verkeneo Mann,Tennessee St.,0.0,0.0,0.0,0.7777777777777778
3152,16592,Kadeem Batts,Providence,1.0,0.5581395348837209,0.6666666666666666,0.875
3153,16595,Xavier Davis,Providence,0.0,0.0,0.0,0.0
3154,16598,Tom Knight,Notre Dame,0.0,0.25,0.8,0.0
3155,16601,Storm Stanley,Saint Francis,0.0,0.5,0.3333333333333333,0.0
3156,16602,Scott Eatherton,Saint Francis,0.6666666666666666,0.6363636363636364,0.6,1.0
3157,16603,Jon Taylor,Saint Francis,1.0,0.75,0.7619047619047619,0.0
3158,16604,Mislav Jukic,Saint Francis,1.0,0.5909090909090909,0.625,1.0
3159,16623,Jamarious Sykes,Jackson St.,0.0,0.5,0.0,0.0
3160,16626,Luke Apfeld,Vermont,0.8,0.4864864864864865,0.5454545454545454,1.0
3161,16629,Brayden Carlson,South Dakota St.,1.0,0.5714285714285714,0.5,1.0
3162,16631,Tyler Lange,Northern Iowa,0.0,0.0,1.0,0.0
3163,16632,Matt Morrison,Northern Iowa,0.0,0.6666666666666666,0.0,1.0
3164,16633,Aaron Bowen,Georgetown,0.5,0.6666666666666666,0.0,0.0
3165,16634,John Caprio,Georgetown,0.0,0.0,0.0,0.0
3166,16635,Ricardo Glenn,USC Upstate,0.0,0.41025641025641024,0.4444444444444444,1.0
3167,16636,Markel Starks,Georgetown,0.0,0.5,0.0,0.7777777777777778
3168,16639,Taylor Filipek,Eastern Kentucky,0.0,0.75,0.5,1.0
3169,16644,Levi Barnes,Samford,0.0,0.0,0.0,0.0
3170,16649,Marvin Baynham,Georgia Southern,0.6666666666666666,0.6071428571428571,0.5384615384615384,0.0
3171,16650,Drew Windler,Samford,1.0,0.5555555555555556,0.2727272727272727,1.0
3172,16655,Oren Faulk,Hartford,0.0,0.3333333333333333,0.0,0.0
3173,16656,Jordan McRae,Tennessee,1.0,1.0,0.0,1.0
3174,16657,Tobias Harris,Tennessee,1.0,0.6421052631578947,0.373134328358209,0.9130434782608695
3175,16660,Chris Welker,Army,0.0,0.6666666666666666,0.3333333333333333,0.9230769230769231
3176,16661,Tyler Summitt,Tennessee,0.0,0.0,0.0,1.0
3177,16663,Brian Hornstein,Army,0.0,0.3333333333333333,0.8571428571428571,0.0
3178,16664,Josh Johnson,Army,1.0,1.0,0.0,0.0
3179,16665,Pat Harris,Army,0.0,0.0,0.0,0.0
3180,16666,Keith Appling,Michigan St.,0.6666666666666666,0.4230769230769231,0.5,1.0
3181,16667,Monty Brown,Mercer,1.0,0.4444444444444444,0.3333333333333333,0.0
3182,16668,Paul Larsen,Mercer,0.0,0.5714285714285714,0.0,0.0
3183,16669,Daniel Coursey,Mercer,1.0,1.0,0.0,0.0
3184,16670,Tyler Melville,Dartmouth,0.0,0.07407407407407407,0.03125,0.8181818181818182
3185,16671,Nick Jackson,Dartmouth,0.0,0.3333333333333333,0.25,0.9
3186,16673,James Herring,Dartmouth,0.0,0.0,1.0,0.6666666666666666
3187,16674,Jenieri Cyrus,Dartmouth,0.0,0.0,0.0,0.0
3188,16675,Kevin Mulquin,Dartmouth,0.0,0.3333333333333333,0.6,0.0
3189,16684,Anthony Brown,Stanford,0.3333333333333333,0.38095238095238093,0.14814814814814814,0.8571428571428571
3190,16691,Clayton Heuer,Green Bay,0.0,0.75,0.8333333333333334,1.0
3191,16698,Mirza Sabic,Kennesaw St.,0.0,0.5,1.0,1.0
3192,16706,Devon Archie,Iowa,0.4,0.3076923076923077,1.0,0.0
3193,16715,Josh Lockett,Southeastern Louisiana,1.0,0.6666666666666666,0.0,0.0
3194,16717,Mike Harrell,Southeastern Louisiana,0.0,0.16666666666666666,0.0,0.0
3195,16725,Wesley Fritz,Sam Houston St.,0.0,0.0,0.0,0.0
3196,16729,Darius Harris,Lamar,0.0,0.0,0.0,0.0
3197,16747,Michael Bedford,Northern Colorado,0.0,0.0,0.0,1.0
3198,16751,Matt Griffin,Boston University,0.0,0.0,0.0,0.5555555555555556
3199,16752,Patrick Hazel,Boston University,1.0,0.5714285714285714,0.3125,0.0
3200,16753,Gabe Kindred,Loyola Chicago,0.0,0.13333333333333333,0.2,1.0
3201,16755,Bryce Cotton,Providence,0.6666666666666666,0.7857142857142857,0.6923076923076923,1.0
3202,16756,Lee Goldsbrough,Providence,0.0,0.0,0.0,1.0
3203,16760,Ethan Jacobs,Ohio,0.0,1.0,1.0,0.0
3204,16761,Ricardo Johnson,Ohio,0.0,0.36363636363636365,0.29411764705882354,1.0
3205,16762,T.J. Hall,Ohio,0.6666666666666666,0.6,0.6666666666666666,1.0
3206,16763,Nick Kellogg,Ohio,0.0,0.6153846153846154,0.125,0.984375
3207,16765,Dre Evans,Providence,0.0,0.0,0.0,0.8181818181818182
3208,16775,Zach House,Southeast Missouri St.,0.0,0.3333333333333333,0.625,0.0
3209,16776,Marcus Brister,Southeast Missouri St.,0.0,0.28,0.14285714285714285,0.0
3210,16777,Tyler Sugiyama,USC,0.0,0.0,0.0,0.0
3211,16778,Waylon Jones,Southeast Missouri St.,0.8333333333333334,0.75,0.0,0.0
3212,16782,Tyreek Duren,La Salle,0.0,0.2676056338028169,0.0,0.8823529411764706
3213,16783,Juvonte Reddic,VCU,0.7142857142857143,0.6756756756756757,0.8461538461538461,0.0
3214,16784,Jeremy Underwood,North Carolina A&T,0.0,0.0,0.0,0.6666666666666666
3215,16785,Enosch Wolf,Connecticut,0.0,1.0,1.0,0.0
3216,16786,Thomas Cooper,North Carolina A&T,0.0,0.0,1.0,1.0
3217,16788,Jamaal Franklin,San Diego St.,0.6666666666666666,0.4,0.0,1.0
3218,16790,Nino Williams,Kansas St.,0.0,0.0,0.0,1.0
3219,16797,Keith Thompson,Utah Valley,0.3333333333333333,0.4,0.5,1.0
3220,16798,Zach Jones,Utah Valley,0.0,0.0,0.0,0.0
3221,16799,Tawaski King,Western Carolina,0.5,0.3684210526315789,0.391304347826087,0.0
3222,16800,Lance Brown,Quinnipiac,0.0,0.41379310344827586,0.5,1.0
3223,16803,William Harrison,Quinnipiac,0.0,0.3333333333333333,0.0,1.0
3224,16804,Mike Gabriel,Quinnipiac,0.0,0.4,0.5,0.0
3225,16806,Johnathan Loyd,Oregon,0.0,0.14814814814814814,0.3333333333333333,0.8095238095238095
3226,16808,Tyrone Nared,Oregon,0.5384615384615384,0.38235294117647056,0.7037037037037037,0.9090909090909091
3227,16809,Nicholas Lucenti,Oregon,0.0,0.0,0.0,0.0
3228,16812,Christian Hurrington,Delaware St.,0.0,0.0,0.0,0.0
3229,16814,Marvin Adu,Prairie View A&M,0.0,0.0,0.0,0.0
3230,16818,Shaun Smith,Mississippi St.,0.0,0.0,0.0,1.0
3231,16819,Renardo Sidney,Mississippi St.,0.6842105263157895,0.6,0.42424242424242425,1.0
3232,16821,Chene Phillips,Liberty,0.0,0.6,1.0,1.0
3233,16825,Adreian Payne,Michigan St.,0.6666666666666666,0.5357142857142857,0.5,0.0
3234,16826,Will Cook,Samford,0.0,0.42857142857142855,0.0,1.0
3235,16827,Taylor Jones,Eastern Illinois,0.0,1.0,0.0,0.9
3236,16830,Daniel Witczak,Saint Francis,0.0,0.0,0.0,1.0
3237,16832,Damian Eargle,Youngstown St.,0.8571428571428571,0.671875,0.3709677419354839,0.0
3238,16833,Dre Calloway,St. Francis NY,0.0,0.2127659574468085,0.05555555555555555,0.5
3239,16834,Chris Bond,Ball St.,0.8333333333333334,0.7123287671232876,0.2857142857142857,0.0
3240,16837,Dan Guest,George Washington,0.0,0.0,0.3333333333333333,1.0
3241,16838,Aundra Williams,Marshall,0.5,0.5333333333333333,0.25,0.0
3242,16840,Frank Mitchell,Rutgers,0.0,0.0,0.0,0.0
3243,16841,Steven Cruz,Siena,0.0,0.0,0.0,0.0
3244,16845,Sean Starkey,Long Beach St.,0.0,0.0,0.0,1.0
3245,16852,DeVontae Wright,The Citadel,0.0,0.0,0.0,0.0
3246,16854,John Bohannon,UTEP,0.7777777777777778,0.7692307692307693,0.5,0.0
3247,16859,Rocky Brown,Eastern Washington,0.0,0.0,0.0,1.0
3248,16862,Cliff Colimon,Eastern Washington,0.0,0.2222222222222222,0.14814814814814814,0.8333333333333334
3249,16863,Rashano McRae,Eastern Washington,0.0,1.0,0.0,0.0
3250,16864,Tremayne Johnson,Eastern Washington,0.7272727272727273,0.3548387096774194,0.4634146341463415,0.8823529411764706
3251,16865,Geoffrey Allen,Eastern Washington,0.0,0.625,0.5,1.0
3252,16866,Jaylen Henry,Eastern Washington,0.0,0.5,0.0,0.0
3253,16868,Drake U'u,Cal Poly,0.0,0.6363636363636364,0.0,0.75
3254,16869,Chris O'Brien,Cal Poly,0.5,0.5714285714285714,0.0,0.9583333333333334
3255,16881,Thurgood Wynn,Navy,0.0,0.3333333333333333,0.0,1.0
3256,16883,Seth Curry,Duke,0.0,0.25,0.2413793103448276,0.890625
3257,16884,Anton Larsen,Old Dominion,0.0,0.0,0.6666666666666666,1.0
3258,16886,James Loupos,Navy,0.0,0.2,0.1111111111111111,1.0
3259,16887,Drew Crowell,Wofford,0.0,0.6,0.9,0.0
3260,16891,Brennan Wyatt,Navy,0.0,0.09090909090909091,0.0,0.7333333333333333
3261,16905,Robert Wortman,Saint Francis,0.0,0.0,0.0,0.0
3262,16906,Kameron Ritter,Saint Francis,0.0,0.15789473684210525,1.0,1.0
3263,16917,Avery Redmond,North Texas,0.0,0.0,0.0,0.0
3264,16922,Mike Kurtz,UC Davis,1.0,0.8571428571428571,0.8571428571428571,0.8888888888888888
3265,16923,Tyler Les,UC Davis,0.0,0.0,1.0,0.7692307692307693
3266,16925,Chris Crawford,Memphis,0.6666666666666666,0.45454545454545453,0.3125,0.8863636363636364
3267,16927,John Holland,Boston University,0.5,0.3225806451612903,0.23076923076923078,0.7368421052631579
3268,16937,Antonio Barton,Memphis,0.0,0.34285714285714286,0.17647058823529413,0.9285714285714286
3269,16938,Joe Jackson,Memphis,0.5,0.12857142857142856,0.14285714285714285,0.8947368421052632
3270,16940,DuShawn Brooks,Youngstown St.,0.0,0.6153846153846154,0.5757575757575758,0.9473684210526315
3271,16941,Chris Wright,Georgetown,0.0,0.4117647058823529,0.18181818181818182,0.7804878048780488
3272,16950,Jordan Mackie,San Diego,1.0,0.5833333333333334,0.23076923076923078,0.8
3273,16951,Trevor Wiseman,Hawaii,1.0,0.5,0.125,0.0
3274,16954,Joston Thomas,Hawaii,0.8235294117647058,0.6388888888888888,0.4576271186440678,1.0
3275,16955,Bill Amis,Hawaii,0.8947368421052632,0.6938775510204082,0.5769230769230769,0.5
3276,16956,Anthony Salter,Hawaii,0.0,0.0,0.5,0.0
3277,16957,Zane Johnson,Hawaii,0.0,0.2,0.24390243902439024,0.872093023255814
3278,16958,Bobby Miles,Hawaii,0.0,0.0,0.3333333333333333,0.75
3279,16963,Langston Hall,Mercer,0.0,0.25,0.14285714285714285,0.6226415094339622
3280,16968,Justin Cecil,Mercer,0.0,0.4,0.4444444444444444,0.9615384615384616
3281,16969,Kyle Tresnak,Weber St.,1.0,0.6190476190476191,0.3125,0.0
3282,16970,Jordan Richardson,Weber St.,0.0,0.0,0.25,0.8666666666666667
3283,16973,Rafael Portuondo,Florida St.,0.0,0.0,0.0,0.0
3284,16982,Menelik Watson,Marist,0.0,0.4,0.08333333333333333,1.0
3285,16985,Eric Hutchison,Montana,0.0,0.0,1.0,0.0
3286,16991,Jack Detmer,Lafayette,0.0,0.0,0.0,0.0
3287,16996,Robbie Lemons,Stanford,0.0,0.0,0.0,1.0
3288,16999,Travis Sims,Centenary,0.0,0.6,0.2857142857142857,0.8461538461538461
3289,17000,Will Triggs,Austin Peay,1.0,0.5490196078431373,0.5555555555555556,0.0
3290,17003,Tyshwan Edmondson,Austin Peay,0.6363636363636364,0.3835616438356164,0.21739130434782608,0.7611940298507462
3291,17009,Matthew Lee,Bryant,0.0,0.0,0.17647058823529413,0.9444444444444444
3292,17013,Maxx Nakwaasah,Centenary,0.0,0.39473684210526316,0.17647058823529413,0.9444444444444444
3293,17015,Cameron Black,Bowling Green,0.0,0.6071428571428571,0.2777777777777778,0.0
3294,17018,Sedric Martin,Cal St. Fullerton,0.0,0.5555555555555556,0.36363636363636365,0.0
3295,17022,Anthony Ireland,Loyola Marymount,0.0,0.391304347826087,0.20512820512820512,0.5135135135135135
3296,17023,Ayodeji Egbeyemi,Loyola Marymount,0.3333333333333333,0.5625,0.4,1.0
3297,17024,Steve Jurich,Cal St. Fullerton,0.0,0.4,0.0,1.0
3298,17027,Earl Pettis,La Salle,0.0,0.4878048780487805,0.2,0.8
3299,17031,Jordan Davis,Monmouth,0.0,0.6,0.0,0.8125
3300,17040,Justin Black,Morgan St.,0.3333333333333333,0.3142857142857143,0.08333333333333333,0.7419354838709677
3301,17041,Tola Lawal,Morgan St.,0.0,0.5714285714285714,0.6666666666666666,0.0
3302,17046,Terone Johnson,Purdue,0.0,0.1111111111111111,0.5,1.0
3303,17047,Travis Carroll,Purdue,0.0,0.75,0.875,0.0
3304,17049,Kevin Hanes,Northern Colorado,0.0,0.0,0.0,0.0
3305,17054,Joey Asbury,Oakland,0.0,1.0,1.0,0.0
3306,17061,Andrew Stire,Army,0.0,1.0,1.0,0.0
3307,17064,Dwight McCombs,UCF,0.625,0.68,0.8571428571428571,0.0
3308,17065,Shemiye McLendon,Hofstra,0.0,0.35714285714285715,0.35294117647058826,0.8846153846153846
3309,17067,Drew McGhee,Miami OH,0.0,0.7777777777777778,0.75,0.0
3310,17073,Josh Herbeck,Army,0.0,0.6,0.45454545454545453,1.0
3311,17074,Chris Watson,Florida A&M,0.0,0.0,0.1111111111111111,0.8571428571428571
3312,17075,Mike Terry Jr.,Boston University,0.0,0.2857142857142857,0.0,1.0
3313,17088,Ben O'Neill,Hartford,0.0,0.0,0.0,0.0
3314,17089,Joe Nardi,Hartford,0.0,1.0,0.0,0.5
3315,17095,Allen Payne,Auburn,0.3333333333333333,0.3793103448275862,0.25,0.9375
3316,17096,Gediminas Bertasius,Dartmouth,0.0,0.25,0.2631578947368421,1.0
3317,17098,Derek Craig,Georgia Tech,0.0,0.0,0.0,0.0
3318,17102,Andre Coimbra,Central Michigan,0.4444444444444444,0.3,0.2222222222222222,1.0
3319,17103,Jevon Harden,Central Michigan,1.0,0.75,0.0,0.0
3320,17104,Derek Jackson,Central Michigan,1.0,0.21739130434782608,0.21052631578947367,0.8
3321,17105,Paris Paramore,Central Michigan,0.0,1.0,0.0,1.0
3322,17107,Colin Voss,Central Michigan,0.0,0.2,0.5,1.0
3323,17111,Brian Bryant,Mississippi St.,0.3333333333333333,0.2,0.23809523809523808,0.6666666666666666
3324,17113,Rico Sanders,South Alabama,0.0,0.2,0.6666666666666666,1.0
3325,17115,Zuri James,Georgia Southern,0.0,0.5,0.5833333333333334,0.9714285714285714
3326,17117,Holton Hunsaker,Utah Valley,0.0,0.0,0.21428571428571427,0.6444444444444445
3327,17118,Jose Diaz,South Alabama,0.0,0.0,0.0,0.0
3328,17121,Isiah Williams,Utah Valley,0.0,0.23809523809523808,0.2,0.8591549295774648
3329,17122,Jereme Richmond,Illinois,0.6428571428571429,0.5507246376811594,0.45454545454545453,1.0
3330,17123,Justin Jackson,Cincinnati,1.0,0.6666666666666666,0.375,1.0
3331,17124,Crandall Head,Illinois,1.0,1.0,0.0,1.0
3332,17125,Meyers Leonard,Illinois,0.9230769230769231,0.8888888888888888,0.3,0.0
3333,17127,P.J. Reyes,South Alabama,0.0,0.0,0.0,0.8
3334,17128,Russell Moore,Albany,0.0,0.0,1.0,0.0
3335,17129,Luke Devlin,Albany,0.0,0.6451612903225806,0.5909090909090909,1.0
3336,17132,John Caleb Sanders,Liberty,0.0,0.42857142857142855,0.5,0.9655172413793104
3337,17134,John Brown,Liberty,0.6,0.49137931034482757,0.6071428571428571,0.0
3338,17137,Anthony Jones,Arkansas Pine Bluff,0.0,0.0,1.0,0.0
3339,17138,Keith Ross,Arkansas Pine Bluff,0.0,0.0,0.0,1.0
3340,17139,Marcel Mosley,Arkansas Pine Bluff,0.0,0.25,0.3333333333333333,0.8333333333333334
3341,17141,Daniel Broughton,Arkansas Pine Bluff,1.0,0.6071428571428571,0.6774193548387096,1.0
3342,17142,Lavoris Weathers,Arkansas Pine Bluff,0.0,0.5833333333333334,0.8,0.0
3343,17159,Paul Jorg,Idaho,0.0,0.0,0.0,0.0
3344,17161,Augustine Rubit,South Alabama,0.8,0.36046511627906974,0.3076923076923077,0.0
3345,17162,Andre Gowins,South Alabama,0.0,0.0,1.0,0.0
3346,17164,Jesse Perry,Arizona,0.75,0.4406779661016949,0.4583333333333333,1.0
3347,17165,Robert Aery,Oral Roberts,0.0,0.0,1.0,1.0
3348,17168,Daniel Bejarano,Arizona,0.0,0.0,0.0,1.0
3349,17169,Robert Arvizu,Arizona,0.0,0.0,0.0,0.0
3350,17171,Hunter McClintock,Oral Roberts,0.0,0.25,0.0,0.8095238095238095
3351,17174,Steven Roundtree,Oral Roberts,0.6666666666666666,0.4583333333333333,0.18421052631578946,1.0
3352,17175,Alex DeSir,Oral Roberts,0.0,0.0,0.0,0.0
3353,17178,Antone Christian,Northern Illinois,0.0,0.46153846153846156,0.2857142857142857,0.8333333333333334
3354,17185,Brian Vonderhaar,Dayton,0.0,0.0,0.0,0.0
3355,17187,Antoine Proctor,Sacramento St.,0.0,0.0,0.0,0.75
3356,17190,Pete Rakocevic,Sacramento St.,0.0,1.0,0.5,0.0
3357,17193,Mardracus Wade,Arkansas,0.0,0.25,0.375,0.6666666666666666
3358,17194,Ramoan McAfee,Bethune Cookman,1.0,0.8,1.0,0.0
3359,17197,Chehales Tapscott,Portland St.,1.0,0.46875,0.3968253968253968,0.6666666666666666
3360,17199,Kikko Haydar,Arkansas,0.0,0.0,0.0,1.0
3361,17200,Demarquelle Tabb,Alabama A&M,0.6086956521739131,0.5303030303030303,0.2727272727272727,0.0
3362,17202,Charles Odum,Portland St.,0.4,0.23880597014925373,0.13157894736842105,0.9310344827586207
3363,17203,Terry Coleman,Portland St.,0.0,0.0,0.0,0.0
3364,17205,Tommie Boatner,Grambling St.,0.0,0.23076923076923078,0.1111111111111111,0.631578947368421
3365,17207,Josh Owens,Stanford,0.6785714285714286,0.5287356321839081,0.3387096774193548,0.0
3366,17223,Jawanza Poland,South Florida,0.4782608695652174,0.3684210526315789,0.3333333333333333,0.84
3367,17224,J.R. Cadot,TCU,0.68,0.6597938144329897,0.75,1.0
3368,17232,Maurice Jones,USC,0.0,0.0851063829787234,0.12,0.8536585365853658
3369,17239,Jamel Outler,Texas Tech,1.0,0.6666666666666666,1.0,1.0
3370,17240,Zach Jones,Texas Tech,0.0,1.0,0.0,0.0
3371,17250,Maverick Ahanmisi,Minnesota,0.0,0.0,0.6666666666666666,0.625
3372,17252,Austin Hollins,Minnesota,0.3333333333333333,0.5555555555555556,0.6666666666666666,1.0
3373,17254,Max Wiepking,Arizona,0.0,0.0,0.0,1.0
3374,17270,Wiley Roberts,Bowling Green,0.0,0.0,0.0,1.0
3375,17273,Akil Mitchell,Virginia,0.6,0.6842105263157895,0.42857142857142855,1.0
3376,17274,Will Regan,Virginia,0.0,0.2857142857142857,0.6666666666666666,1.0
3377,17276,Tom Hamel,Harvard,0.0,0.0,0.0,0.0
3378,17279,Jordan Howenstine,Oakland,0.0,1.0,0.0,0.0
3379,17280,Joe Harris,Virginia,0.0,0.2692307692307692,0.25,0.9692307692307692
3380,17281,Robert Boyd,Lipscomb,0.0,0.2857142857142857,0.25,0.8571428571428571
3381,17282,Billy Baron,Virginia,0.0,0.0,0.0,0.9166666666666666
3382,17284,Chad Rasmussen,Seattle,0.0,0.0,0.6,0.9333333333333333
3383,17287,Fredrick Wilson,Seattle,0.0,0.6666666666666666,0.1,0.6666666666666666
3384,17289,Baba Diallo,Centenary,0.3333333333333333,0.6666666666666666,0.6,1.0
3385,17290,Quin Cooper,Centenary,1.0,0.6111111111111112,0.5454545454545454,1.0
3386,17291,Duje Dukan,Wisconsin,0.0,0.0,0.0,0.0
3387,17292,Josh Gasser,Wisconsin,0.0,0.5277777777777778,0.23076923076923078,0.9473684210526315
3388,17294,Mark McLaughlin,Seattle,0.0,0.2631578947368421,0.2222222222222222,0.8666666666666667
3389,17295,Brandon Durham,Seattle,1.0,0.48148148148148145,0.75,0.0
3390,17296,Alex Herzing,Bryant,0.0,1.0,0.0,0.0
3391,17297,Elliott Berry,UC Riverside,1.0,0.4666666666666667,0.7115384615384616,1.0
3392,17305,Dennis Rowe,South Carolina St.,0.0,0.0,0.0,0.0
3393,17306,Harrison Gaines,UC Riverside,0.0,0.0,0.0,1.0
3394,17308,Hunter Jeffery,Alabama,0.0,0.0,0.0,1.0
3395,17310,Ryan McKeaney,Vermont,0.0,0.5,0.0,0.0
3396,17319,Josh Elbaum,Vermont,0.0,0.5,0.0,0.0
3397,17321,Fred Newell,North Dakota St.,0.0,0.0,0.0,0.0
3398,17323,Taylor Braun,North Dakota St.,0.6666666666666666,0.41818181818181815,0.23529411764705882,1.0
3399,17324,Hippolyte Tsafack,Memphis,0.0,1.0,0.0,0.0
3400,17325,Trey Draper,Memphis,0.0,0.0,0.0,0.0
3401,17328,Matt Hasse,Austin Peay,0.0,0.0,0.0,0.0
3402,17330,Jareal Smith,Radford,0.0,0.18181818181818182,0.08823529411764706,0.8095238095238095
3403,17332,Joel Vander Pol,Liberty,0.6666666666666666,0.43333333333333335,0.6,0.0
3404,17346,Clay Johnson,Arkansas Pine Bluff,0.0,0.5,1.0,0.0
3405,17351,Antonnio Benton,Southeastern Louisiana,0.0,0.4,0.375,1.0
3406,17356,Dominique Ferguson,FIU,0.6666666666666666,0.41935483870967744,0.3333333333333333,1.0
3407,17358,Daymon Warren,George Washington,1.0,0.5714285714285714,0.0,0.0
3408,17360,Jeremy Campbell,Southeastern Louisiana,0.0,0.6666666666666666,0.5,0.0
3409,17361,Andre Roberson,Colorado,0.6296296296296297,0.5128205128205128,0.4,1.0
3410,17362,Ben Mills,Colorado,1.0,0.4,0.0,0.0
3411,17368,Sheldon Brogdon,Youngstown St.,0.0,0.0,0.0,1.0
3412,17381,Nick Minnerath,Detroit Mercy,0.7096774193548387,0.5949367088607594,0.30434782608695654,1.0
3413,17382,Evan Bruinsma,Detroit Mercy,0.0,0.2,0.4,1.0
3414,17383,Connor Clark,Detroit Mercy,0.0,0.0,0.0,0.0
3415,17384,Ray McCallum,Detroit Mercy,0.2857142857142857,0.27472527472527475,0.1111111111111111,0.64
3416,17389,Kaimarr Price,Western Illinois,1.0,0.6545454545454545,0.3148148148148148,0.0
3417,17390,C.J. McCollum,Lehigh,0.7777777777777778,0.25,0.3023255813953488,0.6346153846153846
3418,17394,Roland Brown,Hofstra,0.0,1.0,0.0,0.0
3419,17395,Taylor Hoffer,UNC Greensboro,0.0,0.0,0.0,0.0
3420,17400,Stephen Nwaukoni,Hofstra,1.0,0.6,1.0,0.0
3421,17401,Dwan McMillan,Hofstra,0.0,0.5294117647058824,0.5,1.0
3422,17405,Andy Saharan,UC Riverside,0.0,0.0,0.0,1.0
3423,17406,Michael Murray,Coppin St.,1.0,0.5625,0.42857142857142855,0.5
3424,17408,Allen Dickerson,Radford,0.0,0.42857142857142855,0.3333333333333333,1.0
3425,17412,Geddes Robinson,Utah Valley,0.0,0.3939393939393939,0.2857142857142857,0.0
3426,17414,Melvin Baker,Austin Peay,0.4444444444444444,0.4634146341463415,0.45714285714285713,1.0
3427,17415,Raphiael Putney,Massachusetts,0.8333333333333334,0.6666666666666666,0.75,0.8888888888888888
3428,17426,Cameron Gunter,Penn,1.0,1.0,1.0,0.0
3429,17431,John Morris,Central Michigan,0.0,0.6,0.25,1.0
3430,17434,Jess Chadwell,Toledo,0.0,0.5,0.0,1.0
3431,17441,Ladarrius Whitehead,Tulsa,0.0,0.0,0.0,0.0
3432,17446,Blake Smith,Radford,0.5714285714285714,0.37037037037037035,0.3448275862068966,0.88
3433,17447,Chris Britt Black,Grambling St.,0.0,0.46875,0.25,0.0
3434,17450,Erik Swoope,Miami FL,0.8333333333333334,0.8,1.0,0.0
3435,17451,Steven Danridge,Grambling St.,0.0,0.25,0.0,0.0
3436,17454,Deonte Burton,Nevada,0.3333333333333333,0.10714285714285714,0.07142857142857142,0.6666666666666666
3437,17467,Thomas Bropleh,Boise St.,0.0,0.4444444444444444,0.3333333333333333,0.9523809523809523
3438,17475,Darius Ware,Cleveland St.,0.0,1.0,0.0,0.0
3439,17479,Chad Johnson,Colgate,0.0,0.6,0.8,1.0
3440,17480,Tyquan Brown,UC Riverside,1.0,0.5625,0.75,0.0
3441,17485,Cameron Edison,St. John's,0.0,0.0,0.5,0.0
3442,17486,Reggie Chamberlain,UMKC,0.0,0.21212121212121213,0.038461538461538464,0.6851851851851852
3443,17494,Josh Biber,Brown,0.0,0.5,0.0,0.0
3444,17495,Jalen Courtney,LSU,1.0,1.0,1.0,1.0
3445,17500,Josh McCarver,Sacramento St.,0.8571428571428571,0.75,1.0,0.0
3446,17501,Zach Nelson,Sacramento St.,0.6666666666666666,0.5,1.0,1.0
3447,17506,Joab Jerome,Winthrop,0.0,0.4166666666666667,0.2857142857142857,1.0
3448,17508,Kendell Groom,Sacramento St.,0.0,0.5,0.0,0.0
3449,17509,Heath Hoffman,Sacramento St.,0.0,0.4166666666666667,0.375,0.9375
3450,17510,Derrick Scott,Winthrop,0.0,0.0,0.0,0.0
3451,17511,Jackson Carbajal,Sacramento St.,0.0,0.5652173913043478,0.2857142857142857,0.92
3452,17512,Thomas Jacobs,Cal St. Northridge,0.0,0.45454545454545453,0.3333333333333333,0.0
3453,17517,Myles Jerrett,Air Force,0.0,1.0,0.0,0.0
3454,17518,Anthony Myles,Rider,0.8,0.48148148148148145,0.35714285714285715,0.9333333333333333
3455,17519,Tommy Pereira,Rider,0.0,0.0,1.0,1.0
3456,17520,Danny Stewart,Rider,0.7142857142857143,0.5609756097560976,0.5833333333333334,0.0
3457,17521,Josh Greene,Cal St. Northridge,0.0,0.4166666666666667,0.46153846153846156,0.7777777777777778
3458,17523,Romario Souza,Louisiana Tech,0.0,0.8846153846153846,0.5625,1.0
3459,17524,James Johnson,Louisiana Tech,1.0,0.3333333333333333,0.25,0.0
3460,17528,Antwond Roshell,Louisiana Tech,0.75,0.5238095238095238,0.42857142857142855,0.0
3461,17529,Cordarius Johnson,Louisiana Tech,0.6666666666666666,0.5882352941176471,0.125,0.9
3462,17531,Cj Scott,Louisiana Tech,0.0,0.2222222222222222,0.6,1.0
3463,17532,Terrence Joyner,Mississippi Valley St.,0.0,0.18181818181818182,0.12903225806451613,0.6666666666666666
3464,17536,Chris Burke,Saint Peter's,0.0,1.0,0.0,1.0
3465,17538,Martell Jackson,Campbell,1.0,0.7428571428571429,0.8571428571428571,0.0
3466,17539,Eric Kibi,Little Rock,1.0,0.45161290322580644,0.3333333333333333,0.0
3467,17540,Daylon Guy,Little Rock,0.0,0.045454545454545456,0.2,0.85
3468,17542,Reggie Sonnier,Little Rock,0.0,0.0,0.0,0.0
3469,17543,Tramar Sutherland,Little Rock,0.0,0.4375,0.6666666666666666,1.0
3470,17545,D'Andre Williams,Little Rock,0.0,0.16,0.1,0.782608695652174
3471,17549,Fredrick Conner,Towson,0.0,0.10526315789473684,0.16666666666666666,0.5625
3472,17554,Paul Cooper,Texas Tech,1.0,0.4444444444444444,0.0,0.0
3473,17557,Vanderis Christie,Texas Southern,0.0,1.0,1.0,1.0
3474,17560,Calvin Godfrey,Iowa St.,0.75,0.7209302325581395,0.3684210526315789,0.0
3475,17563,Jonathan Frye,Tulane,0.0,0.0,0.0,0.0
3476,17569,Jalen Steele,Mississippi St.,0.0,0.2727272727272727,0.2727272727272727,0.8518518518518519
3477,17573,Andrew Ryan,Campbell,0.0,0.0,0.5,1.0
3478,17578,Nick Stapert,Western Michigan,0.0,1.0,0.0,0.0
3479,17580,Aaron Craft,Ohio St.,0.0,0.1388888888888889,0.19047619047619047,1.0
3480,17586,Don Martin,Pepperdine,0.0,0.0,0.0,0.0
3481,17588,Jan Maehlen,Pepperdine,1.0,0.6,1.0,0.0
3482,17591,Mike Podolsky,Youngstown St.,0.0,0.0,0.0,1.0
3483,17592,Tre Brewer,Youngstown St.,1.0,0.6190476190476191,0.375,1.0
3484,17594,Aaron Harwell,Centenary,0.0,0.041666666666666664,0.2631578947368421,0.6666666666666666
3485,17595,Jordan Myers,Southern Illinois,0.0,0.0,1.0,0.0
3486,17598,Kendrick Perry,Youngstown St.,0.14285714285714285,0.27586206896551724,0.2222222222222222,0.9117647058823529
3487,17599,Blake Allen,Youngstown St.,0.0,0.3333333333333333,0.2222222222222222,0.8666666666666667
3488,17600,Kenyon Smith,Illinois St.,0.0,0.0,0.0,1.0
3489,17602,Devonte Maymon,Youngstown St.,0.0,0.5,0.1875,0.8461538461538461
3490,17603,Josh Chojnacki,Youngstown St.,0.0,0.3333333333333333,0.25,0.0
3491,17604,Jordair Jett,Saint Louis,0.5,0.2391304347826087,0.3902439024390244,0.75
3492,17621,Bryce Smith,Cal St. Northridge,0.0,0.0,0.0,0.0
3493,17627,Renaldo Dixon,New Mexico St.,1.0,0.75,0.4,1.0
3494,17628,Davante Drinkard,Southern Illinois,1.0,0.9090909090909091,0.75,0.0
3495,17629,Christian Kabongo,New Mexico St.,0.6666666666666666,0.34146341463414637,0.11428571428571428,0.8333333333333334
3496,17630,Drew Herig,New Mexico St.,0.0,0.0,0.0,0.0
3497,17631,Tshilidzi Nephawe,New Mexico St.,1.0,0.34146341463414637,0.5,0.0
3498,17632,Marshall Bjorklund,North Dakota St.,1.0,0.4927536231884058,0.3,0.0
3499,17633,TrayVonn Wright,North Dakota St.,0.5454545454545454,0.45454545454545453,0.23529411764705882,0.8333333333333334
3500,17634,Taylor Wayer,Indiana,0.0,0.0,0.0,1.0
3501,17635,Jeff Howard,Indiana,0.0,0.0,0.0,0.0
3502,17638,Troy King,Tennessee Martin,1.0,0.7142857142857143,0.2962962962962963,0.8936170212765957
3503,17639,Omari Minor,Tennessee Martin,0.0,0.25,0.2,1.0
3504,17640,Mike Liabo,Tennessee Martin,0.0,0.4642857142857143,0.08163265306122448,0.74
3505,17642,Lorenzo Brown,N.C. State,0.5,0.37735849056603776,0.11428571428571428,1.0
3506,17643,Pierre Mopo,Tennessee Martin,0.0,1.0,0.0,0.0
3507,17644,Dane Smith,Tennessee Martin,0.0,0.40625,0.3333333333333333,1.0
3508,17645,Trey Edwards,Tennessee Martin,0.0,0.0,0.0,0.0
3509,17651,Shane Gibson,Sacred Heart,0.0,0.4406779661016949,0.48717948717948717,0.7066666666666667
3510,17653,Benjamin Stewart,Connecticut,0.0,1.0,0.0,0.0
3511,17657,Alex Harris,Northeastern,0.5714285714285714,0.5434782608695652,0.2727272727272727,0.9090909090909091
3512,17660,Taran Buie,Penn St.,0.0,0.7142857142857143,0.2727272727272727,1.0
3513,17666,Jack Houpt,Western Illinois,0.0,0.42857142857142855,0.7,0.975
3514,17667,Mael Amenyedzi,Western Illinois,0.0,0.3333333333333333,1.0,1.0
3515,17669,DeMarcus Grady,Northern Illinois,0.0,0.2,0.4,0.7142857142857143
3516,17670,Brandon Nevens,Long Beach St.,0.0,0.25,0.5,1.0
3517,17674,Kaylim Noel,Alabama St.,1.0,0.625,0.4444444444444444,1.0
3518,17675,Shareif Adamu,Alabama St.,0.0,0.52,0.65,0.5
3519,17680,David Golladay,Mount St. Mary's,0.0,0.4444444444444444,0.42857142857142855,0.0
3520,17686,Adrian Spellman,Alabama St.,1.0,1.0,0.0,0.0
3521,17688,Will Spradling,Kansas St.,0.0,0.6,0.1875,0.85
3522,17704,Drew Gordon,New Mexico,0.78125,0.65625,0.6904761904761905,0.0
3523,17705,Gary Franklin,California,0.0,0.6,0.0,0.9166666666666666
3524,17706,Jeff Powers,California,0.0,0.75,0.5,1.0
3525,17707,Phl Pressey,Missouri,1.0,0.15789473684210525,0.0,0.5333333333333333
3526,17716,Chris Brown,Oregon St.,0.5,0.75,1.0,0.0
3527,17730,Josh Sewll,Miami OH,0.0,0.5,0.125,0.6666666666666666
3528,17731,Quinten Rollins,Miami OH,0.0,0.2962962962962963,0.42857142857142855,1.0
3529,17734,Sam Hicks,Boise St.,0.0,0.0,0.5,0.0
3530,17735,Jacob Neubert,Baylor,0.0,0.0,0.0,0.0
3531,17738,Josh Wiegand,Loyola MD,0.0,0.5714285714285714,1.0,1.0
3532,17740,Elisha Justice,Louisville,0.0,0.3333333333333333,0.3333333333333333,0.8888888888888888
3533,17741,Andre Stringer,LSU,0.0,0.12,0.10526315789473684,0.6842105263157895
3534,17745,Ahmad Starks,Oregon St.,0.0,0.09090909090909091,0.03225806451612903,0.7380952380952381
3535,17749,Ivan Johnson,Alabama St.,0.0,0.1,0.5,0.75
3536,17754,Eric Buckner,Georgia St.,0.8205128205128205,0.7209302325581395,0.5172413793103449,0.0
3537,17757,Evan Smotrycz,Michigan,1.0,0.47058823529411764,0.5,0.9555555555555556
3538,17758,Colton Christian,Michigan,0.0,0.0,0.5,0.0
3539,17765,Justin Alexander,Central Connecticut,0.0,0.0,0.0,0.0
3540,17767,Preston Purifoy,UAB,0.6666666666666666,0.6666666666666666,0.5,1.0
3541,17768,Beas Hamga,UAB,0.0,1.0,1.0,0.0
3542,17769,Wesley Dunning,Hampton,0.5,0.42857142857142855,0.6,1.0
3543,17771,Jo'el Lamb,Charleston Southern,0.0,0.0,1.0,0.0
3544,17782,Raphael Akpejiori,Miami FL,1.0,0.8,0.0,0.0
3545,17783,Rion Brown,Miami FL,1.0,0.8,0.4444444444444444,1.0
3546,17784,Terrance Williams,Purdue Fort Wayne,1.0,1.0,1.0,0.0
3547,17785,Kenny Ross,West Virginia,0.0,0.0,0.0,0.0
3548,17787,Tevin Baskin,Quinnipiac,1.0,0.6666666666666666,0.4,0.0
3549,17788,Dominique Langston,Quinnipiac,0.0,0.38235294117647056,0.3333333333333333,0.92
3550,17789,Ricardo Ratliffe,Missouri,0.8571428571428571,0.6129032258064516,0.4067796610169492,0.75
3551,17790,Travis Robinson,Boston University,0.0,0.25,0.0,1.0
3552,17793,Josh Brown,Louisiana,0.8,0.3611111111111111,0.38095238095238093,0.8888888888888888
3553,17795,Scottie Farrington,Louisiana,0.5,0.3548387096774194,0.0,0.0
3554,17797,Bryant Mbamalu,Louisiana,0.0,0.3333333333333333,0.32,1.0
3555,17799,David Perez,Louisiana,0.0,0.4444444444444444,0.5,0.9090909090909091
3556,17806,Matthew Dorwart,Creighton,0.0,0.0,0.0,0.0
3557,17815,Mitch Roelke,Milwaukee,0.0,0.0,0.0,0.0
3558,17820,Caleb Dean,Western Michigan,0.0,0.8333333333333334,0.9090909090909091,0.0
3559,17821,Richard Brown,Furman,0.0,0.0,0.0,1.0
3560,17824,C.J. Garner,LIU,0.0,0.3088235294117647,0.024390243902439025,0.5
3561,17825,Jason Brickman,LIU,0.0,0.3076923076923077,0.0,0.7777777777777778
3562,17826,Robinson Odoch Opong,LIU,0.0,0.5,0.0,0.6666666666666666
3563,17827,Joel Gierbolini,LIU,1.0,0.5,0.0,0.0
3564,17831,Malcoln Kirkland,Arkansas St.,1.0,0.525,0.4444444444444444,0.0
3565,17834,Marko Petrovic,San Francisco,0.0,0.42105263157894735,0.0,1.0
3566,17838,Zach Hule,TCU,0.0,0.0,0.0,0.0
3567,17839,Tony Baker,UTEP,0.0,0.0,0.0,0.0
3568,17840,Gabriel Moton,Boston College,0.0,0.14285714285714285,0.3333333333333333,0.8461538461538461
3569,17841,Zac Downing,Stephen F. Austin,0.0,0.0,1.0,1.0
3570,17842,Dion Prewster,Stephen F. Austin,0.0,0.38461538461538464,0.6666666666666666,0.9411764705882353
3571,17843,Ben Cherry,Tulane,0.0,0.0,0.5,1.0
3572,17844,Antonio Bostic,Stephen F. Austin,0.0,0.46153846153846156,0.5476190476190477,1.0
3573,17845,Darius Gardner,Stephen F. Austin,0.0,0.14285714285714285,0.2857142857142857,0.9
3574,17846,Brandon Cutler,Stephen F. Austin,0.0,0.6666666666666666,0.6666666666666666,0.0
3575,17847,Amos Olatayo,Stephen F. Austin,0.5,0.5384615384615384,1.0,1.0
3576,17849,Jamil Bailey,Air Force,0.0,0.0,0.0,0.0
3577,17852,J.L. Lewis,Louisiana Tech,0.0,0.5833333333333334,0.6666666666666666,0.0
3578,17854,Terrell Stoglin,Maryland,0.0,0.35714285714285715,0.25,0.6666666666666666
3579,17855,Jamar Wertz,UMBC,0.0,0.3333333333333333,0.35714285714285715,0.8260869565217391
3580,17869,Aireus Stephenson,South Dakota St.,0.0,0.4,0.0,0.5
3581,17870,Marcus Heemstra,South Dakota St.,0.0,0.5,0.6666666666666666,0.0
3582,17871,Jordan Dykstra,South Dakota St.,1.0,0.5689655172413793,0.4642857142857143,1.0
3583,17873,Shedrick Haynes,South Florida,0.0,0.0,0.0,1.0
3584,17874,LaVonte Dority,South Florida,0.0,0.0,0.0,1.0
3585,17878,Chano Rashiduddin,Arkansas St.,0.0,0.0,1.0,0.0
3586,17879,Joe O'Shea,Holy Cross,0.0,0.0,0.0,0.0
3587,17880,Dave Dudzinski,Holy Cross,0.8,0.5945945945945946,0.5555555555555556,1.0
3588,17893,JaQuon Parker,Cincinnati,0.0,0.4,0.0,1.0
3589,17898,Carlton Guyton,Kent St.,0.25,0.38181818181818183,0.12903225806451613,0.6981132075471698
3590,17899,Michael Porrini,Kent St.,1.0,0.36363636363636365,0.23529411764705882,0.8636363636363636
3591,17901,Eric Gaines,Kent St.,0.7272727272727273,0.6571428571428571,0.6,1.0
3592,17902,Ryley Beaumont,Elon,0.0,0.36,0.38461538461538464,1.0
3593,17903,Darius Leonard,Kent St.,1.0,0.5714285714285714,0.6666666666666666,1.0
3594,17904,Robert Johnson,Kent St.,0.0,0.8,0.4,1.0
3595,17908,Nate Schulte,Southeast Missouri St.,1.0,0.6,0.2857142857142857,1.0
3596,17913,Bernard James,Florida St.,0.7931034482758621,0.5595238095238095,0.3333333333333333,0.0
3597,17914,Jon Kreft,Florida St.,1.0,0.7222222222222222,0.5,0.0
3598,17915,Kenyon McNeaill,Louisiana Tech,0.0,0.0,0.0,0.8837209302325582
3599,17916,Scott Morris,New Hampshire,0.0,0.0,0.0,1.0
3600,17917,Nick Niemczyk,Southeast Missouri St.,0.0,0.5,0.25,0.9230769230769231
3601,17918,DeAndray Buckley,New Hampshire,0.0,0.06666666666666667,0.0,0.6666666666666666
3602,17919,Jordon Bronner,New Hampshire,0.0,0.2,0.25,0.75
3603,17921,Reginald Martin,Alabama A&M,0.0,1.0,1.0,0.0
3604,17922,Quintarius Hutchinson,Alabama A&M,0.0,0.0,0.0,0.0
3605,17923,Brandon Ellis,Alabama A&M,0.0,1.0,0.0,1.0
3606,17924,Warren Edney,Fairfield,0.7142857142857143,0.6111111111111112,0.5172413793103449,1.0
3607,17925,Ian Miller,Florida St.,0.0,0.36363636363636365,0.3,0.9583333333333334
3608,17926,Okaro White,Florida St.,0.3333333333333333,0.23255813953488372,0.5263157894736842,0.7777777777777778
3609,17928,Anthony Cousin,Illinois St.,0.0,0.05263157894736842,0.15,0.7083333333333334
3610,17935,Troy Brewer,American,0.7142857142857143,0.5714285714285714,0.6756756756756757,0.9152542372881356
3611,17937,Blaise Ffrench,Saint Peter's,0.0,0.42857142857142855,0.36363636363636365,0.0
3612,17939,Trey Blue,Illinois St.,0.0,0.17647058823529413,0.08333333333333333,0.7894736842105263
3613,17943,Lamount Samuell,Fordham,0.0,0.15789473684210525,0.0,0.8333333333333334
3614,17946,Dwight Powell,Stanford,0.75,0.4909090909090909,0.2692307692307692,1.0
3615,17948,Michael Kibiloski,Purdue Fort Wayne,0.0,0.5,0.5,1.0
3616,17954,Jeremiah Ostrowski,Hawaii,0.0,0.0,0.0,0.6666666666666666
3617,17957,Eladio Espinosa,Marshall,1.0,0.6666666666666666,0.0,0.0
3618,17974,Moe Wiltz,Colorado St.,0.0,1.0,1.0,0.0
3619,17978,Dundrecous Nelson,Mississippi,0.0,0.17647058823529413,0.25,0.6363636363636364
3620,17980,Rob Jones,Saint Mary's,0.7368421052631579,0.5340909090909091,0.32142857142857145,0.8867924528301887
3621,17981,Kurt Alexander,Drake,0.0,0.1,0.1935483870967742,0.8333333333333334
3622,17982,Donald Williams,Mississippi,0.0,0.5,1.0,1.0
3623,17983,Nick Williams,Mississippi,1.0,0.3076923076923077,0.3,0.9130434782608695
3624,17993,Chris Avenant,Northeastern,1.0,0.75,0.0,1.0
3625,18008,Mark Henniger,Kent St.,0.0,0.6111111111111112,0.5,0.0
3626,18025,Osas Ebomwonyi,Lamar,1.0,0.375,0.0,0.0
3627,18027,Matt Pritchett,Monmouth,0.0,1.0,0.0,0.0
3628,18035,Jared Sullinger,Ohio St.,0.7391304347826086,0.6308724832214765,0.5428571428571428,0.6666666666666666
3629,18039,Lucas Troutman,Elon,0.8571428571428571,0.515625,0.625,0.0
3630,18045,Tyler Olander,Connecticut,1.0,0.5,0.7333333333333333,0.0
3631,18046,Niels Giffey,Connecticut,0.0,0.3333333333333333,0.5454545454545454,1.0
3632,18050,Brandon Edwards,UT Arlington,1.0,0.5641025641025641,0.4444444444444444,0.0
3633,18051,Jeremy Lamb,Connecticut,0.5454545454545454,0.5230769230769231,0.5070422535211268,0.9565217391304348
3634,18055,Deshaun Thomas,Ohio St.,1.0,0.5846153846153846,0.5263157894736842,0.9523809523809523
3635,18062,Brandon Spearman,Dayton,0.0,0.625,0.3333333333333333,1.0
3636,18063,Travis Releford,Kansas,0.75,0.6190476190476191,0.25,0.9285714285714286
3637,18066,Jordan Sibert,Ohio St.,0.75,0.4444444444444444,0.0,1.0
3638,18074,Braxton Dupree,Towson,0.875,0.5,0.46,0.0
3639,18075,Jamal Johnson,Cal Poly,0.0,0.5,0.3333333333333333,0.75
3640,18076,Ben Kelly,Cal Poly,0.0,0.0,0.0,1.0
3641,18081,G.A. Hill,Boise St.,0.0,0.0,0.0,0.0
3642,18083,Ben Whitlatch,William & Mary,0.0,0.0,0.0,1.0
3643,18084,Julian Boatner,William & Mary,0.0,0.625,0.0,0.9454545454545454
3644,18085,Tim Rusthoven,William & Mary,1.0,0.6896551724137931,0.7619047619047619,1.0
3645,18086,Brandon Britt,William & Mary,0.0,0.18181818181818182,0.0,0.8125
3646,18087,Maliik Love,Cal Poly,0.0,0.5384615384615384,0.18181818181818182,0.875
3647,18088,Fred Heldring,William & Mary,0.0,0.5,0.5,0.0
3648,18091,Harold Doby,Georgia St.,1.0,0.7368421052631579,0.5,0.0
3649,18093,Brandon McGee,Georgia St.,0.875,0.5185185185185185,0.4,0.9047619047619048
3650,18096,Josh Micheaux,Georgia St.,0.3333333333333333,0.23214285714285715,0.16666666666666666,1.0
3651,18097,Devonta White,Georgia St.,0.0,0.3333333333333333,0.23076923076923078,0.8
3652,18100,Aksel Bolin,Northern Illinois,0.0,1.0,0.0,1.0
3653,18103,Tre Edwards,Northern Illinois,0.0,0.0,0.0,0.0
3654,18104,Danny Agbelese,Hampton,0.8666666666666667,0.5714285714285714,0.46153846153846156,0.0
3655,18108,Corey Jackson,Long Beach St.,0.0,0.0,0.5714285714285714,0.8
3656,18109,Kenny Harris,Evansville,0.6,0.375,0.25,0.8888888888888888
3657,18110,Edis Dervisevic,Long Beach St.,0.0,0.5833333333333334,0.14285714285714285,1.0
3658,18111,Brandon Williams,Evansville,0.0,0.0,0.0,0.0
3659,18112,Matt Peeler,Evansville,1.0,0.6666666666666666,0.0,0.0
3660,18114,Jordan Jahr,Evansville,0.0,0.5,0.7777777777777778,1.0
3661,18119,Daniel Miller,Georgia Tech,0.9583333333333334,0.803921568627451,0.5555555555555556,0.0
3662,18123,Igor Nujic,UTSA,0.0,0.0,0.0,1.0
3663,18125,Javon McCrea,Buffalo,0.5555555555555556,0.4866666666666667,0.3333333333333333,0.0
3664,18128,Ray Jones Jr.,Southern Utah,0.5,0.48214285714285715,0.35,1.0
3665,18129,Kevin Hovde,Richmond,0.0,0.5,0.0,1.0
3666,18130,Derrick Williams,Richmond,0.0,0.6,0.0,1.0
3667,18131,Cedrick Lindsay,Richmond,0.0,0.34285714285714286,0.25,0.9285714285714286
3668,18132,Ramell Taylor,Southern Utah,0.625,0.40625,0.5769230769230769,1.0
3669,18133,Aron Walker,Prairie View A&M,1.0,1.0,0.6153846153846154,0.0
3670,18135,Demondre Champman,Prairie View A&M,1.0,0.4375,0.375,0.0
3671,18140,Casey Trujeque,Montana St.,0.0,0.5,1.0,0.6666666666666666
3672,18141,Ben Aird,Utah Valley,0.6666666666666666,0.6301369863013698,0.6470588235294118,0.3333333333333333
3673,18142,Devin Oliver,Dayton,1.0,0.6666666666666666,0.5,1.0
3674,18144,Ike Azotam,Quinnipiac,1.0,0.6037735849056604,0.5,0.0
3675,18147,Matt Stainbrook,Western Michigan,1.0,0.5161290322580645,0.4,0.0
3676,18148,Juwan Howard Jr.,Western Michigan,1.0,0.2571428571428571,0.23809523809523808,0.9285714285714286
3677,18149,Dan Loney,Western Michigan,0.0,0.0,0.0,0.0
3678,18150,Deremy Geiger,Idaho,0.0,0.3125,0.09090909090909091,0.9183673469387755
3679,18154,Brandon Knight,Kentucky,0.4,0.27692307692307694,0.18461538461538463,0.7701149425287356
3680,18155,Ryan Dougherty,Georgetown,0.0,0.0,0.0,0.0
3681,18156,Vee Sanford,Georgetown,0.0,0.42857142857142855,0.0,0.8181818181818182
3682,18157,Hollis Thompson,Georgetown,1.0,0.5,0.5652173913043478,0.9487179487179487
3683,18160,Jerrelle Benimon,Georgetown,0.0,0.7333333333333333,1.0,1.0
3684,18163,David Naves,Howard,0.0,0.2,0.0,0.5
3685,18164,Alphonso Leary,Howard,1.0,0.48333333333333334,0.36,0.0
3686,18165,Bryce Fluellen,Howard,0.0,0.0,1.0,1.0
3687,18166,Clinton Cuffee,Howard,0.0,0.4,0.16666666666666666,0.0
3688,18167,Kendall Salley,Howard,0.0,0.0,0.0,0.0
3689,18168,Denzel Brito,Loyola Chicago,0.0,0.6666666666666666,0.0,0.8
3690,18170,Bernard Gifford,Fordham,0.0,0.0,0.0,1.0
3691,18172,Brandon Frazier,Fordham,1.0,0.4,0.25,0.8545454545454545
3692,18173,Kervin Bristol,Fordham,1.0,0.5384615384615384,0.7777777777777778,0.0
3693,18175,Matt Grayhack,Fordham,0.0,0.0,1.0,0.0
3694,18177,Diyaaldin Kelley,Maryland Eastern Shore,1.0,0.6666666666666666,0.5,0.0
3695,18181,Cole Dickerson,San Francisco,0.0,0.8,1.0,1.0
3696,18189,Dominique O'Connor,San Francisco,0.0,1.0,0.0,0.0
3697,18191,Brock Moorman,North Carolina A&T,0.0,0.0,0.0,0.0
3698,18192,Kyle Boswell,UC Santa Barbara,0.0,0.5,0.5,1.0
3699,18195,Chandler Hash,USC Upstate,0.0,0.0,1.0,1.0
3700,18197,Shane Porchea,USC Upstate,0.0,0.5,0.0,1.0
3701,18199,Cameron Downing,Buffalo,0.0,0.5,1.0,0.0
3702,18200,Auraum Nuiriankh,Buffalo,0.0,0.42857142857142855,0.6666666666666666,1.0
3703,18203,Jarod Oldham,Buffalo,0.0,0.3333333333333333,0.0,1.0
3704,18206,Hugh Robertson,South Florida,0.7142857142857143,0.46,0.15789473684210525,0.9285714285714286
3705,18207,Carrick Felix,Arizona St.,0.5625,0.5806451612903226,0.5,1.0
3706,18208,Corey Hawkins,Arizona St.,0.0,0.4,0.0,0.8888888888888888
3707,18211,Jordan Bachynski,Arizona St.,0.6666666666666666,0.75,0.8888888888888888,0.0
3708,18212,Chanse Creekmur,Arizona St.,0.0,0.5,0.3333333333333333,0.95
3709,18217,Cornelius Chatt,SIU Edwardsville,0.0,0.45652173913043476,0.21428571428571427,0.8723404255319149
3710,18218,Ben Brackney,Bucknell,0.0,0.0,0.5,1.0
3711,18219,Ryan Hill,Bucknell,0.0,0.0,0.0,1.0
3712,18220,Petar Torlak,East Carolina,0.0,1.0,0.0,1.0
3713,18230,Bo Ingram,UT Arlington,1.0,0.21875,0.30434782608695654,0.9285714285714286
3714,18233,Ryan Watkins,Boise St.,0.0,0.7,0.65625,0.0
3715,18235,Chris McCall,Montana St.,0.0,0.75,0.25,0.9090909090909091
3716,18236,Anthony McBride,Cincinnati,0.0,0.0,0.0,0.0
3717,18239,Sean Kilpatrick,Cincinnati,0.0,0.43137254901960786,0.6470588235294118,0.9782608695652174
3718,18241,Jeff Elorriaga,Boise St.,0.0,0.0,1.0,0.9615384615384616
3719,18245,Sean Imadiyi,Boise St.,1.0,0.8,0.4444444444444444,0.0
3720,18257,Jeff Budinich,Montana St.,0.0,0.3333333333333333,0.75,0.8461538461538461
3721,18261,Paul Crosby,Mississippi Valley St.,0.3333333333333333,0.36538461538461536,0.5416666666666666,0.8571428571428571
3722,18262,Falando Jones,Mississippi Valley St.,0.5,0.39215686274509803,0.4166666666666667,0.8571428571428571
3723,18265,Daniel King,Texas Southern,0.7777777777777778,0.6666666666666666,0.6,0.0
3724,18266,Omar Wattad,Chattanooga,0.0,0.34615384615384615,0.18518518518518517,0.8271604938271605
3725,18267,Keithtrick Denson,Texas Southern,0.8333333333333334,0.7948717948717948,0.6363636363636364,0.0
3726,18269,Roger Guardia,Cal St. Fullerton,0.0,1.0,0.5,0.8888888888888888
3727,18270,Nicos Norris,Texas Southern,0.0,0.5,0.5,1.0
3728,18273,Joe Kammerer,Idaho,0.0,0.8,0.0,0.0
3729,18274,Andre Hardy,Cal St. Fullerton,1.0,0.5111111111111111,0.27586206896551724,0.0
3730,18275,Nate Gibbs,Fairleigh Dickinson,0.0,0.5555555555555556,0.25,0.0
3731,18281,Krste Ruiz,Purdue Fort Wayne,0.0,0.0,0.0,0.0
3732,18283,Bernard Kamwa,UMKC,0.5,0.2857142857142857,0.2857142857142857,0.0
3733,18284,Brandon Provost,UT Rio Grande Valley,0.0,0.38461538461538464,0.2,0.9104477611940298
3734,18286,Jeff Johnson,Eastern Kentucky,0.0,0.7,0.3,0.9615384615384616
3735,18287,Jaron Jones,Eastern Kentucky,0.0,0.42857142857142855,0.42857142857142855,1.0
3736,18288,Devin McDonald,Eastern Kentucky,0.0,0.0,0.2857142857142857,1.0
3737,18291,Jeff Allgood,Eastern Kentucky,0.0,0.4,0.5,0.8695652173913043
3738,18292,Peter Rehnquist,Boston College,1.0,1.0,0.0,0.0
3739,18294,Ehimen Orukpe,Wichita St.,0.0,0.3333333333333333,0.5,0.0
3740,18296,Kenton Walker II,Saint Mary's,1.0,0.8035714285714286,0.5,0.0
3741,18298,Jabs Newby,Eastern Kentucky,0.0,0.25,0.0,0.0
3742,18305,Romaric Lasme,Morehead St.,0.0,0.0,0.0,0.0
3743,18306,Arthur McMillan,Morehead St.,1.0,0.6363636363636364,1.0,0.0
3744,18309,Kevin Gray,Morehead St.,0.0,1.0,0.0,0.0
3745,18311,Drew Kelly,Morehead St.,1.0,0.43478260869565216,0.42857142857142855,0.8333333333333334
3746,18313,Dionte Ferguson,Morehead St.,0.0,1.0,0.0,0.0
3747,18315,Reggie Williams,Morehead St.,0.0,0.5,1.0,1.0
3748,18316,Amric Fields,TCU,0.8,0.6610169491525424,0.8947368421052632,1.0
3749,18319,Jarvis Ray,TCU,1.0,0.2222222222222222,0.25,1.0
3750,18322,Hank Thorns,TCU,0.0,0.14814814814814814,0.08823529411764706,0.5789473684210527
3751,18323,Chris Kowalski,Boston College,0.0,0.0,0.0,0.0
3752,18324,John Cahill,Boston College,0.0,1.0,0.5,0.9230769230769231
3753,18327,Jonathan Nicely,North Carolina Central,0.0,0.8,0.5,0.0
3754,18328,Berend Weijs,Maryland,1.0,0.625,1.0,0.0
3755,18330,Kyle Hunt,Middle Tennessee,0.0,0.4375,0.0,0.0
3756,18331,Drew Absher,VMI,0.0,0.0,0.0,1.0
3757,18332,D.J. Covington,VMI,0.6,0.5555555555555556,0.5833333333333334,0.0
3758,18333,Goran Pantovic,Drexel,0.0,1.0,1.0,0.0
3759,18335,Evan Cleveland,Mount St. Mary's,0.0,0.5,0.0,1.0
3760,18337,Darrell Williams,Oklahoma St.,0.5714285714285714,0.2894736842105263,0.43478260869565216,0.0
3761,18339,Jonathan Blount,Centenary,0.0,0.3448275862068966,0.35294117647058826,0.7142857142857143
3762,18340,Steve Forbes,Stetson,0.8333333333333334,0.42857142857142855,0.7142857142857143,1.0
3763,18344,Terrell Allen,Central Connecticut,1.0,0.5625,0.75,0.0
3764,18345,Alasdair Fraser,Maine,0.5,0.5319148936170213,0.631578947368421,0.0
3765,18346,Brandon Joseph,Centenary,0.0,0.0,0.0,0.0
3766,18349,Jake Lerner,Drexel,0.0,0.0,0.0,0.0
3767,18354,Brandon Moore,FIU,0.0,0.375,0.3333333333333333,0.0
3768,18357,Tre Bowman,Penn St.,0.0,0.6666666666666666,0.0,1.0
3769,18358,Mark LaPorte,Central Connecticut,0.0,0.0,0.0,0.0
3770,18363,Nate Perry,Youngstown St.,0.0,0.0,0.0,1.0
3771,18367,Josh Schuler,North Dakota,0.0,0.2777777777777778,0.10526315789473684,0.8857142857142857
3772,18370,Stargell Love,Baylor,0.5,0.18181818181818182,0.0,0.5
3773,18372,Logan Lowery,Centenary,1.0,0.5384615384615384,0.5454545454545454,0.8
3774,18374,Perry Jones III,Baylor,0.8292682926829268,0.6263736263736264,0.46875,1.0
3775,18375,Bradley Gay,UT Arlington,0.0,0.25,0.3333333333333333,0.92
3776,18376,Shaquille White-Miller,UT Arlington,0.0,0.0,0.16666666666666666,0.75
3777,18377,Darius Richardson,UT Arlington,0.0,0.42857142857142855,0.0,0.9354838709677419
3778,18378,Stuart Lagerson,UT Arlington,0.0,0.42857142857142855,1.0,0.0
3779,18380,Chris Kurz,Boston University,0.0,0.0,0.0,0.0
3780,18382,Josh Huestis,Stanford,0.5,0.45454545454545453,0.45454545454545453,1.0
3781,18388,Orlando Brown,Cal St. Fullerton,0.0,0.25,0.2,0.9285714285714286
3782,18393,Mitchell Deter,Charleston Southern,0.0,0.0,0.0,1.0
3783,18394,Tramar Beaman,North Carolina Central,0.0,0.0,0.0,1.0
3784,18395,Francisco Cruz,Wyoming,0.0,0.4444444444444444,0.1568627450980392,0.8604651162790697
3785,18399,Brian Gibson,Wyoming,0.6666666666666666,0.5714285714285714,0.8,0.0
3786,18400,Joe Hudson,Wyoming,1.0,0.6666666666666666,0.0,1.0
3787,18401,Stephen Wilson,Savannah St.,0.0,0.25,0.3333333333333333,1.0
3788,18402,Joshua Montgomery,Savannah St.,0.3333333333333333,0.45454545454545453,0.7,0.9705882352941176
3789,18404,Keith Edwards,Savannah St.,0.0,0.0,0.0,0.0
3790,18405,David Paulk,Savannah St.,0.0,1.0,0.0,0.0
3791,18413,Lamont Austin,Morehead St.,0.0,0.16666666666666666,0.0,0.5714285714285714
3792,18415,Markel Brown,Oklahoma St.,0.2,0.18421052631578946,0.3181818181818182,0.8125
3793,18419,Dennis Ogbe,Tennessee Tech,1.0,0.6842105263157895,0.5384615384615384,1.0
3794,18421,Liam McMorrow,Tennessee Tech,0.6666666666666666,0.3684210526315789,0.3333333333333333,0.0
3795,18425,Marcus Williams,Sam Houston St.,0.0,0.30434782608695654,0.4,0.8333333333333334
3796,18426,Byron Randle,Sam Houston St.,0.0,1.0,0.0,0.0
3797,18427,Tim Toler,Northern Illinois,1.0,0.7307692307692307,0.6078431372549019,1.0
3798,18428,Christopher Spears,Savannah St.,0.3333333333333333,0.14285714285714285,0.42857142857142855,0.0
3799,18429,Cameron Madlock,Northern Illinois,1.0,0.375,0.6666666666666666,0.0
3800,18430,Nate Rucker,Northern Illinois,1.0,0.625,0.4166666666666667,0.0
3801,18431,Mike Cobbins,Oklahoma St.,0.0,0.0,0.0,0.0
3802,18435,Thomas Odom,Charleston Southern,0.0,0.0,0.0,0.0
3803,18437,Stevie Rogers,Texas St.,0.0,0.0,0.0,0.0
3804,18438,Travis Jones,Texas St.,0.0,0.35294117647058826,0.25,0.8636363636363636
3805,18444,Darren Warren,Texas A&M Corpus Chris,0.0,0.0,1.0,0.0
3806,18446,Hollis Hill,Texas A&M Corpus Chris,0.0,0.2857142857142857,0.25,0.8888888888888888
3807,18448,Chris Mast,Texas A&M Corpus Chris,0.6,0.4473684210526316,0.3333333333333333,1.0
3808,18449,Ted Wang,Texas A&M Corpus Chris,0.0,0.0,0.0,0.0
3809,18451,Ron Anderson Jr.,South Florida,0.2857142857142857,0.5151515151515151,0.29411764705882354,0.0
3810,18459,Jeff Wherry,Prairie View A&M,0.0,0.0,0.0,0.7333333333333333
3811,18460,Beloved Rogers,Prairie View A&M,0.0,0.0,0.3333333333333333,0.896551724137931
3812,18466,Aerris Smith,Wofford,0.0,0.5,0.0,0.0
3813,18470,Tristan Wilson,Long Beach St.,0.0,0.6,0.19047619047619047,0.6666666666666666
3814,18477,Roberto Nelson,Oregon St.,1.0,0.43478260869565216,0.21428571428571427,0.75
3815,18478,Rhys Murphy,Oregon St.,0.0,0.0,0.0,0.0
3816,18490,Orlando Allen,Marshall,0.5,0.35714285714285715,0.3333333333333333,0.0
3817,18491,Drew Parker,UNC Greensboro,0.0,0.6666666666666666,0.0,0.625
3818,18492,David Williams,UNC Greensboro,0.6,0.3939393939393939,0.1111111111111111,0.875
3819,18493,Aloysius Henry,UNC Greensboro,1.0,0.6166666666666667,0.16666666666666666,1.0
3820,18494,Tyler McNeely,UNC Greensboro,0.0,0.0,0.0,0.0
3821,18495,Trevis Simpson,UNC Greensboro,0.6666666666666666,0.4339622641509434,0.30303030303030304,0.7241379310344828
3822,18496,Aaron Brackett,UNC Greensboro,0.625,0.4473684210526316,0.46153846153846156,1.0
3823,18497,Cody Henegar,UNC Greensboro,1.0,0.5,0.5,0.8
3824,18498,Antoine Mason,Niagara,0.0,0.0,0.0,1.0
3825,18500,Marvin Jordan,Niagara,0.0,0.25,0.16,0.7466666666666667
3826,18501,Matthew Wright,St. Bonaventure,1.0,0.4,0.375,0.8846153846153846
3827,18503,Calvin Douglas,San Jose St.,0.0,0.3125,0.375,0.918918918918919
3828,18506,Brylle Kamen,San Jose St.,0.0,0.36363636363636365,1.0,0.0
3829,18507,Xavier Humphrey,Marshall,0.0,0.0,0.0,0.0
3830,18509,Will Sheehey,Indiana,0.6,0.42857142857142855,0.38461538461538464,0.8571428571428571
3831,18513,Victor Oladipo,Indiana,0.5,0.4657534246575342,0.5714285714285714,0.75
3832,18516,Shabazz Napier,Connecticut,0.0,0.15625,0.09090909090909091,0.6739130434782609
3833,18526,Talib Zanna,Pittsburgh,0.5555555555555556,0.39285714285714285,1.0,0.0
3834,18529,Dante Taylor,Pittsburgh,0.7037037037037037,0.5606060606060606,1.0,0.0
3835,18530,Lamar Patterson,Pittsburgh,1.0,0.5333333333333333,0.6,1.0
3836,18531,Nick Rivers,Pittsburgh,0.0,0.0,1.0,1.0
3837,18532,Marquis Sloan,USC Upstate,0.0,0.2,0.0,0.8
3838,18534,Devin Long,Cleveland St.,0.0,0.625,0.0,0.0
3839,18536,Lonnie Smith,Louisiana Tech,0.0,0.625,0.5,0.8918918918918919
3840,18538,Brandon Boggs,Western Carolina,0.5454545454545454,0.4864864864864865,0.34,1.0
3841,18540,Aaron Bright,Stanford,0.0,0.125,0.1111111111111111,0.8064516129032258
3842,18543,Blake McDonald,Texas A&M,0.0,0.0,0.0,0.0
3843,18545,Alex Baird,Texas A&M,0.0,0.0,0.0,0.0
3844,18547,Ralph Watts,Albany,1.0,0.3333333333333333,0.3125,0.75
3845,18548,John Puk,Albany,1.0,0.7222222222222222,0.4166666666666667,0.0
3846,18550,Marcus James,Sam Houston St.,0.5454545454545454,0.5714285714285714,0.5555555555555556,0.0
3847,18553,Nafis Richardson,Sam Houston St.,0.3333333333333333,0.6774193548387096,0.4444444444444444,0.8947368421052632
3848,18556,Kalif Bakare,UTSA,0.0,0.0,0.0,1.0
3849,18557,Gorkem Sonmez,Radford,0.0,0.13636363636363635,0.16666666666666666,0.9
3850,18562,Louis Ellis,Northwestern St.,0.0,0.42857142857142855,0.3,0.9387755102040817
3851,18565,Jeremy Robinson,Radford,1.0,0.5,0.0,0.8
3852,18566,Josh Seligson,UNC Asheville,0.0,1.0,0.0,0.0
3853,18576,C.J. Leslie,N.C. State,0.7111111111111111,0.5287356321839081,0.3793103448275862,1.0
3854,18577,Tyler Thornton,Duke,0.0,0.0,0.0,1.0
3855,18578,Josh Hairston,Duke,0.5,0.5714285714285714,0.8333333333333334,0.0
3856,18579,Kyrie Irving,Duke,0.0,0.038461538461538464,0.0,0.5
3857,18581,Jamar Taylor,Georgia St.,1.0,1.0,1.0,0.0
3858,18582,Preston Ross,Western Carolina,0.4,0.5263157894736842,0.42857142857142855,1.0
3859,18583,Jay Copeland,Ball St.,0.0,0.0,0.0,0.0
3860,18584,Matt Kamieniecki,Ball St.,1.0,0.5909090909090909,0.75,0.0
3861,18586,Trevor Releford,Alabama,0.0,0.24,0.15151515151515152,0.7368421052631579
3862,18590,Karam Mashour,UNLV,0.0,0.42857142857142855,1.0,1.0
3863,18591,Quintrell Thomas,UNLV,0.8181818181818182,0.7358490566037735,0.68,0.0
3864,18593,Tyler Reynolds,Fairleigh Dickinson,0.0,0.375,0.625,1.0
3865,18594,Tom Herzog,UCF,0.9166666666666666,0.7916666666666666,0.4,0.0
3866,18595,Briahn Smith,Fairleigh Dickinson,0.0,0.5333333333333333,0.75,0.9142857142857143
3867,18596,Mathias Seilund,Fairleigh Dickinson,0.0,0.23076923076923078,0.25,1.0
3868,18597,Eric McKnight,Iowa St.,1.0,0.7142857142857143,0.0,0.0
3869,18598,Jordan Railey,Iowa St.,0.0,0.25,0.7692307692307693,0.0
3870,18599,DeMarcus Phillips,Iowa St.,0.0,0.6666666666666666,0.5,0.0
3871,18602,Jeremiah Bowman,Longwood,0.0,0.1774193548387097,0.034482758620689655,0.6153846153846154
3872,18604,David Robinson,Longwood,0.0,0.3333333333333333,0.0,1.0
3873,18605,Mike Byron,Gardner Webb,0.75,0.7428571428571429,0.4,0.0
3874,18618,Regis Huddleston,Troy,0.0,0.14285714285714285,0.14285714285714285,0.9516129032258065
3875,18621,Sheridan Shayne,Idaho,0.0,0.0,0.0,0.0
3876,18626,Jay Royster,Gardner Webb,0.0,0.0,0.0,0.0
3877,18630,Torian Oglesby,Bowling Green,0.8947368421052632,0.717948717948718,0.3333333333333333,0.0
3878,18631,Craig Sealey,Bowling Green,1.0,0.6363636363636364,0.6666666666666666,0.0
3879,18633,DeAndre Nealy,Kent St.,0.0,0.25,0.0,0.0
3880,18634,Lukas Winegarner,Radford,0.5,0.3333333333333333,0.6153846153846154,0.0
3881,18635,Martins Abele,Radford,1.0,0.34782608695652173,0.2857142857142857,0.0
3882,18636,Jayon James,Iona,0.0,0.5,0.0,0.0
3883,18638,Randy Dezouvre,Iona,0.0,0.4782608695652174,0.42105263157894735,1.0
3884,18640,Nick Turner,Kennesaw St.,0.0,0.0,0.0,0.5
3885,18641,Raheem Singleton,Maine,0.0,0.13157894736842105,0.03571428571428571,0.8125
3886,18642,Gorgui Dieng,Louisville,0.9583333333333334,0.875,0.45,0.0
3887,18643,Mike Dabney,Bowling Green,0.0,0.6,0.4,0.0
3888,18646,Eric Griffin,Campbell,0.7,0.5128205128205128,0.5405405405405406,0.9523809523809523
3889,18647,Andrew Griffin,Virginia Tech,0.0,1.0,0.0,0.0
3890,18653,Julian Boyd,LIU,0.8,0.552,0.45454545454545453,0.9
3891,18655,Eddie Rios,Texas St.,0.0,0.25,0.09090909090909091,0.3953488372093023
3892,18658,Chris Grier,Charleston Southern,0.0,0.2222222222222222,0.14285714285714285,1.0
3893,18659,Robert Thurman,California,0.0,0.0,0.0,0.0
3894,18660,J.J. Mann,Belmont,0.0,0.39285714285714285,0.5333333333333333,0.8888888888888888
3895,18661,Alfonso Costa,Yale,0.0,0.0,0.0,0.0
3896,18662,Will Bartlett,Yale,0.0,0.0,0.0,0.0
3897,18663,Allen Crabbe,California,0.8,0.6333333333333333,0.46808510638297873,0.9516129032258065
3898,18664,Richard Solomon,California,0.7894736842105263,0.56,0.7142857142857143,1.0
3899,18665,Emerson Murray,California,0.0,0.3333333333333333,0.3333333333333333,1.0
3900,18666,Reid Koenen,Texas St.,0.0,0.5,0.0,1.0
3901,18679,Bubu Palo,Iowa St.,0.0,0.3333333333333333,0.0,0.9166666666666666
3902,18686,Max Rockmann,UMKC,0.0,0.4,0.09090909090909091,1.0
3903,18687,Zack Leahy,Toledo,0.0,0.4,0.6,0.8571428571428571
3904,18688,Michael Gholston Jr.,UMKC,0.0,0.0,0.0,0.6666666666666666
3905,18689,Tim Morton,Oral Roberts,0.0,0.5384615384615384,0.75,0.0
3906,18694,J.T. Thomas,Toledo,0.0,0.4166666666666667,0.6666666666666666,0.625
3907,18706,Tyler Neal,Oklahoma,1.0,0.6923076923076923,0.375,1.0
3908,18707,Carl Blair,Oklahoma,0.0,0.0,0.045454545454545456,1.0
3909,18709,Calvin Newell,Oklahoma,0.0,0.125,0.0,0.7692307692307693
3910,18711,Maurice Barrow,Fairfield,0.6666666666666666,0.5303030303030303,0.6153846153846154,0.0
3911,18713,Cameron Clark,Oklahoma,0.8888888888888888,0.6923076923076923,0.509090909090909,0.96
3912,18714,Andrew Mitchell,Iowa St.,0.0,0.0,0.0,0.0
3913,18716,Keith Matthews,Fairfield,1.0,0.5555555555555556,0.7142857142857143,0.0
3914,18717,Kristian Petric,Fairfield,0.0,0.0,0.0,0.0
3915,18722,Scott Stucky,Air Force,0.0,1.0,0.0,0.0
3916,18723,Aaron Anderson,Kennesaw St.,1.0,0.6833333333333333,0.3333333333333333,1.0
3917,18726,Roy Devyn Marble,Iowa,0.0,0.5789473684210527,0.3333333333333333,1.0
3918,18728,Melsahn Basabe,Iowa,0.5882352941176471,0.5384615384615384,0.525,0.0
3919,18729,Russ Smith,Louisville,0.0,0.3333333333333333,0.0,0.8571428571428571
3920,18731,T.J. Sayre,Iowa,0.0,0.0,1.0,0.0
3921,18733,Branden Stubbs,Iowa,0.0,1.0,0.0,1.0
3922,18735,Zach McCabe,Iowa,0.0,0.3181818181818182,0.6153846153846154,1.0
3923,18736,Mari Konate,McNeese St.,0.5,0.5,0.5,1.0
3924,18737,Adrian Fields,McNeese St.,0.0,0.0,0.0,0.0
3925,18741,JerShon Cobb,Northwestern,0.0,0.5238095238095238,0.25,0.9130434782608695
3926,18742,Desmond Haymon,Stephen F. Austin,0.0,0.75,0.0,0.8571428571428571
3927,18751,Mike Gabbard,Western Kentucky,0.0,0.0,0.0,0.0
3928,18754,Frankie Eteuati,Cal St. Northridge,0.0,0.4444444444444444,0.5,1.0
3929,18756,Derron Hobbs,Grambling St.,0.0,0.2222222222222222,0.15384615384615385,1.0
3930,18757,Pete Dill,Seton Hall,0.0,0.0,0.0,0.0
3931,18759,Prince Parker,Virginia Tech,0.0,1.0,0.0,0.0
3932,18760,Justin May,Delaware St.,0.0,0.0,0.0,1.0
3933,18768,Anthony Baskerville,Rhode Island,0.0,0.0,0.0,1.0
3934,18771,T.J. McConnell,Duquesne,0.0,0.5,0.4186046511627907,0.8333333333333334
3935,18772,Jerry Jones,Duquesne,0.0,0.8333333333333334,0.5,1.0
3936,18774,Presano Bell,South Carolina St.,1.0,0.4838709677419355,0.18181818181818182,0.0
3937,18775,Troy Pierce,Charleston Southern,0.0,0.4166666666666667,0.0,0.0
3938,18777,Matt Kennedy,Charleston Southern,0.0,0.5,0.2,0.8333333333333334
3939,18778,Sheldon Strickland,Charleston Southern,0.0,0.2631578947368421,0.058823529411764705,0.6944444444444444
3940,18782,Jarell Eddie,Virginia Tech,0.0,0.3333333333333333,0.5833333333333334,0.8571428571428571
3941,18785,Juwan Staten,Dayton,0.5,0.0967741935483871,0.25,1.0
3942,18786,Terry Bembry,Houston Christian,1.0,0.5540540540540541,0.5,0.0
3943,18796,Leon Powell,Southeast Missouri St.,0.8,0.5734265734265734,0.36,0.0
3944,18808,Georges Massoda,High Point,0.0,0.3333333333333333,0.3333333333333333,0.0
3945,18819,Jake Kreuser,Lafayette,0.0,1.0,0.0,0.0
3946,18821,Myles Walker,Indiana St.,0.8888888888888888,0.6938775510204082,0.6976744186046512,0.0
3947,18833,Johnny Higgins,Marshall,0.0,0.0,0.3333333333333333,1.0
3948,18834,Corey Maynard,Bryant,0.0,0.35714285714285715,0.6666666666666666,0.9545454545454546
3949,18836,Antoine Hosley,Washington,0.0,0.0,1.0,1.0
3950,18837,Aziz N'Diaye,Washington,0.6470588235294118,0.58,0.375,0.0
3951,18838,Terrence Ross,Washington,0.6923076923076923,0.5151515151515151,0.4,0.8863636363636364
3952,18839,Skylar Jones,Niagara,0.0,0.42857142857142855,0.5555555555555556,0.8695652173913043
3953,18840,Sam de Haas,St. Bonaventure,0.0,1.0,0.3333333333333333,1.0
3954,18846,Bryon Allen,George Mason,0.0,0.1111111111111111,0.0,0.5
3955,18854,Corey Wickware,SIU Edwardsville,0.0,0.1111111111111111,0.2,0.8723404255319149
3956,18858,Kevin Panzer,Nevada,0.0,0.625,0.7142857142857143,1.0
3957,18863,Dane Suttle Jr.,Pepperdine,0.0,0.5454545454545454,0.36363636363636365,0.9545454545454546
3958,18866,Zane Gibson,Middle Tennessee,0.0,0.0,0.0,0.0
3959,18869,Emanuel Chapman,North Carolina Central,0.0,0.75,0.25,0.5
3960,18871,Jordan Burris,Nevada,0.0,0.625,0.16666666666666666,0.9230769230769231
3961,18875,Jeremy Crutcher,Alabama A&M,0.0,0.15384615384615385,0.15789473684210525,0.625
3962,18881,Rod Singleton,Montana St.,0.0,0.11764705882352941,0.05,0.7272727272727273
3963,18883,Santoine Butler,Gardner Webb,1.0,0.5555555555555556,0.6,0.0
3964,18884,Andrew Osemhen,Kennesaw St.,1.0,0.5555555555555556,0.3333333333333333,0.0
3965,18886,Stefan Nastic,Stanford,1.0,0.75,0.0,0.0
3966,18888,Isaiah Roberts,Navy,0.0,0.17857142857142858,0.26666666666666666,0.7692307692307693
3967,18889,Marcus Graham,North Carolina Central,0.0,0.0,0.0,0.0
3968,18890,Rj Hall,Kennesaw St.,0.0,0.0,0.0,0.0
3969,18891,John Gage,Stanford,0.0,0.3333333333333333,0.8,0.9411764705882353
3970,18893,Edward Townsel,Arkansas St.,0.0,0.08333333333333333,0.15384615384615385,0.7777777777777778
3971,18901,Kore White,Florida Atlantic,0.7692307692307693,0.4666666666666667,0.5652173913043478,0.7142857142857143
3972,18902,Mathis Keita,Gonzaga,1.0,0.4666666666666667,0.0,1.0
3973,18904,Marquise Carter,Gonzaga,0.0,0.3793103448275862,0.29411764705882354,0.9090909090909091
3974,18910,Harrison Barnes,North Carolina,0.47368421052631576,0.4,0.27956989247311825,0.7910447761194029
3975,18912,Chase Kammerer,Air Force,0.0,0.0,0.0,0.0
3976,18913,Jake Lockhart,Morgan St.,0.0,0.0,0.0,0.0
3977,18922,Rakeem Brookins,Siena,0.0,0.25,0.0,0.6
3978,18924,Damien Alexander,Alabama A&M,0.0,0.5,0.5,1.0
3979,18927,Tracy O'Neal,North Carolina Central,1.0,0.8571428571428571,0.0,0.0
3980,18928,James Walker III,Utah St.,0.0,0.0,0.3333333333333333,0.8571428571428571
3981,18929,Jesse Berry,Ball St.,0.0,0.37037037037037035,0.5454545454545454,0.9361702127659575
3982,18931,Tyrae Robinson,Ball St.,0.0,0.07142857142857142,0.15789473684210525,0.3333333333333333
3983,18932,Nemanja Mikic,George Washington,1.0,0.42857142857142855,0.5,0.9066666666666666
3984,18934,Chris Fitzgerald,George Washington,0.0,0.0,0.3333333333333333,1.0
3985,18938,Jason Morris,Georgia Tech,0.7333333333333333,0.5769230769230769,0.5789473684210527,0.9545454545454546
3986,18939,Austin Carroll,Rutgers,0.0,0.5,0.5,1.0
3987,18940,Nate Hicks,Georgia Tech,1.0,0.47058823529411764,0.0,0.0
3988,18942,Harper Kamp,California,0.6666666666666666,0.5544554455445545,0.5606060606060606,1.0
3989,18948,Tim Douglas,Portland,0.0,0.1724137931034483,0.08695652173913043,0.9473684210526315
3990,18949,Ben Eisenhardt,Cal Poly,0.0,0.0,0.0,1.0
3991,18955,Charlie Reddick,Furman,0.0,0.4444444444444444,0.2857142857142857,1.0
3992,18956,Luis Jacobo,Stetson,0.0,0.25,0.3076923076923077,0.896551724137931
3993,18960,Jeff Havenstein,Longwood,0.0,0.6666666666666666,0.3333333333333333,0.0
3994,18961,Diego Morales,Stetson,0.0,1.0,0.0,0.0
3995,18962,Mark Parker,Longwood,0.0,0.0,0.5,0.9230769230769231
3996,18966,Robert Williams,UAB,1.0,0.4,1.0,1.0
3997,18969,Kelly Lawson,Sam Houston St.,0.0,0.0,0.0,0.0
3998,18971,Jordan Morgan,Michigan,1.0,0.7692307692307693,0.675,0.0
3999,18976,Tony Wroblicky,American,0.0,0.46153846153846156,0.25,0.0
4000,18977,Wayne Simon II,American,0.0,0.0,0.0,0.0
4001,18978,Charles Hinkle,American,0.0,0.4666666666666667,0.375,0.9230769230769231
4002,18979,Aaron Graham,Stetson,0.0,0.25,0.1111111111111111,0.78125
4003,18983,Gary Pope,Elon,0.0,0.0,0.0,0.0
4004,18986,Tommy Spagnolo,Radford,0.0,0.5,1.0,0.0
4005,18988,Tré Bussey,Georgia Southern,0.0,0.6,0.5625,0.9705882352941176
4006,18992,Sam Mike,Georgia Southern,1.0,0.4444444444444444,0.0,0.0
4007,18993,Justin Taylor,Georgia Southern,0.0,0.5,0.0,0.0
4008,18994,Jamal Curry,Radford,0.0,1.0,1.0,0.0
4009,18995,Tolga Cerrah,Radford,0.6666666666666666,0.38461538461538464,0.3181818181818182,0.0
4010,18997,Jarvis Williams,Green Bay,0.75,0.5111111111111111,0.3939393939393939,0.0
4011,19005,Alec Brown,Green Bay,1.0,0.6,0.5818181818181818,1.0
4012,19011,Kazadi Nyanguila,New Hampshire,0.0,0.6,0.0,0.0
4013,19013,Jio Fontan,USC,0.0,0.13513513513513514,0.07142857142857142,0.6666666666666666
4014,19014,Will Barton,Memphis,0.8888888888888888,0.5454545454545454,0.225,0.7435897435897436
4015,19019,Garrett Jackson,USC,0.0,0.4375,0.75,1.0
4016,19020,Jared Bartling,South Dakota,0.0,0.0,0.0,0.0
4017,19022,J.R. Sims,Eastern Michigan,0.0,0.2857142857142857,0.0,0.7142857142857143
4018,19026,Lonell Reeves,Louisiana Monroe,0.0,0.0,0.0,0.6666666666666666
4019,19028,Christian Bibi Ndongo,Louisiana Monroe,0.0,0.8,0.5,1.0
4020,19029,Ife Eke,Louisiana Monroe,0.0,0.0,0.0,0.0
4021,19030,Hugh Mingo,Louisiana Monroe,0.0,0.55,0.34146341463414637,0.9285714285714286
4022,19034,Demetrius Jemison,Manhattan,0.75,0.25,0.7254901960784313,1.0
4023,19035,Robert Martina,Manhattan,1.0,0.6666666666666666,0.9,1.0
4024,19036,Kidani Brutus,Manhattan,0.0,0.5454545454545454,0.25,0.8412698412698413
4025,19037,Chuck Coley,Pacific,1.0,0.5,0.6666666666666666,1.0
4026,19038,Michael Alvarado,Manhattan,0.0,0.1388888888888889,0.075,0.5
4027,19039,Rhamel Brown,Manhattan,0.75,0.4268292682926829,0.42857142857142855,0.0
4028,19045,Jerome Hamilton,Wichita St.,1.0,1.0,0.0,0.0
4029,19046,Patrik Auda,Seton Hall,0.0,0.6666666666666666,0.6666666666666666,1.0
4030,19047,Richard Wonnell,Toledo,0.0,1.0,1.0,0.0
4031,19049,Reese Holliday,Toledo,0.0,0.5384615384615384,0.5,0.8
4032,19054,Fuquan Edwin,Seton Hall,0.5,0.6458333333333334,0.42857142857142855,0.9583333333333334
4033,19055,Vander Joaquim,Hawaii,0.8333333333333334,0.4166666666666667,0.25333333333333335,0.0
4034,19057,Jean-Paul Olukemi,Oklahoma St.,0.6666666666666666,0.34328358208955223,0.08,0.75
4035,19058,Sam Ryan,Houston Christian,0.0,0.0,1.0,0.0
4036,19060,Malcolm Lemmons,Niagara,0.0,0.25806451612903225,0.625,0.8666666666666667
4037,19065,Kevin McGaughey,James Madison,0.0,0.0,1.0,1.0
4038,19067,Fran Dougherty,Penn,0.0,0.3181818181818182,0.3333333333333333,0.0
4039,19069,Brandon Dawson,Kennesaw St.,0.0,0.125,0.2857142857142857,1.0
4040,19077,Milos Trivic,St. Francis NY,0.0,0.42857142857142855,0.0,1.0
4041,19080,Greg Nero,Fairfield,1.0,0.8,1.0,1.0
4042,19086,Lenzelle Smith Jr.,Ohio St.,1.0,0.625,0.0,1.0
4043,19090,Dau Jok,Penn,0.0,0.0,0.0,0.0
4044,19091,Kevin Thomas,Tulane,1.0,1.0,0.5,0.0
4045,19092,Brady Hadden,Tulane,0.0,0.0,0.0,1.0
4046,19094,Michael Celestin,Southern,0.0,0.25,0.0,0.6666666666666666
4047,19095,John Tatum,Southern,0.0,0.0,0.0,0.0
4048,19096,Neal Webb,Southern,1.0,0.3333333333333333,0.0,0.7894736842105263
4049,19097,Patrick Coleman,Southern,0.0,0.0,0.0,1.0
4050,19098,Ray Ray Chase,Southern,0.0,0.6153846153846154,0.375,0.0
4051,19099,Lloyd Hickinson,Southern,0.0,0.0,0.0,1.0
4052,19100,Michael Messer,SIU Edwardsville,0.0,0.5454545454545454,0.26666666666666666,1.0
4053,19107,Wil Carter,San Jose St.,0.9047619047619048,0.6216216216216216,0.6216216216216216,1.0
4054,19113,Paul Carter,Illinois Chicago,0.5454545454545454,0.36666666666666664,0.34545454545454546,0.8846153846153846
4055,19114,Andre Prince,James Madison,0.0,0.0,0.0,0.0
4056,19118,Julius Francis,Winthrop,0.0,0.0,0.25,0.0
4057,19122,Nick Mason,Idaho St.,0.0,0.0,0.6666666666666666,1.0
4058,19125,Tony Chennault,Wake Forest,0.0,0.15789473684210525,0.2,1.0
4059,19129,Marvell Waithe,Arkansas,0.8333333333333334,0.42105263157894735,1.0,0.8571428571428571
4060,19133,Kevin Canevari,Mercer,0.0,0.0,0.0,0.5
4061,19137,Evan Roquemore,Santa Clara,1.0,0.25,0.16666666666666666,0.6727272727272727
4062,19140,Matt Tomaszewski,Syracuse,0.0,1.0,0.0,1.0
4063,19146,Julian Clarke,Santa Clara,0.0,0.0,0.0,0.0
4064,19147,Chris Clement,Princeton,0.0,0.0,0.0,0.0
4065,19148,Durann Neil,Longwood,0.0,0.19047619047619047,0.2,0.8235294117647058
4066,19149,John McArthur,Santa Clara,0.0,0.5,0.42857142857142855,1.0
4067,19150,Bud Thomas,Mercer,1.0,0.5161290322580645,0.6666666666666666,1.0
4068,19151,Scott Bamforth,Weber St.,0.0,0.13636363636363635,0.38461538461538464,0.8028169014084507
4069,19164,Eric Ferguson,Georgia Southern,0.71875,0.6049382716049383,0.3103448275862069,0.75
4070,19165,Devon Collier,Oregon St.,0.7272727272727273,0.46875,0.5,0.0
4071,19166,Joe Ragland,Wichita St.,0.0,0.20833333333333334,0.0,0.8620689655172413
4072,19169,Brandon Gibson,Louisiana Tech,0.0,0.2222222222222222,0.3333333333333333,0.7647058823529411
4073,19171,Tanner Kerry,Pepperdine,0.0,0.0,0.0,0.0
4074,19173,Matt Heneveld,Michigan St.,0.0,0.0,0.0,0.0
4075,19174,Taylor Trevisan,Saint Joseph's,0.0,0.0,0.0,0.0
4076,19176,Thomas Rogers,Virginia,0.0,0.0,0.0,0.0
4077,19177,Jonathon Gac,Loyola Chicago,0.0,0.5,0.25,0.0
4078,19179,Chim Kadima,Loyola Chicago,0.0,0.5,0.3333333333333333,0.75
4079,19180,Will Bell,Colorado St.,1.0,0.8947368421052632,0.5,0.0
4080,19182,Louis Bell,Maryland Eastern Shore,0.0,0.25,0.5,0.967741935483871
4081,19183,Dishawn Bradshaw,Maryland Eastern Shore,0.0,0.2727272727272727,0.4,0.8571428571428571
4082,19184,Joseph Swift,Maryland Eastern Shore,0.0,0.17857142857142858,0.5,1.0
4083,19186,Kevin Williams,Maryland Eastern Shore,0.0,0.0,0.0,0.0
4084,19187,Michael Spence,Maryland Eastern Shore,0.0,0.0,0.0,0.0
4085,19189,Daniel West,Rhode Island,0.0,0.0,0.0,0.5454545454545454
4086,19208,Trinity Hall,UMKC,0.5833333333333334,0.5652173913043478,0.4,0.7777777777777778
4087,19209,Darrell Lampley,Eastern Michigan,0.0,0.21052631578947367,0.375,0.75
4088,19210,Derek Thompson,Eastern Michigan,0.0,0.3333333333333333,0.07692307692307693,0.9836065573770492
4089,19211,Dartaye Ruffin,Drexel,0.5,0.4722222222222222,0.6666666666666666,0.0
4090,19212,Trent Meyer,UNC Asheville,0.0,1.0,0.14285714285714285,1.0
4091,19213,Sandi Marcius,Purdue,0.0,0.0,0.875,0.0
4092,19214,Adrian Burton,Eastern Michigan,0.0,0.0,0.0,1.0
4093,19215,Frantz Massenat,Drexel,0.3333333333333333,0.19444444444444445,0.09090909090909091,1.0
4094,19216,Pieter Prinsloo,Marist,0.0,0.0,0.6666666666666666,1.0
4095,19217,Jon Nwannunu,UNC Asheville,0.0,0.5,0.5,0.0
4096,19218,Toles Hartman,UNC Asheville,0.6666666666666666,0.5333333333333333,1.0,0.0
4097,19221,Jermol Paul,Stetson,0.0,0.43478260869565216,0.0,0.0
4098,19228,Armond Battle,Wright St.,0.0,0.2857142857142857,0.0,1.0
4099,19237,Rickey Scott,Arkansas,0.0,0.25,0.25,1.0
4100,19244,Tre Johnson,Montana St.,0.5,0.35,0.8,0.0
4101,19247,Cameron McQueen,Wofford,0.0,1.0,0.0,0.0
4102,19252,Steve Rennard,Penn,0.0,0.0,0.0,1.0
4103,19260,Darius Morales,East Carolina,1.0,0.5,0.3333333333333333,0.0
4104,19262,Jordan Couture,Massachusetts,0.0,0.0,0.0,0.0
4105,19263,Jesse Morgan,Massachusetts,1.0,0.14285714285714285,0.25,0.8888888888888888
4106,19266,Trevor Mason,UMKC,0.0,0.0,0.0,1.0
4107,19268,Isaiah Sykes,UCF,0.4444444444444444,0.32558139534883723,0.0,0.0
4108,19269,Tony Dukes,USC Upstate,0.0,0.1,0.25,0.8333333333333334
4109,19270,Danny Rubin,Boston College,0.0,1.0,0.6,1.0
4110,19277,Babatunde Olumuyiwa,USC Upstate,0.7647058823529411,0.44,0.5217391304347826,1.0
4111,19279,Josh Walker,Wichita St.,0.0,0.0,0.0,0.0
4112,19285,Djim Bandoumel,Idaho,0.0,0.75,1.0,0.0
4113,19286,Ludovic Ndaye,Cleveland St.,1.0,0.5,0.8571428571428571,1.0
4114,19289,Miles Cartwright,Penn,0.0,0.15254237288135594,0.2727272727272727,0.9142857142857143
4115,19291,E.J. Farris,Utah St.,0.0,0.0,0.0,1.0
4116,19292,Eddie Miller,UC Davis,0.25,0.34782608695652173,0.2553191489361702,0.8421052631578947
4117,19294,Steven McClellan,Louisiana Monroe,0.0,0.5641025641025641,0.36363636363636365,1.0
4118,19295,Keith Mackie,Cleveland St.,0.0,0.0,0.0,0.0
4119,19296,Travis McClenny,Hampton,0.0,0.0,0.0,0.0
4120,19297,Brockeith Pane,Utah St.,0.0,0.14754098360655737,0.021739130434782608,0.6875
4121,19298,Patrick Davis,Alabama St.,0.5,0.5333333333333333,0.75,1.0
4122,19301,Curtis Wilkinson,East Tennessee St.,0.6666666666666666,0.5384615384615384,0.0,0.0
4123,19302,Anthony Johnson,East Tennessee St.,0.0,1.0,0.0,0.0
4124,19306,Danny Feldmann,Columbia,0.0,1.0,1.0,0.0
4125,19309,Alex Abreu,Akron,0.0,0.05405405405405406,0.0,0.6363636363636364
4126,19311,Dakotah Euton,Akron,0.0,0.0,0.0,1.0
4127,19312,Olek Czyz,Nevada,0.5714285714285714,0.38,0.2727272727272727,0.9259259259259259
4128,19313,Tony Snell,New Mexico,0.6666666666666666,0.36363636363636365,0.42857142857142855,0.9655172413793104
4129,19314,Ryan Pembleton,Cal Poly,0.0,0.0,0.0,0.0
4130,19320,Brandon Wilson,Grambling St.,0.0,0.0,0.3333333333333333,0.0
4131,19325,Thomas Armistead,George Mason,0.0,0.0,0.0,0.0
4132,19327,Dwayne Harvey,Alabama St.,0.0,0.1111111111111111,0.0,0.8571428571428571
4133,19338,Blake McLimans,Michigan,0.0,1.0,0.5714285714285714,1.0
4134,19343,Nick Kitcoff,IU Indy,0.0,0.0,0.0,0.0
4135,19345,Diamond Taylor,Southern Illinois,0.0,0.4444444444444444,0.0,1.0
4136,19349,Torrey Craig,USC Upstate,1.0,0.35294117647058826,0.25,0.8382352941176471
4137,19353,Anthony Mayo,Stony Brook,0.3333333333333333,0.5384615384615384,0.5217391304347826,0.0
4138,19354,Ben Resner,Stony Brook,0.0,0.0,0.0,0.0
4139,19355,Dave Coley,Stony Brook,0.0,0.2222222222222222,0.07142857142857142,0.6666666666666666
4140,19356,Al Rapier,Stony Brook,0.0,0.2926829268292683,0.15384615384615385,0.0
4141,19358,Anthony Jackson,Stony Brook,0.0,0.0,0.18181818181818182,0.5
4142,19360,Aaron Asp,Houston Christian,0.0,0.0,0.0,0.0
4143,19361,Fred Brown,Louisiana Monroe,0.0,0.1,0.057692307692307696,0.7636363636363637
4144,19366,Byron Fulton,Weber St.,0.0,0.43478260869565216,0.16129032258064516,1.0
4145,19367,Josh Terry,Austin Peay,0.2222222222222222,0.515625,0.6349206349206349,1.0
4146,19370,Shannon Sharpe,Colorado,0.6666666666666666,0.36,0.0,1.0
4147,19373,Darion Jake Anderson,Iowa St.,0.0,0.3595505617977528,0.19047619047619047,0.8974358974358975
4148,19382,Kayland Partee,Southern Miss,0.0,0.0,0.0,0.0
4149,19384,Ahyaro Phillips,Southern Miss,1.0,0.42857142857142855,0.45454545454545453,0.0
4150,19392,Josh Egner,Akron,0.0,0.0,0.6,0.0
4151,19393,Cameron Bairstow,New Mexico,0.0,0.3,0.875,1.0
4152,19396,Kenderek Washington,Alabama St.,0.25,0.18181818181818182,0.65625,0.9259259259259259
4153,19397,Casey Walker,Delaware St.,0.5,0.375,0.22727272727272727,0.8507462686567164
4154,19398,Jamal Webb,North Dakota,0.0,0.08,0.125,0.7631578947368421
4155,19400,Aaron Anderson,North Dakota,0.0,0.043478260869565216,0.08333333333333333,0.8888888888888888
4156,19401,Alton Williams,Austin Peay,0.0,0.0,0.0,1.0
4157,19402,Marcelis Hansberry,Louisiana Monroe,0.0,0.0,0.3,0.875
4158,19403,Kourtney Roberson,Texas A&M,0.8,0.4915254237288136,0.2727272727272727,0.0
4159,19404,R.J. McCray,Louisiana Monroe,0.0,0.0,0.8888888888888888,0.8571428571428571
4160,19408,Sean McGonagill,Brown,0.0,0.07142857142857142,0.25925925925925924,0.8421052631578947
4161,19409,JaMichael Goodin,Louisiana Monroe,0.0,1.0,0.0,0.0
4162,19523,Glenn Andrews,Tulsa,0.0,0.0,0.0,1.0
4163,19611,George Goode,Louisville,0.8333333333333334,0.55,0.9230769230769231,1.0
4164,19882,Andre Malone,Auburn,0.0,0.6,0.4444444444444444,1.0
4165,20298,Rahlir Jefferson,Temple,0.7272727272727273,0.5961538461538461,0.631578947368421,0.0
4166,20334,Jeff Peterson,Arkansas,0.0,0.29411764705882354,0.15384615384615385,0.7894736842105263
4167,20339,Hayden Humes,Toledo,0.0,0.8055555555555556,0.75,1.0
4168,20423,Roger Franklin,Oklahoma St.,0.0,0.5,0.7272727272727273,0.0
4169,20479,Michael Bizoukas,DePaul,0.0,0.16666666666666666,0.25,1.0
4170,20782,DaQuan Joyner,East Carolina,0.0,0.0,0.0,0.0
4171,21325,Ferrakohn Hall,Seton Hall,0.8,0.6666666666666666,0.3333333333333333,0.0
4172,21494,Raymond Cowels,Santa Clara,0.0,0.25,0.14285714285714285,1.0
4173,21730,Devoe Joseph,Minnesota,0.0,0.2222222222222222,0.2857142857142857,0.625
4174,21924,Amara Thompson,UCF,0.0,0.0,0.0,0.0
4175,22157,Alex Johnson,Cal St. Bakersfield,0.0,0.42857142857142855,0.11764705882352941,0.9367088607594937
4176,22166,Cart Kincade,Army,0.5,0.42857142857142855,0.0,1.0
4177,22427,Jordan Hicks,Loyola Chicago,1.0,0.6470588235294118,0.4444444444444444,0.9166666666666666
4178,22598,Sam Maniscalco,Bradley,0.0,0.0,0.3333333333333333,0.3333333333333333
4179,22931,Mike Wilder,UC Irvine,0.0,0.5714285714285714,0.21428571428571427,0.9811320754716981
4180,23006,Mathis Mรถnninghoff,Gonzaga,1.0,0.8571428571428571,0.5,1.0
4181,23024,Elgin Bailey,Mississippi St.,0.0,0.4117647058823529,0.0,0.0
4182,23025,Daron Populist,LSU,0.0,0.0,0.0,1.0
4183,23478,Noel Johnson,Clemson,0.0,0.3333333333333333,0.0,1.0
4184,23574,Garrett Green,LSU,0.9230769230769231,0.625,0.5172413793103449,1.0
4185,23746,Reggie Smith,Marquette,0.0,0.0,0.5,1.0
4186,23907,Lee Fisher,Northern Illinois,0.75,0.375,0.5,0.0
4187,23978,Ramon Galloway,South Carolina,0.5,0.42424242424242425,0.08571428571428572,0.8409090909090909
4188,24028,Chris Connor,Tennessee St.,0.0,1.0,0.25,0.8
4189,24056,Erik Williams,Marquette,0.0,0.5,1.0,0.0
4190,24088,Shawn Jackson,Murray St.,1.0,0.72,0.5714285714285714,0.0
4191,24098,Corey Walden,Stetson,0.0,0.10256410256410256,0.0,0.6857142857142857
4192,24099,Orlando Williams,Miami OH,1.0,0.4,0.10526315789473684,0.9464285714285714
4193,24218,Jarred DuBois,Loyola Marymount,0.0,0.25,0.6666666666666666,1.0
4194,24296,Anthony Myers,Robert Morris,0.0,0.36,0.5384615384615384,1.0
4195,24316,Charles Carmouche,Memphis,0.0,0.19047619047619047,0.1111111111111111,0.9705882352941176
4196,24369,Chris Hines,Utah,0.0,0.5,0.3333333333333333,0.9629629629629629
4197,24391,Garrick Sherman,Michigan St.,0.0,0.825,0.6666666666666666,0.0
4198,24393,Justin Patton,Grambling St.,0.47058823529411764,0.35,0.3114754098360656,0.7333333333333333
4199,24431,Marc Trasolini,Santa Clara,0.8571428571428571,0.5607476635514018,0.6,1.0
4200,24443,DeWayne Jackson,Morgan St.,0.8181818181818182,0.6153846153846154,0.4666666666666667,0.723404255319149
4201,24473,Kelvin McNeil,Delaware,1.0,0.47619047619047616,0.8125,0.0
4202,24480,Malcolm Hawkins,Delaware,0.0,0.3333333333333333,0.0,0.0
4203,24505,Jarred Shaw,Oklahoma St.,0.6666666666666666,0.4444444444444444,0.3333333333333333,0.0
4204,24616,Desi Washington,Delaware St.,0.0,0.5,0.26666666666666666,0.75
4205,24631,Isaiah Armwood,Villanova,1.0,0.45,0.7142857142857143,0.0
4206,24684,Allen Huddleston,Pacific,0.0,0.23333333333333334,0.45454545454545453,0.8727272727272727
4207,24711,J'mison Morgan,Baylor,1.0,0.6153846153846154,0.5555555555555556,0.0
4208,24720,D.J. Newbill,Southern Miss,0.42857142857142855,0.3,0.3793103448275862,1.0
4209,24749,Brandon Barnes,Lipscomb,0.3333333333333333,0.425531914893617,0.8333333333333334,1.0
4210,24816,Rj Slawson,South Carolina,0.5,0.6,0.6666666666666666,1.0
4211,24894,Keala King,Arizona St.,0.0,0.2222222222222222,0.1,0.0
4212,24954,Tim Johnson,George Washington,1.0,0.7142857142857143,0.7142857142857143,1.0
4213,24956,Zane Knowles,Grambling St.,0.0,0.7142857142857143,0.25,0.0
4214,24986,Rashad Whack,George Mason,0.0,0.25,0.5,1.0
4215,25005,Arsalan Kazemi,Rice,0.8275862068965517,0.6727272727272727,0.42857142857142855,0.0
4216,25073,Andre Almeida,Nebraska,1.0,0.6296296296296297,0.4,0.0
4217,25092,DeShawn Dockery,Fairleigh Dickinson,0.0,0.17647058823529413,0.2,1.0
4218,25105,Phillip Williams,Jackson St.,0.0,0.3076923076923077,0.375,1.0
4219,25219,Carlos Lopez,UNLV,1.0,0.4897959183673469,0.6666666666666666,0.0
4220,25251,Mike McCall,Saint Louis,0.0,0.1956521739130435,0.24,0.8
4221,25255,Jason Holmes,Mississippi Valley St.,0.6666666666666666,0.5686274509803921,0.5238095238095238,1.0
4222,25274,Jamal Cherry,Cornell,0.0,0.0,0.0,0.0
4223,25294,Jace Tavita,Utah,0.0,0.0,0.0,0.0
4224,25310,Anali Okoloji,Seton Hall,0.0,0.5714285714285714,0.0,0.0
4225,25340,Earnest Ross,Auburn,0.6666666666666666,0.22413793103448276,0.4444444444444444,0.8125
4226,25350,Isaiah Philmore,Towson,0.8260869565217391,0.39080459770114945,0.390625,0.8333333333333334
4227,25386,Ian Clark,Belmont,0.0,0.25925925925925924,0.041666666666666664,0.8194444444444444
4228,25395,Anthony Thomas,Appalachian St.,0.0,0.6666666666666666,0.0,0.0
4229,25404,Eshaunte Jones,Nebraska,0.0,0.5,0.5714285714285714,0.8888888888888888
4230,25447,Kody Williams,Southern Miss,0.0,0.0,0.0,0.0
4231,25491,Trenity Burdine,Siena,0.6666666666666666,0.5625,0.0,0.875
4232,25509,Sammy Yeager,TCU,0.3333333333333333,0.42857142857142855,0.5,0.8421052631578947
4233,25571,Jarvis Davis,UCF,1.0,0.5,0.0,0.0
4234,25597,Moses Ayegba,Georgetown,0.0,1.0,0.0,0.0
4235,25615,Kyle Gaillard,William & Mary,0.8,0.5227272727272727,0.15384615384615385,1.0
4236,25686,Scootie Randall,Temple,0.8,0.6363636363636364,0.45161290322580644,0.8222222222222222
4237,25688,Dalton Pepper,West Virginia,0.0,0.3684210526315789,0.0,1.0
4238,25830,Brandon Regis,McNeese St.,0.0,0.0,0.0,0.0
4239,25854,Kyree Jones,Northern Illinois,0.0,0.0,0.0,1.0
4240,25867,Joel Wright,Duquesne,0.75,0.6428571428571429,0.6666666666666666,0.0
4241,25984,Mustafaa Jones,Hartford,0.0,0.0,0.0,0.5
4242,26015,Cully Payne,Iowa,0.0,0.0,0.0,1.0
4243,26019,Stephen Lumpkins,American,0.9130434782608695,0.6893939393939394,0.3448275862068966,0.0
4244,26080,Dyami Starks,Columbia,0.0,0.0,0.0,0.8947368421052632
4245,26151,Jake Thomas,South Dakota,0.0,0.16666666666666666,0.21428571428571427,0.7763157894736842
4246,26179,J. Cunnigham D,UNC Asheville,0.75,0.4634146341463415,0.6551724137931034,0.0
4247,26273,Martino Brock,South Alabama,0.75,0.41509433962264153,0.35714285714285715,0.8888888888888888
4248,26289,LaBradford Franklin,San Diego St.,0.0,0.0,0.0,0.0
4249,26306,Larry Drew II,North Carolina,0.0,0.16666666666666666,0.09523809523809523,1.0
4250,26317,Andrew Van Nest,Harvard,1.0,1.0,1.0,1.0
4251,26351,Ian Childs,Morgan St.,1.0,0.5,0.6,0.0
4252,26400,Larry Wilkins,UTSA,1.0,0.7142857142857143,0.42857142857142855,0.0
4253,26429,Sam McLaurin,Coastal Carolina,0.9285714285714286,0.56,0.2727272727272727,0.0
4254,26462,Sommy Ogukwe,Liberty,0.0,0.5,0.4,0.0
4255,26469,J.J. O'Brien,Utah,0.0,0.27586206896551724,0.1111111111111111,1.0
4256,26524,Devon White,La Salle,0.8,0.6764705882352942,0.52,0.0
4257,26530,John Hart,Purdue,0.0,0.0,0.625,0.7777777777777778
4258,26563,Sam Watson,Chattanooga,0.0,0.6666666666666666,1.0,0.0
4259,26576,Koang Doluony,Indiana St.,0.0,0.4,0.0,1.0
4260,26578,Maurice Walker,Minnesota,1.0,0.5,0.0,1.0
4261,26589,Corey Gray,Illinois Chicago,0.0,0.3,0.16666666666666666,0.6666666666666666
4262,26651,Wally Judge,Kansas St.,1.0,0.6470588235294118,0.7222222222222222,0.0
4263,26659,Korie Lucious,Michigan St.,0.0,0.0,0.2727272727272727,0.7
4264,26664,Curtis Dennis,New Mexico,0.0,0.5,1.0,1.0
4265,26671,Drew Barham,Memphis,0.0,0.14285714285714285,0.0,0.9090909090909091
4266,26703,Kauri Black,Northeastern,0.6923076923076923,0.7536231884057971,0.42857142857142855,0.0
4267,26710,Peter 'PJ' Roberson,Grambling St.,0.0,0.55,0.8536585365853658,0.0
4268,26774,Logan Aronhalt,Albany,1.0,0.5,0.20967741935483872,0.8767123287671232
4269,26821,Omar Oraby,Rice,0.5,0.7142857142857143,0.5714285714285714,0.0
4270,26824,J.T. Terrell,Wake Forest,0.3333333333333333,0.2916666666666667,0.25,0.76
4271,26838,A'uston Calhoun,Bowling Green,0.85,0.620253164556962,0.4266666666666667,1.0
4272,26905,Alwayne Bigby,Northeastern,0.0,0.4,0.25,1.0
4273,26911,Martin Seiferth,Oregon,0.0,0.0,0.0,0.0
4274,27031,Jordan Downing,Davidson,0.0,0.3333333333333333,0.3333333333333333,0.8
4275,27062,Ricky Kreklow,Missouri,0.0,0.8,1.0,1.0
4276,27196,Gary Cox,Monmouth,0.0,0.4,0.5,1.0
4277,27210,Ryan Harrow,N.C. State,1.0,0.32142857142857145,0.10714285714285714,0.9166666666666666
4278,27237,Kyle Smyth,Iona,0.5,0.5,0.5714285714285714,1.0
4279,27342,Juevol Myles,Kansas St.,0.0,0.3333333333333333,0.0,0.8333333333333334
4280,27395,Kevin Brown,Tulane,0.0,0.0,0.0,1.0
4281,27422,Hunter Miller,Florida Gulf Coast,0.0,0.0,0.0,1.0
4282,27515,Dexter Fields,UAB,0.0,0.45454545454545453,0.42857142857142855,0.9298245614035088
4283,27516,Matt Derenbecker,LSU,0.0,0.46153846153846156,0.15384615384615385,0.9166666666666666
4284,27611,Deverin Muff,Eastern Kentucky,0.0,0.0,0.0,0.0
4285,27698,Luke Davis,Gardner Webb,0.0,0.07692307692307693,0.0,0.3684210526315789
4286,27727,J.J. Richardson,Pittsburgh,1.0,1.0,1.0,0.0
4287,27731,Will Clyburn,Utah,0.6153846153846154,0.45098039215686275,0.25,0.9
4288,27888,R.J. Evans,Holy Cross,0.0,0.18518518518518517,0.75,0.0
4289,27930,Jake O'Brien,Boston University,0.5,0.47368421052631576,0.14285714285714285,0.9230769230769231
4290,27934,Cameron Solomon,High Point,0.0,0.5,0.0,0.0
4291,27990,Chris Cunningham,Santa Clara,0.0,0.38095238095238093,0.6666666666666666,0.0
4292,28011,YonDarius Johnson,Grambling St.,0.0,0.3888888888888889,0.35714285714285715,0.7777777777777778
4293,28107,Seth VanDeest,Drake,0.0,0.5581395348837209,0.5384615384615384,1.0
4294,28146,Mike Davis,Texas Tech,0.0,0.6923076923076923,0.5,1.0
4295,28185,Akeem Richmond,Rhode Island,0.0,0.5384615384615384,0.35,0.84
4296,28205,Ty Armstrong,Auburn,0.0,0.3333333333333333,0.2,0.0
4297,28225,Colton Iverson,Minnesota,0.6666666666666666,0.627906976744186,0.26666666666666666,0.0
4298,28334,Alex Kirk,New Mexico,0.8,0.7142857142857143,0.8214285714285714,1.0
4299,28371,Will Egolf,Bradley,0.6666666666666666,0.6,0.7962962962962963,0.0
4300,28387,B.J. West,New Mexico St.,1.0,0.7058823529411765,0.625,0.0
4301,28416,Du'Vaughn Maxwell,High Point,0.25,0.35,0.42857142857142855,0.0
4302,28437,Elridge Moore,Nicholls St.,0.0,0.5,0.0,0.0
4303,28472,Tyrone Garland,Virginia Tech,1.0,0.4,0.0,0.8
4304,28563,Davis Martens,Siena,1.0,0.5,0.25,1.0
4305,28622,Royce Woolridge,Kansas,0.0,0.0,0.0,1.0
4306,28721,J.D. Weatherspoon,Ohio St.,0.6,0.5714285714285714,1.0,0.0
4307,28797,Kerry Hammonds,Middle Tennessee,1.0,0.35714285714285715,0.1111111111111111,1.0
4308,28881,Alfonzo McKinnie,Eastern Illinois,1.0,0.7083333333333334,0.5,0.0
4309,28923,Meiko Lyles,Columbia,0.0,0.4,0.6,0.9090909090909091
4310,29089,Jerron Granberry,North Florida,0.0,0.22727272727272727,0.13333333333333333,0.7714285714285715
4311,29090,Sterling Carter,Seattle,0.0,0.23684210526315788,0.2222222222222222,0.7058823529411765
4312,29099,Kyle Cain,Arizona St.,1.0,0.68,0.6538461538461539,0.0
4313,29153,Dennis Mavin,Florida Atlantic,0.0,0.20689655172413793,0.0625,1.0
4314,29326,Billy Reader,Montana,0.0,0.25,1.0,0.0
4315,29327,Cole Stefan,La Salle,0.0,1.0,0.5,0.9032258064516129
4316,29482,Daniel Edwards,Princeton,0.0,0.0,1.0,0.0
4317,29491,Blake Davis,Weber St.,0.0,0.0,0.0,0.0
4318,29606,Aaron Hawley,Drake,0.0,0.7,0.5263157894736842,1.0
4319,29666,Michael Perez,UTEP,0.0,0.8,0.6666666666666666,1.0
4320,29745,David Chadwick,Rice,0.0,0.5714285714285714,0.875,1.0
4321,29770,Terrance Shannon,Florida St.,0.8571428571428571,0.6333333333333333,0.625,0.0
4322,29792,Avery Johnson,San Francisco,0.0,0.375,1.0,1.0
4323,29858,Tyler Washington,Northwestern St.,0.0,0.0,0.0,0.8
4324,29876,Isiah Umipig,Cal St. Fullerton,0.0,0.2777777777777778,0.16666666666666666,0.7837837837837838
4325,29965,Kyle Collinsworth,BYU,0.75,0.5945945945945946,0.1875,1.0
4326,29990,Keith Shamburger,San Jose St.,0.0,0.18181818181818182,0.1794871794871795,0.8070175438596491
4327,30055,Carson Desrosiers,Wake Forest,0.8,0.6666666666666666,0.7368421052631579,1.0
4328,30066,Melvin Johnson III,UTSA,0.5,0.4722222222222222,0.32653061224489793,0.7162162162162162
4329,30128,Aj Pacher,Wright St.,1.0,0.5,0.5714285714285714,0.9411764705882353
4330,30163,Jermaine Marshall,Penn St.,0.0,0.14285714285714285,0.4,1.0
4331,30183,Ralston Turner,LSU,0.5,0.5,0.2608695652173913,0.8125
4332,30317,Evan Gordon,Liberty,0.0,0.1891891891891892,0.14634146341463414,0.8666666666666667
4333,30340,Jelani Hewitt,Georgia Southern,0.0,0.16666666666666666,0.27586206896551724,0.8125
4334,30390,Garrius Adams,Miami FL,0.6666666666666666,0.28,0.10714285714285714,0.8857142857142857
4335,30442,Rayvonte Rice,Drake,0.16666666666666666,0.20689655172413793,0.08695652173913043,0.8717948717948718
4336,30446,Sam Dower,Gonzaga,1.0,0.6136363636363636,0.6666666666666666,1.0
4337,30503,Jake Matthews,Cornell,0.0,0.0,0.0,1.0
4338,30572,Umar Shannon,Saint Francis,0.0,0.25,0.30434782608695654,0.7941176470588235
4339,30609,Travis Elliott,High Point,1.0,0.6428571428571429,0.75,0.0
4340,30648,Zeke Upshaw,Illinois St.,0.0,0.0,0.5,1.0
4341,30649,Gerard Coleman,Providence,1.0,0.4050632911392405,0.2903225806451613,1.0
4342,30654,Aaron Brown,Temple,0.5,0.6666666666666666,1.0,1.0
4343,30711,Stefon Johnson,Gardner Webb,1.0,0.4567901234567901,0.29411764705882354,0.0
4344,30759,Jamel Fields,Fairfield,0.0,0.2962962962962963,1.0,0.6363636363636364
4345,30862,Ron Giplaye,Providence,0.5,0.42857142857142855,0.0,0.0
4346,30878,Ben Eblen,Alabama,0.0,0.2857142857142857,0.0,0.0
4347,30936,Emmanuel Addo,Northern Colorado,1.0,0.30434782608695654,0.32432432432432434,0.75
4348,31065,Gilvydas Biruta,Rutgers,0.9473684210526315,0.6444444444444445,0.4666666666666667,1.0
4349,31124,Mike Poole,Rutgers,0.0,0.2692307692307692,0.41304347826086957,1.0
4350,31135,Tyler Tafoya,UTEP,0.0,0.0,0.0,0.0
4351,31137,Javorn Farrell,Massachusetts,0.0,0.24615384615384617,0.17647058823529413,1.0
4352,31196,Allen Jiles IV,Cal St. Northridge,0.0,0.4,0.0,0.0
4353,31201,J.J. Moore,Pittsburgh,0.75,0.5294117647058824,0.8333333333333334,1.0
4354,31208,Maurice Creek,Indiana,0.0,0.2857142857142857,0.18181818181818182,1.0
4355,31232,Naji Hibbert,Texas A&M,0.0,0.38461538461538464,0.5333333333333333,0.9
4356,31274,Kyle Casey,Harvard,0.64,0.6071428571428571,0.55,1.0
4357,31311,Avery Moore,Florida A&M,0.0,0.0,0.0,0.6933333333333334
4358,31318,Charles Hankerson Jr.,Alabama,0.0,0.625,0.16666666666666666,1.0
4359,31383,DeAndre Kane,Marshall,0.75,0.39473684210526316,0.16666666666666666,0.5
4360,31411,Ryan Pierson,Northeastern,1.0,0.75,0.7777777777777778,0.0
4361,31412,Hector Harold,Pepperdine,0.0,0.0,0.0,1.0
4362,31458,Chrishawn Hopkins,Butler,0.0,0.0,0.0,0.8333333333333334
4363,31481,Justin Crosgile,Saint Joseph's,0.0,0.2857142857142857,0.0,0.8333333333333334
4364,31486,Jay Harris,Valparaiso,0.0,0.2,0.3333333333333333,0.7096774193548387
4365,31566,Josh Langford,Auburn,1.0,0.4230769230769231,0.45454545454545453,1.0
4366,31634,De'Angelo Speech,Central Connecticut,0.0,0.3333333333333333,0.7272727272727273,1.0
4367,31758,Brandyn Curry,Harvard,0.0,0.14814814814814814,0.10714285714285714,0.7
4368,31792,Jamail Jones,Marquette,0.0,0.25,1.0,1.0
4369,31814,J.J. Thomas,Louisiana,0.5,0.2698412698412698,0.11538461538461539,0.6
4370,31894,Jon Ekey,Illinois St.,0.7,0.6428571428571429,0.4375,0.8636363636363636
4371,31959,Errick Peck,Cornell,0.7,0.5576923076923077,0.2857142857142857,0.92
4372,31973,Michael Williams,San Francisco,1.0,0.265625,0.06666666666666667,0.7808219178082192
4373,32046,Josh Castellanos,Mount St. Mary's,0.0,0.0,0.375,0.9444444444444444
4374,32064,Andre Dawkins,Duke,0.6,0.42857142857142855,0.2727272727272727,0.9375
4375,32073,Aqeel Quinn,Cal St. Northridge,0.0,0.0,0.5555555555555556,0.7857142857142857
4376,32085,Kt Harrell,Virginia,0.0,0.18181818181818182,0.26785714285714285,1.0
4377,32245,Tony Nixon,Northern Illinois,0.0,0.5,0.4,1.0
4378,32403,Stevan Manojlovic,Drexel,0.0,0.0,0.0,0.0
4379,32419,Mike Talley,Duquesne,0.0,0.3076923076923077,0.125,0.84375
4380,32432,Roscoe Smith,Connecticut,0.8421052631578947,0.6170212765957447,0.6666666666666666,1.0
4381,32479,Keierre Richards,Savannah St.,0.0,0.18181818181818182,0.7692307692307693,1.0
4382,32534,Allen Roberts,Miami OH,0.3333333333333333,0.16279069767441862,0.08,0.9047619047619048
4383,32590,Justin Raffington,San Francisco,0.0,0.5,0.3333333333333333,0.0
4384,32606,Glen Dean,Eastern Washington,0.0,0.0,0.2222222222222222,0.6382978723404256
4385,32636,Tre Lynch,Lamar,0.0,0.0,0.0,1.0
4386,32638,Marvin Dominique,Fordham,0.0,0.17647058823529413,0.5714285714285714,0.0
4387,32706,Brendan Lane,UCLA,0.6666666666666666,0.5,0.6666666666666666,1.0
4388,32762,Matt Kavanaugh,Dayton,0.0,0.5652173913043478,0.0,0.0
4389,32768,Dockery Walker,Brown,0.875,0.631578947368421,0.6,0.0
4390,32794,Rakeem Buckles,Louisville,1.0,0.3157894736842105,0.3333333333333333,1.0
4391,32802,Chris Griffin,Murray St.,0.0,0.6666666666666666,0.5,1.0
4392,32821,Steve McWhorter,Indiana St.,0.0,0.25,0.7142857142857143,0.9285714285714286
4393,32885,J.J. Avila,Navy,0.0,0.42857142857142855,0.52,0.9433962264150944
4394,32963,Chris Blake,Detroit Mercy,0.8333333333333334,0.5,0.18181818181818182,0.5833333333333334
4395,33087,Trae Golden,Tennessee,0.5,0.17647058823529413,0.25,0.6666666666666666
4396,33088,Anell Alexis,Marist,0.0,0.19047619047619047,0.4666666666666667,0.8
4397,33213,Reger Dowell,Oklahoma St.,0.0,0.12121212121212122,0.0,0.75
4398,33214,Tarik Black,Memphis,0.90625,0.6666666666666666,0.6470588235294118,0.0
4399,33245,Jon Harris,Miami OH,0.0,0.5,1.0,1.0
4400,33386,Pe'Shon Howard,Maryland,0.5,0.38095238095238093,0.25,0.6956521739130435
4401,33389,Matt Brown,Harvard,0.0,0.0,1.0,1.0
4402,33400,Jason Calliste,Detroit Mercy,0.0,0.2631578947368421,0.0,0.782608695652174
4403,33434,Javarez Willis,Texas Tech,0.0,0.25,0.21428571428571427,0.6666666666666666
4404,33588,Dwight Tarwater,Cornell,0.0,1.0,0.0,1.0
4405,33691,Devonte Elliott,Nevada,1.0,0.5714285714285714,0.6,0.0
4406,33864,Blake Vedder,Rhode Island,0.0,1.0,0.0,0.0
4407,34198,Alex Bates,Northeastern,1.0,0.3333333333333333,0.3333333333333333,0.0
4408,34228,Jeylani Dublin,Longwood,0.0,0.2,0.5,0.0
4409,34638,Trey Zeigler,Central Michigan,0.7272727272727273,0.22784810126582278,0.12162162162162163,0.6956521739130435
4410,35044,Shaun Noriega,South Florida,0.0,0.6,0.0,0.9245283018867925
4411,35139,Moses Morgan,DePaul,0.0,0.45454545454545453,0.6,0.9047619047619048
4412,35194,Wendell Lewis,Mississippi St.,0.8666666666666667,0.5454545454545454,0.42857142857142855,0.0
4413,35330,Keith Davis,Texas A&M,1.0,0.8333333333333334,0.5,0.0
4414,35856,Anthony D'Orazio,Lehigh,0.0,0.0,0.8181818181818182,0.9090909090909091
4415,35977,Godwin Okonji,Loyola Marymount,0.8333333333333334,0.6122448979591837,0.5454545454545454,0.0
4416,36165,Aron Nwankwo,Pittsburgh,0.0,0.0,0.0,0.0
4417,36211,Charles Standifer,San Francisco,0.0,0.0,0.5,1.0
4418,36250,Quincy Taylor,UAB,0.0,0.125,0.25,1.0
4419,36602,Josh Ritchart,UC Davis,1.0,0.6428571428571429,0.4117647058823529,0.8478260869565217
4420,36794,Ryan Bass,Oakland,0.0,0.07142857142857142,0.0,1.0
4421,36941,Jonathan Arledge,George Mason,0.75,0.8181818181818182,0.5,1.0
4422,37087,Jon Horford,Michigan,0.75,0.8461538461538461,0.5,1.0
4423,37175,Ugo Okam,Harvard,1.0,1.0,0.0,0.0
4424,37219,Cody Doolin,San Francisco,0.0,0.1951219512195122,0.16666666666666666,0.9615384615384616
4425,37257,Jerome Hunter,Alabama A&M,0.8888888888888888,0.6363636363636364,0.6666666666666666,0.0
4426,37281,Richaud Pack,FIU,0.0,0.0,0.5,1.0
4427,37613,Devin Booker,Clemson,0.6666666666666666,0.6481481481481481,0.5757575757575758,1.0
4428,37821,Dwight Smith,Colorado St.,0.0,0.3333333333333333,0.0,1.0
4429,37931,Jeremiah Kreisberg,Yale,1.0,0.5849056603773585,0.5217391304347826,0.0
4430,38244,Robert Sampson,East Carolina,0.5,0.35294117647058826,0.6,1.0
4431,38284,Demarco Cox,Mississippi,1.0,0.35714285714285715,0.5,0.0
4432,38440,Van Green,Columbia,0.0,0.25,0.0,1.0
4433,49699,Kevin Burwell,Mississippi Valley St.,0.0,0.1935483870967742,0.14285714285714285,0.76
4434,49777,Barry HonorĂŠ,Oklahoma,1.0,0.3333333333333333,0.6666666666666666,0.0
4435,49788,James Washington,Middle Tennessee,0.0,0.18518518518518517,0.14285714285714285,0.6865671641791045
4436,49804,D'Angelo Jackson,Mississippi Valley St.,0.0,0.28205128205128205,0.15384615384615385,0.8064516129032258
4437,49852,Uriel Segura,Texas St.,0.0,0.0,0.0,1.0
4438,49870,Rory Spencer,Georgia Southern,0.8571428571428571,0.6097560975609756,0.6,0.0
4439,49872,Jonathan Montgomery,Chicago St.,0.0,0.3333333333333333,0.4411764705882353,0.8260869565217391
4440,49876,K.C. Robbins,Illinois Chicago,1.0,0.5652173913043478,0.5882352941176471,0.0
4441,49911,Malik Cooke,South Carolina,0.5555555555555556,0.4318181818181818,0.24390243902439024,0.7857142857142857
4442,49985,Jamar Briscoe,Charlotte,0.0,0.2608695652173913,0.09803921568627451,0.6444444444444445
4443,50021,Gaby Belardo,Canisius,0.0,0.41818181818181815,0.07894736842105263,0.6428571428571429
4444,50029,Brandon Dunson,Arizona St.,0.0,0.25,0.5,0.8
4445,50056,Christian Wolf,Milwaukee,0.0,0.0,1.0,0.0
4446,50094,Matt Marseille,Tennessee Tech,0.0,0.4,0.3333333333333333,0.6666666666666666
4447,52489,Tate Unruh,Northern Colorado,0.0,1.0,0.42857142857142855,0.8461538461538461
