,pid,player,team,dunkasst,rimasst,midasst,3Passt
0,113,Sean Carter,Massachusetts,0.9259259259259259,0.7589285714285714,0.8,0.0
1,122,Kareem Nitoto,UC Riverside,0.6,0.20689655172413793,0.05263157894736842,0.9
2,157,Jihad Ali,Georgia St.,0.0,0.5277777777777778,0.2962962962962963,0.95
3,161,Jay Threatt,Delaware St.,0.0,0.125,0.09523809523809523,0.5833333333333334
4,209,Tim Abromaitis,Notre Dame,1.0,1.0,0.125,0.0
5,389,Malcolm White,LSU,0.6153846153846154,0.5416666666666666,0.2777777777777778,0.0
6,428,Bobby Austin,Furman,0.0,0.16666666666666666,0.08,0.9705882352941176
7,438,George Valentine,Winthrop,0.5454545454545454,0.5285714285714286,0.5833333333333334,0.0
8,474,Ty Proffitt,Morehead St.,0.0,0.0,0.15151515151515152,1.0
9,661,Trevor Gaskins,Louisiana Tech,1.0,0.45454545454545453,0.16216216216216217,0.7358490566037735
10,715,Jabari Edwards,George Washington,0.8571428571428571,0.4375,0.625,0.0
11,732,Chris McEachin,Norfolk St.,0.4,0.4727272727272727,0.4,0.8428571428571429
12,782,Nick Martineau,BYU,0.0,0.0,0.5,1.0
13,951,Anthony Marshall,UNLV,0.6551724137931034,0.4222222222222222,0.25,0.7368421052631579
14,993,Anthony Gatlin,Cornell,0.0,0.0,0.0,0.0
15,1017,Darryl Partin,Boston University,0.0,0.3333333333333333,0.5128205128205128,0.8985507246376812
16,1025,Anthony Breeze,Bethune Cookman,0.7272727272727273,0.47692307692307695,0.35714285714285715,0.0
17,1027,Omar Carter,Appalachian St.,0.0,0.2903225806451613,0.2641509433962264,0.7352941176470589
18,1030,Scoop Jardine,Syracuse,0.0,0.2903225806451613,0.28,0.5897435897435898
19,1062,Matt Hill,Massachusetts,0.0,0.0,0.0,1.0
20,1063,Max Groebe,Cornell,0.0,0.0,0.0,1.0
21,1087,Tyler Bernardini,Penn,1.0,0.46153846153846156,0.36,0.9830508474576272
22,1088,Craig Williams,TCU,1.0,0.5,0.5789473684210527,0.8636363636363636
23,1090,Jeff Jordan,UCF,0.0,0.0,0.3333333333333333,1.0
24,1318,Mike Moore,Hofstra,0.0,0.417910447761194,0.25,0.8518518518518519
25,1321,Alexis Wangmene,Texas,0.7857142857142857,0.6904761904761905,0.7142857142857143,0.0
26,1331,Tommy Hubbard,East Tennessee St.,0.0,0.4915254237288136,0.6176470588235294,0.9473684210526315
27,1359,Timothy Price,Texas Southern,1.0,0.38095238095238093,0.6363636363636364,0.0
28,1360,Sammy Zeglinski,Virginia,0.0,0.5555555555555556,0.25,0.847457627118644
29,1361,Reggie Hamilton,Oakland,0.0,0.06666666666666667,0.0,0.41025641025641024
30,1363,Justin Glenn,Lipscomb,0.7741935483870968,0.5121951219512195,0.7692307692307693,0.0
31,1421,Vinnie McGhee,Cal St. Northridge,0.0,0.0,0.2,0.6976744186046512
32,1458,Raschard Boatner,Grambling St.,0.0,0.0,0.0,0.6666666666666666
33,1521,Paris Carter,Illinois Chicago,1.0,0.5789473684210527,0.4,0.0
34,1611,Austin Steed,East Carolina,0.0,0.7272727272727273,0.0,0.0
35,1679,Zac Swansey,Tennessee Tech,1.0,0.23076923076923078,0.23076923076923078,0.4
36,1793,Jeremy Jacob,Oregon,1.0,0.5,0.7555555555555555,0.0
37,1794,Michael Lizarraga,Cal St. Northridge,1.0,0.64,0.0,0.0
38,1868,Nick Weiermiller,UT Rio Grande Valley,0.0,0.3,0.375,0.8888888888888888
39,1942,Willie Powers III,Georgia Southern,0.0,0.14634146341463414,0.09302325581395349,0.8
40,1985,Trevor Mbakwe,Minnesota,0.7333333333333333,0.6153846153846154,0.6666666666666666,0.0
41,2201,Justin Hawkins,UNLV,1.0,0.6666666666666666,0.4,0.9714285714285714
42,2217,Chris De La Rosa,UMBC,0.0,0.0,0.0,1.0
43,2225,Alvin Abreu,New Hampshire,0.0,0.36363636363636365,0.38461538461538464,0.7547169811320755
44,2232,Rashad Green,San Francisco,0.6666666666666666,0.3283582089552239,0.15625,0.8529411764705882
45,2278,Matt Ballard,San Jose St.,0.0,0.42857142857142855,0.75,0.0
46,2287,JohnMark Ludwick,William & Mary,0.0,0.0,0.0,1.0
47,2490,David Boarden,SIU Edwardsville,0.0,0.0,1.0,1.0
48,2511,Tim Diederichs,Loyola Marymount,0.0,0.8,1.0,0.0
49,2518,Charlie Rigoglioso,Rutgers,0.0,0.0,0.0,0.0
50,2538,Jonathan Wills,Fresno St.,0.0,0.3617021276595745,0.5102040816326531,0.9166666666666666
51,2548,Ryan Silva,UC Davis,0.0,0.0,0.0,1.0
52,2569,Aric Brooks,Morgan St.,0.0,0.46153846153846156,0.47619047619047616,0.6111111111111112
53,2584,Jewuan Long,Murray St.,0.3333333333333333,0.3728813559322034,0.3,0.8
54,2615,Tony Johnson,Lafayette,0.0,0.12,0.0,0.7142857142857143
55,2714,Jimmy Oden,Middle Tennessee,0.0,0.0,0.0,0.25
56,2741,Tim Shelton,San Diego St.,0.0,0.5116279069767442,0.38095238095238093,0.0
57,2747,Robert Sacre,Gonzaga,0.7727272727272727,0.5849056603773585,0.546875,0.0
58,2800,Stephen Thomas,IU Indy,0.0,0.12121212121212122,0.05405405405405406,0.6842105263157895
59,2820,Antwaine Wiggins,Charleston,0.875,0.2619047619047619,0.15625,0.7333333333333333
60,2846,Chris Collinsworth,BYU,0.0,0.0,0.0,0.0
61,2916,Tramaine Butler,Alabama St.,0.0,0.3076923076923077,0.42105263157894735,0.8461538461538461
62,3089,Cameron Tatum,Tennessee,0.0,0.14285714285714285,0.09090909090909091,0.7777777777777778
63,3098,Andre Walker,Xavier,0.4,0.5918367346938775,0.5357142857142857,0.0
64,3166,Drew Viney,Loyola Marymount,0.5,0.37037037037037035,0.37209302325581395,0.9230769230769231
65,3171,Chace Stanback,UNLV,1.0,0.7368421052631579,0.4782608695652174,0.9102564102564102
66,3189,Adam Waddell,Wyoming,0.8571428571428571,0.7671232876712328,0.75,0.0
67,3190,Darrin Williams,Illinois Chicago,1.0,0.5769230769230769,0.5862068965517241,0.0
68,3217,Chris Davis,Jacksonville,0.0,0.3333333333333333,0.5,1.0
69,3378,Gabriel McCulley,UTEP,0.8571428571428571,0.5370370370370371,0.65,0.8947368421052632
70,3388,Mike Venezia,Colgate,0.0,0.16666666666666666,0.3333333333333333,0.7962962962962963
71,3409,Chris Allen,Iowa St.,1.0,0.375,0.34375,0.7763157894736842
72,3702,Landon Clement,North Carolina Central,0.0,0.5,0.5,0.9375
73,3758,Andres Torres,Hartford,0.0,0.2982456140350877,0.0,0.6818181818181818
74,3764,Mouhamed Lo,Fairleigh Dickinson,1.0,0.4,1.0,0.0
75,3780,Eli Holman,Detroit Mercy,0.8888888888888888,0.6710526315789473,0.5116279069767442,0.0
76,3842,Dorenzo Hudson,Virginia Tech,0.5,0.574468085106383,0.5277777777777778,0.9428571428571428
77,3902,Alex Smith,Bethune Cookman,1.0,0.6875,0.4,0.0
78,4051,Herb Pope,Seton Hall,0.78125,0.49295774647887325,0.4411764705882353,0.9411764705882353
79,4075,Jeff Jones,Rider,0.5,0.20512820512820512,0.391304347826087,0.9508196721311475
80,4079,Mike Scott,Virginia,0.7,0.5205479452054794,0.5588235294117647,1.0
81,4139,D'Aundray Brown,Cleveland St.,0.4,0.48936170212765956,0.37142857142857144,0.8888888888888888
82,4250,Festus Ezeli,Vanderbilt,0.9354838709677419,0.6538461538461539,0.45454545454545453,0.0
83,4276,Matt Roth,Indiana,0.0,0.0,0.0,0.9523809523809523
84,4277,Tom Pritchard,Indiana,0.6,0.5,0.5,0.0
85,4286,Martiz Washington,Longwood,0.0,0.3,0.35294117647058826,0.9384615384615385
86,4330,Mitchell Watt,Buffalo,0.8064516129032258,0.73,0.5797101449275363,1.0
87,4331,Titus Robinson,Buffalo,0.631578947368421,0.5535714285714286,0.6666666666666666,0.0
88,4346,Keith Gabriel,VMI,0.3333333333333333,0.3333333333333333,0.07142857142857142,0.7323943661971831
89,4347,Ron Burks,VMI,0.0,0.25,0.0,0.90625
90,4349,Wayne Whiting,VMI,0.0,0.0,0.75,0.0
91,4350,Michael Sparks,VMI,0.0,0.0,0.0,0.9534883720930233
92,4352,Jeffery Middlebrooks,Alabama St.,0.0,0.0,0.2857142857142857,0.5714285714285714
93,4359,Harouna Mutombo,Western Carolina,0.75,0.27380952380952384,0.18333333333333332,0.8695652173913043
94,4361,Keaton Cole,Western Carolina,0.0,0.06666666666666667,0.09090909090909091,0.8532110091743119
95,4371,Jared Maree,UT Rio Grande Valley,0.5,0.5294117647058824,0.5555555555555556,0.8571428571428571
96,4373,Riley Hunley,Tennessee Tech,0.0,0.0,0.0,0.0
97,4375,Kevin Murphy,Tennessee Tech,0.65,0.6,0.20454545454545456,0.631578947368421
98,4376,Zach Bailey,Tennessee Tech,0.0,0.5882352941176471,0.4,0.967741935483871
99,4378,P.J. Gaynor,UCF,0.8333333333333334,0.5925925925925926,0.625,1.0
100,4379,Lucas Kuipers,Rice,0.0,0.6153846153846154,0.8888888888888888,1.0
101,4380,Nate Schwarze,Rice,0.0,0.0,0.0,1.0
102,4382,Emerson Herndon,Rice,0.0,0.75,0.6666666666666666,0.0
103,4383,A.J. Rompza,UCF,0.0,0.05555555555555555,0.0,0.6923076923076923
104,4384,Will Weathers,Troy,0.0,0.0625,0.020833333333333332,0.8620689655172413
105,4385,Trent Rogers,Tulane,0.0,0.2222222222222222,0.25,1.0
106,4386,Kendall Timmons,Tulane,0.6,0.4222222222222222,0.2857142857142857,0.8888888888888888
107,4412,Johnny Moran,Northern Iowa,0.0,0.42105263157894735,0.2857142857142857,0.9433962264150944
108,4414,Isaiah Rhine,Missouri St.,1.0,0.75,0.7333333333333333,1.0
109,4416,Anthony James,Northern Iowa,0.0,0.24324324324324326,0.14705882352941177,0.6666666666666666
110,4417,Jordan Cyphers,Tennessee St.,0.6,0.42857142857142855,0.17647058823529413,0.9736842105263158
111,4469,Andrey Semenov,James Madison,0.0,0.5416666666666666,0.5,0.967741935483871
112,4471,Julius Wells,James Madison,0.0,0.4444444444444444,0.1111111111111111,0.8235294117647058
113,4493,Da'Quan Cook,St. Bonaventure,0.7272727272727273,0.5,0.8571428571428571,0.0
114,4509,Damian Lillard,Weber St.,0.23076923076923078,0.16326530612244897,0.22580645161290322,0.5813953488372093
115,4512,Jesse Sanders,Liberty,0.0,0.11594202898550725,0.06666666666666667,0.5625
116,4589,Jake Drum,Auburn,0.0,0.0,0.0,0.0
117,4592,James Fields,Georgia St.,0.5,0.36486486486486486,0.3,0.9090909090909091
118,4596,Frankie Sullivan,Auburn,0.0,0.20454545454545456,0.2727272727272727,0.8666666666666667
119,4597,Reggie Middleton,Winthrop,0.0,0.08695652173913043,0.11764705882352941,0.723404255319149
120,4599,Andre Jones,Winthrop,0.5,0.3,0.3111111111111111,0.8076923076923077
121,4624,Antuan Bootle,Sam Houston St.,0.0,0.5263157894736842,0.8,0.0
122,4642,Jordan Taylor,Wisconsin,0.0,0.15555555555555556,0.05357142857142857,0.5076923076923077
123,4644,Eugene Phelps,Long Beach St.,0.8620689655172413,0.6341463414634146,0.25,0.0
124,4702,Jeremiah Kelly,DePaul,0.0,0.5,0.15384615384615385,0.7
125,4704,John Comfort,Princeton,0.0,0.6,0.0,0.7142857142857143
126,4705,Patrick Saunders,Princeton,0.0,0.7857142857142857,0.5,0.9705882352941176
127,4706,Juan Fernandez,Temple,0.0,0.26666666666666666,0.09523809523809523,0.828125
128,4709,Matt Bucklin,Georgia,0.0,0.0,0.0,0.0
129,4710,Ted Connolly,Navy,0.0,0.3333333333333333,0.0,1.0
130,4711,Jeff Harris,Holy Cross,0.0,1.0,0.0,1.0
131,4714,Chris Bass,LSU,0.0,0.1111111111111111,0.5,0.3333333333333333
132,4748,Kris Joseph,Syracuse,0.76,0.43037974683544306,0.14705882352941177,0.9411764705882353
133,4750,Jan van der Kooij,Longwood,0.0,0.15384615384615385,0.5714285714285714,0.967741935483871
134,4835,Donavan Foster,Detroit Mercy,0.0,0.18181818181818182,0.2,1.0
135,4837,Michael Culpo,LIU,0.0,0.29411764705882354,0.2608695652173913,0.9014084507042254
136,4840,Arnold Mayorga,LIU,0.0,0.7,0.5,0.8888888888888888
137,4854,Jordan Sugars,Navy,0.0,0.42105263157894735,0.3125,0.8837209302325582
138,4855,Justin Maneri,Lehigh,0.0,0.5833333333333334,0.42857142857142855,0.0
139,4856,Andrew Steele,Alabama,0.0,0.44,0.0,0.75
140,4858,JaMychal Green,Alabama,0.6363636363636364,0.5774647887323944,0.5714285714285714,1.0
141,4935,Derek Selvig,Montana,0.0,0.3888888888888889,0.26666666666666666,0.9736842105263158
142,4937,Kyle Bullinger,Weber St.,0.0,0.23529411764705882,0.2857142857142857,0.9444444444444444
143,4938,Darin Mahoney,Weber St.,0.6666666666666666,0.6666666666666666,0.7894736842105263,0.0
144,4964,Michael Davenport,St. Bonaventure,0.0,0.6666666666666666,0.5,1.0
145,4967,Francis-Cedric Martel,Richmond,0.6,0.3157894736842105,0.09090909090909091,1.0
146,4970,Darrius Garrett,Richmond,0.5714285714285714,0.5405405405405406,0.9166666666666666,1.0
147,4978,Jamar Samuels,Kansas St.,0.5714285714285714,0.4583333333333333,0.48148148148148145,0.7777777777777778
148,4990,Lewis Jackson,Purdue,0.0,0.07692307692307693,0.21428571428571427,0.8333333333333334
149,5038,Jerime Anderson,UCLA,0.8,0.27906976744186046,0.4666666666666667,0.6538461538461539
150,5046,Brooks Ybarra,Texas St.,0.7142857142857143,0.4489795918367347,0.16666666666666666,0.8235294117647058
151,5047,Anthony Miles,Lamar,0.0,0.25,0.23076923076923078,0.72
152,5048,Tre Nichols,Boise St.,0.0,0.09090909090909091,0.0,0.6923076923076923
153,5052,John Bowman,Texas St.,0.0,0.5,0.13333333333333333,0.75
154,5063,Alex Tucker,Florida Atlantic,0.0,0.25,0.3,1.0
155,5065,Josh Bonney,Elon,0.0,0.0,0.2857142857142857,0.0
156,5066,Storm Warren,LSU,0.7222222222222222,0.5555555555555556,0.7068965517241379,0.0
157,5068,Will Bogan,Valparaiso,0.0,0.23076923076923078,0.16666666666666666,0.8947368421052632
158,5070,Murphy Holloway,Mississippi,0.7272727272727273,0.5086206896551724,0.4444444444444444,0.0
159,5085,Noruwa Agho,Columbia,0.0,0.6666666666666666,0.0,0.4
160,5089,Erik Buggs,Valparaiso,0.0,0.1282051282051282,0.0,1.0
161,5090,Steve Egee,Columbia,0.0,0.5,0.0,1.0
162,5091,Matt Johnson,Columbia,0.0,1.0,0.0,0.6666666666666666
163,5151,Pat Bergmann,Vermont,0.0,0.6170212765957447,0.3333333333333333,0.0
164,5160,Joe Hill,American,0.0,0.0,0.0,0.8333333333333334
165,5161,Riley Grafft,American,0.8181818181818182,0.8055555555555556,0.7142857142857143,1.0
166,5165,Ivan Aska,Murray St.,0.75,0.6666666666666666,0.5945945945945946,1.0
167,5168,Simon McCormack,American,0.0,0.3953488372093023,0.0,0.0
168,5174,Marcus Denmon,Missouri,0.5,0.379746835443038,0.5454545454545454,0.8383838383838383
169,5175,Miguel Paul,East Carolina,0.0,0.06451612903225806,0.041666666666666664,0.43859649122807015
170,5176,Justin Hamilton,LSU,0.8235294117647058,0.5844155844155844,0.6282051282051282,1.0
171,5181,Keiton Page,Oklahoma St.,0.0,0.2916666666666667,0.45714285714285713,0.7346938775510204
172,5295,Tyler Trapani,UCLA,0.0,0.0,0.0,0.0
173,5298,Jordan Juenemann,Kansas,0.0,0.5,0.0,1.0
174,5310,Alex Jacobson,Arizona,0.0,0.0,1.0,0.0
175,5323,Bryan Narcisse,Clemson,0.6666666666666666,0.65,1.0,1.0
176,5324,Tanner Smith,Clemson,0.5714285714285714,0.3508771929824561,0.12,0.8
177,5326,Catalin Baciu,Clemson,1.0,0.6578947368421053,0.6875,0.0
178,5329,Steve Tchiengang,Vanderbilt,1.0,0.65625,0.4,0.8333333333333334
179,5330,Brad Tinsley,Vanderbilt,0.8,0.3611111111111111,0.1,0.6590909090909091
180,5331,Andre Young,Clemson,0.0,0.34615384615384615,0.2,0.6515151515151515
181,5388,James Hulbin,Northwestern St.,0.5,0.5,0.75,0.8148148148148148
182,5390,William Mosley,Northwestern St.,0.6739130434782609,0.5961538461538461,0.7083333333333334,0.0
183,5391,Eric Waterford,Portland,0.0,0.5,0.0,0.0
184,5392,Nemanja Mitrovic,Portland,0.0,0.6,0.48,0.6666666666666666
185,5395,James Johnson,Quinnipiac,0.0,0.13953488372093023,0.45,0.7058823529411765
186,5398,Will Brown,McNeese St.,0.0,0.3333333333333333,1.0,0.0
187,5399,Noah Hartsock,BYU,0.6666666666666666,0.7014925373134329,0.736,1.0
188,5403,Charles Abouo,BYU,0.6666666666666666,0.38461538461538464,0.2727272727272727,0.8809523809523809
189,5404,Kevin Dillard,Dayton,0.0,0.09375,0.025,0.5897435897435898
190,5406,Justin Bocot,Southern Illinois,0.0,0.07692307692307693,0.14285714285714285,0.8636363636363636
191,5407,Anthony Booker,Iowa St.,0.8,0.5714285714285714,0.5,0.9375
192,5420,Daniel Richard,McNeese St.,0.8,0.5882352941176471,0.8666666666666667,0.0
193,5436,Ivory White,Alabama St.,1.0,0.35135135135135137,0.3333333333333333,0.9787234042553191
194,5466,Patrick Richard,McNeese St.,0.8571428571428571,0.2153846153846154,0.05454545454545454,0.5
195,5496,Darnell Gant,Washington,0.6363636363636364,0.5135135135135135,0.4857142857142857,1.0
196,5513,Ryan Herrion,New Hampshire,0.0,0.0,0.0,1.0
197,5523,Zack Novak,Michigan,1.0,0.5625,0.16,0.8627450980392157
198,5524,Davide Curletti,Northwestern,1.0,0.782608695652174,0.6666666666666666,1.0
199,5525,Henry Sims,Georgetown,0.625,0.375,0.4897959183673469,0.0
200,5527,Stu Douglass,Michigan,1.0,0.4444444444444444,0.13043478260869565,0.9333333333333333
201,5529,A.J. Rogers,Norfolk St.,1.0,0.47368421052631576,0.5454545454545454,0.0
202,5530,Jason Clark,Georgetown,0.2,0.34177215189873417,0.14285714285714285,0.9047619047619048
203,5576,Lamar Trice,Mount St. Mary's,0.0,0.0,0.0,0.0
204,5579,LaMarcus Lowe,Detroit Mercy,0.8,0.6545454545454545,0.8,0.0
205,5580,Flenard Whitfield,Western Michigan,1.0,0.7619047619047619,0.3793103448275862,0.0
206,5581,Mike Douglas,Western Michigan,0.0,0.1694915254237288,0.21875,0.8235294117647058
207,5583,Muhammed Conteh,Western Michigan,0.0,0.25,0.5,0.0
208,5595,Ameer Ali,Morgan St.,1.0,0.29545454545454547,0.2,0.9411764705882353
209,5613,Larry Bastfield,Morgan St.,0.0,0.13636363636363635,0.07692307692307693,1.0
210,5616,Ty Walker,Wake Forest,1.0,0.5714285714285714,0.5,0.0
211,5617,Griffan Callahan,South Dakota St.,0.0,0.3181818181818182,0.36363636363636365,0.9452054794520548
212,5702,Antoine Young,Creighton,0.0,0.07272727272727272,0.17333333333333334,0.6
213,5705,Kyle Kuric,Louisville,0.7272727272727273,0.6909090909090909,0.35294117647058826,0.9342105263157895
214,5706,Sean Mosley,Maryland,0.0,0.5652173913043478,0.21951219512195122,0.75
215,5711,Brian Benson,New Hampshire,0.8461538461538461,0.41818181818181815,0.2857142857142857,0.8636363636363636
216,5723,Jordan Clarke,Drake,1.0,0.5882352941176471,0.25,0.0
217,5736,Michael Griffin,Prairie View A&M,0.0,0.5833333333333334,0.5,0.8
218,5738,Tim Meadows,Prairie View A&M,0.0,0.09090909090909091,0.5555555555555556,0.7272727272727273
219,5776,Nick Petkovich,Lafayette,0.0,0.6666666666666666,0.6,0.9152542372881356
220,5777,Ryan Willen,Lafayette,0.0,0.46296296296296297,0.15555555555555556,0.9333333333333333
221,5780,Andrew Rogers,Maine,0.0,0.2727272727272727,0.09090909090909091,0.5
222,5787,Assane Sene,Virginia,1.0,0.7391304347826086,0.5714285714285714,0.0
223,5789,John Brandenburg,Colgate,1.0,0.65,0.7368421052631579,0.0
224,5794,Brady Jardine,Utah St.,0.6666666666666666,0.5,0.25,0.0
225,5808,Scott Thomas,Bowling Green,0.5,0.3541666666666667,0.4857142857142857,1.0
226,5811,Zach Saylor,Central Michigan,0.0,0.4,0.4444444444444444,0.0
227,5813,Daniel Barnes,Illinois Chicago,0.0,0.35294117647058826,0.34782608695652173,0.8596491228070176
228,5815,Antonio Green,Eastern Michigan,0.0,0.2,0.48148148148148145,0.9411764705882353
229,5875,Taylor Stewart,Air Force,0.0,0.4,0.46153846153846156,0.6666666666666666
230,5876,Garrett Stutz,Wichita St.,0.7368421052631579,0.5102040816326531,0.5106382978723404,1.0
231,5878,Shawn Hempsey,Air Force,0.0,0.25,0.0,0.0
232,5883,Antwan Carter,Longwood,0.5,0.66,0.4788732394366197,0.8260869565217391
233,5893,Kyle Weems,Missouri St.,0.6666666666666666,0.6,0.48863636363636365,0.9666666666666667
234,5896,Darrion Pellum,Hampton,0.6470588235294118,0.38235294117647056,0.25,0.6527777777777778
235,5906,Matt Gatens,Iowa,0.0,0.5094339622641509,0.4,0.9466666666666667
236,5907,Andrew Brommer,Iowa,0.5,0.5,0.6666666666666666,0.0
237,5969,Jermel Jenkins,Iona,0.0,0.2857142857142857,0.5,0.9473684210526315
238,5971,Jason Smeathers,Purdue Fort Wayne,0.0,0.0,0.75,0.8181818181818182
239,5972,Alex Young,IU Indy,0.45454545454545453,0.31521739130434784,0.1896551724137931,0.625
240,5996,Bassey Inameti,Tennessee Tech,1.0,0.5714285714285714,0.875,0.0
241,6006,Brett McClanahan,Akron,0.0,0.1,0.5,0.9285714285714286
242,6007,Humpty Hitchens,James Madison,0.0,0.4,0.07317073170731707,0.8414634146341463
243,6008,Nikola Cvetinovic,Akron,0.9166666666666666,0.5841584158415841,0.14285714285714285,0.9411764705882353
244,6009,Novar Gadson,Rider,1.0,0.4925373134328358,0.3684210526315789,0.64
245,6010,Brandon Penn,Rider,1.0,0.4634146341463415,0.3333333333333333,0.9538461538461539
246,6012,Anthony Winbush,Loyola MD,0.0,0.36,0.0,1.0
247,6046,Chris Martin,Wagner,0.0,0.29411764705882354,0.2857142857142857,0.9166666666666666
248,6047,Tyler Murray,Wagner,0.0,0.5185185185185185,0.42105263157894735,0.7972972972972973
249,6068,Bo Holston,The Citadel,1.0,0.45454545454545453,0.4,1.0
250,6070,Michael Harper,Coppin St.,0.5555555555555556,0.5151515151515151,0.3333333333333333,0.8923076923076924
251,6071,Dexter Moore,Coastal Carolina,0.0,0.375,0.3333333333333333,0.9285714285714286
252,6073,Jordan Lee,Coppin St.,0.0,0.0,0.0,0.0
253,6087,Marquisse Jackson,Mercer,0.0,0.0,0.0,0.0
254,6096,Tony Taylor,George Washington,0.5,0.38095238095238093,0.20634920634920634,0.7096774193548387
255,6102,B.J. Monteiro,Duquesne,0.8,0.6036036036036037,0.43478260869565216,0.7727272727272727
256,6103,Melquan Bolding,Fairleigh Dickinson,0.5,0.4888888888888889,0.16666666666666666,0.9210526315789473
257,6104,Eric Evans,Duquesne,0.0,0.5238095238095238,0.18181818181818182,0.8333333333333334
258,6131,Dario Hunt,Nevada,0.8787878787878788,0.5526315789473685,0.4230769230769231,1.0
259,6157,Ryan Pearson,George Mason,0.5,0.40594059405940597,0.3194444444444444,0.8571428571428571
260,6158,Nick Barbour,High Point,0.0,0.23255813953488372,0.3225806451612903,0.8137254901960784
261,6159,Jacob Iati,Albany,0.0,0.0,0.3333333333333333,0.9166666666666666
262,6177,Jesse Carr,Colorado St.,0.0,0.37142857142857144,0.16666666666666666,0.84
263,6179,Oscar Bellfield,UNLV,0.3333333333333333,0.2857142857142857,0.2857142857142857,0.8524590163934426
264,6181,Brice Massamba,UNLV,1.0,0.6875,0.38461538461538464,0.0
265,6183,Kevin Tarca,Quinnipiac,0.0,0.0,0.0,0.0
266,6186,Augustus Gilchrist,South Florida,0.5,0.5818181818181818,0.46808510638297873,0.8333333333333334
267,6189,Quincy Roberts,Grambling St.,0.7142857142857143,0.21052631578947367,0.2830188679245283,0.4358974358974359
268,6192,Phil Wait,Monmouth,1.0,0.75,0.75,0.0
269,6204,Frank Ben-Eze,Davidson,1.0,0.14285714285714285,0.3333333333333333,0.0
270,6205,Mike Kuhn,Rutgers,0.0,1.0,0.0,0.0
271,6215,Chris Wroblewski,Cornell,0.0,0.08333333333333333,0.16666666666666666,0.7948717948717948
272,6272,Kelvin Martin,Charleston Southern,0.5277777777777778,0.4621212121212121,0.2413793103448276,0.0
273,6274,David Chavarria,UC Riverside,0.0,0.6111111111111112,1.0,0.0
274,6278,Matt Sundberg,Charleston,0.0,0.6666666666666666,0.36363636363636365,0.9487179487179487
275,6279,Quasim Pugh,Norfolk St.,0.0,0.0,0.0,0.5
276,6281,Brandon Reese,Syracuse,0.0,0.0,0.0,0.0
277,6291,Jacques Streeter,UTEP,0.0,0.0967741935483871,0.2,0.6153846153846154
278,6299,Tommie Tyler,Western Illinois,0.0,0.20512820512820512,0.43478260869565216,0.8571428571428571
279,6300,Brian Stafford,Denver,0.0,0.4318181818181818,0.2962962962962963,0.96
280,6305,Dustin Dibble,UMKC,0.0,0.6285714285714286,0.42857142857142855,0.9285714285714286
281,6307,Jesse Steele,Monmouth,0.0,0.3076923076923077,0.22727272727272727,0.6451612903225806
282,6370,Luka Mirkovic,Northwestern,0.0,0.65,0.5,0.0
283,6375,Abe Lodwick,Washington St.,0.4,0.3333333333333333,0.2,0.9787234042553191
284,6376,Charlie Enquist,Washington St.,0.8,0.7241379310344828,0.8,0.0
285,6406,Joe Richard,Tulsa,0.6666666666666666,0.37037037037037035,0.5714285714285714,0.0
286,6411,Will Sanger,Tulsa,0.0,0.0,0.5,0.0
287,6485,Ramone Moore,Temple,0.8571428571428571,0.4625,0.2909090909090909,0.7647058823529411
288,6505,Tyler Hines,Maryland Eastern Shore,1.0,0.5517241379310345,0.15384615384615385,0.0
289,6546,Wil Peters,Tennessee St.,0.0,0.2777777777777778,0.047619047619047616,0.8333333333333334
290,6549,Stefan Perunicic,St. Francis NY,0.0,0.47368421052631576,0.17647058823529413,0.8082191780821918
291,6550,Rob Belcore,Penn,0.0,0.6226415094339622,0.8888888888888888,1.0
292,6552,Mike Howlett,Penn,0.0,0.8235294117647058,0.8888888888888888,0.0
293,6579,Christopher Tolson,Hampton,1.0,0.28,0.35294117647058826,0.8260869565217391
294,6599,John Hayward-Mayhew,Cal St. Northridge,0.0,0.625,0.5333333333333333,1.0
295,6605,Carl Richard,Indiana St.,0.75,0.6333333333333333,0.29545454545454547,0.9642857142857143
296,6630,Brooks Godwin,Wake Forest,0.0,0.0,0.0,0.0
297,6655,Milade Lola-Charles,Hampton,0.0,0.0,0.0,0.0
298,6689,Javarris Barnett,Charlotte,0.6666666666666666,0.4,0.45454545454545453,0.9661016949152542
299,6697,Garrett Butcher,Butler,0.0,1.0,1.0,0.5
300,6721,Angelo Caloiaro,San Francisco,0.3333333333333333,0.24242424242424243,0.34782608695652173,0.9636363636363636
301,6722,Taylor Darby,Pepperdine,0.6666666666666666,0.5698924731182796,0.7297297297297297,0.0
302,6723,Corbin Moore,Pepperdine,1.0,0.64,0.6101694915254238,0.9629629629629629
303,6725,Kwame Vaughn,Cal St. Fullerton,0.4,0.21818181818181817,0.1875,0.8793103448275862
304,6732,Probese Leo,Bucknell,0.0,0.5,0.0,0.0
305,6759,Will Campbell,Monmouth,0.0,0.2222222222222222,0.2222222222222222,0.9615384615384616
306,6773,Erving Walker,Florida,0.0,0.034482758620689655,0.1111111111111111,0.5507246376811594
307,6776,Yancy Gates,Cincinnati,0.7352941176470589,0.5922330097087378,0.3137254901960784,0.5
308,6780,Mike Rosario,Florida,0.0,0.2608695652173913,0.1111111111111111,1.0
309,6781,Dion Dixon,Cincinnati,0.6875,0.5256410256410257,0.2647058823529412,0.8936170212765957
310,6800,Daman Starring,UC Irvine,0.0,0.3548387096774194,0.21052631578947367,0.8780487804878049
311,6816,Owen Wignot,Siena,0.5,0.5526315789473685,0.47058823529411764,1.0
312,6817,Kyle Downey,Siena,1.0,0.6027397260273972,0.3392857142857143,0.9032258064516129
313,6819,Ryan Olander,Fairfield,0.8333333333333334,0.7391304347826086,0.5384615384615384,1.0
314,6847,Paul Kowalski,Niagara,0.0,1.0,0.0,0.0
315,6870,Jorge Gutierrez,California,0.5,0.4444444444444444,0.5507246376811594,0.96
316,6906,Sam Fernley,Fairleigh Dickinson,0.0,0.0,0.5,1.0
317,6917,Samer Madarani,Delaware,0.0,0.0,0.0,0.0
318,6922,Anthony Raffa,Coastal Carolina,0.0,0.3058823529411765,0.17647058823529413,0.8157894736842105
319,6924,Evan Ravenel,Ohio St.,0.875,0.7741935483870968,0.6666666666666666,0.0
320,6926,Justin Watts,North Carolina,0.6,0.5555555555555556,0.3333333333333333,1.0
321,6927,Tyler Zeller,North Carolina,0.84375,0.6404494382022472,0.6564885496183206,0.0
322,6928,Victor Davila,Virginia Tech,0.6470588235294118,0.4576271186440678,0.4,0.0
323,7000,Hernst Laroche,New Mexico St.,0.0,0.3055555555555556,0.13953488372093023,0.7380952380952381
324,7005,Kenny Frease,Xavier,0.9230769230769231,0.7395833333333334,0.7592592592592593,0.0
325,7008,Brad Redford,Xavier,0.0,0.0,0.3333333333333333,1.0
326,7012,Anthony Thompson,Bradley,1.0,0.75,0.8666666666666667,0.0
327,7025,Dave Barnett,Buffalo,0.5,0.4482758620689655,0.6666666666666666,0.9
328,7041,Mick Hedgepeth,Belmont,0.0,0.7450980392156863,0.6875,0.0
329,7044,Amir Celestin,Campbell,0.0,0.2727272727272727,0.4444444444444444,0.5
330,7078,Joe Latas,Houston Christian,0.0,0.4918032786885246,0.4583333333333333,0.0
331,7105,Parker Smith,North Florida,0.0,0.5,0.0975609756097561,0.6813186813186813
332,7160,Robby Ptacek,Central Connecticut,0.6,0.3116883116883117,0.3,0.6585365853658537
333,7191,DeQuan Jones,Miami FL,0.6363636363636364,0.5,0.47619047619047616,0.0
334,7194,Deividas Dulkys,Florida St.,0.6666666666666666,0.38095238095238093,0.16666666666666666,0.9387755102040817
335,7198,C.J. Williams,N.C. State,0.8421052631578947,0.6533333333333333,0.6530612244897959,0.9705882352941176
336,7203,Mookie Jones,Syracuse,1.0,1.0,0.0,1.0
337,7226,Darryl Bryant,West Virginia,0.0,0.5111111111111111,0.2926829268292683,0.8873239436619719
338,7229,Darius Miller,Kentucky,0.5555555555555556,0.25,0.13725490196078433,0.875
339,7231,Taylor Luczak,Mississippi St.,0.0,0.0,1.0,0.0
340,7233,Dee Bost,Mississippi St.,0.08333333333333333,0.09803921568627451,0.18181818181818182,0.6533333333333333
341,7234,Twany Beckham,Kentucky,0.0,0.0,0.0,0.0
342,7235,Victor Ojeleye,Kansas St.,0.0,0.5714285714285714,0.7142857142857143,0.0
343,7249,Andre Williamson,Appalachian St.,1.0,0.4857142857142857,0.41379310344827586,1.0
344,7251,Chris Early,Chattanooga,0.0,0.875,0.6,1.0
345,7253,Renaldo Woolridge,Tennessee,1.0,0.8,0.6,0.8571428571428571
346,7258,Brandon Fortenberry,Southeastern Louisiana,0.0,0.1111111111111111,0.1,0.6
347,7261,DeShawn Patterson,Southeastern Louisiana,0.0,0.28125,0.09523809523809523,0.5
348,7263,Kaylin Johnson,Samford,0.0,0.5,0.0,0.8333333333333334
349,7264,Jeffrey Merritt,Samford,1.0,0.45652173913043476,0.2857142857142857,0.9285714285714286
350,7265,John Peterson,Samford,0.0,0.75,0.6666666666666666,0.75
351,7267,Darrius Morrow,East Carolina,1.0,0.7012987012987013,0.6842105263157895,0.0
352,7271,Casper Ware,Long Beach St.,0.0,0.37209302325581395,0.14893617021276595,0.6813186813186813
353,7272,Larry Anderson,Long Beach St.,0.5833333333333334,0.6166666666666667,0.2727272727272727,0.85
354,7274,T.J. Robinson,Long Beach St.,0.6666666666666666,0.6086956521739131,0.46835443037974683,0.0
355,7278,Bradford Burgess,VCU,0.6666666666666666,0.41935483870967744,0.41935483870967744,0.8518518518518519
356,7358,Daniel Mitchell,Radford,0.0,0.6,0.7272727272727273,0.8181818181818182
357,7360,Mike Proctor,Northern Colorado,0.6428571428571429,0.3793103448275862,0.28125,0.0
358,7365,T.J. Franklin,Oklahoma,0.0,0.0,0.0,1.0
359,7392,Fred Ellis,Baylor,0.0,0.0,0.0,1.0
360,7404,David Loubeau,Texas A&M,0.75,0.5466666666666666,0.38596491228070173,1.0
361,7406,Dash Harris,Texas A&M,0.0,0.25,0.2,0.8333333333333334
362,7463,Michael Sanchez,Arkansas,1.0,0.4642857142857143,0.6666666666666666,1.0
363,7470,Yannick Crowder,Florida A&M,0.7692307692307693,0.43636363636363634,0.3870967741935484,0.0
364,7471,Calvin Thompson,Howard,0.0,0.15384615384615385,0.08333333333333333,0.8888888888888888
365,7479,Jason Dawson,Gardner Webb,0.0,0.09090909090909091,0.05555555555555555,0.43902439024390244
366,7480,Matt Steelman,Wofford,0.0,0.0,0.0,0.8333333333333334
367,7481,Kevin Giltner,Wofford,0.0,0.2631578947368421,0.5740740740740741,0.8823529411764706
368,7482,Brad Loesing,Wofford,0.0,0.11594202898550725,0.15555555555555556,0.7
369,7483,Joseph Tecklenburg,Wofford,0.0,0.0,0.0,0.0
370,7486,Bryan Dougher,Stony Brook,0.0,0.19230769230769232,0.09523809523809523,0.6470588235294118
371,7487,Jack Hill,Saint Peter's,1.0,0.9375,0.6666666666666666,0.0
372,7488,Danny Carter,Stony Brook,0.0,0.8,0.5,0.8888888888888888
373,7492,Dallis Joyner,Stony Brook,0.7333333333333333,0.3655913978494624,0.38095238095238093,0.0
374,7524,Aaron Austin,Hampton,0.0,0.14285714285714285,0.0,0.5
375,7526,Quinard Jackson,UNC Asheville,0.0,0.7090909090909091,0.3333333333333333,1.0
376,7527,J.P. Primm,UNC Asheville,0.0,0.425531914893617,0.2222222222222222,0.8
377,7528,Cammeron Woodyard,Penn St.,1.0,0.6956521739130435,0.5384615384615384,0.9523809523809523
378,7529,Chris Babb,Iowa St.,1.0,0.2727272727272727,0.38461538461538464,0.90625
379,7584,Kevin Thompson,Morgan St.,0.0,0.5242718446601942,0.4,1.0
380,7594,Krys Faber,DePaul,0.875,0.4864864864864865,0.75,0.0
381,7609,Isiah Brown,East Tennessee St.,0.7073170731707317,0.5567010309278351,0.25925925925925924,0.0
382,7610,Jon Pack,Coastal Carolina,1.0,0.5230769230769231,0.4,0.0
383,7633,Daniel Moore,Indiana,0.0,0.0,0.0,0.0
384,7635,Kory Barnett,Indiana,0.0,0.0,1.0,1.0
385,7716,James Nunnally,UC Santa Barbara,0.9,0.5581395348837209,0.44776119402985076,0.8181818181818182
386,7717,Greg Somogyi,UC Santa Barbara,0.8461538461538461,0.68,0.6428571428571429,0.0
387,7725,Kendrix Brown,William & Mary,0.0,0.4375,0.0,0.875
388,7726,Quinn McDowell,William & Mary,0.0,0.43902439024390244,0.27586206896551724,0.8070175438596491
389,7738,Mike Myers Keitt,Monmouth,0.625,0.5128205128205128,0.6,1.0
390,7747,Anthony Hill,Houston Christian,0.0,0.14285714285714285,0.1111111111111111,0.8888888888888888
391,7749,Sterling Melville,Colgate,0.6,0.35,0.4375,0.9230769230769231
392,7751,Yaw Gyawu,Colgate,0.0,0.6296296296296297,0.6296296296296297,0.0
393,7752,Nick Pascale,Colgate,1.0,0.5357142857142857,0.5555555555555556,0.0
394,7754,Devin Brown,Holy Cross,0.6,0.33962264150943394,0.35714285714285715,0.7636363636363637
395,7755,Jordan Hamilton,Lehigh,1.0,0.5769230769230769,0.16666666666666666,0.972972972972973
396,7756,John Adams,Lehigh,0.0,0.631578947368421,0.0,1.0
397,7770,Robert Nyakundi,SMU,0.0,0.44,0.48717948717948717,0.9102564102564102
398,7828,Ricky Taylor,Chattanooga,1.0,0.28888888888888886,0.28,0.8378378378378378
399,7829,Will Reigel,Davidson,0.0,0.7142857142857143,0.0,0.0
400,7830,Zach Kinsley,Texas A&M,0.0,0.0,0.6,0.9090909090909091
401,7836,Steven Idlet,Tulsa,1.0,0.6304347826086957,0.5084745762711864,1.0
402,7861,Shawn Stockton,Montana,0.0,0.5625,0.38461538461538464,1.0
403,7872,Sherrod Baldwin,Idaho St.,0.0,0.4,0.2727272727272727,0.9285714285714286
404,7928,Preston Laird,Memphis,0.0,0.0,0.0,0.0
405,7941,Charlie Harper,Lamar,0.75,0.5689655172413793,0.7666666666666667,0.5
406,7943,Amos Studivant,Mississippi Valley St.,1.0,0.6041666666666666,0.4666666666666667,0.0
407,7953,Tony Meier,Milwaukee,0.0,0.6521739130434783,0.5,0.9090909090909091
408,7971,James Hollowell,Eastern Illinois,1.0,0.5,0.7333333333333333,1.0
409,7973,Delwan Graham,Jacksonville,0.8,0.5344827586206896,0.6285714285714286,1.0
410,7975,Eloy Vargas,Kentucky,1.0,0.5,0.5,0.0
411,8003,Walt Gibler,Loyola Chicago,1.0,0.6493506493506493,0.8333333333333334,1.0
412,8004,John Benkoske,Loyola Chicago,0.0,0.6666666666666666,0.0,0.0
413,8056,Marcos Tamares,Norfolk St.,0.0,0.4,0.6585365853658537,1.0
414,8064,Andrew Nicholson,St. Bonaventure,0.6363636363636364,0.5137614678899083,0.5681818181818182,0.9565217391304348
415,8154,Terrance Hill,Morehead St.,0.0,0.1,0.3333333333333333,0.75
416,8185,Matthew Friday,Samford,0.0,0.6129032258064516,0.14285714285714285,1.0
417,8200,Drazen Zlovaric,Chattanooga,1.0,0.7183098591549296,0.484375,0.0
418,8202,Lance Goulbourne,Vanderbilt,0.5555555555555556,0.45714285714285713,0.23529411764705882,0.8823529411764706
419,8204,Dustin Ware,Georgia,0.0,0.375,0.13333333333333333,0.5818181818181818
420,8208,Jeffery Taylor,Vanderbilt,0.4583333333333333,0.3,0.23529411764705882,0.7424242424242424
421,8223,Christian Siakam,IU Indy,0.0,0.47058823529411764,0.4444444444444444,1.0
422,8275,Erik Etherly,Loyola MD,0.7346938775510204,0.5379310344827586,0.25,1.0
423,8276,Jared Williams,North Carolina A&T,0.0,0.8,0.75,1.0
424,8277,Nic Simpson,North Carolina A&T,0.0,0.4117647058823529,0.2857142857142857,0.9038461538461539
425,8278,Marc Hill,North Carolina A&T,0.0,0.18181818181818182,0.08333333333333333,0.5135135135135135
426,8285,A.J. Hardeman,New Mexico,0.8666666666666667,0.7391304347826086,0.5384615384615384,0.0
427,8286,Phillip McDonald,New Mexico,1.0,0.6666666666666666,0.6923076923076923,0.9302325581395349
428,8287,A.J. Davis,James Madison,0.5483870967741935,0.3723404255319149,0.22727272727272727,0.8113207547169812
429,8291,Joshua Jones,Eastern Kentucky,0.0,0.1935483870967742,0.11428571428571428,0.9411764705882353
430,8300,Wes Eikmeier,Colorado St.,0.0,0.3548387096774194,0.1,0.6545454545454545
431,8302,Austin Dufault,Colorado,0.8,0.5777777777777777,0.34615384615384615,0.9545454545454546
432,8303,Trey Eckloff,Colorado,0.0,0.0,0.0,0.0
433,8305,Nate Tomlinson,Colorado,0.0,0.5,0.3333333333333333,0.8857142857142857
434,8313,Jereal Scott,Stephen F. Austin,1.0,0.6981132075471698,0.639344262295082,0.0
435,8363,Kashief Edwards,Northeastern,1.0,0.5853658536585366,0.65,0.0
436,8379,Luke Fabrizius,Dayton,0.0,0.8181818181818182,0.875,0.975609756097561
437,8380,Paul Williams,Dayton,0.0,0.2857142857142857,0.14285714285714285,0.9
438,8381,Stevie Mejia,Hofstra,0.0,0.10526315789473684,0.26666666666666666,0.95
439,8383,Chris Johnson,Dayton,0.4,0.5,0.3076923076923077,0.9855072463768116
440,8386,Orion Outerbridge,Rhode Island,0.6666666666666666,0.5333333333333333,0.5633802816901409,0.7391304347826086
441,8387,Jamal Wilson,Rhode Island,0.3333333333333333,0.375,0.25,0.75
442,8399,Alberto Estwick,Fordham,0.0,0.75,0.7272727272727273,0.9545454545454546
443,8402,Miles Plumlee,Duke,0.6923076923076923,0.5076923076923077,0.5416666666666666,0.0
444,8435,Samme Givens,Drexel,1.0,0.5789473684210527,0.484375,0.0
445,8436,Jeremy Granger,Eastern Illinois,0.0,0.1951219512195122,0.16666666666666666,0.7586206896551724
446,8452,Svetoslav Chetinov,Maine,0.0,0.5833333333333334,0.6666666666666666,0.0
447,8453,Gerald McLemore,Maine,0.0,0.5526315789473685,0.3404255319148936,0.8840579710144928
448,8454,R.J. Hall,Marist,0.0,0.0,0.0,1.0
449,8455,James Haarsma,Milwaukee,1.0,0.6923076923076923,0.4117647058823529,1.0
450,8456,Denver Holmes,Evansville,0.5,0.7037037037037037,0.875,0.868421052631579
451,8457,Kaylon Williams,Milwaukee,0.0,0.10416666666666667,0.0,0.3953488372093023
452,8461,Darian Norris,San Diego,0.0,0.21428571428571427,0.20588235294117646,0.90625
453,8473,Josh Duinker,Richmond,1.0,0.6666666666666666,0.3684210526315789,1.0
454,8476,Jack Trotter,Stanford,1.0,0.8,0.4666666666666667,1.0
455,8479,Kevin McShane,Oregon St.,1.0,0.6363636363636364,0.0,0.0
456,8480,Matt Humphrey,Boston College,0.25,0.23255813953488372,0.0,0.7090909090909091
457,8483,Jarrett Mann,Stanford,0.5,0.5,0.0,1.0
458,8488,Eric Carlson,North Dakota St.,0.0,0.37037037037037035,0.5,0.0
459,8496,John Fraley,Austin Peay,0.7222222222222222,0.43529411764705883,0.26666666666666666,0.0
460,8533,Jason Jones,Middle Tennessee,0.0,0.38095238095238093,0.4666666666666667,1.0
461,8581,Connor Frizzelle,Rice,0.0,0.29411764705882354,0.32727272727272727,0.7567567567567568
462,8582,Ryne Smith,Purdue,0.0,0.75,0.5833333333333334,0.9325842696629213
463,8604,Walter Offutt,Ohio,0.0,0.358974358974359,0.5,0.9615384615384616
464,8607,Nick Fruendt,Northwestern,0.0,0.4,0.0,1.0
465,8608,Kyle Rowley,Saint Mary's,0.0,0.8,0.0,0.0
466,8609,John Shurna,Northwestern,0.42857142857142855,0.4523809523809524,0.24489795918367346,0.9052631578947369
467,8611,William Buford,Ohio St.,0.5384615384615384,0.5245901639344263,0.4268292682926829,0.7903225806451613
468,8621,Zavier Sanders,Eastern Illinois,0.5,0.5,0.7878787878787878,0.0
469,8663,J.D. Pelham,Lafayette,0.0,0.0,1.0,0.0
470,8665,Stephen Hall,Jacksonville St.,0.5714285714285714,0.2608695652173913,0.7391304347826086,1.0
471,8668,Jim Mower,Lafayette,1.0,0.40425531914893614,0.28,0.8363636363636363
472,8670,Rob Delaney,Lafayette,0.0,0.11864406779661017,0.0,0.8
473,8681,D.J. Seeley,Cal St. Fullerton,0.3333333333333333,0.41379310344827586,0.3333333333333333,0.828125
474,8682,Kyle Fogg,Arizona,0.0,0.3888888888888889,0.3,0.9166666666666666
475,8683,Brendon Lavender,Arizona,1.0,0.8333333333333334,0.5,0.8909090909090909
476,8693,Mike DiNunno,Eastern Kentucky,0.0,0.10869565217391304,0.043478260869565216,0.7741935483870968
477,8696,Kamil Janton,Eastern Michigan,0.0,0.7692307692307693,0.5,0.0
478,8698,Justin Greene,Kent St.,1.0,0.6224489795918368,0.5081967213114754,0.0
479,8700,Tyler Storm,Northern Illinois,0.0,0.23076923076923078,0.23076923076923078,0.9285714285714286
480,8701,Demetrius Ward,Western Michigan,0.0,0.2702702702702703,0.16666666666666666,0.7966101694915254
481,8715,Marcus Capers,Washington St.,0.896551724137931,0.6190476190476191,0.6,0.0
482,8717,Michael Harthun,Portland St.,0.0,0.5263157894736842,0.4838709677419355,0.9111111111111111
483,8769,Conner Fenlon,Siena,0.0,1.0,0.0,1.0
484,8774,Kyle O'Quinn,Norfolk St.,0.7894736842105263,0.5071428571428571,0.40425531914893614,0.5
485,8785,Toure' Murry,Wichita St.,0.6666666666666666,0.31666666666666665,0.1935483870967742,0.8125
486,8786,David Kyles,Wichita St.,0.8,0.5862068965517241,0.09090909090909091,0.7924528301886793
487,8825,Julian Mavunga,Miami OH,0.3,0.375,0.2608695652173913,0.8
488,8827,Draymond Green,Michigan St.,0.6153846153846154,0.49504950495049505,0.4576271186440678,0.9423076923076923
489,8887,Steadman Short,Mississippi,0.0,0.5,1.0,0.0
490,8890,Scott Machado,Iona,0.0,0.22448979591836735,0.11764705882352941,0.8
491,8891,Trinity Fields,Iona,0.0,0.0,0.5,0.0
492,8896,Olu Ashaolu,Oregon,0.6666666666666666,0.5531914893617021,0.21739130434782608,1.0
493,8910,Bryson Barnes,Furman,1.0,0.4,0.3125,1.0
494,8919,Randy Davis,Ball St.,0.0,0.17647058823529413,0.16666666666666666,0.6666666666666666
495,8920,Jarrod Jones,Ball St.,0.8636363636363636,0.6296296296296297,0.6101694915254238,0.9230769230769231
496,8921,Pierre Sneed,Ball St.,0.0,0.5,0.0,0.0
497,8923,Dee Brown,Bowling Green,0.0,0.4444444444444444,0.2708333333333333,0.8484848484848485
498,8935,Chris Cooper,Old Dominion,0.7,0.4731182795698925,0.6326530612244898,0.0
499,8936,Trian Iliadis,Old Dominion,0.0,0.38095238095238093,0.3333333333333333,0.8837209302325582
500,8988,Cameron Moore,UAB,0.8571428571428571,0.625,0.44285714285714284,1.0
501,8991,Cosmo Morabbi,The Citadel,0.0,0.23809523809523808,0.45454545454545453,0.8461538461538461
502,9006,Anthony Jones,Baylor,0.9090909090909091,0.4375,0.1875,0.9090909090909091
503,9007,Quincy Acy,Baylor,0.6935483870967742,0.6330275229357798,0.6666666666666666,1.0
504,9008,Jeremy Montgomery,Cleveland St.,0.0,0.17777777777777778,0.21428571428571427,0.6065573770491803
505,9011,Aaron Fuller,USC,1.0,0.6097560975609756,0.5238095238095238,0.0
506,9055,Drew Spradlin,Elon,0.0,0.55,0.3448275862068966,0.9032258064516129
507,9056,Terrance Henry,Mississippi,0.6666666666666666,0.23076923076923078,0.18518518518518517,0.7692307692307693
508,9057,Shavar Richardson,Florida Atlantic,0.0,0.25,0.7272727272727273,0.8846153846153846
509,9058,Andre Cornelius,George Mason,0.0,0.26666666666666666,0.2857142857142857,0.8571428571428571
510,9061,Chris Toler,Furman,1.0,0.5384615384615384,0.6190476190476191,0.0
511,9063,Brandon Sebirumbi,Furman,1.0,0.4186046511627907,0.4576271186440678,0.0
512,9094,Danny Thompson,Mount St. Mary's,0.8333333333333334,0.6376811594202898,0.4444444444444444,0.0
513,9097,Blaise Staab,Columbia,1.0,0.5333333333333333,0.5714285714285714,1.0
514,9098,Kirk Crecco,Dartmouth,0.0,0.8333333333333334,0.25,1.0
515,9101,David Rufful,Dartmouth,0.0,0.6190476190476191,0.36,0.9473684210526315
516,9102,Jabari Trotter,Dartmouth,0.0,0.17647058823529413,0.1,0.5769230769230769
517,9103,J'hared Hall,Loyola MD,0.0,0.25,0.0,1.0
518,9115,Micheal Eric,Temple,0.6363636363636364,0.5471698113207547,0.5714285714285714,0.0
519,9170,Matt Titchenal,Cal Poly,0.0,0.6666666666666666,0.6666666666666666,1.0
520,9171,David Hanson,Cal Poly,0.6666666666666666,0.4868421052631579,0.15,1.0
521,9174,Julian Simmons,Army,0.0,0.32,0.42857142857142855,0.8135593220338984
522,9175,Anthony Campbell,Austin Peay,0.0,0.75,0.6666666666666666,0.8
523,9194,Lorne Merthie,Campbell,0.0,0.5,0.3333333333333333,0.9
524,9205,Justin Coughlin,Denver,0.0,0.7222222222222222,0.8333333333333334,1.0
525,9207,Travis Hallam,Denver,0.0,0.7142857142857143,0.6,0.9166666666666666
526,9280,Robert Lewandowski,Texas Tech,0.5,0.5135135135135135,0.660377358490566,1.0
527,9283,Chris Otule,Marquette,1.0,0.5,0.8,0.0
528,9285,Adam Sollazzo,East Tennessee St.,0.5714285714285714,0.21348314606741572,0.0425531914893617,0.25
529,9286,Jordan Theodore,Seton Hall,1.0,0.10588235294117647,0.0851063829787234,0.6363636363636364
530,9314,Ashen Ward,Youngstown St.,0.5,0.3,0.25925925925925924,0.9583333333333334
531,9366,Casey Cantey,Alabama A&M,0.5454545454545454,0.4166666666666667,0.3333333333333333,0.7307692307692307
532,9397,Elhanan Bone,UNC Greensboro,0.0,0.0,0.0,0.0
533,9402,Ashley Hamilton,Loyola Marymount,0.8888888888888888,0.48936170212765956,0.15384615384615385,0.8888888888888888
534,9403,LaRon Armstead,Loyola Marymount,0.0,0.4666666666666667,0.4444444444444444,0.8387096774193549
535,9416,Jordan Lewis,Cal Poly,0.0,0.5454545454545454,0.4,0.0
536,9470,Zack Rosen,Penn,0.0,0.29545454545454547,0.22826086956521738,0.41333333333333333
537,9500,Sei Paye,UTSA,0.0,0.14285714285714285,0.3333333333333333,0.8333333333333334
538,9504,Afam Muojeke,Wyoming,0.0,0.3333333333333333,0.0,0.5
539,9513,Toney McCray,Nebraska,0.7142857142857143,0.55,0.358974358974359,0.9696969696969697
540,9519,Brandon Richardson,Nebraska,0.0,0.36363636363636365,0.4117647058823529,0.8461538461538461
541,9520,Alonzo Edwards,North Texas,0.6666666666666666,0.3076923076923077,0.3333333333333333,1.0
542,9525,Dago Pena,Marshall,1.0,0.42857142857142855,0.5,0.9565217391304348
543,9526,Damier Pitts,Marshall,0.0,0.17142857142857143,0.17142857142857143,0.4927536231884058
544,9528,Wesley Witherspoon,Memphis,0.5833333333333334,0.37777777777777777,0.5,0.9130434782608695
545,9530,Desmond Wade,Fairfield,0.0,0.18181818181818182,0.4,0.9166666666666666
546,9532,Shaquille Johnson,Marshall,0.6,0.3076923076923077,0.1875,0.90625
547,9617,Justin Newton,St. Francis NY,0.0,0.09090909090909091,0.0,0.6666666666666666
548,9626,Adam Malik,UC Davis,0.0,0.7777777777777778,1.0,1.0
549,9636,Kevin Foster,Santa Clara,0.0,0.3125,0.15,0.8
550,9639,Bryan Cohen,Bucknell,0.0,0.2,0.14285714285714285,0.88
551,9640,Enoch Andoh,Bucknell,0.0,0.6,0.5,0.0
552,9678,Bryce Cartwright,Iowa,1.0,0.38095238095238093,0.26666666666666666,0.75
553,9679,Kendall Smith,N.C. State,0.0,0.5,0.0,0.0
554,9682,Nick Foreman,Georgia Tech,1.0,0.75,1.0,0.9
555,9687,Djibril Coulibaly,Manhattan,1.0,1.0,1.0,0.0
556,9688,Travis Taylor,Xavier,0.9090909090909091,0.8222222222222222,0.6666666666666666,0.0
557,9695,Steve Moore,Missouri,0.9285714285714286,0.6470588235294118,0.25,0.0
558,9696,Kim English,Missouri,0.0,0.5660377358490566,0.775,0.9487179487179487
559,9699,Garrett Ton,San Jose St.,0.0,0.5,1.0,0.0
560,9701,Rodney McCauley,Norfolk St.,0.0,0.3103448275862069,0.375,0.8333333333333334
561,9703,Jerome Clyburn,Austin Peay,0.0,0.12121212121212122,0.2,0.8181818181818182
562,9705,Kevin Jones,West Virginia,1.0,0.5,0.7380952380952381,1.0
563,9712,Donte Poole,Murray St.,0.3333333333333333,0.2972972972972973,0.28,0.8032786885245902
564,9720,Adam Thomas,Miami OH,0.5,0.6,0.6666666666666666,1.0
565,9727,Stanley Elliott,Bethune Cookman,1.0,0.5555555555555556,0.2222222222222222,0.8888888888888888
566,9755,Kent Bazemore,Old Dominion,0.35714285714285715,0.37333333333333335,0.26666666666666666,0.6078431372549019
567,9804,Conor Smith,Richmond,0.0,0.5,0.0,1.0
568,9807,Ronald Nored,Butler,0.0,0.09523809523809523,0.1,0.75
569,9809,Adam Pegg,Stetson,0.0,0.6419753086419753,0.6,1.0
570,9825,Jordan Printy,Indiana St.,0.0,0.5,0.2857142857142857,0.6885245901639344
571,9828,Clayton Brothers,Hartford,0.0,0.7037037037037037,0.4,1.0
572,9830,Genesis Maciel,Hartford,0.0,0.5,0.1,0.9722222222222222
573,9832,Jeff Pelage,Boston University,1.0,0.6,0.3333333333333333,0.0
574,9877,Richard Branning,Pepperdine,0.0,0.0,0.0,1.0
575,9883,Ryan Quigtar,Miami FL,0.0,0.0,0.0,0.0
576,9887,Kevin Butler,UT Arlington,0.5714285714285714,0.4473684210526316,0.42105263157894735,1.0
577,9906,Austin Thornton,Michigan St.,0.0,0.75,0.8421052631578947,0.967741935483871
578,9908,Dominique Morrison,Oral Roberts,0.0,0.46,0.4,0.8181818181818182
579,9914,Ryan Hage,Fordham,0.0,0.0,0.0,0.0
580,9922,Hamidu Rahman,New Mexico St.,1.0,0.42,0.14285714285714285,0.0
581,9924,Jarrett Sutton,Missouri,0.0,0.0,0.0,1.0
582,9927,Stan Dulaire,Sacred Heart,0.5714285714285714,0.43902439024390244,0.75,0.0
583,9928,Clint Steindl,Saint Mary's,0.0,0.5,0.6666666666666666,1.0
584,9933,Oliver McNally,Harvard,0.0,0.4,0.2222222222222222,0.9629629629629629
585,9936,Keith Wright,Harvard,1.0,0.65,0.38461538461538464,0.0
586,9937,Rhett Anderson,Yale,0.0,0.0,0.0,0.0
587,9939,Greg Mangano,Yale,0.7777777777777778,0.6125,0.5074626865671642,0.8823529411764706
588,9940,Reggie Willhite,Yale,0.3333333333333333,0.2608695652173913,0.24390243902439024,0.8333333333333334
589,9943,Matt Dickey,UNC Asheville,0.0,0.34545454545454546,0.4166666666666667,0.8214285714285714
590,9944,Chris Stephenson,UNC Asheville,0.6818181818181818,0.47474747474747475,0.25925925925925924,0.8947368421052632
591,9970,Aaron Noll,Vanderbilt,0.0,0.0,0.0,0.0
592,9992,Garrett Sim,Oregon,0.0,0.5384615384615384,0.3902439024390244,0.7945205479452054
593,10041,Xavier Gibson,Florida St.,0.6,0.4153846153846154,0.7272727272727273,1.0
594,10045,Luke Loucks,Florida St.,0.0,0.0967741935483871,0.15789473684210525,0.59375
595,10047,Pierre Jordan,Georgia Tech,0.0,0.3333333333333333,0.0,1.0
596,10119,Phillip Bach,Santa Clara,0.0,0.0,0.0,1.0
597,10130,Aaron Ware,George Washington,0.0,0.5,0.25925925925925924,1.0
598,10132,Brian Conklin,Saint Louis,1.0,0.7766990291262136,0.66,1.0
599,10135,Kyle Cassity,Saint Louis,0.0,0.2222222222222222,0.18181818181818182,0.9047619047619048
600,10136,Drew Hanlen,Belmont,0.0,0.08333333333333333,0.09090909090909091,0.8695652173913043
601,10156,Brandon Hall,Saint Peter's,0.0,0.045454545454545456,0.0,1.0
602,10163,Jordan Burgason,Lipscomb,0.0,0.14285714285714285,0.14285714285714285,0.7605633802816901
603,10165,Tevin Galvin,Jacksonville,0.25,0.2702702702702703,0.8,1.0
604,10179,Antwaun Boyd,Purdue Fort Wayne,0.0,0.16666666666666666,0.1875,1.0
605,10202,John Henson,North Carolina,0.8545454545454545,0.7590361445783133,0.6967213114754098,0.0
606,10235,Colby Lewis,Charlotte,0.0,0.0,0.0,0.5
607,10238,Jeff Withey,Kansas,0.8888888888888888,0.7951807228915663,0.6428571428571429,0.0
608,10239,Elijah Johnson,Kansas,0.8571428571428571,0.4444444444444444,0.23809523809523808,0.9104477611940298
609,10240,Westly Perryman,Boise St.,0.0,0.15151515151515152,0.0,0.3333333333333333
610,10248,Reggie King,Winthrop,0.0,0.0,0.0,0.0
611,10255,Jake Eastman,Bradley,0.0,0.6,0.4166666666666667,1.0
612,10257,Milos Knezevic,Bradley,0.0,0.5,0.0,1.0
613,10258,Dyricus Simms-Edwards,Bradley,0.16666666666666666,0.13333333333333333,0.10810810810810811,0.8431372549019608
614,10259,Randal Holt,Kent St.,1.0,0.2653061224489796,0.3,0.9305555555555556
615,10261,Fred Gulley,Oklahoma St.,0.0,0.3333333333333333,0.0,1.0
616,10265,Akeem Johnson,St. Francis NY,0.9090909090909091,0.5148514851485149,0.375,0.0
617,10282,Ben Mockford,St. Francis NY,0.0,0.125,0.15,0.7951807228915663
618,10286,Bart Benton,Charleston,0.0,0.0,0.0,0.0
619,10287,LaRon Dendy,Middle Tennessee,0.96875,0.7272727272727273,0.45652173913043476,0.8181818181818182
620,10289,J.C. Ward,East Tennessee St.,0.0,0.0,0.0,1.0
621,10306,Derek Elston,Indiana,1.0,0.631578947368421,0.7222222222222222,1.0
622,10319,Jordan Smart,Vanderbilt,0.0,1.0,1.0,1.0
623,10324,Julian Welch,Minnesota,0.0,0.42105263157894735,0.26666666666666666,0.8913043478260869
624,10325,Ryan Howley,UC Davis,1.0,0.8333333333333334,0.375,1.0
625,10329,Scott Saunders,Belmont,1.0,0.6893203883495146,0.5294117647058824,0.0
626,10331,Maurice Sutton,Villanova,0.7142857142857143,0.4,0.6,0.0
627,10337,Jake Godino,Temple,0.0,0.0,0.0,1.0
628,10357,Rodney Clinkscales,SMU,0.0,0.3333333333333333,0.2,0.85
629,10371,Brandon Wood,Michigan St.,0.8,0.5833333333333334,0.4,0.9787234042553191
630,10376,Tommy Kurth,Valparaiso,0.0,1.0,0.0,1.0
631,10379,Mike Felt,North Dakota St.,0.0,0.75,0.5333333333333333,0.92
632,10386,Drew Lundberg,North Dakota St.,0.0,0.0,0.3333333333333333,0.9
633,10398,Aaron Urbanus,UT Rio Grande Valley,0.0,0.1,0.0,0.782608695652174
634,10406,Derek Sebastian,Creighton,0.0,1.0,1.0,0.0
635,10416,Vince Legarza,Miami OH,0.0,0.8,0.3333333333333333,0.0
636,10417,Kurt Joseph,LIU,0.0,0.0,0.5,1.0
637,10418,Kenny Onyechi,LIU,0.7142857142857143,0.631578947368421,0.3333333333333333,0.0
638,10435,Alshwan Hymes,Canisius,0.0,0.3157894736842105,0.32608695652173914,0.7380952380952381
639,10436,Joel Naburgs,Stetson,0.0,0.48148148148148145,0.2857142857142857,0.9795918367346939
640,10438,Reggie Groves,Canisius,0.0,0.15384615384615385,0.07142857142857142,0.9473684210526315
641,10453,Bryson Johnson,Bucknell,0.0,0.0,0.1111111111111111,0.84
642,10454,Jordan Callahan,Tulane,0.0,0.5416666666666666,0.2558139534883721,0.92
643,10456,Devin Price,Marist,0.0,0.23809523809523808,0.14285714285714285,0.9166666666666666
644,10458,Raymone Andrews,Louisiana,0.0,0.25,0.25,0.8148148148148148
645,10465,Reginald Buckner,Mississippi,0.5675675675675675,0.44285714285714284,0.3333333333333333,0.0
646,10466,David Gebru,Western Illinois,0.0,0.6666666666666666,0.5714285714285714,0.0
647,10491,Ian Francis,Alcorn St.,0.7142857142857143,0.3508771929824561,0.4444444444444444,0.0
648,10497,Brendan Sherrer,Washington,0.0,0.0,0.0,0.0
649,10499,Ella Ellis,Army,0.6666666666666666,0.6065573770491803,0.2222222222222222,0.9180327868852459
650,10514,Christian Peterson,UC Santa Barbara,0.0,0.16666666666666666,0.6,1.0
651,10518,Amin Stevens,Florida A&M,0.55,0.32075471698113206,0.23076923076923078,0.7142857142857143
652,10520,Nikko Acosta,Lamar,1.0,0.8,0.375,0.0
653,10532,Steven Shepp,Fresno St.,0.0,0.24,0.0,0.8571428571428571
654,10538,Javoris Bryant,Bethune Cookman,1.0,0.4594594594594595,0.47619047619047616,0.0
655,10546,Joe Efese,Central Connecticut,1.0,0.6470588235294118,0.3,0.0
656,10549,Greg Smith,Colorado St.,0.7272727272727273,0.3953488372093023,0.37142857142857144,1.0
657,10550,Dorian Green,Colorado St.,0.3333333333333333,0.3181818181818182,0.19444444444444445,0.9230769230769231
658,10551,Pierce Hornung,Colorado St.,0.75,0.42168674698795183,0.4444444444444444,1.0
659,10561,Anton Dickerson,Howard,0.0,0.2857142857142857,0.5,0.9375
660,10562,Mike Phillips,Howard,1.0,0.37142857142857144,0.5806451612903226,1.0
661,10564,Dadrian Collins,Howard,0.0,0.3,0.14285714285714285,0.8333333333333334
662,10567,Alzee Williams,North Texas,0.0,0.39344262295081966,0.4117647058823529,1.0
663,10570,Andrew McCarthy,Brown,0.8333333333333334,0.6883116883116883,0.7058823529411765,1.0
664,10573,Mike Groselle,The Citadel,1.0,0.577922077922078,0.6428571428571429,0.0
665,10574,Zach Filzen,Buffalo,0.0,0.38461538461538464,0.5,0.9354838709677419
666,10588,Brandon Oliver,Delaware St.,0.0,0.3333333333333333,0.0,0.0
667,10593,Dontay Hampton,Chattanooga,0.0,0.25,0.125,0.9
668,10612,Austin Witter,North Carolina A&T,0.2857142857142857,0.4411764705882353,0.2,0.9
669,10621,James Marcellus,Delaware St.,1.0,0.3333333333333333,0.6666666666666666,0.0
670,10631,Jaime Sema,UC Santa Barbara,1.0,0.6896551724137931,0.65,0.0
671,10632,Orlando Johnson,UC Santa Barbara,0.25,0.2909090909090909,0.18309859154929578,0.5223880597014925
672,10653,Greg Rice,IU Indy,0.0,0.3333333333333333,0.0,1.0
673,10656,Preston Blackmon,Savannah St.,0.0,0.1111111111111111,0.06060606060606061,0.8409090909090909
674,10663,Savalace Townsend,Arkansas Pine Bluff,0.25,0.25301204819277107,0.17307692307692307,0.7428571428571429
675,10665,Brock Motum,Washington St.,0.7777777777777778,0.5987261146496815,0.3333333333333333,0.8275862068965517
676,10693,Jayson Guerrier,Albany,1.0,0.5263157894736842,0.6470588235294118,1.0
677,10698,Rodney McGruder,Kansas St.,0.8,0.5230769230769231,0.3835616438356164,0.98
678,10701,Martavious Irving,Kansas St.,0.0,0.3684210526315789,0.6,0.9473684210526315
679,10702,Jordan Henriquez,Kansas St.,0.6923076923076923,0.5689655172413793,0.6764705882352942,0.0
680,10709,Tim Frazier,Penn St.,0.25,0.08235294117647059,0.09375,0.37037037037037035
681,10710,Bill Edwards,Miami OH,0.0,0.0,0.3333333333333333,1.0
682,10711,Sasa Borovnjak,Penn St.,1.0,0.723404255319149,0.6923076923076923,0.0
683,10722,Michael Grace,Yale,0.0,0.2,0.2631578947368421,0.6
684,10726,Sean Johnson,Duquesne,1.0,0.5535714285714286,0.34285714285714286,0.9024390243902439
685,10727,Mfon Udofia,Georgia Tech,0.0,0.17647058823529413,0.09090909090909091,0.8571428571428571
686,10728,Glen Rice,Georgia Tech,0.5454545454545454,0.34210526315789475,0.2647058823529412,0.6666666666666666
687,10732,Andre Marhold,Duquesne,0.8095238095238095,0.6818181818181818,0.5833333333333334,0.0
688,10744,Jordon Crawford,Bowling Green,0.0,0.26785714285714285,0.1,0.6206896551724138
689,10761,Ryan Regis,NJIT,0.6666666666666666,0.7,0.875,0.0
690,10770,Cory Parker,Drake,0.0,0.0,0.0,0.0
691,10778,Ned Cox,Evansville,0.6666666666666666,0.47058823529411764,0.4722222222222222,0.967741935483871
692,10780,Colt Ryan,Evansville,0.0,0.3333333333333333,0.5657894736842105,0.9594594594594594
693,10782,Troy Taylor,Evansville,0.0,0.45454545454545453,0.6538461538461539,0.0
694,10784,John Underwood,Cal St. Fullerton,0.6,0.6666666666666666,0.0,0.0
695,10785,Tyler Stone,Southeast Missouri St.,0.9444444444444444,0.6413043478260869,0.5180722891566265,0.75
696,10800,Alec Williams,San Diego St.,0.0,0.8571428571428571,0.6923076923076923,0.4
697,10809,Darius Johnson-Odom,Marquette,0.7,0.40789473684210525,0.3157894736842105,0.8181818181818182
698,10831,Michael Snaer,Florida St.,0.7142857142857143,0.32075471698113206,0.0851063829787234,0.746268656716418
699,10844,Jeremy Sexton,Charleston Southern,0.0,0.45454545454545453,0.038461538461538464,0.8333333333333334
700,10847,Lijah Thompson,Robert Morris,0.9,0.6612903225806451,0.5625,0.0
701,10864,Mohamed Koita,Manhattan,0.6666666666666666,0.7058823529411765,0.5,1.0
702,10868,Lakeem Jackson,South Carolina,0.7142857142857143,0.2962962962962963,0.3125,0.0
703,10870,Reeves Nelson,UCLA,0.0,0.4,0.0,1.0
704,10872,Brian Barbour,Columbia,0.0,0.15555555555555556,0.06779661016949153,0.6571428571428571
705,10873,Mark Cisco,Columbia,1.0,0.5131578947368421,0.7368421052631579,0.0
706,10878,Isaiah Wilkerson,NJIT,0.0,0.23943661971830985,0.1836734693877551,0.8292682926829268
707,10905,Ryan Sypkens,UC Davis,0.0,0.0,0.0,0.5384615384615384
708,10908,Michael Morrison,George Mason,0.7027027027027027,0.5333333333333333,0.6111111111111112,0.0
709,10918,Terrell Vinson,Massachusetts,0.8333333333333334,0.5384615384615384,0.6774193548387096,0.9696969696969697
710,10937,Jake Houseknecht,St. Bonaventure,0.0,1.0,1.0,0.0
711,10943,Matt Sullivan,Brown,0.0,0.7777777777777778,0.23809523809523808,0.875
712,10944,Chase Simon,Detroit Mercy,0.5,0.4411764705882353,0.27419354838709675,0.8085106382978723
713,10945,Darien Brothers,Richmond,0.0,0.24324324324324326,0.2682926829268293,0.8382352941176471
714,10948,Aaron Smith,Elon,0.0,0.0,0.0,0.0
715,10959,Dorvell Carter,Marist,0.0,0.5,0.0,0.8571428571428571
716,10974,Jp Kuhlman,Davidson,0.0,0.26666666666666666,0.5641025641025641,0.8333333333333334
717,10984,Keith Rendleman,UNC Wilmington,0.6363636363636364,0.5154639175257731,0.44047619047619047,0.0
718,10987,Matt Wilson,UNC Wilmington,1.0,0.5882352941176471,0.375,0.0
719,10989,Edward Daniel,Murray St.,0.7391304347826086,0.6428571428571429,0.4444444444444444,1.0
720,10991,Billy Oliver,Penn St.,0.0,0.6,0.5,0.9714285714285714
721,11004,Ryan Haggerty,Milwaukee,1.0,0.8,1.0,0.8571428571428571
722,11017,Dru Anthrop,Purdue,0.0,0.0,1.0,0.0
723,11020,Donte Medder,Tulsa,0.0,0.0,0.0,1.0
724,11032,E.J. Singler,Oregon,0.6666666666666666,0.43478260869565216,0.375,0.9591836734693877
725,11037,Daniel Fisher,American,0.0,1.0,0.8333333333333334,0.0
726,11039,Blake Jolivette,American,0.0,0.2727272727272727,0.2,0.8235294117647058
727,11040,Daniel Munoz,American,0.0,0.13043478260869565,0.2777777777777778,0.8611111111111112
728,11042,Kerron Johnson,Belmont,0.0,0.07216494845360824,0.10526315789473684,0.7391304347826086
729,11043,Austin Morgan,Yale,0.0,0.2916666666666667,0.42857142857142855,0.9122807017543859
730,11045,Trevor Noack,Belmont,0.0,0.7272727272727273,0.25,1.0
731,11052,Robert Smith,UC Riverside,0.0,0.07142857142857142,0.0,0.7391304347826086
732,11060,Kenny Hall,Tennessee,0.6842105263157895,0.5106382978723404,0.23076923076923078,0.0
733,11063,Steven Pledger,Oklahoma,0.0,0.22580645161290322,0.34328358208955223,0.8055555555555556
734,11064,Andrew Fitzgerald,Oklahoma,1.0,0.5,0.7070707070707071,0.0
735,11071,Eric Williams,Niagara,1.0,1.0,0.0,0.0
736,11077,Sammy Schickel,NJIT,0.0,0.0,0.25,1.0
737,11084,James Vincent,Georgia St.,1.0,0.6071428571428571,0.5,0.0
738,11098,Erique Gumbs,Towson,0.75,0.2894736842105263,0.5,1.0
739,11101,Milton Jennings,Clemson,0.8181818181818182,0.5098039215686274,0.43902439024390244,1.0
740,11105,Rodney Williams,Minnesota,0.6612903225806451,0.6131386861313869,0.5161290322580645,0.5882352941176471
741,11110,Marshawn Powell,Arkansas,1.0,0.6428571428571429,1.0,0.0
742,11124,Chase Tapley,San Diego St.,0.0,0.3064516129032258,0.3684210526315789,0.8611111111111112
743,11130,James Watson,Kansas St.,0.0,0.0,0.0,0.0
744,11137,Dexter Strickland,North Carolina,0.6666666666666666,0.5882352941176471,0.5,0.0
745,11143,Xavier Roberson,South Alabama,0.0,1.0,0.125,0.9
746,11144,Claybrin McMath,Bryant,0.6666666666666666,0.42857142857142855,0.4444444444444444,1.0
747,11146,Vlad Kondratyev,Bryant,1.0,0.5,1.0,1.0
748,11147,Raphael Jordan,Bryant,0.0,0.4,0.09090909090909091,0.9411764705882353
749,11150,Scooter Gillette,Niagara,0.5833333333333334,0.5909090909090909,0.16666666666666666,0.0
750,11151,Carlton Smith,Navy,0.0,0.4666666666666667,0.3333333333333333,0.0
751,11159,Jordan Borucki,American,0.0,0.0,0.0,0.0
752,11160,Adam Brakeville,Air Force,1.0,1.0,0.0,0.0
753,11161,Kyle Green,Air Force,0.0,0.16666666666666666,0.25,0.9
754,11169,Joey Moreau,Florida St.,0.0,0.0,0.0,0.0
755,11173,Zeke Schneider,SIU Edwardsville,0.0,0.6666666666666666,0.0,0.0
756,11178,Jordan Burge,Murray St.,0.0,0.0,0.0,0.0
757,11185,Ryan Brooks,Rhode Island,0.5,0.6666666666666666,0.0,0.0
758,11213,David Jeune,North Florida,1.0,0.3333333333333333,0.5,1.0
759,11218,Andy Diaz,North Florida,0.75,0.6078431372549019,0.1875,0.0
760,11219,John Daniels,Columbia,0.6666666666666666,0.55,0.6666666666666666,0.0
761,11231,Matt Balkema,Eastern Michigan,1.0,0.6666666666666666,0.8888888888888888,0.0
762,11232,Quintin Dailey,Eastern Michigan,0.5,0.46153846153846156,0.42857142857142855,1.0
763,11243,Colin Nickerson,Fairfield,0.3333333333333333,0.5094339622641509,0.3333333333333333,0.7777777777777778
764,11248,Derek Needham,Fairfield,0.0,0.4782608695652174,0.14285714285714285,0.7638888888888888
765,11255,Stephen Shockley,Longwood,0.0,0.0,0.0,1.0
766,11273,Junior Cadougan,Marquette,0.0,0.2926829268292683,0.30434782608695654,1.0
767,11275,Derrick Nix,Michigan St.,0.9,0.648936170212766,0.42857142857142855,0.0
768,11299,Tim Kamczyc,Cleveland St.,0.0,0.8142857142857143,0.4666666666666667,0.9629629629629629
769,11316,Nate Zastrow,North Dakota St.,0.0,0.0,0.0,1.0
770,11333,Jacolby Wells,Mount St. Mary's,0.6666666666666666,0.7857142857142857,0.6,0.0
771,11337,Alex Osborne,Loyola Marymount,1.0,0.52,0.75,0.0
772,11338,Quincy Lawson,Loyola Marymount,0.6,0.7222222222222222,0.75,0.0
773,11339,Edgar Garibay,Loyola Marymount,0.0,0.2857142857142857,0.8,0.0
774,11340,Kelsey Chine,Loyola Marymount,0.0,0.0,0.0,0.0
775,11360,Marquel DeLancey,Old Dominion,0.0,0.2222222222222222,0.5555555555555556,0.75
776,11363,Nick Wright,Old Dominion,0.8,0.5555555555555556,0.5384615384615384,0.875
777,11365,Arthur Bouedo,Wyoming,0.0,0.2222222222222222,0.14285714285714285,0.8333333333333334
778,11369,Niyi Harrison,Santa Clara,0.75,0.5529411764705883,0.34615384615384615,0.0
779,11384,Kevin Laue,Manhattan,0.0,0.5,0.0,0.0
780,11386,Gabe Knutson,Lehigh,0.9090909090909091,0.5625,0.38461538461538464,1.0
781,11387,Holden Greiner,Lehigh,0.5555555555555556,0.391304347826087,0.4782608695652174,0.95
782,11392,A.J. Walton,Baylor,0.0,0.2916666666666667,0.26666666666666666,1.0
783,11406,Sherwood Brown,Florida Gulf Coast,0.5,0.4426229508196721,0.22727272727272727,0.9285714285714286
784,11418,Carter Cook,USC Upstate,0.0,0.5,0.5,1.0
785,11425,Justin Cobbs,California,0.2,0.3,0.24285714285714285,0.7307692307692307
786,11435,Jack Cooley,Notre Dame,0.8461538461538461,0.6870229007633588,0.8148148148148148,0.0
787,11436,Mike Broghammer,Notre Dame,1.0,0.5333333333333333,1.0,0.0
788,11437,Adrian Powell,North Carolina A&T,1.0,0.5689655172413793,0.4090909090909091,0.875
789,11439,DaMetrius Upchurch,North Carolina A&T,0.6,0.42857142857142855,0.4,0.0
790,11442,Bilal Dixon,Providence,1.0,0.7647058823529411,0.7777777777777778,0.0
791,11454,Kj Sherrill,Charlotte,1.0,0.6363636363636364,0.5,0.0
792,11455,Derrio Green,Charlotte,0.75,0.375,0.2727272727272727,0.8064516129032258
793,11461,Ceola Clark,Western Illinois,0.0,0.1111111111111111,0.15625,0.6867469879518072
794,11466,Garlon Green,TCU,0.6111111111111112,0.5365853658536586,0.43478260869565216,0.8947368421052632
795,11469,Daniel Calandrillo,Bryant,0.0,0.2727272727272727,0.3,1.0
796,11470,Tyler Griffey,Illinois,0.6666666666666666,0.34615384615384615,0.47058823529411764,1.0
797,11471,Brandon Paul,Illinois,0.2777777777777778,0.22448979591836735,0.14285714285714285,0.6111111111111112
798,11472,Russell Johnson,Robert Morris,1.0,0.5121951219512195,0.5333333333333333,0.9629629629629629
799,11480,Brian Neller,UMBC,0.0,0.14285714285714285,0.3333333333333333,0.8271604938271605
800,11482,Coron Williams,Robert Morris,0.0,0.5833333333333334,0.42424242424242425,0.9195402298850575
801,11484,D.J. Richardson,Illinois,1.0,0.4117647058823529,0.23809523809523808,0.9295774647887324
802,11497,Mike Hart,Gonzaga,0.0,0.6153846153846154,0.0,0.6666666666666666
803,11507,Jordan Turner,Pacific,0.0,0.0,1.0,1.0
804,11519,Zeke Marshall,Akron,0.8214285714285714,0.7319587628865979,0.782608695652174,0.0
805,11551,Danny Nieman,Coastal Carolina,0.0,0.0,0.0,0.8
806,11552,Quincy Diggs,Akron,1.0,0.18181818181818182,0.1111111111111111,0.6206896551724138
807,11580,Kevin Woods,Utah Valley,0.0,0.25,0.3125,0.0
808,11591,Jairus Simms,High Point,0.0,0.0,0.05,1.0
809,11616,Chris Fouch,Drexel,0.0,0.4166666666666667,0.29411764705882354,0.9538461538461539
810,11619,Demetric Williams,Wichita St.,0.5,0.36363636363636365,0.17647058823529413,0.9444444444444444
811,11633,Drew Baker,Chattanooga,0.5,0.5,0.0,0.0
812,11635,Mitchell Young,Saint Mary's,1.0,0.6363636363636364,0.4375,0.0
813,11646,Eitan Chemerinski,Cornell,0.0,0.5517241379310345,0.3,0.0
814,11650,Derick Flowers,UC Irvine,0.0,0.1724137931034483,0.5,0.7586206896551724
815,11654,Mark Lyons,Xavier,1.0,0.25555555555555554,0.10714285714285714,0.6379310344827587
816,11660,Nick Jordan,Central Michigan,0.0,0.0,0.0,0.0
817,11670,J'Covan Brown,Texas,0.0,0.25,0.2891566265060241,0.6375
818,11676,Brandon Peterson,Arkansas St.,0.875,0.4931506849315068,0.5925925925925926,1.0
819,11681,Adam Sterrenberg,Arkansas St.,0.0,0.0,0.0,1.0
820,11687,John Dickson,Sacramento St.,0.7777777777777778,0.48214285714285715,0.6,0.6666666666666666
821,11694,Caleb Patterson,Missouri St.,0.0,0.4444444444444444,0.5555555555555556,1.0
822,11698,Solomon Hill,Arizona,0.4166666666666667,0.25301204819277107,0.0967741935483871,0.918918918918919
823,11702,Lamont Jones,Iona,0.0,0.4523809523809524,0.18333333333333332,0.8301886792452831
824,11704,Ebuka Anyaorah,North Carolina Central,0.6666666666666666,0.47619047619047616,1.0,0.8387096774193549
825,11711,Matt Grogan,Hofstra,0.0,0.0,1.0,1.0
826,11713,David Imes,Hofstra,1.0,0.4,0.8043478260869565,1.0
827,11715,Joe Henson,San Jose St.,0.0,0.0,0.0,0.0
828,11717,Chris Jones,San Jose St.,0.0,0.64,0.8571428571428571,0.0
829,11719,Aalim Moor,San Jose St.,0.0,0.0,0.6666666666666666,0.6666666666666666
830,11725,Jay Reynolds,Presbyterian,1.0,0.8974358974358975,1.0,0.0
831,11739,Ivo Baltic,Ohio,0.75,0.3974358974358974,0.4117647058823529,1.0
832,11748,Andrew Pavloff,William & Mary,0.0,0.6666666666666666,0.0,1.0
833,11750,Matt Rum,William & Mary,0.0,0.2916666666666667,0.2,0.868421052631579
834,11753,Reggie Keely,Ohio,0.8125,0.6138613861386139,0.47619047619047616,0.0
835,11767,Glenn Powell,Jacksonville,0.7777777777777778,0.6442307692307693,0.6046511627906976,0.0
836,11774,Ja'Rob McCallum,Milwaukee,0.0,0.0,0.6666666666666666,1.0
837,11778,Ovie Soko,UAB,0.6875,0.4189189189189189,0.3157894736842105,0.0
838,11788,Darius Conley,Saint Peter's,0.8333333333333334,0.6179775280898876,0.7777777777777778,0.0
839,11799,Velton Jones,Robert Morris,0.0,0.13793103448275862,0.09090909090909091,0.75
840,11801,Jeff Robinson,Xavier,0.6956521739130435,0.6222222222222222,0.8,0.0
841,11822,Terrence Turner,Jacksonville St.,0.0,0.0,0.0,0.0
842,11826,Jeremy Harn,UNC Asheville,1.0,0.6666666666666666,1.0,0.0
843,11833,Chalmers Rogers,USC Upstate,0.0,0.3333333333333333,0.5,1.0
844,11839,Kierre Greenwood,Coastal Carolina,0.0,0.09523809523809523,0.0,0.8823529411764706
845,11848,David Hinton,VCU,0.0,0.0,1.0,0.0
846,11858,John Jenkins,Vanderbilt,1.0,0.5106382978723404,0.3333333333333333,0.7089552238805971
847,11861,Will Townsville,Delaware,0.0,0.0,0.0,0.0
848,11869,Jamelle Hagins,Delaware,0.6585365853658537,0.46601941747572817,0.21153846153846154,0.0
849,11873,Josh Brinkley,Delaware,0.6666666666666666,0.4411764705882353,0.3235294117647059,0.0
850,11874,Brandon Ubel,Nebraska,1.0,0.7307692307692307,0.46511627906976744,1.0
851,11876,Jordan Reves,UT Arlington,0.8125,0.5301204819277109,0.3125,0.0
852,11878,Trey Finn,Arkansas St.,0.0,0.10344827586206896,0.11764705882352941,0.7377049180327869
853,11879,Elias Harris,Gonzaga,0.7619047619047619,0.5204081632653061,0.3888888888888889,0.8620689655172413
854,11896,Will Cherry,Montana,0.16666666666666666,0.2028985507246377,0.10810810810810811,0.6862745098039216
855,11908,D.J. Cooper,Ohio,0.0,0.2,0.045454545454545456,0.5138888888888888
856,11911,James Kinney,San Jose St.,0.0,0.35,0.325,0.8823529411764706
857,11915,David McKinley,Ohio,0.0,0.0,0.0,0.0
858,11933,Kenny Gabriel,Auburn,0.5588235294117647,0.5909090909090909,0.6486486486486487,0.9302325581395349
859,11934,Rob Chubb,Auburn,1.0,0.7291666666666666,0.6545454545454545,0.0
860,11938,Corey Person,Michigan,0.0,0.25,0.0,0.0
861,11945,Trevor Deloach,UNC Wilmington,0.0,0.35714285714285715,0.29411764705882354,1.0
862,11954,Dan Stockdale,North Dakota,0.0,0.0,0.0,0.0
863,11972,Vincent Council,Providence,0.0,0.20512820512820512,0.19480519480519481,0.4482758620689655
864,11975,Chris Carter,Providence,0.0,1.0,0.0,1.0
865,11988,Demitrius Conger,St. Bonaventure,0.8333333333333334,0.379746835443038,0.2,0.8571428571428571
866,11990,Marquise Simmons,St. Bonaventure,0.0,0.0,0.0,0.0
867,11992,Josh Figini,Cornell,1.0,0.8125,0.75,1.0
868,11997,Ben Crenca,Vermont,1.0,0.5555555555555556,0.75,0.0
869,12003,Cervante Burrell,Seattle,0.0,0.2,0.18181818181818182,0.0
870,12005,Tony Fiegen,South Dakota St.,1.0,0.6666666666666666,0.5142857142857142,0.0
871,12006,Chad White,South Dakota St.,1.0,0.45161290322580644,0.5,0.9795918367346939
872,12007,Nate Wolters,South Dakota St.,0.25,0.22900763358778625,0.037037037037037035,0.3333333333333333
873,12008,Marc Sonnen,Northern Iowa,0.0,0.4117647058823529,0.3181818181818182,0.8727272727272727
874,12018,Sam Smithson,Western Carolina,1.0,0.5,0.0,0.0
875,12024,Chris Eversley,Cal Poly,0.6666666666666666,0.3137254901960784,0.55,0.95
876,12029,Tamir Jackson,Rice,0.0,0.28846153846153844,0.13793103448275862,0.8928571428571429
877,12035,Aj Atkinson,Davidson,0.0,1.0,0.0,0.0
878,12045,Ethan Wragge,Creighton,0.0,0.42857142857142855,1.0,1.0
879,12051,Andrew Smith,Butler,1.0,0.6741573033707865,0.625,0.8947368421052632
880,12054,Andrew Zimmermann,Stanford,1.0,0.5357142857142857,0.6818181818181818,0.8
881,12055,Gabriel Harris,Stanford,0.0,0.2,0.3333333333333333,0.6666666666666666
882,12058,Chris Smith,Mercer,0.0,0.35714285714285715,0.2,0.8888888888888888
883,12067,JayDee Luster,Wyoming,0.0,0.16666666666666666,0.0,0.7894736842105263
884,12075,Abdul Gaddy,Washington,0.0,0.32432432432432434,0.11764705882352941,0.7586206896551724
885,12078,Vincent Williams,Georgia,0.0,0.16666666666666666,0.125,0.7692307692307693
886,12079,Terrell Barnes,Tennessee Tech,0.0,0.48148148148148145,0.6666666666666666,0.0
887,12084,Isaac Brown,Florida A&M,0.0,0.0,0.0,1.0
888,12114,Toarlyn Fitzpatrick,South Florida,0.6666666666666666,0.6304347826086957,0.6363636363636364,0.95
889,12119,Cor-J Cox,Mississippi Valley St.,0.717391304347826,0.5959595959595959,0.5652173913043478,0.896551724137931
890,12138,Hauns Brereton,Hawaii,0.5,0.6071428571428571,0.4166666666666667,0.8888888888888888
891,12152,Deniz Kilicli,West Virginia,0.7222222222222222,0.6063829787234043,0.6428571428571429,0.0
892,12156,Maurice Kemp,East Carolina,0.5714285714285714,0.6122448979591837,0.5945945945945946,1.0
893,12165,Gary Martin,Fairfield,0.0,1.0,0.0,1.0
894,12166,Aaron Clayborn,Texas Southern,0.6666666666666666,0.35135135135135137,0.5833333333333334,0.0
895,12171,Matt Lyde-Cajuste,Syracuse,0.0,0.0,0.0,0.0
896,12183,Kevin Dukes,Bethune Cookman,0.0,0.14285714285714285,0.16666666666666666,0.7528089887640449
897,12186,Richard Howell,N.C. State,0.6875,0.48360655737704916,0.4166666666666667,0.0
898,12193,Joey Brooks,Notre Dame,1.0,0.3076923076923077,0.5833333333333334,1.0
899,12196,Jonathan Lee,Northeastern,0.5,0.29508196721311475,0.075,0.74
900,12199,Adam Young,Cal St. Bakersfield,0.0,0.5454545454545454,0.6,0.9130434782608695
901,12210,Courtney Jackson,Little Rock,0.7692307692307693,0.4375,0.5555555555555556,1.0
902,12212,Tomas Bruha,Tulane,0.5,0.4166666666666667,0.0,0.0
903,12216,Baxter Price,Mississippi St.,0.0,0.0,0.0,0.0
904,12227,Brandon Davies,BYU,0.7878787878787878,0.5652173913043478,0.47674418604651164,1.0
905,12231,Shaquil Barber,South Carolina St.,0.0,0.4,0.5217391304347826,1.0
906,12238,Drew Valentine,Oakland,0.75,0.6022727272727273,0.2631578947368421,0.9428571428571428
907,12257,Sean McCarthy,NJIT,0.0,0.6666666666666666,1.0,0.0
908,12267,Mike Bersch,American,0.0,0.0,0.0,0.8888888888888888
909,12270,Greg Robbins,Richmond,1.0,0.4782608695652174,0.2,1.0
910,12272,Jonathan Benjamin,Richmond,0.0,0.0,0.0,0.0
911,12275,Roosevelt Johnson,Southeastern Louisiana,1.0,0.5352112676056338,0.4473684210526316,0.0
912,12278,Mason Plumlee,Duke,0.7857142857142857,0.5925925925925926,0.2,0.0
913,12292,Zach Fields,Ball St.,0.0,0.7,0.3333333333333333,0.0
914,12298,Ronald Spencer,Maryland Eastern Shore,1.0,0.5588235294117647,0.6923076923076923,0.0
915,12299,C.J. Harris,Wake Forest,0.0,0.2631578947368421,0.0851063829787234,0.7346938775510204
916,12301,Torin Walker,Middle Tennessee,0.0,0.75,1.0,0.0
917,12305,J.R. Weston,Stetson,0.0,0.0,0.0,1.0
918,12307,Will Donahue,Cal Poly,0.0,0.6206896551724138,0.8571428571428571,0.0
919,12311,Aaron Ingle,Wake Forest,0.0,0.0,0.0,0.0
920,12312,Ryan Keenan,Wake Forest,0.0,0.0,0.0,1.0
921,12318,Peter McMillan,Cornell,0.0,0.0,0.0,0.0
922,12319,Miles Asafo-Adjei,Cornell,0.0,0.16666666666666666,0.0,0.0
923,12321,Ben Averkamp,Loyola Chicago,0.5,0.5535714285714286,0.5405405405405406,1.0
924,12323,Charles Winborne,Louisiana Monroe,1.0,0.35294117647058826,0.47058823529411764,0.9074074074074074
925,12334,Phil Beans,Holy Cross,0.75,0.8055555555555556,0.4444444444444444,1.0
926,12337,Matt Kenney,Valparaiso,1.0,0.41509433962264153,0.16666666666666666,0.7777777777777778
927,12339,Justin Blake,Austin Peay,0.0,0.0,0.0,0.9545454545454546
928,12342,Griffin Hoffmann,Syracuse,0.0,0.0,0.0,1.0
929,12344,Nick Resavy,Syracuse,0.0,0.0,1.0,0.0
930,12345,James Southerland,Syracuse,0.7857142857142857,0.6129032258064516,0.6428571428571429,0.9459459459459459
931,12347,Nathan Healy,Appalachian St.,0.0,0.5277777777777778,0.5833333333333334,0.9333333333333333
932,12349,Ken Rancifer,San Diego,0.6666666666666666,0.5,0.38235294117647056,0.9473684210526315
933,12355,Chris Manresa,San Diego,1.0,0.8518518518518519,0.5116279069767442,0.0
934,12358,Robert Crawford,Central Arkansas,0.75,0.36363636363636365,0.4666666666666667,0.8529411764705882
935,12361,Dewan Clayborn,Central Arkansas,0.0,0.3,0.5,0.8666666666666667
936,12362,Chris Henson,Central Arkansas,0.0,1.0,0.8,1.0
937,12365,Aaron Geramipoor,Seton Hall,0.8333333333333334,0.5625,0.0,0.0
938,12382,Stallon Saldivar,Northern Arizona,0.0,0.2727272727272727,0.0,0.8636363636363636
939,12383,Rob Johnson,Norfolk St.,1.0,0.4,0.42857142857142855,0.7857142857142857
940,12385,Michael Dunn,Northern Arizona,0.6666666666666666,0.25,0.36363636363636365,0.95
941,12387,Mathias Ward,Montana,0.8571428571428571,0.7321428571428571,0.7647058823529411,0.9
942,12395,Chase Dunn,Tennessee Tech,0.0,0.4,0.0,0.8666666666666667
943,12396,Jud Dillard,Tennessee Tech,0.8095238095238095,0.6198347107438017,0.3877551020408163,0.8571428571428571
944,12422,Malik Thomas,Boston University,0.5,0.55,0.5555555555555556,1.0
945,12470,Cameron Catlett,UT Arlington,0.0,0.1,0.18181818181818182,1.0
946,12473,Cedric Smith,Savannah St.,0.5,0.391304347826087,0.375,0.0
947,12482,Patrick Mitchell,North Dakota,1.0,0.7727272727272727,0.47368421052631576,0.9464285714285714
948,12483,Mike Mathison,North Dakota,1.0,1.0,0.0,1.0
949,12495,Dera Nd-Ezuma,Rider,1.0,0.5,0.3333333333333333,0.0
950,12505,Jauwan Scaife,Ball St.,0.0,0.14285714285714285,0.4444444444444444,0.8857142857142857
951,12512,Luis Flores,Northern Arizona,0.0,1.0,1.0,0.6666666666666666
952,12514,Gabe Rogers,Northern Arizona,0.0,0.14285714285714285,0.5142857142857142,0.72
953,12522,James Erger,Bowling Green,0.0,0.0,0.5,1.0
954,12523,Scott Christopherson,Iowa St.,0.0,0.36666666666666664,0.13157894736842105,0.8208955223880597
955,12548,Bakari Taylor,Hampton,1.0,1.0,0.0,0.0
956,12552,Jordan Springer,Army,0.75,0.6285714285714286,0.09090909090909091,0.0
957,12563,Michael Craion,Oral Roberts,0.6,0.525,0.25,0.0
958,12566,Mikey Manghum,Oral Roberts,0.0,0.5,0.0,0.8421052631578947
959,12567,Damen Bell-Holter,Oral Roberts,1.0,0.5416666666666666,0.42857142857142855,0.8333333333333334
960,12569,Roderick Pearson Jr.,Oral Roberts,0.0,0.23529411764705882,0.35294117647058826,0.9473684210526315
961,12583,Brock Zylstra,BYU,1.0,0.43333333333333335,0.6,0.9583333333333334
962,12594,Ralph Sampson III,Minnesota,0.7857142857142857,0.6590909090909091,0.7333333333333333,0.0
963,12601,Michael Lyons,Air Force,0.625,0.5471698113207547,0.42857142857142855,0.9090909090909091
964,12602,Tyler Thalken,Denver,0.0,0.6666666666666666,0.0,1.0
965,12614,Chris Flores,NJIT,0.0,0.2692307692307692,0.4,0.66
966,12617,Zak Estes,Richmond,0.0,1.0,0.0,0.0
967,12631,Khris Middleton,Texas A&M,0.5,0.4583333333333333,0.33962264150943394,0.8947368421052632
968,12647,Keegan Bell,Chattanooga,0.0,0.38461538461538464,0.0,0.5333333333333333
969,12653,Brian Fitzpatrick,Bucknell,1.0,0.5853658536585366,0.25,0.0
970,12657,Torye Pelham,Southern Miss,0.7586206896551724,0.6078431372549019,0.23529411764705882,1.0
971,12659,Angelo Johnson,Southern Miss,0.0,0.0975609756097561,0.07142857142857142,0.7407407407407407
972,12661,Kyryl Natyazhko,Arizona,0.0,0.0,0.7142857142857143,1.0
973,12662,Kevin Parrom,Arizona,0.0,0.5625,0.0,0.9285714285714286
974,12666,Nate Hutcheson,Western Michigan,0.75,0.5405405405405406,0.2857142857142857,0.8780487804878049
975,12667,Brandon Pokley,Western Michigan,0.0,0.25,1.0,0.96
976,12668,Eric May,Iowa,0.8333333333333334,0.6363636363636364,0.2,1.0
977,12671,Khalid Mutakabbir,Presbyterian,0.3333333333333333,0.35714285714285715,0.07142857142857142,0.8275862068965517
978,12672,Ryan Hargrave,Presbyterian,0.0,1.0,0.25,1.0
979,12690,Josh Wallace,Auburn,0.0,0.038461538461538464,0.0,1.0
980,12691,Tony Neysmith,Auburn,0.0,0.0,0.0,0.0
981,12695,Bryan Bynes,George Washington,1.0,0.2631578947368421,0.26666666666666666,0.9090909090909091
982,12696,Ed Rolax,Florida Gulf Coast,0.0,0.5,0.0,1.0
983,12699,Erick Smith,Bryant,0.0,0.2222222222222222,0.42857142857142855,1.0
984,12701,Hakim McCullar,Delaware,0.0,0.5555555555555556,0.16666666666666666,0.0
985,12704,Brendan McNulty,Delaware,0.0,0.0,0.0,0.0
986,12705,Luke Wandrusch,Loyola MD,0.0,0.0,0.0,0.0
987,12706,Jeronne Maymon,Tennessee,0.6666666666666666,0.6017699115044248,0.4166666666666667,0.0
988,12721,Raymond Gregory,Jackson St.,0.0,0.14285714285714285,0.5,0.0
989,12725,Christian Williams,Jackson St.,0.0,0.09375,0.12,0.64
990,12726,Jonathan Lewis,Jackson St.,0.0,0.0,0.0,0.6428571428571429
991,12731,Madison Davis,UNC Asheville,0.0,1.0,0.0,0.0
992,12734,David Minaya,Liberty,0.0,0.37209302325581395,0.5375,0.9375
993,12736,Antwan Burrus,Liberty,0.6666666666666666,0.4875,0.6666666666666666,1.0
994,12737,Darren White,Campbell,0.5757575757575758,0.40425531914893614,0.46,0.926829268292683
995,12738,Trevon Flores,James Madison,0.0,0.25,0.0,0.0
996,12739,Alioune Diouf,James Madison,1.0,0.5714285714285714,0.5714285714285714,0.6666666666666666
997,12747,Ryan Schrotenboer,Wagner,0.0,1.0,0.0,0.0
998,12765,Steven Cunningham,Troy,0.7142857142857143,0.4878048780487805,0.0,0.8
999,12770,Todd Fletcher,Air Force,0.0,0.6086956521739131,0.4,0.875
1000,12771,Mike Fitzgerald,Air Force,1.0,0.5526315789473685,0.38461538461538464,1.0
1001,12773,Ryan Watts,Alabama St.,0.0,0.35714285714285715,0.28,0.8636363636363636
1002,12777,Jamaal Trice,Appalachian St.,1.0,0.2413793103448276,0.18181818181818182,0.8292682926829268
1003,12788,Jonathon Thompson,Rider,0.5,0.2571428571428571,0.06666666666666667,0.6451612903225806
1004,12811,Tyler Hall,North Texas,0.0,0.5,0.3333333333333333,1.0
1005,12817,Brian Cole,UNC Greensboro,0.0,1.0,0.0,1.0
1006,12826,Joe Burton,Oregon St.,0.0,0.5436893203883495,0.3333333333333333,1.0
1007,12830,George Beamon,Manhattan,0.8,0.5247524752475248,0.2708333333333333,0.9508196721311475
1008,12833,Jacob Holmen,North Texas,0.0,0.42857142857142855,0.23333333333333334,0.8461538461538461
1009,12847,Dean Melchionni,Texas,0.0,0.0,0.0,0.0
1010,12851,Rashad Hassan,Savannah St.,1.0,0.6146788990825688,0.5306122448979592,0.7142857142857143
1011,12876,Eddie Ludwig,LSU,0.0,0.5,0.16666666666666666,1.0
1012,12877,Lawrence Johnson-Danner,Texas Southern,0.0,0.125,0.26666666666666666,0.8333333333333334
1013,12878,Matt LaBove,Dartmouth,1.0,0.2222222222222222,0.6875,0.0
1014,12900,Rob Wilson,Wisconsin,0.0,0.3333333333333333,0.5333333333333333,0.96
1015,12909,Corey Law,High Point,0.6666666666666666,0.4691358024691358,0.4,0.0
1016,12915,Teddy Schickel,NJIT,0.0,0.0,0.0,0.0
1017,12921,R.J. Griffin,Dartmouth,0.0,0.25,0.38461538461538464,0.9047619047619048
1018,12925,Ryan Broekhoff,Valparaiso,0.625,0.3,0.2857142857142857,0.9692307692307692
1019,12929,Jeremie Mitchell,McNeese St.,0.0,0.5652173913043478,0.08333333333333333,0.9166666666666666
1020,12931,Austin Johnson,Rutgers,0.0,0.6666666666666666,0.3333333333333333,0.0
1021,12932,Dane Miller,Rutgers,0.8666666666666667,0.43283582089552236,0.21052631578947367,0.9090909090909091
1022,12947,J.D. Wise,Wisconsin,0.0,0.0,0.5,1.0
1023,12951,Jabari Joyner,Delaware St.,0.0,0.0,0.0,0.0
1024,12957,Warren Niles,Oral Roberts,1.0,0.30434782608695654,0.4,0.9206349206349206
1025,12968,Chris Gaston,Fordham,0.7857142857142857,0.6218487394957983,0.4426229508196721,1.0
1026,12982,Reggie Revels,Norfolk St.,0.0,0.0,0.0,0.0
1027,12983,Kris Brown,Norfolk St.,0.0,0.0,0.0,1.0
1028,12984,Brandon Wheeless,Norfolk St.,0.0,0.20408163265306123,0.625,0.9230769230769231
1029,12986,Chris Matagrano,New Hampshire,0.0,0.5555555555555556,0.625,1.0
1030,12999,LaQuentin Miles,Central Arkansas,0.44,0.2549019607843137,0.22580645161290322,0.0
1031,13000,Lucas Nutt,Southeast Missouri St.,0.0,0.0,0.0,0.8947368421052632
1032,13003,Marland Smith,Southeast Missouri St.,0.0,0.3888888888888889,0.42857142857142855,0.9672131147540983
1033,13011,Jamal Crook,Western Kentucky,0.0,0.22033898305084745,0.34545454545454546,0.7142857142857143
1034,13015,Jordan Swing,UAB,0.5,0.20833333333333334,0.36,0.7708333333333334
1035,13018,Dylan Talley,Nebraska,0.0,0.09090909090909091,0.16,0.8421052631578947
1036,13019,Taylor Johnston,Binghamton,0.0,0.7142857142857143,0.5,0.8333333333333334
1037,13022,David Brown,Western Michigan,0.0,0.4,0.0,1.0
1038,13028,Spencer Dixon,Kennesaw St.,0.0,0.5161290322580645,0.02702702702702703,0.7222222222222222
1039,13032,Markeith Cummings,Kennesaw St.,0.6,0.44660194174757284,0.48484848484848486,0.95
1040,13043,Nick Gore,VMI,0.0,0.52,0.25,1.0
1041,13047,Doug Browman,Virginia,0.0,0.0,1.0,0.6666666666666666
1042,13055,Ryan Baker,Hartford,0.0,0.0,0.0,0.8333333333333334
1043,13056,Treadwell Lewis,Robert Morris,0.0,0.0,0.0,0.0
1044,13067,Terry Johnson,Green Bay,0.0,0.3,0.06666666666666667,0.8571428571428571
1045,13084,Kevin Winford,Eastern Washington,0.0,0.2,0.3333333333333333,1.0
1046,13097,Nick Greenbacker,Sacred Heart,0.0,0.6363636363636364,1.0,0.9375
1047,13102,Carl Jones,Saint Joseph's,0.0,0.21739130434782608,0.1111111111111111,0.7096774193548387
1048,13123,Jamee Jackson,Quinnipiac,0.6,0.47058823529411764,0.6923076923076923,0.0
1049,13126,Oliver Brown,Mount St. Mary's,0.0,0.5,0.0,0.0
1050,13133,Dave Johnson,Quinnipiac,0.0,0.10526315789473684,0.21739130434782608,0.9
1051,13138,Stephawn Brown,Alabama St.,0.0,0.2857142857142857,0.5384615384615384,1.0
1052,13160,Lawrence Smith,North Carolina A&T,0.0,0.42857142857142855,0.7142857142857143,0.0
1053,13164,Connor Osborne,Northern Colorado,0.8571428571428571,0.7115384615384616,0.3333333333333333,0.0
1054,13166,Cody Ellis,Saint Louis,0.0,0.6086956521739131,0.6428571428571429,0.9552238805970149
1055,13167,Andrew Dick,Texas,0.0,0.0,0.0,0.0
1056,13171,R.J. Buck,North Carolina A&T,0.7777777777777778,0.46808510638297873,0.4,0.0
1057,13175,Jamell Harris,Eastern Michigan,0.8333333333333334,0.6363636363636364,0.6206896551724138,1.0
1058,13186,Jordan Boots,South Dakota,0.0,0.5714285714285714,0.4,0.8636363636363636
1059,13192,Douglas Davis,Princeton,0.0,0.4166666666666667,0.1956521739130435,0.7272727272727273
1060,13196,Dontae Cannon,McNeese St.,0.3333333333333333,0.22413793103448276,0.07142857142857142,0.7407407407407407
1061,13213,Tashan Fredrick,Tennessee St.,0.0,0.3333333333333333,0.6666666666666666,0.0
1062,13215,Robert Covington,Tennessee St.,0.7586206896551724,0.5463917525773195,0.2702702702702703,0.9166666666666666
1063,13223,Mike Tuitt,Hampton,0.0,0.13636363636363635,0.0,0.47058823529411764
1064,13224,Koron Reed,Hampton,1.0,1.0,0.0,0.0
1065,13243,Lavanne Pennington,San Jose St.,1.0,0.3333333333333333,0.3333333333333333,1.0
1066,13259,Maurice Bolden,Southern Miss,0.8,0.42424242424242425,0.46296296296296297,1.0
1067,13264,Chaz Williams,Massachusetts,0.0,0.18,0.09090909090909091,0.5
1068,13272,Ryan Evans,Wisconsin,0.5555555555555556,0.5178571428571429,0.4470588235294118,1.0
1069,13273,Jared Berggren,Wisconsin,0.7333333333333333,0.4117647058823529,0.42857142857142855,0.9777777777777777
1070,13289,Peyton Siva,Louisville,0.1111111111111111,0.16883116883116883,0.1111111111111111,0.8235294117647058
1071,13291,Joe Belcaster,DePaul,0.0,0.0,0.0,1.0
1072,13292,Brett Ervin,Elon,0.0,0.5,0.36363636363636365,0.9583333333333334
1073,13294,Keith Fuetsch,Nevada,0.0,0.0,0.0,1.0
1074,13295,Patrick Nyeko,Nevada,0.0,0.5,1.0,1.0
1075,13304,Halil Kanacevic,Saint Joseph's,0.5882352941176471,0.43478260869565216,0.3333333333333333,0.8
1076,13316,James Gallman,Middle Tennessee,0.0,0.3333333333333333,0.2,0.9166666666666666
1077,13318,Jt Sulton,Middle Tennessee,0.8181818181818182,0.7021276595744681,0.6,0.0
1078,13324,Johnathan Gray,Cornell,0.0,0.5142857142857142,0.35714285714285715,0.8620689655172413
1079,13325,Adrian Satchell,UMBC,0.0,0.4444444444444444,0.6,1.0
1080,13334,Tim Williams,Saint Mary's,1.0,0.75,0.0,1.0
1081,13335,Trey Anderson,South Alabama,0.0,0.13793103448275862,0.19047619047619047,0.8571428571428571
1082,13352,Bryce Clark,Arkansas St.,0.0,0.5,0.5,1.0
1083,13357,Kirk Van Slyke,Houston,0.0,0.46153846153846156,0.6,1.0
1084,13358,Nik Cochran,Davidson,0.0,0.10810810810810811,0.2222222222222222,0.8478260869565217
1085,13359,Jake Cohen,Davidson,0.6,0.4838709677419355,0.3076923076923077,1.0
1086,13362,Maalik Wayns,Villanova,0.0,0.11594202898550725,0.10638297872340426,0.6511627906976745
1087,13363,Mouphtaou Yarou,Villanova,0.8888888888888888,0.6060606060606061,0.7719298245614035,1.0
1088,13365,Chris Johnson,Saint Francis,0.0,0.25,0.0,1.0
1089,13368,Tony Peters,Saint Francis,0.0,0.7272727272727273,0.5625,1.0
1090,13369,Anthony Ervin,Saint Francis,0.0,0.3617021276595745,0.6296296296296297,0.9210526315789473
1091,13370,Kelsey Barlow,Purdue,0.14285714285714285,0.08,0.2,0.875
1092,13396,Kyle Barone,Idaho,0.7428571428571429,0.6534653465346535,0.4444444444444444,0.0
1093,13404,Terence Jones,Texas A&M Corpus Chris,0.0,0.16666666666666666,0.4838709677419355,0.8676470588235294
1094,13406,Javier Carter,South Alabama,0.6842105263157895,0.475,0.5789473684210527,0.0
1095,13407,Alex Marcotullio,Northwestern,0.0,0.6,0.0,1.0
1096,13408,Reggie Hearn,Northwestern,0.25,0.5714285714285714,0.375,0.9166666666666666
1097,13421,Aaron Pogue,Cleveland St.,1.0,0.6842105263157895,0.5185185185185185,1.0
1098,13425,Trevon Harmon,Cleveland St.,1.0,0.4807692307692308,0.3125,0.7941176470588235
1099,13429,Eddie Murray,Florida Gulf Coast,0.8,0.7704918032786885,0.8181818181818182,1.0
1100,13433,Louis Green,Seattle,1.0,0.6956521739130435,0.18181818181818182,0.0
1101,13444,Joel Smith,Northeastern,0.3333333333333333,0.5555555555555556,0.38461538461538464,0.8611111111111112
1102,13453,Raven Barber,Mount St. Mary's,0.95,0.7246376811594203,0.4444444444444444,0.0
1103,13458,Yvon Raymond,Saint Peter's,0.16666666666666666,0.26582278481012656,0.25,1.0
1104,13463,Jake Koch,Northern Iowa,0.0,0.21739130434782608,0.391304347826087,0.8611111111111112
1105,13466,Demetrius Walker,New Mexico,1.0,0.4782608695652174,0.42857142857142855,0.9259259259259259
1106,13468,Marcellus Jackson,Prairie View A&M,0.6666666666666666,0.4666666666666667,0.2727272727272727,0.0
1107,13469,Trent Lockett,Arizona St.,0.2857142857142857,0.3287671232876712,0.3076923076923077,0.9047619047619048
1108,13471,Victor Rudd,South Florida,0.5294117647058824,0.5238095238095238,0.2916666666666667,0.8372093023255814
1109,13479,Russell Powell,Jacksonville,0.0,0.18181818181818182,0.11627906976744186,0.8571428571428571
1110,13485,Donley Minor,Lamar,0.0,0.4444444444444444,0.6363636363636364,1.0
1111,13488,Stan Brown,Lamar,0.6,0.41935483870967744,0.52,0.0
1112,13507,Garrett Johnson,Fresno St.,0.0,0.38095238095238093,0.2,0.9444444444444444
1113,13508,Mitch Wilmer,North Dakota,1.0,0.8888888888888888,0.6666666666666666,0.0
1114,13509,Jordan Allard,North Dakota,0.0,0.5769230769230769,0.6666666666666666,1.0
1115,13510,Nick Haugen,North Dakota,0.0,0.0,0.0,1.0
1116,13512,Spencer Goodman,North Dakota,0.0,0.5,0.0,1.0
1117,13515,LaMarcus Reed,UT Arlington,0.75,0.4533333333333333,0.21621621621621623,0.9032258064516129
1118,13519,Latreze Mushatt,Murray St.,0.5,0.6153846153846154,0.2857142857142857,1.0
1119,13531,Eric Obeysekere,Holy Cross,0.75,0.7222222222222222,0.7,0.5
1120,13535,Kenny Boynton,Florida,0.7142857142857143,0.44642857142857145,0.14285714285714285,0.7727272727272727
1121,13540,Erik Murphy,Florida,1.0,0.5217391304347826,0.38461538461538464,0.9830508474576272
1122,13541,Ferg Myrick,New Hampshire,0.5,0.1702127659574468,0.16666666666666666,1.0
1123,13545,Emerson Kampen,Butler,0.0,0.0,0.0,0.0
1124,13546,Chandler Rhoads,New Hampshire,0.0,0.3269230769230769,0.07692307692307693,0.65625
1125,13547,Chase Stigall,Butler,1.0,0.6666666666666666,0.16666666666666666,0.9111111111111111
1126,13554,Cameron Miles,San Diego,1.0,0.6666666666666666,0.36363636363636365,0.75
1127,13567,Tyshawn Taylor,Kansas,0.7333333333333333,0.32954545454545453,0.0641025641025641,0.6666666666666666
1128,13569,Ed Waite,Monmouth,0.6,0.40540540540540543,0.4444444444444444,0.0
1129,13570,Mike Cavataio,Holy Cross,0.6666666666666666,0.4,0.5,0.8571428571428571
1130,13586,Freddie Riley,Massachusetts,0.5714285714285714,0.65,0.23076923076923078,0.8113207547169812
1131,13587,Sampson Carter,Massachusetts,0.0,0.7058823529411765,0.5,1.0
1132,13596,Sam Martin,Yale,0.0,0.0,0.0,0.7142857142857143
1133,13599,Josh Jones,Creighton,1.0,0.5,0.4444444444444444,0.9512195121951219
1134,13605,Roger Dugas,Elon,0.0,0.0,1.0,0.6666666666666666
1135,13613,Luke Kraus,Bowling Green,0.0,0.5,0.5,1.0
1136,13618,Jared Cunningham,Oregon St.,0.6129032258064516,0.5546218487394958,0.24,0.7959183673469388
1137,13620,Jamal Olasewere,LIU,0.6666666666666666,0.36024844720496896,0.3181818181818182,0.7142857142857143
1138,13633,Rusian Pateev,Arizona St.,1.0,0.75,0.6923076923076923,0.0
1139,13639,Stephan Van Treese,Louisville,0.0,0.0,0.0,0.0
1140,13640,Caden Dickerson,Western Kentucky,0.0,0.0,0.0,0.0
1141,13651,Gideon Gamble,Winthrop,0.0,0.4444444444444444,0.21428571428571427,0.6
1142,13658,Thomas Staton,UMKC,0.75,0.2641509433962264,0.2222222222222222,1.0
1143,13661,Tyrone White,Cal St. Bakersfield,0.0,0.5882352941176471,0.4444444444444444,0.9423076923076923
1144,13678,Jimmy Gray,Binghamton,0.0,0.5652173913043478,0.2727272727272727,0.8125
1145,13679,Derrick Thomas,Drexel,0.0,0.48148148148148145,0.5,0.8648648648648649
1146,13692,Omari Lawrence,Kansas St.,0.0,0.0,0.5,0.0
1147,13693,Mike Marra,Louisville,0.0,1.0,0.0,1.0
1148,13695,Alex Eppensteiner,Cincinnati,0.0,0.0,0.0,1.0
1149,13696,Dee Giger,Harvard,0.0,0.0,0.0,0.0
1150,13697,Christian Webster,Harvard,0.0,0.25,0.2222222222222222,0.9130434782608695
1151,13708,Marques Oliver,Delaware St.,0.625,0.5257731958762887,0.4117647058823529,0.0
1152,13714,Kendal Brown-Surles,Southern Illinois,0.0,0.1111111111111111,0.15,0.868421052631579
1153,13719,Skylar McBee,Tennessee,0.0,0.0,0.0,0.9672131147540983
1154,13722,Javon Ralling,Binghamton,0.0,0.6296296296296297,0.8235294117647058,0.0
1155,13726,Charles Parker,Mississippi St.,0.0,0.0,0.0,0.0
1156,13727,Cadarian Raines,Virginia Tech,0.8333333333333334,0.4027777777777778,0.09090909090909091,0.0
1157,13728,Erick Green,Virginia Tech,0.5714285714285714,0.265625,0.171875,0.8095238095238095
1158,13729,Ben Boggs,Valparaiso,0.0,0.42857142857142855,0.0,0.9375
1159,13737,Mark Yelovich,SIU Edwardsville,0.6666666666666666,0.40816326530612246,0.49333333333333335,0.9375
1160,13743,Drew Crawford,Northwestern,0.4375,0.4264705882352941,0.4090909090909091,0.9672131147540983
1161,13758,Justin Leemow,North Carolina Central,0.0,0.2857142857142857,0.3333333333333333,0.8
1162,13763,Dwayne Smith,George Washington,1.0,0.42857142857142855,0.26666666666666666,1.0
1163,13776,Mike Bruesewitz,Wisconsin,0.8571428571428571,0.4146341463414634,0.8,1.0
1164,13781,Dan Fahey,Wisconsin,0.0,0.0,0.0,0.0
1165,13786,Michael Dixon,Missouri,0.0,0.2571428571428571,0.23529411764705882,0.76
1166,13793,Michael Starks,Alcorn St.,0.6923076923076923,0.6216216216216216,1.0,0.0
1167,13799,Marcus Ware,Monmouth,1.0,0.53125,0.6956521739130435,0.0
1168,13803,Taylor Broekhuis,Air Force,0.8461538461538461,0.5897435897435898,0.4375,0.9444444444444444
1169,13820,Jameel Grace,Southern,0.0,0.17142857142857143,0.15384615384615385,0.48148148148148145
1170,13836,Doug Archer,North Dakota,1.0,0.6,1.0,1.0
1171,13837,Jontel Evans,Virginia,0.0,0.16176470588235295,0.16666666666666666,0.4
1172,13839,Lateef McMullan,Portland St.,0.0,0.21052631578947367,0.06060606060606061,0.7272727272727273
1173,13849,Ben Martin,Nicholls St.,0.0,0.5,0.0,1.0
1174,13861,Malcolm Grant,Miami FL,0.0,0.25,0.16,0.6617647058823529
1175,13862,Reggie Johnson,Miami FL,0.5,0.39622641509433965,0.2903225806451613,0.75
1176,13879,Jordan McCoy,Florida Atlantic,1.0,0.4897959183673469,0.5,0.0
1177,13881,Malik Stith,St. John's,0.0,0.5,0.4444444444444444,0.6666666666666666
1178,13882,Elliott Lloyd,Northern Colorado,0.0,0.3333333333333333,0.3333333333333333,0.625
1179,13883,Scott Wood,N.C. State,1.0,0.8125,0.8095238095238095,0.968421052631579
1180,13884,Rakim Sanders,Fairfield,0.875,0.5394736842105263,0.358974358974359,0.7954545454545454
1181,13895,Durand Scott,Miami FL,0.0,0.2857142857142857,0.09259259259259259,0.631578947368421
1182,13902,Ray Turner,Texas A&M,0.8,0.575,0.6129032258064516,0.0
1183,13917,Josh Benson,Dayton,0.8333333333333334,0.6666666666666666,0.5,0.0
1184,13918,Orane Chin,Cal St. Fullerton,0.9090909090909091,0.671875,0.4117647058823529,0.9666666666666667
1185,13920,Jon McAllian,Maine,0.0,0.0,0.0,1.0
1186,13923,Lewis Jones,Evansville,1.0,0.4583333333333333,0.5,1.0
1187,13924,Julius Brooks,Loyola MD,0.6666666666666666,0.375,0.0,0.0
1188,13930,Jake Gollon,Mercer,0.5,0.375,0.6,0.9629629629629629
1189,13931,Mark Robertson,Maryland Eastern Shore,0.0,0.6666666666666666,0.0,0.9130434782608695
1190,13932,Shamir Davis,Northwestern St.,0.0,0.2054794520547945,0.15625,0.8421052631578947
1191,13935,Hillary Haley,Maryland Eastern Shore,0.6666666666666666,0.3448275862068966,0.16,0.5666666666666667
1192,13939,O.J. Evans,Northwestern St.,0.0,0.6923076923076923,0.8,0.0
1193,13940,Perris Blackwell,San Francisco,0.8333333333333334,0.6482758620689655,0.5882352941176471,0.0
1194,13942,Charonn Woods,Bradley,0.0,0.0,1.0,1.0
1195,13952,Angus Brandt,Oregon St.,0.8571428571428571,0.64,0.5405405405405406,0.9655172413793104
1196,13964,Charles Holt,Memphis,0.0,0.0,0.0,0.0
1197,13968,D.J. Stephens,Memphis,0.8333333333333334,0.7083333333333334,1.0,1.0
1198,13974,Jordan Hulls,Indiana,0.0,0.10526315789473684,0.1346153846153846,0.5416666666666666
1199,13975,Christian Watford,Indiana,0.8,0.5185185185185185,0.2,0.9038461538461539
1200,13978,Jordan Griffin,Coastal Carolina,0.0,0.75,0.5,1.0
1201,14001,O.D. Anosike,Siena,0.7727272727272727,0.4695121951219512,0.45,0.0
1202,14005,Brandon James,Colgate,0.0,0.5555555555555556,0.36363636363636365,0.9565217391304348
1203,14013,Blake Metcalf,Albany,1.0,0.6666666666666666,0.2857142857142857,0.0
1204,14018,Stephon Carter,Cal St. Bakersfield,0.2857142857142857,0.4142857142857143,0.5454545454545454,1.0
1205,14019,Donald Johnson,Cal St. Bakersfield,0.8888888888888888,0.6290322580645161,0.47368421052631576,0.9583333333333334
1206,14028,Kyle Petersen,Akron,0.0,1.0,0.0,0.0
1207,14029,Chad Adams,New Mexico,0.0,0.6666666666666666,0.6363636363636364,1.0
1208,14031,Jamal Fenton,New Mexico,0.0,0.2571428571428571,0.125,0.5806451612903226
1209,14032,Jackson Stevenett,Southern Utah,0.0,0.45901639344262296,0.5111111111111111,1.0
1210,14034,Matt Staff,Texas St.,0.75,0.5384615384615384,0.4,1.0
1211,14037,Jaron Lane,UNC Asheville,0.6666666666666666,0.6610169491525424,0.47619047619047616,1.0
1212,14041,Anthony Kelley,Illinois Chicago,0.0,0.0,0.0,1.0
1213,14042,Jorge Brian Diaz,Nebraska,1.0,0.8333333333333334,0.5151515151515151,0.0
1214,14047,Will Barrett,Princeton,0.0,0.3333333333333333,0.6666666666666666,1.0
1215,14048,Mike Fox,Nebraska,0.0,0.6666666666666666,0.5,1.0
1216,14057,Fabio Ribeiro,Louisiana Monroe,0.0,0.625,0.7272727272727273,0.0
1217,14060,Corvonn Gaines,East Carolina,0.0,0.1875,0.0,0.9333333333333333
1218,14075,Jackie Carmichael,Illinois St.,0.7941176470588235,0.6565656565656566,0.43283582089552236,1.0
1219,14078,Vertrail Vaughns,George Mason,0.0,0.35135135135135137,0.5454545454545454,0.9047619047619048
1220,14080,Dylan Royer,Cal Poly,0.0,1.0,0.4,0.9393939393939394
1221,14088,Jeffrey Forbes,Eastern Washington,0.0,0.3,0.18181818181818182,0.8857142857142857
1222,14091,Laron Griffin,Eastern Washington,0.8333333333333334,0.5942028985507246,0.5384615384615384,0.0
1223,14093,Daryl McCoy,Drexel,1.0,0.5,0.35,0.0
1224,14108,Booker Hucks,LIU,0.0,0.5454545454545454,0.0,1.0
1225,14117,Alex Oriakhi,Connecticut,0.8,0.5714285714285714,0.5217391304347826,0.0
1226,14125,Jimmy Sherburne,Princeton,0.0,0.25,0.0,1.0
1227,14133,Ryan Kelly,Duke,0.75,0.42857142857142855,0.32,0.975
1228,14136,Quinton Doggett,Southern,0.8823529411764706,0.6101694915254238,0.53125,0.0
1229,14138,Madut Bol,Southern,0.0,0.6923076923076923,0.125,0.8571428571428571
1230,14149,Andrew Lawrence,Charleston,0.0,0.1891891891891892,0.041666666666666664,0.6666666666666666
1231,14168,Sheldon Cooley,East Tennessee St.,0.6666666666666666,0.21428571428571427,0.1794871794871795,0.8235294117647058
1232,14170,Lukas Poderis,East Tennessee St.,1.0,0.5227272727272727,1.0,0.0
1233,14179,Brandon Mitchell,Arkansas,1.0,0.5,1.0,0.0
1234,14184,Rory Fannon,Utah Valley,0.0,0.7142857142857143,1.0,0.0
1235,14189,Kevin Stineman,SIU Edwardsville,0.0,0.4,0.3333333333333333,1.0
1236,14191,Liam McCabe-Moran,Manhattan,0.0,0.9090909090909091,0.25,0.9473684210526315
1237,14194,Andy Chinn,Evansville,0.0,0.0,0.0,0.0
1238,14209,Davon Jones,Jackson St.,1.0,0.37037037037037035,0.43478260869565216,0.0
1239,14211,Korey VanDussen,UNC Greensboro,0.0,0.25806451612903225,0.34782608695652173,0.95
1240,14215,Ben Simons,Drake,1.0,0.3870967741935484,0.47368421052631576,0.868421052631579
1241,14216,David Smith,Drake,0.0,0.375,0.0,0.0
1242,14221,Kyle Randall,UNC Greensboro,0.0,0.5,0.3684210526315789,0.76
1243,14241,Jason Pancoe,Army,0.0,0.0,0.2857142857142857,0.8333333333333334
1244,14245,Frank Gaines,Purdue Fort Wayne,0.375,0.3669724770642202,0.5909090909090909,0.8333333333333334
1245,14246,John Peckinpaugh,Purdue Fort Wayne,0.0,0.48,1.0,1.0
1246,14250,Trey McCorkle,Purdue Fort Wayne,1.0,0.5714285714285714,0.4716981132075472,0.0
1247,14252,Khalif Toombs,South Carolina St.,0.0,0.07692307692307693,0.1794871794871795,0.5
1248,14267,Doug Howard,William & Mary,0.0,0.3333333333333333,0.0,0.0
1249,14282,Verdell Jones III,Indiana,1.0,0.2571428571428571,0.07407407407407407,0.9
1250,14293,Mike Vantrimpont,Long Beach St.,0.0,0.0,0.0,0.0
1251,14315,Tj DiLeo,Temple,0.5,0.6875,0.7142857142857143,1.0
1252,14316,Mitch Rolls,Colgate,0.0,0.16666666666666666,0.10714285714285714,0.7142857142857143
1253,14319,Colin Klebon,Bucknell,0.0,0.6666666666666666,1.0,1.0
1254,14322,Robert Olson,Loyola MD,0.0,0.4444444444444444,0.34782608695652173,0.9090909090909091
1255,14340,Raymond Taylor,Florida Atlantic,0.0,0.1,0.0,0.5897435897435898
1256,14341,Andre Mattison,Florida Atlantic,0.0,0.4,0.6666666666666666,0.0
1257,14345,Greg Gantt,Florida Atlantic,1.0,0.5238095238095238,0.3548387096774194,0.9482758620689655
1258,14355,Jeremy Smith,Nicholls St.,0.4,0.375,0.48148148148148145,0.6
1259,14359,Brendan Connolly,Princeton,0.875,0.559322033898305,0.3333333333333333,0.0
1260,14360,Mack Darrow,Princeton,0.0,0.3783783783783784,0.5,1.0
1261,14362,Ian Hummer,Princeton,0.6666666666666666,0.4322033898305085,0.5581395348837209,0.9411764705882353
1262,14364,Brian Cameron,Southern Utah,0.0,0.0,0.0,1.0
1263,14365,Damon Heuir,Southern Utah,0.0,0.25,0.6041666666666666,0.90625
1264,14370,David Pellom,George Washington,0.7368421052631579,0.6195652173913043,0.6551724137931034,1.0
1265,14373,Stan Okoye,VMI,0.5185185185185185,0.3333333333333333,0.16176470588235295,0.8571428571428571
1266,14376,Dee Goens,Holy Cross,0.0,0.16666666666666666,0.2857142857142857,0.6666666666666666
1267,14380,Pj Miller,NJIT,0.7142857142857143,0.5365853658536586,0.17647058823529413,1.0
1268,14386,Nikola Malesevic,Rhode Island,0.0,0.3,0.058823529411764705,0.9642857142857143
1269,14390,Jordan Stevens,Holy Cross,1.0,0.5,0.7777777777777778,1.0
1270,14392,Colin Reddick,Furman,1.0,0.4,0.24,0.0
1271,14393,James Padgett,Maryland,0.8125,0.5121951219512195,0.3,0.0
1272,14401,Aaron Thompson,Sam Houston St.,0.0,1.0,0.3333333333333333,0.0
1273,14402,Tony Mitchell,Alabama,0.7142857142857143,0.6379310344827587,0.5277777777777778,0.9565217391304348
1274,14412,Paris Bennett,George Mason,0.0,0.6666666666666666,0.8333333333333334,1.0
1275,14421,Da'Shonte Riley,Eastern Michigan,1.0,0.7857142857142857,0.42857142857142855,0.0
1276,14427,Tyshawn Patterson,Stetson,0.0,0.21428571428571427,0.0,0.7777777777777778
1277,14436,Donnavan Kirk,DePaul,1.0,0.625,0.5384615384615384,1.0
1278,14441,Domas Rinksalis,Wofford,1.0,0.8,1.0,0.0
1279,14444,Taylor Wagener,Wofford,0.0,0.0,0.0,0.0
1280,14448,DeShawn Painter,N.C. State,0.8333333333333334,0.5945945945945946,0.75,0.0
1281,14452,Austin Pehl,Northern Iowa,0.0,0.8,0.3076923076923077,0.0
1282,14456,Brandon Triche,Syracuse,0.8,0.5102040816326531,0.13333333333333333,0.8571428571428571
1283,14463,Jacob Arnett,Lipscomb,0.0,0.6333333333333333,0.4090909090909091,0.8823529411764706
1284,14471,Josh Thompson,Wagner,0.42857142857142855,0.5294117647058824,0.6,1.0
1285,14503,Bandja Sy,New Mexico St.,0.7647058823529411,0.5660377358490566,0.3333333333333333,0.9487179487179487
1286,14508,Tyrone Watson,New Mexico St.,0.16666666666666666,0.5084745762711864,0.4230769230769231,0.5
1287,14513,Khaliff Wyatt,Temple,0.5,0.27586206896551724,0.11363636363636363,0.7884615384615384
1288,14519,Julysses Nobles,Arkansas,0.0,0.18181818181818182,0.47058823529411764,0.9024390243902439
1289,14520,Thomas Robinson,Kansas,0.7714285714285715,0.6272189349112426,0.5,0.8571428571428571
1290,14527,Grant Gibbs,Creighton,1.0,0.23684210526315788,0.32,0.9444444444444444
1291,14538,Matt Morgan,Winthrop,1.0,0.46808510638297873,0.6666666666666666,1.0
1292,14541,Taylor Dunn,La Salle,0.0,0.0,0.0,0.9090909090909091
1293,14545,Louie Krogman,South Dakota,0.0,0.22033898305084745,0.08695652173913043,0.7012987012987013
1294,14547,Justin Jordan,Purdue Fort Wayne,0.0,0.4444444444444444,0.0,0.65
1295,14549,Alex Pickert,Denver,0.0,0.0,0.0,0.0
1296,14558,Darius Theus,VCU,0.0,0.20512820512820512,0.07692307692307693,0.8
1297,14559,Troy Daniels,VCU,0.0,0.3333333333333333,0.36363636363636365,0.851063829787234
1298,14561,Issiah Grayson,Cal St. Bakersfield,0.0,0.3076923076923077,0.1,0.7058823529411765
1299,14563,DeAndre Hersey,South Alabama,0.0,0.0,0.5,1.0
1300,14565,Brendan Bald,Vermont,0.0,0.5,0.5,0.90625
1301,14568,Evan Smith,USC,0.0,0.0,1.0,1.0
1302,14571,Matt Sauey,North Florida,0.9166666666666666,0.6949152542372882,0.4166666666666667,1.0
1303,14575,Cory Remekun,Saint Louis,0.75,0.6363636363636364,0.25,0.0
1304,14584,Dwayne Lathan,Indiana St.,0.8235294117647058,0.515625,0.1891891891891892,0.8095238095238095
1305,14601,Jason Washburn,Utah,0.7727272727272727,0.5068493150684932,0.46875,1.0
1306,14624,Joe Willman,Bucknell,0.0,0.6086956521739131,0.6428571428571429,0.0
1307,14625,Isaiah Canaan,Murray St.,0.42857142857142855,0.22916666666666666,0.09090909090909091,0.5164835164835165
1308,14628,Adam Barnes,Belmont,0.0,0.625,0.4,1.0
1309,14629,Brandon Baker,Belmont,0.0,0.75,0.6666666666666666,0.9285714285714286
1310,14638,Jorden Page,Saint Mary's,0.0,0.13333333333333333,0.35714285714285715,0.825
1311,14645,Matthew Dellavedova,Saint Mary's,0.0,0.14285714285714285,0.18,0.8448275862068966
1312,14656,Beau Levesque,Saint Mary's,1.0,0.8461538461538461,0.8,0.9
1313,14669,D.J. Byrd,Purdue,0.0,0.5,0.3684210526315789,0.9538461538461539
1314,14675,Levi Giese,Lafayette,1.0,0.5,0.6666666666666666,0.9375
1315,14685,Mike Muscala,Bucknell,0.6818181818181818,0.5238095238095238,0.6625,0.8571428571428571
1316,14687,Erin Straughn,East Carolina,0.0,0.5555555555555556,0.5,0.8571428571428571
1317,14689,Bak Bak,California,1.0,0.7333333333333333,0.75,0.0
1318,14694,Chris Halvorsen,Minnesota,0.0,0.0,0.0,0.0
1319,14695,Brandon Smith,California,0.0,0.09090909090909091,0.45454545454545453,0.8333333333333334
1320,14697,Nick Chasten,North Carolina Central,0.6666666666666666,0.5454545454545454,0.5925925925925926,1.0
1321,14699,Leonard Hayes,Stony Brook,0.0,0.42857142857142855,0.4,0.92
1322,14700,Marcus Rouse,Stony Brook,0.0,0.3333333333333333,0.6666666666666666,0.9230769230769231
1323,14715,Reggie Moore,Washington St.,0.0,0.16666666666666666,0.06818181818181818,0.6785714285714286
1324,14719,Lazar Bogdanovic,Colgate,0.0,0.0,0.0,0.0
1325,14722,Dominic Cheek,Villanova,0.3333333333333333,0.38461538461538464,0.4827586206896552,0.9074074074074074
1326,14732,Will Taylor,Cal Poly,1.0,0.5135135135135135,0.5227272727272727,0.0
1327,14735,Mike Allison,Maine,0.9285714285714286,0.6851851851851852,0.5,1.0
1328,14737,Travon Wilcher,Maine,0.0,0.5,1.0,0.0
1329,14741,David Brown,Gardner Webb,0.0,0.0,0.0,0.9333333333333333
1330,14743,Keith Clanton,UCF,0.5,0.411214953271028,0.36363636363636365,0.918918918918919
1331,14756,Josh Bartelstein,Michigan,0.0,0.0,0.0,1.0
1332,14757,Liam McInerney,Stetson,0.0,0.5384615384615384,0.7142857142857143,1.0
1333,14762,Sean Esposito,IU Indy,0.0,0.0,0.0,0.8076923076923077
1334,14763,Jordan Vandenberg,N.C. State,1.0,0.6666666666666666,1.0,0.0
1335,14767,Chris Braswell,Charlotte,0.5714285714285714,0.6033057851239669,0.6923076923076923,0.9333333333333333
1336,14769,Eso Akunne,Michigan,0.0,0.0,0.0,0.75
1337,14770,Matt Vogrich,Michigan,0.0,0.6,0.5,1.0
1338,14775,Shane Walker,Loyola MD,0.7272727272727273,0.3409090909090909,0.8,0.96
1339,14780,Keegan Hornbuckle,UC Santa Barbara,0.0,0.4375,0.6,1.0
1340,14783,Chase Hallam,Denver,0.0,0.6285714285714286,0.4166666666666667,0.967741935483871
1341,14784,Aaron Broussard,Seattle,0.0,0.24489795918367346,0.25,0.8857142857142857
1342,14786,Nigel Spikes,Marshall,0.8125,0.5757575757575758,0.46153846153846156,0.0
1343,14787,Gavin Gilmore,Seattle,1.0,0.6666666666666666,1.0,0.0
1344,14796,Cashmere Wright,Cincinnati,0.0,0.13725490196078433,0.11428571428571428,0.7142857142857143
1345,14809,Matt Massey,Southern Utah,1.0,0.6851851851851852,0.7804878048780488,0.5
1346,14817,Marcus Jordan,UCF,0.0,0.0625,0.22580645161290322,0.723404255319149
1347,14824,Mike Black,Albany,0.0,0.19753086419753085,0.08333333333333333,0.6470588235294118
1348,14825,Charles White,Hartford,0.0,0.0,0.0,0.0
1349,14845,Greg Whitaker,Drake,0.0,1.0,0.0,0.0
1350,14846,Jimmy Williams,North Florida,0.4,0.15555555555555556,0.1875,0.75
1351,14847,Devon Lamb,Lamar,0.75,0.46078431372549017,0.6451612903225806,0.9230769230769231
1352,14851,Brandon Davis,Lamar,1.0,0.17647058823529413,0.32,0.9642857142857143
1353,14852,Mike James,Lamar,0.3333333333333333,0.3333333333333333,0.2,0.7297297297297297
1354,14863,Landon Tatum,Idaho,0.0,0.07692307692307693,0.3181818181818182,0.8823529411764706
1355,14878,Justin Manns,Kent St.,0.9310344827586207,0.8035714285714286,0.8,0.0
1356,14888,Tim Hardaway Jr.,Michigan,0.6363636363636364,0.5178571428571429,0.30357142857142855,0.7450980392156863
1357,14892,Dorian Tyler,Illinois Chicago,0.5,0.16666666666666666,0.0,1.0
1358,14894,Kenny McGowen,Idaho St.,0.0,0.2,0.36666666666666664,0.6119402985074627
1359,14901,Chase Grabau,Idaho St.,0.0,0.4375,0.3333333333333333,0.9354838709677419
1360,14904,Abner Moreira,Idaho St.,0.875,0.6097560975609756,0.6129032258064516,0.0
1361,14910,Nolan Hart,Syracuse,0.0,0.0,0.0,0.0
1362,14912,Ben Brust,Wisconsin,0.0,0.35294117647058826,0.11764705882352941,0.8448275862068966
1363,14921,Marial Dhal,Canisius,0.0,1.0,0.0,0.0
1364,14922,Chris Manhertz,Canisius,1.0,0.6326530612244898,0.6,0.0
1365,14923,Joshua Clyburn,Presbyterian,0.8333333333333334,0.6,0.0,0.0
1366,14925,Tyler Deihl,Presbyterian,0.0,0.0,0.0,0.9
1367,14926,Clay Tormey,Davidson,0.0,0.0,0.0,0.0
1368,14932,Clint Mann,Davidson,0.5714285714285714,0.3111111111111111,0.25,0.0
1369,14939,Jordan Kirschke,Texas St.,0.0,0.0,0.0,0.75
1370,14941,Perry Webster,Cal St. Fullerton,0.0,0.0,0.2,0.8636363636363636
1371,14943,Rob Brandenberg,VCU,0.3333333333333333,0.19230769230769232,0.125,0.8780487804878049
1372,14945,Chris Evans,Sacred Heart,0.75,0.5,0.47619047619047616,0.8571428571428571
1373,14946,Rod Odom,Vanderbilt,1.0,0.35714285714285715,0.0,1.0
1374,14947,Kyle Fuller,Vanderbilt,0.0,0.2,0.0,0.0
1375,14948,Bruce Ellington,South Carolina,0.0,0.041666666666666664,0.02702702702702703,0.5384615384615384
1376,14952,Eric Smith,South Carolina,0.0,0.2857142857142857,0.25,0.6
1377,14953,Damontre Harris,South Carolina,0.6875,0.5573770491803278,0.5,0.0
1378,14954,Brian Richardson,South Carolina,0.6666666666666666,0.4444444444444444,0.0,1.0
1379,14955,Doug McDermott,Creighton,1.0,0.6827956989247311,0.5373134328358209,0.9814814814814815
1380,14956,Stormberg Taylor,Creighton,0.0,0.0,0.0,1.0
1381,14957,Gregory Echenique,Creighton,0.8125,0.6909090909090909,0.45,0.0
1382,14958,Nick McFarlin,Eastern Illinois,0.0,0.4375,0.5,1.0
1383,14966,Ross Ferrarini,Creighton,0.0,1.0,0.0,0.6666666666666666
1384,14967,Jahenns Manigat,Creighton,0.0,0.36363636363636365,0.0,0.9830508474576272
1385,14976,Jay Bowie,Marist,0.0,0.4375,0.65,0.9411764705882353
1386,14977,Adam Kemp,Marist,0.875,0.575,0.625,0.0
1387,14979,Russ DeRemer,Syracuse,0.0,0.0,0.0,0.0
1388,14980,C.J. Fair,Syracuse,0.7368421052631579,0.5862068965517241,0.5686274509803921,1.0
1389,14982,Fab Melo,Syracuse,0.8666666666666667,0.717948717948718,0.55,0.0
1390,14983,Dion Waiters,Syracuse,0.5,0.37777777777777777,0.28205128205128205,0.7804878048780488
1391,14985,Baye Moussa Keita,Syracuse,0.8571428571428571,0.6333333333333333,0.0,0.0
1392,14988,Keith McDougald,Jacksonville,0.0,0.2727272727272727,0.25,0.9375
1393,14990,Shamile Jeffers,Jacksonville,1.0,0.5909090909090909,0.4,0.0
1394,14991,Aloys Cabell,Jacksonville,0.0,0.04878048780487805,0.06451612903225806,0.8333333333333334
1395,14993,John Wilkins,Illinois St.,0.5833333333333334,0.7,0.2,1.0
1396,14995,Kieondre Arkwright,UT Rio Grande Valley,0.0,0.75,0.3333333333333333,0.9
1397,14998,Ruben Cabrera,UT Rio Grande Valley,0.0,0.5769230769230769,0.4666666666666667,0.9375
1398,15003,Mark Rutledge,Central Arkansas,0.5,0.40540540540540543,0.3333333333333333,0.8
1399,15004,Ryan Williams,Central Arkansas,1.0,0.5,0.3,0.9
1400,15006,Khyle Marshall,Butler,0.8936170212765957,0.6538461538461539,0.6451612903225806,1.0
1401,15007,Erik Fromm,Butler,1.0,0.45,0.3333333333333333,1.0
1402,15013,Kyle Kelm,Milwaukee,0.9166666666666666,0.6290322580645161,0.1,1.0
1403,15015,Sherrard Brantley,Georgia,0.0,0.6666666666666666,0.0,1.0
1404,15022,Stephen Franklin,UTSA,0.0,0.30303030303030304,0.2222222222222222,0.9230769230769231
1405,15023,Ricardo Andreotti,South Dakota,0.8,0.6153846153846154,0.25,0.0
1406,15024,Hrvoje Vucic,Valparaiso,0.0,0.8571428571428571,1.0,0.0
1407,15028,Jordan Latham,Loyola MD,0.0,0.3333333333333333,0.6666666666666666,0.0
1408,15029,Robert Hayes,Cal St. Bakersfield,0.0,0.0,0.0,0.3333333333333333
1409,15036,Eric McAlister,Stony Brook,0.75,0.6666666666666666,0.5,1.0
1410,15038,Jeron Trotman,New Hampshire,0.0,0.16666666666666666,0.0,0.0
1411,15045,Mamadou Seck,Southern Illinois,1.0,0.5925925925925926,0.35714285714285715,0.0
1412,15046,Jaye Crockett,Texas Tech,0.6666666666666666,0.5192307692307693,0.5,0.5
1413,15047,Kraidon Woods,Drake,1.0,0.5151515151515151,0.2,0.0
1414,15051,Phil Taylor,FIU,0.0,0.30434782608695654,0.1111111111111111,0.5172413793103449
1415,15061,Xavier Martin,High Point,0.0,0.18518518518518517,0.35294117647058826,0.6363636363636364
1416,15065,Justin Cheek,High Point,0.0,0.16666666666666666,0.5384615384615384,1.0
1417,15066,Shay Shine,High Point,0.5,0.2558139534883721,0.3181818181818182,0.7586206896551724
1418,15068,Khalid Robinson,Fordham,0.0,0.0,0.0,0.0
1419,15069,Pierre Miller,Presbyterian,0.0,0.13793103448275862,0.25,0.64
1420,15070,Lawrence Bridges,Robert Morris,0.8333333333333334,0.5818181818181818,0.5,0.0
1421,15074,James Bell,Villanova,0.5,0.3157894736842105,0.5,0.9473684210526315
1422,15081,Jourdain Allou,Montana St.,0.8571428571428571,0.3142857142857143,0.25,0.0
1423,15082,Shawn Reid,Montana St.,1.0,0.5,0.26666666666666666,0.9230769230769231
1424,15086,Corey Raley-Ross,Buffalo,0.3333333333333333,0.625,1.0,0.0
1425,15088,Donte Williams,Georgia,0.6538461538461539,0.5405405405405406,0.8095238095238095,0.0
1426,15094,Ayotunde Oyeniyi,Fairleigh Dickinson,1.0,0.5555555555555556,1.0,0.0
1427,15109,Blake Foeman,Denver,0.0,0.6,0.4,1.0
1428,15111,Niko Roberts,Kansas,0.0,0.0,0.0,0.0
1429,15112,Sebastian Koch,Elon,0.5,0.29411764705882354,0.75,0.86
1430,15115,Marquiz Baker,Alcorn St.,0.0,0.0,0.0,0.8333333333333334
1431,15117,Kendrick McDonald,Alcorn St.,0.0,0.2222222222222222,0.4777777777777778,0.8
1432,15132,Chris Richardson,Tennessee Martin,0.0,0.16666666666666666,0.0,1.0
1433,15133,Michael Green,Tennessee St.,0.75,0.8571428571428571,1.0,0.0
1434,15137,Kenny Moore,Tennessee St.,0.0,0.32142857142857145,0.25,1.0
1435,15139,Patrick Miller,Tennessee St.,0.0,0.13725490196078433,0.2916666666666667,0.8125
1436,15142,Langston Galloway,Saint Joseph's,0.5833333333333334,0.4,0.3617021276595745,0.7666666666666667
1437,15144,Daryus Quarles,Saint Joseph's,0.6666666666666666,0.6470588235294118,0.5238095238095238,1.0
1438,15145,Ronald Roberts,Saint Joseph's,0.7884615384615384,0.6260162601626016,0.44,0.0
1439,15155,C.J. Wilcox,Washington,0.3333333333333333,0.34782608695652173,0.42857142857142855,0.9041095890410958
1440,15160,Will Wilson,North Florida,0.0,0.125,0.0,0.75
1441,15162,Vincenzo Nelson,Lamar,0.0,0.4,0.5,1.0
1442,15164,Jonathan Evans,Houston Christian,0.0,0.16666666666666666,0.0,0.8235294117647058
1443,15176,Femi Akinpetide,Sacred Heart,0.0,0.38461538461538464,0.5,0.0
1444,15190,Trevor Williams,Colorado St.,1.0,0.6,0.0,0.0
1445,15191,Scott Martin,Notre Dame,0.5,0.5121951219512195,0.5918367346938775,1.0
1446,15198,Faisal Aden,Washington St.,0.0,0.21621621621621623,0.2,0.8888888888888888
1447,15205,Malik Story,Nevada,0.6666666666666666,0.3333333333333333,0.2727272727272727,0.8202247191011236
1448,15206,Frankie Dobbs,Bryant,0.0,0.18181818181818182,0.29411764705882354,0.7142857142857143
1449,15209,Tyler Ponticelli,Brown,0.0,0.5882352941176471,0.36363636363636365,0.0
1450,15213,Tony Watson,Buffalo,0.0,0.3333333333333333,0.2727272727272727,0.6153846153846154
1451,15217,Ralph Hill,Dayton,0.0,0.0,1.0,1.0
1452,15218,Mitch Asmus,Dayton,0.0,0.0,0.0,1.0
1453,15222,Josh Parker,Dayton,0.0,0.13793103448275862,0.1875,0.8260869565217391
1454,15225,Andre' Hatchett,Idaho St.,1.0,0.5405405405405406,0.68,0.8333333333333334
1455,15235,James Rahon,San Diego St.,0.0,0.35714285714285715,0.2978723404255319,0.8648648648648649
1456,15238,Jamal Mitchell,Gardner Webb,0.0,1.0,0.0,0.0
1457,15249,Akeem Ellis,Coppin St.,0.0,0.16326530612244897,0.3181818181818182,0.9347826086956522
1458,15250,Tony Gallo,Coppin St.,0.0,0.10638297872340426,0.15,0.8028169014084507
1459,15251,Collin Johnson,Coppin St.,0.0,0.6666666666666666,0.5,1.0
1460,15255,Mike Simpson,Coppin St.,0.0,0.0,0.0,0.0
1461,15259,Sam Mills,La Salle,0.0,0.6,0.42105263157894735,0.8153846153846154
1462,15261,Matt Sheehan,La Salle,0.0,0.5,0.0,0.0
1463,15266,Mike Glover,Iona,0.9333333333333333,0.6666666666666666,0.5294117647058824,0.0
1464,15268,Johnathan Edwards,Radford,0.75,0.40816326530612246,0.0,0.0
1465,15280,Kevin Cantinol,Florida Gulf Coast,0.5,0.36,0.2727272727272727,0.0
1466,15292,Tim Henderson,Louisville,0.0,0.0,0.0,0.6666666666666666
1467,15301,Marcus Thornton,Georgia,1.0,0.5,0.2727272727272727,1.0
1468,15302,Gerald Robinson,Georgia,0.25,0.2727272727272727,0.29411764705882354,0.6923076923076923
1469,15303,Connor Nolte,Georgia,0.0,1.0,0.0,1.0
1470,15307,Dom Morris,Boston University,0.0,0.5789473684210527,0.5294117647058824,1.0
1471,15308,D.J. Irving,Boston University,0.0,0.07547169811320754,0.037037037037037035,0.5357142857142857
1472,15317,Daniel Munoz,USC,0.0,0.0,0.0,1.0
1473,15321,Riley Maye,Norfolk St.,0.0,0.0,0.0,0.0
1474,15339,Ken Horton,Central Connecticut,0.5333333333333333,0.6111111111111112,0.55,0.9565217391304348
1475,15343,Matt Milk,St. Francis NY,1.0,0.7058823529411765,0.6666666666666666,0.0
1476,15344,Travis Nichols,St. Francis NY,0.0,0.5666666666666667,0.26666666666666666,0.9565217391304348
1477,15346,Laron Buggs,Gardner Webb,0.0,0.13793103448275862,0.07142857142857142,0.6
1478,15355,Pablo Bertone,Florida Atlantic,0.0,0.6,0.36,1.0
1479,15356,Tanner Milson,UNC Wilmington,0.0,0.0,0.125,0.8157894736842105
1480,15357,Shane Reybold,UNC Wilmington,0.0,0.4,1.0,0.0
1481,15358,Cam Chambers,UNC Wilmington,0.0,1.0,0.0,1.0
1482,15360,Kammeon Holsey,Georgia Tech,0.8,0.40963855421686746,0.21052631578947367,0.0
1483,15362,Mikhail McLean,Houston,0.0,1.0,1.0,0.0
1484,15363,Darian Thibodeaux,Houston,0.0,0.4,0.5333333333333333,0.8857142857142857
1485,15367,Tyson Koehler,Southern Utah,0.0,0.5555555555555556,0.5833333333333334,0.0
1486,15368,Rodney Glasgow,VMI,0.0,0.23076923076923078,0.15384615384615385,0.7368421052631579
1487,15371,Doron Lamb,Kentucky,0.0,0.40384615384615385,0.2553191489361702,0.9736842105263158
1488,15373,Jarrod Polson,Kentucky,0.0,0.0,0.0,0.0
1489,15374,Terrence Jones,Kentucky,0.6896551724137931,0.43902439024390244,0.10526315789473684,0.9375
1490,15377,Cortney Bell,Prairie View A&M,1.0,0.38095238095238093,1.0,0.0
1491,15381,Dan Kenny,Mount St. Mary's,0.0,0.0,0.0,0.0
1492,15384,Marlon Louzeiro,Little Rock,1.0,0.7,0.75,0.0
1493,15386,Mychal Parker,Maryland,0.7777777777777778,0.40625,0.4,0.875
1494,15388,Chris Perez,New Mexico,0.0,1.0,0.0,0.0
1495,15400,Paul Garnica,Northern Colorado,0.0,0.1,0.0,0.7209302325581395
1496,15416,Kodi Maduka,Tulsa,0.75,0.5967741935483871,0.5652173913043478,0.0
1497,15418,Kedrick Hogans,North Texas,0.75,0.47619047619047616,0.4,0.0
1498,15422,James Carlton,Charleston,0.3333333333333333,0.42857142857142855,1.0,0.0
1499,15423,Nori Johnson,Charleston,0.6666666666666666,0.5,0.5,0.9428571428571428
1500,15424,Jordan Scott,Charleston,0.75,0.5,0.0,0.7083333333333334
1501,15425,Trent Wiedeman,Charleston,0.9375,0.620253164556962,0.22033898305084745,0.0
1502,15426,Ryan Whitehead,UTSA,0.0,0.0,0.0,0.0
1503,15427,Alex Vouyoukas,UTSA,1.0,0.6111111111111112,0.38461538461538464,1.0
1504,15428,Ishmael Hollis,Western Carolina,0.2,0.35714285714285715,0.875,0.9
1505,15429,Jeromie Hill,UTSA,0.8260869565217391,0.6506024096385542,0.6666666666666666,0.9705882352941176
1506,15433,C.J. Aiken,Saint Joseph's,0.8676470588235294,0.8072289156626506,0.4666666666666667,1.0
1507,15436,Patrick Robinson,Northwestern St.,1.0,0.5294117647058824,0.14285714285714285,0.8571428571428571
1508,15438,Tyler Wood,UTSA,0.0,0.6666666666666666,0.0,0.5
1509,15439,Jordan Sims,UTSA,0.0,0.0,0.0,0.75
1510,15440,Luke Wiest,Central Michigan,0.0,0.0,0.0,0.0
1511,15459,Lucas Eitel,Indiana St.,0.0,0.7142857142857143,0.5,1.0
1512,15460,Jake Odum,Indiana St.,0.0,0.018518518518518517,0.029411764705882353,0.4
1513,15461,Rj Mahurin,Indiana St.,1.0,0.65,0.4666666666666667,0.96875
1514,15481,Nathan Scheer,Missouri St.,0.0,0.25,0.6666666666666666,1.0
1515,15482,Corey Copeland,Missouri St.,0.0,0.2,0.25,1.0
1516,15484,Pierson Williams,Loyola MD,0.0,0.0,0.0,0.0
1517,15486,Walt Lemon Jr.,Bradley,0.0,0.16470588235294117,0.08,0.6551724137931034
1518,15489,Dylon Cormier,Loyola MD,0.0,0.1797752808988764,0.2,0.8823529411764706
1519,15492,Justin Drummond,Loyola MD,0.5555555555555556,0.4411764705882353,0.5,0.8823529411764706
1520,15497,Chris Smith,Louisville,0.6,0.5897435897435898,0.0625,0.8507462686567164
1521,15498,Lamar Thomas,Houston Christian,0.0,0.75,0.25,0.0
1522,15504,Anthony Stover,UCLA,1.0,0.4,0.0,0.0
1523,15529,Devon Moore,James Madison,1.0,0.39473684210526316,0.3939393939393939,0.16666666666666666
1524,15541,Cedric Jenkins,Southern Miss,0.0,0.16666666666666666,0.4,1.0
1525,15542,LaShay Page,Southern Miss,1.0,0.45,0.2903225806451613,0.7671232876712328
1526,15546,Mikel Trapp,Bethune Cookman,0.0,0.0,0.0,0.9
1527,15548,Garrius Holloman,Bethune Cookman,0.75,0.5466666666666666,0.42592592592592593,0.8461538461538461
1528,15550,Louis Montes,Sacred Heart,0.5,0.4461538461538462,0.4,0.6842105263157895
1529,15557,Antonio Williams,Coppin St.,0.75,0.618421052631579,0.5238095238095238,1.0
1530,15561,Carl Engstrom,Alabama,1.0,0.6,1.0,0.0
1531,15563,Shawn Jones,Middle Tennessee,0.84,0.7037037037037037,0.725,0.0
1532,15566,D.J. Haley,VCU,0.8,0.55,0.6363636363636364,0.0
1533,15568,Jae Crowder,Marquette,0.875,0.78125,0.39285714285714285,0.9344262295081968
1534,15569,Vander Blue,Marquette,0.8,0.5625,0.5,0.875
1535,15571,Davante Gardner,Marquette,0.75,0.5588235294117647,0.6,0.0
1536,15579,Brian Frank,Kent St.,0.0,0.0,0.0,1.0
1537,15590,Al'lonzo Coleman,Presbyterian,0.0,0.30701754385964913,0.20512820512820512,0.5
1538,15592,Josh Johnson,Presbyterian,0.0,0.47058823529411764,0.5,0.9782608695652174
1539,15595,T.J. Bray,Princeton,0.0,0.6451612903225806,0.2,0.9722222222222222
1540,15598,Ben Hazel,Princeton,0.0,1.0,0.0,1.0
1541,15601,Christophe Varidel,Florida Gulf Coast,0.0,0.5,0.2,0.7719298245614035
1542,15604,Chase Fieler,Florida Gulf Coast,0.6153846153846154,0.5217391304347826,0.08333333333333333,0.9523809523809523
1543,15605,L.C. Doss,Eastern Illinois,0.0,0.5555555555555556,0.4375,0.9705882352941176
1544,15610,Frederick Coleman,Southern,0.6666666666666666,0.5652173913043478,0.0,0.0
1545,15621,Jeremy Dean,Florida A&M,0.6153846153846154,0.3018867924528302,0.125,1.0
1546,15622,Brandon Hosely,Florida A&M,0.0,0.0,0.0,1.0
1547,15623,Reggie Lewis,Florida A&M,0.0,0.3793103448275862,0.18181818181818182,0.8113207547169812
1548,15626,P.J. Hubert,IU Indy,0.0,0.0,0.0,0.0
1549,15627,Donovan Gibbs,IU Indy,0.0,0.6666666666666666,0.7692307692307693,1.0
1550,15628,Mitchell Patton,IU Indy,1.0,0.5172413793103449,0.9166666666666666,1.0
1551,15639,Pendarvis Williams,Norfolk St.,0.3333333333333333,0.3333333333333333,0.14705882352941177,0.8235294117647058
1552,15645,Brandon Goode,Norfolk St.,1.0,0.2,0.0,0.0
1553,15646,Jordan Weathers,Norfolk St.,0.0,0.0,0.0,0.0
1554,15653,D.J. Magley,Tulsa,1.0,0.5714285714285714,0.7222222222222222,0.0
1555,15658,Delino Dear,Toledo,1.0,0.8823529411764706,0.25,0.0
1556,15659,Alex Dragicevich,Notre Dame,1.0,0.75,0.4,0.95
1557,15664,Tim Owens,Troy,0.6,0.4375,0.5,0.0
1558,15665,Eric Atkins,Notre Dame,0.0,0.26,0.1111111111111111,0.8222222222222222
1559,15670,Jerry Evans Jr.,Nevada,0.6666666666666666,0.41935483870967744,0.6111111111111112,1.0
1560,15673,Blake Jenkins,Belmont,0.8333333333333334,0.6545454545454545,0.375,1.0
1561,15674,Aliaksei Patsevich,SMU,1.0,0.6666666666666666,0.5,0.9090909090909091
1562,15675,Jeremiah Samarrippas,SMU,0.0,0.17647058823529413,0.047619047619047616,0.75
1563,15700,Justin Banks,Alabama A&M,0.875,0.6363636363636364,0.0,0.0
1564,15709,Troy Huff,North Dakota,0.6666666666666666,0.3191489361702128,0.18181818181818182,0.7727272727272727
1565,15719,Devon Saddler,Delaware,0.0,0.13333333333333333,0.12162162162162163,0.6610169491525424
1566,15723,Chase Plummer,UMBC,0.3333333333333333,0.3048780487804878,0.5,0.8823529411764706
1567,15733,Daniel Jones,Oregon St.,0.0,1.0,0.0,0.0
1568,15738,Cory Goodman,Lehigh,0.0,1.0,0.0,0.0
1569,15743,Alex Ogundadegbe,Binghamton,0.0,0.6666666666666666,0.7894736842105263,0.0
1570,15744,Robert Mansell,Binghamton,0.5,0.47540983606557374,0.25,0.96
1571,15745,K.J. Brown,Binghamton,0.0,0.0,0.0,0.0
1572,15751,Naofall Folahan,Wagner,0.8888888888888888,0.4222222222222222,0.5,0.0
1573,15752,Gary Stewart,Northwestern St.,0.0,0.2727272727272727,0.5,1.0
1574,15756,Orlando Parker,Wagner,1.0,0.7317073170731707,0.875,0.0
1575,15757,Latif Rivers,Wagner,0.0,0.32608695652173914,0.2631578947368421,0.8305084745762712
1576,15758,Travis McKie,Wake Forest,0.6470588235294118,0.6074766355140186,0.4857142857142857,0.9393939393939394
1577,15760,Nikita Mescheriakov,Wake Forest,0.5,0.44680851063829785,0.2631578947368421,0.9444444444444444
1578,15773,Charles McRoy,North Florida,1.0,0.45,0.14285714285714285,1.0
1579,15804,Stephen Madison,Idaho,0.6666666666666666,0.3387096774193548,0.4230769230769231,0.9347826086956522
1580,15831,Ashton Gibbs,Pittsburgh,0.0,0.3181818181818182,0.45,0.691358024691358
1581,15837,Kevin Perry,UTEP,0.0,1.0,0.0,0.0
1582,15841,DeJuan Wright,FIU,0.875,0.37037037037037035,0.25,0.7368421052631579
1583,15849,Tom Droney,Davidson,0.0,0.2692307692307692,0.5714285714285714,1.0
1584,15850,De'Mon Brooks,Davidson,0.6111111111111112,0.368,0.20833333333333334,0.8095238095238095
1585,15852,Chris Czerapowicz,Davidson,0.75,0.5714285714285714,0.3333333333333333,0.9516129032258065
1586,15853,Matt Pressey,Missouri,0.6,0.47368421052631576,0.7857142857142857,0.92
1587,15858,Lamar Kearse,NJIT,0.0,0.2857142857142857,0.13333333333333333,0.8518518518518519
1588,15861,Arjun Ohri,NJIT,0.0,0.3333333333333333,0.42857142857142855,0.9473684210526315
1589,15862,Kherel Silcott,NJIT,0.8571428571428571,0.6521739130434783,0.0,0.0
1590,15866,Romain Henry,Kennesaw St.,0.0,0.3,0.2,0.9230769230769231
1591,15869,Jordin Mayes,Arizona,0.0,0.5384615384615384,0.46153846153846156,0.85
1592,15870,Tyson Queen,McNeese St.,0.0,0.0,1.0,1.0
1593,15873,Mackey McKnight,Lehigh,0.0,0.26666666666666666,0.17647058823529413,0.7741935483870968
1594,15883,C.J. Washington,Oklahoma,0.0,0.3157894736842105,0.8571428571428571,0.0
1595,15887,Anthony Ianni,Michigan St.,0.0,1.0,0.0,0.0
1596,15896,Jordan Clarkson,Tulsa,0.3333333333333333,0.21212121212121213,0.10344827586206896,0.6744186046511628
1597,15897,Tim Peete,Tulsa,0.4,0.2222222222222222,0.05555555555555555,1.0
1598,15898,Dantrell Thomas,Nicholls St.,0.6,0.35,0.16666666666666666,0.8571428571428571
1599,15904,Shane Southwell,Kansas St.,0.3333333333333333,0.42857142857142855,0.24,1.0
1600,15906,Josh Cleveland,UT Rio Grande Valley,0.8235294117647058,0.7941176470588235,0.6153846153846154,0.0
1601,15908,Enique Mason,UT Rio Grande Valley,0.0,0.5882352941176471,0.75,0.0
1602,15919,Terry Tidwell,Central Arkansas,1.0,0.42857142857142855,0.6666666666666666,0.0
1603,15922,Jordan Harris,Bryant,0.0,0.3333333333333333,0.0,1.0
1604,15924,Mike Murray,Providence,0.0,1.0,0.0,0.0
1605,15926,Les Smith,Lafayette,0.0,0.0,0.25,0.625
1606,15938,Kevin Van Wijk,Valparaiso,0.6666666666666666,0.7862595419847328,0.7857142857142857,0.0
1607,15943,Ryan Allen,Milwaukee,0.7222222222222222,0.4225352112676056,0.26666666666666666,1.0
1608,15947,Brandon Riley,South Carolina St.,0.0,0.3064516129032258,0.36363636363636365,0.66
1609,15948,Joe Ikhinmwin,South Carolina St.,1.0,0.6176470588235294,0.6363636363636364,0.6666666666666666
1610,15949,Omar Sanders,South Carolina St.,0.6666666666666666,0.45121951219512196,0.4583333333333333,1.0
1611,15955,Caleb Willis,Pepperdine,0.0,0.22727272727272727,0.25,0.75
1612,15956,Scottie Haralson,Tulsa,0.0,0.5,0.32,0.8777777777777778
1613,15967,Sean Armand,Iona,0.0,0.3125,0.5,0.9620253164556962
1614,15968,Laurent Rivard,Harvard,0.0,0.3888888888888889,0.2,0.9354838709677419
1615,15972,Stephen Holt,Saint Mary's,0.0,0.43478260869565216,0.36363636363636365,0.9166666666666666
1616,15974,Matt Glass,Vermont,0.8333333333333334,0.5087719298245614,0.625,1.0
1617,15978,Sandro Carissimo,Vermont,0.0,0.10256410256410256,0.23076923076923078,0.6333333333333333
1618,15980,Brian Voelkel,Vermont,0.0,0.19230769230769232,0.14285714285714285,0.6
1619,15981,Clancy Rugg,Vermont,1.0,0.4883720930232558,0.4,1.0
1620,15985,Cameron Baskerville,Georgia Southern,1.0,0.6,0.38461538461538464,0.0
1621,15990,Cameron Bell,FIU,0.0,0.2962962962962963,0.6666666666666666,0.8
1622,15991,Jeremy Allen,FIU,0.4,0.28,0.25925925925925924,0.8653846153846154
1623,15996,Cliff Ederaine,Eastern Washington,0.7272727272727273,0.4050632911392405,0.17647058823529413,1.0
1624,16018,Pat Moore,Colgate,0.0,0.3939393939393939,0.3333333333333333,0.7924528301886793
1625,16027,Casey Prather,Florida,0.8,0.38461538461538464,0.2857142857142857,1.0
1626,16030,Patric Young,Florida,0.8035714285714286,0.6796116504854369,0.576271186440678,0.0
1627,16031,Will Yeguete,Florida,0.5,0.5,0.25,0.0
1628,16032,Scottie Wilbekin,Florida,0.0,0.25,0.0,0.9047619047619048
1629,16034,Rico Ferguson,Campbell,0.0,0.4444444444444444,0.5,1.0
1630,16036,Melvin Ejim,Iowa St.,0.8461538461538461,0.7297297297297297,0.6296296296296297,1.0
1631,16037,Marvelle Harris,Campbell,0.7142857142857143,0.6046511627906976,0.45,0.0
1632,16040,Anthony Horton,Campbell,0.0,1.0,0.6666666666666666,0.9473684210526315
1633,16041,Dwayne Evans,Saint Louis,1.0,0.46153846153846156,0.42857142857142855,1.0
1634,16042,Brian Daly,Saint Louis,0.0,0.0,0.0,0.0
1635,16049,Rob Loe,Saint Louis,1.0,0.75,0.6666666666666666,1.0
1636,16056,Jamal White,St. John's,0.0,0.0,0.0,1.0
1637,16060,Stephen Rogers,BYU,0.0,0.7777777777777778,0.26666666666666666,0.9333333333333333
1638,16063,Eric Moreland,Oregon St.,1.0,0.6071428571428571,0.375,1.0
1639,16067,Jahmal Burroughs,Chattanooga,1.0,0.6923076923076923,0.5,0.0
1640,16077,Dennis Kramer,San Diego,0.5,0.6071428571428571,0.5952380952380952,0.9230769230769231
1641,16080,Cheick Kone,TCU,0.0,0.0,0.0,0.0
1642,16092,Joseph Bertrand,Illinois,0.3333333333333333,0.42857142857142855,0.21311475409836064,0.6666666666666666
1643,16094,Jeremy Jeffers,Drake,0.0,0.10714285714285714,0.3684210526315789,0.8064516129032258
1644,16103,Petey Hausley,Appalachian St.,0.0,0.75,0.25,0.0
1645,16109,Matt Bush,Illinois Chicago,0.0,1.0,0.0,1.0
1646,16111,Jack Isenbarger,Elon,0.0,0.25,0.16666666666666666,0.8285714285714286
1647,16112,Ben Drayton,Georgia Southern,0.0,0.32,0.375,0.8666666666666667
1648,16116,Christopher Niemann,Nebraska,0.0,1.0,1.0,0.0
1649,16117,Alandise Harris,Houston,0.7777777777777778,0.5057471264367817,0.4883720930232558,0.8181818181818182
1650,16127,Chris Udofia,Denver,0.8157894736842105,0.5652173913043478,0.4827586206896552,0.9523809523809523
1651,16128,Josh Watkins,Utah,0.0,0.044444444444444446,0.045454545454545456,0.6363636363636364
1652,16133,Nate Lozeau,Portland St.,1.0,0.6923076923076923,0.5641025641025641,0.0
1653,16137,Richard Conner,Savannah St.,0.0,0.14285714285714285,0.3333333333333333,1.0
1654,16139,Jyles Smith,Savannah St.,0.8666666666666667,0.5714285714285714,0.5,0.0
1655,16147,Edwind McGhee,DePaul,0.0,0.5,1.0,1.0
1656,16148,Nick Cook,Jacksonville St.,0.9333333333333333,0.5666666666666667,0.5,0.0
1657,16151,Brian Williams,Jacksonville St.,0.6666666666666666,0.28205128205128205,0.0847457627118644,0.7307692307692307
1658,16155,Frankie Bougher,Jacksonville St.,1.0,1.0,0.6666666666666666,1.0
1659,16160,Kevin Noreen,West Virginia,0.0,0.5333333333333333,1.0,0.0
1660,16166,Brandon Crawford,Coastal Carolina,0.0,0.7142857142857143,1.0,0.0
1661,16168,Matt Vest,Wright St.,0.0,0.16666666666666666,0.0,1.0
1662,16170,Cole Darling,Wright St.,0.0,0.45,0.6,0.9285714285714286
1663,16171,Vance Hall,Wright St.,0.0,0.23076923076923078,0.25,1.0
1664,16176,Alex Tiffin,UC Davis,0.0,0.6296296296296297,0.2857142857142857,0.0
1665,16177,Donte Morales,UNC Wilmington,0.6,0.4411764705882353,0.09090909090909091,0.7777777777777778
1666,16178,Brandon Garrett,Murray St.,0.5555555555555556,0.4090909090909091,0.5,0.0
1667,16194,Mitch Woods,Appalachian St.,0.0,0.23076923076923078,0.0,0.8333333333333334
1668,16197,Brandon Young,DePaul,0.0,0.3764705882352941,0.07317073170731707,0.6944444444444444
1669,16199,Cleveland Melvin,DePaul,0.8823529411764706,0.6583333333333333,0.5662650602409639,0.875
1670,16203,Tyler Lamb,UCLA,0.5,0.45714285714285713,0.4166666666666667,0.9523809523809523
1671,16204,Lazeric Jones,UCLA,0.2857142857142857,0.27586206896551724,0.24444444444444444,0.782608695652174
1672,16216,Jeremy Ingram,North Carolina Central,1.0,0.25806451612903225,0.0,0.7741935483870968
1673,16217,David Best,North Carolina Central,0.0,0.0,0.0,0.0
1674,16220,Julian Norfleet,Mount St. Mary's,0.0,0.2978723404255319,0.27586206896551724,0.7971014492753623
1675,16223,Ryan Nicholas,Portland,0.0,0.6296296296296297,0.4794520547945205,1.0
1676,16224,Korey Thieleke,Portland,0.0,1.0,0.0,0.0
1677,16225,Derrick Rodgers,Portland,0.0,0.35294117647058826,0.13636363636363635,1.0
1678,16226,Riley Barker,Portland,0.0,0.5,0.5,0.0
1679,16228,Taylor Mossman,Portland,0.0,0.0,0.0,0.0
1680,16230,Tanner Riley,Portland,1.0,0.75,0.5,0.7647058823529411
1681,16233,Steve Baker,Green Bay,0.0,0.35294117647058826,0.3157894736842105,0.9166666666666666
1682,16235,Kam Cerroni,Green Bay,0.0,0.0,0.375,0.8983050847457628
1683,16236,Brandon Walters,Siena,1.0,0.6521739130434783,0.5833333333333334,0.0
1684,16238,Eric Valentin,Green Bay,0.0,0.0,0.0,0.0
1685,16240,Anthony Malhoit,Rhode Island,0.0,0.5,0.0,1.0
1686,16242,Daniel Turner,Green Bay,0.0,0.18181818181818182,0.3333333333333333,1.0
1687,16244,Khalil Kelley,Pacific,0.8333333333333334,0.6774193548387096,0.2777777777777778,0.0
1688,16249,J.R. Reynolds,Rice,0.0,0.0,0.0,0.0
1689,16254,Jesse Pritchard,Yale,0.0,0.14285714285714285,0.0,1.0
1690,16256,Isaiah Salafia,Yale,0.0,0.16666666666666666,0.0,0.8
1691,16258,Joshua Lowery,Pepperdine,0.0,0.30434782608695654,0.18518518518518517,0.7391304347826086
1692,16276,Quincy Ukaigwe,Chicago St.,1.0,0.8,0.5,0.0
1693,16278,Ardarius Simmons,Chicago St.,0.0,0.047619047619047616,0.225,0.5833333333333334
1694,16281,C.J. Oldham,Akron,0.0,0.25,0.0,0.0
1695,16284,Durrell Norman,Northern Arizona,1.0,0.6851851851851852,0.71875,1.0
1696,16291,Morgan Grim,Utah St.,0.5,0.6371681415929203,0.18181818181818182,0.0
1697,16301,Kinley Ogbonnaya-Branch,Arkansas St.,0.0,0.0,0.0,1.0
1698,16302,Finis Craddock,Central Michigan,0.0,0.26666666666666666,0.14285714285714285,1.0
1699,16311,Walter Jackson,Sacramento St.,0.0,0.47368421052631576,1.0,0.0
1700,16319,Bryan Hammond,Nicholls St.,0.0,0.34375,0.25,0.95
1701,16324,Gerald Chip Armelin,Minnesota,0.0,0.5151515151515151,0.75,1.0
1702,16325,Charlie Westbrook,South Dakota,0.5714285714285714,0.3595505617977528,0.3409090909090909,0.8888888888888888
1703,16326,Steve Tecker,South Dakota,0.0,0.6190476190476191,0.7391304347826086,0.9230769230769231
1704,16328,Chris Denson,Auburn,1.0,0.5,0.35714285714285715,0.8571428571428571
1705,16329,Adrian Forbes,Auburn,0.7142857142857143,0.5652173913043478,0.4,0.0
1706,16330,Trevor Gruis,South Dakota,0.0,0.6931818181818182,0.5,0.0
1707,16332,Griffin McKenzie,Xavier,1.0,1.0,0.0,0.0
1708,16344,Brandon Brekke,North Dakota,0.8888888888888888,0.6794871794871795,0.375,0.0
1709,16345,Nate Lubick,Georgetown,1.0,0.6666666666666666,0.6,1.0
1710,16349,McPherson Moore,Georgia Tech,0.0,0.0,0.0,1.0
1711,16352,Chris McNealy,UC Irvine,0.0,0.19230769230769232,0.43243243243243246,0.9285714285714286
1712,16359,Alex Francis,Bryant,0.6666666666666666,0.5220588235294118,0.5555555555555556,0.9230769230769231
1713,16361,Patrick Simon,Washington St.,0.0,0.5,1.0,1.0
1714,16366,Will DiIorio,Washington St.,0.0,0.8333333333333334,0.0,0.0
1715,16368,Caleb Walker,Nebraska,0.8333333333333334,0.8285714285714286,0.5833333333333334,0.9473684210526315
1716,16373,Todd Zafirovski,Duke,0.0,0.0,0.0,0.0
1717,16375,David Dupont,North Carolina,0.0,0.0,0.0,0.6666666666666666
1718,16376,Stewart Cooper,North Carolina,0.0,0.0,0.5,0.0
1719,16377,Patrick Crouch,North Carolina,0.0,0.0,0.0,1.0
1720,16380,Kendall Marshall,North Carolina,0.0,0.08571428571428572,0.047619047619047616,0.6428571428571429
1721,16383,Jordan Lawson,Delaware St.,0.0,0.0,0.0,0.0
1722,16384,Reggie Bullock,North Carolina,1.0,0.5238095238095238,0.59375,0.9577464788732394
1723,16398,Demetrious Smith,Arkansas Pine Bluff,0.0,0.0,0.0,1.0
1724,16406,Nasir Robinson,Pittsburgh,0.6,0.6346153846153846,0.5454545454545454,1.0
1725,16409,Jordan Prosser,Bradley,0.6666666666666666,0.717391304347826,0.673469387755102,0.0
1726,16424,Travon Woodall,Pittsburgh,0.0,0.3157894736842105,0.2,0.8367346938775511
1727,16431,Jean Selus,Illinois,0.0,0.0,0.0,0.0
1728,16449,Jenirro Bush,Jackson St.,0.625,0.5625,0.275,0.6666666666666666
1729,16453,Cameron Ayers,Bucknell,0.0,0.13043478260869565,0.3191489361702128,0.8909090909090909
1730,16456,Ted Bancroft,Providence,0.0,0.0,0.0,0.0
1731,16459,Phil Martin,UC Riverside,0.4166666666666667,0.2835820895522388,0.2463768115942029,0.6944444444444444
1732,16465,Jordan Finn,Nevada,0.0,0.5,0.6666666666666666,1.0
1733,16467,Johann Mpondo,Wright St.,0.6666666666666666,0.6190476190476191,0.48,0.0
1734,16470,Kevin Bradshaw,UC Riverside,0.75,0.5789473684210527,0.15,0.0
1735,16474,Daymond Cowlah,UC Riverside,0.0,0.0,0.0,0.8333333333333334
1736,16476,Kevin Olekaibe,Fresno St.,0.8333333333333334,0.4666666666666667,0.2826086956521739,0.7906976744186046
1737,16479,Tyler Johnson,Fresno St.,0.5,0.13513513513513514,0.1111111111111111,0.9545454545454546
1738,16490,David Stockton,Gonzaga,0.0,0.3,0.0,0.7
1739,16492,Antione Lundy,South Alabama,0.5,0.46296296296296297,0.5333333333333333,1.0
1740,16494,Kahlil McDonald,Western Kentucky,0.0,0.2631578947368421,0.25,0.8181818181818182
1741,16496,Kene Anyigbo,Western Kentucky,0.5,0.42857142857142855,0.0,0.0
1742,16497,Teeng Akol,Western Kentucky,0.7272727272727273,0.6363636363636364,0.6410256410256411,1.0
1743,16501,Evan Kelley,Sacred Heart,1.0,0.6363636363636364,0.3333333333333333,0.5714285714285714
1744,16505,Joshua Smith,UCLA,0.85,0.5882352941176471,0.4,0.0
1745,16508,Bj Shearry,UC Riverside,0.5454545454545454,0.5294117647058824,0.8571428571428571,0.0
1746,16509,William Pugh,Mississippi Valley St.,1.0,0.46153846153846156,0.4,1.0
1747,16516,Chip Rank,Northern Iowa,0.0,0.4782608695652174,0.375,0.8857142857142857
1748,16517,Trey Sumler,Western Carolina,0.0,0.2857142857142857,0.13725490196078433,0.7333333333333333
1749,16527,Andrew Ferry,Cornell,0.0,0.5,0.7,0.85
1750,16528,Ben Smith,Wichita St.,0.0,0.5945945945945946,0.5,0.9807692307692307
1751,16535,Jeffrey Kennings,Florida A&M,0.0,0.2,0.0,0.8333333333333334
1752,16546,Chris Talkington,Nicholls St.,0.0,0.75,0.625,0.8888888888888888
1753,16555,Travis Bader,Oakland,1.0,0.4444444444444444,0.4222222222222222,0.9435483870967742
1754,16559,Kendall Williams,New Mexico,0.8,0.46153846153846156,0.25,0.717948717948718
1755,16562,Ivan Matip,Cal St. Bakersfield,0.0,0.5,0.0,1.0
1756,16567,Rashad Savage,Cal St. Bakersfield,1.0,0.475,0.625,0.0
1757,16570,Jordan Mitchell,Cal St. Northridge,0.0,0.0,1.0,0.0
1758,16573,Jordan Wood,Montana,0.0,0.6,0.0,1.0
1759,16575,Art Steward,Montana,0.4,0.5783132530120482,0.6666666666666666,1.0
1760,16577,Rashaad Richardson,Georgia St.,0.75,0.6363636363636364,0.14285714285714285,0.9736842105263158
1761,16578,Kareem Jamar,Montana,0.0,0.29850746268656714,0.28,0.7391304347826086
1762,16592,Kadeem Batts,Providence,0.75,0.6774193548387096,0.9285714285714286,0.0
1763,16598,Tom Knight,Notre Dame,1.0,0.5833333333333334,0.6666666666666666,0.0
1764,16601,Storm Stanley,Saint Francis,1.0,0.45454545454545453,0.0,0.0
1765,16602,Scott Eatherton,Saint Francis,0.875,0.6715328467153284,0.5789473684210527,0.8333333333333334
1766,16603,Jon Taylor,Saint Francis,1.0,0.5,0.5,1.0
1767,16623,Jamarious Sykes,Jackson St.,0.0,0.0,0.0,0.0
1768,16626,Luke Apfeld,Vermont,0.6666666666666666,0.6881720430107527,0.9411764705882353,1.0
1769,16629,Brayden Carlson,South Dakota St.,0.0,0.8333333333333334,0.6666666666666666,0.8888888888888888
1770,16631,Tyler Lange,Northern Iowa,0.0,0.0,0.0,0.0
1771,16632,Matt Morrison,Northern Iowa,0.0,0.09090909090909091,0.0,0.8333333333333334
1772,16633,Aaron Bowen,Georgetown,1.0,0.6666666666666666,0.0,0.5
1773,16634,John Caprio,Georgetown,0.0,0.0,0.0,0.0
1774,16635,Ricardo Glenn,USC Upstate,0.6666666666666666,0.5353535353535354,0.4117647058823529,0.0
1775,16636,Markel Starks,Georgetown,0.0,0.46875,0.1,0.9428571428571428
1776,16639,Taylor Filipek,Eastern Kentucky,0.0,0.5,0.0,0.0
1777,16644,Levi Barnes,Samford,0.0,0.0,0.0,0.0
1778,16649,Marvin Baynham,Georgia Southern,0.0,0.0,0.0,0.0
1779,16650,Drew Windler,Samford,1.0,0.49019607843137253,0.22727272727272727,0.9814814814814815
1780,16655,Oren Faulk,Hartford,0.75,0.5625,0.0,0.0
1781,16656,Jordan McRae,Tennessee,0.75,0.34210526315789475,0.375,0.9117647058823529
1782,16663,Brian Hornstein,Army,0.0,1.0,0.6666666666666666,0.0
1783,16664,Josh Johnson,Army,1.0,0.6363636363636364,0.0,1.0
1784,16665,Pat Harris,Army,0.0,0.0,0.0,0.0
1785,16666,Keith Appling,Michigan St.,0.5,0.2987012987012987,0.13333333333333333,0.6666666666666666
1786,16667,Monty Brown,Mercer,1.0,0.6363636363636364,0.625,0.0
1787,16668,Paul Larsen,Mercer,0.0,0.25,0.4,0.0
1788,16669,Daniel Coursey,Mercer,0.926829268292683,0.7666666666666667,0.2647058823529412,0.0
1789,16670,Tyler Melville,Dartmouth,0.0,0.09523809523809523,0.045454545454545456,0.9090909090909091
1790,16671,Nick Jackson,Dartmouth,0.0,0.0,0.0,0.0
1791,16684,Anthony Brown,Stanford,0.0,0.19230769230769232,0.39473684210526316,0.8571428571428571
1792,16691,Clayton Heuer,Green Bay,0.0,0.0,1.0,1.0
1793,16698,Mirza Sabic,Kennesaw St.,1.0,0.5555555555555556,0.6,0.9411764705882353
1794,16706,Devon Archie,Iowa,0.7142857142857143,0.7272727272727273,0.0,0.0
1795,16717,Mike Harrell,Southeastern Louisiana,0.0,0.0,0.0,0.0
1796,16725,Wesley Fritz,Sam Houston St.,0.0,1.0,0.0,0.0
1797,16751,Matt Griffin,Boston University,0.0,0.0,0.25,0.7
1798,16752,Patrick Hazel,Boston University,0.9285714285714286,0.5272727272727272,0.2916666666666667,0.0
1799,16755,Bryce Cotton,Providence,1.0,0.6666666666666666,0.5,0.961038961038961
1800,16756,Lee Goldsbrough,Providence,0.0,0.25,1.0,1.0
1801,16760,Ethan Jacobs,Ohio,0.0,0.0,0.0,0.0
1802,16761,Ricardo Johnson,Ohio,0.3333333333333333,0.36363636363636365,1.0,1.0
1803,16762,T.J. Hall,Ohio,1.0,0.6818181818181818,0.6666666666666666,0.9545454545454546
1804,16763,Nick Kellogg,Ohio,0.0,0.26666666666666666,0.0,0.9259259259259259
1805,16775,Zach House,Southeast Missouri St.,0.0,0.5,0.0,0.0
1806,16776,Marcus Brister,Southeast Missouri St.,0.0,0.19402985074626866,0.0,0.0
1807,16778,Waylon Jones,Southeast Missouri St.,0.0,0.0,0.0,0.0
1808,16782,Tyreek Duren,La Salle,0.0,0.325,0.08108108108108109,0.6578947368421053
1809,16783,Juvonte Reddic,VCU,0.6764705882352942,0.5108695652173914,0.5263157894736842,0.0
1810,16784,Jeremy Underwood,North Carolina A&T,0.0,0.0,0.25,0.5
1811,16785,Enosch Wolf,Connecticut,0.0,0.0,0.0,0.0
1812,16788,Jamaal Franklin,San Diego St.,0.6875,0.5384615384615384,0.16,0.6666666666666666
1813,16790,Nino Williams,Kansas St.,0.0,0.5,0.0,1.0
1814,16797,Keith Thompson,Utah Valley,0.9166666666666666,0.4375,0.23076923076923078,0.9230769230769231
1815,16798,Zach Jones,Utah Valley,0.0,1.0,0.5,0.0
1816,16799,Tawaski King,Western Carolina,0.6666666666666666,0.38,0.125,0.0
1817,16806,Johnathan Loyd,Oregon,0.0,0.3076923076923077,0.0,0.9166666666666666
1818,16808,Tyrone Nared,Oregon,1.0,0.5,0.7142857142857143,0.75
1819,16809,Nicholas Lucenti,Oregon,0.0,0.0,0.0,0.0
1820,16814,Marvin Adu,Prairie View A&M,0.0,1.0,1.0,0.0
1821,16818,Shaun Smith,Mississippi St.,0.0,0.0,0.0,1.0
1822,16819,Renardo Sidney,Mississippi St.,0.8695652173913043,0.7321428571428571,0.5128205128205128,1.0
1823,16821,Chene Phillips,Liberty,0.0,0.0,0.6,0.0
1824,16825,Adreian Payne,Michigan St.,0.7096774193548387,0.6290322580645161,0.34285714285714286,0.0
1825,16826,Will Cook,Samford,0.0,0.5185185185185185,0.2,0.9393939393939394
1826,16827,Taylor Jones,Eastern Illinois,0.0,0.5,0.3333333333333333,1.0
1827,16832,Damian Eargle,Youngstown St.,0.7058823529411765,0.4857142857142857,0.38461538461538464,0.0
1828,16833,Dre Calloway,St. Francis NY,0.0,0.18181818181818182,0.0,0.0
1829,16834,Chris Bond,Ball St.,1.0,0.7543859649122807,0.38461538461538464,0.0
1830,16837,Dan Guest,George Washington,0.0,0.0,0.2857142857142857,1.0
1831,16841,Steven Cruz,Siena,0.0,0.0,0.0,0.0
1832,16845,Sean Starkey,Long Beach St.,0.0,1.0,0.6,1.0
1833,16851,Barry Smith,The Citadel,1.0,0.5454545454545454,0.2,0.75
1834,16852,DeVontae Wright,The Citadel,0.0,0.3,0.1875,0.782608695652174
1835,16854,John Bohannon,UTEP,1.0,0.6413043478260869,0.41304347826086957,0.0
1836,16862,Cliff Colimon,Eastern Washington,0.0,0.037037037037037035,0.06976744186046512,0.4915254237288136
1837,16864,Tremayne Johnson,Eastern Washington,0.5,0.36363636363636365,0.3125,1.0
1838,16866,Jaylen Henry,Eastern Washington,0.0,0.0,0.0,0.0
1839,16868,Drake U'u,Cal Poly,1.0,0.4482758620689655,0.0,0.8333333333333334
1840,16881,Thurgood Wynn,Navy,0.0,0.4583333333333333,1.0,1.0
1841,16883,Seth Curry,Duke,0.0,0.11428571428571428,0.19047619047619047,0.765625
1842,16884,Anton Larsen,Old Dominion,0.0,1.0,0.8333333333333334,1.0
1843,16886,James Loupos,Navy,0.0,0.6,0.25,1.0
1844,16887,Drew Crowell,Wofford,0.0,0.7058823529411765,0.6060606060606061,1.0
1845,16891,Brennan Wyatt,Navy,0.0,0.16666666666666666,0.0,1.0
1846,16906,Kameron Ritter,Saint Francis,0.2,0.125,0.0,1.0
1847,16908,Josh Armstrong,Jackson St.,0.0,0.0,0.5,0.0
1848,16923,Tyler Les,UC Davis,0.0,0.0,0.23076923076923078,0.875
1849,16925,Chris Crawford,Memphis,0.5,0.46875,0.3333333333333333,0.9215686274509803
1850,16937,Antonio Barton,Memphis,0.0,0.34375,0.3,0.8333333333333334
1851,16938,Joe Jackson,Memphis,0.3333333333333333,0.2033898305084746,0.2,0.8947368421052632
1852,16940,DuShawn Brooks,Youngstown St.,1.0,0.34615384615384615,0.6153846153846154,0.9361702127659575
1853,16947,Ryan Kilmartin,Tennessee,0.0,0.0,0.0,0.0
1854,16951,Trevor Wiseman,Hawaii,1.0,0.75,0.7419354838709677,1.0
1855,16954,Joston Thomas,Hawaii,0.7647058823529411,0.7049180327868853,0.43010752688172044,0.0
1856,16957,Zane Johnson,Hawaii,1.0,0.5,0.2,0.9452054794520548
1857,16958,Bobby Miles,Hawaii,0.0,0.4166666666666667,0.5,0.6666666666666666
1858,16963,Langston Hall,Mercer,0.0,0.3333333333333333,0.07317073170731707,0.855072463768116
1859,16968,Justin Cecil,Mercer,0.625,0.5294117647058824,0.391304347826087,0.9634146341463414
1860,16969,Kyle Tresnak,Weber St.,0.9375,0.5405405405405406,0.46,0.0
1861,16970,Jordan Richardson,Weber St.,0.0,0.25,0.5555555555555556,0.95
1862,16973,Rafael Portuondo,Florida St.,0.0,0.0,0.0,0.0
1863,16985,Eric Hutchison,Montana,1.0,0.7272727272727273,0.4,0.0
1864,16991,Jack Detmer,Lafayette,0.0,0.0,0.0,0.0
1865,16996,Robbie Lemons,Stanford,0.0,0.0,0.0,1.0
1866,17000,Will Triggs,Austin Peay,0.5,0.44,0.7058823529411765,0.0
1867,17003,TyShwan Edmondson,Austin Peay,0.6,0.4146341463414634,0.2631578947368421,0.711864406779661
1868,17015,Cameron Black,Bowling Green,1.0,0.5,0.5,0.0
1869,17018,Sedric Martin,Cal St. Fullerton,0.0,0.3684210526315789,0.3333333333333333,0.0
1870,17022,Anthony Ireland,Loyola Marymount,0.0,0.14754098360655737,0.06756756756756757,0.40425531914893614
1871,17023,Ayodeji Egbeyemi,Loyola Marymount,0.6666666666666666,0.38461538461538464,0.6666666666666666,0.9473684210526315
1872,17027,Earl Pettis,La Salle,0.0,0.48,0.22727272727272727,0.7413793103448276
1873,17040,Justin Black,Morgan St.,1.0,0.20689655172413793,0.0,0.7
1874,17046,Terone Johnson,Purdue,0.0,0.22580645161290322,0.2702702702702703,0.9090909090909091
1875,17047,Travis Carroll,Purdue,0.0,0.6,0.7307692307692307,1.0
1876,17054,Joey Asbury,Oakland,0.0,0.5,0.0,1.0
1877,17061,Andrew Stire,Army,0.0,0.7714285714285715,0.3333333333333333,0.0
1878,17064,Dwight McCombs,UCF,1.0,0.4166666666666667,0.0,0.0
1879,17065,Shemiye McLendon,Hofstra,0.0,0.2727272727272727,0.4074074074074074,0.9090909090909091
1880,17067,Drew McGhee,Miami OH,1.0,0.7714285714285715,0.6176470588235294,0.0
1881,17072,Donald Brooks,Houston,0.0,0.0,0.0,0.0
1882,17073,Josh Herbeck,Army,0.0,1.0,0.3181818181818182,0.9452054794520548
1883,17074,Chris Watson,Florida A&M,0.0,0.125,0.07142857142857142,0.8
1884,17075,Mike Terry Jr.,Boston University,0.0,0.18181818181818182,0.25,0.5
1885,17088,Ben O'Neill,Hartford,0.0,0.0,0.0,0.0
1886,17095,Allen Payne,Auburn,0.8,0.43478260869565216,1.0,1.0
1887,17098,Derek Craig,Georgia Tech,0.0,0.0,0.5,1.0
1888,17102,Andre Coimbra,Central Michigan,0.75,0.5,0.23529411764705882,0.9166666666666666
1889,17103,Jevon Harden,Central Michigan,1.0,0.5555555555555556,0.0,0.0
1890,17104,Derek Jackson,Central Michigan,0.6363636363636364,0.45161290322580644,0.2727272727272727,0.8636363636363636
1891,17111,Brian Bryant,Mississippi St.,0.3333333333333333,0.391304347826087,0.25,1.0
1892,17117,Holton Hunsaker,Utah Valley,0.0,0.15384615384615385,0.2916666666666667,0.6808510638297872
1893,17118,Jose Diaz,South Alabama,0.0,0.0,1.0,1.0
1894,17121,Isiah Williams,Utah Valley,0.0,0.20588235294117646,0.1509433962264151,0.7866666666666666
1895,17123,Justin Jackson,Cincinnati,0.5,0.3880597014925373,0.3,0.0
1896,17124,Crandall Head,Illinois,1.0,0.75,0.0,0.0
1897,17125,Meyers Leonard,Illinois,0.9411764705882353,0.7981651376146789,0.5,1.0
1898,17129,Luke Devlin,Albany,0.0,0.5862068965517241,0.6190476190476191,1.0
1899,17132,John Caleb Sanders,Liberty,0.0,0.5,0.2413793103448276,0.9622641509433962
1900,17141,Daniel Broughton,Arkansas Pine Bluff,1.0,0.4897959183673469,0.6363636363636364,0.8
1901,17142,Lavoris Weathers,Arkansas Pine Bluff,1.0,0.7272727272727273,0.6666666666666666,0.0
1902,17161,Augustine Rubit,South Alabama,0.8333333333333334,0.3473684210526316,0.5,0.0
1903,17162,Andre Gowins,South Alabama,0.0,0.0,0.0,0.0
1904,17164,Jesse Perry,Arizona,0.9285714285714286,0.6767676767676768,0.5405405405405406,1.0
1905,17165,Robert Aery,Oral Roberts,0.0,0.0,0.0,1.0
1906,17174,Steven Roundtree,Oral Roberts,0.6470588235294118,0.6185567010309279,0.3333333333333333,0.0
1907,17178,Antone Christian,Northern Illinois,0.0,0.0,0.4,0.9230769230769231
1908,17190,Pete Rakocevic,Sacramento St.,0.0,0.3333333333333333,0.5,0.0
1909,17193,Mardracus Wade,Arkansas,0.0,0.3333333333333333,0.2857142857142857,0.8285714285714286
1910,17194,Ramoan McAfee,Bethune Cookman,1.0,1.0,0.6,0.0
1911,17197,Chehales Tapscott,Portland St.,0.5,0.24242424242424243,0.25396825396825395,1.0
1912,17199,Kikko Haydar,Arkansas,0.0,0.0,0.0,1.0
1913,17200,Demarquelle Tabb,Alabama A&M,0.625,0.5609756097560976,0.42857142857142855,0.0
1914,17202,Charles Odum,Portland St.,0.5,0.12244897959183673,0.06976744186046512,0.8421052631578947
1915,17207,Josh Owens,Stanford,0.6666666666666666,0.5130434782608696,0.3387096774193548,0.0
1916,17223,Jawanza Poland,South Florida,0.7,0.5263157894736842,0.4375,0.7894736842105263
1917,17224,J.R. Cadot,TCU,0.8,0.43956043956043955,0.38461538461538464,0.8888888888888888
1918,17232,Maurice Jones,USC,0.0,0.14285714285714285,0.061224489795918366,0.52
1919,17250,Maverick Ahanmisi,Minnesota,0.0,0.35294117647058826,0.0,0.7
1920,17252,Austin Hollins,Minnesota,0.36363636363636365,0.4117647058823529,0.55,0.9607843137254902
1921,17254,Max Wiepking,Arizona,0.0,0.0,0.0,1.0
1922,17273,Akil Mitchell,Virginia,0.6923076923076923,0.575,0.6666666666666666,0.0
1923,17279,Jordan Howenstine,Oakland,0.0,0.0,0.0,0.0
1924,17280,Joe Harris,Virginia,0.3333333333333333,0.3333333333333333,0.5454545454545454,0.9387755102040817
1925,17281,Robert Boyd,Lipscomb,0.0,0.3076923076923077,0.0,0.8571428571428571
1926,17282,Billy Baron,Rhode Island,0.0,0.2857142857142857,0.16666666666666666,0.7586206896551724
1927,17284,Chad Rasmussen,Seattle,0.0,0.0,0.2,1.0
1928,17290,Quin Cooper,Southeastern Louisiana,0.0,0.0,0.0,0.8
1929,17291,Duje Dukan,Wisconsin,0.0,0.6666666666666666,1.0,0.0
1930,17292,Josh Gasser,Wisconsin,0.0,0.5666666666666667,0.0,0.9761904761904762
1931,17297,Elliott Berry,UC Riverside,0.0,0.7142857142857143,0.84,0.8333333333333334
1932,17306,Harrison Gaines,UC Riverside,0.0,0.0,0.0,1.0
1933,17310,Ryan McKeaney,Vermont,0.0,0.5,1.0,0.0
1934,17319,Josh Elbaum,Vermont,0.0,0.2857142857142857,0.0,0.0
1935,17321,Fred Newell,North Dakota St.,0.0,0.0,0.0,0.0
1936,17323,Taylor Braun,North Dakota St.,0.5,0.29545454545454547,0.45161290322580644,0.9166666666666666
1937,17324,Hippolyte Tsafack,Memphis,0.0,1.0,0.5,0.0
1938,17325,Trey Draper,Memphis,0.0,0.0,0.0,0.0
1939,17328,Matt Hasse,Austin Peay,0.0,0.0,1.0,0.0
1940,17330,Jareal Smith,Radford,0.0,0.21212121212121213,0.25,0.8378378378378378
1941,17332,Joel Vander Pol,Liberty,0.6,0.625,1.0,0.0
1942,17346,Clay Johnson,Arkansas Pine Bluff,0.0,0.4230769230769231,0.4,1.0
1943,17351,Antonnio Benton,Southeastern Louisiana,1.0,0.6153846153846154,0.5454545454545454,1.0
1944,17356,Dominique Ferguson,FIU,0.7619047619047619,0.44155844155844154,0.1111111111111111,1.0
1945,17360,Jeremy Campbell,Southeastern Louisiana,0.6666666666666666,0.38461538461538464,0.3953488372093023,0.8571428571428571
1946,17361,Andre Roberson,Colorado,0.6285714285714286,0.4722222222222222,0.5333333333333333,0.6111111111111112
1947,17362,Ben Mills,Colorado,0.0,0.0,0.0,0.0
1948,17381,Nick Minnerath,Detroit Mercy,1.0,1.0,0.5,1.0
1949,17382,Evan Bruinsma,Detroit Mercy,0.0,0.5483870967741935,0.5555555555555556,0.8
1950,17384,Ray McCallum,Detroit Mercy,0.5882352941176471,0.36936936936936937,0.2631578947368421,0.7666666666666667
1951,17390,C.J. McCollum,Lehigh,0.21052631578947367,0.2018348623853211,0.27710843373493976,0.5
1952,17395,Taylor Hoffer,UNC Greensboro,0.5,0.3333333333333333,0.6666666666666666,1.0
1953,17400,Stephen Nwaukoni,Hofstra,0.6666666666666666,0.5263157894736842,0.5,0.0
1954,17401,Dwan McMillan,Hofstra,0.0,0.3142857142857143,0.3125,1.0
1955,17406,Michael Murray,Coppin St.,1.0,0.5714285714285714,0.75,1.0
1956,17408,Allen Dickerson,Radford,0.0,0.0,0.0,1.0
1957,17412,Geddes Robinson,Utah Valley,1.0,0.4174757281553398,0.5714285714285714,0.0
1958,17414,Melvin Baker,Austin Peay,0.4,0.3333333333333333,0.6428571428571429,1.0
1959,17415,Raphiael Putney,Massachusetts,0.7777777777777778,0.5362318840579711,0.3,0.9433962264150944
1960,17426,Cameron Gunter,Penn,1.0,0.6666666666666666,0.0,0.0
1961,17431,John Morris,Central Michigan,0.0,0.0,0.0,1.0
1962,17446,Blake Smith,Radford,0.6666666666666666,0.5,0.47619047619047616,0.6428571428571429
1963,17450,Erik Swoope,Miami FL,0.6666666666666666,0.5882352941176471,0.8333333333333334,0.0
1964,17451,Steven Danridge,Grambling St.,1.0,0.5,0.6,0.0
1965,17454,Deonte Burton,Nevada,0.5,0.23255813953488372,0.047619047619047616,0.41379310344827586
1966,17467,Thomas Bropleh,Boise St.,0.3333333333333333,0.20833333333333334,0.15384615384615385,0.896551724137931
1967,17476,Steven Davis,Montana St.,0.0,0.0,0.0,0.0
1968,17479,Chad Johnson,Colgate,0.0,0.5,1.0,1.0
1969,17486,Reggie Chamberlain,UMKC,0.0,0.1388888888888889,0.075,0.5957446808510638
1970,17488,Liam Billings,Richmond,0.0,1.0,0.0,1.0
1971,17494,Josh Biber,Brown,0.0,0.7142857142857143,0.5,0.0
1972,17495,Jalen Courtney,LSU,0.0,0.0,0.3333333333333333,0.9
1973,17500,Josh McCarver,Sacramento St.,0.875,0.7727272727272727,0.5833333333333334,0.0
1974,17506,Joab Jerome,Winthrop,0.0,0.15789473684210525,0.38095238095238093,0.6666666666666666
1975,17508,Kendell Groom,Sacramento St.,0.0,0.0,0.0,0.0
1976,17509,Heath Hoffman,Sacramento St.,0.0,0.5,0.375,0.9333333333333333
1977,17510,Derrick Scott,Winthrop,0.0,0.0,0.0,0.0
1978,17511,Jackson Carbajal,Sacramento St.,1.0,0.55,0.46153846153846156,0.9583333333333334
1979,17512,Thomas Jacobs,Cal St. Northridge,0.0,0.0,0.5,0.0
1980,17518,Anthony Myles,Rider,0.6428571428571429,0.4418604651162791,0.2857142857142857,0.8837209302325582
1981,17519,Tommy Pereira,Rider,0.0,1.0,0.0,0.9
1982,17520,Daniel Stewart,Rider,0.9130434782608695,0.6422018348623854,0.7,0.0
1983,17521,Josh Greene,Cal St. Northridge,0.0,0.4117647058823529,0.22580645161290322,0.8431372549019608
1984,17523,Romario Souza,Louisiana Tech,1.0,0.7183098591549296,0.38095238095238093,0.0
1985,17529,Cordarius Johnson,Louisiana Tech,0.7142857142857143,0.32142857142857145,0.2,0.9821428571428571
1986,17532,Terrence Joyner,Mississippi Valley St.,0.0,0.3111111111111111,0.1875,0.8115942028985508
1987,17536,Chris Burke,Saint Peter's,0.5,0.6,0.46153846153846156,1.0
1988,17543,Tramar Sutherland,Little Rock,0.0,0.4090909090909091,0.5,1.0
1989,17545,D'Andre Williams,Little Rock,0.0,0.09259259259259259,0.1568627450980392,0.5757575757575758
1990,17569,Jalen Steele,Mississippi St.,0.0,0.42857142857142855,0.26666666666666666,0.9
1991,17573,Andrew Ryan,Campbell,0.0,0.4,0.25,1.0
1992,17580,Aaron Craft,Ohio St.,0.0,0.13559322033898305,0.06060606060606061,0.6956521739130435
1993,17586,Don Martin,Pepperdine,0.0,0.0,0.0,0.0
1994,17588,Jan Maehlen,Pepperdine,0.0,0.0,0.0,0.0
1995,17591,Mike Podolsky,Youngstown St.,0.0,0.0,0.0,0.5
1996,17594,Aaron Harwell,Sam Houston St.,0.0,0.07692307692307693,0.46153846153846156,1.0
1997,17598,Kendrick Perry,Youngstown St.,0.4,0.21621621621621623,0.11363636363636363,0.86
1998,17599,Blake Allen,Youngstown St.,0.0,0.2916666666666667,0.19047619047619047,0.8072289156626506
1999,17603,Josh Chojnacki,Youngstown St.,0.0,0.75,0.625,1.0
2000,17604,Jordair Jett,Saint Louis,1.0,0.2,0.4444444444444444,1.0
2001,17627,Renaldo Dixon,New Mexico St.,0.6666666666666666,0.6,1.0,1.0
2002,17628,Davante Drinkard,Southern Illinois,0.6,0.6666666666666666,0.42857142857142855,0.0
2003,17629,Christian Kabongo,New Mexico St.,0.0,0.3888888888888889,0.125,0.8
2004,17631,Tshilidzi Nephawe,New Mexico St.,0.75,0.5714285714285714,0.2857142857142857,0.0
2005,17632,Marshall Bjorklund,North Dakota St.,0.9230769230769231,0.625,0.3333333333333333,0.0
2006,17633,TrayVonn Wright,North Dakota St.,0.8095238095238095,0.625,0.43243243243243246,0.9166666666666666
2007,17634,Taylor Wayer,Indiana,0.0,0.0,0.0,0.0
2008,17635,Jeff Howard,Indiana,0.0,0.0,0.0,0.0
2009,17636,Ryan Parsons,Eastern Kentucky,0.0,0.0,0.0,0.0
2010,17638,Troy King,Tennessee Martin,0.0,0.375,0.43333333333333335,0.88
2011,17639,Omari Minor,Tennessee Martin,0.0,0.35294117647058826,0.18181818181818182,1.0
2012,17640,Mike Liabo,Tennessee Martin,0.0,0.4666666666666667,0.24489795918367346,0.8
2013,17642,Lorenzo Brown,N.C. State,0.45454545454545453,0.35365853658536583,0.19642857142857142,0.8148148148148148
2014,17643,Pierre Mopo,Tennessee Martin,0.0,0.0,0.0,0.0
2015,17644,Dane Smith,Tennessee Martin,0.5,0.4032258064516129,0.3548387096774194,1.0
2016,17651,Shane Gibson,Sacred Heart,0.0,0.4,0.36619718309859156,0.5632183908045977
2017,17666,Jack Houpt,Western Illinois,0.0,0.6,0.8,1.0
2018,17669,DeMarcus Grady,Northern Illinois,0.0,0.0,0.0,0.0
2019,17688,Will Spradling,Kansas St.,0.0,0.42857142857142855,0.5625,0.9148936170212766
2020,17704,Drew Gordon,New Mexico,0.7714285714285715,0.6507936507936508,0.6111111111111112,1.0
2021,17705,Gary Franklin,Baylor,0.0,0.0,0.0,0.8125
2022,17706,Jeff Powers,California,0.0,0.5,1.0,1.0
2023,17707,Phl Pressey,Missouri,0.2,0.03636363636363636,0.13636363636363635,0.42105263157894735
2024,17730,Josh Sewll,Miami OH,1.0,0.5,0.0,0.9032258064516129
2025,17731,Quinten Rollins,Miami OH,1.0,0.288135593220339,0.05263157894736842,1.0
2026,17735,Jacob Neubert,Baylor,0.0,0.0,0.0,0.0
2027,17740,Elisha Justice,Louisville,0.0,0.2,0.25,1.0
2028,17741,Andre Stringer,LSU,0.0,0.21052631578947367,0.3333333333333333,0.8863636363636364
2029,17745,Ahmad Starks,Oregon St.,0.0,0.2,0.12962962962962962,0.7792207792207793
2030,17754,Eric Buckner,Georgia St.,0.7272727272727273,0.6181818181818182,0.4827586206896552,0.0
2031,17757,Evan Smotrycz,Michigan,0.0,0.3103448275862069,0.4444444444444444,0.9459459459459459
2032,17758,Colton Christian,Michigan,0.0,1.0,0.0,0.0
2033,17767,Preston Purifoy,UAB,0.3333333333333333,0.6470588235294118,0.42857142857142855,0.9454545454545454
2034,17768,Beas Hamga,UAB,0.0,1.0,1.0,0.0
2035,17769,Wesley Dunning,Hampton,0.5,0.4444444444444444,0.8333333333333334,1.0
2036,17782,Raphael Akpejiori,Miami FL,0.0,0.4444444444444444,0.0,0.0
2037,17783,Rion Brown,Miami FL,0.5555555555555556,0.46153846153846156,0.47368421052631576,0.975609756097561
2038,17789,Ricardo Ratliffe,Missouri,0.9375,0.6878612716763006,0.40540540540540543,0.0
2039,17790,Travis Robinson,Boston University,0.0,0.375,0.6666666666666666,0.9642857142857143
2040,17793,Josh Brown,Louisiana,0.6153846153846154,0.49206349206349204,0.391304347826087,0.8823529411764706
2041,17795,Scottie Farrington,Louisiana,0.8333333333333334,0.4375,0.0,0.0
2042,17797,Bryant Mbamalu,Louisiana,0.0,0.39473684210526316,0.25925925925925924,0.8947368421052632
2043,17799,David Perez,Louisiana,0.0,0.6666666666666666,0.0,0.8571428571428571
2044,17806,Matthew Dorwart,Creighton,0.0,0.0,0.0,1.0
2045,17815,Mitch Roelke,Milwaukee,0.0,1.0,0.0,0.6666666666666666
2046,17820,Caleb Dean,Western Michigan,0.0,1.0,1.0,0.0
2047,17821,Richard Brown,Furman,0.0,0.09523809523809523,0.0,0.9090909090909091
2048,17824,C.J. Garner,LIU,0.0,0.38461538461538464,0.07692307692307693,1.0
2049,17825,Jason Brickman,LIU,0.0,0.09090909090909091,0.0,0.5961538461538461
2050,17826,Robinson Odoch Opong,LIU,0.0,0.0,0.0,1.0
2051,17831,Malcoln Kirkland,Arkansas St.,0.6111111111111112,0.35,0.42424242424242425,0.0
2052,17836,Alberto Damour,South Florida,0.0,1.0,0.0,0.0
2053,17843,Ben Cherry,Tulane,0.0,0.0,0.0,1.0
2054,17844,Antonio Bostic,Stephen F. Austin,0.0,0.45454545454545453,0.6075949367088608,0.92
2055,17845,Darius Gardner,Stephen F. Austin,0.0,0.0,0.2,0.76
2056,17852,J.L. Lewis,Louisiana Tech,0.0,0.5,0.46153846153846156,1.0
2057,17854,Terrell Stoglin,Maryland,0.0,0.13333333333333333,0.13095238095238096,0.6373626373626373
2058,17855,Jamar Wertz,UMBC,0.0,0.3333333333333333,0.058823529411764705,0.8888888888888888
2059,17870,Marcus Heemstra,South Dakota St.,0.0,0.6666666666666666,0.5714285714285714,0.0
2060,17871,Jordan Dykstra,South Dakota St.,1.0,0.45454545454545453,0.3548387096774194,0.98
2061,17874,LaVonte Dority,South Florida,0.0,0.3333333333333333,0.0,1.0
2062,17880,Dave Dudzinski,Holy Cross,0.75,0.640625,0.8260869565217391,1.0
2063,17893,JaQuon Parker,Cincinnati,0.0,0.3023255813953488,0.3,0.9230769230769231
2064,17898,Carlton Guyton,Kent St.,1.0,0.425,0.03571428571428571,0.5952380952380952
2065,17899,Michael Porrini,Kent St.,0.0,0.3333333333333333,0.26666666666666666,0.90625
2066,17901,Eric Gaines,Kent St.,0.5,0.3076923076923077,0.16666666666666666,1.0
2067,17902,Ryley Beaumont,Elon,0.6666666666666666,0.5869565217391305,0.2571428571428571,1.0
2068,17913,Bernard James,Florida St.,0.7222222222222222,0.6060606060606061,0.44,0.0
2069,17914,Jon Kreft,Florida St.,0.8333333333333334,0.5652173913043478,0.1875,0.0
2070,17915,Kenyon McNeail,Louisiana Tech,0.0,0.19047619047619047,0.07692307692307693,0.6388888888888888
2071,17916,Scott Morris,New Hampshire,0.0,0.0,0.0,0.9333333333333333
2072,17917,Nick Niemczyk,Southeast Missouri St.,0.0,0.14285714285714285,0.4642857142857143,0.8837209302325582
2073,17919,Jordon Bronner,New Hampshire,0.0,0.058823529411764705,0.0,0.5833333333333334
2074,17921,Reginald Martin,Alabama A&M,0.0,0.0,0.8181818181818182,0.0
2075,17923,Brandon Ellis,Alabama A&M,1.0,0.45161290322580644,0.7,0.96
2076,17925,Ian Miller,Florida St.,0.0,0.4,0.1724137931034483,0.7647058823529411
2077,17926,Okaro White,Florida St.,0.6842105263157895,0.48333333333333334,0.45,0.8181818181818182
2078,17928,Anthony Cousin,Illinois St.,0.0,0.2,0.4,0.8
2079,17935,Troy Brewer,American,0.5,0.5,0.35,0.8703703703703703
2080,17937,Blaise Ffrench,Saint Peter's,0.0,0.2916666666666667,0.3333333333333333,0.0
2081,17939,Trey Blue,Illinois St.,0.0,0.0,1.0,0.5
2082,17943,Lamount Samuell,Fordham,0.0,0.21428571428571427,0.0,0.5
2083,17946,Dwight Powell,Stanford,0.8888888888888888,0.5853658536585366,0.3870967741935484,1.0
2084,17948,Michael Kibiloski,Purdue Fort Wayne,0.0,0.55,0.7777777777777778,0.9230769230769231
2085,17954,Jeremiah Ostrowski,Hawaii,0.0,0.3157894736842105,0.125,1.0
2086,17971,Kaipo Sabas,Colorado St.,0.0,0.2222222222222222,0.5,1.0
2087,17978,Dundrecous Nelson,Mississippi,0.0,0.07142857142857142,0.0,0.92
2088,17980,Rob Jones,Saint Mary's,0.8571428571428571,0.4943820224719101,0.29310344827586204,0.9375
2089,17981,Kurt Alexander,Drake,0.0,0.034482758620689655,0.06,0.7058823529411765
2090,17983,Nick Williams,Mississippi,0.3333333333333333,0.5238095238095238,0.5285714285714286,1.0
2091,17989,Billy Molinari,Western Illinois,0.0,0.0,0.0,1.0
2092,18008,Mark Henniger,Kent St.,0.0,0.5,1.0,0.0
2093,18025,Osas Ebomwonyi,Lamar,0.7368421052631579,0.6,0.5,0.0
2094,18035,Jared Sullinger,Ohio St.,0.875,0.576271186440678,0.3404255319148936,0.875
2095,18039,Lucas Troutman,Elon,0.71875,0.5384615384615384,0.42857142857142855,0.0
2096,18045,Tyler Olander,Connecticut,0.5555555555555556,0.5357142857142857,0.8148148148148148,1.0
2097,18046,Niels Giffey,Connecticut,1.0,0.4444444444444444,0.8571428571428571,1.0
2098,18050,Brandon Edwards,UT Arlington,0.8571428571428571,0.5263157894736842,0.75,1.0
2099,18051,Jeremy Lamb,Connecticut,0.782608695652174,0.6567164179104478,0.35443037974683544,0.8309859154929577
2100,18055,Deshaun Thomas,Ohio St.,1.0,0.59,0.43010752688172044,1.0
2101,18063,Travis Releford,Kansas,0.8333333333333334,0.5384615384615384,0.2857142857142857,0.9230769230769231
2102,18066,Jordan Sibert,Ohio St.,0.5,0.4,0.0,1.0
2103,18075,Jamal Johnson,Cal Poly,0.0,0.125,0.5,0.5
2104,18083,Ben Whitlatch,William & Mary,0.0,0.0,0.0,1.0
2105,18084,Julian Boatner,William & Mary,0.0,0.75,1.0,0.96875
2106,18085,Tim Rusthoven,William & Mary,0.75,0.6153846153846154,0.6,0.0
2107,18086,Brandon Britt,William & Mary,0.0,0.2413793103448276,0.2222222222222222,0.8947368421052632
2108,18087,Maliik Love,Cal Poly,0.0,0.5263157894736842,0.16666666666666666,1.0
2109,18088,Fred Heldring,William & Mary,1.0,0.46153846153846156,0.4,1.0
2110,18093,Brandon McGee,Georgia St.,1.0,0.42105263157894735,0.0,0.9411764705882353
2111,18096,Josh Micheaux,Georgia St.,0.3333333333333333,0.25,0.18181818181818182,0.8
2112,18097,Devonta White,Georgia St.,0.0,0.3018867924528302,0.125,0.8490566037735849
2113,18100,Aksel Bolin,Northern Illinois,0.5,0.40540540540540543,0.5833333333333334,0.8333333333333334
2114,18104,Danny Agbelese,Hampton,0.6363636363636364,0.578125,0.6,0.0
2115,18108,Corey Jackson,Long Beach St.,0.0,0.0,0.0,0.0
2116,18109,Kenny Harris,Evansville,0.625,0.44,0.5,0.9090909090909091
2117,18110,Edis Dervisevic,Long Beach St.,0.0,0.7058823529411765,0.48148148148148145,1.0
2118,18111,Brandon Williams,Evansville,0.0,0.0,0.0,0.0
2119,18112,Matt Peeler,Evansville,0.0,0.6,0.0,0.0
2120,18114,Jordan Jahr,Evansville,0.0,0.5,0.3333333333333333,1.0
2121,18119,Daniel Miller,Georgia Tech,0.7727272727272727,0.676923076923077,0.6,0.0
2122,18123,Igor Nujic,UTSA,0.0,0.6052631578947368,0.25,0.9166666666666666
2123,18125,Javon McCrea,Buffalo,0.7142857142857143,0.5443037974683544,0.5862068965517241,0.0
2124,18128,Ray Jones Jr.,Southern Utah,0.625,0.4791666666666667,0.5384615384615384,0.8260869565217391
2125,18130,Derrick Williams,Richmond,0.7142857142857143,0.5494505494505495,0.5,1.0
2126,18131,Cedrick Lindsay,Richmond,0.0,0.2127659574468085,0.10714285714285714,0.7
2127,18132,Ramell Taylor,Southern Utah,0.6363636363636364,0.46296296296296297,0.6428571428571429,1.0
2128,18135,Demondre Champman,Prairie View A&M,0.5,0.3235294117647059,0.25,0.0
2129,18141,Ben Aird,Utah Valley,0.5,0.6507936507936508,0.8484848484848485,0.5
2130,18142,Devin Oliver,Dayton,0.5384615384615384,0.5833333333333334,0.6153846153846154,1.0
2131,18144,Ike Azotam,Quinnipiac,0.8695652173913043,0.5590062111801242,0.34146341463414637,0.0
2132,18147,Matt Stainbrook,Western Michigan,1.0,0.5943396226415094,0.4594594594594595,1.0
2133,18149,Dan Loney,Western Michigan,0.0,0.7,0.5,0.0
2134,18150,Deremy Geiger,Idaho,0.0,0.28,0.125,0.9240506329113924
2135,18157,Hollis Thompson,Georgetown,0.6666666666666666,0.5846153846153846,0.26666666666666666,0.9298245614035088
2136,18164,Alphonso Leary,Howard,1.0,0.675,0.2222222222222222,0.0
2137,18166,Clinton Cuffee,Howard,0.0,0.0,1.0,0.0
2138,18168,Denzel Brito,Loyola Chicago,0.0,0.0,0.10526315789473684,0.9523809523809523
2139,18172,Brandon Frazier,Fordham,0.5,0.2826086956521739,0.23529411764705882,0.8536585365853658
2140,18173,Kervin Bristol,Fordham,0.8888888888888888,0.6666666666666666,0.7916666666666666,0.0
2141,18181,Cole Dickerson,San Francisco,0.0,0.34,0.5,0.9444444444444444
2142,18189,Dominique O'Connor,San Francisco,0.0,0.16666666666666666,0.125,1.0
2143,18192,Kyle Boswell,UC Santa Barbara,0.0,0.625,0.6666666666666666,1.0
2144,18197,Shane Porchea,USC Upstate,0.0,0.3333333333333333,0.0,0.0
2145,18199,Cameron Downing,Buffalo,1.0,0.9166666666666666,0.6666666666666666,0.0
2146,18200,Auraum Nuiriankh,Buffalo,0.0,0.0,0.3333333333333333,0.9333333333333333
2147,18203,Jarod Oldham,Buffalo,0.0,0.08,0.2,0.7857142857142857
2148,18206,Hugh Robertson,South Florida,0.7037037037037037,0.6056338028169014,0.7,1.0
2149,18207,Carrick Felix,Arizona St.,0.4117647058823529,0.46938775510204084,0.5333333333333333,0.9473684210526315
2150,18211,Jordan Bachynski,Arizona St.,0.75,0.6595744680851063,0.625,0.0
2151,18212,Chanse Creekmur,Arizona St.,0.0,0.3333333333333333,0.0,0.9230769230769231
2152,18218,Ben Brackney,Bucknell,0.0,0.75,0.5555555555555556,0.9230769230769231
2153,18219,Ryan Hill,Bucknell,0.0,0.0,0.2,1.0
2154,18220,Petar Torlak,East Carolina,0.0,0.0,1.0,0.0
2155,18230,Bo Ingram,UT Arlington,0.0,0.40540540540540543,0.41935483870967744,0.9375
2156,18233,Ryan Watkins,Boise St.,0.8,0.5483870967741935,0.5833333333333334,0.0
2157,18239,Sean Kilpatrick,Cincinnati,1.0,0.3,0.5151515151515151,0.8695652173913043
2158,18241,Jeff Elorriaga,Boise St.,0.0,0.5,0.0,0.8157894736842105
2159,18242,Tanner Hoyt,Liberty,0.0,0.0,0.0,0.0
2160,18257,Jeff Budinich,Montana St.,0.0,0.0,0.7142857142857143,1.0
2161,18261,Paul Crosby,Mississippi Valley St.,0.8333333333333334,0.4473684210526316,0.45,0.9166666666666666
2162,18262,Falando Jones,Mississippi Valley St.,0.5,0.2702702702702703,0.6,0.9523809523809523
2163,18265,Daniel King,Texas Southern,0.5,0.6923076923076923,0.8,0.0
2164,18266,Omar Wattad,Chattanooga,0.0,0.16666666666666666,0.2608695652173913,0.8378378378378378
2165,18267,Keithtrick Denson,Texas Southern,1.0,1.0,0.0,0.0
2166,18273,Joe Kammerer,Idaho,0.0,0.5714285714285714,0.3333333333333333,0.0
2167,18274,Andre Hardy,Cal St. Fullerton,0.0,0.5882352941176471,0.2857142857142857,0.0
2168,18283,Bernard Kamwa,UMKC,1.0,0.7,0.0,0.0
2169,18284,Brandon Provost,UT Rio Grande Valley,0.0,0.2916666666666667,0.0,0.8382352941176471
2170,18286,Jeff Johnson,Eastern Kentucky,0.0,0.8148148148148148,1.0,0.8333333333333334
2171,18287,Jaron Jones,Eastern Kentucky,0.0,0.32142857142857145,0.25,0.85
2172,18291,Jeff Allgood,Eastern Kentucky,0.0,0.0,0.0,0.96
2173,18292,Peter Rehnquist,Boston College,0.0,0.0,0.0,0.0
2174,18294,Ehimen Orukpe,Wichita St.,1.0,0.9,0.4,0.0
2175,18296,Kenton Walker II,Saint Mary's,0.875,0.7428571428571429,0.75,0.0
2176,18298,Jabs Newby,Eastern Kentucky,0.0,0.09090909090909091,0.0,1.0
2177,18311,Drew Kelly,Morehead St.,0.75,0.4,0.52,1.0
2178,18313,Dionte Ferguson,Morehead St.,0.0,0.0,0.0,0.0
2179,18316,Amric Fields,TCU,0.7142857142857143,0.5714285714285714,0.76,0.8666666666666667
2180,18319,Jarvis Ray,TCU,0.0,0.3333333333333333,1.0,1.0
2181,18320,Thomas Montigel,TCU,0.0,1.0,0.0,1.0
2182,18322,Hank Thorns,TCU,0.0,0.125,0.06666666666666667,0.5405405405405406
2183,18324,John Cahill,Boston College,0.0,0.5,0.0,0.9375
2184,18327,Jonathan Nicely,North Carolina Central,0.0,0.0,1.0,0.0
2185,18328,Berend Weijs,Maryland,1.0,0.7777777777777778,0.3333333333333333,0.0
2186,18331,Drew Absher,VMI,0.0,0.0,0.0,0.0
2187,18332,D.J. Covington,VMI,0.75,0.7307692307692307,0.7222222222222222,0.0
2188,18333,Goran Pantovic,Drexel,0.0,1.0,1.0,0.0
2189,18344,Terrell Allen,Central Connecticut,0.0,0.38461538461538464,1.0,0.0
2190,18345,Alasdair Fraser,Maine,1.0,0.6363636363636364,0.723404255319149,0.0
2191,18349,Jake Lerner,Drexel,0.0,0.0,0.0,0.0
2192,18354,Brandon Moore,FIU,0.0,0.29411764705882354,0.5833333333333334,0.0
2193,18358,Mark LaPorte,Central Connecticut,0.0,0.0,0.0,1.0
2194,18360,Jonathan Graham,Penn St.,1.0,0.6363636363636364,0.6363636363636364,0.0
2195,18363,Nate Perry,Youngstown St.,0.0,0.0,0.0,0.9166666666666666
2196,18367,Josh Schuler,North Dakota,0.0,1.0,0.14285714285714285,0.8846153846153846
2197,18374,Perry Jones III,Baylor,0.8780487804878049,0.6195652173913043,0.5454545454545454,0.9
2198,18375,Bradley Gay,UT Arlington,0.0,0.375,0.3157894736842105,0.9565217391304348
2199,18376,Shaquille White-Miller,UT Arlington,0.0,0.0,0.041666666666666664,0.6666666666666666
2200,18378,Stuart Lagerson,UT Arlington,1.0,0.75,1.0,0.0
2201,18380,Chris Kurz,Boston University,0.0,0.0,0.0,0.0
2202,18382,Josh Huestis,Stanford,0.4444444444444444,0.3225806451612903,0.3333333333333333,1.0
2203,18388,Orlando Brown,Cal St. Fullerton,1.0,0.2857142857142857,1.0,1.0
2204,18393,Mitchell Deter,Charleston Southern,0.0,0.0,0.0,1.0
2205,18394,Tramar Beaman,North Carolina Central,0.0,0.0,0.0,0.625
2206,18395,Francisco Cruz,Wyoming,0.0,0.14285714285714285,0.22033898305084745,0.8571428571428571
2207,18401,Stephen Wilson,Savannah St.,0.0,0.0,0.0,0.7777777777777778
2208,18402,Joshua Montgomery,Savannah St.,0.0,0.4444444444444444,0.75,1.0
2209,18410,Angelo Davis,Savannah St.,0.0,0.0,0.0,0.0
2210,18413,Lamont Austin,Morehead St.,0.0,0.0,0.2857142857142857,0.8571428571428571
2211,18415,Markel Brown,Oklahoma St.,0.6521739130434783,0.3793103448275862,0.36666666666666664,0.7727272727272727
2212,18419,Dennis Ogbe,Tennessee Tech,1.0,0.6153846153846154,0.8,1.0
2213,18421,Liam McMorrow,Tennessee Tech,0.7857142857142857,0.7575757575757576,0.75,0.0
2214,18427,Tim Toler,Northern Illinois,0.0,0.5238095238095238,0.7,0.8095238095238095
2215,18428,Christopher Spears,Savannah St.,0.0,0.0,0.0,0.0
2216,18431,Mike Cobbins,Oklahoma St.,0.6153846153846154,0.5909090909090909,0.7777777777777778,0.0
2217,18435,Thomas Odom,Charleston Southern,0.0,0.0,0.0,1.0
2218,18438,Travis Jones,Texas St.,0.0,0.4583333333333333,0.375,0.825
2219,18449,Ted Wang,Texas A&M Corpus Chris,1.0,0.4,0.6666666666666666,0.0
2220,18451,Ron Anderson Jr.,South Florida,0.0,0.589041095890411,0.42857142857142855,0.0
2221,18466,Aerris Smith,Wofford,1.0,0.6666666666666666,0.5,0.0
2222,18477,Roberto Nelson,Oregon St.,0.5,0.37142857142857144,0.22727272727272727,0.8
2223,18478,Rhys Murphy,Oregon St.,1.0,0.6666666666666666,0.0,1.0
2224,18491,Drew Parker,UNC Greensboro,0.0,0.2,0.2,0.575
2225,18492,David Williams,UNC Greensboro,0.5454545454545454,0.44642857142857145,0.2,1.0
2226,18493,Aloysius Henry,UNC Greensboro,0.875,0.5333333333333333,0.3888888888888889,1.0
2227,18494,Tyler McNeely,UNC Greensboro,0.0,0.0,0.0,0.0
2228,18495,Trevis Simpson,UNC Greensboro,0.7777777777777778,0.5370370370370371,0.14492753623188406,0.7368421052631579
2229,18496,Aaron Brackett,UNC Greensboro,0.6,0.42857142857142855,0.5714285714285714,0.0
2230,18497,Cody Henegar,UNC Greensboro,0.0,0.0,1.0,1.0
2231,18498,Antoine Mason,Niagara,0.6666666666666666,0.273972602739726,0.2033898305084746,0.8055555555555556
2232,18500,Marvin Jordan,Niagara,0.0,0.125,0.0,0.8313253012048193
2233,18501,Matthew Wright,St. Bonaventure,1.0,0.29411764705882354,0.47058823529411764,0.9
2234,18503,Calvin Douglas,San Jose St.,0.0,0.3333333333333333,0.5,0.8888888888888888
2235,18509,Will Sheehey,Indiana,1.0,0.5,0.4411764705882353,0.9444444444444444
2236,18513,Victor Oladipo,Indiana,0.5172413793103449,0.41509433962264153,0.15,0.9
2237,18516,Shabazz Napier,Connecticut,0.0,0.10416666666666667,0.034482758620689655,0.559322033898305
2238,18526,Talib Zanna,Pittsburgh,0.9523809523809523,0.5925925925925926,0.5,0.0
2239,18529,Dante Taylor,Pittsburgh,0.8275862068965517,0.6575342465753424,0.7692307692307693,0.0
2240,18530,Lamar Patterson,Pittsburgh,0.5,0.36065573770491804,0.3333333333333333,0.975609756097561
2241,18531,Nick Rivers,Pittsburgh,0.0,0.0,0.0,0.0
2242,18534,Devin Long,Cleveland St.,0.0,0.5,0.5,0.0
2243,18536,Lonnie Smith,Louisiana Tech,0.0,0.6666666666666666,0.0,1.0
2244,18538,Brandon Boggs,Western Carolina,0.3333333333333333,0.28,0.10526315789473684,0.8780487804878049
2245,18540,Aaron Bright,Stanford,0.0,0.08823529411764706,0.12903225806451613,0.7464788732394366
2246,18545,Alex Baird,Texas A&M,0.0,0.0,0.0,0.0
2247,18547,Ralph Watts,Albany,0.0,0.3333333333333333,0.3333333333333333,0.8888888888888888
2248,18548,John Puk,Albany,1.0,0.7058823529411765,0.8333333333333334,0.0
2249,18550,Marcus James,Sam Houston St.,0.7142857142857143,0.647887323943662,0.6,0.8333333333333334
2250,18562,Louis Ellis,Northwestern St.,0.0,0.18421052631578946,0.13333333333333333,0.8
2251,18566,Josh Seligson,UNC Asheville,0.0,0.5,0.0,0.0
2252,18576,C.J. Leslie,N.C. State,0.7619047619047619,0.5202702702702703,0.225,1.0
2253,18577,Tyler Thornton,Duke,0.0,0.0,0.5,0.9629629629629629
2254,18578,Josh Hairston,Duke,0.5,0.6,0.9090909090909091,0.0
2255,18581,Jamar Taylor,Georgia St.,0.0,0.0,1.0,0.0
2256,18582,Preston Ross,Western Carolina,0.6,0.3,0.5,1.0
2257,18584,Matt Kamieniecki,Ball St.,0.0,0.65,1.0,0.0
2258,18586,Trevor Releford,Alabama,0.0,0.2235294117647059,0.19230769230769232,0.8571428571428571
2259,18590,Karam Mashour,UNLV,1.0,0.75,0.0,1.0
2260,18591,Quintrell Thomas,UNLV,0.7142857142857143,0.7027027027027027,0.5555555555555556,0.0
2261,18595,Briahn Smith,Fairleigh Dickinson,0.0,0.4,0.1,0.8518518518518519
2262,18596,Mathias Seilund,Fairleigh Dickinson,0.0,0.6363636363636364,0.8,1.0
2263,18598,Jordan Railey,Iowa St.,1.0,1.0,0.5,0.0
2264,18602,Jeremiah Bowman,Longwood,0.0,0.1836734693877551,0.07692307692307693,0.0
2265,18604,David Robinson,Longwood,0.0,0.3,0.4444444444444444,1.0
2266,18605,Mike Byron,Gardner Webb,0.9090909090909091,0.6923076923076923,0.25,0.0
2267,18620,Jacob Liebert,Navy,0.0,0.0,0.0,0.0
2268,18621,Sheridan Shayne,Idaho,0.0,0.0,0.0,0.0
2269,18630,Torian Oglesby,Bowling Green,0.8285714285714286,0.6716417910447762,1.0,0.0
2270,18631,Craig Sealey,Bowling Green,0.6666666666666666,0.4642857142857143,0.7222222222222222,1.0
2271,18634,Lukas Winegarner,Radford,0.0,0.4444444444444444,0.6666666666666666,1.0
2272,18635,Martins Abele,Duquesne,0.0,0.0,0.0,0.0
2273,18638,Randy Dezouvre,Iona,0.75,0.7045454545454546,0.9,1.0
2274,18640,Nick Turner,Kennesaw St.,0.0,0.5,0.5,0.8
2275,18641,Raheem Singleton,Maine,0.0,0.24,0.125,0.92
2276,18642,Gorgui Dieng,Louisville,0.8604651162790697,0.7252747252747253,0.37735849056603776,1.0
2277,18646,Eric Griffin,Campbell,0.6756756756756757,0.6173913043478261,0.6470588235294118,0.6363636363636364
2278,18653,Julian Boyd,LIU,0.9555555555555556,0.7388059701492538,0.6078431372549019,0.9047619047619048
2279,18655,Eddie Rios,Texas St.,0.0,0.13636363636363635,0.23076923076923078,0.2903225806451613
2280,18658,Chris Grier,Charleston Southern,1.0,0.5,0.0,0.875
2281,18659,Robert Thurman,California,0.9411764705882353,0.8048780487804879,0.6,0.0
2282,18660,J.J. Mann,Belmont,0.0,0.43902439024390244,0.25,0.9090909090909091
2283,18662,Will Bartlett,Yale,0.0,0.0,0.0,1.0
2284,18663,Allen Crabbe,California,0.75,0.7692307692307693,0.5789473684210527,0.8192771084337349
2285,18664,Richard Solomon,California,0.8,0.5714285714285714,0.6,0.0
2286,18665,Emerson Murray,California,0.0,0.25,0.6666666666666666,1.0
2287,18666,Reid Koenen,Texas St.,0.0,0.6923076923076923,0.2222222222222222,0.9565217391304348
2288,18679,Bubu Palo,Iowa St.,0.0,0.6666666666666666,0.1111111111111111,1.0
2289,18688,Michael Gholston Jr.,UMKC,0.0,0.25,0.2,0.68
2290,18706,Tyler Neal,Oklahoma,1.0,0.6666666666666666,0.8333333333333334,1.0
2291,18707,Carl Blair,Oklahoma,0.0,0.0,0.5,0.8666666666666667
2292,18709,Calvin Newell,Oklahoma,0.0,0.0,0.0,0.7
2293,18711,Maurice Barrow,Fairfield,0.5714285714285714,0.6434782608695652,0.68,0.0
2294,18713,Cameron Clark,Oklahoma,0.9,0.6666666666666666,0.6515151515151515,0.8
2295,18716,Keith Matthews,Fairfield,0.6666666666666666,0.5789473684210527,0.7142857142857143,0.0
2296,18722,Scott Stucky,Air Force,0.0,0.0,0.0,0.0
2297,18723,Aaron Anderson,Kennesaw St.,0.7777777777777778,0.5686274509803921,0.7777777777777778,1.0
2298,18726,Roy Devyn Marble,Iowa,0.42857142857142855,0.41818181818181815,0.27419354838709675,0.9545454545454546
2299,18728,Melsahn Basabe,Iowa,0.7857142857142857,0.6438356164383562,0.5833333333333334,0.0
2300,18729,Russ Smith,Louisville,0.5,0.4,0.13953488372093023,0.9024390243902439
2301,18733,Branden Stubbs,Iowa,0.0,0.5,0.0,1.0
2302,18735,Zach McCabe,Iowa,0.0,0.5306122448979592,0.39285714285714285,0.9545454545454546
2303,18737,Adrian Fields,McNeese St.,0.6666666666666666,0.45454545454545453,0.15384615384615385,1.0
2304,18741,JerShon Cobb,Northwestern,0.25,0.47368421052631576,0.6,1.0
2305,18742,Desmond Haymon,Stephen F. Austin,0.0,0.4473684210526316,0.4117647058823529,0.9285714285714286
2306,18754,Frankie Eteuati,Cal St. Northridge,1.0,0.5714285714285714,0.75,1.0
2307,18757,Pete Dill,Seton Hall,0.0,0.0,0.0,0.0
2308,18771,T.J. McConnell,Duquesne,0.0,0.4782608695652174,0.17777777777777778,0.7027027027027027
2309,18772,Jerry Jones,Duquesne,0.6666666666666666,0.7428571428571429,0.25,0.9629629629629629
2310,18774,Presano Bell,South Carolina St.,0.6666666666666666,0.46511627906976744,0.07692307692307693,0.0
2311,18778,Sheldon Strickland,Charleston Southern,0.0,0.2222222222222222,0.2,0.7777777777777778
2312,18782,Jarell Eddie,Virginia Tech,0.0,0.2,0.41379310344827586,0.9259259259259259
2313,18786,Terry Bembry,Houston Christian,0.6666666666666666,0.5192307692307693,0.4722222222222222,0.0
2314,18796,Leon Powell,Southeast Missouri St.,0.6875,0.48484848484848486,0.6923076923076923,0.0
2315,18818,Dan Chapman,Michigan St.,0.0,0.0,0.0,0.0
2316,18821,Myles Walker,Indiana St.,0.8333333333333334,0.7254901960784313,0.6222222222222222,0.0
2317,18834,Corey Maynard,Bryant,0.0,0.1875,0.3333333333333333,0.8
2318,18837,Aziz N'Diaye,Washington,0.7894736842105263,0.6451612903225806,0.3953488372093023,0.0
2319,18838,Terrence Ross,Washington,0.8181818181818182,0.55,0.27710843373493976,0.875
2320,18839,Skylar Jones,Niagara,0.0,0.5,0.0,1.0
2321,18846,Bryon Allen,George Mason,0.0,0.2830188679245283,0.12903225806451613,0.875
2322,18854,Corey Wickware,SIU Edwardsville,0.0,0.18181818181818182,0.09090909090909091,0.7924528301886793
2323,18858,Kevin Panzer,Nevada,1.0,0.7857142857142857,0.8888888888888888,1.0
2324,18863,Dane Suttle Jr.,Pepperdine,0.0,0.0,0.0,1.0
2325,18866,Zane Gibson,Middle Tennessee,0.0,0.0,0.0,1.0
2326,18869,Emanuel Chapman,North Carolina Central,0.0,0.21428571428571427,0.3,0.9230769230769231
2327,18871,Jordan Burris,Nevada,0.0,0.4666666666666667,0.3333333333333333,1.0
2328,18875,Jeremy Crutcher,Alabama A&M,0.0,0.045454545454545456,0.21875,0.6153846153846154
2329,18881,Rod Singleton,Montana St.,0.0,0.1111111111111111,0.10526315789473684,0.6666666666666666
2330,18883,Santoine Butler,Gardner Webb,1.0,0.6666666666666666,0.6666666666666666,0.0
2331,18884,Andrew Osemhen,Kennesaw St.,0.0,0.0,1.0,0.0
2332,18886,Stefan Nastic,Stanford,0.0,0.3333333333333333,0.4,0.0
2333,18888,Isaiah Roberts,Navy,0.0,0.23404255319148937,0.6111111111111112,0.45454545454545453
2334,18891,John Gage,Stanford,0.0,0.3333333333333333,0.75,0.9259259259259259
2335,18893,Edward Townsel,Arkansas St.,0.0,0.0,0.18518518518518517,0.7777777777777778
2336,18901,Kore White,Florida Atlantic,0.7647058823529411,0.5740740740740741,0.2222222222222222,1.0
2337,18902,Mathis Keita,Gonzaga,0.0,0.0,0.0,1.0
2338,18904,Marquise Carter,Gonzaga,0.0,0.28,0.2222222222222222,1.0
2339,18910,Harrison Barnes,North Carolina,0.5294117647058824,0.45454545454545453,0.20353982300884957,0.8367346938775511
2340,18912,Chase Kammerer,Air Force,0.0,1.0,0.0,0.0
2341,18924,Damien Alexander,Alabama A&M,0.0,0.0,0.3333333333333333,1.0
2342,18927,Tracy O'Neal,North Carolina Central,0.8571428571428571,0.5789473684210527,0.0,0.0
2343,18929,Jesse Berry,Ball St.,0.0,0.4782608695652174,0.4375,0.8979591836734694
2344,18931,Tyrae Robinson,Ball St.,0.0,0.25,0.3333333333333333,0.8333333333333334
2345,18932,Nemanja Mikic,George Washington,0.0,0.5714285714285714,0.5555555555555556,0.9215686274509803
2346,18938,Jason Morris,Georgia Tech,0.8,0.48484848484848486,0.3333333333333333,0.9285714285714286
2347,18939,Austin Carroll,Rutgers,0.0,0.0,0.0,1.0
2348,18940,Nate Hicks,Georgia Tech,1.0,0.375,0.0,0.0
2349,18942,Harper Kamp,California,1.0,0.6265060240963856,0.5942028985507246,1.0
2350,18948,Tim Douglas,Portland,0.0,0.13157894736842105,0.06060606060606061,0.7333333333333333
2351,18955,Charlie Reddick,Furman,0.0,0.3181818181818182,0.07142857142857142,0.9019607843137255
2352,18960,Jeff Havenstein,Longwood,0.0,0.75,1.0,0.0
2353,18961,Diego Morales,Stetson,0.0,0.0,0.0,1.0
2354,18962,Mark Parker,Longwood,0.0,1.0,1.0,0.8461538461538461
2355,18966,Robert Williams,UAB,1.0,0.3333333333333333,0.2,0.9333333333333333
2356,18971,Jordan Morgan,Michigan,0.9565217391304348,0.7464788732394366,0.45714285714285713,0.0
2357,18976,Tony Wroblicky,American,0.25,0.6290322580645161,0.6551724137931034,0.0
2358,18977,Wayne Simon II,American,0.0,0.6,0.25,1.0
2359,18978,Charles Hinkle,American,0.0,0.46875,0.1724137931034483,0.8470588235294118
2360,18979,Aaron Graham,Stetson,0.0,0.25,0.1875,0.6911764705882353
2361,18987,Lucas Weavil,Elon,0.0,0.0,0.0,0.0
2362,18988,Tré Bussey,Georgia Southern,0.0,0.2857142857142857,0.4166666666666667,1.0
2363,18992,Sam Mike,Georgia Southern,0.0,0.0,0.0,0.0
2364,18995,Tolga Cerrah,Radford,1.0,0.5365853658536586,0.35714285714285715,0.0
2365,18997,Jarvis Williams,Green Bay,0.0,0.25,0.3333333333333333,0.0
2366,19005,Alec Brown,Green Bay,0.9090909090909091,0.5833333333333334,0.6875,1.0
2367,19014,Will Barton,Memphis,0.7804878048780488,0.5263157894736842,0.21666666666666667,0.7837837837837838
2368,19017,Eric Strangis,USC,0.0,0.75,0.0,1.0
2369,19019,Garrett Jackson,USC,1.0,0.6923076923076923,0.34285714285714286,1.0
2370,19020,Jared Bartling,South Dakota,0.0,0.0,0.0,0.0
2371,19022,J.R. Sims,Eastern Michigan,1.0,0.3333333333333333,0.09090909090909091,0.7142857142857143
2372,19028,Christian Bibi Ndongo,Louisiana Monroe,0.75,0.6842105263157895,0.5714285714285714,1.0
2373,19030,Hugh Mingo,Louisiana Monroe,1.0,0.275,0.5405405405405406,0.5294117647058824
2374,19036,Kidani Brutus,Manhattan,0.0,0.45,0.0,0.873015873015873
2375,19038,Michael Alvarado,Manhattan,0.0,0.15,0.0,0.7647058823529411
2376,19039,Rhamel Brown,Manhattan,0.9333333333333333,0.6538461538461539,0.6666666666666666,0.0
2377,19046,Patrik Auda,Seton Hall,0.0,0.6666666666666666,0.6666666666666666,1.0
2378,19047,Richard Wonnell,Toledo,0.0,0.5,0.0,0.0
2379,19049,Reese Holliday,Toledo,0.0,0.39473684210526316,0.18181818181818182,1.0
2380,19054,Fuquan Edwin,Seton Hall,1.0,0.6020408163265306,0.4230769230769231,0.975
2381,19055,Vander Joaquim,Hawaii,0.96,0.7428571428571429,0.35714285714285715,0.0
2382,19057,Jean-Paul Olukemi,Oklahoma St.,0.8333333333333334,0.48,0.0,0.7142857142857143
2383,19060,Malcolm Lemmons,Niagara,0.5,0.22857142857142856,0.4444444444444444,1.0
2384,19067,Fran Dougherty,Penn,0.0,0.5535714285714286,0.6666666666666666,0.0
2385,19069,Brandon Dawson,Kennesaw St.,1.0,0.38095238095238093,0.46153846153846156,1.0
2386,19070,Dylan Spencer,Auburn,0.0,0.0,0.0,0.0
2387,19077,Milos Trivic,St. Francis NY,0.0,1.0,0.0,0.0
2388,19086,Lenzelle Smith Jr.,Ohio St.,0.6,0.46153846153846156,0.05555555555555555,0.9354838709677419
2389,19090,Dau Jok,Penn,0.0,0.0,0.0,1.0
2390,19091,Kevin Thomas,Tulane,1.0,0.6538461538461539,0.7142857142857143,0.0
2391,19094,Michael Celestin,Southern,0.0,0.47058823529411764,0.21428571428571427,0.8888888888888888
2392,19096,Neal Webb,Southern,0.0,0.25,0.4,0.6666666666666666
2393,19097,Patrick Coleman,Southern,0.0,0.5,0.0,0.0
2394,19100,Michael Messer,SIU Edwardsville,0.0,0.0,0.5,1.0
2395,19107,Wil Carter,San Jose St.,0.9285714285714286,0.5824175824175825,0.6428571428571429,1.0
2396,19122,Nick Mason,Idaho St.,0.0,1.0,0.0,0.5714285714285714
2397,19125,Tony Chennault,Wake Forest,0.0,0.30434782608695654,0.1111111111111111,1.0
2398,19129,Marvell Waithe,Arkansas,1.0,0.6896551724137931,0.5714285714285714,0.9166666666666666
2399,19133,Kevin Canevari,Mercer,0.0,0.0,0.0,0.6666666666666666
2400,19137,Evan Roquemore,Santa Clara,0.6666666666666666,0.21739130434782608,0.08333333333333333,0.5490196078431373
2401,19140,Matt Tomaszewski,Syracuse,0.0,0.0,0.0,1.0
2402,19146,Julian Clarke,Santa Clara,0.0,0.0,0.0,1.0
2403,19147,Chris Clement,Princeton,0.0,0.0,0.0,0.0
2404,19148,Durann Neil,Longwood,0.0,0.3333333333333333,0.0,0.6666666666666666
2405,19149,John McArthur,Santa Clara,0.0,0.6666666666666666,0.9117647058823529,0.0
2406,19150,Bud Thomas,Mercer,1.0,0.5238095238095238,0.13636363636363635,0.9310344827586207
2407,19151,Scott Bamforth,Weber St.,0.0,0.21052631578947367,0.35294117647058826,0.8260869565217391
2408,19164,Eric Ferguson,Georgia Southern,0.7121212121212122,0.5144927536231884,0.42857142857142855,1.0
2409,19165,Devon Collier,Oregon St.,0.8095238095238095,0.6158940397350994,0.35,0.0
2410,19166,Joe Ragland,Wichita St.,0.0,0.19117647058823528,0.1111111111111111,0.7627118644067796
2411,19169,Brandon Gibson,Louisiana Tech,0.8,0.2682926829268293,0.07142857142857142,0.7857142857142857
2412,19174,Taylor Trevisan,Saint Joseph's,0.0,0.6666666666666666,0.0,0.0
2413,19176,Thomas Rogers,Virginia,0.0,0.0,0.0,0.0
2414,19177,Jonathon Gac,Loyola Chicago,0.0,0.6363636363636364,0.4444444444444444,0.0
2415,19179,Chim Kadima,Loyola Chicago,0.3333333333333333,0.3125,0.42857142857142855,1.0
2416,19180,Will Bell,Colorado St.,0.9285714285714286,0.7466666666666667,0.6666666666666666,0.0
2417,19182,Louis Bell,Maryland Eastern Shore,0.0,0.35294117647058826,0.7142857142857143,0.9761904761904762
2418,19195,Levan Shengelia,Rhode Island,0.0,0.5,0.6666666666666666,0.0
2419,19208,Trinity Hall,UMKC,0.6923076923076923,0.49122807017543857,0.5,0.9047619047619048
2420,19209,Darrell Lampley,Eastern Michigan,0.0,0.1702127659574468,0.18421052631578946,0.6
2421,19210,Derek Thompson,Eastern Michigan,1.0,0.5,0.15384615384615385,0.7368421052631579
2422,19211,Dartaye Ruffin,Drexel,0.25,0.559322033898305,0.6190476190476191,0.0
2423,19212,Trent Meyer,UNC Asheville,0.0,0.6666666666666666,0.6666666666666666,0.8571428571428571
2424,19213,Sandi Marcius,Purdue,1.0,1.0,0.6666666666666666,0.0
2425,19215,Frantz Massenat,Drexel,0.5,0.15625,0.1724137931034483,0.8333333333333334
2426,19216,Pieter Prinsloo,Marist,0.0,0.0,0.8333333333333334,1.0
2427,19217,Jon Nwannunu,UNC Asheville,0.0,0.6,1.0,0.0
2428,19221,Jermol Paul,Stetson,0.0,0.25,0.0,0.6666666666666666
2429,19228,Armond Battle,Wright St.,0.0,0.42857142857142855,0.5,1.0
2430,19237,Rickey Scott,Arkansas,0.6666666666666666,0.24561403508771928,0.45,1.0
2431,19244,Tre Johnson,Montana St.,0.42105263157894735,0.3023255813953488,0.7659574468085106,1.0
2432,19252,Steve Rennard,Penn,0.0,0.6666666666666666,0.0,1.0
2433,19260,Darius Morales,East Carolina,1.0,1.0,0.0,0.0
2434,19263,Jesse Morgan,Massachusetts,0.6,0.3137254901960784,0.43478260869565216,0.6964285714285714
2435,19266,Trevor Mason,UMKC,0.0,1.0,0.0,1.0
2436,19268,Isaiah Sykes,UCF,0.5714285714285714,0.3644067796610169,0.36,1.0
2437,19270,Danny Rubin,Boston College,0.0,0.0,0.0,1.0
2438,19277,Babatunde Olumuyiwa,USC Upstate,0.7222222222222222,0.625,0.4,0.0
2439,19285,Djim Bandoumel,Idaho,0.8387096774193549,0.7368421052631579,0.6071428571428571,0.0
2440,19286,Ludovic Ndaye,Cleveland St.,0.0,0.8571428571428571,0.25,1.0
2441,19289,Miles Cartwright,Penn,1.0,0.36507936507936506,0.42105263157894735,0.925
2442,19291,E.J. Farris,Utah St.,0.0,0.2857142857142857,0.3333333333333333,1.0
2443,19292,Eddie Miller,UC Davis,0.0,0.16,0.13157894736842105,0.8846153846153846
2444,19294,Steven McClellan,Louisiana Monroe,0.0,0.5094339622641509,0.75,1.0
2445,19296,Travis McClenny,Hampton,0.0,0.0,0.0,1.0
2446,19297,Brockeith Pane,Utah St.,1.0,0.23880597014925373,0.015873015873015872,0.5862068965517241
2447,19309,Alex Abreu,Akron,0.0,0.17073170731707318,0.0,0.8461538461538461
2448,19312,Olek Czyz,Nevada,0.6666666666666666,0.45045045045045046,0.4489795918367347,1.0
2449,19313,Tony Snell,New Mexico,0.6666666666666666,0.5,0.7222222222222222,0.9305555555555556
2450,19338,Blake McLimans,Michigan,0.0,1.0,0.0,1.0
2451,19345,Diamond Taylor,Southern Illinois,0.6666666666666666,0.5714285714285714,0.2,1.0
2452,19349,Torrey Craig,USC Upstate,0.5454545454545454,0.30985915492957744,0.2647058823529412,0.8441558441558441
2453,19354,Ben Resner,Stony Brook,0.0,0.0,0.0,0.0
2454,19355,Dave Coley,Stony Brook,0.0,0.17391304347826086,0.23636363636363636,1.0
2455,19356,Al Rapier,Stony Brook,0.8,0.4230769230769231,0.2222222222222222,0.0
2456,19358,Anthony Jackson,Stony Brook,0.0,0.0,0.1875,0.96875
2457,19360,Aaron Asp,Houston Christian,0.0,0.0,0.0,0.0
2458,19361,Fred Brown,Louisiana Monroe,1.0,0.23076923076923078,0.1,0.717391304347826
2459,19366,Byron Fulton,Weber St.,0.0,0.5217391304347826,0.17857142857142858,1.0
2460,19367,Josh Terry,Austin Peay,0.5,0.5,0.484375,0.0
2461,19370,Shannon Sharpe,Colorado,0.0,0.0,0.0,1.0
2462,19384,Ahyaro Phillips,Southern Miss,0.0,1.0,0.0,0.0
2463,19392,Josh Egner,Akron,0.0,0.6666666666666666,1.0,0.0
2464,19393,Cameron Bairstow,New Mexico,0.8,0.6521739130434783,1.0,0.0
2465,19396,Kenderek Washington,Alabama St.,0.3333333333333333,0.23529411764705882,0.5217391304347826,0.88
2466,19397,Casey Walker,Delaware St.,0.4,0.34210526315789475,0.3125,0.9436619718309859
2467,19398,Jamal Webb,North Dakota,0.0,0.1702127659574468,0.16666666666666666,0.8823529411764706
2468,19400,Aaron Anderson,North Dakota,0.0,0.12195121951219512,0.047619047619047616,0.8787878787878788
2469,19401,Alton Williams,Austin Peay,0.0,0.0,0.0,0.8571428571428571
2470,19402,Marcelis Hansberry,Louisiana Monroe,0.0,0.1875,0.21428571428571427,0.8
2471,19403,Kourtney Roberson,Texas A&M,0.5,0.42857142857142855,0.0,0.0
2472,19404,R.J. McCray,Louisiana Monroe,1.0,0.25,0.4666666666666667,0.5
2473,19408,Sean McGonagill,Brown,0.0,0.2894736842105263,0.15384615384615385,0.7222222222222222
2474,19413,Xavier Blount,Montana St.,0.0,0.24242424242424243,0.625,0.875
2475,19415,Stevie Taylor,Ohio,0.0,0.22727272727272727,0.0,0.6071428571428571
2476,19420,Jeremy Robinson,Chicago St.,0.8888888888888888,0.6024096385542169,0.4666666666666667,1.0
2477,19421,Sabatino Chen,Colorado,0.0,0.3181818181818182,0.5,0.0
2478,19422,Clarke Rosenberg,Chicago St.,0.0,0.16666666666666666,0.14285714285714285,1.0
2479,19423,Austin Hamilton,Elon,0.0,0.07692307692307693,0.058823529411764705,0.5416666666666666
2480,19424,Wade Collie,Southern Utah,0.0,0.46153846153846156,0.5416666666666666,1.0
2481,19426,Tyler Koch,Ball St.,0.0,0.3684210526315789,0.4,0.9696969696969697
2482,19427,Chauncey Orr,Bowling Green,0.0,0.0,0.0,0.6
2483,19437,Brandon Clark,Santa Clara,0.0,0.058823529411764705,0.09523809523809523,0.6428571428571429
2484,19439,Denzel Johnson,Santa Clara,0.0,0.35714285714285715,0.3333333333333333,0.9411764705882353
2485,19440,Robert Garrett,Santa Clara,1.0,0.9230769230769231,1.0,0.0
2486,19441,Thomas Gipson,Kansas St.,1.0,0.6304347826086957,0.55,0.0
2487,19443,Malcolm Miller,Holy Cross,1.0,0.7142857142857143,0.4,0.8333333333333334
2488,19451,Chasson Randle,Stanford,0.0,0.3103448275862069,0.038461538461538464,0.7764705882352941
2489,19457,Nick Paulos,UNC Greensboro,1.0,0.8,0.4166666666666667,0.972972972972973
2490,19464,Ronrico White,Chattanooga,0.0,0.25,0.4444444444444444,0.9047619047619048
2491,19465,Luke Martinez,Wyoming,0.2857142857142857,0.3333333333333333,0.3333333333333333,0.810126582278481
2492,19467,Brandon Cataldo,Portland St.,0.0,0.0,0.6666666666666666,0.0
2493,19468,Emmy Andujar,Manhattan,0.2857142857142857,0.3472222222222222,0.6428571428571429,0.9444444444444444
2494,19469,Kevin Kaspar,Western Kentucky,0.0,0.2,0.0,0.8095238095238095
2495,19470,Justin Edwards,Maine,0.47368421052631576,0.25510204081632654,0.16,0.75
2496,19476,Ryan McTavish,Presbyterian,0.0,0.6666666666666666,0.8,1.0
2497,19478,Bernard Thompson,Florida Gulf Coast,0.2222222222222222,0.3448275862068966,0.23333333333333334,0.6944444444444444
2498,19480,Brett Comer,Florida Gulf Coast,0.25,0.10256410256410256,0.125,0.8
2499,19481,Adrian Rodgers,USC Upstate,0.5,0.23076923076923078,0.15384615384615385,0.625
2500,19482,Anthony Lanier,Alabama A&M,1.0,0.25,0.0,0.0
2501,19487,C.J. Cooper,UTEP,0.0,0.0,0.42857142857142855,1.0
2502,19492,Marvin Singleton,Northern Iowa,0.0,0.5,0.0,0.0
2503,19493,Deon Mitchell,Northern Iowa,0.0,0.06,0.0,0.5555555555555556
2504,19494,Seth Tuttle,Northern Iowa,0.6666666666666666,0.5882352941176471,0.5555555555555556,0.25
2505,19497,T'Ziah Wood-Smith,Quinnipiac,0.0,0.0,0.0,0.0
2506,19499,Alex Len,Maryland,0.9047619047619048,0.7105263157894737,0.6428571428571429,0.0
2507,19500,Jordan Wejnert,UMBC,0.5,0.5,0.5,1.0
2508,19501,Will Wise,UMBC,0.0,0.4666666666666667,0.2,0.0
2509,19503,Nate Basalyga,UMBC,0.0,0.46153846153846156,0.0,0.0
2510,19505,Chris Zurcher,TCU,0.0,0.0,0.0,1.0
2511,19508,Chris Heine,Northern Arizona,0.0,1.0,0.0,0.0
2512,19513,Ephraim Ekanem,Northern Arizona,0.6666666666666666,0.6875,0.5384615384615384,0.0
2513,19520,Igor Premasunac,Utah St.,0.0,0.0,1.0,0.0
2514,19521,Adam Thoseby,Utah St.,0.0,0.0,0.8333333333333334,1.0
2515,19523,Glen Andrews,Howard,0.0,0.23529411764705882,0.16666666666666666,0.68
2516,19524,Brandon Bailey,Howard,0.7142857142857143,0.375,0.0,0.0
2517,19527,Samer Ozeir,Columbia,0.0,0.0,0.0,1.0
2518,19537,Cannen Cunningham,SMU,0.7142857142857143,0.45,0.5454545454545454,1.0
2519,19544,Tre Lee,Howard,0.0,0.46153846153846156,0.3333333333333333,1.0
2520,19545,Martrevious Sanders,Alcorn St.,0.0,0.2857142857142857,0.21428571428571427,0.0
2521,19555,Elliott Long,Georgia,0.0,0.0,0.0,0.0
2522,19556,Tyrone Brown,Georgia Southern,0.6666666666666666,0.625,0.7777777777777778,0.0
2523,19557,Chavaughn Lewis,Marist,0.5384615384615384,0.40594059405940597,0.43478260869565216,0.8846153846153846
2524,19561,Carter Sanderson,Lipscomb,0.0,0.5,0.0,1.0
2525,19562,Blake Bozeman,Morgan St.,0.0,0.2,0.16666666666666666,0.8709677419354839
2526,19564,Lowell Ulmer,St. Francis NY,1.0,0.4,0.0,0.0
2527,19565,Jordan Aaberg,North Dakota St.,0.875,0.6785714285714286,0.35714285714285715,0.0
2528,19566,Damien Leonard,South Carolina,0.0,0.0,0.35714285714285715,0.9629629629629629
2529,19567,Malcolm Herron,Eastern Illinois,0.0,0.3333333333333333,0.6666666666666666,1.0
2530,19569,John Sinis,San Diego,0.0,0.5833333333333334,0.375,1.0
2531,19570,R.J. Williams,Loyola MD,0.0,0.1875,0.35714285714285715,0.875
2532,19577,Ishaq Pitt,Maryland Eastern Shore,0.0,0.13043478260869565,0.0,0.0
2533,19594,Conner Teahan,Kansas,0.0,0.2,0.42857142857142855,0.9787234042553191
2534,19595,Tavarres Jefferson,Middle Tennessee,0.0,0.0,0.0,0.0
2535,19598,Jabrille Williams,Binghamton,1.0,0.38461538461538464,0.5,1.0
2536,19602,Rokas Cesnulevicius,Evansville,0.0,0.5714285714285714,1.0,0.0
2537,19609,Lonnie Hayes,Fairleigh Dickinson,0.0,0.0625,0.043478260869565216,0.8
2538,19611,George Goode,Fairleigh Dickinson,0.8571428571428571,0.5844155844155844,0.5915492957746479,0.0
2539,19612,Antwan Watson,Western Illinois,0.0,0.0,0.5,0.0
2540,19614,Jalen Packer,Western Illinois,0.0,1.0,1.0,0.0
2541,19615,Obi Emegano,Western Illinois,0.5,0.3404255319148936,0.6470588235294118,0.75
2542,19616,Chukwuemeka Duruji,Maryland Eastern Shore,0.0,0.0,0.0,0.0
2543,19617,Dylan Hale,North Dakota St.,0.0,0.25,0.2,0.92
2544,19618,Louis Larizza,Fairleigh Dickinson,0.0,0.0,0.0,0.0
2545,19619,Mark Medley,Rider,0.0,0.0,0.0,0.0
2546,19620,Trevonte Dixon,Charleston,1.0,1.0,0.0,1.0
2547,19621,Sidiki Johnson,Arizona,0.0,0.0,0.0,0.0
2548,19624,Ahmad Ibrahim,Rice,0.6666666666666666,0.46153846153846156,0.2631578947368421,0.88
2549,19625,Pat Branin,Charleston,0.0,0.0,1.0,0.0
2550,19626,Eddie Mitchell,Rider,0.0,0.1111111111111111,0.2857142857142857,1.0
2551,19628,Otto Porter,Georgetown,0.6,0.5925925925925926,0.6,0.5454545454545454
2552,19629,Matt Glover,Penn St.,0.0,0.15384615384615385,0.3333333333333333,0.875
2553,19634,Austin Akers,Eastern Illinois,0.0,0.3333333333333333,0.0,0.0
2554,19644,Sam Sealy,St. John's,0.0,0.0,0.0,0.0
2555,19646,Brian Walsh,Akron,0.0,0.3333333333333333,0.4375,0.9090909090909091
2556,19648,D.J. Shelton,Washington St.,1.0,0.7045454545454546,0.6666666666666666,0.0
2557,19649,D'Angelo Harrison,St. John's,0.0,0.32432432432432434,0.15555555555555556,0.8552631578947368
2558,19650,Carlos Emory,Oregon,0.8888888888888888,0.6744186046511628,0.1111111111111111,1.0
2559,19651,Mitchell Anderson,Arkansas Pine Bluff,1.0,0.603448275862069,0.36666666666666664,0.8148148148148148
2560,19655,Frank Otis,Weber St.,0.0,0.3333333333333333,0.0,0.0
2561,19658,Kris Walden,Towson,0.0,0.05555555555555555,0.09090909090909091,0.4166666666666667
2562,19660,Chris Johnson,St. Bonaventure,0.0,0.4074074074074074,0.6,1.0
2563,19661,Allen Tate,Seattle,0.5,0.2857142857142857,0.0,1.0
2564,19677,Deirunas Visockas,Boston College,0.0,0.0,0.0,0.0
2565,19678,Ryan Kilcullen,Boston College,0.0,0.0,0.0,0.0
2566,19679,Alex Lubsey,Eastern Illinois,0.0,0.0,1.0,0.0
2567,19682,Carlton Geathers,South Carolina,1.0,0.2,0.6,0.0
2568,19683,Anthony Gill,South Carolina,0.14285714285714285,0.24324324324324326,0.15789473684210525,0.8181818181818182
2569,19687,Ty Greene,USC Upstate,0.0,0.3684210526315789,0.03333333333333333,0.9074074074074074
2570,19688,Challe Barton,Oregon St.,0.0,0.125,0.5,1.0
2571,19691,Xavier Pollard,Maine,0.0,0.3142857142857143,0.3333333333333333,0.0
2572,19692,Zarko Valjarevic,Maine,0.0,0.0,0.0,0.0
2573,19693,Rodney Hood,Mississippi St.,0.8,0.35,0.11666666666666667,0.9148936170212766
2574,19694,Judd Welfringer,Drake,0.0,0.0,0.0,1.0
2575,19695,Jehvon Clarke,Bowling Green,0.0,0.25,0.0,0.7142857142857143
2576,19696,Tavon Sledge,Iowa St.,1.0,1.0,0.0,0.0
2577,19698,Chris Santo,Vermont,0.0,0.5,0.0,0.0
2578,19709,Patrick Heckmann,Boston College,0.0,0.41379310344827586,0.16666666666666666,0.6
2579,19711,Christian Collins,Towson,0.0,1.0,0.0,1.0
2580,19719,Percy Gibson,Iowa St.,0.0,0.775,0.3684210526315789,0.0
2581,19721,James Fraschilla,Oklahoma,0.0,0.0,0.0,0.0
2582,19724,Orin O'Bryant,Hampton,0.0,0.21428571428571427,0.5,0.0
2583,19730,Demetrius Harris,Milwaukee,1.0,0.6923076923076923,1.0,0.0
2584,19731,Cale Zuiker,Youngstown St.,0.0,0.0,0.0,0.5
2585,19732,Robby Price,Louisiana Tech,0.0,0.0,0.0,0.0
2586,19735,Rashawn Rembert,East Tennessee St.,0.0,0.0,0.0,1.0
2587,19736,Blake Wilkinson,Utah,0.0,0.5,0.7142857142857143,0.0
2588,19738,Toddrick Gotcher,Texas Tech,0.0,0.4,0.2,1.0
2589,19740,Art Bernardi,Houston Christian,0.5,0.5675675675675675,0.4,1.0
2590,19743,James Ennis,Long Beach St.,0.6,0.5849056603773585,0.4,0.8536585365853658
2591,19750,Jarvis Summers,Mississippi,0.0,0.24,0.020833333333333332,0.9117647058823529
2592,19759,Will Neighbour,Little Rock,0.0,0.1111111111111111,0.2647058823529412,0.9534883720930233
2593,19760,Dante Wooten,South Carolina St.,0.0,0.0,0.0,0.0
2594,19761,Aaron Martin,South Carolina St.,0.0,0.0,0.16666666666666666,0.88
2595,19762,Terrance Gilleylen,South Carolina St.,0.0,0.0,1.0,0.0
2596,19764,D'Mitri Riggs,Eastern Kentucky,0.0,0.34615384615384615,0.2,0.8888888888888888
2597,19765,Dillon Dunford,Western Carolina,0.0,0.0,0.0,1.0
2598,19766,Keelan Cairns,Penn,0.0,0.0,0.0,1.0
2599,19767,Marin Kukoc,Penn,1.0,0.75,1.0,1.0
2600,19771,Dazmond Starke,Idaho,1.0,0.6923076923076923,0.3333333333333333,0.0
2601,19781,Steve Glowiak,Sacred Heart,0.0,0.5263157894736842,0.6,0.8333333333333334
2602,19785,Roman Higgins,Grambling St.,0.0,0.0,0.3333333333333333,1.0
2603,19790,Kendall Griffin,Wright St.,0.0,0.0,0.5,1.0
2604,19792,Jerome Seagears,Rutgers,0.0,0.4318181818181818,0.25,0.7586206896551724
2605,19793,Marcus Thornton,William & Mary,0.3333333333333333,0.10810810810810811,0.04878048780487805,0.5555555555555556
2606,19794,Trey McDonald,Ohio St.,0.0,0.0,0.0,0.0
2607,19797,Wesley Davis,Texas St.,0.5,0.32142857142857145,0.2,0.9285714285714286
2608,19798,Mychal Ammons,South Alabama,0.5789473684210527,0.38461538461538464,0.3333333333333333,0.9285714285714286
2609,19800,Christian Kirk,Missouri St.,1.0,0.7777777777777778,0.7,0.0
2610,19801,Darion Atkins,Virginia,0.42857142857142855,0.47619047619047616,0.75,0.0
2611,19803,Ty Nurse,Texas Tech,0.0,0.3888888888888889,0.0,0.8297872340425532
2612,19805,Pat Connaughton,Notre Dame,1.0,0.7297297297297297,0.5714285714285714,1.0
2613,19806,Spencer Dinwiddie,Colorado,0.0,0.28125,0.05,0.8333333333333334
2614,19808,Jamie Stewart,Montana St.,0.0,0.29411764705882354,0.0,0.6
2615,19810,Derick Beltran,Southern,0.5,0.5263157894736842,0.26,0.6944444444444444
2616,19815,Stephon Smith,San Jose St.,0.0,0.4411764705882353,0.7857142857142857,0.0
2617,19818,Jamie Booker,Tulsa,0.0,0.0,0.0,0.0
2618,19821,Cedric Martin,Utah,0.0,0.26666666666666666,0.5,1.0
2619,19831,Rudy Turner,McNeese St.,1.0,0.5714285714285714,0.7857142857142857,0.0
2620,19832,Paul Gombwer,Charleston Southern,0.5,0.5,0.3333333333333333,1.0
2621,19843,Ryan Winters,Elon,0.0,0.3333333333333333,0.5,0.0
2622,19846,Kevin Blake,Elon,0.0,0.3333333333333333,0.0,1.0
2623,19847,Julian Demalleville,Sacramento St.,0.0,0.0,0.0,1.0
2624,19853,Brian Fabrizius,Princeton,0.0,0.0,0.0,1.0
2625,19855,Zack Riddle,Toledo,0.0,0.0,0.0,0.0
2626,19856,Rob Lewis,Denver,1.0,0.5714285714285714,0.2857142857142857,1.0
2627,19857,Ari Feldman,Cal St. Northridge,0.0,0.6666666666666666,0.7,1.0
2628,19858,Davon Potts,Cal St. Northridge,0.0,1.0,0.5833333333333334,1.0
2629,19859,Justin Yeargin,Cal St. Northridge,0.0,0.0,0.0,0.0
2630,19860,Jonathan Thomas,Maryland,0.0,0.0,0.0,1.0
2631,19861,Arnold Richmond,Maryland,0.0,0.0,0.0,0.0
2632,19865,Ben Altit,Bryant,0.3333333333333333,0.44,0.75,1.0
2633,19868,Trevin Harris,Pacific,0.0,0.2857142857142857,0.3,0.8181818181818182
2634,19879,Marshall Harris III,The Citadel,0.0,0.16666666666666666,0.14285714285714285,1.0
2635,19880,Ilija Ivankovic,Charlotte,0.0,0.5,1.0,0.0
2636,19882,Andre Malone,Rhode Island,0.6666666666666666,0.5454545454545454,0.14285714285714285,0.9230769230769231
2637,19884,Travis Fulton,Pacific,1.0,0.5384615384615384,0.5714285714285714,0.9473684210526315
2638,19885,T.J. Buchanan,Rhode Island,0.0,0.2631578947368421,0.2222222222222222,0.6666666666666666
2639,19886,Don McAvoy,Western Illinois,0.0,0.16666666666666666,0.6,1.0
2640,19891,Nate Sikma,Hartford,0.0,0.4634146341463415,0.6923076923076923,0.975609756097561
2641,19895,Jordan Payton,UMKC,0.0,0.0,0.0,0.0
2642,19896,Hooper Vint,UTEP,0.5,0.3333333333333333,0.5,1.0
2643,19897,Chris Adams,San Francisco,0.0,0.0,0.0,0.5
2644,19903,Taaj Ridley,Iona,0.75,0.7241379310344828,0.7741935483870968,0.0
2645,19913,Connell Crossland,TCU,0.0,0.25,1.0,0.7142857142857143
2646,19924,Mike McCloskey,South Florida,0.0,0.0,0.0,0.0
2647,19928,Chane Behanan,Louisville,0.6923076923076923,0.5963302752293578,0.2903225806451613,1.0
2648,19933,Joel Lindberg,North Dakota St.,0.0,0.5,0.25,1.0
2649,19934,Paul Williamson,West Virginia,0.0,0.0,0.0,1.0
2650,19941,Kourtney Goff,Southern Illinois,0.0,0.2,0.0,1.0
2651,19942,Harry Whitt,Southern Illinois,0.0,0.5,0.5,1.0
2652,19943,Wayne Blackshear,Louisville,0.5,0.5,0.0,1.0
2653,19945,John Bailey,Portland,1.0,0.7142857142857143,0.5,0.0
2654,19946,Sam Rowley,Albany,0.0,0.5333333333333333,0.0,0.0
2655,19947,Caleb Steffensmeier,Nebraska Omaha,0.0,0.3333333333333333,0.25,1.0
2656,19948,Tyrell Corbin,UC Davis,0.0,0.13333333333333333,0.0,0.0
2657,19950,Blair Banker,San Diego,0.0,0.0,0.0,0.0
2658,19951,Ben Vozzola,San Diego,0.0,0.0,0.0,0.0
2659,19953,Nick Kerr,San Diego,0.0,0.0,0.0,1.0
2660,19954,Shaquille Stokes,Hawaii,0.0,0.2222222222222222,0.13333333333333333,0.7931034482758621
2661,19955,Pi'i Minns,Hawaii,0.0,1.0,0.0,0.0
2662,19958,Harrison Dupont,UC Davis,0.0,0.16666666666666666,0.4878048780487805,1.0
2663,19959,Dominic Lippi,UC Davis,0.0,0.0,0.0,0.6666666666666666
2664,19975,Jonathan Holmes,Texas,0.4,0.46511627906976744,0.4642857142857143,1.0
2665,19976,Alexander Scotland-Williamson,UAB,0.0,0.5,0.0,0.0
2666,19978,Zachary West,Nicholls St.,0.0,0.0,0.0,1.0
2667,19980,Sam McBeath,Nicholls St.,0.0,0.5,0.375,0.8823529411764706
2668,19981,Linden Smith-Hyde,Nicholls St.,0.0,0.5555555555555556,0.0,1.0
2669,19982,Pierria Henry,Charlotte,1.0,0.3157894736842105,0.0625,0.7142857142857143
2670,19985,Matt Poches,Oakland,0.0,0.5,0.0,0.0
2671,19986,Rashard McGill,Southern Miss,1.0,0.5,0.5384615384615384,1.0
2672,20003,Josh Crittle,UCF,1.0,0.55,0.6857142857142857,0.0
2673,20006,Michael Dison,Montana St.,0.0,0.14285714285714285,0.0,0.6111111111111112
2674,20008,Mohamed Farih,Saint Peter's,0.0,0.5,0.0,0.0
2675,20013,Raijon Kelly,Samford,0.0,0.2972972972972973,0.11764705882352941,0.7333333333333333
2676,20014,Warren Gillis,Coastal Carolina,0.0,0.5333333333333333,0.4117647058823529,0.5
2677,20016,Kannon Burrage,UTSA,0.3333333333333333,0.2830188679245283,0.2777777777777778,0.8461538461538461
2678,20017,Shawn Williams,SMU,0.0,0.4,0.0,0.9473684210526315
2679,20018,Ryan Manuel,SMU,0.5,0.29411764705882354,0.08333333333333333,1.0
2680,20022,Brandon Hayman,Samford,0.0,0.48148148148148145,0.25,1.0
2681,20024,Dave Sobolewski,Northwestern,0.0,0.23076923076923078,0.42857142857142855,1.0
2682,20025,Yolonzo Moore,Hartford,1.0,0.46153846153846156,0.3333333333333333,0.8571428571428571
2683,20035,John Gilliam,UC Riverside,0.0,0.0,0.5,1.0
2684,20039,Larry Nance Jr.,Wyoming,0.7777777777777778,0.4666666666666667,0.7272727272727273,0.6666666666666666
2685,20041,Kellen Thornton,Tennessee St.,0.875,0.5932203389830508,0.35714285714285715,1.0
2686,20044,Darious Clark,Illinois St.,0.0,0.0,1.0,1.0
2687,20045,Kevin Gray,Northern Illinois,1.0,0.3333333333333333,0.6923076923076923,0.0
2688,20046,Torgrim Sommerfeldt,Manhattan,0.0,0.0,1.0,0.0
2689,20047,B.J. Bailey,Lehigh,0.0,0.1111111111111111,0.5,1.0
2690,20051,Nic Moore,Illinois St.,0.0,0.22727272727272727,0.08,0.625
2691,20054,Keith Gray,Northern Illinois,0.6666666666666666,0.45714285714285713,0.5,0.0
2692,20058,Kievyn Lila-St. Rose,Norfolk St.,0.0,0.5,0.0,0.0
2693,20059,Sam Grooms,Oklahoma,0.0,0.10810810810810811,0.4074074074074074,0.875
2694,20060,Markus Duran,Pacific,0.0,0.0,0.0,0.8979591836734694
2695,20061,Keron DeShields,Montana,0.0,0.5,0.0,1.0
2696,20062,Chris Perez,Stetson,0.0,0.4025974025974026,0.1891891891891892,0.9
2697,20063,Josh Richardson,Tennessee,1.0,0.36363636363636365,0.26666666666666666,1.0
2698,20064,Ahman Fells,Illinois Chicago,0.0,0.3333333333333333,1.0,0.0
2699,20067,Brad Reid,UMKC,0.0,0.7142857142857143,0.4,0.0
2700,20070,Corey Petros,Oakland,1.0,0.7195121951219512,0.6216216216216216,0.0
2701,20071,Mason Leggett,Jacksonville St.,0.6666666666666666,0.5,0.625,1.0
2702,20074,Malick Kone,Rutgers,0.0,0.42857142857142855,0.7142857142857143,1.0
2703,20078,Chase Fischer,Wake Forest,0.0,0.6363636363636364,0.4166666666666667,0.8974358974358975
2704,20081,Brandon Glanz,Idaho St.,0.0,0.5,0.0,0.0
2705,20082,Cedric McAfee,Auburn,0.0,0.0,0.0,0.0
2706,20083,Garrett Swanson,Idaho St.,0.0,0.5,0.7857142857142857,1.0
2707,20090,Darius Stevens,Columbia,0.0,0.0,0.0,0.0
2708,20091,Kenny Hall,Western Carolina,0.0,0.16666666666666666,0.5,0.0
2709,20097,Marcellus Barksdale,IU Indy,0.0,0.25,0.25,0.9
2710,20101,David Wear,UCLA,1.0,0.6056338028169014,0.7906976744186046,0.8571428571428571
2711,20109,Jan Petrovcic,Southeastern Louisiana,0.0,0.3125,0.4,1.0
2712,20114,Anson Winder,BYU,0.0,0.5789473684210527,0.25,0.92
2713,20119,Kirk Korver,UMKC,0.0,0.8529411764705882,0.6,1.0
2714,20125,Quinton Gustavson,Milwaukee,0.0,0.0,0.0,1.0
2715,20128,Marcel Smith,Houston Christian,0.0,0.2222222222222222,0.09090909090909091,0.65
2716,20130,Blake Ralling,Mississippi Valley St.,0.5,0.5,1.0,1.0
2717,20131,Derrell Taylor,Jackson St.,1.0,0.45454545454545453,1.0,0.0
2718,20132,Tyler Kalinoski,Davidson,0.0,0.14285714285714285,0.0,0.9090909090909091
2719,20134,Raph Thomas-Edwards,Buffalo,0.0,0.0,0.0,1.0
2720,20137,Lewis Thomas,UC Santa Barbara,0.0,0.0,0.8333333333333334,1.0
2721,20144,Brad Waldow,Saint Mary's,0.8666666666666667,0.6741573033707865,0.5882352941176471,0.0
2722,20145,Dave Whitmore,Arizona St.,0.0,0.0,0.0,0.0
2723,20149,Jordan Williams,North Texas,0.7,0.42857142857142855,0.36363636363636365,0.8947368421052632
2724,20151,Tony Mitchell,North Texas,0.65,0.5492957746478874,0.44,0.6111111111111112
2725,20153,Brandan Walton,North Texas,0.0,0.2631578947368421,0.13333333333333333,0.8775510204081632
2726,20179,Thomas van der Mars,Portland,0.875,0.7058823529411765,0.6111111111111112,0.0
2727,20183,Roquez Johnson,Mississippi St.,0.0,0.0,0.0,0.0
2728,20186,Daniel Mullings,New Mexico St.,0.625,0.5434782608695652,0.4583333333333333,1.0
2729,20189,Chad Waddell,Georgia Southern,0.0,1.0,0.0,0.0
2730,20195,Colby Weaver,Northern Arizona,0.0,0.0,0.0,0.0
2731,20196,Danny Cheek,Northern Arizona,0.0,0.0,0.75,0.6666666666666666
2732,20206,T.J. Hallice,Mercer,0.0,0.3333333333333333,0.0,0.0
2733,20207,Travis Smith,Mercer,0.0,0.18181818181818182,0.21621621621621623,0.7333333333333333
2734,20209,Saah Nimley,Charleston Southern,0.0,0.16129032258064516,0.1111111111111111,0.5714285714285714
2735,20220,Karamo Jawara,North Carolina Central,0.0,0.75,0.5,1.0
2736,20232,Jordan Estrada,Sacramento St.,0.0,0.0,1.0,1.0
2737,20237,Kevin Hardy,McNeese St.,0.8333333333333334,0.4666666666666667,0.16666666666666666,1.0
2738,20244,Michael Hale III,UTSA,0.0,0.14814814814814814,0.058823529411764705,0.5952380952380952
2739,20250,Adrick McKinney,TCU,1.0,0.5833333333333334,0.29411764705882354,0.0
2740,20259,Kevin Hartley,Gardner Webb,0.0,0.45,0.14285714285714285,0.9666666666666667
2741,20260,Staats Battle,N.C. State,0.0,0.0,0.0,1.0
2742,20261,Lamar Bradbury,Charlotte,0.0,0.0,0.0,1.0
2743,20263,Mike Shaw,Illinois,0.0,0.25,1.0,1.0
2744,20265,Stojan Gjuroski,Louisiana Tech,0.0,1.0,0.0,0.0
2745,20266,Peter Hooley,Albany,0.0,0.0,0.0,0.0
2746,20267,Tyler Russell,Houston Christian,0.0,0.2571428571428571,0.16417910447761194,0.375
2747,20278,Austin Seferian-Jenkins,Washington,0.0,1.0,0.75,0.0
2748,20283,Dante Holmes,Florida Gulf Coast,0.3333333333333333,0.37254901960784315,0.043478260869565216,1.0
2749,20285,Ray Chambers,Troy,0.0,0.30303030303030304,0.5294117647058824,0.0
2750,20286,Will Artino,Creighton,1.0,0.7241379310344828,0.7777777777777778,0.0
2751,20288,Josh Mason,Alabama St.,0.8,0.5384615384615384,0.16666666666666666,0.0
2752,20291,Brendan Allen,Connecticut,0.0,1.0,0.0,0.0
2753,20293,Ross Travis,Penn St.,0.8,0.48936170212765956,0.5,1.0
2754,20298,Rahlir Hollis-Jefferson,Temple,0.7058823529411765,0.6,0.7941176470588235,0.0
2755,20299,Gary Browne,West Virginia,0.0,0.18421052631578946,0.05,0.5454545454545454
2756,20303,Kevin Montminy,Penn St.,0.0,0.0,0.0,0.0
2757,20306,Kenny Buckner,Boise St.,0.8,0.7192982456140351,0.22727272727272727,0.0
2758,20307,Gerardo Suero,Albany,1.0,0.24615384615384617,0.14754098360655737,0.6551724137931034
2759,20311,Andre Drummond,Connecticut,0.8,0.6615384615384615,0.5555555555555556,0.0
2760,20312,Jay Wey,San Francisco,0.0,1.0,0.0,1.0
2761,20317,Brian Long,Kentucky,0.0,0.0,0.0,0.0
2762,20321,Jon Smith,Ohio,0.6538461538461539,0.6170212765957447,0.5,0.0
2763,20322,Dorian Cason,Portland,0.8333333333333334,0.55,0.5714285714285714,0.8
2764,20323,Leon Gibson,Houston,0.3333333333333333,0.4482758620689655,0.6923076923076923,0.0
2765,20325,Green Hill,Alabama A&M,0.0,0.06666666666666667,0.2222222222222222,1.0
2766,20327,Myron Dempsey,Texas A&M Corpus Chris,0.6666666666666666,0.4657534246575342,0.6451612903225806,0.0
2767,20329,Jordan Pope-Didier,Texas A&M Corpus Chris,0.0,0.5833333333333334,0.875,0.0
2768,20330,Jason Smith,Texas A&M Corpus Chris,0.0,0.42857142857142855,0.7777777777777778,1.0
2769,20331,Jesus Delgado,UT Rio Grande Valley,0.0,0.21621621621621623,0.25,1.0
2770,20332,Fred Sturdivant,Texas Southern,0.7058823529411765,0.5247524752475248,0.4,1.0
2771,20333,Madarious Gibbs,Texas Southern,0.0,0.15384615384615385,0.13636363636363635,0.8888888888888888
2772,20334,Jeff Peterson,Florida St.,0.0,0.14814814814814814,0.1111111111111111,0.6666666666666666
2773,20335,Lance Stokes,Chattanooga,0.0,0.18181818181818182,0.0,0.0
2774,20339,Hayden Humes,Illinois Chicago,0.0,0.52,0.4,0.9512195121951219
2775,20340,Jamie Schneck,Hartford,0.5,0.7058823529411765,0.0,0.0
2776,20342,Mark Nwakamma,Hartford,0.8636363636363636,0.5842696629213483,0.36363636363636365,1.0
2777,20345,Cory Starkey,Bucknell,1.0,0.6666666666666666,0.0,0.0
2778,20346,Nnanna Egwu,Illinois,1.0,0.8,0.5833333333333334,0.0
2779,20347,Corban Wroe,Hartford,0.0,0.625,0.0,0.0
2780,20348,Ge'Lawn Guyn,Cincinnati,0.0,0.15384615384615385,0.4,1.0
2781,20355,Christopher Anderson,San Diego,0.0,0.08163265306122448,0.1388888888888889,0.7
2782,20356,Mansa Habeeb,Idaho,0.0,0.4,0.14285714285714285,0.5
2783,20361,David Kravish,California,0.7142857142857143,0.6346153846153846,0.8043478260869565,0.0
2784,20366,Rian Pearson,Toledo,0.625,0.48695652173913045,0.4175824175824176,0.75
2785,20370,Patrick Onwenu,Texas Southern,1.0,0.5714285714285714,0.4,1.0
2786,20371,DeAngelo Scott,Texas Southern,1.0,0.36666666666666664,0.25,0.75
2787,20372,Stephen Albrecht,Brown,0.0,0.4,0.18518518518518517,0.8620689655172413
2788,20373,Jordan Weethee,VMI,0.5,0.16666666666666666,0.07692307692307693,0.975
2789,20374,Shelton Mickell,Central Connecticut,0.0,0.16666666666666666,0.0,0.6666666666666666
2790,20375,David Simmons,Central Connecticut,1.0,0.5294117647058824,0.8181818181818182,0.0
2791,20377,Kwamain Mitchell,Saint Louis,1.0,0.08333333333333333,0.05263157894736842,0.625
2792,20380,Jaylon Floyd,Arkansas Pine Bluff,1.0,0.8333333333333334,0.0,0.0
2793,20388,Gary Winston,Portland St.,0.0,0.375,0.23529411764705882,0.8
2794,20394,Mathiang Muo,Charleston Southern,0.0,0.38095238095238093,0.3,0.8387096774193549
2795,20405,Kedren Johnson,Vanderbilt,0.0,0.11764705882352941,0.0,0.4
2796,20409,Tyson Cunningham,Mississippi St.,0.0,0.0,0.0,0.0
2797,20410,Ben Olayinka,Northern Arizona,1.0,0.5,0.0,0.0
2798,20411,Kyle Jones,Arkansas Pine Bluff,0.0,0.0,0.0,0.8461538461538461
2799,20412,George Fant,Western Kentucky,0.7,0.45,0.43333333333333335,0.0
2800,20413,Eric Stutz,Eastern Kentucky,1.0,0.59375,0.5714285714285714,1.0
2801,20415,Tola Akomolafe,FIU,0.0,0.5625,0.0,1.0
2802,20417,Brian Okam,Appalachian St.,0.0,0.0,0.0,0.0
2803,20420,Christian Behrens,California,0.0,0.5,0.0,0.0
2804,20423,Roger Franklin,North Texas,1.0,0.5263157894736842,0.33962264150943394,0.0
2805,20426,Cam Griffin,Denver,0.0,0.5,0.0,0.0
2806,20427,Oto Osenieks,Minnesota,0.5,0.4117647058823529,0.6666666666666666,1.0
2807,20428,Cameron Monroe,Southern,0.0,0.4117647058823529,0.5714285714285714,1.0
2808,20434,Joe Hanstad,Boise St.,0.0,0.3333333333333333,0.3333333333333333,1.0
2809,20435,Derrick Marks,Boise St.,0.6666666666666666,0.26666666666666666,0.0,0.7142857142857143
2810,20440,Sam Thompson,Ohio St.,0.875,0.8636363636363636,0.5454545454545454,1.0
2811,20444,Zach Horstman,South Dakota St.,1.0,0.625,0.0,1.0
2812,20449,Kevin Lynch,Texas A&M Corpus Chris,0.0,0.0,0.0,0.0
2813,20450,Jamee Crockett,DePaul,0.6470588235294118,0.6,0.18181818181818182,0.9024390243902439
2814,20453,Joseph Young,Houston,0.14285714285714285,0.16666666666666666,0.3333333333333333,0.9019607843137255
2815,20456,Christopher Coyne,Saint Joseph's,0.0,0.0,0.0,0.0
2816,20469,Isaiah Morton,Marist,0.0,0.14285714285714285,0.17647058823529413,0.7857142857142857
2817,20470,Briante Weber,VCU,0.0,0.16666666666666666,0.1111111111111111,1.0
2818,20474,T.J. Curry,Marist,0.0,0.25,0.0,0.9
2819,20477,Gelaun Wheelwright,Weber St.,0.0,0.5,0.0,0.9047619047619048
2820,20479,Michael Bizoukas,Missouri St.,0.0,0.10526315789473684,0.07692307692307693,0.5
2821,20485,Tre Drye,Tulane,1.0,0.8181818181818182,0.75,1.0
2822,20488,Jaylon Moore,Evansville,0.5,0.2857142857142857,0.6666666666666666,0.0
2823,20490,Brent Arrington,Mississippi Valley St.,0.14285714285714285,0.3,0.15384615384615385,0.9565217391304348
2824,20495,Jayvian Scranton,Prairie View A&M,0.0,0.0,0.0,0.0
2825,20500,Trey Brown,Chattanooga,0.0,0.0,0.0,0.0
2826,20509,Wendell Wright,South Alabama,0.5,0.3684210526315789,0.0,0.0
2827,20515,Ben Clifford,Utah St.,0.0,0.78125,0.8888888888888888,1.0
2828,20518,Jared Tadlock,Miami OH,0.0,0.0,0.0,0.0
2829,20522,Jeremy McDonald,Western Illinois,0.0,0.0,1.0,0.0
2830,20524,Will Sullivan,Miami OH,0.0,0.8333333333333334,0.6666666666666666,1.0
2831,20538,Raphael Smith,Indiana,0.0,0.0,0.0,0.0
2832,20545,Jean Harris,Brown,0.0,0.375,0.14285714285714285,0.8095238095238095
2833,20547,Paris Gulley,Milwaukee,0.0,0.3076923076923077,0.21739130434782608,0.9122807017543859
2834,20553,Kelvin Penn,Florida Atlantic,1.0,0.47368421052631576,0.4,0.0
2835,20558,Gabas Maldunas,Dartmouth,1.0,0.4375,0.5641025641025641,1.0
2836,20566,Anthony Stitt,Charleston,0.0,0.22727272727272727,0.125,0.5384615384615384
2837,20568,Collin Chiverton,Eastern Washington,0.0,0.4,0.2916666666666667,0.7468354430379747
2838,20569,Kevin Noon,Rider,0.0,0.0,0.0,0.0
2839,20575,Jay Harris,Tennessee St.,0.0,0.14285714285714285,0.4,1.0
2840,20577,Josiah Turner,Arizona,0.2,0.5,0.2,1.0
2841,20580,Travis Trice,Michigan St.,0.0,0.2222222222222222,0.4444444444444444,0.9666666666666667
2842,20584,Greg Kelley,Yale,0.0,0.5,0.0,0.5
2843,20587,Ollie Jackson,Saint Francis,0.0,0.1,0.6153846153846154,0.8205128205128205
2844,20588,Charles Oliver,Rider,0.0,0.0,0.0,1.0
2845,20592,Darren Washington,Robert Morris,0.0,0.0,0.0,0.0
2846,20600,Todd Nelson,Southeastern Louisiana,0.0,0.8,0.16666666666666666,0.7575757575757576
2847,20609,Andrew Bock,Pacific,0.0,0.1111111111111111,0.0,0.6
2848,20613,Wendell McKines,New Mexico St.,0.7241379310344828,0.509090909090909,0.47761194029850745,0.84
2849,20615,John Manning,Saint Louis,0.0,0.0,1.0,0.0
2850,20616,Jourdan DeMuynck,Prairie View A&M,0.5,0.4090909090909091,0.2765957446808511,0.9285714285714286
2851,20617,Ryan Gesiakowski,Prairie View A&M,0.0,0.26666666666666666,0.5,0.8983050847457628
2852,20618,Jonathon Simmons,Houston,0.8,0.3088235294117647,0.3541666666666667,0.8064516129032258
2853,20620,Taylor Smith,Stephen F. Austin,0.8260869565217391,0.7021276595744681,0.7058823529411765,0.0
2854,20622,Zeke Chapman,Ball St.,0.0,0.0,1.0,1.0
2855,20623,Shaquille Boga,Milwaukee,0.0,0.15789473684210525,0.0,0.6666666666666666
2856,20625,Naadir Tharpe,Kansas,0.0,0.5,0.0,0.5
2857,20634,Lawrence Alexander,North Dakota St.,0.8,0.20833333333333334,0.08108108108108109,0.6923076923076923
2858,20635,Cady Lalanne,Massachusetts,0.5,0.4482758620689655,0.5,1.0
2859,20641,Twann Oakley,Alcorn St.,0.5,0.4444444444444444,0.25,0.6904761904761905
2860,20645,Craig Ponder,UNC Wilmington,0.0,0.0,0.0,0.0
2861,20646,Cedrick Williams,UNC Wilmington,1.0,0.6086956521739131,0.6428571428571429,0.0
2862,20647,Freddie Jackson,UNC Wilmington,0.6666666666666666,0.47368421052631576,0.2222222222222222,0.875
2863,20648,Justin Martin,Xavier,0.0,0.5333333333333333,0.16666666666666666,0.9230769230769231
2864,20649,John Auslander,Maryland,0.0,1.0,1.0,1.0
2865,20652,Chall Montgomery,Navy,0.0,0.0,0.0,1.0
2866,20653,Tre McNeil,Navy,0.0,1.0,0.0,0.0
2867,20654,Stilman White,North Carolina,0.0,0.0,0.0,1.0
2868,20655,Jordan Brickman,Navy,0.0,0.0,0.14285714285714285,0.8181818181818182
2869,20658,Jordan Akwenuke,Santa Clara,0.0,0.7,0.0,0.0
2870,20659,Nick Lamson,Santa Clara,0.0,0.0,0.0,0.0
2871,20660,Brian Sullivan,Miami OH,0.0,0.4166666666666667,0.0,0.7272727272727273
2872,20661,Dominique Dunning,New Mexico,1.0,0.6,0.5,1.0
2873,20666,Warren Flood Jr.,American,0.0,0.0,0.0,0.0
2874,20667,Tyrus McGee,Iowa St.,0.6,0.2857142857142857,0.1111111111111111,0.88
2875,20669,Romero Osby,Oklahoma,0.5294117647058824,0.38095238095238093,0.5714285714285714,1.0
2876,20671,Jamel Fuentes,Norfolk St.,0.0,0.13043478260869565,0.14285714285714285,1.0
2877,20673,Taylor Abt,Holy Cross,0.0,0.5,0.8,1.0
2878,20675,Aaron Brown,West Virginia,0.0,0.26666666666666666,0.2727272727272727,0.96
2879,20676,Martin Smith,Lipscomb,0.0,0.26666666666666666,0.6,0.9666666666666667
2880,20677,Justin Wesley,Kansas,0.6,0.6,1.0,0.0
2881,20678,Austin Chatman,Creighton,0.0,0.16666666666666666,0.25,0.8333333333333334
2882,20681,Chris Freeman,Austin Peay,0.5,0.5416666666666666,0.7142857142857143,0.0
2883,20683,Deonte Alexander,Lipscomb,0.0,0.3333333333333333,0.3125,0.8478260869565217
2884,20684,Chad Johnson,Lipscomb,0.0,0.0,0.0,0.0
2885,20686,Karol Gruszecki,UT Arlington,0.0,0.0,0.0,0.8666666666666667
2886,20688,Dewayne Bowden,Houston Christian,0.0,1.0,0.0,0.0
2887,20691,Hugh Greenwood,New Mexico,0.6666666666666666,0.4444444444444444,0.38461538461538464,0.9722222222222222
2888,20692,Raheem Appleby,Louisiana Tech,0.4,0.44642857142857145,0.19444444444444445,0.8157894736842105
2889,20694,Shane Larkin,Miami FL,0.0,0.18518518518518517,0.14285714285714285,0.6875
2890,20695,Kevin Douglas,St. Francis NY,1.0,0.5,0.42857142857142855,1.0
2891,20700,Allan Guei,Cal St. Northridge,0.0,0.2222222222222222,0.2,0.8
2892,20702,Kenneth Smith,Louisiana Tech,0.0,0.4117647058823529,0.0,0.9285714285714286
2893,20708,Rondale Livas,Grambling St.,0.0,0.5,0.35294117647058826,1.0
2894,20709,Xavier Rogers,Grambling St.,0.0,0.2,0.46153846153846156,0.8717948717948718
2895,20711,Jeremy Ingram,Alabama A&M,0.0,0.0,0.38461538461538464,0.8695652173913043
2896,20712,Eddie Hardy,Alabama A&M,0.0,0.0,0.0,0.45454545454545453
2897,20713,Brandon Allen,Alabama A&M,0.0,0.2727272727272727,0.42857142857142855,0.875
2898,20714,Marcus Lee,Alabama A&M,0.0,0.0,0.0,0.0
2899,20720,Milton Chavis,Morehead St.,0.9166666666666666,0.725,0.48,1.0
2900,20722,Moussa Kone,Hofstra,0.8181818181818182,0.717948717948718,0.25,0.0
2901,20724,Tyrone Staggers,Lehigh,0.0,0.0,0.0,0.0
2902,20726,Tre Demps,Northwestern,0.0,0.0,0.0,1.0
2903,20729,Matt Borton,Idaho,0.0,0.0,0.5,1.0
2904,20732,Andrew Smith,Liberty,1.0,0.8333333333333334,1.0,0.0
2905,20733,Shelby Moats,Vanderbilt,0.0,1.0,0.0,1.0
2906,20735,Quinn Cook,Duke,0.0,0.1111111111111111,0.06666666666666667,0.7857142857142857
2907,20736,Andrew Nicholas,Monmouth,0.0,0.5217391304347826,0.36585365853658536,0.9333333333333333
2908,20740,Kevin Henderson,Montana,0.0,0.3333333333333333,0.0,1.0
2909,20741,Jordan Gregory,Montana,0.0,0.0,0.0,1.0
2910,20743,Kyle Heck,SIU Edwardsville,0.0,0.0,0.0,0.0
2911,20744,Willie Green,Stetson,0.7272727272727273,0.5818181818181818,0.6,1.0
2912,20747,Lonnie Watson,Cal St. Northridge,0.0,0.0,0.0,0.0
2913,20751,O'Neil Cooper,Xavier,0.0,0.0,0.0,0.0
2914,20754,Tomasz Gielo,Liberty,0.0,0.5,0.625,1.0
2915,20761,Igor Hadziomerovic,Boise St.,1.0,0.5,0.14285714285714285,0.7777777777777778
2916,20762,Anthony Drmic,Boise St.,0.5,0.45161290322580644,0.13636363636363635,0.9454545454545454
2917,20768,John Cannon,Georgia,0.0,1.0,0.4,0.0
2918,20769,Ricky Tarrant,Tulane,0.0,0.22950819672131148,0.05555555555555555,0.74
2919,20770,Quentin Jones,UMBC,0.0,0.1,0.42857142857142855,0.7777777777777778
2920,20778,Narbeh Ebrahimian,San Diego St.,0.0,0.0,0.0,0.0
2921,20780,Jerome Jones,SIU Edwardsville,0.3333333333333333,0.3125,0.4666666666666667,0.7307692307692307
2922,20781,Mario Blessing,USC Upstate,0.0,0.35714285714285715,0.2222222222222222,0.7931034482758621
2923,20782,DaQuan Joyner,Texas Southern,1.0,0.6666666666666666,0.6666666666666666,0.0
2924,20783,Fred Miller,USC Upstate,0.0,0.4,0.2222222222222222,1.0
2925,20785,Jeff Early,Southern Illinois,0.0,0.4107142857142857,0.55,0.8333333333333334
2926,20786,Mike McChristian,Idaho,0.0,0.42857142857142855,0.46153846153846156,1.0
2927,20787,Karl Madison,Drake,0.0,0.12,0.14285714285714285,0.8888888888888888
2928,20790,Robert Brown,Virginia Tech,0.0,0.28,0.21052631578947367,0.9444444444444444
2929,20796,Nyandigisi Moikubo,Iona,0.0,0.75,1.0,0.0
2930,20800,Varez Ward,Auburn,0.0,0.19047619047619047,0.4444444444444444,0.9
2931,20801,Dexter Kernich-Drew,Washington St.,1.0,0.6666666666666666,0.0,1.0
2932,20802,Jaleel Williams,San Jose St.,1.0,0.25,0.0,1.0
2933,20804,Josiah Heath,Canisius,1.0,0.4,0.8947368421052632,0.0
2934,20805,Kyle Odister,Cal Poly,0.0,0.0,0.0,0.8636363636363636
2935,20806,Junior Fortunat,Rider,0.5714285714285714,0.6666666666666666,0.5,0.0
2936,20807,Colin Beatty,Pacific,0.0,0.42857142857142855,0.4,0.8181818181818182
2937,20809,Ross Rivera,Pacific,0.0,0.7333333333333333,0.66,0.9166666666666666
2938,20811,Patrick Crowley,Notre Dame,0.0,0.0,0.0,1.0
2939,20812,T.J. Diop,Seattle,0.0,0.46153846153846156,1.0,0.0
2940,20813,Thomas Greer,Austin Peay,0.0,0.0,0.0,1.0
2941,20814,Manny Thomas,Marist,0.5,0.6111111111111112,0.6923076923076923,1.0
2942,20821,Stan Simpson,Memphis,1.0,0.6428571428571429,0.25,0.0
2943,20838,Arnold Louis,Savannah St.,0.7777777777777778,0.5384615384615384,0.7142857142857143,1.0
2944,20854,Nick Hinton,Texas St.,1.0,0.8333333333333334,0.875,1.0
2945,20862,Lucas Brown,Wofford,0.0,1.0,0.0,0.0
2946,20865,Mohammed Fall,Montana St.,1.0,0.4444444444444444,0.4782608695652174,0.0
2947,20875,London Dokubo,Loyola Chicago,0.0,0.0,0.0,1.0
2948,20877,Greg Dougan,Xavier,0.0,0.0,0.0,0.0
2949,20880,Christian Pierce,James Madison,0.0,1.0,0.0,1.0
2950,20892,Jamel Flash,Towson,1.0,1.0,1.0,0.0
2951,20898,Jared Accetturra,Colgate,0.0,0.0,0.0,0.0
2952,20903,Kameron Dunnican,Georgia Southern,0.5,0.3333333333333333,0.0,0.0
2953,20908,Nick Goff,Ohio,0.0,1.0,0.0,1.0
2954,20909,Carlin Bremmer,Central Arkansas,0.0,0.0,1.0,0.7857142857142857
2955,20911,Darius Singleton,Central Arkansas,0.0,0.6666666666666666,0.0,0.0
2956,20912,Joe Harris,Central Arkansas,1.0,0.5,0.6666666666666666,0.8888888888888888
2957,20913,Dave Wink,Washington St.,0.0,0.0,0.0,0.0
2958,20915,Austin Richie,Western Michigan,0.0,0.2857142857142857,0.25,0.9310344827586207
2959,20916,Dominque Major,Saint Francis,0.0,0.0,0.0,0.6666666666666666
2960,20917,Brandon Sewell,Kennesaw St.,0.0,1.0,0.0,0.0
2961,20919,Alex Welhouse,Nebraska Omaha,0.0,0.4444444444444444,0.5714285714285714,1.0
2962,20920,Jeremy Nordman,Central Arkansas,0.0,1.0,0.0,0.0
2963,20923,Dan Peera,Rice,0.0,1.0,0.0,0.0
2964,20933,Raffi Chalian,California,0.0,0.0,0.0,0.0
2965,20934,Keith DeWitt,Southern Miss,0.0,0.0,0.0,0.0
2966,20936,Rob Filley,California,0.0,0.0,0.0,0.0
2967,20938,Tony Kimbro Jr.,Georgia St.,0.625,0.5,0.0,1.0
2968,20939,Shawn Meyer,Kansas St.,0.0,1.0,0.0,0.0
2969,20940,Jay Rome,Georgia,0.0,0.0,0.0,0.0
2970,20941,Kadeem Coleby,Louisiana,0.7777777777777778,0.6133333333333333,0.3333333333333333,0.0
2971,20946,Franklin Milian,Canisius,0.0,0.625,0.3333333333333333,0.7777777777777778
2972,20948,Travis Martin,Idaho St.,0.0,1.0,0.0,1.0
2973,20952,Jarvis Jones,East Tennessee St.,0.0,0.2,0.2777777777777778,0.8823529411764706
2974,20953,Joe Eberhard,Sacramento St.,0.0,0.375,0.4782608695652174,0.9772727272727273
2975,20965,Mamadou Datt,Duquesne,0.9,0.6818181818181818,0.5714285714285714,0.0
2976,20969,Dylan Sherwood,UNC Wilmington,0.0,1.0,0.0,1.0
2977,20972,Shawn Kemp Jr.,Washington,0.7142857142857143,0.6923076923076923,0.3333333333333333,0.0
2978,20973,Peter Pappageorge,Long Beach St.,0.0,0.5,0.25,1.0
2979,20974,Mike Caffey,Long Beach St.,0.0,0.375,0.09090909090909091,0.8461538461538461
2980,20975,Logan Shipley,Purdue Fort Wayne,0.0,0.0,0.0,0.0
2981,20986,Larry Savage,Delaware,0.0,0.5,0.5,0.0
2982,20989,Javon McKay,Tennessee Tech,0.6666666666666666,0.6875,0.8,1.0
2983,20991,Bruce English,Loyola Marymount,0.0,1.0,1.0,1.0
2984,20999,Troy Robinson,Bryant,0.0,0.5714285714285714,0.75,1.0
2985,21000,Bobby Garbade,Princeton,0.0,1.0,0.0,0.0
2986,21001,Dion Waiters,Jacksonville St.,0.0,0.14285714285714285,0.42857142857142855,0.0
2987,21002,Andrew McCarthy,Massachusetts,0.0,1.0,1.0,0.0
2988,21003,Pete Aguilar,LIU,0.0,0.5,0.0,0.0
2989,21004,Clay Wilson,Princeton,0.0,0.0,0.0,1.0
2990,21007,Gavin Hoffmann,San Francisco,0.0,1.0,0.0,0.8571428571428571
2991,21009,Justin Swidowski,Sacred Heart,0.75,0.7162162162162162,0.7435897435897436,0.9230769230769231
2992,21014,Justin Burrell,Holy Cross,0.0,0.18518518518518517,0.07692307692307693,0.6956521739130435
2993,21015,Lucky Jones,Robert Morris,1.0,0.4090909090909091,0.6785714285714286,1.0
2994,21020,Winston Graham,Norfolk St.,0.0,0.0,0.0,1.0
2995,21025,Arnett Moultrie,Mississippi St.,0.7903225806451613,0.5206611570247934,0.5294117647058824,1.0
2996,21027,Kevin Pangos,Gonzaga,0.0,0.14285714285714285,0.043478260869565216,0.8227848101265823
2997,21039,Jacob Parker,Stephen F. Austin,0.0,0.7777777777777778,0.7777777777777778,1.0
2998,21040,KeDorian Sullivan,Alcorn St.,0.8181818181818182,0.5918367346938775,0.8571428571428571,1.0
2999,21042,Robbie Hummel,Purdue,0.0,0.5294117647058824,0.4380952380952381,0.9444444444444444
3000,21043,Nurideen Lindsey,St. John's,0.5,0.07407407407407407,0.2222222222222222,0.0
3001,21044,Moe Harkless,St. John's,0.7209302325581395,0.4566929133858268,0.30612244897959184,0.8235294117647058
3002,21045,Boris Brakalov,St. John's,0.0,0.0,0.0,0.0
3003,21047,Devin McNeil,Samford,0.0,0.2222222222222222,0.125,0.6666666666666666
3004,21049,Marc Brown,Illinois Chicago,1.0,0.3157894736842105,0.4444444444444444,1.0
3005,21050,Willie Hankins,Eastern Washington,0.0,0.0,0.0,0.0
3006,21052,Renado Parker,Portland St.,0.8,0.37037037037037035,0.5,0.0
3007,21060,Corey Schaefer,Lehigh,0.0,0.4,0.1,0.7
3008,21062,Stefan Cvrkalj,Lehigh,0.0,0.5,0.8333333333333334,1.0
3009,21064,Demetrius Robinson,UNC Greensboro,0.0,0.0,0.0,0.0
3010,21065,Derrell Armstrong,UNC Greensboro,0.0,0.1625,0.06451612903225806,0.7407407407407407
3011,21067,Nick Johnson,Arizona,0.7058823529411765,0.53125,0.25925925925925924,0.925
3012,21068,Adonis Thomas,Memphis,1.0,0.6818181818181818,0.16129032258064516,0.9333333333333333
3013,21070,Martin Whitmore,Portland St.,0.0,1.0,0.3333333333333333,0.8571428571428571
3014,21072,Marcus Hopper,Siena,0.0,0.0,0.5,0.0
3015,21074,Evan Hymes,Siena,0.0,0.2619047619047619,0.10714285714285714,0.7543859649122807
3016,21075,Cody Mann,Colorado St.,0.0,0.5,0.0,0.0
3017,21076,Alex Wegner,Washington,0.0,0.0,0.0,1.0
3018,21077,Chandler Thomas,UMBC,0.0,0.6274509803921569,0.5625,1.0
3019,21078,Chad Calcaterra,Colorado St.,1.0,0.7142857142857143,1.0,0.0
3020,21079,Jordan Herrera,North Carolina A&T,0.0,0.0,0.0,0.0
3021,21080,D. Beholm-Tolly,North Carolina A&T,0.0,0.0,0.0,0.0
3022,21082,Tony Wroten,Washington,0.23529411764705882,0.30597014925373134,0.12727272727272726,0.2222222222222222
3023,21084,Cedrick Lang,UTEP,1.0,0.7241379310344828,0.7368421052631579,0.0
3024,21087,Sam Malone,Kentucky,0.0,0.0,0.0,0.0
3025,21098,DeVille Smith,Mississippi St.,0.0,0.07692307692307693,0.0,0.625
3026,21101,Manny Ochenje,Pepperdine,0.0,0.8,1.0,0.0
3027,21104,Nikolas Skouen,Pepperdine,0.0,0.5,0.5714285714285714,0.9696969696969697
3028,21105,Juan Anderson,Marquette,0.0,1.0,0.0,0.0
3029,21106,Todd Mayo,Marquette,1.0,0.5555555555555556,0.35714285714285715,1.0
3030,21107,Chad Holley,Mount St. Mary's,0.0,0.07692307692307693,0.16666666666666666,0.7272727272727273
3031,21109,Steven Werner,Sam Houston St.,1.0,0.7058823529411765,0.5,0.0
3032,21110,Jarvis Moore,Alcorn St.,0.0,0.0,0.0,1.0
3033,21111,Alexander Barlow,Butler,0.0,0.0,0.0,0.0
3034,21112,Myles Mack,Rutgers,0.0,0.42424242424242425,0.16666666666666666,0.851063829787234
3035,21120,Jacques Coleman,Nebraska Omaha,0.0,0.3333333333333333,0.0,0.0
3036,21125,John Cain Carney,Boston College,0.0,0.0,0.0,0.0
3037,21138,Greg Dorleus,Charleston Southern,1.0,1.0,0.0,0.0
3038,21139,Cedrick Bowen,Charleston Southern,0.6666666666666666,0.6666666666666666,0.4,0.0
3039,21141,Youssou Ndoye,St. Bonaventure,0.5,0.5909090909090909,0.8888888888888888,0.0
3040,21143,Carl Hall,Wichita St.,1.0,0.6323529411764706,0.5,0.0
3041,21145,Tavares Speaks,Liberty,0.0,0.2631578947368421,0.7777777777777778,1.0
3042,21146,Will Johnston,Virginia Tech,0.0,0.0,0.0,1.0
3043,21151,Kharon Butcher,Tennessee St.,0.0,0.0,0.0,1.0
3044,21152,Kentavious Caldwell-Pope,Georgia,0.25,0.46153846153846156,0.37142857142857144,0.7692307692307693
3045,21154,Tim Dixon,Georgia,0.0,0.0,1.0,0.0
3046,21157,John Florveus,Georgia,0.7777777777777778,0.5238095238095238,0.6666666666666666,0.0
3047,21175,Keith Armstrong,Robert Morris,1.0,0.5384615384615384,1.0,0.0
3048,21188,Alex Giergen,Towson,0.0,0.0,0.5,1.0
3049,21189,Will Adams,Towson,1.0,0.3,0.5,0.8571428571428571
3050,21190,Deyon Cook,Towson,0.0,0.0,0.0,0.75
3051,21192,Amaurys Fermin,Cal Poly,0.0,0.07407407407407407,0.10638297872340426,0.5428571428571428
3052,21194,Robert Nwankwo,Towson,0.75,0.5631067961165048,0.38461538461538464,0.0
3053,21198,Stacy Wilson,Murray St.,0.5,0.3076923076923077,0.4444444444444444,0.8947368421052632
3054,21199,Abdulwali Kasim,Delaware St.,0.0,1.0,0.0,0.0
3055,21207,David Appolon,Robert Morris,0.0,0.6666666666666666,0.5,1.0
3056,21213,Yannick Atanga,Santa Clara,0.8333333333333334,0.44,0.5555555555555556,0.0
3057,21229,Jacquez Rozier,Middle Tennessee,0.0,0.75,1.0,0.0
3058,21231,Joseph Edwards,Purdue Fort Wayne,0.0,0.18181818181818182,0.5714285714285714,1.0
3059,21232,Montrael Scott,Prairie View A&M,0.0,0.6428571428571429,0.5,0.6923076923076923
3060,21233,Ronald Wright,Prairie View A&M,0.0,0.27586206896551724,0.32,0.5
3061,21234,Darrun Hilliard,Villanova,0.0,0.36363636363636365,0.38461538461538464,0.9523809523809523
3062,21241,Gary Roberson,Northwestern St.,0.0,0.25,0.15789473684210525,0.8636363636363636
3063,21242,Emmanuel Okoroba,Hampton,0.0,0.46153846153846156,0.5714285714285714,0.0
3064,21243,Dan Trist,Lafayette,0.0,0.5869565217391305,0.5769230769230769,0.0
3065,21247,Eric Lawton,Little Rock,0.0,0.45454545454545453,0.0,1.0
3066,21248,Reggie Fondren,Little Rock,0.0,0.6666666666666666,0.5,1.0
3067,21249,Fred Landers,North Florida,0.0,0.3333333333333333,0.5714285714285714,1.0
3068,21250,Chuck Guy,Little Rock,1.0,0.28125,0.17857142857142858,0.7894736842105263
3069,21251,Mark Jackson,Louisville,0.0,0.0,0.0,1.0
3070,21252,Deric Rudolph,Savannah St.,0.0,0.0,0.14285714285714285,0.8117647058823529
3071,21253,Quincy Drye,High Point,0.0,0.0,0.0,0.0
3072,21254,Deyon Franciosis,Alcorn St.,0.0,0.0,0.0,1.0
3073,21256,Corbin Thomas,Missouri St.,0.0,0.0,1.0,0.0
3074,21259,Shane Phillips,South Carolina,0.0,0.0,0.0,0.0
3075,21264,Marcus Damas,Towson,0.8,0.2682926829268293,0.3953488372093023,0.7083333333333334
3076,21280,Logan Wiens,Coppin St.,1.0,0.42857142857142855,0.56,0.9285714285714286
3077,21281,Rodney Edwards,Coppin St.,0.0,0.0,0.0,0.0
3078,21283,Darnell Dodson,Southern Miss,0.3333333333333333,0.48,0.4857142857142857,0.8095238095238095
3079,21284,Mykel Harris,Monmouth,1.0,0.6,0.0,0.0
3080,21285,Daniel James,Monmouth,0.0,0.0,1.0,0.0
3081,21287,Richard Carlisle,Southern Miss,0.0,0.0,1.0,0.0
3082,21288,Alahjah Franklin,Southern Miss,0.0,0.0,0.0,0.0
3083,21290,Traevon Jackson,Wisconsin,0.0,0.5,0.0,1.0
3084,21292,Frank Kaminsky,Wisconsin,1.0,0.6666666666666666,0.0,1.0
3085,21293,Mac Lake,Presbyterian,0.0,0.0,0.0,0.0
3086,21295,Emil Jones,Troy,0.0,0.16,0.21818181818181817,0.9130434782608695
3087,21297,Evan Wessel,Wichita St.,0.0,0.3333333333333333,1.0,1.0
3088,21298,R.J. Price,Radford,0.0,0.13793103448275862,0.037037037037037035,0.5862068965517241
3089,21299,Daquan Holiday,NJIT,0.0,0.6666666666666666,0.0,0.0
3090,21300,Connor Miller,Samford,0.0,0.5,0.5,0.9
3091,21307,Anthony Hickey,LSU,0.0,0.20930232558139536,0.08,0.5681818181818182
3092,21309,Mo Hughley,Cal St. Bakersfield,0.6666666666666666,0.625,0.5,0.0
3093,21311,Zach Lamb,Cal St. Bakersfield,0.75,0.4888888888888889,0.36363636363636365,0.9393939393939394
3094,21313,Kyle Perkins,Utah,0.0,1.0,0.0,1.0
3095,21315,Johnny O'Bryant III,LSU,0.45454545454545453,0.3673469387755102,0.525,1.0
3096,21320,Jekore Tyler,UAB,0.2,0.13043478260869565,0.3125,0.625
3097,21321,Devareaux Manley,Kent St.,0.0,0.0,0.0,0.9
3098,21322,Basil Brown,Texas St.,0.0,0.6666666666666666,0.2,1.0
3099,21323,Tommy Brenton,Stony Brook,0.3076923076923077,0.35294117647058826,0.0,0.6666666666666666
3100,21324,Anthony Odunsi,Utah,0.0,0.07142857142857142,0.42857142857142855,1.0
3101,21325,Ferrakohn Hall,Memphis,0.7272727272727273,0.5185185185185185,0.4666666666666667,0.0
3102,21328,Joey Getz,UMBC,0.0,0.0,0.0,0.4
3103,21330,Dylan Moody,Fairleigh Dickinson,0.0,0.5,0.0,1.0
3104,21331,Chris Evans,Kent St.,0.8604651162790697,0.6162790697674418,0.5714285714285714,1.0
3105,21332,Brice Kofane,Providence,1.0,0.625,0.0,0.0
3106,21334,Carlton Brundidge,Michigan,0.0,1.0,0.0,0.0
3107,21335,Rayvon Harris,Rhode Island,0.0,0.0,0.3333333333333333,0.0
3108,21338,Terrance Bobb-Jones,Quinnipiac,0.0,0.3333333333333333,1.0,0.0
3109,21339,Austin Alecxih,Quinnipiac,0.0,0.0,0.0,0.0
3110,21340,Alex Jackson,Quinnipiac,0.0,0.6,1.0,0.0
3111,21341,Patrick Matthews,Bryant,0.0,0.0,0.0,0.0
3112,21352,Anthony Downing,Missouri St.,0.0,0.5128205128205128,0.19607843137254902,0.6923076923076923
3113,21355,Evan Maschmeyer,Saint Joseph's,0.0,0.75,1.0,0.0
3114,21356,Spencer Barks,Maryland,0.0,0.0,0.0,0.0
3115,21357,Phil Gaetano,Sacred Heart,0.0,0.2,0.0,0.7037037037037037
3116,21361,Kahlil Owens,Morehead St.,1.0,0.6046511627906976,0.2727272727272727,0.0
3117,21371,Johnathan Jordan,Texas A&M Corpus Chris,0.0,0.19230769230769232,0.06060606060606061,1.0
3118,21379,Jonathan Miller,Eastern Illinois,0.0,1.0,0.0,1.0
3119,21380,Trey Burke,Michigan,0.0,0.1875,0.12727272727272726,0.543859649122807
3120,21381,Isaac Butts,Appalachian St.,0.0,0.39655172413793105,0.35294117647058826,0.0
3121,21382,Rodney Milum,Appalachian St.,0.0,0.5,0.3333333333333333,0.9523809523809523
3122,21384,Nick Colella,Penn St.,0.0,0.75,0.0,0.8235294117647058
3123,21386,Jeremy Bogus,Jacksonville,0.0,1.0,0.0,1.0
3124,21391,Tanner Gibson,Albany,1.0,1.0,0.5,0.0
3125,21393,Gary Talton,Illinois Chicago,0.0,0.08695652173913043,0.09090909090909091,0.6296296296296297
3126,21395,Kameron Woods,Butler,0.75,0.4,0.631578947368421,0.8888888888888888
3127,21397,Rodrigo De Souza,Pacific,0.0,0.3333333333333333,0.0,1.0
3128,21398,Andre Ingram,Minnesota,0.7777777777777778,0.6666666666666666,1.0,0.0
3129,21399,Andre Hollins,Minnesota,0.0,0.41935483870967744,0.36363636363636365,0.8409090909090909
3130,21402,Jake Lliteras,Oral Roberts,0.0,0.0,0.5,1.0
3131,21405,Will Keistler,The Citadel,0.0,0.0,0.0,0.0
3132,21407,Cj Bray,The Citadel,0.0,0.8095238095238095,0.5333333333333333,1.0
3133,21408,Devon Atkinson,Morehead St.,0.0,0.4444444444444444,0.75,1.0
3134,21409,D'Andre Martin,Louisiana Monroe,0.0,0.0,0.0,0.0
3135,21413,Tom Tankelewicz,Western Carolina,0.0,0.3333333333333333,0.0,0.875
3136,21415,Aaron Hawk-Harris,Northern Colorado,0.0,0.0,0.3333333333333333,1.0
3137,21420,Jackson Simmons,North Carolina,0.0,0.0,0.6666666666666666,0.0
3138,21422,Johnny Dee,San Diego,0.0,0.3333333333333333,0.4186046511627907,0.9066666666666666
3139,21431,Seth Gearhart,Rice,0.0,1.0,0.5,1.0
3140,21436,Royce O'Neale,Denver,0.5,0.4,0.3333333333333333,0.9310344827586207
3141,21437,Deshawn Stephens,San Diego St.,0.7058823529411765,0.574468085106383,0.3333333333333333,0.0
3142,21438,Brett Olson,Denver,0.0,0.5238095238095238,0.0,0.9629629629629629
3143,21439,Amir Williams,Ohio St.,0.8571428571428571,0.75,0.0,0.0
3144,21441,Shayne Whittington,Western Michigan,0.9090909090909091,0.631578947368421,0.7,0.0
3145,21446,Kyle Vinales,Central Connecticut,0.0,0.5,0.25,0.7746478873239436
3146,21455,Keenan Wetzel,Michigan St.,0.0,0.0,0.0,1.0
3147,21456,Quinton Crawford,Arizona,0.0,0.0,0.0,0.0
3148,21464,Josh Swan,Southern Illinois,0.0,0.6666666666666666,0.3,1.0
3149,21465,Stephon Whyatt,Saint Francis,0.0,0.25806451612903225,0.45454545454545453,0.8387096774193549
3150,21468,Bryant Purvis,Grambling St.,1.0,0.36363636363636365,0.625,1.0
3151,21469,Kyle Anderson,Delaware,0.0,0.3333333333333333,0.6,0.9705882352941176
3152,21470,Chauncey Gilliam,Akron,0.5,0.52,0.1111111111111111,0.9285714285714286
3153,21472,Austin Tillotson,Monmouth,0.0,0.48717948717948717,0.45,0.7777777777777778
3154,21473,Tyler Hood,Samford,0.25,0.5294117647058824,0.2222222222222222,0.9473684210526315
3155,21478,Philip Jurick,Oklahoma St.,0.5,0.25,0.0,0.0
3156,21479,Arman Marks,James Madison,0.0,0.16666666666666666,0.5,0.9166666666666666
3157,21482,Russell Hill,Southern,0.0,0.5,0.3076923076923077,1.0
3158,21483,Marek Soucek,Oklahoma St.,0.0,1.0,0.8,1.0
3159,21494,Raymond Cowels III,Santa Clara,0.0,0.18181818181818182,0.32142857142857145,0.9122807017543859
3160,21506,Joey Ptasinski,Lafayette,0.0,0.2,0.4,0.8125
3161,21520,John Walton,East Tennessee St.,0.0,0.0,0.0,0.0
3162,21533,Willie Readus,Jackson St.,0.0,0.18181818181818182,0.5,0.0
3163,21534,Anthony Henderson,Bowling Green,1.0,1.0,1.0,1.0
3164,21536,Garrett Frick,NJIT,0.0,0.375,0.75,0.0
3165,21540,Taggart Lockhart,Little Rock,0.0,0.4,0.2727272727272727,1.0
3166,21542,Jordan Tyrance,Nebraska,0.0,0.0,0.0,0.0
3167,21555,Mayol Riathin,Prairie View A&M,0.75,0.3125,0.0,0.0
3168,21558,Thomas Marshall,Southern,0.0,0.42857142857142855,0.2857142857142857,0.0
3169,21559,Collin Woods,UC Irvine,0.0,0.42857142857142855,0.14285714285714285,0.9444444444444444
3170,21560,Elston Turner,Texas A&M,0.0,0.34782608695652173,0.2909090909090909,0.696969696969697
3171,21562,John Golden,Dartmouth,0.6666666666666666,0.4482758620689655,0.4444444444444444,0.7428571428571429
3172,21565,Thair Heath,Morgan St.,1.0,0.6666666666666666,1.0,0.0
3173,21566,Markcus Falley,Pacific,0.0,0.5,0.0,1.0
3174,21567,Marvin Cotton,Pacific,0.0,0.0,0.0,0.0
3175,21568,Rundell Mauge,Pacific,0.3333333333333333,0.2857142857142857,0.4,0.0
3176,21570,Trey Norris,North Texas,0.0,0.3333333333333333,0.0,0.6
3177,21571,Anthony Collins,South Florida,0.0,0.05263157894736842,0.05454545454545454,0.2857142857142857
3178,21573,Matt Smith,Toledo,1.0,0.6545454545454545,0.4230769230769231,1.0
3179,21574,Dan Monckton,Tulane,0.0,0.0,0.5,0.0
3180,21582,Kristijan Krajina,Mount St. Mary's,1.0,0.48,0.0,1.0
3181,21585,Lorenzo McCloud,Pacific,0.0,0.1935483870967742,0.17073170731707318,0.5625
3182,21594,Dominique Buckley,Toledo,0.0,0.24,0.09523809523809523,0.8181818181818182
3183,21598,Zavion Williams,Lipscomb,0.0,0.20454545454545456,0.2222222222222222,0.8
3184,21599,David Carr,Portland,0.0,0.35714285714285715,0.125,0.9090909090909091
3185,21600,Zach Moore,St. Bonaventure,0.0,0.0,0.0,0.0
3186,21606,Ali Langford,Niagara,1.0,0.6875,0.0,1.0
3187,21608,Karl Cochran,Wofford,0.42857142857142855,0.47368421052631576,0.42424242424242425,0.9090909090909091
3188,21609,John Swinton,Wofford,0.0,0.0,0.0,0.0
3189,21611,Lee Skinner,Wofford,1.0,0.5365853658536586,0.65,0.7142857142857143
3190,21612,Michael Javes,Little Rock,0.0,0.4827586206896552,0.55,0.5
3191,21613,Markese Tucker,Saint Peter's,0.0,0.8108108108108109,0.6153846153846154,0.0
3192,21617,Christian Moon,Montana St.,0.0,0.42857142857142855,0.5454545454545454,0.8888888888888888
3193,21626,Myke Henry,Illinois,1.0,0.6428571428571429,0.3,1.0
3194,21632,Shaquille Duncan,Morgan St.,0.8181818181818182,0.5454545454545454,0.7777777777777778,0.0
3195,21634,Deji Ibitayo,Akron,0.0,0.0,0.0,0.0
3196,21636,Davonte Beard,Siena,0.0,0.25,0.3333333333333333,1.0
3197,21640,Jalen Harris,Army,0.0,0.0,0.0,0.0
3198,21648,Kevin Covington,Austin Peay,0.0,0.0,0.0,0.0
3199,21649,Jordan Green,Texas A&M,0.2857142857142857,0.3333333333333333,0.5,0.875
3200,21650,Ted Crass,Little Rock,0.0,0.0,0.0,0.0
3201,21661,Askia Booker,Colorado,0.6666666666666666,0.4166666666666667,0.15625,0.5714285714285714
3202,21662,Milton Washington,Army,0.0,0.3076923076923077,0.0,1.0
3203,21663,Z. Mason,Chattanooga,0.0,0.5925925925925926,0.3333333333333333,1.0
3204,21664,Mo Williams,Army,0.0,0.375,0.0,0.9230769230769231
3205,21669,Drew Wiley,Boise St.,0.0,0.25,0.4,0.9024390243902439
3206,21670,Andre Jackson,Cal St. Bakersfield,1.0,0.5,0.5,0.0
3207,21671,Kwai Pearson,Cal St. Bakersfield,0.0,0.3333333333333333,0.0,0.0
3208,21672,Derrick Wilson,Marquette,0.0,0.6,1.0,0.0
3209,21673,Hart Gliedman,Liberty,0.0,0.0,0.0,0.0
3210,21674,Walt Aikens,Liberty,0.0,0.0,0.0,0.0
3211,21684,Rod Hall,Clemson,1.0,0.391304347826087,0.23076923076923078,1.0
3212,21685,Carson Fields,Clemson,0.0,0.0,0.0,0.0
3213,21687,Max Landis,Gardner Webb,0.0,0.1875,0.4166666666666667,0.6938775510204082
3214,21688,Donta Harper,Gardner Webb,0.5,0.41025641025641024,0.3157894736842105,0.0
3215,21689,Corey Hensley,Gardner Webb,0.0,1.0,0.3333333333333333,0.0
3216,21690,John Schoof,American,0.0,0.6666666666666666,0.8333333333333334,0.9444444444444444
3217,21692,Roberto Colonette,Manhattan,0.6,0.59375,0.6666666666666666,0.0
3218,21694,Gene Swindle,James Madison,0.9285714285714286,0.7333333333333333,0.5,0.0
3219,21695,Mario Moody,Wagner,0.5714285714285714,0.45454545454545453,1.0,0.0
3220,21696,Vonn Jones,Texas St.,0.0,0.1875,0.08333333333333333,0.55
3221,21701,Sebastian Douglas,Cleveland St.,1.0,0.5,0.0,0.5
3222,21702,Brent Jones,St. Francis NY,0.0,0.08333333333333333,0.11764705882352941,0.6666666666666666
3223,21709,Konner Veteto,Sacramento St.,0.9090909090909091,0.6119402985074627,0.5333333333333333,0.0
3224,21714,Dimitri Batten,Old Dominion,0.5,0.2777777777777778,0.2857142857142857,0.9565217391304348
3225,21718,Charles Joy,SIU Edwardsville,0.5,0.3333333333333333,0.25,0.0
3226,21720,Chris Jones,North Texas,0.0,0.1724137931034483,0.1,0.7222222222222222
3227,21722,Treshawn Hagood,Florida A&M,0.0,0.0,0.0,0.0
3228,21723,Nathaniel Drayton,Florida A&M,1.0,0.39473684210526316,0.7142857142857143,1.0
3229,21730,Devoe Joseph,Oregon,0.0,0.18421052631578946,0.20967741935483872,0.696969696969697
3230,21734,Kendall Bethea,UNC Greensboro,0.0,0.0,0.0,0.0
3231,21735,Chris Prescott,Saint Peter's,1.0,0.4,0.3333333333333333,0.8548387096774194
3232,21739,Nate Anderson,UNC Wilmington,1.0,0.8,0.0,1.0
3233,21744,Michael Harvey,Portland St.,0.0,0.5,0.3333333333333333,1.0
3234,21747,Marcus Dubose,East Tennessee St.,1.0,0.4074074074074074,0.06896551724137931,0.7878787878787878
3235,21748,Garvey Young,Quinnipiac,0.3333333333333333,0.3939393939393939,0.3333333333333333,0.8823529411764706
3236,21750,David Brown,Furman,0.0,0.0,0.0,1.0
3237,21751,Kevin Shaw,Georgia St.,0.0,0.0,0.0,1.0
3238,21752,Youssef Mejri,Davidson,0.0,0.0,0.0,0.0
3239,21756,Maurice Grant,Providence,0.0,0.0,0.0,0.0
3240,21767,Kelsey Howard,Jackson St.,0.75,0.3888888888888889,0.10344827586206896,0.7857142857142857
3241,21775,Evin Graham,Jacksonville,0.0,0.375,0.5,1.0
3242,21776,Marquis Barnett,Quinnipiac,0.0,0.3333333333333333,1.0,0.0
3243,21777,Nick Grieves,San Jose St.,0.0,0.0,0.0,1.0
3244,21782,Noah Springwater,Columbia,0.0,0.0,0.0,1.0
3245,21783,Cory Osetkowski,Columbia,0.0,0.4666666666666667,0.5333333333333333,1.0
3246,21786,Zach Price,Louisville,1.0,1.0,0.5,0.0
3247,21795,Nate Gause,Quinnipiac,0.5,0.7,0.75,0.8333333333333334
3248,21798,Myles Taylor,Tennessee Martin,0.7142857142857143,0.7428571428571429,0.6744186046511628,1.0
3249,21799,Jeremy Washington,Tennessee Martin,0.0,0.34615384615384615,0.717948717948718,0.6666666666666666
3250,21803,Jarvis Garner,Central Arkansas,0.4,0.36666666666666664,0.5471698113207547,0.875
3251,21804,Jarvis Threatt,Delaware,0.16666666666666666,0.175,0.0,0.6896551724137931
3252,21805,Dee Davis,Xavier,0.0,0.3,0.3333333333333333,0.9166666666666666
3253,21807,Delbert Love,Kennesaw St.,0.0,0.10810810810810811,0.1724137931034483,0.8709677419354839
3254,21810,Brandon Bos,South Dakota,0.0,0.6666666666666666,0.6666666666666666,1.0
3255,21811,Seth Hinrichs,Lafayette,0.5,0.391304347826087,0.14814814814814814,0.8974358974358975
3256,21813,Le'Bryan Nash,Oklahoma St.,0.8888888888888888,0.34545454545454546,0.24074074074074073,0.6875
3257,21814,Ibby Djimde,Illinois,0.0,0.0,1.0,0.0
3258,21815,Emerson Bursis,Rider,0.0,0.0,1.0,0.0
3259,21816,William Truss,Presbyterian,0.0,1.0,1.0,0.0
3260,21817,Russell McCray,Presbyterian,0.0,0.0,0.0,0.0
3261,21820,Anthony Taylor,Longwood,0.0,0.2857142857142857,0.3333333333333333,1.0
3262,21823,Charles Ashford,Coastal Carolina,0.0,0.0,0.5,0.0
3263,21827,Bisi Addey,Coastal Carolina,0.0,0.14285714285714285,1.0,0.0
3264,21830,Mack McKearney,Dartmouth,0.0,0.0,0.5,0.8571428571428571
3265,21836,Tashan Newsome,Gardner Webb,0.8571428571428571,0.43636363636363634,0.21428571428571427,0.6363636363636364
3266,21849,Marcus Blake,Florida Gulf Coast,1.0,1.0,0.0,0.0
3267,21852,Jibri Bryan,Mercer,0.0,0.6666666666666666,0.0,1.0
3268,21854,Josh Henderson,Vanderbilt,0.0,0.6,0.6666666666666666,0.0
3269,21855,James Siakam,Vanderbilt,1.0,0.5,0.0,0.0
3270,21858,Bryce Douvier,Northern Colorado,0.0,0.5,0.0,0.0
3271,21860,Xavier Thames,San Diego St.,0.0,0.15625,0.058823529411764705,0.5333333333333333
3272,21864,Darious Moten,Mercer,1.0,0.5,0.0,0.0
3273,21866,Colby Wollenman,Michigan St.,0.0,1.0,0.0,0.0
3274,21870,Will Childs-Klein,Yale,0.0,0.0,1.0,0.0
3275,21871,Brandon Sherrod,Yale,1.0,0.7142857142857143,0.5833333333333334,0.0
3276,21872,Corey Littlejohn,UNC Asheville,1.0,1.0,0.0,0.0
3277,21880,Shane Harris-Tunks,Colorado,1.0,0.9565217391304348,0.5833333333333334,0.0
3278,21881,David Rivers,Nebraska,0.0,0.6666666666666666,0.5,1.0
3279,21885,Stephen Baird,Liberty,0.0,0.0,0.5,1.0
3280,21889,Kenny Jones,UCLA,0.0,0.0,1.0,1.0
3281,21890,De'End Parker,UCLA,0.0,1.0,1.0,0.0
3282,21891,Harley Nussman,Murray St.,0.0,1.0,0.0,0.0
3283,21892,Austin Rivers,Duke,0.3333333333333333,0.13414634146341464,0.0,0.39655172413793105
3284,21893,Michael Gbinije,Duke,0.5,0.2857142857142857,0.0,0.75
3285,21894,Antonio Ferrell Jr.,Bowling Green,0.0,0.0,0.0,0.0
3286,21895,Jeremy Canty,Morgan St.,0.0,1.0,0.0,0.8571428571428571
3287,21896,James Hamilton,Morgan St.,0.0,0.0,0.0,0.0
3288,21897,Zay Jackson,Murray St.,0.0,0.19047619047619047,0.0,0.8571428571428571
3289,21898,Jaylen Bland,Murray St.,0.0,0.8,0.0,1.0
3290,21911,Justin Coleman,Marshall,0.8571428571428571,0.5789473684210527,0.5,1.0
3291,21912,Jp Kambola,Marshall,0.0,0.0,0.0,0.0
3292,21915,Jordan Loyd,Furman,0.0,0.21739130434782608,0.0,0.7857142857142857
3293,21919,Darnell Jackson,Louisiana,0.0,0.625,0.375,1.0
3294,21923,Pierre Newton,Arizona St.,0.0,0.0,0.0,1.0
3295,21924,Amara Thompson,Stetson,0.5,0.3076923076923077,0.0,1.0
3296,21926,Louis Munks,Prairie View A&M,0.42857142857142855,0.22580645161290322,0.3870967741935484,0.6052631578947368
3297,21930,Jonathan Mills,Southern Miss,0.0,0.3409090909090909,0.35714285714285715,0.0
3298,21931,Marcos Knight,Middle Tennessee,0.75,0.27941176470588236,0.36363636363636365,0.8888888888888888
3299,21936,Antonio Kalpic,Campbell,0.0,0.5,0.5,0.0
3300,21939,Steven Kaspar,Bucknell,0.0,0.14285714285714285,0.3333333333333333,0.7142857142857143
3301,21940,Rashad Smith,Tulsa,0.0,0.0,0.4,1.0
3302,21942,John Johnson,Pittsburgh,0.0,0.5882352941176471,0.3333333333333333,0.8484848484848485
3303,21943,Malcolm Gilbert,Pittsburgh,0.5,0.75,0.0,0.0
3304,21944,Isaiah Epps,Pittsburgh,0.0,0.0,0.0,0.0
3305,21946,Demario Hines,Purdue Fort Wayne,0.8461538461538461,0.5571428571428572,0.0,0.0
3306,21948,Hichem Benayad-Cherif,Purdue Fort Wayne,0.0,1.0,0.0,1.0
3307,21949,P.J. Torres,Duquesne,0.0,0.3333333333333333,0.0,1.0
3308,21951,Tekele Cotton,Wichita St.,1.0,0.4166666666666667,0.45454545454545453,1.0
3309,21954,Tyler Hunt,Furman,0.0,0.0,0.0,0.0
3310,21957,Jordan Threloff,Illinois St.,1.0,0.6666666666666666,0.38461538461538464,0.0
3311,21959,Jarrel Lane,UMBC,0.0,0.0,0.0,1.0
3312,21960,Jaren Jeffery,Southern Utah,0.0,0.6666666666666666,1.0,0.0
3313,21964,Fletcher Larson,Youngstown St.,0.0,1.0,0.8,0.0
3314,21966,Derrell Robertson,DePaul,1.0,0.7777777777777778,0.5,0.0
3315,21968,Arlon Harper,Charleston Southern,0.125,0.17391304347826086,0.37037037037037035,0.8163265306122449
3316,21971,Will McConnell,Dartmouth,0.0,0.0,1.0,0.6666666666666666
3317,21972,Devin Joint,South Carolina St.,0.5,0.3333333333333333,0.3333333333333333,0.9411764705882353
3318,21977,Jaccoby Anderson,Chicago St.,0.0,0.3333333333333333,0.0,0.9411764705882353
3319,21978,Matt Hagerbaumer,Nebraska Omaha,1.0,0.8333333333333334,0.6666666666666666,0.0
3320,21987,Paris Roberts-Campbell,East Carolina,1.0,0.6153846153846154,0.6666666666666666,1.0
3321,21990,Tyson Tufono,Alcorn St.,0.0,0.0,1.0,1.0
3322,21991,Alan-Michael Thompson,Louisiana,0.3333333333333333,0.5555555555555556,0.5714285714285714,0.8636363636363636
3323,21992,Chris Brand,Alcorn St.,1.0,0.36363636363636365,0.2,0.8333333333333334
3324,21997,Justin Harris,Quinnipiac,0.0,0.7142857142857143,0.3333333333333333,0.0
3325,21998,Brennan Cougill,Green Bay,1.0,0.5111111111111111,0.5,1.0
3326,21999,Keifer Sykes,Green Bay,0.6666666666666666,0.21212121212121213,0.14285714285714285,0.8333333333333334
3327,22000,Mike Moser,UNLV,0.7058823529411765,0.5529411764705883,0.717391304347826,0.9090909090909091
3328,22002,God'sgift Achiuwa,St. John's,0.9583333333333334,0.6022727272727273,0.2857142857142857,1.0
3329,22005,David Brown,UCLA,0.0,0.5,0.0,0.0
3330,22006,Norman Powell,UCLA,0.6666666666666666,0.5789473684210527,0.3076923076923077,0.875
3331,22012,Anthony Price,Alabama St.,0.0,0.0,0.0,1.0
3332,22019,Thomas de Thaey,N.C. State,0.5,0.5714285714285714,0.0,1.0
3333,22021,Kendall Anthony,Richmond,0.0,0.2222222222222222,0.21428571428571427,0.8382352941176471
3334,22028,T.J. Lindsay,Southern Illinois,0.5,0.3333333333333333,0.2222222222222222,0.8918918918918919
3335,22029,Antonio Bryer,Southern Illinois,0.0,0.0,1.0,0.0
3336,22031,Jorge Redmon,UT Arlington,0.0,0.5,0.0,0.8461538461538461
3337,22032,Oliver Ellison,Howard,1.0,0.75,1.0,0.0
3338,22034,Nick Osbourne,UT Arlington,0.0,0.5,0.0,0.0
3339,22038,Chris Hawkins-Mast,Texas A&M Corpus Chris,0.5,0.5728155339805825,0.42105263157894735,0.7857142857142857
3340,22039,Neil Watson,Southern Miss,0.0,0.12121212121212122,0.08108108108108109,0.5384615384615384
3341,22040,Derian Shaffer,SIU Edwardsville,0.5714285714285714,0.4444444444444444,0.6206896551724138,0.0
3342,22042,Bradley Beal,Florida,0.6666666666666666,0.34831460674157305,0.30434782608695654,0.9047619047619048
3343,22045,Brett Kingma,Oregon,0.0,0.5,0.75,0.9333333333333333
3344,22046,Bruce Barron,Oregon,0.0,0.0,0.0,1.0
3345,22051,Marsell Holden,Morehead St.,0.0,0.0,0.25,0.8939393939393939
3346,22053,Joseph Thomas,Niagara,0.75,0.5777777777777777,0.5,0.0
3347,22054,Dj Cole,Youngstown St.,0.0,0.14285714285714285,0.0,0.0
3348,22057,Tyler Gamble,Georgia St.,0.0,0.5,0.0,0.0
3349,22061,James King,Texas A&M Corpus Chris,0.0,0.0,0.0,1.0
3350,22064,Sebastian Norman,Lamar,0.0,1.0,0.0,0.0
3351,22065,Sam Bott,Duquesne,0.0,1.0,0.0,0.0
3352,22068,Joe Crisman,Loyola Chicago,0.0,0.5161290322580645,0.2,1.0
3353,22072,Max Martino,Northern Iowa,0.0,0.5,0.0,1.0
3354,22074,Christian Thomas,Loyola Chicago,0.8333333333333334,0.7317073170731707,0.5555555555555556,1.0
3355,22075,Ryan Canty,Fordham,0.5,0.36363636363636365,0.25,0.0
3356,22077,Bill Clark,Loyola Chicago,0.0,0.0,0.0,0.0
3357,22080,Brian Brown,VMI,0.0,0.0,0.16666666666666666,1.0
3358,22081,Christian Burton,VMI,0.0,0.0,0.0,0.0
3359,22084,Russell Byrd,Michigan St.,0.0,0.3333333333333333,0.0,1.0
3360,22086,Jarid Watson,VMI,0.0,0.25,0.0,0.0
3361,22095,Justin Green,Georgia St.,0.0,0.0,0.0,0.0
3362,22096,Alfonzo Hubbard,Utah Valley,1.0,0.5434782608695652,0.47619047619047616,1.0
3363,22104,Marquis Rankin,Virginia Tech,0.0,0.375,0.2,1.0
3364,22105,Nate Austin,BYU,0.75,0.29411764705882354,0.6060606060606061,0.8571428571428571
3365,22106,Josh Sharp,BYU,0.0,1.0,0.0,1.0
3366,22107,Matt Carlino,BYU,0.0,0.18518518518518517,0.1794871794871795,0.6578947368421053
3367,22109,Craig Cusick,BYU,0.0,0.4,0.3333333333333333,0.9523809523809523
3368,22112,Kelvin Parker,Mount St. Mary's,0.7,0.38095238095238093,0.0,0.8837209302325582
3369,22115,Kyle Noreen,Radford,0.0,0.6666666666666666,0.3333333333333333,0.9230769230769231
3370,22118,Prince Obasi,Seattle,0.0,0.05263157894736842,0.0,0.6153846153846154
3371,22120,Doug Anderson,Detroit Mercy,0.6538461538461539,0.5694444444444444,0.42424242424242425,0.8
3372,22121,Jvonte Brooks,Dartmouth,0.0,0.22916666666666666,0.48148148148148145,0.0
3373,22135,Garett Jefferson,Hawaii,0.8,0.4090909090909091,0.125,0.0
3374,22137,K.J. McDaniels,Clemson,0.1,0.17857142857142858,0.2222222222222222,0.8571428571428571
3375,22140,Kadeem Pantophlet,Duquesne,0.5,0.36363636363636365,0.3333333333333333,0.9523809523809523
3376,22141,Worth Smith,Navy,0.5,0.48717948717948717,0.9411764705882353,1.0
3377,22143,Mike Weisner,Montana,0.0,0.6666666666666666,0.0,1.0
3378,22145,Luka Zivkovic,Fordham,0.0,0.0,1.0,1.0
3379,22146,Adrian Diaz,Kansas St.,0.75,0.6428571428571429,0.5882352941176471,0.0
3380,22149,James Hajek,Weber St.,0.0,0.25,0.375,0.0
3381,22152,Jacob Susskind,Maryland,0.0,0.0,0.0,0.0
3382,22153,Brandon Venturini,Navy,0.0,0.8,0.75,0.5333333333333333
3383,22157,Alex Johnson,N.C. State,0.0,0.26666666666666666,0.14285714285714285,1.0
3384,22158,Mike Powell,Rhode Island,0.0,0.06060606060606061,0.17391304347826086,0.4482758620689655
3385,22159,Edward Buford,Arkansas Pine Bluff,0.0,0.0,1.0,0.0
3386,22160,Derrius Nelson,Arkansas Pine Bluff,0.0,0.5,0.0,0.75
3387,22161,Kidus Ephrem,Portland St.,0.0,1.0,1.0,0.0
3388,22162,Jerron Smith,Portland St.,0.0,0.0,0.0,0.0
3389,22163,Jamar Harris,Arkansas Pine Bluff,1.0,0.3888888888888889,0.5,0.0
3390,22166,Cartavious Kincade,Army,0.0,1.0,0.5,0.0
3391,22171,Oliver Wells,Central Arkansas,0.0,0.45454545454545453,0.42857142857142855,0.0
3392,22172,D.J. Lewis,New Mexico St.,0.0,0.0,0.0,0.0
3393,22178,Reed Clayton,Mississippi St.,0.0,0.0,0.0,0.0
3394,22184,Brandan Kearney,Michigan St.,0.0,0.5,1.0,0.8
3395,22188,Jamil Wilson,Marquette,0.875,0.631578947368421,0.7142857142857143,1.0
3396,22191,Dewayne Dedmon,USC,0.6842105263157895,0.5454545454545454,0.25,0.0
3397,22192,Marcus Burton,Wagner,0.0,0.26666666666666666,0.2,1.0
3398,22195,Michael Birts,SIU Edwardsville,0.0,0.6666666666666666,1.0,0.0
3399,22196,Cory Jefferson,Baylor,0.9333333333333333,0.7083333333333334,0.5263157894736842,0.0
3400,22197,Fred Chatmon,UMKC,0.9,0.6571428571428571,0.5,0.0
3401,22200,Zach Miller,Northern Illinois,0.0,0.0,0.0,0.8888888888888888
3402,22201,Jereme Good,Hofstra,0.0,0.0,0.0,0.0
3403,22202,Bryant Crowder,Hofstra,1.0,0.5,0.0,0.0
3404,22208,Sir'Dominic Pointer,St. John's,0.5,0.390625,0.3076923076923077,0.8571428571428571
3405,22209,Stian Berg,Northern Illinois,0.0,0.2,0.0,0.9230769230769231
3406,22210,Danny Reese,Youngstown St.,0.0,0.0,0.0,0.0
3407,22213,Nathaniel Lester,Hofstra,0.8333333333333334,0.45714285714285713,0.546875,1.0
3408,22222,Jordan Robertson,The Citadel,0.0,0.7142857142857143,0.6666666666666666,0.0
3409,22228,Jarell Flora,Seattle,0.0,0.6,0.7,0.9090909090909091
3410,22233,Ben Dillard,Little Rock,0.0,0.5555555555555556,0.5555555555555556,1.0
3411,22235,G.J. Vilarino,Appalachian St.,1.0,0.18181818181818182,0.3125,0.8
3412,22241,Myck Kabongo,Texas,0.0,0.11764705882352941,0.0,0.76
3413,22244,Austin Keel,Central Michigan,0.0,0.625,0.0,0.95
3414,22247,Rob Watsabaugh,Wyoming,0.0,0.8571428571428571,0.6666666666666666,1.0
3415,22248,Dale Hughes,Mississippi,0.0,0.0,0.0,0.0
3416,22250,Tim Kendricks,Jackson St.,0.0,0.0,0.0,0.0
3417,22251,LaDarius White,Mississippi,0.0,0.07692307692307693,0.2222222222222222,0.8333333333333334
3418,22252,Maurice Aniefiok,Mississippi,0.0,1.0,0.4,1.0
3419,22253,Jordan Johnson,Southern Utah,0.0,0.4090909090909091,1.0,1.0
3420,22255,Will Cummings,Temple,0.0,0.8,0.0,1.0
3421,22256,Tyrone Marshall,Wyoming,0.0,0.0,0.0,0.0
3422,22257,Shakir Smith,Wyoming,0.0,0.0,0.0,1.0
3423,22258,Chris Nsenki,Southern Utah,0.0,0.0,0.0,0.0
3424,22260,Dallas Jones,South Alabama,0.0,0.36363636363636365,0.5,0.9230769230769231
3425,22271,Micah Delph,Stephen F. Austin,0.0,1.0,0.6666666666666666,1.0
3426,22272,Rakeem Dickerson,Arkansas St.,0.0,0.125,0.07142857142857142,0.875
3427,22274,Kevin Broussard,Stephen F. Austin,0.0,1.0,0.0,0.5
3428,22275,Marlin Mason,Cleveland St.,0.6666666666666666,0.6923076923076923,0.0,1.0
3429,22278,Tyshawn Bell,Delaware St.,0.0,0.42857142857142855,0.7777777777777778,1.0
3430,22281,Stephen Gossard,Wright St.,0.0,0.0,0.0,0.0
3431,22283,Worrel Clahar,DePaul,0.0,0.22580645161290322,0.058823529411764705,0.9375
3432,22285,Kris Brewer,Kent St.,1.0,0.75,0.6666666666666666,1.0
3433,22291,Demarcus Gatlin,Sam Houston St.,0.5,0.3793103448275862,0.4666666666666667,0.9
3434,22292,Tab Hamilton,Appalachian St.,1.0,0.6153846153846154,0.48,0.9142857142857143
3435,22294,Davis Rozitis,Hawaii,1.0,0.7272727272727273,0.6363636363636364,0.0
3436,22295,Rontrell Bailey,Arkansas Pine Bluff,0.0,0.46153846153846156,0.4,0.6
3437,22301,John Balwigaire,Wright St.,0.0,0.5,0.3333333333333333,0.9047619047619048
3438,22303,Kenny Kadji,Miami FL,0.7777777777777778,0.425,0.4492753623188406,0.9285714285714286
3439,22311,Egheosa Edomwonyi,Elon,0.0,0.3888888888888889,0.3333333333333333,0.0
3440,22321,Earl Brown,Saint Francis,0.25,0.38,0.5454545454545454,0.0
3441,22322,Ryan Woods,NJIT,0.0,0.3125,0.11764705882352941,0.8333333333333334
3442,22326,Shamarr Bowden,East Carolina,0.0,0.0,0.14285714285714285,0.8928571428571429
3443,22327,Albert Nassar,Syracuse,0.0,0.0,0.0,0.0
3444,22331,Royce White,Iowa St.,0.34782608695652173,0.29457364341085274,0.23809523809523808,1.0
3445,22346,Harold Washington,Canisius,0.2222222222222222,0.17204301075268819,0.0967741935483871,0.5925925925925926
3446,22348,Tyler Zegarzewski,Campbell,0.0,0.0,0.0,1.0
3447,22353,Greg Whittington,Georgetown,1.0,0.42857142857142855,0.42857142857142855,1.0
3448,22354,Mikael Hopkins,Georgetown,0.5,0.3333333333333333,0.42857142857142855,1.0
3449,22355,Clark Lammert,Texas Tech,0.0,0.2857142857142857,0.0,1.0
3450,22358,Brandon Mobley,Seton Hall,1.0,0.6818181818181818,0.9230769230769231,0.9411764705882353
3451,22359,Ramon Eaton,Pepperdine,1.0,0.4444444444444444,0.6923076923076923,0.0
3452,22360,Steven McCarty,Iowa,0.0,0.0,0.0,0.0
3453,22362,Michael Kidd-Gilchrist,Kentucky,0.6470588235294118,0.45,0.3191489361702128,1.0
3454,22363,Salah Abdo,Boston College,0.0,0.0,0.0,0.0
3455,22364,Anthony Davis,Kentucky,0.7395833333333334,0.6118421052631579,0.41818181818181815,1.0
3456,22365,Marquis Teague,Kentucky,0.5714285714285714,0.12790697674418605,0.09090909090909091,0.8846153846153846
3457,22367,Dominique Sutton,North Carolina Central,0.7169811320754716,0.5625,0.35714285714285715,0.0
3458,22368,Marques Jones,NJIT,0.0,1.0,0.3333333333333333,1.0
3459,22369,Phil Greene,St. John's,0.3333333333333333,0.17647058823529413,0.11363636363636363,0.95
3460,22370,Brendan Keane,Northern Colorado,1.0,0.8333333333333334,0.5833333333333334,0.0
3461,22372,Tim Huskisson,Northern Colorado,0.5,0.36666666666666664,0.3,0.7777777777777778
3462,22373,Luke Roh,Colgate,0.0,0.11764705882352941,0.3333333333333333,0.0
3463,22375,Matt McMullen,Colgate,0.0,0.42857142857142855,0.16666666666666666,0.8
3464,22390,Jalen Carethers,Radford,1.0,1.0,0.0,0.0
3465,22391,Javonte Green,Radford,0.6190476190476191,0.46987951807228917,0.36666666666666664,1.0
3466,22394,Devin Cherry,Cornell,0.0,0.75,0.3333333333333333,0.75
3467,22395,Jimmie Duplessis,Prairie View A&M,0.0,0.0,0.0,0.2857142857142857
3468,22396,Tristan Spurlock,UCF,0.2727272727272727,0.4166666666666667,0.4375,0.9117647058823529
3469,22399,Rod Days,UCF,0.0,0.5,0.5,1.0
3470,22400,Deion Giddens,Cornell,0.0,0.0,0.5,0.0
3471,22401,Nenad Tomic,Cornell,0.0,0.0,0.0,0.0
3472,22402,Jimmy McDonnell,Temple,0.0,0.0,0.0,0.0
3473,22406,Donovan Williams,Louisiana,0.0,0.0,0.0,0.5
3474,22420,Marvin Fraizer,Northwestern St.,0.0,0.625,0.7142857142857143,0.0
3475,22424,Bruce Massey,Middle Tennessee,0.0,0.4,0.2857142857142857,1.0
3476,22426,Lenell Brown,Central Arkansas,0.0,0.75,0.6666666666666666,1.0
3477,22427,Jordan Hicks,Loyola Chicago,1.0,0.4230769230769231,0.47058823529411764,1.0
3478,22429,Ali Mackay,Davidson,0.0,0.0,0.0,0.0
3479,22430,Tristan Carey,Longwood,0.5,0.29545454545454547,0.2857142857142857,0.78
3480,22431,Sterling Bailey,Nicholls St.,0.0,0.2,1.0,1.0
3481,22433,Trey Lindsey,Louisiana Monroe,0.0,0.7272727272727273,0.14285714285714285,0.5714285714285714
3482,22434,Jerrell Wright,La Salle,0.7906976744186046,0.6491228070175439,0.625,0.0
3483,22435,Steve Zack,La Salle,1.0,0.6923076923076923,0.0,0.0
3484,22436,D.J. Peterson,La Salle,0.0,1.0,0.3333333333333333,1.0
3485,22437,Will Sinclair,Utah Valley,1.0,1.0,0.0,0.0
3486,22439,Richard Ross,Old Dominion,0.6666666666666666,0.5555555555555556,0.6666666666666666,1.0
3487,22440,Demetri Wheeler,Grambling St.,0.0,0.5333333333333333,0.9166666666666666,0.0
3488,22442,Derrick Boone,Loyola Chicago,0.0,0.0,0.0,0.0
3489,22443,Landon Harris,High Point,0.0,0.75,0.0,0.0
3490,22444,David Copeland,Grambling St.,0.0,0.36363636363636365,0.16666666666666666,0.0
3491,22447,Clayton Graham,Colgate,0.0,0.0,1.0,0.0
3492,22450,Nemanja Djurisic,Georgia,1.0,0.5384615384615384,0.2857142857142857,0.9
3493,22452,David Ulak,Northwestern St.,0.0,0.0,0.0,0.0
3494,22458,Angel Rodriguez,Kansas St.,0.0,0.07894736842105263,0.1,0.78125
3495,22459,Joe Bright,Stephen F. Austin,0.0,0.5,0.5,1.0
3496,22465,Remy Abell,Indiana,0.0,0.125,0.35714285714285715,1.0
3497,22469,Jalen Crawford,Bradley,0.0,0.16666666666666666,0.16666666666666666,0.9285714285714286
3498,22476,Henry Brooks,Penn,1.0,0.6666666666666666,0.8695652173913043,0.0
3499,22477,Camryn Crocker,Penn,0.0,0.0,0.0,0.0
3500,22478,Simeon Esprit,Penn,0.0,0.0,0.0,1.0
3501,22479,Patrick Lucas-Perry,Penn,0.0,1.0,1.0,0.0
3502,22481,Aaron Peek,Georgia Tech,0.0,0.0,0.0,0.0
3503,22483,Max Jacobsen,Northern Arizona,0.0,0.3333333333333333,0.46153846153846156,0.0
3504,22484,Marcus Davis,Houston Christian,1.0,0.6333333333333333,0.42857142857142855,0.7692307692307693
3505,22499,Patrick Donnelly,Brown,0.0,0.0,0.0,0.0
3506,22501,Tellef Lundevall,Brown,0.0,1.0,0.0,0.875
3507,22502,Austin McBroom,Central Michigan,0.0,0.0,0.15151515151515152,0.6363636363636364
3508,22503,Jorddan Myrick,Central Michigan,0.0,0.5,1.0,1.0
3509,22504,Jaqawn Raymond,N.C. State,0.0,0.0,0.0,0.6666666666666666
3510,22505,Patrick Johnson,N.C. State,0.0,0.0,0.0,0.0
3511,22506,Jules Montgomery,Prairie View A&M,0.0,0.3548387096774194,0.5833333333333334,0.6666666666666666
3512,22523,R.J. Scott,Troy,0.0,0.38461538461538464,0.23076923076923078,0.9636363636363636
3513,22526,Jeremiah Jackson,Northern Illinois,0.0,0.7142857142857143,0.25,0.0
3514,22528,Anthony Nieves,Alcorn St.,0.5,0.3333333333333333,0.21428571428571427,0.8
3515,22529,Taariq Cephas,Coppin St.,0.0,0.25,0.0,0.8
3516,22531,Devon Hodges,Bradley,0.0,0.0,0.0,0.0
3517,22537,Daronte Clark,Troy,0.0,0.6666666666666666,0.5,0.9523809523809523
3518,22540,Grant Hefeng,Fresno St.,0.0,0.0,0.0,0.0
3519,22543,Zach Monaghan,South Dakota St.,0.0,0.3333333333333333,1.0,0.8571428571428571
3520,22546,Hikeem Stewart,Washington,0.0,1.0,0.3333333333333333,1.0
3521,22547,Brandon St. Louis,Coppin St.,0.0,0.6666666666666666,1.0,0.0
3522,22548,Ronald March,Houston Christian,0.0,0.3333333333333333,0.1111111111111111,0.875
3523,22549,Larry McGaughey,Fresno St.,1.0,0.5714285714285714,0.4444444444444444,0.8888888888888888
3524,22556,Quincy Miller,Baylor,0.8571428571428571,0.6923076923076923,0.4262295081967213,0.875
3525,22573,Timmy Knipp,Eastern Kentucky,0.6666666666666666,0.42857142857142855,0.0,0.9615384615384616
3526,22582,Martin Breunig,Washington,1.0,0.4444444444444444,0.75,0.0
3527,22585,Rinaldo Mafra,Jacksonville St.,1.0,0.6363636363636364,0.7,0.0
3528,22587,Marquavese Ford,Northern Illinois,0.0,0.11538461538461539,0.2631578947368421,0.8333333333333334
3529,22589,Tarvin Gaines,Jacksonville St.,1.0,0.6666666666666666,0.6428571428571429,0.9583333333333334
3530,22590,Darion Rackley,Jacksonville St.,0.5,0.42424242424242425,0.16666666666666666,0.9
3531,22592,Percy Woods,Maryland Eastern Shore,1.0,0.17777777777777778,0.16666666666666666,0.6470588235294118
3532,22593,Gregory Womack,Maryland Eastern Shore,0.0,0.3333333333333333,0.6,1.0
3533,22594,Clint Chapman,Texas,0.9565217391304348,0.65,0.6451612903225806,0.0
3534,22595,Sterling Gibbs,Texas,0.0,0.14285714285714285,0.25,0.6923076923076923
3535,22597,Adam Cooper,Loyola Chicago,0.0,0.0,0.0,0.0
3536,22598,Sam Maniscalco,Illinois,0.0,0.3333333333333333,0.21428571428571427,0.7777777777777778
3537,22603,Akeem Anderson,Maryland Eastern Shore,0.0,0.38461538461538464,0.0,0.0
3538,22604,Ryan Hess,Saint Joseph's,0.0,1.0,0.0,0.0
3539,22613,Jabril Trawick,Georgetown,0.5,0.4444444444444444,0.0,1.0
3540,22615,Ron Bracey,Stony Brook,0.0,0.5,0.1,0.7142857142857143
3541,22616,Logan Nutt,Southeast Missouri St.,0.0,0.3333333333333333,0.0,1.0
3542,22617,Telvin Wilkerson,Southeast Missouri St.,0.0,0.0,0.0,1.0
3543,22618,Kyle Sikora,Oakland,1.0,0.8461538461538461,0.8333333333333334,0.0
3544,22619,Blake Cushingberry,Oakland,0.0,0.0,0.0,1.0
3545,22620,Omar Richards,Binghamton,1.0,0.7,0.5416666666666666,1.0
3546,22621,Carlyle Francis,Binghamton,0.0,0.2,0.0,0.0
3547,22622,Chris Longoria,Binghamton,0.0,0.34615384615384615,0.16666666666666666,0.7391304347826086
3548,22623,Ben Dickinson,Binghamton,0.0,0.4794520547945205,0.373134328358209,0.8181818181818182
3549,22625,Byron Brown,Binghamton,0.0,0.0,0.5,0.0
3550,22626,Jordan Baird,George Mason,0.0,1.0,0.0,0.0
3551,22628,Tom Schalk,William & Mary,0.0,0.6875,0.2,0.0
3552,22631,Aaron White,Iowa,0.71875,0.5728155339805825,0.5625,1.0
3553,22633,Josh Oglesby,Iowa,0.0,0.5,0.38095238095238093,0.8
3554,22634,Brian Williams,Oklahoma St.,0.6842105263157895,0.45161290322580644,0.7142857142857143,0.9583333333333334
3555,22636,Marek Olesinski,Air Force,0.0,0.0,0.0,1.0
3556,22662,Jeremy Jones,Kansas St.,0.0,0.16666666666666666,0.625,1.0
3557,22664,Rob Murphy,Tennessee,0.0,0.0,0.0,0.0
3558,22665,Hameed Ali,Texas A&M Corpus Chris,0.0,0.16666666666666666,0.3333333333333333,0.9047619047619048
3559,22666,Brady Heslip,Baylor,0.0,0.5,0.35714285714285715,0.9583333333333334
3560,22667,Kevin Young,Kansas,0.8,0.6666666666666666,0.8,1.0
3561,22668,Ray Willis,North Carolina Central,0.625,0.36538461538461536,0.4444444444444444,0.7916666666666666
3562,22670,Adjehi Baru,Charleston,0.7272727272727273,0.5833333333333334,0.45714285714285713,0.0
3563,22673,Kamryn Williams,Air Force,0.6666666666666666,0.5625,0.3333333333333333,0.9166666666666666
3564,22674,Justin Hammonds,Air Force,1.0,0.7391304347826086,0.6666666666666666,1.0
3565,22675,Max Yon,Air Force,0.0,0.4,0.5,1.0
3566,22676,Tracy Abrams,Illinois,1.0,0.2608695652173913,0.29411764705882354,0.7777777777777778
3567,22677,Josh Piper,Eastern Illinois,0.0,0.8823529411764706,0.7222222222222222,1.0
3568,22678,Jimmie Jones,Houston,0.0,0.0,0.0,1.0
3569,22679,Stephan Hicks,Cal St. Northridge,0.6153846153846154,0.3870967741935484,0.46153846153846156,1.0
3570,22680,Julian Scott,Southern Utah,1.0,0.7777777777777778,0.5,0.0
3571,22684,Justin Gant,Indiana St.,0.3333333333333333,0.6666666666666666,0.5,0.75
3572,22689,Michale Kyser,Louisiana Tech,1.0,0.7741935483870968,0.3333333333333333,0.0
3573,22691,Eric Mosley,St. Bonaventure,0.0,0.17647058823529413,0.3333333333333333,0.9459459459459459
3574,22695,Danny Farrell,St. Bonaventure,0.0,0.0,0.0,1.0
3575,22697,Amir Garrett,St. John's,0.8181818181818182,0.5454545454545454,0.6,1.0
3576,22698,Spencer Turner,Belmont,0.0,1.0,0.0,0.8888888888888888
3577,22699,Yous Mbao,Marshall,0.0,0.0,0.0,0.0
3578,22703,Larry Brown,Winthrop,1.0,0.6923076923076923,0.4,0.0
3579,22704,Shola Diop,Winthrop,1.0,0.5,1.0,0.0
3580,22706,Jay Hook,Tulane,0.0,0.3333333333333333,0.5,0.9473684210526315
3581,22708,Trey Freeman,Campbell,0.0,0.18518518518518517,0.47368421052631576,0.8125
3582,22709,Jarred Guest,VCU,1.0,1.0,1.0,0.0
3583,22710,Treveon Graham,VCU,0.0,0.3076923076923077,0.6,1.0
3584,22711,Joe Sweeny,Michigan St.,0.0,0.0,0.0,0.0
3585,22712,Jaylen Bond,Texas,0.75,0.41025641025641024,0.7692307692307693,0.0
3586,22713,Jacob Kurtz,Florida,0.0,0.0,0.0,0.0
3587,22716,Jairus Coleman,Tulsa,0.0,0.0,0.0,0.0
3588,22721,Austin Harper,Eastern Michigan,1.0,0.3157894736842105,0.0,1.0
3589,22722,Chandler Antoine,Eastern Michigan,0.0,0.0,0.0,1.0
3590,22724,Avery Dingman,Creighton,0.0,0.5,0.0,1.0
3591,22725,Rob Poole,Siena,0.0,0.5625,0.2727272727272727,0.96875
3592,22729,Daniel Alexander,Texas A&M,0.5,0.7142857142857143,0.75,0.8333333333333334
3593,22732,Wes Cole,Hartford,0.0,0.4166666666666667,0.2,0.9032258064516129
3594,22733,Cal Hanks,Southern Utah,0.0,0.0,0.5,0.0
3595,22734,Tim Brennan,Western Michigan,0.0,0.0,0.0,0.0
3596,22737,Eric Wallace,Seattle,0.7777777777777778,0.417910447761194,0.59375,1.0
3597,22739,Jodd Maxey,USC Upstate,0.5,0.4230769230769231,0.625,0.0
3598,22740,D'Andre Bullard,Florida A&M,0.0,0.3125,0.2222222222222222,0.6923076923076923
3599,22742,Eividas Petrulis,Saint Mary's,0.0,0.0,0.0,1.0
3600,22745,Justin Heller,Miami FL,0.0,0.0,0.0,0.0
3601,22746,Dennis Clifford,Boston College,0.92,0.5925925925925926,0.44,0.5
3602,22751,Gabriel Olaseni,Iowa,1.0,0.75,1.0,0.0
3603,22753,Kyisean Reed,Utah St.,0.9,0.6981132075471698,0.7857142857142857,0.0
3604,22754,John Karhoff,Nebraska Omaha,0.0,0.7555555555555555,0.7741935483870968,1.0
3605,22755,Ty Johnson,Villanova,0.0,0.07142857142857142,0.18181818181818182,1.0
3606,22756,Brandon Dorsett,Grambling St.,0.0,0.15384615384615385,0.375,1.0
3607,22757,Javier Duren,Yale,0.0,0.0,0.0,1.0
3608,22761,Eddie Odio,Boston College,0.3333333333333333,0.625,0.0,0.0
3609,22766,Erik Copes,George Mason,0.5,0.6086956521739131,0.3333333333333333,0.0
3610,22769,Trevon Lewis,Nicholls St.,0.7692307692307693,0.4520547945205479,0.2727272727272727,1.0
3611,22771,Tevin Svihovec,Northern Colorado,1.0,0.2571428571428571,0.08333333333333333,0.8846153846153846
3612,22776,James Michael McAdoo,North Carolina,0.2727272727272727,0.4864864864864865,0.673469387755102,0.0
3613,22779,Julian Washburn,UTEP,0.7647058823529411,0.66,0.6197183098591549,0.8181818181818182
3614,22781,Tre Duncan,High Point,0.0,0.0,0.0,1.0
3615,22782,P.J. Hairston,North Carolina,0.5,0.4166666666666667,0.6363636363636364,0.9736842105263158
3616,22792,London Giles,SMU,1.0,0.5,0.16666666666666666,0.9166666666666666
3617,22794,Jelani Floyd,Florida Atlantic,0.0,0.0,0.0,1.0
3618,22800,Tony Woods,Oregon,0.7083333333333334,0.5416666666666666,0.2972972972972973,0.0
3619,22802,Martynas Bareika,Chattanooga,0.0,0.0,0.0,0.0
3620,22804,Simi Fajemisin,San Diego,1.0,0.7692307692307693,0.35294117647058826,0.0
3621,22812,Will Davis II,UC Irvine,0.875,0.7166666666666667,0.6666666666666666,0.0
3622,22814,Armani Cotton,Yale,0.0,0.5,0.0,0.0
3623,22817,Vaughn Gray,George Mason,1.0,0.46153846153846156,0.3333333333333333,0.9411764705882353
3624,22818,Corey Edwards,George Mason,0.0,0.0,0.14285714285714285,0.5555555555555556
3625,22820,Ryan Sawvell,Evansville,0.8333333333333334,0.7096774193548387,0.6,0.0
3626,22821,Jordan Nelson,Evansville,0.0,0.0,0.0,1.0
3627,22823,Preston Medlin,Utah St.,0.5,0.31666666666666665,0.20454545454545456,0.8152173913043478
3628,22833,Ulysses Thomas,Wright St.,0.0,0.0,0.0,0.0
3629,22834,Jason Cuffee,Wright St.,0.0,0.0,1.0,1.0
3630,22835,Holden Mobley,Belmont,0.0,0.0,0.0,0.0
3631,22836,Malte Ziegenhagen,Tulane,0.0,0.0,0.0,0.875
3632,22852,Sammy Sutter,Illinois Chicago,0.0,0.14285714285714285,0.0,1.0
3633,22869,Conroy Baltimore,Lehigh,1.0,0.2222222222222222,0.6,0.0
3634,22870,Wesley Saunders,Harvard,0.5,0.42105263157894735,0.2222222222222222,0.0
3635,22873,LaDontae Henton,Providence,1.0,0.5274725274725275,0.6060606060606061,0.9772727272727273
3636,22878,Dexter Lindsey,Saint Francis,0.0,0.0,0.0,1.0
3637,22884,Jared Swopshire,Louisville,0.75,0.5384615384615384,0.5,1.0
3638,22885,John Kopriva,George Washington,1.0,0.6521739130434783,0.6,0.0
3639,22886,Jeffrey Neal,Florida A&M,0.0,1.0,0.0,0.0
3640,22891,Alan Jones,Troy,0.0,0.25,0.037037037037037035,0.8571428571428571
3641,22899,Vaughn Rose,Florida A&M,0.0,0.25,0.0,0.0
3642,22909,Charlie Lee,Cleveland St.,0.0,0.05263157894736842,0.13333333333333333,0.36363636363636365
3643,22912,Khristian Taylor,Tennessee Martin,0.0,0.2,0.3333333333333333,1.0
3644,22918,Terrence Williams,Charlotte,0.0,0.5555555555555556,0.14285714285714285,1.0
3645,22919,Corderio Maclin,Tennessee Martin,1.0,0.7333333333333333,0.6521739130434783,0.0
3646,22920,Corey Hilliard Jr.,Nebraska,0.0,0.3333333333333333,0.0,0.0
3647,22922,Bo Spencer,Nebraska,0.0,0.325,0.08,0.8571428571428571
3648,22924,Eli York,Tennessee Martin,0.0,1.0,1.0,0.0
3649,22925,Martez Harris,Tennessee Martin,0.0,0.4,1.0,0.6666666666666666
3650,22926,Gary Love,Tennessee Martin,0.0,1.0,1.0,1.0
3651,22930,Keaton Miles,West Virginia,0.0,0.46153846153846156,0.8,0.0
3652,22931,Michael Wilder,UC Irvine,0.0,0.45,0.1111111111111111,0.8611111111111112
3653,22932,Nic Combs,Troy,0.0,0.0,0.0,1.0
3654,22933,Estan Tyler,UMKC,0.0,0.5384615384615384,0.125,0.9130434782608695
3655,22942,Aaron Jones,Mississippi,0.75,0.3333333333333333,0.25,0.0
3656,22946,Demetrice Jacobs,Northwestern St.,0.0,0.3076923076923077,0.625,0.9
3657,22947,Gaetano Spera,Saint Peter's,0.0,1.0,0.0,0.0
3658,22948,Heath Houston,VCU,0.0,0.0,0.0,0.0
3659,22951,Rich Piekarski,Duquesne,0.0,0.0,0.0,0.0
3660,22953,Tyler DeChalus,Saint Peter's,0.0,0.0,0.0,0.0
3661,22956,C.J. Blackwell,Loyola Marymount,0.0,0.3333333333333333,0.6,0.88
3662,22962,Kris Davis,SIU Edwardsville,0.0,0.16666666666666666,0.1111111111111111,0.9038461538461539
3663,22966,Marcus Hooten,Arkansas St.,0.5,0.14754098360655737,0.375,0.7
3664,22967,Kendall Gray,Delaware St.,0.7368421052631579,0.59375,0.2857142857142857,0.0
3665,22969,T.J. Price,Western Kentucky,0.0,0.10526315789473684,0.0,0.8461538461538461
3666,22979,Taylor Brown,Utah Valley,0.0,0.6666666666666666,0.0,1.0
3667,22985,Max Dileo,Monmouth,0.0,0.3333333333333333,0.0,1.0
3668,22986,Charles McKinney,DePaul,0.6666666666666666,0.4634146341463415,0.4,0.8333333333333334
3669,22987,Tracy Ham Jr.,Georgia Southern,0.8333333333333334,0.6666666666666666,0.14285714285714285,0.0
3670,22989,Dennis Diaz,Stetson,0.0,0.16666666666666666,0.8333333333333334,1.0
3671,22991,Craig McFerrin,McNeese St.,0.0,0.1111111111111111,0.4,0.0
3672,22992,Desharick Guidry,McNeese St.,1.0,0.36,0.5909090909090909,1.0
3673,22994,Whit Thornton,Army,0.0,0.6666666666666666,0.0,0.0
3674,22995,Blake Nash,South Florida,0.0,0.09090909090909091,0.4,0.6666666666666666
3675,22996,Quincy Ford,Northeastern,0.5833333333333334,0.43859649122807015,0.34375,0.9714285714285714
3676,22999,Wendell Faines,Idaho,1.0,0.6,0.5,0.0
3677,23001,Marquel McKinney,Sam Houston St.,0.0,1.0,0.0,0.8
3678,23002,O'Karo Akamune,Western Kentucky,0.3333333333333333,0.3181818181818182,0.25,0.0
3679,23003,Brian Feldman,Troy,0.0,0.0,0.0,1.0
3680,23004,Jermaine Sanders,Cincinnati,0.0,0.8571428571428571,1.0,1.0
3681,23006,Mathis Monninghoff,Gonzaga,0.0,0.0,0.0,1.0
3682,23008,Ra'Shad James,Iona,0.9,0.7037037037037037,0.4,0.75
3683,23014,Bryant Irwin,Furman,0.0,0.2631578947368421,0.4444444444444444,0.9111111111111111
3684,23017,Connor Hill,Idaho,0.0,0.5714285714285714,1.0,0.9772727272727273
3685,23019,C.J. Mitchell,Oregon St.,0.0,0.0,0.0,1.0
3686,23020,Alan Williams,UC Santa Barbara,1.0,0.5283018867924528,0.56,0.0
3687,23024,Elgin Bailey,Southeastern Louisiana,1.0,0.5853658536585366,0.5,0.0
3688,23025,Daron Populist,Southeastern Louisiana,0.0,0.5384615384615384,0.4,0.78125
3689,23027,Cameron Glover,Cal St. Fullerton,0.0,0.0,0.0,1.0
3690,23028,Bernard Webb,Cal St. Fullerton,0.0,1.0,1.0,0.0
3691,23029,Branimir Mikulic,High Point,0.0,0.3333333333333333,0.3333333333333333,1.0
3692,23030,Omondi Amoke,Cal St. Fullerton,0.84,0.4835164835164835,0.25,0.0
3693,23031,Alex Mortensen,Utah,0.0,0.0,0.0,0.0
3694,23038,Brad Ely,Fresno St.,0.0,0.0,0.0,0.0
3695,23040,Andy Brown,Stanford,0.0,0.0,0.3333333333333333,0.0
3696,23041,Kelly Assinesi,Liberty,0.0,0.0,1.0,1.0
3697,23042,Jake Kitchell,Indiana St.,0.0,0.75,0.6,1.0
3698,23043,Manuel Nunez,FIU,0.0,0.5,0.0,0.0
3699,23044,Niko Stojilkovic,North Texas,1.0,0.42857142857142855,0.375,1.0
3700,23045,Keeslee Stewart,Jackson St.,0.0,0.2857142857142857,0.0,0.6842105263157895
3701,23046,Deric Hill,FIU,0.0,0.15384615384615385,0.0,0.0
3702,23048,Rashad Madden,Arkansas,1.0,0.38461538461538464,0.24,0.7058823529411765
3703,23049,Dominick Scelfo,Cornell,0.0,0.0,0.0,0.8
3704,23051,Aaron Wright,UC Irvine,0.0,0.0,0.0,1.0
3705,23052,Mike Best,UC Irvine,1.0,0.7692307692307693,0.8275862068965517,1.0
3706,23054,Derrious Gilmore,Wyoming,0.0,0.0,0.0,0.5
3707,23055,Riley Grabau,Wyoming,0.0,0.0,0.0,1.0
3708,23056,Dexter Ellington,Texas Southern,0.0,0.17857142857142858,0.15,0.6521739130434783
3709,23057,Derrick Martin,Duquesne,0.0,0.0,1.0,0.0
3710,23062,Matt Gardner,Southern Utah,0.0,0.0,0.0,0.0
3711,23065,Darshawn McClellan,Louisiana,0.6666666666666666,0.3076923076923077,0.5333333333333333,0.8857142857142857
3712,23067,Gabe Moton,Boston College,0.0,0.42857142857142855,0.0,0.9230769230769231
3713,23068,Jessie Pernell,Georgia Southern,0.0,0.3333333333333333,0.16666666666666666,0.9230769230769231
3714,23077,Ryann Green,Georgia St.,0.0,0.0,0.0,0.0
3715,23079,Zaid Hearst,Quinnipiac,0.0,0.18518518518518517,0.2894736842105263,0.9
3716,23080,Keith Pickens,Missouri St.,1.0,0.5833333333333334,0.4444444444444444,1.0
3717,23081,Tyler Egli,Nebraska Omaha,0.0,0.0,0.0,0.8888888888888888
3718,23085,Kyle Kager,American,0.0,0.0,1.0,0.0
3719,23090,Pierre Jackson,Baylor,0.42857142857142855,0.10810810810810811,0.06896551724137931,0.45588235294117646
3720,23100,Dominique Rutledge,West Virginia,0.5,0.3333333333333333,1.0,0.0
3721,23103,Patrick Hendley,Savannah St.,1.0,0.6,0.0,0.6
3722,23104,Freddie Goldstein,South Alabama,0.0,0.08333333333333333,0.20833333333333334,0.7887323943661971
3723,23107,Gaellan Bewernick,Northern Arizona,0.3333333333333333,0.5625,0.7333333333333333,0.0
3724,23108,Desmond Hubert,North Carolina,0.5,0.4,0.3333333333333333,0.0
3725,23111,Papa Ndao,Saint Joseph's,0.0,0.5714285714285714,0.5,1.0
3726,23112,Michael Carter-Williams,Syracuse,0.6,0.23076923076923078,0.0,1.0
3727,23113,Eric Washington,Presbyterian,0.0,0.13333333333333333,0.2,0.6363636363636364
3728,23114,Mike Neal,Appalachian St.,1.0,0.13333333333333333,0.16,0.9166666666666666
3729,23125,Jonathan Giling,Arizona St.,0.0,0.5714285714285714,0.4444444444444444,0.9245283018867925
3730,23136,James Blasczyk,USC,0.0,0.2222222222222222,0.7647058823529411,0.0
3731,23137,Kenyatta Smith,Harvard,0.0,1.0,0.0,0.0
3732,23138,Dave LaMore,Cornell,0.0,0.3333333333333333,1.0,0.0
3733,23139,Steve Moundou-Missi,Harvard,0.6153846153846154,0.5813953488372093,0.6666666666666666,1.0
3734,23142,Will Simonton,Illinois Chicago,0.0,0.0,0.5,0.0
3735,23144,Leonard Washington,Wyoming,0.43333333333333335,0.41818181818181815,0.3157894736842105,0.6470588235294118
3736,23146,Odera Nweke,NJIT,0.0,0.0,0.0,0.0
3737,23147,Jerome Brown,Illinois Chicago,0.0,0.0,0.0,1.0
3738,23151,Damarcus Harrison,BYU,0.5,0.45454545454545453,0.5,1.0
3739,23152,Greg Travis,Illinois Chicago,0.0,0.2222222222222222,0.16666666666666666,0.6666666666666666
3740,23153,Spencer Llewellyn,Pacific,0.0,0.0,1.0,1.0
3741,23156,Tu Holloway,Xavier,0.0,0.22666666666666666,0.021739130434782608,0.3111111111111111
3742,23160,Jordan Baker,Pepperdine,0.0,0.2608695652173913,0.3673469387755102,0.8076923076923077
3743,23161,Travis Ballard,Jackson St.,0.0,0.0,0.0,1.0
3744,23172,Ousmane Drame,Quinnipiac,0.8,0.47058823529411764,0.25,0.0
3745,23175,Sydney Coleman,Jackson St.,0.625,0.5185185185185185,0.7142857142857143,0.0
3746,23176,Jose Long,Alabama A&M,0.0,0.0,0.0,1.0
3747,23177,Simuel Frazier,Howard,0.0,0.05405405405405406,0.05555555555555555,0.72
3748,23189,DeAndre Barnette,Northern Illinois,0.0,0.0,0.0,0.0
3749,23190,Isaiah Massey,Louisiana Tech,0.0,0.0,0.3333333333333333,0.0
3750,23191,Patrick Jackson,Kent St.,0.875,0.6666666666666666,0.6,1.0
3751,23192,Kyle Denning,Iowa,0.0,1.0,0.0,0.0
3752,23193,Shakir Dunning,Kent St.,0.0,0.0,0.0,0.0
3753,23195,Chance Smith,Radford,0.0,0.0,0.13333333333333333,0.8636363636363636
3754,23196,Brian Darden,Radford,0.0,0.0,1.0,0.5384615384615384
3755,23200,Rakeem Christmas,Syracuse,1.0,0.8235294117647058,0.8888888888888888,0.0
3756,23209,Jason Pimentel,Old Dominion,0.0,0.6666666666666666,1.0,0.0
3757,23210,John Brisco,Northwestern St.,0.0,0.16666666666666666,0.42857142857142855,0.6
3758,23224,Shquan Rogers,Old Dominion,0.0,0.0,0.0,0.0
3759,23225,Cheikh Mbodj,Cincinnati,0.0,0.6153846153846154,0.5,1.0
3760,23226,Travis Souza,UC Irvine,0.0,0.5,0.0,0.9285714285714286
3761,23227,Barry Cheaney,UNLV,0.0,0.0,1.0,0.0
3762,23228,Damion Lee,Drexel,0.6666666666666666,0.53125,0.3333333333333333,0.9365079365079365
3763,23231,Chris Colvin,Arizona St.,0.0,0.03333333333333333,0.08333333333333333,0.5294117647058824
3764,23232,Karee Ferguson,Saint Peter's,0.25,0.2727272727272727,0.6363636363636364,0.8
3765,23233,Bryan Smith,Fordham,0.0,0.12,0.1,0.78
3766,23234,Xavier Dade,Texas St.,0.0,0.0,0.0,0.0
3767,23235,Luke Mergerson,Texas St.,0.0,0.5,0.5,0.0
3768,23237,Galen Campbell,Tennessee,0.0,0.0,0.0,0.0
3769,23239,Gordon Ball,Texas St.,0.0,0.6666666666666666,0.2,0.0
3770,23240,Dante Bachus,Texas St.,0.0,1.0,1.0,0.0
3771,23241,Will Bailey,Morehead St.,1.0,0.6,0.5,1.0
3772,23243,Dwight Miller,Tennessee,0.75,0.3076923076923077,0.375,1.0
3773,23253,Julius Brown,Toledo,0.0,0.2857142857142857,0.125,0.6216216216216216
3774,23255,Raymond Cintron,Middle Tennessee,0.0,0.3333333333333333,0.0,0.9393939393939394
3775,23257,Travis Wallace,North Florida,0.75,0.5585585585585585,0.4,0.0
3776,23262,Nate Henry,Chicago St.,0.0,0.0,0.0,0.0
3777,23270,Sean Crawford,Fairfield,0.0,0.75,0.0,0.8571428571428571
3778,23271,Adam Jones,Fairfield,0.0,0.625,0.0,0.0
3779,23272,Devonta Abron,Arkansas,1.0,0.6136363636363636,0.35294117647058826,0.0
3780,23273,Bj Young,Arkansas,0.8,0.35,0.037037037037037035,0.82
3781,23275,Matt Thompson,Arkansas,0.0,0.0,0.0,1.0
3782,23277,Luke Adams,Texas Tech,0.0,1.0,0.0,0.7391304347826086
3783,23279,Levi Randolph,Alabama,0.6666666666666666,0.4857142857142857,0.23076923076923078,0.7368421052631579
3784,23280,Bruce Haynes,USC Upstate,0.0,0.0,0.0,0.0
3785,23281,Darion Griswold,Arkansas St.,0.0,0.75,0.4,0.0
3786,23282,Corey Wilford,Southeast Missouri St.,0.0,0.4375,0.3333333333333333,0.875
3787,23283,Kevin Alter,Navy,0.0,0.0,0.0,1.0
3788,23284,Morris Woods,Eastern Illinois,0.0,0.1,0.25,1.0
3789,23286,Mike McFadden,Robert Morris,0.9166666666666666,0.5747126436781609,1.0,0.0
3790,23288,Forrest Robinson,North Texas,0.0,1.0,0.5,1.0
3791,23291,Marc Mack,Bethune Cookman,1.0,0.3333333333333333,0.6666666666666666,1.0
3792,23294,Casey Arent,Oklahoma,1.0,0.4166666666666667,0.0,0.0
3793,23295,Brandon Herman,Robert Morris,0.0,0.2857142857142857,0.2222222222222222,1.0
3794,23296,Kazembe Abif,Drexel,1.0,0.6,0.6666666666666666,0.0
3795,23297,Danny Berger,Utah St.,0.5,0.3333333333333333,0.18181818181818182,1.0
3796,23316,Jaleel Roberts,UNC Asheville,1.0,1.0,1.0,0.0
3797,23318,Angelo Warner,Morehead St.,0.0,0.29411764705882354,0.18181818181818182,1.0
3798,23320,Ryan Woumn,East Tennessee St.,0.0,0.0,0.0,0.0
3799,23321,Seth Cavera,Belmont,0.0,0.0,0.0,0.0
3800,23322,Taylor Brown,Bradley,1.0,0.4473684210526316,0.43037974683544306,0.84
3801,23325,Andrew Jones,Missouri,0.0,0.0,0.0,0.0
3802,23329,Chris Wilson,Saint Joseph's,0.0,0.29411764705882354,0.5,0.8888888888888888
3803,23335,Devon McMillan,Fordham,0.0,0.2727272727272727,0.10810810810810811,0.2857142857142857
3804,23338,Cameron Sadler,Sam Houston St.,0.0,0.0,0.0,0.0
3805,23340,Ricky Johnson,Bethune Cookman,0.0,0.2,0.08333333333333333,0.7777777777777778
3806,23343,Isaiah McCray,Purdue Fort Wayne,0.0,0.16666666666666666,0.0,1.0
3807,23346,Tj Burke,UC Riverside,0.0,0.5,0.42857142857142855,1.0
3808,23347,Kelvin Gaines,Cincinnati,0.6666666666666666,0.8,1.0,0.0
3809,23348,Dominique Taplin,UC Riverside,0.0,0.0,0.0,0.0
3810,23349,Devin Coleman,Clemson,0.0,0.2857142857142857,0.16666666666666666,1.0
3811,23350,Carlon Brown,Colorado,0.375,0.36231884057971014,0.125,0.8292682926829268
3812,23351,Damiene Cain,Colorado,0.0,1.0,0.0,0.0
3813,23352,Beau Webb,Colorado,0.0,0.0,0.0,1.0
3814,23353,Chris Gradnigo,Coastal Carolina,0.5625,0.3958333333333333,0.47619047619047616,0.8571428571428571
3815,23354,Anthony Estes,North Carolina A&T,0.0,0.6923076923076923,0.25,1.0
3816,23355,Kam Shephard,North Carolina A&T,1.0,0.7142857142857143,0.8571428571428571,0.0
3817,23358,Tavares Sledge,Wright St.,0.0,0.6842105263157895,0.46153846153846156,0.0
3818,23361,Jakub Kusmieruk,Idaho St.,1.0,0.7894736842105263,0.8333333333333334,0.0
3819,23363,Melvin Morgan,Idaho St.,0.0,0.3076923076923077,0.1951219512195122,0.4642857142857143
3820,23364,Hayden Hoerdemann,Western Michigan,0.0,0.2,1.0,0.85
3821,23365,Austin Quick,UC Riverside,0.0,1.0,0.3333333333333333,0.7857142857142857
3822,23369,Dejan Kostur,Idaho St.,0.0,0.631578947368421,0.45454545454545453,0.5
3823,23370,Cameron Wright,Pittsburgh,1.0,0.6666666666666666,0.6,1.0
3824,23371,Reggie Reed,SIU Edwardsville,0.0,0.0,0.4,0.0
3825,23372,Donya Jackson,Navy,0.0,0.375,0.23076923076923078,0.875
3826,23373,Evan Conti,Quinnipiac,0.0,0.125,0.125,1.0
3827,23378,Malcolm Smith,Lipscomb,0.0,0.5205479452054794,0.4090909090909091,0.0
3828,23379,Alan Flannigan,Lafayette,0.0,0.0,0.0,0.5
3829,23382,Parker Kelly,Eastern Washington,0.0,0.6666666666666666,0.6,0.9090909090909091
3830,23387,Xavier Owens,Mount St. Mary's,1.0,0.17647058823529413,0.18181818181818182,0.0
3831,23389,Neal Beshears,Purdue,0.0,0.0,1.0,0.0
3832,23393,Brice Crook,Nevada,0.0,0.0,0.0,1.0
3833,23394,Tomie Aromona,Missouri St.,0.0,0.5,0.0,0.0
3834,23396,R.J. Miskimon,Mercer,0.0,0.0,1.0,1.0
3835,23399,Kirill Savolainen,Dartmouth,0.0,0.0,0.0,0.0
3836,23400,Damarius Smith,Lipscomb,0.5,0.45652173913043476,0.5,0.6666666666666666
3837,23401,Jeremy Castleberry,San Diego St.,0.0,0.0,1.0,0.0
3838,23403,Matt Townsend,Yale,0.0,0.8333333333333334,0.5,0.0
3839,23406,Gary Bell Jr.,Gonzaga,0.5,0.30952380952380953,0.19047619047619047,0.8431372549019608
3840,23407,Pj Boutte,Detroit Mercy,0.0,0.2,0.0,1.0
3841,23408,Nick Harney,Akron,0.6111111111111112,0.44776119402985076,0.3333333333333333,0.8571428571428571
3842,23410,Jordan Knox,Cal St. Fullerton,0.0,0.0,0.0,0.0
3843,23411,Mike Horn,Binghamton,0.0,1.0,1.0,0.0
3844,23412,Kyan Anderson,TCU,0.0,0.30952380952380953,0.5294117647058824,0.875
3845,23416,Kendal Shell,Minnesota,0.0,0.0,0.0,0.0
3846,23422,Ryan Boatright,Connecticut,0.2222222222222222,0.07142857142857142,0.15,0.6153846153846154
3847,23424,Chris Crockett,Columbia,0.0,0.25,0.0,0.8205128205128205
3848,23429,Remi Barry,New Mexico St.,0.0,0.0,0.5,1.0
3849,23430,Kevin Foster,Fresno St.,0.875,0.6486486486486487,0.4418604651162791,1.0
3850,23432,Johnny Hill,Illinois St.,0.0,0.4166666666666667,0.0,1.0
3851,23439,Austin Etherington,Indiana,0.0,0.2,0.0,1.0
3852,23442,Jared Smoot,Navy,0.5,0.3333333333333333,0.0,0.0
3853,23443,Travis Wear,UCLA,0.8666666666666667,0.5301204819277109,0.4897959183673469,0.6666666666666666
3854,23444,Rob Robinson,Illinois Chicago,0.0,0.0,1.0,0.6666666666666666
3855,23447,James Ewing,Toledo,0.0,0.0,0.0,0.0
3856,23448,Shaquille Harris,Mercer,1.0,0.42857142857142855,0.0,0.8
3857,23453,Lonnie Robinson,Fairleigh Dickinson,0.5,0.17857142857142858,0.05263157894736842,0.8260869565217391
3858,23454,Alex Rosenberg,Columbia,0.0,0.3333333333333333,0.23076923076923078,0.9090909090909091
3859,23455,Kinu Rochford,Fairleigh Dickinson,0.6666666666666666,0.43617021276595747,0.2916666666666667,0.0
3860,23456,Kilian Cato,Maine,0.0,0.4444444444444444,0.5,1.0
3861,23459,Greg Mays,Green Bay,0.8461538461538461,0.8571428571428571,0.8,0.0
3862,23469,Jihad Wright,Campbell,0.0,0.5454545454545454,0.0,0.0
3863,23472,Vishal Banipal,Idaho St.,0.0,0.0,0.0,1.0
3864,23474,Aj Mathew,Toledo,0.0,0.0,0.5,0.5
3865,23477,P.J. Horgan,The Citadel,0.0,0.375,0.8,0.0
3866,23478,Noel Johnson,Auburn,0.0,0.0,0.25,0.7777777777777778
3867,23479,Jordan Percell,Morehead St.,0.0,0.5,0.6666666666666666,0.0
3868,23481,Ashton Moore,The Citadel,0.0,0.36363636363636365,0.16,0.9230769230769231
3869,23482,Lawrence Miller,The Citadel,0.0,0.5,0.25,0.9166666666666666
3870,23483,Zach Sanchez,Saint Mary's,0.0,0.0,0.0,1.0
3871,23484,Kasey Wilson,UCF,0.5,0.2,0.25,1.0
3872,23486,Luka Voncina,Charlotte,0.0,0.5,0.5,1.0
3873,23488,James Kennedy,Boston University,0.0,0.25,0.0,0.0
3874,23490,Tyler Funk,Canisius,0.0,0.0,1.0,0.0
3875,23491,David Santiago,Canisius,0.0,0.5,1.0,1.0
3876,23492,Daniel Green,Wake Forest,1.0,0.6666666666666666,0.0,0.0
3877,23493,Sean Ezeamama,Canisius,0.0,0.0,0.0,0.0
3878,23502,Markee Teal,Florida A&M,0.3333333333333333,0.47058823529411764,0.8888888888888888,1.0
3879,23505,Josh Turner,Niagara,0.0,0.8333333333333334,0.0,0.7857142857142857
3880,23508,Lazabian Jackson,Arkansas Pine Bluff,0.5,0.4666666666666667,0.1875,0.8541666666666666
3881,23513,Paul Scotland,Bethune Cookman,0.0,0.0,0.5,0.8666666666666667
3882,23514,Tahj Tate,Delaware St.,0.5909090909090909,0.31746031746031744,0.12195121951219512,0.5384615384615384
3883,23519,Greg Allen,USC,0.0,0.125,0.4,0.9629629629629629
3884,23522,Dylan Garrity,Sacramento St.,0.0,0.05555555555555555,0.1,0.391304347826087
3885,23530,Guy Edi,Gonzaga,0.6,0.5294117647058824,0.2857142857142857,0.8
3886,23533,T.J. Rice,Auburn,0.0,0.0,0.0,0.0
3887,23539,Jordan Shanklin,IU Indy,0.0,0.0,0.0,1.0
3888,23545,Patrick Konan,New Hampshire,0.0,0.14285714285714285,0.29411764705882354,0.8048780487804879
3889,23556,Wade Morgan,Stanford,0.0,0.0,0.0,0.0
3890,23559,Shannon Scott,Ohio St.,0.0,0.2222222222222222,0.2,1.0
3891,23561,Onochie Ochie,Southeastern Louisiana,0.8,0.5384615384615384,0.16666666666666666,0.6666666666666666
3892,23566,Kadeem Jack,Rutgers,0.0,0.4,0.75,0.0
3893,23570,Josh Sanchez,UT Rio Grande Valley,0.0,0.0,0.0,0.0
3894,23571,Earl Jefferson,UT Rio Grande Valley,0.0,0.5789473684210527,0.5555555555555556,1.0
3895,23572,Elliott Eliason,Minnesota,1.0,0.5454545454545454,0.9090909090909091,0.0
3896,23573,Mitch Albers,Nebraska Omaha,0.5,0.3793103448275862,0.15789473684210525,0.782608695652174
3897,23574,Garrett Green,San Diego St.,1.0,0.7627118644067796,0.7857142857142857,1.0
3898,23575,Cj Carter,Nebraska Omaha,0.0,0.17857142857142858,0.21428571428571427,0.85
3899,23576,John Ring,Nebraska Omaha,0.0,0.7272727272727273,1.0,0.0
3900,23577,Mitchell Farr,Nebraska Omaha,0.0,1.0,0.0,1.0
3901,23578,Bill Freeman,Nebraska Omaha,0.0,0.125,0.25,0.75
3902,23580,Isiah Gandy,Nebraska Omaha,0.0,0.14285714285714285,0.0,1.0
3903,23584,Evan Anderson,Wisconsin,0.0,0.0,0.0,0.0
3904,23596,John Snow,Seton Hall,0.0,0.0,0.0,0.0
3905,23601,Anthony Borden,Central Arkansas,0.9230769230769231,0.7037037037037037,1.0,0.0
3906,23605,Chris Rice,Binghamton,0.0,0.0,0.0,1.0
3907,23611,Jalen Cannon,St. Francis NY,0.6111111111111112,0.4857142857142857,0.6666666666666666,0.0
3908,23613,Roosevelt Jones,Butler,0.5,0.352112676056338,0.2894736842105263,0.0
3909,23614,Jackson Aldridge,Butler,0.0,0.0,0.2857142857142857,0.9285714285714286
3910,23615,Rodney Cooper,Alabama,0.6666666666666666,0.45,0.125,0.85
3911,23616,Elliot Kampen,Butler,0.0,0.0,0.0,1.0
3912,23618,Christien Sager,Oklahoma St.,0.0,0.0,0.0,1.0
3913,23633,Nick Pendergast,Temple,1.0,1.0,0.0,0.0
3914,23634,Jamir Hanner,Marshall,0.7142857142857143,0.5294117647058824,0.0,1.0
3915,23635,Robert Goff,Marshall,0.9310344827586207,0.7192982456140351,0.7037037037037037,0.0
3916,23636,Dennis Tinnon,Marshall,0.7916666666666666,0.52,0.4864864864864865,0.5
3917,23637,Chris Martin,Marshall,0.0,0.5,0.0,1.0
3918,23638,C.J. Barksdale,Virginia Tech,0.0,0.5,0.7,0.0
3919,23648,Haralds Karlis,Seton Hall,1.0,0.8888888888888888,0.0,0.9230769230769231
3920,23649,Stephen Maxwell,Cal St. Northridge,1.0,0.6935483870967742,0.125,0.0
3921,23650,Jalen Ragland,UTEP,0.0,0.0,0.42857142857142855,0.875
3922,23651,Robbie Stenzel,Eastern Kentucky,0.0,0.0,0.0,1.0
3923,23653,Justin Wright,Troy,0.0,0.3333333333333333,0.25,0.9761904761904762
3924,23664,DeCarlos Anderson,Manhattan,0.0,0.0,0.0,0.0
3925,23672,Nino Johnson,Southeast Missouri St.,0.6,0.4166666666666667,0.6666666666666666,0.0
3926,23675,Keon Blackledge,Alabama,0.0,0.5,0.0,0.0
3927,23677,Adam Folker,UC Irvine,1.0,0.7926829268292683,0.5217391304347826,0.0
3928,23680,Michael Holyfield,Sam Houston St.,0.8,0.6521739130434783,0.8333333333333334,0.0
3929,23683,Darius Gatson,Sam Houston St.,0.0,0.5,0.0,0.8
3930,23684,K.C. Whitaker,UAB,0.0,0.5,0.0,1.0
3931,23685,Elfrid Payton,Louisiana,0.125,0.16129032258064516,0.0,0.0
3932,23692,Branden Dawson,Michigan St.,0.625,0.5806451612903226,0.3125,0.0
3933,23694,Jacob Hoxie,George Mason,0.0,0.0,1.0,0.0
3934,23695,Kevin Wagner,Texas Tech,0.0,1.0,0.25,0.6
3935,23697,Joey Racer,Virginia Tech,0.0,1.0,0.0,0.0
3936,23698,Nayquann Mitchell,Old Dominion,0.0,0.0,0.0,0.0
3937,23699,Randall Vautravers,Wichita St.,0.0,0.0,0.0,0.0
3938,23700,James Anacreon,Wichita St.,0.5,0.5,1.0,0.0
3939,23701,Jaron Nash,Texas Tech,0.75,0.5384615384615384,0.0,0.0
3940,23704,Lenny Antwi,North Dakota,0.0,0.2,0.2222222222222222,0.8333333333333334
3941,23705,Eugene Johnson,Alabama St.,0.0,0.2,0.0,0.0
3942,23707,Olatunji Kosile,Maryland Eastern Shore,1.0,0.5294117647058824,0.5,0.0
3943,23708,Chris Viven,Manhattan,0.0,0.0,0.0,0.0
3944,23711,Jeremy Atkinson,UNC Asheville,0.7,0.6741573033707865,0.3333333333333333,0.9333333333333333
3945,23713,Paolo Mancasola,UC Davis,0.0,0.125,0.3333333333333333,0.8333333333333334
3946,23720,Jordan Hickert,Eastern Washington,0.0,0.5,1.0,0.9629629629629629
3947,23723,Adrien Coleman,Bethune Cookman,0.5833333333333334,0.41414141414141414,0.34375,1.0
3948,23724,Jordan Stone,Utah St.,1.0,0.5652173913043478,0.0,0.0
3949,23726,Kendall Wallace,UNLV,0.0,0.0,1.0,1.0
3950,23729,Jake Barnett,Saint Louis,0.0,0.0,0.0,1.0
3951,23732,Hal Bateman,Stephen F. Austin,0.0,0.16,0.26666666666666666,0.6666666666666666
3952,23733,Aaron Brown,Mount St. Mary's,0.0,0.0,0.0,0.0
3953,23734,Ronnie Boggs,Jacksonville St.,0.625,0.5142857142857142,0.38461538461538464,1.0
3954,23735,Alex Gauna,Michigan St.,1.0,0.6666666666666666,1.0,0.0
3955,23736,James Sinclair,Western Carolina,0.0,0.2857142857142857,0.16666666666666666,1.0
3956,23737,Jean Louisme,North Carolina A&T,0.0,0.375,0.3333333333333333,1.0
3957,23738,Jonathon Williams,Wagner,0.7142857142857143,0.35185185185185186,0.4444444444444444,0.9545454545454546
3958,23739,Alex Nesbitt,Harvard,0.0,0.0,0.0,0.0
3959,23740,Scooter Johnson,Kent St.,0.0,0.0,0.0,0.0
3960,23742,Jordan Tolbert,Texas Tech,0.8378378378378378,0.6333333333333333,0.4166666666666667,0.0
3961,23743,Nate Butler,TCU,0.6666666666666666,0.2857142857142857,0.5,0.9090909090909091
3962,23745,Waylan Siverand,North Carolina A&T,0.0,0.2727272727272727,1.0,0.0
3963,23746,Reggie Smith,UNLV,0.0,0.5,1.0,0.875
3964,23748,Chris Gramling,Army,0.0,0.0,0.0,1.0
3965,23751,Xavier Ford,Buffalo,0.0,0.25,0.5,0.0
3966,23754,Colt Barnhill,Air Force,0.0,0.6666666666666666,0.5,1.0
3967,23755,Jonah Travis,Harvard,0.5,0.3333333333333333,0.4444444444444444,0.0
3968,23760,Morece Isaac,Saint Francis,0.0,0.0,0.0,0.0
3969,23761,Chris Carter,Air Force,0.0,0.42857142857142855,0.0,0.0
3970,23762,Wade Norman,UNLV,0.0,0.0,0.0,1.0
3971,23767,Olivier Mbaigoto,Central Michigan,0.0,0.3125,0.5625,1.0
3972,23770,David Baroum,Bethune Cookman,0.0,0.0,0.0,0.0
3973,23771,Ryan Cook,UMBC,0.3333333333333333,0.1875,0.19444444444444445,0.875
3974,23773,Anthony Strickland,Eastern Michigan,1.0,0.5,0.7,0.0
3975,23774,Herdie Lawrence,Austin Peay,0.0,0.0,0.0,0.7647058823529411
3976,23779,Jonathan Jefferson,Alabama St.,0.0,0.5714285714285714,0.3333333333333333,1.0
3977,23780,Kenneth Ortiz,Wagner,0.0,0.1,0.2857142857142857,0.0
3978,23781,Reggie Arceneaux,Wright St.,0.0,0.125,0.16216216216216217,0.9117647058823529
3979,23784,Terell Parks,Western Illinois,0.8571428571428571,0.711864406779661,0.4857142857142857,1.0
3980,23786,Filip Cvjeticanin,Florida Gulf Coast,0.0,0.0,0.5555555555555556,0.9821428571428571
3981,23788,Clarence Trent,Seattle,0.6666666666666666,0.40350877192982454,0.5238095238095238,0.8461538461538461
3982,23789,Tyler Brown,Illinois St.,0.7142857142857143,0.23529411764705882,0.15,0.810126582278481
3983,23790,Blake Brumwell,Montana St.,0.0,0.0,1.0,0.0
3984,23794,Bryant Allen,Illinois St.,0.0,0.0,0.08695652173913043,0.6923076923076923
3985,23795,Kennon Dvorak,Texas A&M Corpus Chris,0.0,1.0,0.0,1.0
3986,23798,Javon Dawson,Utah,1.0,0.5555555555555556,0.625,0.0
3987,23803,Trevor Menke,Nebraska,0.0,0.0,0.0,0.0
3988,23806,Charlon Kloof,St. Bonaventure,0.0,0.2,0.07142857142857142,0.9090909090909091
3989,23807,David Bruce,Hampton,1.0,0.6941176470588235,0.7083333333333334,0.0
3990,23808,Jasper Williams,Hampton,0.0,0.0,0.0,0.5263157894736842
3991,23810,Jerian Grant,Notre Dame,0.8333333333333334,0.30434782608695654,0.47619047619047616,0.6666666666666666
3992,23812,Tyler Strange,Gardner Webb,0.0,0.0,0.25,0.7777777777777778
3993,23816,Dante Williams,Oakland,0.0,0.35714285714285715,1.0,1.0
3994,23820,Maxie Esho,Massachusetts,0.7142857142857143,0.4727272727272727,0.625,1.0
3995,23825,Jake Wasco,UMBC,0.0,0.4186046511627907,0.7272727272727273,0.0
3996,23826,Obie Hurt,Seattle,0.0,0.0,0.0,0.0
3997,23827,Evan Richard,Milwaukee,0.0,0.2857142857142857,0.6,1.0
3998,23832,Aquil Younger,Drexel,0.0,0.0,0.0,0.5
3999,23836,Derrick Gordon,Western Kentucky,0.0,0.3333333333333333,0.38,0.8
4000,23837,Marcus Bradley,UC Irvine,0.0,1.0,0.8,0.0
4001,23838,Michael Conward,George Washington,0.0,0.0,0.0,0.0
4002,23846,Ryan McCoy,Manhattan,0.0,0.25,0.5,0.9090909090909091
4003,23847,Donovan Kates,Manhattan,1.0,0.4375,0.42857142857142855,0.9565217391304348
4004,23849,Phillip Crawford,Alabama St.,1.0,0.5555555555555556,0.5925925925925926,0.0
4005,23860,Kareem Storey,Utah,0.0,0.21428571428571427,0.0,0.9
4006,23863,Reggie Spencer,Northeastern,0.75,0.4838709677419355,0.375,0.0
4007,23877,Andre Smith,Winthrop,0.0,0.25,0.0,0.47368421052631576
4008,23879,Dijon Farr,Utah,0.8181818181818182,0.6,0.5,0.9444444444444444
4009,23882,P.J. Santavenere,St. Francis NY,0.0,0.4375,0.6666666666666666,1.0
4010,23887,Derrick Henry,Winthrop,0.0,0.5,0.5,0.8571428571428571
4011,23892,Maxwell Lenox,Army,0.0,0.24074074074074073,0.75,0.75
4012,23900,Jonathan King,Stephen F. Austin,0.5,0.525,0.7333333333333333,1.0
4013,23901,Remy Roberts-Burnett,Western Illinois,0.0,0.23529411764705882,0.3333333333333333,1.0
4014,23904,Nick Mabbutt,South Dakota,0.0,0.0,0.0,1.0
4015,23906,Matt Samuels,Chicago St.,0.0,0.23376623376623376,0.25,1.0
4016,23907,Lee Fisher,Chicago St.,0.45,0.27450980392156865,0.2619047619047619,0.8928571428571429
4017,23910,Francisco Concepcion,Chicago St.,0.0,0.0,0.0,0.0
4018,23911,Allen Saint-Gelais,South Dakota,1.0,0.4,0.16666666666666666,0.75
4019,23912,D'Jari Nelson,Chicago St.,0.7692307692307693,0.7407407407407407,0.6666666666666666,0.625
4020,23923,John Isaac,LSU,0.0,0.3,0.4166666666666667,0.875
4021,23929,Jarrell Crayton,Boise St.,0.0,0.0,0.3333333333333333,0.0
4022,23950,Laval Lucas-Perry,Oakland,0.0,0.21875,0.5,0.9666666666666667
4023,23963,Kevin Bailey,Portland,0.2857142857142857,0.16666666666666666,0.2571428571428571,0.8571428571428571
4024,23967,Brenton Williams,South Carolina,0.0,0.23529411764705882,0.0,0.6923076923076923
4025,23968,Reece Chamberlain,Belmont,0.0,0.16666666666666666,0.0,1.0
4026,23971,Omar Strong,Texas Southern,0.0,0.5,0.24,0.6176470588235294
4027,23973,Rob Elam,USC Upstate,0.0,1.0,0.6666666666666666,0.0
4028,23977,Sherrod Wright,George Mason,0.7333333333333333,0.5625,0.52,0.8571428571428571
4029,23978,Ramon Galloway,La Salle,0.7916666666666666,0.5223880597014925,0.15789473684210525,0.6911764705882353
4030,23979,Nate Rogers,UMKC,0.5,0.3157894736842105,0.0,0.95
4031,23980,Donte Hill,Old Dominion,0.0,0.47058823529411764,0.3333333333333333,0.9666666666666667
4032,23981,Garrett Jones,New Hampshire,0.0,0.0,0.0,1.0
4033,23983,Luther Page,Alabama St.,1.0,0.5909090909090909,0.7857142857142857,0.0
4034,23984,Nate Garth,UC Santa Barbara,0.0,0.5,0.0,1.0
4035,23985,Hugo Naurais,Wagner,0.0,0.0,1.0,0.0
4036,23986,Jarell Byrd,Wofford,0.75,0.5384615384615384,0.0,1.0
4037,23991,Jullian Powers,Oregon St.,0.0,0.0,0.0,0.0
4038,23995,Derrick Randall,Rutgers,1.0,0.6666666666666666,1.0,0.0
4039,23999,Jarnell Stokes,Tennessee,0.8,0.5681818181818182,0.5263157894736842,0.0
4040,24001,Magd Owayed,Sacramento St.,0.0,0.0,0.0,0.0
4041,24007,Alexis Moore,USC,0.0,0.5,0.21428571428571427,0.92
4042,24008,Michael Green,Akron,0.0,0.0,0.0,0.0
4043,24010,Cody Zeller,Indiana,0.8666666666666667,0.6073619631901841,0.43243243243243246,0.0
4044,24012,Brandon Romain,Detroit Mercy,0.0,0.0,0.0,0.0
4045,24013,Omar Jimenez,Northwestern,0.0,0.0,0.0,1.0
4046,24014,Demetrius Treadwell,Akron,0.4444444444444444,0.49295774647887325,0.2631578947368421,0.0
4047,24023,Bryson Triggs,Nicholls St.,0.0,0.0,0.0,1.0
4048,24024,Vinny Zollo,Western Kentucky,1.0,0.4444444444444444,0.7272727272727273,1.0
4049,24025,Muniru Bawa,Tennessee St.,0.0,0.5,0.0,0.0
4050,24026,Jack Ryan,Stanford,0.0,0.5,0.0,0.0
4051,24027,Jake Giesler,Jacksonville,0.0,0.25,0.6666666666666666,1.0
4052,24028,Chris Conner,Tennessee St.,0.0,0.0,0.0,1.0
4053,24029,Chris Morgan,Youngstown St.,0.0,1.0,0.0,0.0
4054,24030,Admir Sahbegovic,Jacksonville,1.0,0.4,0.0,1.0
4055,24218,Jarred DuBois,Loyola Marymount,0.0,0.15384615384615385,0.15384615384615385,0.9117647058823529
4056,24264,Malcolm Mcmillan,Central Connecticut,0.0,0.4166666666666667,0.4,0.75
4057,24296,Anthony Myers,Robert Morris,0.0,0.2903225806451613,0.4,0.9714285714285714
4058,24297,JayVaughn Pinkston,Villanova,0.6,0.35294117647058826,0.3076923076923077,0.9285714285714286
4059,24316,Charles Carmouche,Memphis,0.0,0.125,1.0,0.8333333333333334
4060,24369,Chris Hines,Utah,0.0,0.08333333333333333,0.35294117647058826,0.8939393939393939
4061,24443,DeWayne Jackson,Morgan St.,0.3333333333333333,0.35384615384615387,0.375,0.7755102040816326
4062,24473,Kelvin McNeil,Delaware,1.0,0.4583333333333333,1.0,0.0
4063,24662,Dai-Jan Parker,Vanderbilt,0.0,0.5,0.0,1.0
4064,24674,Brian Blackstone,Towson,0.0,0.0,1.0,0.0
4065,24816,Rj Slawson,South Carolina,0.6428571428571429,0.5172413793103449,0.4166666666666667,0.8181818181818182
4066,24894,Keala King,Arizona St.,0.0,0.3333333333333333,0.14285714285714285,0.5833333333333334
4067,24978,Khem Birch,Pittsburgh,0.6,0.42857142857142855,1.0,0.0
4068,25005,Arsalan Kazemi,Rice,0.7619047619047619,0.7524752475247525,0.5789473684210527,0.0
4069,25098,DeMario Mayfield,Charlotte,0.5833333333333334,0.53125,0.13636363636363635,0.9230769230769231
4070,25219,Carlos Lopez,UNLV,0.9285714285714286,0.6153846153846154,0.25,0.0
4071,25221,Alex Rossi,California,0.0,0.0,0.0,1.0
4072,25251,Mike McCall,Saint Louis,0.0,0.15151515151515152,0.07142857142857142,0.7419354838709677
4073,25301,DeAndre Daniels,Connecticut,1.0,0.5625,0.3333333333333333,0.9166666666666666
4074,25386,Ian Clark,Belmont,0.0,0.5121951219512195,0.0,0.9325842696629213
4075,25448,Dezmine Wells,Xavier,1.0,0.581081081081081,0.34615384615384615,0.95
4076,25547,Eric Norman,SMU,0.0,0.0,0.0,0.0
4077,25628,Taévaunn Prince,South Dakota St.,1.0,0.5675675675675675,0.3157894736842105,0.8571428571428571
4078,25644,Reco McCarter,VCU,0.0,0.0,0.0,1.0
4079,26289,LaBradford Franklin,San Diego St.,0.0,0.6,0.0,0.8
4080,26351,Ian Childs,Morgan St.,0.7857142857142857,0.5230769230769231,0.5609756097560976,0.0
4081,26429,Sam McLaurin,Coastal Carolina,0.6538461538461539,0.5384615384615384,0.6428571428571429,0.0
4082,26446,Jabari Brown,Oregon,1.0,1.0,0.0,0.0
4083,26509,Andrew DelPiero,LSU,0.0,0.0,1.0,0.0
4084,26524,Devon White,La Salle,0.76,0.6296296296296297,0.5384615384615384,0.0
4085,26530,John Hart,Purdue,0.0,0.0,0.0,0.8333333333333334
4086,26576,Koang Doluony,Indiana St.,0.0,0.0,0.0,1.0
4087,26664,Curtis Dennis,Toledo,0.0,0.5238095238095238,0.4090909090909091,0.9183673469387755
4088,26703,Kauri Black,Northeastern,0.7777777777777778,0.7446808510638298,0.25,0.0
4089,26710,Peter 'PJ' Roberson,Grambling St.,1.0,0.44,0.603448275862069,1.0
4090,26774,Logan Aronhalt,Albany,0.5,0.41935483870967744,0.30434782608695654,0.9333333333333333
4091,26811,LaQuinton Ross,Ohio St.,0.0,0.0,0.0,1.0
4092,26821,Omar Oraby,Rice,0.75,0.7307692307692307,0.7142857142857143,0.0
4093,26838,A'uston Calhoun,Bowling Green,0.7727272727272727,0.574468085106383,0.5147058823529411,0.8
4094,26905,Alwayne Bigby,Northeastern,0.0,0.48,0.2857142857142857,1.0
4095,26919,Shane Swiegart,Robert Morris,0.0,0.0,0.0,0.0
4096,27078,James Douglas,Northern Arizona,0.25,0.35135135135135137,0.6060606060606061,0.95
4097,27186,Khalil Murphy,San Francisco,0.0,1.0,0.0,1.0
4098,27237,Kyle Smyth,Iona,0.0,0.45454545454545453,0.75,0.9459459459459459
4099,27248,Julius Mays,Wright St.,0.0,0.23333333333333334,0.17391304347826086,0.62
4100,27364,Konner Tucker,Sam Houston St.,0.0,0.375,0.38235294117647056,0.8524590163934426
4101,27852,James Montgomery,Northwestern,0.0,0.0,0.0,0.0
4102,27888,R.J. Evans,Holy Cross,0.125,0.22123893805309736,0.11764705882352941,1.0
4103,27911,Joey Miller,Eastern Illinois,0.0,0.43478260869565216,0.3181818181818182,0.9705882352941176
4104,28080,Jamal Branch,Texas A&M,0.0,0.08333333333333333,0.2,0.6666666666666666
4105,28156,Kadeem Green,Missouri,1.0,0.6666666666666666,0.0,0.0
4106,28472,Tyrone Garland,Virginia Tech,0.0,0.2,0.0,1.0
4107,28524,DeLovell Earls,Air Force,1.0,0.42857142857142855,0.0,1.0
4108,28544,Pat Forsythe,West Virginia,0.0,0.25,0.0,0.0
4109,28701,Treg Setty,Southern Illinois,0.0,0.42105263157894735,0.34615384615384615,1.0
4110,28721,J.D. Weatherspoon,Ohio St.,0.8666666666666667,0.7916666666666666,0.2,0.0
4111,28785,Ryan Spangler,Gonzaga,1.0,0.7,0.6666666666666666,0.0
4112,28789,Terran Petteway,Texas Tech,0.0,0.18181818181818182,0.3333333333333333,0.9166666666666666
4113,28797,Kerry Hammonds,Middle Tennessee,1.0,0.45454545454545453,0.42857142857142855,0.95
4114,28802,Kevin Bleeker,Canisius,0.0,0.45454545454545453,1.0,1.0
4115,28831,Leslee Smith,SMU,0.5,0.6521739130434783,0.5714285714285714,0.8333333333333334
4116,28881,Alfonzo McKinnie,Eastern Illinois,0.7222222222222222,0.5789473684210527,0.46875,0.0
4117,28923,Meiko Lyles,Columbia,0.0,0.5,0.5555555555555556,0.9583333333333334
4118,28959,Khalid Lewis,Delaware,0.0,0.12,0.09090909090909091,0.8
4119,29001,Breon Key,Old Dominion,0.0,0.25,0.3333333333333333,0.875
4120,29061,Dorian Finney-Smith,Virginia Tech,0.25,0.28205128205128205,0.0,0.8461538461538461
4121,29067,Jarmar Gulley,Missouri St.,0.0,0.3333333333333333,0.35384615384615387,0.9411764705882353
4122,29089,Jerron Granberry,North Florida,0.0,0.1,0.0,0.6805555555555556
4123,29090,Sterling Carter,Seattle,0.5,0.23076923076923078,0.375,0.8484848484848485
4124,29099,Kyle Cain,Arizona St.,0.75,0.6851851851851852,0.5714285714285714,0.0
4125,29153,Dennis Mavin,Florida Atlantic,0.0,0.13636363636363635,0.14285714285714285,1.0
4126,29186,Gerell Martin,LIU,0.0,0.0,0.5,1.0
4127,29205,Cezar Guerrero,Oklahoma St.,0.0,0.14285714285714285,0.05,0.9047619047619048
4128,29220,Dc Gaitley,Fordham,0.0,0.0,1.0,0.0
4129,29279,Markus Kennedy,Villanova,0.75,0.34285714285714286,0.8571428571428571,1.0
4130,29323,Kentwan Smith,Louisiana,0.75,0.4,0.14285714285714285,1.0
4131,29326,Billy Reader,Montana,1.0,0.7142857142857143,0.625,0.0
4132,29330,DeShon Minnis,Texas Tech,0.0,0.2,0.5,0.0
4133,29370,Ike Nwamu,Cleveland St.,1.0,0.5,0.0,0.8571428571428571
4134,29377,Steven Miro,FIU,0.0,0.0,1.0,0.5
4135,29380,Willy Kouassi,Auburn,0.8333333333333334,0.46153846153846156,0.0,0.0
4136,29412,Deandre Mathieu,Morehead St.,0.0,0.2777777777777778,0.4,1.0
4137,29461,Luka Pajkovic,Mississippi Valley St.,0.0,0.06666666666666667,0.0,0.8181818181818182
4138,29471,Lonji Yiljep,Brown,0.0,1.0,0.6666666666666666,1.0
4139,29482,Daniel Edwards,Princeton,0.0,0.0,0.0,1.0
4140,29498,Josh Humphrey,Green Bay,1.0,0.16666666666666666,0.5,0.0
4141,29566,T.J. Sapp,Clemson,0.0,0.5,0.5,0.9583333333333334
4142,29606,Aaron Hawley,Drake,0.0,0.5555555555555556,0.21428571428571427,0.9545454545454546
4143,29609,Jelan Kendrick,Mississippi,0.0,0.25,0.3,0.8333333333333334
4144,29666,Michael Perez,UTEP,1.0,0.5483870967741935,0.47368421052631576,0.7804878048780488
4145,29733,Walter Pitchford,Florida,0.0,1.0,0.5,0.0
4146,29745,David Chadwick,Rice,1.0,0.6363636363636364,0.6666666666666666,1.0
4147,29770,Terrance Shannon,Florida St.,1.0,0.6666666666666666,0.42857142857142855,0.0
4148,29792,Avery Johnson,San Francisco,0.0,0.5,1.0,1.0
4149,29850,Julian Edmonson,Middle Tennessee,0.0,0.0,0.0,1.0
4150,29858,Tyler Washington,Northwestern St.,1.0,0.16666666666666666,0.0,0.8571428571428571
4151,29876,Isiah Umipig,Cal St. Fullerton,0.0,0.42105263157894735,0.3225806451612903,0.855072463768116
4152,29897,Wes Washpun,Tennessee,0.0,0.0,0.0,0.0
4153,29939,Jordan Daniels,Boston College,0.0,0.21428571428571427,0.15789473684210525,0.8108108108108109
4154,29964,TyQuane Goard,Ohio,1.0,0.6666666666666666,0.5,0.0
4155,29977,Ethan Layer,Liberty,0.0,0.0,0.0,0.8333333333333334
4156,29990,Keith Shamburger,San Jose St.,0.0,0.07692307692307693,0.06060606060606061,0.64
4157,30007,K.K. Simmons,UNC Wilmington,0.0,0.16666666666666666,0.46153846153846156,0.7241379310344828
4158,30055,Carson Desrosiers,Wake Forest,1.0,0.7391304347826086,0.47619047619047616,1.0
4159,30056,Tyler Harris,N.C. State,0.0,0.5555555555555556,0.5,0.5
4160,30066,Melvin Johnson III,UTSA,0.5,0.30434782608695654,0.23076923076923078,0.7619047619047619
4161,30085,Dominic Early,Furman,0.0,0.42857142857142855,0.25,0.8125
4162,30128,Aj Pacher,Wright St.,0.5,0.21428571428571427,0.28,1.0
4163,30132,Jamal Jones,Mississippi,0.0,0.0,0.0,1.0
4164,30163,Jermaine Marshall,Penn St.,0.3333333333333333,0.38235294117647056,0.2972972972972973,0.9069767441860465
4165,30166,Richie Edwards,Valparaiso,0.0,0.5689655172413793,0.47058823529411764,1.0
4166,30183,Ralston Turner,LSU,0.0,0.47058823529411764,0.20588235294117646,0.8235294117647058
4167,30236,Josh Davis,Tulane,0.7142857142857143,0.4444444444444444,0.2962962962962963,1.0
4168,30261,Merv Lindsay,Kansas,0.0,1.0,0.5,1.0
4169,30302,Quinton Upshur,VMI,1.0,0.3333333333333333,0.3333333333333333,0.9411764705882353
4170,30310,Dustin Hobaugh,Houston Christian,0.0,0.7777777777777778,0.5714285714285714,1.0
4171,30340,Jelani Hewitt,Georgia Southern,0.0,0.1724137931034483,0.5,0.8461538461538461
4172,30390,Garrius Adams,Miami FL,0.5,0.3333333333333333,0.5,0.75
4173,30431,Ricmonds Vilde,SMU,0.0,0.3333333333333333,1.0,1.0
4174,30442,Rayvonte Rice,Drake,0.6,0.3125,0.0784313725490196,0.8888888888888888
4175,30446,Sam Dower,Gonzaga,1.0,0.7105263157894737,0.6440677966101694,1.0
4176,30454,Jordan Smith,Wisconsin,0.0,0.0,1.0,1.0
4177,30507,Jonny Marlin,Purdue Fort Wayne,0.0,0.0,0.0,0.8846153846153846
4178,30540,Xavian Rimmer,Alcorn St.,0.0,0.15625,0.05,0.6521739130434783
4179,30572,Umar Shannon,Saint Francis,0.0,0.3333333333333333,0.0,1.0
4180,30609,Travis Elliott,High Point,1.0,0.68,0.7,0.0
4181,30643,Anthony Fields,Wake Forest,0.0,0.2,0.0,0.0
4182,30647,Dion Nesmith,Monmouth,1.0,0.5121951219512195,0.47058823529411764,1.0
4183,30648,Zeke Upshaw,Illinois St.,0.0,0.8,1.0,0.8333333333333334
4184,30649,Gerard Coleman,Providence,0.9,0.57,0.2571428571428571,0.8
4185,30654,Aaron Brown,Temple,1.0,0.9032258064516129,0.3333333333333333,0.9743589743589743
4186,30686,Dustin Clarke,Hartford,0.0,0.0,0.0,0.0
4187,30694,Josh Gentry,North Dakota,0.0,0.0,0.0,0.0
4188,30711,Stefon Johnson,Gardner Webb,0.0,0.5806451612903226,0.5625,0.0
4189,30759,Jamel Fields,Fairfield,0.0,0.6,0.0,0.9230769230769231
4190,30808,Pina Guillaume,Maryland Eastern Shore,0.0,0.6363636363636364,0.6842105263157895,1.0
4191,30821,Herb Harrison,UAB,0.0,0.6666666666666666,0.8333333333333334,0.0
4192,30851,Rob Vozenilek,Virginia,0.0,0.0,0.0,0.0
4193,30862,Ron Giplaye,Providence,1.0,0.4166666666666667,0.0,0.0
4194,30878,Ben Eblen,Alabama,0.0,0.0,0.0,0.0
4195,30882,Jabari Peters,Texas Southern,0.0,0.0,0.4444444444444444,1.0
4196,30936,Emmanuel Addo,Northern Colorado,0.6666666666666666,0.40540540540540543,0.27586206896551724,1.0
4197,30963,Grant White,Jacksonville St.,0.0,0.2857142857142857,0.2857142857142857,0.7777777777777778
4198,31052,Aaron Armstead,Green Bay,0.0,0.3333333333333333,0.2857142857142857,1.0
4199,31065,Gilvydas Biruta,Rutgers,0.8947368421052632,0.6447368421052632,0.5714285714285714,1.0
4200,31124,Mike Poole,Rutgers,0.0,0.2222222222222222,0.44642857142857145,0.9090909090909091
4201,31135,Tyler Tafoya,UTEP,0.0,0.0,0.0,0.0
4202,31137,Javorn Farrell,Massachusetts,0.0,0.3333333333333333,0.2,1.0
4203,31183,Colin Gruber,Northern Arizona,0.0,1.0,0.47058823529411764,0.8823529411764706
4204,31184,Steven Thornton,Utah St.,0.0,0.0,0.0,1.0
4205,31195,D'Von Campbell,UTEP,0.0,0.6666666666666666,0.2857142857142857,1.0
4206,31196,Allen Jiles IV,Cal St. Northridge,1.0,0.35714285714285715,0.3333333333333333,0.0
4207,31201,J.J. Moore,Pittsburgh,0.75,0.65,0.47058823529411764,0.8918918918918919
4208,31232,Naji Hibbert,Texas A&M,0.0,0.2,0.3,0.9333333333333333
4209,31274,Kyle Casey,Harvard,0.8461538461538461,0.6056338028169014,0.5151515151515151,0.8888888888888888
4210,31311,Avery Moore,Florida A&M,0.0,0.14285714285714285,0.21428571428571427,0.7796610169491526
4211,31318,Charles Hankerson Jr.,Alabama,0.0,0.2857142857142857,0.5,0.8125
4212,31342,Eli Carter,Rutgers,0.0,0.25,0.21739130434782608,0.8363636363636363
4213,31383,DeAndre Kane,Marshall,0.7272727272727273,0.45081967213114754,0.21428571428571427,0.6666666666666666
4214,31411,Ryan Pierson,Northeastern,1.0,0.8888888888888888,0.2857142857142857,1.0
4215,31412,Hector Harold,Pepperdine,0.0,0.45454545454545453,0.5454545454545454,1.0
4216,31456,George Matthews,Utah,0.0,0.0,0.0,0.0
4217,31458,Chrishawn Hopkins,Butler,0.0,0.25,0.2857142857142857,0.78125
4218,31470,Jervon Pressley,Towson,0.8,0.5,0.5,0.0
4219,31475,Cody Larson,Florida,0.0,0.5,1.0,0.0
4220,31476,David Wishon,Tulsa,0.0,0.6666666666666666,1.0,0.0
4221,31486,Jay Harris,Valparaiso,0.0,0.3,0.047619047619047616,0.631578947368421
4222,31538,Deon Jones,Towson,0.0,0.2857142857142857,0.36666666666666664,1.0
4223,31566,Josh Langford,Auburn,1.0,0.5625,0.4,1.0
4224,31634,De'Angelo Speech,Central Connecticut,0.0,0.2,0.6666666666666666,1.0
4225,31636,Shawn Amiker Jr.,Youngstown St.,0.0,0.42857142857142855,0.0,0.0
4226,31758,Brandyn Curry,Harvard,0.0,0.15,0.16666666666666666,0.7619047619047619
4227,31792,Jamail Jones,Marquette,0.3333333333333333,0.5,1.0,1.0
4228,31794,Reginald Smith,Louisiana Monroe,0.0,1.0,0.0,0.0
4229,31798,Tommie McCune,West Virginia,0.0,0.0,1.0,1.0
4230,31814,J.J. Thomas,Louisiana,0.0,0.36363636363636365,0.2608695652173913,0.7692307692307693
4231,31868,Donovon Ross,Southeastern Louisiana,1.0,0.7272727272727273,0.5,0.0
4232,31886,Nigel Snipes,Western Kentucky,1.0,0.42857142857142855,0.6666666666666666,1.0
4233,31887,Antwan Space,Florida St.,0.0,0.0,1.0,0.0
4234,31894,Jon Ekey,Illinois St.,0.9473684210526315,0.8157894736842105,0.47058823529411764,0.9661016949152542
4235,31926,Dominique McKoy,Rhode Island,0.75,0.5405405405405406,0.2,0.0
4236,31973,Michael Williams,San Francisco,1.0,0.3548387096774194,0.11428571428571428,0.9038461538461539
4237,32046,Josh Castellanos,Mount St. Mary's,0.0,0.16666666666666666,0.0,0.8709677419354839
4238,32064,Andre Dawkins,Duke,0.4,0.5,0.4666666666666667,0.9253731343283582
4239,32073,Aqeel Quinn,Cal St. Northridge,0.0,0.2222222222222222,0.42857142857142855,0.8888888888888888
4240,32085,Kt Harrell,Virginia,0.0,0.6666666666666666,0.5,1.0
4241,32087,Danny Herrera,Duquesne,0.0,1.0,1.0,0.5
4242,32104,Marvin Williams,Lipscomb,1.0,0.6,0.4,0.0
4243,32143,JaMichael Hawkins,Alcorn St.,0.0,0.125,0.125,0.7857142857142857
4244,32187,Josh Gomez,Iona,0.0,0.3333333333333333,1.0,0.0
4245,32245,Tony Nixon,Northern Illinois,0.0,0.16666666666666666,0.4,1.0
4246,32278,Mitch Bruneel,Utah St.,0.0,0.48148148148148145,0.2,1.0
4247,32403,Stevan Manojlovic,Drexel,0.0,0.0,0.0,0.0
4248,32419,Mike Talley,Duquesne,0.0,0.37209302325581395,0.3333333333333333,0.8888888888888888
4249,32432,Roscoe Smith,Connecticut,0.6666666666666666,0.5833333333333334,0.6,0.8571428571428571
4250,32479,Keierre Richards,Savannah St.,0.0,0.0,0.4444444444444444,1.0
4251,32480,Kaewe Enos,Utah Valley,0.0,0.5,1.0,0.7142857142857143
4252,32497,Josiah Moore,Nebraska,0.0,0.6666666666666666,0.3333333333333333,1.0
4253,32564,Tanner Wozniak,FIU,0.0,0.0,0.0,1.0
4254,32590,Justin Raffington,San Francisco,1.0,0.45454545454545453,0.6666666666666666,0.0
4255,32636,Tre Lynch,Lamar,0.0,0.7,0.5,0.0
4256,32638,Marvin Dominique,Fordham,0.8,0.5714285714285714,0.7857142857142857,0.0
4257,32645,Gilles Dierickx,FIU,1.0,0.45454545454545453,0.5909090909090909,0.0
4258,32685,Moussa Gueye,Alabama,1.0,0.6666666666666666,0.0,0.0
4259,32706,Brendan Lane,UCLA,1.0,1.0,0.6666666666666666,1.0
4260,32762,Matt Kavanaugh,Dayton,1.0,0.6794871794871795,0.6,0.0
4261,32768,Dockery Walker,Brown,0.5,0.48,0.5714285714285714,1.0
4262,32773,Sean Grennan,Seton Hall,0.0,0.0,0.0,1.0
4263,32781,Jerry Brown,Fresno St.,0.5,0.4107142857142857,0.5882352941176471,1.0
4264,32787,Lasan Kromah,George Washington,0.5,0.4246575342465753,0.3333333333333333,0.9666666666666667
4265,32794,Rakeem Buckles,Louisville,0.0,0.45454545454545453,0.3333333333333333,1.0
4266,32821,Steve McWhorter,Indiana St.,0.0,0.4,0.64,0.8888888888888888
4267,32862,Grant Fiorentinos,Tulane,0.0,0.8,0.5,0.0
4268,32885,J.J. Avila,Navy,0.0,0.5606060606060606,0.5454545454545454,0.9473684210526315
4269,32954,Auston Barnes,Central Michigan,0.0,0.0,0.75,1.0
4270,33017,Jeremy Adams,Colorado,0.5,0.4,0.16666666666666666,1.0
4271,33066,Lamin Fulton,Saint Peter's,0.0,0.3684210526315789,0.3,0.9322033898305084
4272,33079,Mat Piotrowski,Boston University,0.0,0.0,0.0,0.0
4273,33087,Trae Golden,Tennessee,0.3333333333333333,0.18604651162790697,0.10869565217391304,0.8043478260869565
4274,33088,Anell Alexis,Marist,0.0,0.34615384615384615,0.0,0.9090909090909091
4275,33089,Brandon Reed,Georgia Tech,1.0,0.13793103448275862,0.13333333333333333,0.9411764705882353
4276,33131,Malcolm Moore,UTEP,1.0,1.0,0.5,1.0
4277,33169,Greg Lewis,Rutgers,0.0,0.5,1.0,0.0
4278,33213,Reger Dowell,Oklahoma St.,0.0,0.14285714285714285,0.0,0.75
4279,33214,Tarik Black,Memphis,0.8888888888888888,0.7627118644067796,0.6923076923076923,0.0
4280,33217,Brian Rohleder,Kansas St.,0.0,0.0,0.0,0.0
4281,33245,Jon Harris,Miami OH,0.6,0.7777777777777778,0.15384615384615385,0.8727272727272727
4282,33257,Christian Gore,Brown,0.0,1.0,0.0,0.6666666666666666
4283,33335,Malcolm Brogdon,Virginia,0.0,0.2571428571428571,0.16666666666666666,0.8181818181818182
4284,33386,Pe'Shon Howard,Maryland,0.0,0.42857142857142855,0.14285714285714285,0.7
4285,33389,Matt Brown,Harvard,0.0,1.0,0.0,0.0
4286,33400,Jason Calliste,Detroit Mercy,0.0,0.21428571428571427,0.05555555555555555,0.8125
4287,33422,Ashton Pankey,Maryland,0.8333333333333334,0.7272727272727273,0.375,0.0
4288,33434,Javarez Willis,Texas Tech,0.0,0.125,0.19047619047619047,0.8974358974358975
4289,33536,M.J. Rhett,Tennessee St.,0.9285714285714286,0.5945945945945946,0.42857142857142855,0.0
4290,33581,Jabarie Hinds,West Virginia,0.0,0.3333333333333333,0.21052631578947367,0.92
4291,33588,Dwight Tarwater,Cornell,0.0,0.6923076923076923,0.7,1.0
4292,33592,Kyle Wiltjer,Kentucky,0.0,0.4375,0.45,1.0
4293,33636,Anthony Lee,Temple,1.0,0.6727272727272727,0.7142857142857143,0.0
4294,33691,Devonte Elliott,Nevada,0.5,0.7777777777777778,0.7,0.0
4295,33706,Corbin Miller,Harvard,0.0,0.0,0.4444444444444444,0.8
4296,33819,Byron Wesley,USC,0.5,0.45454545454545453,0.20634920634920634,0.5
4297,33848,Darius Stokes,Iowa,0.0,0.0,0.0,0.0
4298,33864,Blake Vedder,Rhode Island,0.0,0.0,1.0,1.0
4299,33881,Julian Royal,Georgia Tech,0.0,0.3888888888888889,0.5238095238095238,1.0
4300,33931,Max Heller,Arizona St.,0.0,0.0,0.0,0.0
4301,33989,D.J. Brown,San Jose St.,0.0,0.24,0.2,0.8918918918918919
4302,34051,Desmond Simmons,Washington,0.6666666666666666,0.391304347826087,0.32,1.0
4303,34060,Aaron Williams,Chicago St.,0.6666666666666666,0.46153846153846156,0.3333333333333333,0.6923076923076923
4304,34097,Ian Chiles,IU Indy,0.4,0.2553191489361702,0.25925925925925924,0.71875
4305,34111,Bernard Sullivan,Clemson,1.0,0.5,0.5,0.0
4306,34115,Nick Faust,Maryland,0.45454545454545453,0.4230769230769231,0.23809523809523808,0.4782608695652174
4307,34156,Ryan Anderson,Boston College,0.8,0.5384615384615384,0.4594594594594595,0.9565217391304348
4308,34198,Alex Bates,Northeastern,0.0,1.0,0.0,0.0
4309,34228,Jeylani Dublin,Longwood,0.0,1.0,0.0,0.0
4310,34240,Pat Ackerman,Penn St.,0.0,0.0,0.0,0.0
4311,34349,Jon Schmidt,Brown,0.0,0.8,1.0,0.0
4312,34353,Mason Archie II,Davidson,0.0,0.0,0.0,1.0
4313,34387,Hunter Mickelson,Arkansas,0.8888888888888888,0.7073170731707317,0.78125,1.0
4314,34527,Aaron Adeoye,Ball St.,1.0,0.4375,0.5,0.0
4315,34544,Abdel Nader,Northern Illinois,0.4444444444444444,0.28125,0.21428571428571427,0.7352941176470589
4316,34620,Brandon Thompson,LIU,0.0,0.4117647058823529,1.0,0.967741935483871
4317,34638,Trey Zeigler,Central Michigan,0.5454545454545454,0.2857142857142857,0.19318181818181818,0.7272727272727273
4318,34727,Julien Lewis,Texas,0.0,0.5806451612903226,0.36666666666666664,1.0
4319,34859,Zach Chionuma,Boston University,0.0,0.25,0.2,0.8888888888888888
4320,34874,Joey De La Rosa,FIU,1.0,1.0,0.5,0.0
4321,34878,Kevin Ware,Louisville,0.0,0.14285714285714285,0.0,0.0
4322,34882,Dantiel Daniels,Southern Illinois,0.75,0.6037735849056604,0.26666666666666666,0.0
4323,34933,Alex Carr,Louisiana Tech,0.0,0.0,0.0,1.0
4324,35044,Shaun Noriega,South Florida,0.0,0.0,0.6666666666666666,0.9565217391304348
4325,35114,Octavius Ellis,Cincinnati,1.0,1.0,1.0,0.0
4326,35139,Moses Morgan,DePaul,0.0,0.3333333333333333,0.4444444444444444,0.9259259259259259
4327,35188,T.J. Taylor,UC Santa Barbara,0.0,0.5,0.5,0.8333333333333334
4328,35194,Wendell Lewis,Mississippi St.,0.8421052631578947,0.7111111111111111,0.2,0.0
4329,35207,Jared Bryant,Chattanooga,1.0,0.7391304347826086,0.6666666666666666,0.0
4330,35248,Keith Hornsby,UNC Asheville,0.0,0.4375,0.6,0.8888888888888888
4331,35249,Juan'ya Green,Niagara,0.0,0.3333333333333333,0.15384615384615385,0.7213114754098361
4332,35263,Adonis Burbage,Central Connecticut,0.0,0.375,0.5,1.0
4333,35316,Sean Billerman,Army,0.0,0.0,0.0,0.0
4334,35330,Keith Davis,Texas A&M,0.5,0.3333333333333333,0.3333333333333333,0.0
4335,35343,J.T. Adenrele,UC Davis,1.0,0.6851851851851852,1.0,0.0
4336,35348,Johnny Zuppardo,Arkansas St.,0.0,0.16666666666666666,1.0,0.0
4337,35388,Lyonell Gaines,IU Indy,1.0,0.5862068965517241,0.6666666666666666,0.0
4338,35419,Terrel de Rouen,New Mexico St.,0.0,0.5,0.0,0.0
4339,35438,Tyler Adams,Georgetown,0.0,0.0,0.0,0.0
4340,35462,Lotanna Nwogbo,Tulane,1.0,0.7777777777777778,0.8333333333333334,0.0
4341,35615,Ameen Tanksley,Niagara,0.0,0.40476190476190477,0.35294117647058826,0.9210526315789473
4342,35675,Jalen Jones,SMU,1.0,0.5476190476190477,0.3,0.8888888888888888
4343,35815,Nick Shepherd,Long Beach St.,1.0,0.6666666666666666,0.25,0.0
4344,35856,Anthony D'Orazio,Lehigh,0.0,0.125,0.25,0.9285714285714286
4345,35861,Teddy Okereafor,VCU,0.0,0.0,0.0,0.0
4346,35862,TaShawn Thomas,Houston,0.75,0.43820224719101125,0.37209302325581395,0.0
4347,35870,Matt Lopez,La Salle,0.0,0.3333333333333333,0.0,0.0
4348,35914,Trent Mackey,Louisiana Monroe,0.0,1.0,0.5833333333333334,0.8717948717948718
4349,35927,Theodore Boyomo,Howard,0.0,0.5,0.0,0.0
4350,35958,E. Victor Nickerson,Charlotte,1.0,0.25,0.2857142857142857,0.6666666666666666
4351,35977,Godwin Okonji,Loyola Marymount,0.9333333333333333,0.6190476190476191,0.0,0.0
4352,36027,Amere May,Delaware St.,1.0,0.45,0.15,0.8571428571428571
4353,36071,Jeff Short,Fordham,0.0,0.0,0.0,0.8571428571428571
4354,36078,Anthony Johnson,Purdue,0.0,0.3333333333333333,0.2222222222222222,0.9285714285714286
4355,36165,Aron Nwankwo,Pittsburgh,0.0,0.0,0.0,0.0
4356,36250,Quincy Taylor,UAB,0.0,0.0,0.07692307692307693,0.7777777777777778
4357,36587,Nate Maxey,Texas A&M Corpus Chris,0.8695652173913043,0.7105263157894737,0.4,0.0
4358,36602,Josh Ritchart,UC Davis,1.0,0.6296296296296297,0.38461538461538464,0.8235294117647058
4359,36684,Ryan Majerle,Toledo,0.0,1.0,1.0,1.0
4360,36794,Ryan Bass,Oakland,0.5,0.16,0.23684210526315788,0.5
4361,36847,Brandon Ford,Howard,0.0,0.3157894736842105,0.16666666666666666,1.0
4362,36941,Jonathan Arledge,George Mason,0.8,0.5384615384615384,0.6428571428571429,1.0
4363,36960,Wayne Sparrow,Richmond,0.5,0.4444444444444444,0.5,1.0
4364,36982,Marco Banegas-Flores,Northeastern,0.0,0.42857142857142855,0.0,0.0
4365,37017,Joe Coleman,Minnesota,0.6666666666666666,0.5636363636363636,0.7692307692307693,1.0
4366,37037,Eric McClellan,Tulsa,0.3333333333333333,0.05,0.0,0.7777777777777778
4367,37064,Shonn Miller,Cornell,0.8181818181818182,0.6326530612244898,0.5217391304347826,0.9473684210526315
4368,37078,Shayok Shayok,Bradley,0.0,0.3157894736842105,0.35,1.0
4369,37087,Jon Horford,Michigan,1.0,0.75,0.0,0.0
4370,37110,Terry Whisnant,Florida St.,0.3333333333333333,0.3333333333333333,0.0,0.8181818181818182
4371,37166,Achraf Yacoubou,Villanova,0.0,0.4,0.0,1.0
4372,37171,Deuce Bello,Baylor,0.6666666666666666,0.5217391304347826,0.2,1.0
4373,37175,Ugo Okam,Harvard,0.0,0.0,0.0,0.0
4374,37203,Jonathan Holton,Rhode Island,0.7391304347826086,0.40217391304347827,0.38461538461538464,1.0
4375,37219,Cody Doolin,San Francisco,0.0,0.15384615384615385,0.18181818181818182,0.8604651162790697
4376,37235,James Johnson,Virginia,0.0,0.0,0.0,0.0
4377,37257,Jerome Hunter,Alabama A&M,0.6666666666666666,0.5185185185185185,0.46153846153846156,0.0
4378,37281,Richaud Pack,FIU,0.0,0.3333333333333333,0.0,0.0
4379,37283,Jacob Lawson,Purdue,0.5,0.625,0.5652173913043478,0.0
4380,37396,Lachlan Prest,Nicholls St.,1.0,0.6666666666666666,1.0,0.7777777777777778
4381,37439,Angelo Chol,Arizona,1.0,0.52,0.7333333333333333,0.0
4382,37463,J.J. Thompson,Houston,0.0,0.13636363636363635,0.1111111111111111,0.625
4383,37604,Jeremiah Davis,Cincinnati,0.0,0.3333333333333333,0.2,0.8333333333333334
4384,37613,Devin Booker,Clemson,0.8260869565217391,0.75,0.46153846153846156,1.0
4385,37653,Alex Gavrilovic,Dayton,1.0,0.6585365853658537,0.625,1.0
4386,37670,Freddie Wilson,Seton Hall,0.0,0.0,0.0,0.8888888888888888
4387,37674,Enoch Hood,James Madison,0.7619047619047619,0.6666666666666666,0.56,0.0
4388,37821,Dwight Smith,Colorado St.,0.7142857142857143,0.6875,0.2857142857142857,0.5714285714285714
4389,37827,Paul Jesperson,Virginia,1.0,0.6666666666666666,0.5,1.0
4390,37931,Jeremiah Kreisberg,Yale,0.6666666666666666,0.6136363636363636,0.6153846153846154,0.0
4391,37973,Jake White,Wichita St.,0.0,0.5714285714285714,0.2,1.0
4392,38006,Tommy Williams,Delaware,0.0,0.0,0.0,0.0
4393,38009,DaVonté Lacy,Washington St.,0.4444444444444444,0.4482758620689655,0.5,0.9473684210526315
4394,38057,Julian DeBose,Rice,1.0,0.6,0.4117647058823529,1.0
4395,38097,Andy Smeathers,Butler,1.0,1.0,0.0,0.8571428571428571
4396,38244,Robert Sampson,East Carolina,0.8888888888888888,0.6666666666666666,0.8571428571428571,0.9545454545454546
4397,38284,Demarco Cox,Mississippi,0.875,0.6578947368421053,0.6,0.0
4398,38413,Trevor Lacey,Alabama,0.0,0.36363636363636365,0.06666666666666667,0.7419354838709677
4399,38440,Van Green,Columbia,0.0,0.14285714285714285,0.0,0.8
4400,38500,Chad Lang,Belmont,0.0,1.0,0.8333333333333334,0.0
4401,38559,Sheldon McClellan,Texas,0.5555555555555556,0.42,0.2727272727272727,0.9714285714285714
4402,38588,Nimrod Hilliard IV,South Dakota,0.0,0.2727272727272727,0.0,1.0
4403,38917,James Bourne,Winthrop,0.0,0.6190476190476191,0.375,0.0
4404,39301,Yemi Makanjuola,Tennessee,0.0,0.5238095238095238,1.0,0.0
4405,39403,James White,Little Rock,1.0,1.0,0.0,0.0
4406,39468,Anton Grady,Cleveland St.,1.0,0.5857142857142857,0.42857142857142855,1.0
4407,39548,Aaron Cosby,Seton Hall,1.0,0.35714285714285715,0.3333333333333333,0.9696969696969697
4408,39645,Leron Barnes,Houston,0.0,0.0,0.0,1.0
4409,39870,Four McGlynn,Vermont,0.0,0.2857142857142857,0.2903225806451613,0.8529411764705882
4410,40138,Demetrius Pollard,Northeastern,0.0,0.0,0.0,1.0
4411,40207,Jordan Gathers,St. Bonaventure,1.0,0.5714285714285714,0.0,1.0
4412,40566,Joshea Singleton,Bucknell,0.0,0.23076923076923078,0.5,1.0
4413,41081,Trey Lewis,Penn St.,0.0,0.09090909090909091,0.25,0.76
4414,41108,Lonnie Jackson,Boston College,0.0,0.8,0.14285714285714285,0.8421052631578947
4415,41780,Nick Jacobs,Alabama,0.8888888888888888,0.6382978723404256,0.7297297297297297,0.0
4416,41984,Jarelle Reischel,Rice,1.0,0.71875,0.6,1.0
4417,41987,Dylan Ennis,Rice,0.0,0.1794871794871795,0.16666666666666666,0.7586206896551724
4418,42134,Kc Caudill,Boston College,0.0,0.6666666666666666,0.2727272727272727,0.0
4419,42518,Mike Thorne,Charlotte,0.0,0.0,0.0,0.0
4420,42744,Jake Kocher,Texas A&M Corpus Chris,0.0,0.25,0.2,0.9444444444444444
4421,42783,Shane Rillieux,Nicholls St.,0.0,0.11764705882352941,0.13333333333333333,0.875
4422,43256,Grandy Glaze,Saint Louis,0.0,1.0,0.0,0.0
4423,43279,Adam Smith,UNC Wilmington,1.0,0.4411764705882353,0.2909090909090909,0.5964912280701754
4424,43321,Angel Nunez,Louisville,0.0,1.0,0.0,0.8333333333333334
4425,43504,Austin Allen,Arkansas Pine Bluff,1.0,0.8461538461538461,0.3333333333333333,0.0
4426,43551,Donivine Stewart,Bradley,0.0,0.5,0.0,0.0
4427,43751,Denton Koon,Princeton,0.625,0.5423728813559322,0.3333333333333333,1.0
4428,43873,Omari Grier,Florida Atlantic,0.0,0.2,0.16666666666666666,0.9411764705882353
4429,43960,Galal Cancer,Cornell,0.0,0.0975609756097561,0.15384615384615385,0.8
4430,44764,Prince Okoroh,Howard,0.5714285714285714,0.3050847457627119,0.631578947368421,1.0
4431,44843,Jonathan Davis,George Washington,0.0,0.5,0.0,0.0
4432,48833,Luka Radovic,South Carolina St.,1.0,0.4482758620689655,0.6875,1.0
4433,49699,Kevin Burwell,Mississippi Valley St.,1.0,0.1956521739130435,0.18181818181818182,0.851063829787234
4434,49777,Barry Honoré,Oklahoma,0.0,0.3333333333333333,0.5,0.0
4435,49911,Malik Cooke,South Carolina,0.0,0.3142857142857143,0.20634920634920634,0.896551724137931
4436,49985,Jamar Briscoe,Charlotte,0.0,0.29411764705882354,0.2727272727272727,0.7941176470588235
4437,50021,Gaby Belardo,Canisius,0.0,0.35135135135135137,0.22580645161290322,0.8260869565217391
4438,50025,Mike Ladd,Washington St.,0.5,0.5384615384615384,0.42857142857142855,0.8333333333333334
4439,50056,Christian Wolf,Milwaukee,0.0,0.6666666666666666,1.0,0.0
4440,50059,Trey McKinney Jones,Miami FL,0.7,0.7083333333333334,0.3181818181818182,0.75
4441,50085,Adam Eakles,Pacific,1.0,1.0,1.0,0.0
4442,50116,D.J. Spain,Georgia Tech,0.0,0.0,0.0,0.0
4443,50120,Mitchell Farr,Coppin St.,0.0,0.0,0.0,0.0
4444,50121,Andy Rosburg,Missouri,0.0,1.0,0.0,0.0
4445,50139,Devante Wallace,High Point,0.0,0.14285714285714285,0.26666666666666666,0.7222222222222222
4446,52487,Jordan Harks,Central Arkansas,1.0,0.6666666666666666,0.5238095238095238,0.0
4447,52488,Jon Dillard,Maryland,0.0,0.0,0.0,0.0
4448,52489,Tate Unruh,Northern Colorado,0.0,0.7368421052631579,0.38095238095238093,0.8771929824561403
4449,52490,Chris Collins,Cal St. Fullerton,0.0,0.0,1.0,0.0
4450,52501,Michael Porter,Southeast Missouri St.,0.4,0.575,0.6666666666666666,1.0
4451,52504,Wayne Martin,UCF,0.0,0.0,0.0,0.0
4452,52507,Mike Brown,Weber St.,0.0,0.0,0.0,1.0
