,pid,player,team,dunkasst,rimasst,midasst,3Passt
0,4469,Andrey Semenov,James Madison,1.0,0.10714285714285714,0.2,0.9361702127659575
1,4643,Ian Markolf,Incarnate Word,0.75,0.6,0.5,0.0
2,5811,Zach Saylor,Central Michigan,0.0,0.2,0.0,0.0
3,9283,Chris Otule,Marquette,0.9,0.574468085106383,0.8333333333333334,0.0
4,10261,Fred Gulley III,Arkansas,0.0,0.1111111111111111,0.4,0.9473684210526315
5,10282,Ben Mockford,St. Francis NY,0.0,0.15384615384615385,0.3333333333333333,0.7619047619047619
6,10379,Mike Felt,North Dakota St.,0.0,1.0,0.8333333333333334,0.9333333333333333
7,10395,Montez Blair,Cornell,0.0,0.0,0.0,0.0
8,10438,Reggie Groves,North Carolina Central,0.0,0.2,0.4,0.7333333333333333
9,10458,Raymone Andrews,Stetson,0.0,0.23809523809523808,0.23809523809523808,0.7941176470588235
10,10459,Candon Rusin,Vermont,0.0,0.65625,0.19047619047619047,0.8979591836734694
11,10525,Johnny Williams,George Mason,0.5,0.5294117647058824,0.45454545454545453,0.0
12,10567,Alzee Williams,North Texas,1.0,0.3181818181818182,0.125,1.0
13,10697,Nick Russell,SMU,0.6666666666666666,0.4782608695652174,0.23684210526315788,0.9411764705882353
14,10709,Tim Frazier,Penn St.,0.6666666666666666,0.22535211267605634,0.10294117647058823,0.48
15,10710,Bill Edwards,Miami OH,0.0,0.2,0.38461538461538464,0.9
16,10729,Brian Oliver,Seton Hall,0.0,0.2222222222222222,0.35714285714285715,0.9166666666666666
17,10785,Tyler Stone,Southeast Missouri St.,0.875,0.6116504854368932,0.6022727272727273,0.8695652173913043
18,10857,Will Felder,Miami OH,0.7647058823529411,0.625,0.5555555555555556,1.0
19,10860,Murphy Burnatowski,Colgate,0.5,0.28888888888888886,0.2682926829268293,0.8852459016393442
20,10905,Ryan Sypkens,UC Davis,0.0,0.14285714285714285,0.09090909090909091,0.8076923076923077
21,11021,Barrett Hunter,Tulsa,0.0,0.0,1.0,0.0
22,11134,Leslie McDonald,North Carolina,1.0,0.75,0.6190476190476191,0.9069767441860465
23,11144,Claybrin McMath,Bryant,0.0,0.6666666666666666,1.0,0.0
24,11150,Scooter Gillette,Fairleigh Dickinson,0.6666666666666666,0.4142857142857143,0.42857142857142855,0.0
25,11158,Nikola Cerina,Northwestern,1.0,0.6666666666666666,0.0,0.0
26,11337,Alex Osborne,Loyola Marymount,0.7857142857142857,0.5319148936170213,0.4230769230769231,0.0
27,11393,Dragan Sekelja,Florida Atlantic,0.75,0.45161290322580644,0.3333333333333333,0.0
28,11425,Justin Cobbs,California,0.0,0.1267605633802817,0.2926829268292683,0.71875
29,11441,Christian Salecich,SIU Edwardsville,1.0,0.45,0.1,0.8648648648648649
30,11482,Coron Williams,Wake Forest,0.0,0.26666666666666666,0.3870967741935484,0.9014084507042254
31,11552,Quincy Diggs,Akron,0.5,0.19607843137254902,0.09302325581395349,0.4423076923076923
32,11616,Chris Fouch,Drexel,0.0,0.2391304347826087,0.2647058823529412,0.8611111111111112
33,11662,Chris Harriel,UC Riverside,0.0,0.21428571428571427,0.0,0.8
34,11704,Ebuka Anyaorah,North Carolina Central,0.0,0.6,0.0,1.0
35,11768,Chris Dixon,UNC Wilmington,0.0,0.17647058823529413,0.12,0.5263157894736842
36,11774,Ja'Rob McCallum,IU Indy,0.0,0.08333333333333333,0.0,0.8571428571428571
37,11776,Karl Moton,UAB,0.0,0.0,0.0,1.0
38,11778,Ovie Soko,Duquesne,0.7837837837837838,0.5785123966942148,0.3333333333333333,0.8571428571428571
39,11821,Javan Mitchell,Southern,1.0,0.46153846153846156,0.47368421052631576,0.0
40,11831,Sam Prescott,Mount St. Mary's,1.0,0.2711864406779661,0.2727272727272727,0.8
41,11989,Brett Roseboro,UMBC,1.0,0.625,0.45454545454545453,1.0
42,11990,Marquise Simmons,St. Bonaventure,1.0,0.6363636363636364,0.9090909090909091,0.0
43,12006,Chad White,South Dakota St.,0.0,0.35294117647058826,0.375,0.9074074074074074
44,12024,Chris Eversley,Cal Poly,0.7,0.4482758620689655,0.38095238095238093,0.95
45,12045,Ethan Wragge,Creighton,0.0,0.0,1.0,0.9545454545454546
46,12069,Daylen Harrison,Eastern Michigan,0.0,0.5238095238095238,0.5151515151515151,1.0
47,12086,Carl Baptiste,Delaware,0.9,0.5046728971962616,0.4444444444444444,0.0
48,12146,Dan Jennings,Long Beach St.,0.8695652173913043,0.5609756097560976,0.46808510638297873,0.0
49,12166,Aaron Clayborn,Texas Southern,0.875,0.6086956521739131,1.0,0.0
50,12170,Christian Standhardinger,Hawaii,1.0,0.42592592592592593,0.4946236559139785,1.0
51,12212,Tomas Bruha,Tulane,1.0,0.71875,0.3333333333333333,0.0
52,12241,Ledrick Eackles,McNeese St.,0.0,0.20833333333333334,0.20689655172413793,0.6
53,12279,Willis Hall,Charleston,1.0,0.3582089552238806,0.3142857142857143,0.8604651162790697
54,12293,Duke Mondy,Oakland,0.0,0.15384615384615385,0.32142857142857145,0.6071428571428571
55,12301,Torin Walker,Middle Tennessee,0.0,0.0,1.0,0.0
56,12365,Aaron Geramipoor,Seton Hall,1.0,0.6923076923076923,1.0,0.0
57,12422,Malik Thomas,Boston University,0.6666666666666666,0.2708333333333333,0.5882352941176471,1.0
58,12425,Aaric Murray,Texas Southern,0.8636363636363636,0.6564885496183206,0.5909090909090909,0.8666666666666667
59,12653,Brian Fitzpatrick,Bucknell,1.0,0.475,0.5172413793103449,0.6
60,12706,Jeronne Maymon,Tennessee,1.0,0.6074766355140186,0.5714285714285714,0.0
61,12719,Chris Pelcher,New Hampshire,0.5714285714285714,0.5862068965517241,0.55,0.0
62,12736,Antwan Burrus,Liberty,0.625,0.46078431372549017,0.6041666666666666,1.0
63,12769,Zach Bohannon,Wisconsin,0.0,1.0,1.0,1.0
64,12830,George Beamon,Manhattan,0.3333333333333333,0.43209876543209874,0.3888888888888889,0.9433962264150944
65,12877,Lawrence Johnson-Danner,Texas Southern,0.0,0.3333333333333333,0.42857142857142855,0.8627450980392157
66,12956,Rayner Moquete,Binghamton,0.0,0.2,0.0,0.96
67,12966,Fahro Alihodzic,UAB,1.0,0.5892857142857143,0.6875,0.0
68,12999,Laquentin Miles,Central Arkansas,0.4666666666666667,0.375,0.17142857142857143,0.6363636363636364
69,13000,Lucas Nutt,Southeast Missouri St.,0.0,0.12121212121212122,0.0,0.6
70,13015,Jordan Swing,UAB,0.75,0.5,0.0,0.9411764705882353
71,13022,David Brown,Western Michigan,0.0,0.22784810126582278,0.0,0.7051282051282052
72,13127,Shawn Glover,Oral Roberts,0.7,0.6885245901639344,0.3735632183908046,0.7916666666666666
73,13128,Bobby Capobianco,Valparaiso,0.5,0.6285714285714286,0.3333333333333333,1.0
74,13164,Connor Osborne,Northern Colorado,0.8333333333333334,0.5925925925925926,0.4444444444444444,0.0
75,13264,Chaz Williams,Massachusetts,0.0,0.21333333333333335,0.0,0.5185185185185185
76,13304,Halil Kanacevic,Saint Joseph's,0.8823529411764706,0.43478260869565216,0.25,0.9444444444444444
77,13352,Bryce Clark,Southern,0.0,0.5333333333333333,0.4,1.0
78,13356,Kendrick Washington,Arkansas St.,0.0,0.5168539325842697,0.5384615384615384,0.8
79,13357,Kirk Van Slyke,Arkansas St.,0.0,0.46153846153846156,0.425,1.0
80,13370,Kelsey Barlow,Illinois Chicago,0.2,0.10204081632653061,0.13333333333333333,0.3125
81,13389,Corey Stern,Texas St.,0.8,0.5454545454545454,0.6,0.0
82,13401,Mike Burwell,Towson,1.0,0.3090909090909091,0.1935483870967742,0.8666666666666667
83,13447,Desmar Jackson,Southern Illinois,0.53125,0.24509803921568626,0.1375,0.7272727272727273
84,13466,Demetrius Walker,Grand Canyon,0.0,0.25,0.23076923076923078,0.6
85,13471,Victor Rudd,South Florida,0.75,0.42528735632183906,0.5166666666666667,0.8484848484848485
86,13587,Sampson Carter,Massachusetts,0.6666666666666666,0.609375,0.4666666666666667,0.9428571428571428
87,13639,Stephan Van Treese,Louisville,1.0,0.5609756097560976,1.0,1.0
88,13640,Caden Dickerson,Western Kentucky,0.0,0.2,0.6538461538461539,0.8181818181818182
89,13654,Jon Hood,Kentucky,0.0,0.0,1.0,1.0
90,13692,Omari Lawrence,Kansas St.,0.0,0.43333333333333335,0.5,1.0
91,13696,Dee Geiger,Harvard,0.0,0.0,0.0,1.0
92,13727,Cadarian Raines,Virginia Tech,1.0,0.5,0.2777777777777778,0.0
93,13730,Manny Atkins,Georgia St.,0.7777777777777778,0.5,0.3333333333333333,0.9577464788732394
94,13743,Drew Crawford,Northwestern,0.42857142857142855,0.39285714285714285,0.3333333333333333,0.64
95,13786,Michael Dixon Jr.,Memphis,0.0,0.42105263157894735,0.1956521739130435,0.9183673469387755
96,13799,Marcus Ware,Niagara,1.0,0.36486486486486486,0.5294117647058824,0.0
97,13930,Jake Gollon,Mercer,1.0,0.5573770491803278,0.46153846153846156,1.0
98,13936,Cory Dixon,New Orleans,0.8666666666666667,0.5967741935483871,0.5151515151515151,0.0
99,13940,Perris Blackwell,Washington,1.0,0.6979166666666666,0.5714285714285714,0.0
100,13952,Angus Brandt,Oregon St.,0.7777777777777778,0.5753424657534246,0.6170212765957447,0.9444444444444444
101,13959,Kyle Richardson,Portland St.,0.8333333333333334,0.4473684210526316,0.6274509803921569,0.0
102,14037,Jaron Lane,UNC Asheville,0.8,0.4421052631578947,0.4,0.9117647058823529
103,14045,Ray Gallegos,Nebraska,1.0,0.4166666666666667,0.16666666666666666,0.9074074074074074
104,14047,Will Barrett,Princeton,0.0,0.2,0.0,1.0
105,14077,Luke Hancock,Louisville,0.6,0.36585365853658536,0.06666666666666667,0.8970588235294118
106,14078,Vertrail Vaughns,North Texas,0.0,0.07407407407407407,0.26666666666666666,0.5555555555555556
107,14125,Jimmy Sherburne,Princeton,0.0,0.3684210526315789,0.0,0.9166666666666666
108,14170,Lukas Poderis,East Tennessee St.,0.75,0.3125,0.25,0.0
109,14340,Raymond Taylor,FIU,0.0,0.0,0.0,0.5714285714285714
110,14355,Jeremy Smith,Nicholls St.,1.0,0.43243243243243246,0.2222222222222222,0.6666666666666666
111,14370,David Pellom,Memphis,0.6785714285714286,0.6851851851851852,0.0,0.0
112,14404,Gene Teague,Seton Hall,0.875,0.4574468085106383,0.32,0.0
113,14421,Da'Shonte Riley,Eastern Michigan,0.6666666666666666,0.4,0.4444444444444444,0.0
114,14436,Donnavan Kirk,Miami FL,0.5555555555555556,0.2972972972972973,0.37777777777777777,1.0
115,14437,Antoine Allen,South Alabama,1.0,0.18518518518518517,0.0,0.7777777777777778
116,14514,Glenn Bryant,Eastern Michigan,0.75,0.5555555555555556,0.475,1.0
117,14519,Julysses Nobles,Jackson St.,0.0,0.08695652173913043,0.14285714285714285,0.43243243243243246
118,14527,Grant Gibbs,Creighton,0.42857142857142855,0.275,0.13333333333333333,0.8947368421052632
119,14541,Taylor Dunn,La Salle,0.0,0.0,1.0,0.625
120,14561,Issiah Grayson,Cal St. Bakersfield,0.0,0.12280701754385964,0.023809523809523808,0.4788732394366197
121,14603,Miles Dixon,Wright St.,0.3333333333333333,0.2647058823529412,0.20512820512820512,0.9333333333333333
122,14656,Beau Levesque,Saint Mary's,0.5,0.3387096774193548,0.07142857142857142,0.9
123,14717,Matthew Hodgson,Saint Mary's,1.0,0.5526315789473685,0.2222222222222222,0.0
124,14760,Troy Snyder,Maryland Eastern Shore,0.6666666666666666,0.2857142857142857,0.48,0.8823529411764706
125,14763,Jordan Vandenberg,N.C. State,0.8648648648648649,0.7321428571428571,0.5,0.0
126,14773,Lucas Devenny,UC Riverside,1.0,0.7222222222222222,0.55,0.0
127,14890,Eddie Denard,Chicago St.,0.0,0.36065573770491804,0.2857142857142857,0.0
128,14910,Nolan Hart,Syracuse,0.0,0.0,0.0,0.0
129,14912,Ben Brust,Wisconsin,0.0,0.4857142857142857,0.04,0.875
130,14920,Eric Kindler,Saint Joseph's,0.0,0.0,0.0,0.0
131,14922,Chris Manhertz,Canisius,0.7692307692307693,0.4657534246575342,0.45454545454545453,0.0
132,14926,Clay Tormey,Davidson,0.0,0.0,0.0,0.0
133,14943,Rob Brandenberg,VCU,0.5714285714285714,0.28888888888888886,0.14285714285714285,0.9310344827586207
134,14945,Chris Evans,Sacred Heart,0.0,0.27586206896551724,0.3,1.0
135,14946,Rod Odom,Vanderbilt,1.0,0.21052631578947367,0.28125,0.8470588235294118
136,14947,Kyle Fuller,Vanderbilt,0.0,0.20634920634920634,0.058823529411764705,0.9130434782608695
137,14948,Bruce Ellington,South Carolina,0.0,0.0,0.0,1.0
138,14952,Eric Smith,Coastal Carolina,0.0,0.2,0.25,0.6
139,14955,Doug McDermott,Creighton,0.7777777777777778,0.6477987421383647,0.44,0.90625
140,14965,Isaac Smith,Maryland Eastern Shore,0.0,0.09523809523809523,0.2857142857142857,0.7777777777777778
141,14967,Jahenns Manigat,Creighton,0.0,0.15789473684210525,0.0,0.9833333333333333
142,14976,Jay Bowie,Marist,0.0,0.2702702702702703,0.5294117647058824,0.9393939393939394
143,14977,Adam Kemp,Marist,0.875,0.6206896551724138,0.4782608695652174,0.0
144,14979,Russ DeRemer,Syracuse,0.0,0.0,0.0,0.0
145,14980,C.J. Fair,Syracuse,0.5,0.4057971014492754,0.3387096774193548,0.7916666666666666
146,14985,Baye Moussa Keita,Syracuse,0.5,0.2727272727272727,0.0,0.0
147,14987,Terence Smith,Tennessee Martin,0.0,0.11538461538461539,0.13953488372093023,0.8305084745762712
148,14988,Keith McDougald,Jacksonville,0.0,0.1956521739130435,0.15384615384615385,0.8214285714285714
149,15004,Ryan Williams,Central Arkansas,0.0,0.2,0.0,0.5714285714285714
150,15006,Khyle Marshall,Butler,0.8043478260869565,0.536,0.3968253968253968,1.0
151,15007,Erik Fromm,Butler,0.7142857142857143,0.48484848484848486,0.5,1.0
152,15013,Kyle Kelm,Milwaukee,0.5555555555555556,0.5783132530120482,0.3137254901960784,1.0
153,15028,Jordan Latham,Loyola MD,0.8571428571428571,0.42,0.5161290322580645,0.0
154,15036,Eric McAlister,Stony Brook,0.7941176470588235,0.6923076923076923,0.4375,1.0
155,15046,Jaye Crockett,Texas Tech,0.625,0.4536082474226804,0.37735849056603776,0.9
156,15056,Steve Frankoski,Columbia,0.0,0.0,0.2857142857142857,0.8888888888888888
157,15068,Khalid Robinson,Fordham,0.0,0.0,0.0,0.0
158,15074,James Bell,Villanova,0.6875,0.45614035087719296,0.4117647058823529,0.8705882352941177
159,15086,Corey Raley-Ross,Buffalo,0.0,0.0,0.0,0.0
160,15088,Donte Williams,Georgia,0.6363636363636364,0.3877551020408163,0.7142857142857143,1.0
161,15111,Niko Roberts,Kansas,0.0,0.0,0.0,0.0
162,15112,Sebastian Koch,Elon,1.0,0.2692307692307692,0.2222222222222222,0.8307692307692308
163,15129,Dwayne Polee,San Diego St.,0.6428571428571429,0.3902439024390244,0.4166666666666667,0.9696969696969697
164,15133,Michael Green,Tennessee St.,1.0,1.0,1.0,1.0
165,15139,Patrick Miller,Tennessee St.,0.0,0.16842105263157894,0.16666666666666666,0.627906976744186
166,15142,Langston Galloway,Saint Joseph's,0.5833333333333334,0.35,0.19047619047619047,0.7777777777777778
167,15144,Daryus Quarles,Saint Joseph's,1.0,0.75,0.7,1.0
168,15145,Ronald Roberts,Saint Joseph's,0.765625,0.6241610738255033,0.36,0.0
169,15155,C.J. Wilcox,Washington,0.6363636363636364,0.44642857142857145,0.17647058823529413,0.7222222222222222
170,15217,Ralph Hill,Oakland,1.0,0.9090909090909091,0.5,1.0
171,15225,Andre' Hatchett,Idaho St.,1.0,0.35135135135135137,0.35185185185185186,0.8333333333333334
172,15238,Jamal Mitchell,UNC Greensboro,0.0,0.0,0.0,0.0
173,15259,Sam Mills,La Salle,0.0,0.4,0.3333333333333333,0.8627450980392157
174,15292,Tim Henderson,Louisville,0.0,0.25,0.5,0.8571428571428571
175,15301,Marcus Thornton,Georgia,0.7142857142857143,0.43283582089552236,0.43478260869565216,1.0
176,15307,Dom Morris,Boston University,1.0,0.696078431372549,0.4473684210526316,0.9090909090909091
177,15308,D.J. Irving,Boston University,0.0,0.21428571428571427,0.25,0.8305084745762712
178,15317,Daniel Munoz,USC,0.0,0.0,0.0,0.0
179,15321,Riley Maye,Norfolk St.,0.3333333333333333,0.7272727272727273,0.875,0.875
180,15343,Matt Milk,St. Francis NY,0.0,0.75,0.0,0.0
181,15355,Pablo Bertone,Florida Atlantic,0.0,0.2835820895522388,0.23170731707317074,0.8958333333333334
182,15356,Tanner Milson,UNC Wilmington,0.0,0.6666666666666666,0.0,0.8571428571428571
183,15357,Shane Reybold,UNC Wilmington,0.8571428571428571,0.5581395348837209,0.375,0.0
184,15360,Kammeon Holsey,Georgia Tech,0.75,0.4264705882352941,0.4827586206896552,0.0
185,15362,Mikhail McLean,Houston,1.0,0.7058823529411765,0.6666666666666666,0.0
186,15368,Rodney Glasgow,VMI,0.0,0.08888888888888889,0.0,0.5405405405405406
187,15373,Jarrod Polson,Kentucky,0.0,1.0,1.0,0.8888888888888888
188,15388,Chris Perez,New Mexico,0.0,0.0,0.0,0.0
189,15398,Xzaivier James,Northern Colorado,0.0,0.0,0.0,0.0
190,15423,Nori Johnson,Charleston,0.0,0.3333333333333333,0.0,0.9411764705882353
191,15436,Patrick Robinson,Northwestern St.,0.0,0.6428571428571429,0.0,1.0
192,15438,Tyler Wood,UTSA,0.0,0.4,1.0,1.0
193,15439,Jordan Sims,UTSA,0.0,0.2857142857142857,0.4,0.9014084507042254
194,15454,Gus Leeper,Little Rock,1.0,0.6,0.7142857142857143,0.0
195,15459,Lucas Eitel,Indiana St.,0.0,0.0,1.0,0.9473684210526315
196,15460,Jake Odum,Indiana St.,0.0,0.07142857142857142,0.18604651162790697,0.8
197,15465,Tony Criswell,Missouri,1.0,0.4444444444444444,0.3125,1.0
198,15481,Nathan Scheer,Missouri St.,0.0,0.3333333333333333,0.6666666666666666,1.0
199,15486,Walt Lemon Jr.,Bradley,0.13333333333333333,0.17699115044247787,0.10294117647058823,0.6896551724137931
200,15489,Dylon Cormier,Loyola MD,1.0,0.32989690721649484,0.3333333333333333,0.8823529411764706
201,15492,Justin Drummond,Toledo,0.7692307692307693,0.38202247191011235,0.4074074074074074,0.875
202,15546,Mikel Trapp,Bethune Cookman,0.0,0.24,0.125,0.7746478873239436
203,15550,Louis Montes,Sacred Heart,1.0,0.49230769230769234,0.35714285714285715,0.6571428571428571
204,15561,Carl Engstrom,Alabama,1.0,0.7857142857142857,1.0,0.0
205,15563,Shawn Jones,Middle Tennessee,0.7142857142857143,0.58,0.5,0.0
206,15566,D.J. Haley,USC,0.625,0.47058823529411764,0.42857142857142855,0.0
207,15571,Davante Gardner,Marquette,1.0,0.6304347826086957,0.6461538461538462,1.0
208,15595,T.J. Bray,Princeton,0.0,0.25609756097560976,0.0,0.8367346938775511
209,15598,Ben Hazel,Princeton,0.6666666666666666,0.5882352941176471,1.0,1.0
210,15604,Chase Fieler,Florida Gulf Coast,0.5652173913043478,0.48148148148148145,0.42592592592592593,1.0
211,15623,Reggie Lewis,Florida A&M,0.0,0.25,0.2727272727272727,0.8461538461538461
212,15626,P.J. Hubert,IU Indy,0.0,0.0,0.8,0.875
213,15627,Donovan Gibbs,IU Indy,0.5,0.3103448275862069,0.5555555555555556,1.0
214,15628,Mitchell Patton,IU Indy,1.0,0.5974025974025974,0.5079365079365079,0.0
215,15639,Pendarvis Williams,Norfolk St.,0.4,0.43478260869565216,0.24074074074074073,0.7450980392156863
216,15645,Brandon Goode,Norfolk St.,0.6333333333333333,0.5471698113207547,0.75,0.0
217,15646,Jordan Weathers,Norfolk St.,0.0,0.3333333333333333,0.0,0.0
218,15659,Alex Dragicevich,Boston College,0.0,0.5384615384615384,0.0,0.875
219,15665,Eric Atkins,Notre Dame,0.0,0.3018867924528302,0.2222222222222222,0.6885245901639344
220,15670,Jerry Evans Jr.,Nevada,0.25,0.3076923076923077,0.375,0.9545454545454546
221,15673,Blake Jenkins,Belmont,0.9,0.6704545454545454,0.375,0.8571428571428571
222,15675,Jeremiah Samarrippas,Tennessee Tech,0.0,0.0,0.14814814814814814,0.4642857142857143
223,15700,Justin Banks,Alabama A&M,0.8125,0.6818181818181818,0.8,0.0
224,15709,Troy Huff,North Dakota,0.4857142857142857,0.3089430894308943,0.21212121212121213,0.7804878048780488
225,15719,Devon Saddler,Delaware,0.5,0.1511627906976744,0.08771929824561403,0.5319148936170213
226,15723,Chase Plummer,UMBC,1.0,0.48936170212765956,0.5714285714285714,0.9583333333333334
227,15733,Daniel Jones,Oregon St.,0.0,0.0,0.0,0.0
228,15743,Alex Ogundadegbe,Binghamton,0.0,0.4375,0.4,0.0
229,15744,Robert Mansell,Binghamton,0.0,0.0,0.0,0.5
230,15751,Naofall Folahan,Wagner,1.0,0.5384615384615384,0.2857142857142857,0.0
231,15752,Gary Stewart,Northwestern St.,0.0,0.7272727272727273,0.4,0.875
232,15756,Orlando Parker,Wagner,1.0,0.6557377049180327,0.8823529411764706,0.0
233,15757,Latif Rivers,Wagner,0.0,0.23076923076923078,0.3181818181818182,0.7222222222222222
234,15758,Travis McKie,Wake Forest,0.8333333333333334,0.6923076923076923,0.38461538461538464,1.0
235,15759,Melvin Tabb,Kent St.,0.0,0.3,0.6666666666666666,0.0
236,15772,Brian Holmes,Georgia Southern,0.0,0.27586206896551724,0.14285714285714285,0.7209302325581395
237,15773,Charles McRoy,North Florida,0.75,0.40540540540540543,0.25,0.6875
238,15804,Stephen Madison,Idaho,0.5,0.323943661971831,0.1935483870967742,0.7435897435897436
239,15849,Tom Droney,Davidson,0.0,0.13793103448275862,0.125,0.896551724137931
240,15850,De'Mon Brooks,Davidson,0.6,0.4019607843137255,0.17543859649122806,0.9285714285714286
241,15852,Chris Czerapowicz,Davidson,1.0,0.4857142857142857,0.23076923076923078,0.9333333333333333
242,15860,Will Bond,Sam Houston St.,0.0,0.5,0.0,1.0
243,15869,Jordin Mayes,Arizona,0.0,0.2857142857142857,0.2,1.0
244,15873,Mackey McKnight,Lehigh,0.0,0.09210526315789473,0.07692307692307693,0.6
245,15883,C.J. Washington,UAB,0.7777777777777778,0.5060240963855421,0.4583333333333333,1.0
246,15892,Ray Lester,SIU Edwardsville,1.0,0.45652173913043476,0.5714285714285714,0.0
247,15896,Jordan Clarkson,Missouri,0.4,0.11864406779661017,0.0847457627118644,0.59375
248,15897,Tim Peete,Tulsa,0.2,0.37142857142857144,0.6,0.8823529411764706
249,15898,Dantrell Thomas,Nicholls St.,0.625,0.39361702127659576,0.16666666666666666,1.0
250,15904,Shane Southwell,Kansas St.,0.5,0.38235294117647056,0.5555555555555556,0.9473684210526315
251,15906,Josh Cleveland,UT Rio Grande Valley,0.7777777777777778,0.5555555555555556,0.5,0.0
252,15919,Terry Tidwell,Central Arkansas,0.0,0.5,0.0,0.0
253,15926,Les Smith,Lafayette,0.0,0.0,0.0,0.0
254,15967,Sean Armand,Iona,0.3333333333333333,0.3375,0.21428571428571427,0.84375
255,15968,Laurent Rivard,Harvard,0.0,0.625,0.2,0.9367088607594937
256,15972,Stephen Holt,Saint Mary's,0.5,0.05970149253731343,0.043478260869565216,0.7931034482758621
257,15978,Sandro Carissimo,Vermont,0.0,0.043478260869565216,0.05555555555555555,0.8571428571428571
258,15980,Brian Voelkel,Vermont,0.0,0.0,0.08,0.6666666666666666
259,15981,Clancy Rugg,Vermont,0.8181818181818182,0.5673076923076923,0.14285714285714285,1.0
260,16018,Pat Moore,Colgate,0.0,0.0,1.0,1.0
261,16027,Casey Prather,Florida,0.8,0.46153846153846156,0.3275862068965517,1.0
262,16030,Patric Young,Florida,0.7407407407407407,0.59,0.4647887323943662,0.0
263,16031,Will Yeguete,Florida,1.0,0.5952380952380952,0.2631578947368421,1.0
264,16032,Scottie Wilbekin,Florida,0.0,0.10344827586206896,0.045454545454545456,0.6865671641791045
265,16036,Melvin Ejim,Iowa St.,0.96,0.6811594202898551,0.631578947368421,0.9545454545454546
266,16037,Marvelle Harris,Campbell,0.8,0.45454545454545453,0.5714285714285714,0.0
267,16040,Anthony Horton,Incarnate Word,1.0,0.6,0.7045454545454546,0.9166666666666666
268,16041,Dwayne Evans,Saint Louis,0.5,0.6829268292682927,0.8,1.0
269,16049,Rob Loe,Saint Louis,0.9,0.75,0.7647058823529411,1.0
270,16063,Eric Moreland,Oregon St.,0.6666666666666666,0.5294117647058824,0.5714285714285714,1.0
271,16077,Dennis Kramer,San Diego,0.8823529411764706,0.5492957746478874,0.4098360655737705,0.8947368421052632
272,16092,Joseph Bertrand,Illinois,0.6666666666666666,0.26,0.14285714285714285,0.85
273,16111,Jack Isenbarger,Elon,0.0,0.2727272727272727,0.21428571428571427,0.8
274,16117,Alandise Harris,Arkansas,0.5,0.38666666666666666,0.2727272727272727,1.0
275,16127,Chris Udofia,Denver,0.6785714285714286,0.5925925925925926,0.5,1.0
276,16139,Jyles Smith,Savannah St.,0.8285714285714286,0.6707317073170732,0.625,0.0
277,16147,Edwind McGhee,DePaul,0.0,0.0,0.0,1.0
278,16148,Nick Cook,Jacksonville St.,0.75,0.5384615384615384,0.3333333333333333,0.0
279,16151,Brian Williams,Jacksonville St.,0.5,0.22,0.03125,0.8636363636363636
280,16160,Kevin Noreen,West Virginia,0.0,0.631578947368421,1.0,1.0
281,16168,Matt Vest,Wright St.,0.6,0.5416666666666666,0.4444444444444444,0.9666666666666667
282,16170,Cole Darling,Wright St.,0.6666666666666666,0.6764705882352942,0.5172413793103449,1.0
283,16176,Alex Tiffin,Sacramento St.,0.0,0.5769230769230769,0.7272727272727273,0.0
284,16197,Brandon Young,DePaul,0.5,0.2765957446808511,0.09090909090909091,0.6206896551724138
285,16199,Cleveland Melvin,DePaul,0.8,0.48148148148148145,0.38235294117647056,0.9696969696969697
286,16203,Tyler Lamb,Long Beach St.,0.0,0.4838709677419355,0.1875,0.875
287,16216,Jeremy Ingram,North Carolina Central,1.0,0.42592592592592593,0.21428571428571427,0.8923076923076924
288,16220,Julian Norfleet,Mount St. Mary's,0.0,0.019230769230769232,0.0,0.5178571428571429
289,16223,Ryan Nicholas,Portland,1.0,0.4716981132075472,0.5942028985507246,1.0
290,16224,Korey Thieleke,Portland,0.8333333333333334,0.5882352941176471,1.0,1.0
291,16226,Riley Barker,Portland,0.8181818181818182,0.5769230769230769,0.35714285714285715,1.0
292,16230,Tanner Riley,Portland,0.0,0.0,0.8,1.0
293,16244,Khalil Kelley,Pacific,1.0,0.6046511627906976,0.5789473684210527,0.0
294,16254,Jesse Pritchard,Yale,0.0,1.0,1.0,0.9090909090909091
295,16256,Isaiah Salafia,Yale,0.0,0.0,0.0,0.8888888888888888
296,16292,Stacey Poole Jr.,Georgia Tech,0.0,0.46153846153846156,0.3333333333333333,1.0
297,16328,Chris Denson,Auburn,0.42857142857142855,0.3050847457627119,0.14893617021276595,1.0
298,16330,Trevor Gruis,South Dakota,0.5714285714285714,0.609375,0.3958333333333333,0.0
299,16332,Griffin McKenzie,Denver,0.0,1.0,1.0,1.0
300,16333,Jay Canty,Appalachian St.,0.3333333333333333,0.11538461538461539,0.1,0.75
301,16345,Nate Lubick,Georgetown,1.0,0.8448275862068966,0.7692307692307693,0.0
302,16352,Chris McNealy,UC Irvine,0.25,0.28205128205128205,0.42857142857142855,0.9459459459459459
303,16359,Alex Francis,Bryant,0.75,0.5787037037037037,0.7142857142857143,0.0
304,16362,Andre Winston,Portland St.,0.5,0.42857142857142855,0.21052631578947367,0.8571428571428571
305,16366,Will DiIorio,Washington St.,0.0,0.4,1.0,1.0
306,16383,Jordan Lawson,Delaware St.,0.0,0.6666666666666666,1.0,0.0
307,16401,Bo Barnes,Arizona St.,0.0,0.7272727272727273,0.25,0.9047619047619048
308,16407,Jordan Coleman,Valparaiso,0.6363636363636364,0.34782608695652173,0.14285714285714285,1.0
309,16409,Jordan Prosser,Bradley,1.0,0.5833333333333334,0.55,0.0
310,16453,Cameron Ayers,Bucknell,0.0,0.24444444444444444,0.30434782608695654,0.7704918032786885
311,16456,Ted Bancroft,Providence,0.0,0.0,1.0,1.0
312,16476,Kevin Olekaibe,UNLV,0.8,0.7391304347826086,0.4,0.9
313,16479,Tyler Johnson,Fresno St.,0.15384615384615385,0.15625,0.14754098360655737,0.8421052631578947
314,16485,John Ryan,UC Irvine,0.875,0.7142857142857143,0.5882352941176471,0.0
315,16490,David Stockton,Gonzaga,0.0,0.1206896551724138,0.17647058823529413,0.8125
316,16501,Evan Kelley,Sacred Heart,0.3333333333333333,0.3258426966292135,0.2222222222222222,0.42857142857142855
317,16505,Joshua Smith,Georgetown,1.0,0.6862745098039216,0.25,0.0
318,16516,Chip Rank,Northern Iowa,0.0,0.2857142857142857,0.16666666666666666,1.0
319,16517,Trey Sumler,Western Carolina,0.0,0.2857142857142857,0.23529411764705882,0.5192307692307693
320,16555,Travis Bader,Oakland,0.0,0.45454545454545453,0.35,0.9411764705882353
321,16559,Kendall Williams,New Mexico,0.6363636363636364,0.3548387096774194,0.07692307692307693,0.6349206349206349
322,16566,Kregg Jones,Cal St. Bakersfield,1.0,0.6,0.75,0.0
323,16572,Javonte Maynor,Cal St. Bakersfield,0.0,0.5,0.8,0.9444444444444444
324,16577,Rashaad Richardson,Georgia St.,0.0,0.5,0.0,1.0
325,16578,Kareem Jamar,Montana,0.0,0.16417910447761194,0.25,0.5238095238095238
326,16592,Kadeem Batts,Providence,0.8571428571428571,0.5555555555555556,0.8571428571428571,0.6
327,16598,Tom Knight,Notre Dame,0.8571428571428571,0.59375,0.75,0.0
328,16602,Scott Eatherton,Northeastern,0.5,0.41496598639455784,0.16666666666666666,0.8666666666666667
329,16626,Luke Apfeld,Vermont,1.0,0.5,0.7435897435897436,1.0
330,16629,Brayden Carlson,South Dakota St.,0.0,0.25,0.23076923076923078,0.7872340425531915
331,16632,Matt Morrison,Northern Iowa,0.0,0.3333333333333333,0.0,1.0
332,16633,Aaron Bowen,Georgetown,0.42857142857142855,0.4583333333333333,0.4117647058823529,0.9230769230769231
333,16634,John Caprio,Georgetown,0.0,0.8,1.0,0.0
334,16635,Ricardo Glenn,USC Upstate,1.0,0.6742424242424242,0.38095238095238093,0.0
335,16636,Markel Starks,Georgetown,0.0,0.3142857142857143,0.1864406779661017,0.5964912280701754
336,16649,Marvin Baynham,Georgia Southern,0.8,0.43478260869565216,0.2857142857142857,0.0
337,16650,Drew Windler,Belmont,0.6666666666666666,0.38095238095238093,0.6190476190476191,0.935064935064935
338,16655,Oren Faulk,Hartford,0.75,0.5116279069767442,0.4444444444444444,0.0
339,16656,Jordan McRae,Tennessee,0.5,0.3707865168539326,0.18,0.7662337662337663
340,16663,Brian Hornstein,Florida Atlantic,0.0,0.0,0.0,0.0
341,16666,Keith Appling,Michigan St.,0.5555555555555556,0.23076923076923078,0.05,0.8235294117647058
342,16667,Monty Brown,Mercer,1.0,0.7105263157894737,0.6,0.0
343,16669,Daniel Coursey,Mercer,0.8857142857142857,0.7978723404255319,0.425531914893617,0.0
344,16670,Tyler Melville,Dartmouth,0.0,0.0967741935483871,0.13333333333333333,0.9259259259259259
345,16684,Anthony Brown,Stanford,0.5555555555555556,0.40384615384615385,0.10810810810810811,0.8867924528301887
346,16755,Bryce Cotton,Providence,0.5555555555555556,0.2391304347826087,0.11475409836065574,0.7012987012987013
347,16756,Lee Goldsbrough,Providence,0.0,1.0,0.0,0.0
348,16760,Ethan Jacobs,Colgate,0.9090909090909091,0.5098039215686274,0.42857142857142855,0.8571428571428571
349,16761,Ricardo Johnson,Ohio,1.0,0.38461538461538464,0.125,0.8
350,16762,T.J. Hall,Ohio,1.0,0.37777777777777777,0.0,0.8333333333333334
351,16763,Nick Kellogg,Ohio,0.0,0.2911392405063291,0.3103448275862069,0.8072289156626506
352,16765,Dre Evans,Southeastern Louisiana,0.0,0.2,0.22727272727272727,0.62
353,16782,Tyreek Duren,La Salle,0.0,0.27419354838709675,0.25925925925925924,0.8275862068965517
354,16783,Juvonte Reddic,VCU,0.6904761904761905,0.5081967213114754,0.8,1.0
355,16784,Jeremy Underwood,North Carolina A&T,0.0,0.09090909090909091,0.14285714285714285,0.6
356,16790,Nino Williams,Kansas St.,1.0,0.6808510638297872,0.8666666666666667,0.0
357,16799,Tawaski King,Western Carolina,1.0,0.5636363636363636,0.38235294117647056,0.0
358,16806,Johnathan Loyd,Oregon,0.0,0.2,0.2,0.8888888888888888
359,16809,Nicholas Lucenti,Oregon,0.0,0.0,0.0,0.0
360,16825,Adreian Payne,Michigan St.,0.6578947368421053,0.5405405405405406,0.4666666666666667,0.9772727272727273
361,16834,Chris Bond,Ball St.,0.5,0.39285714285714285,0.13333333333333333,0.9473684210526315
362,16841,Steven Cruz,Siena,0.0,0.0,0.0,0.0
363,16851,Barry Smith,Bethune Cookman,0.6,0.3125,0.4,0.0
364,16854,John Bohannon,UTEP,0.9285714285714286,0.5119047619047619,0.6521739130434783,1.0
365,16881,Thurgood Wynn,Navy,0.0,0.3125,0.0,1.0
366,16884,Anton Larsen,Old Dominion,0.0,1.0,0.6666666666666666,0.0
367,16886,James Loupos,Navy,0.0,0.6470588235294118,1.0,0.0
368,16925,Chris Crawford,Memphis,0.5,0.35294117647058826,0.3333333333333333,0.958904109589041
369,16937,Antonio Barton,Tennessee,0.0,0.11538461538461539,0.06666666666666667,0.8085106382978723
370,16938,Joe Jackson,Memphis,0.6666666666666666,0.24719101123595505,0.275,0.8695652173913043
371,16963,Langston Hall,Mercer,0.0,0.2777777777777778,0.06382978723404255,0.625
372,16969,Kyle Tresnak,Weber St.,0.84,0.6708860759493671,0.3269230769230769,0.0
373,16970,Jordan Richardson,Weber St.,0.0,0.6666666666666666,0.3333333333333333,0.8775510204081632
374,16985,Eric Hutchison,Montana,1.0,0.6923076923076923,0.5714285714285714,0.0
375,16991,Jack Detmer,Lafayette,0.0,0.0,0.0,0.0
376,16996,Robbie Lemons,Stanford,0.0,0.4444444444444444,0.0,1.0
377,17000,Will Triggs,Austin Peay,0.5384615384615384,0.5476190476190477,0.5161290322580645,0.0
378,17015,Cameron Black,Bowling Green,0.8,0.5692307692307692,0.358974358974359,0.0
379,17022,Anthony Ireland,Loyola Marymount,0.0,0.2698412698412698,0.04878048780487805,0.4358974358974359
380,17023,Ayodeji Egbeyemi,Loyola Marymount,0.6,0.38461538461538464,0.125,0.5
381,17040,Justin Black,Morgan St.,0.3181818181818182,0.1968503937007874,0.14285714285714285,0.6666666666666666
382,17046,Terone Johnson,Purdue,0.0,0.3157894736842105,0.2558139534883721,0.972972972972973
383,17047,Travis Carroll,Purdue,0.0,0.42857142857142855,0.7142857142857143,1.0
384,17054,Joey Asbury,Oakland,0.0,0.8,1.0,1.0
385,17065,Shemiye McLendon,South Florida,0.0,0.15384615384615385,0.5,0.0
386,17073,Josh Herbeck,Army,0.0,0.6,0.6,0.9761904761904762
387,17095,Allen Payne,Auburn,0.3333333333333333,0.46153846153846156,0.7142857142857143,1.0
388,17104,Derek Jackson,Kent St.,0.0,0.2916666666666667,0.05555555555555555,0.8
389,17107,Colin Voss,North Texas,0.0,0.5416666666666666,0.5423728813559322,0.0
390,17113,Rico Sanders,Jacksonville St.,0.0,0.5,0.2,0.8888888888888888
391,17117,Holton Hunsaker,Utah Valley,0.0,0.05555555555555555,0.21875,0.6885245901639344
392,17123,Justin Jackson,Cincinnati,0.75,0.5126050420168067,0.34146341463414637,0.0
393,17124,Crandall Head,SMU,0.0,0.8333333333333334,0.0,0.6666666666666666
394,17129,Luke Devlin,Albany,0.0,0.8181818181818182,1.0,0.0
395,17132,John Caleb Sanders,Liberty,0.0,0.13559322033898305,0.07142857142857142,0.8918918918918919
396,17139,Marcel Mosley,Arkansas Pine Bluff,0.0,0.12903225806451613,0.16666666666666666,0.8604651162790697
397,17141,Daniel Broughton,Arkansas Pine Bluff,0.3333333333333333,0.5172413793103449,0.7,0.75
398,17153,Donovan Carter,Winthrop,0.0,0.0,0.0,0.0
399,17161,Augustine Rubit,South Alabama,0.2,0.26865671641791045,0.4666666666666667,0.9047619047619048
400,17168,Daniel Bejarano,Colorado St.,0.0,0.30612244897959184,0.20930232558139536,0.6885245901639344
401,17178,Antone Christian,Northern Illinois,0.0,0.0,0.5,1.0
402,17190,Pete Rakocevic,Northern Illinois,0.0,0.2608695652173913,0.42857142857142855,1.0
403,17193,Mardracus Wade,Arkansas,0.0,0.2,0.0,0.65
404,17199,Kikko Haydar,Arkansas,0.0,0.0,0.0,0.9259259259259259
405,17200,Demarquelle Tabb,Alabama A&M,0.8,0.5636363636363636,0.5909090909090909,0.0
406,17239,Jamel Outler,UT Arlington,0.5,0.15,0.2222222222222222,0.88
407,17250,Maverick Ahanmisi,Minnesota,0.0,0.6,0.25,1.0
408,17252,Austin Hollins,Minnesota,0.7058823529411765,0.4918032786885246,0.5142857142857142,0.9354838709677419
409,17273,Akil Mitchell,Virginia,0.782608695652174,0.6049382716049383,0.25,0.0
410,17274,Will Regan,Buffalo,0.0,0.5918367346938775,0.5,1.0
411,17280,Joe Harris,Virginia,1.0,0.34545454545454546,0.36363636363636365,0.9305555555555556
412,17282,Billy Baron,Canisius,0.0,0.22916666666666666,0.09523809523809523,0.4807692307692308
413,17290,Quin Cooper,Southeastern Louisiana,0.0,0.0,1.0,1.0
414,17291,Duje Dukan,Wisconsin,0.0,0.47619047619047616,0.8,0.9333333333333333
415,17292,Josh Gasser,Wisconsin,0.0,0.25925925925925924,0.0,0.8723404255319149
416,17319,Josh Elbaum,Vermont,0.0,0.25,0.0,1.0
417,17321,Fred Newell,North Dakota St.,0.0,0.0,0.0,0.0
418,17323,Taylor Braun,North Dakota St.,0.4,0.20270270270270271,0.10416666666666667,0.7368421052631579
419,17325,Trey Draper,Memphis,0.0,0.0,0.0,0.0
420,17332,Joel Vander Pol,Liberty,0.5,0.6190476190476191,0.5555555555555556,0.0
421,17351,Antonnio Benton,Southeastern Louisiana,0.5,0.4107142857142857,0.5111111111111111,0.8
422,17360,Jeremy Campbell,Southeastern Louisiana,0.0,1.0,0.0,0.0
423,17362,Ben Mills,Colorado,1.0,0.8888888888888888,0.0,1.0
424,17382,Evan Bruinsma,Detroit Mercy,0.0,0.45454545454545453,0.07142857142857142,0.9473684210526315
425,17394,Roland Brown,Binghamton,0.0,0.4634146341463415,0.6,0.0
426,17400,Stephen Nwaukoni,Hofstra,1.0,0.5227272727272727,0.1875,0.0
427,17406,Michael Murray,Coppin St.,0.7777777777777778,0.44776119402985076,0.26,0.8666666666666667
428,17408,Allen Dickerson,Radford,0.0,0.3333333333333333,0.0,0.9090909090909091
429,17415,Raphiael Putney,Massachusetts,0.7428571428571429,0.5833333333333334,0.25,0.967741935483871
430,17426,Cameron Gunter,Penn,0.6666666666666666,0.3333333333333333,1.0,0.0
431,17450,Erik Swoope,Miami FL,0.6842105263157895,0.5102040816326531,0.8,1.0
432,17451,Steven Danridge,Grambling St.,0.6666666666666666,0.5348837209302325,0.42857142857142855,0.0
433,17454,Deonte Burton,Nevada,0.4,0.07766990291262135,0.06349206349206349,0.4897959183673469
434,17467,Thomas Bropleh,Boise St.,0.0,0.2857142857142857,0.2222222222222222,0.9069767441860465
435,17479,Chad Johnson,Colgate,0.0,0.4666666666666667,1.0,1.0
436,17506,Joab Jerome,Winthrop,0.0,0.19047619047619047,0.16666666666666666,0.8888888888888888
437,17508,Kendell Groom,Sacramento St.,0.0,0.3333333333333333,0.0,0.0
438,17512,Thomas Jacobs,San Diego,0.0,0.4117647058823529,0.6,1.0
439,17518,Anthony Myles,Rider,0.6363636363636364,0.21875,0.3181818181818182,0.85
440,17519,Tommy Pereira,Rider,0.0,0.0,0.5,1.0
441,17520,Daniel Stewart,Rider,0.7272727272727273,0.4065934065934066,0.8571428571428571,1.0
442,17521,Josh Greene,Cal St. Northridge,0.0,0.1875,0.24390243902439024,0.7837837837837838
443,17529,Cordarius Johnson,Louisiana Tech,0.7,0.3902439024390244,0.4,0.9444444444444444
444,17536,Chris Burke,Saint Peter's,0.75,0.37142857142857144,0.2,0.9428571428571428
445,17560,Calvin Godfrey,Southern,0.6666666666666666,0.603448275862069,0.4444444444444444,0.0
446,17573,Andrew Ryan,Campbell,0.0,0.2,0.2222222222222222,0.9245283018867925
447,17580,Aaron Craft,Ohio St.,0.0,0.13414634146341464,0.26666666666666666,0.6875
448,17591,Mike Podolsky,Youngstown St.,0.0,0.0,0.0,1.0
449,17598,Kendrick Perry,Youngstown St.,0.47058823529411764,0.2755102040816326,0.24,0.7142857142857143
450,17603,Josh Chojnacki,Youngstown St.,0.0,0.5,0.0,0.0
451,17604,Jordair Jett,Saint Louis,0.0,0.14953271028037382,0.09803921568627451,1.0
452,17617,Patrick Agho,Prairie View A&M,1.0,0.5,0.25,0.0
453,17627,Renaldo Dixon,New Mexico St.,0.7037037037037037,0.4533333333333333,0.2692307692307692,0.75
454,17628,Davante Drinkard,Southern Illinois,1.0,0.7,0.4444444444444444,0.0
455,17631,Tshilidzi Nephawe,New Mexico St.,0.7586206896551724,0.49523809523809526,0.37037037037037035,0.0
456,17632,Marshall Bjorklund,North Dakota St.,1.0,0.3669724770642202,0.17543859649122806,0.0
457,17633,Trayvonn Wright,North Dakota St.,0.7567567567567568,0.5833333333333334,0.38461538461538464,1.0
458,17634,Taylor Wayer,Indiana,0.0,0.0,0.0,0.0
459,17635,Jeff Howard,Indiana,0.0,0.6,0.0,0.0
460,17636,Ryan Parsons,Eastern Kentucky,0.0,0.0,0.0,0.0
461,17639,Omari Minor,Tennessee Martin,0.0,0.0,1.0,0.0
462,17640,Mike Liabo,Tennessee Martin,0.0,0.4230769230769231,0.125,0.8979591836734694
463,17643,Pierre Mopo,Tennessee Martin,0.0,0.25,1.0,0.0
464,17657,Alex Harris,Cal St. Fullerton,0.25,0.28205128205128205,0.21212121212121213,0.8333333333333334
465,17688,Will Spradling,Kansas St.,0.0,0.1,0.3333333333333333,0.9591836734693877
466,17705,Gary Franklin,Baylor,0.0,0.08333333333333333,0.375,0.8857142857142857
467,17706,Jeff Powers,California,0.0,0.0,1.0,0.9444444444444444
468,17731,Quinten Rollins,Miami OH,0.0,0.21428571428571427,0.0,1.0
469,17741,Andre Stringer,LSU,0.0,0.27586206896551724,0.3,0.9324324324324325
470,17757,Evan Smotrycz,Maryland,0.0,0.48717948717948717,0.2916666666666667,0.7407407407407407
471,17767,Preston Purifoy,UAB,0.0,0.25,0.0,1.0
472,17782,Raphael Akpejiori,Miami FL,0.0,0.2,0.0,0.0
473,17783,Rion Brown,Miami FL,0.5555555555555556,0.34328358208955223,0.2558139534883721,0.9047619047619048
474,17787,Tevin Baskin,Appalachian St.,0.5,0.27586206896551724,0.37037037037037035,1.0
475,17790,Travis Robinson,Boston University,1.0,0.47058823529411764,0.5,0.9772727272727273
476,17797,Bryant Mbamalu,Louisiana,0.0,0.36538461538461536,0.35714285714285715,0.9696969696969697
477,17815,Mitch Roelke,Milwaukee,0.0,0.0,0.0,0.5714285714285714
478,17825,Jason Brickman,LIU,0.0,0.07317073170731707,0.125,0.35294117647058826
479,17843,Ben Cherry,Charlotte,0.0,1.0,0.4444444444444444,0.9183673469387755
480,17845,Darius Gardner,American,0.0,0.42105263157894735,0.36363636363636365,0.8518518518518519
481,17847,Amos Olatayo,Louisiana Monroe,0.8888888888888888,0.6363636363636364,0.3333333333333333,0.8421052631578947
482,17870,Marcus Heemstra,South Dakota St.,0.0,0.46153846153846156,0.4642857142857143,1.0
483,17871,Jordan Dykstra,South Dakota St.,1.0,0.41304347826086957,0.37777777777777777,0.9111111111111111
484,17874,Lavonte Dority,Valparaiso,0.0,0.18055555555555555,0.2857142857142857,0.7454545454545455
485,17879,Joe O'Shea,Bryant,1.0,0.44642857142857145,0.375,0.9705882352941176
486,17880,Dave Dudzinski,Holy Cross,1.0,0.5567010309278351,0.5737704918032787,0.9615384615384616
487,17902,Ryley Beaumont,Elon,1.0,0.38596491228070173,0.5,0.9047619047619048
488,17903,Darius Leonard,Campbell,0.0,0.6666666666666666,0.5714285714285714,0.96875
489,17915,Kenyon McNeail,Louisiana Tech,0.0,0.08333333333333333,0.3333333333333333,0.9767441860465116
490,17916,Scott Morris,New Hampshire,0.0,0.0,0.0,0.8181818181818182
491,17919,Jordon Bronner,New Hampshire,0.0,0.08108108108108109,0.3125,0.7021276595744681
492,17923,Brandon Ellis,Alabama A&M,0.6666666666666666,0.41379310344827586,0.6190476190476191,0.8787878787878788
493,17925,Ian Miller,Florida St.,0.5,0.1951219512195122,0.15,0.6153846153846154
494,17926,Okaro White,Florida St.,0.7,0.4444444444444444,0.4117647058823529,0.8333333333333334
495,17946,Dwight Powell,Stanford,0.5,0.26744186046511625,0.3037974683544304,0.8
496,17948,Michael Kibiloski,Purdue Fort Wayne,0.0,0.5,0.4,0.9482758620689655
497,17993,Chris Avenant,Northeastern,0.0,0.6666666666666666,1.0,1.0
498,18008,Mark Henniger,Kent St.,0.9090909090909091,0.7222222222222222,0.3333333333333333,0.0
499,18039,Lucas Troutman,Elon,0.6818181818181818,0.5221238938053098,0.38461538461538464,1.0
500,18045,Tyler Olander,Connecticut,0.0,0.6,0.625,1.0
501,18046,Niels Giffey,Connecticut,0.8,0.6097560975609756,0.625,1.0
502,18050,Brandon Edwards,UT Arlington,0.8378378378378378,0.7319587628865979,0.6086956521739131,0.972972972972973
503,18062,Brandon Spearman,Hawaii,0.6,0.4,0.2857142857142857,0.95
504,18065,Beau Gamble,Colorado,0.0,0.0,0.0,1.0
505,18066,Jordan Sibert,Dayton,0.7,0.35714285714285715,0.0,0.9036144578313253
506,18075,Jamal Johnson,Cal Poly,0.0,0.21052631578947367,0.1,0.7142857142857143
507,18083,Ben Whitlatch,William & Mary,0.0,0.0,0.0,0.0
508,18084,Julian Boatner,William & Mary,0.0,0.5,1.0,0.975609756097561
509,18085,Tim Rusthoven,William & Mary,0.0,0.6320754716981132,0.17857142857142858,0.0
510,18086,Brandon Britt,William & Mary,0.0,0.36363636363636365,0.0,0.9
511,18087,Maliik Love,Cal Poly,0.0,0.17391304347826086,0.25,1.0
512,18088,Fred Heldring,William & Mary,0.0,0.0,1.0,1.0
513,18097,Devonta White,Georgia St.,0.0,0.08823529411764706,0.11475409836065574,0.9090909090909091
514,18100,Aksel Bolin,Northern Illinois,0.0,0.2903225806451613,0.2857142857142857,1.0
515,18119,Daniel Miller,Georgia Tech,0.8148148148148148,0.6559139784946236,0.5357142857142857,0.0
516,18125,Javon McCrea,Buffalo,0.6756756756756757,0.5341614906832298,0.7142857142857143,0.0
517,18130,Derrick Williams,Richmond,1.0,0.5862068965517241,0.3333333333333333,0.875
518,18131,Cedrick Lindsay,Richmond,0.0,0.0625,0.04081632653061224,0.5217391304347826
519,18135,Demondre Champman,Prairie View A&M,0.7142857142857143,0.45454545454545453,0.3,0.0
520,18141,Ben Aird,Utah Valley,0.6,0.7733333333333333,0.8,1.0
521,18142,Devin Oliver,Dayton,0.9,0.4027777777777778,0.11428571428571428,0.9285714285714286
522,18144,Ike Azotam,Quinnipiac,1.0,0.515527950310559,0.6285714285714286,0.0
523,18147,Matt Stainbrook,Xavier,0.6666666666666666,0.4909090909090909,0.35294117647058826,1.0
524,18148,Juwan Howard Jr.,Detroit Mercy,0.0,0.2222222222222222,0.1782178217821782,0.7777777777777778
525,18156,Vee Sanford,Dayton,1.0,0.3181818181818182,0.2112676056338028,0.7894736842105263
526,18160,Jerrelle Benimon,Towson,0.375,0.15602836879432624,0.016129032258064516,0.42857142857142855
527,18168,Denzel Brito,Loyola MD,0.0,0.0,0.2727272727272727,1.0
528,18172,Brandon Frazier,Fordham,0.75,0.2857142857142857,0.15384615384615385,0.5333333333333333
529,18181,Cole Dickerson,San Francisco,0.8571428571428571,0.6956521739130435,0.38,0.875
530,18192,Kyle Boswell,UC Santa Barbara,0.0,0.4166666666666667,0.5,0.803030303030303
531,18200,Auraum Nuiriankh,Buffalo,0.0,0.0,0.0,1.0
532,18203,Jarod Oldham,Buffalo,0.42857142857142855,0.20689655172413793,0.16666666666666666,1.0
533,18208,Corey Hawkins,UC Davis,0.0,0.06060606060606061,0.07936507936507936,0.6666666666666666
534,18211,Jordan Bachynski,Arizona St.,0.7804878048780488,0.711340206185567,0.5833333333333334,0.0
535,18218,Ben Brackney,Bucknell,0.0,0.5,0.3333333333333333,0.9347826086956522
536,18219,Ryan Hill,Bucknell,0.0,0.08333333333333333,0.0,1.0
537,18220,Petar Torlak,East Carolina,0.0,0.0,0.0,1.0
538,18233,Ryan Watkins,Boise St.,0.8888888888888888,0.5384615384615384,0.4098360655737705,0.0
539,18239,Sean Kilpatrick,Cincinnati,0.3333333333333333,0.4823529411764706,0.3888888888888889,0.7419354838709677
540,18241,Jeff Elorriaga,Boise St.,0.0,0.25,0.0,0.9473684210526315
541,18273,Joe Kammerer,Idaho,0.0,0.6666666666666666,0.42857142857142855,0.0
542,18286,Jeff Johnson,Eastern Kentucky,0.0,0.5,1.0,0.9090909090909091
543,18311,Drew Kelly,Morehead St.,0.0,0.35714285714285715,0.6111111111111112,1.0
544,18313,Dionte Ferguson,South Alabama,1.0,0.5294117647058824,0.2222222222222222,0.0
545,18316,Amric Fields,TCU,0.6,0.625,0.6153846153846154,0.95
546,18319,Jarvis Ray,TCU,0.7142857142857143,0.44776119402985076,0.4594594594594595,1.0
547,18320,Thomas Montigel,TCU,0.0,0.4,0.0,0.0
548,18331,Drew Absher,VMI,0.0,0.0,0.0,0.0
549,18332,D.J. Covington,VMI,0.7857142857142857,0.5671641791044776,0.4807692307692308,0.0
550,18333,Goran Pantovic,Drexel,0.0,0.5,0.0,0.0
551,18340,Steve Forbes,Purdue Fort Wayne,1.0,0.631578947368421,0.35135135135135137,0.0
552,18344,Terrell Allen,Central Connecticut,1.0,0.7777777777777778,0.7,1.0
553,18349,Jake Lerner,Drexel,0.0,0.0,1.0,0.0
554,18357,Tre Bowman,Iona,0.5,0.5675675675675675,0.42857142857142855,0.9705882352941176
555,18360,Jonathan Graham,Maryland,1.0,0.5555555555555556,0.0,0.0
556,18367,Josh Schuler,North Dakota,0.0,0.6666666666666666,0.09090909090909091,0.9565217391304348
557,18372,Logan Lowery,Baylor,0.0,0.5,0.5,0.0
558,18376,Shaquille White-Miller,UT Arlington,0.0,0.0,0.14285714285714285,0.5833333333333334
559,18378,Stuart Lagerson,UT Arlington,1.0,0.75,1.0,0.0
560,18382,Josh Huestis,Stanford,0.65625,0.48484848484848486,0.328125,0.9615384615384616
561,18393,Mitchell Deter,Charleston Southern,0.0,0.0,0.0,1.0
562,18401,Stephen Wilson,Savannah St.,0.0,0.0,0.0,1.0
563,18402,Joshua Montgomery,Savannah St.,0.6,0.43859649122807015,0.5,0.8888888888888888
564,18410,Angelo Davis,Savannah St.,0.0,0.0,0.3333333333333333,0.0
565,18415,Markel Brown,Oklahoma St.,0.6785714285714286,0.43902439024390244,0.24528301886792453,0.7272727272727273
566,18419,Dennis Ogbe,Tennessee Tech,0.6666666666666666,0.48,0.5,1.0
567,18430,Nate Rucker,Kennesaw St.,0.625,0.5,0.16666666666666666,0.0
568,18431,Michael Cobbins,Oklahoma St.,0.5454545454545454,0.5789473684210527,0.0,0.0
569,18435,Thomas Odom,Charleston Southern,0.0,0.0,0.0,0.0
570,18466,Aerris Smith,Wofford,0.0,0.46153846153846156,0.0,0.0
571,18477,Roberto Nelson,Oregon St.,1.0,0.30337078651685395,0.14814814814814814,0.5614035087719298
572,18491,Drew Parker,UNC Greensboro,0.0,0.5,0.2,0.8
573,18498,Antoine Mason,Niagara,0.5,0.25196850393700787,0.11627906976744186,0.723404255319149
574,18500,Marvin Jordan,Niagara,0.0,0.2631578947368421,0.0,0.8793103448275862
575,18501,Matthew Wright,St. Bonaventure,0.75,0.288135593220339,0.35135135135135137,0.7941176470588235
576,18509,Will Sheehey,Indiana,0.7058823529411765,0.546875,0.5897435897435898,0.9090909090909091
577,18516,Shabazz Napier,Connecticut,0.0,0.14925373134328357,0.0847457627118644,0.41379310344827586
578,18526,Talib Zanna,Pittsburgh,0.84375,0.6666666666666666,0.5714285714285714,0.0
579,18530,Lamar Patterson,Pittsburgh,0.625,0.32941176470588235,0.32432432432432434,0.8375
580,18534,Devon Long,Cleveland St.,1.0,0.6,0.45454545454545453,0.0
581,18538,Brandon Boggs,Western Carolina,0.75,0.4057971014492754,0.18181818181818182,0.868421052631579
582,18540,Aaron Bright,Stanford,0.0,0.0,0.0,0.8571428571428571
583,18543,Blake McDonald,Texas A&M,0.0,1.0,0.0,1.0
584,18548,John Puk,Albany,0.9,0.6,0.7346938775510204,0.0
585,18577,Tyler Thornton,Duke,0.0,0.5,0.0,0.9629629629629629
586,18578,Josh Hairston,Duke,0.75,0.6875,1.0,0.0
587,18583,Jay Copeland,North Carolina Central,0.8,0.6385542168674698,1.0,0.0
588,18586,Trevor Releford,Alabama,0.0,0.21505376344086022,0.15789473684210525,0.676056338028169
589,18590,Karam Mashour,Morehead St.,0.0,0.0,0.0,0.0
590,18596,Mathias Seilund,Fairleigh Dickinson,1.0,0.2916666666666667,0.4117647058823529,1.0
591,18597,Eric McKnight,Florida Gulf Coast,0.8260869565217391,0.7068965517241379,0.5714285714285714,0.0
592,18598,Jordan Railey,Washington St.,0.8571428571428571,0.391304347826087,0.23076923076923078,0.0
593,18605,Mike Byron,Gardner Webb,1.0,0.6333333333333333,0.3333333333333333,0.0
594,18631,Craig Sealey,Bowling Green,0.0,0.5,0.5,1.0
595,18636,Jayon James,Louisiana Monroe,0.75,0.4470588235294118,0.14285714285714285,1.0
596,18660,J.J. Mann,Belmont,0.0,0.3333333333333333,0.23728813559322035,0.7586206896551724
597,18664,Richard Solomon,California,0.7777777777777778,0.6421052631578947,0.5,0.0
598,18665,Emerson Murray,Seattle,0.5,0.21428571428571427,0.0,0.8666666666666667
599,18666,Reid Koenen,Texas St.,1.0,0.8125,0.5833333333333334,0.9375
600,18694,J.T. Thomas,Little Rock,0.0,0.0,0.0,0.0
601,18706,Tyler Neal,Oklahoma,1.0,0.28,0.5,1.0
602,18708,Abdul Ahmed,Cal St. Bakersfield,0.0,0.5,0.5333333333333333,1.0
603,18709,Calvin Newell,UCF,0.3333333333333333,0.1111111111111111,0.08333333333333333,0.7037037037037037
604,18711,Maurice Barrow,Fairfield,0.0,0.31645569620253167,0.2,0.875
605,18713,Cameron Clark,Oklahoma,1.0,0.54,0.4563106796116505,0.8648648648648649
606,18726,Roy Devyn Marble,Iowa,0.7142857142857143,0.36486486486486486,0.38596491228070173,0.9038461538461539
607,18728,Melsahn Basabe,Iowa,0.8181818181818182,0.5714285714285714,0.6071428571428571,0.0
608,18729,Russ Smith,Louisville,0.2857142857142857,0.25925925925925924,0.10638297872340426,0.7428571428571429
609,18735,Zach McCabe,Iowa,1.0,0.68,0.42857142857142855,1.0
610,18737,Adrian Fields,McNeese St.,0.5,0.47058823529411764,0.25,0.6818181818181818
611,18741,Jershon Cobb,Northwestern,0.0,0.6,0.3695652173913043,0.8947368421052632
612,18742,Desmond Haymon,Stephen F. Austin,0.0,0.26229508196721313,0.19230769230769232,0.9152542372881356
613,18771,T.J. McConnell,Arizona,0.0,0.42105263157894735,0.22641509433962265,0.8611111111111112
614,18772,Jerry Jones,Duquesne,0.75,0.5769230769230769,0.0,1.0
615,18777,Matt Kennedy,Charleston Southern,0.0,0.27586206896551724,0.13043478260869565,0.9318181818181818
616,18778,Sheldon Strickland,Charleston Southern,0.0,0.02857142857142857,0.2222222222222222,0.6428571428571429
617,18782,Jarell Eddie,Virginia Tech,1.0,0.25,0.3,0.875
618,18785,Juwan Staten,West Virginia,0.42857142857142855,0.1440677966101695,0.12345679012345678,0.8333333333333334
619,18818,Dan Chapman,Michigan St.,0.0,0.0,0.0,1.0
620,18834,Corey Maynard,Bryant,0.0,0.13580246913580246,0.2692307692307692,0.6857142857142857
621,18846,Bryon Allen,George Mason,0.0,0.2972972972972973,0.07692307692307693,0.6046511627906976
622,18866,Zane Gibson,Middle Tennessee,0.0,0.0,0.0,0.0
623,18869,Emanuel Chapman,North Carolina Central,0.0,0.16666666666666666,0.16666666666666666,0.6818181818181818
624,18875,Jeremy Crutcher,Alabama A&M,0.0,0.20588235294117646,0.04,0.75
625,18884,Andrew Osemhen,Kennesaw St.,0.5,0.2916666666666667,0.2,0.0
626,18886,Stefan Nastic,Stanford,1.0,0.6857142857142857,0.47619047619047616,0.0
627,18889,Marcus Graham,UNC Wilmington,1.0,1.0,0.0,1.0
628,18891,John Gage,Stanford,0.0,0.25,0.8,1.0
629,18893,Ed Townsel,Arkansas St.,0.0,0.2727272727272727,0.25,0.7380952380952381
630,18912,Chase Kammerer,Air Force,0.0,0.2222222222222222,0.0,1.0
631,18928,James Walker,Saint Mary's,0.0,0.4,0.08333333333333333,0.9591836734693877
632,18929,Jesse Berry,Ball St.,0.0,0.2727272727272727,0.3,0.8571428571428571
633,18932,Nemanja Mikic,George Washington,0.0,1.0,0.8333333333333334,0.925
634,18938,Jason Morris,Georgia Tech,0.5,0.4,0.0,1.0
635,18939,Austin Carroll,American,0.0,1.0,0.0,1.0
636,18940,Nate Hicks,Florida Gulf Coast,0.8095238095238095,0.5681818181818182,0.14285714285714285,0.0
637,18948,Tim Douglas,Portland St.,0.0,0.25,0.2564102564102564,0.9318181818181818
638,18955,Charlie Reddick,Furman,0.0,0.35294117647058826,0.375,1.0
639,18956,Luis Jacobo,Purdue Fort Wayne,1.0,0.3170731707317073,0.19230769230769232,0.7352941176470589
640,18960,Jeff Havenstein,Longwood,0.0,0.875,1.0,0.0
641,18966,Robert Williams,UAB,1.0,0.3333333333333333,0.25,0.9
642,18971,Jordan Morgan,Michigan,0.92,0.7567567567567568,0.4166666666666667,0.0
643,18976,Tony Wroblicky,American,0.875,0.6120689655172413,0.625,0.0
644,18979,Aaron Graham,Stetson,0.0,0.20833333333333334,0.08333333333333333,0.7894736842105263
645,18986,Tommy Spagnolo,Appalachian St.,0.8571428571428571,0.5641025641025641,0.2631578947368421,0.0
646,18988,Tré Bussey,Georgia Southern,0.0,0.20238095238095238,0.09523809523809523,0.8085106382978723
647,18992,Sam Mike,Georgia Southern,0.0,0.25,1.0,0.0
648,18997,Jarvis Williams,Murray St.,0.7647058823529411,0.6164383561643836,0.46153846153846156,0.0
649,19005,Alec Brown,Green Bay,0.6666666666666666,0.5084745762711864,0.76,1.0
650,19018,Curtis Washington,Georgia St.,0.8529411764705882,0.704225352112676,0.2916666666666667,0.0
651,19019,Garrett Jackson,Saint Mary's,1.0,0.5833333333333334,0.0,1.0
652,19022,J.R. Sims,Eastern Michigan,1.0,0.3,0.3333333333333333,0.8571428571428571
653,19038,Michael Alvarado,Manhattan,0.5,0.10714285714285714,0.16666666666666666,0.7857142857142857
654,19039,Rhamel Brown,Manhattan,0.8461538461538461,0.5833333333333334,0.25,0.0
655,19046,Patrik Auda,Seton Hall,0.3076923076923077,0.3770491803278688,0.3076923076923077,1.0
656,19054,Fuquan Edwin,Seton Hall,0.5,0.44285714285714284,0.40476190476190477,0.9111111111111111
657,19067,Fran Dougherty,Penn,1.0,0.6344086021505376,0.5454545454545454,1.0
658,19086,Lenzelle Smith Jr.,Ohio St.,0.7,0.35185185185185186,0.24,0.96
659,19090,Dau Jok,Penn,0.0,0.5,0.0,1.0
660,19091,Kevin Thomas,Tulane,0.8181818181818182,0.7368421052631579,0.4,0.0
661,19100,Michael Messer,SIU Edwardsville,0.0,0.3333333333333333,0.5454545454545454,1.0
662,19118,Julius Francis,Mississippi Valley St.,0.0,0.4166666666666667,0.32142857142857145,0.0
663,19125,Tony Chennault,Villanova,0.0,0.2727272727272727,0.17647058823529413,0.0
664,19133,Kevin Canevari,Mercer,0.0,0.0,0.0,0.5714285714285714
665,19137,Evan Roquemore,Santa Clara,1.0,0.25925925925925924,0.18518518518518517,0.7560975609756098
666,19146,Julian Clarke,Santa Clara,0.0,1.0,0.75,1.0
667,19147,Chris Clement,Princeton,0.0,0.0,0.0,1.0
668,19149,John McArthur,Santa Clara,0.0,0.6363636363636364,0.7666666666666667,1.0
669,19150,Bud Thomas,Mercer,0.0,0.78125,0.0,0.9090909090909091
670,19165,Devon Collier,Oregon St.,0.8421052631578947,0.6186440677966102,0.44,0.0
671,19176,Thomas Rogers,Virginia,0.0,0.0,0.0,1.0
672,19182,Louis Bell,Maryland Eastern Shore,0.0,0.38461538461538464,0.5,0.8333333333333334
673,19195,Levan Shengelia,Albany,0.5,0.2857142857142857,0.0,0.0
674,19208,Trinity Hall,UMKC,0.8125,0.5079365079365079,0.3103448275862069,0.7692307692307693
675,19211,Dartaye Ruffin,Drexel,0.5,0.5769230769230769,0.6666666666666666,0.0
676,19213,Sandi Marcius,DePaul,0.8571428571428571,0.5,0.5,0.0
677,19215,Frantz Massenat,Drexel,0.0,0.17073170731707318,0.24324324324324326,0.7380952380952381
678,19216,Pieter Prinsloo,Marist,0.0,0.2222222222222222,0.6666666666666666,1.0
679,19237,Rickey Scott,Arkansas,0.5,0.26666666666666666,0.25,1.0
680,19252,Steve Rennard,Penn,0.0,0.5714285714285714,0.3333333333333333,1.0
681,19268,Isaiah Sykes,UCF,0.5714285714285714,0.14965986394557823,0.10714285714285714,0.6666666666666666
682,19270,Danny Rubin,Boston College,0.0,0.0,0.0,1.0
683,19277,Babatunde Olumuyiwa,USC Upstate,0.7142857142857143,0.55,0.5,0.0
684,19286,Ludovic Ndaye,Cleveland St.,0.0,0.42857142857142855,1.0,0.0
685,19289,Miles Jackson-Cartwright,Penn,0.0,0.4482758620689655,0.25,0.8444444444444444
686,19294,Steven McClellan,Cal St. Fullerton,1.0,0.5454545454545454,0.5333333333333333,0.0
687,19306,Danny Feldmann,Missouri,0.0,0.0,0.0,0.0
688,19338,Blake McLimans,Miami OH,0.0,0.5,0.6666666666666666,1.0
689,19349,Torrey Craig,USC Upstate,0.7058823529411765,0.38271604938271603,0.34,0.9090909090909091
690,19353,Anthony Mayo,Stony Brook,1.0,1.0,0.625,0.0
691,19354,Ben Resner,Stony Brook,0.0,0.0,0.0,0.0
692,19355,Dave Coley,Stony Brook,0.0,0.09523809523809523,0.13636363636363635,0.9555555555555556
693,19358,Anthony Jackson,Stony Brook,0.0,0.2777777777777778,0.12,0.7543859649122807
694,19366,Byron Fulton,Weber St.,0.0,0.0,0.0,1.0
695,19393,Cameron Bairstow,New Mexico,0.7575757575757576,0.6176470588235294,0.7,1.0
696,19397,Casey Walker,Delaware St.,0.0,0.3829787234042553,0.07692307692307693,0.8928571428571429
697,19398,Jamal Webb,North Dakota,0.5,0.16363636363636364,0.0,1.0
698,19400,Aaron Anderson,North Dakota,0.0,0.1111111111111111,0.047619047619047616,0.8235294117647058
699,19403,Kourtney Roberson,Texas A&M,0.8235294117647058,0.704,0.5555555555555556,0.0
700,19404,R.J. McCray,Louisiana Monroe,0.0,0.3076923076923077,0.0,0.8571428571428571
701,19408,Sean McGonagill,Brown,0.0,0.14634146341463414,0.34615384615384615,0.6703296703296703
702,19415,Stevie Taylor,Ohio,0.0,0.20454545454545456,0.10526315789473684,0.8064516129032258
703,19422,Clarke Rosenberg,Chicago St.,0.2,0.2840909090909091,0.13333333333333333,0.68
704,19423,Austin Hamilton,Elon,0.0,0.05714285714285714,0.125,0.7142857142857143
705,19426,Tyler Koch,Ball St.,0.0,0.42857142857142855,1.0,1.0
706,19437,Brandon Clark,Santa Clara,0.0,0.17721518987341772,0.13953488372093023,0.6727272727272727
707,19439,Denzel Johnson,Santa Clara,1.0,0.35714285714285715,0.2727272727272727,1.0
708,19440,Robert Garrett,Santa Clara,1.0,1.0,0.5,0.0
709,19441,Thomas Gipson,Kansas St.,0.7894736842105263,0.6836734693877551,0.6190476190476191,0.0
710,19443,Malcolm Miller,Holy Cross,0.631578947368421,0.32786885245901637,0.14814814814814814,0.8717948717948718
711,19451,Chasson Randle,Stanford,0.75,0.24175824175824176,0.06779661016949153,0.8235294117647058
712,19464,Ronrico White,Chattanooga,0.0,0.11764705882352941,0.0,0.868421052631579
713,19467,Brandon Cataldo,Portland St.,1.0,0.43478260869565216,0.45,0.0
714,19468,Emmy Andujar,Manhattan,0.5,0.25,0.42857142857142855,0.8
715,19469,Kevin Kaspar,Western Kentucky,0.0,0.3333333333333333,0.3333333333333333,0.75
716,19478,Bernard Thompson,Florida Gulf Coast,0.46153846153846156,0.2,0.25,0.8909090909090909
717,19480,Brett Comer,Florida Gulf Coast,1.0,0.11538461538461539,0.04,0.8285714285714286
718,19487,C.J. Cooper,UTEP,0.0,0.0,0.20833333333333334,0.7962962962962963
719,19492,Marvin Singleton,Northern Iowa,0.0,0.5416666666666666,0.0,1.0
720,19493,Deon Mitchell,Northern Iowa,0.0,0.07407407407407407,0.0,0.7575757575757576
721,19494,Seth Tuttle,Northern Iowa,0.7333333333333333,0.625,0.36363636363636365,0.875
722,19497,T'Ziah Wood-Smith,Quinnipiac,1.0,0.5,0.0,0.0
723,19508,Chris Heine,Northern Arizona,0.0,0.0,0.0,0.0
724,19521,Adam Thoseby,South Dakota,0.0,0.43478260869565216,0.1875,0.8181818181818182
725,19537,Cannen Cunningham,SMU,0.8636363636363636,0.6976744186046512,0.5806451612903226,0.0
726,19557,Chavaughn Lewis,Marist,0.21052631578947367,0.16363636363636364,0.2127659574468085,0.8571428571428571
727,19561,Carter Sanderson,Lipscomb,0.0,0.2,0.0,1.0
728,19562,Blake Bozeman,Morgan St.,0.0,0.3125,0.3333333333333333,0.8297872340425532
729,19564,Lowell Ulmer,St. Francis NY,0.5,0.4,0.0,1.0
730,19565,Jordan Aaberg,North Dakota St.,0.0,0.38095238095238093,0.2916666666666667,0.0
731,19570,R.J. Williams,Loyola MD,0.0,0.03225806451612903,0.058823529411764705,0.875
732,19577,Ishaq Pitt,Maryland Eastern Shore,0.0,0.2682926829268293,0.6666666666666666,0.0
733,19595,Tavarres Jefferson,Middle Tennessee,0.0,0.0,0.0,0.25
734,19598,Jabrille Williams,Binghamton,0.0,0.0,0.0,0.0
735,19615,Obi Emegano,Oral Roberts,0.0,0.4,0.42857142857142855,0.75
736,19625,Pat Branin,Charleston,0.0,0.0,0.0,1.0
737,19629,Matt Glover,San Francisco,1.0,0.21153846153846154,0.23076923076923078,1.0
738,19648,D.J. Shelton,Washington St.,0.6666666666666666,0.34615384615384615,0.1111111111111111,0.7692307692307693
739,19649,D'Angelo Harrison,St. John's,0.0,0.32653061224489793,0.14545454545454545,0.703125
740,19683,Anthony Gill,Virginia,0.8333333333333334,0.5316455696202531,0.375,0.0
741,19687,Ty Greene,USC Upstate,0.0,0.47368421052631576,0.25,0.8444444444444444
742,19688,Challe Barton,Oregon St.,0.0,0.2727272727272727,0.3333333333333333,0.7
743,19691,Xavier Pollard,Maine,0.0,0.2564102564102564,0.21951219512195122,0.625
744,19692,Zarko Valjarevic,Maine,0.0,0.2727272727272727,0.37037037037037035,0.8387096774193549
745,19693,Rodney Hood,Duke,0.6428571428571429,0.3191489361702128,0.2465753424657534,0.704225352112676
746,19695,Jehvon Clarke,Bowling Green,0.0,0.3333333333333333,0.23404255319148937,0.7714285714285715
747,19696,Tavon Sledge,Iona,0.6666666666666666,0.5294117647058824,0.25,1.0
748,19709,Patrick Heckmann,Boston College,0.5,0.27586206896551724,0.0,0.9259259259259259
749,19717,Nick McMahon,Villanova,0.0,0.0,0.0,0.0
750,19719,Percy Gibson,Iowa St.,0.0,1.0,0.75,0.0
751,19721,James Fraschilla,Oklahoma,0.0,0.0,0.0,0.0
752,19735,Rashawn Rembert,East Tennessee St.,0.3333333333333333,0.42857142857142855,0.13636363636363635,0.8333333333333334
753,19737,Mason Cox,Oklahoma St.,1.0,0.5,0.0,0.0
754,19738,Toddrick Gotcher,Texas Tech,0.0,0.5714285714285714,0.4117647058823529,0.96
755,19750,Jarvis Summers,Mississippi,0.0,0.1590909090909091,0.04040404040404041,0.7872340425531915
756,19759,Will Neighbour,Little Rock,0.375,0.38461538461538464,0.3584905660377358,0.8260869565217391
757,19781,Steve Glowiak,Sacred Heart,0.0,0.5238095238095238,0.0,0.8809523809523809
758,19790,Kendall Griffin,Wright St.,0.0,0.35294117647058826,0.25,1.0
759,19792,Jerome Seagears,Rutgers,0.0,0.21052631578947367,0.29411764705882354,0.4864864864864865
760,19793,Marcus Thornton,William & Mary,0.42857142857142855,0.17777777777777778,0.10204081632653061,0.47191011235955055
761,19794,Trey McDonald,Ohio St.,0.8,0.6818181818181818,0.14285714285714285,0.0
762,19797,Wesley Davis,Texas St.,1.0,0.2972972972972973,0.2727272727272727,0.9130434782608695
763,19798,Mychal Ammons,South Alabama,0.6428571428571429,0.3275862068965517,0.25,0.8260869565217391
764,19800,Christian Kirk,Missouri St.,1.0,0.8918918918918919,0.48717948717948717,0.0
765,19801,Darion Atkins,Virginia,0.8181818181818182,0.5,0.6,0.0
766,19805,Pat Connaughton,Notre Dame,0.6666666666666666,0.391304347826087,0.35294117647058826,0.9605263157894737
767,19806,Spencer Dinwiddie,Colorado,0.25,0.2,0.1,0.6153846153846154
768,19827,Tourron Whitfield,Marist,0.0,0.0,0.0,1.0
769,19832,Paul Gombwer,Charleston Southern,0.0,0.30303030303030304,0.1111111111111111,0.9411764705882353
770,19843,Ryan Winters,Elon,0.0,0.6666666666666666,1.0,0.0
771,19846,Kevin Blake,Elon,0.2,0.15625,0.3,1.0
772,19868,Trevin Harris,Pacific,0.0,0.32,0.21428571428571427,0.967741935483871
773,19879,Marshall Harris III,The Citadel,0.0,0.0,0.2,0.6363636363636364
774,19885,T.J. Buchanan,Rhode Island,1.0,0.34285714285714286,0.11764705882352941,1.0
775,19891,Nate Sikma,Hartford,0.0,0.5238095238095238,0.375,1.0
776,19896,Hooper Vint,UTEP,1.0,0.75,0.6666666666666666,0.0
777,19897,Chris Adams,San Francisco,0.0,0.0,0.0,0.95
778,19928,Chane Behanan,Louisville,0.9285714285714286,0.59375,0.0,0.0
779,19943,Wayne Blackshear,Louisville,0.6,0.6571428571428571,0.15384615384615385,0.9777777777777777
780,19945,John Bailey,Portland,0.0,0.0,0.0,0.0
781,19946,Sam Rowley,Albany,0.0,0.2440944881889764,0.4782608695652174,0.0
782,19947,Caleb Steffensmeier,Nebraska Omaha,0.0,0.6666666666666666,0.25,0.8636363636363636
783,19948,Tyrell Corbin,Cal St. Bakersfield,1.0,0.23809523809523808,0.16666666666666666,0.5
784,19951,Ben Vozzola,Cal St. Northridge,0.0,0.3333333333333333,0.42857142857142855,0.9444444444444444
785,19953,Nick Kerr,San Diego,0.0,0.0,0.0,0.8888888888888888
786,19975,Jonathan Holmes,Texas,0.5714285714285714,0.4696969696969697,0.7021276595744681,0.9642857142857143
787,19980,Sam McBeath,Nicholls St.,0.0,0.6153846153846154,0.5714285714285714,0.8888888888888888
788,19982,Pierria Henry,Charlotte,0.0,0.1509433962264151,0.175,0.5161290322580645
789,20006,Michael Dison,Montana St.,0.0,0.0,0.25,1.0
790,20013,Raijon Kelly,Samford,0.0,0.17391304347826086,0.25396825396825395,0.9259259259259259
791,20014,Warren Gillis,Coastal Carolina,1.0,0.2833333333333333,0.1111111111111111,0.9565217391304348
792,20017,Shawn Williams,SMU,0.0,0.6545454545454545,0.7083333333333334,1.0
793,20018,Ryan Manuel,SMU,0.9090909090909091,0.78125,0.7142857142857143,1.0
794,20022,Brandon Hayman,Samford,0.0,0.5714285714285714,0.0,0.0
795,20024,Dave Sobolewski,Northwestern,0.0,0.25,0.2857142857142857,1.0
796,20025,Yolonzo Moore II,Hartford,0.4,0.28846153846153844,0.10526315789473684,0.8928571428571429
797,20039,Larry Nance Jr.,Wyoming,0.5769230769230769,0.5875,0.3829787234042553,0.8888888888888888
798,20045,Kevin Gray,Northern Illinois,0.3333333333333333,0.2,1.0,0.0
799,20051,Nic Moore,SMU,0.0,0.12903225806451613,0.26785714285714285,0.7638888888888888
800,20058,Kievyn Lila-St. Rose,Norfolk St.,0.0,0.375,0.0,0.9285714285714286
801,20061,Keron DeShields,Montana,0.0,0.136986301369863,0.1875,0.8064516129032258
802,20062,Chris Perez,Canisius,0.0,0.32978723404255317,0.24324324324324326,0.7692307692307693
803,20063,Josh Richardson,Tennessee,0.5384615384615384,0.41509433962264153,0.3125,0.9705882352941176
804,20064,Ahman Fells,Illinois Chicago,0.75,0.6666666666666666,0.6,1.0
805,20070,Corey Petros,Oakland,0.8947368421052632,0.7870370370370371,0.6290322580645161,0.0
806,20074,Malick Kone,Rutgers,0.0,0.36363636363636365,0.6923076923076923,1.0
807,20097,Marcellus Barksdale,IU Indy,1.0,0.08571428571428572,0.0967741935483871,0.7142857142857143
808,20101,David Wear,UCLA,1.0,0.6,0.9142857142857143,1.0
809,20102,Doug Niedrich,Wake Forest,0.0,0.0,0.0,0.0
810,20114,Anson Winder,BYU,0.0,0.6857142857142857,0.4166666666666667,0.92
811,20119,Kirk Korver,UMKC,0.0,0.0,1.0,0.8
812,20125,Quinton Gustavson,Milwaukee,0.0,1.0,0.0,1.0
813,20128,Marcel Smith,Houston Christian,0.0,0.3,0.07142857142857142,0.7391304347826086
814,20129,Kye Kurkowski,Nebraska,0.0,1.0,0.0,0.0
815,20130,Blake Ralling,Mississippi Valley St.,1.0,0.29411764705882354,0.6666666666666666,0.8571428571428571
816,20131,Derrell Taylor,Jackson St.,0.5882352941176471,0.4482758620689655,0.5555555555555556,0.0
817,20132,Tyler Kalinoski,Davidson,0.0,0.40476190476190477,0.5384615384615384,0.95
818,20144,Brad Waldow,Saint Mary's,0.7692307692307693,0.5192307692307693,0.1935483870967742,0.0
819,20145,Dave Whitmore,Arizona St.,0.0,0.0,0.0,0.0
820,20149,Jordan Williams,North Texas,0.625,0.3220338983050847,0.35714285714285715,0.84375
821,20153,Brandan Walton,North Texas,0.0,0.3333333333333333,0.5,0.8536585365853658
822,20179,Thomas van der Mars,Portland,1.0,0.6304347826086957,0.5342465753424658,0.0
823,20183,Roquez Johnson,Mississippi St.,0.8888888888888888,0.5432098765432098,0.5,0.0
824,20186,Daniel Mullings,New Mexico St.,0.6666666666666666,0.35384615384615387,0.18867924528301888,0.8888888888888888
825,20206,T.J. Hallice,Mercer,1.0,0.6129032258064516,1.0,0.0
826,20209,Saah Nimley,Charleston Southern,0.0,0.09090909090909091,0.0,0.41379310344827586
827,20220,Karamo Jawara,North Carolina Central,1.0,0.6041666666666666,0.5263157894736842,1.0
828,20237,Kevin Hardy,McNeese St.,0.5,0.3670886075949367,0.125,0.9166666666666666
829,20260,Staats Battle,N.C. State,0.0,0.0,0.0,0.0
830,20265,Stojan Gjuroski,Louisiana Tech,0.0,0.3333333333333333,0.0,0.75
831,20266,Peter Hooley,Albany,0.5,0.3389830508474576,0.07692307692307693,0.8591549295774648
832,20267,Tyler Russell,Houston Christian,0.0,0.13636363636363635,0.075,0.8571428571428571
833,20283,Dante Holmes,North Carolina Central,0.0,0.6923076923076923,0.0,1.0
834,20286,Will Artino,Creighton,0.8,0.7605633802816901,0.75,0.0
835,20293,Ross Travis,Penn St.,0.6,0.42592592592592593,0.5833333333333334,1.0
836,20299,Gary Browne,West Virginia,0.0,0.23809523809523808,0.2,0.7619047619047619
837,20303,Kevin Montminy,Penn St.,0.0,0.0,0.0,0.0
838,20321,Jon Smith,Ohio,0.6875,0.6153846153846154,0.8125,0.0
839,20325,Green Hill,Alabama A&M,0.0,0.3333333333333333,0.4166666666666667,0.75
840,20333,Madarious Gibbs,Texas Southern,0.0,0.1232876712328767,0.0,0.8888888888888888
841,20335,Lance Stokes,Chattanooga,1.0,0.6129032258064516,0.75,0.0
842,20339,Hayden Humes,Illinois Chicago,0.0,0.6,0.3333333333333333,0.9117647058823529
843,20340,Jamie Schneck,Hartford,0.0,0.7058823529411765,0.3333333333333333,0.0
844,20342,Mark Nwakamma,Hartford,0.5833333333333334,0.29357798165137616,0.14583333333333334,0.8461538461538461
845,20345,Cory Starkey,Bucknell,0.5,0.6470588235294118,1.0,0.0
846,20346,Nnanna Egwu,Illinois,0.9333333333333333,0.5111111111111111,0.6862745098039216,1.0
847,20347,Corban Wroe,Hartford,0.0,0.525,0.0,0.896551724137931
848,20348,Ge'Lawn Guyn,Cincinnati,1.0,0.21052631578947367,0.14285714285714285,0.896551724137931
849,20355,Christopher Anderson,San Diego,0.0,0.047619047619047616,0.047619047619047616,0.5813953488372093
850,20361,David Kravish,California,0.5625,0.5882352941176471,0.7592592592592593,1.0
851,20366,Rian Pearson,Toledo,0.5,0.4731182795698925,0.5901639344262295,0.8275862068965517
852,20370,Patrick Onwenu,Detroit Mercy,0.75,0.52,0.3333333333333333,0.0
853,20371,D'Angelo Scott,Texas Southern,0.5882352941176471,0.4788732394366197,0.375,1.0
854,20373,Jordan Weethee,VMI,0.6666666666666666,0.45,0.0,0.9615384615384616
855,20380,Jaylon Floyd,Arkansas Pine Bluff,0.75,0.6111111111111112,0.0,0.0
856,20388,Gary Winston,Portland St.,0.0,0.41935483870967744,0.2,0.6086956521739131
857,20409,Tyson Cunningham,Mississippi St.,0.0,0.4,0.0,0.75
858,20412,George Fant,Western Kentucky,0.8421052631578947,0.4811320754716981,0.3142857142857143,0.0
859,20413,Eric Stutz,Eastern Kentucky,0.9230769230769231,0.6236559139784946,0.2727272727272727,1.0
860,20420,Christian Behrens,California,0.0,0.8888888888888888,1.0,0.0
861,20426,Cam Griffin,Denver,0.6428571428571429,0.4626865671641791,0.375,0.7142857142857143
862,20427,Oto Osenieks,Minnesota,0.6666666666666666,0.6428571428571429,0.75,1.0
863,20428,Cameron Monroe,Southern,0.0,0.3333333333333333,0.16666666666666666,1.0
864,20434,Joe Hanstad,Boise St.,0.0,0.0,0.0,0.0
865,20435,Derrick Marks,Boise St.,0.0,0.13043478260869565,0.05555555555555555,0.6666666666666666
866,20440,Sam Thompson,Ohio St.,0.9487179487179487,0.8,0.5714285714285714,1.0
867,20444,Zach Horstman,South Dakota St.,1.0,0.5882352941176471,0.5,1.0
868,20446,Francis Edosomwan,East Carolina,0.0,0.0,0.0,0.0
869,20449,Kevin Lynch,Texas A&M Corpus Chris,0.0,0.5,0.0,0.0
870,20450,Jamee Crockett,DePaul,0.0,0.16666666666666666,0.3333333333333333,0.8571428571428571
871,20453,Joseph Young,Oregon,0.5,0.32954545454545453,0.40476190476190477,0.8289473684210527
872,20469,Isaiah Morton,Marist,0.0,0.0,0.0,1.0
873,20470,Briante Weber,VCU,0.6,0.17647058823529413,0.09433962264150944,1.0
874,20474,T.J. Curry,Marist,0.0,0.6,0.0,0.7586206896551724
875,20485,Tre Drye,Tulane,0.5714285714285714,0.4666666666666667,0.4,1.0
876,20488,Jaylon Moore,Evansville,0.75,0.6842105263157895,0.6666666666666666,0.0
877,20490,Brent Arrington,Morehead St.,0.0,0.14,0.2962962962962963,0.9333333333333333
878,20515,Ben Clifford,Utah St.,0.0,1.0,1.0,1.0
879,20524,Will Sullivan,Miami OH,0.5,0.5319148936170213,0.5,1.0
880,20553,Kelvin Penn,Florida Atlantic,1.0,0.38,0.2,0.0
881,20558,Gabas Maldunas,Dartmouth,1.0,0.2777777777777778,0.3333333333333333,0.0
882,20566,Anthony Stitt,Charleston,0.0,0.0625,0.09090909090909091,0.6851851851851852
883,20575,Jay Harris,Tennessee St.,0.0,0.23529411764705882,0.39285714285714285,0.9523809523809523
884,20580,Travis Trice,Michigan St.,0.4,0.2631578947368421,0.26666666666666666,0.8490566037735849
885,20584,Greg Kelley,Yale,0.0,0.7142857142857143,0.8,0.9411764705882353
886,20587,Ollie Jackson,Saint Francis,1.0,0.16666666666666666,0.0,0.7241379310344828
887,20588,Charles Oliver,Robert Morris,0.0,0.32142857142857145,0.2727272727272727,0.9714285714285714
888,20609,Andrew Bock,Pacific,0.0,0.023255813953488372,0.2,0.6060606060606061
889,20615,John Manning,Saint Louis,1.0,0.782608695652174,0.8571428571428571,1.0
890,20623,Shaquille Boga,UT Rio Grande Valley,0.0,0.22033898305084745,0.2765957446808511,0.8095238095238095
891,20625,Naadir Tharpe,Kansas,0.0,0.09523809523809523,0.12903225806451613,0.6511627906976745
892,20634,Lawrence Alexander,North Dakota St.,1.0,0.05555555555555555,0.0,0.9166666666666666
893,20635,Cady Lalanne,Massachusetts,0.8620689655172413,0.6307692307692307,0.46153846153846156,0.5
894,20641,Twann Oakley,Alcorn St.,0.0,0.2,0.42857142857142855,0.875
895,20645,Craig Ponder,UNC Wilmington,0.0,0.125,0.0,0.8333333333333334
896,20646,Cedrick Williams,UNC Wilmington,0.8888888888888888,0.55,0.358974358974359,0.8333333333333334
897,20647,Freddie Jackson,UNC Wilmington,0.5,0.4117647058823529,0.21052631578947367,1.0
898,20648,Justin Martin,Xavier,0.6666666666666666,0.52,0.46153846153846156,0.92
899,20649,John Auslander,Maryland,0.0,0.0,0.0,0.0
900,20660,Brian Sullivan,Davidson,0.0,0.0,0.1111111111111111,0.8160919540229885
901,20661,Dominique Dunning,UC Irvine,0.0,0.5806451612903226,0.25,1.0
902,20671,Jamel Fuentes,Norfolk St.,0.0,0.13157894736842105,0.058823529411764705,0.0
903,20673,Taylor Abt,Holy Cross,0.0,0.4,0.4,1.0
904,20676,Martin Smith,Lipscomb,1.0,0.3023255813953488,0.3333333333333333,0.8955223880597015
905,20677,Justin Wesley,Kansas,0.0,0.0,0.0,0.0
906,20678,Austin Chatman,Creighton,0.0,0.09375,0.30434782608695654,0.6857142857142857
907,20681,Chris Freeman,Austin Peay,0.8888888888888888,0.6571428571428571,0.5,0.0
908,20684,Chad Johnson,Lipscomb,0.0,1.0,0.0,0.8571428571428571
909,20691,Hugh Greenwood,New Mexico,0.0,0.3125,0.0,0.9743589743589743
910,20692,Raheem Appleby,Louisiana Tech,0.6363636363636364,0.5208333333333334,0.42857142857142855,0.8571428571428571
911,20695,Kevin Douglas,St. Francis NY,1.0,0.4074074074074074,0.25,0.9285714285714286
912,20702,Kenneth Smith,Louisiana Tech,0.0,0.1951219512195122,0.0625,0.4473684210526316
913,20722,Moussa Kone,Hofstra,0.7368421052631579,0.5357142857142857,0.5,0.0
914,20726,Tre Demps,Northwestern,0.0,0.24242424242424243,0.3409090909090909,0.7291666666666666
915,20732,Andrew Smith,Liberty,0.6538461538461539,0.5542168674698795,0.6666666666666666,1.0
916,20733,Shelby Moats,Vanderbilt,0.0,1.0,0.6666666666666666,1.0
917,20735,Quinn Cook,Duke,0.0,0.16981132075471697,0.0,0.8153846153846154
918,20736,Andrew Nicholas,Monmouth,0.5,0.3188405797101449,0.38235294117647056,0.967741935483871
919,20741,Jordan Gregory,Montana,0.0,0.03333333333333333,0.16129032258064516,0.9310344827586207
920,20744,Willie Green,Stetson,0.7307692307692307,0.6262626262626263,0.625,1.0
921,20754,Tomasz Gielo,Liberty,0.0,0.3137254901960784,0.36,1.0
922,20761,Igor Hadziomerovic,Boise St.,1.0,0.32,0.21428571428571427,0.5
923,20762,Anthony Drmic,Boise St.,0.4,0.3880597014925373,0.12121212121212122,0.8909090909090909
924,20768,John Cannon,Georgia,0.0,0.6,0.8333333333333334,0.0
925,20770,Quentin Jones,UMBC,0.0,0.3684210526315789,0.75,0.9393939393939394
926,20781,Mario Blessing,USC Upstate,0.0,0.125,0.16666666666666666,0.96
927,20783,Fred Miller,USC Upstate,1.0,0.2631578947368421,0.18181818181818182,0.88
928,20787,Karl Madison,Drake,0.0,0.2,0.0,1.0
929,20801,Dexter Kernich-Drew,Washington St.,0.0,0.16666666666666666,0.5555555555555556,0.9393939393939394
930,20802,Jaleel Williams,San Jose St.,0.8333333333333334,0.3469387755102041,0.29411764705882354,0.8333333333333334
931,20804,Josiah Heath,Canisius,1.0,0.5454545454545454,0.9333333333333333,0.0
932,20805,Kyle Odister,Cal Poly,0.0,0.6,0.3333333333333333,0.7966101694915254
933,20806,Junior Fortunat,Rider,0.6666666666666666,0.35294117647058826,0.0,0.0
934,20809,Ross Rivera,Pacific,0.0,0.3333333333333333,0.4897959183673469,0.9130434782608695
935,20811,Patrick Crowley,Notre Dame,0.0,0.0,0.0,0.0
936,20813,Thomas Greer,Austin Peay,0.0,0.0,0.0,1.0
937,20814,Manny Thomas,Marist,0.0,0.3333333333333333,0.45454545454545453,1.0
938,20840,Aaron O'Neill,Furman,0.0,0.0,0.0,1.0
939,20875,London Dokubo,Loyola Chicago,0.0,0.0,0.0,0.0
940,20880,Christian Pierce,James Madison,0.0,0.0,0.0,0.0
941,20892,Jamel Flash,Towson,1.0,1.0,0.0,0.0
942,20903,Kameron Dunnican,Georgia Southern,1.0,1.0,0.0,0.0
943,20909,Carlin Bremner,Winthrop,0.0,0.0,1.0,0.0
944,20915,Austin Richie,Western Michigan,0.0,0.23529411764705882,0.3333333333333333,0.6190476190476191
945,20916,Dominque Major,Saint Francis,0.0,0.13333333333333333,0.6666666666666666,0.9454545454545454
946,20923,Dan Peera,Rice,0.0,0.0,0.0,1.0
947,20939,Shawn Meyer,Kansas St.,0.0,0.0,0.0,0.0
948,20941,Kadeem Coleby,Wichita St.,0.9333333333333333,0.76,0.6666666666666666,0.0
949,20969,Dylan Sherwood,UNC Wilmington,0.0,0.8,0.3333333333333333,0.9230769230769231
950,20972,Shawn Kemp Jr.,Washington,0.9473684210526315,0.8043478260869565,0.6,0.0
951,20974,Mike Caffey,Long Beach St.,0.0,0.2,0.12,0.6666666666666666
952,20989,Javon McKay,Tennessee Tech,0.3333333333333333,0.46153846153846156,0.42857142857142855,1.0
953,20990,Mitchell Hill,Tennessee Tech,0.0,0.0,0.0,0.0
954,21000,Bobby Garbade,Princeton,0.0,0.0,0.0,0.0
955,21004,Clay Wilson,Princeton,0.0,0.7777777777777778,0.0,0.8823529411764706
956,21007,Gavin Hoffmann,San Francisco,0.0,0.5,0.0,1.0
957,21014,Justin Burrell,Holy Cross,0.0,0.08,0.07407407407407407,0.7906976744186046
958,21015,Lucky Jones,Robert Morris,1.0,0.2391304347826087,0.4722222222222222,0.9428571428571428
959,21027,Kevin Pangos,Gonzaga,0.0,0.2,0.2,0.8271604938271605
960,21035,Colin Kelly,Saint Joseph's,0.0,1.0,0.0,0.0
961,21039,Jacob Parker,Stephen F. Austin,0.7878787878787878,0.6907216494845361,0.6666666666666666,1.0
962,21049,Marc Brown,Illinois Chicago,0.0,0.3902439024390244,0.3333333333333333,1.0
963,21060,Corey Schaefer,Lehigh,0.0,0.36363636363636365,0.3404255319148936,0.9354838709677419
964,21062,Stefan Cvrkalj,Lehigh,0.0,0.5,1.0,0.9666666666666667
965,21067,Nick Johnson,Arizona,0.7586206896551724,0.6829268292682927,0.2786885245901639,0.8064516129032258
966,21074,Evan Hymes,Siena,0.0,0.26,0.125,0.8285714285714286
967,21075,Cody Mann,FIU,0.0,0.058823529411764705,0.0,0.6470588235294118
968,21077,Chandler Thomas,Grambling St.,0.8,0.2916666666666667,0.5714285714285714,0.8
969,21078,Chad Calcaterra,North Dakota,0.6666666666666666,0.8421052631578947,0.7142857142857143,0.0
970,21084,Cedrick Lang,UTEP,0.6666666666666666,0.6470588235294118,0.5789473684210527,0.0
971,21098,Deville Smith,UNLV,0.0,0.09302325581395349,0.22727272727272727,0.6222222222222222
972,21104,Nikolas Skouen,Pepperdine,0.0,0.2,0.5555555555555556,0.8695652173913043
973,21105,Juan Anderson,Marquette,0.0,0.3333333333333333,0.0,1.0
974,21106,Todd Mayo,Marquette,0.0,0.38095238095238093,0.3684210526315789,0.92
975,21107,Chad Holley,UMass Lowell,0.0,0.22857142857142856,0.1,0.7037037037037037
976,21111,Alexander Barlow,Butler,0.0,0.07142857142857142,0.058823529411764705,0.918918918918919
977,21112,Myles Mack,Rutgers,0.0,0.16666666666666666,0.2,0.676923076923077
978,21125,John Cain Carney,Boston College,0.0,0.0,0.0,0.0
979,21126,Jack Bentz,Wyoming,0.0,0.0,0.0,0.0
980,21138,Greg Dorleus,Charleston Southern,0.0,0.0,0.0,0.0
981,21139,Cedrick Bowen,Charleston Southern,0.85,0.7169811320754716,0.2727272727272727,0.0
982,21141,Youssou Ndoye,St. Bonaventure,0.6785714285714286,0.6046511627906976,0.6875,0.0
983,21146,Will Johnston,Virginia Tech,0.0,0.0,0.0,0.9629629629629629
984,21154,Tim Dixon,Georgia,0.0,0.0,0.5714285714285714,0.0
985,21207,David Appolon,Robert Morris,0.3333333333333333,0.2564102564102564,0.3,0.75
986,21213,Yannick Atanga,Santa Clara,1.0,0.6875,0.4,0.0
987,21229,Jacquez Rozier,Middle Tennessee,0.0,0.5172413793103449,0.42857142857142855,0.0
988,21231,Joseph Edwards,Purdue Fort Wayne,1.0,0.4909090909090909,0.38095238095238093,0.9
989,21232,Montrael Scott,Prairie View A&M,0.0,0.2857142857142857,0.2391304347826087,0.875
990,21234,Darrun Hilliard,Villanova,0.5555555555555556,0.4057971014492754,0.16666666666666666,0.8428571428571429
991,21242,Emmanuel Okoroba,Hampton,0.0,0.4666666666666667,0.43478260869565216,0.0
992,21243,Dan Trist,Lafayette,0.5,0.5308641975308642,0.589041095890411,0.0
993,21253,Quincy Drye,High Point,0.0,0.0,0.0,0.0
994,21264,Marcus Damas,Towson,0.25,0.352112676056338,0.21052631578947367,0.9285714285714286
995,21290,Traevon Jackson,Wisconsin,0.0,0.07317073170731707,0.06382978723404255,0.5588235294117647
996,21292,Frank Kaminsky,Wisconsin,0.875,0.4732142857142857,0.3695652173913043,0.918918918918919
997,21297,Evan Wessel,Wichita St.,0.0,0.5,0.0,0.6666666666666666
998,21298,R.J. Price,Radford,0.0,0.20512820512820512,0.10714285714285714,0.9041095890410958
999,21299,Daquan Holiday,NJIT,0.0,0.47368421052631576,0.25,0.0
1000,21300,Connor Miller,Samford,0.0,0.36363636363636365,0.2,0.9
1001,21307,Anthony Hickey,LSU,0.0,0.29411764705882354,0.047619047619047616,0.6935483870967742
1002,21309,Mo Hughley,Eastern Michigan,0.0,0.38461538461538464,0.0,0.0
1003,21311,Zach Lamb,Cal St. Bakersfield,0.0,0.2857142857142857,0.21428571428571427,0.6666666666666666
1004,21315,Johnny O'Bryant III,LSU,0.95,0.48484848484848486,0.3627450980392157,1.0
1005,21321,Devareaux Manley,Kent St.,0.0,0.16666666666666666,0.0,0.863013698630137
1006,21324,Anthony Odunsi,Albany,0.0,0.0,0.0,0.0
1007,21328,Joey Getz,UMBC,0.0,0.1111111111111111,0.2857142857142857,0.3333333333333333
1008,21329,Todd Halvorsen,East Tennessee St.,0.0,0.0,0.0,0.6666666666666666
1009,21332,Brice Kofane,Providence,0.6666666666666666,0.42857142857142855,0.0,0.0
1010,21334,Carlton Brundidge,Detroit Mercy,1.0,0.1875,0.23076923076923078,0.875
1011,21335,Ravon Harris,Niagara,0.75,0.39655172413793105,1.0,1.0
1012,21355,Evan Maschmeyer,Saint Joseph's,0.0,0.6666666666666666,0.0,1.0
1013,21356,Spencer Barks,Maryland,0.0,0.0,0.0,0.0
1014,21357,Phil Gaetano,Sacred Heart,0.0,0.14285714285714285,0.0,0.6511627906976745
1015,21371,Johnathan Jordan,Texas A&M Corpus Chris,0.2857142857142857,0.15853658536585366,0.04878048780487805,0.5
1016,21386,Jeremy Bogus,Jacksonville,0.0,1.0,0.0,0.5
1017,21395,Kameron Woods,Butler,0.6875,0.3783783783783784,0.3888888888888889,0.0
1018,21399,Andre Hollins,Minnesota,1.0,0.35135135135135137,0.3125,0.7538461538461538
1019,21413,Tom Tankelewicz,Western Carolina,1.0,0.3125,0.2727272727272727,0.9473684210526315
1020,21420,Jackson Simmons,North Carolina,0.0,0.75,0.6666666666666666,0.0
1021,21422,Johnny Dee,San Diego,0.0,0.275,0.22727272727272727,0.7191011235955056
1022,21431,Seth Gearhart,Rice,0.0,0.5333333333333333,0.6,0.9166666666666666
1023,21436,Royce O'Neale,Baylor,0.0,0.36,0.2,0.8846153846153846
1024,21438,Brett Olson,Denver,0.0,0.2826086956521739,0.14814814814814814,0.84375
1025,21439,Amir Williams,Ohio St.,0.8484848484848485,0.5487804878048781,0.21052631578947367,0.0
1026,21441,Shayne Whittington,Western Michigan,0.896551724137931,0.6160714285714286,0.4393939393939394,1.0
1027,21446,Kyle Vinales,Central Connecticut,0.0,0.18421052631578946,0.0,0.5849056603773585
1028,21455,Keenan Wetzel,Michigan St.,0.0,0.5,0.0,1.0
1029,21465,Stephon Whyatt,Saint Francis,0.75,0.3023255813953488,0.0,0.8461538461538461
1030,21469,Kyle Anderson,Delaware,1.0,0.36363636363636365,0.3888888888888889,0.9058823529411765
1031,21472,Austin Tillotson,Colgate,0.0,0.25609756097560976,0.4166666666666667,0.6285714285714286
1032,21473,Tyler Hood,Samford,1.0,0.6170212765957447,0.375,1.0
1033,21483,Marek Soucek,Oklahoma St.,0.0,0.5,1.0,0.0
1034,21506,Joey Ptasinski,Lafayette,0.0,0.46153846153846156,0.0625,0.8026315789473685
1035,21534,Anthony Henderson,Bowling Green,0.0,0.42,0.7333333333333333,0.9130434782608695
1036,21562,John Golden,Dartmouth,0.7692307692307693,0.43243243243243246,0.23809523809523808,0.8666666666666667
1037,21565,Thair Heath,Morgan St.,1.0,0.5,0.0,0.0
1038,21569,Nick Kazemi,UCLA,0.0,0.0,0.0,0.0
1039,21570,Trey Norris,South Dakota,0.0,0.1,0.058823529411764705,0.625
1040,21571,Anthony Collins,South Florida,0.0,0.0,0.0,0.14285714285714285
1041,21573,Matt Smith,Toledo,0.5,0.18181818181818182,0.5,0.9615384615384616
1042,21582,Kristijan Krajina,Mount St. Mary's,1.0,0.7692307692307693,0.6666666666666666,1.0
1043,21598,Zavion Williams,Austin Peay,0.0,0.21875,0.24,0.9375
1044,21599,David Carr,Portland,0.0,0.0,0.2857142857142857,1.0
1045,21608,Karl Cochran,Wofford,0.0,0.14705882352941177,0.5641025641025641,0.8591549295774648
1046,21609,John Swinton,Wofford,0.0,0.2857142857142857,0.3333333333333333,1.0
1047,21611,Lee Skinner,Wofford,0.0,0.47058823529411764,0.28125,0.6666666666666666
1048,21613,Markese Tucker,Saint Peter's,0.0,0.5,1.0,0.0
1049,21632,Shaquille Duncan,Morgan St.,0.8235294117647058,0.6304347826086957,0.6,0.0
1050,21634,Deji Ibitayo,Akron,0.8571428571428571,0.2962962962962963,0.0,0.9230769230769231
1051,21649,Jordan Green,Texas A&M,0.8571428571428571,0.42592592592592593,0.4166666666666667,0.9473684210526315
1052,21661,Askia Booker,Colorado,0.0,0.13846153846153847,0.140625,0.6216216216216216
1053,21663,Z. Mason,Chattanooga,0.4375,0.5268817204301075,0.46511627906976744,0.8888888888888888
1054,21664,Mo Williams,Army,0.0,1.0,0.2,0.9473684210526315
1055,21665,Damarkeo Lyshe,Bowling Green,0.0,0.6666666666666666,1.0,0.7142857142857143
1056,21672,Derrick Wilson,Marquette,0.0,0.18421052631578946,0.045454545454545456,1.0
1057,21684,Rod Hall,Clemson,1.0,0.13114754098360656,0.1111111111111111,0.6363636363636364
1058,21685,Carson Fields,Clemson,0.0,0.0,0.0,0.0
1059,21688,Donta Harper,Gardner Webb,0.8571428571428571,0.45454545454545453,0.42105263157894735,0.0
1060,21689,Corey Hensley,Gardner Webb,0.0,0.0,1.0,0.0
1061,21690,John Schoof,American,0.0,0.6538461538461539,0.5555555555555556,0.9154929577464789
1062,21695,Mario Moody,Wagner,0.65625,0.5769230769230769,0.46153846153846156,0.7777777777777778
1063,21701,Sebastian Douglas,Cleveland St.,0.5,0.36666666666666664,0.5,1.0
1064,21702,Brent Jones,St. Francis NY,0.0,0.24390243902439024,0.0,0.7
1065,21714,Dimitri Batten,Old Dominion,0.0,0.19117647058823528,0.15384615384615385,0.9069767441860465
1066,21716,Christian Garrett,Kansas,0.0,0.0,0.0,0.0
1067,21720,Chris Jones,North Texas,0.0,0.16216216216216217,0.08823529411764706,0.6
1068,21751,Kevin Shaw,Georgia St.,0.0,0.0,0.0,1.0
1069,21757,A.J. Kemp,Rhode Island,0.0,0.0,0.0,0.0
1070,21776,Marquis Barnett,Quinnipiac,0.0,0.0,1.0,0.0
1071,21782,Noah Springwater,Columbia,0.0,0.0,0.0,1.0
1072,21783,Cory Osetkowski,Columbia,0.8,0.3870967741935484,0.3076923076923077,0.9285714285714286
1073,21798,Myles Taylor,Tennessee Martin,0.6666666666666666,0.5211267605633803,0.6458333333333334,0.875
1074,21804,Jarvis Threatt,Delaware,0.6153846153846154,0.15789473684210525,0.030303030303030304,0.7
1075,21805,Dee Davis,Xavier,0.0,0.4230769230769231,0.46153846153846156,0.7692307692307693
1076,21807,Delbert Love,Kennesaw St.,0.0,0.1794871794871795,0.08333333333333333,0.8888888888888888
1077,21808,Joey van Zegeren,Virginia Tech,0.6666666666666666,0.5285714285714286,0.2857142857142857,0.0
1078,21810,Brandon Bos,South Dakota,0.0,0.25925925925925924,0.3448275862068966,0.7105263157894737
1079,21811,Seth Hinrichs,Lafayette,0.5,0.28125,0.35714285714285715,0.7105263157894737
1080,21813,Le'Bryan Nash,Oklahoma St.,0.6206896551724138,0.43243243243243246,0.29310344827586204,0.0
1081,21815,Emerson Bursis,Rider,0.0,0.0,0.0,0.0
1082,21816,William Truss,Presbyterian,0.0,0.6074766355140186,0.42857142857142855,1.0
1083,21817,Russell McCray,Presbyterian,0.0,0.0,0.0,0.0
1084,21849,Marcus Blake,Florida Gulf Coast,0.0,0.75,1.0,0.0
1085,21852,Jibri Bryan,Mercer,0.0,0.0,0.3333333333333333,0.8571428571428571
1086,21854,Josh Henderson,Vanderbilt,1.0,0.6153846153846154,0.75,0.0
1087,21855,James Siakam,Vanderbilt,0.9375,0.696969696969697,0.4,0.0
1088,21860,Xavier Thames,San Diego St.,0.0,0.11904761904761904,0.036585365853658534,0.5
1089,21864,Darious Moten,Mercer,0.5833333333333334,0.40625,0.5555555555555556,0.8333333333333334
1090,21866,Colby Wollenman,Michigan St.,0.0,0.0,0.0,0.0
1091,21870,Will Childs-Klein,Yale,0.0,0.0,1.0,1.0
1092,21871,Brandon Sherrod,Yale,0.8,0.58,0.5652173913043478,0.0
1093,21872,Corey Littlejohn,UNC Asheville,0.0,0.3235294117647059,0.25,0.9375
1094,21881,David Rivers,Nebraska,1.0,0.38461538461538464,0.5714285714285714,1.0
1095,21893,Michael Gbinije,Syracuse,1.0,0.7142857142857143,0.16666666666666666,0.8666666666666667
1096,21926,Louis Munks,Prairie View A&M,0.5,0.3488372093023256,0.16666666666666666,0.6666666666666666
1097,21936,Antonio Kalpic,Campbell,0.0,0.0,0.0,0.0
1098,21939,Steven Kaspar,Bucknell,0.0,0.09090909090909091,0.0,1.0
1099,21940,Rashad Smith,Tulsa,0.8666666666666667,0.5764705882352941,0.5121951219512195,1.0
1100,21942,John Johnson,Penn St.,0.0,0.5,0.0,0.47619047619047616
1101,21943,Malcolm Gilbert,Fairfield,1.0,0.7272727272727273,0.7,0.0
1102,21951,Tekele Cotton,Wichita St.,0.4666666666666667,0.37254901960784315,0.15625,0.9767441860465116
1103,21957,Jordan Threloff,Northern Illinois,0.8333333333333334,0.47619047619047616,0.5,0.0
1104,21960,Jaren Jeffery,Southern Utah,0.6,0.7,0.6296296296296297,1.0
1105,21964,Fletcher Larson,Youngstown St.,0.0,0.6666666666666666,1.0,0.0
1106,21968,Arlon Harper,Charleston Southern,0.0,0.0784313725490196,0.17391304347826086,0.75
1107,21972,Devin Joint,South Carolina St.,0.6666666666666666,0.47058823529411764,0.5,0.0
1108,21978,Matt Hagerbaumer,Nebraska Omaha,0.92,0.8717948717948718,1.0,0.0
1109,21987,Paris Roberts-Campbell,East Carolina,0.0,0.23076923076923078,0.11764705882352941,0.9056603773584906
1110,21997,Justin Harris,Quinnipiac,0.0,0.4,1.0,0.0
1111,21999,Keifer Sykes,Green Bay,0.7142857142857143,0.42718446601941745,0.26666666666666666,0.7
1112,22000,Mike Moser,Oregon,0.6923076923076923,0.5161290322580645,0.45098039215686275,0.9285714285714286
1113,22002,God'Sgift Achiuwa,St. John's,0.9166666666666666,0.6956521739130435,0.4,0.0
1114,22005,David Brown,UCLA,0.0,0.0,0.0,0.0
1115,22006,Norman Powell,UCLA,0.5833333333333334,0.4811320754716981,0.2962962962962963,0.95
1116,22021,Kendall Anthony,Richmond,0.0,0.14705882352941177,0.3,0.8658536585365854
1117,22032,Oliver Ellison,Howard,0.6153846153846154,0.43478260869565216,0.14285714285714285,0.0
1118,22039,Neil Watson,Southern Miss,0.0,0.3333333333333333,0.23529411764705882,0.873015873015873
1119,22053,Joseph Thomas,Niagara,0.8,0.5531914893617021,0.0,0.0
1120,22054,Dj Cole,Youngstown St.,0.0,0.2564102564102564,0.0,0.8947368421052632
1121,22061,James King,Texas A&M Corpus Chris,0.0,0.0,0.0,0.0
1122,22064,Sebastian Norman,Lamar,0.0,0.5,0.7142857142857143,0.0
1123,22068,Joe Crisman,Loyola Chicago,0.0,0.45714285714285713,0.18181818181818182,1.0
1124,22072,Max Martino,Northern Iowa,0.0,0.0,0.25,0.9333333333333333
1125,22074,Christian Thomas,Loyola Chicago,0.8,0.7065217391304348,0.6222222222222222,1.0
1126,22075,Ryan Canty,Fordham,1.0,0.5217391304347826,0.4,0.0
1127,22080,Brian Brown,VMI,0.0,0.14285714285714285,0.1,1.0
1128,22081,Christian Burton,VMI,0.0,0.0,0.0,0.0
1129,22084,Russell Byrd,Michigan St.,0.0,0.3333333333333333,0.0,1.0
1130,22086,Jarid Watson,VMI,0.3333333333333333,0.16666666666666666,1.0,0.0
1131,22087,Jack Foley,South Dakota,0.0,0.0,0.0,0.0
1132,22105,Nate Austin,BYU,0.2,0.35,0.75,1.0
1133,22106,Josh Sharp,BYU,1.0,0.9090909090909091,0.6666666666666666,0.0
1134,22107,Matt Carlino,BYU,1.0,0.1702127659574468,0.15384615384615385,0.8333333333333334
1135,22115,Kyle Noreen,Radford,0.6666666666666666,0.4444444444444444,0.3333333333333333,0.8
1136,22137,K.J. McDaniels,Clemson,0.49122807017543857,0.37272727272727274,0.21052631578947367,0.8333333333333334
1137,22141,Worth Smith,Navy,0.6363636363636364,0.4935064935064935,0.6,1.0
1138,22143,Mike Weisner,Montana,0.0,0.7333333333333333,0.5384615384615384,0.9772727272727273
1139,22149,James Hajek,Weber St.,0.0,0.0,0.0,0.0
1140,22152,Jacob Susskind,Maryland,0.0,0.0,0.0,0.0
1141,22153,Brandon Venturini,Navy,0.0,0.20454545454545456,0.24,0.6607142857142857
1142,22158,Mike Powell,Rhode Island,0.0,0.0,0.0,0.5
1143,22171,Oliver Wells,Central Arkansas,0.0,0.0,0.0,0.625
1144,22184,Brandan Kearney,Arizona St.,0.0,0.3333333333333333,0.0,0.3333333333333333
1145,22188,Jamil Wilson,Marquette,0.5833333333333334,0.4186046511627907,0.4918032786885246,1.0
1146,22192,Marcus Burton,Wagner,0.0,0.15384615384615385,0.19047619047619047,0.6046511627906976
1147,22196,Cory Jefferson,Baylor,0.7611940298507462,0.62,0.5254237288135594,1.0
1148,22197,Fred Chatmon,UMKC,0.8666666666666667,0.5641025641025641,0.47058823529411764,1.0
1149,22208,Sir'Dominic Pointer,St. John's,0.5,0.40816326530612246,0.4,1.0
1150,22222,Jordan Robertson,UNC Greensboro,0.0,0.0,0.0,0.0
1151,22228,Jarell Flora,Seattle,0.6666666666666666,0.3103448275862069,0.08333333333333333,0.8727272727272727
1152,22233,Ben Dillard,Little Rock,0.0,0.5833333333333334,0.5714285714285714,1.0
1153,22244,Austin Keel,Central Michigan,0.0,0.47368421052631576,0.4,0.75
1154,22251,Ladarius White,Mississippi,0.0,0.08695652173913043,0.09375,0.72
1155,22252,Maurice Aniefiok,North Texas,0.0,0.2727272727272727,0.23076923076923078,0.7894736842105263
1156,22255,Will Cummings,Temple,0.5,0.23711340206185566,0.13793103448275862,0.71875
1157,22258,Chris Nsenki,Southern Utah,0.0,0.0,0.5,1.0
1158,22270,Chudier Pal,UNC Asheville,0.0,0.5714285714285714,0.5,0.0
1159,22272,Rakeem Dickerson,Arkansas St.,0.0,0.5,0.0,0.7692307692307693
1160,22275,Marlin Mason,Cleveland St.,0.625,0.4594594594594595,0.35714285714285715,1.0
1161,22278,Tyshawn Bell,Delaware St.,0.0,0.6470588235294118,0.4444444444444444,0.972972972972973
1162,22281,Stephen Gossard,Wright St.,0.0,1.0,0.0,0.0
1163,22285,Kris Brewer,Kent St.,0.0,0.09090909090909091,0.041666666666666664,0.5897435897435898
1164,22292,Tab Hamilton,Appalachian St.,0.0,0.17647058823529413,0.3333333333333333,0.8695652173913043
1165,22294,Davis Rozitis,Hawaii,1.0,0.75,0.45454545454545453,0.0
1166,22321,Earl Brown,Saint Francis,0.8947368421052632,0.4358974358974359,0.22727272727272727,1.0
1167,22327,Albert Nassar,Syracuse,0.0,0.0,0.0,0.0
1168,22344,Hamilton Bailey,Samford,0.0,0.0,0.0,0.0
1169,22354,Mikael Hopkins,Georgetown,0.6666666666666666,0.42,0.5238095238095238,1.0
1170,22355,Clark Lammert,Texas Tech,0.0,0.0,0.0,0.0
1171,22358,Brandon Mobley,Seton Hall,0.9090909090909091,0.625,0.5,0.9285714285714286
1172,22359,Ramon Eaton,North Carolina Central,0.0,0.8,0.0,0.0
1173,22369,Phil Greene,St. John's,0.3333333333333333,0.2857142857142857,0.358974358974359,0.9666666666666667
1174,22370,Brendan Keane,Northern Colorado,1.0,0.5,0.0,1.0
1175,22372,Tim Huskisson,Northern Colorado,0.2727272727272727,0.2571428571428571,0.375,0.9130434782608695
1176,22373,Luke Roh,Colgate,1.0,0.5833333333333334,0.46153846153846156,1.0
1177,22374,Drew Mellon,Arizona,0.0,0.0,0.0,0.0
1178,22375,Matt McMullen,Colgate,0.0,0.3125,0.16666666666666666,0.9375
1179,22390,Jalen Carethers,Radford,0.7777777777777778,0.46875,0.2894736842105263,0.0
1180,22391,Javonte Green,Radford,0.5957446808510638,0.4714285714285714,0.3076923076923077,1.0
1181,22394,Devin Cherry,Cornell,0.0,0.11392405063291139,0.19047619047619047,0.8235294117647058
1182,22396,Tristan Spurlock,UCF,0.5,0.38181818181818183,0.3333333333333333,0.9111111111111111
1183,22400,Deion Giddens,Cornell,0.5714285714285714,0.55,0.0,0.0
1184,22401,Nenad Tomic,Cornell,0.0,0.55,0.625,0.0
1185,22402,Jimmy McDonnell,Temple,0.0,0.7142857142857143,0.0,1.0
1186,22406,Donovan Williams,Louisiana,0.0,0.0,0.0,0.0
1187,22420,Marvin Frazier,Northwestern St.,0.625,0.5428571428571428,0.2857142857142857,1.0
1188,22426,Lenell Brown,Central Arkansas,0.5,0.6,0.14285714285714285,0.6470588235294118
1189,22429,Ali Mackay,Davidson,1.0,1.0,0.0,1.0
1190,22430,Tristan Carey,Longwood,0.625,0.3559322033898305,0.2571428571428571,0.8554216867469879
1191,22434,Jerrell Wright,La Salle,0.7222222222222222,0.5193798449612403,0.41935483870967744,0.0
1192,22435,Steve Zack,La Salle,1.0,0.5961538461538461,0.5416666666666666,0.0
1193,22436,D.J. Peterson,La Salle,0.0,0.5263157894736842,0.5,1.0
1194,22439,Richard Ross,Old Dominion,0.6410256410256411,0.576271186440678,0.3870967741935484,0.0
1195,22442,Derrick Boone,Loyola Chicago,0.0,0.0,0.0,0.0
1196,22447,Clayton Graham,Colgate,1.0,0.6818181818181818,0.6666666666666666,0.0
1197,22450,Nemanja Djurisic,Georgia,0.5,0.5869565217391305,0.1875,0.96875
1198,22476,Henry Brooks,Penn,0.0,0.6363636363636364,0.9032258064516129,0.0
1199,22477,Camryn Crocker,Penn,0.0,0.0,0.0,0.0
1200,22479,Patrick Lucas-Perry,Penn,0.0,1.0,0.0,1.0
1201,22481,Aaron Peek,Georgia Tech,0.0,1.0,0.0,0.0
1202,22483,Max Jacobsen,Northern Arizona,0.0,0.43243243243243246,0.25609756097560976,1.0
1203,22502,Austin McBroom,Saint Louis,0.0,0.16666666666666666,0.17647058823529413,0.6744186046511628
1204,22504,Jaqawn Raymond,Middle Tennessee,1.0,0.6363636363636364,0.18181818181818182,0.9047619047619048
1205,22506,Jules Montgomery,Prairie View A&M,0.75,0.5882352941176471,0.48148148148148145,1.0
1206,22529,Taariq Cephas,Coppin St.,0.0,0.06666666666666667,0.09090909090909091,0.75
1207,22546,Hikeem Stewart,Washington,0.0,0.0,1.0,1.0
1208,22547,Brandon St. Louis,Coppin St.,0.0,0.5294117647058824,0.5,0.0
1209,22573,Timmy Knipp,Eastern Kentucky,0.0,0.1111111111111111,0.0,1.0
1210,22590,Darion Rackley,Jacksonville St.,0.75,0.43103448275862066,0.1875,0.9285714285714286
1211,22595,Sterling Gibbs,Seton Hall,0.0,0.27419354838709675,0.13333333333333333,0.41935483870967744
1212,22613,Jabril Trawick,Georgetown,0.75,0.5245901639344263,0.2857142857142857,1.0
1213,22618,Kyle Sikora,Stetson,1.0,0.6428571428571429,1.0,0.0
1214,22622,Chris Longoria,Samford,0.0,0.3125,0.25,1.0
1215,22623,Ben Dickinson,Loyola Marymount,0.0,0.6333333333333333,0.5555555555555556,0.0
1216,22628,Tom Schalk,William & Mary,0.0,0.0,0.0,0.0
1217,22631,Aaron White,Iowa,0.803921568627451,0.6635514018691588,0.5714285714285714,1.0
1218,22633,Josh Oglesby,Iowa,0.0,1.0,0.5333333333333333,0.9354838709677419
1219,22634,Brian Williams,Oklahoma St.,0.6923076923076923,0.46938775510204084,0.4444444444444444,1.0
1220,22636,Marek Olesinski,Air Force,0.0,0.53125,0.3333333333333333,1.0
1221,22665,Hameed Ali,Texas A&M Corpus Chris,0.0,0.34782608695652173,0.2894736842105263,1.0
1222,22666,Brady Heslip,Baylor,0.0,0.5555555555555556,0.25,0.8727272727272727
1223,22670,Adjehi Baru,Charleston,0.9285714285714286,0.68,0.20930232558139536,0.0
1224,22673,Kamryn Williams,Air Force,0.5,0.37777777777777777,0.16,1.0
1225,22674,Justin Hammonds,Air Force,0.0,0.6530612244897959,0.5,1.0
1226,22675,Max Yon,Air Force,0.8333333333333334,0.603448275862069,0.34782608695652173,1.0
1227,22676,Tracy Abrams,Illinois,0.0,0.10204081632653061,0.05714285714285714,0.8333333333333334
1228,22677,Josh Piper,Eastern Illinois,0.0,0.4,0.5625,1.0
1229,22678,Jimmie Jones,Houston,0.0,0.0,0.0,0.0
1230,22679,Stephan Hicks,Cal St. Northridge,0.6363636363636364,0.5092592592592593,0.4027777777777778,0.8888888888888888
1231,22684,Justin Gant,Indiana St.,0.6,0.4897959183673469,0.6666666666666666,0.8846153846153846
1232,22689,Michale Kyser,Louisiana Tech,0.8863636363636364,0.6790123456790124,0.65,0.0
1233,22695,Danny Farrell,St. Bonaventure,0.0,0.0,0.0,0.0
1234,22698,Spencer Turner,Belmont,0.0,1.0,0.0,1.0
1235,22699,Yous Mbao,Marshall,1.0,0.6666666666666666,1.0,0.0
1236,22703,Larry Brown,Winthrop,0.7777777777777778,0.3684210526315789,0.5714285714285714,0.0
1237,22706,Jay Hook,Tulane,0.5,0.3,0.1111111111111111,0.9102564102564102
1238,22709,Jarred Guest,VCU,0.75,0.47058823529411764,0.5,1.0
1239,22710,Treveon Graham,VCU,0.0,0.14666666666666667,0.23076923076923078,0.896551724137931
1240,22713,Jacob Kurtz,Florida,0.0,0.6666666666666666,0.5,0.0
1241,22724,Avery Dingman,Creighton,1.0,0.7307692307692307,0.3333333333333333,1.0
1242,22725,Rob Poole,Siena,0.0,0.5074626865671642,0.42105263157894735,0.8873239436619719
1243,22729,Daniel Alexander,Grand Canyon,0.8,0.4583333333333333,0.46153846153846156,0.7758620689655172
1244,22732,Wes Cole,Hartford,0.0,0.3,0.09090909090909091,0.9615384615384616
1245,22733,Cal Hanks,Southern Utah,1.0,0.8,0.7777777777777778,0.0
1246,22734,Tim Brennan,Western Michigan,0.0,0.0,0.0,0.0
1247,22739,Jodd Maxey,USC Upstate,0.9166666666666666,0.765625,0.851063829787234,0.0
1248,22740,D'Andre Bullard,Florida A&M,0.0,0.26666666666666666,0.42857142857142855,0.8333333333333334
1249,22742,Eividas Petrulis,Saint Mary's,0.0,0.0,0.0,1.0
1250,22745,Justin Heller,Miami FL,0.0,0.0,0.0,0.0
1251,22746,Dennis Clifford,Boston College,1.0,0.5,1.0,0.0
1252,22751,Gabriel Olaseni,Iowa,0.7692307692307693,0.49122807017543857,0.6923076923076923,0.0
1253,22754,John Karhoff,Nebraska Omaha,0.0,0.711864406779661,0.4418604651162791,1.0
1254,22755,Tyrone Johnson,South Carolina,0.0,0.21739130434782608,0.19047619047619047,1.0
1255,22757,Javier Duren,Yale,0.0,0.1590909090909091,0.28,0.7441860465116279
1256,22761,Eddie Odio,Boston College,0.7857142857142857,0.5185185185185185,1.0,0.9375
1257,22766,Erik Copes,George Mason,0.8,0.5925925925925926,0.6086956521739131,0.0
1258,22771,Tevin Svihovec,Northern Colorado,0.6666666666666666,0.175,0.07142857142857142,0.8421052631578947
1259,22776,James Michael McAdoo,North Carolina,0.6857142857142857,0.5408163265306123,0.5333333333333333,0.0
1260,22779,Julian Washburn,UTEP,0.6666666666666666,0.52,0.43333333333333335,0.8297872340425532
1261,22781,Tre Duncan,High Point,0.0,0.0,0.0,0.0
1262,22802,Martynas Bareika,Chattanooga,0.0,0.11538461538461539,0.2222222222222222,0.8627450980392157
1263,22804,Simi Fajemisin,San Diego,1.0,0.6153846153846154,0.8333333333333334,0.0
1264,22812,Will Davis II,UC Irvine,0.7727272727272727,0.6867469879518072,0.5370370370370371,0.0
1265,22814,Armani Cotton,Yale,0.0,0.4358974358974359,0.125,0.8333333333333334
1266,22817,Vaughn Gray,George Mason,0.0,0.8,0.25,0.9
1267,22818,Corey Edwards,George Mason,0.0,0.0,0.25,0.5555555555555556
1268,22820,Ryan Sawvell,Evansville,1.0,0.75,1.0,0.0
1269,22823,Preston Medlin,Utah St.,1.0,0.5333333333333333,0.3,0.7761194029850746
1270,22835,Holden Mobley,Belmont,0.0,0.3333333333333333,0.0,0.0
1271,22869,Conroy Baltimore,Lehigh,1.0,0.6,0.5,0.0
1272,22870,Wesley Saunders,Harvard,0.625,0.2898550724637681,0.17857142857142858,0.8888888888888888
1273,22873,Ladontae Henton,Providence,0.8333333333333334,0.4457831325301205,0.4594594594594595,0.9375
1274,22879,Matthew Mazzara,Saint Francis,0.0,0.0,0.0,0.0
1275,22885,John Kopriva,George Washington,0.0,0.375,0.6,0.0
1276,22906,Kevin Dunleavy Jr.,SMU,0.0,0.5,0.0,0.0
1277,22909,Charlie Lee,Cleveland St.,0.0,0.043478260869565216,0.1875,0.5128205128205128
1278,22912,Khristian Taylor,Tennessee Martin,0.0,0.0,0.4,0.0
1279,22918,Terrence Williams,Charlotte,0.6666666666666666,0.41379310344827586,0.23529411764705882,0.8125
1280,22920,Corey Hilliard,San Francisco,0.0,0.0,0.0,1.0
1281,22942,Aaron Jones,Mississippi,0.8,0.5961538461538461,0.8275862068965517,1.0
1282,22956,C.J. Blackwell,Loyola Marymount,0.0,0.7142857142857143,0.6666666666666666,0.96
1283,22962,Kris Davis,SIU Edwardsville,0.6363636363636364,0.24324324324324326,0.05555555555555555,0.9354838709677419
1284,22967,Kendall Gray,Delaware St.,0.66,0.5060240963855421,0.5405405405405406,0.0
1285,22969,T.J. Price,Western Kentucky,1.0,0.14583333333333334,0.27586206896551724,0.6521739130434783
1286,22979,Taylor Brown,Utah Valley,0.0,1.0,0.0,1.0
1287,22985,Max Dileo,Monmouth,0.5714285714285714,0.35714285714285715,0.3333333333333333,0.8148148148148148
1288,22986,Charles McKinney,DePaul,0.6,0.5483870967741935,0.3,0.0
1289,22991,Craig McFerrin,McNeese St.,0.8571428571428571,0.6621621621621622,0.5862068965517241,0.0
1290,22992,Desharick Guidry,McNeese St.,1.0,0.5660377358490566,0.5,0.7857142857142857
1291,22996,Quincy Ford,Northeastern,0.0,1.0,1.0,0.6666666666666666
1292,23001,Marquel McKinney,Sam Houston St.,0.0,0.8,0.0,1.0
1293,23002,O'Karo Akamune,Western Kentucky,0.0,0.3793103448275862,0.0,0.0
1294,23004,Jermaine Sanders,Cincinnati,0.0,0.6111111111111112,0.2857142857142857,1.0
1295,23017,Connor Hill,Idaho,0.0,0.5,0.4411764705882353,0.968421052631579
1296,23019,C.J. Mitchell,Oregon St.,0.0,0.0,0.0,0.0
1297,23020,Alan Williams,UC Santa Barbara,1.0,0.6506024096385542,0.6528925619834711,0.0
1298,23042,Jake Kitchell,Indiana St.,0.0,0.7083333333333334,1.0,1.0
1299,23048,Rashad Madden,Arkansas,0.2,0.37254901960784315,0.0,0.88
1300,23049,Dominick Scelfo,Cornell,0.0,1.0,0.3333333333333333,0.9333333333333333
1301,23051,Aaron Wright,UC Irvine,0.0,0.20689655172413793,0.14285714285714285,1.0
1302,23052,Mike Best,UC Irvine,0.75,0.9375,0.5909090909090909,1.0
1303,23055,Riley Grabau,Wyoming,0.0,0.2857142857142857,0.75,0.828125
1304,23077,Ryann Green,Georgia St.,0.0,0.5,0.0,0.0
1305,23079,Zaid Hearst,Quinnipiac,0.0,0.1346153846153846,0.4807692307692308,0.9534883720930233
1306,23080,Keith Pickens,Missouri St.,0.5,0.32142857142857145,0.3,0.0
1307,23085,Kyle Kager,American,1.0,0.7450980392156863,0.16666666666666666,1.0
1308,23103,Patrick Hendley,Savannah St.,0.0,0.5,0.6,1.0
1309,23107,Gaellan Bewernick,Northern Arizona,0.8,0.4375,0.19444444444444445,0.9
1310,23108,Desmond Hubert,North Carolina,0.5,0.2857142857142857,0.0,0.0
1311,23111,Papa Ndao,Saint Joseph's,0.0,0.25,0.5,0.8823529411764706
1312,23114,Mike Neal,Appalachian St.,0.0,0.09090909090909091,0.0,0.8
1313,23125,Jonathan Gilling,Arizona St.,0.0,0.7777777777777778,0.6,0.9848484848484849
1314,23133,Ryan Staten,San Diego St.,0.0,0.0,0.0,0.0
1315,23137,Kenyatta Smith,Harvard,0.0,0.0,0.0,0.0
1316,23138,Dave LaMore,Cornell,1.0,0.8181818181818182,0.6666666666666666,0.0
1317,23139,Steve Moundou-Missi,Harvard,0.7272727272727273,0.6436781609195402,0.6333333333333333,0.0
1318,23142,Will Simonton,Illinois Chicago,0.0,0.6666666666666666,0.2,0.0
1319,23146,Odera Nweke,NJIT,0.0,0.4,1.0,0.0
1320,23151,Damarcus Harrison,Clemson,0.5714285714285714,0.2647058823529412,0.42857142857142855,1.0
1321,23153,Spencer Llewellyn,Pacific,0.0,0.0,0.0,0.0
1322,23172,Ousmane Drame,Quinnipiac,0.8421052631578947,0.41025641025641024,0.59375,0.0
1323,23176,Jose Long,Alabama A&M,0.0,0.5,0.6666666666666666,1.0
1324,23187,Nate Buss,Northern Iowa,1.0,0.4864864864864865,0.5862068965517241,0.9024390243902439
1325,23190,Isaiah Massey,Louisiana Tech,0.9166666666666666,0.9230769230769231,0.7777777777777778,1.0
1326,23192,Kyle Denning,Iowa,0.0,0.0,0.0,1.0
1327,23194,Mike Brown,Western Carolina,1.0,0.30434782608695654,0.23076923076923078,0.8461538461538461
1328,23196,Brian Darden,Hampton,0.0,0.25,0.5,0.7796610169491526
1329,23200,Rakeem Christmas,Syracuse,0.8888888888888888,0.6666666666666666,0.8421052631578947,0.0
1330,23210,John Brisco,Prairie View A&M,0.0,0.22916666666666666,0.02857142857142857,0.68
1331,23226,Travis Souza,UC Irvine,0.0,0.3333333333333333,0.0,1.0
1332,23228,Damion Lee,Drexel,0.0,0.4,0.3333333333333333,1.0
1333,23233,Bryan Smith,Fordham,0.0,0.5789473684210527,0.5,0.8421052631578947
1334,23237,Galen Campbell,Tennessee,0.0,0.0,0.0,0.0
1335,23239,Gordon Ball,Texas St.,1.0,0.5882352941176471,0.6666666666666666,0.0
1336,23253,Julius Brown,Toledo,0.0,0.14285714285714285,0.109375,0.5862068965517241
1337,23257,Travis Wallace,North Florida,0.7272727272727273,0.5677966101694916,0.3103448275862069,0.0
1338,23277,Luke Adams,Texas Tech,0.0,1.0,0.0,0.0
1339,23279,Levi Randolph,Alabama,0.6428571428571429,0.41025641025641024,0.19230769230769232,0.6774193548387096
1340,23283,Kevin Alter,Navy,0.0,1.0,0.0,0.875
1341,23286,Mike McFadden,Robert Morris,0.8333333333333334,0.4838709677419355,0.5294117647058824,0.0
1342,23288,Forrest Robinson,DePaul,0.0,0.0,0.75,1.0
1343,23296,Kazembe Abif,Drexel,1.0,0.625,0.8181818181818182,1.0
1344,23297,Danny Berger,Utah St.,0.75,0.4,0.3333333333333333,0.8333333333333334
1345,23309,Tommy McDonnell,New Hampshire,0.0,0.7272727272727273,0.0,0.5
1346,23316,Jaleel Roberts,UNC Asheville,0.7142857142857143,0.5909090909090909,0.5,0.0
1347,23318,Angelo Warner,Morehead St.,0.6,0.3956043956043956,0.36666666666666664,0.8571428571428571
1348,23329,Chris Wilson,Saint Joseph's,0.0,0.3023255813953488,0.25,0.8958333333333334
1349,23340,Ricky Johnson,Bethune Cookman,0.0,0.0,0.0,1.0
1350,23343,Isaiah McCray,Purdue Fort Wayne,0.75,0.21875,0.14285714285714285,1.0
1351,23347,Kelvin Gaines,North Texas,1.0,0.8333333333333334,0.0,0.0
1352,23349,Devin Coleman,Clemson,0.0,0.2857142857142857,0.3333333333333333,1.0
1353,23358,Tavares Sledge,Wright St.,1.0,0.7777777777777778,0.6666666666666666,1.0
1354,23364,Hayden Hoerdemann,Western Michigan,0.0,1.0,0.0,1.0
1355,23365,Austin Quick,UC Riverside,0.0,0.4166666666666667,0.25,0.75
1356,23370,Cameron Wright,Pittsburgh,1.0,0.6805555555555556,0.6428571428571429,0.9
1357,23373,Evan Conti,Quinnipiac,0.0,0.13636363636363635,0.46153846153846156,0.9047619047619048
1358,23378,Malcolm Smith,Lipscomb,0.0,0.43956043956043955,0.5,0.8571428571428571
1359,23379,Alan Flannigan,Lafayette,0.0,0.7272727272727273,0.6,1.0
1360,23382,Parker Kelly,Eastern Washington,0.0,0.20833333333333334,0.3333333333333333,0.9019607843137255
1361,23400,Damarius Smith,Austin Peay,0.7142857142857143,0.37209302325581395,0.0,0.9090909090909091
1362,23403,Matt Townsend,Yale,0.0,0.5161290322580645,0.6666666666666666,0.0
1363,23406,Gary Bell Jr.,Gonzaga,0.0,0.1891891891891892,0.2857142857142857,0.8490566037735849
1364,23408,Nick Harney,Akron,1.0,0.5487804878048781,0.4,0.6666666666666666
1365,23412,Kyan Anderson,TCU,0.0,0.10606060606060606,0.10638297872340426,0.6190476190476191
1366,23416,Kendal Shell,Minnesota,0.0,0.0,0.0,0.0
1367,23422,Ryan Boatright,Connecticut,0.6428571428571429,0.23076923076923078,0.061224489795918366,0.5909090909090909
1368,23429,Remi Barry,New Mexico St.,1.0,0.2727272727272727,0.5,0.0
1369,23439,Austin Etherington,Indiana,0.0,0.42857142857142855,0.6666666666666666,0.8
1370,23443,Travis Wear,UCLA,1.0,0.7560975609756098,0.7547169811320755,1.0
1371,23454,Alex Rosenberg,Columbia,1.0,0.410958904109589,0.16666666666666666,0.9375
1372,23456,Kilian Cato,Maine,0.5,0.5,0.5,0.9
1373,23459,Greg Mays,Green Bay,0.8,0.6857142857142857,0.7450980392156863,1.0
1374,23477,P.J. Horgan,The Citadel,1.0,0.5652173913043478,0.3333333333333333,0.0
1375,23479,Jordan Percell,Morehead St.,0.0,0.5555555555555556,1.0,1.0
1376,23481,Ashton Moore,The Citadel,0.0,0.14285714285714285,0.11363636363636363,0.6166666666666667
1377,23484,Kasey Wilson,UCF,0.8,0.5,0.6666666666666666,0.9459459459459459
1378,23522,Dylan Garrity,Sacramento St.,0.0,0.11764705882352941,0.27586206896551724,0.6805555555555556
1379,23545,Patrick Konan,New Hampshire,0.0,0.21875,0.1111111111111111,0.8260869565217391
1380,23556,Wade Morgan,Stanford,0.0,0.0,0.0,0.0
1381,23559,Shannon Scott,Ohio St.,0.0,0.38636363636363635,0.23076923076923078,0.7692307692307693
1382,23561,Onochie Ochie,Southeastern Louisiana,0.5833333333333334,0.5952380952380952,0.4642857142857143,0.7142857142857143
1383,23566,Kadeem Jack,Rutgers,0.6428571428571429,0.45454545454545453,0.42028985507246375,1.0
1384,23572,Elliott Eliason,Minnesota,1.0,0.6610169491525424,0.6428571428571429,0.0
1385,23584,Evan Anderson,Wisconsin,0.0,0.0,1.0,1.0
1386,23605,Chris Rice,Binghamton,0.0,0.0,0.0,0.0
1387,23611,Jalen Cannon,St. Francis NY,0.42857142857142855,0.5317460317460317,0.45,1.0
1388,23614,Jackson Aldridge,Butler,0.0,0.0,0.0,0.75
1389,23615,Rodney Cooper,Alabama,0.3333333333333333,0.34210526315789475,0.35714285714285715,0.9655172413793104
1390,23616,Elliot Kampen,Butler,0.0,0.0,0.0,0.0
1391,23618,Christien Sager,Oklahoma St.,0.0,0.0,0.0,1.0
1392,23633,Nick Pendergast,Temple,0.5,0.5,0.0,1.0
1393,23638,C.J. Barksdale,Virginia Tech,0.6666666666666666,0.5185185185185185,0.5925925925925926,1.0
1394,23648,Haralds Karlis,Seton Hall,0.0,0.5,0.5,1.0
1395,23649,Stephen Maxwell,Cal St. Northridge,0.9629629629629629,0.7019867549668874,0.4230769230769231,0.0
1396,23650,Jalen Ragland,UTEP,1.0,0.5,0.5,0.8
1397,23672,Nino Johnson,Southeast Missouri St.,0.8235294117647058,0.6071428571428571,0.43478260869565216,1.0
1398,23680,Michael Holyfield,Sam Houston St.,0.782608695652174,0.5844155844155844,0.625,0.0
1399,23685,Elfrid Payton,Louisiana,0.23809523809523808,0.2485207100591716,0.05555555555555555,0.35714285714285715
1400,23692,Branden Dawson,Michigan St.,0.8181818181818182,0.6388888888888888,0.5,0.0
1401,23701,Jaron Nash,North Dakota,0.8,0.4948453608247423,0.2916666666666667,0.9
1402,23704,Lenny Antwi,North Dakota,0.0,0.0,0.3333333333333333,0.75
1403,23724,Jordan Stone,Utah St.,1.0,0.75,0.5,0.0
1404,23729,Jake Barnett,Saint Louis,0.0,0.4,0.0,1.0
1405,23733,Aaron Brown,Mount St. Mary's,0.0,1.0,0.0,0.5
1406,23735,Alex Gauna,Michigan St.,1.0,0.8,1.0,0.0
1407,23736,James Sinclair,Western Carolina,0.4,0.3142857142857143,0.2391304347826087,0.7317073170731707
1408,23739,Alex Nesbitt,Harvard,0.0,0.0,0.0,0.0
1409,23742,Jordan Tolbert,Texas Tech,0.6857142857142857,0.49,0.5714285714285714,0.6
1410,23745,Waylan Siverand,North Carolina A&T,0.7,0.5185185185185185,0.0,0.0
1411,23746,Reggie Smith,Eastern Illinois,0.0,0.16666666666666666,0.08695652173913043,0.7142857142857143
1412,23751,Xavier Ford,Buffalo,0.6,0.6071428571428571,0.75,0.0
1413,23755,Jonah Travis,Harvard,1.0,0.6470588235294118,0.7142857142857143,0.0
1414,23773,Anthony Strickland,Eastern Michigan,0.5,0.42857142857142855,0.0,0.0
1415,23780,Kenneth Ortiz,Wagner,0.0,0.11,0.1,0.8
1416,23781,Reggie Arceneaux,Wright St.,0.0,0.1111111111111111,0.16,0.8478260869565217
1417,23786,Filip Cvjeticanin,Florida Gulf Coast,1.0,0.6,0.4,1.0
1418,23788,Clarence Trent,Seattle,0.4,0.4375,0.6842105263157895,1.0
1419,23790,Blake Brumwell,Montana St.,0.0,0.5714285714285714,0.0,0.0
1420,23798,Javon Dawson,Jacksonville,0.9090909090909091,0.7619047619047619,0.48148148148148145,1.0
1421,23803,Trevor Menke,Nebraska,0.0,0.0,0.0,1.0
1422,23806,Charlon Kloof,St. Bonaventure,0.2,0.11538461538461539,0.1875,0.7857142857142857
1423,23810,Jerian Grant,Notre Dame,0.4,0.47058823529411764,0.16666666666666666,0.9
1424,23812,Tyler Strange,Gardner Webb,0.0,0.25806451612903225,0.1111111111111111,0.75
1425,23816,Dante Williams,Oakland,0.8571428571428571,0.6216216216216216,0.6363636363636364,1.0
1426,23820,Maxie Esho,Massachusetts,0.6774193548387096,0.5888888888888889,0.45454545454545453,0.0
1427,23827,Evan Richard,Milwaukee,0.0,1.0,0.0,1.0
1428,23836,Derrick Gordon,Massachusetts,0.0,0.6025641025641025,0.5769230769230769,0.0
1429,23847,Donovan Kates,Manhattan,0.0,0.16666666666666666,0.0,1.0
1430,23860,Kareem Storey,Morehead St.,0.0,0.125,0.5714285714285714,0.8461538461538461
1431,23863,Reggie Spencer,Northeastern,0.8888888888888888,0.43478260869565216,0.2903225806451613,0.0
1432,23877,Andre Smith,Winthrop,0.0,0.125,0.0,0.734375
1433,23882,P.J. Santavenere,St. Francis NY,0.0,0.0,0.0,1.0
1434,23892,Maxwell Lenox,Army,0.0,0.0,0.0,1.0
1435,23901,Remy Roberts-Burnett,Western Illinois,0.0,0.375,0.3333333333333333,0.0
1436,23963,Kevin Bailey,Portland,0.8,0.4473684210526316,0.16129032258064516,0.8387096774193549
1437,23967,Brenton Williams,South Carolina,0.6666666666666666,0.2702702702702703,0.3125,0.9032258064516129
1438,23968,Reece Chamberlain,Belmont,0.0,0.171875,0.15789473684210525,0.8636363636363636
1439,23977,Sherrod Wright,George Mason,0.2222222222222222,0.36585365853658536,0.4423076923076923,0.8928571428571429
1440,23983,Luther Page,Alabama St.,0.75,0.4883720930232558,0.5217391304347826,0.0
1441,23985,Hugo Naurais,Wagner,0.0,0.4,0.0,1.0
1442,23995,Derrick Randall,Pittsburgh,1.0,0.5185185185185185,0.5,0.0
1443,23999,Jarnell Stokes,Tennessee,0.72,0.44680851063829785,0.32142857142857145,0.0
1444,24026,Jack Ryan,Stanford,0.0,0.0,0.0,1.0
1445,24027,Jake Giesler,Northern Kentucky,0.0,0.3333333333333333,0.4,0.7777777777777778
1446,24033,Zack Allen,UNC Wilmington,0.0,0.0,0.0,0.0
1447,24037,Daniel Hill,Eastern Washington,0.0,0.5,0.0,0.6666666666666666
1448,24038,Venky Jois,Eastern Washington,0.5909090909090909,0.38392857142857145,0.21875,0.0
1449,24040,Danny Powell,Eastern Washington,0.0,0.0,0.0,1.0
1450,24041,Thomas Reuter,Eastern Washington,0.0,0.42857142857142855,0.3333333333333333,0.6666666666666666
1451,24046,Tony Parker,UCLA,0.8888888888888888,0.6373626373626373,0.7222222222222222,0.0
1452,24050,James Thomas,Sam Houston St.,0.0,0.6176470588235294,0.6363636363636364,0.0
1453,24051,Paul Baxter,Sam Houston St.,0.5,0.3137254901960784,0.09090909090909091,0.7209302325581395
1454,24053,Asauhn Dixon-Tatum,Auburn,0.6666666666666666,0.48,0.631578947368421,0.0
1455,24055,Shane Benton,North Dakota,0.0,0.0,0.0,1.0
1456,24058,Herbert Graham,Purdue Fort Wayne,0.0,0.0,0.0,1.0
1457,24061,Calen Coleman,Montana St.,0.5,0.3125,0.25,0.9117647058823529
1458,24068,Nathan Watkins,Vanderbilt,0.0,1.0,0.0,1.0
1459,24070,Carter Josephs,Vanderbilt,0.0,0.0,0.0,0.0
1460,24079,Kyle Wilson,Army,0.5,0.2876712328767123,0.3877551020408163,0.7741935483870968
1461,24083,Dashawn Gomez,Iona,0.0,0.0,0.0,0.75
1462,24085,A.J. English,Iona,0.0,0.2608695652173913,0.11764705882352941,0.8554216867469879
1463,24089,David Laury,Iona,0.75,0.46616541353383456,0.2413793103448276,0.0
1464,24090,Aamahd Walker,UC Santa Barbara,0.0,0.3333333333333333,1.0,0.0
1465,24093,Derrick Colter,Duquesne,1.0,0.2413793103448276,0.2222222222222222,0.7959183673469388
1466,24096,Marcus Lewis,Eastern Kentucky,0.65,0.5172413793103449,0.14285714285714285,0.8695652173913043
1467,24097,Tommy Matthews,Eastern Kentucky,0.0,0.0,0.0,0.0
1468,24098,Corey Walden,Eastern Kentucky,0.8,0.3838383838383838,0.0,0.7631578947368421
1469,24099,Orlando Williams,Eastern Kentucky,0.6666666666666666,0.35,0.23076923076923078,0.8636363636363636
1470,24100,Ervin Thomas,Mississippi Valley St.,0.0,0.4166666666666667,0.5,0.0
1471,24102,Cortland Henry,Mississippi Valley St.,0.0,0.6666666666666666,0.0,1.0
1472,24112,Terry Tarpey,William & Mary,0.8333333333333334,0.68,0.0,1.0
1473,24113,Rico Gathers,Baylor,0.8636363636363636,0.6071428571428571,0.5,0.0
1474,24114,Taurean Prince,Baylor,0.5714285714285714,0.5151515151515151,0.4642857142857143,0.9285714285714286
1475,24118,Max Guercy,Rice,0.0,0.14705882352941177,0.4,0.8529411764705882
1476,24121,Gerson Santo,Colorado St.,0.8947368421052632,0.56,0.5714285714285714,0.0
1477,24122,Benny Parker,Nebraska,0.0,0.22727272727272727,0.7,0.0
1478,24123,Austin Ramljak,Rice,0.0,0.6666666666666666,0.5,0.9024390243902439
1479,24136,Willie Cauley-Stein,Kentucky,0.75,0.5783132530120482,0.34782608695652173,0.0
1480,24146,Shaq Shannon,Quinnipiac,0.0,0.05263157894736842,0.18181818181818182,0.7037037037037037
1481,24147,James Ford Jr.,Quinnipiac,0.0,0.3333333333333333,0.5,1.0
1482,24151,Perry Ellis,Kansas,0.75,0.6036036036036037,0.5454545454545454,1.0
1483,24153,Evan Manning,Kansas,0.0,0.0,0.0,1.0
1484,24156,Jamari Traylor,Kansas,0.6666666666666666,0.5094339622641509,0.6,0.0
1485,24178,Steven Davis,Wright St.,1.0,0.2,0.0,1.0
1486,24184,Jomari Bradshaw,Florida A&M,0.4,0.2631578947368421,0.30434782608695654,0.8518518518518519
1487,24186,Walter Davis,Florida A&M,0.0,0.3181818181818182,0.0,0.0
1488,24187,Onyekachukwu Odi,Florida A&M,0.0,0.42857142857142855,0.5,0.0
1489,24188,Trey Kellum,Florida A&M,1.0,0.4805194805194805,0.35714285714285715,0.0
1490,24193,Ivan Jurkovic,FIU,0.0,1.0,1.0,0.0
1491,24206,Majok Majok,Ball St.,0.8235294117647058,0.6179775280898876,0.6,0.0
1492,24207,Tyrel Hunt,Alcorn St.,0.0,0.3076923076923077,0.0,0.0
1493,24209,Ugochukwu Njoku,Detroit Mercy,0.75,0.6578947368421053,0.3333333333333333,0.0
1494,24210,Dallin Bachynski,Utah,0.9166666666666666,0.6964285714285714,0.6428571428571429,0.0
1495,24211,Anton Wilson,Detroit Mercy,0.0,0.25,0.25,0.9069767441860465
1496,24216,Alex Caruso,Texas A&M,0.14285714285714285,0.24615384615384617,0.21428571428571427,0.8333333333333334
1497,24217,Renan Lenz,Utah,0.75,0.7333333333333333,0.7777777777777778,0.0
1498,24240,Marvelle Harris,Fresno St.,0.4,0.2786885245901639,0.2631578947368421,0.8076923076923077
1499,24247,Austin Anderson,Presbyterian,0.0,0.21428571428571427,0.0,0.6470588235294118
1500,24254,Javier Lacunza,Florida Atlantic,0.0,0.3333333333333333,0.0,1.0
1501,24257,Jackson Trapp,Florida Atlantic,0.0,0.15789473684210525,0.6842105263157895,0.9777777777777777
1502,24263,Jake Belford,Davidson,1.0,0.8275862068965517,0.4,1.0
1503,24264,Malcolm McMillan,Central Connecticut,0.5,0.09836065573770492,0.0,0.8076923076923077
1504,24277,CJ Carter,Nebraska Omaha,0.4,0.2898550724637681,0.16666666666666666,0.7441860465116279
1505,24281,Simon Krych,Nebraska Omaha,1.0,0.5714285714285714,0.5,0.0
1506,24283,Westley Hinton,Troy,0.9090909090909091,0.7391304347826086,0.5,1.0
1507,24289,Chase Flint,Loyola Marymount,0.0,0.5833333333333334,0.0,0.8461538461538461
1508,24296,Anthony Myers-Pate,Robert Morris,0.0,0.175,0.21052631578947367,0.9523809523809523
1509,24297,Jayvaughn Pinkston,Villanova,0.8,0.5391304347826087,0.40540540540540543,1.0
1510,24298,Markus Crider,Georgia St.,0.8,0.5294117647058824,0.7142857142857143,0.0
1511,24302,Lauri Toivonen,UT Rio Grande Valley,0.0,0.5909090909090909,0.6,1.0
1512,24304,Jamal Dantzler,UT Rio Grande Valley,0.0,0.6,0.6666666666666666,1.0
1513,24309,Shaquille Hines,UT Rio Grande Valley,0.6666666666666666,0.45454545454545453,0.5797101449275363,0.7142857142857143
1514,24310,Hurley Johnson,UT Rio Grande Valley,1.0,0.42857142857142855,0.25,0.8888888888888888
1515,24311,Denny Burguillos,Georgia St.,0.0,0.6666666666666666,0.0,0.0
1516,24313,Shane Hammink,LSU,1.0,0.2857142857142857,0.5,0.0
1517,24314,Shavon Coleman,LSU,0.25,0.2857142857142857,0.15384615384615385,0.9318181818181818
1518,24317,Jordan Gaither,Tennessee St.,0.0,0.3333333333333333,0.0,0.8181818181818182
1519,24322,Billy Murphy,Lafayette,0.0,0.0,0.0,1.0
1520,24328,Chad Posthumus,Morehead St.,0.7272727272727273,0.43243243243243246,0.5185185185185185,0.0
1521,24330,Jermaine Myers,Fordham,0.0,0.5,0.0,0.8
1522,24331,Ryan Rhoomes,Fordham,0.8,0.5070422535211268,0.8181818181818182,0.0
1523,24332,Mandell Thomas,Fordham,0.75,0.2391304347826087,0.34375,0.8444444444444444
1524,24334,Alex Young,UC Irvine,1.0,0.22727272727272727,0.13793103448275862,0.8387096774193549
1525,24335,Travion Leonard,Fordham,1.0,0.5652173913043478,0.9166666666666666,0.0
1526,24337,Brian Steele,South Carolina,0.0,0.8333333333333334,0.5,1.0
1527,24338,Clyde Smith III,TCU,0.0,0.0,1.0,1.0
1528,24339,Kemal Dincer,TCU,0.0,0.0,0.0,0.0
1529,24341,Rhon Mitchell,Lamar,0.75,0.325,0.5694444444444444,0.0
1530,24342,Shaquille Harrison,Tulsa,0.3333333333333333,0.1518987341772152,0.17647058823529413,0.75
1531,24345,Jordon Granger,Auburn,1.0,0.5454545454545454,1.0,0.0
1532,24347,Joshua Freelove,Buffalo,0.7272727272727273,0.5531914893617021,0.21052631578947367,0.9154929577464789
1533,24348,Marshall Plumlee,Duke,0.5,0.5714285714285714,0.0,0.0
1534,24359,Bruce Marshall,Missouri St.,0.0,0.0,0.3333333333333333,1.0
1535,24363,Richard Carter,Drake,0.0,0.07058823529411765,0.0,0.6428571428571429
1536,24367,Robert Puleikis,Drake,0.0,1.0,0.0,0.0
1537,24372,Josh Mendenhall,Western Carolina,0.0,0.42857142857142855,0.5,0.0
1538,24377,Jordan Foster,Western Illinois,0.0,0.2222222222222222,0.0,0.7272727272727273
1539,24381,A.J. Hammons,Purdue,0.8076923076923077,0.5925925925925926,0.6363636363636364,0.0
1540,24382,Brandon Burnett,Indiana St.,0.0,0.3333333333333333,0.2,1.0
1541,24387,Joe McDonald,George Washington,0.0,0.11764705882352941,0.11764705882352941,0.84
1542,24391,Garrick Sherman,Notre Dame,1.0,0.584,0.3958333333333333,0.0
1543,24392,Deshaun Sunderhaus,Seattle,0.9285714285714286,0.7083333333333334,0.52,0.0
1544,24396,Jeremiah Jones,Duquesne,1.0,0.4,0.3333333333333333,0.9411764705882353
1545,24400,Tyler White,Northern Kentucky,0.0,0.06896551724137931,0.1111111111111111,0.8367346938775511
1546,24403,Hunter Harris,East Tennessee St.,0.6666666666666666,0.5842696629213483,0.4782608695652174,1.0
1547,24413,Louis Dabney,Tulane,0.0,0.19117647058823528,0.11864406779661017,0.75
1548,24415,Max Keenan,Tulane,0.0,0.0,0.0,1.0
1549,24416,Marcus Paige,North Carolina,1.0,0.20833333333333334,0.22807017543859648,0.6395348837209303
1550,24417,Brice Johnson,North Carolina,0.7894736842105263,0.631578947368421,0.7818181818181819,0.0
1551,24418,J.P. Tokoto,North Carolina,0.42857142857142855,0.3582089552238806,0.3888888888888889,1.0
1552,24419,Nigel Pruitt,Kennesaw St.,0.25,0.2857142857142857,0.5,0.896551724137931
1553,24420,Myles Hamilton,Kennesaw St.,0.5,0.07692307692307693,0.06666666666666667,0.8181818181818182
1554,24422,Yonel Brown,Kennesaw St.,0.0,0.17647058823529413,0.15789473684210525,0.42857142857142855
1555,24436,Cordarius Samples,Mississippi Valley St.,0.0,0.0,0.2857142857142857,0.75
1556,24438,Darryl Marshall,Mississippi Valley St.,0.0,0.0,0.0,0.75
1557,24439,Cameron Dobbs,Mississippi Valley St.,0.0,0.3333333333333333,0.2,0.8823529411764706
1558,24444,Grant O'Brien,Wake Forest,0.0,1.0,0.0,0.0
1559,24445,Duke Antoneli,Wake Forest,0.0,0.0,0.0,0.0
1560,24448,Andrew Andrews,Washington,0.0,0.1702127659574468,0.1276595744680851,0.78125
1561,24458,Willis Turnipseed,Morgan St.,0.0,1.0,1.0,0.0
1562,24464,Malik Jackson,Bethune Cookman,1.0,0.44,0.1794871794871795,0.8367346938775511
1563,24469,Teven Jones,Virginia,0.0,0.0,0.3333333333333333,0.0
1564,24476,Derrick Richardson Jr.,Central Michigan,0.0,1.0,0.6666666666666666,0.0
1565,24477,Jalen Pendleton,Southern Illinois,0.0,0.4533333333333333,0.5263157894736842,0.75
1566,24478,Rashid Gaston,Norfolk St.,1.0,0.6052631578947368,0.5,0.0
1567,24479,Paulius Vinogradovas,Norfolk St.,1.0,0.6666666666666666,0.0,0.0
1568,24480,Malcolm Hawkins,Norfolk St.,0.0,0.3023255813953488,0.08695652173913043,0.9074074074074074
1569,24486,Matt Christiansen,San Francisco,0.0,0.6666666666666666,0.75,1.0
1570,24488,Avry Holmes,San Francisco,0.0,0.12,0.125,0.8363636363636363
1571,24504,Hans Brase,Princeton,0.8333333333333334,0.6857142857142857,0.4,0.9090909090909091
1572,24505,Jarred Shaw,Utah St.,0.8,0.6172839506172839,0.6447368421052632,0.0
1573,24512,Muhammad Abdul-Aleem,Florida A&M,0.0,0.13333333333333333,0.4,0.6
1574,24513,Donnell Minton,Lamar,0.0,0.5454545454545454,0.6363636363636364,1.0
1575,24514,Marco Porcher Jimenez,FIU,0.0,0.7,0.6,0.9411764705882353
1576,24515,Tymell Murphy,FIU,0.42857142857142855,0.25675675675675674,0.15789473684210525,0.7692307692307693
1577,24519,Isaiah Austin,Baylor,0.7307692307692307,0.5942028985507246,0.5,0.7777777777777778
1578,24530,Joel Awich,Cal Poly,0.42857142857142855,0.375,0.5238095238095238,0.8333333333333334
1579,24532,Reese Morgan,Cal Poly,0.0,0.0,0.0,1.0
1580,24538,Nick Emerson,Montana,0.0,0.3333333333333333,0.0,0.0
1581,24551,D.J. Jackson,Oral Roberts,0.0,0.1,0.07692307692307693,0.6
1582,24552,Korey Billbury,Oral Roberts,0.0,0.2823529411764706,0.18032786885245902,0.8695652173913043
1583,24555,Sidney Sanders Jr,Fairleigh Dickinson,0.0,0.07142857142857142,0.0,0.2857142857142857
1584,24557,Edrico McGregor,UTSA,0.6875,0.6190476190476191,0.27586206896551724,0.0
1585,24559,Tanner Giddings,Fresno St.,0.0,0.8,1.0,0.0
1586,24565,Mitch Baenziger,Oakland,0.0,0.375,0.5,0.9285714285714286
1587,24566,Lloyd Neely II,Oakland,0.0,0.3333333333333333,1.0,0.6666666666666666
1588,24568,Jared Fay,Fordham,0.0,0.0,0.0,1.0
1589,24569,Jake Campbell,Presbyterian,0.0,0.0,1.0,0.0
1590,24573,Winston Shepard,San Diego St.,0.6666666666666666,0.32857142857142857,0.22448979591836735,1.0
1591,24576,Shaun Johnson,McNeese St.,0.0,0.3333333333333333,0.0,0.875
1592,24580,Jordan Barham,Davidson,0.6666666666666666,0.4666666666666667,0.14285714285714285,1.0
1593,24595,Justin Browning,Western Carolina,0.0,0.4444444444444444,0.25,0.0
1594,24597,Eric Laster,Loyola MD,1.0,0.375,0.42105263157894735,0.9354838709677419
1595,24602,Alyx Foster,Portland St.,0.0,1.0,0.0,0.5
1596,24603,Aaron Moore,Portland St.,1.0,0.5555555555555556,0.6538461538461539,0.0
1597,24606,Ryan Schultz,Kansas St.,0.0,0.0,1.0,1.0
1598,24612,Kyle Dobbins,Texas A&M,0.0,1.0,0.0,0.0
1599,24616,Desi Washington,Saint Peter's,0.0,0.3181818181818182,0.2222222222222222,0.6440677966101694
1600,24624,Matt Ratto,Cal St. Bakersfield,0.0,0.0,0.0,1.0
1601,24627,Mike LaTulip,Illinois,0.0,0.0,0.0,1.0
1602,24631,Isaiah Armwood,George Washington,0.8076923076923077,0.5544554455445545,0.4523809523809524,1.0
1603,24637,Bryce Scott,Lafayette,0.0,0.4117647058823529,0.21621621621621623,0.8888888888888888
1604,24638,Zach Rufer,Lafayette,0.0,0.2857142857142857,0.0,0.8
1605,24642,Stacy Davis,Pepperdine,1.0,0.5573770491803278,0.5409836065573771,1.0
1606,24644,Austin Mills,Pepperdine,0.0,0.0,0.0,0.6
1607,24645,Atif Russell,Pepperdine,0.0,0.3684210526315789,0.7,1.0
1608,24646,Malte Kramer,Pepperdine,0.0,0.42857142857142855,0.8,0.9666666666666667
1609,24648,Michael Simpson,Missouri St.,0.0,0.0,0.0,1.0
1610,24649,Jett Raines,Pepperdine,1.0,0.34782608695652173,0.6923076923076923,0.0
1611,24650,Gavin Thurman,Missouri St.,0.0,0.3333333333333333,0.16666666666666666,0.88
1612,24653,Zach Korkowski,Wofford,0.0,0.0,0.0,0.0
1613,24659,Khalil Brown,Monmouth,1.0,0.5714285714285714,0.5,0.875
1614,24660,Alex Murphy,Duke,0.0,0.0,0.0,1.0
1615,24662,Dai-Jon Parker,Vanderbilt,0.0,0.5,0.15,0.9565217391304348
1616,24667,Connor Lammert,Texas,1.0,0.48717948717948717,0.6956521739130435,1.0
1617,24682,Reggie Johnson,Miami OH,0.0,0.23529411764705882,0.45454545454545453,1.0
1618,24684,Allen Huddleston,Fresno St.,0.0,0.35,0.3333333333333333,0.8536585365853658
1619,24687,Daddy Ugbede,Drake,0.0,0.5769230769230769,0.14285714285714285,0.0
1620,24707,Cullen Hamilton,Holy Cross,0.0,0.2857142857142857,0.5,0.896551724137931
1621,24708,Chris Jayne,Holy Cross,0.0,0.0,0.0,0.0
1622,24713,L.J. Rose,Houston,0.0,0.09523809523809523,0.06896551724137931,0.8461538461538461
1623,24715,Anthony White Jr.,Mercer,0.75,0.4594594594594595,0.4,0.9111111111111111
1624,24720,D.J. Newbill,Penn St.,0.8181818181818182,0.3263157894736842,0.19117647058823528,0.7608695652173914
1625,24734,Chido Onyiuke,Loyola MD,0.0,0.0,0.0,0.0
1626,24738,John Brown,High Point,0.8378378378378378,0.6013986013986014,0.4838709677419355,0.0
1627,24748,Will Kelly,Navy,0.8571428571428571,0.6521739130434783,0.4166666666666667,0.0
1628,24749,Brandon Barnes,Cal St. Bakersfield,0.5,0.41333333333333333,0.5,1.0
1629,24756,Michael Bryson,UC Santa Barbara,0.8125,0.6829268292682927,0.42105263157894735,0.9019607843137255
1630,24757,Mitch Brewe,UC Santa Barbara,0.0,0.5263157894736842,0.8571428571428571,1.0
1631,24764,Sam Beeler,UC Santa Barbara,1.0,0.7368421052631579,0.6666666666666666,0.0
1632,24770,Chris Fowler,Central Michigan,0.0,0.04950495049504951,0.02,0.6923076923076923
1633,24771,Blake Hibbitts,Central Michigan,0.0,0.4,0.375,0.9682539682539683
1634,24774,Austin Stewart,Central Michigan,0.375,0.46296296296296297,0.0,0.8888888888888888
1635,24777,Spencer Krannitz,Central Michigan,0.0,0.25,0.0,1.0
1636,24778,Morgan Young,Montana,0.0,0.0,0.0,0.0
1637,24781,Kyle Dranginis,Gonzaga,0.0,0.2647058823529412,0.10526315789473684,0.8333333333333334
1638,24790,Robert Mischler,Cornell,0.0,0.0,0.0,0.6666666666666666
1639,24806,Rasi Jenkins,Prairie View A&M,0.0,0.25,0.6,0.0
1640,24816,RJ Slawson,Jacksonville,0.47058823529411764,0.4423076923076923,0.6190476190476191,1.0
1641,24828,Emanuel Binyam,Quinnipiac,0.0,0.0,0.0,0.0
1642,24839,Marius Myles,Alcorn St.,0.0,0.5333333333333333,0.6,0.0
1643,24842,Brauhnye' Turner,Grambling St.,1.0,1.0,0.0,0.0
1644,24843,Terry Rose,Grambling St.,0.0,0.0,0.4,0.9215686274509803
1645,24853,Xavier Johnson,Colorado,0.6428571428571429,0.5076923076923077,0.2647058823529412,0.918918918918919
1646,24854,Eli Stalzer,Colorado,0.0,0.0,0.8,0.8
1647,24855,Xavier Talton,Colorado,0.0,0.3333333333333333,0.38095238095238093,0.8928571428571429
1648,24857,Keilan Blanks,Lamar,0.0,0.0,0.42857142857142855,0.8
1649,24866,Rhett Harrelson,Western Carolina,0.0,0.0,0.0,0.875
1650,24867,Torrion Brummitt,Western Carolina,0.0,0.5,0.2,0.0
1651,24872,Bruce Beckford,North Carolina A&T,0.5555555555555556,0.4,0.48484848484848486,1.0
1652,24873,Lamont Middleton,North Carolina A&T,0.0,0.23636363636363636,0.10714285714285714,0.7346938775510204
1653,24876,Cameron Ridley,Texas,0.6818181818181818,0.5051546391752577,0.3783783783783784,0.0
1654,24879,Tyler Haws,BYU,0.6,0.5512820512820513,0.5970149253731343,0.8
1655,24882,Casey Jones,Chattanooga,0.3333333333333333,0.2602739726027397,0.2,0.0
1656,24886,Dylen Setzekorn,The Citadel,0.0,0.0,0.5714285714285714,1.0
1657,24887,C.J. Bray,The Citadel,0.0,0.8,0.6363636363636364,1.0
1658,24903,Karvel Anderson,Robert Morris,0.0,0.2692307692307692,0.16883116883116883,0.7394957983193278
1659,24927,Darien Nelson-Henry,Penn,1.0,0.7333333333333333,0.4666666666666667,0.0
1660,24928,Jamal Lewis,Penn,0.0,0.1111111111111111,0.0,1.0
1661,24933,Royce Williams,Weber St.,0.0,0.6666666666666666,1.0,1.0
1662,24934,Joel Bolomboy,Weber St.,0.7857142857142857,0.5254237288135594,0.18181818181818182,1.0
1663,24935,Tony Hicks,Penn,0.3333333333333333,0.3548387096774194,0.2619047619047619,0.5405405405405406
1664,24936,Jamarkus Horace,Nicholls St.,0.6666666666666666,0.5,0.3333333333333333,0.0
1665,24937,Tyler Hubbard,Loyola MD,0.0,0.25,0.5,0.975609756097561
1666,24939,Travis Julien,Nicholls St.,0.0,0.3333333333333333,0.0,0.0
1667,24940,T.J. Carpenter,Nicholls St.,0.0,0.6538461538461539,0.25,0.9622641509433962
1668,24947,Maurice Wiltz,SIU Edwardsville,0.0,0.35294117647058826,0.3333333333333333,0.8048780487804879
1669,24949,Malik Gill,Dartmouth,0.0,0.0,0.0,0.7142857142857143
1670,24950,Alex Mitola,Dartmouth,0.0,0.0,0.08,0.8253968253968254
1671,24951,Dale Francis,Texas A&M Corpus Chris,0.0,0.5,1.0,1.0
1672,24952,Jelani Currie,Texas A&M Corpus Chris,0.0,0.2,0.6,1.0
1673,24954,Tim Johnson,SIU Edwardsville,0.7142857142857143,0.5454545454545454,0.6666666666666666,0.9411764705882353
1674,24956,Zane Knowles,Texas A&M Corpus Chris,1.0,0.6081081081081081,0.45,0.0
1675,24959,Marcus Smart,Oklahoma St.,0.75,0.32051282051282054,0.2777777777777778,0.6122448979591837
1676,24963,Nate Wells,Bradley,1.0,1.0,0.0,0.0
1677,24976,Taylor Danaher,Mount St. Mary's,0.8333333333333334,0.6363636363636364,0.4117647058823529,1.0
1678,24978,Khem Birch,UNLV,0.8095238095238095,0.6730769230769231,0.42857142857142855,0.0
1679,24981,Daquan Cook,UNLV,0.0,0.0,0.2,0.8181818181818182
1680,24982,Badou Diagne,Coastal Carolina,0.8333333333333334,0.43137254901960786,0.18181818181818182,1.0
1681,24983,Tristian Curtis,Coastal Carolina,0.6,0.2857142857142857,0.0,1.0
1682,24986,Rashad Whack,Mount St. Mary's,0.2857142857142857,0.1774193548387097,0.24324324324324326,0.8072289156626506
1683,25001,Skylar Spencer,San Diego St.,0.6666666666666666,0.6037735849056604,0.6666666666666666,0.0
1684,25002,Jeremy Olsen,Utah,1.0,0.7346938775510204,0.6,0.0
1685,25014,D'Montre Edwards,Tennessee,0.0,0.0,0.0,1.0
1686,25015,Kellon Thomas,Kent St.,0.0,0.07142857142857142,0.05555555555555555,0.9444444444444444
1687,25028,Nathan Dieudonne,Boston University,0.8125,0.6122448979591837,0.75,1.0
1688,25037,Travis Trim,Maryland Eastern Shore,0.0,1.0,0.0,1.0
1689,25038,Anthony Evans,Alcorn St.,0.0,0.14285714285714285,0.0,0.6
1690,25040,Anthony Monaco,Northern Kentucky,0.0,0.375,0.0,1.0
1691,25057,Jarryn Skeete,Buffalo,0.0,0.5714285714285714,1.0,0.9333333333333333
1692,25063,Pat Lenehan,Connecticut,0.0,0.0,0.0,1.0
1693,25064,Tor Watts,Connecticut,0.0,1.0,0.0,0.0
1694,25075,Shavon Shields,Nebraska,0.5555555555555556,0.1780821917808219,0.3,0.8333333333333334
1695,25077,Mike Peltz,Nebraska,0.0,0.0,0.0,0.0
1696,25078,Sergej Vucetic,Nebraska,0.0,0.0,0.0,0.0
1697,25091,Justin Dueck,UC Davis,0.0,1.0,0.0,0.0
1698,25096,Jermaine Lippert,Detroit Mercy,0.6666666666666666,0.5714285714285714,0.7777777777777778,0.0
1699,25113,Charles Ieans,Coppin St.,1.0,0.3888888888888889,0.5,0.8
1700,25115,Jeff Stubbs,Jackson St.,0.0,0.21739130434782608,0.2647058823529412,0.0
1701,25116,Zachary Burnham,Coppin St.,0.0,0.5,0.0,0.0
1702,25127,Brandon Taylor,Utah,0.0,0.34615384615384615,0.35,0.8032786885245902
1703,25130,Jordan Loveridge,Utah,0.6666666666666666,0.42857142857142855,0.3333333333333333,0.9767441860465116
1704,25135,Rafriel Guthrie,Towson,0.0,0.28378378378378377,0.0,0.8214285714285714
1705,25138,Timajh Parker-Rivera,Towson,0.6,0.43478260869565216,0.125,0.0
1706,25139,Jerome Hairston,Towson,0.0,0.25,0.25,0.0
1707,25146,El Hadji Ndieguene,Coastal Carolina,1.0,0.7083333333333334,0.5294117647058824,1.0
1708,25147,Xavier Harris,Fairleigh Dickinson,0.8461538461538461,0.5555555555555556,0.2,0.0
1709,25148,Michel Enanga,Coastal Carolina,0.5,0.4,0.5,1.0
1710,25157,Matt Bohannon,Northern Iowa,0.0,0.7272727272727273,0.125,0.948051948051948
1711,25159,Ali Fall,Nevada,0.0,0.5,0.5,0.0
1712,25160,Chris Olivier,Eastern Illinois,0.9,0.4576271186440678,0.4594594594594595,0.0
1713,25161,Marqueze Coleman,Nevada,0.6666666666666666,0.35714285714285715,0.0625,0.8888888888888888
1714,25163,Josh Scott,Colorado,0.9230769230769231,0.5247524752475248,0.5172413793103449,0.0
1715,25170,Adama Adams,South Carolina St.,0.0,0.2,0.1111111111111111,0.84
1716,25184,Vashil Fernandez,Valparaiso,0.8571428571428571,0.7619047619047619,0.5,0.0
1717,25189,Nigel Sydnor,NJIT,0.0,0.20833333333333334,0.0,0.9090909090909091
1718,25193,Ky Howard,NJIT,0.0,0.18,0.2222222222222222,0.75
1719,25195,Terrence Smith,NJIT,0.8333333333333334,0.6125,0.5,0.0
1720,25196,Cody Demps,Sacramento St.,0.0,0.4634146341463415,0.4375,0.8888888888888888
1721,25197,Mikh McKinney,Sacramento St.,0.0,0.3269230769230769,0.13333333333333333,0.8
1722,25198,Ryan Okwudibonye,Sacramento St.,0.0,0.0,1.0,0.0
1723,25199,Joey Quigley,Sacramento St.,1.0,0.5555555555555556,1.0,1.0
1724,25200,Jordan Salley,Sacramento St.,0.7368421052631579,0.5681818181818182,0.45454545454545453,0.0
1725,25202,Ron Curry,James Madison,0.0,0.12,0.1,0.8275862068965517
1726,25204,Andre Nation,James Madison,0.5,0.4230769230769231,0.29411764705882354,0.625
1727,25217,Jean Yves Toupane,St. Bonaventure,0.0,1.0,0.0,0.0
1728,25218,Dion Wright,St. Bonaventure,0.5,0.4943820224719101,0.5,1.0
1729,25219,Carlos Lopez-Sosa,UNLV,1.0,0.6428571428571429,0.0,0.0
1730,25226,Malik Morgan,LSU,0.0,0.15384615384615385,0.2,0.8888888888888888
1731,25230,Chase Cannon,N.C. State,0.0,0.0,0.0,0.0
1732,25231,Jevoni Robinson,N.C. State,0.0,0.0,0.0,0.0
1733,25236,Maodo Lo,Columbia,0.0,0.17721518987341772,0.11764705882352941,0.8405797101449275
1734,25247,Isaac Cohen,Columbia,0.0,0.35,0.0,0.6
1735,25248,David Trimble,Seattle,0.0,0.0,0.0,0.0
1736,25249,Jack Crook,Seattle,0.6666666666666666,0.5428571428571428,0.7727272727272727,0.0
1737,25250,D'Vonne Pickett,Seattle,0.0,0.09615384615384616,0.19230769230769232,0.0
1738,25251,Mike McCall Jr.,Saint Louis,0.0,0.20454545454545456,0.17857142857142858,0.9047619047619048
1739,25253,Luiz Bidart,Seattle,0.0,0.0,0.5,0.75
1740,25260,Tommy Carpenter,Dartmouth,0.0,0.6666666666666666,0.0,0.0
1741,25261,Connor Boehm,Dartmouth,0.0,0.5185185185185185,0.5714285714285714,1.0
1742,25262,Kevin Crescenzi,Dartmouth,0.0,0.46153846153846156,0.375,0.7647058823529411
1743,25263,Matt Rennie,Dartmouth,0.0,0.375,0.75,0.0
1744,25264,Tamron Manning,Marshall,0.0,0.2222222222222222,0.4444444444444444,0.8571428571428571
1745,25265,Elijah Pittman,Marshall,0.7,0.5454545454545454,0.3333333333333333,0.6923076923076923
1746,25270,Trevone Williams,Cal St. Northridge,0.0,0.625,0.3684210526315789,0.4
1747,25277,Tevin Calhoun,Troy,0.8333333333333334,0.5490196078431373,0.5,0.9230769230769231
1748,25279,Andy Martin,Montana,1.0,0.85,1.0,0.0
1749,25301,Deandre Daniels,Connecticut,0.7727272727272727,0.527027027027027,0.375,0.98
1750,25305,Antwon Oliver,Campbell,0.8333333333333334,0.7142857142857143,0.5,0.9333333333333333
1751,25306,Casey Perrin,Campbell,0.0,0.0,0.0,0.0
1752,25310,Anali Okoloji,George Mason,0.0,0.3333333333333333,0.0,1.0
1753,25311,Patrick Holloway,George Mason,0.0,0.2,0.14814814814814814,0.7843137254901961
1754,25312,Chris Ortiz,Kent St.,1.0,0.48,0.36363636363636365,1.0
1755,25314,Khaliq Spicer,Kent St.,0.9090909090909091,0.8181818181818182,0.0,0.0
1756,25315,Jordan Faciane,Campbell,0.0,0.0,0.0,1.0
1757,25316,Leek Leek,Campbell,0.0,0.35714285714285715,0.5,0.95
1758,25326,Chandler Savage,Arkansas Pine Bluff,0.0,0.25,0.0,0.0
1759,25329,Ryan Frazier,Bucknell,0.0,0.2222222222222222,0.125,0.9230769230769231
1760,25330,Dom Hoffman,Bucknell,0.0,0.5833333333333334,0.8181818181818182,0.0
1761,25336,Corey Haith,Missouri,0.0,0.0,0.0,1.0
1762,25337,Luke Davis,UT Arlington,0.0,0.0,0.0,1.0
1763,25340,Earnest Ross,Missouri,0.25,0.30985915492957744,0.23076923076923078,0.9824561403508771
1764,25344,Dakota Slaughter,Alabama,0.0,0.0,0.0,1.0
1765,25347,Erik Stenger,Xavier,1.0,0.9,1.0,0.0
1766,25348,Reed McConnell,UC Irvine,0.0,0.0,0.0,1.0
1767,25350,Isaiah Philmore,Xavier,0.6666666666666666,0.5584415584415584,0.6071428571428571,0.0
1768,25358,Kris Dunn,Providence,0.0,0.0,0.0,0.0
1769,25362,Sam Dekker,Wisconsin,0.78125,0.4444444444444444,0.18518518518518517,0.9047619047619048
1770,25369,Mogboluwaga Oginni,Creighton,0.0,1.0,0.0,0.0
1771,25371,Geoffrey Groselle,Creighton,1.0,0.375,0.5,0.0
1772,25374,Stefan Jankovic,Missouri,0.0,0.0,0.0,1.0
1773,25383,Sama Taku,Pacific,0.0,0.3333333333333333,0.31343283582089554,1.0
1774,25387,Landon Drew,Cal St. Northridge,0.0,0.09523809523809523,0.07142857142857142,1.0
1775,25392,Judson Hall,Charleston,0.0,0.0,0.0,1.0
1776,25395,Anthony Thomas,Charleston,0.5,0.20689655172413793,0.06060606060606061,1.0
1777,25396,Tyler Flack,South Dakota,0.6923076923076923,0.6666666666666666,0.5333333333333333,1.0
1778,25398,Zieyik EstimĂ¨,Norfolk St.,0.0,1.0,0.0,1.0
1779,25399,Karim Rowson,South Dakota,0.5,0.5588235294117647,0.4,0.7142857142857143
1780,25400,Eric Robertson,South Dakota,0.0,0.5555555555555556,0.7142857142857143,1.0
1781,25401,Casey Kasperbauer,South Dakota,0.0,0.0,0.26666666666666666,0.8157894736842105
1782,25415,Elias Desport,Saint Peter's,0.0,0.46153846153846156,0.75,0.0
1783,25418,Tyler Harvey,Eastern Washington,0.0,0.2653061224489796,0.10869565217391304,0.7425742574257426
1784,25427,Mikey Thompson,Boise St.,0.0,0.0625,0.08333333333333333,0.75
1785,25436,Jordyn Martin,Northern Arizona,0.0,0.6285714285714286,0.6666666666666666,0.0
1786,25445,Jeff White,Loyola Chicago,0.0,0.041666666666666664,0.22857142857142856,0.8260869565217391
1787,25448,Dez Wells,Maryland,0.6153846153846154,0.27710843373493976,0.18518518518518517,0.9411764705882353
1788,25449,Devon Turk,Loyola Chicago,0.0,0.3125,0.5,0.9344262295081968
1789,25452,Caleb Johnson,UMKC,0.6666666666666666,0.5833333333333334,0.7142857142857143,1.0
1790,25456,Nelson Kirksey,UMKC,0.6,0.22058823529411764,0.1935483870967742,0.967741935483871
1791,25457,John Burke,UMKC,1.0,0.5238095238095238,0.0,1.0
1792,25459,Darius Graham,UC Davis,0.0,0.0967741935483871,0.4,0.875
1793,25463,Clint Bozner,UC Davis,0.875,0.5777777777777777,0.6,0.0
1794,25467,Travis Avery,New Orleans,0.0,0.0,1.0,0.0
1795,25476,Brandon Swannegan,Tulsa,0.8571428571428571,0.5,0.8095238095238095,0.0
1796,25494,Jordan Adams,UCLA,0.0,0.4838709677419355,0.7142857142857143,0.9807692307692307
1797,25499,Olivier Hanlan,Boston College,0.0,0.15476190476190477,0.08,0.6949152542372882
1798,25514,Robert Gilchrist,Florida St.,1.0,0.78125,0.5833333333333334,1.0
1799,25519,Georges Niang,Iowa St.,1.0,0.5353535353535354,0.4266666666666667,0.9375
1800,25525,Anthony Hubbard,Morgan St.,1.0,0.3670886075949367,0.391304347826087,0.8125
1801,25527,Duke DaRe,UC Santa Barbara,0.0,0.0,0.0,0.0
1802,25535,Deshaunt Walker,Stephen F. Austin,1.0,0.5161290322580645,0.25,0.8717948717948718
1803,25540,Jito Kok,San Diego,0.8095238095238095,0.6857142857142857,0.6666666666666666,0.0
1804,25544,Trey Pinkney,Stephen F. Austin,0.0,0.21428571428571427,0.125,1.0
1805,25546,Dreon Barlett,Sacramento St.,0.0,0.3333333333333333,0.4,0.9333333333333333
1806,25547,Eric Norman,Montana St.,0.0,0.5333333333333333,0.5,1.0
1807,25549,Flavien Davis,Montana St.,0.0,0.4117647058823529,0.3125,0.5
1808,25550,Sean Sheldon,William & Mary,0.0,0.6764705882352942,0.4,0.0
1809,25551,Danny Robison,Montana St.,0.0,0.2857142857142857,0.0,1.0
1810,25555,Paul Egwuonwu,Montana St.,0.75,0.3617021276595745,0.44,0.0
1811,25556,JR Coronado,Liberty,1.0,0.4528301886792453,0.0,0.0
1812,25558,Stephen Toyra,Purdue,0.0,0.3333333333333333,1.0,0.0
1813,25559,Jay Simpson,Purdue,0.3333333333333333,0.35714285714285715,0.6428571428571429,1.0
1814,25560,Casey Roberts,Liberty,0.0,0.0,0.0,1.0
1815,25562,Rapheal Davis,Purdue,0.5,0.4864864864864865,0.38461538461538464,1.0
1816,25568,Cleveland Thomas,New Mexico,0.0,0.36363636363636365,0.5714285714285714,1.0
1817,25571,Jarvis Davis,Gardner Webb,0.0,0.4,0.0,0.6
1818,25572,Brooks Doyle,Georgia Tech,0.0,0.0,1.0,1.0
1819,25574,Chris Bolden,Georgia Tech,0.0,0.6153846153846154,0.07142857142857142,0.84375
1820,25576,Marcus Georges-Hunt,Georgia Tech,0.75,0.3333333333333333,0.2413793103448276,1.0
1821,25587,Devonte Brown,Indiana St.,0.0,0.34615384615384615,0.1,0.75
1822,25591,Marin Mornar,Loyola Marymount,0.5714285714285714,0.6086956521739131,0.75,1.0
1823,25594,Dakarai Tucker,Utah,0.5,0.631578947368421,0.75,0.9285714285714286
1824,25597,Moses Ayegba,Georgetown,1.0,0.375,0.16666666666666666,0.0
1825,25601,Adam Link,Western Illinois,0.5833333333333334,0.4230769230769231,0.35714285714285715,0.0
1826,25603,Michael Ochereobia,Western Illinois,0.9375,0.6721311475409836,0.5757575757575758,0.0
1827,25606,Antoine Myers,Troy,0.3333333333333333,0.23529411764705882,0.25,0.0
1828,25608,Karl Ziegler,Longwood,1.0,0.5192307692307693,0.7719298245614035,0.0
1829,25615,Kyle Gaillard,William & Mary,0.9,0.4,0.16666666666666666,1.0
1830,25619,Alonzo Traylor,North Dakota,0.9285714285714286,0.6027397260273972,0.3888888888888889,0.0
1831,25620,Christian Farmer,Winthrop,0.6666666666666666,0.5,0.4,0.7777777777777778
1832,25632,Aaron Tyser,Wyoming,0.0,1.0,1.0,0.0
1833,25633,Emmanual Okoro,Howard,0.0,0.0,0.0,0.0
1834,25638,Austin Lewis,McNeese St.,0.75,0.5789473684210527,1.0,0.0
1835,25639,Jordan Wells,McNeese St.,0.0,0.0,0.0,0.0
1836,25640,Pete Kpan,McNeese St.,0.0,0.6666666666666666,0.0,0.0
1837,25641,D.J. Mason,Campbell,0.7142857142857143,0.45454545454545453,0.18181818181818182,0.9285714285714286
1838,25644,Reco McCarter,Campbell,0.5,0.2558139534883721,0.3333333333333333,0.8214285714285714
1839,25646,Darren Goodson,Kent St.,0.0,0.3333333333333333,0.05263157894736842,0.96
1840,25652,Adam Wing,Evansville,0.0,0.5862068965517241,0.6,1.0
1841,25653,Chaed Wellian,Tennessee St.,0.5,0.5714285714285714,0.8333333333333334,0.6666666666666666
1842,25656,Jamie Adams,Florida A&M,0.0,0.11904761904761904,0.0,0.5072463768115942
1843,25658,Kader Tapsoba,Texas Tech,0.8571428571428571,0.7142857142857143,0.5,0.0
1844,25667,Tilman Dunbar,Navy,0.0,0.0,0.22727272727272727,0.0
1845,25668,Kendall Knorr,Navy,0.0,0.6,0.47058823529411764,0.9545454545454546
1846,25676,Markus Starks,Chicago St.,0.0,0.75,1.0,0.0
1847,25680,Ben Freeland,Lafayette,0.0,0.5714285714285714,0.5714285714285714,0.0
1848,25681,Tanner Plemmons,Stetson,0.0,0.0,0.0,1.0
1849,25684,Daniel Dingle,Temple,0.0,0.46153846153846156,0.0,0.8571428571428571
1850,25685,Devontae Watson,Temple,1.0,0.5294117647058824,0.6666666666666666,0.0
1851,25688,Dalton Pepper,Temple,0.2857142857142857,0.417910447761194,0.3617021276595745,0.7738095238095238
1852,25689,Nathaniel Musters,Lafayette,0.0,0.625,0.42857142857142855,0.0
1853,25690,Leke Solanke,Stetson,0.0,0.8571428571428571,0.0,0.0
1854,25692,Brian Pegg,Stetson,0.4444444444444444,0.4024390243902439,0.5555555555555556,1.0
1855,25694,Junior Longrus,Washington St.,0.8421052631578947,0.7931034482758621,0.9230769230769231,0.0
1856,25695,Zach Elcano,American,0.0,0.5,0.0,0.0
1857,25697,Alhaji Fullah,Charleston Southern,1.0,0.7096774193548387,0.42105263157894735,0.0
1858,25698,Malcolm Bernard,Charleston Southern,0.0,0.2857142857142857,0.0,1.0
1859,25702,Rashun Davis,Radford,0.0,0.10416666666666667,0.022222222222222223,0.75
1860,25703,Taj Owens,Radford,0.0,0.0,0.0,0.0
1861,25704,Lucas Dyer,Radford,0.0,0.0,0.0,0.0
1862,25705,Ya Ya Anderson,Radford,1.0,0.28,0.12903225806451613,0.8985507246376812
1863,25706,Juwan Wells,Radford,0.0,0.0,0.0,0.0
1864,25708,Agunwa Okolie,Harvard,0.8,0.8235294117647058,0.2,1.0
1865,25710,Evan Cummins,Harvard,1.0,0.8148148148148148,0.2,0.0
1866,25712,Terry Allen,Richmond,0.5,0.4444444444444444,0.35294117647058826,1.0
1867,25714,Deion Taylor,Richmond,0.6666666666666666,0.5652173913043478,0.375,0.9411764705882353
1868,25720,Davion Berry,Weber St.,0.0,0.18333333333333332,0.24242424242424243,0.7
1869,25725,Kyle Pearson,Fairleigh Dickinson,0.6666666666666666,0.7142857142857143,0.2,1.0
1870,25763,Kevin Hill,New Orleans,0.6,0.4807692307692308,0.3333333333333333,0.0
1871,25764,Evans Ganapamo,New Orleans,0.0,0.0,0.0,0.0
1872,25769,Traddarius McPhearson,New Orleans,0.0,0.34210526315789475,0.2222222222222222,0.9473684210526315
1873,25770,Isaac Mack,New Orleans,0.0,0.18518518518518517,0.2222222222222222,0.7894736842105263
1874,25783,Shawn Moore,UC Santa Barbara,0.0,0.7894736842105263,1.0,0.0
1875,25791,Drew Jacobs,Boston College,0.0,0.0,0.0,0.0
1876,25806,Richard Bell,Nevada,0.0,0.0,1.0,0.0
1877,25810,Michael Harper,Hawaii,0.0,0.0,0.0,1.0
1878,25811,Keith Coleman,North Texas,0.8888888888888888,0.5416666666666666,0.6428571428571429,0.0
1879,25816,Marquis Horne,Cal St. Fullerton,1.0,0.59375,0.42857142857142855,0.92
1880,25817,Jared Brandon,Cal St. Fullerton,0.0,0.32,0.25,1.0
1881,25830,Brandon Regis,McNeese St.,0.0,0.4,0.0,1.0
1882,25831,Raymond Penn,Texas Southern,0.0,0.0,0.0,0.7027027027027027
1883,25836,Peter Ryckbosch,DePaul,0.0,0.5555555555555556,1.0,0.0
1884,25837,Durrell McDonald,DePaul,0.0,0.2,0.2222222222222222,0.8888888888888888
1885,25838,Cory Dolins,DePaul,0.0,0.0,0.0,0.0
1886,25844,Trevor Bohnhoff,Michigan St.,0.0,0.0,0.0,0.0
1887,25850,Khristian Smith,Indiana St.,0.6666666666666666,0.5689655172413793,0.34146341463414637,0.9166666666666666
1888,25851,Austin Haldorson,Wyoming,0.0,1.0,0.0,1.0
1889,25853,Frank Eaves,Appalachian St.,0.0,0.2222222222222222,0.0,1.0
1890,25854,Kyree Jones,Maryland Eastern Shore,0.0,0.0,0.34782608695652173,0.8653846153846154
1891,25855,Nick Doyle,Delaware St.,0.0,0.3333333333333333,0.7333333333333333,0.5
1892,25856,Chris Burgess,Appalachian St.,0.0,0.0,0.07142857142857142,0.7037037037037037
1893,25857,Rantavious GIlbert,Appalachian St.,1.0,0.8,1.0,0.0
1894,25863,Phil Hawkins,Texas St.,0.0,0.07692307692307693,0.0,0.8846153846153846
1895,25866,Ray Dorsey,Texas St.,0.0,0.0,0.0,1.0
1896,25867,Joel Wright,Texas St.,0.75,0.31313131313131315,0.23529411764705882,0.9333333333333333
1897,25882,Barrington Stevens III,South Alabama,0.0,0.15384615384615385,0.0,0.8076923076923077
1898,25887,Cole Rives,Georgia Southern,0.0,0.0,0.0,0.0
1899,25888,Kris Drees,Kennesaw St.,0.0,0.5714285714285714,1.0,0.0
1900,25894,Neiko Hunter,Middle Tennessee,0.6923076923076923,0.37333333333333335,0.38181818181818183,1.0
1901,25896,Paddy Quinn,Columbia,0.0,0.0,0.0,0.0
1902,25897,Jerami Grant,Syracuse,0.6071428571428571,0.4772727272727273,0.5555555555555556,0.0
1903,25900,Dylan Flood,Marquette,0.0,1.0,0.0,0.0
1904,25913,Egidijus Mockevicius,Evansville,1.0,0.7745098039215687,0.75,0.0
1905,25914,Mike Leazer,Evansville,0.0,0.0,0.0,0.0
1906,25925,Tim McKinney,Bryant,0.0,0.0,0.0,0.0
1907,25926,Shane McLaughlin,Bryant,0.0,0.0,0.0,0.875
1908,25940,Darion Harris,Bradley,0.0,0.0,0.0,0.0
1909,25941,Tyshon Pickett,Bradley,1.0,0.5,0.3939393939393939,0.7
1910,25942,Mason Alwan,Bradley,0.0,0.25,0.25,1.0
1911,25944,Ka'Darryl Bell,Bradley,0.0,0.1875,0.13333333333333333,1.0
1912,25950,Chris Obekpa,St. John's,0.7692307692307693,0.5853658536585366,0.3076923076923077,0.0
1913,25960,C.J. Gettys,UNC Wilmington,1.0,0.7272727272727273,0.3333333333333333,0.0
1914,25961,Nick Wiggins,Wichita St.,0.8571428571428571,0.37037037037037035,0.5,0.9545454545454546
1915,25967,Rod Rucker,UAB,0.5,0.45901639344262296,0.5111111111111111,1.0
1916,25970,O.J. Lewis,La Salle,0.0,0.0,0.0,1.0
1917,25971,Jared Young,Arkansas Pine Bluff,0.0,0.0,1.0,0.0
1918,25976,Paul McCoy,Saint Mary's,0.0,0.18181818181818182,0.3333333333333333,1.0
1919,25981,C.J. Holmes,Auburn,0.0,0.0,0.0,0.0
1920,25984,Mustafaa Jones,Fairleigh Dickinson,0.6666666666666666,0.36363636363636365,0.0,0.859375
1921,25988,J.J. Panoske,Milwaukee,0.0,0.6,0.5,1.0
1922,25995,Michael Obacha,Appalachian St.,0.6666666666666666,0.6764705882352942,0.6666666666666666,0.0
1923,25998,Dawon Cummings,Indiana St.,0.3125,0.35135135135135137,0.16666666666666666,0.8979591836734694
1924,25999,Amin Torres,Nicholls St.,0.0,0.3125,0.0,0.8823529411764706
1925,26004,Jakarr Sampson,St. John's,0.8387096774193549,0.5425531914893617,0.5113636363636364,0.0
1926,26007,Marc-Antoine Bourgault,St. John's,0.0,0.0,0.0,1.0
1927,26008,Felix Balamou,St. John's,0.0,1.0,0.0,0.0
1928,26011,Khadim Ndiaye,St. John's,0.0,0.0,0.0,0.0
1929,26013,Erik Kinney,Cal St. Bakersfield,0.8571428571428571,0.40625,0.6666666666666666,0.0
1930,26017,Isaiah Miles,Saint Joseph's,0.0,0.6,1.0,0.9285714285714286
1931,26018,Corey Hall,Cal St. Bakersfield,0.0,0.4375,0.7272727272727273,1.0
1932,26020,Jesse Reed,American,0.0,0.4931506849315068,0.17647058823529413,0.9
1933,26021,Marko Vasic,American,1.0,0.5925925925925926,0.6666666666666666,1.0
1934,26023,Jon McKeeman,Purdue,0.0,0.0,0.0,1.0
1935,26032,Martin Shaw,Old Dominion,0.0,0.0,0.0,0.0
1936,26041,Tim Whelan,Xavier,0.0,0.0,0.0,0.0
1937,26044,Evan Cooper,Hartford,0.0,0.48,0.0,0.9512195121951219
1938,26048,Michael Zangari,East Carolina,1.0,0.6229508196721312,0.5263157894736842,1.0
1939,26049,Aleksej Rostov,Western Kentucky,0.0,0.5833333333333334,0.2,1.0
1940,26057,Brandon Jawato,Hawaii,0.0,0.0,0.0,1.0
1941,26061,Andre Armstrong,Coppin St.,0.0,0.10526315789473684,0.16666666666666666,0.8448275862068966
1942,26068,Jeffery Ricard,Southeastern Louisiana,0.0,0.5,0.0,0.8125
1943,26070,Stetson Billings,Little Rock,1.0,0.6,1.0,0.0
1944,26073,Jeff Laidig,Belmont,0.0,0.0,0.0,0.8
1945,26074,Craig Bradshaw,Belmont,0.7058823529411765,0.2909090909090909,0.15384615384615385,0.9076923076923077
1946,26080,Dyami Starks,Bryant,0.0,0.13432835820895522,0.21621621621621623,0.7954545454545454
1947,26094,Tobias Dowdell,Tennessee Martin,0.0,0.45454545454545453,0.7142857142857143,0.0
1948,26095,Justin Childs,Tennessee Martin,0.42857142857142855,0.5319148936170213,0.4,0.7142857142857143
1949,26097,Demarc Richardson,Tennessee Martin,0.0,0.6666666666666666,0.5,0.0
1950,26100,Bobby Jones,Tennessee Martin,0.0,0.3333333333333333,0.0,0.9545454545454546
1951,26102,Jordan Heath,Canisius,0.696969696969697,0.6,0.5454545454545454,0.9333333333333333
1952,26109,Marcel Davis,Utah St.,0.0,0.2857142857142857,0.5,1.0
1953,26110,Jason Hawthorne,Western Illinois,0.0,0.0,0.2,0.0
1954,26111,Tenale Roland,Utah St.,0.0,0.25,0.14285714285714285,0.8421052631578947
1955,26113,Michael Frazier,Florida,0.6666666666666666,0.3076923076923077,0.2857142857142857,0.940677966101695
1956,26114,Dillon Graham,Florida,0.0,0.0,0.0,0.0
1957,26121,Jared Klein,Western Michigan,0.0,0.2,0.09090909090909091,0.8
1958,26124,A.J. Avery,Western Michigan,0.0,0.4,0.7333333333333333,0.0
1959,26125,Charles Harris,Western Michigan,0.0,0.4,0.0,0.5
1960,26136,Terry Henderson,West Virginia,0.6666666666666666,0.4,0.4,0.9574468085106383
1961,26139,Albert Thomas,Delaware St.,0.0,0.2,0.0625,1.0
1962,26143,Fred VanVleet,Wichita St.,0.0,0.1076923076923077,0.06896551724137931,0.4864864864864865
1963,26150,Jordan Montgomery,Kennesaw St.,0.0,1.0,0.0,1.0
1964,26151,Jake Thomas,Marquette,0.0,1.0,0.75,0.8656716417910447
1965,26168,Jay Parker,Illinois Chicago,0.0,0.125,0.2,1.0
1966,26170,Petey McClain,East Tennessee St.,0.0,0.17391304347826086,0.0,0.75
1967,26177,Justin Simmons,Nebraska Omaha,0.6363636363636364,0.375,0.12121212121212122,0.9615384615384616
1968,26179,J. Cunnigham D,UNC Asheville,0.7272727272727273,0.5063291139240507,0.21212121212121213,0.0
1969,26185,Amadou Sidibe,Fairfield,1.0,0.4897959183673469,0.2857142857142857,0.0
1970,26200,Reece Williams,Albany,0.0,0.0,0.0,0.0
1971,26203,Javan Felix,Texas,0.0,0.09090909090909091,0.14285714285714285,0.8852459016393442
1972,26204,Zach En'Wezoh,Columbia,0.5,0.3684210526315789,0.5,0.0
1973,26205,Michael Albrecht,Michigan,0.0,0.3333333333333333,0.2,0.75
1974,26206,Demarcus Holland,Texas,0.625,0.36,0.42857142857142855,1.0
1975,26210,Brison White,Northwestern St.,0.42424242424242425,0.46153846153846156,0.3877551020408163,1.0
1976,26220,Dequan Hicks,Northwestern St.,0.4444444444444444,0.5164835164835165,0.559322033898305,1.0
1977,26221,Matt Killian,Northwestern St.,0.0,0.6666666666666666,0.0,1.0
1978,26222,Dustin Adams,Northwestern St.,0.0,0.0,1.0,0.0
1979,26223,Dadrian Harris,Northwestern St.,0.0,0.0,0.0,1.0
1980,26226,Phillip Lawrence,Marist,0.75,0.7,0.5,1.0
1981,26231,Jordan Roper,Clemson,0.42857142857142855,0.20833333333333334,0.21875,0.8484848484848485
1982,26248,Barrington Alston,Towson,0.0,0.0,0.0,0.0
1983,26269,Aaron Morgan,UMBC,0.0,0.0,0.0,0.8181818181818182
1984,26270,Malik Garner,UMBC,1.0,0.48,0.4666666666666667,0.9230769230769231
1985,26271,Kyle Weldon,Army,0.0,0.0,0.0,0.0
1986,26273,Martino Brock,South Florida,0.8571428571428571,0.5128205128205128,0.631578947368421,1.0
1987,26278,Willie Clayton,Charlotte,1.0,0.6132075471698113,0.5238095238095238,0.0
1988,26279,Zach LeDay,South Florida,0.7142857142857143,0.5,0.6428571428571429,1.0
1989,26291,Josh Adams,Wyoming,0.5555555555555556,0.37662337662337664,0.22857142857142856,0.5652173913043478
1990,26292,Derek Cooke Jr.,Wyoming,0.9696969696969697,0.8194444444444444,0.4,0.0
1991,26307,Aubrey Williams,UCLA,0.0,0.0,0.0,0.0
1992,26308,Dom Samac,Denver,1.0,0.7142857142857143,0.0,1.0
1993,26309,Jordan Giusti,Saint Mary's,0.0,0.3076923076923077,1.0,1.0
1994,26311,Kyle Anderson,UCLA,0.42857142857142855,0.19642857142857142,0.1958762886597938,0.8214285714285714
1995,26312,Rob Lewis,Houston Christian,0.0,0.0967741935483871,0.10204081632653061,0.7777777777777778
1996,26313,Landry Nnoko,Clemson,0.8,0.576271186440678,0.8181818181818182,0.0
1997,26314,Jeremiah Aska,Hartford,0.0,0.0,0.0,0.0
1998,26315,Steve Perpiglia,Boston College,0.0,0.0,1.0,0.0
1999,26320,Chris Lewis,Delaware St.,0.0,0.0,0.0,1.0
2000,26321,Jacob Hazzard,Arizona,0.0,1.0,0.3333333333333333,0.5
2001,26322,Kaleb Tarczewski,Arizona,0.8571428571428571,0.6276595744680851,0.7647058823529411,0.0
2002,26325,Brandon Ashley,Arizona,0.8571428571428571,0.46,0.625,0.9090909090909091
2003,26327,Gabe York,Arizona,0.5,0.6190476190476191,0.5,0.9649122807017544
2004,26335,Quinton Chievous,Tennessee,0.0,1.0,0.0,0.0
2005,26336,Tevin Prescott,Winthrop,0.9166666666666666,0.6470588235294118,0.5238095238095238,0.0
2006,26346,Joel James,North Carolina,0.0,0.375,0.6666666666666666,0.0
2007,26348,Travis Wilkins,Ohio,0.0,0.46153846153846156,0.5714285714285714,0.9444444444444444
2008,26351,Ian Chiles,Morgan St.,0.7413793103448276,0.6015625,0.5,0.0
2009,26353,Tre Hale-Edmerson,Cal St. Northridge,1.0,0.4888888888888889,0.5135135135135135,1.0
2010,26354,Damon Sherman-Newsome,Colgate,0.0,0.15789473684210525,0.13636363636363635,0.8823529411764706
2011,26355,Alex Ramon,Colgate,0.0,0.5,0.3333333333333333,1.0
2012,26357,Drake Thomas,Southern Utah,0.0,0.0,0.0,1.0
2013,26363,James Woodard,Tulsa,0.625,0.2711864406779661,0.2894736842105263,0.8307692307692308
2014,26364,Rashad Ray,Tulsa,0.0,0.16326530612244897,0.0,0.8
2015,26366,D'Andre Wright,Tulsa,0.8333333333333334,0.6585365853658537,0.5128205128205128,1.0
2016,26367,Nick Wood,Tulsa,0.0,0.0,0.0,1.0
2017,26384,Jameel Warney,Stony Brook,0.76,0.5578231292517006,0.5294117647058824,0.0
2018,26385,Carson Puriefoy,Stony Brook,0.0,0.13333333333333333,0.09090909090909091,0.7105263157894737
2019,26393,Marcus Byrd,Denver,0.0,0.75,0.7142857142857143,0.9807692307692307
2020,26405,Hyjii Thomas,UTSA,0.8333333333333334,0.2553191489361702,0.16666666666666666,0.6923076923076923
2021,26407,Travis Rollo,Army,0.0,0.7333333333333333,0.0,0.0
2022,26408,Tanner Plomb,Army,0.7777777777777778,0.5294117647058824,0.2916666666666667,0.9705882352941176
2023,26410,Matt Gramling,Army,0.0,0.19047619047619047,0.047619047619047616,0.875
2024,26411,Kevin Ferguson,Army,0.8888888888888888,0.5862068965517241,0.5,0.0
2025,26412,Dylan Cox,Army,0.0,0.2696629213483146,0.5,0.9285714285714286
2026,26418,Larry Toomey,Army,1.0,0.4230769230769231,0.5,1.0
2027,26421,Spencer Collins,Wofford,1.0,0.3389830508474576,0.3181818181818182,0.9565217391304348
2028,26422,CJ Neumann,Wofford,0.8333333333333334,0.6,0.8333333333333334,1.0
2029,26423,Justin Gordon,Wofford,0.8333333333333334,0.5813953488372093,0.09090909090909091,0.0
2030,26432,Baryn Houston,Alabama A&M,0.0,0.0,0.0,1.0
2031,26433,Chadrack Lufile,Wichita St.,0.0,0.5714285714285714,0.4666666666666667,0.0
2032,26434,Marcellous Bell,Jacksonville,0.0,0.0,0.0,0.8333333333333334
2033,26438,Trey Davis,Richmond,0.6666666666666666,0.3404255319148936,0.1,1.0
2034,26441,Taran Brown,UC Santa Barbara,0.6666666666666666,0.5517241379310345,0.5,0.868421052631579
2035,26442,Phil Forte,Oklahoma St.,0.0,0.3333333333333333,0.2,0.8888888888888888
2036,26445,Andrew Poulter,Little Rock,0.0,1.0,0.5,0.0
2037,26446,Jabari Brown,Missouri,0.7142857142857143,0.3974358974358974,0.2,0.8625
2038,26448,Justin Goldsborough,Lehigh,1.0,0.72,0.6428571428571429,0.0
2039,26454,Devon Carter,Lehigh,0.0,0.0,0.0,0.0
2040,26456,Leroy Isler,Little Rock,0.0,0.37142857142857144,0.3,0.6666666666666666
2041,26462,Sommy Ogukwe,Liberty,0.0,0.0,0.0,0.0
2042,26468,Montrezl Harrell,Louisville,0.7959183673469388,0.6306818181818182,0.5111111111111111,0.5
2043,26469,JJ O'Brien,San Diego St.,0.8333333333333334,0.39285714285714285,0.15151515151515152,1.0
2044,26471,Brandon Conley,Oral Roberts,0.6666666666666666,0.4583333333333333,0.5,0.0
2045,26472,Corbin Byford,Oral Roberts,1.0,0.5,0.0,0.0
2046,26483,Zay Henderson,Murray St.,0.0,0.75,0.0,0.0
2047,26484,Terron Gillmore,Murray St.,0.0,1.0,0.0,0.0
2048,26485,Tyler Rambo,Murray St.,0.7142857142857143,0.55,0.5,0.0
2049,26486,C.J. Ford,Murray St.,1.0,0.7142857142857143,0.0,0.0
2050,26497,Dylan Brossman,Boston University,0.0,0.0,0.0,1.0
2051,26498,Justin Alston,Boston University,0.75,0.6875,1.0,0.0
2052,26501,James Hunter,Washington St.,1.0,1.0,1.0,0.0
2053,26525,Tahjere McCall,Niagara,0.6666666666666666,0.21153846153846154,0.1875,0.5
2054,26540,Kayel Locke,UNC Greensboro,0.0,0.3870967741935484,0.34,0.75
2055,26546,Tony Gill,Pacific,1.0,0.6515151515151515,0.4722222222222222,0.868421052631579
2056,26547,David Nyarsuk,Cincinnati,1.0,0.7777777777777778,0.6666666666666666,0.0
2057,26549,Titus Rubles,Cincinnati,0.5454545454545454,0.42857142857142855,0.18518518518518517,0.0
2058,26551,Caris LeVert,Michigan,0.5454545454545454,0.2631578947368421,0.06521739130434782,0.8333333333333334
2059,26555,Daveon Balls,Northern Illinois,0.0,0.36363636363636365,0.0625,0.8181818181818182
2060,26556,Phillip Anglade,VMI,0.75,0.34615384615384615,0.23076923076923078,0.0
2061,26557,James Robinson,Pittsburgh,0.0,0.43333333333333335,0.3793103448275862,0.9583333333333334
2062,26560,Tevin Falzon,Sacred Heart,0.0,0.391304347826087,0.5454545454545454,1.0
2063,26562,Tyler Ellerman,Iowa St.,0.0,1.0,1.0,0.0
2064,26565,Marshall Guilmette,East Carolina,0.0,1.0,0.3333333333333333,0.0
2065,26566,Allan Chaney,High Point,0.8,0.4444444444444444,0.5714285714285714,0.0
2066,26568,Ross Wilson,Rice,1.0,0.4,0.6363636363636364,0.0
2067,26569,Shane Plunkett,Rhode Island,0.0,0.0,0.0,0.0
2068,26570,Eric Youncofski,Rhode Island,0.0,0.0,0.0,0.0
2069,26572,Zach Auguste,Notre Dame,0.8666666666666667,0.6825396825396826,0.5217391304347826,0.0
2070,26574,Austin Burgett,Notre Dame,1.0,0.36363636363636365,0.8,1.0
2071,26575,Alex Phillips,Nebraska Omaha,0.0,0.5454545454545454,0.3,0.9285714285714286
2072,26578,Maurice Walker,Minnesota,0.9090909090909091,0.7058823529411765,0.5789473684210527,0.0
2073,26582,Manny Arop,Indiana St.,0.5,0.3684210526315789,0.3170731707317073,0.8837209302325582
2074,26589,Corey Gray,Chicago St.,0.0,0.18181818181818182,0.1111111111111111,0.8888888888888888
2075,26595,Isaiah Ivey,Gardner Webb,0.0,0.5,0.75,0.875
2076,26596,Jerome Hill,Gardner Webb,0.8333333333333334,0.525,0.532258064516129,0.0
2077,26597,Adam Sweeney,Gardner Webb,0.0,0.0,0.0,0.0
2078,26609,Antonin Galaya,North Carolina Central,0.0,0.0,1.0,1.0
2079,26614,Khion Sankey,Lipscomb,0.0,0.32,0.25,0.9393939393939394
2080,26620,Marcus Colbert,Montana St.,0.0,0.058823529411764705,0.125,0.5609756097560976
2081,26630,Marshall Wood,Virginia Tech,0.0,0.5555555555555556,0.5,0.9411764705882353
2082,26636,Matt Sellers,Wyoming,0.0,0.0,1.0,0.0
2083,26638,Nathan Sobey,Wyoming,0.6,0.48333333333333334,0.2608695652173913,0.8636363636363636
2084,26645,Trantell Knight,Middle Tennessee,0.0,0.13333333333333333,0.25,0.6666666666666666
2085,26651,Wally Judge,Rutgers,0.9375,0.6101694915254238,0.5714285714285714,0.0
2086,26657,Christian Beyer,Virginia Tech,0.0,0.375,0.6666666666666666,1.0
2087,26665,Tao Xu,San Francisco,0.0,0.0,1.0,0.0
2088,26669,Przemek Karnowski,Gonzaga,0.9444444444444444,0.6511627906976745,0.45098039215686275,0.0
2089,26670,Nathaniel Mason,Sam Houston St.,0.75,0.7272727272727273,0.6875,1.0
2090,26671,Drew Barham,Gonzaga,0.0,0.38461538461538464,0.0,0.9827586206896551
2091,26672,Mitch McCormick,Sam Houston St.,0.0,1.0,0.0,1.0
2092,26673,Terrance Motley,Sam Houston St.,0.5,0.46938775510204084,0.7619047619047619,1.0
2093,26694,Ahmad Abdullah,North Carolina A&T,0.0,0.3333333333333333,0.5,1.0
2094,26701,Ron Baker,Wichita St.,0.4,0.26,0.2608695652173913,0.7272727272727273
2095,26705,Phil Guglielmo,Navy,0.0,0.0,0.0,0.0
2096,26707,Antonio Biglow,Montana St.,0.0,0.06666666666666667,0.034482758620689655,0.9
2097,26708,Taylor Echols,Georgia,0.0,0.0,0.0,0.6363636363636364
2098,26713,Jalen Love,Denver,1.0,0.6486486486486487,0.21428571428571427,0.8863636363636364
2099,26714,Bryant Rucker,Denver,0.0,0.6956521739130435,0.08333333333333333,0.8666666666666667
2100,26716,Charles Mann,Georgia,0.3333333333333333,0.11267605633802817,0.034482758620689655,0.38095238095238093
2101,26717,Kenny Gaines,Georgia,0.6666666666666666,0.43636363636363634,0.25925925925925924,0.8596491228070176
2102,26718,Brandon Morris,Georgia,0.5555555555555556,0.26666666666666666,0.25,1.0
2103,26720,Ethan O'Day,Vermont,0.9,0.6065573770491803,0.6111111111111112,0.0
2104,26732,Tyler Alderman,Jacksonville,0.0,0.6923076923076923,0.8,0.0
2105,26734,Kordario Fleming,Jacksonville,0.0,0.4,0.75,0.0
2106,26736,Jarvis Haywood,Jacksonville,0.0,0.2962962962962963,0.24193548387096775,0.8484848484848485
2107,26739,Tony Sabato,Elon,0.0,0.6666666666666666,0.3333333333333333,0.0
2108,26743,Tanner Samson,Elon,0.0,1.0,1.0,0.9264705882352942
2109,26750,Ethan Mackey,Maine,0.0,0.56,0.6666666666666666,0.0
2110,26754,Josh Smith,Clemson,0.0,0.4,0.7777777777777778,0.0
2111,26762,Tim Marshall,VMI,0.0,0.2727272727272727,1.0,0.9130434782608695
2112,26764,Bryan Harris,UMBC,0.0,0.25,0.4,0.8333333333333334
2113,26768,Amos Wilson,Lamar,0.8571428571428571,0.5076923076923077,0.6363636363636364,0.0
2114,26771,Charles Mitchell,Maryland,0.8,0.4117647058823529,0.24,0.0
2115,26772,Shaquille Cleare,Maryland,1.0,0.6785714285714286,0.45454545454545453,0.0
2116,26773,Jake Layman,Maryland,0.55,0.3877551020408163,0.6,0.9344262295081968
2117,26775,Seth Allen,Maryland,0.0,0.038461538461538464,0.0,0.6326530612244898
2118,26776,Aaron Rountree,Wake Forest,0.5,0.5,0.8571428571428571,1.0
2119,26777,T.J. Warren,N.C. State,0.5405405405405406,0.4739583333333333,0.35,0.9354838709677419
2120,26779,Dajuan Coleman,Syracuse,0.3333333333333333,0.23809523809523808,0.0,0.0
2121,26795,Langston Burnett,Wagner,0.0,0.5,0.0,1.0
2122,26801,Rohan Brown,La Salle,0.0,0.6875,1.0,1.0
2123,26811,Laquinton Ross,Ohio St.,0.8,0.2875,0.27419354838709675,0.9761904761904762
2124,26819,Marcus Hutchins,Savannah St.,0.0,0.0,0.0,0.0
2125,26821,Omar Oraby,USC,0.7916666666666666,0.5833333333333334,0.5294117647058824,0.0
2126,26822,Strahinja Gavrilovic,USC,1.0,0.7142857142857143,0.5,1.0
2127,26824,J.T. Terrell,USC,0.5,0.3,0.32,0.8275862068965517
2128,26830,Davon Haynes,Arkansas Pine Bluff,0.7916666666666666,0.4606741573033708,0.5294117647058824,1.0
2129,26831,Tevin Hammond,Arkansas Pine Bluff,0.0,0.23076923076923078,0.18181818181818182,0.6851851851851852
2130,26832,Matthew Hezekiah,South Carolina St.,0.8,0.6056338028169014,0.696969696969697,0.0
2131,26834,Chasen Campbell,South Carolina St.,0.0,1.0,1.0,0.0
2132,26836,Patrick Myers,South Carolina St.,0.0,0.0,1.0,1.0
2133,26837,Shaquiel Mitchell,South Carolina St.,0.0,0.5,0.5,1.0
2134,26843,Gabe Snider,Illinois Chicago,0.0,0.75,0.14285714285714285,0.8888888888888888
2135,26846,Jalen Palm,Monmouth,0.0,0.0,0.0,1.0
2136,26851,Tyrone O'Garro,Monmouth,0.9166666666666666,0.6086956521739131,0.3333333333333333,0.0
2137,26859,Cleanthony Early,Wichita St.,0.8421052631578947,0.6842105263157895,0.5365853658536586,0.9375
2138,26861,Cody McDavis,Northern Colorado,1.0,0.7058823529411765,0.5333333333333333,0.0
2139,26868,Jamere Dismukes,Chicago St.,0.0,0.0,0.0,0.0
2140,26872,Dwaun Anderson,Wagner,0.75,0.4864864864864865,0.23076923076923078,0.9
2141,26884,Zach Gordon,Cal Poly,0.8,0.875,0.5,0.0
2142,26885,Anthony Silvestri,Cal Poly,0.0,0.0,0.5,0.95
2143,26886,Brian Bennett,Cal Poly,0.0,0.6097560975609756,0.3902439024390244,0.0
2144,26889,Jake Bittle,South Dakota St.,0.0,0.46875,0.14285714285714285,0.875
2145,26893,Haiishen McIntyre,High Point,0.0,0.26666666666666666,0.3333333333333333,0.0
2146,26895,Derrell Edwards,High Point,0.0,0.5833333333333334,0.625,1.0
2147,26902,Brett Bisping,Siena,0.6,0.5728155339805825,0.6904761904761905,1.0
2148,26903,Xavier Munford,Rhode Island,0.6666666666666666,0.475,0.13157894736842105,0.7868852459016393
2149,26909,Marcus Tyus,Nebraska Omaha,0.5,0.4375,0.15,0.9032258064516129
2150,26911,Martin Seiferth,Eastern Washington,0.90625,0.7333333333333333,0.5833333333333334,0.0
2151,26915,Ben Millaud-Meunier,Saint Francis,0.0,0.21428571428571427,0.16666666666666666,0.9285714285714286
2152,26917,Daniel Ochefu,Villanova,0.8709677419354839,0.7741935483870968,0.35714285714285715,0.0
2153,26918,Henry Lowe,Villanova,0.0,1.0,0.0,1.0
2154,26922,Alex Poythress,Kentucky,0.7297297297297297,0.5,0.4,1.0
2155,26925,Keelan Garrett,McNeese St.,0.0,0.2857142857142857,0.09090909090909091,0.8125
2156,26929,Onzie Branch,Gardner Webb,0.75,0.5833333333333334,0.7,0.0
2157,26932,Kendrec Ferrara,Furman,1.0,0.4074074074074074,0.2826086956521739,0.875
2158,26943,Kevin Aronis,New Mexico St.,1.0,0.25,0.6,0.9324324324324325
2159,26944,Dylan Green,Lipscomb,0.0,1.0,0.0,0.0
2160,26947,J.J. Butler,Lipscomb,0.0,0.5,0.5,0.75
2161,26948,Geron Johnson,Memphis,0.72,0.46875,0.2,1.0
2162,26952,Anthony Cole,Memphis,0.0,0.0,0.0,0.0
2163,26956,Imoh Silas,Siena,1.0,0.574468085106383,0.23529411764705882,0.0
2164,26966,Adam Savion,Hofstra,0.0,0.0,0.0,0.0
2165,26984,Denzel Valentine,Michigan St.,0.75,0.4411764705882353,0.45161290322580644,0.8837209302325582
2166,26986,Spencer Parker,Bowling Green,0.7777777777777778,0.41935483870967744,0.37037037037037035,0.875
2167,26987,Richaun Holmes,Bowling Green,0.7358490566037735,0.5377358490566038,0.34615384615384615,1.0
2168,26988,Matt Costello,Michigan St.,1.0,0.8837209302325582,0.6666666666666666,0.0
2169,26989,Gary Harris,Michigan St.,0.4090909090909091,0.4307692307692308,0.40816326530612246,0.8518518518518519
2170,26993,Millaun Brown,Louisiana Monroe,1.0,0.4444444444444444,0.0,0.0
2171,26994,Kyle Koszuta,Louisiana Monroe,0.0,1.0,1.0,1.0
2172,27001,Geovonie McKnight,Miami OH,0.4,0.36,0.2127659574468085,1.0
2173,27003,Jack Montague,Yale,0.0,0.0,0.14285714285714285,0.7777777777777778
2174,27004,Nick Victor,Yale,0.0,0.2894736842105263,0.15,1.0
2175,27006,Jalen Hyde,Rutgers,0.0,0.0,0.0,0.0
2176,27010,Mindaugas Kacinas,South Carolina,0.75,0.6666666666666666,0.5625,0.0
2177,27012,Michael Carrera,South Carolina,0.7142857142857143,0.5813953488372093,0.5714285714285714,1.0
2178,27014,Austin Constable,South Carolina,0.0,0.0,0.0,0.0
2179,27015,Laimonas Chatkevicius,South Carolina,1.0,0.7058823529411765,0.6774193548387096,0.0
2180,27018,Terrell Brown,Central Arkansas,1.0,0.68,0.3157894736842105,0.0
2181,27019,Daouda Berete,Central Arkansas,0.5,0.1875,0.1111111111111111,1.0
2182,27020,Justin Colvin,Alabama A&M,1.0,0.375,0.3333333333333333,1.0
2183,27025,Justin Sears,Yale,0.5862068965517241,0.37142857142857144,0.5555555555555556,0.5
2184,27027,Ramon Mercado,Hampton,1.0,0.4166666666666667,1.0,0.9375
2185,27029,Reggie Price,Hampton,0.0,0.5,0.5,1.0
2186,27031,Jordan Downing,Presbyterian,1.0,0.25396825396825395,0.3103448275862069,0.6486486486486487
2187,27034,Josh Pierre,Arkansas St.,0.0,0.0,0.0,1.0
2188,27035,Cameron Golden,Arkansas St.,0.0,0.42105263157894735,0.3684210526315789,0.7857142857142857
2189,27037,Steve Johnston,Fairfield,0.0,0.0,0.0,1.0
2190,27038,Aaron Thomas,Florida St.,0.48148148148148145,0.22772277227722773,0.125,0.6666666666666666
2191,27040,Reggie McAdams,Akron,1.0,0.5,0.125,0.9375
2192,27041,Seth Kisler,Arkansas St.,0.0,0.25,0.0,1.0
2193,27042,Kelvin Downs,Arkansas St.,0.0,0.15384615384615385,0.6666666666666666,0.0
2194,27043,Dionte Adams,Hampton,1.0,0.3333333333333333,0.3333333333333333,0.0
2195,27051,Dejan Kravic,Texas Tech,0.625,0.45588235294117646,0.2962962962962963,1.0
2196,27061,Alfonzo Houston,North Carolina Central,0.6,0.5194805194805194,0.6111111111111112,1.0
2197,27062,Ricky Kreklow,California,0.0,0.6153846153846154,1.0,0.9259259259259259
2198,27063,Jalan West,Northwestern St.,0.0,0.1694915254237288,0.04081632653061224,0.6716417910447762
2199,27064,Garrett Galvin,California,0.0,0.0,0.0,0.0
2200,27071,Hunter Williams,Troy,0.0,0.08333333333333333,0.21428571428571427,0.6703296703296703
2201,27074,Jeff Mullahey,Troy,0.0,0.18181818181818182,0.09090909090909091,0.9302325581395349
2202,27082,David Walker,Northeastern,0.6923076923076923,0.48214285714285715,0.2857142857142857,0.8125
2203,27083,Zach Stahl,Northeastern,0.0,0.581081081081081,0.8,1.0
2204,27084,Derrico Peck,Northeastern,0.7,0.44,0.0,1.0
2205,27088,Dajuan Graf,Florida Gulf Coast,0.0,0.21052631578947367,0.1935483870967742,1.0
2206,27097,Brendyn Taylor,USC,0.0,0.5,1.0,1.0
2207,27108,Kris Gulley,Long Beach St.,1.0,0.375,0.2857142857142857,1.0
2208,27109,Steven Jones,UC Riverside,0.5,0.45454545454545453,0.07142857142857142,1.0
2209,27110,Taylor Johns,UC Riverside,0.875,0.48936170212765956,0.40540540540540543,1.0
2210,27112,Luke Hager,UNC Wilmington,1.0,0.6666666666666666,0.6,1.0
2211,27120,Jeffery Moss,Murray St.,0.8571428571428571,0.34,0.2571428571428571,0.8888888888888888
2212,27122,Kyle McElvain,UT Arlington,0.0,1.0,0.0,1.0
2213,27124,Isaiah Cousins,Oklahoma,0.0,0.2222222222222222,0.1694915254237288,0.868421052631579
2214,27126,Buddy Hield,Oklahoma,0.6923076923076923,0.32142857142857145,0.22727272727272727,0.9111111111111111
2215,27129,Semaj Christon,Xavier,0.7272727272727273,0.5966386554621849,0.25396825396825395,0.5263157894736842
2216,27130,Davon Marshall,Liberty,0.0,0.11764705882352941,0.23076923076923078,0.90625
2217,27150,Shawn Valentine,Rider,0.0,0.125,0.25,1.0
2218,27156,Tim Thomas,Pacific,0.5,0.4166666666666667,0.6,0.0
2219,27160,Troy Joseph,LIU,0.5,0.52,0.0,1.0
2220,27165,Bryn Forbes,Cleveland St.,0.0,0.4642857142857143,0.2702702702702703,0.88
2221,27168,Matt Stacho,Illinois St.,0.0,0.0,0.0,0.0
2222,27185,D.J. Griggs,LIU,0.0,0.5454545454545454,0.3333333333333333,0.9090909090909091
2223,27199,Nate Duhon,Chicago St.,0.0,0.4444444444444444,0.17142857142857143,1.0
2224,27203,Bakari Turner,Morehead St.,0.0,0.4166666666666667,0.5,1.0
2225,27204,Christopher Hyder,Southern,0.0,0.2,0.0,0.0
2226,27207,Kenneth Hall,Western Carolina,0.6666666666666666,0.42105263157894735,0.2,0.0
2227,27210,Ryan Harrow,Georgia St.,1.0,0.2125984251968504,0.07142857142857142,0.9310344827586207
2228,27212,Lester Wilson,East Tennessee St.,0.75,0.5,0.25806451612903225,0.9193548387096774
2229,27214,JT Yoho,Wright St.,0.0,0.3870967741935484,0.4117647058823529,0.95
2230,27220,Jerran Young,Wright St.,0.5833333333333334,0.48333333333333334,0.42857142857142855,0.8333333333333334
2231,27226,Patrick Farrell,Villanova,0.0,0.0,0.0,0.0
2232,27228,Donovon Jack,Penn St.,1.0,0.6222222222222222,0.23529411764705882,0.9473684210526315
2233,27229,Lorenzo Cugini,High Point,0.0,0.7931034482758621,0.7037037037037037,0.9705882352941176
2234,27230,Adam Weary,High Point,0.0,0.1746031746031746,0.3333333333333333,0.8823529411764706
2235,27231,Ryan Arcidiacono,Villanova,0.0,0.3076923076923077,0.2857142857142857,0.6779661016949152
2236,27234,Brandon Taylor,Penn St.,0.0,0.375,0.37037037037037035,0.9782608695652174
2237,27236,Tom Maayan,Seton Hall,0.0,0.4,0.0,0.5
2238,27242,Rich Audu,Siena,0.0,0.0,0.0,1.0
2239,27269,Marko Gujanicic,George Mason,0.0,0.5625,0.3181818181818182,1.0
2240,27273,Derek Reese,Tennessee,0.75,0.5714285714285714,1.0,1.0
2241,27274,Armani Moore,Tennessee,0.0,0.36363636363636365,0.3,0.8333333333333334
2242,27276,Aaron Washington,UMKC,0.0,0.16666666666666666,0.0,0.0
2243,27282,Daiquan Walker,UCF,0.0,0.05263157894736842,0.14285714285714285,0.7
2244,27283,J.C. Hampton,Lipscomb,0.0,0.23333333333333334,0.08695652173913043,0.8395061728395061
2245,27286,Jahii Carson,Arizona St.,0.25,0.20535714285714285,0.09523809523809523,0.7777777777777778
2246,27288,Tim Derksen,San Francisco,1.0,0.5178571428571429,0.2,0.9583333333333334
2247,27290,David Allen,Georgetown,0.0,0.0,0.0,0.0
2248,27305,D'Vauntes Smith-Rivera,Georgetown,0.0,0.45,0.1388888888888889,0.7121212121212122
2249,27315,Bryce Pressley,Portland,0.0,0.3548387096774194,0.3,0.972972972972973
2250,27319,Malcolm Miller,Southern,0.5,0.4594594594594595,0.29411764705882354,0.8266666666666667
2251,27323,Stephen Domingo,Georgetown,0.0,0.0,0.0,1.0
2252,27332,Tyler Davis,Alabama A&M,0.0,0.2,0.25,0.8461538461538461
2253,27333,Arthur Capers,Alabama A&M,0.7142857142857143,0.4358974358974359,0.4375,0.9615384615384616
2254,27351,Alexander Ricketts,Utah,0.0,0.0,0.0,0.0
2255,27359,Boris Bojanovsky,Florida St.,0.7692307692307693,0.6607142857142857,0.47619047619047616,0.0
2256,27360,Devon Bookert,Florida St.,0.0,0.058823529411764705,0.02564102564102564,0.7727272727272727
2257,27361,Montay Brandon,Florida St.,0.5454545454545454,0.2857142857142857,0.2222222222222222,0.6666666666666666
2258,27365,Mckenzie Moore,UTEP,0.5,0.15384615384615385,0.25,0.75
2259,27367,Michael Ojo,Florida St.,0.5714285714285714,0.5833333333333334,0.45454545454545453,0.0
2260,27393,D.J. Balentine,Evansville,1.0,0.21666666666666667,0.5324675324675324,0.6027397260273972
2261,27394,Alex Bran,Chattanooga,0.0,0.0,0.3333333333333333,0.7272727272727273
2262,27395,Kevin Brown,Louisiana,0.0,0.375,0.0,0.90625
2263,27397,Tyrone Wallace,California,0.7142857142857143,0.391304347826087,0.13793103448275862,0.8604651162790697
2264,27400,Dorrian Williams,Missouri St.,0.0,0.2777777777777778,0.1111111111111111,0.9583333333333334
2265,27402,Trivante Bloodman,Mississippi St.,0.0,0.17777777777777778,0.1111111111111111,0.8888888888888888
2266,27404,Gavin Ware,Mississippi St.,0.9230769230769231,0.7349397590361446,0.6521739130434783,0.0
2267,27405,Craig Sword,Mississippi St.,0.6,0.3055555555555556,0.05405405405405406,0.9166666666666666
2268,27407,Fred Thomas,Mississippi St.,1.0,0.48484848484848486,0.2,0.9130434782608695
2269,27409,Colin Borchert,Mississippi St.,0.4,0.48717948717948717,0.375,0.95
2270,27413,Jarred Jones,Loyola MD,1.0,0.3548387096774194,0.21052631578947367,1.0
2271,27416,Isaac Fotu,Hawaii,0.7777777777777778,0.5806451612903226,0.4326923076923077,0.0
2272,27422,Hunter Miller,Stetson,0.0,0.5,0.25,0.9444444444444444
2273,27426,Kion Brown,Radford,1.0,0.5306122448979592,0.2727272727272727,0.0
2274,27431,Will Rassman,Loyola MD,0.0,0.4146341463414634,0.3125,1.0
2275,27433,Mostafa Abdel Latif,Sacred Heart,1.0,0.5892857142857143,0.125,0.0
2276,27440,Larry Wideman,Furman,0.0,0.3684210526315789,0.47058823529411764,0.9117647058823529
2277,27442,Kasey Shepherd,Louisiana,0.0,0.2222222222222222,0.0,0.9047619047619048
2278,27446,Steven Wronkoski,Louisiana,0.0,0.2222222222222222,0.0,0.92
2279,27449,Gavin Gibson,Middle Tennessee,0.0,0.0,0.0,0.0
2280,27451,C.J. Cole,Oklahoma,1.0,1.0,0.0,0.0
2281,27453,Denzel Robinson,North Carolina,0.0,1.0,0.0,0.0
2282,27467,Marcus Hall,Portland St.,0.0,0.6,0.5,0.875
2283,27469,Sim Bhullar,New Mexico St.,0.7962962962962963,0.5982142857142857,0.25,0.0
2284,27470,Nicholas Paulos,UNC Greensboro,0.0,0.9230769230769231,0.2857142857142857,0.9696969696969697
2285,27476,Dejuan McGaughy,High Point,0.0,0.21428571428571427,0.125,0.5714285714285714
2286,27488,Indiana Faithful,Wofford,0.0,0.4,0.0,0.0
2287,27489,Jalen Ross,Eastern Michigan,0.0,0.0,0.0,0.6666666666666666
2288,27490,Anthony Clemmons,Iowa,0.0,0.3,0.375,1.0
2289,27491,Jayson Cheesman,Southern Utah,1.0,0.8,0.8461538461538461,0.0
2290,27498,Rosco Allen,Stanford,0.0,0.0,0.0,0.0
2291,27499,A.J. Hess,Southern Utah,0.5,0.3076923076923077,0.30434782608695654,0.7608695652173914
2292,27500,Grant Verhoeven,Stanford,0.0,0.5,0.75,0.0
2293,27502,Adam Woodbury,Iowa,1.0,0.65,0.6666666666666666,0.0
2294,27511,Sam Hughes,UNC Asheville,0.6,0.35294117647058826,0.47058823529411764,0.9411764705882353
2295,27513,Will Weeks,UNC Asheville,0.0,0.36363636363636365,0.0,0.0
2296,27515,Dexter Fields,Murray St.,0.0,0.3181818181818182,0.6,0.9852941176470589
2297,27516,Matt Derenbecker,New Orleans,0.0,0.35714285714285715,0.375,0.75
2298,27518,Devon Scott,Dayton,1.0,0.7352941176470589,0.2727272727272727,0.0
2299,27520,Thomas Walkup,Stephen F. Austin,0.8571428571428571,0.6138613861386139,0.4074074074074074,1.0
2300,27521,Kemy Osse,Little Rock,0.0,0.07142857142857142,0.1111111111111111,0.6923076923076923
2301,27522,Ryan Oliver,Siena,1.0,0.5,0.6666666666666666,0.9210526315789473
2302,27523,Josh Hagins,Little Rock,0.0,0.08163265306122448,0.07142857142857142,0.4146341463414634
2303,27527,Matt Hancock,Lamar,0.0,0.0,0.0,0.6666666666666666
2304,27531,Tonye Jekiri,Miami FL,1.0,0.75,0.6666666666666666,0.0
2305,27533,Keith Washington,Rice,0.0,0.28125,0.0,0.8
2306,27534,Nizar Kapic,Rice,0.0,0.6666666666666666,0.5714285714285714,0.9230769230769231
2307,27542,Dimitry Coronel,Maine,0.8571428571428571,0.54,0.15384615384615385,0.8928571428571429
2308,27544,Till Gloger,Maine,0.0,0.8113207547169812,0.7941176470588235,0.0
2309,27546,Shaun Lawton,Maine,0.25,0.25,0.0,0.8888888888888888
2310,27548,Stefan Micovic,Maine,1.0,0.6666666666666666,0.0,0.0
2311,27551,Derrick Barden,Northern Colorado,0.7,0.4583333333333333,0.375,0.8125
2312,27552,Stephon Mosley,Saint Francis,0.0,0.5,0.0,1.0
2313,27554,Nathan Boothe,Toledo,1.0,0.46875,0.7065217391304348,1.0
2314,27556,Ronnie Drinnon,Saint Francis,0.6666666666666666,0.5757575757575758,0.375,1.0
2315,27563,Greg Brown,Saint Francis,0.5714285714285714,0.21212121212121213,0.1111111111111111,1.0
2316,27567,Cedric Kuakumensah,Brown,1.0,0.5925925925925926,0.6444444444444445,0.0
2317,27568,Chris Hass,Bucknell,1.0,0.34285714285714286,0.46153846153846156,0.9111111111111111
2318,27579,Jake Wiegand,Illinois Chicago,0.8888888888888888,0.6101694915254238,0.5833333333333334,1.0
2319,27586,Pedro Maciel,Nicholls St.,0.0,0.0,0.0,1.0
2320,27588,Spencer Butterfield,Utah St.,1.0,0.358974358974359,0.6060606060606061,0.8787878787878788
2321,27589,Prince Williams,East Carolina,0.5,0.2692307692307692,0.23333333333333334,1.0
2322,27594,Dequavious Wagner,Arkansas,0.0,0.5,1.0,0.0
2323,27600,Anthlon Bell,Arkansas,0.0,0.5454545454545454,0.6521739130434783,0.86
2324,27602,Michael Qualls,Arkansas,0.5454545454545454,0.36764705882352944,0.42105263157894735,0.9523809523809523
2325,27603,Coty Clarke,Arkansas,0.6666666666666666,0.45454545454545453,0.3055555555555556,0.92
2326,27611,Deverin Muff,Eastern Kentucky,0.0,0.5,0.0,0.0
2327,27614,Christopher Morgan,Holy Cross,0.0,0.3333333333333333,0.0,0.0
2328,27615,Deven Williams,Savannah St.,0.0,0.28,0.0975609756097561,0.8181818181818182
2329,27616,Khiry White,Savannah St.,0.0,0.10526315789473684,0.06666666666666667,0.6
2330,27621,Taylor Perry,Western Michigan,1.0,0.7272727272727273,0.0,1.0
2331,27628,Joe Reed,Purdue Fort Wayne,0.0,0.5526315789473685,0.5384615384615384,1.0
2332,27629,Kevin Harden,Purdue Fort Wayne,0.0,0.0,0.0,0.5
2333,27631,Pierre Bland,Purdue Fort Wayne,0.0,0.15384615384615385,0.13333333333333333,0.7272727272727273
2334,27632,Keenan Palmore,Old Dominion,0.25,0.1956521739130435,0.2653061224489796,0.0
2335,27634,Thierno Niang,Milwaukee,0.0,0.3333333333333333,0.25,1.0
2336,27636,Jordan Aaron,Milwaukee,0.0,0.10416666666666667,0.047619047619047616,0.6268656716417911
2337,27638,Zach Moer,Air Force,0.0,0.6666666666666666,1.0,0.0
2338,27640,Tre' Coggins,Air Force,0.0,0.3125,0.16216216216216217,0.8382352941176471
2339,27641,Austin Arians,Milwaukee,0.6666666666666666,0.717391304347826,0.3888888888888889,0.9846153846153847
2340,27643,Amile Jefferson,Duke,0.9,0.5975609756097561,0.16666666666666666,0.0
2341,27644,Ethan Michael,Air Force,0.0,0.0,1.0,1.0
2342,27647,Marvin King-Davis,Delaware,0.8,0.5641025641025641,0.7272727272727273,0.0
2343,27648,Lawrence Paye,Houston,0.0,0.0,0.0,0.0
2344,27649,Tyler Bergantino,Massachusetts,0.5,0.38461538461538464,0.0,0.0
2345,27650,Gregory Graves,Mount St. Mary's,0.8888888888888888,0.4528301886792453,0.18181818181818182,1.0
2346,27661,Kevin Chuisseu,Furman,0.0,1.0,0.0,0.0
2347,27663,Brandon Morris,Houston,0.0,0.2,0.3333333333333333,0.9523809523809523
2348,27666,Greg Andrade,Central Connecticut,0.0,0.0,0.0,0.0
2349,27667,Matt Hunter,Central Connecticut,0.0,0.20689655172413793,0.2857142857142857,1.0
2350,27668,Khalen Cumberlander,Central Connecticut,0.3333333333333333,0.35294117647058826,0.8333333333333334,0.7894736842105263
2351,27669,Andrew Hurd,Central Connecticut,0.0,0.0,0.0,0.0
2352,27675,Brandon Peel,Central Connecticut,1.0,0.54,0.8571428571428571,0.0
2353,27683,Rod Mcreynolds,Jacksonville St.,0.0,0.0,0.0,0.0
2354,27687,Tavon Allen,Drexel,1.0,0.35714285714285715,0.3076923076923077,0.9523809523809523
2355,27688,Raven Lee,Eastern Michigan,0.6666666666666666,0.22727272727272727,0.14705882352941177,0.7428571428571429
2356,27690,Wade Moody,North Carolina,0.0,0.0,0.0,1.0
2357,27694,Codi Miller-McIntyre,Wake Forest,0.75,0.30392156862745096,0.18181818181818182,0.5714285714285714
2358,27696,Devin Thomas,Wake Forest,0.8461538461538461,0.603448275862069,0.42857142857142855,0.0
2359,27698,Luke Davis,North Carolina,0.0,0.0,0.5,0.0
2360,27699,Raemond Robinson,The Citadel,0.0,0.0,0.4,0.8181818181818182
2361,27703,Quinton Marshall,The Citadel,1.0,0.34615384615384615,0.3076923076923077,1.0
2362,27712,Martavious Newby,Mississippi,0.0,0.29411764705882354,0.3333333333333333,1.0
2363,27713,Derrick Millinghaus,Mississippi,0.0,0.09375,0.11764705882352941,1.0
2364,27714,Marshall Henderson,Mississippi,0.25,0.29411764705882354,0.2692307692307692,0.8062015503875969
2365,27715,Anthony Perez,Mississippi,0.8333333333333334,0.38461538461538464,0.2,0.8846153846153846
2366,27720,Trevor Cooney,Syracuse,0.4444444444444444,0.37037037037037035,0.23529411764705882,0.8888888888888888
2367,27725,Danuel House,Houston,0.7,0.5434782608695652,0.27586206896551724,0.8857142857142857
2368,27727,J.J. Richardson,Houston,1.0,0.52,0.6111111111111112,0.0
2369,27728,Tione Womack,Houston,0.0,0.125,0.21739130434782608,0.9230769230769231
2370,27729,Valentine Izundu,Houston,0.0,0.0,0.0,0.0
2371,27732,Keith Belfield,Furman,0.0,0.2,0.4,0.9130434782608695
2372,27734,Dauson Womack,Houston Christian,1.0,0.52,0.7142857142857143,1.0
2373,27736,Brandon Pye,Texas A&M Corpus Chris,0.0,0.6666666666666666,0.71875,0.9722222222222222
2374,27738,Caleb Crayton,Houston Christian,0.3333333333333333,0.3125,0.125,0.9375
2375,27741,Joy Williamson,Texas A&M Corpus Chris,0.3,0.4098360655737705,0.3125,0.875
2376,27743,Curtis Oakley,Bryant,0.0,0.4,0.375,1.0
2377,27747,Cole Martinez,Texas A&M Corpus Chris,0.0,0.6666666666666666,0.0,1.0
2378,27749,Alex Austin,Eastern Illinois,0.0,0.5,0.4,1.0
2379,27755,Colby Long,Southern Illinois,0.0,0.0,0.0,1.0
2380,27756,Deshone McClure,Central Arkansas,0.75,0.58,0.25,0.82
2381,27761,Ammanuel Diressa,Tennessee Tech,0.0,0.0,0.0,0.6666666666666666
2382,27765,Quinton Pippen,Chicago St.,0.0,0.1935483870967742,0.2222222222222222,0.6067415730337079
2383,27768,Shaq Goodwin,Memphis,0.851063829787234,0.6554621848739496,0.64,1.0
2384,27772,Jake Lorbach,Ohio St.,1.0,1.0,0.0,0.0
2385,27773,Marese Phelps,Norfolk St.,0.0,0.5,0.25,0.8333333333333334
2386,27776,Matt Ross,Chicago St.,0.8571428571428571,0.36764705882352944,0.36,0.9761904761904762
2387,27779,Kale Abrahamson,Northwestern,0.0,0.2857142857142857,0.2,1.0
2388,27781,Alex Olah,Northwestern,1.0,0.5319148936170213,0.4727272727272727,1.0
2389,27788,Charles Webb,Denver,0.0,0.0,0.0,0.0
2390,27794,Nate Engesser,Denver,0.0,0.7058823529411765,0.5714285714285714,0.9230769230769231
2391,27796,Ben Carter,Oregon,0.0,0.36363636363636365,0.7142857142857143,0.0
2392,27801,Aaron Short,Pacific,0.0,0.2777777777777778,0.4,0.8214285714285714
2393,27803,Daveon Boardingham,Southern Miss,0.9736842105263158,0.726027397260274,0.3953488372093023,0.0
2394,27804,Jerrold Brooks,Southern Miss,0.0,0.5,0.2,0.8666666666666667
2395,27806,Michael Craig,Southern Miss,0.7714285714285715,0.6025641025641025,0.43103448275862066,1.0
2396,27807,Jamie Chapman,Southern Miss,0.0,0.0,0.0,0.0
2397,27813,Tomas Sanchez,Idaho St.,0.0,0.16279069767441862,0.16666666666666666,0.7321428571428571
2398,27814,Ayibakuro Preh,Idaho St.,1.0,0.75,1.0,0.0
2399,27816,Chris Hansen,Idaho St.,0.0,0.1891891891891892,0.1935483870967742,0.8533333333333334
2400,27822,Greg Louis,Penn,0.0,0.8571428571428571,1.0,1.0
2401,27824,Trent Whiting,Arkansas Pine Bluff,1.0,0.4666666666666667,0.5,0.75
2402,27832,Mike Gesell,Iowa,0.0,0.15789473684210525,0.2608695652173913,0.896551724137931
2403,27836,Nikola Gajic,Stephen F. Austin,0.0,0.5535714285714286,0.5454545454545454,0.975609756097561
2404,27848,Jamel Waters,Alabama St.,0.0,0.06060606060606061,0.1282051282051282,0.5555555555555556
2405,27851,Jalen Robinson,Dayton,1.0,0.3870967741935484,0.3125,1.0
2406,27852,James Montgomery III,Northwestern,0.0,1.0,0.0,0.0
2407,27855,Josh Nicholas,Alcorn St.,1.0,0.5454545454545454,0.5555555555555556,0.0
2408,27882,Cedric Blossom,Morgan St.,0.8,0.41818181818181815,0.7307692307692307,0.0
2409,27885,Rasean Simpson,Morgan St.,0.0,1.0,1.0,1.0
2410,27887,Omar Calhoun,Connecticut,0.0,0.6363636363636364,0.2,1.0
2411,27891,Phillip Nolan,Connecticut,0.9473684210526315,0.75,0.2857142857142857,0.0
2412,27896,Quinn Sterling,Washington,0.0,0.0,0.0,1.0
2413,27900,Leo Walsh,Fordham,0.0,0.0,1.0,0.0
2414,27901,Olaf Schaftenaar,Oregon St.,0.0,0.6,0.6666666666666666,0.9230769230769231
2415,27902,Jarmal Reid,Oregon St.,1.0,0.6,0.0,0.0
2416,27903,Victor Robbins,Oregon St.,0.0,0.5333333333333333,0.0,0.75
2417,27904,Langston Morris-Walker,Oregon St.,1.0,0.7142857142857143,0.5,0.9473684210526315
2418,27906,Eric Jacobsen,Arizona St.,0.0,0.75,0.8333333333333334,0.0
2419,27911,Joey Miller,Illinois Chicago,0.0,0.0,1.0,0.5
2420,27920,Chris Horton,Austin Peay,0.6842105263157895,0.46017699115044247,0.6744186046511628,0.0
2421,27921,Corey Arentsen,Austin Peay,0.0,0.0,1.0,0.8333333333333334
2422,27922,Preston Herring,Austin Peay,0.625,0.5,0.0,0.0
2423,27928,Laron Smith,Georgia St.,0.5,0.25,0.0,0.0
2424,27932,T.J. Shipes,Georgia St.,0.75,0.625,0.5,0.0
2425,27933,Micah Mason,Duquesne,0.0,0.4444444444444444,0.0,0.8769230769230769
2426,27935,R.J. Hunter,Georgia St.,0.2857142857142857,0.5116279069767442,0.3870967741935484,0.8210526315789474
2427,27958,Jordan Fouse,Green Bay,0.5714285714285714,0.4745762711864407,0.38461538461538464,0.0
2428,27959,Brandon Holcomb,Radford,0.6875,0.5,0.2,0.0
2429,27967,Raeford Worsham,Arkansas St.,0.0,0.4,1.0,1.0
2430,27969,Frank Okeke,New Hampshire,0.0,0.7142857142857143,0.25,0.9666666666666667
2431,27973,Justin Leathers,UT Rio Grande Valley,0.0,0.29411764705882354,0.5333333333333333,1.0
2432,27981,Aaron Bacote,Old Dominion,1.0,0.2361111111111111,0.14285714285714285,0.6428571428571429
2433,27985,Gary Johnson,Albany,0.6428571428571429,0.38235294117647056,0.65,1.0
2434,27986,Dave Wiegmann,Albany,0.0,0.35714285714285715,0.0,1.0
2435,27987,DJ Evans,Albany,0.0,0.10810810810810811,0.08695652173913043,0.7872340425531915
2436,27990,Chris Cunningham,San Jose St.,0.7,0.43137254901960786,0.5,1.0
2437,27995,Marcus Gilbert,Fairfield,0.36363636363636365,0.3148148148148148,0.375,0.8904109589041096
2438,27996,Giovanni Smith,Jacksonville St.,0.0,0.0,0.0,0.875
2439,28002,Coleman Johnson,Fairfield,0.25,0.40625,0.85,0.0
2440,28011,Yondarius Johnson,Southern,0.5,0.30303030303030304,0.1111111111111111,0.8
2441,28017,Sherman Blanford,Eastern Illinois,0.4,0.4339622641509434,0.4878048780487805,0.0
2442,28024,Sanjay Lumpkin,Northwestern,0.0,0.56,0.4,1.0
2443,28026,Staphon Blair,UCF,0.8095238095238095,0.6792452830188679,0.7142857142857143,0.0
2444,28027,Isaac Lang,UCF,0.0,0.0,0.5,1.0
2445,28028,Dylan Karell,UCF,1.0,1.0,0.0,0.0
2446,28029,Matt Williams,UCF,0.0,0.25,0.0,0.94
2447,28048,Retin Obasohan,Alabama,0.5,0.2222222222222222,0.15384615384615385,0.6153846153846154
2448,28049,Mitch McLaughlin,Drake,0.0,0.0,0.0,0.0
2449,28057,Branford Jones,Long Beach St.,0.0,0.38461538461538464,0.2608695652173913,1.0
2450,28080,Jamal Branch,St. John's,0.0,0.2916666666666667,0.15,0.6666666666666666
2451,28081,Durand Johnson,Pittsburgh,1.0,0.5333333333333333,0.375,0.8636363636363636
2452,28096,Tre Owens,UC Riverside,0.0,0.0,0.0,1.0
2453,28098,Nik Stauskas,Michigan,0.7333333333333333,0.32075471698113206,0.275,0.717391304347826
2454,28100,Chris Patton,UC Riverside,1.0,0.4418604651162791,0.5094339622641509,0.0
2455,28103,Mitch McGary,Michigan,0.3333333333333333,0.47058823529411764,0.5384615384615384,0.0
2456,28105,Taylor Dyson,Hartford,0.0,0.05263157894736842,0.08333333333333333,0.9423076923076923
2457,28107,Seth VanDeest,Drake,0.0,0.575,0.3125,0.0
2458,28109,Glenn Robinson III,Michigan,0.7567567567567568,0.5652173913043478,0.22807017543859648,0.9090909090909091
2459,28110,Gilbert Talbot,Louisiana Tech,1.0,0.85,1.0,0.0
2460,28112,Alex Hamilton,Louisiana Tech,0.7,0.29411764705882354,0.05405405405405406,0.9
2461,28113,Jaron Johnson,Louisiana Tech,0.7407407407407407,0.5606060606060606,0.42857142857142855,0.9333333333333333
2462,28114,Chris Anderson,Louisiana Tech,0.7142857142857143,0.36363636363636365,0.5294117647058824,0.9354838709677419
2463,28123,Mike Louder,Jacksonville St.,1.0,0.8,1.0,1.0
2464,28124,Alex Olsen,Creighton,0.0,1.0,0.0,0.0
2465,28148,Jherrod Stiggers,Houston,0.75,0.6363636363636364,0.3,0.9
2466,28149,Greg Donlon,Virginia Tech,0.0,0.0,1.0,0.0
2467,28153,Melvin Johnson,VCU,0.0,0.25,0.1891891891891892,0.9696969696969697
2468,28154,Deondre Haynes,Tennessee Tech,0.0,0.16666666666666666,0.0,0.0
2469,28162,Kinard Gadsden-Gilliard,East Tennessee St.,0.0,0.21621621621621623,0.08333333333333333,0.8518518518518519
2470,28163,Richard Morrow,Florida Atlantic,1.0,0.5555555555555556,0.3333333333333333,0.0
2471,28167,Jalen Billups,Northern Kentucky,0.8125,0.40404040404040403,0.35,1.0
2472,28171,Pat Swilling Jr.,Tulsa,0.0,0.5625,0.2857142857142857,0.8378378378378378
2473,28174,De'Vaughn Reid,Holy Cross,0.0,0.0,0.0,1.0
2474,28177,Bobby Brown,Alabama St.,0.5454545454545454,0.5357142857142857,0.47058823529411764,0.8484848484848485
2475,28179,Jamal Williams Jr.,Texas Tech,1.0,0.2857142857142857,0.16666666666666666,0.75
2476,28180,Anthony Morse,Tennessee Tech,0.6666666666666666,0.75,0.3333333333333333,0.0
2477,28182,Raphael Veira,Cleveland St.,0.0,0.0,0.0,0.0
2478,28184,Eric Truog,Marist,0.0,0.25,0.0,0.0
2479,28185,Akeem Richmond,East Carolina,0.0,0.14285714285714285,0.375,0.7647058823529411
2480,28188,E.J. Reed,LIU,0.5625,0.4819277108433735,0.23809523809523808,1.0
2481,28190,Amedeo Della Valle,Ohio St.,0.0,0.125,0.0,0.8333333333333334
2482,28195,Francis Ezeiru,Maryland Eastern Shore,0.75,0.7391304347826086,0.3333333333333333,0.0
2483,28203,Nicholas West,Alabama A&M,0.0,0.3333333333333333,0.4166666666666667,0.6875
2484,28208,Bradley Hayes,Georgetown,0.0,0.0,0.0,0.0
2485,28217,Tony Thompson,Samford,0.0,0.0,0.0,0.0
2486,28218,Russell Wilson,Samford,0.0,0.16666666666666666,0.0,0.0
2487,28219,Joe De Ciman,Colorado St.,1.0,0.3333333333333333,0.5909090909090909,0.7666666666666667
2488,28226,Ethan Freeman,Western Carolina,0.0,0.0,0.0,0.0
2489,28231,Brandon Harris,Western Kentucky,0.0,0.0,0.0,0.85
2490,28243,Travis Betran,Austin Peay,1.0,0.3225806451612903,0.3684210526315789,0.9117647058823529
2491,28271,Jordan Allen,Hofstra,0.6666666666666666,0.36363636363636365,0.3333333333333333,0.0
2492,28284,Khalil Alford,Rider,1.0,0.34782608695652173,0.7692307692307693,0.9047619047619048
2493,28287,Zedric Sadler,Rider,0.0,0.14705882352941177,0.3,0.8333333333333334
2494,28293,John Reese,New Orleans,0.0,0.0,1.0,1.0
2495,28299,Aleksandar Isailovic,St. Francis NY,0.0,0.5555555555555556,0.5,0.8823529411764706
2496,28302,Anthony White,St. Francis NY,1.0,0.38461538461538464,0.11764705882352941,1.0
2497,28306,Joey Lepak,Saint Louis,0.0,0.0,0.0,0.0
2498,28308,Tarius Johnson,Eastern Kentucky,0.0,0.5909090909090909,0.25,1.0
2499,28309,Glenn Cosey,Eastern Kentucky,0.0,0.2916666666666667,0.11764705882352941,0.5648148148148148
2500,28315,Beau Beech,North Florida,0.5,0.3157894736842105,0.1111111111111111,0.75
2501,28322,Demetrius Tree Treadwell,Akron,0.8181818181818182,0.37857142857142856,0.1,1.0
2502,28326,J.J. Cravatta,Northern Illinois,0.0,0.0,0.0,1.0
2503,28329,Travon Baker,Northern Illinois,0.0,0.1,0.07142857142857142,0.5
2504,28334,Alex Kirk,New Mexico,0.8333333333333334,0.6767676767676768,0.7407407407407407,1.0
2505,28339,Tommy Hobbs,New Orleans,0.0,0.0,0.0,0.0
2506,28368,Dominic Ballard,Washington St.,0.0,0.0,0.0,0.0
2507,28372,Stephen Croone,Furman,0.0,0.05555555555555555,0.06666666666666667,0.3333333333333333
2508,28389,James Manor,North Carolina,0.0,0.0,1.0,1.0
2509,28407,Karon Waller,Binghamton,0.0,0.25,0.75,0.85
2510,28410,Dwight Meikle,Hampton,0.7272727272727273,0.42857142857142855,0.3103448275862069,0.8
2511,28412,Kory Brown,North Dakota St.,0.6666666666666666,0.46153846153846156,0.56,1.0
2512,28413,Deron Powers,Hampton,0.0,0.0784313725490196,0.058823529411764705,0.5
2513,28414,Ke'Ron Brown,Hampton,0.14285714285714285,0.09090909090909091,0.5,1.0
2514,28416,Du'Vaughn Maxwell,Hampton,0.6875,0.4336283185840708,0.509090909090909,1.0
2515,28417,Miles Jackson,Hampton,0.0,1.0,0.4,1.0
2516,28421,Jarett Upchurch,Arizona St.,0.0,0.0,1.0,0.0
2517,28436,Shawn Long,Louisiana,0.8387096774193549,0.47101449275362317,0.43243243243243246,0.8666666666666667
2518,28437,Elridge Moore,Louisiana,0.5,0.4117647058823529,0.1111111111111111,0.0
2519,28438,Braylon Lazare,Louisiana,0.0,0.75,0.0,0.0
2520,28442,Chris Kading,North Dakota St.,1.0,0.5714285714285714,0.5384615384615384,1.0
2521,28443,Max Betkowski,Cal Poly,0.0,0.0,0.0,0.0
2522,28444,Eric Robertson,Chattanooga,0.0,0.2727272727272727,0.25,0.75
2523,28445,Ryan Weber,Youngstown St.,0.5,0.5454545454545454,0.5,0.9545454545454546
2524,28447,Bobby Hain,Youngstown St.,1.0,0.75,0.8048780487804879,1.0
2525,28448,Kamren Belin,Youngstown St.,1.0,0.6111111111111112,0.48484848484848486,0.9433962264150944
2526,28449,Gee McGhee,Chattanooga,0.5,0.2727272727272727,0.22727272727272727,0.9411764705882353
2527,28460,Cory Jacobsen,South Dakota St.,0.0,0.0,0.0,1.0
2528,28465,Quenton DeCosey,Temple,0.3333333333333333,0.3181818181818182,0.32,0.9310344827586207
2529,28470,Ford Stuen,Oklahoma St.,0.0,0.0,0.0,1.0
2530,28472,Tyrone Garland,La Salle,0.5,0.3275862068965517,0.23684210526315788,0.7666666666666667
2531,28474,Maurice Watson Jr.,Boston University,0.0,0.07142857142857142,0.10416666666666667,0.5714285714285714
2532,28484,Mike Tobey,Virginia,0.9230769230769231,0.5263157894736842,0.6585365853658537,0.0
2533,28485,Javontae Hawkins,South Florida,0.7142857142857143,0.45,0.3333333333333333,0.9090909090909091
2534,28487,Caid Kirven,Virginia,0.0,1.0,1.0,0.0
2535,28488,Justin Anderson,Virginia,1.0,0.47368421052631576,0.42857142857142855,0.9666666666666667
2536,28489,Evan Nolte,Virginia,1.0,0.6,0.0,0.9411764705882353
2537,28493,Devonte Hampton,Alcorn St.,0.0,0.14285714285714285,0.29411764705882354,0.8095238095238095
2538,28494,John Papale,Boston University,0.0,0.5,0.6,0.9285714285714286
2539,28500,Stephane Raquil,Alcorn St.,0.7777777777777778,0.6666666666666666,0.5,0.0
2540,28506,Patricio Garino,George Washington,0.6666666666666666,0.4827586206896552,0.25,0.9166666666666666
2541,28507,Kevin Larsen,George Washington,0.92,0.5909090909090909,0.5365853658536586,0.0
2542,28524,Delovell Earls,Air Force,0.0,0.7083333333333334,0.6666666666666666,0.75
2543,28531,Mading Thok,Ball St.,1.0,0.6666666666666666,0.8571428571428571,0.0
2544,28532,Jorden Kaufman,Oral Roberts,0.0,0.6153846153846154,0.6470588235294118,0.0
2545,28535,Bo Calhoun,Ball St.,0.0,0.5333333333333333,0.5,0.0
2546,28542,D.J. Johnson,Kansas St.,0.8333333333333334,0.7837837837837838,0.625,0.0
2547,28543,Nick Zeisloft,Illinois St.,0.0,0.2,0.3333333333333333,0.9666666666666667
2548,28544,Pat Forsythe,Akron,0.7142857142857143,0.4909090909090909,0.4,0.0
2549,28545,Jake Kretzer,Akron,0.0,0.2857142857142857,0.6666666666666666,1.0
2550,28546,Carmelo Betancourt,Akron,0.0,0.18181818181818182,0.25,0.5714285714285714
2551,28548,James Farr,Xavier,0.8,0.5405405405405406,0.8571428571428571,1.0
2552,28549,Devontae Morgan,Butler,0.0,0.2857142857142857,0.0,0.0
2553,28550,Kellen Dunham,Butler,1.0,0.2222222222222222,0.03508771929824561,0.5394736842105263
2554,28552,Trey Davis,Massachusetts,0.0,0.16666666666666666,0.19230769230769232,0.8478260869565217
2555,28553,Donte Pretlow,Morgan St.,0.0,0.17391304347826086,0.2727272727272727,0.6666666666666666
2556,28558,Carrington Love,Green Bay,0.0,0.5384615384615384,0.2,0.8928571428571429
2557,28564,Mike Turner,Houston Christian,0.0,0.0,0.0,0.8181818181818182
2558,28567,Josh Morgan,Colorado St.,0.0,0.0,0.0,1.0
2559,28570,Brett Boese,Washington St.,0.0,1.0,1.0,1.0
2560,28595,Dyshawn Pierre,Dayton,0.5714285714285714,0.4,0.2222222222222222,0.9629629629629629
2561,28597,Earl McLaurin,Navy,0.0,0.0,0.0,1.0
2562,28622,Royce Woolridge,Washington St.,1.0,0.2549019607843137,0.07692307692307693,0.8
2563,28632,Allen Dempster,Bethune Cookman,1.0,0.44,0.2727272727272727,0.0
2564,28653,CJ Jones,Manhattan,0.0,0.0,1.0,1.0
2565,28654,Shane Richards,Manhattan,0.0,0.0,0.2,0.961038961038961
2566,28656,Bahrom Firozgary,Rice,0.0,1.0,0.0,0.0
2567,28664,Chass Bryan,USC,0.0,0.0,0.16666666666666666,1.0
2568,28665,Alex Budke,Oklahoma St.,0.0,0.0,0.0,1.0
2569,28667,Prince Ibeh,Texas,0.7,0.475,0.3333333333333333,0.0
2570,28673,Jack Flournoy,Northern Kentucky,0.0,0.5,0.8,0.9310344827586207
2571,28674,Todd Johnson,Northern Kentucky,0.0,0.06666666666666667,0.0,0.95
2572,28678,Brian Bhaskar,Gonzaga,0.0,1.0,0.0,1.0
2573,28693,Viko Noma'aea,Utah St.,0.0,0.0,1.0,0.5
2574,28697,Garrett Moon,Eastern Washington,0.0,0.4444444444444444,0.3333333333333333,1.0
2575,28701,Treg Setty,Ohio,0.0,0.44,1.0,1.0
2576,28713,Sean Locke,Delaware,0.0,0.0,0.0,0.0
2577,28714,Keith Benford,UTSA,0.0,0.0,1.0,1.0
2578,28716,Maurice Jeffers,Delaware,0.0,0.4,0.0,0.0
2579,28721,J.D. Weatherspoon,Toledo,0.7073170731707317,0.5529411764705883,0.5,0.9
2580,28724,Jordan Lauf,Toledo,0.0,0.46153846153846156,0.5555555555555556,1.0
2581,28727,Damian Jones,Vanderbilt,0.8857142857142857,0.6190476190476191,0.5151515151515151,0.0
2582,28728,Luke Kornet,Vanderbilt,1.0,0.75,0.75,1.0
2583,28730,Andrew Harrison,Kentucky,0.0,0.043478260869565216,0.023809523809523808,0.8484848484848485
2584,28733,Marcus Lee,Kentucky,0.6428571428571429,0.5,0.5,0.0
2585,28735,Aaron Harrison,Kentucky,0.16666666666666666,0.2647058823529412,0.1590909090909091,0.9032258064516129
2586,28736,James Young,Kentucky,0.75,0.375,0.2,0.975609756097561
2587,28739,Jarell Martin,LSU,0.7272727272727273,0.5492957746478874,0.5652173913043478,0.9629629629629629
2588,28740,Darcy Malone,LSU,1.0,0.5,0.5,1.0
2589,28741,Henry Shortess,LSU,0.0,0.0,0.0,1.0
2590,28746,Mike Thomas,Hawaii,0.0,0.25,0.5,0.0
2591,28748,Stefan Jovanovic,Hawaii,0.0,1.0,0.75,0.0
2592,28749,Jordan Mickey,LSU,0.75,0.48,0.4722222222222222,0.0
2593,28750,John Odo,LSU,1.0,0.42857142857142855,0.75,0.0
2594,28753,Mike Anderson,Washington,0.0,0.3333333333333333,0.21428571428571427,0.9090909090909091
2595,28754,Darin Johnson,Washington,1.0,0.5555555555555556,0.1875,1.0
2596,28762,Thaddeus Fauntleroy,Mississippi Valley St.,0.0,0.16666666666666666,0.0,1.0
2597,28763,Austin Loop,Marshall,0.0,0.0,0.0,1.0
2598,28765,Tyler Madison,UAB,0.0,0.3,1.0,1.0
2599,28766,Chad Frazier,UAB,0.0,0.0684931506849315,0.0,0.5964912280701754
2600,28767,Semi Ojeleye,Duke,0.0,0.0,1.0,0.75
2601,28768,Jaaron Simmons,Houston,0.0,0.25,0.36363636363636365,1.0
2602,28773,Derrick Walton Jr.,Michigan,0.0,0.25925925925925924,0.3333333333333333,0.8372093023255814
2603,28774,Ioannis Dimakopoulos,UC Irvine,0.0,0.5,1.0,1.0
2604,28775,Mamadou Ndiaye,UC Irvine,0.7333333333333333,0.717948717948718,0.6666666666666666,0.0
2605,28777,Sean Lonergan,Michigan,0.0,0.0,0.5,0.0
2606,28780,Zak Irvin,Michigan,1.0,0.6666666666666666,0.35714285714285715,0.8870967741935484
2607,28785,Ryan Spangler,Oklahoma,0.8461538461538461,0.5638297872340425,0.8333333333333334,1.0
2608,28786,Demarcus Daniels,North Florida,0.8333333333333334,0.3793103448275862,0.3,0.92
2609,28789,Terran Petteway,Nebraska,0.6666666666666666,0.2727272727272727,0.10714285714285714,0.5
2610,28791,Brian White,The Citadel,1.0,0.7532467532467533,0.7142857142857143,1.0
2611,28792,Nate Bowser,The Citadel,0.0,1.0,1.0,0.0
2612,28793,Warren Sledge,The Citadel,0.0,0.2222222222222222,0.0,1.0
2613,28794,Tom Koopman,The Citadel,0.0,0.6,0.6153846153846154,0.0
2614,28797,Kerry Hammonds II,Middle Tennessee,0.5,0.4444444444444444,0.32142857142857145,0.953125
2615,28799,Aaron Bodager,North Florida,0.0,0.0,0.0,0.8333333333333334
2616,28802,Kevin Bleeker,Canisius,0.0,0.3333333333333333,0.0,1.0
2617,28803,Isaac Banks,East Tennessee St.,1.0,0.6,0.0,0.0
2618,28806,Antwan Scott,Grambling St.,0.0,0.043478260869565216,0.15384615384615385,0.6363636363636364
2619,28807,Rakeem Brown,Delaware St.,0.0,1.0,0.0,0.0
2620,28808,Kendal Williams,Delaware St.,0.0,0.42105263157894735,0.23684210526315788,0.9130434782608695
2621,28810,Remond Brown,Grambling St.,0.5454545454545454,0.4482758620689655,0.6153846153846154,0.7368421052631579
2622,28811,Matt Poplawski,Penn,0.0,0.0,0.0,0.0
2623,28819,Landen Lucas,Kansas,1.0,0.7777777777777778,0.6666666666666666,0.0
2624,28822,Greg Nelson,Florida A&M,0.0,0.0,0.0,1.0
2625,28825,Kyle Buffkin,Coastal Carolina,0.0,0.0,0.0,0.0
2626,28831,Leslee Smith,Nebraska,1.0,0.5,0.2,0.0
2627,28833,James Miller,Howard,0.0,0.35294117647058826,0.2,0.782608695652174
2628,28834,Solomon Mangham,Howard,0.0,0.3333333333333333,0.7368421052631579,0.9230769230769231
2629,28835,Damon Collins,Howard,0.0,0.2222222222222222,0.14285714285714285,0.0
2630,28836,Tyler Stone,Howard,0.0,0.17647058823529413,0.2222222222222222,1.0
2631,28837,Jared Norsworthy,Howard,0.0,0.0,0.0,0.0
2632,28840,Paul Mcroberts,Southeast Missouri St.,0.0,0.47368421052631576,0.3333333333333333,1.0
2633,28881,Alfonzo McKinnie,Green Bay,1.0,0.8,0.75,0.8333333333333334
2634,28889,Dawson Verhines,Southern Illinois,0.0,0.4,0.0,1.0
2635,28890,Bronson Verhines,Southern Illinois,0.0,0.5882352941176471,0.7692307692307693,0.0
2636,28891,Tyler Smithpeters,Southern Illinois,0.0,0.2,0.2,0.8461538461538461
2637,28895,Blake Williams,Fresno St.,0.0,0.0,0.0,1.0
2638,28899,Alex Fountain,Houston Christian,1.0,0.75,0.6,1.0
2639,28901,Hefeng Sun,Norfolk St.,0.0,0.0,0.0,0.0
2640,28918,EJ Floreal,Kentucky,1.0,1.0,0.0,0.0
2641,28923,Meiko Lyles,Columbia,0.0,0.7272727272727273,0.3333333333333333,0.9333333333333333
2642,28927,Gavin Schilling,Michigan St.,0.875,0.6190476190476191,0.0,0.0
2643,28929,Anthanee Doyle,Chattanooga,0.0,0.0,0.0,0.0
2644,28941,Kevin Lynch,Seton Hall,0.0,0.0,0.0,0.0
2645,28942,Stephane Manga,Seton Hall,0.6666666666666666,0.5652173913043478,0.0,1.0
2646,28944,Hakeem Harris,Seton Hall,0.0,0.0,0.0,1.0
2647,28947,Blake Provost,UT Rio Grande Valley,0.0,0.0,0.0,0.5
2648,28949,Kris Yanku,Northern Arizona,0.0,0.037037037037037035,0.05555555555555555,0.9090909090909091
2649,28950,B.J. Johnson,Syracuse,0.0,0.3333333333333333,0.0,1.0
2650,28951,Alex Stecca,Northern Arizona,0.0,0.0,0.0,0.0
2651,28953,Christopher Miller,Northern Arizona,1.0,0.4,0.3333333333333333,1.0
2652,28954,Zachary Reynolds,Northern Arizona,0.0,0.0,0.0,1.0
2653,28955,Ako Kaluna,Northern Arizona,1.0,0.48,0.2,0.6
2654,28956,Travis Meeker,Northern Arizona,0.0,0.0,0.0,1.0
2655,28957,Aaseem Dixon,Northern Arizona,0.0,0.11764705882352941,0.14705882352941177,0.7090909090909091
2656,28959,Khalid Lewis,La Salle,0.0,0.0,0.07142857142857142,0.6666666666666666
2657,28967,Jared Ravenscraft,Morehead St.,0.0,0.0,0.0,0.0
2658,28978,Charles Hill Jr.,TCU,0.0,0.46153846153846156,0.4,0.8571428571428571
2659,28981,Jeff Van Dyke,Pepperdine,0.0,0.0,0.0,1.0
2660,28982,Devin Patterson,Nebraska Omaha,0.0,0.10344827586206896,0.17857142857142858,0.6551724137931034
2661,28983,Michael Bolden,Cal Poly,0.0,0.75,0.0,0.9333333333333333
2662,28986,Marshun Newell,Tennessee Martin,0.0,0.14814814814814814,0.17391304347826086,0.64
2663,28987,Javier Martinez,Tennessee Martin,0.0,0.71875,0.25,0.0
2664,28988,Taylor Sutlive,Cal Poly,0.0,0.0,0.0,0.8571428571428571
2665,28989,Chandler Rowe,Tennessee Martin,0.0,0.8571428571428571,1.0,0.0
2666,29001,Breon Key,Hampton,0.6666666666666666,0.3333333333333333,0.2,0.8571428571428571
2667,29004,Jack Hackman,Hawaii,0.0,0.0,0.0,0.0
2668,29011,Quincy Smith,Hawaii,0.0,0.3157894736842105,0.0,0.6
2669,29012,Leon Carswell II,Louisiana Monroe,0.0,0.0,0.0,0.0
2670,29018,Luke Meikle,Gonzaga,0.0,0.6666666666666666,0.5,0.0
2671,29019,Ryan Edwards,Gonzaga,0.0,0.6,0.0,0.0
2672,29020,Curtis Diamond,Georgia Southern,0.0,0.35294117647058826,0.125,0.4411764705882353
2673,29026,Zack Tobler,Cincinnati,0.0,0.0,0.0,0.0
2674,29028,Troy Caupain,Cincinnati,0.0,0.3,0.6,0.9473684210526315
2675,29029,Kevin Johnson,Cincinnati,0.5,0.4444444444444444,0.375,0.8666666666666667
2676,29034,Aaron Jones,UTEP,0.0,0.0,0.0,0.0
2677,29046,Isiah Wilson,Alabama,0.0,0.0,0.0,0.0
2678,29048,Derek Willis,Kentucky,1.0,0.5,0.0,1.0
2679,29049,Dakari Johnson,Kentucky,0.8571428571428571,0.2786885245901639,0.2857142857142857,0.0
2680,29050,Dominique Hawkins,Kentucky,0.0,0.6666666666666666,0.75,1.0
2681,29051,Julius Randle,Kentucky,0.5405405405405406,0.3106060606060606,0.22950819672131148,1.0
2682,29052,Matt Rosenwinkel,Northern Kentucky,0.0,0.6666666666666666,0.0,1.0
2683,29057,Mark Williams,Temple,0.5,0.16666666666666666,0.4,1.0
2684,29058,Josh Brown,Temple,0.0,0.3333333333333333,0.2777777777777778,1.0
2685,29059,Kasey Hill,Florida,0.0,0.16666666666666666,0.0,0.8
2686,29060,Garrett Nevels,Hawaii,0.7142857142857143,0.6129032258064516,0.26229508196721313,0.6666666666666666
2687,29061,Dorian Finney-Smith,Florida,0.7857142857142857,0.4666666666666667,0.3333333333333333,0.9743589743589743
2688,29062,Billy Donovan,Florida,0.0,0.0,0.0,0.0
2689,29063,Bernard Morena,Kennesaw St.,0.0,0.41025641025641024,0.25,0.9285714285714286
2690,29067,Jarmar Gulley,Missouri St.,0.5,0.15942028985507245,0.3888888888888889,0.92
2691,29070,Jordan Washington,Mississippi Valley St.,0.0,0.11764705882352941,0.125,0.6538461538461539
2692,29072,Dallas Gary,Coppin St.,1.0,0.3333333333333333,0.2,1.0
2693,29075,Tosin Mehinti,UAB,0.6666666666666666,0.47058823529411764,0.4375,0.0
2694,29076,Thaddeus Rideau,UAB,0.0,0.0,0.0,1.0
2695,29078,Denzell Watts,UAB,0.0,0.2857142857142857,0.0,0.9
2696,29081,Dominique Lee,Northern Colorado,0.4444444444444444,0.41935483870967744,0.0,1.0
2697,29082,Anthony Johnson,Northern Colorado,1.0,0.42857142857142855,0.0,0.9
2698,29083,Tre'Shaun Fletcher,Colorado,0.5,0.3333333333333333,0.0,1.0
2699,29085,Milton Doyle,Loyola Chicago,0.5,0.12903225806451613,0.08888888888888889,0.6756756756756757
2700,29088,Jeremy King,Loyola Chicago,0.0,0.5,0.6666666666666666,0.0
2701,29089,Jerron Granberry,Wyoming,1.0,0.26666666666666666,0.3333333333333333,0.8928571428571429
2702,29090,Sterling Carter,Purdue,0.0,0.4166666666666667,0.25,0.9285714285714286
2703,29093,Mitchell Badillo,Incarnate Word,0.0,0.14285714285714285,0.0,0.7272727272727273
2704,29099,Kyle Cain,UNC Greensboro,0.8823529411764706,0.5394736842105263,0.3402061855670103,0.8888888888888888
2705,29100,Walter Foster,Towson,0.0,0.42857142857142855,0.75,0.0
2706,29101,John Davis,Towson,1.0,0.08333333333333333,0.75,0.0
2707,29106,Ghiavonni Robinson,Arkansas Pine Bluff,1.0,0.4,0.2,0.8837209302325582
2708,29107,Deandre McIntrye,Arkansas Pine Bluff,0.0,0.7272727272727273,0.14285714285714285,1.0
2709,29108,Jordan Brown,Arkansas Pine Bluff,0.8,0.7272727272727273,0.0,0.0
2710,29111,Deandray Buckley,Central Michigan,0.0,0.6666666666666666,1.0,0.5
2711,29112,Sean Tingle,Arkansas Pine Bluff,0.0,0.4166666666666667,0.75,0.0
2712,29120,Justice Montgomery,American,0.0,0.3333333333333333,0.0,0.0
2713,29123,Jalen Reynolds,Xavier,0.8,0.631578947368421,0.45454545454545453,0.0
2714,29126,Byron Ashe,Mount St. Mary's,1.0,0.35,0.25,0.8571428571428571
2715,29128,Trevor Thompson,Virginia Tech,0.8125,0.6410256410256411,0.6363636363636364,0.0
2716,29129,Liam McManimon,Mount St. Mary's,0.0,0.0,0.0,0.0
2717,29130,Will Miller,Mount St. Mary's,0.0,0.0,1.0,0.9636363636363636
2718,29132,Khalid Nwandu,Mount St. Mary's,0.0,0.0625,0.0,0.5
2719,29134,Will Lyle,Mount St. Mary's,0.0,0.0,0.5,0.0
2720,29135,Nick Davidson,Valparaiso,0.0,0.3333333333333333,0.0,1.0
2721,29140,Ryan Burnett,Stony Brook,0.0,0.0,0.0,1.0
2722,29141,Tai Webster,Nebraska,0.0,0.043478260869565216,0.2,0.8333333333333334
2723,29147,Cole McConnell,Michigan,0.0,0.0,0.0,1.0
2724,29150,Andrew Dakich,Michigan,0.0,0.0,0.0,1.0
2725,29151,Jaron Martin,UC Irvine,0.0,1.0,0.0,1.0
2726,29152,Luke Nelson,UC Irvine,0.6666666666666666,0.20588235294117646,0.2962962962962963,0.8309859154929577
2727,29153,Dennis Mavin,FIU,0.0,0.2,0.16666666666666666,0.92
2728,29157,Mike Bedulskis,UNC Asheville,0.0,1.0,0.0,0.0
2729,29161,Jordan Dickerson,Penn St.,0.5,0.7272727272727273,0.5,0.0
2730,29166,Rodney Williams,Drexel,0.8,0.6875,0.5,0.0
2731,29167,Major Canady,Drexel,0.0,0.0,0.5,1.0
2732,29168,Payton Carrell,Texas A&M,0.0,0.0,0.0,0.0
2733,29169,Khris Lane,Drexel,0.0,0.0,0.0,0.0
2734,29178,Ugo Mmonu,Tennessee St.,0.0,0.6666666666666666,0.6,1.0
2735,29186,Gerrell Martin,LIU,0.0,0.40476190476190477,0.16666666666666666,0.9491525423728814
2736,29188,Chris Johnson,Arizona,0.0,0.0,0.0,1.0
2737,29192,Travis Jorgenson,Georgia Tech,0.0,0.0,0.0,1.0
2738,29198,Rondae Hollis-Jefferson,Arizona,0.7142857142857143,0.40217391304347827,0.4444444444444444,1.0
2739,29202,Andrew Chrabascz,Butler,0.0,0.6086956521739131,0.4166666666666667,0.8
2740,29205,Cezar Guerrero,Fresno St.,0.0,0.21212121212121213,0.18181818181818182,0.6571428571428571
2741,29206,Eric Conklin,Arizona,0.0,0.0,1.0,0.0
2742,29207,Tucker Haymond,Western Michigan,1.0,0.5555555555555556,0.0,0.7894736842105263
2743,29209,Michael Volovic,Butler,0.0,0.0,0.0,0.0
2744,29211,Nolan Berry,Butler,0.5,0.7142857142857143,0.5,1.0
2745,29212,Steven Bennett,Butler,0.0,0.0,0.0,0.0
2746,29217,Kameron Rooks,California,0.0,0.7777777777777778,0.6666666666666666,0.0
2747,29223,Matt Shrigley,San Diego St.,1.0,0.25,0.42857142857142855,0.8857142857142857
2748,29231,Joe Tuss,Air Force,0.0,0.0,0.5,1.0
2749,29232,Demetrius Jackson,Notre Dame,0.0,0.21739130434782608,0.14285714285714285,0.76
2750,29234,Karviar Shepherd,TCU,1.0,0.6904761904761905,0.7555555555555555,0.0
2751,29235,Shannon Evans,Buffalo,0.75,0.26666666666666666,0.18181818181818182,0.8064516129032258
2752,29237,Justin Moss,Buffalo,0.75,0.6486486486486487,0.0,0.0
2753,29238,Marlon Beck II,Binghamton,0.0,0.125,0.38461538461538464,0.6097560975609756
2754,29239,Dominique Raney,Canisius,0.4,0.1875,0.11764705882352941,0.8
2755,29240,Phil Valenti,Canisius,0.0,0.5416666666666666,0.5454545454545454,1.0
2756,29243,Josh Forney,Loyola MD,0.0,0.0,0.0,0.0
2757,29245,Sean Tuohy Jr.,Loyola MD,0.0,0.0,0.0,0.0
2758,29246,Brandon Parrish,TCU,0.0,0.4375,0.5263157894736842,0.9696969696969697
2759,29267,Nick Lindner,Lafayette,0.0,0.0392156862745098,0.034482758620689655,0.5555555555555556
2760,29271,Reed Westbrook,Stephen F. Austin,0.0,1.0,0.0,0.0
2761,29272,Justin Dotson,Stephen F. Austin,0.0,0.5,0.0,1.0
2762,29274,Dallas Cameron,Stephen F. Austin,0.0,0.6875,0.0,0.8
2763,29275,Tanner Clayton,Stephen F. Austin,0.6666666666666666,0.5357142857142857,1.0,0.0
2764,29276,Connor Brooks,Stephen F. Austin,0.75,0.6111111111111112,0.3333333333333333,1.0
2765,29279,Markus Kennedy,SMU,0.8461538461538461,0.6524822695035462,0.425,1.0
2766,29282,Christian Wood,UNLV,0.5833333333333334,0.5,0.42857142857142855,0.6363636363636364
2767,29284,Rayshawn Simmons,Central Michigan,0.0,0.3076923076923077,0.2,0.875
2768,29288,Josh Kozinski,Central Michigan,0.0,0.0,0.0,1.0
2769,29289,Nick Carlos,Central Michigan,0.0,0.8333333333333334,0.0,1.0
2770,29290,Braylon Rayson,Central Michigan,0.0,0.1956521739130435,0.0,0.8571428571428571
2771,29296,Phillip Johnson,Incarnate Word,0.0,0.0,0.5,0.0
2772,29297,Sam Burmeister,Incarnate Word,0.0,0.375,0.4,0.8518518518518519
2773,29302,Justin Phillipe,Incarnate Word,0.0,0.7692307692307693,0.0,0.0
2774,29303,Ridge Shipley,Cal Poly,0.0,0.0,0.0,0.76
2775,29304,Adonis Rwabigwi,Furman,0.6,0.42857142857142855,0.35714285714285715,0.0
2776,29320,Payne Andrus,Navy,0.0,0.25,0.0,0.0
2777,29321,Raekwon Harney,Stetson,0.0,0.0,0.0,0.5
2778,29322,B.J. Glasford,Stetson,0.0,0.1111111111111111,0.6428571428571429,0.9230769230769231
2779,29323,Kentwan Smith,Stetson,0.5625,0.345679012345679,0.5,0.8235294117647058
2780,29326,Billy Reader,Morehead St.,1.0,0.5714285714285714,0.5,1.0
2781,29327,Cole Stefan,North Dakota,0.0,0.36363636363636365,0.0,0.9523809523809523
2782,29330,Deshon Minnis,Rhode Island,0.0,0.25,0.14285714285714285,0.6
2783,29335,Wesley Iwundu,Kansas St.,0.8333333333333334,0.625,0.3125,0.8571428571428571
2784,29336,Nigel Johnson,Kansas St.,0.0,0.26666666666666666,0.3333333333333333,0.6470588235294118
2785,29338,Marcus Foster,Kansas St.,0.7692307692307693,0.49230769230769234,0.42424242424242425,0.7215189873417721
2786,29339,Keon Johnson,Winthrop,0.0,0.034482758620689655,0.038461538461538464,0.6153846153846154
2787,29342,Greg Sequele,DePaul,0.3333333333333333,0.25,0.75,0.0
2788,29343,AJ West,Nevada,0.7222222222222222,0.5686274509803921,0.6666666666666666,0.0
2789,29344,Tommy Hamilton IV,DePaul,0.0,0.325,0.5384615384615384,1.0
2790,29347,Billy Garrett Jr.,DePaul,0.0,0.175,0.0,0.6756756756756757
2791,29349,Zach Hanson,Creighton,1.0,0.782608695652174,0.6666666666666666,0.0
2792,29354,Jordan Howard,Troy,0.0,0.0,0.0,0.0
2793,29356,Dominique Williams,San Francisco,0.0,0.0,0.0,0.0
2794,29357,Kruize Pinkins,San Francisco,0.8888888888888888,0.44339622641509435,0.48148148148148145,1.0
2795,29359,Devin Wilson,North Florida,0.0,0.14285714285714285,0.0,0.625
2796,29362,Nick Colletta,Marist,0.0,0.0,0.0,0.0
2797,29364,Eric Green,Holy Cross,0.6428571428571429,0.40298507462686567,0.35294117647058826,1.0
2798,29369,Edmunds Dukulis,Boise St.,0.0,0.6666666666666666,0.0,0.0
2799,29370,Ike Nwamu,Mercer,0.7,0.3617021276595745,0.23529411764705882,0.9
2800,29371,Tyler McCullough,Missouri St.,1.0,0.52,0.6,0.0
2801,29372,Ron Mvouika,Missouri St.,0.0,0.1724137931034483,0.2857142857142857,0.5909090909090909
2802,29377,Steven Miro,FIU,0.0,1.0,0.0,0.0
2803,29378,Marcus Tarrance,Middle Tennessee,0.0,0.36363636363636365,0.18181818181818182,0.9333333333333333
2804,29379,Ronald Ross,Middle Tennessee,0.0,0.0,0.0,0.0
2805,29380,Williy Kouassi,Kennesaw St.,0.6428571428571429,0.5476190476190477,0.3076923076923077,0.0
2806,29382,Austin Ruder,Missouri St.,0.0,0.625,0.6666666666666666,0.9285714285714286
2807,29392,Roy Jackson,Arkansas Pine Bluff,0.0,0.0,0.0,0.0
2808,29393,Reggie Dillard,Presbyterian,0.3333333333333333,0.19148936170212766,0.1111111111111111,0.8333333333333334
2809,29398,Jarquez Smith,Florida St.,0.8571428571428571,0.5454545454545454,0.8333333333333334,1.0
2810,29400,Ryder Bowline,Elon,0.0,0.0,0.0,1.0
2811,29401,Luke Eddy,Elon,0.0,0.1111111111111111,0.0,0.6666666666666666
2812,29402,Christian Hairston,Elon,1.0,0.42857142857142855,0.6666666666666666,1.0
2813,29403,Brian Dawkins,Elon,0.0,0.45454545454545453,0.2,0.0
2814,29404,Vincent Dillard,UT Arlington,0.0,0.08333333333333333,0.2,1.0
2815,29406,Shawn Smith,Marshall,0.6923076923076923,0.49019607843137253,0.2857142857142857,1.0
2816,29407,Cheikh Sane,Marshall,0.8333333333333334,0.5161290322580645,0.3333333333333333,0.0
2817,29409,Malik Smith,Minnesota,0.0,0.25,0.2857142857142857,0.7636363636363637
2818,29410,Joey King,Minnesota,1.0,0.6363636363636364,0.5714285714285714,1.0
2819,29411,Daquein McNeil,Minnesota,0.0,0.5454545454545454,0.0,1.0
2820,29412,Deandre Mathieu,Minnesota,0.0,0.15384615384615385,0.10869565217391304,0.45454545454545453
2821,29415,Wesley Myers,Niagara,0.0,0.05,0.5294117647058824,0.8
2822,29416,Markel Leonard,Cal Poly,0.0,0.0,0.0,0.0
2823,29418,Lincoln Davis,Fairfield,0.0,0.0,0.25,0.8333333333333334
2824,29421,Kahlil Thomas,Rider,0.6666666666666666,0.4745762711864407,0.9090909090909091,0.5
2825,29424,Dimitrije Cabarkapa,James Madison,0.0,0.0,0.0,1.0
2826,29425,Colton Ray-St Cyr,Coastal Carolina,0.0,0.3333333333333333,0.4,0.7
2827,29426,Algie Key,Alabama,1.0,0.28,0.0,0.0
2828,29428,Cameron Payne,Murray St.,0.0,0.1016949152542373,0.07547169811320754,0.5070422535211268
2829,29431,John Simons,Central Michigan,0.0,0.5238095238095238,0.6,0.9811320754716981
2830,29433,Matthew Cotton,Alabama A&M,0.0,0.0,0.0,0.0
2831,29436,Tevin Caldwell,UTEP,0.0,0.5,1.0,0.0
2832,29439,A.J. Merriweather,East Tennessee St.,0.7272727272727273,0.42168674698795183,0.2727272727272727,1.0
2833,29441,Jalen Riley,East Tennessee St.,0.0,0.14285714285714285,0.03333333333333333,0.6595744680851063
2834,29442,Devin Harris,East Tennessee St.,0.0,0.4,0.5,1.0
2835,29443,Alain Chigha,Quinnipiac,0.0,0.0,0.0,0.0
2836,29445,Aula Sumbry,Quinnipiac,0.0,0.5,1.0,0.0
2837,29449,Ben Emelogu,Virginia Tech,0.6666666666666666,0.15789473684210525,0.14285714285714285,0.6923076923076923
2838,29450,Devin Wilson,Virginia Tech,0.0,0.02127659574468085,0.0,0.35714285714285715
2839,29452,Chris Perry,South Florida,0.875,0.6103896103896104,0.5714285714285714,0.0
2840,29453,Eyimofe Edukugho,Sacred Heart,0.0,0.5,0.0,0.0
2841,29454,Leo Vincent,Sacred Heart,0.0,0.3333333333333333,0.0,1.0
2842,29455,De'Von Barnett,Sacred Heart,0.5,0.40789473684210525,0.6896551724137931,0.0
2843,29460,Bobby Portis,Arkansas,0.7368421052631579,0.5425531914893617,0.6206896551724138,0.8888888888888888
2844,29461,Luka Pajkovic,Morehead St.,0.0,0.13636363636363635,0.0,0.8
2845,29465,Deandre Leatherwood,Morehead St.,0.8333333333333334,0.7142857142857143,0.0,0.0
2846,29466,Marquis Vance,Alcorn St.,1.0,0.3018867924528302,0.13793103448275862,0.8571428571428571
2847,29468,Octavius Brown,Alcorn St.,0.6956521739130435,0.4411764705882353,0.24324324324324326,0.8214285714285714
2848,29469,Corey Young,Alcorn St.,0.0,0.0,0.0,1.0
2849,29473,Aubrey Ball,Central Arkansas,0.0,0.0,0.0,0.8666666666666667
2850,29475,Jorge Bilbao,UT Arlington,0.0,0.2857142857142857,0.0,0.0
2851,29476,Courtney Austin,UT Arlington,0.0,0.0,0.0,0.0
2852,29478,Henry Caruso,Princeton,0.0,0.0,0.0,0.0
2853,29479,Riley Payne,Abilene Christian,0.0,0.8333333333333334,1.0,0.0
2854,29482,Daniel Edwards,Princeton,0.0,0.0,0.0,0.0
2855,29487,Greg Dotson,Morehead St.,0.9285714285714286,0.6842105263157895,0.5,0.0
2856,29491,Blake Davis,Grand Canyon,0.0,0.5294117647058824,0.25,0.95
2857,29492,Jerome Garrison,Grand Canyon,0.0,0.2857142857142857,0.32142857142857145,0.8653846153846154
2858,29493,Justin Foreman,Grand Canyon,1.0,0.9,0.3333333333333333,1.0
2859,29494,Ethan Lee,Central Arkansas,0.7142857142857143,0.5357142857142857,0.7,0.0
2860,29495,Jake Zuilof,Grand Canyon,0.0,0.25,0.0,0.0
2861,29498,Josh Humphrey,Green Bay,0.0,0.0,1.0,0.0
2862,29505,Sean O'Brien,Southern Illinois,0.0,0.42857142857142855,0.1111111111111111,1.0
2863,29506,Terry Rozier,Louisville,0.3333333333333333,0.21621621621621623,0.25,0.9722222222222222
2864,29507,David Levitch,Louisville,0.0,0.0,0.0,0.6666666666666666
2865,29510,Nathan Adrian,West Virginia,0.0,0.15789473684210525,0.3333333333333333,1.0
2866,29513,Tim Stainbrook,Xavier,0.0,0.0,0.0,0.0
2867,29517,Wesley Gordon,Colorado,1.0,0.4444444444444444,0.3333333333333333,0.75
2868,29520,Kevin Nelson,Colorado,0.0,0.0,0.0,1.0
2869,29521,Zach Peters,Arizona,0.0,0.0,0.0,0.0
2870,29522,Elliott Pitts,Arizona,0.0,0.5,0.0,0.9090909090909091
2871,29524,Trey Mason,Arizona,0.0,1.0,0.0,1.0
2872,29525,Aaron Gordon,Arizona,0.7407407407407407,0.5547445255474452,0.3611111111111111,0.875
2873,29542,Danny Newsome,Texas,0.0,0.5,0.0,0.0
2874,29546,Ambrose Mosley,Old Dominion,0.0,0.4444444444444444,0.2,0.8448275862068966
2875,29555,John Rinaldi,Binghamton,0.0,0.5,0.0,0.0
2876,29556,Deangelo Priar,Mississippi Valley St.,1.0,0.27450980392156865,0.1875,0.7333333333333333
2877,29558,Vacha Vaughn,Mississippi Valley St.,0.0,0.45454545454545453,0.6,1.0
2878,29559,Jeffrey Simmons,Mississippi Valley St.,0.5,0.23684210526315788,0.16279069767441862,1.0
2879,29560,Daniel Hurtt,Mississippi Valley St.,0.0,0.35294117647058826,0.29411764705882354,0.8333333333333334
2880,29561,Anthony McDonald,Mississippi Valley St.,0.0,0.2702702702702703,0.3333333333333333,0.8208955223880597
2881,29562,James Currington,Mississippi Valley St.,0.5,0.4722222222222222,0.5185185185185185,0.0
2882,29564,Emmanuel Tselentakis,NJIT,0.0,0.5,1.0,0.8
2883,29566,T.J. Sapp,Murray St.,0.2857142857142857,0.12195121951219512,0.0,0.8444444444444444
2884,29567,Jeff Martin,Murray St.,0.0,0.0,0.0,1.0
2885,29569,Jonathan Fairell,Murray St.,0.6666666666666666,0.4246575342465753,0.6,0.0
2886,29580,Monty Boykins,Lafayette,0.0,0.2222222222222222,0.0,0.875
2887,29581,Jake Newman,Lafayette,0.0,0.0,0.0,1.0
2888,29583,Ty Allen,Tennessee Tech,0.0,0.4,0.08333333333333333,0.9523809523809523
2889,29584,Derek Cox,Cincinnati,0.0,0.0,0.0,0.0
2890,29586,Patrick Ramsey,Marist,0.0,0.0,0.0,1.0
2891,29588,Marcus Holt,Colorado St.,0.8181818181818182,0.5833333333333334,0.5,0.0
2892,29591,Kyndahl Hill,Weber St.,0.7777777777777778,0.7916666666666666,0.7692307692307693,1.0
2893,29600,Gabriel Aguirre,Pacific,0.0,0.6470588235294118,0.3333333333333333,0.0
2894,29601,Graham Woodward,Penn St.,0.0,0.3333333333333333,0.0,0.8260869565217391
2895,29602,Geno Thorpe,Penn St.,0.5,0.46153846153846156,0.0,0.6666666666666666
2896,29604,Piers Carroll,Nicholls St.,0.0,0.0,0.0,1.0
2897,29606,Aaron Hawley,Drake,0.5,0.6,0.5161290322580645,0.9333333333333333
2898,29608,Martez Harrison,UMKC,0.0,0.1,0.03125,0.7575757575757576
2899,29609,Jelan Kendrick,UNLV,0.0,0.44,0.5,0.8888888888888888
2900,29613,Isaac Kreuer,UMKC,0.0,0.3333333333333333,0.3333333333333333,0.0
2901,29615,Brandon McDonnell,Dartmouth,0.8,0.8888888888888888,0.7368421052631579,1.0
2902,29633,George King,Colorado,0.0,0.4,0.5,1.0
2903,29635,Marquez White,Florida St.,0.0,0.0,0.0,0.0
2904,29637,Charles Rushman,UNLV,0.0,0.0,0.0,0.0
2905,29638,Josh Williams,Lipscomb,0.625,0.4375,0.35714285714285715,0.875
2906,29644,Ron Trapps,Coastal Carolina,0.0,0.5,0.0,1.0
2907,29650,Will Saunders,Charleston Southern,0.0,0.3333333333333333,0.5555555555555556,0.9516129032258065
2908,29652,Bakari Copeland,Charleston Southern,1.0,1.0,0.5,0.0
2909,29653,Juwan Newmen,Central Connecticut,0.6666666666666666,0.37037037037037035,0.45454545454545453,0.0
2910,29654,I.J. Ready,Mississippi St.,0.0,0.2777777777777778,0.34782608695652173,0.6470588235294118
2911,29655,Matt Mobley,Central Connecticut,0.5,0.10344827586206896,0.0,0.9
2912,29658,Aram Martin,Brown,0.0,0.0,0.0,0.0
2913,29660,Ty'Quan Biting,Charleston Southern,0.75,0.6363636363636364,0.625,0.0
2914,29661,Tavon Blackmon,Brown,0.0,0.1111111111111111,0.05555555555555555,0.875
2915,29662,Matty Madigan,Brown,0.0,0.3333333333333333,0.0,1.0
2916,29663,Leland King,Brown,0.75,0.3953488372093023,0.425,0.9565217391304348
2917,29664,Devin Williams,West Virginia,0.75,0.4,0.6530612244897959,0.0
2918,29666,Michael Perez,Nevada,0.8571428571428571,0.5217391304347826,0.38461538461538464,0.7678571428571429
2919,29667,Jarad Scott,Winthrop,1.0,0.6153846153846154,0.6,0.5
2920,29668,Ivan Saicic,Winthrop,0.0,0.0,0.0,0.0
2921,29669,Josh Davenport,Winthrop,1.0,0.3157894736842105,0.2222222222222222,1.0
2922,29670,Lucas Stivrins,Nevada,0.0,0.6666666666666666,0.0,0.0
2923,29676,Jacobby Bledsoe,UMKC,0.0,0.0,0.16666666666666666,0.875
2924,29678,Marcus White,Illinois Chicago,0.0,0.0,0.0,1.0
2925,29680,Frank Williams,UMKC,0.6666666666666666,0.5384615384615384,0.5405405405405406,0.9545454545454546
2926,29681,Chandler Levingston,UMKC,0.0,0.0,0.0,0.0
2927,29682,Jordan Brown,UMKC,0.0,0.0,0.0,0.0
2928,29684,Davonte Chaney,Texas Southern,0.0,0.0,0.0,0.0
2929,29685,Stephen Prendergast,Wake Forest,0.0,0.0,0.0,0.0
2930,29686,Trent VanHorn,Wake Forest,0.0,1.0,0.0,0.0
2931,29687,Windale Glinton,Grambling St.,1.0,0.6153846153846154,0.47368421052631576,0.0
2932,29688,Felix Van Hofe,Eastern Washington,0.0,0.0,0.2,0.9444444444444444
2933,29689,Jeremiah Tate,Wofford,0.0,0.0,0.0,0.0
2934,29691,T.J. Williams,Chattanooga,0.0,0.4,0.6666666666666666,0.0
2935,29692,Greg Pryor,Chattanooga,0.0,0.1,0.045454545454545456,0.7
2936,29693,Andrew Houts,Chattanooga,0.0,0.0,0.0,0.0
2937,29695,Ladon Carter,Tennessee Tech,0.5945945945945946,0.4805194805194805,0.25,0.0
2938,29696,Devonte Smith,Little Rock,0.0,0.1282051282051282,0.0,0.5333333333333333
2939,29699,Dwan Caldwell,Tennessee Tech,1.0,0.5,0.68,0.0
2940,29709,Tim Singleton,Richmond,0.0,0.0,0.0,0.0
2941,29710,John Dawson,Marquette,0.0,0.0,0.14285714285714285,1.0
2942,29715,Deonte Burton,Marquette,0.8,0.5714285714285714,0.5757575757575758,0.75
2943,29721,Hank Davis,La Salle,0.0,0.0,0.0,0.0
2944,29733,Walter Pitchford,Nebraska,0.8823529411764706,0.5806451612903226,0.32142857142857145,0.9583333333333334
2945,29741,Canyon Barry,Charleston,0.6666666666666666,0.2857142857142857,0.14285714285714285,0.88
2946,29744,Alec Peters,Valparaiso,0.75,0.4626865671641791,0.3333333333333333,0.9
2947,29745,David Chadwick,Valparaiso,0.0,0.0,0.0,1.0
2948,29747,Lexus Williams,Valparaiso,0.0,0.0,0.0,0.7692307692307693
2949,29748,Charles Burley,Delaware St.,0.0,0.0,0.4,0.0
2950,29749,Larry Haley,Delaware St.,0.0,0.0,0.0,1.0
2951,29752,Jason Owens,Delaware St.,0.0,0.3333333333333333,0.9333333333333333,0.0
2952,29753,Josh Heath,South Florida,0.0,0.125,0.16666666666666666,1.0
2953,29757,Corey Allen Jr,South Florida,0.5,0.3333333333333333,0.0,0.7272727272727273
2954,29758,John Egbunu,South Florida,0.7962962962962963,0.6363636363636364,0.0,0.0
2955,29759,Armani Flannigan,North Texas,0.625,0.47619047619047616,0.625,0.0
2956,29760,Greg Wesley,North Texas,0.0,0.0,0.0,1.0
2957,29764,Shaunessy Smith,Alcorn St.,1.0,0.3333333333333333,0.0,0.75
2958,29765,Nino Jackson,Loyola Marymount,0.0,0.0,0.5,1.0
2959,29767,Doug Brooks,VCU,0.0,0.0,0.0,0.9090909090909091
2960,29768,Torey Burston,VCU,0.0,0.0,0.0,0.0
2961,29770,Terrance Shannon,VCU,0.25,0.47368421052631576,0.6666666666666666,0.0
2962,29772,Alozie Erondu,Loyola Marymount,0.0,0.0,0.0,0.0
2963,29774,Denarius O'Dell,Alcorn St.,0.0,0.0,0.0,0.0
2964,29776,Trey Washington III,Wyoming,0.0,0.3333333333333333,0.25,0.9166666666666666
2965,29778,Victor Bermudez,Texas St.,0.0,1.0,0.0,0.6666666666666666
2966,29781,Tyler Gaskins,Saint Peter's,0.0,0.16666666666666666,0.0625,0.8
2967,29789,Olivier-Paul Betu,UC Davis,0.0,1.0,0.0,0.0
2968,29792,Avery Johnson,UC Davis,0.75,0.5652173913043478,0.0,0.8888888888888888
2969,29793,Iggy Nujic,UC Davis,0.0,0.5652173913043478,0.18181818181818182,0.85
2970,29795,Hassante Manning,Morgan St.,0.0,0.5,0.0,0.0
2971,29799,Justin McKie,South Carolina,0.0,1.0,0.0,1.0
2972,29800,Demetrius Henry,South Carolina,0.6428571428571429,0.65625,0.45161290322580644,0.0
2973,29802,Khyan Rayner,Princeton,0.0,0.0,0.0,0.0
2974,29804,Pete Miller,Princeton,1.0,0.5,0.5,0.0
2975,29806,Steven Cook,Princeton,1.0,0.47619047619047616,0.25,1.0
2976,29807,Desmond Ringer,South Carolina,0.0,0.6363636363636364,0.8571428571428571,0.0
2977,29808,Duane Notice,South Carolina,0.0,0.16666666666666666,0.058823529411764705,0.8571428571428571
2978,29812,Cam Miller,Lipscomb,0.0,0.0,0.0,1.0
2979,29814,Sindarius Thornwell,South Carolina,1.0,0.34146341463414637,0.171875,0.8108108108108109
2980,29816,Jaylen Shaw,South Carolina,1.0,0.6,0.2,1.0
2981,29824,Ladarrien Williams,Abilene Christian,0.0,0.25,0.08333333333333333,0.625
2982,29826,Mario Dunn,Montana,0.0,0.32432432432432434,0.16666666666666666,0.9230769230769231
2983,29827,Riley Bradshaw,Montana,0.0,0.0,0.0,1.0
2984,29828,Chris Kemp,Montana,0.75,0.59375,0.0,0.0
2985,29829,Jack Lopez,Montana,0.0,0.0,0.5,1.0
2986,29832,Chris Sarbaugh,San Diego,0.0,0.7777777777777778,0.2727272727272727,0.0
2987,29835,Chris Jones,Louisville,0.0,0.0625,0.0975609756097561,0.8372093023255814
2988,29836,Brandon Gfeller,Montana,1.0,0.5,0.0,0.8666666666666667
2989,29843,Vince Hunter,UTEP,0.7714285714285715,0.5391304347826087,0.5384615384615384,0.0
2990,29844,Victor Mbachu,UTEP,0.0,0.0,0.0,0.0
2991,29849,Marcelo Ruediger,Monmouth,1.0,0.6,0.0,0.0
2992,29850,Julian Edmonson,Abilene Christian,0.0,0.09090909090909091,0.05,0.6111111111111112
2993,29851,Ryden Hines,Iona,0.0,0.5,0.75,1.0
2994,29856,Jacob Gonzalez,Houston Christian,0.0,0.0,0.0,0.0
2995,29857,Jeremiah Williams,Canisius,0.0,0.0,0.0,1.0
2996,29858,Tyler Washington,Northwestern St.,0.0,0.5,0.4,0.5
2997,29865,Connor Smith,Washington,0.0,0.0,0.0,0.0
2998,29866,Reveal Chukwujekwu,Houston Christian,0.0,0.2857142857142857,0.2857142857142857,1.0
2999,29871,Faronte Drakeford,Central Connecticut,1.0,0.527027027027027,0.6506024096385542,1.0
3000,29874,Steven Spieth,Brown,0.0,0.5609756097560976,0.2727272727272727,1.0
3001,29876,Isiah Umipig,Seattle,0.0,0.03225806451612903,0.15,0.7087378640776699
3002,29886,Josh Fuller,Weber St.,0.0,0.0,0.0,1.0
3003,29887,Richaud Gittens,Weber St.,0.375,0.2702702702702703,0.2857142857142857,1.0
3004,29888,Norman Hobbie,Brown,0.0,0.6666666666666666,1.0,0.95
3005,29890,Winfield Willis,NJIT,0.0,0.22580645161290322,0.45454545454545453,0.9130434782608695
3006,29894,Brett Bailey,San Diego,1.0,0.5714285714285714,0.5555555555555556,0.875
3007,29897,Wes Washpun,Northern Iowa,0.25,0.16326530612244897,0.1111111111111111,0.9166666666666666
3008,29906,Von Washington,Western Michigan,0.0,0.0,0.0,0.5
3009,29909,Elgin Cook,Oregon,0.46153846153846156,0.3389830508474576,0.125,1.0
3010,29912,Joe Aase,Davidson,0.0,0.6666666666666666,0.5,1.0
3011,29916,Therone Tillett,San Diego,0.0,0.0,0.0,0.5
3012,29923,Jalen Jackson,Central Arkansas,0.3333333333333333,0.3333333333333333,0.2,0.6666666666666666
3013,29928,Blake Danielak,Drake,0.0,0.2,1.0,1.0
3014,29933,Will Thoni,Davidson,0.0,0.0,0.0,0.0
3015,29934,Nick Davis,Alabama St.,0.0,0.0,0.0,1.0
3016,29936,Julian Harrell,Penn,0.0,0.42857142857142855,0.25,0.6666666666666666
3017,29939,Jordan Daniels,Drake,0.0,0.21052631578947367,0.23076923076923078,0.8235294117647058
3018,29940,Ajak Magot,Idaho St.,0.5,0.36363636363636365,0.6666666666666666,0.0
3019,29943,Emmanuel Chibuogwu,Seattle,0.0,0.16666666666666666,0.75,0.8571428571428571
3020,29952,Patrick Conroy,Nevada,0.0,0.0,0.0,0.0
3021,29956,D.J. Fenner,Nevada,0.0,0.2,0.43478260869565216,0.0
3022,29964,Tyquane Goard,Marshall,0.6923076923076923,0.5357142857142857,0.7,0.0
3023,29965,Kyle Collinsworth,BYU,0.45454545454545453,0.27956989247311825,0.18571428571428572,1.0
3024,29977,Ethan Layer,Liberty,0.0,0.0,0.0,1.0
3025,29979,Nyles Evans,Akron,0.0,0.14285714285714285,0.0,0.8421052631578947
3026,29981,Isaiah Johnson,Akron,0.5,0.3170731707317073,0.0,0.0
3027,29982,Jimmy Marshall,Northeastern,0.0,0.5,0.0,1.0
3028,29984,T.J. Williams,Northeastern,0.0,0.1875,0.35,1.0
3029,29985,Noah Vonleh,Indiana,0.5416666666666666,0.3972602739726027,0.25,0.9375
3030,29989,Jaylen Hinton,Georgia St.,0.0,0.0,0.3333333333333333,0.0
3031,29990,Keith Shamburger,Hawaii,0.0,0.14285714285714285,0.125,0.5277777777777778
3032,29992,Darius Sharpe,Georgia St.,0.0,0.0,0.0,0.0
3033,29993,Devin Brooks,Creighton,0.0,0.11864406779661017,0.0,0.6666666666666666
3034,29994,Steven Ferrarini,Creighton,0.0,0.5,0.0,0.0
3035,30000,Mo Alie-Cox,VCU,0.8461538461538461,0.6111111111111112,0.5,1.0
3036,30001,Lance Whitaker,Illinois Chicago,0.0,0.0,0.0,0.0
3037,30002,Pat Birt,Illinois Chicago,0.0,0.25,0.1,0.8695652173913043
3038,30005,Markese McGuire,Illinois Chicago,0.0,0.14285714285714285,0.4,0.8
3039,30007,K.K. Simmons,Kent St.,0.0,0.2,0.2,0.75
3040,30008,Harrison Hawkins,Abilene Christian,0.0,0.2,0.0,0.4117647058823529
3041,30012,Kyle Molock,Saint Joseph's,0.0,0.0,0.0,0.0
3042,30014,Anthony Dallier,Yale,0.0,0.14285714285714285,0.0,1.0
3043,30017,Tanner Omlid,Army,0.14285714285714285,0.375,0.5,0.9615384615384616
3044,30018,Dashaun Rice,Central Arkansas,0.0,0.18181818181818182,0.0,0.8823529411764706
3045,30019,Brynton Lemar,UC Davis,0.0,0.23076923076923078,0.15,1.0
3046,30020,AJ Edwards,Yale,0.0,0.0,0.0,0.0
3047,30024,Sam Downey,Yale,0.0,1.0,0.0,0.0
3048,30028,Vicktor Arnick,Texas Southern,0.0,0.6666666666666666,0.0,0.5
3049,30031,Kevin Crawford Ii,North Carolina Central,0.0,0.0,0.0,1.0
3050,30033,J.T. Flowers,Yale,0.0,1.0,0.3333333333333333,1.0
3051,30049,Jose Rodriguez,Texas Southern,0.0,0.3614457831325301,0.22727272727272727,0.8947368421052632
3052,30050,Christian McCoggle,Texas Southern,0.0,0.0,0.0,0.0
3053,30051,Kyle Davis,Utah St.,1.0,0.671875,0.5,0.0
3054,30055,Carson Desrosiers,Providence,0.875,0.5666666666666667,0.7333333333333333,1.0
3055,30056,Tyler Harris,Providence,0.625,0.45121951219512196,0.32,0.9310344827586207
3056,30057,Jojo McGlaston,Utah St.,0.0,0.3333333333333333,0.2222222222222222,1.0
3057,30061,Javaris Jenkins,Savannah St.,0.0,1.0,0.0,1.0
3058,30066,Melvin Johnson III,Arkansas St.,0.6666666666666666,0.3076923076923077,0.24,0.7142857142857143
3059,30067,Lawrence Cooks,Hampton,0.0,0.3333333333333333,0.0,0.9090909090909091
3060,30068,Chris Dees,St. Bonaventure,1.0,0.5454545454545454,0.7857142857142857,0.0
3061,30071,Chester Victor,Jackson St.,0.0,0.0,0.0,1.0
3062,30077,Kerry Carter,Saint Mary's,0.2857142857142857,0.27586206896551724,0.25,0.9682539682539683
3063,30080,Marc Loving,Ohio St.,0.6666666666666666,0.3125,0.5833333333333334,0.9333333333333333
3064,30085,Dominic Early,Furman,0.0,0.42857142857142855,0.4,1.0
3065,30087,Tate Stensgaard,Western Illinois,0.8,0.7407407407407407,0.8260869565217391,1.0
3066,30088,Garret Covington,Western Illinois,0.0,0.16666666666666666,0.2903225806451613,0.8955223880597015
3067,30089,Mike Miklusak,Western Illinois,0.0,0.2,0.375,0.90625
3068,30090,Jabari Sandifer,Western Illinois,0.0,0.16216216216216217,0.1,0.8
3069,30096,Arik Armstead,Oregon,0.0,0.0,0.0,0.0
3070,30098,Waverly Austin,Oregon,0.75,0.5882352941176471,0.5,0.0
3071,30109,Tyler Larson,South Dakota,0.0,0.35294117647058826,0.15384615384615385,0.9230769230769231
3072,30111,Chris McComber,Columbia,0.0,0.0,0.0,1.0
3073,30112,Luke Petrasek,Columbia,0.6666666666666666,0.5806451612903226,0.4666666666666667,1.0
3074,30113,Kendall Jackson,Columbia,0.0,0.0,0.0,1.0
3075,30114,Jeff Coby,Columbia,1.0,0.625,1.0,1.0
3076,30115,Josh James,IU Indy,0.0,0.8333333333333334,0.0,0.0
3077,30117,Malcolm Allen,Stanford,0.5,0.25,0.0,0.0
3078,30118,Conor Voss,Columbia,0.0,0.0,0.0,0.0
3079,30119,Brandon Eddlestone,LSU,0.0,0.0,0.5,0.0
3080,30120,Tim Quarterman,LSU,0.0,0.3333333333333333,0.16666666666666666,1.0
3081,30121,Khufu Najee,IU Indy,1.0,0.3870967741935484,0.07936507936507936,0.9375
3082,30128,AJ Pacher,Wright St.,0.9285714285714286,0.6962025316455697,0.7317073170731707,0.9285714285714286
3083,30130,Cody Stetler,Houston Christian,0.0,0.75,0.0,1.0
3084,30132,Jamal Jones,Texas A&M,0.7777777777777778,0.3333333333333333,0.0625,0.9024390243902439
3085,30134,Ronnie Stevens,Nevada,0.0,0.3333333333333333,0.2857142857142857,0.0
3086,30135,Don Thomas,Texas A&M,0.0,0.0,0.0,0.0
3087,30136,Tavario Miller,Texas A&M,0.6,0.6111111111111112,0.0,0.0
3088,30143,Len Springs,Northern Arizona,0.8,0.6190476190476191,0.5,0.0
3089,30144,T.J. Wallace,Pacific,0.0,0.10344827586206896,0.125,0.78125
3090,30151,Billy Ingram,Alabama St.,0.0,0.0,0.4,1.0
3091,30153,Jairus Lyles,VCU,0.0,1.0,0.0,1.0
3092,30154,Georgios Angelou,Saint Francis,0.0,0.0,0.0,0.5
3093,30158,David Taylor,Pacific,0.0,0.16666666666666666,0.16666666666666666,0.7857142857142857
3094,30160,Trevis Wyche,Saint Peter's,0.0,0.0392156862745098,0.125,0.6666666666666666
3095,30161,Matthew Moss,McNeese St.,0.0,0.3333333333333333,0.5,1.0
3096,30162,Shaquielle McKissic,Arizona St.,0.4166666666666667,0.25,0.14285714285714285,0.8636363636363636
3097,30163,Jermaine Marshall,Arizona St.,0.5,0.35714285714285715,0.42105263157894735,0.9024390243902439
3098,30164,Vic Adams,Saint Peter's,0.0,1.0,0.3333333333333333,1.0
3099,30166,Richie Edwards,Arizona St.,1.0,0.5714285714285714,0.0,1.0
3100,30171,Grant Vermeer,Navy,0.0,0.4,0.0,0.9230769230769231
3101,30174,Ognjen Miljkovic,Eastern Washington,0.0,0.6060606060606061,0.07692307692307693,0.88
3102,30179,Mark Blackmon,Maryland Eastern Shore,0.0,0.0,0.0,0.6666666666666666
3103,30180,Travis Hammonds,Long Beach St.,0.0,0.3333333333333333,0.2727272727272727,0.875
3104,30183,Ralston Turner,N.C. State,0.25,0.21428571428571427,0.4857142857142857,0.922077922077922
3105,30184,Ali Farhat,Eastern Michigan,0.0,0.0,0.0,0.0
3106,30195,Zalmico Harmon,UC Santa Barbara,0.0,0.17647058823529413,0.14285714285714285,0.6666666666666666
3107,30196,Julian Moore,Penn St.,1.0,1.0,0.0,0.0
3108,30202,Matt Jones,Duke,0.0,0.2857142857142857,0.4,1.0
3109,30204,Troy Simmons,Bethune Cookman,0.0,0.08333333333333333,0.0,0.25
3110,30207,David Onuorah,Cornell,0.625,0.40625,0.25,0.0
3111,30208,Darryl Smith,Cornell,0.0,0.15151515151515152,0.07692307692307693,0.8888888888888888
3112,30210,James Johnson,Cal St. Fullerton,1.0,0.7142857142857143,0.5555555555555556,0.0
3113,30211,Peter Jok,Iowa,0.0,0.07692307692307693,0.5555555555555556,0.75
3114,30216,Torin Childs-Harris,Morgan St.,0.0,0.6666666666666666,0.0,0.6666666666666666
3115,30218,Darryl Wright,Mississippi Valley St.,0.0,0.0,0.0,0.0
3116,30222,John Jones,Illinois St.,0.9,0.6842105263157895,0.6363636363636364,0.0
3117,30223,Maurice Strong,Alabama St.,0.7692307692307693,0.5471698113207547,0.5526315789473685,0.0
3118,30230,Matt Willms,UTEP,0.7037037037037037,0.627906976744186,0.375,0.0
3119,30233,Luka Kamber,Louisiana,1.0,1.0,1.0,0.0
3120,30236,Josh Davis,San Diego St.,0.5384615384615384,0.3717948717948718,0.3333333333333333,0.0
3121,30237,Jeremy Senglin,Weber St.,0.3333333333333333,0.25925925925925924,0.3076923076923077,0.8813559322033898
3122,30238,Dakarai Allen,San Diego St.,0.3333333333333333,0.21428571428571427,0.16666666666666666,0.0
3123,30241,Zach Garber,Toledo,0.0,0.4166666666666667,0.5,0.0
3124,30243,Jonathan Williams,Toledo,0.0,0.32,0.5714285714285714,0.9375
3125,30245,Donald Beatty,Toledo,0.0,0.0,0.0,0.0
3126,30250,Ryan Shannon,Montana St.,0.0,1.0,0.0,0.0
3127,30261,Merv Lindsay,New Mexico,1.0,1.0,0.0,1.0
3128,30265,Devon Williams,New Mexico,0.0,0.0,0.0,0.0
3129,30266,Eric Wagenlander,Wofford,0.0,0.0,0.0,0.0
3130,30267,Corey Heyward,Georgia Tech,0.0,0.5,0.0,0.8333333333333334
3131,30275,Brandon Graham,Alabama St.,0.8,0.5217391304347826,0.8095238095238095,1.0
3132,30276,Kelton Ford,Troy,0.0,0.0625,0.0,0.75
3133,30278,Demarcus Robinson,Alabama St.,0.0,0.10344827586206896,0.4482758620689655,0.975609756097561
3134,30281,JC Bonny,Troy,0.0,0.2,0.0,0.7142857142857143
3135,30289,Mikael Herbert,Tulane,0.0,1.0,0.0,0.0
3136,30302,Quinton Upshur,Northern Arizona,0.5555555555555556,0.39436619718309857,0.3076923076923077,0.8857142857142857
3137,30305,Marquise Moore,George Mason,0.0,0.17857142857142858,0.625,0.0
3138,30308,Ryan Salmonson,North Dakota,1.0,0.8333333333333334,0.45454545454545453,0.0
3139,30310,Dustin Hobaugh,North Dakota,0.0,0.0,0.0,1.0
3140,30313,James Bento,Mercer,0.0,0.0,1.0,0.0
3141,30314,Phillip Leonard,Mercer,0.0,0.1875,0.0,1.0
3142,30315,John Mosser,Mercer,0.0,0.0,0.0,0.0
3143,30317,Evan Gordon,Indiana,0.0,0.2,0.38461538461538464,0.8888888888888888
3144,30318,Andrew Calomeris,Indiana,0.0,0.0,0.0,0.0
3145,30319,Troy Williams,Indiana,0.7692307692307693,0.6119402985074627,0.4,1.0
3146,30321,Ismaila Dauda,Cleveland St.,1.0,0.8,0.0,0.0
3147,30335,Demonte Flannigan,Cleveland St.,1.0,1.0,1.0,0.0
3148,30337,Jacob Begin,Portland St.,0.0,0.0,0.0,0.0
3149,30340,Jelani Hewitt,Georgia Southern,0.16666666666666666,0.14666666666666667,0.05405405405405406,0.5540540540540541
3150,30346,Trent Jeffries,Arkansas Pine Bluff,0.0,1.0,0.0,0.0
3151,30353,Parker Wentz,Abilene Christian,0.0,0.14285714285714285,0.1111111111111111,0.8421052631578947
3152,30359,Brandon Vega,Winthrop,0.0,0.3157894736842105,0.08333333333333333,0.0
3153,30360,Manuale Watkins,Arkansas,0.0,0.0,1.0,0.0
3154,30361,Frank Booker,Oklahoma,0.0,0.5,0.0,0.9047619047619048
3155,30362,Moses Kingsley,Arkansas,0.7142857142857143,0.6071428571428571,0.5714285714285714,1.0
3156,30364,Austin Mankin,Oklahoma,0.0,0.0,0.0,1.0
3157,30365,Jordan Woodard,Oklahoma,0.0,0.02857142857142857,0.0,0.8518518518518519
3158,30367,Yunus Hopkinson,St. Francis NY,0.0,0.5,0.0,0.5
3159,30368,Trey Slate,Oklahoma,0.0,1.0,0.0,0.0
3160,30369,Wayne Martin,St. Francis NY,0.6666666666666666,0.4117647058823529,0.6363636363636364,1.0
3161,30370,Sheldon Hagigal,St. Francis NY,0.0,0.1891891891891892,0.125,0.65
3162,30371,Amdy Fall,St. Francis NY,0.8888888888888888,0.5319148936170213,0.14285714285714285,0.0
3163,30372,Jordan Parks,North Carolina Central,0.8918918918918919,0.6415094339622641,0.8,1.0
3164,30375,Vitto Brown,Wisconsin,0.0,0.0,0.6666666666666666,0.0
3165,30390,Garrius Adams,Miami FL,0.5,0.13953488372093023,0.0,0.7857142857142857
3166,30395,Mohamed Conde,Western Illinois,0.0,0.5,0.8461538461538461,0.0
3167,30397,David Mason,Oral Roberts,0.0,0.0,0.0,1.0
3168,30398,Bobby Word,Oral Roberts,0.0,0.3333333333333333,0.5714285714285714,0.8571428571428571
3169,30407,Parris Massey,UMass Lowell,1.0,0.6875,0.7777777777777778,0.0
3170,30413,Emmanuel Owootoah,Fresno St.,0.0,0.0,0.0,0.75
3171,30415,Paul Watson,Fresno St.,0.5,0.38095238095238093,0.5769230769230769,0.9622641509433962
3172,30416,Darius Lewis,Duquesne,0.0,0.5,0.0,0.0
3173,30420,Michael Grant,Abilene Christian,1.0,0.3333333333333333,0.3333333333333333,0.0
3174,30421,Rafael Farley,Abilene Christian,0.0,0.0,0.5,0.9047619047619048
3175,30423,Jacob Casper,UNC Asheville,0.0,0.0,0.0,1.0
3176,30424,Alexsander Milosavljevic,Abilene Christian,0.0,0.8,0.0,0.0
3177,30425,Austin Cooke,Abilene Christian,0.0,0.5555555555555556,0.2857142857142857,0.9459459459459459
3178,30426,Colter Lasher,Houston Christian,0.0,0.5555555555555556,0.36363636363636365,0.9444444444444444
3179,30427,David Robertson,UNC Asheville,0.0,0.13043478260869565,0.2857142857142857,0.8421052631578947
3180,30428,Ethan Wilmoth,UNC Asheville,0.0,0.0,0.0,1.0
3181,30431,Ricmonds Vilde,Houston Christian,1.0,0.7777777777777778,0.6875,0.8
3182,30436,Jacoby Davis,Mississippi St.,0.0,0.0,0.0,0.7647058823529411
3183,30437,Shawn Smith,Texas A&M,0.5,0.3333333333333333,0.3333333333333333,0.8333333333333334
3184,30439,Dalton Cesarz,Saint Francis,0.0,0.0,0.0,0.0
3185,30440,Patrick Wrencher,Saint Francis,0.0,0.0,0.0,0.0
3186,30442,Rayvonte Rice,Illinois,0.5833333333333334,0.18095238095238095,0.07317073170731707,0.6956521739130435
3187,30445,Jalen White,South Carolina St.,0.0,0.23529411764705882,0.3157894736842105,0.5
3188,30446,Sam Dower Jr.,Gonzaga,0.7619047619047619,0.6636363636363637,0.5806451612903226,1.0
3189,30450,John Azzinaro,Bucknell,0.0,0.0,0.1111111111111111,0.75
3190,30451,Ben Oberfeld,Bucknell,0.0,0.6666666666666666,0.0,0.0
3191,30453,Patrick Kirksey,South Carolina St.,0.0,0.5,0.0,0.0
3192,30455,D.J. MacLeay,Bucknell,0.0,0.625,1.0,1.0
3193,30456,Anthony Walker,UT Arlington,0.7142857142857143,0.5,0.7142857142857143,0.0
3194,30457,Brandon Williams,UT Arlington,0.5714285714285714,0.42857142857142855,0.18181818181818182,0.0
3195,30459,Lonnie McClanahan,UT Arlington,0.2,0.17543859649122806,0.1,0.0
3196,30471,Amadi Udenyi,Pepperdine,0.0,0.0,0.0,0.6842105263157895
3197,30476,Joshua Oswald,Miami OH,0.0,0.6875,0.6,1.0
3198,30477,Willie Moore,Miami OH,0.0,0.41025641025641024,0.1111111111111111,0.8421052631578947
3199,30478,John Hawkins,Miami OH,0.0,0.5454545454545454,0.0,0.0
3200,30480,Jaryd Eustace,Miami OH,0.0,0.2608695652173913,0.3333333333333333,0.8857142857142857
3201,30482,Samer Dhillon,USC,0.0,0.0,1.0,0.0
3202,30483,Philip Bennett,Miami OH,0.0,0.0,0.0,1.0
3203,30484,Brian Oddo,Miami OH,0.0,0.0,0.0,1.0
3204,30485,Karrington Ward,Eastern Michigan,0.8666666666666667,0.6666666666666666,0.25806451612903225,0.9245283018867925
3205,30489,Devarick Houston,UMBC,0.6,0.5,0.6666666666666666,1.0
3206,30490,David Kadiri,UMBC,0.8,0.6285714285714286,1.0,0.0
3207,30503,Jake Matthews,Cornell,0.0,0.2,0.5,0.9090909090909091
3208,30507,Jonny Marlin,Indiana,0.0,0.0,0.0,0.0
3209,30508,Bobby Wehrli,Dayton,0.0,0.0,0.0,0.0
3210,30509,Scoochie Smith,Dayton,0.0,0.34782608695652173,0.2222222222222222,0.9411764705882353
3211,30510,Kyle Davis,Dayton,0.0,0.47619047619047616,0.5,1.0
3212,30514,Nate Buchheit,Northern Iowa,0.0,0.0,0.0,0.0
3213,30515,Bronson Koenig,Wisconsin,0.0,0.14285714285714285,0.13636363636363635,0.8636363636363636
3214,30516,Nigel Hayes,Wisconsin,0.5,0.3275862068965517,0.525,0.0
3215,30517,Jordan Hill,Wisconsin,0.0,0.0,0.0,0.0
3216,30519,Kendall Pollard,Dayton,0.6666666666666666,0.4230769230769231,0.25,0.0
3217,30528,Vuk Belatic,Monmouth,0.0,0.0,0.0,0.0
3218,30537,Shunquez Stephens,USC Upstate,0.0,0.4444444444444444,0.6666666666666666,1.0
3219,30540,Xavian Rimmer,Louisiana,0.0,0.16,0.2857142857142857,0.7321428571428571
3220,30541,Hayward Register,Louisiana,0.0,0.0,0.0,0.8823529411764706
3221,30542,Vieux Kande,Louisiana,0.0,0.25,0.0,0.0
3222,30543,J.J Davenport,Louisiana,0.0,0.5,0.7,0.0
3223,30545,Karim Mawuenyega,USC Upstate,0.0,0.0,0.375,0.84
3224,30546,Josh Cuthbertson,USC Upstate,0.0,0.5,0.0,0.8333333333333334
3225,30548,Daniel Dixon,William & Mary,1.0,0.25,1.0,0.9545454545454546
3226,30557,TJ Bell,Indiana St.,1.0,0.8333333333333334,0.5,0.0
3227,30560,Ashwell Boyd,Delaware St.,0.3333333333333333,0.25,0.0,0.0
3228,30564,Brandon Watkins,West Virginia,1.0,0.5238095238095238,0.8235294117647058,0.0
3229,30572,Umar Shannon,Quinnipiac,0.0,0.16666666666666666,0.2727272727272727,0.7
3230,30579,Isaac Belton,Longwood,0.0,0.42857142857142855,0.25,0.6666666666666666
3231,30580,Isaiah Hicks,North Carolina,1.0,0.7272727272727273,0.3333333333333333,1.0
3232,30581,Tyler Akers,Longwood,0.0,1.0,0.0,1.0
3233,30583,Chase Connor,West Virginia,0.0,0.0,0.0,1.0
3234,30598,Kyle Doyle,Georgia Southern,0.6666666666666666,0.3333333333333333,0.0,0.6666666666666666
3235,30601,Jubril Adekoya,Valparaiso,0.0,0.56,0.3,1.0
3236,30608,Isaiah Zierden,Creighton,0.0,0.625,0.5,0.9375
3237,30609,Travis Elliott,Bethune Cookman,1.0,0.5675675675675675,0.6,0.0
3238,30611,Ben Milshtein,Mississippi Valley St.,0.0,1.0,0.0,0.0
3239,30612,Dean Danos,Northern Kentucky,0.0,0.18181818181818182,0.1111111111111111,0.6842105263157895
3240,30613,Daquan Brown,Bethune Cookman,0.0,0.2608695652173913,0.25,0.0
3241,30614,Keith Carter,Valparaiso,0.0,0.125,0.0,0.4375
3242,30615,Nnamdi Amilo,Connecticut,0.0,0.0,0.0,0.0
3243,30618,Marcel Boyd,Howard,0.5,0.36363636363636365,0.4,0.0
3244,30619,Maurice Taylor,Bethune Cookman,0.5,0.3888888888888889,0.23529411764705882,0.9090909090909091
3245,30626,Keith Frazier,SMU,1.0,0.5625,0.3333333333333333,0.8780487804878049
3246,30629,Jean-Micheal Mudiay,SMU,0.0,0.0,0.0,0.0
3247,30630,Daouda Soumaoro,Western Kentucky,0.0,0.0,0.0,0.0
3248,30631,Ben Lawson,Western Kentucky,0.5,0.5,1.0,0.0
3249,30632,Yanick Moreira,SMU,0.8,0.7567567567567568,0.5,0.0
3250,30633,Collin Hartman,Indiana,0.0,0.5,0.3333333333333333,0.0
3251,30637,Trency Jackson,Western Kentucky,0.5,0.11627906976744186,0.0,0.7777777777777778
3252,30640,Luke Fischer,Indiana,1.0,0.5714285714285714,1.0,0.0
3253,30643,Anthony Fields,Bradley,0.0,0.0,0.0,1.0
3254,30646,Chris Jenkins,Hofstra,0.0,0.0,0.0,0.9761904761904762
3255,30647,Dion Nesmith,Hofstra,0.0,0.0975609756097561,0.03225806451612903,0.6065573770491803
3256,30648,Zeke Upshaw,Hofstra,0.0,0.3157894736842105,0.22448979591836735,0.7912087912087912
3257,30649,Gerard Coleman,Gonzaga,0.8333333333333334,0.4807692307692308,0.047619047619047616,1.0
3258,30651,Jamall Robinson,Hofstra,0.0,0.1388888888888889,0.05128205128205128,0.9032258064516129
3259,30652,Ude Ifeanyichukwu,Southern Miss,0.0,0.0,1.0,0.0
3260,30653,Jeremiah Eason,Southern Miss,1.0,0.5,0.48484848484848486,0.0
3261,30654,Aaron Brown,Southern Miss,1.0,0.4883720930232558,0.09090909090909091,0.975609756097561
3262,30655,Chip Armelin,Southern Miss,0.7142857142857143,0.5,0.2,0.875
3263,30656,Deonte Houston,Southern Miss,0.0,0.0,0.0,0.8571428571428571
3264,30657,Matt Bingaya,Southern Miss,0.3333333333333333,0.475,0.5185185185185185,0.0
3265,30658,Connor Griffin,Gonzaga,0.0,0.0,0.0,0.0
3266,30659,Sean Brennan,North Florida,0.0,1.0,0.0,1.0
3267,30669,R.J. Curington,DePaul,0.0,0.36363636363636365,0.0,1.0
3268,30675,Jonathan Nazarko,Rhode Island,0.0,0.0,0.0,0.0
3269,30681,Andrew Bargmann,Colgate,0.0,0.0,1.0,1.0
3270,30684,Nathan Harries,Colgate,0.0,0.5,0.0,0.8333333333333334
3271,30685,Dyrbe Enos,Hawaii,0.0,0.0,0.0,1.0
3272,30694,Josh Gentry,Cal St. Fullerton,1.0,0.4444444444444444,0.1,0.8461538461538461
3273,30696,D.J. Bennett,Oklahoma,0.6666666666666666,0.4666666666666667,0.3333333333333333,0.0
3274,30700,Max Hooper,St. John's,0.0,0.0,0.5,0.76
3275,30704,Dane Pineau,Saint Mary's,0.0,0.5,0.0,0.8571428571428571
3276,30708,Josh Jones,Richmond,0.0,1.0,1.0,1.0
3277,30711,Stefon Johnson,Cal St. Bakersfield,0.5,0.4523809523809524,0.34615384615384615,0.9
3278,30714,Daniel Dion,New Hampshire,0.0,0.14285714285714285,0.26666666666666666,0.7441860465116279
3279,30718,Manu Lecomte,Miami FL,0.0,0.038461538461538464,0.125,0.8518518518518519
3280,30721,Edward Alade,Navy,1.0,0.8333333333333334,0.0,0.0
3281,30722,Tim Abruzzo,Navy,0.0,0.3333333333333333,0.6666666666666666,0.75
3282,30724,James Hemphill,Navy,0.0,0.4166666666666667,1.0,0.0
3283,30731,Zach Fong,Navy,0.0,0.5,0.5555555555555556,0.9215686274509803
3284,30735,Josh Murray,Jacksonville,0.6666666666666666,0.5,0.0,0.0
3285,30740,Marcel White,Jacksonville,1.0,0.55,0.35714285714285715,1.0
3286,30741,Vince Martin,Jacksonville,0.0,0.16,0.25,0.8378378378378378
3287,30746,Jalen Rhea,American,0.0,0.0,1.0,1.0
3288,30747,Yilret Yiljep,American,1.0,0.5384615384615384,0.0,0.0
3289,30748,Jacob Lancaster,Abilene Christian,1.0,0.6875,0.6666666666666666,0.0
3290,30749,Tim Kempton,Lehigh,0.0,0.5490196078431373,0.5263157894736842,0.0
3291,30752,Kris Rolle,Saint Peter's,0.0,0.6923076923076923,0.0,0.0
3292,30758,Naiel Smith,Texas St.,0.0,0.3333333333333333,0.3333333333333333,0.5
3293,30759,Jamel Fields,Saint Peter's,0.0,0.125,0.0,0.75
3294,30760,Emani Gant,Texas St.,0.8,0.43333333333333335,0.32608695652173914,0.0
3295,30761,Jeremiah Moore,Texas St.,0.0,0.0,0.0,0.0
3296,30762,Kavin Gilder-Tilbury,Texas St.,0.25,0.42857142857142855,0.36363636363636365,0.9629629629629629
3297,30763,Kendell Ramlal,Texas St.,0.0,0.25,0.5714285714285714,0.0
3298,30767,Aaron Parks,Cal St. Northridge,0.0,0.21739130434782608,0.23076923076923078,1.0
3299,30768,Dominique Youmans,Cal St. Northridge,0.0,0.5,0.0,0.0
3300,30769,Greg Mortimer,South Carolina St.,0.0,0.16666666666666666,0.42857142857142855,0.75
3301,30770,Darrion Eastmon,South Carolina St.,0.0,0.16666666666666666,0.0,0.3333333333333333
3302,30773,Jamaya Burr,McNeese St.,0.0,0.5,0.0,1.0
3303,30774,Kevin Rutledge,Cal St. Northridge,0.0,0.0,0.0,0.0
3304,30780,William Powell,Seattle,1.0,0.6,1.0,0.0
3305,30781,Shore Adenekan,Seattle,0.95,0.660377358490566,0.6666666666666666,0.0
3306,30782,Charlie Anastasi,Harvard,0.0,0.0,0.0,0.0
3307,30796,Zach Altany,Georgia Southern,0.0,0.0,0.0,0.0
3308,30804,Tra'Von Joseph,Northwestern St.,0.0,0.29411764705882354,1.0,1.0
3309,30807,Hakeem Baxter,Maryland Eastern Shore,0.6,0.32432432432432434,0.125,0.7142857142857143
3310,30808,Pina Guillaume,Maryland Eastern Shore,0.0,0.2857142857142857,0.5555555555555556,1.0
3311,30818,Shane Randall,Maryland Eastern Shore,1.0,0.7058823529411765,0.75,0.0
3312,30823,Greg Noack,Monmouth,0.0,0.6086956521739131,0.0,0.0
3313,30824,Justin Robinson,Monmouth,0.0,0.034482758620689655,0.0,0.6896551724137931
3314,30829,Chris Brady,Monmouth,1.0,0.6666666666666666,0.4166666666666667,0.0
3315,30830,Monte Burney,Eastern Kentucky,0.0,0.0,0.0,0.0
3316,30833,Aaron Bodie,Niagara,0.0,0.0,0.0,0.0
3317,30838,Zach Bush,Wichita St.,0.0,0.0,0.0,0.0
3318,30839,Scott Kelly,Georgia Southern,0.0,0.0,0.0,0.0
3319,30842,Maleek Frazier,Virginia,0.0,0.0,0.0,0.0
3320,30843,Larry McCollum,Towson,0.0,0.0,0.0,0.0
3321,30844,Jack Gibbs,Davidson,0.0,0.038461538461538464,0.0,0.76
3322,30851,Rob Vozenilek,Virginia,0.0,0.0,0.5,1.0
3323,30852,Jeff Jones,Virginia,0.0,1.0,0.0,0.0
3324,30856,Isaiah Williams,Iona,0.25,0.7037037037037037,0.6666666666666666,0.9836065573770492
3325,30861,Bryce Alford,UCLA,0.0,0.35,0.3125,0.851063829787234
3326,30862,Ron Giplaye,East Tennessee St.,0.0,0.0,0.0,0.0
3327,30866,Perrion Callandret,Idaho,1.0,0.21428571428571427,0.5714285714285714,1.0
3328,30867,Bira Seck,Idaho,0.0,0.52,0.125,0.0
3329,30868,Mike Scott,Idaho,0.0,0.038461538461538464,0.05405405405405406,0.76
3330,30869,Sekou Wiggs,Idaho,1.0,0.39285714285714285,0.41379310344827586,0.0
3331,30870,Spencer Weisz,Princeton,0.0,0.3333333333333333,0.3333333333333333,0.9354838709677419
3332,30871,Paulin Mpawe,Idaho,1.0,0.625,0.5,0.0
3333,30876,Addison Spruill,UNC Wilmington,0.0,0.2553191489361702,0.36585365853658536,1.0
3334,30877,JD Tisdale,Bowling Green,0.5,0.3684210526315789,0.16666666666666666,0.0
3335,30878,Ben Eblen,UNC Wilmington,0.0,0.20689655172413793,0.0,0.6666666666666666
3336,30879,Gerald Williams,Tennessee St.,0.0,0.0,0.0,0.0
3337,30882,Jabari Peters,Sam Houston St.,0.0,0.32558139534883723,0.15789473684210525,0.8333333333333334
3338,30893,Carlin Dupree,North Dakota St.,0.0,0.13333333333333333,0.0,1.0
3339,30894,Daniel Camps,Northern Kentucky,0.5555555555555556,0.2727272727272727,0.25,1.0
3340,30901,Jordan Jackson,Northern Kentucky,0.2857142857142857,0.1485148514851485,0.08333333333333333,0.5
3341,30907,Austin Adams,Northwestern St.,0.0,1.0,1.0,1.0
3342,30917,Jaron Blossomgame,Clemson,0.875,0.5454545454545454,0.375,1.0
3343,30921,Khallid Hart,Marist,0.0,0.14102564102564102,0.12,0.7555555555555555
3344,30929,Angel Matias,Georgia Southern,0.0,0.46987951807228917,0.0,1.0
3345,30930,Julian Chiera,Southeastern Louisiana,0.0,0.5625,0.25,0.8571428571428571
3346,30931,Marquis Marshall,Towson,0.0,1.0,0.0,1.0
3347,30932,Reggie Theus Jr.,South Carolina,0.0,0.0,1.0,0.0
3348,30934,Glenn Feidanga,LIU,1.0,0.7142857142857143,0.46153846153846156,0.0
3349,30936,Emmanuel Addo,Missouri St.,0.0,0.1,0.3181818181818182,1.0
3350,30938,Zach Gengler,Portland St.,0.0,0.3333333333333333,0.5384615384615384,0.9090909090909091
3351,30939,David Howard,Evansville,0.0,0.7647058823529411,0.6666666666666666,0.0
3352,30947,Justin Cousin,Radford,0.0,1.0,0.0,1.0
3353,30951,Kyle Benton,Portland St.,0.0,0.0,0.0,0.0
3354,30959,Kenny Chery,Baylor,1.0,0.19444444444444445,0.09523809523809523,0.7435897435897436
3355,30960,Skyler Halford,BYU,0.0,0.45,0.45161290322580644,0.896551724137931
3356,30961,Andrew Johnston,BYU,0.0,0.0,0.0,1.0
3357,30962,Eric Mika,BYU,0.8695652173913043,0.6941176470588235,0.43137254901960786,0.0
3358,30963,Grant White,Jacksonville St.,0.0,0.23529411764705882,0.14285714285714285,1.0
3359,30964,Frank Bartley IV,BYU,1.0,0.35,0.1,0.8333333333333334
3360,30966,London Perrantes,Virginia,0.0,0.1,0.3076923076923077,0.9210526315789473
3361,30968,Graham Pingree,BYU,0.0,0.0,0.0,0.0
3362,30969,Luke Worthington,BYU,0.0,1.0,1.0,0.0
3363,30984,Winslo Barry,Incarnate Word,1.0,0.5454545454545454,0.25,0.0
3364,30985,Marcus Brock,Incarnate Word,0.0,0.0,0.0,0.0
3365,30989,Barnett Harris,Delaware,0.0,0.3333333333333333,0.5,0.0
3366,30996,Devonne Pinkard,Delaware,0.0,0.0,0.0,0.95
3367,30999,Christopher Rozier,Florida A&M,0.0,1.0,0.5833333333333334,1.0
3368,31000,Marcus Love,Jackson St.,0.0,0.21428571428571427,0.5,1.0
3369,31003,Matt Korcheck,Arizona,1.0,0.42857142857142855,1.0,0.0
3370,31019,Corey Spence,Northern Colorado,0.0,0.14285714285714285,0.0,1.0
3371,31022,Jordan Wilson,Northern Colorado,0.0,0.16666666666666666,0.08571428571428572,0.42857142857142855
3372,31023,Jaleen Smith,New Hampshire,0.0,0.15384615384615385,0.3333333333333333,0.7142857142857143
3373,31024,Jacoby Armstrong,New Hampshire,1.0,0.20930232558139536,0.36,0.5
3374,31025,Marcus Jackson,Rice,1.0,0.3333333333333333,0.0,0.7391304347826086
3375,31026,Andrew Drone,Rice,0.9,0.8571428571428571,0.3333333333333333,0.0
3376,31027,Hunter Eggers,Rice,0.0,0.0,0.0,0.0
3377,31028,Drew Bender,Rice,0.0,0.14285714285714285,0.4444444444444444,1.0
3378,31029,Sean Obi,Rice,1.0,0.7575757575757576,0.6111111111111112,0.0
3379,31035,John Edwards,New Hampshire,0.0,0.23076923076923078,0.2,1.0
3380,31036,Williams Gabriel,New Hampshire,0.0,0.6923076923076923,0.0,0.0
3381,31038,Jorge Perez-Laham,High Point,0.0,0.23529411764705882,0.1111111111111111,1.0
3382,31039,Tarique Thompson,High Point,0.0,0.6,1.0,0.0
3383,31040,Matteo Bellusci,High Point,0.0,0.0,0.0,0.0
3384,31041,Anthony Lindauer,High Point,0.0,1.0,0.3333333333333333,0.8387096774193549
3385,31049,Mike Balogun,Southern Illinois,0.0,0.0,0.3333333333333333,0.9411764705882353
3386,31051,Aaric Armstead,Northern Illinois,0.42857142857142855,0.2682926829268293,0.09523809523809523,1.0
3387,31052,Aaron Armstead,Northern Illinois,0.0,0.07407407407407407,0.25,0.9583333333333334
3388,31053,Dontel Highsmith,Northern Illinois,0.0,0.2692307692307692,0.0,1.0
3389,31058,Declan Soukup,Bryant,0.0,0.0,0.0,1.0
3390,31064,Ifeanyi Onyekaba,Rhode Island,1.0,0.5862068965517241,0.6666666666666666,0.0
3391,31065,Gilvydas Biruta,Rhode Island,1.0,0.4942528735632184,0.4857142857142857,1.0
3392,31067,Tyler Scott,Kent St.,0.0,0.0,0.0,0.0
3393,31069,Marquiez Lawrence,Kent St.,1.0,1.0,0.0,0.0
3394,31075,Kade Kager,American,0.0,0.0,0.0,0.0
3395,31076,Charlie Jones,American,0.6666666666666666,0.7,0.6666666666666666,1.0
3396,31078,John Robert Simon,Wichita St.,0.0,0.0,0.0,0.0
3397,31079,James McDonnell,UMass Lowell,0.0,0.0,1.0,0.0
3398,31080,Kennedy Chukwuocha,UMass Lowell,1.0,0.5,0.0,0.0
3399,31083,Phillip Jones,UTSA,0.6923076923076923,0.4222222222222222,0.3,0.6666666666666666
3400,31084,Lucas O'Brien,UTSA,0.0,1.0,0.0,1.0
3401,31093,Michael Buchanan,USC Upstate,0.0,0.4838709677419355,0.3333333333333333,0.0
3402,31100,Delon Wright,Utah,0.6666666666666666,0.296875,0.041666666666666664,0.6666666666666666
3403,31105,Zac Grossenbacher,Wofford,0.0,0.0,0.0,1.0
3404,31107,Marko Kovacevic,Utah,1.0,0.8333333333333334,0.0,0.0
3405,31109,Rob Ukawuba,NJIT,0.0,0.5,0.0,1.0
3406,31110,Damon Lynn,NJIT,0.0,0.43478260869565216,0.25,0.7395833333333334
3407,31112,Tim Coleman,NJIT,0.0,0.36363636363636365,0.4375,0.875
3408,31113,Derail Green,Wichita St.,0.0,0.0,0.0,1.0
3409,31114,Zach LaVine,UCLA,0.6666666666666666,0.47058823529411764,0.25,0.8541666666666666
3410,31116,Hassan Martin,Rhode Island,0.7241379310344828,0.6716417910447762,0.8461538461538461,1.0
3411,31119,Robert Cid,Cal St. Northridge,0.0,0.0,0.0,0.0
3412,31121,Darius Carter,Wichita St.,0.95,0.6031746031746031,0.5757575757575758,0.0
3413,31123,Varun Ram,Maryland,0.0,0.0,0.0,1.0
3414,31124,Mike Poole,Iona,0.0,0.4358974358974359,0.5384615384615384,1.0
3415,31126,Jackson Perez,Oklahoma St.,0.0,0.0,0.0,0.0
3416,31127,Clint Thomas,Idaho St.,0.0,1.0,1.0,0.0
3417,31130,Nate Kratch,Santa Clara,0.0,0.4666666666666667,0.5,0.9473684210526315
3418,31131,Christian Hildebrandt,UT Rio Grande Valley,0.0,0.5,0.0,1.0
3419,31133,Jordan Burgess,VCU,0.0,0.25,0.25,0.9230769230769231
3420,31134,Alex Majewski,UT Rio Grande Valley,0.0,0.3333333333333333,1.0,0.95
3421,31135,Tyler Tafoya,UTEP,0.0,0.0,0.0,0.0
3422,31136,Anders Broman,South Dakota St.,0.0,0.5714285714285714,0.0,1.0
3423,31137,Javorn Farrell,UT Rio Grande Valley,0.5,0.29347826086956524,0.36363636363636365,0.9166666666666666
3424,31141,LJ McIntosh,UT Rio Grande Valley,0.0,0.25,1.0,1.0
3425,31146,Johnny Griffin,Chicago St.,0.42857142857142855,0.6470588235294118,1.0,0.0
3426,31149,Mareik Isom,Little Rock,0.0,0.4,0.75,1.0
3427,31150,Aaron Ross,Texas Tech,0.0,0.4375,0.5,1.0
3428,31151,Robert Turner,Texas Tech,0.4,0.10416666666666667,0.027777777777777776,0.7272727272727273
3429,31152,Stan Mays,Texas Tech,0.0,0.0,0.0,1.0
3430,31158,Mangok Mathiang,Louisville,0.9,0.5952380952380952,0.6,0.0
3431,31164,Patrick Ryan,Elon,0.0,0.0,0.0,0.0
3432,31168,John Green,UC Santa Barbara,0.0,0.0,0.0,0.0
3433,31169,Isaac McGlone,Eastern Kentucky,0.0,0.4,0.0,0.9375
3434,31183,Colin Gruber,UC Riverside,0.0,0.0,0.25,1.0
3435,31184,Steven Thornton,UC Riverside,0.6,0.34285714285714286,0.25,1.0
3436,31185,Nick Gruninger,UC Riverside,0.0,0.08333333333333333,0.0625,0.7142857142857143
3437,31187,Kristopher Acevedo,UC Riverside,0.0,0.0,0.0,0.0
3438,31189,Garland Owens,Boston College,0.8571428571428571,0.8,0.0,0.9230769230769231
3439,31190,Ron Wamer,Georgia Tech,0.0,0.5,0.0,0.0
3440,31194,Craig Brown,Rutgers,0.0,0.38095238095238093,0.2,0.9
3441,31195,D'Von Campbell,Rutgers,0.0,0.18181818181818182,0.36363636363636365,0.8888888888888888
3442,31196,Allen Jiles IV,Idaho,0.0,1.0,0.0,0.0
3443,31197,Ty Egbert,Idaho,0.5555555555555556,0.6190476190476191,0.5,0.0
3444,31198,Kerwin Okoro,Rutgers,0.0,0.2,0.0,0.75
3445,31199,Stephen Zurich,Rutgers,0.0,0.0,0.0,0.0
3446,31200,Junior Etou,Rutgers,1.0,0.6428571428571429,0.5,1.0
3447,31201,J.J. Moore,Rutgers,0.6666666666666666,0.5272727272727272,0.23809523809523808,0.9230769230769231
3448,31202,Darrion Allen,Longwood,0.5,0.35135135135135137,0.2727272727272727,1.0
3449,31203,Nick Griffin,George Washington,0.0,0.5,1.0,0.9285714285714286
3450,31208,Maurice Creek,George Washington,0.0,0.1875,0.5757575757575758,0.875
3451,31209,Miguel Cartagena,George Washington,0.0,0.25,0.3333333333333333,0.75
3452,31210,Elijah Ray,IU Indy,1.0,0.36363636363636365,0.2222222222222222,1.0
3453,31211,Linwood Ross Jr.,IU Indy,0.0,0.3333333333333333,0.0,1.0
3454,31214,Jack Flemming,Colgate,0.0,0.0,0.0,1.0
3455,31215,Theron Stephens,South Carolina St.,0.0,0.0,0.0,0.8518518518518519
3456,31218,Akeem Williams,UMass Lowell,0.0,0.20967741935483872,0.2857142857142857,0.6862745098039216
3457,31219,Kerry Weldon,UMass Lowell,0.7142857142857143,0.5111111111111111,0.6666666666666666,0.0
3458,31223,Britton Lee,Robert Morris,0.0,0.0,0.0,0.0
3459,31224,Kavon Stewart,Robert Morris,0.0,0.12121212121212122,0.125,1.0
3460,31225,Desjuan Newton,Robert Morris,0.0,0.14285714285714285,0.0,0.75
3461,31227,Cole Harrison,Dartmouth,0.0,0.5,0.0,0.0
3462,31228,Aaron Tate,Robert Morris,1.0,0.4864864864864865,0.9,0.0
3463,31230,Ben Mesuda,Towson,0.0,0.0,0.0,0.0
3464,31232,Naji Hibbert,Gardner Webb,0.0,0.2916666666666667,0.3333333333333333,0.92
3465,31243,Thomas Peters,Pacific,0.0,0.0,1.0,0.0
3466,31245,Richard Brown,Army,0.0,0.0,0.0,1.0
3467,31247,George Naldjieff,FIU,0.0,1.0,0.0,0.0
3468,31249,Dylan Jones,Penn,0.7142857142857143,0.6363636363636364,0.6666666666666666,0.0
3469,31250,Tony Bagtas,Penn,0.0,0.0,0.1,1.0
3470,31251,John Baker,Incarnate Word,0.0,0.5,0.0,0.0
3471,31252,Matt Howard,Penn,1.0,0.8,0.7142857142857143,1.0
3472,31254,Mac Hoffman,Army,0.0,0.0,0.0,1.0
3473,31265,Isaiah Taylor,Texas,0.0,0.2631578947368421,0.2926829268292683,0.6
3474,31266,Kendal Yancy,Texas,0.6666666666666666,0.23809523809523808,0.2727272727272727,0.8333333333333334
3475,31271,Martez Walker,Texas,0.4,0.2916666666666667,0.0,0.9583333333333334
3476,31272,Damarcus Croaker,Texas,0.625,0.45454545454545453,0.5,0.9090909090909091
3477,31274,Kyle Casey,Harvard,0.8666666666666667,0.7012987012987013,0.5172413793103449,1.0
3478,31280,Sherron Dorsey-Walker,Iowa St.,1.0,0.3333333333333333,0.0,0.6666666666666666
3479,31284,Ken Williams,South Alabama,1.0,0.2631578947368421,0.16666666666666666,0.9148936170212766
3480,31286,Georgi Boyanov,South Alabama,0.6666666666666666,0.6363636363636364,0.0,1.0
3481,31287,Isaiah Maston,South Alabama,0.0,0.3333333333333333,0.0,1.0
3482,31293,Aakim Saintil,South Alabama,0.0,0.22727272727272727,0.1,0.9473684210526315
3483,31296,Drew Brandon,Eastern Washington,0.0,0.04081632653061224,0.07142857142857142,0.8387096774193549
3484,31297,Akachi Okugo,Grand Canyon,0.0,0.1111111111111111,0.4,0.9090909090909091
3485,31302,John Heard,Baylor,0.0,0.0,0.0,0.0
3486,31306,Matt MacDougall,Northern Iowa,0.0,0.0,0.0,0.0
3487,31307,Jamal Hunter,Jacksonville St.,0.9,0.4772727272727273,0.5714285714285714,0.0
3488,31308,Undra Mitchem,Jacksonville St.,0.0,0.375,0.3333333333333333,0.9722222222222222
3489,31310,Ted Friedman,Northern Iowa,0.0,1.0,0.0,0.0
3490,31311,Avery Moore,Jacksonville St.,0.0,0.2857142857142857,0.36363636363636365,0.8717948717948718
3491,31312,Jeremy Morgan,Northern Iowa,0.0,0.47058823529411764,0.4666666666666667,0.8709677419354839
3492,31318,Charles Hankerson Jr.,Wyoming,0.0,0.3888888888888889,0.14285714285714285,0.8461538461538461
3493,31322,Jeff Lowery,Grand Canyon,0.0,1.0,0.0,1.0
3494,31333,Georgi Funtarov,UC Davis,1.0,0.37037037037037035,0.45454545454545453,0.9333333333333333
3495,31335,Hunter Myers,Harvard,0.0,0.0,0.0,1.0
3496,31336,Davon Usher,Delaware,0.1111111111111111,0.053763440860215055,0.10526315789473684,0.8117647058823529
3497,31340,Zach Checkal,North Dakota St.,0.0,0.0,0.0,0.0
3498,31342,Eli Carter,Florida,0.0,0.0,0.0,1.0
3499,31343,Zena Edosomwan,Harvard,1.0,0.5833333333333334,0.0,0.0
3500,31347,Zack Denny,Bowling Green,0.0,0.0,0.0,1.0
3501,31349,Quinten Payne,Ball St.,0.0,0.6666666666666666,0.3333333333333333,1.0
3502,31350,Chris Whitehead,Fordham,0.0,0.4,0.625,0.0
3503,31351,Jake Fay,Fordham,0.0,0.0,0.0,1.0
3504,31353,Dakarai Henderson,Sam Houston St.,0.0,0.6,0.625,0.9705882352941176
3505,31358,Chris Blakeley,Abilene Christian,0.0,0.0,0.0,0.0
3506,31359,Terrance O'Donohue,Charleston,0.0,0.0,0.0,1.0
3507,31360,Aubrey Williams,Toledo,0.0,0.0,0.0,0.0
3508,31372,Jabari Bird,California,0.75,0.6363636363636364,0.43333333333333335,0.9666666666666667
3509,31373,Dougal Weir,Hartford,0.0,1.0,0.0,0.0
3510,31374,Dustin Hogue,Iowa St.,0.8888888888888888,0.6057692307692307,0.625,1.0
3511,31376,Daniel Edozie,Iowa St.,1.0,1.0,0.6,0.0
3512,31381,Joey Burbach,Rice,0.0,0.0,0.0,1.0
3513,31383,Deandre Kane,Iowa St.,0.6666666666666666,0.4,0.16,0.5116279069767442
3514,31386,Rashawn Thomas,Texas A&M Corpus Chris,0.9,0.4791666666666667,0.3333333333333333,1.0
3515,31390,Drew Wilson,Oral Roberts,1.0,0.5,0.0,0.0
3516,31392,Denell Henderson,Oral Roberts,1.0,0.6,0.3333333333333333,0.0
3517,31394,Adrion Webber,Oral Roberts,0.0,0.125,0.0,1.0
3518,31406,Houston Kessler,Georgia,0.0,0.0,0.0,1.0
3519,31408,Harrison Taggart,Vermont,0.0,0.0,0.0,1.0
3520,31409,Daquan Brickhouse,Coppin St.,0.0,0.20833333333333334,0.07142857142857142,0.6470588235294118
3521,31411,Ryan Pierson,Vermont,0.0,0.6,1.0,0.0
3522,31412,Hector Harold,Vermont,0.6666666666666666,0.47619047619047616,0.6666666666666666,1.0
3523,31416,Justin Graham,Hartford,0.0,0.0,0.0,1.0
3524,31419,E.C. Matthews,Rhode Island,1.0,0.2835820895522388,0.14705882352941177,0.8863636363636364
3525,31421,Will Darley,UMBC,0.0,0.7272727272727273,0.3333333333333333,0.8571428571428571
3526,31424,Wanaah Bail,UCLA,0.0,0.625,0.0,0.0
3527,31425,Kory Alford,UCLA,0.0,0.0,0.0,0.0
3528,31432,DJ Mlachnik,UMass Lowell,0.0,0.2857142857142857,0.47368421052631576,0.9705882352941176
3529,31434,Carlos Taylor,UMass Lowell,0.0,0.0,0.0,1.0
3530,31435,Deontae Cole,Northern Kentucky,0.0,0.0,0.0,1.0
3531,31436,Cole Murray,Northern Kentucky,0.0,1.0,0.6666666666666666,0.9791666666666666
3532,31453,James Williams,UTSA,1.0,0.5,0.2857142857142857,0.7777777777777778
3533,31456,George Matthews,UTSA,0.0,0.6363636363636364,0.2857142857142857,0.8333333333333334
3534,31457,Devon Agusi,UTSA,0.0,0.20454545454545456,0.16666666666666666,0.65
3535,31458,Chrishawn Hopkins,Wright St.,1.0,0.21052631578947367,0.2,0.9333333333333333
3536,31459,Mark Howell,Wright St.,0.0,0.3333333333333333,0.0,1.0
3537,31460,Joshua Phillips,Middle Tennessee,0.0,0.0,1.0,0.0
3538,31461,Floyddell Wilson,Grambling St.,0.0,0.0,0.0,0.0
3539,31462,Glenn Baral,Stetson,0.0,0.5,0.6666666666666666,1.0
3540,31466,Khyler Fields,Cleveland St.,0.0,0.0,0.0,0.0
3541,31470,Jervon Pressley,Hampton,0.8823529411764706,0.6666666666666666,0.5,0.0
3542,31471,Jared Brownridge,Santa Clara,0.0,0.275,0.15555555555555556,0.8072289156626506
3543,31475,Cody Larson,South Dakota St.,0.896551724137931,0.6041666666666666,0.41304347826086957,0.0
3544,31476,David Wishon,Charleston,1.0,0.38095238095238093,0.16666666666666666,0.0
3545,31477,Maurice Taylor,North Carolina A&T,0.0,0.25,0.0,0.0
3546,31481,Justin Crosgile,UTEP,0.0,0.0,0.3333333333333333,0.6363636363636364
3547,31482,Jared Dimakos,Chicago St.,1.0,0.5555555555555556,0.0,1.0
3548,31483,Rahjan Muhammad,Chicago St.,0.0,0.5,0.0,1.0
3549,31484,Quron Davis,Chicago St.,0.0,0.0,0.0,0.0
3550,31486,Jay Harris,Wagner,0.0,0.26666666666666666,0.2222222222222222,0.6585365853658537
3551,31489,Brandon Price,Western Kentucky,0.0,0.0,1.0,1.0
3552,31490,Terrell Brown,Montana St.,0.0,0.2857142857142857,0.5142857142857142,0.8235294117647058
3553,31491,Stephan Holm,Montana St.,0.0,0.2,0.0,0.90625
3554,31501,Joe Chealey,Charleston,0.0,0.16,0.07142857142857142,0.7647058823529411
3555,31502,Joshua Batson,Chicago St.,0.0,0.0,0.0,0.0
3556,31504,Caleb Chowbay,Belmont,0.0,0.6666666666666666,0.08333333333333333,0.7647058823529411
3557,31507,Brian Crow,Oregon,0.0,0.0,0.0,0.0
3558,31509,Damarion Geter,Longwood,1.0,0.7619047619047619,0.25,0.0
3559,31514,Tyler Wilson,Manhattan,0.0,0.11764705882352941,0.6666666666666666,1.0
3560,31526,Michael Oyefusi,Coppin St.,0.0,0.0,0.0,0.0
3561,31531,Jalon Plummer,Youngstown St.,0.0,0.5,0.5,0.0
3562,31534,Kyle Steward,Youngstown St.,0.0,0.5,0.5,1.0
3563,31535,Jaylon Tate,Illinois,0.0,0.1,0.125,1.0
3564,31538,Deon Jones,Monmouth,1.0,0.3010752688172043,0.5,0.9259259259259259
3565,31539,Maverick Morgan,Illinois,1.0,0.5,0.9090909090909091,0.0
3566,31540,Malcolm Hill,Illinois,1.0,0.3125,0.3333333333333333,0.9333333333333333
3567,31541,Collin Stewart,Monmouth,1.0,0.375,0.25,0.8181818181818182
3568,31550,Antonio Bivins,UMass Lowell,0.8571428571428571,0.6721311475409836,0.5454545454545454,0.0
3569,31560,Jarekious Bradley,Southeast Missouri St.,0.7777777777777778,0.5373134328358209,0.38461538461538464,0.7857142857142857
3570,31561,Will Holifield,Southeast Missouri St.,0.0,0.0,0.0,1.0
3571,31562,Jamaal Calvin,Southeast Missouri St.,0.0,0.2,0.3333333333333333,0.9
3572,31563,Trevor Berkeley,Drake,0.6666666666666666,0.7575757575757576,0.75,1.0
3573,31564,Antonius Cleveland,Southeast Missouri St.,0.46153846153846156,0.3220338983050847,0.09090909090909091,0.9285714285714286
3574,31565,Kyle Stroder,Southeast Missouri St.,0.0,0.0,0.0,1.0
3575,31566,Josh Langford,Southeast Missouri St.,0.6666666666666666,0.6415094339622641,0.5,1.0
3576,31567,C.J. Reese,Southeast Missouri St.,0.0,0.4444444444444444,0.0,0.0
3577,31568,Kevin Thomas,Troy,0.625,0.3614457831325301,0.2608695652173913,0.0
3578,31569,Darius Scott,Alabama St.,0.0,0.5,0.0,0.0
3579,31570,Terrance LeFlore,Alabama St.,0.0,0.13333333333333333,0.23076923076923078,0.8333333333333334
3580,31576,Logan Loucks,UC Santa Barbara,0.0,0.0,1.0,0.0
3581,31578,Mike Lecak,Pittsburgh,0.0,0.0,0.0,0.0
3582,31579,Chris Jones,Pittsburgh,0.0,0.3333333333333333,0.25,1.0
3583,31582,Roddy Peters,Maryland,0.0,0.07692307692307693,0.0,0.0
3584,31584,Sam Singer,California,0.0,0.2,0.0,1.0
3585,31589,Damonte Dodd,Maryland,1.0,0.5714285714285714,0.0,0.0
3586,31591,Orlando Sanchez,St. John's,0.65,0.4107142857142857,0.44,0.9090909090909091
3587,31596,Chasen Williamson,Central Arkansas,0.0,0.0,0.0,0.0
3588,31599,Eric Childress,UC Santa Barbara,0.0,0.15625,0.1111111111111111,1.0
3589,31600,Chris Caird,Drake,0.0,0.3181818181818182,0.45454545454545453,0.8653846153846154
3590,31606,Keon Moore,Winthrop,0.0,0.12,0.05,0.7258064516129032
3591,31615,Austin Karazsia,South Alabama,0.0,0.8,0.0,1.0
3592,31618,T.J. Johnson,South Alabama,0.0,0.3333333333333333,1.0,1.0
3593,31619,Brannen Greene,Kansas,0.5,0.2857142857142857,0.6666666666666666,1.0
3594,31621,Joel Embiid,Kansas,0.9,0.7,0.64,1.0
3595,31622,Conner Frankamp,Kansas,0.0,0.0,0.4,0.8
3596,31624,Mohamed Bah,Drexel,0.75,0.5294117647058824,0.5,0.0
3597,31625,Wayne Selden Jr.,Kansas,0.6666666666666666,0.47619047619047616,0.2702702702702703,0.8809523809523809
3598,31626,Andrew Wiggins,Kansas,0.75,0.4782608695652174,0.18518518518518517,0.7674418604651163
3599,31634,De'Angelo Speech,Central Connecticut,0.0,0.15384615384615385,0.5,0.8125
3600,31636,Shawn Amiker,Youngstown St.,1.0,0.53125,0.47619047619047616,1.0
3601,31640,Joe Boyd,Cal St. Fullerton,0.0,0.5714285714285714,0.625,0.0
3602,31642,Floris Versteeg,Cal St. Fullerton,0.0,0.0,1.0,1.0
3603,31644,Matej Buovac,New Mexico St.,0.0,0.0,0.0,0.8888888888888888
3604,31647,Keenen Anderson,Eastern Illinois,0.0,0.38095238095238093,0.0,0.0
3605,31656,D.J. Felder,Jacksonville St.,0.3333333333333333,0.4864864864864865,0.559322033898305,0.0
3606,31657,Volodymyr Gerun,Portland,0.0,0.55,0.8235294117647058,1.0
3607,31659,Alec Wintering,Portland,0.0,0.2916666666666667,0.3,0.8333333333333334
3608,31660,Bobby Sharp,Portland,0.0,0.0,0.5882352941176471,0.8181818181818182
3609,31677,Brett Brady,Colorado,0.0,0.0,0.0,1.0
3610,31685,Matt Massimino,Fordham,0.0,0.0,1.0,0.0
3611,31691,Obij Aget,New Mexico,0.6666666666666666,0.5714285714285714,0.0,0.0
3612,31694,Kindon Crowder,Ball St.,0.0,0.25,1.0,0.875
3613,31695,Franko House,Ball St.,0.0,0.4523809523809524,0.21428571428571427,0.8333333333333334
3614,31696,Mark Alstork,Ball St.,0.5,0.4117647058823529,0.3333333333333333,0.8666666666666667
3615,31698,Javon Baumann,Saint Joseph's,1.0,0.5,0.0,0.0
3616,31704,Emeka Ikezu,Samford,1.0,0.6666666666666666,1.0,0.0
3617,31708,Davon Reed,Miami FL,0.0,0.0,0.23529411764705882,0.9
3618,31711,Kareem Canty,Marshall,1.0,0.22916666666666666,0.07692307692307693,0.2903225806451613
3619,31723,Dexter Werner,North Dakota St.,0.0,0.0,0.0,0.0
3620,31729,Stefan Zecevic,Bradley,1.0,0.5,0.0,0.0
3621,31732,Duane Gibson,Evansville,0.0,0.2682926829268293,0.6666666666666666,0.0
3622,31745,Caleb Woods,Southeast Missouri St.,0.0,0.0,0.0,0.0
3623,31747,Dontaveon Robinson,Jackson St.,0.0,0.3181818181818182,0.47619047619047616,0.0
3624,31748,Brandon West,Jackson St.,0.75,0.46875,0.37142857142857144,0.0
3625,31749,Janarius Middleton,Jackson St.,1.0,0.6136363636363636,0.6666666666666666,0.25
3626,31751,Kenneth Wachira,Jackson St.,0.0,0.0,0.0,0.0
3627,31752,Treshawn Bolden,Jackson St.,0.0,0.19444444444444445,0.44,0.0
3628,31756,Wesley Dickinson,Dartmouth,0.0,0.6,0.25,0.0
3629,31758,Brandyn Curry,Harvard,0.0,0.4,0.125,0.8064516129032258
3630,31759,Mike Crawford,Saint Louis,0.0,0.375,0.0,1.0
3631,31760,Tanner Lancona,Saint Louis,0.0,0.8571428571428571,1.0,1.0
3632,31763,Enouma Ebinum,Navy,0.0,0.0,0.0,0.0
3633,31765,Eli Harrison,Dartmouth,0.0,0.3333333333333333,0.0,0.8260869565217391
3634,31770,Matt Pollard,San Jose St.,1.0,0.375,0.6666666666666666,0.0
3635,31772,Wes Brewer,Elon,0.0,0.0,0.0,0.0
3636,31773,Dylan Alexander,San Jose St.,0.0,0.25,0.25,1.0
3637,31774,Jalen James,San Jose St.,0.0,0.21052631578947367,0.0,0.8823529411764706
3638,31775,Brandon Mitchell,San Jose St.,0.6,0.5333333333333333,0.3333333333333333,1.0
3639,31776,Greg Senat,Wagner,0.0,0.42857142857142855,0.0,0.0
3640,31778,Justus Stanback,IU Indy,1.0,0.8333333333333334,0.8095238095238095,1.0
3641,31783,Kwesi Abakah,Northeastern,0.0,0.2,0.0,0.0
3642,31786,Keon Lewis,UTSA,0.0,0.07692307692307693,0.13333333333333333,0.75
3643,31787,Kaj-Bjorn Sherman,UTSA,1.0,0.5454545454545454,0.42857142857142855,0.0
3644,31790,Rich Williams,Manhattan,0.3333333333333333,0.30303030303030304,0.3333333333333333,1.0
3645,31792,Jamail Jones,Florida Gulf Coast,0.42857142857142855,0.37735849056603776,0.25806451612903225,0.95
3646,31794,Reginald Smith,Grambling St.,0.0,0.0,0.0,0.0
3647,31795,Troy Reid-Knight,Maine,0.0,0.21428571428571427,0.25,0.9545454545454546
3648,31798,Tommie McCune,Oakland,0.75,0.40625,0.4,0.8333333333333334
3649,31799,Christian Ejiga,Maine,1.0,0.55,0.0,0.0
3650,31805,Garet Beal,Maine,0.0,0.35714285714285715,0.25,0.9090909090909091
3651,31811,Giacomo Zilli,UNC Asheville,0.0,0.6,0.0,0.0
3652,31814,J.J. Thomas,Cal St. Northridge,0.0,0.26666666666666666,0.375,0.6666666666666666
3653,31815,Carlton Allen,Manhattan,0.0,0.0,0.0,0.0
3654,31816,J.R. Holder,Jacksonville,0.5714285714285714,0.3055555555555556,0.3,1.0
3655,31823,Princeton Davis,Alabama St.,0.0,0.0,0.0,0.0
3656,31825,Chris Braley,Stony Brook,0.0,0.0,0.0,1.0
3657,31832,Josh Cameron,Coastal Carolina,0.0,0.0392156862745098,0.0,0.576271186440678
3658,31833,Austin Price,Lehigh,0.3333333333333333,0.4074074074074074,0.3333333333333333,0.9230769230769231
3659,31834,Elijah Wilson,Coastal Carolina,0.6,0.3368421052631579,0.25,0.8695652173913043
3660,31837,Jacob Enevold,Drake,1.0,0.6956521739130435,0.6666666666666666,0.0
3661,31846,Nathan Taphorn,Northwestern,1.0,0.3333333333333333,0.3333333333333333,0.9333333333333333
3662,31848,Craig Hinton,VMI,0.8,0.6666666666666666,0.0,1.0
3663,31849,Julian Eleby,VMI,0.0,0.14285714285714285,0.0,1.0
3664,31851,QJ Peterson,VMI,0.14285714285714285,0.18571428571428572,0.041666666666666664,0.75
3665,31852,Devon Pflueger,USC,0.0,0.0,0.0,0.0
3666,31859,Rawane Ndiaye,Tennessee,1.0,0.8571428571428571,0.0,0.0
3667,31861,Xavier Smith,St. Bonaventure,0.0,1.0,0.0,0.0
3668,31864,A.J. Davis,Tennessee,0.0,0.5,0.0,0.6666666666666666
3669,31868,Donovan Ross,Lamar,0.9230769230769231,0.7294117647058823,0.4473684210526316,0.0
3670,31869,L.G. Gill,Duquesne,0.5,0.45454545454545453,0.75,0.8636363636363636
3671,31871,Christian Benzon,Evansville,1.0,0.5,1.0,0.0
3672,31876,Antonio Robinson,East Carolina,0.0,0.25925925925925924,0.21052631578947367,0.8
3673,31880,James Pegues,Abilene Christian,1.0,0.4,0.5,1.0
3674,31881,Greg Alexander,East Carolina,0.0,0.0,0.0,1.0
3675,31886,Nigel Snipes,Western Kentucky,1.0,0.3333333333333333,0.5,1.0
3676,31887,Antwan Space,Texas A&M,0.6666666666666666,0.66,0.4375,0.9230769230769231
3677,31888,Treaven Duffy,Saint Mary's,0.0,0.0,0.0,0.0
3678,31889,Jaleel Queary,Tennessee St.,1.0,0.2857142857142857,0.3125,0.0
3679,31891,Jacquan Nobels,Tennessee St.,0.0,0.0,0.0,0.9310344827586207
3680,31892,Kennedy Eubanks,Tennessee St.,1.0,0.5897435897435898,0.6071428571428571,0.7857142857142857
3681,31893,Jamonte Graham,Tennessee St.,0.0,0.047619047619047616,0.14285714285714285,0.6363636363636364
3682,31894,Jon Ekey,Illinois,0.5,0.3448275862068966,0.3333333333333333,0.9827586206896551
3683,31902,Mark Noble,Akron,0.0,0.0,0.0,1.0
3684,31909,Nnamdi Enechionyia,Samford,0.0,0.0,0.0,1.0
3685,31910,Isaiah Dennis,Georgia St.,0.0,0.0,0.0,0.0
3686,31911,Cameron Reynolds,Tulane,1.0,0.75,0.14285714285714285,0.96
3687,31921,Brandon Roberts,Samford,0.0,0.2962962962962963,0.0,0.75
3688,31923,Cole Currie,Tulane,0.0,0.0,0.0,0.0
3689,31926,Dominique McKoy,Duquesne,0.7777777777777778,0.5903614457831325,0.7272727272727273,0.0
3690,31934,Phabien Glasco,Central Arkansas,0.85,0.627906976744186,0.4375,0.0
3691,31935,Jeff Drew,Central Arkansas,0.0,0.5,0.0,1.0
3692,31936,Khary Doby,North Carolina A&T,0.0,0.36363636363636365,0.6,0.9333333333333333
3693,31938,Michael Briscoe,North Carolina A&T,0.0,0.1111111111111111,0.0,1.0
3694,31939,Bryan Akinkugbe,North Carolina A&T,0.0,0.42424242424242425,0.38461538461538464,0.0
3695,31944,Cameron Craig,SIU Edwardsville,0.0,0.0,0.0,1.0
3696,31946,Jaylon Brown,Evansville,0.6666666666666666,0.45161290322580644,0.4166666666666667,0.0
3697,31947,Ben Sanders,Grand Canyon,0.0,0.0,0.0,0.0
3698,31948,Keaton Jackson,SIU Edwardsville,0.8529411764705882,0.6363636363636364,0.2857142857142857,1.0
3699,31956,Basil Smotherman,Purdue,0.5555555555555556,0.5555555555555556,0.6875,1.0
3700,31957,Anfernee Brown,Purdue,0.0,0.0,0.0,0.0
3701,31959,Errick Peck,Purdue,0.0,0.37142857142857144,0.42857142857142855,1.0
3702,31960,Denzell Taylor,Old Dominion,1.0,0.6166666666666667,0.625,0.0
3703,31963,Jordan Baker,Old Dominion,0.0,0.18181818181818182,0.16666666666666666,0.8484848484848485
3704,31965,Deandre Bembry,Saint Joseph's,0.5384615384615384,0.44285714285714284,0.24324324324324326,0.9166666666666666
3705,31967,Jimmie Taylor,Rider,0.0,0.04081632653061224,0.09090909090909091,0.8444444444444444
3706,31972,Jalen Jenkins,George Mason,0.4,0.35294117647058826,0.32,0.0
3707,31973,Michael Williams,Cal St. Fullerton,1.0,0.21739130434782608,0.11363636363636363,0.6197183098591549
3708,31974,Ryan Rosburg,Missouri,0.9,0.6923076923076923,0.3333333333333333,0.0
3709,31975,Hans Christian Lauer,Illinois Chicago,0.0,0.0,0.0,0.0
3710,31984,Tharone Chilton,Middle Tennessee,0.0,0.5,0.0,1.0
3711,31986,Cameron Blakley,Charlotte,0.0,0.0,0.0,0.0
3712,31987,Shawn Lester,Charlotte,0.8333333333333334,0.38181818181818183,0.14285714285714285,0.6938775510204082
3713,31988,Gavin Wilson,Charlotte,0.0,0.0,0.0,0.0
3714,31990,Karon Wright,South Carolina St.,0.0,0.0,0.23076923076923078,0.896551724137931
3715,31993,Ray Barreno,Tulane,0.0,0.0,0.0,0.0
3716,31999,Brendan Casper,Saint Joseph's,0.0,0.5,0.0,0.0
3717,32000,Jake Duncan,NJIT,0.0,0.75,0.3333333333333333,0.875
3718,32009,Parker Van Dyke,Utah,0.0,0.6666666666666666,0.0,1.0
3719,32012,Andre Applewhite,Mississippi St.,0.0,0.4444444444444444,0.2,1.0
3720,32015,Andrew McAuliffe,Davidson,0.5,0.5625,0.5,0.0
3721,32017,Jared Bloom,Purdue Fort Wayne,0.0,0.0,0.0,0.0
3722,32024,Jordan Capps,Samford,1.0,0.5555555555555556,0.5,0.0
3723,32025,Eric Adams,Samford,0.0,0.0,0.0,0.0
3724,32026,Ede Egharevba,Albany,0.0,0.2,0.5,1.0
3725,32027,Dallas Ennema,Albany,1.0,0.5,0.5,0.95
3726,32028,Anders Haas,Albany,0.0,0.0,0.0,0.8
3727,32029,Michael Rowley,Albany,0.0,0.8,1.0,1.0
3728,32032,Clay Yeo,Valparaiso,0.0,0.4666666666666667,0.0,1.0
3729,32034,Connor Van Brocklin,Utah,0.0,0.0,0.0,1.0
3730,32035,Alante Fenner,Savannah St.,0.0,0.30303030303030304,0.26666666666666666,0.42857142857142855
3731,32038,Whitley Carter,Savannah St.,0.0,0.0,0.5,0.75
3732,32041,Saadiq Muhammad,Savannah St.,0.8823529411764706,0.7096774193548387,0.0,0.0
3733,32043,Jeremiah Hill,Savannah St.,0.0,0.0,0.21428571428571427,0.7631578947368421
3734,32044,Terel Hall,Savannah St.,0.6666666666666666,0.1875,0.1,1.0
3735,32046,Josh Castellanos,Gardner Webb,0.0,0.17647058823529413,0.125,1.0
3736,32050,Donell Tuff,Gardner Webb,0.0,1.0,0.0,0.0
3737,32051,Tyrell Nelson,Gardner Webb,0.75,0.6825396825396826,0.7435897435897436,0.0
3738,32055,Javion Ogunyemi,Siena,0.0,0.7058823529411765,0.6,0.0
3739,32059,Nick Pagliuca,Duke,0.0,0.0,0.0,0.0
3740,32060,Lavon Long,Siena,0.0,0.5,0.6176470588235294,1.0
3741,32062,Hunter Ford,UC Santa Barbara,0.0,0.0,1.0,0.0
3742,32063,Jabari Parker,Duke,0.6885245901639344,0.5161290322580645,0.5,0.8947368421052632
3743,32064,Andre Dawkins,Duke,1.0,0.2,0.26666666666666666,0.921875
3744,32072,D'Erryl Williams,San Diego St.,0.0,0.0,0.0,1.0
3745,32073,Aqeel Quinn,San Diego St.,0.0,0.26666666666666666,0.4444444444444444,0.6956521739130435
3746,32081,Jalil Abdul-Bassit,Oregon,0.0,1.0,0.0,1.0
3747,32085,KT Harrell,Auburn,0.75,0.34285714285714286,0.2631578947368421,0.8333333333333334
3748,32087,Danny Herrera,Presbyterian,0.6666666666666666,0.46153846153846156,0.6363636363636364,1.0
3749,32093,Naasir Williams,Vermont,0.0,0.6666666666666666,0.0,1.0
3750,32094,Dre Wills,Vermont,1.0,0.2,0.5,0.0
3751,32095,Kurt Steidl,Vermont,0.0,0.4,0.45454545454545453,0.8529411764705882
3752,32101,Devon Thomas,Missouri St.,0.0,0.30434782608695654,0.18181818181818182,0.5
3753,32102,Shane Rector,Missouri,0.0,0.0,0.0,0.0
3754,32103,Demondre Harvey,Louisiana Monroe,0.75,0.6071428571428571,0.0,0.0
3755,32104,Marvin Williams,Louisiana Monroe,1.0,0.6612903225806451,0.35,1.0
3756,32106,Devante Wilson,San Jose St.,0.0,0.2727272727272727,0.25,0.94
3757,32107,Isaac Thornton,San Jose St.,0.0,0.4166666666666667,0.0,0.8235294117647058
3758,32112,Wes Clark,Missouri,0.0,0.125,0.0,0.7619047619047619
3759,32131,Richie Spillier,Florida A&M,0.0,0.0,0.0,0.6
3760,32133,Tyrone Hughes,West Virginia,0.0,0.5,0.0,0.0
3761,32134,Kennedy Meeks,North Carolina,1.0,0.6081081081081081,0.4482758620689655,0.0
3762,32135,Remi Dibo,West Virginia,0.0,0.5,0.5,0.9607843137254902
3763,32136,Nate Britt,North Carolina,0.0,0.3103448275862069,0.5384615384615384,1.0
3764,32138,Magnus Richards,Binghamton,0.5,0.4117647058823529,0.5625,0.0
3765,32139,Forrest Johnson,Southeastern Louisiana,0.0,0.0,0.0,0.0
3766,32140,Aly Ahmed,Cal St. Bakersfield,1.0,0.5517241379310345,0.5,0.0
3767,32141,Devonte Upson,Southeastern Louisiana,0.75,0.6363636363636364,0.36666666666666664,0.0
3768,32142,Joshua Filmore,Southeastern Louisiana,0.0,0.20833333333333334,0.058823529411764705,0.4230769230769231
3769,32143,Jamichael Hawkins,Southeastern Louisiana,1.0,0.24,0.22580645161290322,0.851063829787234
3770,32144,Yosef Yacob,Binghamton,0.0,0.10714285714285714,0.125,0.7555555555555555
3771,32147,Quinton Stephens,Georgia Tech,0.0,0.42857142857142855,0.7142857142857143,0.9333333333333333
3772,32151,Joseph Uchebo,Pittsburgh,0.0,0.5,0.0,0.0
3773,32152,Marcel Simon,UT Rio Grande Valley,0.0,0.0,0.0,0.0
3774,32153,Damion Rashford,Loyola MD,0.0,0.25,0.0,1.0
3775,32155,Doug Chappell,Fairfield,0.0,0.25,0.3333333333333333,0.9444444444444444
3776,32158,K.J. Rose,Fairfield,0.0,0.1016949152542373,0.0,0.5714285714285714
3777,32160,Montana Mayfield,NJIT,0.0,0.25,0.0,0.6
3778,32161,Nate Frye,New Orleans,0.0,0.0,0.0,0.875
3779,32162,Micah Walker,New Orleans,0.0,1.0,1.0,1.0
3780,32163,Terrance Syon,New Orleans,1.0,0.5454545454545454,0.42857142857142855,0.0
3781,32165,Teris Bourgeois,New Orleans,0.0,0.25,0.6,1.0
3782,32170,Alan Wisniewski,Penn St.,0.0,0.75,0.0,0.0
3783,32171,Matt Thomas,Iowa St.,0.0,0.2727272727272727,0.36363636363636365,0.8636363636363636
3784,32172,Georgios Pilitsis,Lehigh,0.0,0.0,0.0,0.0
3785,32173,Miles Simelton,Lehigh,0.0,0.0,0.3333333333333333,0.5
3786,32179,Kasim Chandler,Quinnipiac,0.0,0.05555555555555555,0.125,0.75
3787,32183,Drew Crabtree,Ohio,0.0,1.0,0.0,0.0
3788,32187,Josh Gomez,Bowling Green,0.0,0.5,0.6666666666666666,1.0
3789,32189,Rysheed Jordan,St. John's,0.5,0.2545454545454545,0.2962962962962963,0.9375
3790,32191,Kyle McLeroy,Sam Houston St.,0.0,0.0,0.0,0.0
3791,32192,Aurimas Majauskas,Sam Houston St.,0.0,0.6086956521739131,0.75,1.0
3792,32193,Kaheem Ransom,Sam Houston St.,1.0,0.391304347826087,0.5555555555555556,0.7115384615384616
3793,32199,Roger Moute a Bidias,California,0.0,0.0,0.0,0.0
3794,32201,Ty Toney,Appalachian St.,0.0,0.16,0.3333333333333333,1.0
3795,32202,Tahj Shamsid-Deen,Auburn,0.0,0.3448275862068966,0.16,0.6976744186046512
3796,32203,Aaron Scott,Appalachian St.,0.0,0.5,0.0,1.0
3797,32207,Dion Wade,Auburn,0.0,0.0,0.0,0.9565217391304348
3798,32208,Darrian Gray,Southeast Missouri St.,1.0,0.4,0.25,0.8709677419354839
3799,32212,Ausar Madison,Howard,0.0,0.0,0.0,1.0
3800,32213,Kofi Andoh,Howard,1.0,0.15384615384615385,0.5,1.0
3801,32214,Keon Hill,Howard,0.0,0.25,0.2857142857142857,0.5
3802,32217,James Daniel,Howard,0.0,0.058823529411764705,0.07692307692307693,0.573170731707317
3803,32231,Charles Smith,Lipscomb,0.0,0.5,0.0,0.0
3804,32232,Alex Biggerstaff,UNC Asheville,0.0,0.0,0.0,0.0
3805,32241,Jerron Martin,Mississippi,0.0,0.0,0.0,0.0
3806,32245,Tony Nixon,Loyola Chicago,0.0,0.2,0.0,0.8333333333333334
3807,32247,Sebastian Saiz,Mississippi,0.7777777777777778,0.5121951219512195,0.5217391304347826,0.0
3808,32248,Sidy Djitte,Clemson,0.0,0.42857142857142855,0.5,0.0
3809,32260,Mike Rostampour,Nebraska Omaha,1.0,0.5581395348837209,0.8333333333333334,0.7777777777777778
3810,32269,Ryan Smith,Tulane,0.0,0.5,1.0,0.0
3811,32272,Sam Donahue,Boston College,0.0,0.0,0.0,1.0
3812,32276,Chad Ross,Utah Valley,1.0,0.75,0.8333333333333334,0.0
3813,32277,Zach Nelson,Utah Valley,0.5714285714285714,0.5194805194805194,0.5,1.0
3814,32278,Mitch Bruneel,Utah Valley,0.75,0.6619718309859155,0.7916666666666666,1.0
3815,32287,Eli Robison,Utah Valley,0.0,0.0,0.0,0.0
3816,32288,Tevin Moore,Mississippi St.,0.0,0.0,0.0,1.0
3817,32289,Caleb White,East Carolina,0.6,0.3181818181818182,0.35,0.9772727272727273
3818,32290,Trelun Banks,Southern,0.0,0.10256410256410256,0.0625,0.5652173913043478
3819,32292,Arnold Fripp,Coppin St.,1.0,0.5333333333333333,0.5357142857142857,1.0
3820,32294,Jerome Simmons,North Carolina A&T,0.3333333333333333,0.4375,0.6666666666666666,0.0
3821,32298,Denzel Keyes,North Carolina A&T,0.0,0.26666666666666666,0.3333333333333333,0.6666666666666666
3822,32302,Jordan Johnson,Tennessee Tech,0.0,0.125,0.6,0.75
3823,32304,Ja'Dante' Frye,Nicholls St.,0.6666666666666666,0.5833333333333334,0.5,1.0
3824,32307,Jevon Estelle,Grand Canyon,0.0,1.0,0.0,1.0
3825,32308,Rozell Nunn,SIU Edwardsville,0.3333333333333333,0.23684210526315788,0.525,0.9615384615384616
3826,32315,Scott Mammel,Army,0.0,0.0,0.0,1.0
3827,32319,Dominique Williams,FIU,1.0,0.25,0.4444444444444444,1.0
3828,32327,Sharife Sergeant,Stephen F. Austin,1.0,1.0,0.0,0.0
3829,32328,Sean Harris,Utah St.,0.0,1.0,0.0,0.0
3830,32330,Zech Smith,Cal St. Bakersfield,1.0,0.6,0.0,0.0
3831,32331,Jerimyiah Batts,Coppin St.,0.0,0.3,0.3333333333333333,0.0
3832,32335,Jason Martin,Stephen F. Austin,0.0,0.0,0.0,1.0
3833,32338,Justin McBride,UCF,0.5,0.5,0.3333333333333333,0.0
3834,32341,Aaron Siler,Eastern Illinois,0.0,0.0,0.0,1.0
3835,32342,Alvin Ellis III,Michigan St.,1.0,0.5384615384615384,1.0,1.0
3836,32347,Ben Brown-White,Stephen F. Austin,0.0,0.0,0.0,0.0
3837,32349,Donald Moore,Eastern Illinois,0.0,0.0,0.0,1.0
3838,32352,Mckay Anderson,Southern Utah,0.0,0.75,0.6666666666666666,1.0
3839,32356,Logan Stumpf,Gardner Webb,0.0,0.0,0.0,1.0
3840,32359,Will Dunn,Purdue Fort Wayne,0.0,1.0,0.0,0.0
3841,32365,Darrius Parker,Air Force,0.3333333333333333,0.5555555555555556,0.2857142857142857,1.0
3842,32366,Okey Ukah,Iowa,0.0,0.0,0.0,0.0
3843,32370,Josh James,Monmouth,0.0,0.2361111111111111,0.2222222222222222,0.7777777777777778
3844,32373,Juwan Moody,North Carolina Central,0.0,0.5,0.0,0.7142857142857143
3845,32379,Cameron Fowler,Niagara,0.0,0.375,0.0,1.0
3846,32380,Diante Baldwin,UNC Greensboro,0.0,0.15789473684210525,0.25,0.5
3847,32381,Clay Byrd,UNC Greensboro,0.0,0.0,0.0,1.0
3848,32386,Zac Tillman,Monmouth,1.0,0.6170212765957447,0.125,0.0
3849,32387,Leyton Hammonds,Oklahoma St.,0.0,0.4,0.75,0.875
3850,32388,Gary Gaskins,Oklahoma St.,0.5,0.5,0.0,0.0
3851,32403,Stevan Manojlovic,Drexel,0.0,0.0,0.0,1.0
3852,32404,Chris Davenport,North Florida,0.7222222222222222,0.5102040816326531,0.3333333333333333,1.0
3853,32405,Andrew Goldstein,Ohio St.,0.0,0.0,0.0,0.0
3854,32410,Michael Wolfe,Siena,0.9090909090909091,0.8823529411764706,0.6666666666666666,0.0
3855,32412,Maurice White,Siena,0.5,0.3333333333333333,0.7894736842105263,1.0
3856,32413,Mike Wilson,Siena,0.0,1.0,0.0,0.0
3857,32416,Charlie Byers,Kennesaw St.,0.0,0.8333333333333334,0.5,1.0
3858,32418,Deangelo Stewart,Alabama St.,1.0,1.0,0.0,1.0
3859,32419,Mike Talley,Eastern Michigan,0.0,0.2711864406779661,0.1875,0.5769230769230769
3860,32426,Malcolm Canada,Auburn,0.0,0.15789473684210525,0.0,1.0
3861,32431,Josh Hearlihy,Tulane,0.0,0.0,0.0,1.0
3862,32432,Roscoe Smith,UNLV,0.7857142857142857,0.4880952380952381,0.627906976744186,1.0
3863,32433,Payton Henson,Tulane,0.0,0.35294117647058826,0.5,1.0
3864,32434,Trey Chapman,VMI,0.0,0.23809523809523808,0.14285714285714285,1.0
3865,32452,Jesse Chuku,Lehigh,0.75,0.4838709677419355,0.5833333333333334,0.975609756097561
3866,32457,Keanau Post,Missouri,0.8888888888888888,0.6666666666666666,0.0,0.0
3867,32459,Sheldon Blackwell,Cal St. Fullerton,0.0,0.3409090909090909,0.4444444444444444,1.0
3868,32461,Van Rolle,Coppin St.,0.0,1.0,0.0,0.0
3869,32463,Brad Anlauf,Michigan,0.0,0.0,1.0,0.0
3870,32464,Nick Coppola,Louisiana Monroe,0.0,0.125,0.07692307692307693,0.8
3871,32465,Tylor Ongwae,Louisiana Monroe,0.4666666666666667,0.38095238095238093,0.23529411764705882,0.8846153846153846
3872,32468,Chinedu Amajoyi,Louisiana Monroe,0.0,0.2857142857142857,0.3333333333333333,1.0
3873,32469,Daniel Grieves,Louisiana Monroe,0.0,0.2,0.5,0.8928571428571429
3874,32470,Ian Spruce,Cal St. Fullerton,0.0,0.0,0.0,0.6666666666666666
3875,32473,Evan Sims,Louisiana Monroe,0.0,1.0,1.0,0.0
3876,32475,Devon Walker,Maryland Eastern Shore,0.0,0.36363636363636365,0.625,0.9428571428571428
3877,32479,Keierre Richards,Savannah St.,0.0,0.10526315789473684,0.26666666666666666,1.0
3878,32480,Keawe Enos,Utah Valley,0.0,0.2,0.25,0.8823529411764706
3879,32481,Kris Acox,Furman,0.0,0.5714285714285714,0.3333333333333333,0.0
3880,32486,Bosko Kostur,Bryant,0.0,0.5,0.0,1.0
3881,32487,Michael Young,Pittsburgh,0.875,0.6153846153846154,0.65,0.9
3882,32490,Jamel Artis,Pittsburgh,1.0,0.7142857142857143,0.8636363636363636,1.0
3883,32492,Marquel Curtis,Tulsa,0.0,0.45454545454545453,0.0,0.0
3884,32493,Stevie Repichowski,Tulsa,0.0,0.3333333333333333,0.0,1.0
3885,32496,Riley Kemmer,Tulsa,0.0,0.0,0.0,0.0
3886,32497,Josiah Moore,Tennessee Tech,0.0,0.40540540540540543,0.2727272727272727,0.8636363636363636
3887,32501,Matt Husek,Holy Cross,0.0,0.0,0.0,0.0
3888,32502,Anthony Thompson,Holy Cross,0.0,0.07142857142857142,0.25,0.6341463414634146
3889,32504,Malachi Alexander,Holy Cross,0.5,0.23684210526315788,0.4782608695652174,1.0
3890,32505,Robert Champion,Holy Cross,0.0,0.7142857142857143,0.0,0.875
3891,32506,Preston Troutt,Penn,0.0,1.0,0.0,0.0
3892,32507,Malcolm Duvivier,Oregon St.,1.0,0.5,0.16666666666666666,0.9285714285714286
3893,32511,Maceio Choice,Maryland Eastern Shore,0.0,1.0,0.0,0.0
3894,32515,Christavious Gill,New Orleans,0.0,0.23809523809523808,0.3333333333333333,0.88
3895,32519,David Samuels,Long Beach St.,0.8181818181818182,0.5116279069767442,0.32142857142857145,1.0
3896,32523,Brenden Evans,Utah Valley,0.75,0.6,0.5,0.0
3897,32525,Mckay LaSalle,Long Beach St.,0.0,0.0,0.5,0.8636363636363636
3898,32528,Romelo Banks,North Florida,0.6666666666666666,0.5294117647058824,0.8,0.0
3899,32529,Nick Hornsby,Sacramento St.,0.0,0.2,0.625,1.0
3900,32531,Ian Baker,New Mexico St.,0.0,0.625,0.0,1.0
3901,32532,DK Eldridge,New Mexico St.,0.45454545454545453,0.32786885245901637,0.4,0.9
3902,32533,Travon Landry,New Mexico St.,0.0,0.3333333333333333,0.3333333333333333,1.0
3903,32534,Allen Roberts,Penn St.,0.0,0.5,1.0,1.0
3904,32535,Willie Rosenthal,Chicago St.,0.0,0.0,0.0,0.0
3905,32536,Eric Garcia,Wofford,0.0,0.2857142857142857,0.2857142857142857,0.9210526315789473
3906,32537,Jaylen Allen,Wofford,0.0,0.125,0.5,1.0
3907,32544,Kenneth Taylor,Jackson St.,0.0,0.0,0.0,0.0
3908,32546,Joe Retic,Liberty,0.0,0.0,0.125,1.0
3909,32554,Shannon Hale,Alabama,0.8888888888888888,0.42105263157894735,0.11764705882352941,1.0
3910,32555,Kevin Boyle,Florida Gulf Coast,0.0,0.0,0.0,1.0
3911,32559,Aitor Zubizarreta,Portland,0.0,0.0,0.0,0.0
3912,32563,Kentan Facey,Connecticut,0.6666666666666666,0.4,1.0,1.0
3913,32564,Tanner Wozniak,Kennesaw St.,0.0,0.5,0.5,0.95
3914,32567,Kyle Jackson,Fresno St.,0.0,0.0,0.0,0.0
3915,32571,Karachi Edo,Fresno St.,0.8823529411764706,0.6666666666666666,0.8,0.0
3916,32574,Jarrod Uthoff,Iowa,0.6666666666666666,0.3783783783783784,0.23333333333333334,0.9411764705882353
3917,32576,Alex Davis,Fresno St.,0.7142857142857143,0.41818181818181815,0.7058823529411765,1.0
3918,32579,Casey Woodring,Providence,0.0,0.0,0.0,1.0
3919,32581,Michael Williams,TCU,0.0,0.08333333333333333,0.0,0.9166666666666666
3920,32586,George Thomas,Alcorn St.,0.0,1.0,0.0,0.6666666666666666
3921,32588,D'Andre Johnson,Florida Atlantic,0.0,0.28,0.2727272727272727,0.8148148148148148
3922,32590,Justin Raffington,Florida Atlantic,0.6785714285714286,0.4594594594594595,0.5121951219512195,0.0
3923,32591,Tyler Pate,Florida Atlantic,0.0,0.5,0.0,1.0
3924,32593,Grant Pelchen,Florida Atlantic,1.0,0.5714285714285714,0.0,0.0
3925,32606,Glen Dean,Idaho,0.0,0.09523809523809523,0.09090909090909091,0.6
3926,32610,Kristian Duravcevic,Iona,0.0,1.0,0.0,0.0
3927,32613,Kibret Woldemichael,San Diego St.,0.0,0.0,0.0,1.0
3928,32615,Niksha Federico,San Diego St.,0.0,0.0,0.0,1.0
3929,32616,Desmond Maxwell,San Diego St.,0.0,0.0,0.0,0.5
3930,32618,Michael Brown,Navy,0.0,0.3333333333333333,0.5714285714285714,1.0
3931,32619,Jonathan Wilfong,SMU,0.0,1.0,0.0,0.0
3932,32620,Tony Armstrong,Alabama St.,0.6666666666666666,0.45161290322580644,0.3888888888888889,0.0
3933,32627,Kyle Thomas,Morgan St.,0.0,0.0,0.0,0.8571428571428571
3934,32629,Emmanuel Matey,Morgan St.,0.0,0.25,0.0,0.5
3935,32632,Michael Harrel,Southern,0.0,0.25,0.0,0.0
3936,32635,Frank Snow,Southern,0.8571428571428571,0.5714285714285714,0.25,0.0
3937,32636,Tre Lynch,Southern,0.0,0.1388888888888889,0.1,0.7567567567567568
3938,32637,Nick Gorski,Loyola MD,0.0,0.5454545454545454,0.5,1.0
3939,32638,Marvin Dominique,Saint Peter's,0.5625,0.44,0.48148148148148145,0.9411764705882353
3940,32644,Chase Comier,Grambling St.,0.0,0.2222222222222222,0.0,0.75
3941,32645,Gilles Dierickx,Washington,0.0,0.0,1.0,0.0
3942,32648,A'Torri Shine,Grambling St.,1.0,0.288135593220339,0.34375,0.7307692307692307
3943,32650,Quinton Hooker,North Dakota,0.0,0.2,0.15384615384615385,0.6666666666666666
3944,32653,Tyron Bain,Grambling St.,0.0,0.2,0.18181818181818182,0.0
3945,32654,Richard Freeman,Grambling St.,0.5,0.3333333333333333,0.375,0.6
3946,32655,Sam Daly,Grand Canyon,0.0,0.16666666666666666,0.1,0.3333333333333333
3947,32656,Chuck Ogbodo,UNC Wilmington,1.0,0.5,0.6666666666666666,0.0
3948,32657,Charles Taylor Jr.,UMBC,0.8,0.5142857142857142,0.16666666666666666,1.0
3949,32663,V.J. Beachem,Notre Dame,1.0,0.5,0.625,1.0
3950,32671,Grayson Clark,Georgia Southern,0.0,1.0,0.0,1.0
3951,32672,Lexx Edwards,Florida,0.0,0.0,0.0,0.0
3952,32682,Ben Grace,UMBC,0.0,0.0,0.0,1.0
3953,32685,Moussa Gueye,Valparaiso,0.8571428571428571,0.55,0.7142857142857143,0.0
3954,32691,Tyler Ennis,Syracuse,0.0,0.19117647058823528,0.11764705882352941,0.5666666666666667
3955,32693,David Jesperson,Pepperdine,0.0,0.5,1.0,0.6666666666666666
3956,32694,Serigne Mboup,Austin Peay,0.8,0.6,0.0,0.0
3957,32695,Jeremy Major,Pepperdine,0.0,0.18181818181818182,0.0,0.5185185185185185
3958,32696,Travian Pomlee,South Dakota,0.0,0.0,0.4,1.0
3959,32697,Ivan Lukic,James Madison,0.0,0.5714285714285714,0.0,1.0
3960,32698,Ike Iroegbu,Washington St.,1.0,0.24,0.0,0.6363636363636364
3961,32699,Josh Hawkinson,Washington St.,0.0,1.0,0.7142857142857143,0.0
3962,32700,Paulius Satkus,James Madison,0.0,1.0,1.0,0.0
3963,32701,Tom Vodanovich,James Madison,0.0,0.36666666666666664,0.25,1.0
3964,32703,Yohanny Dalembert,James Madison,0.75,0.4,0.25,0.0
3965,32704,Brandon Goodwin,UCF,0.0,0.2222222222222222,0.0,0.75
3966,32705,Eugene McCrory,UCF,1.0,0.6486486486486487,0.5,0.0
3967,32706,Brendan Lane,Pepperdine,0.9285714285714286,0.6385542168674698,0.5714285714285714,1.0
3968,32707,Malcolm Brooks,Pepperdine,0.0,0.3448275862068966,0.1875,0.8837209302325582
3969,32714,Cheikh N'diaye,Oregon St.,1.0,0.8333333333333334,1.0,0.0
3970,32724,Mark Cornelius,UMass Lowell,0.0,0.45,0.09090909090909091,0.8888888888888888
3971,32726,Dennis Green,Eastern Illinois,0.0,0.2857142857142857,0.0,0.0
3972,32732,Yasin Kolo,Hartford,1.0,0.5,0.0,1.0
3973,32740,Sabri Thompson,Northwestern St.,0.0,0.4444444444444444,0.25,0.875
3974,32741,Zeek Woodley,Northwestern St.,1.0,0.6915887850467289,0.574468085106383,1.0
3975,32744,Tony Jacob,Alabama St.,0.0,0.6666666666666666,0.0,0.0
3976,32745,Hayden Graham,Air Force,0.0,0.6666666666666666,0.3333333333333333,0.8571428571428571
3977,32747,Scott Adler,Air Force,0.0,0.0,0.0,0.0
3978,32749,Callum Long,Air Force,0.0,1.0,0.0,1.0
3979,32750,Zach Kocur,Air Force,0.0,0.25,0.5,1.0
3980,32751,Michael Schlotman,William & Mary,0.0,0.0,0.0,0.0
3981,32752,Ryan King,Northwestern St.,1.0,0.6296296296296297,0.3333333333333333,0.0
3982,32753,Nick Jorgensen,Air Force,0.0,0.0,0.5,1.0
3983,32754,Jordy Kuiper,UNC Greensboro,0.0,0.0,0.0,0.0
3984,32757,Tyrone Outlaw,UNC Greensboro,1.0,0.2916666666666667,0.4,1.0
3985,32759,Steve Vasturia,Notre Dame,0.0,0.2727272727272727,0.0,1.0
3986,32760,Nick Duncan,Boise St.,0.0,0.5555555555555556,0.0,0.9722222222222222
3987,32761,Teraes Clemmons,Jacksonville St.,1.0,0.25,0.38095238095238093,0.8
3988,32762,Matt Kavanaugh,Dayton,1.0,0.7021276595744681,0.72,0.0
3989,32768,Dockery Walker,Brown,1.0,0.4423076923076923,0.5454545454545454,0.0
3990,32773,Sean Grennan,Fairfield,0.0,0.14285714285714285,0.0,0.9333333333333333
3991,32776,Dallas Moore,North Florida,0.0,0.1836734693877551,0.06666666666666667,0.7
3992,32780,Andrew Papenfus,Santa Clara,0.0,1.0,0.0,1.0
3993,32781,Jerry Brown,Santa Clara,0.6666666666666666,0.47368421052631576,0.2222222222222222,0.0
3994,32783,Jalen Nesbitt,North Florida,0.3333333333333333,0.13953488372093023,0.0,0.8571428571428571
3995,32784,Brent Calhoun,Purdue Fort Wayne,1.0,1.0,0.0,0.0
3996,32786,Jalen Richard,Santa Clara,0.0,0.35714285714285715,0.16666666666666666,0.9230769230769231
3997,32787,Lasan Kromah,Connecticut,0.16666666666666666,0.45454545454545453,0.35714285714285715,0.9523809523809523
3998,32788,Amida Brimah,Connecticut,0.8064516129032258,0.6181818181818182,0.6666666666666666,0.0
3999,32793,Iverson Fleming,LIU,0.0,0.42105263157894735,0.2857142857142857,0.8461538461538461
4000,32794,Rakeem Buckles,FIU,0.6923076923076923,0.44594594594594594,0.15625,0.9583333333333334
4001,32795,Chris Carter,LIU,0.0,1.0,0.2857142857142857,1.0
4002,32796,Joel Hernandez,LIU,0.0,0.2777777777777778,0.2222222222222222,1.0
4003,32797,Landon Atterberry,LIU,1.0,0.7407407407407407,0.4857142857142857,1.0
4004,32798,Jimmie Taylor,Alabama,0.7272727272727273,0.55,0.75,0.0
4005,32801,Benas Griciunas,Auburn,0.0,0.5555555555555556,1.0,0.0
4006,32802,Chris Griffin,Auburn,0.0,0.6666666666666666,0.75,1.0
4007,32804,Kyre' Hamer,Campbell,0.0,0.37777777777777777,0.3,0.5384615384615384
4008,32806,Quinton Ray,Campbell,1.0,0.2631578947368421,0.0,0.8
4009,32807,Nick Smith,Belmont,0.0,0.75,0.4,0.9473684210526315
4010,32808,Evan Bradds,Belmont,0.8888888888888888,0.651685393258427,0.4375,0.0
4011,32809,Jackson Kent,James Madison,0.0,0.2,0.10526315789473684,0.9166666666666666
4012,32814,Lance Potier,McNeese St.,0.0,0.0,0.0,0.0
4013,32815,Andrija Milovanovic,McNeese St.,0.0,0.0,0.0,0.5
4014,32821,Steve McWhorter,Milwaukee,0.0,0.4888888888888889,0.3157894736842105,0.8928571428571429
4015,32824,Quadir Welton,Saint Peter's,1.0,0.4090909090909091,0.5,0.0
4016,32825,Cody Wichmann,Milwaukee,0.0,0.6666666666666666,1.0,1.0
4017,32826,Michael Bradley,Samford,1.0,0.2727272727272727,0.7619047619047619,0.0
4018,32831,Jaron Hopkins,Colorado,0.6666666666666666,0.6333333333333333,0.375,0.9545454545454546
4019,32832,Dustin Thomas,Colorado,1.0,0.5217391304347826,0.4117647058823529,1.0
4020,32845,Phillip Coleman,Troy,0.0,0.0,0.0,0.0
4021,32848,Dan Steinberg,Hofstra,0.0,0.0,1.0,0.0
4022,32849,Howard Sellars,Saint Peter's,0.0,0.0,0.25,1.0
4023,32862,Grant Fiorentinos,SIU Edwardsville,1.0,0.8181818181818182,0.6666666666666666,0.0
4024,32866,Marcus Owens,Lamar,0.0,0.6,0.2857142857142857,0.9473684210526315
4025,32868,Matthias Runs,St. Bonaventure,0.0,0.0,0.0,0.0
4026,32870,Anthony Holliday,Lamar,0.42857142857142855,0.4,0.2857142857142857,1.0
4027,32873,Evann Hall,Idaho St.,0.0,0.09090909090909091,0.16666666666666666,0.5
4028,32878,Justin Smith,Idaho St.,0.0,0.5,1.0,1.0
4029,32883,Jeffery Solarin,Idaho St.,1.0,0.5764705882352941,0.5909090909090909,0.0
4030,32885,J.J. Avila,Colorado St.,0.0,0.43617021276595747,0.38596491228070173,1.0
4031,32887,Mike Burnett,Colorado St.,0.0,0.0,0.0,0.0
4032,32888,Enrico Bueno,Colorado St.,0.0,0.0,0.0,0.0
4033,32890,D'Aris Scarver,Texas Southern,1.0,0.3157894736842105,0.21739130434782608,0.8461538461538461
4034,32891,Mario Matasovic,Western Michigan,1.0,0.5714285714285714,0.0,0.0
4035,32892,Kentrall Brooks,Marist,0.0,0.7142857142857143,0.5,0.0
4036,32893,Carlton Hurst,Colorado St.,0.75,0.782608695652174,0.6428571428571429,1.0
4037,32902,Trevis Jackson,Sacramento St.,0.0,0.0,0.0,0.0
4038,32903,Zach Mills,Sacramento St.,0.0,0.5,0.45161290322580644,0.9285714285714286
4039,32904,Case Rada,Sacramento St.,0.0,0.0,1.0,1.0
4040,32905,Eric Stuteville,Sacramento St.,0.5,0.6153846153846154,0.9117647058823529,1.0
4041,32906,Mike Owona,Fairleigh Dickinson,0.0,0.75,0.0,0.0
4042,32911,Malachi Nix,Fairleigh Dickinson,0.0,0.23076923076923078,0.0,0.3
4043,32912,Jayde Dawson,Fairleigh Dickinson,0.0,0.2,0.0,0.8333333333333334
4044,32914,Miles Mann,Fairleigh Dickinson,1.0,1.0,0.0,0.0
4045,32915,Killian Larson,Grand Canyon,1.0,0.639344262295082,0.5555555555555556,1.0
4046,32918,Beejay Anya,N.C. State,0.6153846153846154,0.5652173913043478,0.25,0.0
4047,32919,Patrick Wallace,N.C. State,0.0,0.0,0.0,0.5
4048,32920,Lennard Freeman,N.C. State,0.8,0.5,0.4666666666666667,0.0
4049,32923,Armand Shoon,Florida Gulf Coast,0.0,0.0,0.0,0.0
4050,32925,Tejai Allen,Florida Gulf Coast,0.0,0.0,0.0,0.0
4051,32927,Hershey Robinson,Prairie View A&M,0.0,0.25,0.6,0.8333333333333334
4052,32928,Tre Hagood,Prairie View A&M,0.0,0.08108108108108109,0.09090909090909091,0.42857142857142855
4053,32929,Karim York,Prairie View A&M,0.0,0.6,0.25,0.8571428571428571
4054,32931,Rashaan Surles,Prairie View A&M,0.0,0.0,0.0,0.0
4055,32932,Andre Adams,Prairie View A&M,0.0,0.0,0.0,1.0
4056,32933,Rodney Elliott,UMBC,0.0,0.15789473684210525,0.07692307692307693,0.6976744186046512
4057,32935,Reggis Onwukamuche,Prairie View A&M,1.0,0.7692307692307693,0.0,0.0
4058,32938,Aaron Valdes,Hawaii,0.9090909090909091,0.8947368421052632,0.09090909090909091,0.75
4059,32942,Joey Nebeker,Boise St.,0.0,0.0,1.0,0.0
4060,32943,Michael Middlebrooks,Illinois St.,0.6666666666666666,0.3333333333333333,1.0,0.0
4061,32944,Zach Lofton,Illinois St.,0.0,0.16666666666666666,0.10714285714285714,0.6170212765957447
4062,32945,Reggie Lynch,Illinois St.,1.0,0.611764705882353,0.4166666666666667,0.0
4063,32946,Tony Wills,Illinois St.,0.0,0.38095238095238093,0.18181818181818182,1.0
4064,32948,Bobby Hunter,Illinois St.,0.0,0.22950819672131148,0.0,0.8125
4065,32949,Cade Towers,Nicholls St.,0.0,0.2,1.0,1.0
4066,32954,Auston Barnes,Bradley,1.0,0.45454545454545453,0.20454545454545456,0.9666666666666667
4067,32963,Chris Blake,Bradley,1.0,0.6,0.4,0.0
4068,32965,Kyle Hittle,Incarnate Word,0.0,0.6222222222222222,0.3333333333333333,0.88
4069,32968,Gilbert Parga,LIU,0.0,0.5,0.4,0.9285714285714286
4070,32973,T.J. Taylor,North Texas,0.0,0.1388888888888889,0.2,0.6470588235294118
4071,32974,Bryson Scott,Purdue,0.0,0.09375,0.09523809523809523,0.4
4072,32977,Brandon Allen,Florida St.,0.0,0.0,0.0,1.0
4073,32983,Denzel Gregg,St. Bonaventure,1.0,0.4444444444444444,1.0,0.0
4074,32986,Braiten Madrigal,Boston University,0.0,0.0,0.0,1.0
4075,32989,Sterling Brown,SMU,0.75,0.36363636363636365,0.4,0.9411764705882353
4076,32991,Ben Moore,SMU,0.9,0.5483870967741935,0.4090909090909091,0.0
4077,33005,Marcus Fillyaw,Southern Illinois,0.0,0.16666666666666666,0.42857142857142855,0.875
4078,33013,Cameron Curry,Boston University,0.0,0.0,0.0,1.0
4079,33017,Jeremy Adams,Grand Canyon,0.0,0.0,0.25,1.0
4080,33018,Desmond Fleming,Cornell,0.0,0.0,0.0,0.0
4081,33019,Robert Hatter,Cornell,0.0,0.06666666666666667,0.1,0.88
4082,33021,Scott Kingsley,Fairleigh Dickinson,0.0,0.5454545454545454,0.0,0.9230769230769231
4083,33023,Braxston Bunce,Cornell,0.0,0.0,0.0,0.0
4084,33026,Jojo Fallas,Cornell,0.0,0.0,0.0,0.0
4085,33028,Brandon Allums,Texas,0.0,0.0,0.0,0.0
4086,33033,Tarale Murry,Texas,0.0,0.0,0.0,0.0
4087,33037,Demetrius Moore,Indiana St.,0.0,0.4594594594594595,0.5714285714285714,1.0
4088,33039,Blake Simmons,Evansville,0.0,0.5,0.6333333333333333,0.972972972972973
4089,33041,Lamond Murray Jr.,Pepperdine,0.0,0.5714285714285714,0.4,0.6666666666666666
4090,33058,Jack Karapetyan,Kansas St.,0.0,1.0,0.0,0.0
4091,33065,Kenneth Lowe,Green Bay,1.0,0.5,0.0,0.0
4092,33066,Lamin Fulton,Green Bay,0.0,0.25,0.25,0.875
4093,33067,Vincent Garrett,Green Bay,0.5,0.23529411764705882,0.5,1.0
4094,33069,Darryl Reynolds,Villanova,1.0,1.0,0.0,0.0
4095,33071,Turner Botz,Green Bay,0.0,0.0,0.0,1.0
4096,33072,Tevin Findlay,Green Bay,0.0,0.4375,0.0,0.0
4097,33074,Dylan Chatman,Eastern Illinois,0.0,0.05,0.1111111111111111,0.9142857142857143
4098,33075,Luke Piotrowski,Eastern Illinois,0.7142857142857143,0.5172413793103449,0.5,0.0
4099,33077,Jake Verhagen,Eastern Illinois,0.0,1.0,0.0,1.0
4100,33078,Anthony Johnson,Eastern Illinois,0.0,0.5,0.0,1.0
4101,33079,Mat Piotrowski,Eastern Illinois,0.0,1.0,1.0,1.0
4102,33083,Omar Prewitt,William & Mary,0.0,0.3409090909090909,0.125,0.9148936170212766
4103,33087,Trae Golden,Georgia Tech,0.0,0.35714285714285715,0.22857142857142856,0.717391304347826
4104,33088,Anell Alexis,Norfolk St.,0.0,0.5,0.4,0.8947368421052632
4105,33089,Brandon Reed,Arkansas St.,1.0,0.2857142857142857,0.10714285714285714,0.8717948717948718
4106,33091,Leron Fisher,Longwood,0.0,0.16,0.2857142857142857,1.0
4107,33092,Latre'E Russell,Norfolk St.,0.0,0.25,1.0,0.0
4108,33094,Dion Watson,Grambling St.,0.0,0.0,0.0,1.0
4109,33098,Tyler Ptacek,Evansville,0.0,0.0,0.0,1.0
4110,33102,Dezmyn Trent,Boise St.,0.0,0.0,1.0,0.75
4111,33107,Jevon Patton,Loyola MD,0.0,0.0,0.0,0.0
4112,33109,Denzel Livingston,Incarnate Word,0.5714285714285714,0.22641509433962265,0.0,0.5862068965517241
4113,33111,Ed Dyson,Austin Peay,0.8333333333333334,0.4,0.3157894736842105,1.0
4114,33112,Fred Garmon,Austin Peay,0.0,0.4,0.5,0.6666666666666666
4115,33113,Hikeem Champaigne,Savannah St.,0.875,0.7,0.6666666666666666,0.0
4116,33120,Chris Walker,Florida,1.0,0.6666666666666666,0.75,0.0
4117,33122,Cazmon Hayes,Delaware,0.0,0.15384615384615385,0.0,1.0
4118,33127,Danrad Knowles,Houston,0.85,0.631578947368421,0.7857142857142857,0.9
4119,33129,Gregory Hayden,Hampton,0.0,0.0,0.0,1.0
4120,33130,Phillip Reed,Hampton,0.0,0.0,0.0,0.0
4121,33131,Malcolm Moore,Milwaukee,1.0,0.6666666666666666,0.8,1.0
4122,33132,Duda Sanadze,San Diego,0.0,0.40476190476190477,0.23255813953488372,0.8695652173913043
4123,33133,Luke Moyer,Campbell,0.0,0.0,0.4,0.8205128205128205
4124,33140,Drick Bernstine,Denver,0.0,0.6666666666666666,1.0,0.0
4125,33142,Patrick Costello,Stephen F. Austin,0.0,0.0,0.0,0.0
4126,33146,Markus Terry,Presbyterian,1.0,0.4222222222222222,0.24,0.8
4127,33148,Jevon Lyle,Milwaukee,0.3333333333333333,0.5,0.2,1.0
4128,33149,Matt Tiby,Milwaukee,1.0,0.44594594594594594,0.26666666666666666,0.9565217391304348
4129,33151,Ed Drew,Presbyterian,1.0,0.5333333333333333,0.36363636363636365,0.0
4130,33152,Will Adams,Presbyterian,0.0,0.0,1.0,1.0
4131,33159,Mike Kobani,Appalachian St.,0.0,0.43478260869565216,0.4,0.0
4132,33160,Reggie Agbeko,Saint Louis,0.0,0.45454545454545453,0.0,0.0
4133,33163,Daniel Gomis,Oregon St.,0.6666666666666666,0.48148148148148145,0.5,0.0
4134,33169,Greg Lewis,Rutgers,1.0,0.46153846153846156,0.75,0.0
4135,33182,Dashaun Wiggins,Portland St.,0.0,0.2727272727272727,0.17142857142857143,0.8620689655172413
4136,33184,Jahmel Taylor,Washington,0.0,1.0,0.0,1.0
4137,33186,Nigel Williams-Goss,Washington,0.0,0.32,0.16279069767441862,0.84375
4138,33188,Jacob Raspopovich,UT Rio Grande Valley,0.0,0.0,0.0,0.0
4139,33198,Nikola Jovanovic,USC,1.0,0.6440677966101694,0.3333333333333333,1.0
4140,33201,Octavius Green,Lamar,0.0,0.5714285714285714,0.5,1.0
4141,33203,Julian Jacobs,USC,0.8125,0.45,0.25,1.0
4142,33204,Preston Mattingly,Lamar,0.0,0.5,0.0,0.8
4143,33213,Reger Dowell,UT Arlington,0.5,0.08450704225352113,0.0,0.6375
4144,33214,Tarik Black,Kansas,0.8636363636363636,0.6612903225806451,0.5833333333333334,0.0
4145,33217,Brian Rohleder,Kansas St.,0.0,0.0,1.0,0.0
4146,33219,Eric Wortham Jr.,Middle Tennessee,0.0,0.25,0.0,1.0
4147,33222,Xavier Lundy,Rider,0.0,0.5,0.0,0.0
4148,33223,Brandon Channer,Rider,0.0,0.0,0.0,1.0
4149,33227,Ryan Taylor,Marshall,0.7,0.40540540540540543,0.5172413793103449,1.0
4150,33228,Arthur Edwards,New Mexico,0.0,0.0,1.0,1.0
4151,33229,Marquan Botley,Florida Atlantic,0.0,0.21739130434782608,0.16666666666666666,0.7666666666666667
4152,33232,Deshawn Delaney,New Mexico,1.0,0.43478260869565216,0.7,1.0
4153,33234,Anthony 'Cat' Barber,N.C. State,0.0,0.08,0.021739130434782608,0.8333333333333334
4154,33235,Desmond Lee,N.C. State,0.8333333333333334,0.42592592592592593,0.0,0.9047619047619048
4155,33236,Kyle Gonzalez,Radford,0.0,0.0,0.0,0.0
4156,33237,Cedric Hankerson,Boston University,0.0,0.25,0.0,0.95
4157,33238,Eric Rippetoe,Southern Utah,0.0,0.0,0.5,1.0
4158,33239,Dylan Haines,Boston University,0.0,0.0,0.5,1.0
4159,33245,Jon Harris,Cleveland St.,0.6666666666666666,0.5737704918032787,0.75,1.0
4160,33246,Joe Ebondo,Old Dominion,1.0,0.3333333333333333,0.5,0.0
4161,33253,Andell Cumberbatch,St. Bonaventure,0.4,0.26,0.2631578947368421,0.8181818181818182
4162,33257,Christian Gore,TCU,0.0,0.5714285714285714,0.5,1.0
4163,33260,Cody Johnson,Loyola Chicago,0.0,0.6923076923076923,0.6,1.0
4164,33266,Nolan Long,Wagner,0.0,0.42857142857142855,1.0,0.0
4165,33275,Trey Kennedy,Southern Utah,0.5,0.19444444444444445,0.027777777777777776,0.3333333333333333
4166,33276,John Marshall,Southern Utah,0.0,0.17857142857142858,0.26666666666666666,1.0
4167,33277,Liam Thomas,Nicholls St.,1.0,0.8518518518518519,0.6666666666666666,0.0
4168,33279,Juwan Major,Southern Utah,0.3333333333333333,0.2916666666666667,0.5217391304347826,1.0
4169,33280,Taylor Jenson,Southern Utah,0.0,0.0,0.0,1.0
4170,33282,Race Parsons,Southern Utah,0.0,0.5,0.0,0.8888888888888888
4171,33286,Casey Oliverson,Southern Utah,0.7777777777777778,0.5818181818181818,0.46153846153846156,1.0
4172,33287,Paris Lee,Illinois St.,0.0,0.36,0.16666666666666666,0.9722222222222222
4173,33288,Daishon Knight,Illinois St.,0.0,0.2631578947368421,0.3137254901960784,0.7555555555555555
4174,33291,Tyus Bowser,Houston,0.0,0.0,0.0,0.0
4175,33296,Malik Harmon,Saint Francis,0.0,0.05555555555555555,0.0,0.8888888888888888
4176,33299,Dan Garvin,Bryant,0.7142857142857143,0.5128205128205128,0.35,1.0
4177,33302,Ellis Williams,Bryant,0.0,1.0,1.0,0.0
4178,33306,De'Runnya Wilson,Mississippi St.,0.0,1.0,0.0,0.0
4179,33311,Myles Davis,Xavier,0.0,0.2857142857142857,0.3333333333333333,0.926829268292683
4180,33324,Steve Smith,Fairfield,0.0,1.0,0.0,0.9047619047619048
4181,33328,Jalen Moore,Utah St.,0.8,0.7272727272727273,0.8125,1.0
4182,33330,Javion Watson,Long Beach St.,0.0,0.0,0.0,1.0
4183,33335,Malcolm Brogdon,Virginia,0.0,0.19696969696969696,0.325,0.9090909090909091
4184,33336,Tony Kynard,Bethune Cookman,0.0,0.058823529411764705,0.047619047619047616,0.6666666666666666
4185,33338,Antonio Campbell,Ohio,1.0,0.7021276595744681,0.75,1.0
4186,33339,Wadly Mompremier,Ohio,1.0,0.6666666666666666,0.0,0.0
4187,33340,Maurice Ndour,Ohio,0.7073170731707317,0.5607476635514018,0.509090909090909,0.9473684210526315
4188,33342,Kieffer Jordan,Army,0.0,0.0,0.5,1.0
4189,33345,Alex Thompson,Auburn,0.0,0.0,0.5,1.0
4190,33354,A.J. Spencer,Long Beach St.,1.0,0.5087719298245614,0.32432432432432434,0.9090909090909091
4191,33355,Tyler Livingston,UMass Lowell,0.0,0.8333333333333334,0.6666666666666666,0.9545454545454546
4192,33361,Connor Devine,South Dakota St.,1.0,0.5714285714285714,0.0,0.0
4193,33365,Cortell Busby,IU Indy,0.0,0.0,0.0,0.0
4194,33372,Marquis Wright,Siena,0.0,0.3448275862068966,0.34615384615384615,1.0
4195,33373,Tevin Broyles,New Orleans,0.5,0.21739130434782608,0.07692307692307693,0.8571428571428571
4196,33374,Kahlil Dukes,USC,0.0,0.5,0.5,0.9090909090909091
4197,33379,Justin Brickman,Bryant,0.0,0.0,0.0,0.0
4198,33382,Anson Moye,Long Beach St.,0.0,1.0,0.0,0.5
4199,33386,Pe'Shon Howard,USC,0.0,0.16279069767441862,0.35294117647058826,0.7045454545454546
4200,33388,Marcus Allen,Stanford,0.0,0.1875,0.25,1.0
4201,33389,Matt Brown,Harvard,0.0,0.0,0.0,0.0
4202,33390,Marko Pirovic,Maine,1.0,0.5625,0.6666666666666666,1.0
4203,33393,Erik Nissen,Maine,0.0,0.0,0.0,0.0
4204,33396,Jake Flaggert,UTEP,0.5,0.4,1.0,1.0
4205,33397,Sean-Michael King,Old Dominion,0.0,0.0,0.0,0.0
4206,33398,Desmond Ross,Long Beach St.,0.0,0.5,0.0,1.0
4207,33399,Richard Amardi,Oregon,0.7857142857142857,0.5306122448979592,0.5641025641025641,1.0
4208,33400,Jason Calliste,Oregon,0.0,0.3225806451612903,0.42105263157894735,0.7692307692307693
4209,33401,Theo Friedman,Oregon,0.0,0.0,0.0,0.0
4210,33408,Kahlil Felder,Oakland,0.0,0.16981132075471697,0.1111111111111111,0.75
4211,33410,Jarod Williams,Detroit Mercy,0.625,0.39215686274509803,0.25,1.0
4212,33411,Matthew Grant,Detroit Mercy,0.0,0.45454545454545453,0.2857142857142857,0.8823529411764706
4213,33414,Rayshaun McGrew,Stony Brook,0.0,0.5666666666666667,0.7142857142857143,0.0
4214,33415,Kameron Mitchell,Stony Brook,0.0,0.0,0.0,0.875
4215,33417,Josh Hart,Villanova,0.75,0.5,0.2,1.0
4216,33418,Kris Jenkins,Villanova,0.0,0.7142857142857143,0.3333333333333333,0.9
4217,33422,Ashton Pankey,Manhattan,0.8823529411764706,0.6447368421052632,0.7142857142857143,0.0
4218,33426,Ege Mala,UC Irvine,0.0,0.0,0.0,0.0
4219,33429,Matt Smith,Binghamton,0.0,0.0,0.0,0.0
4220,33431,Xavier Williams,Alabama A&M,0.0,0.0,1.0,0.0
4221,33434,Javarez Willis,Ohio,0.0,0.36,0.0,0.72
4222,33435,Cole Walton,Sacred Heart,1.0,0.7727272727272727,1.0,0.0
4223,33437,Brandon Young,Georgia,0.0,0.0,0.0,0.0
4224,33438,Cameron Forte,Georgia,0.5,0.358974358974359,0.5384615384615384,0.0
4225,33439,Juwan Parker,Georgia,0.0,0.35714285714285715,0.0625,1.0
4226,33441,J.J. Frazier,Georgia,0.0,0.0,0.125,0.6521739130434783
4227,33442,Kenny Paul Geno,Georgia,0.0,0.2,1.0,1.0
4228,33454,Kuran Iverson,Memphis,0.8,0.3333333333333333,0.0,0.0
4229,33455,Nick King,Memphis,0.6666666666666666,0.5238095238095238,0.6,1.0
4230,33462,Jake McDowell,Memphis,0.0,1.0,0.0,0.0
4231,33536,M.J. Rhett,Tennessee St.,0.8181818181818182,0.55,0.42857142857142855,0.0
4232,33565,Jonathan Octeus,Colorado St.,0.5,0.4098360655737705,0.19444444444444445,0.9230769230769231
4233,33588,Dwight Tarwater,Cornell,0.0,0.19047619047619047,0.4117647058823529,0.9310344827586207
4234,33595,Jordan Omogbehin,South Florida,1.0,1.0,0.0,0.0
4235,33601,Cliff Cornish,High Point,1.0,0.6363636363636364,0.7142857142857143,0.0
4236,33636,Anthony Lee,Temple,0.95,0.6018518518518519,0.6136363636363636,1.0
4237,33695,Cody Joyce,Houston Christian,0.0,0.7804878048780488,0.5294117647058824,0.0
4238,33819,Byron Wesley,USC,0.6,0.422680412371134,0.27692307692307694,0.6521739130434783
4239,33848,Darius Stokes,Iowa,1.0,1.0,0.0,0.0
4240,33931,Max Heller,Loyola Marymount,0.0,0.0,0.0,0.0
4241,33970,Brandan Stith,East Carolina,0.5,0.59375,0.6666666666666666,0.0
4242,33975,Mike Washington Jr.,Princeton,0.0,0.0,0.0,0.0
4243,33983,Jimmy Barton,Houston Christian,0.0,0.3,0.1111111111111111,0.9230769230769231
4244,33989,D.J. Brown,San Jose St.,0.0,0.0,0.0,0.5333333333333333
4245,34018,Jordan Swopshire,Bradley,0.0,0.0,0.0,1.0
4246,34051,Desmond Simmons,Washington,1.0,0.7142857142857143,0.8333333333333334,1.0
4247,34097,Ian Chiles,IU Indy,0.0,0.09615384615384616,0.14285714285714285,0.7407407407407407
4248,34115,Nick Faust,Maryland,0.5652173913043478,0.5454545454545454,0.2727272727272727,0.8292682926829268
4249,34156,Ryan Anderson,Boston College,0.75,0.5353535353535354,0.43902439024390244,1.0
4250,34198,Alex Bates,Tennessee St.,0.0,0.0,1.0,0.0
4251,34227,Taylor Bessick,James Madison,0.6666666666666666,0.5652173913043478,0.47058823529411764,0.0
4252,34228,Jeylani Dublin,Longwood,0.0,0.5641025641025641,0.4897959183673469,0.0
4253,34259,Dominic Woodson,Memphis,0.6,0.5,0.625,0.0
4254,34267,Tyler Lewis,N.C. State,0.0,0.21052631578947367,0.09523809523809523,0.7333333333333333
4255,34293,Dave Nwaba,Cal Poly,0.5217391304347826,0.38461538461538464,0.2608695652173913,0.0
4256,34379,Eron Harris,West Virginia,1.0,0.48,0.29545454545454547,0.7640449438202247
4257,34384,Darren Payen,Hofstra,0.8571428571428571,0.5,0.6363636363636364,1.0
4258,34396,Travis Berry,Seton Hall,0.0,0.0,0.0,0.0
4259,34496,Jamal Aytes,UNLV,0.0,0.5,0.0,0.0
4260,34526,Paris Maragkos,George Washington,0.0,0.75,0.75,0.0
4261,34527,Aaron Adeoye,Western Kentucky,1.0,0.5384615384615384,0.625,1.0
4262,34594,Musa Abdul-Aleem,South Florida,0.0,0.5,0.6666666666666666,0.9375
4263,34753,Scotty Tyler,Idaho St.,0.0,0.8,0.8333333333333334,1.0
4264,34809,Egor Koulechov,Arizona St.,0.0,0.21052631578947367,0.4,1.0
4265,34874,Joey De La Rosa,FIU,0.0,0.0,0.0,0.0
4266,34878,Kevin Ware,Louisville,0.0,0.2,0.0,0.0
4267,34883,Bryce Dejean-Jones,UNLV,0.3333333333333333,0.22058823529411764,0.2127659574468085,0.6451612903225806
4268,34901,Arnaud William Adala Moto,Wake Forest,0.9333333333333333,0.4603174603174603,0.5,1.0
4269,35043,Janari Joesaar,Mississippi,0.0,0.2,0.5,1.0
4270,35119,Robert Hubbs,Tennessee,0.5,0.4,0.25,0.8888888888888888
4271,35324,Damien Wilson,Memphis,1.0,0.7142857142857143,0.0,1.0
4272,35327,Nathan Hawkins,Nebraska,0.0,1.0,0.0,1.0
4273,35334,Joell Hokins,Florida St.,1.0,1.0,0.0,0.0
4274,35411,Tyler Cavanaugh,Wake Forest,0.0,0.6222222222222222,0.4,0.8095238095238095
4275,35457,George Marshall,Wisconsin,0.0,0.0,0.0,0.0
4276,35574,Tim Williams,Samford,0.9411764705882353,0.6268656716417911,0.5084745762711864,0.0
4277,35616,Lucas Woodhouse,Longwood,0.0,0.14285714285714285,0.04,0.4318181818181818
4278,35643,Damian Goodwin,Southern,0.5,0.4375,0.625,1.0
4279,35815,Nick Shepherd,Long Beach St.,1.0,1.0,0.75,0.0
4280,35817,Chris Thomas,Marshall,0.6428571428571429,0.2222222222222222,0.5,0.85
4281,35862,Tashawn Thomas,Houston,0.7857142857142857,0.5364238410596026,0.37735849056603776,1.0
4282,35898,Roschon Prince,USC,1.0,0.5172413793103449,0.5714285714285714,0.0
4283,35902,Christian White,Monmouth,0.0,0.5,0.0,1.0
4284,35906,Steve Taylor Jr.,Marquette,0.0,0.7857142857142857,0.6666666666666666,1.0
4285,36080,Princeton Onwas,Utah,0.7,0.5,0.14285714285714285,0.75
4286,36115,Kaza Keane,Illinois St.,0.0,0.07142857142857142,0.0,1.0
4287,36157,David Cohn,Colorado St.,0.0,0.625,0.3333333333333333,0.6666666666666666
4288,36165,Aron Nwankwo,Pittsburgh,0.0,0.6666666666666666,0.0,1.0
4289,36251,Ikemefuna Ngwudo,Dartmouth,0.0,1.0,0.0,0.0
4290,36280,Jack Fenton,Colgate,0.0,0.3333333333333333,0.0,0.0
4291,36301,Sam Hunt,Jacksonville,0.0,0.0,0.0,0.75
4292,36311,Bobby King,Florida A&M,0.7142857142857143,0.3958333333333333,0.5454545454545454,0.0
4293,36377,Shaquille Thomas,Cincinnati,0.6666666666666666,0.425,0.29545454545454547,1.0
4294,36543,Isah Patterson,Grambling St.,0.0,0.0,0.0,0.0
4295,36579,Dusty Hannahs,Texas Tech,0.0,0.4,0.16666666666666666,0.7560975609756098
4296,36602,Josh Ritchart,UC Davis,1.0,0.6818181818181818,0.42857142857142855,0.9411764705882353
4297,36666,Solomon Poole,Georgia Tech,0.6,0.4444444444444444,0.0,0.65
4298,36690,Jamaal Samuel,Illinois St.,1.0,0.6666666666666666,0.4,1.0
4299,36880,K.C. Ross-Miller,New Mexico St.,0.0,0.1,0.0,0.7916666666666666
4300,36929,Matt Van Scyoc,The Citadel,1.0,0.5483870967741935,0.5526315789473685,0.9259259259259259
4301,36941,Jonathan Arledge,George Mason,0.0,0.0,0.0,0.0
4302,36960,Wayne Sparrow,Richmond,0.5,0.23809523809523808,0.15384615384615385,1.0
4303,36970,Luke Doyle,Nicholls St.,0.0,0.3333333333333333,0.5,0.96
4304,36982,Marco Banegas-Flores,Northeastern,0.0,0.06666666666666667,0.0,1.0
4305,37037,Eric McClellan,Vanderbilt,0.6666666666666666,0.275,0.16666666666666666,0.5
4306,37070,Mike Aaman,Rhode Island,0.0,0.5,0.0,0.0
4307,37071,Ish Wainright,Baylor,0.5,0.6,0.25,1.0
4308,37087,Jon Horford,Michigan,0.9444444444444444,0.7142857142857143,0.4,0.0
4309,37115,Pierre Crawford,Florida A&M,0.0,0.35294117647058826,0.3,0.0
4310,37219,Cody Doolin,San Francisco,0.0,0.1,0.3333333333333333,1.0
4311,37229,Theo Johnson,Charleston,0.5,0.4444444444444444,0.25,1.0
4312,37235,James Johnson,San Diego St.,1.0,0.5,0.0,0.0
4313,37257,Jerome Hunter,Alabama A&M,1.0,0.75,0.4,0.0
4314,37281,Richaud Pack,North Carolina A&T,0.0,0.3492063492063492,0.2222222222222222,0.8367346938775511
4315,37317,Chad Donley,Liberty,0.0,0.0,0.0,1.0
4316,37395,Demetris Morant,UNLV,0.0,0.5,1.0,0.0
4317,37465,Nick Banyard,New Mexico,1.0,0.8571428571428571,0.8571428571428571,1.0
4318,37560,A.J. Lapray,Oregon,0.0,0.0,0.0,0.0
4319,37604,Jeremiah Davis III,Cincinnati,0.0,0.5,0.0,0.0
4320,37653,Alex Gavrilovic,Dayton,1.0,0.9,0.0,1.0
4321,37670,Freddie Wilson,Drexel,0.0,0.5714285714285714,0.0,0.875
4322,37672,Wally Ellenson,Minnesota,1.0,1.0,0.5,1.0
4323,37710,Tom Rivard,James Madison,0.0,0.5,0.0,0.0
4324,37750,Elijah Brown,Butler,1.0,0.5555555555555556,0.14814814814814814,0.7777777777777778
4325,37821,Dwight Smith,Colorado St.,1.0,0.7272727272727273,0.4,1.0
4326,37948,Leon Tolksdorf,Connecticut,0.0,0.3333333333333333,0.0,0.6666666666666666
4327,38006,Tommy Williams,Delaware,0.0,0.0,0.0,0.0
4328,38009,Davonté Lacy,Washington St.,0.1111111111111111,0.16666666666666666,0.2222222222222222,0.6805555555555556
4329,38041,Nolan Cressler,Cornell,0.0,0.1590909090909091,0.2777777777777778,0.8484848484848485
4330,38045,Viktor Juricek,South Alabama,0.0,0.0,0.0,0.0
4331,38049,Peter Jurkin,Indiana,0.0,0.0,0.0,0.0
4332,38149,Cole Huff,Nevada,0.0,0.1794871794871795,0.5882352941176471,0.8928571428571429
4333,38284,Demarco Cox,Mississippi,1.0,0.75,0.2857142857142857,0.0
4334,38387,Aaron Liberman,Northwestern,0.0,0.0,0.0,0.0
4335,38457,Jermaine Lawrence,Cincinnati,0.8,0.4,0.6153846153846154,0.0
4336,38500,Chad Lang,Belmont,1.0,0.6842105263157895,0.3333333333333333,0.0
4337,38522,Deverell Biggs,Nebraska,0.0,0.1111111111111111,0.11764705882352941,0.8333333333333334
4338,38549,Lewis Cramer,Sacred Heart,0.0,0.0,0.0,0.0
4339,38586,Gary Ricks Jr.,Drake,0.0,0.2857142857142857,0.0,0.7058823529411765
4340,38588,Nimrod Hilliard,Lamar,0.0,0.2,0.02631578947368421,0.46511627906976744
4341,38618,Isaiah Williams,Samford,0.0,0.18421052631578946,0.17391304347826086,0.8717948717948718
4342,38698,Miles Overton,Wake Forest,0.0,0.3333333333333333,0.6,0.9333333333333333
4343,38703,Monté Morris,Iowa St.,0.0,0.4838709677419355,0.1111111111111111,0.9642857142857143
4344,38725,Anthony Beane Jr.,Southern Illinois,0.375,0.21428571428571427,0.08196721311475409,0.8627450980392157
4345,38733,Hallice Cooke,Oregon St.,0.0,0.2857142857142857,0.18518518518518517,0.5853658536585366
4346,38780,Isaiah Watkins,Duquesne,0.0,1.0,0.6666666666666666,0.0
4347,38786,Nick Osborne,Loyola Chicago,1.0,0.8484848484848485,0.7894736842105263,1.0
4348,38789,Matt O'Leary,Loyola Chicago,1.0,0.6896551724137931,1.0,1.0
4349,38810,Darell Combs,Eastern Michigan,0.0,0.1,0.0,0.7272727272727273
4350,38842,Christian Griggs-Williams,Long Beach St.,0.0,0.8,0.4,0.0
4351,38843,Matt MacDonald,Fairleigh Dickinson,0.0,0.375,0.3333333333333333,0.98
4352,38866,Dwight Coleby,Mississippi,0.7,0.6,0.25,0.0
4353,38874,Davonte Fitzgerald,Texas A&M,1.0,0.5217391304347826,0.5714285714285714,0.8333333333333334
4354,38917,James Bourne,Winthrop,0.0,0.5769230769230769,0.6,0.0
4355,38933,Jermaine Davis,La Salle,1.0,0.5,0.0,0.0
4356,39062,James Kelly,Miami FL,0.7857142857142857,0.5862068965517241,0.6666666666666666,1.0
4357,39069,Kyle Washington,N.C. State,1.0,0.7222222222222222,0.6296296296296297,0.0
4358,39083,Calaen Robinson,Arizona St.,0.0,0.0,0.0,0.7142857142857143
4359,39125,Torren Jones,Missouri,0.75,0.38095238095238093,0.5,0.0
4360,39174,Valerio Altheimer,Grambling St.,0.0,0.6666666666666666,0.0,0.0
4361,39221,Nick Madray,Binghamton,0.0,0.52,0.3125,0.9428571428571428
4362,39403,James White,Little Rock,0.84375,0.6818181818181818,0.5666666666666667,1.0
4363,39406,Devin Carter,Kent St.,0.0,0.0,0.0,1.0
4364,39432,Rene Castro,Butler,0.0,0.0,0.0,1.0
4365,39458,Jordan Potts,UNC Greensboro,0.0,0.16666666666666666,0.0,0.5757575757575758
4366,39468,Anton Grady,Cleveland St.,0.8333333333333334,0.671875,0.6538461538461539,1.0
4367,39486,Kamari Murphy,Oklahoma St.,0.8181818181818182,0.5918367346938775,0.7878787878787878,0.0
4368,39488,Ahmad Fields,Utah,0.0,0.6,0.0,0.5
4369,39493,Dominic Artis,Oregon,1.0,0.3125,0.0,0.5
4370,39540,Sterling Smith,Coppin St.,1.0,0.5,0.5555555555555556,0.896551724137931
4371,39542,Xzavier Taylor,Bradley,1.0,0.5,0.36,0.0
4372,39624,Will Magarity,Boston College,1.0,0.8125,0.4,1.0
4373,39625,Deandre Haywood,Delaware St.,0.25,0.24242424242424243,0.5,1.0
4374,39645,Leron Barnes,Houston,1.0,0.8095238095238095,0.6,0.75
4375,39792,Hudson Price,TCU,0.0,0.5,0.5,1.0
4376,39795,Max Bielfeldt,Michigan,0.0,0.0,0.3333333333333333,1.0
4377,39822,Rafael Maia,Brown,0.6,0.4696969696969697,0.8333333333333334,1.0
4378,39870,Four McGlynn,Towson,0.0,0.5714285714285714,0.4,0.8695652173913043
4379,39871,Ronnye Beamon,Youngstown St.,0.0,0.0,0.0,0.0
4380,39885,Payton Hulsey,Western Kentucky,0.0,0.6666666666666666,0.2727272727272727,0.6
4381,39888,Richard Romeo,West Virginia,0.0,0.0,0.0,0.0
4382,39904,Adonis Filer,Clemson,0.0,0.11764705882352941,0.0,0.7894736842105263
4383,39953,Rasheed Sulaimon,Duke,0.0,0.13793103448275862,0.25925925925925924,0.8837209302325582
4384,40001,Joe Rahon,Boston College,0.0,0.07894736842105263,0.06666666666666667,0.8888888888888888
4385,40027,Sam Finley,UC Riverside,0.0,0.125,0.2894736842105263,0.8333333333333334
4386,40071,Khari Price,Dayton,0.0,0.3076923076923077,0.0,0.8695652173913043
4387,40138,Demetrius Pollard,Northeastern,0.0,0.1724137931034483,0.3333333333333333,0.9090909090909091
4388,40207,Jordan Gathers,St. Bonaventure,0.5,0.37142857142857144,0.5384615384615384,0.8055555555555556
4389,40225,K.J. Bluford,Iowa St.,0.0,0.0,0.5,1.0
4390,40227,Grant Ellis,Iona,0.0,0.5,0.0,1.0
4391,40251,Ramone Snowden,Niagara,0.0,0.36,0.0,0.9310344827586207
4392,40284,Kyle Meyer,Iowa,0.0,0.0,0.0,1.0
4393,40326,Dylan Johns,Texas A&M,0.6666666666666666,0.75,0.5,0.0
4394,40330,Andrew Rowsey,UNC Asheville,0.0,0.09615384615384616,0.0,0.5625
4395,40341,Kwan Cheatham Jr.,Akron,0.0,0.3333333333333333,0.0,0.9
4396,40435,Glen Pierre Jr.,Charleston,0.0,0.0,0.0,0.0
4397,40437,Johnathan Burroughs-Cook,Charleston,0.0,0.0,0.0,0.6666666666666666
4398,40445,Leantwan Luckett,Alcorn St.,0.4166666666666667,0.20833333333333334,0.21951219512195122,0.7272727272727273
4399,40469,Darryl Palmer,South Carolina St.,0.7647058823529411,0.48,0.55,0.8571428571428571
4400,40499,Josh Fortune,Providence,0.0,0.6428571428571429,0.4838709677419355,0.9107142857142857
4401,40566,Joshea Singleton,Bucknell,0.0,0.0,0.0,0.0
4402,40656,Dejuan Marrero,DePaul,0.0,0.36363636363636365,0.0,0.0
4403,40660,Zach Dickerson,Eastern Illinois,0.0,0.25,0.5384615384615384,0.8571428571428571
4404,40664,Uros Ljeskovic,Coastal Carolina,0.5,0.4666666666666667,0.3333333333333333,0.0
4405,40738,Iman Johnson,Maryland Eastern Shore,0.0,0.5,0.0,0.0
4406,40760,Kethan Savage,George Washington,0.3333333333333333,0.25,0.10526315789473684,0.8333333333333334
4407,40783,Tyler Roberson,Syracuse,0.5,0.5714285714285714,0.8571428571428571,0.0
4408,40784,Joshua Ko,Pittsburgh,0.0,0.0,0.5,1.0
4409,40849,Mark Tollefsen,San Francisco,0.9583333333333334,0.6363636363636364,0.5263157894736842,0.9354838709677419
4410,40889,Alex Foster,Texas Tech,1.0,0.29411764705882354,0.0,0.0
4411,40958,Darius Thompson,Tennessee,0.4,0.2857142857142857,0.0,1.0
4412,41006,Frank Mason,Kansas,1.0,0.3225806451612903,0.14285714285714285,0.5
4413,41051,Jacorey Williams,Arkansas,0.6666666666666666,0.5909090909090909,0.5555555555555556,1.0
4414,41064,Jequan Lewis,VCU,0.0,0.0,0.08333333333333333,0.875
4415,41081,Trey Lewis,Cleveland St.,0.0,0.25,0.0,0.6964285714285714
4416,41108,Lonnie Jackson,Boston College,0.0,0.3,0.0,0.8653846153846154
4417,41122,Rashad Muhammad,San Jose St.,1.0,0.42857142857142855,0.4444444444444444,0.7647058823529411
4418,41131,Kendall Smith,UNLV,0.0,0.5,0.0,1.0
4419,41164,Zach Lewis,Canisius,0.0,0.28,0.23076923076923078,0.8888888888888888
4420,41180,Shawndre' Jones,Richmond,0.0,0.5,0.08695652173913043,0.8529411764705882
4421,41224,Jernard Jarreau,Washington,0.0,0.0,0.0,0.0
4422,41291,Schuyler Rimmer,Stanford,0.0,1.0,0.0,0.0
4423,41319,Josh Newkirk,Pittsburgh,0.6666666666666666,0.55,0.42105263157894735,1.0
4424,41343,Kenny Kaminski,Michigan St.,0.0,0.5833333333333334,0.6666666666666666,1.0
4425,41401,Stanford Robinson,Indiana,0.6666666666666666,0.32608695652173914,0.16,0.6666666666666666
4426,41447,Damyean Dotson,Oregon,0.75,0.4727272727272727,0.5142857142857142,0.9230769230769231
4427,41448,Tarekeyi Edogi,Tulsa,0.0,0.0,0.0,0.0
4428,41450,Jonathan Stark,Tulane,0.0,0.17647058823529413,0.09375,0.3953488372093023
4429,41466,Jordan Reed,Binghamton,0.6,0.3258426966292135,0.45161290322580644,0.6428571428571429
4430,41478,Steven Burroughs,North Carolina A&T,1.0,0.9,0.0,0.0
4431,41487,Austin Nichols,Memphis,0.9310344827586207,0.8431372549019608,0.9032258064516129,0.0
4432,41531,Clemmye Owens,Bethune Cookman,1.0,0.3958333333333333,0.0,0.796875
4433,41538,Joe Kuligoski,Jacksonville St.,0.0,1.0,0.5,1.0
4434,41550,Scott King,Stony Brook,1.0,0.6666666666666666,1.0,0.8235294117647058
4435,41558,Justin Jenkins,Fairfield,0.0,0.13333333333333333,0.25,0.45454545454545453
4436,41721,Robert Carter Jr.,Georgia Tech,0.8,0.6046511627906976,0.4418604651162791,0.9285714285714286
4437,41739,Ahmad Walker,Stony Brook,0.8888888888888888,0.5066666666666667,0.16666666666666666,0.5
4438,41771,Jeremy Hollowell,Indiana,1.0,0.34375,0.5,1.0
4439,41772,Hanner Mosquera-Perea,Indiana,0.75,0.6363636363636364,1.0,0.0
4440,41780,Nick Jacobs,Alabama,0.6666666666666666,0.5434782608695652,0.7619047619047619,0.0
4441,41785,James Harrison,New Orleans,1.0,0.6,0.2857142857142857,0.9545454545454546
4442,41861,Ron Patterson,Syracuse,0.0,0.6666666666666666,1.0,0.8333333333333334
4443,41867,Jaren Sina,Seton Hall,0.0,0.1,0.25,0.631578947368421
4444,41984,Jarelle Reischel,Rhode Island,0.5,0.4473684210526316,0.6,1.0
4445,41987,Dylan Ennis,Villanova,1.0,0.5,0.0,0.84
4446,42051,Orlando Coleman,Kennesaw St.,0.7272727272727273,0.5409836065573771,0.18181818181818182,0.9411764705882353
4447,42134,KC Caudill,Boston College,0.0,0.6666666666666666,0.8,0.0
4448,42255,Naz Long,Iowa St.,0.0,0.7368421052631579,0.0,0.953125
4449,42296,Shane Whitfield,Lehigh,0.0,0.7037037037037037,0.42857142857142855,1.0
4450,42355,Austin Colbert,Illinois,0.8333333333333334,0.7777777777777778,0.25,0.0
4451,42469,Trey Moore,UTSA,0.0,0.0,0.0,0.0
4452,42481,Matthew Atewe,Auburn,0.6666666666666666,0.6,0.5,0.0
4453,42485,Devon Walker,Florida,1.0,0.5,0.75,0.9473684210526315
4454,42518,Mike Thorne,Charlotte,0.896551724137931,0.654320987654321,0.4358974358974359,0.0
4455,42519,Rashawn Stores,Manhattan,0.0,0.07142857142857142,0.5,0.8787878787878788
4456,42535,Olalekan Ajayi,Eastern Michigan,0.0,0.0,0.0,0.0
4457,42623,Anton Gill,Louisville,0.0,0.0,1.0,1.0
4458,42644,Clyde Santee,Massachusetts,0.0,0.6,0.0,1.0
4459,42650,Matthew Butler,Rhode Island,0.0,0.5,0.0,0.8571428571428571
4460,42693,Jordan Pickett,Loyola Chicago,0.0,0.0,1.0,0.0
4461,42744,Jake Kocher,Texas A&M Corpus Chris,0.0,0.4634146341463415,0.3,0.9333333333333333
4462,42783,Shane Rillieux,Nicholls St.,0.0,0.36666666666666664,0.3125,0.7142857142857143
4463,42794,Je'Lon Hornbeak,Oklahoma,0.0,0.15,0.14285714285714285,0.7692307692307693
4464,42832,Terrence Samuel,Connecticut,0.0,0.3888888888888889,0.6666666666666666,0.0
4465,42839,Joshua White,South Dakota St.,0.0,0.0,0.0,0.0
4466,42849,Matt Donlan,South Dakota St.,0.0,0.0,0.0,0.0
4467,42900,Alonzo Nelson-Ododa,Richmond,0.625,0.5121951219512195,0.3684210526315789,1.0
4468,42903,Akoy Agau,Louisville,1.0,0.4,0.0,0.0
4469,42925,Brandon Randolph,Xavier,0.0,0.45454545454545453,0.10526315789473684,1.0
4470,42927,Jajuan Johnson,Marquette,0.25,0.2857142857142857,0.36363636363636365,0.8888888888888888
4471,42959,Jabbar Singleton,Oral Roberts,0.0,0.18181818181818182,0.125,0.9375
4472,42982,Marcus Bryan,Charlotte,1.0,0.6785714285714286,0.8235294117647058,0.0
4473,43040,Charles Cooke,James Madison,0.5,0.28125,0.07894736842105263,0.6428571428571429
4474,43041,Skyler White,George Washington,0.0,0.0,0.0,1.0
4475,43098,Jeremiah Worthem,Robert Morris,0.0,0.30434782608695654,0.45454545454545453,0.6666666666666666
4476,43118,Gabe Levin,Loyola Marymount,0.7894736842105263,0.6507936507936508,0.6,1.0
4477,43132,Torlorf Thomas,Georgia Southern,0.0,0.2,0.0,0.75
4478,43163,Cahli Thomas,Delaware St.,0.0,1.0,0.0,0.0
4479,43165,Kevin Yogi Ferrell,Indiana,0.0,0.08695652173913043,0.02857142857142857,0.45454545454545453
4480,43256,Grandy Glaze,Saint Louis,0.7142857142857143,0.6744186046511628,0.4444444444444444,0.0
4481,43263,Rakia Battle,Alabama A&M,0.0,0.0,0.0,1.0
4482,43279,Adam Smith,Virginia Tech,0.0,0.14285714285714285,0.1111111111111111,0.5833333333333334
4483,43289,Denzel Ingram,Charlotte,0.0,0.2857142857142857,0.2,0.926829268292683
4484,43321,Angel Nunez,Gonzaga,0.875,0.6521739130434783,0.0,1.0
4485,43328,Wesley Alcegaire,Liberty,0.0,0.2,0.0,0.0
4486,43351,Tra'Vaughn White,Duquesne,0.0,0.45454545454545453,0.4090909090909091,0.8695652173913043
4487,43364,Adam Glenville,Oral Roberts,0.0,0.0,0.0,0.0
4488,43372,Nick Stover,Loyola Marymount,0.5,0.37037037037037035,0.625,1.0
4489,43386,Reggie Upshaw Jr.,Middle Tennessee,0.625,0.5,0.2727272727272727,1.0
4490,43432,Desmond Ridenour,Duquesne,0.0,0.15151515151515152,0.23076923076923078,1.0
4491,43439,Zavier Turner,Ball St.,0.0,0.05555555555555555,0.3,0.8392857142857143
4492,43477,Deyshonee Much,Buffalo,1.0,1.0,0.3333333333333333,0.8
4493,43492,Chance Murray,Arizona St.,0.0,0.6666666666666666,0.0,0.8571428571428571
4494,43530,William Gates Jr.,Furman,0.0,0.4117647058823529,0.36666666666666664,0.8260869565217391
4495,43533,Jevon Thomas,Kansas St.,0.0,0.2222222222222222,0.0,1.0
4496,43551,Donivine Stewart,SIU Edwardsville,0.0,0.15942028985507245,0.09090909090909091,0.5853658536585366
4497,43626,Devince Boykins,Marshall,0.8181818181818182,0.6842105263157895,0.0,1.0
4498,43745,Marcus Marshall,Missouri St.,0.0,0.16666666666666666,0.0625,0.8095238095238095
4499,43751,Denton Koon,Princeton,0.0,0.43243243243243246,0.25,1.0
4500,43762,Dee Oldham,Tennessee Martin,0.0,0.2857142857142857,0.42857142857142855,0.9024390243902439
4501,43766,Ibrahim Djambo,Clemson,0.0,0.4,0.5,1.0
4502,43780,Mike Fleming,Dartmouth,0.0,0.3333333333333333,0.0,1.0
4503,43789,Jeff Beverly,Texas A&M Corpus Chris,0.0,0.5238095238095238,0.4838709677419355,0.8235294117647058
4504,43811,Khaliq Bedart Ghani,Yale,1.0,0.5,0.0,0.0
4505,43840,Sai Tummala,Arizona St.,0.0,0.0,1.0,1.0
4506,43860,Trevor Glassman,Manhattan,0.0,0.0,0.0,0.0
4507,43861,Jerome Frink,FIU,0.8888888888888888,0.6428571428571429,0.4166666666666667,1.0
4508,43873,Omari Grier,Bradley,0.0,0.30434782608695654,0.16666666666666666,0.8947368421052632
4509,43937,Javares Brent,Jackson St.,0.0,0.23076923076923078,0.125,0.8695652173913043
4510,43938,Willie Conner,Florida A&M,0.0,0.2,0.7,0.0
4511,43946,Evan Payne,Loyola Marymount,0.5555555555555556,0.34285714285714286,0.14035087719298245,0.5945945945945946
4512,44071,Jalen Bradley,Nebraska Omaha,0.0,0.5,0.5,0.8333333333333334
4513,44281,Siyani Chambers,Harvard,0.0,0.030303030303030304,0.05,0.86
4514,44562,Darrell Bowie,Northern Illinois,0.5,0.34285714285714286,0.3125,1.0
4515,44764,Prince Okoroh,Howard,0.6666666666666666,0.37349397590361444,0.43137254901960786,0.7857142857142857
4516,44900,Lew Evans,Tulsa,0.0,0.23809523809523808,0.5,0.9655172413793104
4517,45029,Jordan Mathews,California,1.0,0.5517241379310345,0.5416666666666666,0.9047619047619048
4518,45047,Devon Pekas,Liberty,0.0,0.0,0.0,0.0
4519,45129,Stephan Hawkins,Robert Morris,1.0,0.5277777777777778,0.8857142857142857,0.0
4520,45218,Hayes Garrity,Utah Valley,1.0,0.16666666666666666,0.15384615384615385,0.76
4521,45443,Shirmane Thomas,Tennessee Tech,0.0,0.2727272727272727,0.1,0.7
4522,45488,Bola Olaniyan,Southern Illinois,0.0,0.6428571428571429,0.16666666666666666,0.0
4523,45600,Johnathan Williams III,Missouri,0.7142857142857143,0.33962264150943394,0.29411764705882354,0.5
4524,45605,Ronnie Johnson,Purdue,0.0,0.16981132075471697,0.08163265306122448,0.7647058823529411
4525,45664,RJ White,UNC Greensboro,1.0,0.3617021276595745,0.27586206896551724,1.0
4526,45680,Kurt Karis,Chicago St.,0.0,0.125,0.5,0.0
4527,45893,Andre Washington,Wake Forest,1.0,0.4375,0.75,0.0
4528,45905,Steven Haney,UCF,0.0,1.0,0.0,1.0
4529,45984,Stevie Clark,Oklahoma St.,0.0,0.25,0.0,0.5
4530,46083,Noah Allen,UCLA,0.0,0.75,0.0,0.0
4531,46127,Kellen McCormick,Western Michigan,0.0,0.5,0.4,0.95
4532,46128,Connar Tava,Western Michigan,0.75,0.2962962962962963,0.07692307692307693,1.0
4533,46227,Andrew White III,Kansas,0.0,0.3333333333333333,0.0,1.0
4534,46337,Reggie Cameron,Georgetown,0.0,0.4444444444444444,0.5,0.96
4535,46525,Kendrick Nunn,Illinois,1.0,0.30434782608695654,0.3103448275862069,0.8064516129032258
4536,46542,Demetrius Dyson,Massachusetts,0.0,1.0,0.0,0.8
4537,46835,Tevon Saddler,UNC Greensboro,1.0,0.2826086956521739,0.16393442622950818,1.0
4538,47051,Mo Evans,Purdue Fort Wayne,0.0,0.30303030303030304,0.1111111111111111,0.8
4539,47275,Jason Boswell,FIU,1.0,0.23076923076923078,0.0,1.0
4540,47288,Christian Kessee,Coppin St.,0.0,0.0,0.0,1.0
4541,47382,Marcus Keene,Youngstown St.,0.0,0.23076923076923078,0.0,0.5625
4542,47412,Cullen Neal,New Mexico,0.0,0.1875,0.058823529411764705,0.8095238095238095
4543,47714,Maurius Hill,Little Rock,0.0,0.4444444444444444,0.75,0.0
4544,47733,Devin Davis,Indiana,1.0,0.4583333333333333,0.3333333333333333,0.0
4545,47812,Charles Buggs,Minnesota,0.0,0.75,1.0,1.0
4546,47876,Norville Carey,Southern Miss,1.0,0.75,0.5,0.0
4547,48253,Trevor Osborn,Purdue Fort Wayne,0.0,0.0,0.0,0.0
4548,48460,Kenneth Ogbe,Utah,1.0,0.6666666666666666,0.3333333333333333,1.0
4549,48584,Madison Jones,Wake Forest,1.0,0.3225806451612903,0.0,1.0
4550,48647,Grant Mullins,Columbia,0.0,0.29411764705882354,0.2,0.9411764705882353
4551,48786,Talbott Denny,Lipscomb,0.0,0.36,0.6666666666666666,0.5555555555555556
4552,48833,Luka Radovic,South Carolina St.,0.0,0.23529411764705882,0.6,0.0
4553,48884,Que Johnson,Washington St.,0.5,0.23529411764705882,0.3142857142857143,0.8979591836734694
4554,48889,Daniel Robinson,Iona,1.0,0.6666666666666666,1.0,0.0
4555,49098,Chris Harrison-Docks,Western Kentucky,0.0,0.0,0.16666666666666666,0.6888888888888889
4556,49126,Michael Hoffman,Lafayette,0.0,0.42857142857142855,0.7222222222222222,1.0
4557,49144,Tyree Bynum,Texas Southern,0.0,0.0,0.0,0.5
4558,49398,Kamall Richards,Xavier,0.0,0.0,0.0,0.0
4559,49428,Jon Severe,Fordham,0.0,0.28125,0.28846153846153844,0.759493670886076
4560,49607,Kendall Stephens,Purdue,0.0,0.2,0.7,0.9344262295081968
4561,49625,Austin Ajukwa,Clemson,0.0,0.4,0.0,0.8888888888888888
4562,50094,Matt Marseille,Tennessee Tech,1.0,0.5,0.625,0.0
4563,50117,Billy Bunnies,Loyola Chicago,0.0,0.0,1.0,1.0
4564,50127,J-Mychal Reese,Texas A&M,0.0,0.1111111111111111,0.3333333333333333,1.0
4565,50139,Devante Wallace,High Point,0.0,0.32,0.42105263157894735,0.8947368421052632
4566,50164,Fabyon Harris,Texas A&M,0.0,0.27586206896551724,0.3,0.7916666666666666
4567,51944,Seth Berger,Massachusetts,1.0,0.6666666666666666,0.0,0.0
4568,52070,Marin Maric,Northern Illinois,0.0,0.0,0.0,0.0
4569,52179,Randy Onwuasor,Texas Tech,0.6666666666666666,0.45,0.2222222222222222,0.3333333333333333
4570,52486,Jordan Smith,South Carolina St.,0.0,0.5625,0.6,0.75
4571,52487,Jordan Harks,Illinois Chicago,1.0,0.691358024691358,0.5217391304347826,0.0
4572,52489,Tate Unruh,Northern Colorado,0.0,0.391304347826087,0.47058823529411764,0.9014084507042254
4573,52490,Chris Collins,Cal St. Fullerton,0.0,0.2777777777777778,0.3,0.0
4574,52499,Britton Williams,Iona,0.0,0.0,1.0,0.0
4575,52503,Josh Warren,Troy,0.5,0.47619047619047616,0.0,0.0
