,pid,player,team,dunkasst,rimasst,midasst,3Passt
0,27085,Josh Warren,Cornell,1.0,0.6883116883116883,0.38461538461538464,0.9473684210526315
1,30969,Luke Worthington,BYU,0.0,0.5384615384615384,0.8571428571428571,0.0
2,31053,Dontel Highsmith,Cleveland St.,0.0,0.3888888888888889,0.3333333333333333,0.9285714285714286
3,31249,Dylan Jones,Rice,1.0,0.5,0.0,0.0
4,31389,Emmanuel Toney,Texas A&M Corpus Chris,0.0,0.20930232558139536,0.16666666666666666,0.92
5,31509,Damarion Geter,Longwood,0.75,0.4444444444444444,0.0,1.0
6,32009,Parker Van Dyke,Utah,0.0,0.4,0.0,0.8472222222222222
7,32932,Andre Adams,Southern Utah,0.8,0.5054945054945055,0.5714285714285714,1.0
8,33470,Mitch Hahn,Nebraska Omaha,0.5,0.34210526315789475,0.14705882352941177,0.8181818181818182
9,33478,Ryan Andino,Maryland Eastern Shore,0.0,0.375,0.4444444444444444,0.8076923076923077
10,33513,Chancellor Barnard,Binghamton,1.0,0.6111111111111112,0.0,0.0
11,33534,Keon Williams,St. Francis NY,0.3333333333333333,0.42857142857142855,0.5,0.9166666666666666
12,33535,Glenn Sanabria,St. Francis NY,0.0,0.2698412698412698,0.13333333333333333,0.4482758620689655
13,33566,Jacquil Taylor,Hofstra,1.0,0.7549019607843137,0.7777777777777778,0.0
14,33583,Tre'Shawn Thurman,Nevada,0.7647058823529411,0.484375,0.42105263157894735,1.0
15,33628,Cheddi Mosely,La Salle,0.0,1.0,0.0,0.9
16,33635,Dave Bell,Jacksonville,0.8085106382978723,0.7012987012987013,0.7058823529411765,0.0
17,33642,Jeremy Combs,Texas Southern,0.8205128205128205,0.5863874345549738,0.46875,0.8
18,33645,Dan Dwyer,Hofstra,0.0,0.9545454545454546,0.5,0.0
19,33654,Aaren Edmead,North Carolina A&T,0.0,0.14285714285714285,0.125,0.6666666666666666
20,33655,Corey Henson,Nevada,0.0,0.375,0.3333333333333333,1.0
21,33664,Antonio Woods,Penn,0.0,0.2,0.0,0.6730769230769231
22,33668,Nathan Moran,Lipscomb,0.0,0.5714285714285714,0.0,0.9090909090909091
23,33674,Trevor John,Drexel,0.0,0.36363636363636365,0.4444444444444444,0.9578947368421052
24,33677,Aleks Abrams,Miami OH,0.0,0.4,0.0,0.0
25,33679,Terrell Lewis,Eastern Illinois,0.0,0.0,0.0,0.0
26,33690,Zacarry Douglas,North Carolina Central,1.0,0.6086956521739131,0.4090909090909091,1.0
27,33702,Justin Coleman,Arizona,0.0,0.058823529411764705,0.0,0.5
28,33721,Hassan Hussein,Southern,0.0,0.5,0.7058823529411765,1.0
29,33733,Josh Delaney,Sam Houston St.,0.0,0.1935483870967742,0.36363636363636365,0.4745762711864407
30,33735,Logan Power,South Dakota,0.0,0.3333333333333333,0.5,0.7
31,33737,Albert Almanza,Sam Houston St.,0.0,0.5,0.4375,1.0
32,33740,Thatch Unruh,Central Arkansas,0.0,0.45714285714285713,0.25,0.9393939393939394
33,33768,Connor Kern,The Citadel,0.0,0.4375,0.0,0.9
34,33821,Bryan Alberts,Long Beach St.,0.0,0.2857142857142857,0.23809523809523808,0.828125
35,33823,Josh Perkins,Gonzaga,0.5,0.22580645161290322,0.07407407407407407,0.7547169811320755
36,33824,Zach McRoberts,Indiana,0.0,0.0,0.75,1.0
37,33904,Ami Lakoju,UC Santa Barbara,0.6666666666666666,0.6153846153846154,1.0,0.0
38,33918,Zoran Talley Jr.,Iowa St.,0.6666666666666666,0.5833333333333334,0.5714285714285714,0.0
39,33924,Shawn Roundtree,Central Michigan,0.0,0.2,0.11764705882352941,0.7631578947368421
40,33955,Jake Toolson,Utah Valley,1.0,0.32142857142857145,0.08,0.6031746031746031
41,33986,Namon Wright,Colorado,0.5,0.1,0.16666666666666666,1.0
42,33987,Jakeenan Gant,Louisiana,0.8113207547169812,0.6103896103896104,0.5757575757575758,0.9024390243902439
43,33994,Tyree Griffin,Southern Miss,0.0,0.24528301886792453,0.2,0.6086956521739131
44,34001,Romone Saunders,Wagner,0.0,0.21153846153846154,0.13333333333333333,0.7719298245614035
45,34006,Cameron Jackson,Wofford,0.4,0.36153846153846153,0.20454545454545456,0.75
46,34046,Stuckey Mosley,James Madison,0.0,0.2653061224489796,0.2127659574468085,0.8636363636363636
47,34073,Deshon Taylor,Fresno St.,0.3333333333333333,0.08196721311475409,0.125,0.47692307692307695
48,34096,Jabari McGhee,Austin Peay,0.45454545454545453,0.4177215189873418,0.5,0.0
49,34168,Sandy Cohen III,Green Bay,0.4666666666666667,0.42391304347826086,0.19298245614035087,0.5172413793103449
50,34191,Shaquille Doorson,Rutgers,0.8947368421052632,0.7631578947368421,0.4166666666666667,0.0
51,34204,Marques Townes,Loyola Chicago,0.5,0.3469387755102041,0.11538461538461539,0.8205128205128205
52,34208,Lloyd Burgess,UNC Greensboro,0.0,0.0,0.0,0.0
53,34233,Schadrac Casimir,Florida Gulf Coast,0.0,0.3404255319148936,0.0,0.8028169014084507
54,34234,Nyaires Redding,Wyoming,0.0,0.125,0.0,1.0
55,34238,Christen Cunningham,Louisville,0.0,0.10909090909090909,0.04,0.5862068965517241
56,34248,Detrick Mostella,Jacksonville St.,0.5,0.15,0.2857142857142857,0.875
57,34346,Noah Robotham,UNLV,0.0,0.30434782608695654,0.0,0.6610169491525424
58,34347,Javon Bess,Saint Louis,1.0,0.6585365853658537,0.3230769230769231,0.8636363636363636
59,34376,Kenny Goins,Michigan St.,0.875,0.7222222222222222,0.8823529411764706,1.0
60,34442,Aaron Calixte,Oklahoma,0.0,0.13793103448275862,0.0625,0.6176470588235294
61,34534,Jordan Nobles,Oakland,0.0,0.42857142857142855,1.0,1.0
62,34538,Jeremy Jones,Gonzaga,0.2,0.2916666666666667,0.0,1.0
63,34543,Clayton Custer,Loyola Chicago,0.0,0.3235294117647059,0.21621621621621623,0.9655172413793104
64,34553,Fallou Ndoye,Santa Clara,0.0,0.0,1.0,0.0
65,34559,Isaiah Gurley,Texas St.,0.0,0.25,0.16666666666666666,0.0
66,34591,Max Twyman,Hartford,0.0,0.5,0.0,1.0
67,34640,Toby Van Ry,UTSA,0.0,0.5,0.0,0.0
68,34657,Ed Jones,Alabama St.,0.6666666666666666,0.6,0.75,1.0
69,34708,Jordan Tyson,Georgia St.,1.0,0.7333333333333333,0.6153846153846154,0.0
70,34711,Ryan Luther,Arizona,0.75,0.4857142857142857,0.7368421052631579,0.9777777777777777
71,34744,Brock Stull,Minnesota,0.0,0.5,1.0,1.0
72,34746,Cane Broome,Cincinnati,0.0,0.23076923076923078,0.1935483870967742,0.7931034482758621
73,34747,Brandone Francis,Texas Tech,1.0,0.4666666666666667,0.2,0.9318181818181818
74,34750,Trey Touchet,McNeese St.,0.0,0.38461538461538464,0.0,1.0
75,34754,Terry Winn III,UT Rio Grande Valley,0.5,0.4868421052631579,0.6282051282051282,1.0
76,34768,Jamuni McNeace,Oklahoma,0.6666666666666666,0.5833333333333334,0.3333333333333333,0.0
77,34787,J.C. Show,Binghamton,0.0,0.2916666666666667,0.1111111111111111,0.8641975308641975
78,34802,Paschal Chukwu,Syracuse,0.95,0.6326530612244898,0.0,0.0
79,34814,Jordan Reed,New Hampshire,0.0,0.375,0.25,0.8653846153846154
80,34817,Reginal Johnson,Alcorn St.,0.0,0.5526315789473685,0.5,0.9310344827586207
81,34839,Mike Daum,South Dakota St.,0.5769230769230769,0.45714285714285713,0.2112676056338028,0.9402985074626866
82,34925,Davon Bell,Presbyterian,0.0,0.11428571428571428,0.0,0.4
83,34930,Ethan Happ,Wisconsin,0.9375,0.4010989010989011,0.17333333333333334,0.0
84,35052,Armani Branch,Norfolk St.,0.8571428571428571,0.7391304347826086,0.625,1.0
85,35062,Xavian Stapleton,Florida Atlantic,0.4,0.3548387096774194,0.16,0.7543859649122807
86,35098,Wil Bathurst,UAB,0.0,0.0,1.0,1.0
87,35122,Norense Odiase,Texas Tech,0.8095238095238095,0.6470588235294118,0.6,0.0
88,35130,Tarin Smith,Connecticut,0.6666666666666666,0.3584905660377358,0.22580645161290322,0.9333333333333333
89,35134,Spencer Rivers,UC Irvine,0.0,0.0,0.3333333333333333,1.0
90,35140,Jonathan Galloway,UC Irvine,0.6111111111111112,0.4868421052631579,0.4666666666666667,0.0
91,35149,Khwan Fore,Louisville,0.5,0.21739130434782608,0.25,0.9166666666666666
92,35151,Taishaun Johnson,Prairie View A&M,0.0,0.12121212121212122,0.0,0.4666666666666667
93,35152,Kevin Holland,Southern Miss,0.0,0.2,0.5,0.9459459459459459
94,35227,Eric Carter,Delaware,0.75,0.4112903225806452,0.22641509433962265,1.0
95,35265,Brandon Miller,Gardner Webb,0.0,0.5625,0.0,0.0
96,35266,David Efianayi,Gardner Webb,0.09090909090909091,0.33695652173913043,0.2916666666666667,0.8333333333333334
97,35269,Michael Nzei,Seton Hall,0.8,0.7582417582417582,0.5333333333333333,0.0
98,35277,Elston Jones,UC Irvine,1.0,0.5833333333333334,0.3,0.0
99,35298,Richard Lee,Southern,1.0,0.2857142857142857,0.24,0.8533333333333334
100,35307,Emmitt Holt,Providence,0.0,0.0,0.0,0.0
101,35335,LaQuentin Collins,Southern,0.0,0.0,0.0,0.0
102,35389,Isaiah Jackson,Providence,0.0,0.41304347826086957,0.18181818181818182,0.9767441860465116
103,35444,Roderick Taylor Jr.,North Carolina Central,1.0,1.0,0.0,0.0
104,35512,Nick Norton,Drake,0.0,0.4090909090909091,0.16666666666666666,0.7142857142857143
105,35537,BJ Taylor,UCF,0.0,0.12244897959183673,0.034482758620689655,0.7540983606557377
106,35547,Nathan Ekwu,Davidson,0.0,0.7142857142857143,0.6666666666666666,1.0
107,35556,Evan Fitzner,Indiana,0.0,0.45454545454545453,0.6153846153846154,1.0
108,35584,Zaynah Robinson,Northern Kentucky,0.0,0.34782608695652173,0.21052631578947367,0.717948717948718
109,35625,Gerard Martin,Grand Canyon,0.0,0.7692307692307693,0.0,0.8181818181818182
110,35627,Christian Harrison,Georgia,1.0,0.7777777777777778,0.0,0.0
111,35662,Marial Shayok,Iowa St.,0.7,0.3917525773195876,0.22950819672131148,0.8028169014084507
112,35663,B.J. Stith,Old Dominion,0.7142857142857143,0.4,0.5844155844155844,0.9295774647887324
113,35664,Jack Salt,Virginia,0.8,0.5434782608695652,0.5,0.0
114,35674,Chris Collins,Texas A&M,0.0,0.0,0.0,1.0
115,35691,Brocke Stepteau,Hawaii,0.0,0.07142857142857142,0.06666666666666667,0.7647058823529411
116,35769,Samuel Dingba,Vermont,1.0,0.6206896551724138,0.6666666666666666,0.0
117,35772,Torin Dorn,N.C. State,0.9473684210526315,0.5084745762711864,0.35294117647058826,1.0
118,35780,Jalen Adams,Connecticut,0.5,0.20987654320987653,0.2222222222222222,0.5116279069767442
119,35783,Brandon Alston,Georgia Tech,0.0,0.3076923076923077,0.3076923076923077,0.8095238095238095
120,35807,Kaleb Joseph,Creighton,0.0,0.2,0.0,0.95
121,35841,Jake Babic,Texas A&M Corpus Chris,0.0,0.5833333333333334,0.625,0.96875
122,35868,Anthony Durham,Rider,0.6666666666666666,0.4782608695652174,0.4117647058823529,0.8787878787878788
123,35885,Larry Austin Jr.,Central Michigan,0.3333333333333333,0.13903743315508021,0.2857142857142857,0.8
124,35889,Ehab Amin,Oregon,0.0,0.1951219512195122,0.3333333333333333,0.9090909090909091
125,35893,Raasean Davis,North Carolina Central,0.851063829787234,0.62,0.5517241379310345,0.0
126,36023,Torry Johnson,Wake Forest,0.0,0.3181818181818182,0.16666666666666666,0.7857142857142857
127,36042,Michael Gilmore,VCU,0.9,0.6818181818181818,0.75,1.0
128,36054,Jeremiah Jefferson,Nicholls St.,0.0,0.4318181818181818,0.12121212121212122,0.6585365853658537
129,36064,Zach Braxton,Weber St.,0.8709677419354839,0.6111111111111112,0.2777777777777778,0.0
130,36074,Dylan Osetkowski,Texas,0.3888888888888889,0.323943661971831,0.0625,0.9411764705882353
131,36147,Bray Barnes,Cal St. Bakersfield,0.0,0.0,0.0,0.0
132,36151,Makai Mason,Baylor,0.0,0.16,0.061224489795918366,0.85
133,36161,Skyler Flatten,South Dakota St.,0.5882352941176471,0.4880952380952381,0.07142857142857142,0.9156626506024096
134,36218,Dwain Whitfield,Arkansas Pine Bluff,0.0,0.0,0.0,0.0
135,36244,Matt Jackson,Grand Canyon,1.0,0.6086956521739131,0.8333333333333334,1.0
136,36325,Amari Hamilton,North Carolina A&T,0.0,0.38461538461538464,0.3333333333333333,0.9024390243902439
137,36331,Josh Gantz,UMass Lowell,0.0,0.7592592592592593,0.8333333333333334,1.0
138,36334,Jalyn Patterson,Texas Southern,0.0,0.21951219512195122,0.05263157894736842,0.5757575757575758
139,36339,Tre Campbell,South Carolina,0.0,0.21428571428571427,0.2222222222222222,0.6808510638297872
140,36343,Elbert Robinson III,Old Dominion,1.0,0.5833333333333334,0.8,0.0
141,36346,Trey Mourning,Georgetown,1.0,0.6923076923076923,0.6896551724137931,0.8
142,36354,Phil Booth,Villanova,0.42857142857142855,0.2,0.15517241379310345,0.5789473684210527
143,36402,Abdoulaye Gueye,Georgia Tech,0.7142857142857143,0.5428571428571428,0.3617021276595745,1.0
144,36417,Shawn Olden,Texas Southern,0.0,0.4444444444444444,0.0,0.9
145,36439,Mike Cunningham,Oklahoma St.,0.0,0.0,0.25,0.5833333333333334
146,36476,Eric Cooper Jr.,Pepperdine,0.0,0.5238095238095238,0.5,0.8076923076923077
147,36487,Greg Malinowski,Georgetown,0.0,0.17647058823529413,0.16666666666666666,0.9166666666666666
148,36496,Jorge Rosa,New Orleans,0.0,0.3333333333333333,0.14285714285714285,0.8611111111111112
149,36503,Jack Purchase,Hawaii,0.0,0.7333333333333333,0.6521739130434783,0.9857142857142858
150,36510,T.J. Lang,South Florida,1.0,0.3333333333333333,0.5,0.9761904761904762
151,36560,David Wacker,Boise St.,0.7142857142857143,0.5909090909090909,0.0,0.0
152,36613,Zach Johnson,Miami FL,0.4444444444444444,0.23943661971830985,0.13043478260869565,0.6060606060606061
153,36752,Miles Reynolds,Oklahoma,0.0,0.358974358974359,0.35,1.0
154,36756,Marcus Bartley,Southern Illinois,0.0,0.18181818181818182,1.0,0.875
155,36759,Milik Yarbrough,Illinois St.,0.5,0.2054794520547945,0.2857142857142857,0.59375
156,36768,Michael Finke,Grand Canyon,0.8461538461538461,0.5666666666666667,0.41935483870967744,0.896551724137931
157,36773,AJ John,UC Davis,1.0,0.5882352941176471,0.0,0.9565217391304348
158,36807,D.J. Foreman,Saint Louis,0.7333333333333333,0.6103896103896104,0.5,0.0
159,36832,Novak Topalovic,Utah,0.8,0.5833333333333334,0.2222222222222222,0.0
160,36846,Paul Rowley,William & Mary,1.0,0.2777777777777778,0.14285714285714285,0.7647058823529411
161,36850,Ibrahima Diallo,Manhattan,0.0,0.5384615384615384,1.0,0.0
162,36856,Jace Hogan,Jacksonville,1.0,0.4942528735632184,0.6833333333333333,1.0
163,36899,Shelton Mitchell,Clemson,0.0,0.16216216216216217,0.11428571428571428,0.8958333333333334
164,36904,Kerwin Smith,Oral Roberts,0.64,0.6086956521739131,0.1875,0.0
165,36931,Laquarious Paige,Lamar,0.0,0.0,0.2857142857142857,0.875
166,36962,Jordan Butler,Norfolk St.,0.7142857142857143,0.5217391304347826,0.6,0.0
167,37005,Temidayo Yussuf,Long Beach St.,0.0,0.36363636363636365,0.23728813559322035,0.0
168,37006,Marcus Graves,Sacramento St.,0.0,0.1590909090909091,0.10344827586206896,0.6739130434782609
169,37010,Jeff Thomas,Georgia St.,0.7142857142857143,0.47619047619047616,0.058823529411764705,0.8088235294117647
170,37106,Paul Jorgensen,Butler,0.0,0.21428571428571427,0.16666666666666666,0.7916666666666666
171,37108,Lance Tejada,Lehigh,0.0,0.0625,0.06060606060606061,0.6470588235294118
172,37127,Braxton Huggins,Fresno St.,0.25,0.22807017543859648,0.2413793103448276,0.84375
173,37163,Phil Cofer,Florida St.,0.7,0.5,0.14285714285714285,0.9310344827586207
174,37178,Jacob Kessler,Army,0.0,0.625,0.75,1.0
175,37187,Stephen O'Suji,Houston Christian,0.0,0.2631578947368421,0.1111111111111111,1.0
176,37217,Dwayne Morgan,Southern Utah,0.0,0.2,0.0,0.6666666666666666
177,37218,Jordan Cornish,Tulane,0.0,0.21052631578947367,0.35294117647058826,0.7777777777777778
178,37265,Christian Mekowulu,Texas A&M,1.0,0.5396825396825397,0.32,0.6666666666666666
179,37280,Dion Wiley,Saint Louis,0.0,1.0,0.6,1.0
180,37332,Eric Paschall,Villanova,0.6764705882352942,0.4880952380952381,0.24390243902439024,0.8428571428571429
181,37364,Shawn O'Connell,UNC Wilmington,1.0,0.6923076923076923,1.0,0.0
182,37441,Zylan Cheatham,Arizona St.,0.575,0.4090909090909091,0.22727272727272727,0.8181818181818182
183,37474,John Carroll,Hartford,1.0,0.4507042253521127,0.37142857142857144,0.9166666666666666
184,37478,Ruben Guerrero,Samford,0.9130434782608695,0.6408450704225352,0.4857142857142857,0.0
185,37479,Troy Holston,Saint Joseph's,0.0,0.6,0.4,0.8421052631578947
186,37489,Kyle Castlin,Xavier,0.0,0.18181818181818182,0.2,0.9375
187,37510,Devin Watson,San Diego St.,0.0,0.10526315789473684,0.12195121951219512,0.7294117647058823
188,37564,Nick Harris,Charleston,0.8333333333333334,0.6923076923076923,0.3333333333333333,0.0
189,37581,Paul Jackson,Eastern Michigan,0.0,0.06896551724137931,0.03076923076923077,0.35294117647058826
190,37600,Riley Norris,Alabama,0.0,0.21428571428571427,0.1111111111111111,1.0
191,37627,Brady Ellingson,Drake,0.0,0.75,0.4375,0.9
192,37641,Zach Haney,Boise St.,1.0,0.582089552238806,0.25,1.0
193,37644,Byron Hawkins,Bryant,0.0,0.18867924528301888,0.05,0.5918367346938775
194,37647,D.J. McCall,IU Indy,0.38461538461538464,0.32857142857142857,0.0,0.875
195,37654,Jordan McNeil,Towson,0.0,0.2916666666666667,0.3076923076923077,1.0
196,37686,Isaac Copeland Jr.,Nebraska,0.6666666666666666,0.6153846153846154,0.5,0.9565217391304348
197,37696,Scott Plaisance Jr.,New Orleans,0.8,0.6037735849056604,0.525,1.0
198,37745,Quinton Thomas,Southeastern Louisiana,0.5,0.42857142857142855,0.0,1.0
199,37754,Wyatt Lohaus,Northern Iowa,0.0,0.38461538461538464,0.16326530612244897,0.8809523809523809
200,37780,John Konchar,Purdue Fort Wayne,0.5,0.2755905511811024,0.1794871794871795,0.5777777777777777
201,37832,Dalton Nixon,BYU,0.8,0.8076923076923077,1.0,1.0
202,37839,Devin Mitchell,Georgia St.,0.0,0.08695652173913043,0.16666666666666666,0.8181818181818182
203,37971,Reid Travis,Kentucky,0.9,0.5730337078651685,0.17857142857142858,1.0
204,38013,Robbie Berwick,Colorado St.,0.0,0.0,0.0,0.0
205,38023,Sidney Umude,Southern,1.0,0.5285714285714286,0.5641025641025641,0.5
206,38027,Nicholas Baer,Iowa,0.5,0.68,0.8571428571428571,0.9777777777777777
207,38079,Lewis Sullivan,UAB,1.0,0.3695652173913043,0.5581395348837209,0.8260869565217391
208,38133,Matz Stockman,Minnesota,1.0,0.84,0.625,0.0
209,38138,Ernie Duncan,Vermont,0.0,0.16,0.13157894736842105,0.8354430379746836
210,38146,Ronnie Harrell Jr.,Denver,0.5,0.14634146341463414,0.1724137931034483,0.6818181818181818
211,38155,Jontrell Walker,Jackson St.,0.0,0.38461538461538464,0.3,0.9069767441860465
212,38163,Cody Benzel,Eastern Washington,0.0,0.0,0.0,0.8235294117647058
213,38216,Robert Cartwright,UC Irvine,0.0,0.06666666666666667,0.2,0.8846153846153846
214,38285,Chris Porter-Bunton,Austin Peay,0.0,0.21666666666666667,0.225,0.8611111111111112
215,38302,Vic Law,Northwestern,0.6,0.55,0.4909090909090909,0.5714285714285714
216,38444,Tory Stewart-Miller,Denver,0.8181818181818182,0.75,0.5,1.0
217,38447,Ahmed Hill,Virginia Tech,0.88,0.5757575757575758,0.391304347826087,0.96
218,38449,Jalen Hudson,Florida,0.5714285714285714,0.35555555555555557,0.045454545454545456,0.6590909090909091
219,38460,Ikenna Smart,Wake Forest,1.0,0.5714285714285714,0.2,0.0
220,38486,Isaac Fleming,East Carolina,0.0,0.11702127659574468,0.10526315789473684,1.0
221,38517,Mawdo Sallah,Radford,0.75,0.7,0.8181818181818182,0.0
222,38524,Jonathan Sanks,Canisius,0.0,0.4166666666666667,0.11764705882352941,0.8163265306122449
223,38592,Petr Herman,Loyola Marymount,0.42857142857142855,0.5769230769230769,0.2222222222222222,1.0
224,38615,Kadeem Smithen,Siena,0.6,0.30434782608695654,0.25,0.9473684210526315
225,38680,Weisner Perez,Harvard,0.0,0.25,0.0,0.0
226,38682,Tulio Da Silva,Missouri St.,0.868421052631579,0.6103896103896104,0.27450980392156865,0.9411764705882353
227,38683,Reilly Walsh,NJIT,0.0,1.0,0.0,0.8
228,38684,Mohamed Bendary,NJIT,1.0,0.3142857142857143,0.45,0.0
229,38687,Garrison Mathews,Lipscomb,1.0,0.4727272727272727,0.16279069767441862,0.9107142857142857
230,38688,Kosta Jankovic,Kennesaw St.,0.0,0.4375,0.5588235294117647,0.9047619047619048
231,38689,Eli Pepper,Lipscomb,0.7857142857142857,0.48214285714285715,0.3333333333333333,0.9090909090909091
232,38695,Jure Span,USC Upstate,0.0,0.0,0.0,0.9
233,38705,Max Rothschild,Penn,1.0,0.45714285714285713,1.0,0.0
234,38711,Sam Bittner,Fresno St.,1.0,0.28,0.6666666666666666,0.9761904761904762
235,38716,Anthony Masinton-Bonner,Colorado St.,0.0,0.28205128205128205,0.2,0.9142857142857143
236,38721,Trey Porter,Nevada,0.6956521739130435,0.5915492957746479,0.35714285714285715,1.0
237,38728,Connor Cashaw,Creighton,1.0,0.3333333333333333,0.125,0.8
238,38752,Dean Wade,Kansas St.,0.7692307692307693,0.475,0.4406779661016949,0.9565217391304348
239,38753,Kamau Stokes,Kansas St.,0.0,0.3939393939393939,0.2222222222222222,0.8955223880597015
240,38754,Pierson McAtee,Kansas St.,0.0,0.0,0.0,1.0
241,38755,Isaiah Maurice,Memphis,1.0,0.7674418604651163,0.6666666666666666,0.9230769230769231
242,38767,Tyler Hamilton,Penn,1.0,0.8,0.0,0.0
243,38781,Elijah Mitrou-Long,Texas,0.0,0.13043478260869565,0.06666666666666667,0.7272727272727273
244,38829,Vincent Eze,Maine,0.7142857142857143,0.4888888888888889,0.7647058823529411,1.0
245,38834,Ilija Stojiljkovic,Maine,0.0,0.7619047619047619,0.3333333333333333,1.0
246,38869,Christian Clark,Southern Miss,0.0,0.0,0.0,0.0
247,38874,Davonte Fitzgerald,Stephen F. Austin,0.875,0.5319148936170213,0.5,0.9230769230769231
248,38876,Jack Gordon,Cornell,0.0,0.3333333333333333,0.25,1.0
249,38904,Nate Grimes,Fresno St.,0.9166666666666666,0.6666666666666666,0.6190476190476191,1.0
250,38910,Joe Rosga,Denver,0.0,0.3684210526315789,0.16129032258064516,0.8333333333333334
251,38914,C.J. Bobbitt,New Mexico St.,0.0,0.43478260869565216,0.25,0.9285714285714286
252,38915,Abiola Akintola,Denver,1.0,0.40476190476190477,0.4,0.0
253,38945,Nick Rutherford,Monmouth,0.3333333333333333,0.23404255319148937,0.16666666666666666,0.4444444444444444
254,38948,Kimar Williams,Rider,0.6666666666666666,0.2682926829268293,0.2,0.0
255,38950,Michael Douglas,FIU,0.75,0.6363636363636364,0.6666666666666666,0.8181818181818182
256,38975,Armani Collins,Bethune Cookman,0.0,0.2,0.6666666666666666,0.9523809523809523
257,39002,Eric Hamilton,UNC Greensboro,0.9090909090909091,0.53125,0.25,0.0
258,39003,Markis McDuffie,Wichita St.,0.8888888888888888,0.37209302325581395,0.6136363636363636,0.8571428571428571
259,39004,Marvin Prochet,Niagara,0.5,0.18421052631578946,0.2702702702702703,0.7733333333333333
260,39006,Chris Barton,Niagara,0.0,0.12903225806451613,0.10526315789473684,0.5789473684210527
261,39007,Adam Pickett,Winthrop,0.0,0.07142857142857142,0.030303030303030304,0.84375
262,39008,Bjorn Broman,Winthrop,0.0,0.125,0.0,0.9322033898305084
263,39010,Dwayne Sutton,Louisville,0.3333333333333333,0.3389830508474576,0.3333333333333333,0.9166666666666666
264,39011,Dylan Smith,Arizona,0.0,0.05,0.1111111111111111,0.9130434782608695
265,39030,Josh Cunningham,Dayton,0.8,0.7090909090909091,0.4,1.0
266,39038,Trevor Stumpe,Wofford,0.0,0.0,0.8,0.5
267,39044,George Blagojevic,Hartford,1.0,0.47468354430379744,0.15789473684210525,1.0
268,39045,J.R. Lynch,Hartford,0.0,0.22784810126582278,0.08333333333333333,0.6323529411764706
269,39047,Nolan Gerrity,UMBC,1.0,0.8888888888888888,0.0,0.0
270,39049,Sam Schwietz,UMBC,1.0,0.9523809523809523,1.0,0.0
271,39050,Joe Sherburne,UMBC,0.0,0.4,0.2765957446808511,0.8867924528301887
272,39053,David Watkins,New Hampshire,0.0,0.2916666666666667,0.29411764705882354,0.9
273,39077,Tyler Hall,Montana St.,0.0,0.47058823529411764,0.2,0.7368421052631579
274,39078,Sam Neumann,Montana St.,0.0,0.6842105263157895,0.0,0.9090909090909091
275,39096,Malik Moore,USC Upstate,0.75,0.4025974025974026,0.3,0.7837837837837838
276,39106,Brevin Pritzl,Wisconsin,1.0,0.5625,1.0,0.9375
277,39108,Josh Reaves,Penn St.,0.4583333333333333,0.4090909090909091,0.15384615384615385,0.8723404255319149
278,39110,AJ Harris,New Mexico St.,0.0,0.12244897959183673,0.1,0.6521739130434783
279,39111,Grady Eifert,Purdue,0.0,0.5714285714285714,0.3333333333333333,0.9714285714285714
280,39113,Mike Watkins,Penn St.,0.8181818181818182,0.5492957746478874,0.17647058823529413,0.0
281,39114,Ryan Cline,Purdue,0.0,0.18181818181818182,0.0625,0.8378378378378378
282,39120,Keyshawn Woods,Ohio St.,1.0,0.4,0.2857142857142857,0.8148148148148148
283,39146,Stephen Thompson Jr.,Oregon St.,1.0,0.4794520547945205,0.3673469387755102,0.8032786885245902
284,39147,Tres Tinkle,Oregon St.,0.7333333333333333,0.3880597014925373,0.32142857142857145,0.9056603773584906
285,39148,Kendal Manuel,Montana,0.0,0.25,0.25,0.7924528301886793
286,39149,Gligorije Rakocevic,Oregon St.,1.0,0.65,0.5384615384615384,1.0
287,39150,Derrick Bruce,Texas Southern,0.0,0.2,0.375,0.8181818181818182
288,39158,Marcus Sheffield,Stanford,0.5,0.35714285714285715,0.14285714285714285,0.8
289,39159,Josh Sharma,Stanford,0.890625,0.7008547008547008,0.6666666666666666,0.0
290,39193,Andrew Eudy,Campbell,0.5,0.5,0.5454545454545454,0.9333333333333333
291,39197,Jon Ander Cuadra,Campbell,0.0,0.0,0.0,0.0
292,39198,Marcquise Reed,Clemson,0.0,0.2,0.1276595744680851,0.7291666666666666
293,39202,Markell Lodge,Saint Joseph's,0.8125,0.7368421052631579,0.0,0.0
294,39203,Dominick Antonelli,Navy,0.0,0.0,0.0,1.0
295,39205,Spencer Haldeman,Northern Iowa,0.0,0.4,0.2727272727272727,0.7755102040816326
296,39229,Trevond Barnes,Hampton,0.8695652173913043,0.6721311475409836,0.47619047619047616,1.0
297,39230,Kalin Fisher,Hampton,0.0,0.3333333333333333,0.15873015873015872,0.5471698113207547
298,39234,Louie Pillari,Monmouth,0.0,0.09090909090909091,0.24,0.8
299,39238,Diago Quinn,Monmouth,0.5,0.5,0.5185185185185185,0.0
300,39248,Drew Cayce,Illinois,0.0,1.0,0.0,0.0
301,39252,Alex Copeland,Yale,0.3333333333333333,0.3090909090909091,0.0958904109589041,0.6296296296296297
302,39256,Dolan Mahoney,Florida Gulf Coast,0.0,0.0,0.0,1.0
303,39258,Cayne Edwards,Army,0.0,0.725,0.0,0.0
304,39269,Andre Wolford,Saint Francis,0.0,0.0,0.1,0.9491525423728814
305,39272,Josh Nebo,Texas A&M,0.6590909090909091,0.5657894736842105,0.47058823529411764,0.0
306,39273,Jordan Forehand,Saint Francis,0.0,0.0,0.0,1.0
307,39275,Isaiah Blackmon,Saint Francis,1.0,0.39215686274509803,0.1,0.9090909090909091
308,39279,Devin Liggeons,Wagner,0.0,0.42105263157894735,0.16666666666666666,0.8333333333333334
309,39296,Matej Kavas,Seattle,0.0,0.21052631578947367,0.4375,0.8048780487804879
310,39299,Eli Chuha,New Mexico St.,1.0,0.5869565217391305,0.0,1.0
311,39302,Zack Moore,UC Santa Barbara,0.0,0.0,1.0,1.0
312,39304,Leo Goodman,Stetson,0.0,0.29411764705882354,0.5384615384615384,0.9444444444444444
313,39306,Antonio Green,Middle Tennessee,0.0,0.13043478260869565,0.08108108108108109,0.65625
314,39307,Dominic Robb,Niagara,0.8571428571428571,0.46987951807228917,0.4444444444444444,1.0
315,39311,Bennett Holley,Appalachian St.,0.0,0.16666666666666666,0.0,0.96
316,39312,Tyrell Johnson,Appalachian St.,0.75,0.40384615384615385,0.5483870967741935,0.8
317,39313,Kevin Kerley,Appalachian St.,0.0,0.0,0.0,1.0
318,39315,Kyle Brown,Texas A&M Corpus Chris,0.0,0.0,0.6666666666666666,1.0
319,39316,Kareem South,Texas A&M Corpus Chris,1.0,0.3617021276595745,0.19047619047619047,0.9333333333333333
320,39317,Ronshad Shabazz,Appalachian St.,0.6666666666666666,0.07462686567164178,0.26,0.6521739130434783
321,39318,Trey Ford,Appalachian St.,0.0,0.0,0.0,0.0
322,39320,Marquise Pointer,Charleston,0.0,0.45454545454545453,0.0,0.6875
323,39322,Darnell Edge,Fairleigh Dickinson,1.0,0.5614035087719298,0.3142857142857143,0.7471264367816092
324,39325,Lonnie Rivera,Wagner,0.0,0.0,1.0,1.0
325,39327,Delante Jones,Seattle,0.0,0.17142857142857143,0.10344827586206896,0.825
326,39341,Joshua Patton,Sacramento St.,0.7727272727272727,0.5398230088495575,0.6666666666666666,0.0
327,39344,Jaylin Walker,Kent St.,0.4,0.18181818181818182,0.11538461538461539,0.6521739130434783
328,39345,Alonzo Walker,Idaho St.,0.7272727272727273,0.5102040816326531,0.047619047619047616,1.0
329,39346,Rosel Hurley,St. Francis NY,0.75,0.30337078651685395,0.07142857142857142,0.75
330,39347,Jalen Avery,Kent St.,0.0,0.23809523809523808,0.25,0.8088235294117647
331,39362,Sean Lloyd Jr.,Southern Illinois,1.0,0.43103448275862066,0.22727272727272727,0.8611111111111112
332,39363,Luke McDonnell,Northern Iowa,0.0,0.559322033898305,0.3333333333333333,1.0
333,39364,Noah Blackwell,Fresno St.,0.0,0.0,0.0,0.6730769230769231
334,39365,Mason Riggins,Long Beach St.,0.8636363636363636,0.7777777777777778,0.37037037037037035,0.0
335,39366,Ty Taylor,UNC Wilmington,0.0,0.09090909090909091,0.375,0.9629629629629629
336,39367,Rudy Stradnieks,Southern Illinois,0.0,0.625,0.6666666666666666,1.0
337,39373,Jason Richardson,Southern Utah,0.0,0.18181818181818182,0.0,0.25
338,39375,Sheriff Drammeh,Hawaii,0.0,0.4166666666666667,0.08333333333333333,0.7777777777777778
339,39376,Blair Orr,Cal St. Northridge,0.0,1.0,1.0,0.0
340,39397,Rob Marberry,Lipscomb,0.8181818181818182,0.6397058823529411,0.4246575342465753,0.0
341,39410,Jason Dunne,Hartford,0.0,0.48148148148148145,0.21428571428571427,0.7333333333333333
342,39414,Timmy Rose,Binghamton,0.0,0.08333333333333333,0.0,0.4
343,39417,Joe Cremo,Villanova,0.0,0.3333333333333333,0.1111111111111111,0.9411764705882353
344,39420,Keith Charleston,Southeastern Louisiana,0.5,0.391304347826087,0.2857142857142857,0.7142857142857143
345,39435,Corey Redman,Central Michigan,0.0,0.0,0.0,1.0
346,39437,Nick Perkins,Buffalo,0.9375,0.6078431372549019,0.6551724137931034,0.9130434782608695
347,39439,James Thompson IV,Eastern Michigan,0.725,0.5102040816326531,0.5789473684210527,0.8
348,39451,Jaren Lewis,Abilene Christian,0.8,0.47058823529411764,0.21428571428571427,0.8571428571428571
349,39475,Mickey Mitchell,Arizona St.,0.0,0.0,0.0,0.0
350,39476,Bakari Evelyn,Valparaiso,0.0,0.13636363636363635,0.11764705882352941,0.875
351,39479,Michael Jacobson,Iowa St.,1.0,0.68,0.4307692307692308,1.0
352,39480,Dererk Pardon,Northwestern,0.7894736842105263,0.5748031496062992,0.55,1.0
353,39482,Aaron Falzon,Northwestern,0.0,0.5,0.0,0.9473684210526315
354,39483,Jordan Ash,Northwestern,0.0,0.0,0.0,1.0
355,39510,Bennie Boatwright,USC,0.7777777777777778,0.34782608695652173,0.4426229508196721,0.8888888888888888
356,39511,Alex Olesinski,UCLA,0.0,0.14285714285714285,0.5,1.0
357,39513,Prince Ali,UCLA,0.6428571428571429,0.4634146341463415,0.4444444444444444,0.9459459459459459
358,39546,Jarriesse Blackmon,UC Santa Barbara,0.6666666666666666,0.5714285714285714,0.5238095238095238,1.0
359,39554,Jeremy Hemsley,San Diego St.,0.3333333333333333,0.25,0.23333333333333334,0.9117647058823529
360,39607,Eugene Marshall III,Hampton,0.0,0.0,0.0,1.0
361,39608,Devon Oakley,Hampton,0.0,0.5,1.0,1.0
362,39609,Akim Mitchell,Hampton,0.75,0.5882352941176471,0.68,1.0
363,39618,Matt Mooney,Texas Tech,0.0,0.26785714285714285,0.21568627450980393,0.6938775510204082
364,39620,Ricky Madison,High Point,0.0,0.6179775280898876,0.5,1.0
365,39629,Hasan Abdullah,Navy,0.0,0.06,0.058823529411764705,0.7878787878787878
366,39631,Jordan Fox,Army,0.0,0.23809523809523808,0.6363636363636364,0.8524590163934426
367,39641,Sean Hoehn,Sacred Heart,0.0,0.4368932038834951,0.25,0.6935483870967742
368,39643,Matt Rafferty,Furman,0.0,0.4370860927152318,0.1282051282051282,1.0
369,39646,Cory Kilby,Mercer,0.5,0.6451612903225806,0.2,0.9230769230769231
370,39648,Jaylen Stowe,Mercer,1.0,0.6326530612244898,0.4,0.9090909090909091
371,39649,Ethan Stair,Mercer,0.4,0.40425531914893614,0.14285714285714285,0.8163265306122449
372,39651,Sam Miller,Charleston,1.0,0.75,0.5,1.0
373,39674,Ike Smith,Georgia Southern,0.6666666666666666,0.17647058823529413,0.2857142857142857,0.8181818181818182
374,39675,Montae Glenn,Georgia Southern,0.9166666666666666,0.3258426966292135,0.4782608695652174,0.0
375,39679,Jake Wilson,Appalachian St.,1.0,1.0,0.0,0.0
376,39685,Nate Sestina,Bucknell,0.631578947368421,0.5925925925925926,0.6111111111111112,0.926829268292683
377,39686,Kimbal Mackenzie,Bucknell,0.0,0.43636363636363634,0.225,0.8192771084337349
378,39688,Mike Holloway Jr.,Fairleigh Dickinson,0.8787878787878788,0.6481481481481481,0.6538461538461539,0.7777777777777778
379,39692,Kamali Chambers,Boston University,0.0,0.0,0.0,0.0
380,39702,Pookie Powell,La Salle,0.5,0.19642857142857142,0.15384615384615385,0.6808510638297872
381,39718,Max Hazzard,UC Irvine,0.0,0.3902439024390244,0.12,0.9230769230769231
382,39719,Garrison Goode,UC Davis,0.8888888888888888,0.7872340425531915,0.6666666666666666,0.0
383,39720,James Fives,Loyola MD,0.0,0.0,0.0,1.0
384,39726,Siler Schneider,UC Davis,0.0,0.3793103448275862,0.0625,0.9615384615384616
385,39730,Joe Mooney,UC Davis,0.0,0.16666666666666666,0.1875,0.8983050847457628
386,39731,Rogers Printup,UC Davis,0.0,0.5454545454545454,0.3333333333333333,1.0
387,39734,Ahmad Frost,Maryland Eastern Shore,0.0,0.1875,0.3076923076923077,0.8620689655172413
388,39746,Lew Stallworth,The Citadel,0.0,0.08527131782945736,0.0,0.5
389,39762,Jake Wright,Milwaukee,0.0,0.5,0.35714285714285715,0.8260869565217391
390,39768,King McClure,Baylor,0.0,0.29411764705882354,0.13333333333333333,0.6521739130434783
391,39769,Wendell Mitchell,Texas A&M,0.0,0.14583333333333334,0.12,0.7454545454545455
392,39770,Justin Robinson,Duke,0.3333333333333333,0.25,0.0,1.0
393,39771,Brennan Besser,Duke,0.0,0.0,0.0,0.0
394,39773,Antonio Vrankovic,Duke,0.0,0.5714285714285714,0.0,0.0
395,39778,Nathan Bain,Stephen F. Austin,0.8333333333333334,0.53125,0.0,1.0
396,39780,Tyler Underwood,Illinois,0.0,0.0,0.0,1.0
397,39797,Ibrahim Sylla,North Carolina A&T,0.8857142857142857,0.6741573033707865,0.6666666666666666,0.0
398,39798,Jonah Radebaugh,Northern Colorado,0.0,0.27586206896551724,0.16666666666666666,0.8888888888888888
399,39802,Jordan Davis,Northern Colorado,0.0,0.06993006993006994,0.10869565217391304,0.47058823529411764
400,39803,Isaiah Thomas,Northern Arizona,0.5,0.5714285714285714,0.5,0.0
401,39812,Josh McFolley,Detroit Mercy,0.0,0.17391304347826086,0.0,0.5
402,39815,Adrian Autry,Syracuse,0.0,0.0,0.0,0.0
403,39817,Chris Clover,Saint Joseph's,0.6666666666666666,0.3409090909090909,0.2608695652173913,0.7586206896551724
404,39818,LaDarien Griffin,St. Bonaventure,0.8,0.59375,0.7878787878787878,0.5
405,39819,Derrick Woods,Saint Peter's,1.0,0.5,0.4444444444444444,1.0
406,39820,Nelson Kaputo,St. Bonaventure,0.0,0.0,0.16666666666666666,0.9444444444444444
407,39821,Courtney Stockard,St. Bonaventure,0.5555555555555556,0.2833333333333333,0.2765957446808511,0.7
408,39826,Johnny Trueblood,Nebraska,0.0,0.8181818181818182,0.0,1.0
409,39848,Dusan Kovacevic,Davidson,0.0,0.375,0.25,0.75
410,39856,Trey Moses,Ball St.,1.0,0.3918918918918919,0.35,0.0
411,39877,David Crisp,Washington,0.0,0.375,0.15,0.7432432432432432
412,39878,Noah Dickerson,Washington,0.7647058823529411,0.5304347826086957,0.3333333333333333,0.0
413,39881,Dominic Green,Washington,1.0,0.6,0.1,0.9491525423728814
414,39898,Lincoln Conrey,Northern Iowa,0.0,0.0,0.0,0.0
415,39913,Jarred Dixon,Missouri St.,0.0,0.3684210526315789,0.1590909090909091,0.813953488372093
416,39919,Obediah Church,Missouri St.,0.8888888888888888,0.8636363636363636,0.5714285714285714,1.0
417,39923,Tyson Smith,UT Rio Grande Valley,0.0,0.23333333333333334,0.25,0.8333333333333334
418,39928,Jalone Friday,Abilene Christian,0.6666666666666666,0.7307692307692307,0.6363636363636364,1.0
419,39930,Rayshawn Miller,Albany,0.0,0.0,0.2,0.8333333333333334
420,39952,Isaac Taylor,Maryland Eastern Shore,0.8,0.6521739130434783,0.5714285714285714,0.0
421,39971,Joey Lane,Ohio St.,0.0,0.0,0.0,0.6666666666666666
422,39973,Tanner Borchardt,Nebraska,0.0,0.5555555555555556,0.0,0.0
423,39975,Kent Auslander,Coppin St.,0.0,0.29411764705882354,0.25,0.975609756097561
424,39976,Andrew Terrell,Maryland,0.0,0.0,0.0,0.0
425,39991,Ty Outlaw,Virginia Tech,0.0,0.45454545454545453,0.625,1.0
426,39995,Tookie Brown,Georgia Southern,0.2,0.09009009009009009,0.07692307692307693,0.6410256410256411
427,40004,Jeantal Cylla,UNC Wilmington,1.0,0.37777777777777777,0.5416666666666666,0.9393939393939394
428,40009,Jalen Williams,Furman,0.0,0.0,0.0,0.0
429,40010,Andrew Brown,Furman,1.0,0.3333333333333333,0.0,0.9761904761904762
430,40023,Kevin Larkin,Delaware St.,1.0,0.3684210526315789,0.06976744186046512,0.875
431,40037,Chris Silva,South Carolina,0.7727272727272727,0.5571428571428572,0.4807692307692308,0.8636363636363636
432,40044,Kyle Ahrens,Michigan St.,0.5714285714285714,0.7586206896551724,1.0,1.0
433,40047,Dana Batt,Colgate,0.8571428571428571,0.7159090909090909,0.5,0.0
434,40048,Julius van Sauers,LIU,0.75,0.5217391304347826,1.0,1.0
435,40052,Raul Frias,LIU,0.0,0.2222222222222222,0.0,0.8387096774193549
436,40053,Nate Jones,Bucknell,0.5,0.7142857142857143,0.0,0.9375
437,40054,Matt O'Reilly,Bucknell,0.0,0.0,0.0,0.0
438,40055,Raiquan Clark,LIU,0.6,0.4147727272727273,0.14285714285714285,0.75
439,40058,Malcolm Regisford,Colgate,0.8888888888888888,0.7375,0.7142857142857143,0.0
440,40082,Jared Savage,Western Kentucky,0.8571428571428571,0.5625,0.3333333333333333,0.975
441,40083,Jaylen Shead,Texas St.,0.0,0.13559322033898305,0.0,0.5
442,40096,Emondre Rickman,Indiana St.,0.8333333333333334,0.6190476190476191,0.3235294117647059,0.0
443,40101,Bronson Kessinger,Indiana St.,1.0,0.5818181818181818,0.3,1.0
444,40103,Matt Hein,Illinois St.,0.0,0.5,0.3333333333333333,1.0
445,40109,Cameron Lewis,Howard,0.0,1.0,1.0,0.0
446,40111,Jalen Jones,Howard,0.0,0.25,0.5,1.0
447,40142,Derryck Thornton,USC,0.5,0.0851063829787234,0.22580645161290322,0.8333333333333334
448,40147,Kipper Nichols,Illinois,0.8,0.47368421052631576,0.5416666666666666,0.9285714285714286
449,40148,Von Julien,Southeastern Louisiana,0.0,0.1875,0.11764705882352941,0.8571428571428571
450,40149,Blake Paul,Tulane,0.8235294117647058,0.6904761904761905,0.75,0.0
451,40153,Chase Jeter,Arizona,0.9565217391304348,0.6224489795918368,0.3333333333333333,0.0
452,40154,Ty Hudson,Jacksonville St.,0.0,0.1111111111111111,0.03571428571428571,0.7567567567567568
453,40155,Alan Vest,Wright St.,0.0,0.4827586206896552,0.42857142857142855,1.0
454,40156,Mark Hughes,Wright St.,0.5555555555555556,0.47368421052631576,0.14285714285714285,0.84
455,40164,Dominique Matthews,Illinois Chicago,0.0,0.0,0.0,1.0
456,40166,Mike Kolawole,Lamar,0.0,0.5384615384615384,0.25,1.0
457,40176,Conner Avants,North Dakota,0.0,0.375,0.34285714285714286,0.0
458,40178,Marcus DeBerry,Purdue Fort Wayne,0.0,0.26666666666666666,0.0,0.925
459,40181,Cortez Seales,North Dakota,0.0,0.2545454545454545,0.08974358974358974,0.75
460,40183,Tanner Schmit,Central Arkansas,0.0,0.5833333333333334,0.5,0.9583333333333334
461,40190,Xavier Hill-Mais,Oakland,0.8,0.6721311475409836,0.7142857142857143,0.9032258064516129
462,40193,Matt Neufeld,UC Davis,0.8333333333333334,0.5740740740740741,0.5806451612903226,0.0
463,40195,Samir Doughty,Auburn,0.0,0.32608695652173914,0.0,0.8181818181818182
464,40198,Ky Feldman,Syracuse,0.0,0.0,0.0,1.0
465,40201,Jimond Ivey,Akron,0.5333333333333333,0.3246753246753247,0.25,0.717948717948718
466,40203,Aaron Jordan,Illinois,1.0,0.4666666666666667,0.2857142857142857,0.8983050847457628
467,40204,Jalen Coleman-Lands,DePaul,0.0,0.5,0.42857142857142855,0.8571428571428571
468,40228,Drew McDonald,Northern Kentucky,0.0,0.5444444444444444,0.5434782608695652,1.0
469,40243,Jonathan Kasibabu,Fairfield,0.8064516129032258,0.6203703703703703,0.14285714285714285,0.5
470,40253,Brandon Austin,Samford,0.46153846153846156,0.30303030303030304,0.17391304347826086,0.9195402298850575
471,40255,Derrien King,Detroit Mercy,0.0,0.25,0.2,0.8222222222222222
472,40256,Robert Franks,Washington St.,1.0,0.5714285714285714,0.5,0.7333333333333333
473,40257,Viont'e Daniels,Washington St.,0.0,0.5714285714285714,0.4,0.9722222222222222
474,40317,Nick Blair,UNLV,1.0,0.375,0.4166666666666667,1.0
475,40350,Brenden Morris,Weber St.,0.0,0.0,0.0,0.0
476,40357,Cole Blackstock,Auburn,0.0,0.0,0.0,0.0
477,40396,Brent Hibbitts,Grand Canyon,0.0,0.0,0.0,0.0
478,40407,Grant Riller,Charleston,0.25,0.15602836879432624,0.13559322033898305,0.5
479,40411,Ahmad Gilbert,Rider,0.0,0.2,0.0,0.8888888888888888
480,40413,Thomas Capuano,Manhattan,0.0,0.3,0.07692307692307693,0.7666666666666667
481,40422,Zane Najdawi,The Citadel,1.0,0.5774647887323944,0.3170731707317073,0.84
482,40426,Ryan Funk,Marist,0.8888888888888888,0.6470588235294118,0.25,0.8987341772151899
483,40442,Justin James,Wyoming,0.28,0.20588235294117646,0.136986301369863,0.46938775510204084
484,40447,Jehyve Floyd,Holy Cross,0.7567567567567568,0.3803680981595092,0.2857142857142857,0.0
485,40452,Francisco Amiel,Colgate,0.0,0.5,0.16666666666666666,0.9523809523809523
486,40454,Matija Milin,Fairfield,1.0,0.6,0.5,0.9
487,40456,Isaiah Still,Iona,0.0,0.23809523809523808,0.0,1.0
488,40457,Matt Zignorski,Holy Cross,0.0,0.8333333333333334,0.0,1.0
489,40460,Jarrell Brantley,Charleston,0.7391304347826086,0.35384615384615387,0.2459016393442623,0.7941176470588235
490,40467,Ryan Fazekas,Valparaiso,1.0,0.5,0.375,0.95
491,40472,Michael Benkert,Belmont,0.0,0.5714285714285714,1.0,0.9428571428571428
492,40473,Seth Adelsperger,Belmont,0.9,0.717391304347826,1.0,0.0
493,40474,Khalil Ahmad,Cal St. Fullerton,0.45454545454545453,0.2692307692307692,0.14705882352941177,0.7115384615384616
494,40475,Dylan Windler,Belmont,0.7142857142857143,0.6106194690265486,0.20833333333333334,0.8842105263157894
495,40476,Jamal Smith,Cal St. Fullerton,0.0,0.23809523809523808,0.3333333333333333,0.7
496,40477,Kevin McClain,Belmont,1.0,0.37373737373737376,0.0,0.703125
497,40481,Kyle Allman Jr.,Cal St. Fullerton,0.3333333333333333,0.3287671232876712,0.21739130434782608,0.5833333333333334
498,40486,Keyshawn Evans,Illinois St.,0.0,0.0,0.06666666666666667,0.7735849056603774
499,40490,Ronnie Suggs,Missouri,0.0,0.25,0.5,1.0
500,40491,Dwayne Lautier-Ogunleye,Bradley,0.6666666666666666,0.27906976744186046,0.25,0.84375
501,40495,Nick McGlynn,Drake,0.8709677419354839,0.6608695652173913,0.43478260869565216,0.9375
502,40497,Bill Wampler,Wright St.,0.0,0.423728813559322,0.4074074074074074,0.9733333333333334
503,40498,Juwan Morgan,Indiana,0.8,0.5257142857142857,0.35714285714285715,0.9230769230769231
504,40509,Armon Fletcher,Southern Illinois,0.5555555555555556,0.4230769230769231,0.10526315789473684,0.8157894736842105
505,40510,Jordan Caroline,Nevada,0.6666666666666666,0.4789915966386555,0.21428571428571427,0.8695652173913043
506,40515,Deion Lavender,Valparaiso,0.7777777777777778,0.3442622950819672,0.12,1.0
507,40568,Eddie Davis III,Hartford,1.0,0.8,1.0,1.0
508,40576,Joseph Chartouny,Marquette,0.0,0.42105263157894735,0.0,0.75
509,40577,Jesse Bunting,Fordham,1.0,0.6842105263157895,0.42857142857142855,1.0
510,40578,David Pekarek,Fordham,0.0,0.5555555555555556,0.875,1.0
511,40579,DeAndre Abram,Milwaukee,0.625,0.4117647058823529,0.47368421052631576,0.7962962962962963
512,40580,Danny Dixon,UMKC,0.0,0.5833333333333334,0.21428571428571427,1.0
513,40583,Jordan Roland,Northeastern,0.16666666666666666,0.1111111111111111,0.1875,0.7878787878787878
514,40599,Christian Williams,Indiana St.,0.25,0.20689655172413793,0.3,0.6363636363636364
515,40601,Jordan Dallas,Weber St.,0.0,1.0,0.0,0.0
516,40628,KeVaughn Allen,Florida,0.0,0.08823529411764706,0.20512820512820512,0.5645161290322581
517,40631,Lawson Schaffer,Alabama,0.0,0.0,0.0,0.0
518,40632,Horace Spencer,Auburn,0.4666666666666667,0.3333333333333333,0.3333333333333333,1.0
519,40633,Donta Hall,Alabama,0.8064516129032258,0.6388888888888888,0.5789473684210527,1.0
520,40634,Dazon Ingram,Alabama,0.5,0.2727272727272727,0.2222222222222222,0.625
521,40637,Bryce Brown,Auburn,0.6666666666666666,0.3333333333333333,0.11764705882352941,0.656934306569343
522,40685,Anthony Bilas,Wake Forest,0.0,0.0,0.0,1.0
523,40697,Brady Ernst,Florida Gulf Coast,0.9090909090909091,0.5714285714285714,0.0,0.0
524,40718,Chad Lott,Howard,0.7857142857142857,0.4,0.30985915492957744,0.5384615384615384
525,40730,Lucas Campbell,Tennessee,0.0,0.0,0.0,0.0
526,40731,Lamonte Turner,Tennessee,0.5,0.4090909090909091,0.25,0.8163265306122449
527,40751,Charles Jackson,Arkansas Pine Bluff,0.0,0.3333333333333333,0.3333333333333333,0.7169811320754716
528,40770,J'Breun Sprinkle,Arkansas Pine Bluff,0.0,0.0,0.0,0.0
529,40776,Marcus Wallace,Arkansas Pine Bluff,0.0,0.0,0.0,0.875
530,40778,DeRias Johnson,Southern,0.0,0.16666666666666666,0.0,0.7777777777777778
531,40782,Nigel Ribeiro,Grambling St.,0.0,0.11764705882352941,0.0,0.3333333333333333
532,40791,Hayden Farquhar,Abilene Christian,0.5,0.7,0.6,1.0
533,40806,AJ Sumbry,Wagner,0.8333333333333334,0.5671641791044776,0.2777777777777778,0.0
534,40811,Armani Chaney,Tennessee St.,0.0,0.05263157894736842,0.14285714285714285,0.6875
535,40814,Paul Thomas,UTEP,0.0,0.4583333333333333,0.2857142857142857,1.0
536,40836,McKay Cannon,BYU,0.0,0.3333333333333333,0.3333333333333333,0.8695652173913043
537,40838,Dupree McBrayer,Minnesota,0.4,0.5714285714285714,0.2916666666666667,0.8571428571428571
538,40839,Davante Cooper,Washington St.,1.0,0.875,0.5,0.0
539,40841,Antoine Pittman,Bradley,0.0,0.3076923076923077,0.25,1.0
540,40843,Kerry Blackshear Jr.,Virginia Tech,0.7333333333333333,0.5478260869565217,0.5208333333333334,0.8095238095238095
541,40846,Justin Robinson,Virginia Tech,0.6666666666666666,0.21153846153846154,0.0,0.8048780487804879
542,40851,Peter Hanley,Bradley,0.0,0.5,0.0,0.0
543,40852,Luuk van Bree,Bradley,1.0,0.6,0.1935483870967742,0.9259259259259259
544,40853,Josh Davis,Western Michigan,0.4375,0.3898305084745763,0.3225806451612903,0.7857142857142857
545,40854,Deivis Zemgulis,Penn St.,0.0,0.0,0.0,1.0
546,40856,Emmanuel Nzekwesi,Oral Roberts,0.5,0.44871794871794873,0.423728813559322,1.0
547,40857,Trhae Mitchell,South Alabama,0.5,0.29473684210526313,0.0625,0.9032258064516129
548,40860,Wade Martin,Louisiana Monroe,0.0,0.0,0.0,0.0
549,40862,Travis Munnings,Louisiana Monroe,0.6666666666666666,0.4823529411764706,0.30434782608695654,0.8695652173913043
550,40864,Jerekius Davis,Louisiana,1.0,0.6,0.44,0.8918918918918919
551,40867,Quinn Taylor,Utah St.,0.875,0.6428571428571429,0.625,0.95
552,40869,Eric McGill,Southern Illinois,0.25,0.23076923076923078,0.1,0.8
553,40883,Lagerald Vick,Kansas,0.7142857142857143,0.35714285714285715,0.20833333333333334,0.7121212121212122
554,40886,Rashard Odomes,Oklahoma,0.4444444444444444,0.25609756097560976,0.125,0.8333333333333334
555,40891,Tim Delaney,Villanova,0.0,0.0,0.0,0.0
556,40901,Tayler Persons,Ball St.,0.0,0.2222222222222222,0.08823529411764706,0.5581395348837209
557,40906,James Harvey,McNeese St.,0.0,0.25,0.19047619047619047,0.859375
558,40909,Nick Garth,Lamar,0.0,0.375,0.15555555555555556,0.7794117647058824
559,40915,Josh Nzeakor,Lamar,0.8095238095238095,0.6343283582089553,0.5,0.0
560,40932,Geno Crandall,Gonzaga,0.5,0.36,0.1,0.6923076923076923
561,40947,Keith Oddo,Richmond,0.0,0.0,0.0,0.0
562,40951,Rashaan Holloway,Massachusetts,0.8947368421052632,0.6896551724137931,0.4,0.0
563,40953,Collin Goss,Delaware,0.0,0.5294117647058824,0.16666666666666666,1.0
564,40954,Kassoum Yakwe,Connecticut,0.0,0.625,0.0,0.0
565,40962,Steve Harris,Austin Peay,0.8333333333333334,0.22388059701492538,0.16393442622950818,1.0
566,41000,Derek Ogbeide,Georgia,0.8888888888888888,0.66,0.18181818181818182,0.0
567,41003,Tripp Davis,Tennessee St.,0.0,0.25,0.45454545454545453,0.9090909090909091
568,41005,Kevarrius Hayes,Florida,0.8620689655172413,0.7333333333333333,0.391304347826087,0.0
569,41007,Keith Stone,Florida,0.0,0.23076923076923078,0.5,0.8666666666666667
570,41009,E'Torrion Wilridge,Georgia,1.0,0.42857142857142855,0.0,1.0
571,41010,William Jackson II,Georgia,0.0,0.375,0.18181818181818182,0.9210526315789473
572,41011,Connor O'Neill,Georgia,0.0,0.0,0.0,0.0
573,41012,Mike Edwards,Georgia,1.0,1.0,0.0,0.0
574,41082,Glynn Watson Jr.,Nebraska,0.0,0.27450980392156865,0.11627906976744186,0.5769230769230769
575,41086,Brady Schuck,Furman,0.0,0.0,0.0,0.0
576,41088,Tahjai Teague,Ball St.,0.6285714285714286,0.5169491525423728,0.3055555555555556,0.6153846153846154
577,41089,DaQuan Jeffries,Tulsa,0.8181818181818182,0.48148148148148145,0.5833333333333334,1.0
578,41103,David Cunningham,Nevada,0.0,0.0,0.0,0.0
579,41133,Matt McQuaid,Michigan St.,1.0,0.48148148148148145,0.6666666666666666,0.958904109589041
580,41139,Patrick Muldoon,Kansas St.,0.0,0.0,0.0,0.0
581,41140,Lucas Jones,Eastern Illinois,0.0,0.5,0.0,1.0
582,41141,Aboubacar Diallo,Eastern Illinois,0.6666666666666666,0.6666666666666666,0.8333333333333334,0.0
583,41148,Conner George,Michigan St.,0.0,0.0,0.0,0.0
584,41156,Dainan Swoope,Elon,0.0,0.3333333333333333,0.5,1.0
585,41171,Jalen Duke,Tennessee St.,0.0,1.0,0.5,1.0
586,41174,Micaiah Henry,Tennessee Tech,0.9545454545454546,0.5733333333333334,0.27586206896551724,0.0
587,41176,Courtney Alexander II,Tennessee Tech,0.6451612903225806,0.5384615384615384,0.25,0.0
588,41196,Jordan Naughton,Wyoming,0.8571428571428571,0.8260869565217391,0.8,0.0
589,41202,Ervins Meznieks,Boston College,0.0,0.0,0.0,0.0
590,41227,Brion Sanchious,Murray St.,0.8181818181818182,0.6956521739130435,0.7142857142857143,0.0
591,41228,Thomas Smallwood,Chattanooga,1.0,0.4166666666666667,0.2857142857142857,0.9615384615384616
592,41238,Marquelle McIntyre,Akron,0.0,0.0,0.0,0.0
593,41240,Jordan Hunter,Saint Mary's,0.8666666666666667,0.5487804878048781,0.1111111111111111,0.0
594,41243,Avery Johnson Jr.,Alabama,0.0,0.08333333333333333,0.16666666666666666,0.75
595,41245,Tariq Owens,Texas Tech,0.9038461538461539,0.8,0.9230769230769231,0.875
596,41246,Elijah Burns,Notre Dame,1.0,0.6666666666666666,1.0,1.0
597,41251,Luke Maye,North Carolina,0.875,0.6526315789473685,0.6865671641791045,0.9444444444444444
598,41255,Henrik Jadersten,Santa Clara,1.0,0.7916666666666666,0.4,1.0
599,41257,KJ Feagin,Santa Clara,0.0,1.0,0.0,1.0
600,41258,Nate Renfro,San Francisco,0.6551724137931034,0.5084745762711864,0.42857142857142855,0.9375
601,41264,Venjie Wallis,Jackson St.,0.16666666666666666,0.28169014084507044,0.3333333333333333,0.8
602,41271,Richard Laku,McNeese St.,0.0,0.0,0.0,0.0
603,41273,Jarren Greenwood,McNeese St.,1.0,0.23076923076923078,0.26666666666666666,0.9090909090909091
604,41275,Adrian Brown,McNeese St.,1.0,0.5,1.0,1.0
605,41310,Desure Buie,Hofstra,0.0,0.2033898305084746,0.21428571428571427,0.6666666666666666
606,41315,Roman Davis,California,1.0,0.5,1.0,0.0
607,41325,Francois Lewis,Presbyterian,1.0,0.6756756756756757,0.47058823529411764,0.948051948051948
608,41352,Donte Fitzpatrick-Dorsey,Tennessee St.,0.4166666666666667,0.234375,0.10526315789473684,0.7435897435897436
609,41354,Quinndary Weatherspoon,Mississippi St.,0.5217391304347826,0.3482142857142857,0.13043478260869565,0.6
610,41358,Terence Davis,Mississippi,0.5714285714285714,0.4027777777777778,0.2857142857142857,0.7692307692307693
611,41364,Aric Holman,Mississippi St.,0.7,0.5833333333333334,0.391304347826087,0.9111111111111111
612,41368,Chad Brown,UCF,0.7777777777777778,0.673469387755102,0.7142857142857143,0.0
613,41371,Sedrick Barefield,Utah,0.0,0.1111111111111111,0.05,0.5913978494623656
614,41373,Jahmal McMurray,SMU,1.0,0.30434782608695654,0.1864406779661017,0.6138613861386139
615,41382,Tacko Fall,UCF,0.5681818181818182,0.583941605839416,0.29411764705882354,0.0
616,41407,Sam Norton,Loyola MD,0.0,0.7777777777777778,0.6666666666666666,1.0
617,41420,Josh Martin,Santa Clara,0.6666666666666666,0.6,0.75,1.0
618,41424,Brett Barney,Nebraska Omaha,0.0,0.6363636363636364,0.16666666666666666,0.8571428571428571
619,41434,KiShawn Pritchett,Davidson,0.0,0.3684210526315789,0.0,0.9111111111111111
620,41456,Gavin Block,Ohio,0.0,0.6,0.2,0.9555555555555556
621,41470,Christian James,Oklahoma,0.0,0.40298507462686567,0.19444444444444445,0.782608695652174
622,41473,Isaiah Moss,Iowa,0.25,0.24242424242424243,0.5172413793103449,0.9166666666666666
623,41474,Nakye Sanders,Towson,0.3333333333333333,0.45454545454545453,0.4594594594594595,0.8
624,41476,Carlton Bragg,New Mexico,0.6153846153846154,0.782608695652174,0.7777777777777778,0.0
625,41513,Jessie Govan,Georgetown,0.9285714285714286,0.6363636363636364,0.6103896103896104,0.9787234042553191
626,41514,Josh Williams,Robert Morris,0.0,0.17777777777777778,0.15384615384615385,0.75
627,41518,Abdulai Bundu,Quinnipiac,1.0,0.7076923076923077,0.0,0.0
628,41522,Aaron Robinson,Quinnipiac,0.0,0.625,0.0,0.7142857142857143
629,41523,Devontae Cacok,UNC Wilmington,0.8214285714285714,0.5939849624060151,0.7,1.0
630,41524,C.J. Bryce,N.C. State,0.5,0.36923076923076925,0.09615384615384616,0.9210526315789473
631,41532,Brad Brechting,Oakland,0.6363636363636364,0.6375,0.4444444444444444,1.0
632,41534,Khalil Iverson,Wisconsin,0.8095238095238095,0.547945205479452,0.4666666666666667,1.0
633,41541,Ty Cockfield II,Arkansas St.,0.6,0.18181818181818182,0.14864864864864866,0.6451612903225806
634,41544,Kaleb Johnson,Georgetown,0.0,0.5555555555555556,0.3333333333333333,1.0
635,41551,Marlon Hunter,Jacksonville St.,0.0,0.43859649122807015,0.6736842105263158,0.8947368421052632
636,41553,Fatodd Lewis,Tennessee Martin,1.0,0.4166666666666667,0.5,0.8888888888888888
637,41556,Nick Allen,UTSA,0.25,0.4146341463414634,0.4583333333333333,0.9629629629629629
638,41558,Justin Jenkins,Gardner Webb,0.0,0.4,0.0,0.8181818181818182
639,41570,Eric Jamison,Gardner Webb,1.0,0.5555555555555556,0.2222222222222222,1.0
640,41572,Nych Smith,Winthrop,0.0,0.07272727272727272,0.01818181818181818,0.6511627906976745
641,41575,Jay Camus,St. John's,0.0,0.0,0.0,0.0
642,41577,Matt Maloney,Manhattan,0.0,0.0,0.0,0.0
643,41582,Cody Kelley,South Dakota,0.0,0.2,0.0,0.8636363636363636
644,41584,Darrian Traylor,UC Irvine,0.0,0.3333333333333333,0.0,0.6363636363636364
645,41587,Maxwell Kupchak,UC Santa Barbara,0.0,0.0,0.0,0.0
646,41589,J.D. Paige,Colorado St.,0.4,0.22857142857142856,0.16216216216216217,0.7692307692307693
647,41597,Scott Muirhead,UT Arlington,0.0,0.0,0.0,0.0
648,41601,BJ Miller,Troy,0.0,0.25675675675675674,0.0,0.8666666666666667
649,41602,Jordon Varnado,Troy,0.8571428571428571,0.4050632911392405,0.2857142857142857,0.75
650,41604,Alex Hicks,Troy,0.6764705882352942,0.5194805194805194,0.36363636363636365,0.8421052631578947
651,41618,Tyler Singleton,Prairie View A&M,0.0,0.75,0.0,1.0
652,41628,Barry Brown Jr.,Kansas St.,0.36363636363636365,0.3625,0.1935483870967742,0.7142857142857143
653,41633,Cortez Edwards,Southern Miss,0.9285714285714286,0.56,0.2542372881355932,0.92
654,41634,B.J. Maxwell,Abilene Christian,0.0,0.56,0.38461538461538464,0.96875
655,41636,Marcus Evans,VCU,0.5,0.13636363636363635,0.07692307692307693,0.6341463414634146
656,41637,Fletcher Magee,Wofford,0.0,0.16666666666666666,0.14705882352941177,0.7428571428571429
657,41639,Matthew Pegram,Wofford,0.5714285714285714,0.6,0.4444444444444444,0.6666666666666666
658,41640,Jesse Hunt,Eastern Washington,0.0,0.4246575342465753,0.2708333333333333,0.8333333333333334
659,41641,Ty Gibson,Eastern Washington,0.0,0.4,0.0,0.9090909090909091
660,41655,George Kiernan,Navy,1.0,0.5263157894736842,0.45454545454545453,0.9629629629629629
661,41693,Ernest Aflakpui,Temple,1.0,0.6440677966101694,0.5833333333333334,0.0
662,41694,Kajon Brown,Southeastern Louisiana,0.5,0.47619047619047616,0.3076923076923077,0.9375
663,41695,Sterling Taplin,Tulsa,0.0,0.09615384615384616,0.0,0.875
664,41697,Malik Ellison,Pittsburgh,0.5454545454545454,0.48214285714285715,0.3,1.0
665,41709,Jon Elmore,Marshall,0.0,0.05,0.125,0.5964912280701754
666,41727,Kevin Puryear,Missouri,0.8333333333333334,0.3103448275862069,0.21212121212121213,1.0
667,41728,K.J. Walton,Ball St.,0.7142857142857143,0.5238095238095238,0.13636363636363635,1.0
668,41731,Eric Cobb,Connecticut,0.6,0.4883720930232558,0.5,1.0
669,41742,Sylvester Ogbonda,Georgia Tech,0.0,0.75,0.0,0.0
670,41743,Christ Koumadje,Florida St.,0.7435897435897436,0.6931818181818182,0.4444444444444444,0.0
671,41748,Terance Mann,Florida St.,0.5526315789473685,0.32710280373831774,0.1,0.5666666666666667
672,41759,Rayjon Tucker,Little Rock,0.45454545454545453,0.31645569620253167,0.14814814814814814,0.8285714285714286
673,41805,Deion Holmes,USC Upstate,0.6,0.3013698630136986,0.36363636363636365,0.9411764705882353
674,41811,Julius Johnson,Richmond,0.0,0.8,0.75,0.92
675,41828,Ryan Pearson,Navy,0.0,0.3333333333333333,0.0,0.625
676,41829,Christion Thompson,Rhode Island,0.0,0.25,0.125,0.8518518518518519
677,41832,Malik Hines,McNeese St.,0.5714285714285714,0.44680851063829785,0.23529411764705882,1.0
678,41834,Nate Navigato,Toledo,0.0,0.4090909090909091,0.325,0.9390243902439024
679,41848,Kyle Clarke,Kennesaw St.,0.5,0.4230769230769231,0.4,0.0
680,41850,Zach Snyder,Duquesne,0.0,0.0,0.0,0.0
681,41851,Jack Westerfield,Dayton,0.0,1.0,0.0,1.0
682,41853,Chris Downing,Fordham,0.0,1.0,0.0,0.0
683,41854,Luwane Pipkins,Massachusetts,0.0,0.08333333333333333,0.06896551724137931,0.4375
684,41864,Jeffery McClendon,Loyola Marymount,0.0,0.36666666666666664,0.0,0.8181818181818182
685,41877,Ryan Maas,Western Illinois,0.0,0.0,0.0,0.0
686,41893,David Knudsen,Marist,0.0,0.5263157894736842,0.2857142857142857,0.8333333333333334
687,41894,Menno Dijkstra,UC Riverside,0.6,0.66,0.375,0.8846153846153846
688,41907,Eli Cain,DePaul,0.0,0.19607843137254902,0.17391304347826086,0.8360655737704918
689,41915,Sam Lindgren,Colgate,0.0,1.0,1.0,0.0
690,41924,Ganlandou Cisse,LIU,1.0,0.8333333333333334,0.5,0.0
691,41928,Hayden Schenck,Utah Valley,0.0,0.6,0.0,0.0
692,41929,Aleer Leek,UMKC,1.0,0.8888888888888888,0.8,1.0
693,41930,Austin Nehls,Ball St.,0.0,0.0,0.0,0.8823529411764706
694,41936,Jaire Grayer,George Mason,0.0,0.6,0.0,0.9333333333333333
695,41940,Martez Cameron,Morgan St.,0.0,0.10714285714285714,0.3870967741935484,0.9473684210526315
696,41942,Taylor McHugh,Bryant,0.0,0.25,0.0,0.7857142857142857
697,41943,Steven Enoch,Louisville,0.9655172413793104,0.6666666666666666,0.4666666666666667,1.0
698,41970,D'Angelo West,Southeastern Louisiana,0.0,0.0,0.0,0.75
699,41974,Laquincy Rideau,South Florida,0.0,0.1485148514851485,0.0,0.5925925925925926
700,41975,Josh Ajayi,South Alabama,0.8888888888888888,0.5107913669064749,0.25,0.6875
701,41977,Antonio Gillespie,Morgan St.,0.0,0.25,1.0,0.8181818181818182
702,41998,New Williams,Fresno St.,0.5,0.35294117647058826,0.16666666666666666,0.94
703,42020,Michael Oguine,Montana,0.6666666666666666,0.367816091954023,0.2857142857142857,0.7714285714285715
704,42024,Karl Gamble,Middle Tennessee,0.7692307692307693,0.5714285714285714,0.55,0.9375
705,42025,Quavius Copeland,North Carolina A&T,0.0,0.38235294117647056,0.12903225806451613,0.6578947368421053
706,42030,Gary Chivichyan,Idaho St.,0.0,0.1111111111111111,0.4444444444444444,0.9454545454545454
707,42031,Brandon Boyd,Idaho St.,0.0,0.1038961038961039,0.06666666666666667,0.59375
708,42034,Isaiah Lamb,Marist,0.75,0.32558139534883723,0.5,0.8
709,42040,Samson Usilo,Manhattan,0.6666666666666666,0.2916666666666667,0.5,1.0
710,42048,Tyler Seibring,Elon,0.0,0.5277777777777778,0.47297297297297297,0.9855072463768116
711,42049,Steven Santa Ana,Elon,1.0,0.2716049382716049,0.09090909090909091,0.828125
712,42050,Sheldon Eberhardt,Elon,0.0,0.29545454545454547,0.08,0.6285714285714286
713,42052,Karolis Kundrotas,Elon,0.0,0.3333333333333333,0.0,1.0
714,42053,Terrell Allen,UCF,0.0,0.22580645161290322,0.2,0.6923076923076923
715,42064,Peter Barba,Columbia,0.0,0.2,0.0,0.9333333333333333
716,42065,Shaqquan Aaron,USC,1.0,0.5319148936170213,0.5,0.9354838709677419
717,42066,Quinton Adlesh,Columbia,0.0,0.41025641025641024,0.29411764705882354,0.8769230769230769
718,42068,Rodney Hunter,Columbia,0.0,0.42857142857142855,0.0,1.0
719,42069,CJ Davis,Columbia,0.0,0.0,0.0,1.0
720,42077,Matt Morgan,Cornell,0.6666666666666666,0.4318181818181818,0.25,0.7340425531914894
721,42080,Zach Glotta,Austin Peay,0.0,0.3333333333333333,0.2222222222222222,0.7941176470588235
722,42122,Kerwin Roach II,Texas,0.46153846153846156,0.15942028985507245,0.030303030303030304,0.7037037037037037
723,42124,Hank Hollingsworth,Cal Poly,0.5555555555555556,0.6078431372549019,0.2,0.0
724,42128,Djery Baptiste,Massachusetts,0.6666666666666666,0.631578947368421,0.6,0.0
725,42129,Camron Justice,IU Indy,0.0,0.34328358208955223,0.27586206896551724,0.7411764705882353
726,42130,Admiral Schofield,Tennessee,0.6111111111111112,0.4880952380952381,0.44,0.9041095890410958
727,42131,Brad Woodson,Tennessee,0.0,0.0,0.0,1.0
728,42135,Kyle Alexander,Tennessee,0.8064516129032258,0.6086956521739131,0.9354838709677419,1.0
729,42136,Jamall Gregory,Jacksonville St.,0.4166666666666667,0.22580645161290322,0.08695652173913043,0.25
730,42142,James Bolden,West Virginia,0.0,0.14285714285714285,0.16666666666666666,0.6333333333333333
731,42145,Gordon Gehan,Boston College,0.0,0.0,0.0,0.0
732,42146,Lamont West,West Virginia,0.75,0.4473684210526316,0.4,0.875
733,42153,Nate Fowler,Butler,1.0,0.6046511627906976,0.6,1.0
734,42179,Deondre Burns,Little Rock,0.0,0.30434782608695654,0.1951219512195122,0.9047619047619048
735,42182,Nick Mayo,Eastern Kentucky,0.6153846153846154,0.43478260869565216,0.34782608695652173,0.7647058823529411
736,42184,Cameron Delaney,Sam Houston St.,0.0,0.5,0.4642857142857143,0.8904109589041096
737,42203,Eric Rwahwire,UC Riverside,0.0,0.25,0.0,0.75
738,42230,Robbie Feinberg,Harvard,0.0,0.0,0.0,0.0
739,42231,Josh Thompson,Ball St.,0.0,0.4166666666666667,0.0,0.9166666666666666
740,42247,C.J. Burks,Marshall,0.14285714285714285,0.19090909090909092,0.07042253521126761,0.8181818181818182
741,42258,Dontae Caldwell,Maryland Eastern Shore,1.0,0.6666666666666666,0.3333333333333333,1.0
742,42280,Alex Long,Norfolk St.,0.8125,0.5694444444444444,0.38636363636363635,1.0
743,42287,TyQuaylon Smith,Alcorn St.,0.0,0.0,0.0,0.0
744,42289,Jonathan Laurent,Massachusetts,0.8888888888888888,0.5681818181818182,0.6875,0.9428571428571428
745,42291,John Emezie,Army,0.5,0.3157894736842105,0.0,1.0
746,42312,JD Miller,TCU,0.8518518518518519,0.6590909090909091,0.45454545454545453,0.88
747,42314,Simeon Carter,Georgia Southern,0.9230769230769231,0.6101694915254238,0.40540540540540543,1.0
748,42318,Thomas Nolan,Fairfield,0.0,0.0,0.0,0.0
749,42323,Quinton Forrest,Jacksonville,0.0,1.0,0.0,0.0
750,42325,Ulmer Manzie,Bethune Cookman,0.0,0.0,0.0,0.0
751,42359,Nolan Narain,San Diego St.,0.75,0.5,0.5,0.75
752,42362,Caleb Homesley,Liberty,0.6470588235294118,0.47368421052631576,0.3076923076923077,0.6730769230769231
753,42365,Dexter Gooding,High Point,0.0,1.0,1.0,1.0
754,42367,Lovell Cabbil,Liberty,0.0,0.3548387096774194,0.07692307692307693,0.8936170212765957
755,42369,Anthony Mathis,New Mexico,0.0,0.13333333333333333,0.23076923076923078,0.66
756,42370,Dane Kuiper,New Mexico,0.8,0.5384615384615384,0.45,0.8333333333333334
757,42375,Marc Gosselin,Western Carolina,0.0,0.5294117647058824,0.0,1.0
758,42376,Wyatt Walker,N.C. State,0.9,0.6875,0.0,1.0
759,42386,Malik Metoyer,Northwestern St.,0.25,0.28,0.2727272727272727,0.8888888888888888
760,42390,Dominic Magee,Southern Miss,0.25,0.4,0.0,0.4375
761,42397,Jordan Whitehead,High Point,0.0,0.5531914893617021,0.6538461538461539,1.0
762,42405,Bobby Moorehead,Montana,1.0,0.5,0.0,0.8974358974358975
763,42411,Christian Cunningham,Jacksonville St.,0.6666666666666666,0.6136363636363636,0.5384615384615384,0.0
764,42413,Malik Maitland,Bethune Cookman,1.0,0.15217391304347827,0.15,0.5348837209302325
765,42414,Lamontray Harris,Morehead St.,0.7142857142857143,0.379746835443038,0.3090909090909091,0.9333333333333333
766,42431,Michael Klebon,Saint Francis,0.0,0.0,0.0,0.0
767,42436,Lyles Davis,Clemson,0.0,0.0,0.0,1.0
768,42437,Nisre Zouzoua,Nevada,0.0,0.25,0.5,0.6666666666666666
769,42438,Nico Carvacho,Colorado St.,1.0,0.5555555555555556,0.4473684210526316,0.0
770,42443,Jordan Andrews,South Alabama,0.0,0.5,0.3333333333333333,0.9444444444444444
771,42444,Travis Fuller,Brown,0.0,0.75,0.0,0.0
772,42446,Jimmy Whitt Jr.,SMU,0.3333333333333333,0.2692307692307692,0.20202020202020202,1.0
773,42453,Chris Sullivan,Brown,0.0,0.7777777777777778,0.0,1.0
774,42454,Obi Okolie,Brown,0.5,0.16666666666666666,0.043478260869565216,0.7254901960784313
775,42467,Ishmael Lane,Northwestern St.,0.5,0.3655913978494624,0.5111111111111111,1.0
776,42495,Kain Harris,Kent St.,0.0,0.5,1.0,1.0
777,42499,Deng Riak,Akron,1.0,0.7659574468085106,0.4,0.875
778,42502,Joe Toye,Vanderbilt,0.4,0.1935483870967742,0.0,0.7714285714285715
779,42503,Samir Sehic,Tulane,1.0,0.7441860465116279,0.85,1.0
780,42507,Jeremiah Martin,Memphis,0.5,0.3879310344827586,0.05263157894736842,0.6666666666666666
781,42509,K.J. Lawson,Kansas,0.0,0.375,0.1,0.9230769230769231
782,42510,Dedric Lawson,Kansas,1.0,0.4326241134751773,0.3150684931506849,0.9142857142857143
783,42573,Chase Miller,Middle Tennessee,0.0,0.0,0.0,1.0
784,42575,Ed Polite Jr.,Radford,0.7954545454545454,0.59,0.24,0.9130434782608695
785,42596,Esa Ahmad,West Virginia,0.9,0.582089552238806,0.5789473684210527,0.6666666666666666
786,42613,Malek Harwell,Boise St.,0.0,0.16666666666666666,0.0,1.0
787,42631,Jaevin Cumberland,Oakland,0.0,0.5227272727272727,0.3333333333333333,0.8761904761904762
788,42660,DJ Williams,George Washington,1.0,0.3225806451612903,0.5147058823529411,0.8928571428571429
789,42665,Lamarr Kimble,Saint Joseph's,0.0,0.19298245614035087,0.0,0.6666666666666666
790,42670,Myles Carter,Seattle,0.7586206896551724,0.5643564356435643,0.5121951219512195,0.8333333333333334
791,42696,Cody Schwartz,Green Bay,0.0,0.18181818181818182,0.38461538461538464,0.9761904761904762
792,42698,Andrew Sorrells,Texas Tech,0.0,0.5,0.0,1.0
793,42701,Elijah Holifield,Prairie View A&M,0.0,0.0,0.0,0.0
794,42704,Quentin Taylor,Indiana,0.0,0.0,0.0,0.0
795,42707,Josh Coleman,Coastal Carolina,1.0,0.52,1.0,0.0
796,42710,Lucian Brownlee,Coppin St.,0.0,0.0,0.0,0.6666666666666666
797,42721,Armel Potter,George Washington,0.0,0.2,0.18181818181818182,0.8
798,42735,Branden Johnson,Alabama St.,0.6,0.55,0.5714285714285714,0.0
799,42742,Seth Dugan,Western Michigan,1.0,0.5697674418604651,0.41935483870967744,0.5
800,42747,Luke Knapke,Toledo,0.8181818181818182,0.6547619047619048,0.7777777777777778,0.96875
801,42749,Cody John,Weber St.,0.0,0.17647058823529413,0.14285714285714285,0.7894736842105263
802,42756,Brandon Gilbeck,Western Illinois,0.8333333333333334,0.46875,0.375,0.0
803,42757,Jordan Hughes,Western Illinois,0.0,0.45454545454545453,0.625,0.0
804,42759,James Dickey,UNC Greensboro,0.6666666666666666,0.43478260869565216,0.3333333333333333,1.0
805,42760,Demetrius Troy,UNC Greensboro,0.0,0.34782608695652173,0.1,0.7
806,42761,Francis Alonso,UNC Greensboro,0.0,0.28,0.16279069767441862,0.6703296703296703
807,42765,Matt Rose,Lipscomb,0.5,0.6,0.0,0.9791666666666666
808,42789,Anthony Townes,Pacific,0.0,0.631578947368421,0.4166666666666667,0.0
809,42791,Nick Emery,BYU,0.0,0.2,0.25,0.8888888888888888
810,42793,Kameron Edwards,Pepperdine,1.0,0.5740740740740741,0.5263157894736842,0.9047619047619048
811,42795,Galen Robinson Jr.,Houston,0.0,0.17307692307692307,0.12,0.9285714285714286
812,42798,Drew Edwards,Providence,0.0,1.0,0.5,1.0
813,42799,Tre Scott,Cincinnati,0.8823529411764706,0.46153846153846156,0.6875,0.8333333333333334
814,42806,Jared Hamilton,Boston College,1.0,0.7368421052631579,0.48,1.0
815,42807,DelFincko Bogan,Tennessee Martin,0.0,0.2702702702702703,0.16666666666666666,0.673469387755102
816,42812,Dujuanta Weaver,Eastern Kentucky,0.0,0.0,0.0,0.8051948051948052
817,42813,Tim Rowe,Southern Miss,1.0,0.9545454545454546,0.7272727272727273,1.0
818,42826,Antwon Lillard,Bowling Green,0.875,0.36585365853658536,0.3333333333333333,0.8048780487804879
819,42837,Tommy McCarthy,Harvard,0.0,0.0,0.0,0.0
820,42841,Jake Silpe,Penn,0.0,0.6333333333333333,0.0,0.8275862068965517
821,42842,Jackson Donahue,Penn,0.0,0.0,0.0,0.9411764705882353
822,42845,Elias Berbari,Princeton,0.0,0.0,0.0,0.0
823,42846,Noah Bramlage,Princeton,0.0,0.0,0.0,1.0
824,42865,Justin Jenifer,Cincinnati,0.0,0.15,0.2222222222222222,0.85
825,42873,Parker Ernsthausen,Wright St.,0.0,0.35294117647058826,0.375,0.9615384615384616
826,42878,Jack Williams,Rice,0.0,0.5185185185185185,0.46938775510204084,0.9615384615384616
827,42903,Akoy Agau,Louisville,0.0,0.625,0.0,0.0
828,42912,Jovan Grujic,Stephen F. Austin,0.0,0.7777777777777778,1.0,0.0
829,42930,Ahmaad Rorie,Montana,0.4444444444444444,0.22033898305084745,0.13114754098360656,0.7413793103448276
830,42952,Matt Heldt,Marquette,0.0,0.6,0.0,0.0
831,42953,Haanif Cheatham,Florida Gulf Coast,1.0,0.15151515151515152,0.0,0.5714285714285714
832,42955,Sacar Anim,Marquette,0.3333333333333333,0.4897959183673469,0.48484848484848486,0.9629629629629629
833,42956,Traci Carter,La Salle,0.0,0.1111111111111111,0.13333333333333333,0.8
834,42957,Erten Gazi,Fordham,0.0,0.125,0.0,0.5
835,42958,Oumar Barry,San Jose St.,1.0,0.5,0.3,0.75
836,42961,Jordan Murphy,Minnesota,0.8157894736842105,0.5488721804511278,0.3939393939393939,1.0
837,42964,Cam Marotta,Marquette,0.0,0.0,0.0,0.0
838,42968,Ryan Mikesell,Dayton,1.0,0.6792452830188679,0.25,1.0
839,43014,Justin Dahl,Northern Iowa,1.0,0.5,0.25,0.0
840,43029,Matisse Thybulle,Washington,0.358974358974359,0.2833333333333333,0.0,0.9347826086956522
841,43052,Aaron Carver,Old Dominion,1.0,0.6333333333333333,0.5,1.0
842,43061,Logan Routt,West Virginia,1.0,0.64,0.3333333333333333,0.0
843,43064,Damiyne Durham,Cal St. Bakersfield,1.0,0.6111111111111112,0.30434782608695654,0.7857142857142857
844,43065,Damon Wilson,Georgia St.,0.0,0.28125,0.6,0.8695652173913043
845,43083,Connor Bennett,UMass Lowell,1.0,1.0,1.0,0.0
846,43085,Tyler Streeter,Morgan St.,0.0,0.25,0.0,0.9375
847,43103,Nic Thomas,Norfolk St.,0.0,0.30434782608695654,0.21739130434782608,0.8607594936708861
848,43122,Dan Sheets,Saint Mary's,0.0,1.0,0.0,0.0
849,43129,Kenny Williams,North Carolina,1.0,0.5348837209302325,0.42857142857142855,0.9534883720930233
850,43143,Myles Stephens,Princeton,0.3333333333333333,0.28378378378378377,0.1935483870967742,0.7222222222222222
851,43146,Walter Jones Jr.,Alabama A&M,0.5,0.56,0.2857142857142857,0.875
852,43149,James Claar,Western Illinois,1.0,0.5263157894736842,0.0,0.0
853,43151,Beau Brown,South Dakota St.,0.0,0.5,0.0,0.0
854,43153,Cole Gentry,Wright St.,0.0,0.05357142857142857,0.09090909090909091,0.3673469387755102
855,43155,Dan Jech,South Dakota,1.0,0.7142857142857143,0.6,1.0
856,43156,Tevin King,South Dakota St.,0.2,0.22388059701492538,0.14285714285714285,0.9444444444444444
857,43162,Nick Weiler-Babb,Iowa St.,0.0,0.15789473684210525,0.11538461538461539,0.6190476190476191
858,43164,Ryan Taylor,Northwestern,1.0,0.26666666666666666,0.4642857142857143,0.9166666666666666
859,43169,Justin Wright-Foreman,Hofstra,0.5625,0.27358490566037735,0.11711711711711711,0.5370370370370371
860,43182,Xavier Hallinan,Portland,0.0,0.0,0.0,0.6
861,43183,Jack Beach,Gonzaga,0.0,0.0,0.0,1.0
862,43184,Colin Russell,UC Davis,0.0,0.75,0.0,0.0
863,43188,Derrik Smits,Valparaiso,1.0,0.5803571428571429,0.5769230769230769,0.0
864,43199,Hunter Seacat,Appalachian St.,0.75,0.6415094339622641,0.3333333333333333,0.0
865,43201,Dennis Tunstall,Towson,0.25,0.3877551020408163,0.92,1.0
866,43206,Jon Davis,Charlotte,0.3333333333333333,0.2676056338028169,0.0851063829787234,0.4657534246575342
867,43209,Paulius Zalys,Lafayette,0.5,0.36538461538461536,0.30952380952380953,0.9285714285714286
868,43212,Auston Evans,Lafayette,0.0,0.0,0.0,1.0
869,43213,Jacob Orender,California,0.0,0.0,0.0,0.0
870,43225,Chris Clemons,Campbell,0.3333333333333333,0.26785714285714285,0.13513513513513514,0.5390625
871,43239,Balsa Dragovic,Harvard,0.0,0.0,0.0,0.0
872,43240,Guilien Smith,Dartmouth,0.0,0.14285714285714285,0.0,0.8571428571428571
873,43246,Joel Davis,Cornell,0.5,0.39285714285714285,0.0,0.8333333333333334
874,43248,Lacey James,Northern Illinois,0.9,0.3709677419354839,0.45,1.0
875,43253,Troy Whiteside,Cornell,0.5,0.5,0.375,0.8333333333333334
876,43261,Cameron Jones,Saint Peter's,0.0,0.0,0.0,0.6666666666666666
877,43276,Akwasi Yeboah,Stony Brook,0.8,0.2608695652173913,0.27906976744186046,0.9230769230769231
878,43281,Ryan Jones,UMass Lowell,0.0,0.2,0.0,0.6086956521739131
879,43283,Alex Thomas,Towson,0.0,0.2857142857142857,0.47368421052631576,1.0
880,43284,Everett Duncan,Vermont,0.0,0.5625,0.8333333333333334,0.9117647058823529
881,43315,Andrew Fleming,Lipscomb,0.0,0.35714285714285715,0.1111111111111111,0.7058823529411765
882,43354,Marlain Veal,Southeastern Louisiana,0.0,0.30612244897959184,0.045454545454545456,0.6470588235294118
883,43355,Martin Krampelj,Creighton,0.8115942028985508,0.6618705035971223,0.5,1.0
884,43368,Develle Phillips,James Madison,0.6666666666666666,0.5625,0.25,0.0
885,43374,Jordan Hunter,Lamar,0.0,0.15789473684210525,0.1891891891891892,0.6666666666666666
886,43384,Tanner Krebs,Saint Mary's,0.3333333333333333,0.2777777777777778,0.10526315789473684,0.8113207547169812
887,43388,Curran Scott,Tulsa,0.0,0.3142857142857143,0.2857142857142857,0.975609756097561
888,43390,Moses Greenwood,Southeastern Louisiana,0.6,0.7117117117117117,0.55,0.9333333333333333
889,43392,Everson Davis,Binghamton,0.0,0.2,0.25,0.75
890,43396,Daniel Utomi,Akron,0.0,0.2702702702702703,0.10714285714285714,0.8837209302325582
891,43404,Zach Jackson,Nebraska Omaha,0.6666666666666666,0.3902439024390244,0.32142857142857145,0.5614035087719298
892,43413,Zach Pirog,Cal Baptist,0.8421052631578947,0.575,0.4,0.0
893,43474,Demajeo Wiggins,Bowling Green,0.9166666666666666,0.5818181818181818,0.5,0.0
894,43501,Mamadi Diakite,Virginia,1.0,0.7471264367816092,0.4827586206896552,1.0
895,43539,Jibri Blount,North Carolina Central,1.0,0.4716981132075472,0.6363636363636364,1.0
896,43546,Rickey McGill,Iona,0.25,0.2159090909090909,0.1891891891891892,0.723404255319149
897,43555,Otis Livingston II,George Mason,0.0,0.15789473684210525,0.0975609756097561,0.5957446808510638
898,43556,Javan White,Clemson,1.0,0.7391304347826086,0.4,0.0
899,43557,Nikola Scekic,South Florida,1.0,1.0,1.0,1.0
900,43559,Johncarlos Reyes,Boston College,1.0,0.8125,0.6,0.0
901,43562,Deng Geu,North Dakota St.,0.5,0.3835616438356164,0.125,0.8666666666666667
902,43563,Khy Kabellis,Pacific,0.0,0.2,0.0,0.7692307692307693
903,43569,Shembari Phillips,Georgia Tech,0.0,0.5555555555555556,0.0,1.0
904,43570,Curtis Cobb,Massachusetts,0.0,0.48,0.29411764705882354,0.8125
905,43571,DJ Draper,North Texas,0.0,0.4,0.0,0.7931034482758621
906,43575,A.J. Turner,Northwestern,0.25,0.625,0.4090909090909091,0.8974358974358975
907,43580,Kris Martin,Colorado St.,1.0,0.3548387096774194,0.19047619047619047,0.9722222222222222
908,43587,Jalen Poyser,St. Bonaventure,0.0,0.024390243902439025,0.25,0.9714285714285714
909,43593,Stefan Gonzalez,UC Davis,0.0,0.09090909090909091,0.25,0.9047619047619048
910,43602,Rob Edwards,Arizona St.,0.0,0.38095238095238093,0.36363636363636365,0.7058823529411765
911,43604,Anthony Green,Northeastern,0.8309859154929577,0.7256637168141593,0.2857142857142857,0.0
912,43605,Donnell Gresham Jr.,Northeastern,0.0,0.11764705882352941,0.1111111111111111,0.9090909090909091
913,43612,Brandonn Kamga,High Point,0.5,0.36065573770491804,0.1111111111111111,0.78125
914,43615,Jeremy Miller,Northeastern,0.0,0.625,0.8,1.0
915,43618,Allante Holston,Indiana St.,1.0,0.59375,0.25,0.8
916,43620,Matty McConnell,Robert Morris,0.0,0.2641509433962264,0.6,0.8979591836734694
917,43622,Matt Holba,Purdue Fort Wayne,0.4,0.325,0.0,0.92
918,43623,Kyle Leufroy,Lehigh,0.0,0.23529411764705882,0.35714285714285715,0.9642857142857143
919,43628,Levi Bradley,Northern Illinois,0.8333333333333334,0.32142857142857145,0.47540983606557374,0.8620689655172413
920,43629,Jaylen Key,Northern Illinois,0.0,0.4166666666666667,0.5185185185185185,0.0
921,43631,Abdoulaye Harouna,Miami OH,0.0,0.17647058823529413,0.25,0.8260869565217391
922,43638,James Gollon,Ohio,0.0,0.0,0.0,0.8333333333333334
923,43644,CJ Massinburg,Buffalo,0.6,0.29347826086956524,0.2222222222222222,0.8043478260869565
924,43656,Pervis Louder,Air Force,0.0,0.2857142857142857,0.3333333333333333,1.0
925,43659,Evan Fisher,Siena,0.8888888888888888,0.6050420168067226,0.323943661971831,0.9333333333333333
926,43662,Mamadou Ndiaye,Saint Peter's,0.0,0.0,0.0,0.0
927,43663,Kenny Wormley,Hofstra,0.0,0.6666666666666666,0.0,1.0
928,43664,Antwon Portley,Fordham,0.0,0.22727272727272727,0.1111111111111111,0.5588235294117647
929,43669,Christian Thieneman,Marshall,0.0,0.0,0.0,1.0
930,43679,Jason Burnell,Jacksonville St.,0.6666666666666666,0.3490566037735849,0.3829787234042553,0.8928571428571429
931,43687,Ryan Welage,Xavier,0.0,0.5555555555555556,0.38461538461538464,1.0
932,43692,Malik Benlevi,Georgia St.,0.75,0.2909090909090909,0.23076923076923078,0.971830985915493
933,43693,Chance McSpadden,UCF,0.0,0.0,0.0,1.0
934,43703,Ivan Bender,Maryland,0.0,0.6666666666666666,0.0,0.0
935,43715,Ryan McMahon,Louisville,0.0,0.3333333333333333,0.6666666666666666,0.9056603773584906
936,43720,Seth Rouse,Robert Morris,0.0,0.0,1.0,1.0
937,43736,Zac Seljaas,BYU,0.5,0.5454545454545454,0.5555555555555556,1.0
938,43746,Jayce Johnson,Utah,0.9375,0.35802469135802467,0.4,0.0
939,43752,Corey Johnson,Harvard,0.0,0.0,0.25,1.0
940,43771,Sean McDermott,Butler,0.5,0.5217391304347826,0.2,0.8767123287671232
941,43773,Ashtin Chastain,San Jose St.,0.0,0.7142857142857143,0.6363636363636364,1.0
942,43774,Jordan Jackson,UT Rio Grande Valley,0.8181818181818182,0.5901639344262295,0.4583333333333333,0.9166666666666666
943,43776,Charles Brown III,Incarnate Word,0.5,0.5892857142857143,0.3076923076923077,0.9090909090909091
944,43790,Brandon Clarke,Gonzaga,0.7833333333333333,0.5572916666666666,0.3770491803278688,1.0
945,43796,Greg King,Niagara,0.7222222222222222,0.38,0.2727272727272727,0.0
946,43816,Abdul Lewis,NJIT,0.3333333333333333,0.328125,0.5714285714285714,1.0
947,43822,Evan Boudreaux,Purdue,1.0,0.64,0.36363636363636365,0.8888888888888888
948,43824,Ahmad Caver,Old Dominion,0.0,0.1527777777777778,0.04,0.5970149253731343
949,43826,Ryan Kreklow,Missouri St.,0.0,0.21428571428571427,0.08333333333333333,0.7346938775510204
950,43837,Emmanuel Olojakpoke,Akron,1.0,0.85,1.0,0.0
951,43851,Chier Maker,Idaho St.,0.0,0.30303030303030304,0.2727272727272727,0.9473684210526315
952,43871,Jazz Johnson,Nevada,0.0,0.1724137931034483,0.23076923076923078,0.8450704225352113
953,43872,Rex Pflueger,Notre Dame,0.0,0.2222222222222222,0.0,0.8571428571428571
954,43874,Matt Ryan,Vanderbilt,0.0,0.5714285714285714,0.1,0.9322033898305084
955,43876,Jaylen Franklin,Abilene Christian,0.4117647058823529,0.24444444444444444,0.15384615384615385,1.0
956,43883,Jarred Reuter,George Mason,0.0,0.52,0.2682926829268293,0.0
957,43894,Ebuka Izundu,Miami FL,0.8604651162790697,0.6886792452830188,0.575,1.0
958,43904,Jamaal King,Saint Francis,0.0,0.0963855421686747,0.05555555555555555,0.7115384615384616
959,43924,Delundre Dixon,Chicago St.,0.0,0.0,0.0,0.0
960,43928,Jesse Love,Jackson St.,0.0,0.6666666666666666,1.0,1.0
961,43931,Elliott Welmer,Saint Louis,0.0,0.0,0.0,0.0
962,43952,Stokley Chaffee Jr.,Tennessee St.,0.7037037037037037,0.43103448275862066,0.1111111111111111,0.0
963,43964,Matt McCarthy,San Francisco,0.8461538461538461,0.5411764705882353,0.3333333333333333,0.6666666666666666
964,43965,David Nichols,Florida St.,0.0,0.21052631578947367,0.0,0.7428571428571429
965,43968,Jorden Kite,Incarnate Word,0.0,0.0,0.0,0.9473684210526315
966,43971,Jermaine Ukaegbu,Winthrop,1.0,0.7586206896551724,0.0,0.0
967,43979,Matt Frierson,The Citadel,0.0,0.0,0.0,0.8928571428571429
968,43985,Quayson Williams,The Citadel,0.0,0.3333333333333333,0.0,0.8
969,43986,Dennis Ashley,Maine,0.0,0.7142857142857143,0.75,0.8
970,43989,Evan Hall,IU Indy,0.9230769230769231,0.6813186813186813,0.5121951219512195,0.0
971,43991,JT Gibson,Nebraska Omaha,0.0,0.4411764705882353,0.16666666666666666,0.7428571428571429
972,43995,Jarrey Foster,SMU,0.6,0.5238095238095238,0.25,0.9090909090909091
973,43997,Pierfrancesco Oliva,Saint Joseph's,0.5,0.3333333333333333,0.0,0.0
974,44022,Derric Jean,Louisiana Tech,0.3333333333333333,0.5,0.0,0.9285714285714286
975,44025,Olin Carter III,San Diego,1.0,0.5185185185185185,0.4915254237288136,0.75
976,44026,Tyler Williams,San Diego,0.0,0.17647058823529413,0.36363636363636365,0.9166666666666666
977,44028,Kyle Clark,Saint Mary's,0.0,0.0,0.0,1.0
978,44032,Alex Floresca,San Diego,0.0,0.5714285714285714,0.5833333333333334,1.0
979,44038,Dante Scott,Mississippi Valley St.,1.0,0.423728813559322,0.25,0.9736842105263158
980,44041,Justice Obasohan,East Carolina,1.0,0.6666666666666666,1.0,0.0
981,44043,Craig Randall II,Tennessee Martin,0.6666666666666666,0.5416666666666666,0.3333333333333333,0.6538461538461539
982,44062,Doug Taylor,Ohio,0.84375,0.6666666666666666,0.5,1.0
983,44065,Jaelan Sanford,Toledo,0.8,0.4153846153846154,0.39705882352941174,0.6923076923076923
984,44082,Devin Cannady,Princeton,0.4,0.125,0.25,0.76
985,44084,Adam Wolf,Missouri,0.0,0.0,0.0,0.0
986,44085,Trey Phills,Yale,0.5555555555555556,0.5471698113207547,0.3333333333333333,0.8461538461538461
987,44087,Thomas Ryan,Yale,0.0,0.0,0.0,1.0
988,44088,Blake Reynolds,Yale,1.0,0.7611940298507462,0.4166666666666667,0.9393939393939394
989,44091,Brian Parker,Marist,1.0,0.25510204081632654,0.14754098360655737,0.6153846153846154
990,44094,Caleb Tanner,Radford,0.0,0.125,0.125,0.8524590163934426
991,44153,Tanner Rubio,Jacksonville,0.0,0.3333333333333333,0.0,0.9545454545454546
992,44156,Joshua Howard,Brown,0.0,0.5,0.25,1.0
993,44185,Kason Harrell,Purdue Fort Wayne,0.6666666666666666,0.3069306930693069,0.1111111111111111,0.8823529411764706
994,44194,PJ Savoy,Florida St.,0.5,0.1,0.5,0.8653846153846154
995,44195,Will Miles,Florida St.,0.0,0.0,0.0,0.0
996,44198,Nick Fruscio,Albany,0.0,0.0,1.0,0.0
997,44199,Trevon Gross Jr.,Monmouth,0.0,0.0,0.0,1.0
998,44202,Malcolm Wynter,Davidson,0.0,0.0,0.0,0.5
999,44203,Cal Freundlich,Davidson,0.0,0.0,0.0,0.0
1000,44204,Sidy N'Dir,Pittsburgh,0.75,0.12903225806451613,0.13333333333333333,0.8
1001,44212,Rapolas Ivanauskas,Colgate,0.6666666666666666,0.42342342342342343,0.3333333333333333,0.9047619047619048
1002,44213,Isaiah Roby,Nebraska,0.8214285714285714,0.5353535353535354,0.42857142857142855,0.8571428571428571
1003,44215,Brady Rudrud,Minnesota,0.0,0.0,0.0,0.0
1004,44216,Jeriah Horne,Tulsa,0.0,0.34615384615384615,0.575,1.0
1005,44217,Eric Curry,Minnesota,1.0,0.9166666666666666,0.5,1.0
1006,44218,Michael Hurt,Minnesota,0.0,1.0,0.6,1.0
1007,44219,Austin Davis,Michigan,1.0,0.7272727272727273,0.0,0.0
1008,44220,Amir Coffey,Minnesota,0.6818181818181818,0.4056603773584906,0.3137254901960784,0.7073170731707317
1009,44222,Kai Edwards,Northern Colorado,0.8666666666666667,0.7878787878787878,0.25,0.0
1010,44274,Dayon Griffin,UCF,0.0,0.35294117647058826,1.0,0.76
1011,44288,James Butler,Drexel,0.95,0.7126436781609196,0.8611111111111112,1.0
1012,44289,Connor Mannion,Navy,0.0,0.0,1.0,0.0
1013,44294,Marshall Graves,LSU,0.0,0.0,0.0,0.75
1014,44299,Davauhnte Turner,Saint Peter's,0.0,0.12790697674418605,0.11538461538461539,0.4647887323943662
1015,44306,Quinn Taylor,Saint Peter's,0.8333333333333334,0.36619718309859156,0.16666666666666666,1.0
1016,44310,Mark French,Texas A&M,0.0,0.0,0.0,0.5
1017,44314,Tobias Sjoberg,Marist,1.0,0.8695652173913043,0.75,0.0
1018,44315,Ahmed Ismail,IU Indy,1.0,0.5846153846153846,0.4444444444444444,1.0
1019,44316,Zavier Peart,Grambling St.,1.0,0.4482758620689655,0.35714285714285715,1.0
1020,44323,Patrick Binzer,UT Arlington,0.0,0.0,0.0,0.0
1021,44324,Nijal Pearson,Texas St.,0.3333333333333333,0.4117647058823529,0.4716981132075472,0.8552631578947368
1022,44327,Eric Terry,Texas St.,1.0,0.6666666666666666,0.6206896551724138,0.0
1023,44329,DJ Bryant,UT Arlington,0.0,0.2857142857142857,1.0,1.0
1024,44330,Izayah Mauriohooho-le'afa,Sacramento St.,0.0,0.32,0.16666666666666666,0.9183673469387755
1025,44332,Decardo Day,Florida Gulf Coast,1.0,0.35294117647058826,0.4,0.6666666666666666
1026,44333,Jacob Calloway,Southern Utah,0.0,0.5,0.06666666666666667,0.8695652173913043
1027,44335,Ivan Madunic,Southern Utah,0.5,0.14285714285714285,0.5,1.0
1028,44338,Jerrick Harding,Weber St.,0.0,0.12371134020618557,0.125,0.5573770491803278
1029,44344,Jailyn Ingram,Florida Atlantic,0.0,0.3333333333333333,0.3684210526315789,0.9285714285714286
1030,44346,Quentin Jackson Jr.,Temple,0.0,1.0,0.0,1.0
1031,44347,Bo Blight,Charlotte,1.0,0.7142857142857143,0.0,1.0
1032,44348,Luke Sasser,George Washington,0.0,1.0,0.0,0.0
1033,44350,DaQuan Bracey,Louisiana Tech,0.5,0.10752688172043011,0.11764705882352941,0.5869565217391305
1034,44412,Lucas Siewert,Colorado,0.6,0.36363636363636365,0.46153846153846156,0.9545454545454546
1035,44416,Issa Thiam,Rutgers,1.0,0.625,0.0,0.8095238095238095
1036,44417,D'Mitrik Trice,Wisconsin,0.0,0.09090909090909091,0.13043478260869565,0.7105263157894737
1037,44418,Aleem Ford,Wisconsin,1.0,0.5555555555555556,0.3333333333333333,1.0
1038,44419,Michael Ballard,Wisconsin,0.0,0.0,0.0,0.0
1039,44420,Charlie Moore,Kansas,0.0,0.18181818181818182,0.0,0.8
1040,44422,Deleon Brown,Colorado,0.0,0.5,0.25,0.8333333333333334
1041,44423,De'Ron Davis,Indiana,1.0,0.6511627906976745,0.35294117647058826,0.0
1042,44454,Nadi Beciri,Fairleigh Dickinson,0.0,1.0,0.0,1.0
1043,44479,Darian Bryant,Delaware,1.0,0.5348837209302325,0.29411764705882354,0.8947368421052632
1044,44483,Sam Berlin,High Point,0.0,0.8,1.0,0.0
1045,44509,Miye Oni,Yale,0.5,0.36363636363636365,0.3,0.8
1046,44510,Eric Monroe,Yale,0.0,0.0,0.0,0.4
1047,44511,David DiLeo,Central Michigan,0.0,0.42857142857142855,0.1111111111111111,0.9382716049382716
1048,44512,Austin Williams,Yale,0.0,0.2857142857142857,0.3333333333333333,1.0
1049,44513,Kevin McKay,Central Michigan,0.5,0.39473684210526316,0.0,1.0
1050,44515,Innocent Nwoko,Central Michigan,1.0,0.8571428571428571,1.0,0.0
1051,44516,Matty Smith,Central Michigan,0.0,1.0,0.0,0.0
1052,44517,Malik Johnson,Canisius,0.0,0.37209302325581395,0.08333333333333333,0.7941176470588235
1053,44521,KJ Scott,Mount St. Mary's,0.0,0.16666666666666666,0.0,0.42857142857142855
1054,44539,Mike Lewis II,Duquesne,0.0,0.5,0.2857142857142857,0.8333333333333334
1055,44541,Trey Landers,Dayton,0.75,0.5135135135135135,0.47368421052631576,0.8888888888888888
1056,44542,Jon Axel Gudmundsson,Davidson,0.5,0.3473684210526316,0.2,0.7758620689655172
1057,44545,Anthony Lamb,Vermont,0.6666666666666666,0.2857142857142857,0.16666666666666666,0.72
1058,44546,Ben Shungu,Vermont,1.0,0.32,0.0,0.8
1059,44568,Malik Martin,Tennessee Tech,0.7777777777777778,0.5384615384615384,0.38095238095238093,0.8571428571428571
1060,44590,Kory Holden,South Alabama,0.0,0.23076923076923078,0.18181818181818182,0.8813559322033898
1061,44610,Tyler Jones,Maryland Eastern Shore,0.0,0.475,0.45454545454545453,1.0
1062,44613,Nate Garvey,Howard,0.0,0.0,0.0,0.8
1063,44616,Colen Gaynor,Maryland Eastern Shore,0.0,0.3333333333333333,0.16666666666666666,0.0
1064,44618,Montraz Oliver,Maryland Eastern Shore,0.0,0.23076923076923078,0.4,0.8
1065,44624,Scottie James,Liberty,0.6818181818181818,0.5071428571428571,0.3076923076923077,0.8571428571428571
1066,44628,Dominik Olejniczak,Mississippi,0.8,0.7317073170731707,0.8125,0.0
1067,44632,Trevor Stanback,Stanford,0.3333333333333333,0.4,0.0,0.0
1068,44635,Beau Rydalch,Utah,0.0,0.0,0.0,1.0
1069,44637,JoJo Zamora,New Mexico St.,0.0,0.15625,0.2727272727272727,0.8636363636363636
1070,44658,Chris Barnes,Tulsa,0.0,0.23076923076923078,0.4444444444444444,0.0
1071,44663,Jay Harvey,South Dakota,0.0,0.0,0.0,0.0
1072,44685,Keon Clergeot,Massachusetts,0.25,0.23529411764705882,0.1,0.5806451612903226
1073,44693,Lesley Varner II,UT Rio Grande Valley,0.5,0.475,0.6,0.8518518518518519
1074,44694,Mattia Da Campo,Seattle,0.0,0.4230769230769231,0.0,1.0
1075,44696,Morgan Means,Seattle,0.0,0.25,0.1724137931034483,0.8275862068965517
1076,44701,Jermaine Haley,West Virginia,0.625,0.4142857142857143,0.13333333333333333,0.3333333333333333
1077,44703,Chris Lewis,Harvard,0.8461538461538461,0.4827586206896552,0.23333333333333334,0.0
1078,44704,Christian Juzang,Harvard,0.0,0.3333333333333333,0.1875,0.6756756756756757
1079,44705,Ian Sistare,Dartmouth,0.0,0.3684210526315789,0.0,0.8787878787878788
1080,44706,James Foye,Dartmouth,0.0,0.24489795918367346,0.08333333333333333,0.8695652173913043
1081,44707,Will Emery,Dartmouth,1.0,0.6666666666666666,0.6666666666666666,1.0
1082,44708,Ian Carter,Dartmouth,0.0,0.6,0.0,1.0
1083,44709,Justin Bassey,Harvard,0.6666666666666666,0.3170731707317073,0.07692307692307693,0.72
1084,44710,Robert Baker,Harvard,0.8888888888888888,0.625,0.5,1.0
1085,44711,Bryce Aiken,Harvard,0.0,0.125,0.0,0.23529411764705882
1086,44716,Arinze Chidom,Washington St.,0.0,0.6,0.3333333333333333,1.0
1087,44717,Alexander Strating,Colorado,1.0,0.65,1.0,0.0
1088,44719,Jermaine Marrow,Hampton,0.0,0.19130434782608696,0.2037037037037037,0.5443037974683544
1089,44721,Peter Kiss,Rutgers,0.6,0.37037037037037035,0.5,0.896551724137931
1090,44722,Cassius Winston,Michigan St.,0.0,0.19318181818181818,0.22535211267605634,0.6309523809523809
1091,44724,Joshua Langford,Michigan St.,1.0,0.6666666666666666,0.43478260869565216,0.9310344827586207
1092,44742,Tramaine Isabell,Saint Louis,0.0,0.3111111111111111,0.2,0.5925925925925926
1093,44747,Adam Mitola,George Washington,0.0,1.0,0.0,1.0
1094,44748,Tobias Howard,Towson,0.0,0.07692307692307693,0.075,0.5357142857142857
1095,44751,Byron Frohnen,UTSA,0.0,0.6557377049180327,0.29411764705882354,0.0
1096,44752,Giovanni De Nicolao,UTSA,0.0,0.21875,0.23076923076923078,0.9565217391304348
1097,44753,Mitar Stanojevic,UTSA,0.0,0.7142857142857143,0.0,0.0
1098,44755,Kevin Marfo,Quinnipiac,0.75,0.4473684210526316,1.0,0.0
1099,44758,Jamar Akoh,Montana,1.0,0.5135135135135135,0.46153846153846156,0.0
1100,44768,David Skara,Clemson,0.6666666666666666,0.47619047619047616,0.5714285714285714,0.9696969696969697
1101,44785,DeSean Murray,Western Kentucky,1.0,0.35294117647058826,0.0,0.6666666666666666
1102,44786,Brandon Anderson,Brown,0.0,0.2222222222222222,0.125,0.9523809523809523
1103,44791,Maliek White,Providence,0.6666666666666666,0.3939393939393939,0.18181818181818182,0.696969696969697
1104,44792,Joey Brunk,Butler,0.9166666666666666,0.5131578947368421,0.3333333333333333,1.0
1105,44793,Davion Mintz,Creighton,0.6,0.2553191489361702,0.10714285714285714,0.6190476190476191
1106,44794,Jordan Scurry,Creighton,0.0,0.0,0.0,1.0
1107,44796,Jagan Mosely,Georgetown,0.0,0.3157894736842105,0.5,0.9
1108,44797,George Muresan,Georgetown,0.0,0.0,0.0,0.0
1109,44798,Sam Hauser,Marquette,1.0,0.625,0.4098360655737705,0.9090909090909091
1110,44799,Markus Howard,Marquette,0.0,0.07017543859649122,0.02666666666666667,0.39166666666666666
1111,44819,Jordan Bushrod,Delaware St.,0.0,0.0,0.0,0.0
1112,44828,Jevon Smith,Green Bay,0.0,0.125,0.5,0.75
1113,44830,Kouat Noi,TCU,0.5,0.5344827586206896,0.5714285714285714,0.972972972972973
1114,44845,Mark Vital,Baylor,0.9090909090909091,0.6911764705882353,0.23529411764705882,1.0
1115,44848,Toliver Freeman,Saint Joseph's,0.0,0.5,0.0,0.0
1116,44849,AJ Wilson,George Mason,0.9166666666666666,0.5,0.3333333333333333,0.0
1117,44850,Richard Anderson,Florida A&M,0.0,0.0,0.16666666666666666,0.9
1118,44858,Ar'mond Davis,UC Santa Barbara,0.42857142857142855,0.3877551020408163,0.3333333333333333,0.8367346938775511
1119,44859,Braxton Key,Virginia,0.8,0.4897959183673469,0.42857142857142855,1.0
1120,44861,Adrio Bailey,Arkansas,0.7777777777777778,0.5686274509803921,0.5652173913043478,0.0
1121,44862,Milan Acquaah,Cal Baptist,0.0,0.057971014492753624,0.03333333333333333,0.46875
1122,44864,Jeff Pollard,Washington St.,1.0,0.775,0.4166666666666667,1.0
1123,44872,Anthony Lawrence II,Miami FL,0.3333333333333333,0.2916666666666667,0.16666666666666666,0.9411764705882353
1124,44878,Eugene Omoruyi,Rutgers,0.4,0.40594059405940597,0.23076923076923078,0.9285714285714286
1125,44888,Jonathan Holmes,Arkansas,0.0,0.0,0.0,1.0
1126,44912,Christian Ellis,SIU Edwardsville,0.0,0.04,0.14285714285714285,0.75
1127,44913,Brandon Jackson,SIU Edwardsville,0.7777777777777778,0.45454545454545453,0.48717948717948717,1.0
1128,44920,Jared Stutzman,Idaho St.,1.0,0.5263157894736842,0.4444444444444444,0.8809523809523809
1129,44921,Conner Toolson,Utah Valley,0.5,0.3,0.18181818181818182,0.864406779661017
1130,44930,Andre Washington,Louisiana Monroe,0.8333333333333334,0.5172413793103449,0.5,0.0
1131,44940,Davion Thomas,Troy,0.6,0.5714285714285714,0.0,1.0
1132,44941,LeSean Brown,Air Force,0.0,0.4,1.0,0.6666666666666666
1133,44943,Baylee Steele,Utah Valley,0.6818181818181818,0.6056338028169014,0.5652173913043478,1.0
1134,44944,Xavier Green,Old Dominion,0.6666666666666666,0.3448275862068966,0.35135135135135137,0.8269230769230769
1135,44947,Tim Harrison,Rice,1.0,0.5,1.0,0.0
1136,44948,Corey Douglas,VCU,0.8,0.5945945945945946,0.7777777777777778,1.0
1137,44992,DJ Laster,Gardner Webb,0.7272727272727273,0.48872180451127817,0.4,1.0
1138,44999,Antwan Maxwell,Youngstown St.,1.0,0.2857142857142857,0.17647058823529413,1.0
1139,45002,James Palmer Jr.,Nebraska,0.5882352941176471,0.312,0.16666666666666666,0.6307692307692307
1140,45017,Tareq Coburn,Hofstra,0.7,0.4166666666666667,0.42857142857142855,0.94
1141,45021,Amadi Ikpeze,St. Bonaventure,0.0,0.38461538461538464,0.8421052631578947,0.0
1142,45028,De'Riante Jenkins,VCU,0.4444444444444444,0.3541666666666667,0.2857142857142857,0.8253968253968254
1143,45032,Malik Crowfield,VCU,0.0,0.5,1.0,0.96875
1144,45034,Marquell Fraser,Idaho,0.0,0.21739130434782608,0.5,1.0
1145,45036,Mamadou Diarra,Connecticut,0.0,1.0,0.0,0.0
1146,45063,Jimbo Lull,San Francisco,1.0,0.6190476190476191,0.13636363636363635,0.0
1147,45064,Jose Martinez,San Diego,0.0,0.8,1.0,1.0
1148,45066,Charles Minlend,San Francisco,0.75,0.2857142857142857,0.0967741935483871,0.9545454545454546
1149,45067,Jordan Ratinho,San Francisco,1.0,0.4444444444444444,0.25,0.9473684210526315
1150,45068,Remu Raitanen,San Francisco,0.0,0.6363636363636364,0.25,0.875
1151,45069,Chance Anderson,Wagner,0.8333333333333334,0.7142857142857143,0.5,0.0
1152,45080,Mitchell Smith,Missouri,1.0,0.75,0.4,1.0
1153,45081,Justin Turner,Bowling Green,0.0,0.19767441860465115,0.057971014492753624,0.6440677966101694
1154,45082,Dylan Frye,Bowling Green,0.0,0.2631578947368421,0.16666666666666666,0.6756756756756757
1155,45084,Caleb Morris,Air Force,0.0,0.4117647058823529,0.0,0.9777777777777777
1156,45086,Kyle Mallers,Ball St.,0.0,0.47058823529411764,0.08333333333333333,1.0
1157,45089,Michael Hughes,Duquesne,0.76,0.5822784810126582,0.2619047619047619,1.0
1158,45090,Tavian Dunn-Martin,Duquesne,0.0,0.1875,0.0,0.7391304347826086
1159,45100,Malik Marquetti,Louisiana,0.5,0.3157894736842105,0.4444444444444444,0.8888888888888888
1160,45105,Devonnte Holland,Radford,0.0,0.3157894736842105,0.5384615384615384,0.0
1161,45132,Isaiah Walton,Longwood,0.5,0.20833333333333334,0.058823529411764705,0.7666666666666667
1162,45146,Leighton Schrand,Xavier,0.0,0.0,0.0,0.0
1163,45147,John Koz,Cincinnati,0.0,1.0,0.0,0.0
1164,45149,Devin Fleming,USC,0.0,0.5,0.0,0.0
1165,45180,Marcus Stroman,Louisiana,0.0,0.1506849315068493,0.045454545454545456,0.5555555555555556
1166,45181,Solomon Young,Iowa St.,0.0,0.0,0.5,1.0
1167,45185,Ty Jerome,Virginia,0.0,0.06818181818181818,0.09090909090909091,0.7088607594936709
1168,45186,Cameron Lard,Iowa St.,0.875,0.8181818181818182,0.26666666666666666,0.0
1169,45187,Jay Huff,Virginia,0.8275862068965517,0.7380952380952381,0.0,1.0
1170,45188,De'Andre Hunter,Virginia,0.5263157894736842,0.33695652173913043,0.31343283582089554,0.9782608695652174
1171,45190,Udoka Azubuike,Kansas,0.8181818181818182,0.673469387755102,0.6666666666666666,0.0
1172,45229,Lysander Bracey,Hampton,0.0,0.25,0.3333333333333333,0.9333333333333333
1173,45231,Will Leviton,Rhode Island,0.0,0.0,1.0,1.0
1174,45240,Evan Wiley,Alabama A&M,0.0,0.3125,0.35714285714285715,0.896551724137931
1175,45251,Patrick Szpir,Chicago St.,0.0,0.72,0.3333333333333333,0.0
1176,45252,Taze Moore,Cal St. Bakersfield,0.6923076923076923,0.42857142857142855,0.18181818181818182,0.8888888888888888
1177,45253,Justin Edler-Davis,Cal St. Bakersfield,0.0,0.22580645161290322,0.36,0.9655172413793104
1178,45254,Greg Lee,Cal St. Bakersfield,1.0,0.30434782608695654,0.5454545454545454,1.0
1179,45256,Christian Terrell,UC Santa Barbara,0.3333333333333333,0.2,0.6666666666666666,0.0
1180,45260,Zach Farquhar,Liberty,0.0,0.0,0.0,1.0
1181,45262,Myo Baxter-Bell,Liberty,0.75,0.25,0.2777777777777778,0.0
1182,45264,Georgie Pacheco-Ortiz,Liberty,0.0,0.09523809523809523,0.2,0.95
1183,45266,Jamal Wright,High Point,0.0,0.36363636363636365,0.1,0.9411764705882353
1184,45267,Austin Mueller,Wyoming,1.0,0.6666666666666666,0.5,1.0
1185,45268,Cliff Thomas Jr.,High Point,1.0,1.0,0.0,0.0
1186,45272,KJ Robinson,Nebraska Omaha,0.0,0.15789473684210525,0.1111111111111111,0.6046511627906976
1187,45279,Elyjah Goss,IU Indy,0.7391304347826086,0.6896551724137931,0.8333333333333334,1.0
1188,45282,RaySean Scott Jr.,Florida Gulf Coast,0.0,0.2857142857142857,0.2,0.8888888888888888
1189,45289,Adida Ikongshul,Western Michigan,0.0,0.4,0.0,1.0
1190,45291,Shamorie Ponds,St. John's,0.0,0.17647058823529413,0.16326530612244897,0.4461538461538462
1191,45305,Lorenzo Edwards,Saint Joseph's,0.8888888888888888,0.9,0.9,0.9583333333333334
1192,45306,Charlie Brown,Saint Joseph's,0.8888888888888888,0.41025641025641024,0.41935483870967744,0.711864406779661
1193,45309,Grant Golden,Richmond,1.0,0.6229508196721312,0.5,1.0
1194,45311,Nick Sherod,Richmond,0.0,0.1111111111111111,0.14285714285714285,0.875
1195,45314,Danjel Purifoy,Auburn,0.0,0.5384615384615384,0.0,0.95
1196,45317,Troy Harper,Drexel,0.4,0.23943661971830985,0.1388888888888889,0.8260869565217391
1197,45330,Jared Harper,Auburn,0.5,0.14705882352941177,0.0,0.23958333333333334
1198,45343,Houston Smith,Bethune Cookman,0.5,0.35294117647058826,0.0,0.8461538461538461
1199,45345,Chance Garvin,Idaho,0.0,0.6666666666666666,0.5,0.8
1200,45352,Anfernee McLemore,Auburn,0.8709677419354839,0.7931034482758621,0.8,0.972972972972973
1201,45354,Elijah Schmidt,Texas A&M Corpus Chris,0.875,0.6078431372549019,0.8181818181818182,0.0
1202,45361,Vittorio Reynoso-Avila,Princeton,0.0,0.0,0.0,1.0
1203,45362,Alex Holcombe,Youngstown St.,1.0,0.45454545454545453,1.0,0.0
1204,45366,Jeremiah Bozeman,Jackson St.,0.0,0.2,0.0,1.0
1205,45386,Elijah Thomas,Clemson,0.8846153846153846,0.5,0.4666666666666667,0.0
1206,45389,Kinnon LaRose,Sacred Heart,0.0,0.5869565217391305,0.6666666666666666,0.8536585365853658
1207,45394,Markell Johnson,N.C. State,0.35714285714285715,0.10714285714285714,0.0,0.45588235294117646
1208,45452,Anthony Gaston,Grambling St.,0.0,0.23529411764705882,0.14285714285714285,0.8461538461538461
1209,45455,Ivy Smith Jr.,Grambling St.,0.0,0.16666666666666666,0.13333333333333333,0.6666666666666666
1210,45459,JC Younger,Presbyterian,0.0,0.4444444444444444,0.0,0.9878048780487805
1211,45461,Armel TeTe,Presbyterian,0.0,0.375,0.25,0.0
1212,45465,Jayden Hodgson,Bradley,0.0,0.0,0.3333333333333333,1.0
1213,45471,Solomon Hainna,UT Rio Grande Valley,0.5,0.631578947368421,0.6923076923076923,1.0
1214,45472,Jaiveon Eaves,Murray St.,1.0,0.5,0.0,0.9444444444444444
1215,45476,Ashtyn Bradley,LIU,0.0,0.0,1.0,0.8125
1216,45477,"Randy Miller, Jr.",North Carolina Central,0.0,0.21739130434782608,0.2222222222222222,0.9508196721311475
1217,45479,Kaleb Bishop,Fairleigh Dickinson,0.65,0.5616438356164384,0.5555555555555556,0.9459459459459459
1218,45480,Donyell Marshall Jr.,Central Connecticut,0.0,0.0,0.0,0.0
1219,45481,Julian Batts,LIU,0.0,0.1,0.25,0.6923076923076923
1220,45482,Jashaun Agosto,LIU,0.0,0.18571428571428572,0.0,0.5
1221,45489,Jake DesJardins,Arizona,0.0,0.0,0.0,0.0
1222,45514,Mahamadou Kaba-Camara,Cal St. Northridge,1.0,0.8333333333333334,1.0,0.0
1223,45520,Connor Klementowicz,Hofstra,0.0,0.0,0.0,0.0
1224,45524,K.J. Smith,North Carolina,1.0,0.25,0.0,1.0
1225,45525,Keshon Montague,Western Illinois,0.0,0.0,0.0,0.8
1226,45526,Erik Johansson,Loyola Marymount,0.0,0.0,0.0,1.0
1227,45528,Craig LeCesne,San Jose St.,0.0,0.28,0.23809523809523808,1.0
1228,45531,Malcolm Porter,Portland,0.0,0.4666666666666667,0.0,1.0
1229,45533,Kolton Kohl,Abilene Christian,0.3333333333333333,0.5,1.0,0.0
1230,45534,Trey Lenox,Abilene Christian,0.0,0.5,0.5,1.0
1231,45535,Payten Ricks,Abilene Christian,0.0,0.35,0.35,0.9154929577464789
1232,45539,Lyle Sutton,Idaho St.,0.0,0.25,0.0,0.0
1233,45540,Balint Mocsan,Idaho St.,0.0,0.14285714285714285,0.45454545454545453,0.84375
1234,45542,Clay Mounce,Furman,0.6923076923076923,0.53125,0.4,0.9795918367346939
1235,45552,Isaiah Pineiro,San Diego,0.6428571428571429,0.5384615384615384,0.2828282828282828,0.8717948717948718
1236,45557,Aubrey Dawkins,UCF,0.5263157894736842,0.40350877192982454,0.5686274509803921,0.8356164383561644
1237,45559,Ricky Doyle,Florida Gulf Coast,0.5,0.375,0.75,0.0
1238,45565,Max Strus,DePaul,0.8461538461538461,0.35135135135135137,0.35555555555555557,0.8495575221238938
1239,45568,Algevon Eichelberger,Cleveland St.,1.0,0.5,0.75,0.0
1240,45572,Myles Powell,Seton Hall,0.125,0.19658119658119658,0.03571428571428571,0.6542056074766355
1241,45589,Daniel Giddens,Alabama,0.5,0.25,0.3333333333333333,0.0
1242,45602,Larry Motuzis,American,0.5,0.4090909090909091,0.25,1.0
1243,45603,Addison Hill,East Carolina,0.0,0.5,1.0,0.75
1244,45619,Cartier Diarra,Kansas St.,0.4444444444444444,0.32,0.3333333333333333,0.8518518518518519
1245,45620,Mitch Lightfoot,Kansas,0.625,0.47619047619047616,0.0,1.0
1246,45624,Christian Turner,Gardner Webb,0.0,0.0,0.0,1.0
1247,45625,Nate Johnson,Gardner Webb,0.3333333333333333,0.23076923076923078,0.18181818181818182,0.9655172413793104
1248,45629,Devearl Ramsey,UC Santa Barbara,1.0,0.18181818181818182,0.1111111111111111,0.7222222222222222
1249,45636,Alex Robinson,TCU,1.0,0.20202020202020202,0.1875,0.7894736842105263
1250,45642,Drew Buggs,Hawaii,0.0,0.08771929824561403,0.08333333333333333,0.875
1251,45643,Leland Green,Hawaii,0.0,0.0,0.0,1.0
1252,45644,Cian Sullivan,La Salle,1.0,1.0,0.0,0.0
1253,45645,Saul Phiri,La Salle,0.5,0.5294117647058824,0.25,0.9423076923076923
1254,45646,Deivydas Kuzavas,Saint Francis,1.0,0.5652173913043478,0.0,0.0
1255,45647,Keith Braxton,Saint Francis,0.0,0.22429906542056074,0.38095238095238093,0.5384615384615384
1256,45648,Randall Gaskins Jr.,Saint Francis,0.0,0.6363636363636364,0.6666666666666666,1.0
1257,45650,Cori Johnson,St. Francis NY,1.0,0.6842105263157895,0.8333333333333334,0.5
1258,45667,Lamonte Bearden,Western Kentucky,0.0,0.3076923076923077,0.0,0.47058823529411764
1259,45693,Yoeli Childs,BYU,0.8181818181818182,0.5922330097087378,0.43333333333333335,0.90625
1260,45695,Nathan Hoover,Wofford,0.0,0.35714285714285715,0.28,0.8452380952380952
1261,45696,Steven Beo,Eastern Washington,0.0,0.0,0.0,0.0
1262,45697,Kevon Tucker,East Tennessee St.,1.0,0.5,0.3333333333333333,0.92
1263,45699,Onno Steger,Western Carolina,0.0,0.13636363636363635,0.0,0.8688524590163934
1264,45700,Donovan Theme-Love,Wofford,0.0,0.5,0.0,1.0
1265,45701,Michael Manning Jr.,Wofford,1.0,1.0,0.0,0.0
1266,45705,T.J. Atwood,Lamar,0.25,0.35294117647058826,0.21052631578947367,1.0
1267,45711,Nick Hough,Appalachian St.,0.0,1.0,0.0,1.0
1268,45731,Sayeed Pridgett,Montana,1.0,0.4589041095890411,0.2830188679245283,0.75
1269,45734,Trevon Allen,Idaho,0.3333333333333333,0.17307692307692307,0.08771929824561403,0.75
1270,45736,Mason Peatling,Eastern Washington,1.0,0.6826923076923077,0.4666666666666667,1.0
1271,45744,D.J. Jones,Florida A&M,0.6666666666666666,0.6153846153846154,0.7435897435897436,0.0
1272,45745,Harald Frey,Montana St.,0.0,0.16363636363636364,0.05263157894736842,0.6891891891891891
1273,45746,Devin Kirby,Montana St.,0.8947368421052632,0.8378378378378378,0.38461538461538464,0.0
1274,45767,Frank Howard,Syracuse,0.0,0.1111111111111111,0.17857142857142858,0.6862745098039216
1275,45814,Isaiah Nichols,San Jose St.,0.0,0.25,0.0,0.8
1276,45817,Cheickna Dembele,UNLV,0.0,1.0,0.0,0.0
1277,45818,Ben Coupet Jr.,UNLV,0.0,0.5,0.0,0.0
1278,45819,Kris Clyburn,UNLV,0.4444444444444444,0.2857142857142857,0.42857142857142855,0.9818181818181818
1279,45823,Kenny Cooper,Lipscomb,0.0,0.3026315789473684,0.19047619047619047,0.9354838709677419
1280,45825,Michael Buckland,Lipscomb,0.0,0.5714285714285714,0.3076923076923077,0.9117647058823529
1281,45826,Zach Cameron,Pacific,0.7272727272727273,0.4782608695652174,0.0,0.0
1282,45830,Shyquan Gibbs,NJIT,0.0,0.19444444444444445,0.12903225806451613,0.7777777777777778
1283,45831,Taj Price,NJIT,0.0,0.0,0.0,0.0
1284,45833,Lachlan Anderson,Eastern Kentucky,0.8,0.5925925925925926,0.6666666666666666,0.9090909090909091
1285,45834,Logan Koch,Eastern Illinois,0.0,0.0,0.0,1.0
1286,45835,Nick Hopkins,Belmont,0.0,0.2,0.0,0.7916666666666666
1287,45841,Asante Gist,Iona,0.0,0.2916666666666667,0.06666666666666667,0.746268656716418
1288,45843,Seth Fuller,Elon,0.0,0.5,0.0,1.0
1289,45850,Kurk Lee,Drexel,0.0,1.0,0.0,0.7333333333333333
1290,45853,Osinachi Smart,Charleston,0.0,0.0,0.0,0.0
1291,45854,Jaylen McManus,Charleston,0.6,0.46153846153846156,0.5,0.9444444444444444
1292,45860,Paul White,Oregon,0.0,0.4423076923076923,0.3888888888888889,0.8928571428571429
1293,45906,Justin Hopkins,Texas Southern,1.0,0.5964912280701754,0.6666666666666666,1.0
1294,45909,Josh Sharkey,Samford,0.0,0.07339449541284404,0.05555555555555555,0.20689655172413793
1295,45911,Kyrin Galloway,UNC Greensboro,0.8076923076923077,0.6140350877192983,0.4444444444444444,0.9230769230769231
1296,45912,Malik Massey,UNC Greensboro,0.0,0.2727272727272727,0.0,0.85
1297,45914,Garrett Sams,North Florida,0.0,0.08695652173913043,0.03333333333333333,0.9491525423728814
1298,45915,Garrett Gilkeson,VMI,0.2,0.391304347826087,0.5333333333333333,0.926829268292683
1299,45921,Patrick Benzan,Holy Cross,0.0,0.6363636363636364,0.4,1.0
1300,45926,Patrick Tape,Columbia,0.8235294117647058,0.625,0.4375,0.0
1301,45930,Thomas Booker,USC Upstate,0.0,1.0,0.25,0.0
1302,45931,Cameron Woodyard,UNC Asheville,0.0,0.0,0.0,0.0
1303,45934,Ross Owens,Missouri St.,0.0,0.0,0.0,1.0
1304,45936,Jordan Bell,Loyola Marymount,0.0,0.5625,0.25,0.8
1305,45937,Jacob Guest,Northwestern St.,0.0,0.0,0.25,0.8235294117647058
1306,45947,Brendan Rumel,Portland St.,1.0,0.75,0.5,0.0
1307,45948,Michael Mayhew,Portland St.,0.0,0.2857142857142857,0.0,0.8387096774193549
1308,45951,Chibueze Jacobs,Sacramento St.,1.0,0.4090909090909091,0.6666666666666666,0.9
1309,45967,Keljin Blevins,Montana St.,0.8333333333333334,0.5108695652173914,0.4444444444444444,1.0
1310,46004,Mustapha Heron,St. John's,0.7619047619047619,0.3855421686746988,0.22727272727272727,0.9375
1311,46006,Will Macoy,Auburn,0.0,0.0,0.0,0.0
1312,46010,Brachen Hazen,Ball St.,0.8571428571428571,0.6956521739130435,0.3333333333333333,1.0
1313,46011,Trey Carver,Hampton,0.0,0.42857142857142855,0.6666666666666666,1.0
1314,46012,John Whitley,East Carolina,0.0,0.0,0.0,0.0
1315,46048,Soufiyane Diakite,Bethune Cookman,0.875,0.4358974358974359,0.8571428571428571,1.0
1316,46050,Djimon Henson,Morehead St.,0.0,0.3333333333333333,0.35294117647058826,0.8846153846153846
1317,46055,Dondre Griffin,Hampton,0.0,0.3333333333333333,0.0,0.9375
1318,46085,E.J. Datcher,Mississippi St.,0.0,0.0,0.0,1.0
1319,46089,Tyson Carter,Mississippi St.,0.6363636363636364,0.5909090909090909,0.15384615384615385,0.8
1320,46092,Abdul Ado,Mississippi St.,0.8888888888888888,0.76,0.38461538461538464,0.0
1321,46116,James Pyle,SMU,0.0,0.0,0.0,0.0
1322,46118,Aaron Spivey,Wake Forest,0.0,0.0,0.0,1.0
1323,46122,Matt Schaffer,Toledo,0.0,0.0,0.0,0.0
1324,46136,Preston Parks,Tennessee Martin,0.0,0.15625,0.3333333333333333,0.8
1325,46138,Ezekiel Balogun,North Florida,0.5,0.5428571428571428,0.6666666666666666,1.0
1326,46142,Kaelon Harris,The Citadel,0.0,0.09090909090909091,0.0,1.0
1327,46145,Tyler Burgess,The Citadel,0.0,0.0,0.0,0.9166666666666666
1328,46146,Khalill Spencer,Jackson St.,0.0,0.4375,0.375,0.0
1329,46150,Quinton Rose,Temple,0.5454545454545454,0.38738738738738737,0.25,0.926829268292683
1330,46151,Damion Moore,Temple,1.0,0.6538461538461539,0.6,0.0
1331,46152,Matt Elmore,UNC Wilmington,0.0,1.0,1.0,0.0
1332,46153,Alani Moore II,Temple,0.0,0.6,0.0,0.84
1333,46154,V.J. Holmes,Lamar,0.0,0.21621621621621623,0.0,1.0
1334,46155,Jaylen Fornes,UNC Wilmington,0.0,0.34615384615384615,0.07142857142857142,0.9354838709677419
1335,46158,Eli Pemberton,Hofstra,0.6666666666666666,0.22857142857142856,0.275,0.7441860465116279
1336,46159,Stafford Trueheart,Hofstra,0.7142857142857143,0.6923076923076923,0.8,1.0
1337,46161,Dejuan Clayton,Coppin St.,0.0,0.05434782608695652,0.05263157894736842,0.2903225806451613
1338,46163,Evan Wieck,Navy,0.0,0.627906976744186,0.4782608695652174,0.0
1339,46167,Joshua Thomas,Eastern Washington,0.0,1.0,0.0,0.0
1340,46170,Rodney Herenton,Stanford,0.0,0.0,0.0,0.0
1341,46171,Brandon Suggs,UMKC,1.0,0.48,0.4,0.0
1342,46172,Bryce Barnes,Milwaukee,0.0,0.125,0.07692307692307693,0.4166666666666667
1343,46173,Jeremiah Bell,UAB,0.0,0.13043478260869565,0.07692307692307693,0.8461538461538461
1344,46177,Cole Long,Detroit Mercy,0.0,0.42857142857142855,0.5,1.0
1345,46178,Trevor Anderson,Wisconsin,0.0,0.4,0.0,1.0
1346,46179,Kam Hankerson,Green Bay,0.6,0.45714285714285713,0.3225806451612903,0.9210526315789473
1347,46210,Shizz Alston Jr.,Temple,0.16666666666666666,0.225,0.22058823529411764,0.5858585858585859
1348,46261,Dejan Vasiljevic,Miami FL,0.0,0.32,0.2631578947368421,0.8641975308641975
1349,46267,Bruce Moore,Bucknell,0.75,0.5384615384615384,0.3333333333333333,0.88
1350,46268,Avi Toomer,Bucknell,0.0,0.29545454545454547,0.75,0.875
1351,46270,Tyler Scanlon,Boston University,0.0,0.21428571428571427,0.26666666666666666,0.84
1352,46272,Max Mahoney,Boston University,0.7,0.5144508670520231,0.6122448979591837,0.0
1353,46273,Mark Gasperini,American,0.0,0.6447368421052632,0.3958333333333333,1.0
1354,46276,Sa'eed Nelson,American,1.0,0.19424460431654678,0.34615384615384615,0.6190476190476191
1355,46289,Marcus Dickinson,Boise St.,0.0,0.2962962962962963,0.16666666666666666,0.9393939393939394
1356,46294,Alex Hobbs,Boise St.,0.0,0.24390243902439024,0.12727272727272726,0.6764705882352942
1357,46309,Maik Kotsar,South Carolina,0.6666666666666666,0.46875,0.3958333333333333,1.0
1358,46310,Sedee Keita,St. John's,0.0,0.5,0.8333333333333334,0.0
1359,46312,Hassani Gravett,South Carolina,0.0,0.4,0.25,0.8153846153846154
1360,46315,Jordan Geist,Missouri,0.0,0.22807017543859648,0.0,0.5230769230769231
1361,46316,Reed Nikko,Missouri,0.7272727272727273,0.45714285714285713,0.375,0.0
1362,46348,Pat Andree,Lehigh,0.0,0.5757575757575758,0.4,0.9571428571428572
1363,46349,Kyle Stout,Lafayette,0.0,0.45454545454545453,0.5,0.9428571428571428
1364,46352,Myles Cherry,Lafayette,0.0,0.6818181818181818,0.3333333333333333,1.0
1365,46354,Jordan Cohen,Lehigh,0.0,0.11538461538461539,0.13513513513513514,0.6382978723404256
1366,46356,Lukas Jarrett,Lafayette,0.4,0.46938775510204084,0.375,0.9285714285714286
1367,46357,Brevin Galloway,Charleston,0.4166666666666667,0.4117647058823529,0.375,0.782608695652174
1368,46358,Chevez Goodwin,Wofford,0.8947368421052632,0.5306122448979592,0.25,0.0
1369,46362,Jackson Rowe,Cal St. Fullerton,0.9333333333333333,0.6055045871559633,0.35714285714285715,1.0
1370,46366,Mike Henn,Cal Baptist,0.5,0.34615384615384615,0.6,0.96
1371,46376,Devon Brewer,Alcorn St.,0.5,0.7857142857142857,0.6153846153846154,0.0
1372,46382,Artavious McDyess,Arkansas Pine Bluff,1.0,0.7142857142857143,0.8333333333333334,0.0
1373,46397,Brailen Neely,Oakland,0.0,0.0,0.5,1.0
1374,46399,K.J. Santos,Missouri,1.0,0.42857142857142855,0.0,1.0
1375,46400,Tarkus Ferguson,Illinois Chicago,0.3333333333333333,0.3333333333333333,0.16666666666666666,0.6526315789473685
1376,46427,Wajid Aminu,North Florida,0.7142857142857143,0.5544554455445545,0.4,1.0
1377,46431,Jahaad Proctor,High Point,0.0,0.323943661971831,0.2,0.8235294117647058
1378,46440,Lyrik Shreiner,DePaul,0.0,0.16666666666666666,0.14285714285714285,0.8
1379,46487,Kevin Degnan,Siena,0.75,0.5588235294117647,0.3333333333333333,0.9692307692307692
1380,46504,Jarron Cumberland,Cincinnati,0.7142857142857143,0.21568627450980393,0.23684210526315788,0.8
1381,46507,Shawn Williams,East Carolina,0.0,0.16666666666666666,0.39285714285714285,0.8857142857142857
1382,46509,Nik Popovic,Boston College,0.9,0.5,0.28888888888888886,0.6363636363636364
1383,46510,Ky Bowman,Boston College,0.25,0.19480519480519481,0.275,0.43037974683544306
1384,46551,Charles Matthews,Michigan,0.5333333333333333,0.3764705882352941,0.23076923076923078,0.7931034482758621
1385,46552,Dylan Carl,Purdue Fort Wayne,0.7692307692307693,0.6724137931034483,0.0,1.0
1386,46558,Ty Groce,Eastern Michigan,0.375,0.42857142857142855,0.3333333333333333,1.0
1387,46564,Chris Lester,New Hampshire,1.0,0.4782608695652174,0.45454545454545453,1.0
1388,46565,Thomas Huerter Jr.,Siena,0.0,1.0,0.0,1.0
1389,46567,Cyril Langevine,Rhode Island,0.76,0.5975609756097561,0.5714285714285714,0.0
1390,46568,Tyere Marshall,Rider,1.0,0.5360824742268041,0.3611111111111111,0.0
1391,46569,Dimencio Vaughn,Rider,0.5,0.3695652173913043,0.45,0.7931034482758621
1392,46572,Michael Tertsea,Rhode Island,1.0,0.6666666666666666,0.0,1.0
1393,46574,Brandon Carroll,Bryant,0.0,0.75,0.0,1.0
1394,46580,Ryan Pippins,Little Rock,0.0,0.36363636363636365,0.25,0.7727272727272727
1395,46582,Shandon Goldman,Northern Iowa,1.0,0.75,0.75,0.8888888888888888
1396,46587,Nelson Nweke,North Carolina A&T,0.0,0.6842105263157895,0.5,0.0
1397,46593,Lindy Waters III,Oklahoma St.,1.0,0.3333333333333333,0.17857142857142858,0.7101449275362319
1398,46594,Jaylen Fisher,TCU,0.0,0.3333333333333333,0.0,0.8666666666666667
1399,46595,Desmond Bane,TCU,0.7272727272727273,0.47115384615384615,0.4418604651162791,0.9411764705882353
1400,46596,Josh Parrish,Rice,0.75,0.37209302325581395,0.1111111111111111,0.2857142857142857
1401,46599,Thomas Dziagwa,Oklahoma St.,0.0,0.36363636363636365,0.5454545454545454,0.8666666666666667
1402,46600,Cameron McGriff,Oklahoma St.,0.5652173913043478,0.5471698113207547,0.3684210526315789,0.8461538461538461
1403,46645,Travis Light,Florida St.,0.0,0.0,0.0,0.0
1404,46648,Michael Bibby,Appalachian St.,0.0,1.0,0.0,1.0
1405,46652,Ceasar DeJesus,UCF,0.0,0.34782608695652173,0.2,1.0
1406,46654,Jordan Blount,Illinois Chicago,0.5,0.49382716049382713,0.375,1.0
1407,46655,Godwin Boahen,Illinois Chicago,0.0,0.22641509433962265,0.18181818181818182,0.7777777777777778
1408,46680,Caleb Martin,Nevada,0.47058823529411764,0.3026315789473684,0.2222222222222222,0.6635514018691588
1409,46681,Cody Martin,Nevada,0.2857142857142857,0.2876712328767123,0.3181818181818182,0.6764705882352942
1410,46710,Devonte Campbell,Albany,0.0,0.3076923076923077,0.7142857142857143,0.9642857142857143
1411,46712,Johnny Jager,Indiana,0.0,0.0,0.0,0.0
1412,46713,Tyler Stewart,Binghamton,0.0,1.0,0.2,1.0
1413,46714,Curtis Jones,Oklahoma St.,1.0,0.4375,0.09090909090909091,0.7631578947368421
1414,46718,Devonte Green,Indiana,1.0,0.2727272727272727,0.05555555555555555,0.6666666666666666
1415,46727,Nysier Brooks,Cincinnati,0.8571428571428571,0.6363636363636364,0.696969696969697,0.0
1416,46769,Evan Hinson,South Carolina,1.0,0.25,1.0,1.0
1417,46772,Temi Aiyegbusi,Connecticut,0.0,0.0,0.0,0.0
1418,46788,Isaiah Brown,Northern Iowa,0.25,0.16,0.25,0.9565217391304348
1419,46807,Jeremiah Usiosefe,Western Illinois,0.0,0.3333333333333333,0.2,0.9
1420,46809,Chris Howell,Jackson St.,1.0,0.2857142857142857,0.5074626865671642,0.6666666666666666
1421,46810,Sergio El Darwich,Maine,0.3333333333333333,0.3880597014925373,0.29411764705882354,0.8
1422,46812,Trey Burch-Manning,South Dakota,0.3333333333333333,0.4418604651162791,0.15789473684210525,0.875
1423,46814,Tyler Peterson,South Dakota,1.0,0.6025641025641025,0.36363636363636365,0.9375
1424,46815,Brandon Armstrong,South Dakota,0.0,0.25,0.3333333333333333,0.6764705882352942
1425,46816,Triston Simpson,South Dakota,0.0,0.2037037037037037,0.0,0.7441860465116279
1426,46832,Loudon Love,Wright St.,0.8461538461538461,0.5503355704697986,0.48148148148148145,0.0
1427,46843,Jaume Sorolla,Valparaiso,1.0,0.5416666666666666,0.6875,1.0
1428,46844,Ryan Swan,Air Force,0.3333333333333333,0.36470588235294116,0.4090909090909091,0.9333333333333333
1429,46886,Ian Boyd,George Mason,0.0,0.17391304347826086,0.0,0.9230769230769231
1430,46890,Karmari Newman,Oakland,0.0,0.4,0.0,0.8571428571428571
1431,46899,Aleksandar Dozic,Marist,0.0,0.3684210526315789,0.5,0.9230769230769231
1432,46912,Cameron Oluyitan,Southern Utah,0.5,0.2753623188405797,0.15,0.7333333333333333
1433,46913,Precious Ayah,Miami OH,0.0,0.625,0.75,1.0
1434,46914,Noah McCarty,Northern Illinois,0.75,0.4358974358974359,0.46153846153846156,1.0
1435,46916,Eugene German,Northern Illinois,0.6,0.10619469026548672,0.038461538461538464,0.4880952380952381
1436,46918,Andrew Garcia,Stony Brook,0.0,0.37681159420289856,0.42857142857142855,0.9523809523809523
1437,46923,Andrew Fleming,Maine,0.7,0.5777777777777777,0.4444444444444444,0.9166666666666666
1438,46927,Jeffrey Uju,Bowling Green,0.8571428571428571,0.8076923076923077,0.5555555555555556,1.0
1439,46947,Eric Lockett,N.C. State,1.0,0.5454545454545454,0.2222222222222222,1.0
1440,46971,Isaiah Reese,Canisius,0.0,0.3888888888888889,0.0,0.5714285714285714
1441,46973,Dantai St. Louis,Canisius,1.0,0.625,1.0,0.0
1442,46975,E.J. Crawford,Iona,0.3333333333333333,0.304,0.25,0.7547169811320755
1443,46982,Darian Adams,Troy,0.0,0.2,0.2,0.7419354838709677
1444,46985,Tommy Funk,Army,0.0,0.07865168539325842,0.0,0.9545454545454546
1445,46987,Matt Wilson,Army,1.0,0.6861313868613139,0.6875,0.0
1446,46990,Tim Cameron,High Point,0.0,0.3333333333333333,0.0,1.0
1447,46991,Clay Verk,Stetson,0.0,0.6363636363636364,0.75,1.0
1448,46995,Kelvin Jones,Idaho St.,0.6,0.4406779661016949,0.25925925925925924,0.0
1449,47010,Oliver Powell,Louisiana Tech,0.75,0.5348837209302325,0.7222222222222222,1.0
1450,47011,Jannson Williams,Marshall,0.9130434782608695,0.7391304347826086,1.0,0.9516129032258065
1451,47013,JaColby Pemberton,Louisiana Tech,0.5714285714285714,0.38,0.4444444444444444,0.9310344827586207
1452,47041,Kendall Small,Pacific,0.0,0.3333333333333333,0.5454545454545454,1.0
1453,47052,Devon Daniels,N.C. State,0.8571428571428571,0.31666666666666665,0.16129032258064516,0.918918918918919
1454,47057,Henry Baddley,Butler,0.3333333333333333,0.2857142857142857,0.2222222222222222,0.9523809523809523
1455,47058,Kamar Baldwin,Butler,0.0,0.11702127659574468,0.08,0.7380952380952381
1456,47060,Marc Reininger,Utah,0.0,0.0,0.0,0.0
1457,47061,Mustapha Traore,Monmouth,0.8,0.576271186440678,0.5652173913043478,0.0
1458,47100,Jon Teske,Michigan,0.925,0.8064516129032258,0.8571428571428571,1.0
1459,47101,Travis Valmon,Maryland,0.0,0.0,0.0,1.0
1460,47102,Joshua Tomaic,Maryland,1.0,0.6666666666666666,1.0,0.0
1461,47104,Zavier Simpson,Michigan,0.0,0.13846153846153847,0.06451612903225806,0.75
1462,47106,Anthony Cowan Jr.,Maryland,0.0,0.2318840579710145,0.10344827586206896,0.7
1463,47176,Josh Peterson,Coastal Carolina,0.0,0.0,0.0,0.0
1464,47187,Jared Chatham,Central Arkansas,0.6666666666666666,0.42857142857142855,0.6111111111111112,0.8
1465,47188,Aaron Weidenaar,Central Arkansas,0.0,0.0,1.0,0.9230769230769231
1466,47189,Brandon Vanover,Central Arkansas,0.0,0.0,1.0,0.0
1467,47190,Jordan Grant,Central Arkansas,0.0,1.0,0.0,1.0
1468,47192,Andrew Jones,Texas,0.0,0.0,0.0,0.0
1469,47194,James Banks III,Georgia Tech,0.8163265306122449,0.6373626373626373,0.4594594594594595,0.0
1470,47195,Ryan Betley,Penn,0.0,0.0,0.0,1.0
1471,47196,AJ Brodeur,Penn,0.8,0.41605839416058393,0.24242424242424243,0.9375
1472,47198,Henry Welsh,Harvard,0.0,0.47619047619047616,0.09090909090909091,1.0
1473,47200,Jakub Mijakowski,Penn,0.0,0.0,0.0,1.0
1474,47201,Devon Goodman,Penn,0.0,0.3118279569892473,0.0,0.8214285714285714
1475,47202,Ray Jerome,Penn,0.0,0.0,0.0,0.8571428571428571
1476,47204,Jordan Bruner,Yale,0.7272727272727273,0.5256410256410257,0.375,0.9090909090909091
1477,47205,Mikey Dixon,St. John's,0.0,0.4117647058823529,0.0,0.7692307692307693
1478,47207,Divonte Lumpkin,Texas Southern,0.0,0.5,0.6666666666666666,0.0
1479,47212,Cainan McClelland,Texas Southern,0.0,0.25,0.0,1.0
1480,47213,Cameron Young,Quinnipiac,0.5714285714285714,0.2441860465116279,0.125,0.4380952380952381
1481,47219,Kevin Morris,South Alabama,0.4,0.4666666666666667,0.0,0.0
1482,47220,Herb McGee,South Alabama,0.5,0.28205128205128205,0.0,0.8125
1483,47223,Maxwell Starwood,Southeastern Louisiana,1.0,0.8,0.625,1.0
1484,47224,John Pettway,South Alabama,0.375,0.3469387755102041,0.0,1.0
1485,47235,Spencer Littleson,Toledo,0.0,0.6,0.0,0.9444444444444444
1486,47236,Kellon Taylor,Duquesne,0.0,0.6666666666666666,0.0,0.0
1487,47237,Isiaha Mike,SMU,0.7619047619047619,0.6290322580645161,0.21428571428571427,0.96
1488,47238,Caleb Davis,Duquesne,0.0,0.0,0.0,0.0
1489,47239,Chuba Ohams,Fordham,0.7391304347826086,0.5909090909090909,0.5,1.0
1490,47294,Stanley Davis,Morgan St.,0.6,0.2602739726027397,0.36363636363636365,1.0
1491,47298,Alex Ennis,Southern,0.75,0.6326530612244898,0.3333333333333333,0.0
1492,47299,David Syfax,Morgan St.,0.7142857142857143,0.5681818181818182,0.5,1.0
1493,47323,Justin Ravenel,Florida A&M,1.0,0.42857142857142855,0.05555555555555555,0.8064516129032258
1494,47324,Tommy Luce,Purdue,0.0,0.0,0.0,1.0
1495,47325,Carsen Edwards,Purdue,0.0,0.1827956989247312,0.16326530612244897,0.4888888888888889
1496,47326,Andre Wesson,Ohio St.,0.7777777777777778,0.45098039215686275,0.5,0.8648648648648649
1497,47328,C.J. Jackson,Ohio St.,0.0,0.41509433962264153,0.3181818181818182,0.7419354838709677
1498,47330,Barret Benson,Northwestern,1.0,0.65,0.3333333333333333,1.0
1499,47357,Elijah Hughes,Syracuse,0.8888888888888888,0.5185185185185185,0.21428571428571427,0.7816091954022989
1500,47402,Brendan Barry,Dartmouth,0.0,0.1891891891891892,0.125,0.7101449275362319
1501,47404,Kasheem Thomas,Cleveland St.,0.0,0.2727272727272727,0.5,0.7727272727272727
1502,47407,Mike Smith,Columbia,0.0,0.1111111111111111,0.125,0.75
1503,47408,Jake Killingsworth,Columbia,0.0,0.6666666666666666,0.875,0.8780487804878049
1504,47409,Gavin Peppers,Nicholls St.,0.0,0.125,0.2,0.86
1505,47417,Femi Olujobi,DePaul,0.8235294117647058,0.4954954954954955,0.5263157894736842,0.9285714285714286
1506,47421,Ty Flowers,LIU,0.6666666666666666,0.515625,0.2222222222222222,0.875
1507,47422,Brison Gresham,Houston,0.8571428571428571,0.8113207547169812,0.0,0.0
1508,47423,Damari Parris,Eastern Michigan,0.0,0.0,0.09090909090909091,0.5714285714285714
1509,47424,Arnaldo Toro,George Washington,0.0,0.47058823529411764,0.875,1.0
1510,47425,Collin Smith,UCF,0.7,0.45901639344262296,0.48,0.7777777777777778
1511,47427,Unique McLean,Massachusetts,0.5555555555555556,0.43478260869565216,0.75,0.0
1512,47429,Justin Williams,George Washington,0.5,0.39473684210526316,0.4444444444444444,1.0
1513,47430,Dejon Jarreau,Houston,0.25,0.12307692307692308,0.0,0.6666666666666666
1514,47437,Jibreel Faulkner,Canisius,0.7916666666666666,0.6444444444444445,0.6842105263157895,0.9696969696969697
1515,47446,Matt Lindsey,Coastal Carolina,0.0,0.0,0.0,0.0
1516,47484,Chance Ellis,Prairie View A&M,0.0,1.0,0.8571428571428571,0.9583333333333334
1517,47485,Brendon Myles,Florida A&M,0.0,0.0,0.0,0.0
1518,47486,Raivis Scerbinskis,Winthrop,0.0,0.0,0.0,1.0
1519,47491,Nasir Core,Florida A&M,0.0,0.3888888888888889,0.0,0.9230769230769231
1520,47494,Charles Williams,Howard,0.5,0.375,0.40789473684210525,0.9310344827586207
1521,47506,Payton Pritchard,Oregon,0.0,0.11267605633802817,0.06666666666666667,0.8153846153846154
1522,47510,Jaquori McLaughlin,UC Santa Barbara,0.6666666666666666,0.18421052631578946,0.25,0.851063829787234
1523,47511,Kavell Bigby-Williams,LSU,0.6274509803921569,0.5876288659793815,0.2857142857142857,0.0
1524,47514,Kodye Pugh,Stanford,0.6666666666666666,0.3333333333333333,0.0,1.0
1525,47549,Jordan Giles,UMKC,0.0,0.25,0.1,0.9333333333333333
1526,47555,Xavier Bishop,UMKC,0.0,0.136986301369863,0.043478260869565216,0.559322033898305
1527,47566,Dylan Painter,Villanova,0.0,0.5,0.0,0.0
1528,47576,Phil Fayne,Illinois St.,0.8787878787878788,0.5901639344262295,0.3548387096774194,0.0
1529,47578,Donald Hicks,Radford,0.0,0.2,0.18181818181818182,0.9516129032258065
1530,47580,Carlik Jones,Radford,0.0,0.0392156862745098,0.125,0.5238095238095238
1531,47585,John Hall,Evansville,0.625,0.45454545454545453,0.35714285714285715,0.9473684210526315
1532,47589,Anfernee Hampton,Southern Miss,1.0,0.25,0.25,1.0
1533,47590,Robert Martin,Rice,0.0,0.22,0.15384615384615385,0.9565217391304348
1534,47592,Ethan Good,Bowling Green,0.0,0.0,0.0,0.0
1535,47598,Braxton Bonds,Houston Christian,0.6666666666666666,0.4268292682926829,0.2727272727272727,0.5
1536,47600,Brock Bertram,Buffalo,0.0,0.5714285714285714,1.0,0.0
1537,47601,Troy Baxter Jr.,Florida Gulf Coast,0.8,0.5,0.38095238095238093,0.8571428571428571
1538,47609,JT Escobar,North Florida,0.0,0.30434782608695654,0.25,0.8904109589041096
1539,47636,Armoni Brooks,Houston,0.6,0.4090909090909091,0.27586206896551724,0.8429752066115702
1540,47637,Quentin Goodin,Xavier,0.38461538461538464,0.30612244897959184,0.21739130434782608,0.8333333333333334
1541,47639,Tyrique Jones,Xavier,0.75,0.6507936507936508,0.64,0.0
1542,47640,Kalif Young,Providence,0.8888888888888888,0.575,0.7,0.5
1543,47641,Alpha Diallo,Providence,0.7,0.38636363636363635,0.375,0.925
1544,47643,Mateen Hirbod,UC Riverside,0.0,0.0,0.0,0.0
1545,47671,Sam Timmins,Washington,0.5,0.39285714285714285,0.3333333333333333,0.0
1546,47672,Nick Rakocevic,USC,0.9090909090909091,0.6903225806451613,0.4,0.0
1547,47674,Jonah Mathews,USC,0.0,0.3488372093023256,0.25,0.9102564102564102
1548,47676,Carlos Johnson,Grand Canyon,0.5882352941176471,0.25806451612903225,0.1724137931034483,0.3333333333333333
1549,47689,Ade Murkey,Denver,0.625,0.23880597014925373,0.22580645161290322,0.9285714285714286
1550,47748,Daniel Cummings,Tennessee St.,0.0,1.0,0.0,1.0
1551,47768,Kijana Love,New Hampshire,0.0,0.4,0.0,0.5
1552,47769,Sammy Friday IV,Siena,0.8,0.55,0.3333333333333333,0.0
1553,47771,John Ogwuche,New Hampshire,0.0,0.0,0.0,0.0
1554,47772,Xzavier Malone-Key,Fairleigh Dickinson,0.6363636363636364,0.38461538461538464,0.058823529411764705,0.75
1555,47773,Jordan Barnes,Indiana St.,0.0,0.15384615384615385,0.21621621621621623,0.5106382978723404
1556,47774,Jeff Dowtin,Rhode Island,0.7142857142857143,0.2711864406779661,0.17647058823529413,0.6739130434782609
1557,47777,Braedon Bayer,Siena,0.0,0.0,0.0,1.0
1558,47778,Taurean Thompson,Seton Hall,0.75,0.47058823529411764,0.3333333333333333,1.0
1559,47779,Tyus Battle,Syracuse,0.46153846153846156,0.24324324324324326,0.1388888888888889,0.6190476190476191
1560,47780,Luke Rosinski,New Hampshire,0.0,0.6666666666666666,0.0,1.0
1561,47793,Connor MacDougall,Utah Valley,1.0,0.5384615384615384,0.6666666666666666,0.0
1562,47827,Jerry Johnson Jr.,Chattanooga,0.0,0.10714285714285714,0.0625,0.7058823529411765
1563,47874,Darrell Riley Jr.,Detroit Mercy,0.0,0.3333333333333333,0.0,0.0
1564,47875,Lorenzo Hunt,Mississippi Valley St.,0.0,0.0,0.7142857142857143,1.0
1565,47889,Jordan Griffin,Long Beach St.,0.0,0.6,0.0,0.7368421052631579
1566,47891,Loren Cristian Jackson,Akron,0.0,0.022727272727272728,0.04,0.5245901639344263
1567,47892,Max Heidegger,UC Santa Barbara,0.0,0.18518518518518517,0.1111111111111111,0.6551724137931034
1568,47898,Diogo Brito,Utah St.,0.5,0.5,0.2857142857142857,0.9545454545454546
1569,47899,Abel Porter,Utah St.,0.0,0.22727272727272727,0.0,0.8666666666666667
1570,47902,Sam Merrill,Utah St.,0.0,0.42857142857142855,0.31666666666666665,0.8292682926829268
1571,47909,Juwan Durham,Notre Dame,0.8,0.5813953488372093,0.5,0.0
1572,47911,Jared Printy,Western Michigan,0.0,0.42857142857142855,0.5,0.7631578947368421
1573,47912,James Gordon IV,Toledo,0.0,0.0,1.0,0.0
1574,47914,Jason Carter,Ohio,0.6666666666666666,0.4251968503937008,0.28,0.9565217391304348
1575,47917,Devocio Butler,Texas Southern,0.6,0.2641509433962264,0.07692307692307693,0.8846153846153846
1576,47918,Christian Vital,Connecticut,0.2222222222222222,0.3508771929824561,0.2857142857142857,0.8354430379746836
1577,47931,Trayvon Reed,Texas Southern,0.9354838709677419,0.8554216867469879,0.25,1.0
1578,47935,Isaiah Wright,San Diego,0.0,0.16129032258064516,0.038461538461538464,0.5918367346938775
1579,47970,Zach Radz,Sacred Heart,1.0,0.3181818181818182,0.0,0.75
1580,47972,Deniz Celen,St. Francis NY,1.0,0.4909090909090909,0.2857142857142857,0.9230769230769231
1581,47974,Richmond Aririguzoh,Princeton,0.8125,0.3669724770642202,0.0,0.0
1582,47976,Jose Morales,Princeton,0.0,0.0,0.0,0.7272727272727273
1583,47977,Will Gladson,Princeton,0.0,0.0,0.0,0.75
1584,47979,Tre Clark,Furman,0.5555555555555556,0.34615384615384615,0.0,1.0
1585,47980,Jordan Lyons,Furman,0.0,0.26666666666666666,0.16666666666666666,0.7682926829268293
1586,47984,Steven Whitley,Norfolk St.,0.0,0.07246376811594203,0.05555555555555555,0.3333333333333333
1587,47996,Kristian Doolittle,Oklahoma,0.8666666666666667,0.5362318840579711,0.24675324675324675,0.0
1588,47997,Xavier Sneed,Kansas St.,0.7058823529411765,0.5675675675675675,0.6666666666666666,0.8888888888888888
1589,47999,Matt Freeman,Oklahoma,0.0,0.6,0.5,1.0
1590,48003,James Love III,Kansas St.,0.0,0.0,1.0,0.0
1591,48006,Samuel Idowu,Saint Peter's,0.8,0.5164835164835165,0.5,0.9411764705882353
1592,48015,Pat McNamara,Fairleigh Dickinson,0.0,0.0,0.0,1.0
1593,48029,Nick Ward,Michigan St.,0.9166666666666666,0.7217391304347827,0.6521739130434783,0.5
1594,48032,Marlon Stewart,North Dakota,0.0,0.0392156862745098,0.0,0.9655172413793104
1595,48036,Frederick Scott,Rider,0.75,0.37349397590361444,0.42857142857142855,0.8214285714285714
1596,48044,Isiah Deas,La Salle,1.0,0.2903225806451613,0.25925925925925924,0.8125
1597,48051,Zach Sellers,Savannah St.,0.0,0.13333333333333333,0.09523809523809523,0.75
1598,48054,R.J. Kelly,South Alabama,0.5,0.6774193548387096,0.0,1.0
1599,48071,Oscar Frayer,Grand Canyon,0.8666666666666667,0.6666666666666666,0.6,0.8048780487804879
1600,48075,Johnny McCants,New Mexico St.,0.7142857142857143,0.6557377049180327,0.5,0.875
1601,48080,Nate Kennell,Bradley,0.0,0.72,0.22727272727272727,0.78125
1602,48083,JaShaun Smith,Longwood,0.6,0.3,0.09523809523809523,0.8636363636363636
1603,48087,Darrell Brown,Bradley,0.0,0.05263157894736842,0.16666666666666666,0.7341772151898734
1604,48088,Koch Bar,Bradley,1.0,0.6470588235294118,0.5,0.0
1605,48091,Matt Milon,William & Mary,0.0,0.5925925925925926,0.35714285714285715,0.8953488372093024
1606,48094,Chris Miller,Oral Roberts,1.0,0.7,0.18181818181818182,0.0
1607,48097,Tyson Ward,North Dakota St.,0.75,0.30952380952380953,0.14285714285714285,0.7083333333333334
1608,48098,Cameron Hunter,North Dakota St.,0.0,0.2,0.0,0.4642857142857143
1609,48099,Jared Samuelson,North Dakota St.,0.0,0.3333333333333333,0.0,0.8461538461538461
1610,48102,Jontray Harris,Louisiana Monroe,0.0,0.4166666666666667,0.25,0.8666666666666667
1611,48112,Isaac Gassman,Illinois St.,0.0,0.42857142857142855,1.0,1.0
1612,48120,Derrick Alston,Boise St.,0.8333333333333334,0.45588235294117646,0.3684210526315789,0.9454545454545454
1613,48123,Justinian Jessup,Boise St.,0.5,0.46875,0.20833333333333334,0.6904761904761905
1614,48142,Dontay Caruthers,Buffalo,0.2,0.30666666666666664,0.0,1.0
1615,48145,Davonta Jordan,Buffalo,0.3333333333333333,0.2077922077922078,0.0,0.9
1616,48147,Sid Tomes,Air Force,0.0,0.6,0.10526315789473684,0.8
1617,48150,Addison Owen,Rice,0.0,0.0,0.0,0.0
1618,48159,Ian Kinard,South Carolina St.,0.8,0.3939393939393939,0.5,0.9444444444444444
1619,48163,Janai Raynor-Powell,South Carolina St.,0.0,0.0967741935483871,0.09302325581395349,0.7857142857142857
1620,48164,David Bottenberg,South Carolina St.,0.0,0.4,1.0,1.0
1621,48168,Ozante Fields,South Carolina St.,0.6666666666666666,0.5,0.38461538461538464,0.0
1622,48170,Tommy Kuhse,Saint Mary's,0.0,0.09375,0.04,0.8333333333333334
1623,48171,Jock Perry,Saint Mary's,0.0,0.6666666666666666,0.5,1.0
1624,48172,Elijah Thomas,Saint Mary's,0.0,0.2916666666666667,0.14285714285714285,1.0
1625,48177,Jordan Ford,Saint Mary's,0.0,0.1366906474820144,0.06521739130434782,0.4857142857142857
1626,48178,Mark Carbone,New Hampshire,0.0,0.4444444444444444,0.16666666666666666,0.7692307692307693
1627,48182,John Edgar Jr.,UC Irvine,0.6666666666666666,0.43333333333333335,0.1875,0.8888888888888888
1628,48183,Evan Leonard,UC Irvine,1.0,0.2727272727272727,0.1,0.8448275862068966
1629,48184,Eyassu Worku,UC Irvine,0.0,0.15789473684210525,0.10714285714285714,0.9411764705882353
1630,48186,Tommy Rutherford,UC Irvine,0.6666666666666666,0.6304347826086957,0.3829787234042553,1.0
1631,48188,Jake Krafka,Denver,0.0,0.0,0.0,1.0
1632,48197,Nick Rogers,IU Indy,1.0,0.1,0.08333333333333333,0.5882352941176471
1633,48211,Kyle Guy,Virginia,0.5,0.2857142857142857,0.4722222222222222,0.8583333333333333
1634,48212,Corey Manigault,New Mexico,0.8,0.5245901639344263,0.5666666666666667,0.0
1635,48215,John Mooney,Notre Dame,0.9354838709677419,0.5824175824175825,0.4888888888888889,0.9411764705882353
1636,48217,Nikola Djogo,Notre Dame,0.75,0.4166666666666667,0.0,1.0
1637,48218,T.J. Gibbs,Notre Dame,0.5,0.18181818181818182,0.1111111111111111,0.6417910447761194
1638,48260,Devine Eke,Rider,0.9285714285714286,0.5,0.0,1.0
1639,48263,Issac Vann,VCU,0.75,0.38961038961038963,0.38461538461538464,0.875
1640,48281,Drake Wilks,Grambling St.,0.0,0.0,1.0,0.0
1641,48284,Daishon Smith,Louisiana Monroe,0.0,0.09433962264150944,0.1724137931034483,0.7431192660550459
1642,48287,Adam Grant,Bryant,0.5,0.21739130434782608,0.08333333333333333,0.5625
1643,48288,Thik Bol,Southern Illinois,1.0,0.7586206896551724,0.7333333333333333,1.0
1644,48289,Brendon Gooch,Southern Illinois,0.0,0.0,0.0,1.0
1645,48290,Harrison Kay,Central Connecticut,1.0,1.0,0.0,0.0
1646,48291,V.J. King,Louisville,0.5,0.35714285714285715,0.16666666666666666,0.75
1647,48295,Cory Gensler,Campbell,0.0,0.5121951219512195,0.2857142857142857,1.0
1648,48298,Amidou Bamba,Coastal Carolina,0.75,0.6153846153846154,0.2777777777777778,0.0
1649,48318,Zigmars Raimo,Hawaii,0.0,0.6836734693877551,0.5263157894736842,0.0
1650,48363,Mattias Markusson,Loyola Marymount,0.8529411764705882,0.6987951807228916,0.74,1.0
1651,48364,Donald Gipson,Loyola Marymount,0.0,1.0,0.0,1.0
1652,48365,Rui Hachimura,Gonzaga,0.7931034482758621,0.5945945945945946,0.30666666666666664,1.0
1653,48366,Zach Norvell Jr.,Gonzaga,0.6,0.4166666666666667,0.23076923076923078,0.7731958762886598
1654,48368,Killian Tillie,Gonzaga,1.0,0.5333333333333333,0.6666666666666666,1.0
1655,48372,TJ Haws,BYU,0.0,0.20833333333333334,0.1111111111111111,0.7894736842105263
1656,48375,Caleb Stewart,Binghamton,0.0,0.25,0.13333333333333333,0.9322033898305084
1657,48376,Bryson Robinson,New Orleans,1.0,0.3684210526315789,0.25,0.75
1658,48377,A.J. Cheeseman,Maryland Eastern Shore,1.0,0.4634146341463415,0.6875,1.0
1659,48402,Jalon Gates,Houston Christian,1.0,0.2857142857142857,0.6666666666666666,0.8048780487804879
1660,48422,Christian Peevy,Incarnate Word,0.75,0.375,0.3,0.5
1661,48424,Mfiondu Kabengele,Florida St.,0.6590909090909091,0.4953271028037383,0.5151515151515151,0.9583333333333334
1662,48427,Javin DeLaurier,Duke,0.7142857142857143,0.6428571428571429,0.6666666666666666,0.0
1663,48429,Marques Bolden,Duke,0.7941176470588235,0.6666666666666666,0.3333333333333333,0.0
1664,48432,Jack White,Duke,0.625,0.45,0.0,1.0
1665,48433,Trent Forrest,Florida St.,0.4444444444444444,0.16666666666666666,0.07407407407407407,0.8571428571428571
1666,48446,Ako Adams,Rice,0.0,0.2222222222222222,0.1111111111111111,0.6323529411764706
1667,48454,Ed Morrow,Marquette,0.7142857142857143,0.6056338028169014,0.6666666666666666,0.0
1668,48475,Samson Oladimeji,Illinois,0.0,0.0,0.0,0.0
1669,48486,Terrell Brown,New Mexico St.,0.3333333333333333,0.11428571428571428,0.25,0.8852459016393442
1670,48489,Damien Jefferson,Creighton,0.5,0.4411764705882353,0.2727272727272727,1.0
1671,48490,Jalen McDaniels,San Diego St.,0.7142857142857143,0.5230769230769231,0.5916666666666667,0.9545454545454546
1672,48494,Aher Uguak,Loyola Chicago,0.875,0.5789473684210527,0.16666666666666666,1.0
1673,48495,Jalen Harris,Arkansas,0.3333333333333333,0.18,0.18518518518518517,0.875
1674,48507,Isaac Mbuyamba,Kennesaw St.,0.7142857142857143,0.48148148148148145,0.6666666666666666,0.0
1675,48510,Jordan Walker,Morehead St.,0.0,0.11666666666666667,0.06451612903225806,0.8428571428571429
1676,48514,Johnny McWilliams,Fresno St.,0.0,0.16666666666666666,0.0,1.0
1677,48517,Jacara Cross,Jacksonville St.,0.5714285714285714,0.4634146341463415,0.18181818181818182,1.0
1678,48522,Brekkott Chapman,Weber St.,0.42857142857142855,0.24390243902439024,0.375,0.8524590163934426
1679,48524,Malik Fitts,Saint Mary's,0.6153846153846154,0.13793103448275862,0.05263157894736842,0.7586206896551724
1680,48527,Dashawn McDowell,Seattle,0.0,0.5,0.0,0.0
1681,48533,Luka Vulikic,Eastern Washington,0.0,0.45,0.14285714285714285,1.0
1682,48538,Jacob Davison,Eastern Washington,0.4444444444444444,0.23809523809523808,0.0,0.8064516129032258
1683,48567,Matthew Johnson,Southern Utah,0.0,0.0,0.0,1.0
1684,48571,Jason McMillan,Western Carolina,0.0,0.0,0.0,1.0
1685,48572,Yalim Olcay,Western Carolina,0.0,1.0,0.0,0.0
1686,48575,Will Miller,VMI,0.0,0.8333333333333334,0.5,1.0
1687,48576,Tyler Creammer,VMI,0.6666666666666666,0.65625,0.2,1.0
1688,48579,Maurice Smith,Western Carolina,0.0,0.0,0.0,0.0
1689,48580,Adam Sledd,Western Carolina,0.0,0.5555555555555556,0.0,0.0
1690,48587,Derrick Green,Maryland Eastern Shore,0.0,0.0,0.0,0.0
1691,48588,Christian Carlyle,Florida Gulf Coast,0.6666666666666666,0.45901639344262296,0.3,0.8461538461538461
1692,48597,Tyler Hooker,Kennesaw St.,0.0,0.18461538461538463,0.21839080459770116,0.7272727272727273
1693,48611,Aaron Augustin,Stephen F. Austin,0.0,0.0,0.0,1.0
1694,48612,Sam Ibiezugbe,Monmouth,1.0,0.7142857142857143,0.8,0.0
1695,48616,Brandon Gonzalez,Southeastern Louisiana,0.0,0.8333333333333334,0.0,0.9761904761904762
1696,48618,Kevon Harris,Stephen F. Austin,0.8333333333333334,0.30303030303030304,0.125,0.7
1697,48619,Isaiah Fontaine,UT Rio Grande Valley,1.0,0.6666666666666666,1.0,0.0
1698,48658,Gerron Scissum,Alabama A&M,0.7272727272727273,0.4318181818181818,0.5555555555555556,0.75
1699,48674,Donovan Greer,NJIT,0.0,0.3333333333333333,0.42857142857142855,0.8076923076923077
1700,48685,Danny Harris Jr.,Bethune Cookman,0.0,0.0,0.0,0.0
1701,48728,Austin Wiley,Auburn,0.8,0.7307692307692307,0.631578947368421,0.0
1702,48737,Donnie Lewis,Southeast Missouri St.,0.0,0.0,0.0,0.0
1703,48738,Dondre Duffus,Bethune Cookman,0.5,0.22448979591836735,0.5,0.8571428571428571
1704,48741,Tahj Eaddy,Santa Clara,1.0,0.1111111111111111,0.1702127659574468,0.5753424657534246
1705,48744,Jonathan Dalton,Southeast Missouri St.,0.0,0.10344827586206896,0.0,0.7142857142857143
1706,48760,Lamar Peters,Mississippi St.,0.0,0.05128205128205128,0.0,0.5697674418604651
1707,48761,Mario Kegler,Baylor,0.5714285714285714,0.43859649122807015,0.09523809523809523,0.9629629629629629
1708,48762,Karlis Silins,Florida Atlantic,1.0,0.6153846153846154,0.47368421052631576,1.0
1709,48763,Breein Tyree,Mississippi,0.2222222222222222,0.1323529411764706,0.16666666666666666,0.8405797101449275
1710,48778,Travis Fields Jr.,Radford,0.0,0.3793103448275862,0.10344827586206896,0.875
1711,48787,Lavelle Scottie,Air Force,0.75,0.4264705882352941,0.3877551020408163,0.9354838709677419
1712,48808,Julian Walters,North Carolina Central,0.0,0.5,0.0,0.7777777777777778
1713,48809,Ross Cummings,Mercer,0.0,0.23684210526315788,0.15789473684210525,0.717391304347826
1714,48812,Darius Roy,Milwaukee,0.0,0.140625,0.05555555555555555,0.30952380952380953
1715,48817,Bolden Brace,Northeastern,0.0,0.425,0.14285714285714285,0.8070175438596491
1716,48818,Shawn Occeus,Northeastern,0.75,0.47368421052631576,0.0,0.9565217391304348
1717,48819,Nathan Knight,William & Mary,0.8222222222222222,0.6153846153846154,0.45098039215686275,0.8
1718,48824,Justin Pierce,William & Mary,0.52,0.47058823529411764,0.2777777777777778,0.8181818181818182
1719,48828,Elijah Davis,Wagner,0.0,0.36363636363636365,0.3125,0.7948717948717948
1720,48832,D'Quan Applewhite,SIU Edwardsville,0.0,0.0,0.0,0.0
1721,48838,Lucas N'Guessan,East Tennessee St.,0.8421052631578947,0.7222222222222222,0.4375,0.0
1722,48839,Trey Reeves,Oklahoma St.,0.0,0.0,0.0,0.0
1723,48845,Kienan Walter,North Dakota,0.0,0.46875,0.07692307692307693,1.0
1724,48846,Billy Brown,North Dakota,0.0,0.21052631578947367,0.25,0.9117647058823529
1725,48904,Christian Keeling,Charleston Southern,0.4,0.3488372093023256,0.15625,0.6133333333333333
1726,48911,Cal Reichwein,Lafayette,0.0,0.0,0.0,0.0
1727,48912,Clayton Le Sann,Holy Cross,0.0,1.0,0.0,1.0
1728,48917,Will Rayman,Colgate,0.7142857142857143,0.3448275862068966,0.41379310344827586,0.9242424242424242
1729,48918,Ben Robertson,Bucknell,1.0,0.3333333333333333,0.5,1.0
1730,48923,Skylar Mays,LSU,0.35294117647058826,0.15384615384615385,0.2,0.8545454545454545
1731,48924,Tyree Crump,Georgia,0.0,0.4,0.14285714285714285,0.75
1732,48926,Dontay Bassett,Florida,0.5,0.5909090909090909,0.7142857142857143,0.5
1733,48927,Jordan Harris,Georgia,0.42857142857142855,0.3191489361702128,0.16666666666666666,0.8636363636363636
1734,48934,Kieran Hayward,Massachusetts,0.0,0.0,0.0,1.0
1735,48953,Vitaliy Shibel,Arizona St.,0.0,0.0,0.0,1.0
1736,48954,Ramon Vila,Chattanooga,1.0,0.7333333333333333,0.39285714285714285,1.0
1737,48955,Romello White,Arizona St.,0.9130434782608695,0.6666666666666666,0.29411764705882354,0.0
1738,48957,Willie Jackson,Toledo,0.6842105263157895,0.5714285714285714,0.7894736842105263,1.0
1739,48958,Frankie Hughes,Duquesne,0.25,0.23809523809523808,0.0,0.8611111111111112
1740,48967,Devin Morgan,Youngstown St.,0.0,0.06666666666666667,0.10344827586206896,0.5689655172413793
1741,49010,David Jean-Baptiste,Chattanooga,0.0,0.14285714285714285,0.11764705882352941,0.8478260869565217
1742,49011,Nat Dixon,SMU,0.0,0.4666666666666667,0.5,0.9032258064516129
1743,49012,KaVaughn Scott,Loyola MD,0.95,0.6865671641791045,0.14285714285714285,1.0
1744,49016,Chuck Champion,Loyola MD,0.0,0.46511627906976744,0.29411764705882354,0.918918918918919
1745,49019,Andrew Kostecka,Loyola MD,0.4594594594594595,0.4859154929577465,0.29411764705882354,0.8125
1746,49024,Jeremy Peck,UNC Asheville,0.0,0.4583333333333333,1.0,0.0
1747,49025,Sam Green,Drexel,0.0,0.0,0.0,1.0
1748,49028,Jacob Cushing,Delaware,1.0,0.25,0.0,0.9333333333333333
1749,49036,Maurice Howard,Alcorn St.,0.0,0.35714285714285715,0.27586206896551724,0.7361111111111112
1750,49037,Kobe Wilson,Alcorn St.,0.0,0.0,1.0,1.0
1751,49039,Austin Rogers,Alabama St.,0.0,0.5714285714285714,0.0,0.0
1752,49040,Damni Applewhite,South Carolina St.,0.75,0.4897959183673469,0.5060240963855421,0.75
1753,49044,Reginald Gee,Alabama St.,0.6666666666666666,0.175,0.12,0.8
1754,49070,Justin Simon,St. John's,0.64,0.42045454545454547,0.2682926829268293,0.9090909090909091
1755,49079,Elijah Minnie,Eastern Michigan,0.65,0.5365853658536586,0.2777777777777778,0.9552238805970149
1756,49128,John Guerra,North Carolina Central,0.0,0.0,0.0,1.0
1757,49147,Ray Salnave,Monmouth,0.0,0.11940298507462686,0.05405405405405406,0.7333333333333333
1758,49150,Samuli Nieminen,Stephen F. Austin,0.0,0.8333333333333334,0.0,0.8333333333333334
1759,49173,Jordan Chatman,Boston College,0.0,0.45,0.5294117647058824,0.9473684210526315
1760,49178,Lawson Korita,Tulsa,0.0,0.3333333333333333,0.2857142857142857,1.0
1761,49180,Travis Atson,Quinnipiac,0.5,0.5,0.42857142857142855,1.0
1762,49182,Martins Igbanu,Tulsa,0.875,0.6160714285714286,0.3225806451612903,0.0
1763,49183,Jacob Fleschman,Tennessee,0.0,0.0,0.0,1.0
1764,49184,John Fulkerson,Tennessee,0.5,0.5666666666666667,0.7777777777777778,0.0
1765,49185,Jordan Bone,Tennessee,0.75,0.1509433962264151,0.18666666666666668,0.8
1766,49186,Jordan Bowden,Tennessee,0.6666666666666666,0.6190476190476191,0.6571428571428571,0.875
1767,49187,Grant Williams,Tennessee,0.6956521739130435,0.6055045871559633,0.5,1.0
1768,49188,Clevon Brown,Vanderbilt,0.7058823529411765,0.6666666666666666,0.16666666666666666,1.0
1769,49189,Jalen Johnson,Tennessee,0.0,0.5,0.0,0.8888888888888888
1770,49190,Alex Foree,Tulsa,0.0,0.0,0.0,0.0
1771,49191,Joseph Battle,Appalachian St.,0.0,0.21428571428571427,0.16666666666666666,0.0
1772,49192,John Kiser,Valparaiso,1.0,0.9090909090909091,0.25,1.0
1773,49193,Devin Gage,DePaul,0.16666666666666666,0.1896551724137931,0.19047619047619047,0.9230769230769231
1774,49211,Noah Yates,Richmond,0.0,1.0,0.0,0.967741935483871
1775,49216,Osasumwen Osaghae,FIU,0.76,0.6931818181818182,0.5,0.0
1776,49218,Lazaro Rojas,Fresno St.,1.0,0.8571428571428571,0.25,0.0
1777,49235,Adam Giles,Wright St.,0.0,1.0,0.0,0.0
1778,49236,Edric Dennis,UT Arlington,0.0,0.26666666666666666,0.125,0.847457627118644
1779,49237,Jordan Berry,Jackson St.,0.0,0.0,0.0,0.0
1780,49243,Demetrice Clopton,Jackson St.,1.0,0.5,0.0,0.0
1781,49244,Loren Brill,Old Dominion,0.0,0.0,0.0,0.0
1782,49245,Austen Awosika,Cal St. Fullerton,0.0,0.13953488372093023,0.25806451612903225,1.0
1783,49246,Davon Clare,Cal St. Fullerton,0.6666666666666666,0.35294117647058826,0.42857142857142855,1.0
1784,49247,Kuba Niziol,Cal Poly,0.6666666666666666,0.6666666666666666,0.5714285714285714,1.0
1785,49250,Mark Crowe,Cal Poly,0.0,0.19230769230769232,0.21428571428571427,0.9629629629629629
1786,49251,Donovan Fields,Cal Poly,0.0,0.0641025641025641,0.017857142857142856,0.40540540540540543
1787,49255,Gerald Blackshear Jr.,Detroit Mercy,0.8,0.5686274509803921,0.25,0.0
1788,49262,P.J. Hardy,Louisiana,0.0,0.16666666666666666,0.0,0.7884615384615384
1789,49264,D'Marcus Simonds,Georgia St.,0.6,0.1732283464566929,0.06451612903225806,0.48214285714285715
1790,49265,Justin Miller,Louisiana,0.0,0.3492063492063492,0.15384615384615385,0.7647058823529411
1791,49267,Chris Clerkley,Georgia St.,1.0,0.5,0.0,0.0
1792,49268,Quan Jackson,Georgia Southern,0.625,0.34177215189873417,0.1111111111111111,0.8913043478260869
1793,49270,Roydell Brown,McNeese St.,0.38461538461538464,0.45161290322580644,0.625,1.0
1794,49271,Mason Aucoin,Louisiana,0.0,0.0,0.0,1.0
1795,49279,Jalen Tate,Northern Kentucky,0.5,0.3146067415730337,0.24324324324324326,0.7272727272727273
1796,49281,Dantez Walton,Northern Kentucky,1.0,0.6323529411764706,0.35714285714285715,0.9827586206896551
1797,49287,Lorenzo Jenkins,Colorado St.,0.0,0.25,0.6666666666666666,0.9285714285714286
1798,49370,James Suber,Cal St. Bakersfield,1.0,0.4915254237288136,0.25,0.0
1799,49373,Brandon Childress,Wake Forest,0.0,0.07894736842105263,0.0,0.6621621621621622
1800,49378,Shea Rush,North Carolina,0.0,0.0,0.0,0.0
1801,49379,Brandon Robinson,North Carolina,0.75,0.6,0.2222222222222222,0.8260869565217391
1802,49380,Seventh Woods,North Carolina,1.0,0.2222222222222222,0.1111111111111111,0.75
1803,49383,Marvin Clark II,St. John's,0.6,0.3888888888888889,0.42857142857142855,0.9722222222222222
1804,49388,Terry Harris,North Carolina A&T,0.0,0.4444444444444444,0.2727272727272727,0.9411764705882353
1805,49404,Alterique Gilbert,Connecticut,0.0,0.07692307692307693,0.16,0.7380952380952381
1806,49405,Matthew Moyer,Vanderbilt,1.0,0.6111111111111112,0.8,0.6666666666666666
1807,49412,Ray Featherston,Syracuse,0.0,0.0,0.0,0.0
1808,49416,Brandon Lawrence,St. John's,0.0,0.0,0.0,0.0
1809,49446,Sabastian Townes,Bryant,0.0,0.4794520547945205,0.6842105263157895,0.9655172413793104
1810,49447,Kaelen Malone,Oral Roberts,0.0,0.030303030303030304,0.041666666666666664,0.9523809523809523
1811,49448,Tanner Johnson,Bryant,0.0,0.0,0.0,1.0
1812,49449,Aaron Cook,Southern Illinois,0.0,0.14285714285714285,0.11764705882352941,0.75
1813,49450,Tyson Batiste,Central Connecticut,0.0,0.36666666666666664,0.0,0.8333333333333334
1814,49451,Kashaun Hicks,Central Connecticut,0.5,0.25,0.3076923076923077,1.0
1815,49452,Tyler Sharpe,Northern Kentucky,0.0,0.34,0.1,0.898876404494382
1816,49453,Monty Urmilevicius,Bryant,0.0,0.4,0.0,0.0
1817,49454,Arkel Lamar,UMBC,0.0,0.17073170731707318,0.20833333333333334,0.8974358974358975
1818,49455,Max Curran,UMBC,0.9,0.6666666666666666,1.0,1.0
1819,49456,Chris Williams,Central Connecticut,0.0,0.3333333333333333,0.0,0.6666666666666666
1820,49466,C.J. Duff,Western Illinois,0.0,0.09090909090909091,0.14285714285714285,0.7636363636363637
1821,49469,Patrick Good,East Tennessee St.,0.0,0.36363636363636365,0.25,0.8488372093023255
1822,49470,Isaac Johnson,Appalachian St.,0.4444444444444444,0.25,0.16666666666666666,1.0
1823,49471,Kelvin Robinson,Eastern Kentucky,0.0,0.37254901960784315,0.13043478260869565,0.8571428571428571
1824,49472,Salif Boudie,Arkansas St.,0.0,0.4827586206896552,1.0,1.0
1825,49473,Jake Scoggins,Arkansas St.,0.0,1.0,1.0,0.0
1826,49474,Jahmiah Simmons,North Texas,0.0,0.375,0.25,1.0
1827,49475,Christian Willis,Arkansas St.,0.0,0.375,0.25,0.8571428571428571
1828,49476,Cordell Pemsl,Iowa,0.0,0.0,0.5,0.0
1829,49477,Riley Till,Iowa,1.0,0.8333333333333334,0.0,0.0
1830,49479,Sagaba Konate,West Virginia,0.5,0.42857142857142855,0.42857142857142855,0.6666666666666666
1831,49480,Chase Harler,West Virginia,1.0,0.8333333333333334,0.6666666666666666,0.9736842105263158
1832,49482,Ryan Kriener,Iowa,0.8,0.56,0.7058823529411765,1.0
1833,49483,Tyler Cook,Iowa,0.6470588235294118,0.460431654676259,0.42857142857142855,0.0
1834,49484,Jordan Bohannon,Iowa,0.0,0.25,0.23076923076923078,0.7088607594936709
1835,49485,Maishe Dailey,Iowa,1.0,0.4375,0.0,0.9
1836,49511,Milos Jovic,Miami OH,0.0,0.1111111111111111,0.0,1.0
1837,49514,Donovan Gilmore,UNC Asheville,0.8571428571428571,0.6521739130434783,0.7777777777777778,1.0
1838,49524,Adonis De La Rosa,Illinois,0.0,0.45454545454545453,0.375,0.0
1839,49529,Justin Kier,George Mason,1.0,0.17142857142857143,0.22058823529411764,0.9090909090909091
1840,49540,Shane Gatling,Colorado,0.25,0.17391304347826086,0.2857142857142857,0.9322033898305084
1841,49542,Kierell Green,Niagara,0.7142857142857143,0.5555555555555556,0.8,1.0
1842,49544,Josh Ferguson,Winthrop,0.9090909090909091,0.7428571428571429,0.4166666666666667,0.98
1843,49545,Brooks DeBisschop,Northern Arizona,0.8888888888888888,0.6527777777777778,0.1,1.0
1844,49546,Mitch Peterson,Kent St.,0.0,0.5,0.3333333333333333,1.0
1845,49547,Chris Bowling,Northern Arizona,1.0,1.0,0.0,0.75
1846,49548,Matt Chastain,Illinois St.,0.6666666666666666,0.3333333333333333,0.5,1.0
1847,49558,Dikymbe Martin,UC Riverside,0.0,0.20930232558139536,0.15873015873015872,0.5409836065573771
1848,49569,Rondale Watson,Marshall,0.5454545454545454,0.3090909090909091,0.39285714285714285,0.7857142857142857
1849,49587,Nikola Colovic,Hartford,0.0,0.6666666666666666,1.0,0.0
1850,49591,Lamar Stevens,Penn St.,0.875,0.3564356435643564,0.27522935779816515,0.95
1851,49620,Frankie Ferrari,San Francisco,0.0,0.19148936170212766,0.16666666666666666,0.5138888888888888
1852,49621,Vasa Pusica,Northeastern,0.0,0.12698412698412698,0.10344827586206896,0.5932203389830508
1853,49623,Marcus Harris,Sam Houston St.,0.0,0.5806451612903226,0.08333333333333333,0.7575757575757576
1854,49641,Grant Fogerty,Arizona St.,0.0,0.0,0.0,0.0
1855,49644,Justin Cole,St. John's,0.0,0.0,0.0,0.0
1856,49654,Marcus Ottey,Illinois Chicago,0.4444444444444444,0.22950819672131148,0.19047619047619047,0.6521739130434783
1857,49670,Stevie Jordan,Rider,0.0,0.37037037037037035,0.21052631578947367,0.7948717948717948
1858,49674,Bruno Skokna,Loyola Chicago,0.0,0.125,0.3333333333333333,1.0
1859,49675,Jake Baughman,Loyola Chicago,0.0,0.0,0.0,0.0
1860,49676,James Towns,Niagara,0.0,0.09090909090909091,0.0,0.47619047619047616
1861,49680,Aziz Seck,Northern Arizona,0.5,0.8461538461538461,0.0,0.0
1862,49684,Franklin Porter,Portland,0.0,0.5555555555555556,0.125,0.9629629629629629
1863,49686,Ryan Woolridge,North Texas,0.3333333333333333,0.11235955056179775,0.1,0.5294117647058824
1864,50167,Jorden Duffy,North Texas,0.6666666666666666,0.28125,0.25,0.8709677419354839
1865,50171,Nana Akenten,Nebraska,0.5,0.42857142857142855,0.5,0.9565217391304348
1866,50172,Thomas Allen,Nebraska,0.0,0.23529411764705882,0.24,0.8529411764705882
1867,50173,Alessandro Lever,Grand Canyon,1.0,0.5147058823529411,0.48484848484848486,0.975
1868,50174,Isaiah Washington,Minnesota,0.0,0.15384615384615385,0.17391304347826086,0.7
1869,50177,Jalen Perry,UAB,1.0,0.4,0.3076923076923077,0.6949152542372882
1870,50178,Makhtar Gueye,UAB,0.6666666666666666,0.3898305084745763,0.3793103448275862,1.0
1871,50179,LaDavius Draine,Southern Miss,0.0,0.4782608695652174,0.5,0.9452054794520548
1872,50187,Kyle Young,Ohio St.,0.7857142857142857,0.746031746031746,0.6428571428571429,1.0
1873,50189,Anthony Gaines,Northwestern,0.5,0.30434782608695654,0.2,0.9230769230769231
1874,50191,Pauly Paulicap,Manhattan,1.0,0.5625,0.42857142857142855,0.0
1875,50192,Damion Rosser,New Orleans,0.7894736842105263,0.5384615384615384,0.3181818181818182,0.5
1876,50194,Andrew Platek,North Carolina,0.0,0.8,0.25,1.0
1877,50195,Jihar Williams,William & Mary,0.0,1.0,0.0,1.0
1878,50199,Harrison Prieto,Florida St.,1.0,1.0,1.0,0.0
1879,50200,Jason Strong,Northeastern,0.0,0.47368421052631576,0.5,1.0
1880,50205,Tomas Murphy,Northeastern,0.8,0.62,0.40540540540540543,1.0
1881,50206,Myles Franklin,Northeastern,0.0,0.0,0.0,0.8571428571428571
1882,50207,Kamar McKnight,Tennessee St.,1.0,0.2631578947368421,0.09090909090909091,0.8214285714285714
1883,50208,Maverick Smith,Tennessee Tech,0.0,0.0,0.0,0.0
1884,50211,Brandon McKissic,UMKC,1.0,0.275,0.0,0.9310344827586207
1885,50212,Cade Crosland,Tennessee Tech,0.0,1.0,0.0,1.0
1886,50217,Jack Perry,Eastern Washington,0.0,0.3333333333333333,0.0,0.7575757575757576
1887,50219,Ra Kpedi,Vermont,1.0,0.6875,0.0,0.0
1888,50220,Bailey Patella,Vermont,1.0,0.6666666666666666,0.0,1.0
1889,50224,Emmanuel Akot,Arizona,1.0,0.6153846153846154,0.7142857142857143,0.8333333333333334
1890,50225,Alex Barcello,Arizona,0.0,0.2727272727272727,0.5,1.0
1891,50226,Maxwell Evans,Vanderbilt,0.5,0.47058823529411764,0.0,0.9375
1892,50227,Grant Anticevich,California,0.0,0.4444444444444444,0.8333333333333334,1.0
1893,50231,Justice Sueing,California,0.36363636363636365,0.21518987341772153,0.23076923076923078,0.8
1894,50232,Walt McGrory,Wisconsin,0.0,0.0,0.0,1.0
1895,50234,Brad Davison,Wisconsin,0.0,0.32432432432432434,0.11538461538461539,0.7884615384615384
1896,50235,Kobe King,Wisconsin,0.0,0.38461538461538464,0.2857142857142857,0.9333333333333333
1897,50236,Brandon Randolph,Arizona,0.2,0.203125,0.1794871794871795,0.9230769230769231
1898,50237,Nate Reuvers,Wisconsin,0.875,0.6363636363636364,0.20689655172413793,0.90625
1899,50239,Ira Lee,Arizona,0.75,0.515625,0.4444444444444444,0.0
1900,50240,Dominik Heinzl,Cal St. Fullerton,1.0,0.5454545454545454,0.6666666666666666,0.0
1901,50242,Josh Pitts,Cal St. Fullerton,1.0,0.7142857142857143,1.0,0.0
1902,50244,Taj Benning,Fairfield,0.0,0.18518518518518517,0.2,0.9333333333333333
1903,50245,Johnny Wang,Cal St. Fullerton,0.875,0.6388888888888888,0.42857142857142855,1.0
1904,50247,Aidas Kavaliauskas,Fairfield,0.0,0.3125,0.0,0.7
1905,50248,Wassef Methnani,Fairfield,0.8571428571428571,0.6666666666666666,0.6,0.9
1906,50249,Kevin Senghore-Peterson,Fairfield,0.0,1.0,0.0,0.0
1907,50251,Jared Wilson-Frame,Pittsburgh,0.0,0.4166666666666667,0.2,0.8061224489795918
1908,50252,Khameron Davis,Pittsburgh,0.0,0.5,0.0,1.0
1909,50256,D.J. Harvey,Notre Dame,1.0,0.3333333333333333,0.30952380952380953,0.8857142857142857
1910,50258,Shamiel Stevenson,Pittsburgh,0.0,0.16666666666666666,0.0,0.0
1911,50259,Terrell Brown,Pittsburgh,0.90625,0.7254901960784313,0.7142857142857143,1.0
1912,50261,Jaylan McGill,Charlotte,0.0,0.7333333333333333,0.4,0.9230769230769231
1913,50262,Jailan Haslem,Charlotte,0.5,0.6538461538461539,0.45454545454545453,0.0
1914,50263,Trey Kalina,UNC Wilmington,0.0,0.0,0.0,0.0
1915,50265,Daniel Etoroma,UNC Wilmington,0.0,0.0,0.0,0.0
1916,50266,Jay Estime',UNC Wilmington,0.0,0.15384615384615385,0.3333333333333333,0.94
1917,50267,Gairges Daow,Northern Illinois,0.0,0.4,0.5,1.0
1918,50268,Dante Thorpe,Northern Illinois,0.0,0.16091954022988506,0.061224489795918366,0.7857142857142857
1919,50274,Jacob Wiley,Illinois Chicago,1.0,0.7619047619047619,0.3333333333333333,0.0
1920,50275,Jordan Davis,Dayton,0.25,0.3,0.5882352941176471,0.9444444444444444
1921,50276,Jalen Crutcher,Dayton,0.3333333333333333,0.13793103448275862,0.2,0.7142857142857143
1922,50277,Vance Jackson,New Mexico,0.6666666666666666,0.24489795918367346,0.14285714285714285,0.7636363636363637
1923,50279,Anderson McCoy,UAB,0.0,1.0,0.0,1.0
1924,50280,David Payne,Cleveland St.,0.0,0.0,0.0,0.0
1925,50284,Terrence Lewis,Iowa St.,1.0,0.8421052631578947,0.0,1.0
1926,50288,Milos Supica,Charlotte,0.8181818181818182,0.4782608695652174,0.26666666666666666,0.0
1927,50290,Nike Sibande,Miami OH,0.2,0.13793103448275862,0.09090909090909091,0.4305555555555556
1928,50296,Donovan Sims,Middle Tennessee,0.0,0.2,0.10344827586206896,0.7
1929,50298,Matt Beachler,Central Michigan,0.0,0.45454545454545453,0.0,0.92
1930,50299,Malik Ellison,Eastern Michigan,0.0,0.0,0.0,0.4
1931,50300,Kevin McAdoo,Eastern Michigan,0.0,0.11428571428571428,0.0,0.6176470588235294
1932,50302,Deishuan Booker,Long Beach St.,0.0,0.1232876712328767,0.047619047619047616,0.2926829268292683
1933,50303,Jalen Gibbs,Mount St. Mary's,0.5,0.4189189189189189,0.1111111111111111,0.8292682926829268
1934,50307,Jack Tempchin,George Mason,0.0,1.0,0.0,0.0
1935,50314,Eric Williams Jr.,Duquesne,0.5882352941176471,0.44,0.45,0.9107142857142857
1936,50316,Goanar Mar,George Mason,0.0,0.2857142857142857,0.3333333333333333,1.0
1937,50318,Bryan Knapp,Cornell,0.0,0.75,0.0,1.0
1938,50319,Terrance McBride,Cornell,0.0,0.4090909090909091,0.07692307692307693,1.0
1939,50320,Riley Voss,Cornell,0.0,0.375,0.0,1.0
1940,50321,Jake Kuhn,Cornell,0.0,0.8823529411764706,0.0,1.0
1941,50322,Steven Julian,Cornell,0.8571428571428571,0.5945945945945946,0.6,1.0
1942,50323,Adrease Jackson,Dartmouth,1.0,0.6086956521739131,0.3333333333333333,1.0
1943,50324,Chris Knight,Dartmouth,0.625,0.5241935483870968,0.4230769230769231,1.0
1944,50325,Isaac Letoa,Dartmouth,0.0,0.0,0.0,0.0
1945,50326,Aaryn Rai,Dartmouth,1.0,0.32432432432432434,0.2,0.9090909090909091
1946,50327,Rio Haskett,Harvard,0.0,0.0,0.0,0.7368421052631579
1947,50334,Scott Blakney,Idaho,1.0,0.5909090909090909,0.6111111111111112,0.0
1948,50339,Timmy Falls,Montana,0.0,0.2222222222222222,0.0,0.8695652173913043
1949,50343,Isaiah Livers,Michigan,1.0,0.6333333333333333,0.5333333333333333,0.9423076923076923
1950,50344,Eli Brooks,Michigan,0.0,0.2,0.125,1.0
1951,50346,Jordan Poole,Michigan,0.7142857142857143,0.4603174603174603,0.08695652173913043,0.68
1952,50347,D.J. Jackson,SIU Edwardsville,0.0,0.5,1.0,1.0
1953,50350,David McFarland,SIU Edwardsville,0.5454545454545454,0.3698630136986301,0.11764705882352941,0.6078431372549019
1954,50351,Darius McNeill,California,0.3333333333333333,0.14634146341463414,0.3333333333333333,0.7575757575757576
1955,50352,Juhwan Harris-Dyson,California,0.2857142857142857,0.2777777777777778,0.0,0.0
1956,50353,Isaiah Gable,Southeast Missouri St.,1.0,0.8461538461538461,0.7142857142857143,0.9795918367346939
1957,50354,Mark Laros,Southeast Missouri St.,1.0,0.7631578947368421,0.42857142857142855,1.0
1958,50355,Jahvon Blair,Georgetown,0.0,0.6666666666666666,0.16666666666666666,0.7878787878787878
1959,50357,Logan Ryan,Colorado St.,1.0,0.75,0.5,0.0
1960,50358,Jose Alvarado,Georgia Tech,0.0,0.36363636363636365,0.18181818181818182,0.7954545454545454
1961,50363,Bryan Trimble Jr.,St. John's,0.0,1.0,1.0,0.9583333333333334
1962,50366,Jamaree Bouyea,San Francisco,0.3,0.2553191489361702,0.0,0.8823529411764706
1963,50367,Samson George,Pittsburgh,0.0,0.3333333333333333,0.0,0.0
1964,50368,Peace Ilegomah,Pittsburgh,0.0,1.0,0.0,0.0
1965,50369,Marco Anthony,Virginia,0.0,0.0,0.0,1.0
1966,50371,Austin Katstra,Virginia,1.0,1.0,1.0,1.0
1967,50373,Chaundee Brown,Wake Forest,0.6666666666666666,0.4782608695652174,0.225,1.0
1968,50374,Olivier Sarr,Wake Forest,0.75,0.38461538461538464,0.75,0.75
1969,50375,Sunday Okeke,Wake Forest,0.0,0.16666666666666666,0.0,0.0
1970,50376,Lindell Wigginton,Iowa St.,0.0,0.4473684210526316,0.2857142857142857,0.8043478260869565
1971,50377,RJ Nembhard,TCU,0.7142857142857143,0.5416666666666666,0.2,0.9130434782608695
1972,50381,Anastasios Demogerontas,Northern Illinois,0.0,0.0,0.0,1.0
1973,50382,Rod Henry-Hayes,Northern Illinois,1.0,0.25,0.3,0.9629629629629629
1974,50387,Austin Williams,Marist,0.6,0.2708333333333333,0.0,1.0
1975,50390,Jordan Hardwick,Coppin St.,0.0,0.0,0.0,0.0
1976,50391,Edon Maxhuni,Long Beach St.,0.0,0.1,0.21052631578947367,0.8048780487804879
1977,50393,Jalen Seegars,UNC Asheville,0.0,0.25,0.25,1.0
1978,50394,Lamar Morgan,Coppin St.,0.0,0.3548387096774194,0.14285714285714285,0.8902439024390244
1979,50396,Alex O'Connell,Duke,0.25,0.35714285714285715,0.18181818181818182,1.0
1980,50399,Jalen Ray,Hofstra,0.0,0.26666666666666666,0.1875,0.92
1981,50400,Evan Gilyard,UTEP,0.0,0.0,0.10714285714285714,0.6170212765957447
1982,50402,John Jones,Texas Southern,0.0,0.4,0.21739130434782608,0.8245614035087719
1983,50406,Gene Davis,Alabama St.,0.0,0.0,0.0,0.75
1984,50407,Keleaf Tate,Niagara,0.0,0.2222222222222222,0.28,0.8333333333333334
1985,50409,Jayvon Graves,Buffalo,0.6666666666666666,0.5079365079365079,0.2,0.8214285714285714
1986,50410,Jeremy Harris,Buffalo,0.5,0.3548387096774194,0.18421052631578946,0.7758620689655172
1987,50412,Daeqwon Plowden,Bowling Green,0.5625,0.36,0.42857142857142855,0.9047619047619048
1988,50414,Blake Huggins,Ball St.,0.0,0.6666666666666666,0.0,0.0
1989,50417,Ifeanyi Umezurike,Florida A&M,1.0,0.88,0.42857142857142855,0.0
1990,50420,Sam Dowd,Idaho St.,0.0,0.2222222222222222,0.0,1.0
1991,50422,Fatts Russell,Rhode Island,0.0,0.18181818181818182,0.15625,0.475
1992,50423,Javier Langarica,George Washington,1.0,0.5,0.8333333333333334,1.0
1993,50425,Maceo Jack,George Washington,0.2857142857142857,0.36,0.2,0.921875
1994,50426,Terry Nolan Jr.,George Washington,0.3333333333333333,0.2413793103448276,0.16666666666666666,0.6470588235294118
1995,50427,Justin Mazzulla,George Washington,0.4,0.18571428571428572,0.17391304347826086,0.9523809523809523
1996,50428,Greg Calixte,George Mason,0.6,0.72,0.5,0.0
1997,50430,Tshiefu Ngalakulondi,St. Bonaventure,0.8,0.5625,0.3333333333333333,0.7
1998,50431,Ryan Preston,Rhode Island,0.8,0.6111111111111112,1.0,0.0
1999,50433,Matt Weyand,Arizona,0.0,0.0,0.0,0.0
2000,50434,Elyjah Williams,Fairleigh Dickinson,0.47058823529411764,0.43023255813953487,0.0,0.6
2001,50436,K.J. Riley,Evansville,0.0,0.21428571428571427,0.045454545454545456,1.0
2002,50438,Tyler Plummer,Wagner,0.0,0.0,0.0,0.0
2003,50441,Mike Parks Jr.,Memphis,1.0,0.7534246575342466,0.8461538461538461,1.0
2004,50442,Sean Price,Charleston Southern,0.0,0.1,0.0,1.0
2005,50444,Rickey Holden,Cal St. Bakersfield,0.0,0.12903225806451613,0.08108108108108109,0.631578947368421
2006,50445,Jimmy Boeheim,Cornell,0.0,0.4084507042253521,0.19047619047619047,0.9487179487179487
2007,50447,Tai Bibbs,Columbia,0.5,0.45454545454545453,0.5,0.9166666666666666
2008,50450,Gabe Stefanini,Columbia,0.0,0.15555555555555556,0.12727272727272726,0.8235294117647058
2009,50451,Randy Brumant,Columbia,0.9285714285714286,0.6341463414634146,0.45454545454545453,0.9
2010,50452,Matt DeWolf,Brown,0.0,0.6153846153846154,0.0,0.0
2011,50453,Tamenang Choh,Brown,0.6666666666666666,0.25,0.2692307692307692,0.8333333333333334
2012,50454,Desmond Cambridge,Brown,0.8181818181818182,0.6153846153846154,0.4406779661016949,0.7941176470588235
2013,50456,Lassi Nikkarinen,Montana St.,0.0,0.25,0.3333333333333333,1.0
2014,50457,Carlos Hines,Northern Arizona,0.3333333333333333,0.22448979591836735,0.06666666666666667,0.2549019607843137
2015,50458,Montell McRae,Buffalo,0.8461538461538461,0.6590909090909091,1.0,0.9629629629629629
2016,50459,Kaleb Wesson,Ohio St.,1.0,0.6836734693877551,0.40625,1.0
2017,50463,Jalen Sanders,Northern Colorado,0.0,0.5217391304347826,0.5,1.0
2018,50465,John Harrar,Penn St.,0.5454545454545454,0.5,1.0,0.0
2019,50466,Jamari Wheeler,Penn St.,0.0,0.21212121212121213,0.0,0.8333333333333334
2020,50470,Garrison Brooks,North Carolina,0.967741935483871,0.7444444444444445,0.5769230769230769,0.0
2021,50472,Sterling Manley,North Carolina,0.6666666666666666,0.6666666666666666,0.875,0.0
2022,50473,Walker Miller,North Carolina,1.0,0.8,1.0,0.0
2023,50474,Wabissa Bede,Virginia Tech,0.0,0.2777777777777778,0.1,0.9130434782608695
2024,50475,Brandon Huffman,North Carolina,0.75,0.5454545454545454,1.0,0.0
2025,50476,P.J. Horne,Virginia Tech,0.7142857142857143,0.59375,0.7777777777777778,1.0
2026,50477,Nickeil Alexander-Walker,Virginia Tech,0.25,0.17582417582417584,0.12195121951219512,0.896551724137931
2027,50479,Corey Tillery,Tennessee Tech,0.0,0.4,0.0,0.8679245283018868
2028,50480,Geno West,Idaho,0.0,0.07692307692307693,0.3333333333333333,0.85
2029,50482,Darnell Dunn,Pepperdine,0.0,0.40816326530612246,0.4117647058823529,0.9714285714285714
2030,50483,Trae Berhow,Northern Iowa,0.6666666666666666,0.4090909090909091,0.42857142857142855,0.9574468085106383
2031,50484,Saben Lee,Vanderbilt,0.3157894736842105,0.1797752808988764,0.0,0.4
2032,50486,James Batemon,Loyola Marymount,0.5,0.2727272727272727,0.16666666666666666,0.6585365853658537
2033,50487,Cameron Allen,Loyola Marymount,0.0,0.0,0.0,1.0
2034,50488,Zafir Williams,Loyola Marymount,0.0,0.7307692307692307,0.5,0.9
2035,50489,Jade Smith,Pepperdine,0.0,0.3880597014925373,0.09523809523809523,0.88
2036,50491,Joe Quintana,Loyola Marymount,0.0,0.3888888888888889,0.1,0.9069767441860465
2037,50492,Patrick Geha,Oklahoma,0.0,0.3333333333333333,0.0,0.0
2038,50494,Levi Stockard III,Kansas St.,0.0,0.5,0.7777777777777778,0.0
2039,50495,Mike McGuirl,Kansas St.,1.0,0.47368421052631576,0.2857142857142857,0.8888888888888888
2040,50497,Chris Teahan,Kansas,0.0,0.0,0.0,1.0
2041,50498,Marcus Garrett,Kansas,0.5,0.2545454545454545,0.0,0.9166666666666666
2042,50500,Simon Wright,Elon,0.0,0.8,0.25,0.8571428571428571
2043,50501,Duje Radja,Elon,0.0,0.0,0.0,0.0
2044,50505,Jacob Rigoni,Quinnipiac,0.0,0.3333333333333333,0.25,0.9242424242424242
2045,50507,Rich Kelly,Quinnipiac,0.0,0.17647058823529413,0.1111111111111111,0.746031746031746
2046,50509,TJ Parham,Green Bay,0.0,0.0,0.0,1.0
2047,50511,Jamorko Pickett,Georgetown,0.6,0.4,0.3333333333333333,0.9444444444444444
2048,50512,Quade Green,Kentucky,0.0,0.0,0.4,0.7272727272727273
2049,50514,Mastadi Pitt,Norfolk St.,1.0,0.16279069767441862,0.037037037037037035,0.7
2050,50516,Luke Wilson,Michigan,0.0,0.0,0.0,0.0
2051,50518,Jaden Sayles,Akron,1.0,0.7692307692307693,1.0,0.0
2052,50519,Dinero Mercurius,Florida Gulf Coast,0.0,0.26666666666666666,0.0,0.9230769230769231
2053,50520,Davide Moretti,Texas Tech,0.0,0.42857142857142855,0.15151515151515152,0.821917808219178
2054,50521,Stef Smith,Vermont,0.0,0.16071428571428573,0.05263157894736842,0.7666666666666667
2055,50522,Bryce Moragne,Florida A&M,1.0,0.2727272727272727,0.5652173913043478,1.0
2056,50526,Javon Levi,UT Rio Grande Valley,0.0,0.21333333333333335,0.0625,0.7
2057,50530,Josip Vrankic,Santa Clara,0.75,0.5862068965517241,0.625,1.0
2058,50534,Shaquille Walters,Northeastern,1.0,0.5,0.0,0.0
2059,50537,Simeon Lepichev,Florida Atlantic,0.0,0.6153846153846154,0.8333333333333334,1.0
2060,50538,Makol Mawien,Kansas St.,0.8235294117647058,0.5666666666666667,0.5526315789473685,0.5
2061,50540,Jalen King,Eastern Michigan,0.0,0.6666666666666666,0.0,0.0
2062,50541,Ken Odiase,Chicago St.,0.5,0.5,0.5,0.0
2063,50543,Justin McCall,Cal St. Bakersfield,0.8333333333333334,0.46153846153846156,0.16666666666666666,1.0
2064,50546,Anthony Harris,Chicago St.,0.5714285714285714,0.5517241379310345,0.3181818181818182,0.9642857142857143
2065,50550,Christian David,Butler,0.5,0.42857142857142855,0.0,0.8333333333333334
2066,50551,Jerald Gillens-Butler,Butler,0.0,0.3333333333333333,0.0,1.0
2067,50552,Cooper Neese,Indiana St.,0.0,0.18181818181818182,0.15789473684210525,0.7586206896551724
2068,50553,Aaron Thompson,Butler,0.0,0.265625,0.25,1.0
2069,50554,Jamie Orme,Portland St.,0.4,0.3333333333333333,0.35714285714285715,1.0
2070,50555,Kevin Hicks,Sacramento St.,0.0,0.0,0.0,1.0
2071,50557,Sandro Mamukelashvili,Seton Hall,0.5714285714285714,0.5757575757575758,0.3076923076923077,1.0
2072,50558,Deante Strickland,Portland St.,0.0,0.058823529411764705,0.18181818181818182,0.8372093023255814
2073,50559,Derek Brown,Portland St.,0.5,0.25,0.17647058823529413,1.0
2074,50560,Holland Woods,Portland St.,0.0,0.18333333333333332,0.09090909090909091,0.5151515151515151
2075,50561,Vonte Carter,Portland St.,0.0,0.0,0.0,0.0
2076,50562,Matej Drgon,Northern Colorado,0.5,0.5714285714285714,0.375,0.9545454545454546
2077,50563,Johnatan Reyes,Northern Colorado,0.0,0.0,0.0,0.0
2078,50566,M.J. Walker,Florida St.,0.5,0.2,0.125,0.75
2079,50567,Wyatt Wilkes,Florida St.,0.0,0.0,0.0,0.75
2080,50568,Richard Feagin Jr.,Morehead St.,0.0,0.0,0.0,0.0
2081,50569,Malek Green,Morehead St.,1.0,0.7321428571428571,0.5161290322580645,1.0
2082,50572,Anthony Polite,Florida St.,0.0,0.0,0.3333333333333333,1.0
2083,50573,Justin Lindner,Florida St.,0.0,0.0,0.0,0.0
2084,50574,Avery Wilson,Boston College,0.0,0.0,0.0,0.0
2085,50575,Vin Baker Jr.,Boston College,1.0,0.6666666666666666,0.0,1.0
2086,50576,Luka Kraljevic,Boston College,1.0,0.5,0.0,0.0
2087,50577,Steffon Mitchell,Boston College,0.3333333333333333,0.38461538461538464,0.0,0.0
2088,50579,Nathan Payne,Charleston Southern,0.0,0.0,1.0,0.0
2089,50580,Deontaye Buskey,Charleston Southern,0.5,0.14285714285714285,0.15384615384615385,0.84
2090,50581,Ty Jones,Charleston Southern,0.0,0.6111111111111112,0.5555555555555556,1.0
2091,50582,Brooks Cluxton,Campbell,0.0,0.8,0.6,0.0
2092,50583,Travis McConico,Charleston Southern,0.6666666666666666,0.4482758620689655,0.22727272727272727,0.9696969696969697
2093,50584,Ja'Cor Nelson,Campbell,0.7142857142857143,0.3018867924528302,0.16666666666666666,0.6666666666666666
2094,50585,Jordan Whitfield,Campbell,0.0,0.16666666666666666,0.2857142857142857,0.9523809523809523
2095,50586,Phlandrous Fleming Jr.,Charleston Southern,0.7142857142857143,0.2777777777777778,0.18181818181818182,0.8181818181818182
2096,50587,Jaheam Cornwall,Gardner Webb,0.0,0.04,0.09090909090909091,0.896551724137931
2097,50588,Dajour Dickens,Old Dominion,0.9375,0.6666666666666666,0.7333333333333333,0.0
2098,50589,Paul Scruggs,Xavier,0.3333333333333333,0.24050632911392406,0.20833333333333334,0.8627450980392157
2099,50592,Jacob Epperson,Creighton,0.6666666666666666,0.8571428571428571,0.6666666666666666,1.0
2100,50593,Theo John,Marquette,0.8,0.7735849056603774,0.6875,0.0
2101,50594,Makai Ashton-Langford,Providence,1.0,0.4117647058823529,0.2727272727272727,0.875
2102,50595,Andrew Fonts,Providence,0.0,0.0,0.0,0.0
2103,50596,Jamal Cain,Marquette,0.5,0.3333333333333333,0.5,1.0
2104,50597,Nate Watson,Providence,0.8529411764705882,0.6415094339622641,0.47619047619047616,0.0
2105,50603,Dayton Gumm,Austin Peay,0.375,0.25,0.2,0.9333333333333333
2106,50604,Richard Henderson,Austin Peay,0.0,0.3333333333333333,0.6666666666666666,0.0
2107,50605,Jordan Nwora,Louisville,0.5862068965517241,0.39759036144578314,0.2631578947368421,0.8961038961038961
2108,50607,Jacob Redding,Louisville,0.0,0.0,0.0,1.0
2109,50609,Marek Dolezaj,Syracuse,0.75,0.5666666666666667,0.8181818181818182,1.0
2110,50611,Howard Washington,Syracuse,0.0,0.0,0.0,0.0
2111,50612,Oshae Brissett,Syracuse,0.5,0.3409090909090909,0.20689655172413793,0.9
2112,50613,Campbell Donovan,Butler,0.0,0.0,0.0,1.0
2113,50614,Bourama Sidibe,Syracuse,1.0,0.6875,0.3333333333333333,0.0
2114,50616,Javante McCoy,Boston University,1.0,0.18181818181818182,0.15789473684210525,0.7924528301886793
2115,50617,Sukhmail Mathon,Boston University,1.0,0.5833333333333334,0.5,1.0
2116,50621,Marvin Bragg,American,0.0,0.6428571428571429,0.25,1.0
2117,50623,Paul Newman,Bucknell,0.0,0.6216216216216216,0.6666666666666666,0.0
2118,50624,Jimmy Sotos,Bucknell,0.0,0.15384615384615385,0.15384615384615385,0.6
2119,50627,Brandon Better,Southern Utah,0.0,0.09523809523809523,0.047619047619047616,0.7727272727272727
2120,50631,Connor McCaffery,Iowa,0.0,0.1,0.1111111111111111,0.8333333333333334
2121,50632,Sam Martin,Cincinnati,0.0,0.0,0.0,0.0
2122,50634,Carson Warren-Newsome,Milwaukee,1.0,0.15789473684210525,0.0,0.2
2123,50638,Kenny Wooten,Oregon,0.7916666666666666,0.7397260273972602,0.7692307692307693,0.0
2124,50639,Jase Febres,Texas,0.0,0.35714285714285715,0.2727272727272727,0.9662921348314607
2125,50642,Marquis Godwin,Old Dominion,0.0,0.5,0.4,1.0
2126,50644,Zach Flener,Lipscomb,0.0,0.0,0.0,0.0
2127,50645,Diandre Wilson,NJIT,0.0,0.14545454545454545,0.16666666666666666,0.5882352941176471
2128,50646,Zach Jacobs,James Madison,0.0,0.56,0.7142857142857143,1.0
2129,50647,Shawndale Jones,NJIT,0.0,0.5925925925925926,0.0,1.0
2130,50648,Zach Cooks,NJIT,0.0,0.19230769230769232,0.08571428571428572,0.7464788732394366
2131,50655,Isaiah Banks,FIU,0.7222222222222222,0.5217391304347826,1.0,1.0
2132,50656,Willy Nunez Jr.,FIU,0.0,0.45454545454545453,0.0,0.8888888888888888
2133,50657,Amorie Archibald,Louisiana Tech,0.3333333333333333,0.34285714285714286,0.03571428571428571,0.8
2134,50658,Elhadji Dieng,FIU,0.0,0.36363636363636365,0.0,0.0
2135,50660,Exavian Christon,Louisiana Tech,1.0,0.5714285714285714,0.0,0.875
2136,50661,Rayshawn Neal,South Carolina St.,0.0,0.13333333333333333,0.07142857142857142,1.0
2137,50663,Trent Frazier,Illinois,0.0,0.24390243902439024,0.2962962962962963,0.575
2138,50666,Ricky Nelson,Weber St.,0.0,0.16666666666666666,0.16666666666666666,1.0
2139,50668,Calvin Martin,Sacramento St.,1.0,0.6,0.6666666666666666,0.0
2140,50671,Michal Kozak,Weber St.,1.0,0.5526315789473685,0.625,1.0
2141,50674,Jordan Tolbert,Sacramento St.,0.0,0.3333333333333333,0.0,0.9090909090909091
2142,50677,Anthony Smith,Murray St.,1.0,0.5,0.5,0.0
2143,50678,Ja Morant,Murray St.,0.6071428571428571,0.26875,0.058823529411764705,0.375
2144,50679,Cedrick Alley Jr.,Houston,0.6666666666666666,0.6666666666666666,0.3,0.967741935483871
2145,50681,Corey Davis Jr.,Houston,0.0,0.21875,0.2033898305084746,0.7387387387387387
2146,50682,Ethan Chargois,SMU,0.8333333333333334,0.5454545454545454,0.18181818181818182,0.9555555555555556
2147,50683,William Douglas,SMU,0.0,1.0,0.0,1.0
2148,50685,Fabian White Jr.,Houston,0.7,0.6060606060606061,0.6739130434782609,0.0
2149,50686,Elijah Cuffee,Liberty,1.0,0.5,0.2727272727272727,0.9591836734693877
2150,50688,Keegan McDowell,Liberty,0.0,0.625,0.2,0.9
2151,50692,Denny Slay,High Point,0.0,0.3333333333333333,0.2,0.5
2152,50693,Kamil Chapman,Longwood,0.0,0.0,0.0,1.0
2153,50697,Sarju Patel,VMI,0.0,0.41935483870967744,0.22727272727272727,1.0
2154,50699,Victor Enoh,Memphis,0.0,0.0,0.0,0.0
2155,50700,Shunn Buchanan,New Mexico St.,0.0,0.2,0.0,0.75
2156,50702,Steve Dulley,UMKC,0.0,0.0,0.0,0.0
2157,50704,Naji Marshall,Xavier,0.25,0.29508196721311475,0.19298245614035087,0.7083333333333334
2158,50705,Elias Harden,Xavier,0.0,1.0,0.0,0.7222222222222222
2159,50706,Kyvon Davenport,Memphis,0.8333333333333334,0.5934959349593496,0.6363636363636364,0.9459459459459459
2160,50708,Raynere Thornton,Memphis,0.7,0.5441176470588235,0.6,0.8823529411764706
2161,50711,Kareem Brewton Jr.,Memphis,1.0,0.27586206896551724,0.25,0.875
2162,50713,Pat Welch,USC Upstate,1.0,0.3333333333333333,0.0,0.8205128205128205
2163,50718,Daniel Akin,UMBC,1.0,0.5714285714285714,0.0,0.0
2164,50719,Brandon Horvath,UMBC,0.875,0.6590909090909091,0.5,1.0
2165,50721,Samajae Haynes-Jones,Wichita St.,0.0,0.1206896551724138,0.09523809523809523,0.625
2166,50722,Brycen Bush,Wichita St.,0.0,0.0,0.0,0.0
2167,50723,Asbjorn Midtgaard,Wichita St.,0.8666666666666667,0.725,0.9333333333333333,0.0
2168,50725,Evan Jester,Georgia Tech,0.0,0.0,0.0,0.0
2169,50727,Malachi Rice,Georgia Tech,0.0,0.0,0.0,0.0
2170,50729,Jacob Gilyard,Richmond,0.0,0.36,0.17647058823529413,0.8676470588235294
2171,50733,Stacy Beckton Jr.,American,0.6,0.3559322033898305,0.18181818181818182,0.9705882352941176
2172,50734,Jailen Gill,Tennessee Martin,0.8235294117647058,0.5901639344262295,0.875,0.0
2173,50737,Parrish Hewitt,Tennessee Martin,1.0,0.2727272727272727,0.0,1.0
2174,50739,Cheikh Diallo,American,0.0,0.7,1.0,0.0
2175,50741,Abayomi Iyiola,Stetson,0.9090909090909091,0.6582278481012658,0.7142857142857143,1.0
2176,50742,Dennis Jones,Prairie View A&M,0.0,0.26229508196721313,0.125,0.8333333333333334
2177,50743,Matt Weir,Purdue Fort Wayne,0.0,0.3333333333333333,0.0,0.8529411764705882
2178,50747,Donoven Carlisle,Denver,0.6666666666666666,0.4,0.5,0.9285714285714286
2179,50748,Ahmad Clark,Albany,0.0,0.0847457627118644,0.16666666666666666,0.5555555555555556
2180,50749,Taylor Funk,Saint Joseph's,1.0,0.6285714285714286,0.5,0.9615384615384616
2181,50752,Albert Odero,Binghamton,1.0,0.3333333333333333,0.0,1.0
2182,50753,Bryson Lockley,Kennesaw St.,0.5,0.4594594594594595,0.6875,0.0
2183,50754,Rocky Kreuser,North Dakota St.,0.7333333333333333,0.5526315789473685,0.36363636363636365,0.975609756097561
2184,50758,Alex Martin,Gonzaga,0.0,0.0,0.0,0.0
2185,50761,Maurice Dunlap,Jacksonville St.,0.0,0.0,0.0,0.75
2186,50762,Usman Haruna,Montana St.,0.0,1.0,0.75,0.0
2187,50763,Noah Frederking,Evansville,0.0,0.35294117647058826,0.0,0.9166666666666666
2188,50764,Breamon Richard,Long Beach St.,0.0,0.0,0.0,0.5
2189,50765,Jahlil Tripp,Pacific,0.0,0.17391304347826086,0.0,0.5882352941176471
2190,50766,Lafayette Dorsey,Pacific,0.0,0.125,0.3103448275862069,0.7941176470588235
2191,50768,Hunter Maldonado,Wyoming,0.0,0.3333333333333333,0.14285714285714285,0.8181818181818182
2192,50770,Rylan Bergersen,BYU,0.5,0.625,0.0,0.875
2193,50771,Crew Ainge,Utah St.,0.0,0.5,0.0,1.0
2194,50773,Brock Miller,Utah St.,0.0,0.5,0.5,0.8970588235294118
2195,50774,Dwayne Brown Jr.,Utah St.,0.8571428571428571,0.4262295081967213,0.2857142857142857,1.0
2196,50777,T.J. Gray,Mississippi St.,0.0,0.0,0.0,0.0
2197,50778,Anthony Adger,Florida Atlantic,0.0,0.13333333333333333,0.06896551724137931,0.7469879518072289
2198,50779,Dwight Wilson,James Madison,1.0,0.5,0.5806451612903226,0.0
2199,50780,Mark Flagg,Saint Francis,0.75,0.4782608695652174,1.0,0.5
2200,50781,Chase Freeman,Wagner,0.0,0.09090909090909091,0.3333333333333333,0.8095238095238095
2201,50782,Noah Horchler,North Florida,0.9130434782608695,0.7184466019417476,0.4838709677419355,0.9523809523809523
2202,50783,Chauncey Hawkins,St. Francis NY,0.0,0.14285714285714285,0.16666666666666666,0.6129032258064516
2203,50784,Yaradyah Evans,St. Francis NY,0.8181818181818182,0.6785714285714286,0.25,0.8666666666666667
2204,50785,Jalen Jordan,St. Francis NY,0.0,0.22580645161290322,0.25,0.6463414634146342
2205,50788,Dan Henry,Saint Francis,0.0,0.0,0.0,0.0
2206,50794,Nate Pierre-Louis,Temple,0.5,0.3333333333333333,0.3157894736842105,0.9230769230769231
2207,50795,Justyn Hamilton,Temple,0.9285714285714286,0.84375,0.7058823529411765,1.0
2208,50796,De'Vondre Perry,Temple,0.5,0.35,0.5,0.9
2209,50797,Caleb Daniels,Tulane,0.6666666666666666,0.3333333333333333,0.34615384615384615,0.6808510638297872
2210,50798,David Collins,South Florida,0.5555555555555556,0.30097087378640774,0.11764705882352941,0.9361702127659575
2211,50799,Justin Brown,South Florida,0.0,0.5714285714285714,0.5294117647058824,0.9538461538461539
2212,50801,J.P. Moorman II,Temple,0.5,0.5416666666666666,0.3333333333333333,0.9411764705882353
2213,50802,Bul Ajang,Tulane,0.0,0.0,0.75,1.0
2214,50803,Buay Koka,Tulane,1.0,0.7777777777777778,0.7142857142857143,0.0
2215,50804,Cameron Benford,Purdue Fort Wayne,1.0,0.8,0.0,0.0
2216,50808,Chris Quayle,North Dakota St.,0.0,0.2,0.2,0.7777777777777778
2217,50812,Jordan McKenzie,Stony Brook,0.0,0.2222222222222222,0.2222222222222222,0.0
2218,50813,Wyatt Yess,Yale,1.0,1.0,0.0,0.0
2219,50815,Ebube Ebube,Manhattan,0.0,0.47619047619047616,0.4166666666666667,1.0
2220,50816,Scott Hitchon,Canisius,1.0,0.6545454545454545,0.5,1.0
2221,50817,Jaylen Butz,DePaul,0.6666666666666666,0.5697674418604651,0.6666666666666666,0.0
2222,50818,Paul Reed,DePaul,0.75,0.5384615384615384,0.5161290322580645,0.8666666666666667
2223,50823,Nathan Cayo,Richmond,0.9,0.6228070175438597,0.2127659574468085,1.0
2224,50825,Braxton Beverly,N.C. State,0.0,0.045454545454545456,0.2222222222222222,0.868421052631579
2225,50826,Alex Petrie,Lafayette,0.0,0.18181818181818182,0.017543859649122806,0.6666666666666666
2226,50827,E.J. Stephens,Lafayette,1.0,0.6923076923076923,0.19047619047619047,0.8260869565217391
2227,50828,Caleb Bennett,Lehigh,0.6666666666666666,0.3,0.2857142857142857,0.8
2228,50829,Ed Porter,Lehigh,0.0,0.6666666666666666,1.0,0.0
2229,50830,James Karnik,Lehigh,1.0,0.7373737373737373,0.35714285714285715,0.0
2230,50831,Marques Wilson,Lehigh,0.0,0.5,0.5,1.0
2231,50832,Shane Acoveno,Lehigh,0.0,0.3333333333333333,0.0,0.0
2232,50833,Isaiah Hart,Loyola MD,0.0,0.18,0.15555555555555556,0.7894736842105263
2233,50834,Brent Holcombe,Loyola MD,0.5384615384615384,0.34285714285714286,0.25,1.0
2234,50835,Luke Johnson,Loyola MD,0.0,1.0,0.0,0.0
2235,50836,Devin Gilmore,Murray St.,0.8461538461538461,0.6551724137931034,0.0,0.0
2236,50838,Jacoby Ross,Alabama St.,0.0,0.08695652173913043,0.23333333333333334,0.42857142857142855
2237,50851,Felipe Haase,South Carolina,0.0,0.625,0.55,1.0
2238,50852,Andrew Petcash,Boston University,0.0,0.3333333333333333,0.2222222222222222,0.9285714285714286
2239,50855,David Beatty,La Salle,0.75,0.42857142857142855,0.26666666666666666,0.9090909090909091
2240,50856,Hugh Baxter,Colgate,0.0,0.0,0.5,0.0
2241,50858,K.J. Davis,East Carolina,0.0,0.07142857142857142,0.25,0.9772727272727273
2242,50860,Hasahn French,Saint Louis,0.8333333333333334,0.5740740740740741,0.625,0.0
2243,50861,Matija Radovic,Hofstra,0.0,0.0,0.0,1.0
2244,50869,Mitch Ballock,Creighton,1.0,0.36,0.1,0.8297872340425532
2245,50870,Marcus Shaver Jr.,Portland,0.0,0.20967741935483872,0.13043478260869565,0.5531914893617021
2246,50871,JoJo Walker,Portland,0.0,0.14634146341463414,0.125,0.7647058823529411
2247,50873,Ty-Shon Alexander,Creighton,0.0,0.3829787234042553,0.0967741935483871,0.8064516129032258
2248,50875,Tahirou Diabate,Portland,1.0,0.7169811320754716,0.35294117647058826,0.0
2249,50878,Sam Iorio,American,0.5,0.6,0.42105263157894735,0.8064516129032258
2250,50879,James Baker,Morehead St.,0.8888888888888888,0.7222222222222222,0.47368421052631576,0.9696969696969697
2251,50880,De'Von Cooper,Morehead St.,0.6666666666666666,0.30303030303030304,0.4166666666666667,0.9333333333333333
2252,50885,Caleb Hollander,Belmont,0.0,0.5,0.14285714285714285,0.896551724137931
2253,50886,Grayson Murphy,Belmont,0.0,0.32142857142857145,0.13333333333333333,0.8148148148148148
2254,50888,Nigel Jackson,Wagner,0.0,0.5333333333333333,0.34782608695652173,0.9375
2255,50890,Cameron Carmical,Eastern Kentucky,0.0,0.0,0.0,1.0
2256,50892,Peyton Broughton,Eastern Kentucky,0.0,0.35714285714285715,0.5,0.8888888888888888
2257,50893,JacQuess Hobbs,Eastern Kentucky,0.0,0.2857142857142857,0.1,1.0
2258,50894,Greg Jones,Lipscomb,0.0,0.0,0.0,1.0
2259,50898,Kavion Pippen,Southern Illinois,0.9354838709677419,0.7171717171717171,0.4634146341463415,1.0
2260,50899,Marten Linssen,UNC Wilmington,0.0,0.0,0.0,0.0
2261,50901,Mileek McMillan,Valparaiso,1.0,0.5555555555555556,1.0,1.0
2262,50902,Brian Thomas,Florida Gulf Coast,1.0,0.6097560975609756,0.75,0.0
2263,50904,Taavi Jurkatamm,San Francisco,0.6666666666666666,0.7142857142857143,0.0,0.0
2264,50905,Tragen Fahl,VMI,0.0,0.0,0.5,0.0
2265,50906,Clyde Trapp,Clemson,0.75,0.4074074074074074,0.0625,0.8846153846153846
2266,50907,Darien Jackson,Tulsa,1.0,0.325,0.0,0.0
2267,50908,Elijah Joiner,Tulsa,0.0,0.2631578947368421,0.0,0.7391304347826086
2268,50909,Shakwon Barrett,Tulane,1.0,0.2222222222222222,0.1,0.7142857142857143
2269,50913,Jordan Tucker,Butler,0.0,0.07692307692307693,0.1111111111111111,0.9
2270,50917,Sam Kearns,Oral Roberts,0.0,0.10714285714285714,0.0,0.8461538461538461
2271,50918,Stanley Umude,South Dakota,0.8333333333333334,0.4782608695652174,0.40350877192982454,0.84
2272,50924,Jordan Schakel,San Diego St.,0.0,0.3333333333333333,0.4,0.9534883720930233
2273,50925,Isaac White,Stanford,0.0,0.5,0.0,0.8181818181818182
2274,50926,Iwin Ellis,Prairie View A&M,0.875,0.7567567567567568,0.42857142857142855,0.0
2275,50927,Clifton Moore,Indiana,0.0,0.0,0.3333333333333333,0.0
2276,50928,Ethan Lasko,Manhattan,0.0,0.0,0.0,0.0
2277,50933,Justin Smith,Indiana,0.8620689655172413,0.63,0.3333333333333333,1.0
2278,50934,Aljami Durham,Indiana,1.0,0.4358974358974359,0.2,0.925
2279,50938,Justin Jaworski,Lafayette,0.0,0.43478260869565216,0.18181818181818182,0.7976190476190477
2280,50939,Noah Baumann,San Jose St.,0.0,0.5,0.5789473684210527,0.7777777777777778
2281,50940,Connor Niego,Holy Cross,0.0,0.6,0.5555555555555556,1.0
2282,50941,Caleb Green,Holy Cross,0.0,0.43548387096774194,0.19444444444444445,0.8648648648648649
2283,50942,Jacob Grandison,Holy Cross,1.0,0.6933333333333334,0.6,0.927536231884058
2284,50943,Matt Faw,Holy Cross,0.8333333333333334,0.6956521739130435,0.75,0.9512195121951219
2285,50944,Kyle Copeland,Holy Cross,0.0,0.5,0.0,1.0
2286,50945,Austin Butler,Holy Cross,1.0,0.46987951807228917,0.2727272727272727,0.9107142857142857
2287,50946,John Meeks,Bucknell,0.0,0.48148148148148145,0.6,1.0
2288,50947,Jordan Sechan,Bucknell,0.0,0.0,0.0,1.0
2289,50948,Jermaine Samuels,Villanova,0.7368421052631579,0.625,0.0,1.0
2290,50950,Jahlin Smith,Savannah St.,0.6666666666666666,0.6666666666666666,0.0,0.9565217391304348
2291,50953,Gary Blackston,Prairie View A&M,0.3333333333333333,0.14666666666666667,0.15217391304347827,0.6808510638297872
2292,50960,Matt Halvorsen,Western Carolina,0.0,0.2,0.0,0.7714285714285715
2293,50963,Akiean Frederick,Kent St.,1.0,0.6785714285714286,0.25,1.0
2294,50967,BJ Duling,Kent St.,1.0,0.5263157894736842,0.6666666666666666,1.0
2295,50970,Jordan Burns,Colgate,0.0,0.1111111111111111,0.03125,0.5769230769230769
2296,50973,Keyon Jones,New Mexico St.,0.0,0.0,0.0,0.8333333333333334
2297,50980,Michael Diggins,Illinois Chicago,0.88,0.7450980392156863,0.625,1.0
2298,50981,Malik Ondigo,Texas Tech,1.0,0.625,0.0,0.0
2299,50982,Ivan Cucak,Austin Peay,0.0,0.6666666666666666,0.2857142857142857,1.0
2300,50986,Dominik Fragala,Niagara,0.0,0.16666666666666666,0.4,0.7333333333333333
2301,50987,Deion Hammond,Monmouth,1.0,0.40625,0.41379310344827586,0.8918918918918919
2302,50988,Marcus McClary,Monmouth,0.0,0.43243243243243246,0.16666666666666666,1.0
2303,50989,Manny Camper,Siena,0.8571428571428571,0.36666666666666664,0.25,1.0
2304,50990,Ben Diamond,Siena,0.0,0.0,0.0,0.0
2305,50991,Greg Kuakumensah,Niagara,1.0,0.6,0.0,1.0
2306,50995,LaCurtis Allen,Mississippi Valley St.,0.0,0.6666666666666666,1.0,1.0
2307,50997,Josh McSwiggan,Portland,0.3333333333333333,0.2857142857142857,0.3333333333333333,0.9777777777777777
2308,51001,Anthony Duruji,Louisiana Tech,0.75,0.5072463768115942,0.5,0.9736842105263158
2309,51002,Jarrod West,Marshall,0.0,0.0,0.16666666666666666,0.7608695652173914
2310,51003,Darius George,Marshall,0.5714285714285714,0.5952380952380952,1.0,0.9
2311,51004,Dani Koljanin,Little Rock,0.0,0.6666666666666666,1.0,1.0
2312,51005,James Hawthorne,Middle Tennessee,0.6666666666666666,0.34615384615384615,0.3103448275862069,0.875
2313,51010,Tope Arikawe,North Texas,1.0,0.4444444444444444,0.16666666666666666,0.0
2314,51011,Isaac Johnson,Western Illinois,0.0,0.17647058823529413,0.19642857142857142,0.6875
2315,51012,Alihan Demir,Drexel,0.4444444444444444,0.39166666666666666,0.23809523809523808,0.95
2316,51013,David Jenkins Jr.,South Dakota St.,0.0,0.0975609756097561,0.021739130434782608,0.6517857142857143
2317,51019,Marcus Cohen,Mercer,0.0,0.1282051282051282,0.0,0.0
2318,51021,Hayden Brown,The Citadel,0.0,0.35294117647058826,0.0,0.9333333333333333
2319,51022,Bo Hodges,East Tennessee St.,1.0,0.39705882352941174,0.14285714285714285,0.9285714285714286
2320,51023,Alex Reed,The Citadel,0.0,0.0,0.25,0.875
2321,51024,Derek Webster Jr.,The Citadel,1.0,0.5,0.5,0.0
2322,51025,Mladen Armus,East Tennessee St.,0.6666666666666666,0.5526315789473685,0.23529411764705882,0.0
2323,51028,James Harrison Jr.,East Tennessee St.,0.0,0.5333333333333333,0.5,0.0
2324,51033,Tristan Clark,Baylor,0.8666666666666667,0.8103448275862069,0.24,1.0
2325,51035,Dre Marin,Southern Utah,0.0,0.24242424242424243,0.0,0.6756756756756757
2326,51038,Anias Saunders,Radford,0.0,0.0,0.0,0.0
2327,51039,Tyler Polley,Connecticut,0.75,0.5,0.36363636363636365,0.9615384615384616
2328,51040,Eliel Nsoseme,Cincinnati,0.0,0.5,0.8,0.0
2329,51042,Darius Perry,Louisville,0.0,0.17647058823529413,0.0,0.8518518518518519
2330,51043,Trevor Moore,Cincinnati,0.0,0.2857142857142857,1.0,0.9444444444444444
2331,51044,Mike'L Simms,VCU,0.0,0.5,0.4,0.9285714285714286
2332,51046,Cedric Council Jr.,Coppin St.,0.875,0.5641025641025641,0.5882352941176471,1.0
2333,51047,Greg Parham,VMI,0.0,0.3333333333333333,0.041666666666666664,0.8055555555555556
2334,51048,Bubba Parham,VMI,0.0,0.275,0.14285714285714285,0.5714285714285714
2335,51050,Corey Kispert,Gonzaga,0.7142857142857143,0.38095238095238093,0.0,0.9672131147540983
2336,51054,Jordan Goodwin,Saint Louis,0.8,0.3,0.12,0.84
2337,51056,Jaizec Lottie,Little Rock,0.0,0.3488372093023256,0.6666666666666666,0.8333333333333334
2338,51058,Avery Sullivan,Lamar,1.0,0.8,0.5,0.0
2339,51059,Jordan Foster,Lamar,0.5,0.25,0.0,0.0
2340,51060,D.C. Davis,Mississippi,1.0,0.5384615384615384,0.3333333333333333,1.0
2341,51061,Shelby Adams,Texas St.,0.0,0.3888888888888889,0.3333333333333333,1.0
2342,51065,Augustine Ene,Incarnate Word,0.4,0.2631578947368421,0.6363636363636364,0.9090909090909091
2343,51066,Tre'Larenz Nottingham,Texas St.,0.0,0.21739130434782608,0.5555555555555556,0.8125
2344,51067,Elijah Childs,Bradley,0.85,0.6666666666666666,0.3711340206185567,0.9166666666666666
2345,51069,Matt Mitchell,San Diego St.,1.0,0.3333333333333333,0.15384615384615385,0.8461538461538461
2346,51070,Greg Heckstall,Hampton,0.6666666666666666,0.3181818181818182,0.24,0.72
2347,51072,PJ Pipes,Green Bay,0.0,0.18181818181818182,0.2777777777777778,0.9473684210526315
2348,51075,Devontae Shuler,Mississippi,0.4,0.37777777777777777,0.043478260869565216,0.6470588235294118
2349,51076,Matt Haarms,Purdue,0.9,0.7640449438202247,0.5277777777777778,1.0
2350,51078,Geo Baker,Rutgers,0.2,0.06451612903225806,0.10526315789473684,0.4166666666666667
2351,51081,Trent Buttrick,Penn St.,0.0,0.4,1.0,1.0
2352,51084,Jordan Horn,North Dakota St.,0.0,0.0,0.05555555555555555,0.6111111111111112
2353,51088,Tyler Kohl,Central Connecticut,0.0,0.13559322033898305,0.05128205128205128,0.3157894736842105
2354,51090,Deion Bute,Central Connecticut,0.8,0.6027397260273972,0.47058823529411764,0.0
2355,51091,Jahlil Jenkins,Fairleigh Dickinson,0.0,0.0759493670886076,0.1111111111111111,0.40476190476190477
2356,51092,Tyler Jones,Fairleigh Dickinson,0.0,0.5,0.0,0.875
2357,51093,Nojel Eastern,Purdue,0.6,0.4069767441860465,0.3125,0.0
2358,51094,Nigel Shadd,Kansas St.,1.0,1.0,0.0,0.0
2359,51096,Colbey Ross,Pepperdine,0.0,0.1038961038961039,0.08333333333333333,0.42857142857142855
2360,51099,Jaylen McCoy,SIU Edwardsville,0.0,0.25,0.2857142857142857,0.72
2361,51100,Ledarrius Brewer,Southeast Missouri St.,0.4,0.13636363636363635,0.10344827586206896,0.8604651162790697
2362,51103,Cedric Russell,Louisiana,0.0,0.25,0.07142857142857142,0.8596491228070176
2363,51105,Samba Ndiaye,Charleston,0.0,1.0,0.0,0.0
2364,51106,Zack Bryant,UAB,0.25,0.0967741935483871,0.09375,0.41304347826086957
2365,51109,Jordan Salzman,Arizona St.,0.0,0.0,0.0,0.0
2366,51111,Samuta Avea,Hawaii,0.4,0.6,0.16666666666666666,0.9285714285714286
2367,51113,TJ Shorts II,UC Davis,1.0,0.13186813186813187,0.07142857142857142,0.8
2368,51114,Kris Bankston,Little Rock,0.6721311475409836,0.6170212765957447,0.5,0.0
2369,51115,Remy Martin,Arizona St.,0.6666666666666666,0.12121212121212122,0.09523809523809523,0.5581395348837209
2370,51117,Damir Hadzic,Little Rock,0.0,0.6666666666666666,0.3333333333333333,1.0
2371,51118,Justin Whatley,East Carolina,0.0,0.0,1.0,1.0
2372,51122,Michael Miller,North Texas,0.5714285714285714,0.36231884057971014,0.17647058823529413,0.9629629629629629
2373,51123,Kaiden Rice,The Citadel,0.0,0.16129032258064516,0.0,0.9333333333333333
2374,51125,Umoja Gibson,North Texas,0.0,0.14285714285714285,0.125,0.8375
2375,51131,Duane Moss,Chattanooga,0.0,0.0,0.0,0.0
2376,51134,Karlis Garoza,Cal Poly,1.0,0.3888888888888889,0.2222222222222222,0.0
2377,51138,Ivan Raut,Fordham,0.0,0.8571428571428571,0.5,1.0
2378,51140,Xavier Jackson,VCU,0.0,0.0,0.0,0.0
2379,51143,Dylan Sheehy-Guiseppi,VCU,0.0,0.0,0.0,0.0
2380,51144,Koby Thomas,Robert Morris,0.9523809523809523,0.7708333333333334,0.3333333333333333,1.0
2381,51145,Malik Petteway,Robert Morris,0.6666666666666666,0.5,0.42,1.0
2382,51148,Roberts Blumbergs,Grand Canyon,1.0,0.7857142857142857,0.0,0.8333333333333334
2383,51149,Eden Ewing,Texas Southern,0.8095238095238095,0.6125,0.36363636363636365,1.0
2384,51152,Myles Lewis,VMI,0.6666666666666666,0.3595505617977528,0.2857142857142857,1.0
2385,51153,Ta'Vonne Bond,VMI,0.0,0.125,0.5,0.0
2386,51154,Yves Pons,Tennessee,0.7692307692307693,0.6842105263157895,0.6666666666666666,1.0
2387,51155,Justin Minaya,South Carolina,0.0,0.2727272727272727,1.0,1.0
2388,51157,Charles Bain,Robert Morris,0.5,0.45614035087719296,0.5263157894736842,0.9565217391304348
2389,51158,Keaton Van Soelen,Air Force,0.75,0.6086956521739131,0.7142857142857143,1.0
2390,51159,KJ Byers,Long Beach St.,0.7777777777777778,0.6046511627906976,0.38095238095238093,0.9375
2391,51161,Evan Troy,BYU,0.0,0.0,0.0,0.0
2392,51165,Keaton Wallace,UTSA,0.2,0.20833333333333334,0.18181818181818182,0.6504854368932039
2393,51171,Matthew Mondesir,Central Arkansas,0.6666666666666666,0.2619047619047619,0.0,0.9
2394,51172,Roberto Gallinat,Pacific,0.6,0.35,0.44,0.8703703703703703
2395,51173,Brian Smith,Portland,0.0,0.5,0.0,0.0
2396,51179,Bates Jones,Davidson,0.0,1.0,0.0,1.0
2397,51180,Kellan Grady,Davidson,0.3333333333333333,0.4090909090909091,0.1875,0.7758620689655172
2398,51181,Derrick Walker,Tennessee,1.0,0.7142857142857143,0.5,0.0
2399,51182,Chris Darrington,Toledo,0.0,0.07407407407407407,0.2777777777777778,0.6976744186046512
2400,51187,Jeremiah Tilmon,Missouri,0.75,0.45161290322580644,0.30303030303030304,0.0
2401,51192,Jameel Alausa,Yale,0.5,0.4,0.0,0.0
2402,51193,Paul Atkinson,Yale,0.9047619047619048,0.7070707070707071,0.6666666666666666,0.0
2403,51196,TJ Clifford,Western Michigan,0.0,0.5,0.0,1.0
2404,51198,Dylan Alderson,Toledo,1.0,0.4,0.0,0.6666666666666666
2405,51201,Eddie Scott,Penn,0.0,0.6666666666666666,0.0,0.6666666666666666
2406,51202,Shaquillo Fritz,Arkansas St.,0.8333333333333334,0.7058823529411765,0.5,0.0
2407,51203,Grantham Gillard,Arkansas St.,0.0,0.52,0.5714285714285714,0.9838709677419355
2408,51205,Omar Habwe,Mount St. Mary's,1.0,0.5217391304347826,0.38461538461538464,0.9285714285714286
2409,51208,Tristin Walley,Arkansas St.,0.5,0.35135135135135137,0.625,1.0
2410,51210,Brandon Thomas,Hawaii,0.0,0.0,0.0,0.0
2411,51211,Charles Falden,Winthrop,1.0,0.3181818181818182,0.2,0.8571428571428571
2412,51212,Kyle Zunic,Winthrop,0.0,0.13636363636363635,0.23076923076923078,0.9459459459459459
2413,51213,Austin Awad,Winthrop,0.0,1.0,0.0,0.925
2414,51216,Marcellus Garrick,Cal Poly,1.0,0.25,0.1111111111111111,0.7
2415,51217,Ryan Schwieger,Princeton,0.5,0.12,0.0,0.8125
2416,51219,DeAndre Jones,Central Arkansas,0.0,0.07317073170731707,0.11764705882352941,0.7547169811320755
2417,51220,Ian DuBose,Houston Christian,0.7368421052631579,0.31645569620253167,0.08695652173913043,0.5576923076923077
2418,51221,Philip McKenzie,Houston Christian,0.8,0.5135135135135135,0.4444444444444444,0.6666666666666666
2419,51225,Hayden Koval,Central Arkansas,0.8571428571428571,0.6507936507936508,0.4827586206896552,0.9736842105263158
2420,51229,Deaundrae Ballard,Florida,1.0,0.3,0.1,0.7
2421,51230,Teshaun Hightower,Georgia,0.0,0.3225806451612903,0.1111111111111111,0.8260869565217391
2422,51231,Chase Johnson,Florida,1.0,0.3333333333333333,0.0,0.0
2423,51234,Mike Okauru,Florida,0.0,0.125,0.0,1.0
2424,51235,Devontae Williams,Auburn,0.0,0.0,0.0,1.0
2425,51236,Malik Dunbar,Auburn,0.6666666666666666,0.4883720930232558,0.0,0.9285714285714286
2426,51237,Rayshaun Hammonds,Georgia,0.6666666666666666,0.5652173913043478,0.375,0.9615384615384616
2427,51239,Jay Jay Chandler,Texas A&M,0.375,0.34615384615384615,0.2,0.7894736842105263
2428,51240,T.J. Starks,Texas A&M,0.5,0.13157894736842105,0.2222222222222222,0.5357142857142857
2429,51241,Kene Chukwuka,Pittsburgh,0.0,0.8095238095238095,0.0,1.0
2430,51242,Mack Smith,Eastern Illinois,0.0,0.6785714285714286,0.6428571428571429,0.825
2431,51247,Shawn Wilson,Eastern Illinois,0.0,0.0,0.0,0.0
2432,51248,Anthony Starzynski,Pittsburgh,0.0,0.0,0.0,1.0
2433,51249,Peyton Smith,Texas A&M Corpus Chris,0.0,0.0,0.0,1.0
2434,51252,Sebastian Much,Princeton,0.0,0.16666666666666666,0.5,1.0
2435,51253,Jon Williams,Robert Morris,0.0,0.14285714285714285,0.16666666666666666,0.6190476190476191
2436,51254,Jerome Desrosiers,Princeton,0.0,0.5833333333333334,0.0,1.0
2437,51255,Elijah Barnes,Princeton,0.0,0.0,0.0,0.0
2438,51256,Charlie Bagin,Princeton,0.0,0.0,0.0,1.0
2439,51261,Michael Sohikish,San Diego St.,0.0,1.0,0.0,1.0
2440,51262,Jaylon Hall,Wright St.,0.0,0.0,0.0,0.0
2441,51263,Jalen Reeder,Alabama A&M,0.5,0.38461538461538464,0.18518518518518517,0.8333333333333334
2442,51265,A.J. Caldwell,Chattanooga,0.0,0.125,0.0,0.8888888888888888
2443,51266,Rodrick Sikes,South Alabama,0.6666666666666666,0.45714285714285713,0.13333333333333333,0.9358974358974359
2444,51267,Andre Kennedy,Alabama A&M,0.8571428571428571,0.46153846153846156,0.4461538461538462,1.0
2445,51269,Amari Goulbourne,Alabama A&M,0.0,0.0,0.0,0.8571428571428571
2446,51270,Arthur Johnson,Alabama A&M,0.0,0.375,0.2,0.9411764705882353
2447,51272,Keith Williams,Cincinnati,0.68,0.49333333333333335,0.3235294117647059,0.9523809523809523
2448,51273,Hunter Crist,Green Bay,0.0,0.0,0.0,0.5
2449,51274,Johnny Crnogorac,UT Rio Grande Valley,1.0,0.75,0.8,1.0
2450,51278,Chris Joyce,Air Force,1.0,0.2962962962962963,0.3,1.0
2451,51279,Ameka Akaya,Air Force,1.0,0.45454545454545453,0.6666666666666666,0.8571428571428571
2452,51280,Jarrett Culver,Texas Tech,0.5357142857142857,0.24489795918367346,0.22413793103448276,0.5510204081632653
2453,51282,Trevian Bell,Green Bay,0.8181818181818182,0.6060606060606061,0.631578947368421,1.0
2454,51285,Mamoudou Diarra,Cincinnati,1.0,0.75,0.625,1.0
2455,51287,Matt Chism,Georgia St.,0.0,0.0,0.0,0.0
2456,51288,Anthony Longpre,Saint Joseph's,1.0,0.875,0.3333333333333333,0.8571428571428571
2457,51291,Markus Golder,Valparaiso,0.5294117647058824,0.32653061224489793,0.23809523809523808,0.9090909090909091
2458,51292,Travon Bell,Chicago St.,0.0,0.5625,0.2222222222222222,0.8793103448275862
2459,51295,Jo Griffin,Louisville,0.0,1.0,0.0,0.0
2460,51296,Chris Harris Jr.,Houston,0.7857142857142857,0.6428571428571429,1.0,0.0
2461,51298,Malik Williams,Louisville,0.9230769230769231,0.5476190476190477,0.4375,1.0
2462,51299,Austin Colbert,Hampton,1.0,0.75,1.0,0.5
2463,51300,Taqwain Drummond,Coppin St.,0.0,0.45454545454545453,0.25,0.7692307692307693
2464,51301,Jericho Sims,Texas,0.9032258064516129,0.7692307692307693,0.0,0.0
2465,51302,Mayan Kiir,South Florida,0.5333333333333333,0.5526315789473685,0.125,1.0
2466,51303,Daryl Edwards,LSU,0.0,0.16666666666666666,0.0,1.0
2467,51305,Nicolas Claxton,Georgia,0.6153846153846154,0.46153846153846156,0.1951219512195122,0.8333333333333334
2468,51306,Tate Clayton,Mississippi St.,0.0,0.0,0.0,0.0
2469,51307,Mitchell Storm,Mississippi St.,0.0,0.0,0.0,0.0
2470,51308,Tremont Waters,LSU,0.0,0.02631578947368421,0.025,0.6428571428571429
2471,51313,Marcale Lotts,Canisius,1.0,0.5454545454545454,0.0,0.0
2472,51315,Michael Ritchie,Miami OH,0.0,0.0,0.0,1.0
2473,51317,Teyvion Kirk,Ohio,1.0,0.39473684210526316,0.38636363636363635,0.8
2474,51319,Isaiah Coleman-Lands,Miami OH,0.0,0.0,0.0,0.875
2475,51320,Jalen Adaway,Miami OH,0.6470588235294118,0.625,0.19230769230769232,0.7857142857142857
2476,51322,Darrian Ringo,Miami OH,0.0,0.043478260869565216,0.0,0.5294117647058824
2477,51328,James West IV,Mount St. Mary's,0.0,0.0,0.0,0.0
2478,51333,Ace Stallings,Mount St. Mary's,1.0,0.6666666666666666,0.0,0.0
2479,51336,Leroy Butts IV,Radford,1.0,0.875,0.7142857142857143,1.0
2480,51337,Tristan Owens,Radford,0.0,0.0,0.0,1.0
2481,51341,Romeo Crouch,Presbyterian,1.0,0.5526315789473685,0.5,0.9411764705882353
2482,51342,Jordan Cintron,Longwood,0.0,0.3055555555555556,0.375,0.9166666666666666
2483,51343,Spencer Franklin,Longwood,1.0,0.4473684210526316,1.0,0.0
2484,51346,Raine McKeython,Stetson,0.0,0.3,0.2857142857142857,0.875
2485,51348,Aamir Simms,Clemson,1.0,0.4634146341463415,0.3333333333333333,1.0
2486,51350,Isaiah Miller,UNC Greensboro,0.3793103448275862,0.18840579710144928,0.07017543859649122,0.7894736842105263
2487,51352,Storm Murphy,Wofford,0.0,0.2,0.05263157894736842,0.4583333333333333
2488,51354,Marcus Thomas,Western Carolina,0.0,0.13793103448275862,0.0,0.9166666666666666
2489,51355,Nick Weatherspoon,Mississippi St.,0.5,0.6,0.23076923076923078,0.85
2490,51356,Keve Aluma,Wofford,0.8125,0.6571428571428571,0.5714285714285714,0.0
2491,51357,Tray Hollowell,Wofford,0.0,0.2,0.0,0.7
2492,51358,Daniel Gafford,Arkansas,0.7209302325581395,0.6483516483516484,0.3225806451612903,0.0
2493,51360,Gabe Osabuohien,Arkansas,0.4,0.19047619047619047,0.5454545454545454,0.8333333333333334
2494,51362,Alex Reese,Alabama,0.6666666666666666,0.25,0.38461538461538464,0.9259259259259259
2495,51363,John Petty,Alabama,0.6666666666666666,0.38461538461538464,0.05,0.7796610169491526
2496,51364,Galin Smith,Alabama,0.5555555555555556,0.38461538461538464,0.5714285714285714,0.0
2497,51366,Jack Ferguson,Colgate,0.0,0.13333333333333333,0.2857142857142857,0.8727272727272727
2498,51372,Isiah Jasey,Texas A&M,1.0,0.7142857142857143,0.0,0.0
2499,51373,Savion Flagg,Texas A&M,0.8214285714285714,0.6153846153846154,0.14285714285714285,0.7111111111111111
2500,51378,Alex Hunter,Furman,0.0,0.5333333333333333,0.07692307692307693,0.8070175438596491
2501,51379,Sean Mobley,VCU,0.0,0.5652173913043478,0.14285714285714285,1.0
2502,51380,Anthony Ochefu,Stony Brook,1.0,0.5789473684210527,0.5,0.0
2503,51383,Musa Jallow,Ohio St.,0.5,0.47619047619047616,0.0,0.9166666666666666
2504,51384,Jacque Brown,UNC Wilmington,0.0,0.0,0.0,1.0
2505,51385,Tadas Kararinas,Drexel,0.0,0.5,0.0,0.0
2506,51387,Royce Hamm Jr.,Texas,1.0,0.14285714285714285,0.0,0.0
2507,51389,Obadiah Noel,UMass Lowell,0.8,0.4418604651162791,0.13157894736842105,0.8333333333333334
2508,51390,Matt Coleman III,Texas,0.5,0.24324324324324326,0.09090909090909091,0.7906976744186046
2509,51391,Isaiah Whaley,Connecticut,0.3333333333333333,0.5714285714285714,1.0,0.0
2510,51392,Shawn Jones,UMass Lowell,0.0,0.0625,0.0,0.25
2511,51393,Kwintin Williams,Connecticut,0.0,1.0,0.0,0.0
2512,51398,Elijah Jordan,New Hampshire,0.0,0.058823529411764705,0.058823529411764705,0.5263157894736842
2513,51399,Jaron Cornish,Stony Brook,0.0,0.13333333333333333,0.16666666666666666,0.78125
2514,51400,Zach Reichle,Oregon St.,0.0,0.5,0.0,1.0
2515,51401,Chase Cobb,Abilene Christian,0.0,0.0,0.0,0.0
2516,51402,Ayo Akinwole,Nebraska Omaha,0.0,0.3333333333333333,0.4666666666666667,0.8947368421052632
2517,51405,Matt Pile,Nebraska Omaha,0.6923076923076923,0.43089430894308944,0.21428571428571427,0.0
2518,51408,Jordan Roberts,Long Beach St.,0.5,0.4883720930232558,0.22,0.0
2519,51411,Troymain Crosby,Alcorn St.,0.0,0.3469387755102041,0.40625,0.6666666666666666
2520,51413,Miks Antoms,Maine,0.0,0.5,0.42857142857142855,0.0
2521,51415,Jarkel Joiner,Cal St. Bakersfield,0.0,0.20967741935483872,0.15476190476190477,0.45454545454545453
2522,51416,Vladimir Pinchuk,New Mexico,1.0,0.6190476190476191,0.7777777777777778,0.0
2523,51418,Axel Mpoyo,Grambling St.,0.5882352941176471,0.5,0.5555555555555556,0.9545454545454546
2524,51419,Alex Taylor,South Carolina St.,0.0,0.0,0.0,0.0
2525,51422,Dwayne Banks,South Carolina St.,0.0,0.0,0.0,1.0
2526,51423,Bobby Jackson,Grambling St.,0.0,0.0,0.0,0.0
2527,51425,Makuach Maluach,New Mexico,0.4,0.2222222222222222,0.07142857142857142,0.9767441860465116
2528,51426,Alex Peacock,Texas St.,0.14285714285714285,0.36363636363636365,0.3,0.8571428571428571
2529,51427,Josh Hopkins,New Hampshire,1.0,0.5384615384615384,0.07692307692307693,0.7631578947368421
2530,51429,Nathan Priddy,Elon,0.0,0.26666666666666666,0.047619047619047616,0.7804878048780488
2531,51430,Zach Gunn,Ball St.,0.0,0.3333333333333333,0.0,0.9666666666666667
2532,51435,Corry Long,Stony Brook,0.0,0.1111111111111111,0.5,1.0
2533,51437,Dimitrije Spasojevic,East Carolina,1.0,0.6,0.59375,0.0
2534,51438,Trejon Jacob,FIU,0.75,0.43548387096774194,0.0,0.8666666666666667
2535,51439,Darian Dixon,Northwestern St.,1.0,0.5789473684210527,0.25,1.0
2536,51440,Josh Linder,Georgia St.,1.0,0.5555555555555556,1.0,0.0
2537,51442,Miles Wentzien,Northern Iowa,0.0,0.2857142857142857,0.0,1.0
2538,51443,Austin Phyfe,Northern Iowa,0.0,0.5714285714285714,0.0,0.0
2539,51446,Cameron Krutwig,Loyola Chicago,0.8333333333333334,0.6103896103896104,0.3877551020408163,1.0
2540,51449,Tobi Ewuosho,Alabama St.,0.3,0.21739130434782608,0.16666666666666666,1.0
2541,51450,Tywhon Pickford,Northern Iowa,1.0,0.56,0.2222222222222222,1.0
2542,51451,Moses Wright,Georgia Tech,0.8125,0.6779661016949152,0.4782608695652174,0.6
2543,51453,Kobe Webster,Western Illinois,0.0,0.08333333333333333,0.18461538461538463,0.4861111111111111
2544,51458,Alex Sokol,Cal St. Northridge,0.0,0.0,0.0,1.0
2545,51459,Dylan Hastings,Lafayette,0.5,0.2727272727272727,0.6,1.0
2546,51461,Terrell Gomez,Cal St. Northridge,0.0,0.7045454545454546,0.3877551020408163,0.7678571428571429
2547,51462,Brady Manek,Oklahoma,1.0,0.7352941176470589,0.3333333333333333,0.8771929824561403
2548,51463,Hannes Polla,Oklahoma,1.0,0.4,0.0,0.0
2549,51472,Noe Anabir,Youngstown St.,0.0,0.7142857142857143,0.4375,0.0
2550,51474,Naz Bohannon,Youngstown St.,1.0,0.4032258064516129,0.3181818181818182,1.0
2551,51475,Michael Akuchie,Youngstown St.,0.3333333333333333,0.38461538461538464,1.0,1.0
2552,51477,Jake Shaper,Brown,0.0,1.0,0.0,0.0
2553,51478,Zach Hunsaker,Brown,0.0,0.29411764705882354,0.0,0.9090909090909091
2554,51480,Christian Negron,Loyola Chicago,0.7777777777777778,0.7777777777777778,0.0,0.0
2555,51481,Chris Lykes,Miami FL,0.0,0.2923076923076923,0.08888888888888889,0.4426229508196721
2556,51482,Lemmie Howard,Jackson St.,0.5,0.6666666666666666,0.5675675675675675,0.9583333333333334
2557,51483,Reggie Scurry,Middle Tennessee,0.8571428571428571,0.6138613861386139,0.42857142857142855,1.0
2558,51484,RJ Cole,Howard,0.0,0.08,0.125,0.4675324675324675
2559,51487,Greg Bowie II,UT Rio Grande Valley,0.0,0.10526315789473684,0.5,0.92
2560,51488,Aaron Nettles,Seattle,0.0,0.3333333333333333,0.0,1.0
2561,51489,Ben Nakwaasah,Utah Valley,0.0,0.15384615384615385,0.16666666666666666,0.6170212765957447
2562,51492,Chidozie Ndu,Sam Houston St.,1.0,1.0,0.0,0.0
2563,51493,Bubba Furlong,Sam Houston St.,1.0,0.6818181818181818,0.6666666666666666,1.0
2564,51496,Jordan Usher,USC,1.0,0.6086956521739131,0.2857142857142857,1.0
2565,51497,Charles O'Bannon Jr.,USC,0.0,0.0,0.0,0.0
2566,51500,Kenny Aninye,Stetson,0.0,0.05,0.0,0.625
2567,51503,Trip Day,North Florida,0.0,0.6666666666666666,0.0,1.0
2568,51504,Christiaan Jones,Stetson,0.7058823529411765,0.5636363636363636,0.375,0.9166666666666666
2569,51505,Brian Coffey II,North Florida,0.0,0.2,0.0,0.6
2570,51506,Ivan Gandia-Rosa,North Florida,0.0,0.05555555555555555,0.058823529411764705,0.6666666666666666
2571,51508,Ryan Burkhardt,North Florida,0.0,0.3333333333333333,1.0,0.88
2572,51509,Fausto Pichardo,Alabama St.,0.6923076923076923,0.45454545454545453,0.42857142857142855,1.0
2573,51515,Stefan Lakic,Samford,0.0,0.375,0.5,1.0
2574,51519,John Comeaux,Stephen F. Austin,0.0,0.05555555555555555,0.0,1.0
2575,51522,Ajani Kennedy,UC Riverside,0.5,0.55,0.375,0.9130434782608695
2576,51523,Chris Dubose,Savannah St.,0.0,0.0,0.0,1.0
2577,51524,Tervell Beck,UNLV,1.0,0.5,0.2857142857142857,0.6666666666666666
2578,51526,John Grant Jr.,Savannah St.,0.0,0.42857142857142855,0.0,0.9696969696969697
2579,51527,Derrik Jamerson Jr.,Norfolk St.,1.0,0.5,0.5384615384615384,0.9518072289156626
2580,51532,Terry Taylor,Austin Peay,0.42857142857142855,0.45925925925925926,0.22033898305084745,0.7142857142857143
2581,51533,Myles Smith,Texas A&M Corpus Chris,0.0,0.5,0.16666666666666666,0.75
2582,51537,Joe Hugley,Central Connecticut,1.0,0.6388888888888888,0.46153846153846156,1.0
2583,51538,Isaiah Martin,Florida A&M,0.8,0.639344262295082,0.6,0.0
2584,51540,Kamron Reaves,Florida A&M,0.0,0.058823529411764705,0.19047619047619047,0.68
2585,51543,Moustapha Diagne,Western Kentucky,0.0,0.0,0.0,1.0
2586,51545,Garrett Covington,Youngstown St.,0.0,0.6052631578947368,0.2777777777777778,0.9655172413793104
2587,51547,Jarvis Doles,Drexel,0.5,0.3333333333333333,1.0,0.8636363636363636
2588,51548,Damari Milstead,Grand Canyon,0.0,0.09615384615384616,0.1111111111111111,0.7
2589,51549,Brandon Leftwich,Mount St. Mary's,0.0,0.0,0.0,0.0
2590,51550,Kane Williams,Georgia St.,0.5,0.21686746987951808,0.15,0.6923076923076923
2591,51556,Antonio Pilipovic,Drake,0.0,0.5,0.0,1.0
2592,51560,William Tinsley,Illinois St.,0.7142857142857143,0.7222222222222222,0.5,0.9615384615384616
2593,51561,Breaon Brady,Houston,1.0,0.543859649122807,0.6060606060606061,0.0
2594,51562,Evan Kuhlman,Evansville,0.0,0.8636363636363636,0.2727272727272727,0.9354838709677419
2595,51570,Bud Jones,Eastern Michigan,0.0,0.6666666666666666,0.0,0.0
2596,51573,Takal Molson,Canisius,0.625,0.46153846153846156,0.16666666666666666,0.7818181818181819
2597,51591,Da'Monte Williams,Illinois,1.0,0.35294117647058826,1.0,1.0
2598,51592,Mark Smith,Missouri,0.0,0.125,0.14285714285714285,0.8571428571428571
2599,51595,Luka Garza,Iowa,1.0,0.5529411764705883,0.7,0.9047619047619048
2600,51602,Chuma Okeke,Auburn,0.5833333333333334,0.5268817204301075,0.35,0.9259259259259259
2601,51609,Brandon Hutton,Northwestern St.,1.0,0.36363636363636365,0.2857142857142857,1.0
2602,51619,Kyson Rawls,Morgan St.,0.0,0.2,0.3333333333333333,0.9090909090909091
2603,51620,Lapri McCray-Pace,Morgan St.,0.0,0.2962962962962963,0.6,0.0
2604,51624,Daniel Regis,Nicholls St.,0.7058823529411765,0.5084745762711864,0.4,1.0
2605,51625,Kevin Johnson,Nicholls St.,0.0,0.22857142857142856,0.1,0.8571428571428571
2606,51626,Ryghe Lyons,Nicholls St.,1.0,0.7692307692307693,0.6666666666666666,1.0
2607,51627,Oliver Lynch-Daniels,Houston Christian,0.0,0.4074074074074074,0.2777777777777778,0.8787878787878788
2608,51628,Edward Hardt,Houston Christian,1.0,0.71875,0.5,1.0
2609,51634,Kris Wilkes,UCLA,0.6923076923076923,0.4479166666666667,0.5641025641025641,0.8985507246376812
2610,51635,Chris Smith,UCLA,0.625,0.3333333333333333,0.35,0.9375
2611,51638,Adam Webb,Stetson,1.0,0.8,0.5,0.0
2612,51639,Daejon Davis,Stanford,0.14285714285714285,0.11666666666666667,0.1,0.75
2613,51655,Richard Harward,Utah Valley,0.7692307692307693,0.609375,0.2222222222222222,0.0
2614,51672,Cheikh Mbacke Diong,UNLV,0.7142857142857143,0.603448275862069,0.7058823529411765,0.0
2615,51673,Shakur Juiston,UNLV,0.625,0.3684210526315789,0.6666666666666666,1.0
2616,51674,Amauri Hardy,UNLV,0.0,0.19736842105263158,0.11764705882352941,0.5777777777777777
2617,51684,Cody Graham,Incarnate Word,0.0,0.2222222222222222,0.1111111111111111,0.8888888888888888
2618,51685,Victor Uyaelunmo,USC,1.0,0.75,0.0,0.0
2619,51687,Marvin Nesbitt Jr.,UMKC,0.3333333333333333,0.2727272727272727,0.0,0.9090909090909091
2620,51691,Keith Matthews,Stetson,1.0,0.28,0.4230769230769231,0.9
2621,51703,Tyree Appleby,Cleveland St.,0.0,0.08771929824561403,0.18181818181818182,0.5362318840579711
2622,51708,Sam Waardenburg,Miami FL,0.6666666666666666,0.4375,0.0,0.7894736842105263
2623,51709,Josh Rosario,UMBC,0.0,0.0,0.0,1.0
2624,51728,Nick Richards,Kentucky,0.7083333333333334,0.5945945945945946,0.3333333333333333,0.0
2625,51730,Tyren Harrison,New Orleans,0.0,0.6,0.0,1.0
2626,51732,PJ Washington,Kentucky,0.8181818181818182,0.5333333333333333,0.40298507462686567,0.9393939393939394
2627,51733,JD Notae,Jacksonville,0.0,0.06060606060606061,0.11428571428571428,0.6666666666666666
2628,51734,Corey Romich,Jacksonville,0.0,0.0,0.0,1.0
2629,51736,Tereke Eckwood,Mississippi Valley St.,0.0,0.17647058823529413,0.15384615384615385,0.6666666666666666
2630,51737,Jordan Evans,Mississippi Valley St.,0.0,0.1282051282051282,0.24324324324324326,0.5769230769230769
2631,51738,Jarrod Simmons,Penn,1.0,0.42857142857142855,0.0,0.6666666666666666
2632,51740,Josh Webster,Missouri St.,0.0,0.1794871794871795,0.0,0.5
2633,51741,Antonio Morgano,Mississippi,0.0,0.0,0.0,0.0
2634,51746,Bruce Stevens,Mississippi,0.9333333333333333,0.7192982456140351,0.6086956521739131,0.9629629629629629
2635,51748,Stefan Kenic,Cleveland St.,0.0,0.48484848484848486,0.23809523809523808,0.8787878787878788
2636,51753,Xavier Tillman,Michigan St.,1.0,0.7580645161290323,0.75,0.875
2637,51755,Carter Collins,Davidson,0.6666666666666666,0.6176470588235294,0.0,0.9166666666666666
2638,51757,Connor Rufo,Delaware,0.0,0.0,0.0,1.0
2639,51758,Xavier Smith,Idaho,1.0,0.15,0.0,0.75
2640,51761,Azar Swain,Yale,0.0,0.46153846153846156,0.5454545454545454,0.8148148148148148
2641,51766,McKinley Wright IV,Colorado,0.0,0.07142857142857142,0.02564102564102564,0.6578947368421053
2642,51777,Jesus Cruz,Fairfield,0.0,0.273972602739726,0.24,0.5333333333333333
2643,51781,DeAndre Love,Northwestern St.,0.0,0.175,0.125,0.9583333333333334
2644,51783,Curtis Haywood II,Georgia Tech,0.0,0.5,0.0,0.9375
2645,51786,Evan Cole,Georgia Tech,0.875,0.8,0.5,0.75
2646,51787,Jordan Goldwire,Duke,0.0,0.42857142857142855,0.5,0.3333333333333333
2647,51792,Danilo Djuricic,Harvard,0.6666666666666666,0.45714285714285713,0.0,0.9259259259259259
2648,51800,Marek Nelson,Western Kentucky,1.0,0.875,0.6,1.0
2649,51801,Jake Ohmer,Western Kentucky,0.0,0.0,0.0,0.9230769230769231
2650,51802,Taveion Hollingsworth,Western Kentucky,0.0,0.34210526315789475,0.125,0.6326530612244898
2651,51807,De'Quon Lake,Arizona St.,0.76,0.6037735849056604,1.0,0.0
2652,51809,Marquis Eaton,Arkansas St.,0.0,0.15384615384615385,0.13636363636363635,0.5757575757575758
2653,51811,Roosevelt Smart,North Texas,0.0,0.4,0.1875,0.7843137254901961
2654,51818,Lamont Berzat,New Orleans,0.0,0.3333333333333333,0.0,1.0
2655,51819,Troy Green,New Orleans,0.0,0.2222222222222222,0.24242424242424243,0.8
2656,51822,Emmanuel Ejeh,Mississippi Valley St.,0.8,0.5365853658536586,0.6,1.0
2657,51830,Dontelius Ross,Jackson St.,0.0,0.125,0.0,0.7083333333333334
2658,51835,Donnie Tillman,Utah,0.8333333333333334,0.3076923076923077,0.2,1.0
2659,51841,Marty Hill,Evansville,0.0,0.24528301886792453,0.17391304347826086,0.6363636363636364
2660,51842,Dainius Chatkevicius,Evansville,0.9090909090909091,0.6166666666666667,0.14285714285714285,1.0
2661,51843,Noah Thomas,Drake,0.0,0.03125,0.058823529411764705,0.96
2662,51844,Brion Whitley,Murray St.,0.0,0.2,0.5,0.8823529411764706
2663,51845,Lucas Williamson,Loyola Chicago,0.0,0.3,0.0,0.8846153846153846
2664,51855,Josh Anderson,Western Kentucky,0.5862068965517241,0.2830188679245283,0.06451612903225806,0.8
2665,51858,Miles Brookins,La Salle,0.6,0.5588235294117647,0.35294117647058826,1.0
2666,51860,Travis Weatherington,Hartford,0.0,0.4090909090909091,0.21428571428571427,0.8904109589041096
2667,51861,Jamir Moultrie,La Salle,0.0,0.6666666666666666,0.4444444444444444,0.8
2668,51863,Derrick Flowers,Jacksonville,0.0,0.0,1.0,1.0
2669,51867,Wesley Harris,West Virginia,0.25,0.2,0.5,0.85
2670,51876,Kevin Anderson,Delaware,0.0,0.11538461538461539,0.08333333333333333,0.6451612903225806
2671,51880,Vance Johnson,Milwaukee,0.8333333333333334,0.4473684210526316,0.25,1.0
2672,51881,Victor Bailey Jr.,Oregon,0.16666666666666666,0.24,0.55,0.8723404255319149
2673,51883,Chris Vogt,Northern Kentucky,0.8461538461538461,0.6296296296296297,0.2857142857142857,0.0
2674,51884,Luqman Lundy,Bradley,1.0,0.23809523809523808,0.16666666666666666,0.9166666666666666
2675,51885,James Beck,Oakland,0.7272727272727273,0.6136363636363636,0.3333333333333333,1.0
2676,51888,Jalanni White,Canisius,0.8666666666666667,0.7575757575757576,0.4444444444444444,1.0
2677,51889,Abu Kigab,Oregon,0.0,0.1111111111111111,0.0,1.0
2678,51891,Bam Bowman,Miami OH,0.0,0.47761194029850745,0.2857142857142857,0.9310344827586207
2679,51892,Jahshire Hardnett,BYU,0.0,0.19047619047619047,0.26666666666666666,0.7
2680,51895,Kyle Foster,Howard,0.5,0.5,0.25,0.8518518518518519
2681,51896,Zion Cousins,Howard,0.75,0.41025641025641024,0.7777777777777778,1.0
2682,51899,KeyShawn Feazell,Mississippi St.,1.0,0.5,0.5,1.0
2683,51914,Celio Araujo,Maine,0.0,0.0,0.0,0.8
2684,51920,Jaylen Hands,UCLA,0.23076923076923078,0.13114754098360656,0.03225806451612903,0.4696969696969697
2685,51924,KZ Okpala,Stanford,0.2857142857142857,0.16129032258064516,0.044444444444444446,0.8125
2686,51928,Greg Jones,James Madison,0.0,0.7142857142857143,0.0,1.0
2687,51929,Darius Banks,James Madison,0.3333333333333333,0.25,0.3157894736842105,0.8823529411764706
2688,51930,Antanee Pinkard,James Madison,0.0,0.0,0.0,1.0
2689,51931,Matt Lewis,James Madison,0.75,0.11764705882352941,0.16,0.8103448275862069
2690,51932,Dhamir Cosby-Roundtree,Villanova,0.8148148148148148,0.6984126984126984,0.14285714285714285,0.0
2691,51933,Collin Gillespie,Villanova,0.0,0.17857142857142858,0.25,0.8513513513513513
2692,51934,Larry Owens,Northwestern St.,0.6666666666666666,0.5227272727272727,0.5,0.0
2693,51936,Ezekiel Charles,New Orleans,0.8571428571428571,0.6666666666666666,0.25,0.9090909090909091
2694,51938,Ryan Allen,Delaware,0.0,0.09090909090909091,0.25,0.819672131147541
2695,51941,Marlon Williams,UT Rio Grande Valley,0.0,0.0,0.0,0.0
2696,51950,Reese Mona,Maryland,0.0,1.0,0.0,0.0
2697,51951,Bruno Fernando,Maryland,0.7307692307692307,0.46774193548387094,0.13043478260869565,0.6666666666666666
2698,51953,Jamie Baker,Presbyterian,0.0,0.0,0.0,0.0
2699,51954,Thorir Thorbjarnarson,Nebraska,0.0,0.5714285714285714,0.0,1.0
2700,51956,Darryl Morsell,Maryland,0.7777777777777778,0.4864864864864865,0.15789473684210525,0.9444444444444444
2701,51990,Herbert Jones,Alabama,0.6,0.35185185185185186,0.15789473684210525,0.8333333333333334
2702,51991,Quincy McKnight,Seton Hall,0.3333333333333333,0.2,0.20833333333333334,0.7222222222222222
2703,51992,Shaq Buchanan,Murray St.,0.8367346938775511,0.6627906976744186,0.36363636363636365,0.875
2704,51998,Kaleb Allison,Mississippi Valley St.,0.0,0.45454545454545453,0.0,0.0
2705,51999,Paris Austin,California,0.0,0.17391304347826086,0.07142857142857142,0.7777777777777778
2706,52000,James Glenn,Jackson St.,0.0,0.0,0.0,0.0
2707,52003,San Antonio Brinson,NJIT,0.5294117647058824,0.5098039215686274,0.36363636363636365,1.0
2708,52006,Braden Burke,Michigan St.,0.0,0.0,0.0,0.0
2709,52013,Philip Whittington,Kent St.,0.8888888888888888,0.38,0.2857142857142857,0.0
2710,52020,Blake Truman,Idaho St.,0.0,0.5,0.0,1.0
2711,52023,Jhivvan Jackson,UTSA,0.0,0.3125,0.16666666666666666,0.6043956043956044
2712,52026,Mark Kostelac,Akron,0.0,0.0,0.5,0.0
2713,52028,Ishmael El-Amin,Ball St.,0.0,0.6666666666666666,0.14285714285714285,0.9166666666666666
2714,52030,Tevin Mack,Alabama,1.0,0.34285714285714286,0.3125,0.9375
2715,52036,Jalyn Hinton,Jacksonville,0.8181818181818182,0.5853658536585366,0.14285714285714285,0.0
2716,52038,Charles Bohannon,New Orleans,0.0,0.0,0.0,0.0
2717,52058,Manny Patterson,Green Bay,0.5,0.5111111111111111,0.6875,0.0
2718,52059,Luke Loewe,William & Mary,0.0,0.6486486486486487,0.5,1.0
2719,52063,Oscar Da Silva,Stanford,0.6875,0.39473684210526316,0.125,0.896551724137931
2720,52082,D'Shawn Schwartz,Colorado,0.75,0.4375,0.3333333333333333,0.975609756097561
2721,52083,Tyler Bey,Colorado,0.803921568627451,0.6338028169014085,0.6666666666666666,0.8
2722,52084,Ethan Thompson,Oregon St.,0.375,0.32786885245901637,0.1935483870967742,0.8809523809523809
2723,52085,Chad Andrews-Fulton,Coppin St.,0.5,0.26785714285714285,0.47058823529411764,0.7857142857142857
2724,52087,Alfred Hollins,Oregon St.,1.0,0.78125,0.5,1.0
2725,52088,Marcus Santos-Silva,VCU,0.875,0.6440677966101694,0.45454545454545453,0.0
2726,52089,Jaylen Minnett,IU Indy,0.0,0.1875,0.125,0.7
2727,52092,Kevion Nolan,Samford,0.0,0.36363636363636365,0.38461538461538464,0.8292682926829268
2728,52098,Levonte Ott,Northwestern St.,1.0,0.25,0.2857142857142857,1.0
2729,52099,C.J. Jones,Northwestern St.,0.0,0.1,0.0,0.5555555555555556
2730,52110,Michael Flowers,Western Michigan,0.0,0.058823529411764705,0.02,0.41935483870967744
2731,52111,Cameron Johnson,North Carolina,0.5555555555555556,0.43283582089552236,0.625,0.9270833333333334
2732,52116,Christian Lutete,UMass Lowell,0.0,0.43859649122807015,0.4444444444444444,0.9264705882352942
2733,52117,Marreon Jackson,Toledo,0.0,0.16666666666666666,0.15384615384615385,0.7666666666666667
2734,52118,Stan Scott,Oakland,0.6666666666666666,0.3333333333333333,0.0,0.0
2735,52141,Kimani Lawrence,Arizona St.,0.8571428571428571,0.5434782608695652,0.35,0.8787878787878788
2736,52145,Marcus Weathers,Duquesne,0.875,0.5256410256410257,0.25,0.7692307692307693
2737,52146,Eli Scott,Loyola Marymount,0.0,0.45614035087719296,0.6842105263157895,1.0
2738,52147,Michael Weathers,Oklahoma St.,0.6,0.23809523809523808,0.0,0.25
2739,52149,Bol Riek,New Orleans,0.0,0.0,0.0,0.0
2740,52153,Marcus Roberts,Mississippi Valley St.,0.0,0.0,0.0,0.0
2741,52160,Devante Jackson,Grambling St.,0.8461538461538461,0.4909090909090909,0.3181818181818182,1.0
2742,52165,Tre Gray,Texas A&M Corpus Chris,0.25,0.28,0.3076923076923077,1.0
2743,52166,Kyle McKinley,Louisiana Tech,0.0,0.0,0.0,0.0
2744,52167,Quentin Scott,Texas St.,0.5,0.5882352941176471,0.8571428571428571,1.0
2745,52170,Jesse Little,American,0.0,1.0,0.6666666666666666,0.0
2746,52171,Malik Burnett,Troy,0.0,0.2857142857142857,0.0,0.7777777777777778
2747,52173,Justice Kithcart,Old Dominion,0.0,0.23076923076923078,0.5,0.8
2748,52175,Javan Johnson,Troy,0.5,0.10256410256410256,0.0625,0.6458333333333334
2749,52178,Charles Thomas IV,Wisconsin,1.0,0.45454545454545453,0.5,1.0
2750,52185,John Matt Merritt,Lipscomb,0.0,1.0,1.0,1.0
2751,52188,Camron Greer,Dayton,0.0,0.0,0.0,1.0
2752,52195,Cam Davis,Navy,0.0,0.3055555555555556,0.35294117647058826,0.8823529411764706
2753,52202,Alec Loehr,Navy,0.0,0.0,0.0,0.0
2754,52206,Devin Thomas,Indiana St.,0.0,0.2,0.3333333333333333,1.0
2755,52208,Mike Buckmire,Duke,0.0,0.0,0.0,0.0
2756,52209,Jordan Perkins,North Carolina Central,0.0,0.10526315789473684,0.4,0.6666666666666666
2757,52210,Larry McKnight Jr.,North Carolina Central,0.6666666666666666,0.5238095238095238,0.46153846153846156,0.8620689655172413
2758,52213,Terrance Banyard,Arkansas Pine Bluff,0.6,0.5818181818181818,0.5384615384615384,1.0
2759,52214,Martaveous McKnight,Arkansas Pine Bluff,0.3333333333333333,0.3018867924528302,0.20833333333333334,0.6164383561643836
2760,52215,Cameron Posey,Arkansas Pine Bluff,0.0,0.3333333333333333,0.6666666666666666,1.0
2761,52216,Jordan McNair,Arkansas Pine Bluff,0.0,0.0,0.0,0.0
2762,52217,Christian Robertson,Arkansas Pine Bluff,0.0,0.5,1.0,0.0
2763,52218,William Ridgell,Arkansas Pine Bluff,0.0,0.0,0.0,0.0
2764,52220,Tyreke Key,Indiana St.,1.0,0.2976190476190476,0.15384615384615385,0.875
2765,52221,Reggie Gardner Jr.,North Carolina Central,1.0,0.5625,0.0,0.8823529411764706
2766,52228,Quamauri Hardy,Arkansas Pine Bluff,0.0,0.4,0.0,0.0
2767,52230,Mamadou Doucoure,Rutgers,0.0,0.0,1.0,0.0
2768,52234,Clayton Hughes,Indiana St.,1.0,0.4,0.17647058823529413,0.9090909090909091
2769,52235,Daniel Huenermann,Indiana St.,0.0,1.0,1.0,0.0
2770,52238,Liam Nelligan,Notre Dame,0.0,0.0,0.0,0.0
2771,52239,Ricky Council II,UMBC,0.6,0.5,0.25,0.9761904761904762
2772,52240,Luke Loehr,Navy,0.0,0.6571428571428571,0.4444444444444444,1.0
2773,52242,Danny Ogele,Navy,0.0,0.5294117647058824,0.4117647058823529,0.5
2774,52247,Brandon Houston,Alabama A&M,0.0,0.6666666666666666,0.6111111111111112,1.0
2775,52248,Isaiah White,Maine,0.6666666666666666,0.5555555555555556,0.375,0.7843137254901961
2776,52249,Isaiah Green,Eastern Michigan,0.0,1.0,0.0,1.0
2777,52250,Daniel Kinchen,SIU Edwardsville,0.0,0.3888888888888889,0.375,0.7058823529411765
2778,52251,Bill Awet,SIU Edwardsville,0.0,0.6666666666666666,0.0,1.0
2779,52252,Daniel Venzant,Cal St. Fullerton,0.0,0.0,0.0,0.0
2780,52253,Kobe Magee,UTEP,0.0,0.0,0.1111111111111111,0.8333333333333334
2781,52254,Joniya Gadson,Bowling Green,0.0,0.0,0.0,0.0
2782,52255,Javon Greene,George Mason,1.0,0.4107142857142857,0.25,1.0
2783,52258,Myles Cale,Seton Hall,1.0,0.5344827586206896,0.4166666666666667,0.8518518518518519
2784,52259,Elijah Olaniyi,Stony Brook,0.42857142857142855,0.2839506172839506,0.2631578947368421,0.7586206896551724
2785,52260,Cameron Bowles,Chicago St.,1.0,0.58,0.2916666666666667,0.6666666666666666
2786,52261,Bryce Fowler,Sacramento St.,0.75,0.4358974358974359,0.375,0.9166666666666666
2787,52263,Parker Hicks,Texas Tech,0.0,0.6666666666666666,0.0,0.5
2788,52264,Elvin Rodriguez,Denver,0.0,0.15789473684210525,0.0,0.7142857142857143
2789,52265,Nehemiah Mack,Manhattan,0.0,0.19047619047619047,0.0,0.6296296296296297
2790,52267,Emir Ahmedic,Oral Roberts,0.0,0.5294117647058824,0.4,0.0
2791,52268,Zachary Simmons,North Texas,0.9310344827586207,0.6990291262135923,0.48,0.0
2792,52270,Karamoko Cisse,Rider,1.0,1.0,0.0,0.0
2793,52272,Chris Coalmon,Robert Morris,0.0,0.5833333333333334,1.0,1.0
2794,52273,Carter Skaggs,Washington St.,0.0,0.5,0.5,0.8717948717948718
2795,52275,Dalonte Brown,Miami OH,0.5833333333333334,0.49019607843137253,0.3076923076923077,0.8333333333333334
2796,52276,Dominick Pickett,UC Riverside,0.0,0.4117647058823529,0.08333333333333333,0.9615384615384616
2797,52279,Justin Forrest,Appalachian St.,0.0,0.03076923076923077,0.125,0.8
2798,52280,Omar El-Sheikh,Fairfield,0.0,0.6666666666666666,0.0,1.0
2799,52281,O'Showen Williams,Appalachian St.,0.0,0.21428571428571427,0.3333333333333333,0.9
2800,52282,Josh Carlton,Connecticut,0.8333333333333334,0.5416666666666666,0.5333333333333333,0.0
2801,52284,Shannon Bogues,Stephen F. Austin,0.2857142857142857,0.1016949152542373,0.07317073170731707,0.40350877192982454
2802,52286,Nahziah Carter,Washington,0.6,0.3389830508474576,0.10714285714285714,0.9545454545454546
2803,52287,Jaylen Nowell,Washington,0.875,0.25274725274725274,0.07894736842105263,0.8431372549019608
2804,52288,Jason Crandall,Washington,0.0,0.0,0.0,0.0
2805,52290,Hameir Wright,Washington,0.0,0.4444444444444444,0.0,1.0
2806,52291,Ethan Kay,Presbyterian,0.0,0.0,0.0,1.0
2807,52293,Alex Watson,Sacred Heart,0.0,0.0,0.0,0.0
2808,52294,E.J. Anosike,Sacred Heart,0.8888888888888888,0.45132743362831856,0.25,1.0
2809,52299,Mubashar Ali,Southern,0.0,0.0,0.5,0.0
2810,52300,John Mitchell,Delaware St.,0.0,0.08108108108108109,0.11764705882352941,0.9411764705882353
2811,52301,Tre Brown,Coastal Carolina,0.5,0.25,0.2,0.55
2812,52304,Shawntrez Davis,Bethune Cookman,0.7142857142857143,0.5238095238095238,0.6190476190476191,0.8888888888888888
2813,52307,Myles Carter,Delaware St.,0.0,0.0,0.0,0.8
2814,52308,Johquin Wiley,Delaware St.,0.0,0.17391304347826086,0.0,0.425531914893617
2815,52309,Eddie Reese,Southern,0.6666666666666666,0.22857142857142856,0.0,0.6296296296296297
2816,52310,Zac Cuthbertson,Coastal Carolina,0.75,0.47474747474747475,0.3111111111111111,0.6428571428571429
2817,52311,Ajay Sanders,Coastal Carolina,0.0,0.23076923076923078,0.14285714285714285,0.8627450980392157
2818,52312,Ameer Bennett,Delaware St.,1.0,0.7291666666666666,0.5384615384615384,0.8333333333333334
2819,52314,Saleik Edwards,Delaware St.,0.0,0.35294117647058826,0.25,0.711864406779661
2820,52316,Philip Flory,Albany,0.0,0.0,0.0,1.0
2821,52317,Mike Lelito,Marquette,0.0,0.0,0.0,0.0
2822,52319,Shavar Reynolds,Seton Hall,0.0,0.0,0.16666666666666666,0.8
2823,52320,Khari Jabriel Allen,Alcorn St.,0.0,0.1,0.3333333333333333,0.6551724137931034
2824,52321,AJ Martinka,Colorado,0.0,0.0,0.0,0.0
2825,52323,Marcus Hall,Howard,0.0,0.0,0.0,0.0
2826,52326,Brian Beard Jr.,FIU,0.0,0.05102040816326531,0.0,0.5531914893617021
2827,52328,Isaiah Bailey,Bethune Cookman,0.0,0.14285714285714285,0.25,0.0
2828,52329,Rob Shaw,Chicago St.,0.0,0.31645569620253167,0.09302325581395349,0.375
2829,52330,Carl Pierre,Massachusetts,1.0,0.4782608695652174,0.5185185185185185,0.9878048780487805
2830,52333,Tyrell Gumbs-Frater,Coastal Carolina,0.0,0.21052631578947367,0.13333333333333333,0.8648648648648649
2831,52334,Khalea Turner-Morris,Massachusetts,0.0,0.7,1.0,0.0
2832,52335,Michael Ertel,Louisiana Monroe,0.0,0.3157894736842105,0.058823529411764705,0.7974683544303798
2833,52336,Myles Hutchinson,McNeese St.,0.0,0.5,0.0,1.0
2834,52340,Aaron Ray,Southern,0.0,0.05263157894736842,0.2,0.9629629629629629
2835,52341,Tucker Blackwell,Army,0.0,0.3333333333333333,0.3333333333333333,1.0
2836,52343,Alex King,Army,0.6666666666666666,0.35,0.5454545454545454,1.0
2837,52344,Gilles Dekoninck,UTEP,0.0,0.5,0.25,1.0
2838,52345,Shyheim Hicks,LIU,0.0,0.6666666666666666,0.0,0.8
2839,52346,Eral Penn,LIU,0.8,0.72,1.0,0.8
2840,52354,David Francis,Bethune Cookman,0.0,0.0,0.5,1.0
2841,52356,Melik Martin,Monmouth,0.5,0.4583333333333333,0.375,0.9
2842,52357,George Papas,Monmouth,0.0,0.8333333333333334,0.25,0.9333333333333333
2843,52359,Thomas Collier,Auburn,0.0,0.0,0.0,0.0
2844,52360,Ryker Pierce,UC Riverside,0.0,0.0,0.0,1.0
2845,52362,Justin Cotten,Howard,0.0,0.0,0.0,0.0
2846,52364,Elijah Graves,Southern Utah,0.0,0.0,0.0,0.0
2847,52366,Brandon Newman,Louisiana Monroe,0.5,0.17647058823529413,0.25,1.0
2848,52368,Milik Gantz,North Carolina A&T,0.8,0.5211267605633803,0.47619047619047616,0.6923076923076923
2849,52369,D'Andre Johnson,North Carolina A&T,1.0,0.6,0.5,0.8
2850,52371,Kameron Langley,North Carolina A&T,0.0,0.11764705882352941,0.0,0.42857142857142855
2851,52376,Yauhen Massalski,San Diego,0.8928571428571429,0.75,0.375,1.0
2852,52378,Andrew Fava,Florida,0.0,0.0,0.0,1.0
2853,52379,Mak Krause,Florida,0.0,0.0,0.0,0.0
2854,52382,David-Lee Jones Jr.,Georgia Southern,1.0,0.28,0.0,0.8571428571428571
2855,52384,C.J. Baird,Michigan,0.0,0.0,0.0,1.0
2856,52386,Tucker Lee,Marist,0.0,0.0,0.0,0.0
2857,52387,Kevin Doi,Drexel,0.0,0.0,0.0,0.5
2858,52389,Lonnie Grayson,Army,0.0,0.1111111111111111,0.0,0.875
2859,52391,Ryan Carmello,Marist,0.0,0.0,0.0,0.0
2860,52396,Jason Lee,St. Bonaventure,0.0,0.0,0.0,0.0
2861,52400,Bryant Beckford,St. Francis NY,0.0,0.0,0.0,0.0
2862,52406,Jesse Boyce,Manhattan,0.0,0.0,0.0,0.0
2863,52407,Amir Hicks,Saint Peter's,0.0,0.0,0.0,1.0
2864,52412,Obim Okeke,Baylor,0.0,0.0,0.0,0.0
2865,52413,De Andre' Austin,Bowling Green,0.0,0.0,0.0,0.0
2866,52423,Cameron Galic,Tulane,0.0,1.0,0.0,0.0
2867,52427,Dominic Johnson,Buffalo,0.0,0.0,0.0,0.0
2868,52436,Ben Swett,Dartmouth,0.0,0.0,1.0,0.0
2869,52445,Evin Olds,Memphis,0.0,0.0,0.0,1.0
2870,52449,Maleek Catchings,Presbyterian,0.0,0.6666666666666666,0.0,0.0
2871,52450,Paulo Morastoni,Siena,0.0,0.0,0.0,0.0
2872,52457,Markus Smith,Kennesaw St.,0.0,0.0,0.0,0.0
2873,52458,Tyler Barnes,Alabama,0.0,0.0,0.0,0.0
2874,52461,Randall West,Massachusetts,0.0,0.0,0.0,0.0
2875,52467,Otis Dortch,Western Illinois,0.0,0.0,0.0,0.0
2876,52468,Caleb Oehlberg,Northern Illinois,0.0,0.0,0.0,0.0
2877,52494,Jordan Allen,Rider,1.0,0.631578947368421,0.5,0.7945205479452054
2878,65428,Darius Quisneberry,Youngstown St.,0.0,0.09090909090909091,0.15,0.6041666666666666
2879,65429,Jelani Simmons,Youngstown St.,0.7777777777777778,0.52,0.23076923076923078,0.9545454545454546
2880,65430,Demetrius Mims,Long Beach St.,0.5,0.2,0.0,1.0
2881,65431,Olamide Pedersen,Youngstown St.,0.6666666666666666,0.47368421052631576,0.3333333333333333,1.0
2882,65433,Caleb Fuller,UC Davis,0.0,0.18181818181818182,0.0,1.0
2883,65434,Will Johnson,Oregon,0.0,0.0,0.0,0.0
2884,65436,Brandon Slater,Villanova,0.0,0.0,0.0,0.0
2885,65437,Luis Hurtado,UAB,0.0,0.0,0.0,0.0
2886,65439,Geoff Hamperian,Youngstown St.,0.0,1.0,0.0,0.0
2887,65441,Damion Squire,UC Davis,0.0,0.0,0.0,0.8181818181818182
2888,65442,Kihei Clark,Virginia,0.0,0.05,0.0,1.0
2889,65443,Robby Carmody,Notre Dame,0.0,0.3,0.0,1.0
2890,65444,Mason McMurray,Ohio,0.0,1.0,1.0,0.0
2891,65445,Jules Moor,Stony Brook,0.5,0.25,0.10526315789473684,0.8888888888888888
2892,65450,Nate Laszewski,Notre Dame,0.6,0.4444444444444444,0.3333333333333333,0.9545454545454546
2893,65451,Prentiss Hubb,Notre Dame,0.25,0.23255813953488372,0.1111111111111111,0.5813953488372093
2894,65452,Quinton Drayton,Towson,0.0,0.5,0.0,0.0
2895,65453,Kevin Schutte,Hofstra,0.0,1.0,1.0,0.0
2896,65454,Kody Stattmann,Virginia,0.0,0.0,0.0,0.75
2897,65456,Tanner Groves,Eastern Washington,0.75,0.8888888888888888,0.8571428571428571,1.0
2898,65457,Kim Aiken Jr.,Eastern Washington,0.75,0.5,0.2222222222222222,0.896551724137931
2899,65458,Nassir Little,North Carolina,0.6285714285714286,0.5116279069767442,0.25806451612903225,0.8571428571428571
2900,65459,Leaky Black,North Carolina,0.0,0.2857142857142857,0.1,1.0
2901,65460,Losini Kamara,Idaho,0.0,0.0,0.0,0.8
2902,65461,Nana Opoku,Mount St. Mary's,0.7857142857142857,0.5833333333333334,0.5,1.0
2903,65462,KJ Jackson,UMBC,0.25,0.16483516483516483,0.08333333333333333,0.775
2904,65463,Avery Benson,Texas Tech,1.0,0.2,0.0,0.0
2905,65464,Mohammed Abdulsalam,UNC Greensboro,0.0,0.3333333333333333,0.0,0.0
2906,65465,Victor Bafutto,Mercer,1.0,0.7916666666666666,0.8,0.0
2907,65466,Angelo Allegri,UNC Greensboro,0.0,0.3333333333333333,0.2857142857142857,0.95
2908,65467,Steven Fitzgerald,Samford,0.0,0.0,0.5,1.0
2909,65468,Deandre Thomas,Samford,0.0,0.5,0.42857142857142855,0.9545454545454546
2910,65469,Robert Allen,Samford,0.9375,0.6164383561643836,0.48148148148148145,1.0
2911,65470,Gaber Ozegovic,Cal St. Fullerton,0.0,0.0,0.0,1.0
2912,65471,Stevan Krtinic,St. Francis NY,0.0,0.6153846153846154,0.3333333333333333,0.8666666666666667
2913,65473,Klay Brown,Saint Peter's,1.0,0.375,0.0,0.8888888888888888
2914,65474,Majur Majak,Saint Peter's,0.6666666666666666,0.5714285714285714,1.0,0.0
2915,65475,Gabe Watson,Southern Miss,0.6666666666666666,0.7,0.4444444444444444,0.6666666666666666
2916,65476,Jaden Robinson,Georgetown,0.0,0.0,0.0,0.0
2917,65477,Rico Quinton,East Carolina,0.0,0.0,0.5,1.0
2918,65479,Hunter Tyson,Clemson,1.0,0.25,0.0,1.0
2919,65480,Montez Mathis,Rutgers,0.6153846153846154,0.4307692307692308,0.3333333333333333,0.9375
2920,65481,Caleb McConnell,Rutgers,0.5,0.35294117647058826,0.058823529411764705,0.6
2921,65483,Eric Hunter Jr.,Purdue,1.0,0.35714285714285715,0.3333333333333333,0.8
2922,65484,Obi Toppin,Dayton,0.8095238095238095,0.6756756756756757,0.6904761904761905,1.0
2923,65486,Shaq Carter,Rutgers,0.7142857142857143,0.7073170731707317,0.42857142857142855,1.0
2924,65487,M.J. Randolph,Florida A&M,0.0,0.3333333333333333,0.11764705882352941,0.5
2925,65488,Cameron Healy,Albany,0.0,0.3333333333333333,0.18518518518518517,0.7352941176470589
2926,65490,George Mawanda-Kalema,Brown,0.0,0.2608695652173913,0.375,1.0
2927,65491,Ignas Brazdeikis,Michigan,0.5714285714285714,0.42718446601941745,0.3103448275862069,0.8571428571428571
2928,65492,Colin Castleton,Michigan,1.0,0.2857142857142857,0.5,0.0
2929,65493,David DeJulius,Michigan,0.0,0.2,0.0,1.0
2930,65494,Ricky Lindo,Maryland,1.0,0.5333333333333333,0.3333333333333333,1.0
2931,65495,Jalen Smith,Maryland,0.8461538461538461,0.7070707070707071,0.37037037037037035,1.0
2932,65496,Thomas Kithier,Michigan St.,1.0,0.9047619047619048,1.0,0.0
2933,65497,Aaron Henry,Michigan St.,0.8571428571428571,0.6086956521739131,0.2903225806451613,1.0
2934,65499,Samson Froling,Creighton,0.0,0.5806451612903226,0.42857142857142855,1.0
2935,65500,Christian Bishop,Creighton,0.7142857142857143,0.7272727272727273,0.0,0.0
2936,65501,Marcus Zegarowski,Creighton,0.0,0.08695652173913043,0.16666666666666666,0.7037037037037037
2937,65502,Bryce Golden,Butler,0.0,0.3333333333333333,0.0,0.0
2938,65504,Efe Odigie,UTEP,1.0,0.5510204081632653,0.6964285714285714,0.0
2939,65505,Paul Djoko,Northern Kentucky,0.0,0.4444444444444444,0.0,0.0
2940,65506,Greg Williams Jr.,St. John's,0.3333333333333333,0.4666666666666667,0.5,1.0
2941,65507,Marcellus Earlington,St. John's,0.0,0.375,0.6666666666666666,0.5
2942,65508,Adrian Rodriguez,UTSA,0.0,0.4666666666666667,0.6,0.0
2943,65509,Devon Baker,UNC Asheville,0.0,0.12903225806451613,0.09090909090909091,0.5172413793103449
2944,65510,Coty Jude,UNC Asheville,0.5,0.2857142857142857,0.8571428571428571,0.9508196721311475
2945,65511,Stephen Edoka,UNC Asheville,1.0,0.6153846153846154,0.0,1.0
2946,65512,Luke Lawson,UNC Asheville,0.0,0.0,1.0,1.0
2947,65513,Junior Ballard,Cal Poly,0.0,0.0,1.0,0.75
2948,65514,Filip Rebraca,North Dakota,0.7142857142857143,0.62,0.5909090909090909,1.0
2949,65515,Isaiah Moll,Vermont,0.0,0.3548387096774194,0.19047619047619047,0.9230769230769231
2950,65516,Davon Bolton,Northern Arizona,0.0,0.2916666666666667,0.1111111111111111,0.5882352941176471
2951,65517,Josh LeBlanc,Georgetown,0.696969696969697,0.5714285714285714,0.7777777777777778,1.0
2952,65518,Deante Johnson,Cleveland St.,0.75,0.5294117647058824,0.46153846153846156,0.0
2953,65519,Mac McClung,Georgetown,0.5555555555555556,0.24074074074074073,0.29411764705882354,0.7435897435897436
2954,65520,Tamir Bynum,UTSA,0.0,0.5,0.0,0.0
2955,65521,Adokiye Iyaye,UTSA,0.0,0.30434782608695654,0.14285714285714285,0.9090909090909091
2956,65524,Armon Brummett,Bradley,0.0,0.0,0.6666666666666666,0.0
2957,65525,Tariq Silver,Eastern Michigan,0.0,0.0,0.16666666666666666,0.8181818181818182
2958,65526,Jorden Peterson,Eastern Michigan,0.0,0.0,0.0,0.0
2959,65527,Brandon Wade,Duquesne,0.0,0.25,0.0,1.0
2960,65528,Onyi Eyisi,Fordham,0.7142857142857143,0.3888888888888889,0.4,0.0
2961,65529,Aljaz Kunc,Washington St.,1.0,0.6666666666666666,0.6666666666666666,0.8333333333333334
2962,65530,Joey Hauser,Marquette,0.0,0.21212121212121213,0.32142857142857145,0.9555555555555556
2963,65531,CJ Elleby,Washington St.,0.5714285714285714,0.28378378378378377,0.2926829268292683,0.7547169811320755
2964,65533,Shandon Brown,George Washington,0.0,0.0,0.0,0.6666666666666666
2965,65534,Mezie Offurum,George Washington,0.0,0.14285714285714285,0.5454545454545454,1.0
2966,65535,Trey Hopkins,Seattle,0.0,0.0,0.0,1.0
2967,65536,Riley Grigsby,Seattle,1.0,0.5555555555555556,0.375,1.0
2968,65540,Uche Dibiamaka,UT Rio Grande Valley,0.0,0.6153846153846154,0.4,0.6666666666666666
2969,65541,Jermaine Harris,Rhode Island,0.75,0.6896551724137931,0.65,0.0
2970,65542,Luke Frampton,Davidson,0.0,0.6,0.875,0.9895833333333334
2971,65543,David Azore,UT Arlington,0.0,0.4642857142857143,0.5161290322580645,0.625
2972,65544,Andre Ball,Pepperdine,0.9,0.7368421052631579,0.3333333333333333,1.0
2973,65545,Cassius Smits-Francisco,Idaho,1.0,0.6666666666666666,0.0,0.0
2974,65546,Jared Rodriguez,Idaho,1.0,0.5,0.5,0.9629629629629629
2975,65547,Aaron Wheeler,Purdue,0.5384615384615384,0.4444444444444444,0.0,0.967741935483871
2976,65548,Jaylon Terrell,Navy,0.0,0.0,0.0,0.0
2977,65549,Kelby Kramer,Montana,1.0,0.6,0.0,0.0
2978,65550,Josiah Strong,Navy,0.0,0.16666666666666666,0.0,0.7058823529411765
2979,65552,Jerry Higgins III,The Citadel,0.0,0.0,0.0,0.75
2980,65553,Dimitri Georgiadis,The Citadel,0.0,0.0,0.0,0.0
2981,65554,Donovann Toatley,Chattanooga,0.0,0.03333333333333333,0.13043478260869565,0.8181818181818182
2982,65555,Keigan Kerby,Chattanooga,1.0,0.5,1.0,1.0
2983,65556,Kevin Easley,Chattanooga,0.0,0.4918032786885246,0.36666666666666664,0.8636363636363636
2984,65557,James Bridges,Sacramento St.,0.0,1.0,0.0,0.9
2985,65558,Maurice Commander,Chattanooga,0.0,0.0,0.25,0.8571428571428571
2986,65559,Robert Swanson,Furman,0.0,0.0,0.0,0.0
2987,65561,Francesco Badocchi,Virginia,0.0,0.0,1.0,0.0
2988,65562,Junior Farquhar,Middle Tennessee,0.0,0.09090909090909091,0.1111111111111111,0.875
2989,65563,Kyler Edwards,Texas Tech,0.0,0.4230769230769231,0.2857142857142857,0.6774193548387096
2990,65564,Josh Mballa,Texas Tech,0.0,0.0,0.0,0.0
2991,65566,Jose Perez,Gardner Webb,0.5,0.25,0.10714285714285714,0.9591836734693877
2992,65570,Zay Williams,Troy,0.75,0.5625,0.2857142857142857,1.0
2993,65571,Tavian Percy,New Mexico,0.0,0.0,0.0,0.6666666666666666
2994,65572,Drue Drinnon,New Mexico,0.0,0.0,0.3333333333333333,1.0
2995,65576,Jalen Townsell,Nevada,0.0,0.0,0.0,0.0
2996,65577,Daylen Kountz,Colorado,0.45454545454545453,0.23809523809523808,0.3076923076923077,0.75
2997,65578,Immanuel Quickley,Kentucky,0.0,0.21428571428571427,0.18181818181818182,0.8333333333333334
2998,65579,Devon Dotson,Kansas,0.0,0.0970873786407767,0.09090909090909091,0.9393939393939394
2999,65580,Quentin Grimes,Kansas,1.0,0.5526315789473685,0.07142857142857142,0.9629629629629629
3000,65581,Shaun Neal-Williams,Kansas St.,0.0,0.25,0.3333333333333333,0.5714285714285714
3001,65582,Austin Trice,Kansas St.,0.7777777777777778,0.6842105263157895,0.0,0.0
3002,65583,David McCormack,Kansas,0.9,0.5833333333333334,0.21052631578947367,0.0
3003,65584,Jamal Bieniemy,Oklahoma,0.0,0.0,0.0625,0.6666666666666666
3004,65585,Kentrevious Jones,Oklahoma St.,0.0,0.6666666666666666,1.0,0.0
3005,65586,Isaac Likekele,Oklahoma St.,0.0,0.21951219512195122,0.26666666666666666,0.5
3006,65587,Maurice Calloo,Oklahoma St.,0.5,0.5833333333333334,1.0,1.0
3007,65588,Duncan Demuth,Oklahoma St.,0.0,0.4,0.75,0.0
3008,65589,Kendric Davis,TCU,0.0,0.2222222222222222,0.15789473684210525,0.9333333333333333
3009,65590,Kaden Archie,TCU,0.5,0.75,1.0,1.0
3010,65592,Owen Aschieris,TCU,0.0,0.0,0.0,0.0
3011,65593,Adam Seiko,San Diego St.,0.0,0.0,1.0,0.9090909090909091
3012,65594,Carte'Are Gordon,Saint Louis,0.5,0.4642857142857143,0.4666666666666667,1.0
3013,65595,Iran Bennett,Marshall,1.0,0.7391304347826086,0.5,1.0
3014,65596,Taevion Kinsey,Marshall,0.7818181818181819,0.5826086956521739,0.5,0.8
3015,65598,Maximilian Schuecker,Montana St.,0.0,0.0,1.0,0.0
3016,65599,Sloan Seymour,Siena,0.0,1.0,0.5,0.9680851063829787
3017,65600,Cory Hightower,Presbyterian,1.0,0.6067415730337079,0.07692307692307693,0.9166666666666666
3018,65602,Chris Martin,Presbyterian,0.0,0.38235294117647056,0.0,0.7
3019,65603,Cle'von Greene,Radford,0.0,0.0,1.0,1.0
3020,65604,Cress Worthy,UNC Asheville,1.0,0.36363636363636365,0.0,0.8333333333333334
3021,65605,Josiah Jeffers,Radford,0.0,0.0,0.0,0.0
3022,65606,Cooper Kaifes,Loyola Chicago,1.0,0.7,0.0,0.9423076923076923
3023,65608,Cam Burrell,Eastern Illinois,0.42857142857142855,0.5952380952380952,0.5,0.0
3024,65609,Robin Duncan,Vermont,0.0,0.25,0.0,1.0
3025,65610,Ryan Davis,Vermont,0.0,0.5833333333333334,0.0,1.0
3026,65612,Benjamin Stanley,Hampton,0.6666666666666666,0.4594594594594595,0.7,1.0
3027,65614,Matiss Kulackovskis,Bowling Green,0.0,0.7777777777777778,0.3333333333333333,0.8888888888888888
3028,65615,Morgan Taylor,Incarnate Word,1.0,0.23529411764705882,0.16666666666666666,0.5
3029,65617,Jamel Allen,UMKC,0.14285714285714285,0.23076923076923078,0.16666666666666666,0.918918918918919
3030,65618,Yuat Alok,TCU,0.0,1.0,1.0,0.0
3031,65619,Kaosi Ezeagu,UTEP,1.0,0.76,0.14285714285714285,0.0
3032,65620,Jeremiah Dickerson,Cal St. Bakersfield,0.0,0.0,0.0,0.0
3033,65622,Luke Avdalovic,Northern Arizona,0.0,0.375,0.5,0.9315068493150684
3034,65623,Nik Mains,Northern Arizona,1.0,0.8461538461538461,0.7692307692307693,0.8666666666666667
3035,65624,Justin Costello,Nebraska,0.0,0.0,0.0,0.5
3036,65625,Nick Guadarrama,New Hampshire,1.0,0.4375,0.2857142857142857,0.92
3037,65626,Jayden Martinez,New Hampshire,0.0,0.3125,0.07692307692307693,0.9444444444444444
3038,65627,Jack Clark,La Salle,1.0,0.875,0.25,0.9375
3039,65628,Ed Croswell,La Salle,0.7272727272727273,0.5306122448979592,0.3333333333333333,0.0
3040,65629,Jared Kimbrough,La Salle,1.0,0.6190476190476191,0.4444444444444444,0.0
3041,65630,Jahvon Quinerly,Villanova,0.0,0.4,0.3333333333333333,0.9166666666666666
3042,65631,Coby White,North Carolina,0.4,0.18181818181818182,0.15,0.7195121951219512
3043,65632,Hunter Vick,Tennessee Tech,0.0,0.2962962962962963,0.25806451612903225,0.8679245283018868
3044,65633,Jalen Slawson,Furman,0.5,0.5,0.5,1.0
3045,65634,Carlos Curtis,East Tennessee St.,0.0,0.3333333333333333,0.0,0.0
3046,65635,Daivien Williamson,East Tennessee St.,0.0,0.27450980392156865,0.19230769230769232,1.0
3047,65636,Mike Bothwell,Furman,1.0,0.4666666666666667,0.0,1.0
3048,65637,Jaylon Pugh,Furman,0.0,0.5,0.0,0.8
3049,65638,Isaiah Poor Bear-Chandler,Wichita St.,0.0,0.625,0.6666666666666666,1.0
3050,65641,Chris Ford,Norfolk St.,0.8,0.625,0.0,0.0
3051,65643,KJ Fitzgerald,Jacksonville,0.0,0.0,0.0,0.0
3052,65644,Bryce Workman,Jacksonville,0.0,0.7692307692307693,0.3333333333333333,0.0
3053,65645,Tyreese Davis,Jacksonville,1.0,0.3380281690140845,0.0,0.8260869565217391
3054,65647,Alan Lang,Weber St.,0.0,0.0,0.0,0.0
3055,65649,Mason Harrell,Texas St.,0.0,0.07692307692307693,0.2,0.8181818181818182
3056,65650,Jacobi Gordon,California,0.0,0.14285714285714285,0.0,0.7142857142857143
3057,65651,Connor Vanover,California,0.9,0.8064516129032258,0.8,0.9629629629629629
3058,65652,Jack Schoemann,Colorado St.,0.0,1.0,0.0,0.0
3059,65653,Elias Valtonen,Arizona St.,0.0,1.0,0.0,0.5
3060,65654,Andre Kelly,California,0.875,0.5555555555555556,0.42857142857142855,0.5
3061,65655,Matt Bradley,California,0.0,0.13636363636363635,0.2,0.66
3062,65656,Rashun Williams,South Florida,0.0,0.0,0.75,1.0
3063,65657,CJ White,SMU,0.0,0.6666666666666666,0.4,0.9
3064,65658,Feron Hunt,SMU,0.696969696969697,0.6049382716049383,0.2222222222222222,0.875
3065,65659,Zion Griffin,Iowa St.,1.0,1.0,0.0,1.0
3066,65660,Jahmar Young Jr.,SMU,1.0,0.75,0.0,0.0
3067,65661,Talen Horton-Tucker,Iowa St.,0.625,0.20238095238095238,0.18181818181818182,0.7551020408163265
3068,65662,George Conditt IV,Iowa St.,0.8571428571428571,0.7058823529411765,0.5,0.0
3069,65663,Tyrese Haliburton,Iowa St.,0.5454545454545454,0.3939393939393939,0.0,0.9183673469387755
3070,65664,Russell Barlow,TCU,0.0,1.0,0.0,0.0
3071,65665,Connor Crabtree,Tulane,0.8,0.6206896551724138,0.5714285714285714,0.9655172413793104
3072,65666,Moses Wood,Tulane,1.0,0.5,0.2857142857142857,0.9473684210526315
3073,65667,Kevin Zhang,Tulane,0.8571428571428571,0.5714285714285714,0.34782608695652173,0.9230769230769231
3074,65668,Jamarius Burton,Wichita St.,0.3333333333333333,0.17391304347826086,0.13636363636363635,0.6
3075,65669,Dexter Dennis,Wichita St.,0.5714285714285714,0.34285714285714286,0.25,0.9444444444444444
3076,65670,Tavin Lovan,UAB,0.7058823529411765,0.3384615384615385,0.3333333333333333,0.6666666666666666
3077,65672,Payton Moore,Rice,0.3333333333333333,0.14285714285714285,0.0,0.6666666666666666
3078,65673,Shakeem Alcindor,North Texas,1.0,1.0,1.0,0.0
3079,65674,Drew Peterson,Rice,1.0,0.21052631578947367,0.16666666666666666,0.9545454545454546
3080,65675,Trey Murphy III,Rice,0.5,0.2222222222222222,0.2727272727272727,0.9365079365079365
3081,65676,Quentin Millora-Brown,Rice,0.9090909090909091,0.6309523809523809,0.3333333333333333,0.0
3082,65677,Chris Mullins,Rice,0.0,0.23214285714285715,0.23333333333333334,0.9629629629629629
3083,65678,Ignas Sargiunas,Georgia,0.0,0.16666666666666666,0.0,0.8
3084,65679,Andres Feliz,Illinois,0.0,0.375,0.21739130434782608,0.9
3085,65680,Blake Brinkmeyer,Indiana St.,0.0,0.5,1.0,0.0
3086,65681,Antwuan Butler,Austin Peay,0.0,0.125,0.0,1.0
3087,65682,De'Avion Washington,Indiana St.,1.0,0.4444444444444444,0.0,1.0
3088,65683,Rey Idowu,Illinois St.,1.0,0.6086956521739131,0.5,0.0
3089,65684,Isaiah Bujdoso,Loyola Chicago,0.0,0.35294117647058826,1.0,1.0
3090,65685,Hunter Marks,Hartford,0.0,0.0,0.0,0.0
3091,65686,Mason Forbes,Harvard,1.0,0.6842105263157895,0.6666666666666666,0.0
3092,65687,Sekou Toure,UC Santa Barbara,0.0,0.23529411764705882,0.2857142857142857,1.0
3093,65688,Mark Gordon,Bethune Cookman,0.5,0.4166666666666667,0.47619047619047616,0.9024390243902439
3094,65690,Xavier Johnson,Pittsburgh,0.1111111111111111,0.052083333333333336,0.11538461538461539,0.6216216216216216
3095,65691,Donatas Kupsas,Weber St.,0.0,0.25,0.3333333333333333,1.0
3096,65692,Trevion Williams,Purdue,0.875,0.5,0.28,1.0
3097,65693,Jordan Henderson,Canisius,0.0,0.36363636363636365,0.2222222222222222,0.9444444444444444
3098,65695,Tyrone Nesby IV,Wagner,0.0,0.6666666666666666,0.0,0.9375
3099,65697,Precious Ikediashi,Saint Francis,0.0,0.0,0.0,0.0
3100,65698,Ivan Hadzic,Canisius,0.0,0.0,0.0,0.0
3101,65699,Isaiah Kelly,Yale,1.0,0.5714285714285714,1.0,1.0
3102,65700,RJ Williams,Boise St.,0.44,0.3424657534246575,0.16666666666666666,0.0
3103,65701,Jason Preston,Ohio,0.0,0.25,0.5172413793103449,0.8
3104,65702,Solomon Uyaelunmo,Towson,1.0,0.36585365853658536,0.3684210526315789,0.0
3105,65703,Quinn Blair,William & Mary,0.0,0.6666666666666666,0.0,0.8333333333333334
3106,65704,Chase Audige,William & Mary,0.47368421052631576,0.4915254237288136,0.2857142857142857,0.8974358974358975
3107,65705,L.J. Owens,William & Mary,1.0,0.6785714285714286,0.125,0.8518518518518519
3108,65706,Thornton Scott,William & Mary,0.0,0.3333333333333333,0.0,1.0
3109,65707,Yagizhan Selcuk,Towson,0.0,0.0,1.0,0.0
3110,65708,Jakigh Dottin,Towson,0.0,0.125,0.0,0.0
3111,65709,Allen Betrand,Towson,0.6666666666666666,0.4,0.16666666666666666,0.7142857142857143
3112,65710,Mehkel Harvey,William & Mary,1.0,0.6666666666666666,0.0,0.0
3113,65712,Darrin Person Jr.,Cal St. Bakersfield,0.0,0.5333333333333333,0.3333333333333333,0.0
3114,65715,Jonathan Kabongo,Virginia Tech,0.0,0.25,0.0,1.0
3115,65716,Isaiah Wilkins,Virginia Tech,0.0,0.5333333333333333,0.4,0.9545454545454546
3116,65717,Robert Braswell,Syracuse,1.0,0.4,1.0,1.0
3117,65718,Jalen Carey,Syracuse,0.5,0.375,0.2222222222222222,0.5
3118,65719,Marque Maultsby,New Hampshire,0.0,0.24,0.08333333333333333,0.7058823529411765
3119,65720,Raiquan Gray,Florida St.,0.3333333333333333,0.2413793103448276,0.18181818181818182,1.0
3120,65721,Dallas Watson,Saint Peter's,0.5,0.15789473684210525,0.0625,0.7222222222222222
3121,65723,Rod Brown,Wichita St.,1.0,0.4,1.0,1.0
3122,65724,Michael Wynn,Wake Forest,0.0,0.16666666666666666,1.0,0.8888888888888888
3123,65725,Deshawn Corprew,Texas Tech,0.5,0.36363636363636365,0.3181818181818182,0.9
3124,65726,Francis Okoro,Oregon,0.75,0.4642857142857143,0.17647058823529413,0.0
3125,65727,Bryce Hamilton,UNLV,1.0,0.3333333333333333,0.3333333333333333,0.7619047619047619
3126,65728,Collin Welp,UC Irvine,0.0,0.4166666666666667,0.20454545454545456,0.9523809523809523
3127,65729,Solomon Ruddell,UC Irvine,0.0,0.5,0.5,0.0
3128,65730,Zach Chappell,San Jose St.,0.0,0.2631578947368421,0.0,0.8823529411764706
3129,65731,Miles Norris,Oregon,0.8,0.45,0.375,0.8333333333333334
3130,65732,Kaison Hammonds,San Jose St.,0.0,0.0,0.0,1.0
3131,65733,Seneca Knight,San Jose St.,0.0,0.34782608695652173,0.25,0.75
3132,65734,Brandon Knapper,West Virginia,0.0,0.08333333333333333,0.07142857142857142,0.6
3133,65736,Maizen Fausett,Southern Utah,1.0,0.36,0.25,1.0
3134,65737,Malachi De Sousa,Albany,0.6666666666666666,0.5,0.0,0.8333333333333334
3135,65738,Caleb Nero,Weber St.,0.0,0.3333333333333333,0.15384615384615385,0.4117647058823529
3136,65739,Israel Barnes,Weber St.,0.0,0.2,0.1,0.896551724137931
3137,65740,Dima Zdor,Weber St.,1.0,0.5,0.5,0.0
3138,65741,Antonio Rizzuto,Albany,1.0,0.6363636363636364,0.2,0.8431372549019608
3139,65742,Ricky Torres,Wichita St.,0.0,0.1875,0.17647058823529413,0.75
3140,65743,Erik Stevenson,Wichita St.,1.0,0.391304347826087,0.18181818181818182,0.8636363636363636
3141,65744,Morris Udeze,Wichita St.,1.0,0.7727272727272727,0.0,0.0
3142,65745,Jaime Echenique,Wichita St.,0.9375,0.6494845360824743,0.7083333333333334,0.9166666666666666
3143,65746,Jalen Crutchfield,Stetson,0.0,0.0,0.4,0.8888888888888888
3144,65747,Jamie Lewis,Wake Forest,0.0,0.0,0.0,0.0
3145,65748,Sharone Wright Jr.,Wake Forest,0.6666666666666666,0.4,0.125,0.85
3146,65749,Jaylen Hoard,Wake Forest,0.6428571428571429,0.411214953271028,0.15151515151515152,0.6666666666666666
3147,65750,Madiaw Niang,Florida Atlantic,0.0,0.75,0.7142857142857143,0.6666666666666666
3148,65751,Logan Johnson,Cincinnati,0.0,0.1875,0.5,1.0
3149,65752,Pietro Agostini,Kennesaw St.,0.0,0.0,0.0,0.0
3150,65753,Jairus Hamilton,Boston College,1.0,0.6666666666666666,0.4166666666666667,0.95
3151,65754,Caleb Catto,Florida Gulf Coast,0.0,0.5,0.0,1.0
3152,65755,Zach Scott,Florida Gulf Coast,0.0,0.24242424242424243,0.3333333333333333,0.9473684210526315
3153,65756,Danny Lewis,Kennesaw St.,0.0,0.25,0.24324324324324326,0.6764705882352942
3154,65757,C.J. Washington,Kennesaw St.,0.0,1.0,1.0,0.0
3155,65759,Liam Robbins,Drake,0.75,0.6,0.4166666666666667,1.0
3156,65760,Jawaun Newton,Evansville,0.0,0.4444444444444444,0.2,0.9
3157,65761,Shamar Givance,Evansville,0.0,0.09523809523809523,0.0,0.7857142857142857
3158,65763,Logan Dye,Samford,1.0,0.6842105263157895,0.6666666666666666,0.0
3159,65764,Ralph Bissainthe,Illinois Chicago,0.0,0.5,0.0,0.0
3160,65765,Trevor Thompson,Arizona St.,0.0,0.0,0.0,0.0
3161,65766,Jordan Lathon,UTEP,0.0,0.15625,0.08,0.5952380952380952
3162,65767,DJ Funderburk,N.C. State,0.8928571428571429,0.6428571428571429,0.6875,1.0
3163,65768,Payton Hudson,Iona,0.0,0.0,0.0,1.0
3164,65769,Coletrane Washington,Drexel,0.0,0.0,0.0,0.8333333333333334
3165,65770,Ithiel Horton,Delaware,0.6666666666666666,0.2926829268292683,0.25925925925925924,0.7894736842105263
3166,65771,Quan McCluney,Charleston,0.0,1.0,0.0,0.0
3167,65772,Tyler Behrendt,Milwaukee,0.0,0.5,1.0,1.0
3168,65773,Matey Juric,Drexel,0.0,0.6666666666666666,0.5,1.0
3169,65774,Camren Wynter,Drexel,0.0,0.14545454545454545,0.045454545454545456,0.8181818181818182
3170,65775,Spencer Freedman,Harvard,0.0,0.0,0.0,1.0
3171,65776,Kale Catchings,Harvard,0.6666666666666666,0.42857142857142855,0.0,1.0
3172,65777,Jay Nagle,UC Santa Barbara,0.0,0.3333333333333333,0.6666666666666666,0.9090909090909091
3173,65778,Amadou Sow,UC Santa Barbara,0.8095238095238095,0.5434782608695652,0.48936170212765956,1.0
3174,65779,Souleymane Diakite,NJIT,0.0,0.4,0.0,0.0
3175,65781,KJELL De Graaf,NJIT,0.0,0.0,0.0,0.9166666666666666
3176,65782,Isaiah Burnett,Navy,0.0,0.3333333333333333,0.0,1.0
3177,65783,Cantavio Dutreil,North Alabama,0.9285714285714286,0.8636363636363636,0.7142857142857143,0.0
3178,65784,Aleksa Matic,North Alabama,0.0,0.5,0.0,1.0
3179,65785,Ahsan Asadullah,Lipscomb,0.0,0.5934065934065934,0.5,0.0
3180,65786,Cameron Parker,Sacred Heart,0.0,0.06451612903225806,0.0,0.5
3181,65787,Zach Pfaffenberger,Sacred Heart,1.0,0.8947368421052632,0.8571428571428571,0.0
3182,65789,Aaron Clarke,Sacred Heart,0.0,0.358974358974359,0.13333333333333333,0.8
3183,65790,Cameron Wilbon,Robert Morris,0.0,0.18181818181818182,0.2,1.0
3184,65792,Koreem Ozier,Sacred Heart,0.0,0.26666666666666666,0.17647058823529413,0.9210526315789473
3185,65793,Fahmmi Mamo,South Carolina St.,0.0,0.0,0.0,0.0
3186,65794,Myles Thompson,Saint Francis,1.0,0.3611111111111111,0.625,1.0
3187,65795,Brian Halums,Mississippi,1.0,0.6,0.0,1.0
3188,65796,Marquise Mosley,Cal Baptist,0.0,0.08333333333333333,0.0,1.0
3189,65797,Marcus Bingham,Michigan St.,0.0,0.0,0.0,1.0
3190,65798,Zac Watson,UC Riverside,0.8,0.6415094339622641,0.42857142857142855,1.0
3191,65799,DJ McDonald,UC Riverside,0.0,0.0,0.5,0.8823529411764706
3192,65800,Charles Bassey,Western Kentucky,0.8222222222222222,0.6838235294117647,0.627906976744186,0.6666666666666666
3193,65801,Jeremiah Gambrell,Western Kentucky,0.0,0.0,0.0,0.0
3194,65802,Callum McRae,UC Riverside,1.0,0.40540540540540543,0.3157894736842105,0.0
3195,65803,Dalano Banton,Western Kentucky,0.4,0.2916666666666667,0.14285714285714285,1.0
3196,65804,Matt Horton,Western Kentucky,1.0,1.0,0.0,0.0
3197,65805,Mitchell Seraille,Stephen F. Austin,0.6363636363636364,0.6,1.0,0.0
3198,65806,Oddyst Walker,Stephen F. Austin,0.0,0.0,0.0,1.0
3199,65807,Jalon Clark,Texas A&M Corpus Chris,0.0,0.25,0.5,1.0
3200,65808,Jock Hughes,Stephen F. Austin,0.0,0.5,0.0,0.8571428571428571
3201,65809,Caden Sanchez,High Point,0.0,0.3,0.42857142857142855,1.0
3202,65810,Brendan Newton,Liberty,1.0,0.4,0.0,0.0
3203,65811,Trey Woodbury,UNLV,0.0,0.4,0.0,1.0
3204,65812,Zach Copeland,Illinois St.,0.0,0.0625,0.03571428571428571,0.6521739130434783
3205,65813,Austin Smellie,Idaho St.,0.0,0.8333333333333334,1.0,1.0
3206,65814,Foster Loyer,Michigan St.,0.0,1.0,0.6666666666666666,0.75
3207,65815,Brandon Johns Jr.,Michigan,0.5,0.3333333333333333,0.5,1.0
3208,65816,Kaleb Roy,UMKC,0.0,0.6,0.0,0.0
3209,65817,Adrien Nunez,Michigan,0.0,0.0,0.0,0.0
3210,65818,Alperen Kurnaz,Denver,0.0,0.2857142857142857,0.8,0.9
3211,65819,Alex Jones,Lipscomb,0.0,0.2,0.0,1.0
3212,65820,Andrew Tate,USC Upstate,0.0,0.0,0.0,0.0
3213,65821,Adam Lulka,Albany,0.6666666666666666,0.6774193548387096,0.45454545454545453,1.0
3214,65822,Ethan Wright,Princeton,0.0,0.375,0.0,1.0
3215,65823,KeShawn Curry,VCU,0.5,0.3333333333333333,0.5,1.0
3216,65824,Jaelin Llewellyn,Princeton,1.0,0.09090909090909091,0.0,0.7391304347826086
3217,65825,Drew Friberg,Princeton,0.0,1.0,1.0,1.0
3218,65826,Max Johns,Princeton,0.0,0.6363636363636364,0.0,1.0
3219,65827,Pedro Bradshaw,Eastern Kentucky,0.0,0.0,0.0,1.0
3220,65829,Bryan Penn-Johnson,Washington,0.0,0.0,0.0,0.0
3221,65833,Isaac Chatman,Campbell,1.0,0.5294117647058824,0.6666666666666666,0.9583333333333334
3222,65834,Milos Stajcic,Campbell,0.0,0.5,0.0,0.5
3223,65836,Michael Forrest,Florida Atlantic,0.0,0.0,0.2916666666666667,0.717948717948718
3224,65837,Kevaughn Ellis,Florida Atlantic,1.0,0.25,0.0,1.0
3225,65838,Antonio Daye,FIU,0.0,0.0847457627118644,0.0,0.9230769230769231
3226,65839,Chris Doherty,Notre Dame,0.0,0.25,0.0,0.0
3227,65840,Stacey Thomas,Louisiana Tech,0.75,0.75,0.6666666666666666,0.0
3228,65841,Isaiah Mucius,Wake Forest,0.5,0.3333333333333333,0.3333333333333333,0.9473684210526315
3229,65843,Jamal Bey,Washington,0.0,0.3333333333333333,0.0,0.5
3230,65844,Brent Hank,Albany,1.0,0.5263157894736842,0.0,0.0
3231,65845,Jonathan Norfleet,Wagner,0.0,0.16666666666666666,0.3333333333333333,0.7368421052631579
3232,65846,Cam Reddish,Duke,0.2857142857142857,0.2926829268292683,0.25,0.8202247191011236
3233,65847,Zion Williamson,Duke,0.5972222222222222,0.47368421052631576,0.28,0.8333333333333334
3234,65848,Trey Jemison,Clemson,0.0,0.5,0.0,0.0
3235,65849,John Newman III,Clemson,0.25,0.2222222222222222,0.5,0.8888888888888888
3236,65850,Atakan Sahinkaya,Troy,0.0,0.0,0.0,0.0
3237,65851,Robert Brown,New Mexico St.,0.0,0.5,0.0,0.0
3238,65852,Wynston Tabbs,Boston College,0.6666666666666666,0.3333333333333333,0.4444444444444444,0.5555555555555556
3239,65853,Chris Herren Jr.,Boston College,0.0,0.125,0.23076923076923078,0.8846153846153846
3240,65854,R.J. Barrett,Duke,0.7,0.38095238095238093,0.24358974358974358,0.863013698630137
3241,65855,Tre Jones,Duke,0.0,0.3582089552238806,0.21052631578947367,0.9259259259259259
3242,65856,Nathan Mensah,San Diego St.,0.6875,0.6052631578947368,0.7419354838709677,0.0
3243,65857,Bol Bol,Oregon,0.6666666666666666,0.5384615384615384,0.6363636363636364,1.0
3244,65858,Will Richardson,Oregon,1.0,0.19230769230769232,0.07142857142857142,0.8666666666666667
3245,65859,Joel Mensah,San Diego St.,1.0,0.75,1.0,0.0
3246,65860,Ed Chang,San Diego St.,0.0,0.0,0.0,1.0
3247,65861,Christian Anigwe,San Jose St.,1.0,0.7058823529411765,0.6666666666666666,1.0
3248,65862,Louis King,Oregon,0.6666666666666666,0.38461538461538464,0.32432432432432434,0.864406779661017
3249,65863,George Maslennikov,DePaul,0.0,1.0,0.0,0.0
3250,65864,Alonzo Sule,Texas St.,0.8,0.6833333333333333,0.625,0.0
3251,65865,Ja'Shon Henry,Bradley,0.6666666666666666,0.53125,0.5555555555555556,1.0
3252,65866,Darius McGhee,Liberty,0.3333333333333333,0.4090909090909091,0.0,0.8214285714285714
3253,65867,Rasir Bolton,Penn St.,0.0,0.04878048780487805,0.25,0.75
3254,65869,Ari Boya,Bradley,1.0,0.8571428571428571,0.0,0.0
3255,65870,Eli Parquet,Colorado,0.0,0.25,0.0,1.0
3256,65871,Samuel Chaput,Monmouth,0.0,0.05555555555555555,0.25,1.0
3257,65872,Nikkei Rutty,Monmouth,0.0,0.9090909090909091,1.0,0.0
3258,65873,Raheem Solomon,Niagara,0.0,0.20833333333333334,0.0,0.74
3259,65874,Marcus Hammond,Niagara,0.0,0.0,0.14285714285714285,0.75
3260,65877,Ajiri Johnson,Rider,0.7142857142857143,0.6666666666666666,1.0,0.0
3261,65879,Jalen Pickett,Siena,0.0,0.07692307692307693,0.05555555555555555,0.3384615384615385
3262,65880,Ousmane Ndim,LIU,0.0,0.0,0.0,0.0
3263,65881,Glenn Morison,Cal Baptist,1.0,0.6666666666666666,1.0,0.0
3264,65882,Anthony Mack,Miami FL,0.0,0.8333333333333334,0.5,0.8333333333333334
3265,65883,Justin Bean,Utah St.,0.6666666666666666,0.6875,0.8571428571428571,0.0
3266,65884,Emanuel Hylton,San Diego,0.0,0.0,0.0,0.0
3267,65886,Jordan Gaitley,Richmond,0.0,0.0,0.0,0.0
3268,65887,Bryce Schneider,Richmond,0.0,0.0,0.0,1.0
3269,65888,Cole Swider,Villanova,0.0,0.75,0.6666666666666666,1.0
3270,65889,Saddiq Bey,Villanova,0.631578947368421,0.38636363636363635,0.0625,1.0
3271,65890,Jake Forrester,Indiana,1.0,0.8,0.5,0.0
3272,65891,Romeo Langford,Indiana,0.8,0.24175824175824176,0.25,0.6470588235294118
3273,65893,Rob Phinisee,Indiana,1.0,0.1276595744680851,0.25,0.8518518518518519
3274,65894,Dragan Elkaz,UC Riverside,0.0,0.5,0.5555555555555556,0.8852459016393442
3275,65895,Damezi Anderson,Indiana,0.0,0.5,0.0,0.8571428571428571
3276,65896,Tuukka Jaakkola,Cal Poly,0.75,0.6818181818181818,0.5,0.0
3277,65898,Matthew Urbach,James Madison,0.0,0.5,1.0,1.0
3278,65899,Tim Finke,Grand Canyon,0.75,0.5714285714285714,0.5,0.8235294117647058
3279,65900,Kai Toews,UNC Wilmington,0.0,0.05172413793103448,0.0,0.6470588235294118
3280,65901,Devon Flowers,James Madison,0.0,0.0,0.0,0.0
3281,65902,Deshon Parker,James Madison,0.0,0.15384615384615385,0.0,0.7272727272727273
3282,65903,Warren Williams,Manhattan,0.75,0.5858585858585859,0.5,0.0
3283,65904,Andrija Ristanovic,Iona,1.0,0.8,0.4,0.9565217391304348
3284,65905,Taurus Samuels,Dartmouth,0.0,0.26666666666666666,0.0,0.95
3285,65906,Robert Woodard,Mississippi St.,0.5714285714285714,0.5333333333333333,0.4375,1.0
3286,65907,Markquis Nowell,Little Rock,0.0,0.2,0.07692307692307693,0.75
3287,65908,Kamani Johnson,Little Rock,0.7777777777777778,0.5531914893617021,0.5,0.0
3288,65909,Tomas Verbinskis,Richmond,0.0,0.0,0.0,1.0
3289,65910,Kobe Wilson,Arkansas St.,0.0,0.0,0.0,0.6363636363636364
3290,65911,Adrian Delph,Appalachian St.,0.5,0.2,0.2,0.9333333333333333
3291,65912,Breki Gylfason,Appalachian St.,0.0,0.6666666666666666,0.0,0.9
3292,65913,Ben Pyle,Western Illinois,0.0,0.125,0.0,0.9523809523809523
3293,65914,Luis Rodriguez,Mississippi,0.5,0.125,0.0,0.0
3294,65915,Reggie Perry,Mississippi St.,0.9090909090909091,0.6417910447761194,0.45,1.0
3295,65917,Hassan Ceesay,Stony Brook,0.0,0.5,0.0,0.0
3296,65918,Amari Kelly,Duquesne,0.8,0.6111111111111112,0.3333333333333333,1.0
3297,65919,Darius Garland,Vanderbilt,0.0,0.2,0.0,0.5454545454545454
3298,65920,Rico Ozuna-Harrison,Michigan,0.0,0.0,0.0,0.0
3299,65922,Sidney Wilson,Connecticut,0.5833333333333334,0.5,0.25,1.0
3300,65923,Tyler Harris,Memphis,0.0,0.22580645161290322,0.05263157894736842,0.7468354430379747
3301,65924,Alex Lomax,Memphis,0.0,0.2903225806451613,0.22727272727272727,0.7142857142857143
3302,65925,Antwann Jones,Memphis,0.0,0.3448275862068966,0.3333333333333333,1.0
3303,65929,Xavier Castaneda,South Florida,0.0,0.14285714285714285,0.07692307692307693,0.9333333333333333
3304,65930,Michael Durr,South Florida,0.7692307692307693,0.5409836065573771,0.4666666666666667,0.0
3305,65932,Race Thompson,Indiana,0.0,1.0,0.0,0.0
3306,65933,Jabari Rice,New Mexico St.,1.0,0.16666666666666666,0.0,0.75
3307,65934,Kylor Kelley,Oregon St.,0.9444444444444444,0.7051282051282052,0.8181818181818182,0.0
3308,65935,Jack Wilson,Oregon St.,0.0,0.0,0.0,0.0
3309,65936,Warren Washington,Oregon St.,0.8333333333333334,0.7142857142857143,0.0,0.0
3310,65937,Jaiden Delaire,Stanford,0.8333333333333334,0.48,0.5,1.0
3311,65939,Ingvi Gudmundsson,Saint Louis,0.0,0.0,0.0,0.0
3312,65940,Lukas Kisunas,Stanford,1.0,0.7058823529411765,0.0,0.0
3313,65941,Cormac Ryan,Stanford,0.0,0.36363636363636365,0.16666666666666666,0.8775510204081632
3314,65942,Justin Bofenkamp,Youngstown St.,0.0,0.0,0.0,1.0
3315,65943,DaQuan Smith,Murray St.,0.0,0.0,0.0,0.0
3316,65945,Ja'Cori Wilson,Morehead St.,1.0,0.8333333333333334,0.0,0.8571428571428571
3317,65946,Tayler Mattos,Bowling Green,0.0,0.3333333333333333,0.0,0.0
3318,65947,Caleb Fields,Bowling Green,0.0,0.14285714285714285,0.3333333333333333,0.9285714285714286
3319,65948,Brandon Porter,Wyoming,0.0,0.4,0.0,0.9285714285714286
3320,65949,Trevon Taylor,Wyoming,1.0,0.4375,0.2,0.9411764705882353
3321,65950,Tariq Johnson,Wyoming,0.0,1.0,0.0,1.0
3322,65952,Connor Harding,BYU,0.4,0.39473684210526316,0.4444444444444444,0.9523809523809523
3323,65953,AJ Green,Northern Iowa,0.0,0.09523809523809523,0.024390243902439025,0.46875
3324,65955,Jordan Phillips,Arkansas,0.0,0.0,0.5,0.0
3325,65956,Luke Nedrow,Marist,0.0,0.5555555555555556,0.25,1.0
3326,65957,Matthew Herasme,Marist,0.0,0.5714285714285714,0.0,1.0
3327,65958,Darius Hines,Marist,0.0,0.36363636363636365,0.20512820512820512,0.6818181818181818
3328,65959,Samir Stewart,Manhattan,0.0,0.25,0.0,0.7755102040816326
3329,65960,Daniel Schreier,Manhattan,0.0,0.5,0.0,1.0
3330,65961,Christian Hinckson,Manhattan,1.0,0.3142857142857143,0.0,1.0
3331,65962,Elijah Buchanan,Manhattan,0.0,0.25,0.4,1.0
3332,65963,Ochai Agbaji,Kansas,0.8666666666666667,0.5135135135135135,0.1,0.8695652173913043
3333,65964,Joey Calcaterra,San Diego,0.0,0.5714285714285714,0.6666666666666666,1.0
3334,65966,Hugh Hogland,Portland,0.5714285714285714,0.3611111111111111,0.3076923076923077,0.0
3335,65967,Takiula Fahrensohn,Portland,0.0,0.0,0.0,1.0
3336,65968,David Wingett,Memphis,0.0,0.0,0.0,0.0
3337,65969,Jamari Blackmon,North Alabama,0.0,0.16326530612244897,0.0,0.5862068965517241
3338,65970,Juan Munoz,Longwood,0.0,0.0,0.0,0.7105263157894737
3339,65971,Jeenathan Williams,Buffalo,0.75,0.42424242424242425,0.16666666666666666,1.0
3340,65972,Nevin Zink,USC Upstate,0.9090909090909091,0.5510204081632653,0.5,0.0
3341,65974,Ronaldo Segu,Buffalo,0.0,0.07692307692307693,0.0,0.9
3342,65975,Brandon Martin,USC Upstate,1.0,0.6,0.40625,1.0
3343,65976,Bryson Mozone,USC Upstate,0.0,1.0,0.5,0.9545454545454546
3344,65977,Ross Ryan,USC Upstate,1.0,0.6,0.75,1.0
3345,65978,Nick Muszynski,Belmont,0.8918918918918919,0.6928571428571428,0.42857142857142855,0.875
3346,65979,Tate Pierson,Belmont,0.0,0.6666666666666666,0.0,1.0
3347,65980,Michael Mayernick,Belmont,0.0,0.0,0.0,0.0
3348,65982,Alanzo Frink,South Carolina,0.0,0.3333333333333333,0.0,1.0
3349,65983,Keyshawn Bryant,South Carolina,0.48,0.2878787878787879,0.15,1.0
3350,65984,Ryan Rocuant,Florida Gulf Coast,0.0,0.0,0.0,0.0
3351,65985,Jaylen Sims,UNC Wilmington,0.0,0.16666666666666666,0.5,0.896551724137931
3352,65987,Jack Hoiberg,Michigan St.,0.0,0.0,0.0,0.5
3353,65989,Brian White,Northwestern St.,0.0,0.2222222222222222,0.0,0.7272727272727273
3354,65990,Ryan Krueger,South Dakota St.,0.0,0.5,0.0,0.9090909090909091
3355,65991,Joe Bryant Jr.,Norfolk St.,0.0,0.0,0.0,0.4
3356,65992,Jahmel Myers,New Orleans,0.8333333333333334,0.5428571428571428,0.75,1.0
3357,65993,Amari Haynes,New Orleans,0.0,0.5,0.4444444444444444,0.0
3358,65997,Tyron Brewer,Southeastern Louisiana,1.0,0.75,0.5454545454545454,1.0
3359,65998,Parker Edwards,Southeastern Louisiana,0.0,0.0,0.6666666666666666,0.85
3360,65999,Ethan Igbanugo,North Dakota,0.0,1.0,1.0,1.0
3361,66001,Aanen Moody,North Dakota,0.0,0.125,0.375,0.9710144927536232
3362,66002,Francis Lacis,Oral Roberts,0.0,0.1,0.3333333333333333,1.0
3363,66003,David Pierce,Coastal Carolina,0.0,0.4,0.0,0.7777777777777778
3364,66004,David Kralj,Coastal Carolina,0.0,0.3076923076923077,0.14285714285714285,0.75
3365,66005,Malik LeGania,Coastal Carolina,0.0,0.0,0.0,0.0
3366,66006,Devante Jones,Coastal Carolina,0.0,0.3333333333333333,0.07142857142857142,0.6857142857142857
3367,66007,Lamine Diane,Cal St. Northridge,0.6885245901639344,0.37055837563451777,0.21323529411764705,0.7142857142857143
3368,66008,EJ Montgomery,Kentucky,0.6666666666666666,0.5,0.7142857142857143,1.0
3369,66009,Zach Naylor,Mississippi,1.0,0.6666666666666666,0.0,1.0
3370,66010,Blake Hinson,Mississippi,1.0,0.8,0.3333333333333333,0.9347826086956522
3371,66011,KJ Buffen,Mississippi,0.6666666666666666,0.4090909090909091,0.35,0.75
3372,66013,Tykei Greene,Manhattan,0.5,0.2702702702702703,0.0,0.9047619047619048
3373,66014,KC Hankton,Saint Louis,0.0,0.3333333333333333,0.5,1.0
3374,66015,Brendan Adams,Connecticut,0.0,0.2222222222222222,0.25,0.8333333333333334
3375,66016,Ed Ferguson,North Carolina A&T,0.0,0.0,0.0,0.0
3376,66018,Brock Washington,Michigan St.,0.0,0.0,0.0,0.0
3377,66019,Aguir Agau,Fresno St.,0.75,0.5416666666666666,0.0,1.0
3378,66020,Andrew Ferguson,San Diego,1.0,1.0,0.3333333333333333,0.875
3379,66021,Josh Alexander,American,0.0,0.43333333333333335,0.36363636363636365,1.0
3380,66022,Mason Cooper,Eastern Kentucky,0.0,0.0,0.0,0.0
3381,66023,Demarius Jacobs,Saint Louis,0.0,0.0,0.0,1.0
3382,66024,Joel Ntambwe,UNLV,0.0,0.28125,0.3488372093023256,0.8409090909090909
3383,66025,Jonathan Tchamwa Tchatchoua,UNLV,0.8461538461538461,0.5,0.4166666666666667,0.0
3384,66026,Fred Thatch Jr.,Saint Louis,0.3333333333333333,0.5,0.3333333333333333,1.0
3385,66027,Antoine Vernon,Oregon St.,0.0,0.0,0.0,0.8888888888888888
3386,66028,Sasha Sukhanov,Morehead St.,0.0,1.0,1.0,0.0
3387,66029,Malik Riddle,Morehead St.,0.5,0.4166666666666667,0.2857142857142857,1.0
3388,66031,Javon Freeman-Liberty,Valparaiso,0.8,0.47761194029850745,0.14285714285714285,0.84
3389,66032,De'Torrion Ware,Jacksonville St.,1.0,0.4,0.0,0.8235294117647058
3390,66033,Jahbril Price-Noel,Pacific,0.0,0.5,0.0,0.8
3391,66034,Ajare Sanni,Pacific,0.0,0.3125,0.3,0.9259259259259259
3392,66035,Filip Petrusev,Gonzaga,0.9,0.75,0.7,1.0
3393,66036,Darryl Polk Jr.,Pepperdine,0.0,0.3125,0.14285714285714285,0.7647058823529411
3394,66037,A.J. Reeves,Providence,0.8571428571428571,0.5666666666666667,0.6,0.9777777777777777
3395,66038,Jimmy Nichols Jr.,Providence,0.5,0.4,0.375,0.8
3396,66039,DeShaun Wade,East Carolina,0.0,1.0,0.0,0.9
3397,66040,David Duke,Providence,1.0,0.42592592592592593,0.0,1.0
3398,66041,Ian Krishnan,Central Connecticut,0.0,0.1875,0.25,0.9090909090909091
3399,66042,Will Ellis,Central Connecticut,0.0,0.0,0.0,0.5
3400,66043,Joe Kasperzyk,Bryant,0.3333333333333333,0.10465116279069768,0.0,0.5294117647058824
3401,66044,Patrick Harding,Bryant,0.0,0.6538461538461539,0.8333333333333334,0.0
3402,66045,Nino Hernandez,Bryant,0.0,0.15384615384615385,0.0,0.0
3403,66047,Jack Hansen,IU Indy,0.0,0.6,1.0,0.8461538461538461
3404,66048,Brandon Kenyon,IU Indy,0.0,1.0,0.0,0.0
3405,66049,Aleksa Popovic,Cleveland St.,0.0,0.5,0.5,1.0
3406,66050,Dibaji Walker,Cleveland St.,0.0,0.25,0.14285714285714285,0.9473684210526315
3407,66051,Jayden Gardner,East Carolina,0.5,0.5535714285714286,0.5576923076923077,0.5
3408,66052,Gavin Baxter,BYU,0.88,0.7254901960784313,0.3333333333333333,1.0
3409,66053,Dave Morris,Tennessee St.,0.0,0.1,0.0,0.6470588235294118
3410,66054,Everette Hammond,USC Upstate,0.0,0.4230769230769231,0.1,0.8214285714285714
3411,66055,Ibn Williams,Coppin St.,0.0,0.1,0.0,0.8333333333333334
3412,66056,Tolu Smith,Western Kentucky,0.7142857142857143,0.5806451612903226,0.25,0.0
3413,66057,Trevelin Queen,New Mexico St.,0.6818181818181818,0.5135135135135135,0.2,0.5925925925925926
3414,66058,Brendan Medley-Bacon,Coppin St.,0.8571428571428571,0.5263157894736842,0.25,1.0
3415,66059,Justin Steers,Coppin St.,0.7692307692307693,0.5106382978723404,0.18181818181818182,0.8
3416,66060,Nigel Marshall,Coppin St.,0.0,0.09523809523809523,0.10526315789473684,0.625
3417,66061,Giir Ring,Coppin St.,0.0,0.75,0.0,1.0
3418,66062,T.J. Moss,South Carolina,0.0,0.3333333333333333,0.2,1.0
3419,66063,A.J. Lawson,South Carolina,0.5,0.25,0.09523809523809523,0.9111111111111111
3420,66064,Xavier Pinson,Missouri,0.0,0.047619047619047616,0.0625,0.5769230769230769
3421,66065,Torrence Watson,Missouri,0.0,0.21428571428571427,0.3333333333333333,0.9622641509433962
3422,66068,Emmitt Williams,LSU,0.6956521739130435,0.6666666666666666,0.5,1.0
3423,66069,Darius Days,LSU,0.75,0.5,1.0,0.9615384615384616
3424,66070,Kamaka Hepa,Texas,1.0,0.6666666666666666,0.0,0.9230769230769231
3425,66071,Rashawn Fredericks,Cincinnati,0.75,0.4375,0.4,1.0
3426,66072,KJ Williams,Murray St.,0.875,0.7586206896551724,0.9,1.0
3427,66074,Gio Nelson,UC Davis,0.0,0.0,0.0,1.0
3428,66075,TJ Massenburg,Middle Tennessee,0.5,0.25,1.0,0.0
3429,66076,Dalin Williams,Northwestern St.,0.0,0.4166666666666667,0.0,0.0
3430,66077,Alou Dillon,South Dakota St.,1.0,0.6666666666666666,1.0,0.0
3431,66078,Filip Fullerton,Portland St.,0.0,0.0,0.0,0.0
3432,66079,Austin Richie,Northern Illinois,0.0,0.75,0.6,0.9166666666666666
3433,66081,Jalen Hodge,Louisiana Monroe,0.0,0.0,0.0,1.0
3434,66082,Adili Kuerban,Kennesaw St.,0.0,0.0,0.0,0.0
3435,66083,Michael Dunne,Hartford,0.0,0.0,0.0,1.0
3436,66084,Darius Kinnel,Hartford,0.0,0.0,0.0,0.0
3437,66086,R.J. Gladney,Louisiana,0.0,0.5,1.0,0.0
3438,66087,Kristian Lafayette,Louisiana,0.0,0.75,0.0,1.0
3439,66088,JD Williams,Louisiana Monroe,0.6842105263157895,0.4567901234567901,0.14285714285714285,0.9761904761904762
3440,66089,Jacob Boonyasith,American,0.0,0.3076923076923077,0.25,0.8148148148148148
3441,66090,Grehlon Easter,Lamar,0.0,0.4,0.25,1.0
3442,66091,Ashton Hagans,Kentucky,0.0,0.16923076923076924,0.23809523809523808,0.9285714285714286
3443,66092,Keldon Johnson,Kentucky,0.5625,0.3188405797101449,0.39655172413793105,0.9555555555555556
3444,66093,Amanze Ngumezi,Georgia,0.8,0.8,0.45454545454545453,0.8333333333333334
3445,66094,Jojo Toppin,Georgia,1.0,0.3333333333333333,1.0,1.0
3446,66095,Tye Fagan,Georgia,1.0,0.2916666666666667,0.0,1.0
3447,66096,Noah Locke,Florida,0.0,0.16666666666666666,0.2692307692307692,0.8641975308641975
3448,66097,Keyontae Johnson,Florida,0.7142857142857143,0.4305555555555556,0.25,1.0
3449,66098,Andrew Nembhard,Florida,0.0,0.3617021276595745,0.041666666666666664,0.8
3450,66099,Tyrone Lyons,North Carolina A&T,0.8,0.5,0.4444444444444444,0.75
3451,66100,Trace Young,Wyoming,0.75,0.4375,0.0,0.5652173913043478
3452,66101,Casmir Ochiaka,Loyola MD,1.0,0.7435897435897436,0.0,0.0
3453,66102,Tyeshon Martin,Indiana St.,0.0,1.0,0.0,1.0
3454,66103,Christian Agnew,North Alabama,0.0,0.13333333333333333,0.21739130434782608,0.5217391304347826
3455,66104,Brady Heiman,Nebraska,1.0,0.8421052631578947,0.75,0.0
3456,66105,Ryan Greer,Northwestern,0.0,0.2222222222222222,0.5,1.0
3457,66106,Jarvis Omersa,Minnesota,1.0,0.9,0.0,0.0
3458,66107,Gabe Kalscheur,Minnesota,0.0,0.5652173913043478,0.4444444444444444,0.935064935064935
3459,66108,Gabe Brown,Michigan St.,0.0,0.8333333333333334,1.0,1.0
3460,66110,Daniel Oturu,Minnesota,0.8064516129032258,0.5968992248062015,0.6363636363636364,0.0
3461,66111,Amir Harris,Nebraska,0.75,0.4782608695652174,0.0,0.0
3462,66112,Flo Thamba,Baylor,1.0,0.9230769230769231,0.42857142857142855,0.0
3463,66113,Jared Butler,Baylor,0.0,0.225,0.11764705882352941,0.5833333333333334
3464,66114,Osun Osunniyi,St. Bonaventure,0.8648648648648649,0.6043956043956044,0.7142857142857143,0.0
3465,66115,Vince Williams,VCU,0.3333333333333333,0.4444444444444444,0.25,1.0
3466,66116,P.J. Byrd,VCU,0.0,0.0,0.0,0.75
3467,66117,Darius Beane,Southern Illinois,0.5,0.06666666666666667,0.2,0.9166666666666666
3468,66119,Cam Jones,Jacksonville St.,0.0,1.0,0.0,0.0
3469,66120,Jomaru Brown,Eastern Kentucky,0.6,0.21875,0.12244897959183673,0.9142857142857143
3470,66121,Tre King,Eastern Kentucky,0.8666666666666667,0.6486486486486487,0.375,0.75
3471,66122,Houston King,Eastern Kentucky,0.0,0.2857142857142857,0.125,0.5769230769230769
3472,66123,Maros Zeliznak,Jacksonville St.,1.0,0.625,0.75,0.0
3473,66124,Tauriawn Knight,Utah St.,0.0,0.2222222222222222,0.2222222222222222,1.0
3474,66125,Cameron Tyson,Idaho,0.0,0.35294117647058826,0.0,0.8369565217391305
3475,66126,Khadim Samb,Idaho,0.5,0.35714285714285715,0.5,0.8571428571428571
3476,66128,RayQuawndis Mitchell,Idaho,0.0,0.2,0.2,0.96
3477,66129,Ben Fakira,Utah St.,0.0,0.5,0.0,1.0
3478,66130,Anthony Davis Jr.,Arkansas Pine Bluff,0.0,0.25,1.0,1.0
3479,66132,Victor Ohia Obioha,Pepperdine,0.9,0.75,1.0,0.0
3480,66133,Jackson Stormo,Pepperdine,1.0,0.8571428571428571,0.0,0.0
3481,66134,Josh Phillips,Portland,1.0,1.0,0.0,0.0
3482,66136,Gus Okafor,Longwood,1.0,0.7142857142857143,1.0,1.0
3483,66138,Ludovic Dufeal,Gardner Webb,1.0,0.8,0.0,0.0
3484,66140,Curtis Holland III,High Point,1.0,0.3125,0.5625,0.8928571428571429
3485,66141,Rob Peterson III,High Point,0.0,0.3333333333333333,1.0,1.0
3486,66143,LJ Thorpe,UNC Asheville,0.0,0.038461538461538464,0.0,0.8
3487,66144,Trevon Faulkner,Northern Kentucky,1.0,0.6590909090909091,0.9166666666666666,0.8571428571428571
3488,66145,Adrian Nelson,Northern Kentucky,1.0,0.7307692307692307,1.0,0.0
3489,66146,Braden Norris,Oakland,0.0,0.16666666666666666,0.3333333333333333,0.796875
3490,66147,Bryant Mocaby,Northern Kentucky,0.0,1.0,0.0,1.0
3491,66148,Nick Honor,Fordham,0.0,0.04081632653061224,0.08163265306122448,0.38235294117647056
3492,66149,Harrison Butler,Southern Utah,0.6153846153846154,0.3522727272727273,0.0,1.0
3493,66150,Serrel Smith Jr.,Maryland,0.0,0.25,0.42857142857142855,0.95
3494,66151,Josh Cornish,Southern Utah,0.0,0.0,0.0,0.0
3495,66152,Sasha Stefanovic,Purdue,0.0,0.5,1.0,0.92
3496,66153,Austin Rotroff,Duquesne,0.6666666666666666,0.7727272727272727,0.6666666666666666,1.0
3497,66154,Chance Moore,Wichita St.,0.0,0.0,0.0,0.0
3498,66155,Jared Sherfield,Tennessee Tech,0.2727272727272727,0.38461538461538464,0.0,0.9333333333333333
3499,66156,Richard Njoku,Navy,1.0,0.8571428571428571,0.5,0.0
3500,66157,Marlon Taylor,LSU,0.6046511627906976,0.5254237288135594,0.2857142857142857,0.8666666666666667
3501,66158,Dren Dedushaj,Bryant,0.0,0.0,0.0,0.0
3502,66159,Jaylin Andrews,Loyola MD,0.0,0.28,0.38461538461538464,0.9655172413793104
3503,66160,Jan Dornik,Loyola MD,1.0,1.0,0.0,1.0
3504,66161,Kenny Jones,Loyola MD,0.0,0.36363636363636365,0.23076923076923078,0.775
3505,66162,Naz Reid,LSU,0.7575757575757576,0.43956043956043955,0.25,0.8571428571428571
3506,66163,Ja'vonte Smart,LSU,0.0,0.125,0.047619047619047616,0.6097560975609756
3507,66164,Lazar Skoric,Fordham,0.0,0.0,0.0,1.0
3508,66165,Akim-Jamal Jonah,San Diego,0.0,0.0,1.0,0.0
3509,66166,Tray Maddox Jr.,Oakland,0.2857142857142857,0.2727272727272727,0.16666666666666666,0.8695652173913043
3510,66168,Malik Martin,Charlotte,0.0,0.36585365853658536,0.125,1.0
3511,66169,Cooper Robb,Charlotte,0.0,0.4,0.25,0.7692307692307693
3512,66170,Brandon Younger,Charlotte,1.0,0.18181818181818182,0.09090909090909091,1.0
3513,66171,Jaylen Sebree,Florida Atlantic,1.0,0.5,0.14285714285714285,0.6923076923076923
3514,66172,James Akinjo,Georgetown,0.0,0.0625,0.1590909090909091,0.6153846153846154
3515,66173,Simi Shittu,Vanderbilt,0.6842105263157895,0.53,0.3,1.0
3516,66174,Aaron Nesmith,Vanderbilt,0.45454545454545453,0.2619047619047619,0.23076923076923078,0.864406779661017
3517,66175,Dravon Mangum,Charlotte,0.6,0.375,0.3333333333333333,1.0
3518,66176,Tyshaun Crawford,Georgia Southern,1.0,0.4,0.0,0.0
3519,66177,Khalil Cuffee,Southeast Missouri St.,0.0,0.0,0.0,0.5
3520,66178,Zep Jasper,Charleston,0.0,0.1,0.16666666666666666,0.9393939393939394
3521,66180,Kavonte Ivery,Georgia St.,0.0,0.0,0.0,0.0
3522,66182,Calvin Wishart,Georgia Southern,0.0,0.2857142857142857,0.0,0.8235294117647058
3523,66183,Elijah McCadden,Georgia Southern,0.6666666666666666,0.4358974358974359,0.16666666666666666,1.0
3524,66185,Horace Wyatt Jr.,Little Rock,0.75,0.9090909090909091,1.0,1.0
3525,66186,Nelson Phillips,Georgia St.,0.6666666666666666,0.40425531914893614,0.0,0.6
3526,66187,Milos Apic,Long Beach St.,0.0,0.0,0.0,0.0
3527,66188,Justin Hemsley,Hawaii,0.0,0.0,0.0,1.0
3528,66189,Justin Brown,Chattanooga,1.0,0.4375,0.25,0.0
3529,66190,Jared Bynum,Saint Joseph's,0.0,0.045454545454545456,0.0,0.42424242424242425
3530,66191,Jake Wojcik,Richmond,0.0,0.8,0.16666666666666666,0.890625
3531,66192,Souleymane Koureissi,Richmond,0.0,0.4666666666666667,1.0,1.0
3532,66193,Andre Gustavson,Richmond,1.0,0.4722222222222222,0.2,1.0
3533,66194,Matt Grace,Richmond,0.0,0.7777777777777778,0.0,1.0
3534,66195,Sy Chatman,Massachusetts,0.7,0.6176470588235294,1.0,1.0
3535,66196,Omar Silverio,Rhode Island,0.0,0.6,0.3333333333333333,0.9
3536,66197,Tre Wood,Massachusetts,0.0,0.2222222222222222,0.2,1.0
3537,66198,Samba Diallo,Massachusetts,0.0,0.5185185185185185,0.6666666666666666,1.0
3538,66199,Lewis Wang,Maine,0.0,1.0,0.0,1.0
3539,66200,Michael Devoe,Georgia Tech,0.0,0.3137254901960784,0.25,0.9761904761904762
3540,66201,Diego Willis,NJIT,0.0,1.0,0.4,0.8333333333333334
3541,66202,Joey Baker,Duke,0.0,0.0,0.0,1.0
3542,66203,Devin Vassell,Florida St.,0.8333333333333334,0.4583333333333333,0.0,1.0
3543,66207,Daniil Kasatkin,Penn St.,0.0,0.0,0.0,0.0
3544,66208,Myles Dread,Penn St.,0.0,0.3,0.38461538461538464,0.9104477611940298
3545,66210,Miller Kopp,Northwestern,0.5,0.64,0.4166666666666667,1.0
3546,66211,Luther Muhammad,Ohio St.,0.0,0.041666666666666664,0.34782608695652173,0.8055555555555556
3547,66212,Pete Nance,Northwestern,1.0,0.625,0.625,0.8
3548,66213,Justin Ahrens,Ohio St.,1.0,0.5,0.0,0.9473684210526315
3549,66214,Duane Washington Jr.,Ohio St.,0.875,0.38235294117647056,0.0,0.8536585365853658
3550,66215,Myreon Jones,Penn St.,0.0,0.5333333333333333,0.3333333333333333,0.8888888888888888
3551,66216,Jaedon LeDee,Ohio St.,1.0,0.7142857142857143,0.75,0.0
3552,66217,Alpha Okoli,St. Bonaventure,0.0,0.2857142857142857,0.0,0.6666666666666666
3553,66218,John Knight III,Utah St.,0.5,0.34782608695652173,0.0,1.0
3554,66219,Jules Bernard,UCLA,1.0,0.20454545454545456,0.3333333333333333,0.7391304347826086
3555,66220,Moses Brown,UCLA,0.6338028169014085,0.5327868852459017,0.45454545454545453,0.0
3556,66221,Kyle Lofton,St. Bonaventure,1.0,0.25,0.19047619047619047,0.7631578947368421
3557,66222,Kenneth Nwuba,UCLA,1.0,1.0,0.0,0.0
3558,66223,Ben Harvey,Eastern Illinois,0.5,0.5882352941176471,0.41935483870967744,0.6666666666666666
3559,66224,Kabir Mohammed,Missouri St.,1.0,0.3157894736842105,0.3,0.5
3560,66225,Jordan McCabe,West Virginia,0.0,0.3333333333333333,0.3157894736842105,0.7727272727272727
3561,66226,Emmitt Matthews Jr.,West Virginia,0.8,0.4594594594594595,0.6,1.0
3562,66227,Austin Fadal,Eastern Washington,0.0,0.1111111111111111,0.375,0.625
3563,66228,Trey Doomes,West Virginia,0.0,0.5,0.3333333333333333,0.0
3564,66229,Derek Culver,West Virginia,0.8333333333333334,0.34782608695652173,0.47058823529411764,0.0
3565,66231,Elijah Jackson,Eastern Washington,1.0,0.4,0.0,1.0
3566,66232,Brendan Thiele,Army,0.0,0.0,0.0,0.0
3567,66233,Cameron Copeland,North Florida,0.0,0.3333333333333333,0.0,1.0
3568,66234,Carter Hendricksen,North Florida,1.0,0.2727272727272727,0.5,0.9166666666666666
3569,66236,Dylan Belquist,San Francisco,0.0,0.0,0.0,0.0
3570,66237,Trevante Anderson,San Francisco,0.0,0.0,0.0,1.0
3571,66238,Dan Fotu,Saint Mary's,0.0,0.2,1.0,1.0
3572,66239,Alex Mudronja,Saint Mary's,0.0,0.6666666666666666,0.0,1.0
3573,66240,Matthias Tass,Saint Mary's,1.0,0.6764705882352942,0.26666666666666666,1.0
3574,66241,Quinn Clinton,Saint Mary's,0.0,1.0,0.0,0.8333333333333334
3575,66242,Brendan Bailey,Marquette,0.5,0.2631578947368421,0.25,0.8125
3576,66243,Ugo Obineke,Kennesaw St.,1.0,0.47058823529411764,0.6111111111111112,0.0
3577,66244,Antonio Spencer,Kennesaw St.,0.9166666666666666,0.64,0.6666666666666666,0.0
3578,66245,Dane Goodwin,Notre Dame,0.0,0.5333333333333333,0.4375,0.9583333333333334
3579,66246,Malik Jefferson,Mount St. Mary's,0.9090909090909091,0.6288659793814433,0.21428571428571427,0.0
3580,66247,Dee Barnes,Mount St. Mary's,0.0,0.4117647058823529,0.14285714285714285,0.8888888888888888
3581,66248,Martin Poulsen,Mount St. Mary's,0.0,0.5,0.0,0.0
3582,66249,Collin Nnamene,Mount St. Mary's,0.8,0.7058823529411765,0.375,1.0
3583,66250,Kris Wooten,Elon,0.0,0.2,0.0,0.9512195121951219
3584,66251,Bryce Washington,Penn,0.0,0.5625,0.0,0.9591836734693877
3585,66252,Anthony Crump,Middle Tennessee,0.0,0.0,0.0,0.0
3586,66254,Wayne Arnold,Cal St. Fullerton,0.0,0.7142857142857143,0.14285714285714285,0.9230769230769231
3587,66255,Elijah Harkless,Cal St. Northridge,0.0,0.18181818181818182,0.16666666666666666,1.0
3588,66256,Darius Brown II,Cal St. Northridge,0.0,0.5306122448979592,0.36363636363636365,0.7777777777777778
3589,66257,Teddy Ochieng,Cal St. Northridge,0.0,1.0,1.0,0.0
3590,66259,Michael Ou,Cal St. Northridge,1.0,0.5789473684210527,0.2857142857142857,0.0
3591,66261,Ian Steere,N.C. State,1.0,1.0,0.0,0.0
3592,66262,James Manns,Wright St.,0.0,0.0,0.6666666666666666,0.8
3593,66263,Jeameril Wilson,Lehigh,0.625,0.5609756097560976,0.0,0.8888888888888888
3594,66264,Tyrone Perry,Lafayette,0.0,0.5714285714285714,0.0,0.9285714285714286
3595,66265,Sean Good,Lafayette,1.0,0.46153846153846156,0.0,0.0
3596,66267,Nic Lynch,Lehigh,0.5,0.6764705882352942,0.7333333333333333,0.0
3597,66268,Blake Harris,N.C. State,0.0,0.15384615384615385,0.0,0.75
3598,66269,Manny Dixon,Saint Peter's,0.0,0.4782608695652174,0.0,0.8888888888888888
3599,66270,Ryan O'Leary,Rider,0.0,0.0,0.0,0.0
3600,66271,Logan Hill,Toledo,0.0,0.0,0.0,0.0
3601,66272,Mark Jackson,Penn,0.0,0.0,0.0,0.0
3602,66273,Trey McGowens,Pittsburgh,0.42857142857142855,0.23529411764705882,0.23076923076923078,0.78125
3603,66274,Quentin Guliford,Montana St.,0.0,0.4,1.0,1.0
3604,66276,Ladarius Marshall,Southern Miss,1.0,1.0,0.0,0.0
3605,66277,Kristian Sjolund,Georgia Tech,1.0,0.8,0.0,0.8
3606,66278,Jared Rice,Cal Poly,0.0,0.0,0.0,1.0
3607,66279,D.J. Myers,Western Carolina,1.0,0.5217391304347826,0.0,0.0
3608,66280,Kameron Gibson,Western Carolina,0.0,0.1,0.05263157894736842,0.6883116883116883
3609,66281,Jake Stephens,VMI,0.0,0.6363636363636364,0.6666666666666666,0.975
3610,66282,Carlos Dotson,Western Carolina,0.0,0.41007194244604317,0.14285714285714285,0.0
3611,66283,Ryan Larson,Wofford,0.0,0.0,0.14285714285714285,0.625
3612,66284,Josh Cottrell,Western Carolina,0.0,0.0,1.0,0.9130434782608695
3613,66287,Kris Monroe,Providence,0.0,0.0,1.0,1.0
3614,66288,SK Shittu,Central Arkansas,1.0,0.45454545454545453,0.4166666666666667,1.0
3615,66289,Jericole Hellems,N.C. State,1.0,0.5555555555555556,0.4090909090909091,0.9545454545454546
3616,66290,Isaiah Stokes,Florida,0.0,0.2777777777777778,0.2,0.0
3617,66292,Tyrese Martin,Rhode Island,0.7777777777777778,0.423728813559322,0.8571428571428571,0.9696969696969697
3618,66293,Dana Tate,Rhode Island,0.5,0.5357142857142857,0.5454545454545454,0.8666666666666667
3619,66294,Jamal Hartwell II,George Mason,0.0,1.0,0.25,0.88
3620,66295,Jordan Miller,George Mason,0.625,0.49206349206349204,0.0,1.0
3621,66296,Jason Douglas-Stanley,George Mason,0.0,0.0,0.0,1.0
3622,66297,Marcus Littles,George Washington,0.0,0.6666666666666666,0.5,0.0
3623,66298,Berrick JeanLouis,New Mexico St.,0.0,0.2857142857142857,0.0,1.0
3624,66299,Elijah McNamara,Miami OH,0.0,0.25,0.7142857142857143,1.0
3625,66300,Mekhi Lairy,Miami OH,0.0,0.05263157894736842,0.22727272727272727,0.625
3626,66302,Anthony Roberts,Kent St.,0.0,0.16129032258064516,0.3333333333333333,0.6842105263157895
3627,66303,DeAndre Gholston,Kent St.,0.0,0.14285714285714285,0.0,0.0
3628,66304,Malik Miller,Morgan St.,0.5,0.26666666666666666,0.25,1.0
3629,66305,Tajion Jones,UNC Asheville,0.5714285714285714,0.3333333333333333,0.3333333333333333,0.9736842105263158
3630,66306,Romello Wilbert,Incarnate Word,0.0,0.375,0.0,0.5
3631,66307,Matt Veretto,Delaware,1.0,0.7037037037037037,0.7272727272727273,1.0
3632,66311,KJ Simon,Troy,0.4,0.3076923076923077,0.5,1.0
3633,66312,Raymond Bethea Jr.,Howard,1.0,0.5625,0.375,0.84
3634,66313,Spencer Rodgers,Troy,0.0,0.8,0.0,0.9444444444444444
3635,66314,Alex Vilarino,Boston University,1.0,0.125,0.0,0.8333333333333334
3636,66315,Au'Diese Toney,Pittsburgh,1.0,0.6078431372549019,0.5833333333333334,1.0
3637,66316,Zeke Richards,Santa Clara,0.8461538461538461,0.72,1.0,0.0
3638,66317,Trey Wertz,Santa Clara,0.0,0.13043478260869565,0.125,0.7692307692307693
3639,66318,Keshawn Justice,Santa Clara,0.0,0.2857142857142857,0.2857142857142857,0.9444444444444444
3640,66320,Guglielmo Caruso,Santa Clara,1.0,0.673469387755102,0.4166666666666667,1.0
3641,66321,Savion Dawkins,South Carolina St.,0.0,0.0,0.0,1.0
3642,66324,Mike Underwood,Central Connecticut,0.0,0.0,0.0,1.0
3643,66325,Karrington Wallace,Central Connecticut,0.8333333333333334,0.7619047619047619,0.6363636363636364,1.0
3644,66327,Jake Wolfe,Lipscomb,0.0,0.5625,0.5,0.6666666666666666
3645,66328,Brandon Powell,Fairleigh Dickinson,0.0,0.25,0.0,0.9166666666666666
3646,66329,Bassel Saliba Jr.,Fairleigh Dickinson,0.0,0.0,1.0,1.0
3647,66330,Matt Becht,Mount St. Mary's,0.0,0.0,0.0,1.0
3648,66331,Vado Morse,Mount St. Mary's,0.0,0.23333333333333334,0.06666666666666667,0.4423076923076923
3649,66332,Trajan Wesley,Louisiana,0.0,0.15789473684210525,0.0,0.75
3650,66334,Lamar Norman Jr.,Duquesne,0.0,0.3333333333333333,0.4444444444444444,0.9230769230769231
3651,66336,Trace Ramsey,Maryland,0.0,0.0,0.0,0.0
3652,66337,Micheal Anumba,Winthrop,0.0,0.3333333333333333,0.2222222222222222,1.0
3653,66338,Jaalam Hill,Cleveland St.,0.9411764705882353,0.6630434782608695,0.5757575757575758,1.0
3654,66339,Rashad Williams,Cleveland St.,0.0,0.14285714285714285,0.09090909090909091,0.9186046511627907
3655,66340,Seth Millner,Cleveland St.,1.0,0.42424242424242425,0.23076923076923078,0.96
3656,66341,Dawson Carper,Hawaii,1.0,0.8571428571428571,0.2,0.0
3657,66342,Owen Hulland,Hawaii,0.0,0.8,0.0,1.0
3658,66343,Mate Colina,Hawaii,1.0,0.6956521739130435,0.3333333333333333,0.0
3659,66344,Theo Akwuba,Portland,1.0,0.76,0.5714285714285714,0.0
3660,66345,Elijah Weaver,USC,0.0,0.23809523809523808,0.3,0.8181818181818182
3661,66346,Walter Ellis,Bucknell,0.0,0.3333333333333333,1.0,0.9230769230769231
3662,66347,Andrew Funk,Bucknell,0.0,0.125,0.42857142857142855,0.8529411764705882
3663,66348,Jack Hemphill,Boston University,0.0,0.43478260869565216,0.0,0.8571428571428571
3664,66349,Fletcher Tynen,Boston University,1.0,0.6086956521739131,0.6666666666666666,1.0
3665,66351,Tucker Richardson,Colgate,0.5,0.2631578947368421,0.2,0.9615384615384616
3666,66352,Kahliel Spear,Bucknell,1.0,0.8,0.0,1.0
3667,66353,Zach Light,Colgate,0.0,1.0,0.5,1.0
3668,66354,Marlon Hargis,Holy Cross,0.0,0.0,0.3333333333333333,0.0
3669,66356,Ben Vander Plas,Ohio,1.0,0.4722222222222222,0.5,0.9166666666666666
3670,66358,Szymon Wojcik,Missouri St.,0.8333333333333334,0.7,0.25,1.0
3671,66359,Odri Dedolli,Mount St. Mary's,0.0,0.0,0.0,1.0
3672,66360,Damien Daniels,Abilene Christian,0.0,0.125,0.0,0.9166666666666666
3673,66361,Joe Pleasant,Abilene Christian,1.0,0.6486486486486487,0.1111111111111111,1.0
3674,66362,Clay Gayman,Abilene Christian,0.0,1.0,0.0,1.0
3675,66363,Yor Anei,Oklahoma St.,0.8636363636363636,0.6447368421052632,0.6363636363636364,0.0
3676,66364,Joe Reece,Old Dominion,0.0,0.0,0.0,0.0
3677,66365,Jason Wade,Old Dominion,0.5,0.30612244897959184,1.0,0.6
3678,66367,Kalu Ezikpe,Old Dominion,1.0,0.6590909090909091,0.0,0.0
3679,66368,Nicolas Timberlake,Towson,0.0,0.25,0.5,0.6
3680,66369,Keondre Schumacher,Winthrop,0.0,0.0,0.0,0.0
3681,66370,Javon Pickett,Missouri,1.0,0.23076923076923078,0.22727272727272727,0.9090909090909091
3682,66371,Alex Comanita,Northwestern St.,0.0,0.0,0.0,1.0
3683,66372,Isaac Suffren,Lafayette,0.25,0.23809523809523808,0.0,0.8888888888888888
3684,66374,Jamir Moore,Charleston Southern,1.0,1.0,0.0,1.0
3685,66376,Duncan LeXander,Charleston Southern,0.0,0.3333333333333333,0.42857142857142855,0.9642857142857143
3686,66377,Timmy Sellers,Charleston Southern,1.0,0.46153846153846156,1.0,0.0
3687,66378,Dontrell Shuler,Charleston Southern,0.0,0.2708333333333333,0.22916666666666666,0.96
3688,66379,Sadarius Bowser,Charleston Southern,1.0,0.7857142857142857,0.5,1.0
3689,66380,Jaylen Alston,Gardner Webb,0.0,0.75,0.0,0.0
3690,66381,Connor Arnold,VMI,0.0,0.0,0.0,1.0
3691,66384,Dominick Welch,St. Bonaventure,0.5,0.35,1.0,0.9767441860465116
3692,66386,Paul Hiepler,Abilene Christian,0.0,0.0,0.0,0.0
3693,66387,John Walker III,Texas A&M,1.0,0.42857142857142855,0.25,0.8571428571428571
3694,66388,Noah Gurley,Furman,0.6,0.43636363636363634,0.2727272727272727,1.0
3695,66391,Grant Greabell,Sacramento St.,0.0,0.0,0.0,0.0
3696,66393,Sherwyn Devonish-Prince Jr.,Morgan St.,0.0,0.25925925925925924,0.25925925925925924,0.875
3697,66395,Isaiah Burke,Morgan St.,0.0,0.15,0.0,0.8888888888888888
3698,66396,Jared Ridder,Missouri St.,1.0,0.5714285714285714,1.0,0.9583333333333334
3699,66397,BJ Fitzgerald,Norfolk St.,0.0,0.0,0.0,1.0
3700,66398,Gerrale Gates,New Orleans,0.0,0.55,0.43478260869565216,1.0
3701,66399,Ty Perry,Fordham,0.0,0.36363636363636365,0.3333333333333333,0.8484848484848485
3702,66400,Chris Austin,Fordham,1.0,1.0,0.0,0.0
3703,66401,Jalen Cobb,Fordham,0.6666666666666666,0.28125,0.2894736842105263,0.6842105263157895
3704,66402,Sincere Carry,Duquesne,0.0,0.09523809523809523,0.0,0.47058823529411764
3705,66403,Tobias Cameron,Abilene Christian,0.0,0.0,1.0,0.0
3706,66404,Zach Thornhill,Nebraska Omaha,1.0,0.4,0.6666666666666666,1.0
3707,66405,Hayden Miller,Nebraska Omaha,0.0,0.0,0.0,1.0
3708,66406,Evan Tricker,Nebraska Omaha,0.0,0.0,0.0,1.0
3709,66407,Cartrell Thompson,Cal St. Bakersfield,0.0,0.6666666666666666,1.0,0.0
3710,66409,Travon Mayo,North Carolina A&T,0.0,1.0,0.0,0.0
3711,66410,Kessler Edwards,Pepperdine,0.6,0.5510204081632653,0.6666666666666666,0.9795918367346939
3712,66411,James Edwards,Air Force,0.0,0.0,0.0,0.0
3713,66412,Bryce Hughes,Air Force,0.0,1.0,0.0,0.0
3714,66413,Andrew Morrissey,North Alabama,0.0,0.0,0.0,0.0
3715,66414,Khalid Moore,Georgia Tech,1.0,0.5714285714285714,0.2,1.0
3716,66415,Ben Carter,Montana,0.0,1.0,0.0,0.0
3717,66417,Zeke Quinlan,Montana St.,0.0,0.4,0.0,0.0
3718,66418,Alex Caldwell,Southeast Missouri St.,0.0,0.1111111111111111,0.0,0.5833333333333334
3719,66420,Ayo Dosunmu,Illinois,0.5,0.367816091954023,0.11538461538461539,0.84
3720,66421,Derek Ballard Jr.,Eastern Michigan,0.0,0.0,0.0,0.0
3721,66422,Zion Young,Western Illinois,1.0,0.2631578947368421,0.15789473684210525,0.7692307692307693
3722,66423,Jordan Brown,Nevada,1.0,0.7222222222222222,0.5909090909090909,0.0
3723,66424,Jeremiah Saunders,Southeastern Louisiana,0.0,0.0,0.0,1.0
3724,66426,Kobe Dickson,Cornell,1.0,0.6666666666666666,0.5,0.0
3725,66427,AJ Edu,Toledo,1.0,0.7083333333333334,0.8,1.0
3726,66428,Jaylan Gainey,Brown,0.0,0.5,0.0,0.0
3727,66429,David Mitchell,Brown,1.0,0.7,0.0,1.0
3728,66431,Davis Franks,Brown,0.0,0.0,0.0,0.0
3729,66432,Ike Nweke,Columbia,0.75,0.525,0.15384615384615385,0.0
3730,66433,Maka Ellis,Columbia,0.0,0.7272727272727273,0.25,0.9411764705882353
3731,66434,Thomas Shaughnessy,Brown,0.0,0.0,0.0,0.0
3732,66436,Nathan Robinson,South Dakota,0.0,0.5,0.0,1.0
3733,66437,Matt Johns,South Dakota,0.5,0.4444444444444444,0.0,1.0
3734,66438,Adam Flagler,Presbyterian,0.0,0.43137254901960786,0.0625,0.7524752475247525
3735,66441,Jordan Guest,Boston University,0.5,0.5909090909090909,0.3333333333333333,1.0
3736,66442,Blake Verbeek,Holy Cross,0.0,0.0,0.5,0.0
3737,66443,Daxton Carr,Cal Poly,1.0,0.6666666666666666,0.0,0.9411764705882353
3738,66444,Jayden Saddler,Southern,0.0,0.125,0.1724137931034483,1.0
3739,66445,Patrick Emilien,Western Michigan,0.0,0.2777777777777778,0.0,0.9583333333333334
3740,66446,William Boyer-Richard,Western Michigan,0.0,0.2,0.2857142857142857,0.9375
3741,66447,Adrian Martin,Western Michigan,0.0,0.0,0.0,0.8571428571428571
3742,66448,Garrett Pascoe,Boston University,0.0,0.1,0.25,1.0
3743,66449,Kody Shubert,Presbyterian,0.0,0.38095238095238093,0.0,0.8461538461538461
3744,66450,Alex Arians,South Dakota St.,0.0,0.4897959183673469,0.2857142857142857,1.0
3745,66451,Elijah Hardy,Washington,0.0,0.0,0.0,0.0
3746,66452,Devin Hutchinson,Radford,0.0,0.625,0.2,0.96
3747,66453,Darian Scott,Missouri St.,1.0,0.5,0.0,0.0
3748,66454,Nick Finke,Army,0.0,0.0,0.0,0.0
3749,66456,Tim Perry Jr.,Drexel,1.0,0.7916666666666666,0.3333333333333333,0.0
3750,66457,Dalvin White,USC Upstate,0.0,0.2857142857142857,0.1,0.6428571428571429
3751,66458,Ebrima Dibba,Coastal Carolina,0.6666666666666666,0.2631578947368421,0.18181818181818182,1.0
3752,66459,Deacon Heath,UNC Asheville,0.0,0.5,0.0,1.0
3753,66460,Kur Kuath,Oklahoma,1.0,1.0,0.5,0.0
3754,66461,Lat Mayen,TCU,0.0,1.0,1.0,1.0
3755,66465,Neftali Alvarez,Fairfield,0.0,0.1188118811881188,0.5,0.4
3756,66466,Calvin Whipple,Fairfield,0.6666666666666666,0.6,0.5,0.9047619047619048
3757,66467,Derek Sabin,Belmont,0.0,0.6666666666666666,0.0,0.0
3758,66468,Franklin Agunanne,Loyola Chicago,1.0,0.5833333333333334,0.5555555555555556,0.0
3759,66470,Brandon Morley,Utah,0.0,0.2857142857142857,0.0,0.8333333333333334
3760,66471,Adam Kunkel,Belmont,0.0,0.5,0.0,0.8888888888888888
3761,66472,Wanjang Tut,Nebraska Omaha,1.0,0.25,0.14285714285714285,0.6
3762,66473,Dzmitry Ryuny,San Francisco,0.0,0.0,0.0,0.6470588235294118
3763,66474,Tyler Herro,Kentucky,0.25,0.4107142857142857,0.21428571428571427,0.8166666666666667
3764,66476,Kevin Obanor,Oral Roberts,1.0,0.4246575342465753,0.34615384615384615,0.92
3765,66477,Riley Battin,Utah,0.5,0.6896551724137931,0.5625,1.0
3766,66478,Vinnie Shahid,North Dakota St.,0.0,0.034482758620689655,0.05555555555555555,0.6031746031746031
3767,66479,Finn Sullivan,San Diego,0.0,0.5555555555555556,0.3333333333333333,0.9473684210526315
3768,66481,Tevian Jones,Illinois,1.0,0.6923076923076923,0.2,1.0
3769,66482,Giorgi Bezhanishvili,Illinois,0.875,0.4909090909090909,0.4074074074074074,1.0
3770,66483,Aaron Wiggins,Maryland,0.75,0.25,0.3333333333333333,0.9193548387096774
3771,66485,Eric Ayala,Maryland,1.0,0.1875,0.16666666666666666,0.7884615384615384
3772,66486,Jr Clay,Tennessee Tech,0.0,0.08974358974358974,0.15384615384615385,0.6756756756756757
3773,66488,Sage Tolbert,Southeast Missouri St.,0.8888888888888888,0.5208333333333334,0.29411764705882354,0.6666666666666666
3774,66489,Gabe McGlothan,Southeast Missouri St.,0.2727272727272727,0.3488372093023256,0.44,0.9
3775,66490,Monty Johal,Tennessee St.,0.0,0.0,0.0,1.0
3776,66491,Matt Dentlinger,South Dakota St.,1.0,0.6,0.5,0.0
3777,66492,Joe Wieskamp,Iowa,0.6666666666666666,0.3,0.3333333333333333,0.9322033898305084
3778,66495,Zach Griffith,Illinois,0.0,0.0,0.0,0.0
3779,66497,Alex Schulz,James Madison,0.0,0.0,0.0,0.0
3780,66499,Tyree Pickron,Quinnipiac,0.0,0.25,0.5,0.9285714285714286
3781,66500,Tyrese Williams,Quinnipiac,1.0,0.35135135135135137,0.09090909090909091,0.8541666666666666
3782,66501,Joel Ayayi,Gonzaga,0.0,0.5384615384615384,0.0,1.0
3783,66503,Miles Latimer,Stony Brook,1.0,0.3076923076923077,0.11764705882352941,0.8360655737704918
3784,66504,R.J. Eytle-Rock,UMBC,0.0,0.39285714285714285,0.3,0.9166666666666666
3785,66505,Jose Placer,UMBC,0.0,0.2222222222222222,0.16666666666666666,0.8666666666666667
3786,66506,Rip Economou,Seattle,0.0,1.0,0.0,1.0
3787,66508,Hunter Thompson,Wyoming,1.0,0.6111111111111112,0.23809523809523808,0.9736842105263158
3788,66509,Jared Pearre,Cal St. Northridge,0.9166666666666666,0.71875,1.0,0.0
3789,66510,Frankie Policelli,Dayton,1.0,0.6666666666666666,0.0,1.0
3790,66511,Jhery Matos,Dayton,1.0,0.5,0.0,1.0
3791,66512,David Czerapowicz,Davidson,0.0,1.0,0.0,1.0
3792,66513,Reggie Chaney,Arkansas,0.7647058823529411,0.7183098591549296,0.8333333333333334,0.0
3793,66514,Gavin Bizeau,Duquesne,0.0,1.0,0.75,0.6666666666666666
3794,66515,Dwayne Cohill,Dayton,0.0,0.2962962962962963,0.2222222222222222,0.7142857142857143
3795,66517,Nygal Russell,Southeast Missouri St.,0.6666666666666666,0.25925925925925924,0.0,0.9333333333333333
3796,66518,Elochukwu Eze,SIU Edwardsville,0.5,0.5,1.0,0.0
3797,66519,Cameron Williams,SIU Edwardsville,0.25,0.3111111111111111,0.6363636363636364,0.9743589743589743
3798,66520,Brandon Williams,Arizona,1.0,0.08888888888888889,0.0,0.8055555555555556
3799,66521,Erik Mailliard,Pepperdine,0.0,0.0,0.0,0.0
3800,66522,Keonte Kennedy,Xavier,0.6666666666666666,0.6,0.0,1.0
3801,66523,Jal Bijiek,North Dakota,0.0,0.0,0.0,0.6666666666666666
3802,66525,Davids Atelbauers,North Dakota,0.0,0.25,0.0,1.0
3803,66526,Grayson Carter,Georgetown,0.0,0.5,0.0,1.0
3804,66527,Kevin Samuel,TCU,0.8771929824561403,0.7129629629629629,0.46153846153846156,0.0
3805,66528,Isaih Moore,Charleston,1.0,0.6666666666666666,0.5,1.0
3806,66529,Darius Williams,Cal St. Bakersfield,0.5,0.6,0.5,0.0
3807,66530,Zach Nutall,Sam Houston St.,1.0,0.6551724137931034,0.7857142857142857,0.9285714285714286
3808,66532,Ron Harper Jr.,Rutgers,0.9,0.5714285714285714,0.25,0.9
3809,66533,Caleb Broodo,Houston,0.0,0.0,1.0,0.0
3810,66534,Khaleem Bennett,Central Arkansas,0.8333333333333334,0.5555555555555556,0.5,1.0
3811,66535,Eddy Kayouloud,Central Arkansas,0.0,0.24324324324324326,0.16666666666666666,0.9444444444444444
3812,66537,Xavier Bryant,Sam Houston St.,0.0,0.1,0.0,0.5
3813,66538,Phillip Smith,FIU,1.0,1.0,0.0,1.0
3814,66539,Felix Lemetti,Fairfield,0.0,1.0,0.5,0.8611111111111112
3815,66540,Garrison Wade,Dartmouth,0.0,0.0,1.0,1.0
3816,66541,Pedro Castro,UT Arlington,1.0,0.6666666666666666,0.75,0.9090909090909091
3817,66542,Nate Hinton,Houston,0.6666666666666666,0.45454545454545453,0.4827586206896552,0.9642857142857143
3818,66543,Dean Noll,Cornell,0.0,0.5,0.0,1.0
3819,66545,JC Butler,UC Irvine,1.0,0.4,0.0,0.75
3820,66546,Wes Slajchert,Dartmouth,0.0,0.125,0.6666666666666666,1.0
3821,66548,Langston Gaither,Howard,0.0,0.0,0.0,0.0
3822,66549,Princewill Anosike,Howard,1.0,0.6666666666666666,0.6666666666666666,0.0
3823,66550,Akuwovo Ogheneyole,Howard,0.0,0.4782608695652174,1.0,0.0
3824,66551,Andre Toure,Howard,0.7272727272727273,0.5294117647058824,0.75,0.6666666666666666
3825,66552,Tae Hardy,East Carolina,0.0,0.25,0.75,1.0
3826,66553,Tyler Foster,East Carolina,0.4,0.32,0.0,0.875
3827,66555,Shae Mitchell,Milwaukee,0.0,0.0,0.0,0.0
3828,66556,David Singleton,UCLA,0.0,0.5,0.0,0.9428571428571428
3829,66559,Torey James,Ohio,0.0,0.0,0.0,1.0
3830,66560,Michael Feinberg,Yale,0.0,0.0,0.0,0.0
3831,66561,Buddy Boeheim,Syracuse,0.0,0.1111111111111111,0.375,0.9361702127659575
3832,66562,Both Gach,Utah,0.8571428571428571,0.5588235294117647,0.15384615384615385,0.8666666666666667
3833,66563,Tevin Brown,Murray St.,0.75,0.5483870967741935,0.8,0.9418604651162791
3834,66565,Bryce Wills,Stanford,0.5,0.23404255319148937,0.09090909090909091,0.875
3835,66566,Jordan Caruso,Incarnate Word,0.0,0.4666666666666667,0.2222222222222222,1.0
3836,66567,Qon Murphy,Houston Christian,0.0,0.3333333333333333,0.0,1.0
3837,66568,Benjamin Uloko,Houston Christian,1.0,0.6222222222222222,0.8666666666666667,1.0
3838,66569,Dwight Murray Jr.,Incarnate Word,0.0,0.2857142857142857,0.2727272727272727,0.6296296296296297
3839,66570,Antoine Smith Jr.,Incarnate Word,1.0,0.6521739130434783,0.5714285714285714,0.90625
3840,66571,Charles Jones Jr.,Utah,0.0,0.2,1.0,0.9285714285714286
3841,66572,Josh Inkumsah,Purdue Fort Wayne,0.0,0.0,0.0,0.0
3842,66573,Joseph Lanzi,Denver,0.0,0.5714285714285714,0.5,0.8333333333333334
3843,66574,Taelyr Gatlin,Denver,0.0,0.25,0.17647058823529413,0.9285714285714286
3844,66575,Jase Townsend,Denver,0.0,0.2,0.20833333333333334,0.6333333333333333
3845,66576,David Nzekwesi,Denver,0.0,0.475,0.36363636363636365,1.0
3846,66578,Jarred Godfrey,Purdue Fort Wayne,0.0,0.32558139534883723,0.0,1.0
3847,66579,Jalen Hill,UCLA,0.8,0.6222222222222222,0.75,0.0
3848,66580,Cody Riley,UCLA,0.8571428571428571,0.44680851063829785,0.5,1.0
3849,66581,Samba Kane,Illinois,0.8333333333333334,0.6666666666666666,0.25,0.0
3850,66582,Kolby Lee,BYU,0.0,0.14285714285714285,0.5,1.0
3851,66583,Garrett Golday,Tennessee Tech,1.0,0.6875,0.6666666666666666,1.0
3852,66587,Jordan Campbell,Oregon St.,0.0,0.5,0.0,1.0
3853,66588,Carlos Jurgens,Oral Roberts,0.0,0.16666666666666666,0.3333333333333333,0.92
3854,66589,Jaxon Knotek,North Dakota St.,0.0,0.0,0.0,1.0
3855,66590,Shakur Daniel,Southern Miss,0.0,0.0,0.0,0.0
3856,66591,Daivon Stephens,Eastern Michigan,0.0,0.3333333333333333,0.0,1.0
3857,66592,Sam Griesel,North Dakota St.,0.0,0.3333333333333333,0.0,0.75
3858,66593,Gerald Liddell,Texas,0.0,0.0,0.3333333333333333,1.0
3859,66594,Courtney Ramey,Texas,0.5,0.25806451612903225,0.0,0.7321428571428571
3860,66595,Jaxson Hayes,Texas,0.9324324324324325,0.8285714285714286,0.3333333333333333,0.0
3861,66596,Jarius Cook,North Dakota St.,0.0,0.25,0.0,1.0
3862,66597,Kaleb Hunter,UNC Greensboro,0.8571428571428571,0.45,0.0,0.9285714285714286
3863,66599,Alex Rivera,UMass Lowell,0.0,0.29411764705882354,0.0,0.7254901960784313
3864,66600,Darius Henderson,UMass Lowell,1.0,0.7575757575757576,0.6470588235294118,1.0
3865,66602,Allin Blunt,UMass Lowell,0.0,0.5833333333333334,0.7058823529411765,0.8
3866,66603,Bryce Daley,UMass Lowell,0.0,0.11764705882352941,0.1,1.0
3867,66604,Alex Christie,Stony Brook,0.0,0.2,0.0,0.0
3868,66605,Matthew Strange,Southeastern Louisiana,0.0,0.0,0.0,1.0
3869,66606,Sam Sessoms,Binghamton,0.0,0.16,0.045454545454545456,0.1323529411764706
3870,66607,Dontarius James,Xavier,0.0,0.0,0.0,1.0
3871,66608,Kira Lewis Jr.,Alabama,0.0,0.2465753424657534,0.16666666666666666,0.6111111111111112
3872,66609,Isaiah Joe,Arkansas,1.0,0.625,0.3157894736842105,0.7345132743362832
3873,66610,Desi Sills,Arkansas,0.0,0.30434782608695654,0.0,0.9310344827586207
3874,66611,Keyshawn Embery-Simpson,Arkansas,0.0,0.46153846153846156,0.36363636363636365,0.8695652173913043
3875,66612,Luka Brajkovic,Davidson,0.9047619047619048,0.5882352941176471,0.3488372093023256,1.0
3876,66613,Ethan Henderson,Arkansas,1.0,0.4,0.0,0.0
3877,66614,Antoine Davis,Detroit Mercy,0.0,0.10810810810810811,0.1595744680851064,0.36363636363636365
3878,66615,Chuck Hannah,Elon,0.0,0.6551724137931034,0.38461538461538464,1.0
3879,66616,Angus McWilliam,TCU,0.0,0.0,0.0,0.0
3880,66617,Devonaire Doutrive,Arizona,0.6666666666666666,0.4090909090909091,0.0,0.7777777777777778
3881,66618,Jemarl Baker,Kentucky,0.0,1.0,0.0,0.9230769230769231
3882,66620,Adam Thistlewood,Colorado St.,1.0,0.6071428571428571,0.1111111111111111,0.9803921568627451
3883,66622,Taeshon Cherry,Arizona St.,0.5,0.7142857142857143,0.6666666666666666,1.0
3884,66623,Pat Dembley,Boise St.,0.0,0.13636363636363635,0.0,0.7777777777777778
3885,66624,Kendle Moore,Colorado St.,0.0,0.2727272727272727,0.25,0.9666666666666667
3886,66626,Cameron Shelton,Northern Arizona,0.5,0.15217391304347827,0.08333333333333333,0.8461538461538461
3887,66628,Cole Bergan,Northern Colorado,0.0,0.29411764705882354,0.14285714285714285,0.0
3888,66630,Jared Rhoden,Seton Hall,0.8571428571428571,0.5652173913043478,1.0,1.0
3889,66631,Anthony Nelson,Seton Hall,0.0,0.05555555555555555,0.0,1.0
3890,66632,Darnell Brodie,Seton Hall,1.0,1.0,1.0,0.0
3891,66633,Treavon Martin,SIU Edwardsville,1.0,0.8235294117647058,0.9375,0.0
3892,66634,Jalen Johnson,Murray St.,0.0,0.0,0.0,0.0
3893,66636,Nigel Hawkins,UTEP,0.4,0.12,0.05555555555555555,0.7714285714285715
3894,66637,Calistus Anyichie,Binghamton,1.0,0.5,1.0,0.0
3895,66638,Wyatt Lowell,Utah Valley,0.5,0.42857142857142855,0.4,0.8717948717948718
3896,66639,Daniel Sackey,Valparaiso,0.0,0.24,0.125,0.8888888888888888
3897,66640,Calvin Poulina,Binghamton,0.0,0.3333333333333333,0.0,0.8
3898,66641,Vante Hendrix,Utah,0.0,0.5,1.0,1.0
3899,66642,Logan Windeler,North Alabama,0.6666666666666666,0.4,0.6666666666666666,0.0
3900,66643,Matthew Mayer,Baylor,0.3333333333333333,0.2727272727272727,0.3,0.75
3901,66644,Malachi Smith,Wright St.,0.0,0.3235294117647059,0.23809523809523808,1.0
3902,66645,Grant Basile,Wright St.,0.0,1.0,0.0,0.0
3903,66646,Babatunde Sowunmi,Oakland,0.0,1.0,0.0,0.0
3904,66647,Kenny Pittman Jr.,Oakland,0.0,0.0,0.0,1.0
3905,66648,Skyelar Potter,Wright St.,0.75,0.5806451612903226,0.0,0.96
3906,66649,Atiba Taylor,Youngstown St.,0.0,0.0,0.0,0.0
3907,66650,Bodie Hume,Northern Colorado,0.8181818181818182,0.45714285714285713,0.6666666666666666,0.9375
3908,66652,JayQuan McCloud,Green Bay,0.0,0.23684210526315788,0.3191489361702128,0.7532467532467533
3909,66653,Luguentz Dort,Arizona St.,0.6388888888888888,0.4392523364485981,0.23076923076923078,0.6481481481481481
3910,66654,Sam Masten,Northern Colorado,0.0,0.2727272727272727,0.0,0.9333333333333333
3911,66655,Nelson Boachie-Yiadom,Davidson,0.0,0.0,0.0,0.0
3912,66656,Josh Roberts,St. John's,0.6,0.45454545454545453,0.0,0.0
3913,66657,Matthue Cotton,Yale,0.0,0.0,0.0,1.0
3914,66658,Eze Dike,Yale,0.0,0.0,0.0,1.0
3915,66659,Andy Pack,Elon,0.0,0.2857142857142857,0.42857142857142855,0.9444444444444444
3916,66661,Michael Wang,Penn,0.6666666666666666,0.5588235294117647,0.1875,0.76
3917,66662,Alex Imegwu,Penn,0.0,0.0,0.0,0.0
3918,66663,Aguek Arop,San Diego St.,0.75,0.6363636363636364,0.875,0.6666666666666666
3919,66665,John Sally Jr.,Youngstown St.,1.0,1.0,0.6666666666666666,0.0
3920,66667,Darius Allen,Baylor,0.75,0.42857142857142855,0.0,0.6666666666666666
3921,66670,Tyree Eady,North Dakota St.,0.0,0.48148148148148145,0.2631578947368421,0.8285714285714286
3922,66671,Austin Ash,Iowa,0.0,0.0,0.0,1.0
3923,66672,Mack Anderson,Montana,0.75,0.9090909090909091,0.6666666666666666,0.0
3924,66673,Matheus Silveira,Austin Peay,0.0,0.0,0.0,0.0
3925,66674,Damarri Moore,Tennessee St.,0.0,0.3333333333333333,1.0,0.0
3926,66675,Jalen Gabbidon,Yale,1.0,1.0,0.0,0.75
3927,66676,Emanuel Littles,North Alabama,0.5,0.48717948717948717,0.45454545454545453,0.0
3928,66679,Joey Glynn,UMass Lowell,0.0,0.5555555555555556,0.8461538461538461,0.0
3929,66680,Evan Battey,Colorado,1.0,0.4878048780487805,0.45,1.0
3930,66681,Jaylen Richard,Charleston,0.25,0.15,0.0,1.0
3931,66683,DJ Peavy,Mercer,0.0,0.0,0.0,0.8
3932,66684,Daniel Love,Mercer,0.0,0.0,0.1,0.0
3933,66686,Fardaws Aimaq,Mercer,1.0,0.5098039215686274,0.5,1.0
3934,66687,Noah Buono,Rider,0.0,0.0,0.0,0.0
3935,66688,JT Mumber,Samford,0.0,1.0,0.0,0.0
3936,66691,Greg Foster Jr.,Gonzaga,1.0,0.25,0.0,0.5
3937,66692,CJ Williamson,Mercer,0.0,0.2222222222222222,0.5,0.0
3938,66693,Deng Gak,Miami FL,1.0,0.625,0.0,0.0
3939,66694,Ivan Alipiev,Loyola Marymount,0.0,1.0,0.0,1.0
3940,66695,Alan Griffin,Illinois,1.0,0.5,0.5,0.8571428571428571
3941,66696,Dameane Douglas,Loyola Marymount,0.8125,0.6060606060606061,0.125,0.8666666666666667
3942,66698,Luke Hamilton,Mercer,0.0,0.5,0.0,0.9
3943,66699,Michael Wexler,Pepperdine,0.0,0.0,0.0,0.0
3944,66701,Jan Wojcik,Missouri St.,0.0,0.0,0.0,1.0
3945,66702,Tai Strickland,Wisconsin,0.0,0.0,0.0,0.75
3946,66704,Alexis Yetna,South Florida,0.8461538461538461,0.6386554621848739,0.5714285714285714,1.0
3947,66705,Terion Moss,Maine,0.0,0.4,0.0,0.7666666666666667
3948,66706,Kevin Porter Jr.,USC,0.5294117647058824,0.45454545454545453,0.07692307692307693,0.4642857142857143
3949,66707,Davion Buster,Lamar,0.0,0.16666666666666666,0.5,0.8387096774193549
3950,66708,Timmy Allen,Utah,1.0,0.48514851485148514,0.5217391304347826,1.0
3951,66709,Noah Kirkwood,Harvard,0.5,0.3442622950819672,0.13333333333333333,0.7317073170731707
3952,66710,J'Raan Brooks,USC,0.0,0.7777777777777778,0.75,0.8333333333333334
3953,66711,Tamell Pearson,UAB,0.0,1.0,0.25,0.0
3954,66713,Jake Lanford,Yale,0.0,0.0,0.0,0.0
3955,66715,Marko Coudreau,North Dakota,0.0,0.0,0.0,1.0
3956,66717,Andre Rafus Jr.,Eastern Michigan,1.0,1.0,1.0,0.0
3957,66718,Brooks King,Utah,0.0,0.0,0.0,0.0
3958,66719,Elijah Hazekamp,North Dakota,0.0,1.0,0.0,1.0
3959,67475,Brian Rodriguez-Flores,San Jose St.,0.0,0.5,0.16666666666666666,1.0
3960,67476,D'Andre Bernard,East Tennessee St.,1.0,0.3333333333333333,0.0,1.0
3961,67477,Antione Lister,Prairie View A&M,0.5,0.2857142857142857,0.5,0.9565217391304348
3962,67479,Donel Cathcart III,Youngstown St.,0.5,0.2,0.2,0.96
3963,67480,Noah Saunders,Campbell,0.0,1.0,0.0,1.0
3964,67481,Abdul Dial,South Alabama,0.0,0.2,0.0,1.0
3965,67482,Kendale Hampton,Youngstown St.,0.0,0.25,0.25,0.7837837837837838
3966,67484,Ron Freeman,Long Beach St.,0.6666666666666666,0.38461538461538464,0.16666666666666666,0.8888888888888888
3967,67486,Fritz Lucien,Mississippi Valley St.,0.0,0.5,0.0,0.0
3968,67487,Matt Johnson,Northern Colorado,0.0,0.0,0.0,0.0
3969,67488,Patrick Rucker,Mississippi Valley St.,0.0,0.4444444444444444,0.0,1.0
3970,67489,Leo Gallagher,Binghamton,0.0,0.0,0.0,0.0
3971,67490,Breyon Jackson,Long Beach St.,0.0,0.0,0.0,0.0
3972,67492,Clayton Henry,New Mexico St.,0.5,0.4,0.0,0.7631578947368421
3973,67493,Ivan Aurrecoechea,New Mexico St.,1.0,0.5543478260869565,0.3181818181818182,0.0
3974,67495,Jayden Nixon,Virginia,0.0,0.3333333333333333,0.0,0.0
3975,67496,Mohamed Thiam,New Mexico St.,0.5,0.42857142857142855,0.8333333333333334,0.9411764705882353
3976,67497,Ian Burke,Seattle,0.0,0.0,0.0,0.875
3977,67498,Cordell Veira,FIU,0.0,0.5,0.5,1.0
3978,67499,Dallas Morgan,Central Michigan,0.0,0.5,0.17647058823529413,0.8545454545454545
3979,67500,Boubacar Toure,Eastern Michigan,0.717391304347826,0.5526315789473685,0.29411764705882354,0.0
3980,67501,Caleb Ellis,North Carolina,0.0,0.3333333333333333,0.0,1.0
3981,67502,Lavar Harewood,South Carolina St.,0.0,0.36,0.25,0.9047619047619048
3982,67503,Ryan Tankelewicz,UNC Greensboro,0.0,0.0,0.0,0.0
3983,67504,Myron Gordon,Samford,0.0,0.34,0.046511627906976744,0.8484848484848485
3984,67507,Christian Rohlehr,St. Francis NY,0.5555555555555556,0.45454545454545453,0.0,0.0
3985,67508,Parker Fox,Clemson,0.0,0.0,0.0,1.0
3986,67509,Mykhailo Yagodin,Maine,1.0,1.0,0.0,1.0
3987,67511,Rod Melton,Florida A&M,0.0,0.0,0.0,0.7857142857142857
3988,67512,Chris Brandon,Detroit Mercy,0.75,0.4666666666666667,1.0,0.0
3989,67513,Lamar Hamrick,Detroit Mercy,1.0,0.4444444444444444,0.38461538461538464,0.7777777777777778
3990,67514,Juan Parrilla Jr.,Detroit Mercy,0.0,0.0,0.0,0.0
3991,67515,Boe Nguidjol,Detroit Mercy,0.0,0.625,0.0,0.0
3992,67516,Kyle McCloskey,Penn St.,0.0,0.6666666666666666,0.0,1.0
3993,67517,Dexter Smith,Florida A&M,0.0,0.0,0.0,0.0
3994,67519,McKay Anderson,USC,0.0,1.0,0.0,0.0
3995,67520,Jonas Harper,Boston University,0.0,0.35,0.0,0.9117647058823529
3996,67521,Jervae Robinson,Washington St.,0.0,0.10526315789473684,0.0,0.5789473684210527
3997,67523,Mick Sullivan,DePaul,0.0,0.0,0.0,0.0
3998,67526,Oliver Xu,Rice,0.0,0.0,0.0,0.0
3999,67528,Leonard Harper-Baker,Southern Miss,0.75,0.6964285714285714,0.6341463414634146,0.875
4000,67529,Job Alexander,Cal Poly,0.0,0.14,0.0,0.0
4001,67531,Andrew Lafond,La Salle,0.0,0.0,0.0,0.0
4002,67534,Brandon Courtney,Saint Louis,0.0,0.0,0.0,0.0
4003,67538,Bernie Andre,Northern Arizona,1.0,0.31958762886597936,0.25,0.9655172413793104
4004,67539,Simon Stringer,San Diego,0.0,0.0,0.0,0.0
4005,67540,Michael Kemp,Central Michigan,0.0,0.0,0.0,0.0
4006,67542,Grant Weatherford,IU Indy,1.0,0.27450980392156865,0.16666666666666666,1.0
4007,67544,Marcus Mitchell,Mississippi Valley St.,1.0,0.5454545454545454,0.4,1.0
4008,67546,Anand Hundal,Seattle,0.0,0.3333333333333333,1.0,1.0
4009,67547,Joe Wall,Seattle,0.0,0.0,0.0,0.3333333333333333
4010,67548,Rob Whitfield,UMKC,0.5,0.35714285714285715,0.15,0.6835443037974683
4011,67550,Jarrell Reeves,Ohio,1.0,1.0,0.0,0.0
4012,67551,Greg Summers,Navy,0.0,0.5652173913043478,0.42857142857142855,0.0
4013,67553,John Carter Jr.,Navy,0.0,0.3103448275862069,0.42857142857142855,0.9512195121951219
4014,67555,Osi Nwachukwu,Sacramento St.,1.0,0.4423076923076923,0.7647058823529411,1.0
4015,67556,Michael Orlich,San Francisco,0.0,0.0,0.0,0.0
4016,67557,Jayce Johnson,Middle Tennessee,0.0,0.2,0.05,1.0
4017,67558,Darnell Butler Jr.,Middle Tennessee,0.0,0.0,0.0,0.6666666666666666
4018,67559,Andres Ibarguen,UT Arlington,1.0,0.6935483870967742,0.5714285714285714,0.0
4019,67560,Jabari Narcis,UT Arlington,0.8333333333333334,0.5882352941176471,0.875,1.0
4020,67563,Matthew Lang,Gonzaga,0.0,0.0,0.0,1.0
4021,67564,John Scully,Army,0.0,0.0,0.0,1.0
4022,67565,Josh Caldwell,Army,0.0,0.42105263157894735,0.25,1.0
4023,67567,Aaron Duhart,Army,0.0,0.04,0.2,0.75
4024,67568,Devante Foster,Troy,1.0,0.5714285714285714,0.8,1.0
4025,67569,Aidan McQuade,Colorado,0.0,0.0,0.0,0.0
4026,67570,Youry White,Louisiana Monroe,1.0,0.8333333333333334,0.0,0.0
4027,67571,Garrett Luinstra,Kansas,0.0,0.0,0.0,0.0
4028,67577,DeAundra Murphy,Marshall,0.0,0.0,0.0,0.0
4029,67578,Mubarak Muhammed,Louisiana Tech,0.5,0.5365853658536586,0.45,0.8
4030,67579,Ante Sustic,Marshall,1.0,1.0,0.0,0.0
4031,67580,Luke Thomas,Marshall,0.0,0.0,0.0,0.0
4032,67581,Will Alcock,Loyola Chicago,0.0,0.0,0.0,0.0
4033,67583,Kevin Garrison,Vermont,0.0,0.0,0.0,0.0
4034,67585,Aaron Walton,Stephen F. Austin,0.0,0.0,0.0,0.0
4035,67588,John Tenerowicz,Ohio,0.0,0.0,0.0,0.0
4036,67591,Keenan Gumbs,Liberty,0.36363636363636365,0.43902439024390244,0.7142857142857143,0.95
4037,67593,Brandon McGhee,Pacific,0.0,0.2,0.16666666666666666,0.0
4038,67597,Ty Stevens,Arkansas,0.0,1.0,0.0,0.0
4039,67601,Gregory Jones-Rollins,Mississippi Valley St.,0.8,0.36363636363636365,0.25,0.8
4040,67602,Shaun Doss,Arkansas Pine Bluff,0.7142857142857143,0.4,0.18181818181818182,0.8421052631578947
4041,67603,TJ Washington,Utah Valley,0.0,0.06896551724137931,0.0,0.5909090909090909
4042,67604,Cache Fields,Utah Valley,0.0,0.0,0.0,0.0
4043,67608,Ryan Anders,UCF,0.0,0.0,1.0,0.0
4044,67610,Eito Yuminami,Georgia Southern,0.0,0.0,0.0,0.0
4045,67611,Eli Farrakhan,Wichita St.,0.0,0.0,0.0,0.0
4046,67612,Patrick Mwamba,UT Arlington,0.3333333333333333,0.25,0.16666666666666666,1.0
4047,67613,Bryce Davis,Incarnate Word,0.0,0.3333333333333333,0.0,1.0
4048,67616,Darius Williams,Prairie View A&M,0.0,0.24,0.21739130434782608,0.5813953488372093
4049,67619,Tray Boyd III,East Tennessee St.,0.0,0.125,0.15384615384615385,0.868421052631579
4050,67620,Myles Rasnick,East Tennessee St.,0.0,0.0,0.0,1.0
4051,67621,Isaiah Tisdale,East Tennessee St.,0.3333333333333333,0.3770491803278688,0.07692307692307693,0.9259259259259259
4052,67622,Levy Renaud,UCF,0.0,0.0,0.0,0.0
4053,67623,Frank Bertz,UCF,0.6666666666666666,0.4,0.5,0.9259259259259259
4054,67625,Brandon Wright,Alabama A&M,0.0,0.4,0.0,0.75
4055,67626,Xavier Grant,UCF,0.0,1.0,0.0,1.0
4056,67627,Zo Tyson,Colorado St.,0.0,1.0,0.0,0.0
4057,67628,Thomas Owen,Jacksonville,0.0,0.0,0.0,0.0
4058,67630,Chandler Davis,Texas St.,0.5,0.5,0.6,0.0
4059,67631,Akiem Daschner,Texas St.,0.0,0.0,1.0,0.6666666666666666
4060,67632,Radshad Davis,UT Arlington,0.0,0.3064516129032258,0.3,0.8823529411764706
4061,67633,Brian Warren,UT Arlington,0.0,0.14893617021276595,0.19117647058823528,0.7254901960784313
4062,67634,Blake Welle,California,0.0,0.0,0.0,0.0
4063,67635,David Serge,California,0.0,0.0,0.0,1.0
4064,67637,Neemias Queta,Utah St.,0.8085106382978723,0.6642335766423357,0.5909090909090909,1.0
4065,67638,Antun Maricevic,South Florida,1.0,0.8260869565217391,0.8666666666666667,1.0
4066,67639,Eric Steyer,Iowa St.,0.0,0.0,0.0,0.0
4067,67640,Devon Andrews,FIU,0.42857142857142855,0.33962264150943394,0.10526315789473684,0.8333333333333334
4068,67641,Tyreek Scott-Grayson,UAB,0.5,0.28,0.0,0.9565217391304348
4069,67642,Derek St. Hilaire,Jacksonville St.,0.0,0.15384615384615385,0.16666666666666666,0.8571428571428571
4070,67644,Chris Lovisolo,Holy Cross,0.0,0.0,0.0,0.0
4071,67646,Josh Jefferson,Illinois St.,0.0,0.1111111111111111,0.16666666666666666,0.8
4072,67648,Pernell Adgei,Longwood,1.0,0.38461538461538464,0.0,0.0
4073,67649,Jacob Holland,Detroit Mercy,0.0,0.2,0.0,1.0
4074,67652,Robinson Idehen,UC Santa Barbara,0.8333333333333334,0.6176470588235294,0.875,0.0
4075,67655,Luka Radovich,Fordham,0.0,0.0,0.0,0.0
4076,67656,Romain Boxus,Hartford,1.0,0.8333333333333334,0.0,0.8888888888888888
4077,67657,Freddy Brown III,Montana,0.0,1.0,0.0,0.75
4078,67658,De'jon Davis,Cal Baptist,0.75,0.390625,0.0,0.9
4079,67661,Fahim Jenneto,Delaware St.,0.0,0.7,0.25,1.0
4080,67662,Daniel Brocke,Connecticut,0.0,0.0,0.0,0.0
4081,67663,Sam Bannec,Colorado St.,0.0,0.0,0.0,0.0
4082,67664,Jeff Coulanges,Wagner,0.0,0.0,0.16666666666666666,0.8571428571428571
4083,67665,A.J. Labriola,Saint Francis,0.0,0.0,1.0,0.0
4084,67666,Boban Jacdonmi,Southern Miss,1.0,0.6,0.25,0.0
4085,67667,Kejuan Johnson-Alls,Canisius,0.0,0.0,0.0,1.0
4086,67668,Tyler Stevenson,Southern Miss,1.0,1.0,0.4,0.0
4087,67669,Brian Fobbs,Towson,0.75,0.18072289156626506,0.22807017543859648,0.625
4088,67670,Raef Gerdes,Grand Canyon,0.0,0.0,0.0,1.0
4089,67676,David Hall,New Hampshire,1.0,0.5,0.0,1.0
4090,67677,Oscar Okeke,Fairleigh Dickinson,1.0,0.75,0.0,0.0
4091,67678,J'Von McCormick,Auburn,1.0,0.14285714285714285,0.07142857142857142,0.5
4092,67680,Alex Ionesco,Stetson,0.0,0.0,0.0,0.0
4093,67683,Minfeke Sanoe,Tennessee Martin,0.0,0.5714285714285714,0.0,0.0
4094,67685,DeAnthony McCallum,Jacksonville,0.5,0.11428571428571428,0.42857142857142855,0.8888888888888888
4095,67686,DJ Houston,Western Michigan,0.0,0.125,0.25,0.5
4096,67687,Sam Norton,Kent St.,0.0,0.0,0.0,0.0
4097,67688,Kenton Eskridge,Southern Utah,0.0,0.0,0.5,1.0
4098,67689,Danny Hummer,Ohio St.,0.0,1.0,0.0,0.0
4099,67691,Rance Cole,Stephen F. Austin,0.0,0.0,0.6666666666666666,1.0
4100,67692,Trey Smith,San Jose St.,0.0,0.0,1.0,1.0
4101,67693,Michael Steadman,San Jose St.,1.0,0.6410256410256411,0.625,1.0
4102,67694,Luke Osborn,Oregon,0.0,0.0,0.0,0.0
4103,67695,Ethan Esposito,Sacramento St.,1.0,0.45614035087719296,0.42105263157894735,1.0
4104,67697,Reece Brooks,Albany,0.0,0.0,0.0,0.5
4105,67698,Ricardo Lynch,Stetson,0.8,0.35294117647058826,0.2222222222222222,0.625
4106,67699,Jahlil Rawley,Stetson,0.0,0.13636363636363635,0.28,1.0
4107,67700,Marques Sumner,Stetson,0.0,0.42105263157894735,0.2,0.5714285714285714
4108,67701,Blake Buchanan,Wake Forest,0.0,0.0,0.0,0.0
4109,67702,Ricky Goutey,Stetson,1.0,0.5,0.0,0.0
4110,67703,Tyler Thompson,Tennessee Tech,0.0,1.0,1.0,1.0
4111,67704,Jordan Gorman,Detroit Mercy,0.0,0.0,1.0,0.0
4112,67705,Willy Isiani,Detroit Mercy,0.0,1.0,0.0,1.0
4113,67707,Garrett Sturtz,Drake,0.0,0.5277777777777778,0.1,1.0
4114,67708,Anthony Murphy,Drake,0.75,0.5111111111111111,0.0,1.0
4115,67711,Zach Walton,Drexel,0.0,0.4444444444444444,0.4,0.6
4116,67712,Taron Oliver Jr.,Morgan St.,0.0,0.0,1.0,0.0
4117,67713,Tavon King,North Alabama,0.0,0.03571428571428571,0.16666666666666666,0.8666666666666667
4118,67714,Nate Louis,Charleston Southern,0.0,0.0,0.0,0.9705882352941176
4119,67716,Ramiir Dixon-Conover,Saint Francis,0.0,0.0,0.0,0.5
4120,67717,Harrison Curry,Detroit Mercy,0.8888888888888888,0.5208333333333334,0.2857142857142857,1.0
4121,67718,Quintin Dove,Tennessee Martin,0.9545454545454546,0.5849056603773585,0.625,1.0
4122,67719,Jeremy Smith,Cal Baptist,0.0,0.15384615384615385,0.16666666666666666,0.8571428571428571
4123,67720,Chris Clark,William & Mary,0.0,0.0,1.0,0.0
4124,67721,Kendall Stubblefield,UC Riverside,0.0,0.0,0.0,0.0
4125,67722,Nick Jones,Houston Christian,1.0,0.5,0.0,1.0
4126,67724,Chad Bowie,Sam Houston St.,0.0,0.26666666666666666,0.15384615384615385,0.64
4127,67725,Irshaad Hunte,Texas A&M Corpus Chris,1.0,0.7931034482758621,0.45454545454545453,1.0
4128,67726,Tony Lewis,Texas A&M Corpus Chris,0.0,0.4358974358974359,0.6470588235294118,1.0
4129,67727,Kai Mitchell,Sam Houston St.,1.0,0.6435643564356436,0.6333333333333333,1.0
4130,67728,Terrell Curtis II,Little Rock,0.0,0.0,0.0,0.0
4131,67729,Devonte Bandoo,Baylor,0.6666666666666666,0.4166666666666667,0.125,0.8431372549019608
4132,67730,Zach Hankins,Xavier,0.8360655737704918,0.7301587301587301,0.5833333333333334,0.0
4133,67731,Landon Goesling,Houston,0.0,0.4,0.0,1.0
4134,67732,James Ametepe,FIU,0.0,0.5714285714285714,0.0,0.0
4135,67733,ZaQwaun Matthews,Sam Houston St.,0.0,1.0,1.0,0.0
4136,67735,Ronald Lucas,Delaware St.,0.75,0.4782608695652174,1.0,1.0
4137,67736,Vilgot Larsson,Maine,1.0,0.7045454545454546,0.14285714285714285,0.9310344827586207
4138,67738,Trey Spencer,Campbell,0.0,0.25,0.6666666666666666,0.75
4139,67739,Richardson Maitre,Florida Atlantic,0.0,0.14285714285714285,0.0,0.8333333333333334
4140,67740,Aleksandar Zecevic,Florida Atlantic,0.0,0.6296296296296297,0.5,1.0
4141,67741,Marcus Burwell,FIU,0.0,0.2857142857142857,1.0,0.625
4142,67742,Ra'Shawn Langston,Louisiana Tech,1.0,0.38095238095238093,0.6666666666666666,0.972972972972973
4143,67743,Silas Adheke,Northern Kentucky,1.0,0.875,0.0,1.0
4144,67744,Jordan Arroyo,New Mexico,0.0,0.25,0.0,0.0
4145,67745,Karim Ezzeddine,New Mexico,0.0,0.4,0.5,1.0
4146,67746,Tyler Kidd,Eastern Washington,0.0,0.10344827586206896,0.037037037037037035,0.5897435897435898
4147,67747,Tremell Murphy,Drake,0.75,0.36585365853658536,0.16,0.9333333333333333
4148,67748,D.J. Wilkins,Drake,0.0,0.13793103448275862,0.05263157894736842,0.8620689655172413
4149,67749,Ahmed Ali,Washington St.,0.0,0.2631578947368421,0.08333333333333333,0.6888888888888889
4150,67751,Tracy Hector,Florida A&M,0.0,0.12,0.3333333333333333,1.0
4151,67752,Kevin Little,Tennessee Martin,0.0,0.0,0.0,0.5128205128205128
4152,67754,Phillip Jones,Howard,0.0,0.0,0.0,0.0
4153,67755,Asiah Avent,Seton Hall,0.0,0.0,0.0,0.0
4154,67756,Cameron Underwood,Saint Peter's,0.0,1.0,0.0,0.0
4155,67757,Marvin Cannon,Washington St.,0.7692307692307693,0.5454545454545454,0.3,0.9444444444444444
4156,67758,Jordan Heading,Cal Baptist,0.0,0.18840579710144928,0.0,0.6909090909090909
4157,67759,Bul Kuol,Cal Baptist,0.3333333333333333,0.36363636363636365,0.0,1.0
4158,67761,Micah Robinson,Cal Baptist,0.0,0.0,0.0,1.0
4159,67762,Ty Rowell,Cal Baptist,0.0,0.18181818181818182,0.5555555555555556,0.8205128205128205
4160,67763,Jordan Gonzalez,Cal Baptist,0.0,0.0,0.0,1.0
4161,67764,Nikola Maric,Little Rock,1.0,0.5205479452054794,0.391304347826087,1.0
4162,67765,J.J. Matthews,Arkansas St.,0.0,0.5135135135135135,0.25,0.0
4163,67767,Canberk Kus,Arkansas St.,0.0,0.2,0.18181818181818182,0.8
4164,67768,Miles Turner,Portland,0.0,0.0,0.0,0.0
4165,67769,Kevonte Corley,Prairie View A&M,0.0,0.0,0.0,0.0
4166,67770,Trey Drechsel,Grand Canyon,0.0,0.4722222222222222,0.1935483870967742,0.7307692307692307
4167,67771,Ty Gadsden,UNC Wilmington,0.0,0.14285714285714285,0.0,0.864406779661017
4168,67773,Jashawn Talton,Texas A&M Corpus Chris,0.0,0.358974358974359,0.38095238095238093,0.8214285714285714
4169,67774,Luidgy Laporal,Saint Francis,0.6666666666666666,0.5,0.1875,0.0
4170,67775,Jimmy Ratliff,Siena,0.0,0.0,0.2,1.0
4171,67776,Kale Walters,Louisiana Tech,0.0,0.0,0.0,0.0
4172,67777,Tre Todd,Alabama A&M,0.0,0.14285714285714285,0.6666666666666666,0.8571428571428571
4173,67778,Terrell Brown,Seattle,0.0,0.1134020618556701,0.03508771929824561,0.8125
4174,67780,Malik Brevard,Arkansas St.,0.75,0.4838709677419355,0.0,1.0
4175,67781,Perion Little,Western Illinois,0.0,0.0,0.0,0.0
4176,67783,Abe Kinrade,Air Force,0.0,0.0,0.5,1.0
4177,67784,Zach Couper,Air Force,0.0,0.0,0.0,0.0
4178,67785,Nick Rene,Air Force,0.0,0.0,0.0,0.0
4179,67786,Isaac Monson,Air Force,0.0,0.0,0.0,0.0
4180,67787,A.J. Walker,Air Force,0.0,0.05555555555555555,0.043478260869565216,0.9444444444444444
4181,67790,Brandon Mahan,Texas A&M,0.0,0.42857142857142855,0.2,0.9069767441860465
4182,67795,Devan Straub,Evansville,0.0,1.0,1.0,1.0
4183,67796,Marlon Sierra,Bowling Green,0.0,0.46153846153846156,0.3076923076923077,0.8888888888888888
4184,67797,Mike Davis,Murray St.,0.0,0.6,1.0,0.9166666666666666
4185,67798,Michael Laster,Bowling Green,0.0,0.06060606060606061,0.034482758620689655,0.9333333333333333
4186,67799,Patrick Bossetta,Southeastern Louisiana,0.0,0.0,0.0,1.0
4187,67800,Jake Hendricks,Wyoming,0.0,0.14285714285714285,0.0,0.9104477611940298
4188,67801,Lwal Dung,Wyoming,0.0,0.6666666666666666,0.0,0.0
4189,67802,Craig Owens Jr.,LIU,0.0,0.0,0.0,1.0
4190,67803,Mason Jones,Arkansas,0.0,0.37254901960784315,0.1111111111111111,0.6578947368421053
4191,67804,Romaro Gill,Seton Hall,0.9375,0.84,1.0,0.0
4192,67806,Tyler Reynolds,Manhattan,0.0,0.5714285714285714,0.4117647058823529,0.9322033898305084
4193,67807,Kevin Salis,Manhattan,0.0,0.0,0.0,0.0
4194,67809,Keith McGee,New Mexico,0.75,0.15384615384615385,0.0,0.7560975609756098
4195,67812,KC Ndefo,Saint Peter's,0.45,0.352112676056338,0.3333333333333333,0.8333333333333334
4196,67813,Justin Ryder,Delaware St.,0.0,0.3333333333333333,0.0,0.5
4197,67815,Josh Aldrich,USC Upstate,0.75,0.375,1.0,1.0
4198,67816,Jordan Furlough,USC Upstate,0.0,0.0,0.0,1.0
4199,67818,Brock Jancek,Tennessee,0.0,0.0,0.0,0.0
4200,67819,Kyle Hoffman,Florida Gulf Coast,0.0,0.0,0.0,0.0
4201,67821,Larry Robinson III,New Orleans,0.0,0.5714285714285714,0.8333333333333334,1.0
4202,67822,R.J. Smith,Sam Houston St.,1.0,0.5925925925925926,0.3,0.8181818181818182
4203,67823,Ountae Campbell,UTEP,1.0,0.8,0.23076923076923078,1.0
4204,67825,Owen King,South Dakota St.,0.0,0.0967741935483871,0.14285714285714285,0.9285714285714286
4205,67826,Pape Diop,Southeastern Louisiana,0.6,0.6666666666666666,0.4,1.0
4206,67827,Carter Brooks,North Dakota,0.0,0.0,0.0,0.0
4207,67830,Brandon Powell,Alabama A&M,0.0,0.6666666666666666,1.0,0.0
4208,67831,Isaac Hippolyte,Coastal Carolina,0.0,0.5,0.0,1.0
4209,67833,Trevor Banks,Arkansas Pine Bluff,1.0,0.6428571428571429,0.3333333333333333,0.0
4210,67835,Isaiah Hart,Austin Peay,0.0,0.0,0.0,0.9333333333333333
4211,67836,Kyonze Chavis,Norfolk St.,0.0,0.5555555555555556,0.38461538461538464,0.5
4212,67837,Andre Jackson,North Carolina A&T,0.0,0.21428571428571427,1.0,0.625
4213,67838,Ronald Jackson,North Carolina A&T,0.7857142857142857,0.6363636363636364,0.6,1.0
4214,67839,Jacob Hyde,Jacksonville St.,0.0,0.0,0.0,0.0
4215,67841,Webster Filmore,North Carolina A&T,1.0,1.0,0.0,0.0
4216,67844,Colten Webber-Mitchell,Central Michigan,0.0,0.0,0.0,0.0
4217,67846,Christian Gray,Fresno St.,0.0,0.6363636363636364,0.0,0.0
4218,67847,Langston Stalling,Valparaiso,0.0,0.0,0.0,0.0
4219,67848,Drew Cotton,Utah Valley,0.0,1.0,0.0,0.0
4220,67850,Jeremiah Bailey,Pacific,0.3333333333333333,0.21428571428571427,0.125,0.8787878787878788
4221,67851,Cameron Gottfried,Cal St. Northridge,0.0,0.5909090909090909,0.7272727272727273,0.9166666666666666
4222,67852,Samson Strickland,East Carolina,0.0,0.0,0.0,0.0
4223,67854,Jakoby Kemp,IU Indy,0.0,0.0,0.0,0.0
4224,67855,Dave Calloway Jr.,Monmouth,0.0,0.0,0.0,1.0
4225,67856,Jaylon Wilson,Longwood,0.0,0.12121212121212122,0.08333333333333333,0.9473684210526315
4226,67857,Juan Cardenas,Bryant,1.0,0.475,1.0,0.9565217391304348
4227,67858,Lorenzo Phillips,Longwood,0.0,0.05263157894736842,0.06896551724137931,0.7777777777777778
4228,67860,Kyle Cardaci,Bryant,0.0,0.0,0.0,0.0
4229,67863,Drew Joiner,Denver,0.0,0.0,1.0,0.0
4230,67864,Tank Hemphill,Green Bay,0.8,0.41007194244604317,0.38461538461538464,0.0
4231,67865,Josh McNair,Green Bay,0.7857142857142857,0.4461538461538462,0.2857142857142857,0.0
4232,67866,Trevor Johnson,IU Indy,0.0,0.0,0.0,0.0
4233,67867,Chidi Udengwu,Idaho St.,0.5,0.4166666666666667,0.0,0.0
4234,67869,Christian Plummer,UTSA,0.0,0.0,0.0,1.0
4235,67870,Musial Gjysma,Detroit Mercy,0.0,0.0,0.0,0.0
4236,67871,Mateo Escheik,UTSA,0.0,0.0,1.0,0.0
4237,67872,Gerard Andrus,Prairie View A&M,1.0,0.5694444444444444,0.6875,1.0
4238,67874,Jakobe Dill,UTEP,0.0,0.0,0.0,0.0
4239,67875,C.J. Kelly,Norfolk St.,0.0,0.3157894736842105,0.5,0.8888888888888888
4240,67876,Aramani Hill,South Carolina St.,0.0,0.2222222222222222,0.25,0.6666666666666666
4241,67877,Dato Aphkhazava,Southern Utah,0.0,0.0,0.0,1.0
4242,67878,Eric Walker,Troy,0.0,0.0,0.0,0.0
4243,67880,Gabriel Steele,Florida A&M,0.0,0.0,0.0,0.0
4244,67881,D.J. Mitchell,Hartford,0.0,1.0,0.0,1.0
4245,67883,Jeremy Hayes,Louisiana,1.0,0.13333333333333333,0.0,0.9166666666666666
4246,67885,Eli Mouton,Louisiana,0.0,0.0,0.0,0.0
4247,67886,Tyree White,Louisiana Monroe,0.8571428571428571,0.7857142857142857,0.6,0.9473684210526315
4248,67888,Tra'Von Fagan,Buffalo,0.3333333333333333,0.75,0.0,0.0
4249,67890,Christian Barrett,Lamar,0.8571428571428571,0.5882352941176471,0.75,1.0
4250,67891,Edwin Jeudy,Lamar,1.0,0.6,0.5,1.0
4251,67892,Jeromy Rodriguez,East Tennessee St.,0.8823529411764706,0.57,0.24390243902439024,0.0
4252,67893,Freddie Gillespie,Baylor,0.9523809523809523,0.8235294117647058,0.6153846153846154,0.0
4253,67894,Ben Kinker,Army,1.0,0.75,0.0,1.0
4254,67895,A.J. Banks,Wyoming,0.5384615384615384,0.358974358974359,0.16666666666666666,0.7272727272727273
4255,67896,Luke Major,Oklahoma St.,0.0,1.0,0.0,1.0
4256,67897,Kendarius Smith,North Alabama,0.0,0.038461538461538464,0.3333333333333333,0.6666666666666666
4257,67898,Payton Youngblood,North Alabama,0.0,0.0,0.0,1.0
4258,67900,Kashawn Charles,Eastern Illinois,0.0,0.2727272727272727,0.3333333333333333,0.6923076923076923
4259,67902,Jackson Moffatt,Baylor,0.0,0.0,0.0,0.0
4260,67906,Chris Smith,Arkansas Pine Bluff,1.0,0.7777777777777778,0.0,0.0
4261,67907,Jordan Williams,St. Francis NY,0.0,0.0,0.0,0.0
4262,67909,Jacob Tryon,Portland,0.0,0.5333333333333333,0.5555555555555556,1.0
4263,67911,Yilret Yiljep,American,0.0,0.6,0.5,1.0
4264,67912,Austin Washburn,William & Mary,0.0,0.0,0.0,1.0
4265,67916,Sean Flood,Longwood,0.0,0.2222222222222222,0.0,0.7755102040816326
4266,67917,Kye Blaser,Oregon St.,0.0,0.0,0.0,0.0
4267,67918,Jamar Madge,Milwaukee,0.0,0.0,0.0,1.0
4268,67919,Wil Sessoms,Milwaukee,0.8888888888888888,0.6071428571428571,0.7777777777777778,1.0
4269,67920,Bobby Arthur-Williams,Milwaukee,0.0,0.5,0.7142857142857143,1.0
4270,67921,Amir Allen,Milwaukee,0.9375,0.6140350877192983,0.3125,0.0
4271,67923,Cameron Diggs,North Alabama,0.0,0.7058823529411765,1.0,0.0
4272,67924,Georges Darwiche,Siena,0.0,0.0,0.0,0.75
4273,67925,Osa Wilson,Southern,0.0,0.36363636363636365,0.3333333333333333,0.0
4274,67929,Will Reese,LSU,0.0,0.5,0.0,0.0
4275,67930,Mason Williams,Fordham,0.0,0.0,0.0,1.0
4276,67931,Jahmari Etienne,South Carolina St.,0.0,0.16666666666666666,0.24,0.8518518518518519
4277,67932,Mac Hunt,Vanderbilt,0.0,0.0,0.0,1.0
4278,67933,Jonah Underwood,UC Davis,0.0,1.0,0.0,0.0
4279,67934,Trey Dawkins,Georgia Southern,0.0,0.0,1.0,0.5
4280,67935,Mark Tikhonenko,North Texas,0.0,1.0,0.0,1.0
4281,67937,Garrett Suedekum,Belmont,0.0,0.0,0.0,0.0
4282,67940,Jack Raboin,Saint Louis,0.0,0.0,0.0,1.0
4283,67943,Jonathan Scott,Chattanooga,0.0,0.2631578947368421,0.1,0.9032258064516129
4284,67945,Isaiah Crawley,Georgia Southern,0.7142857142857143,0.32407407407407407,0.11764705882352941,0.9285714285714286
4285,67946,Donaven Dorsey,Montana,1.0,0.6,1.0,0.9230769230769231
4286,67947,Melkisedek Moreaux,St. Bonaventure,0.0,0.0,0.0,0.0
4287,67948,Josiah Wallace,Eastern Illinois,0.0,0.18,0.06557377049180328,0.5833333333333334
4288,67949,Braxton Shaw,Eastern Illinois,0.0,0.25,0.5,0.0
4289,67950,Keandre Cook,Missouri St.,0.3333333333333333,0.20512820512820512,0.15555555555555556,0.5
4290,67951,JaQualis Matlock,Eastern Illinois,0.5,0.4722222222222222,0.42857142857142855,1.0
4291,67952,Jordan Oakley,Eastern Kentucky,0.5,0.5925925925925926,1.0,1.0
4292,67954,Taevon Horton,West Virginia,1.0,0.5,1.0,1.0
4293,67955,Andrew Gordon,West Virginia,0.6,0.5217391304347826,0.5714285714285714,0.0
4294,67957,Kendall Stafford,North Alabama,0.0,0.3442622950819672,0.38095238095238093,0.9302325581395349
4295,67958,Rylen Grundy,Purdue Fort Wayne,0.0,1.0,0.0,0.0
4296,67959,James Wall,Georgia St.,0.0,0.0,0.0,0.0
4297,67960,Seth LeDay,East Carolina,0.6333333333333333,0.4897959183673469,0.4090909090909091,0.0
4298,67963,Bobby Parker,Kennesaw St.,0.0,0.6,0.6,0.8421052631578947
4299,67965,Damian Chong Qui,Mount St. Mary's,0.0,0.0967741935483871,0.0,0.4782608695652174
4300,67967,Ricquall Smoot,Hampton,1.0,0.6875,1.0,0.0
4301,67968,Ashton McClelland,Texas Southern,0.0,0.0,0.0,0.0
4302,67969,Sal Nuhu,Portland St.,0.8888888888888888,0.7903225806451613,0.6071428571428571,0.0
4303,67970,Amel Kuljuhovic,Cal St. Fullerton,1.0,0.5,1.0,1.0
4304,67971,Rodney Henderson Jr.,Cal St. Northridge,0.5,0.43333333333333335,0.21052631578947367,0.9245283018867925
4305,67973,Taylor Maughan,BYU,0.0,0.0,0.0,0.0
4306,67975,Ladan Ricketts,Montana St.,0.0,0.5555555555555556,0.1875,0.9545454545454546
4307,67977,Aamahne Santos,Jacksonville,0.0,0.09090909090909091,0.25,0.6666666666666666
4308,67978,Willie Herenton,Miami FL,0.0,0.0,0.0,1.0
4309,67979,Alex Michael,Wofford,0.0,0.0,0.5,0.0
4310,67980,Drew Cottrell,Wofford,0.0,0.0,0.0,0.0
4311,67984,Zaire Mateen,Northern Illinois,0.0,0.0,0.3333333333333333,0.8571428571428571
4312,67985,Alize Travis,Northern Illinois,0.0,0.0,0.0,0.0
4313,67986,Trendon Hankerson,Northern Illinois,0.0,0.14285714285714285,0.0,0.875
4314,67987,Benjamin Litteken,Miami OH,0.0,1.0,0.0,0.0
4315,67990,Davis Long,Delaware,0.0,0.0,0.0,0.0
4316,67991,Sasha French,Albany,1.0,0.4,1.0,0.0
4317,67992,Ben Perez,Iona,1.0,0.6842105263157895,0.3333333333333333,0.88
4318,67994,Tiandre Jackson-Young,UT Arlington,0.7142857142857143,0.4,0.6666666666666666,1.0
4319,67995,Jalen Tuck,Troy,0.0,0.0,0.0,0.0
4320,67996,Tim Graham,Wagner,0.0,0.6,0.0,1.0
4321,67997,Leon Sneed,Prairie View A&M,0.0,0.4,0.0,0.0
4322,67998,Wyatt Battaile,Louisville,0.0,0.0,0.0,0.0
4323,68000,Charles Norman,Troy,0.0,0.0,0.0,0.9
4324,68002,Ty Dalton,Houston Christian,0.0,0.29545454545454547,0.125,0.8461538461538461
4325,68004,Devonte Patterson,Prairie View A&M,0.75,0.41836734693877553,0.4,0.9230769230769231
4326,68006,Zac Saddler,North Dakota,0.0,0.0,0.0,0.0
4327,68007,Jare'l Spellman,Sacred Heart,0.85,0.6666666666666666,0.6296296296296297,1.0
4328,68009,Allen Hatchett Jr.,South Carolina St.,0.0,0.18181818181818182,0.25,1.0
4329,68010,Jamir Coleman,Central Connecticut,0.5,0.31746031746031744,0.2222222222222222,0.9565217391304348
4330,68011,Thai Segwai,Central Connecticut,0.0,0.125,0.16666666666666666,0.3333333333333333
4331,68012,DaJion Henderson,Tennessee St.,0.0,0.24242424242424243,0.25,0.0
4332,68014,Malik Haynes,Northern Iowa,0.0,0.0,0.0,0.0
4333,68016,John Norvel,Northwestern St.,0.0,0.0,0.0,0.8421052631578947
4334,68018,Huthifah Abdeljawad,Hawaii,0.0,0.0,0.0,0.0
4335,68020,Eddie Stansberry,Hawaii,0.0,0.6296296296296297,0.5454545454545454,0.9253731343283582
4336,68022,Trevor Blackmon,Southern,0.0,0.0,0.0,0.0
4337,68024,Destin Dunton,Southern,0.0,0.5,0.3333333333333333,0.0
4338,68025,Brendon Brooks,Southern,0.0,0.0,0.125,0.8333333333333334
4339,68029,Ben Drake,Presbyterian,0.0,0.5,1.0,1.0
4340,68030,Jerry Carter,Hampton,0.0,0.0,0.0,0.0
4341,68031,Quishon Harris,Old Dominion,0.0,0.0,0.0,0.0
4342,68035,Shea Feehan,Evansville,0.0,0.5294117647058824,0.38461538461538464,0.8823529411764706
4343,68037,Rashaad Goolsby,Portland St.,0.25,0.5217391304347826,0.42857142857142855,1.0
4344,68038,Michael Nuga,Portland St.,0.5,0.3333333333333333,0.2,0.9523809523809523
4345,68039,LaTerrance Reed,Northwestern St.,0.0,0.4,0.2,0.8571428571428571
4346,68040,Robert McCoy,Portland St.,0.6666666666666666,0.28205128205128205,0.5555555555555556,0.8125
4347,68041,Victor Curry,Morgan St.,0.0,0.5,0.6,0.0
4348,68042,Leon Redd,Bethune Cookman,0.0,0.0,0.6666666666666666,0.7333333333333333
4349,68043,Wali Parks,Bethune Cookman,0.6666666666666666,0.43243243243243246,0.4,0.8333333333333334
4350,68044,Ranell Bell,Morgan St.,0.0,0.0,0.0,1.0
4351,68045,Cletrell Pope,Bethune Cookman,0.7857142857142857,0.6097560975609756,0.6363636363636364,1.0
4352,68046,"Derek Hawthorne, Jr.",Tennessee Martin,0.25,0.24324324324324326,0.3333333333333333,0.6451612903225806
4353,68047,Robert Guyton,The Citadel,0.0,0.0,0.0,0.0
4354,68049,Myles Parker,Auburn,1.0,1.0,0.0,1.0
4355,68050,Juwan Williams,Portland St.,0.0,0.25,0.0,1.0
4356,68051,Jay Vaughan,Lafayette,0.0,0.0,0.0,1.0
4357,68054,Luke Toliver,Western Michigan,0.0,0.0,0.0,0.0
4358,68055,Faite Williams,Prairie View A&M,0.0,1.0,0.5,0.0
4359,68057,Russell Daniels,Montana St.,0.0,0.2222222222222222,0.16666666666666666,1.0
4360,68059,John Brown,Texas A&M,0.0,0.0,0.0,0.0
4361,68061,Isaiah Wade,Washington St.,0.75,0.5740740740740741,0.3333333333333333,0.0
4362,68064,A.J. Frazier,Xavier,0.0,0.0,0.0,0.0
4363,68066,Reagan Lundeen,Washington,0.0,0.0,0.0,0.0
4364,68070,Clay Patterson,New Mexico,0.0,0.0,0.0,0.0
4365,68072,Kawanise Wilkins,Western Michigan,0.0,0.41818181818181815,0.3333333333333333,0.8333333333333334
4366,68073,Adam Mikula,Boston University,0.0,0.0,0.0,0.0
4367,68075,Isaiah Rollins,Southern,0.0,0.0,0.6666666666666666,0.8571428571428571
4368,68076,Elishja Duplechan,Nebraska Omaha,0.0,0.0,0.5,0.0
4369,68077,Tommy Burton,Coastal Carolina,0.75,0.5211267605633803,0.18181818181818182,0.0
4370,68079,Tyrik Armstrong,Texas Southern,0.0,0.10810810810810811,0.037037037037037035,0.25
4371,68080,Nate Schuster,Iowa St.,0.0,0.0,0.0,1.0
4372,68081,Carter Boothe,Iowa St.,0.0,0.0,0.0,0.0
4373,68082,Kevin McNeal,Cal St. Bakersfield,0.5,0.36363636363636365,0.2222222222222222,0.0
4374,68083,Landon Taliaferro,Fairfield,0.0,0.5555555555555556,0.3125,0.8444444444444444
4375,68084,Travell Washington,Illinois Chicago,1.0,1.0,1.0,1.0
4376,68086,Shaq Seville,Alabama A&M,0.0,0.7142857142857143,0.6666666666666666,0.0
4377,68088,Aidan Saunders,Oral Roberts,0.0,0.14285714285714285,0.045454545454545456,0.8333333333333334
4378,68089,D.J. Weaver,Oral Roberts,1.0,0.3333333333333333,0.29411764705882354,0.9583333333333334
4379,68091,Dante Treacy,Robert Morris,0.0,0.3,0.0,0.75
4380,68092,Shareef Smith,Eastern Illinois,0.0,0.17647058823529413,0.21428571428571427,0.7692307692307693
4381,68093,Cedric Jackson,Florida Atlantic,0.0,0.0,0.0,1.0
4382,68095,Michael Littlejohn,Tennessee St.,0.0,0.21052631578947367,0.125,0.7592592592592593
4383,68096,Emmanuel Egbuta,Tennessee St.,0.7619047619047619,0.49122807017543857,0.2,0.0
4384,68097,Demarcus Mitchell,Tennessee St.,1.0,1.0,0.0,0.0
4385,68098,Jordan Little,Morgan St.,1.0,0.6666666666666666,0.5,0.0
4386,68099,Michael Baer,Iowa,0.0,0.0,0.0,1.0
4387,68100,Montrell Horsey,Delaware St.,0.0,0.0,0.0,1.0
4388,68102,Solomon Iluyomade,Maine,0.0,0.0,0.0,0.0
4389,68104,Sayveon McEwen,Robert Morris,0.0,0.1,1.0,1.0
4390,68105,Atem Bior,UTSA,0.0,0.42105263157894735,0.6,0.0
4391,68106,Romelo Burrell,Central Michigan,1.0,0.7647058823529411,0.5,1.0
4392,68107,Anselm Uzuegbunem,SIU Edwardsville,1.0,0.5652173913043478,0.75,0.0
4393,68108,Oscar Kao,Southeast Missouri St.,0.0,0.25,0.25,0.6153846153846154
4394,68109,John Kitoko,Charlotte,0.0,1.0,0.5,1.0
4395,68110,Jordan Gilliam,UC Riverside,0.0,0.0,0.05263157894736842,0.8421052631578947
4396,68112,LJ Figueroa,St. John's,0.5714285714285714,0.494949494949495,0.32653061224489793,0.8627450980392157
4397,68113,Bentiu Panoam,North Dakota,0.0,0.25,0.3333333333333333,1.0
4398,68114,Brae Ivey,San Jose St.,0.0,0.15789473684210525,0.23809523809523808,0.8484848484848485
4399,68115,Federico Poser,Elon,0.0,0.5,0.6,0.0
4400,68116,Tajuan Agee,Iona,0.8666666666666667,0.3953488372093023,0.4,0.9142857142857143
4401,68117,Grant Quinn,Tulane,0.0,0.0,0.0,0.0
4402,68119,Justin Perez,American,0.0,0.0,0.0,0.0
4403,68120,Vijay Blackmon,Indiana,0.0,0.0,0.0,0.0
4404,68122,Zachary Barnes,Mississippi Valley St.,0.0,0.0,0.0,1.0
4405,68123,Michael Green,Mississippi Valley St.,0.0,0.2,0.375,0.9655172413793104
4406,68124,Gregory Holloway,Mississippi Valley St.,0.0,0.0,1.0,0.0
4407,68125,Yanni Wetzell,Vanderbilt,0.6153846153846154,0.5098039215686274,0.2857142857142857,1.0
4408,68126,Chaz Mack,Cornell,0.0,1.0,0.0,1.0
4409,68127,Thurston McCarty,Cornell,0.0,0.5,0.0,1.0
4410,68129,Yannis Mendy,Robert Morris,0.0,0.6461538461538462,0.5454545454545454,0.0
4411,68130,Malcolm Elashari-Rashed,George Washington,0.0,0.0,0.0,0.0
4412,68131,Devin Moss,San Diego,0.0,0.0,0.0,0.0
4413,68132,Ted McCree,Northern Arizona,0.75,0.6428571428571429,0.15625,0.6470588235294118
4414,68133,Connor Murrell,Ohio,0.6666666666666666,0.5333333333333333,0.3333333333333333,1.0
4415,68134,"Antonio Cowart, Jr.",Ohio,0.0,0.5714285714285714,0.3333333333333333,0.8214285714285714
4416,68135,Jarrett Givens,Austin Peay,1.0,0.7692307692307693,0.3333333333333333,1.0
4417,68136,Brandon Bradsher,Loyola MD,0.0,0.5,0.0,0.0
4418,68137,Joe Foley,Lehigh,0.0,0.3333333333333333,0.0,0.0
4419,68139,Jahnathan Maxwell,Iona,0.0,0.6923076923076923,0.5,1.0
4420,68140,Jackson Stent,Houston Christian,0.0,0.5,0.42857142857142855,1.0
4421,68141,Niksa Nikolic,Iona,1.0,0.6666666666666666,0.5,0.0
4422,68142,Chris Caliguiran,Towson,0.0,0.0,0.0,0.0
4423,68143,Tre Tiller,East Tennessee St.,1.0,0.5,0.0,0.0
4424,68144,Dee Montgomery,Purdue Fort Wayne,1.0,0.20833333333333334,0.25,0.9428571428571428
4425,68146,Rob Montgomery,Central Michigan,0.75,0.44,0.47619047619047616,0.9523809523809523
4426,68147,Ron Lubin,South Florida,0.0,0.0,0.0,0.0
4427,68148,"Charles Henderson, Jr.",Tennessee Martin,0.0,0.0,1.0,1.0
4428,68149,Spencer Chandler,Tennessee Tech,0.0,0.0,0.0,0.0
4429,68150,Antonio Williams,Kent St.,0.9375,0.4111111111111111,0.2608695652173913,1.0
4430,68153,Blake Nevins,Texas,0.0,1.0,0.0,0.0
4431,68154,Marvin Coleman,UNLV,0.0,0.3333333333333333,0.0,1.0
4432,68155,Jeff Otchere,Stony Brook,0.72,0.5681818181818182,0.7142857142857143,0.0
4433,68156,Brandon Miller,Alabama A&M,0.0,0.13333333333333333,0.0625,0.75
4434,68158,Richard Caldwell Jr.,Binghamton,0.3333333333333333,0.25,0.0,0.8888888888888888
4435,68159,Kendall Lauderdale,Albany,1.0,0.6666666666666666,0.9166666666666666,0.0
4436,68160,Hyron Edwards,Colorado St.,0.0,0.42105263157894735,0.45454545454545453,0.8333333333333334
4437,68161,Kyle Feit,Arizona St.,0.0,0.0,0.0,0.0
4438,68162,Trent Harris,Northern Colorado,0.0,0.3333333333333333,0.18181818181818182,0.896551724137931
4439,68165,Ryan Johnson,Delaware,0.0,0.26666666666666666,0.0,1.0
4440,68167,Darnell Cowart,Murray St.,1.0,0.6666666666666666,0.2916666666666667,0.0
4441,68169,Tyresse Williford,SIU Edwardsville,0.0,0.14516129032258066,0.0,0.4444444444444444
4442,68171,A.J. Hicks,Morehead St.,0.0,0.09615384615384616,0.05555555555555555,0.6176470588235294
4443,68173,Andy Neff,Wright St.,0.0,1.0,0.0,0.0
4444,68174,Denzel Tchougang,Siena,1.0,0.6666666666666666,1.0,0.0
4445,68175,Drew Cobb,Long Beach St.,0.0,0.6206896551724138,0.25,1.0
4446,68177,Mikel Beyers,Marshall,0.7777777777777778,0.625,0.6,1.0
4447,68178,Mike James Jr.,Monmouth,0.0,0.0,1.0,0.0
4448,68180,Patrick Jamison,NJIT,0.0,1.0,0.0,0.0
4449,68182,Djordje Dimitrijevic,Mercer,0.0,0.09302325581395349,0.0,0.72
4450,68184,Bryan Assie,Southern,0.8,0.4444444444444444,0.35294117647058826,0.0
4451,68185,C.J. Williamson,Kent St.,0.3,0.41379310344827586,0.2857142857142857,0.8571428571428571
4452,68186,Tra'Quan Knight,Detroit Mercy,0.0,0.5,0.0,0.0
4453,68189,Marquis Moore,Detroit Mercy,0.0,0.4444444444444444,1.0,1.0
4454,68192,Jeremy Joyner,Tennessee Martin,1.0,0.7777777777777778,0.0,0.0
4455,68193,Ndene Gueye,UT Rio Grande Valley,1.0,0.5384615384615384,0.9166666666666666,0.0
4456,68196,Isaac Bassey,Arkansas Pine Bluff,1.0,0.7333333333333333,0.375,0.0
4457,68197,Marquell Carter,Arkansas Pine Bluff,0.0,0.5,0.375,0.9411764705882353
4458,68200,Nicolas Hobbs,Iowa,0.0,1.0,0.0,1.0
4459,68201,Mark Calleja,South Florida,0.0,1.0,0.0,0.0
4460,68202,Isaiah White,Utah Valley,0.8,0.5833333333333334,0.16666666666666666,1.0
4461,68204,Skyler Hogan,Southeast Missouri St.,0.0,0.35,0.07407407407407407,0.8571428571428571
4462,68205,Kyle King,Purdue,0.0,0.0,0.0,0.0
4463,68208,Rob Howard Jr.,Illinois Chicago,0.8,0.7,0.5333333333333333,0.9375
4464,68209,Jamie Ahale,Illinois Chicago,0.0,0.5,1.0,1.0
4465,68211,Ayoub Nouhi,UT Arlington,1.0,0.6470588235294118,0.4,1.0
4466,68212,Andre Charles Jr.,Houston Christian,0.0,0.0,0.0,0.0
4467,68213,Kur Jockuch,Northern Colorado,0.6666666666666666,0.6666666666666666,0.3333333333333333,0.0
4468,68216,Jack Schwietz,UMBC,0.0,0.0,0.0,1.0
4469,68217,Christian Sutton,American,0.0,0.0,0.0,0.0
4470,68219,Rade Kukobat,Eastern Illinois,1.0,0.4473684210526316,0.7407407407407407,1.0
4471,68220,Torico Simmons,Mississippi Valley St.,0.0,0.07692307692307693,0.2777777777777778,0.9285714285714286
4472,68221,Travis Rice,Washington,0.0,0.0,0.0,0.0
4473,68223,Will Butler,UAB,0.9,0.5833333333333334,0.14285714285714285,0.0
4474,68224,Nolan Bertain,UAB,0.0,0.0,0.0,1.0
4475,68227,Johnnie Vassar,Tennessee Tech,0.0,0.375,0.25,0.7142857142857143
4476,68228,Crisshawn Clark,Portland,0.0,0.4,0.5,0.9
4477,68232,Zaquavian Smith,Savannah St.,0.25,0.4838709677419355,0.0,0.7321428571428571
4478,68233,Nicolas Fennell,North Carolina Central,0.0,0.375,0.0,1.0
4479,68234,Scott Walter,Akron,0.0,0.0,0.0,0.0
4480,68235,Jake Fischer,Akron,0.0,0.0,0.0,1.0
4481,68236,Jeremy Roscoe,Akron,0.0,0.2222222222222222,0.0,0.9
4482,68238,AJ Farrar,Alabama St.,0.0,0.40540540540540543,0.375,0.7272727272727273
4483,68240,Abdul Alatishe,Nicholls St.,0.0,1.0,0.3333333333333333,0.0
4484,68241,Thomas Clement,Nicholls St.,0.0,0.0,0.0,0.6666666666666666
4485,68242,Channel Banks,Akron,0.0,0.47368421052631576,0.25,0.9411764705882353
4486,68243,Tyler Cheese,Akron,1.0,0.2894736842105263,0.03125,0.8888888888888888
4487,68244,Lepear Toles,Akron,0.0,0.0,0.0,0.0
4488,68246,Simon Falokun,Tulsa,0.0,0.4,0.0,0.0
4489,68247,Zeke Moore,Tulsa,0.0,0.0,0.16666666666666666,1.0
4490,68249,Lasani Johnson,Grambling St.,0.0,0.3333333333333333,0.6,0.9545454545454546
4491,68250,Eugene Witherspoon,Chicago St.,0.0,0.35714285714285715,0.0,0.0
4492,68251,Brandon Moore Jr.,Nicholls St.,0.0,0.26666666666666666,0.16666666666666666,0.8888888888888888
4493,68252,Danny Garrick,Nicholls St.,0.0,0.25,0.0,0.9393939393939394
4494,68253,Trent Schiller,Nicholls St.,0.0,0.0,0.0,0.0
4495,68254,Elvis Harvey,Nicholls St.,0.8333333333333334,0.6666666666666666,0.3157894736842105,0.8636363636363636
4496,68255,Collins Joseph,Savannah St.,0.0,0.0625,0.2727272727272727,0.6739130434782609
4497,68256,Tyrell Harper,Savannah St.,0.0,0.2727272727272727,0.375,0.8787878787878788
4498,68257,Amaru Bryant,Savannah St.,0.0,0.0,0.0,1.0
4499,68258,Jaquan Dotson,Savannah St.,0.625,0.40789473684210525,0.2,0.8524590163934426
4500,68259,Adam Saeed,Savannah St.,0.8,0.6470588235294118,0.5,1.0
4501,68260,Romani Hansen,Savannah St.,1.0,0.5,0.6666666666666666,0.8695652173913043
4502,68261,Harold Givens,Alcorn St.,0.0,0.4,0.0,0.0
4503,68263,Therrell Gosier II,Alabama St.,0.0,0.5,0.0,1.0
4504,68264,Kevin Holston,Alabama St.,0.0,0.0,0.0,0.6666666666666666
4505,68265,Delshon Strickland,Chicago St.,0.8,0.375,0.18518518518518517,0.8260869565217391
4506,68266,Noah Bigirumwami,Chicago St.,0.0,0.8,1.0,0.0
4507,68269,Miles Oliver,Chicago St.,0.0,0.0,0.0,0.0
4508,68270,Travon Bunch,Grambling St.,0.8,0.7142857142857143,0.5,0.0
4509,68271,Dallas Polk-Hilliard,Grambling St.,0.6,0.4418604651162791,0.41025641025641024,0.8571428571428571
4510,68272,Peter Hewitt,Tulsa,1.0,1.0,0.0,0.0
4511,68273,Rashann London,North Carolina Central,0.0,0.3684210526315789,0.25,1.0
4512,68275,Jael Scott,Alcorn St.,0.5,0.3103448275862069,0.2727272727272727,1.0
4513,68276,Jeremiah Buford,Nicholls St.,0.0,0.375,0.6666666666666666,1.0
4514,68277,Canaan Bartley,Maryland Eastern Shore,0.3333333333333333,0.20588235294117646,0.058823529411764705,1.0
4515,68279,Shaq Athie,Grambling St.,0.0,0.25,1.0,1.0
4516,68280,Prince Moss,Grambling St.,0.5,0.4444444444444444,0.18181818181818182,0.9375
4517,68281,Leon Daniels,Alabama St.,0.25,0.3235294117647059,0.5714285714285714,0.8222222222222222
4518,68282,Alonzo Campbell,Alcorn St.,0.5,0.44,0.14285714285714285,0.0
4519,68283,Deshaw Andrews,Alcorn St.,0.0,0.2682926829268293,0.25,0.875
4520,68284,Jonathan Floyd,Alcorn St.,0.0,0.0,0.0,1.0
4521,68285,Bryan Urrutia,Maryland Eastern Shore,0.0,0.09433962264150944,0.07692307692307693,0.42857142857142855
4522,68286,Jordan Reed,Chicago St.,0.0,0.0,0.0,0.7777777777777778
4523,68287,Azariah Seay,Alabama St.,1.0,0.4,0.0,0.6
4524,68288,Gabriel Gyamfi,Maryland Eastern Shore,1.0,0.5961538461538461,0.8,1.0
4525,68289,Trey Johnson,McNeese St.,0.0,0.16666666666666666,0.0,1.0
4526,68291,Will Robinson,McNeese St.,1.0,0.47368421052631576,0.3333333333333333,0.8888888888888888
4527,68292,Shamarkus Kennedy,McNeese St.,0.6896551724137931,0.6782608695652174,0.7391304347826086,0.0
4528,68293,Christian Jacob,Chicago St.,1.0,0.547945205479452,0.2857142857142857,1.0
4529,68294,Kevin Hunt,McNeese St.,0.0,0.23809523809523808,0.15384615384615385,0.9230769230769231
4530,68295,Noah Plain,Alcorn St.,1.0,0.75,0.0,0.0
4531,68296,Jayveous McKinnis,Jackson St.,0.7105263157894737,0.575,0.6,0.0
4532,68297,Chris McIntosh,Jackson St.,0.0,0.0,0.0,0.0
4533,68299,William Brown,Jackson St.,0.0,0.25,0.1111111111111111,1.0
4534,68301,Hunter Shelton,Jackson St.,0.0,0.0,0.0,0.875
4535,68305,Justin Johnson,Jackson St.,0.0,0.5333333333333333,0.14285714285714285,0.0
4536,68306,Preston Cook,Auburn,0.0,0.0,0.0,0.0
4537,68307,Chase Maasdorp,Auburn,0.0,0.0,0.0,1.0
4538,68308,Michael Dobbins,Texas Southern,0.0,0.75,0.0,0.0
4539,68309,Zedrek Farrell,Lehigh,0.0,1.0,0.0,0.0
4540,68310,David Roelke,Lehigh,0.0,1.0,0.0,1.0
4541,68311,Lawrence Mosley,Middle Tennessee,0.0,0.5,0.5,1.0
4542,68312,Markese Redding,Loyola MD,0.0,1.0,0.0,0.0
4543,68313,Grant Kersey,Virginia,0.0,1.0,0.0,0.5
4544,68314,Fred Slater,South Carolina St.,0.0,0.0,0.0,1.0
4545,68315,Zach Walker,Texas A&M,0.0,0.0,0.0,0.0
4546,68318,Chaz Schneider,Oral Roberts,0.0,0.0,0.0,0.0
4547,68319,Max Dorward,Santa Clara,0.0,0.0,0.0,0.0
4548,68320,Marcel Burton,Southern,0.0,0.0,0.0,1.0
4549,68321,Jabali Leonard,Dayton,0.0,0.0,0.0,0.0
4550,68322,Christian Wilson,Dayton,0.0,0.0,0.0,0.0
4551,68326,Aleksa Koracin,Mississippi Valley St.,0.0,0.5384615384615384,0.5,0.0
4552,68329,John Weger,North Texas,0.0,0.0,0.0,0.0
4553,68331,S Robinson,Alcorn St.,0.0,0.0,0.0,0.0
4554,68332,Drayton Whiteside,Texas,0.0,0.0,0.0,0.0
4555,68333,Ricky Gouety,Stetson,1.0,0.6,0.4,0.0
4556,68337,Edwyn Brown,Eastern Illinois,0.0,0.0,0.0,0.0
4557,68338,Kennedy Kincaid,Gardner Webb,0.0,0.0,0.0,1.0
4558,68339,Alek Johnson,Utah St.,0.0,0.0,0.0,1.0
4559,68342,Jayson Brower,La Salle,0.0,0.0,0.0,0.0
4560,68343,Haric Murray,Florida A&M,0.0,0.0,0.0,0.0
4561,68348,Myles Johnson,Rutgers,0.5714285714285714,0.46808510638297873,0.3684210526315789,0.0
4562,68349,Ty Shelby,Louisiana Monroe,0.0,0.0,0.0,0.0
4563,68351,Flynn Cameron,DePaul,0.0,0.23076923076923078,0.0,0.8333333333333334
4564,68352,Onyebuchi Ezeakudo,Pittsburgh,0.0,0.0,0.0,0.0
4565,68354,Edward Ruiz,Stephen F. Austin,0.0,0.0,0.0,0.0
4566,68356,Tim Waddington,Temple,0.0,0.0,0.0,0.0
4567,68358,Joey Downes,Rutgers,0.0,0.0,0.0,0.0
4568,68359,Austin Gardner,Bowling Green,0.0,0.0,0.0,0.0
4569,68361,Tristen Wallace,Prairie View A&M,0.0,1.0,0.0,0.0
4570,68362,Malik Rhem,Iona,0.0,0.0,0.0,0.0
4571,68363,Russell Stong,UCLA,0.0,0.0,0.0,0.0
4572,68364,Chris Taylor,Northern Kentucky,0.0,0.0,0.0,0.0
4573,68365,Jonathan Adams Jr.,Arkansas St.,0.0,0.0,0.0,0.0
4574,68366,D'Marco Baucum,Delaware St.,0.0,0.5217391304347826,0.4666666666666667,0.8
4575,68367,Joseph Boykin,Savannah St.,0.0,0.0,0.0,0.0
4576,68369,Haize Fornstrom,Wyoming,0.0,0.0,0.0,1.0
4577,68371,Ron Artest III,Cal St. Northridge,0.5,0.38461538461538464,0.25,0.0
4578,68372,Andrew Okorodudu,Savannah St.,0.0,0.3333333333333333,1.0,0.0
4579,68373,Ajiri Ogemuno-Johnson,Rider,0.0,1.0,0.0,0.0
4580,68374,Christian Carson,Savannah St.,0.0,1.0,0.0,1.0
4581,68387,Dee Mitchell,Oklahoma St.,0.0,0.0,0.0,1.0
4582,68388,Tanner Taylor,Oklahoma St.,0.0,0.0,0.0,1.0
4583,68389,Cade Wagner,Oklahoma St.,0.0,0.0,0.0,0.0
4584,68390,Gabe Simpson,Oklahoma St.,0.0,0.0,0.0,0.0
4585,68392,Michael Johnson,Chicago St.,0.0,0.0,0.0,1.0
4586,68393,J.K. Hadlock,Oklahoma St.,0.0,0.0,0.0,0.0
4587,68395,Sammy Jones,Cal St. Fullerton,0.0,0.0,0.0,0.0
4588,74202,Karl Nicholas,Stephen F. Austin,0.5,0.391304347826087,0.0,0.0
