,pid,player,team,dunkasst,rimasst,midasst,3Passt
0,27085,Josh Warren,Cornell,0.8333333333333334,0.6595744680851063,0.0,1.0
1,32932,Andre Adams,Southern Utah,1.0,0.47058823529411764,0.44,0.0
2,33635,David Bell,Jacksonville,0.7931034482758621,0.5148514851485149,0.46875,0.0
3,33955,Jake Toolson,BYU,0.0,0.3333333333333333,0.14285714285714285,0.5487804878048781
4,35307,Emmitt Holt,Providence,0.6666666666666666,0.7307692307692307,1.0,0.9166666666666666
5,36023,Torry Johnson,Wake Forest,0.5,0.36363636363636365,0.25,0.9090909090909091
6,36331,Josh Gantz,UMass Lowell,0.0,0.7966101694915254,0.75,1.0
7,37217,Dwayne Morgan,Southern Utah,0.7142857142857143,0.28888888888888886,0.10526315789473684,0.9473684210526315
8,37832,Dalton Nixon,BYU,0.8571428571428571,0.775,0.5333333333333333,1.0
9,38303,Tashombe Riley,South Carolina St.,0.9,0.6086956521739131,0.6730769230769231,0.875
10,38546,Aaron Menzies,Saint Mary's,0.75,0.6,0.0,0.0
11,38682,Tulio Da Silva,Missouri St.,0.8148148148148148,0.5909090909090909,0.3050847457627119,1.0
12,38683,Reilly Walsh,NJIT,0.0,0.4864864864864865,0.5,0.9166666666666666
13,38713,Prentiss Nixon,Iowa St.,0.0,0.15,0.14,0.6666666666666666
14,38754,Pierson McAtee,Kansas St.,0.5,0.8571428571428571,0.0,1.0
15,38755,Isaiah Maurice,Memphis,1.0,0.8235294117647058,0.9090909090909091,0.8
16,38767,Tyler Hamilton,William & Mary,1.0,0.6538461538461539,0.0,1.0
17,38781,Elijah Mitrou-Long,UNLV,0.0,0.13043478260869565,0.15384615384615385,0.5862068965517241
18,38829,Vincent Eze,Fairfield,0.8,0.5373134328358209,0.4,0.0
19,38904,Nate Grimes,Fresno St.,0.65,0.4,0.391304347826087,0.8823529411764706
20,38914,C.J. Bobbitt,New Mexico St.,0.0,0.47058823529411764,0.5454545454545454,1.0
21,38945,Nick Rutherford,St. John's,0.0,0.38636363636363635,0.1,1.0
22,38948,Kimar Williams,Rider,1.0,0.19230769230769232,0.0,0.0
23,39002,Eric Hamilton,Pittsburgh,0.7142857142857143,0.631578947368421,0.6086956521739131,0.0
24,39010,Dwayne Sutton,Louisville,0.4444444444444444,0.3620689655172414,0.1111111111111111,0.9655172413793104
25,39011,Dylan Smith,Arizona,0.0,0.0625,0.06666666666666667,0.9298245614035088
26,39014,Isaiah Felder,South Carolina St.,0.0,0.0,0.0,0.0
27,39015,Dexter McClanahan,Nicholls St.,0.3333333333333333,0.3157894736842105,0.03125,0.7413793103448276
28,39038,Trevor Stumpe,Wofford,0.0,0.34782608695652173,0.5,0.9795918367346939
29,39085,Shaun Belbey,Syracuse,0.0,0.0,0.0,0.0
30,39106,Brevin Pritzl,Wisconsin,0.3333333333333333,0.16666666666666666,0.2857142857142857,0.92
31,39110,AJ Harris,New Mexico St.,0.0,0.0,0.0,0.5
32,39113,Mike Watkins,Penn St.,0.825,0.6060606060606061,0.6363636363636364,0.0
33,39147,Tres Tinkle,Oregon St.,0.6666666666666666,0.45535714285714285,0.2,0.9215686274509803
34,39148,Kendal Manuel,Montana,0.5,0.35,0.22807017543859648,0.6964285714285714
35,39158,Marcus Sheffield II,Elon,0.6,0.2631578947368421,0.16,0.6617647058823529
36,39205,Spencer Haldeman,Northern Iowa,0.0,0.3333333333333333,0.09090909090909091,0.8076923076923077
37,39234,Louie Pillari,Monmouth,0.0,0.125,0.6,0.9
38,39268,Scott Meredith,Saint Francis,0.0,0.5,0.3333333333333333,0.8
39,39272,Josh Nebo,Texas A&M,0.7735849056603774,0.584070796460177,0.6111111111111112,0.0
40,39275,Isaiah Blackmon,Saint Francis,0.4166666666666667,0.23076923076923078,0.038461538461538464,0.7682926829268293
41,39283,Stone Gettings,Arizona,1.0,0.45454545454545453,0.5625,1.0
42,39296,Matej Kavas,Nebraska,0.0,0.5,0.2857142857142857,0.9565217391304348
43,39306,Antonio Green,Middle Tennessee,0.0,0.28,0.4,0.6949152542372882
44,39316,Kareem South,California,0.0,0.03571428571428571,0.3125,0.8918918918918919
45,39327,Delante Jones,Seattle,0.0,0.2727272727272727,0.15384615384615385,0.9210526315789473
46,39341,Joshua Patton,Sacramento St.,0.5789473684210527,0.4943820224719101,0.6410256410256411,0.0
47,39345,Alonzo Walker,Portland St.,0.8571428571428571,0.4864864864864865,0.4,1.0
48,39346,Rosel Hurley,St. Francis NY,0.0,0.1,0.16666666666666666,1.0
49,39363,Luke McDonnell,Northern Iowa,0.0,0.0,0.0,0.0
50,39364,Noah Blackwell,Fresno St.,0.0,0.25,0.09090909090909091,0.7045454545454546
51,39366,Ty Taylor,Eastern Kentucky,0.0,0.23529411764705882,0.21621621621621623,0.803030303030303
52,39435,Corey Redman,Central Michigan,0.0,0.6666666666666666,0.0,1.0
53,39475,Mickey Mitchell,Arizona St.,0.0,0.5714285714285714,1.0,1.0
54,39476,Bakari Evelyn,Iowa,0.0,0.0,0.0,0.8
55,39479,Michael Jacobson,Iowa St.,0.0,0.34210526315789475,0.45454545454545453,1.0
56,39482,Aaron Falzon,Quinnipiac,0.0,0.7272727272727273,0.3076923076923077,0.9285714285714286
57,39483,Jordan Ash,Wright St.,0.5,0.4411764705882353,0.4444444444444444,1.0
58,39511,Alex Olesinski,UCLA,0.0,0.6666666666666666,1.0,1.0
59,39513,Prince Ali,UCLA,0.25,0.17647058823529413,0.21739130434782608,0.8125
60,39644,Joshua Nurse,St. Francis NY,1.0,0.6666666666666666,1.0,0.0
61,39649,Ethan Stair,Mercer,0.7142857142857143,0.5492957746478874,0.3225806451612903,0.9298245614035088
62,39651,Sam Miller,Charleston,1.0,0.5476190476190477,0.36363636363636365,1.0
63,39674,Ike Smith,Georgia Southern,0.6,0.171875,0.14705882352941177,0.75
64,39685,Nate Sestina,Kentucky,0.5,0.6956521739130435,0.45454545454545453,1.0
65,39718,Max Hazzard,Arizona,0.0,0.38461538461538464,0.3333333333333333,0.8823529411764706
66,39730,Joe Mooney,UC Davis,0.0,0.12903225806451613,0.3235294117647059,0.8360655737704918
67,39731,Rogers Printup,UC Davis,0.0,0.5,0.75,1.0
68,39734,Ahmad Frost,Maryland Eastern Shore,0.0,0.13333333333333333,0.06666666666666667,0.825
69,39769,Wendell Mitchell,Texas A&M,0.0,0.19230769230769232,0.07142857142857142,0.7592592592592593
70,39770,Justin Robinson,Duke,0.6666666666666666,0.5714285714285714,0.0,1.0
71,39778,Nathan Bain,Stephen F. Austin,0.8,0.5348837209302325,0.4,1.0
72,39779,TJ Holyfield,Texas Tech,0.8666666666666667,0.7714285714285715,0.9,1.0
73,39780,Tyler Underwood,Illinois,0.0,0.0,0.0,1.0
74,39798,Jonah Radebaugh,Northern Colorado,0.0,0.07339449541284404,0.0,0.3125
75,39819,Derrick Woods,Saint Peter's,1.0,0.4722222222222222,0.25,1.0
76,39898,Lincoln Conrey,Northern Iowa,0.0,0.0,0.0,1.0
77,40004,Jeantal Cylla,Arkansas,1.0,0.625,0.0,1.0
78,40009,Jalen Williams,Cleveland St.,0.0,0.0,0.0,0.0
79,40044,Kyle Ahrens,Michigan St.,0.0,0.25,0.8,1.0
80,40055,Raiquan Clark,LIU,0.8,0.44242424242424244,0.3225806451612903,0.8846153846153846
81,40082,Jared Savage,Western Kentucky,1.0,0.45454545454545453,0.2,0.96875
82,40083,Jaylen Shead,Washington St.,0.0,0.25,0.0,0.6666666666666666
83,40100,Roland Griffin,Jackson St.,0.0,0.34210526315789475,0.3611111111111111,0.4
84,40101,Bronson Kessinger,Indiana St.,1.0,0.696969696969697,0.375,1.0
85,40103,Matt Hein,Siena,0.0,0.5,0.42857142857142855,1.0
86,40142,Derryck Thornton,Boston College,0.0,0.125,0.10810810810810811,0.9354838709677419
87,40147,Kipper Nichols,Illinois,1.0,0.6521739130434783,0.5384615384615384,1.0
88,40148,Von Julien,Southeastern Louisiana,1.0,0.23684210526315788,0.05,0.5789473684210527
89,40153,Chase Jeter,Arizona,1.0,0.6756756756756757,0.3125,0.0
90,40154,Ty Hudson,Jacksonville St.,0.0,0.11764705882352941,0.3,0.8461538461538461
91,40175,Corey Brown,Canisius,0.5,0.7297297297297297,0.5862068965517241,0.0
92,40178,Marcus DeBerry,Purdue Fort Wayne,0.0,0.45454545454545453,0.25,0.9444444444444444
93,40190,Xavier Hill-Mais,Oakland,1.0,0.6436781609195402,0.5688073394495413,0.6875
94,40193,Matt Neufeld,UC Davis,1.0,0.6976744186046512,0.5806451612903226,0.0
95,40194,Jermaine Bishop,Norfolk St.,0.0,0.5172413793103449,0.2608695652173913,0.8202247191011236
96,40195,Samir Doughty,Auburn,0.6666666666666666,0.1794871794871795,0.0,0.639344262295082
97,40204,Jalen Coleman-Lands,DePaul,0.0,0.2777777777777778,0.42857142857142855,0.8225806451612904
98,40253,Brandon Austin,Samford,0.5,0.3235294117647059,0.5185185185185185,0.9375
99,40317,Nick Blair,UNLV,1.0,0.5588235294117647,0.26666666666666666,1.0
100,40350,Brenden Morris,Weber St.,1.0,1.0,0.0,0.0
101,40407,Grant Riller,Charleston,0.3,0.1388888888888889,0.03076923076923077,0.48936170212765956
102,40467,Ryan Fazekas,Valparaiso,0.0,0.5,0.75,1.0
103,40472,Michael Benkert,Belmont,0.0,0.72,0.4,0.8947368421052632
104,40473,Seth Adelsperger,Belmont,0.5,0.6774193548387096,0.6666666666666666,0.0
105,40476,Jamal Smith,Cal Poly,0.0,0.23809523809523808,0.0,0.7692307692307693
106,40490,Ronnie Suggs,Southern Illinois,1.0,0.2631578947368421,0.2,1.0
107,40497,Bill Wampler,Wright St.,0.0,0.24444444444444444,0.20588235294117646,0.8611111111111112
108,40568,Eddie Davis III,The Citadel,1.0,0.5185185185185185,1.0,1.0
109,40579,DeAndre Abram,Milwaukee,0.7777777777777778,0.41379310344827586,0.4117647058823529,0.775
110,40580,Danny Dixon,N.C. State,0.0,0.6,0.0,0.0
111,40583,Jordan Roland,Northeastern,0.45454545454545453,0.2804878048780488,0.1527777777777778,0.7263157894736842
112,40599,Christian Williams,Indiana St.,0.25,0.3333333333333333,0.13043478260869565,0.9411764705882353
113,40601,Jordan Dallas,Seattle,0.0,0.2857142857142857,0.3333333333333333,1.0
114,40634,Dazon Ingram,UCF,0.5,0.18867924528301888,0.16666666666666666,1.0
115,40697,Brady Ernst,Drake,1.0,0.8333333333333334,0.0,0.0
116,40718,Chad Lott,South Alabama,1.0,0.3793103448275862,0.28169014084507044,0.0
117,40722,Amir Smith,Hampton,0.5714285714285714,0.5,0.6666666666666666,0.0
118,40731,Lamonte Turner,Tennessee,0.0,0.18181818181818182,0.0,0.7272727272727273
119,40736,Robin Jorch,Boise St.,0.0,0.8,0.5,0.0
120,40776,Marcus Wallace,Arkansas Pine Bluff,0.0,0.18181818181818182,0.0,0.8421052631578947
121,40809,Hayden Howell,Abilene Christian,0.5,0.7894736842105263,0.5,1.0
122,40843,Kerry Blackshear Jr.,Florida,0.75,0.5538461538461539,0.2608695652173913,0.96
123,40845,Chris Clarke,Texas Tech,0.0,0.3541666666666667,0.38461538461538464,0.0
124,40856,Emmanuel Nzekwesi,Oral Roberts,0.8571428571428571,0.4642857142857143,0.18181818181818182,0.8333333333333334
125,40857,Trhae Mitchell,South Alabama,0.5625,0.32786885245901637,0.13636363636363635,1.0
126,40869,Eric McGill,Southern Illinois,0.0,0.22641509433962265,0.21428571428571427,0.625
127,40947,Keith Oddo,Louisville,0.0,0.0,0.0,1.0
128,40953,Collin Goss,Delaware,0.875,0.7571428571428571,0.07692307692307693,1.0
129,41007,Keith Stone,Miami FL,1.0,0.35,1.0,1.0
130,41088,Tahjai Teague,Ball St.,0.7916666666666666,0.39416058394160586,0.0,0.8947368421052632
131,41148,Conner George,Michigan St.,0.0,0.3333333333333333,0.0,1.0
132,41156,Dainan Swoope,Sam Houston St.,0.0,0.26666666666666666,0.3,0.7692307692307693
133,41174,Micaiah Henry,South Carolina,0.0,0.0,0.0,0.0
134,41223,Andre Fox,South Alabama,1.0,0.23529411764705882,0.14285714285714285,0.8367346938775511
135,41246,Elijah Burns,Siena,0.8571428571428571,0.7321428571428571,0.7692307692307693,1.0
136,41254,Matt Hauser,Portland St.,0.0,0.35,0.15789473684210525,0.9047619047619048
137,41257,KJ Feagin,San Diego St.,0.0,0.3,0.15,0.9285714285714286
138,41264,Venjie Wallis,Jackson St.,1.0,0.4,0.5454545454545454,0.7777777777777778
139,41310,Desure Buie,Hofstra,0.0,0.061224489795918366,0.023809523809523808,0.5066666666666667
140,41473,Isaiah Moss,Kansas,0.0,0.5,0.375,1.0
141,41474,Nakye Sanders,Towson,1.0,0.45454545454545453,0.5,1.0
142,41476,Carlton Bragg Jr.,New Mexico,1.0,0.7708333333333334,0.7272727272727273,1.0
143,41498,John Crosby,Delaware St.,0.3333333333333333,0.08955223880597014,0.08536585365853659,0.3958333333333333
144,41514,Josh Williams,Robert Morris,0.0,0.10714285714285714,0.17647058823529413,0.8571428571428571
145,41520,Andrew Robinson,Coppin St.,1.0,0.17647058823529413,0.2,0.9010989010989011
146,41522,Aaron Robinson,Coppin St.,0.0,0.3,0.0,0.6578947368421053
147,41524,C.J. Bryce,N.C. State,0.4,0.4230769230769231,0.22413793103448276,0.9354838709677419
148,41532,Brad Brechting,Oakland,0.8,0.6,0.4444444444444444,0.6666666666666666
149,41548,Chris McNeal,Cincinnati,0.0,0.2777777777777778,0.0,0.875
150,41558,Justin Jenkins,Gardner Webb,0.0,0.2222222222222222,0.14285714285714285,0.9473684210526315
151,41570,Eric Jamison Jr.,Gardner Webb,0.75,0.4375,0.09259259259259259,0.8947368421052632
152,41582,Cody Kelley,South Dakota,0.0,0.17142857142857143,0.2,0.8518518518518519
153,41636,Marcus Evans,VCU,0.0,0.375,0.1111111111111111,0.5454545454545454
154,41697,Malik Ellison,Hartford,0.8571428571428571,0.5508474576271186,0.21568627450980393,0.5
155,41728,K.J. Walton,Ball St.,0.0,0.4,0.5,0.0
156,41742,Sylvester Ogbonda,Ohio,1.0,0.5681818181818182,0.3125,0.875
157,41829,Christion Thompson,Tulane,0.42857142857142855,0.1875,0.10344827586206896,0.6666666666666666
158,41854,Luwane Pipkins,Providence,0.0,0.21739130434782608,0.0,0.8666666666666667
159,41924,Ganlandou Cisse,LIU,1.0,1.0,0.0,0.0
160,41936,Jaire Grayer,TCU,0.0,0.43478260869565216,0.2857142857142857,0.9534883720930233
161,41943,Steven Enoch,Louisville,0.9642857142857143,0.6551724137931034,0.4791666666666667,1.0
162,41974,Laquincy Rideau,South Florida,0.0,0.11842105263157894,0.07692307692307693,0.5813953488372093
163,41975,Josh Ajayi,South Alabama,0.8421052631578947,0.4842105263157895,0.14285714285714285,1.0
164,41998,New Williams,Fresno St.,0.42857142857142855,0.36666666666666664,0.2,0.828125
165,42008,JaQuan Lyle,New Mexico,0.0,0.2,0.12903225806451613,0.4107142857142857
166,42030,Gary Chivichyan,Pacific,0.0,1.0,0.6818181818181818,0.8245614035087719
167,42031,Brandon Boyd,Cal Baptist,0.0,0.11428571428571428,0.13043478260869565,0.8648648648648649
168,42053,Terrell Allen,Georgetown,0.0,0.4146341463414634,0.23255813953488372,0.782608695652174
169,42066,Quinton Adlesh,USC,0.0,0.0,0.0,0.875
170,42124,Hank Hollingsworth,Cal Poly,1.0,1.0,0.0,0.0
171,42128,Djery Baptiste,Massachusetts,0.5,0.5294117647058824,0.875,0.0
172,42129,Camron Justice,Western Kentucky,0.0,0.4827586206896552,0.1111111111111111,0.7391304347826086
173,42142,James Bolden,Alabama,0.0,0.0,0.2,0.8571428571428571
174,42146,Lamont West,Missouri St.,0.8461538461538461,0.65625,0.27586206896551724,0.782608695652174
175,42179,Deondre Burns,Oral Roberts,0.0,0.21568627450980393,0.14444444444444443,0.7894736842105263
176,42192,David N'Diaye,Southern Utah,1.0,0.625,0.5,0.0
177,42231,Josh Thompson,Ball St.,0.0,0.2857142857142857,0.6666666666666666,1.0
178,42289,Jonathan Laurent,Oklahoma St.,0.5,0.4444444444444444,0.5,1.0
179,42314,Simeon Carter,Georgia Southern,0.8666666666666667,0.6666666666666666,0.5384615384615384,1.0
180,42323,Quinton Forrest,Idaho,1.0,0.6,0.25,1.0
181,42359,Nolan Narain,San Diego St.,0.0,0.875,0.0,1.0
182,42362,Caleb Homesley,Liberty,0.8666666666666667,0.5131578947368421,0.2857142857142857,0.7058823529411765
183,42369,Anthony Mathis,Oregon,0.0,0.5833333333333334,0.4,0.9420289855072463
184,42378,Austin Vereen,Pacific,0.0,0.375,0.4166666666666667,0.8333333333333334
185,42403,Jared Samuelson,Montana,0.0,0.7560975609756098,0.45161290322580644,0.9
186,42413,Malik Maitland,Bethune Cookman,0.0,0.20833333333333334,0.12121212121212122,0.78125
187,42424,Pierre Sarr,Binghamton,0.5,0.3673469387755102,0.375,0.8333333333333334
188,42437,Nisre Zouzoua,Nevada,0.5,0.2413793103448276,0.3684210526315789,0.9615384615384616
189,42438,Nico Carvacho,Colorado St.,0.8823529411764706,0.6173913043478261,0.4444444444444444,0.0
190,42443,Jordan Andrews,Texas Southern,0.0,0.0,0.0,0.9333333333333333
191,42446,Jimmy Whitt Jr.,Arkansas,0.7272727272727273,0.42028985507246375,0.23214285714285715,0.0
192,42448,Devin Haygood,North Carolina A&T,0.8125,0.71875,0.6956521739130435,1.0
193,42499,Deng Riak,Akron,1.0,0.78125,0.4,1.0
194,42509,K.J. Lawson,Tulane,0.6666666666666666,0.43137254901960786,0.3055555555555556,0.9583333333333334
195,42556,Andrien White,Wake Forest,0.0,0.10526315789473684,0.3333333333333333,0.7857142857142857
196,42613,Malek Harwell,Cal Poly,0.0,0.1875,0.2857142857142857,0.9047619047619048
197,42631,Jaevin Cumberland,Cincinnati,0.0,0.23076923076923078,0.3,0.8805970149253731
198,42660,DJ Williams,DePaul,0.0,0.0,1.0,0.0
199,42665,Lamarr Kimble,Louisville,0.0,0.22727272727272727,0.16666666666666666,0.5
200,42670,Myles Carter,Seattle,0.7619047619047619,0.6111111111111112,0.8571428571428571,1.0
201,42696,Cody Schwartz,Green Bay,0.0,0.42857142857142855,0.29411764705882354,0.8947368421052632
202,42721,Armel Potter,George Washington,0.0,0.07,0.07407407407407407,0.6666666666666666
203,42735,Branden Johnson,Virginia Tech,0.0,0.0,0.0,0.0
204,42747,Luke Knapke,Toledo,0.8,0.4788732394366197,0.47058823529411764,0.9183673469387755
205,42749,Cody John,Weber St.,0.0,0.21739130434782608,0.10416666666666667,0.8333333333333334
206,42750,Bryce Moore,Xavier,0.0,0.0,0.6,0.9
207,42759,James Dickey,UNC Greensboro,0.7142857142857143,0.4583333333333333,0.22580645161290322,0.0
208,42793,Kameron Edwards,Pepperdine,0.7777777777777778,0.5793650793650794,0.5416666666666666,0.9655172413793104
209,42798,Drew Edwards,Charlotte,1.0,0.3939393939393939,0.13333333333333333,0.925
210,42799,Tre Scott,Cincinnati,0.6976744186046512,0.5842696629213483,0.625,1.0
211,42806,Jared Hamilton,Boston College,0.6666666666666666,0.5263157894736842,0.38461538461538464,0.8823529411764706
212,42812,Tay Weaver,Saint Louis,0.0,0.3333333333333333,0.25,0.9428571428571428
213,42837,Tommy McCarthy,Rice,0.0,0.0,0.0,0.0
214,42876,Xeyrius Williams,Akron,1.0,0.5714285714285714,0.3076923076923077,0.8870967741935484
215,42953,Haanif Cheatham,Nebraska,0.0,0.5865384615384616,0.4375,0.90625
216,42955,Sacar Anim,Marquette,0.75,0.4027777777777778,0.38095238095238093,0.8979591836734694
217,42956,Traci Carter,Hartford,0.0,0.16666666666666666,0.16,0.66
218,42957,Erten Gazi,Fordham,0.3333333333333333,0.5454545454545454,0.2222222222222222,0.9375
219,42968,Ryan Mikesell,Dayton,0.6666666666666666,0.6379310344827587,0.3888888888888889,0.8695652173913043
220,43014,Justin Dahl,Northern Iowa,1.0,0.6896551724137931,0.5714285714285714,0.0
221,43052,Aaron Carver,Old Dominion,0.8235294117647058,0.5471698113207547,0.8,0.0
222,43061,Logan Routt,West Virginia,1.0,0.8181818181818182,1.0,0.0
223,43065,Damon Wilson,Georgia St.,1.0,0.3541666666666667,0.5555555555555556,0.8947368421052632
224,43103,Nic Thomas,Tulane,0.0,0.23076923076923078,0.4,0.8679245283018868
225,43109,Deion James,Washington St.,0.0,0.5,0.0,0.0
226,43122,Dan Sheets,Saint Mary's,0.0,0.0,0.0,0.0
227,43138,Lindsey Drew,Nevada,0.0,0.30434782608695654,0.15,0.7333333333333333
228,43146,Walter Jones Jr.,Alabama A&M,0.0,0.5,0.0,1.0
229,43149,James Claar,Western Illinois,0.9333333333333333,0.6226415094339622,0.2,0.0
230,43151,Beau Brown,South Dakota St.,0.0,0.0,0.0,1.0
231,43153,Cole Gentry,Wright St.,0.0,0.25,0.09375,0.4807692307692308
232,43158,Tyler Hagedorn,South Dakota,0.25,0.3918918918918919,0.22857142857142856,0.9117647058823529
233,43188,Derrik Smits,Butler,0.0,0.46153846153846156,0.5714285714285714,0.0
234,43199,Hunter Seacat,Appalachian St.,0.5,0.7377049180327869,0.32,0.0
235,43201,Dennis Tunstall,Towson,0.875,0.5609756097560976,0.8333333333333334,0.8333333333333334
236,43213,Jacob Orender,California,0.0,0.0,0.0,0.0
237,43240,Guilien Smith,Northeastern,0.0,0.3333333333333333,0.0,0.9
238,43248,Lacey James,Northern Illinois,0.8333333333333334,0.46551724137931033,0.36,0.9411764705882353
239,43261,Cameron Jones,Saint Peter's,0.0,0.0,0.0,0.9444444444444444
240,43276,Akwasi Yeboah,Rutgers,1.0,0.38,0.5,0.9142857142857143
241,43284,Everett Duncan,Vermont,0.0,0.5862068965517241,0.42857142857142855,0.9803921568627451
242,43315,Andrew Fleming,Lipscomb,0.0,0.44680851063829785,0.2608695652173913,0.8947368421052632
243,43384,Tanner Krebs,Saint Mary's,0.6666666666666666,0.37037037037037035,0.2777777777777778,0.9615384615384616
244,43388,Curran Scott,Clemson,0.0,0.25,0.375,0.9473684210526315
245,43396,Daniel Utomi,USC,0.0,0.5,0.15384615384615385,0.8604651162790697
246,43413,Zach Pirog,Cal Baptist,1.0,0.6097560975609756,0.5,0.0
247,43463,Karl Harris,Northern Kentucky,1.0,0.6923076923076923,0.0,1.0
248,43501,Mamadi Diakite,Virginia,0.7777777777777778,0.5194805194805194,0.4716981132075472,0.95
249,43539,Jibri Blount,North Carolina Central,0.75,0.5517241379310345,0.35555555555555557,0.8571428571428571
250,43556,Javan White,UMKC,0.9166666666666666,0.5454545454545454,0.21052631578947367,1.0
251,43559,Johncarlos Reyes,Nevada,1.0,0.8055555555555556,0.56,0.0
252,43562,Deng Geu,North Texas,0.8125,0.5945945945945946,0.1875,1.0
253,43563,Khyber Kabellis,UC Riverside,0.0,0.08695652173913043,0.18181818181818182,0.8095238095238095
254,43569,Shembari Phillips,Georgia Tech,0.0,0.0,0.0,0.4
255,43570,Curtis Cobb III,Wagner,0.0,0.42105263157894735,0.45098039215686275,0.7903225806451613
256,43571,DJ Draper,North Texas,0.0,0.0,0.0,0.975
257,43575,A.J. Turner,Northwestern,0.6666666666666666,0.6666666666666666,0.3333333333333333,0.95
258,43580,Kris Martin,Colorado St.,1.0,0.375,0.3333333333333333,0.8947368421052632
259,43587,Jalen Poyser,McNeese St.,0.0,0.0,0.3333333333333333,1.0
260,43593,Stefan Gonzalez,UC Davis,0.0,0.35714285714285715,0.5,0.8648648648648649
261,43602,Rob Edwards,Arizona St.,0.5,0.6363636363636364,0.7272727272727273,0.6986301369863014
262,43605,Donnell Gresham Jr.,Georgia,0.0,0.3793103448275862,0.5,1.0
263,43612,Brandon Kamga,Cal St. Fullerton,0.0,0.21428571428571427,0.13043478260869565,0.8333333333333334
264,43622,Matt Holba,Purdue Fort Wayne,0.3333333333333333,0.35714285714285715,0.0,0.9333333333333333
265,43629,Jaylen Key,New Orleans,0.0,0.52,0.6956521739130435,0.0
266,43661,Admon Gilder,Gonzaga,0.8333333333333334,0.38095238095238093,0.1111111111111111,0.9111111111111111
267,43664,Antwon Portley,Fordham,0.0,0.2,0.2,0.6285714285714286
268,43715,Ryan McMahon,Louisville,0.0,0.375,0.2,0.8823529411764706
269,43736,Zac Seljaas,BYU,1.0,0.5217391304347826,0.6666666666666666,1.0
270,43746,Jayce Johnson,Marquette,1.0,0.7096774193548387,0.875,0.0
271,43771,Sean McDermott,Butler,1.0,0.5789473684210527,0.1875,0.9692307692307692
272,43774,Jordan Jackson,UT Rio Grande Valley,0.5833333333333334,0.46296296296296297,0.46938775510204084,1.0
273,43818,Jaycee Hillsman,Illinois St.,0.0,0.28125,0.13333333333333333,1.0
274,43822,Evan Boudreaux,Purdue,0.6666666666666666,0.4666666666666667,0.2222222222222222,1.0
275,43837,Emmanuel Olojakpoke,Utah Valley,0.9354838709677419,0.7755102040816326,0.625,0.0
276,43851,Chier Maker,Idaho St.,1.0,0.24444444444444444,0.3333333333333333,0.8125
277,43871,Jazz Johnson,Nevada,0.0,0.13793103448275862,0.3,0.8351648351648352
278,43872,Rex Pflueger,Notre Dame,0.0,0.6428571428571429,0.0,0.84375
279,43874,Matt Ryan,Chattanooga,1.0,0.2571428571428571,0.3,0.8292682926829268
280,43986,Dennis Ashley,Saint Joseph's,0.0,0.2,0.0,1.0
281,43991,JT Gibson,Nebraska Omaha,0.0,0.1875,0.3148148148148148,0.847457627118644
282,44022,Derric Jean,Louisiana Tech,0.6666666666666666,0.29310344827586204,0.25,0.8205128205128205
283,44024,Jy'lan Washington,Tennessee St.,1.0,0.4423076923076923,0.0,0.9285714285714286
284,44032,Alex Floresca,San Diego,0.0,0.6875,0.2692307692307692,0.9
285,44033,Andy Van Vliet,William & Mary,0.75,0.5740740740740741,0.32727272727272727,0.9622641509433962
286,44043,Craig Randall II,Tennessee Martin,0.0,0.07692307692307693,0.3333333333333333,0.5263157894736842
287,44059,Jordan Dartis,Ohio,0.0,0.3888888888888889,0.17647058823529413,0.95
288,44156,Joshua Howard,Brown,0.0,0.4074074074074074,0.0,1.0
289,44195,Will Miles,Florida St.,0.0,0.0,0.0,0.0
290,44198,Nick Fruscio,Albany,0.0,0.5,0.0,0.0
291,44202,Malcolm Wynter,Davidson,0.0,0.5,0.0,1.0
292,44203,Cal Freundlich,Davidson,0.0,0.0,0.0,1.0
293,44211,Isiah Brown,Grand Canyon,0.0,0.35294117647058826,0.37037037037037035,0.8787878787878788
294,44212,Rapolas Ivanauskas,Colgate,0.6923076923076923,0.37209302325581395,0.2641509433962264,0.8709677419354839
295,44214,Jordy Tshimanga,Dayton,0.8,0.5909090909090909,0.75,0.0
296,44215,Brady Rudrud,Minnesota,0.0,0.0,0.0,1.0
297,44216,Jeriah Horne,Tulsa,0.6666666666666666,0.5,0.3225806451612903,0.9464285714285714
298,44218,Michael Hurt,Minnesota,0.0,0.75,0.0,1.0
299,44219,Austin Davis,Michigan,1.0,0.6530612244897959,0.3333333333333333,0.0
300,44222,Kai Edwards,Northern Colorado,0.8421052631578947,0.7244897959183674,0.4,0.0
301,44288,James Butler,Drexel,1.0,0.6057692307692307,0.6557377049180327,1.0
302,44294,Marshall Graves,LSU,0.0,0.0,0.0,1.0
303,44306,Quinn Taylor,Saint Peter's,0.5,0.2631578947368421,0.14285714285714285,1.0
304,44310,Mark French,Texas A&M,0.0,0.0,0.0,1.0
305,44311,JJ Caldwell,New Mexico,0.0,0.5714285714285714,0.14285714285714285,1.0
306,44312,Eric Vila,UTEP,1.0,0.5555555555555556,0.5,1.0
307,44314,Tobias Sjoberg,Marist,0.0,0.6,0.0,0.0
308,44324,Nijal Pearson,Texas St.,0.0,0.2558139534883721,0.44594594594594594,0.696969696969697
309,44325,Marlin Davis,Texas St.,0.0,0.16666666666666666,0.5294117647058824,0.9333333333333333
310,44326,Nedeljko Prijovic,Maine,0.6666666666666666,0.5555555555555556,0.5625,0.8596491228070176
311,44327,Eric Terry,Texas St.,0.8571428571428571,0.54,0.6486486486486487,0.0
312,44330,Izayah Mauriohooho-le'afa,Sacramento St.,0.0,0.26666666666666666,0.782608695652174,0.9622641509433962
313,44332,Decardo Day,Alabama St.,1.0,0.35714285714285715,0.25,0.625
314,44338,Jerrick Harding,Weber St.,0.5,0.18292682926829268,0.1794871794871795,0.5294117647058824
315,44344,Jailyn Ingram,Florida Atlantic,0.5,0.2714285714285714,0.21428571428571427,0.8709677419354839
316,44345,Ryan Murphy,Pittsburgh,0.0,0.5,0.37037037037037035,0.8333333333333334
317,44348,Luke Sasser,George Washington,0.0,0.0,0.0,0.0
318,44350,DaQuan Bracey,Louisiana Tech,0.5,0.11428571428571428,0.0,0.7450980392156863
319,44412,Lucas Siewert,Colorado,1.0,0.42105263157894735,0.4666666666666667,0.9795918367346939
320,44417,D'Mitrik Trice,Wisconsin,0.0,0.0625,0.03125,0.5357142857142857
321,44418,Aleem Ford,Wisconsin,1.0,0.4444444444444444,0.2631578947368421,0.926829268292683
322,44419,Michael Ballard,Wisconsin,0.0,0.0,0.0,0.0
323,44420,Charlie Moore,DePaul,0.0,0.23943661971830985,0.14285714285714285,0.5471698113207547
324,44421,Don Coleman,South Alabama,0.0,0.14285714285714285,1.0,1.0
325,44423,De'Ron Davis,Indiana,0.0,0.7333333333333333,0.5,0.0
326,44510,Eric Monroe,Yale,0.0,0.15,0.0,0.6923076923076923
327,44511,David DiLeo,Central Michigan,0.0,0.4,0.24242424242424243,0.8289473684210527
328,44512,Austin Williams,Yale,0.0,0.6,1.0,0.0
329,44513,Kevin McKay,Central Michigan,0.4,0.28346456692913385,0.0,0.5
330,44517,Malik Johnson,Canisius,0.0,0.3389830508474576,0.16,0.65625
331,44541,Trey Landers,Dayton,0.8461538461538461,0.6774193548387096,0.6428571428571429,1.0
332,44542,Jon Axel Gudmundsson,Davidson,0.0,0.21212121212121213,0.0,0.7758620689655172
333,44545,Anthony Lamb,Vermont,0.5,0.26595744680851063,0.37142857142857144,0.7962962962962963
334,44546,Ben Shungu,Vermont,0.0,0.21739130434782608,0.0,0.9375
335,44613,Nate Garvey,Howard,0.0,0.5555555555555556,0.2727272727272727,0.8939393939393939
336,44624,Scottie James,Liberty,0.4117647058823529,0.48333333333333334,0.1111111111111111,0.0
337,44628,Dominik Olejniczak,Florida St.,1.0,0.8,0.6,0.0
338,44658,Chris Barnes,Eastern Michigan,0.0,0.14285714285714285,0.07142857142857142,1.0
339,44685,Keon Clergeot,Massachusetts,0.0,0.22727272727272727,0.0,0.9523809523809523
340,44693,Lesley Varner II,UT Rio Grande Valley,0.0,0.21428571428571427,0.4927536231884058,0.8648648648648649
341,44694,Mattia Da Campo,Seattle,0.0,0.4,0.3333333333333333,1.0
342,44696,Morgan Means,Seattle,1.0,0.1590909090909091,0.1,0.7058823529411765
343,44701,Jermaine Haley,West Virginia,0.5,0.3977272727272727,0.3,0.6
344,44703,Chris Lewis,Harvard,0.7777777777777778,0.5686274509803921,0.2222222222222222,0.0
345,44704,Christian Juzang,Harvard,0.0,0.2857142857142857,0.0,0.64
346,44705,Ian Sistare,Dartmouth,0.0,0.34782608695652173,0.0,0.9696969696969697
347,44706,James Foye,Dartmouth,0.0,0.12,0.14285714285714285,0.8771929824561403
348,44708,Ian Carter,Dartmouth,1.0,0.42857142857142855,0.2,0.0
349,44709,Justin Bassey,Harvard,0.0,0.2777777777777778,0.16666666666666666,0.7368421052631579
350,44710,Robert Baker,Harvard,0.7857142857142857,0.5,0.25,1.0
351,44711,Bryce Aiken,Harvard,0.0,0.14285714285714285,0.125,0.15384615384615385
352,44716,Arinze Chidom,UC Riverside,0.0,0.3939393939393939,0.3076923076923077,1.0
353,44717,Alexander Strating,Colorado,0.0,1.0,0.0,0.0
354,44719,Jermaine Marrow,Hampton,0.0,0.3176470588235294,0.1016949152542373,0.47058823529411764
355,44721,Peter Kiss,Rutgers,0.0,0.0,0.0,0.0
356,44722,Cassius Winston,Michigan St.,0.0,0.16363636363636364,0.2807017543859649,0.6164383561643836
357,44747,Adam Mitola,George Washington,0.0,0.0,0.0,0.75
358,44749,Nate Darling,Delaware,0.6666666666666666,0.20512820512820512,0.17647058823529413,0.7009345794392523
359,44751,Byron Frohnen,UTSA,0.0,0.5142857142857142,0.25,0.0
360,44754,George Willborn II,UC Riverside,0.75,0.21739130434782608,0.0,1.0
361,44755,Kevin Marfo,Quinnipiac,0.8571428571428571,0.5227272727272727,0.0,1.0
362,44756,Jair Bolden,South Carolina,0.0,0.25,0.14285714285714285,0.723404255319149
363,44757,Colin Slater,Long Beach St.,0.0,0.13793103448275862,0.09090909090909091,0.4411764705882353
364,44784,Antwain Johnson,Buffalo,0.8,0.40384615384615385,0.47368421052631576,0.8918918918918919
365,44786,Brandon Anderson,Brown,0.0,0.2,0.03125,0.7291666666666666
366,44791,Maliek White,Providence,0.5,0.42857142857142855,0.16666666666666666,0.8709677419354839
367,44792,Joey Brunk,Indiana,0.8333333333333334,0.6,0.43243243243243246,0.0
368,44794,Jordan Scurry,Creighton,0.0,0.0,0.5,0.8
369,44796,Jagan Mosely,Georgetown,0.6666666666666666,0.375,0.42857142857142855,1.0
370,44797,George Muresan,Georgetown,1.0,1.0,1.0,0.0
371,44799,Markus Howard,Marquette,0.0,0.07547169811320754,0.12903225806451613,0.5619834710743802
372,44819,Jordan Bushrod,Delaware St.,0.0,0.0,0.0,0.0
373,44827,Blake Francis,Richmond,0.0,0.35,0.1702127659574468,0.8333333333333334
374,44828,Jevon Smith,Jackson St.,0.0,0.5,0.0,0.0
375,44845,Mark Vital,Baylor,0.75,0.5573770491803278,0.3,1.0
376,44846,Tyson Jolly,SMU,0.6785714285714286,0.47540983606557374,0.21212121212121213,0.9615384615384616
377,44848,Toliver Freeman,Saint Joseph's,1.0,0.425,0.5,0.95
378,44849,AJ Wilson,George Mason,0.6428571428571429,0.45977011494252873,0.2978723404255319,1.0
379,44859,Braxton Key,Virginia,0.9090909090909091,0.49295774647887325,0.7777777777777778,0.9166666666666666
380,44861,Adrio Bailey,Arkansas,0.6956521739130435,0.6111111111111112,0.5714285714285714,0.9333333333333333
381,44862,Milan Acquaah,Cal Baptist,0.0,0.14516129032258066,0.061224489795918366,0.4230769230769231
382,44864,Jeff Pollard,Washington St.,1.0,0.7313432835820896,0.3,1.0
383,44865,Malachi Flynn,San Diego St.,0.0,0.15,0.0851063829787234,0.6351351351351351
384,44913,Brandon Jackson,SIU Edwardsville,0.9333333333333333,0.6428571428571429,0.6086956521739131,1.0
385,44920,Jared Stutzman,Idaho St.,1.0,0.6071428571428571,0.16666666666666666,0.8695652173913043
386,44922,Justin Benton,SIU Edwardsville,0.0,0.0,1.0,0.0
387,44937,Danny Pippen,Kent St.,0.9090909090909091,0.39622641509433965,0.20833333333333334,0.9423076923076923
388,44940,Davion Thomas,Troy,0.875,0.75,0.45454545454545453,1.0
389,44941,LeSean Brown,Air Force,0.0,0.3333333333333333,0.5,1.0
390,44943,Baylee Steele,Duquesne,0.9230769230769231,0.7450980392156863,0.5882352941176471,0.9090909090909091
391,44944,Xavier Green,Old Dominion,0.5,0.37142857142857144,0.23076923076923078,0.7446808510638298
392,44947,Tim Harrison,Rice,0.0,0.75,1.0,0.0
393,44948,Corey Douglas,VCU,1.0,0.4666666666666667,1.0,1.0
394,44957,Kwe Parker,North Carolina A&T,0.9333333333333333,0.6764705882352942,0.5,1.0
395,45017,Tareq Coburn,Hofstra,0.3333333333333333,0.30303030303030304,0.6666666666666666,0.9344262295081968
396,45021,Amadi Ikpeze,St. Bonaventure,1.0,0.6,0.8636363636363636,0.0
397,45028,De'Riante Jenkins,VCU,0.6,0.3111111111111111,0.13333333333333333,0.9487179487179487
398,45032,Malik Crowfield,VCU,0.0,0.0,0.0,0.8421052631578947
399,45034,Marquell Fraser,Idaho,0.0,0.2765957446808511,0.46153846153846156,1.0
400,45062,Frank Ryder,Colorado,0.0,0.0,0.0,0.0
401,45063,Jimbo Lull,San Francisco,0.967741935483871,0.6354166666666666,0.3137254901960784,1.0
402,45066,Charles Minlend,San Francisco,0.625,0.17204301075268819,0.06451612903225806,0.7045454545454546
403,45067,Jordan Ratinho,San Francisco,0.0,0.44,0.0,0.9787234042553191
404,45068,Remu Raitanen,San Francisco,0.0,0.3,0.4,1.0
405,45080,Mitchell Smith,Missouri,0.5,0.47058823529411764,0.9166666666666666,1.0
406,45081,Justin Turner,Bowling Green,0.0,0.27450980392156865,0.01818181818181818,0.5675675675675675
407,45082,Dylan Frye,Bowling Green,0.0,0.38636363636363635,0.08333333333333333,0.5849056603773585
408,45084,Caleb Morris,Air Force,0.0,0.34782608695652173,0.42857142857142855,0.9433962264150944
409,45086,Kyle Mallers,Ball St.,0.0,0.3333333333333333,0.2,0.9122807017543859
410,45089,Michael Hughes,Duquesne,0.7619047619047619,0.5512820512820513,0.5789473684210527,1.0
411,45090,Tavian Dunn-Martin,Duquesne,0.0,0.25,0.4,0.704225352112676
412,45105,Devonnte Holland,Radford,0.6666666666666666,0.6031746031746031,0.75,0.0
413,45146,Leighton Schrand,Xavier,0.0,0.0,0.0,1.0
414,45181,Solomon Young,Iowa St.,0.7777777777777778,0.6909090909090909,0.609375,0.0
415,45184,Jakolby Long,Southern Utah,0.0,0.3225806451612903,0.2,0.6666666666666666
416,45187,Jay Huff,Virginia,0.6923076923076923,0.5714285714285714,0.5625,1.0
417,45190,Udoka Azubuike,Kansas,0.8446601941747572,0.7591240875912408,0.4594594594594595,0.0
418,45232,Eric Dadika,Rhode Island,0.0,0.0,0.0,0.0
419,45240,Evan Wiley,Alabama A&M,0.0,0.2222222222222222,0.5,1.0
420,45251,Patrick Szpir,Wagner,1.0,0.8095238095238095,0.875,0.0
421,45252,Taze Moore,Cal St. Bakersfield,0.6190476190476191,0.4225352112676056,0.5,0.7916666666666666
422,45253,Justin Edler-Davis,Cal St. Bakersfield,0.0,0.15,0.6,0.9444444444444444
423,45254,Greg Lee,Cal St. Bakersfield,1.0,0.4,0.7142857142857143,0.9375
424,45262,Myo Baxter-Bell,Liberty,0.8,0.2786885245901639,0.1111111111111111,1.0
425,45264,Georgie Pacheco-Ortiz,Liberty,0.0,0.1794871794871795,0.09090909090909091,0.9534883720930233
426,45266,Jamal Wright,High Point,0.0,0.25806451612903225,0.25,0.8378378378378378
427,45267,Austin Mueller,Wyoming,0.0,1.0,0.0,0.0
428,45268,Cliff Thomas Jr.,High Point,1.0,0.6388888888888888,0.38461538461538464,0.0
429,45272,KJ Robinson,Nebraska Omaha,0.0,0.044444444444444446,0.07692307692307693,0.515625
430,45279,Elyjah Goss,IU Indy,0.6818181818181818,0.6222222222222222,0.42857142857142855,1.0
431,45286,Reggie Jones,Tulsa,0.0,0.16666666666666666,0.2857142857142857,0.85
432,45288,Brandon Johnson,Western Michigan,0.92,0.5113636363636364,0.2,0.95
433,45289,Adida Ikongshul,Western Michigan,0.0,1.0,1.0,0.0
434,45304,Nick Robinson,Valparaiso,0.5,0.3157894736842105,0.4375,0.8125
435,45305,Lorenzo Edwards,Saint Joseph's,0.75,0.5185185185185185,0.5,0.975
436,45309,Grant Golden,Richmond,0.3333333333333333,0.6,0.43478260869565216,1.0
437,45310,De'Monte Buckingham,Cal St. Bakersfield,1.0,0.55,0.125,0.9615384615384616
438,45311,Nick Sherod,Richmond,0.0,0.5161290322580645,0.15151515151515152,0.9743589743589743
439,45313,Jalen Johnson,Louisiana,1.0,0.4166666666666667,0.5,0.8372093023255814
440,45314,Danjel Purifoy,Auburn,0.8,0.4864864864864865,0.0,0.9772727272727273
441,45343,Houston Smith,Bethune Cookman,1.0,0.42424242424242425,0.8333333333333334,0.75
442,45345,Chance Garvin,Idaho,0.0,0.6666666666666666,0.8,0.9285714285714286
443,45347,Isaac Wulff,UCLA,0.0,0.0,0.0,0.0
444,45352,Anfernee McLemore,Auburn,0.8333333333333334,0.7619047619047619,0.5,1.0
445,45354,Elijah Schmidt,Texas A&M Corpus Chris,0.875,0.6666666666666666,0.6842105263157895,0.0
446,45359,Perry Francois,Texas A&M Corpus Chris,0.7142857142857143,0.45,0.34615384615384615,0.0
447,45389,Kinnon LaRose,Sacred Heart,0.0,0.4909090909090909,0.3333333333333333,0.9206349206349206
448,45394,Markell Johnson,N.C. State,0.0,0.060240963855421686,0.0,0.3953488372093023
449,45452,Anthony Gaston,Grambling St.,0.0,0.34782608695652173,0.3333333333333333,0.8666666666666667
450,45455,Ivy Smith Jr.,Grambling St.,0.0,0.10869565217391304,0.17142857142857143,0.5652173913043478
451,45459,JC Younger,Presbyterian,0.0,0.6,0.375,0.9591836734693877
452,45461,Armel TeTe,Presbyterian,0.0,0.0,0.0,0.0
453,45463,Jo'Vontae Millner,Middle Tennessee,0.0,0.6875,0.3333333333333333,0.9166666666666666
454,45472,Jaiveon Eaves,Murray St.,1.0,0.2727272727272727,0.375,0.8604651162790697
455,45475,Jonah Antonio,UNLV,0.0,0.6666666666666666,0.5,0.9811320754716981
456,45476,Ashtyn Bradley,LIU,0.0,0.0,0.5714285714285714,1.0
457,45477,"Randy Miller, Jr.",North Carolina Central,0.0,0.375,0.0,0.9285714285714286
458,45478,Ryan Gomes,Houston Christian,1.0,0.7894736842105263,0.7777777777777778,0.0
459,45479,Kaleb Bishop,Fairleigh Dickinson,0.7419354838709677,0.5340909090909091,0.5416666666666666,0.96
460,45480,Donyell Marshall Jr.,Central Connecticut,0.0,0.0,0.0,0.0
461,45481,Julian Batts,LIU,0.0,0.32,0.2,0.7358490566037735
462,45482,Jashaun Agosto,LIU,0.0,0.22448979591836735,0.05,0.8235294117647058
463,45520,Connor Klementowicz,Hofstra,0.0,0.0,0.0,0.0
464,45524,K.J. Smith,North Carolina,0.0,0.25,0.0,1.0
465,45526,Erik Johansson,Loyola Marymount,0.0,0.6,0.4,0.9761904761904762
466,45528,Craig LeCesne,San Jose St.,0.5,0.4,0.3333333333333333,1.0
467,45530,Nolan Taylor,Cal Poly,0.0,0.631578947368421,0.45454545454545453,0.0
468,45531,Malcolm Porter,Portland,0.0,0.45,0.47058823529411764,0.9615384615384616
469,45532,Knox Hellums,UTSA,0.0,0.38461538461538464,0.0,1.0
470,45533,Kolton Kohl,Abilene Christian,0.8888888888888888,0.7560975609756098,0.625,0.0
471,45534,Trey Lenox,Abilene Christian,0.0,0.5714285714285714,0.0,1.0
472,45535,Payten Ricks,Abilene Christian,0.0,0.2727272727272727,0.2857142857142857,0.8767123287671232
473,45538,Houston Wahlen,Idaho St.,0.0,0.0,0.0,0.0
474,45539,Lyle Sutton,Idaho St.,0.0,0.0,0.0,0.0
475,45542,Clay Mounce,Furman,0.46153846153846156,0.34177215189873417,0.4166666666666667,0.9642857142857143
476,45562,Scott Spencer,La Salle,0.75,0.5,0.6,0.9122807017543859
477,45566,Levi Cook,Coastal Carolina,0.0,0.36363636363636365,0.4,0.0
478,45568,Algevon Eichelberger,Cleveland St.,0.8888888888888888,0.5321100917431193,0.4,0.8
479,45571,Eron Gordon,Valparaiso,0.0,0.5,0.6,0.9259259259259259
480,45572,Myles Powell,Seton Hall,1.0,0.24210526315789474,0.14285714285714285,0.6708860759493671
481,45589,Daniel Giddens,Vermont,0.875,0.7352941176470589,0.3333333333333333,0.0
482,45619,Cartier Diarra,Kansas St.,0.25,0.0945945945945946,0.08695652173913043,0.6122448979591837
483,45624,Christian Turner,Gardner Webb,0.0,0.06896551724137931,0.0,1.0
484,45625,Nate Johnson,Gardner Webb,0.6,0.3333333333333333,0.16,0.958904109589041
485,45629,Devearl Ramsey,UC Santa Barbara,0.0,0.3181818181818182,0.045454545454545456,0.7666666666666667
486,45642,Drew Buggs,Hawaii,0.0,0.14583333333333334,0.0,0.6538461538461539
487,45644,Key Sullivan,Hartford,0.0,0.0,0.0,1.0
488,45645,Saul Phiri,La Salle,0.5,0.4,0.16666666666666666,0.851063829787234
489,45646,Deivydas Kuzavas,Saint Francis,0.9090909090909091,0.8108108108108109,0.5,0.0
490,45647,Keith Braxton,Saint Francis,1.0,0.125,0.18181818181818182,0.5555555555555556
491,45648,Randall Gaskins Jr.,Saint Francis,0.0,0.56,0.48,0.8333333333333334
492,45692,Payton Dastrup,Oregon St.,0.0,0.5714285714285714,0.5,1.0
493,45693,Yoeli Childs,BYU,0.8260869565217391,0.5316455696202531,0.47297297297297297,1.0
494,45695,Nathan Hoover,Wofford,0.0,0.21212121212121213,0.24444444444444444,0.8648648648648649
495,45696,Steven Beo,Eastern Washington,0.0,0.5,0.0,0.0
496,45699,Onno Steger,Western Carolina,0.0,0.4186046511627907,0.0,0.9078947368421053
497,45700,Donovan Theme-Love,Wofford,0.0,0.6,1.0,0.9090909090909091
498,45705,T.J. Atwood,Lamar,1.0,0.44329896907216493,0.3333333333333333,0.75
499,45731,Sayeed Pridgett,Montana,0.8333333333333334,0.19117647058823528,0.21428571428571427,0.6666666666666666
500,45734,Trevon Allen,Idaho,1.0,0.18032786885245902,0.26262626262626265,0.7931034482758621
501,45736,Mason Peatling,Eastern Washington,0.8,0.6344827586206897,0.6,0.95
502,45744,DJ Jones,Florida A&M,0.7272727272727273,0.38235294117647056,0.6923076923076923,0.0
503,45745,Harald Frey,Montana St.,0.0,0.08771929824561403,0.13793103448275862,0.45614035087719296
504,45746,Devin Kirby,Montana St.,0.7142857142857143,0.5416666666666666,0.3,0.0
505,45811,Zion Morgan,Valparaiso,1.0,0.3333333333333333,0.1111111111111111,0.0
506,45814,Isaiah Nichols,San Jose St.,0.0,0.0,0.0,0.0
507,45815,Keith Fisher III,Illinois St.,0.625,0.5147058823529411,0.3448275862068966,1.0
508,45817,Cheickna Dembele,UNLV,0.0,0.0,0.0,0.0
509,45818,Ben Coupet Jr,Little Rock,0.8,0.6,0.5909090909090909,0.918918918918919
510,45825,Michael Buckland,Lipscomb,0.0,0.6086956521739131,0.22727272727272727,0.8936170212765957
511,45828,Monty Scott,Temple,0.0,0.4838709677419355,0.391304347826087,0.7727272727272727
512,45830,Shyquan Gibbs,NJIT,0.0,0.25925925925925924,0.1388888888888889,0.8846153846153846
513,45833,Lachlan Anderson,Eastern Kentucky,0.36363636363636365,0.375,0.0,0.9411764705882353
514,45834,Logan Koch,Eastern Illinois,0.0,0.0,0.0,0.0
515,45835,Nick Hopkins,Belmont,0.0,0.3333333333333333,0.17647058823529413,0.918918918918919
516,45838,Marlon Adams,Maryland Eastern Shore,0.0,0.25,0.5,0.9090909090909091
517,45841,Asante Gist,Iona,0.0,0.07692307692307693,0.5,0.8571428571428571
518,45843,Seth Fuller,Elon,0.0,0.0,0.5,1.0
519,45850,Kurk Lee,Drexel,0.0,0.0,0.0,1.0
520,45853,Osinachi Smart,Charleston,0.85,0.6486486486486487,1.0,0.0
521,45854,Jaylen McManus,Charleston,1.0,0.6170212765957447,0.30303030303030304,1.0
522,45864,Ryan Daly,Saint Joseph's,0.0,0.3076923076923077,0.18181818181818182,0.42857142857142855
523,45896,Corey Allen,Georgia St.,0.0,0.3235294117647059,0.22641509433962265,0.7878787878787878
524,45906,Justin Hopkins,Texas Southern,0.8333333333333334,0.43037974683544306,0.3333333333333333,1.0
525,45909,Josh Sharkey,Samford,0.0,0.030612244897959183,0.047619047619047616,0.23076923076923078
526,45911,Kyrin Galloway,UNC Greensboro,0.7272727272727273,0.5789473684210527,0.5,0.98
527,45912,Malik Massey,UNC Greensboro,0.0,0.35714285714285715,0.0,0.8214285714285714
528,45914,Garrett Sams,North Florida,0.0,0.07317073170731707,0.08,0.9166666666666666
529,45915,Garrett Gilkeson,VMI,0.0,0.43478260869565216,0.4,0.9565217391304348
530,45916,Keith Smith,Cal Poly,1.0,0.13636363636363635,0.0,1.0
531,45925,Damien Sears,St. John's,0.5,0.5,0.5,0.0
532,45930,Thomas Booker,USC Upstate,0.0,0.21052631578947367,0.2777777777777778,0.5
533,45934,Ross Owens,Missouri St.,0.0,0.0,0.0,0.9090909090909091
534,45936,Jordan Bell,Loyola Marymount,0.5,0.4807692307692308,0.4583333333333333,0.9
535,45937,Jacob Guest,Northwestern St.,0.0,0.0,0.0,1.0
536,45951,Chibueze Jacobs,Sacramento St.,1.0,0.34782608695652173,0.3333333333333333,0.9166666666666666
537,45994,Kory Jones,Arizona,0.0,0.0,0.0,0.0
538,46004,Mustapha Heron,St. John's,0.25,0.4,0.4782608695652174,0.8809523809523809
539,46010,Brachen Hazen,Ball St.,1.0,0.6956521739130435,0.3333333333333333,1.0
540,46023,C.J. Jones,Middle Tennessee,0.5714285714285714,0.5909090909090909,0.5833333333333334,0.8356164383561644
541,46050,Djimon Henson,Morehead St.,0.0,0.2857142857142857,0.4090909090909091,0.8888888888888888
542,46052,Jalen Dupree,Samford,0.85,0.5930232558139535,0.3076923076923077,0.9090909090909091
543,46055,Dondre Griffin,Hampton,0.0,0.2727272727272727,0.2,0.782608695652174
544,46089,Tyson Carter,Mississippi St.,0.75,0.3333333333333333,0.2962962962962963,0.7407407407407407
545,46092,Abdul Ado,Mississippi St.,0.7647058823529411,0.4918032786885246,0.625,0.0
546,46138,Ezekiel Balogun,North Florida,1.0,0.8571428571428571,1.0,1.0
547,46142,Kaelon Harris,The Citadel,0.5,0.27692307692307694,0.2916666666666667,0.8571428571428571
548,46146,Khalill Spencer,Jackson St.,0.0,0.5294117647058824,0.7142857142857143,0.0
549,46150,Quinton Rose,Temple,0.391304347826087,0.313953488372093,0.2608695652173913,0.9117647058823529
550,46151,Damion Moore,Temple,0.5,0.75,0.7777777777777778,0.0
551,46153,Alani Moore II,Temple,0.0,0.1,0.2,0.8636363636363636
552,46154,V.J. Holmes,Lamar,0.3333333333333333,0.35294117647058826,0.25,1.0
553,46158,Eli Pemberton,Hofstra,0.25,0.25,0.27906976744186046,0.7627118644067796
554,46159,Stafford Trueheart,Hofstra,0.6666666666666666,0.5833333333333334,0.75,0.75
555,46161,Dejuan Clayton,Coppin St.,0.0,0.04054054054054054,0.047619047619047616,0.3870967741935484
556,46163,Evan Wieck,Navy,0.0,0.5617977528089888,0.6666666666666666,0.0
557,46166,Chris Seeley,Fresno St.,0.0,0.0,0.5,0.0
558,46168,Armani Dodson,UCLA,0.0,0.0,0.0,0.0
559,46170,Rodney Herenton,Stanford,0.0,0.0,0.0,0.0
560,46171,Brandon Suggs,UMKC,0.0,0.5,1.0,0.0
561,46172,Bryce Barnes,William & Mary,0.3333333333333333,0.3076923076923077,0.06666666666666667,0.6666666666666666
562,46178,Trevor Anderson,Wisconsin,0.0,0.1,0.5,0.8571428571428571
563,46261,Dejan Vasiljevic,Miami FL,1.0,0.28,0.175,0.726027397260274
564,46263,Rodney Miller Jr.,Miami FL,0.9047619047619048,0.5,0.43333333333333335,0.0
565,46265,Darius Hicks,Eastern Kentucky,0.7777777777777778,0.56,0.5555555555555556,0.0
566,46267,Bruce Moore,Bucknell,0.8,0.6190476190476191,0.2,1.0
567,46268,Avi Toomer,Bucknell,0.0,0.15625,0.0,0.8412698412698413
568,46269,Destin Barnes,Jacksonville,0.0,0.1875,0.2682926829268293,0.8620689655172413
569,46270,Tyler Scanlon,Belmont,0.0,0.6176470588235294,0.14285714285714285,0.9538461538461539
570,46272,Max Mahoney,Boston University,0.6818181818181818,0.430939226519337,0.48,0.0
571,46273,Mark Gasperini,American,0.75,0.6025641025641025,0.4,0.0
572,46276,Sa'eed Nelson,American,1.0,0.1949685534591195,0.23529411764705882,0.9285714285714286
573,46289,Marcus Dickinson,Boise St.,0.0,0.16666666666666666,0.0,0.8888888888888888
574,46292,Dachon Burke Jr.,Nebraska,0.29411764705882354,0.2976190476190476,0.2631578947368421,0.7058823529411765
575,46294,Alex Hobbs,Boise St.,0.0,0.20930232558139536,0.1,0.7894736842105263
576,46309,Maik Kotsar,South Carolina,0.6428571428571429,0.6333333333333333,0.5294117647058824,0.0
577,46316,Reed Nikko,Missouri,0.9047619047619048,0.7272727272727273,0.2727272727272727,0.0
578,46348,Pat Andree,N.C. State,0.0,0.8,1.0,1.0
579,46349,Kyle Stout,Lafayette,0.0,0.3333333333333333,0.2857142857142857,1.0
580,46352,Myles Cherry,Lafayette,1.0,0.6976744186046512,0.18181818181818182,0.9
581,46354,Jordan Cohen,Lehigh,0.0,0.14516129032258066,0.14893617021276595,0.35555555555555557
582,46356,Lukas Jarrett,Lafayette,0.25,0.5434782608695652,0.16666666666666666,0.9523809523809523
583,46357,Brevin Galloway,Charleston,0.0,0.18421052631578946,0.4,0.7162162162162162
584,46358,Chevez Goodwin,Wofford,0.7575757575757576,0.41379310344827586,0.18181818181818182,0.0
585,46362,Jackson Rowe,Cal St. Fullerton,0.8,0.4583333333333333,0.35714285714285715,0.9393939393939394
586,46374,Khalid Campbell,Arkansas Pine Bluff,0.0,0.0,0.0,0.0
587,46376,Devon Brewer,Alcorn St.,0.0,0.0,0.8,0.0
588,46382,Artavious McDyess,Arkansas Pine Bluff,1.0,0.5882352941176471,0.9,0.0
589,46400,Tarkus Ferguson,Illinois Chicago,0.5,0.3076923076923077,0.16,0.6507936507936508
590,46403,Micah Bradford,Southern,0.0,0.1935483870967742,0.07142857142857142,0.8974358974358975
591,46423,Anthony Tarke,UTEP,0.6,0.625,0.5,0.0
592,46427,Wajid Aminu,North Florida,0.84,0.7045454545454546,0.11764705882352941,1.0
593,46431,Jahaad Proctor,Purdue,0.0,0.34146341463414637,0.20689655172413793,0.9642857142857143
594,46500,Ty Graves,North Carolina Central,0.0,0.16666666666666666,0.0,0.9285714285714286
595,46504,Jarron Cumberland,Cincinnati,0.0,0.2558139534883721,0.0,0.5952380952380952
596,46507,Shawn Williams,New Mexico St.,0.0,0.2,0.3333333333333333,0.9642857142857143
597,46509,Nik Popovic,Boston College,0.4444444444444444,0.5208333333333334,0.4444444444444444,0.9333333333333333
598,46552,Dylan Carl,Purdue Fort Wayne,0.7916666666666666,0.6029411764705882,0.1,1.0
599,46558,Ty Groce,Eastern Michigan,0.6923076923076923,0.26666666666666666,0.05,0.75
600,46564,Chris Lester,New Hampshire,0.5,0.3448275862068966,0.375,0.9411764705882353
601,46567,Cyril Langevine,Rhode Island,0.75,0.6,0.75,1.0
602,46568,Tyere Marshall,Rider,1.0,0.5983606557377049,0.48,0.0
603,46569,Dimencio Vaughn,Rider,0.6666666666666666,0.38,0.2727272727272727,0.9428571428571428
604,46573,Ashante Shivers,Southern,0.0,0.23529411764705882,0.39285714285714285,0.7666666666666667
605,46583,Andre Jones,Nicholls St.,0.3125,0.1827956989247312,0.23529411764705882,1.0
606,46593,Lindy Waters III,Oklahoma St.,1.0,0.4444444444444444,0.1111111111111111,0.6410256410256411
607,46595,Desmond Bane,TCU,0.0,0.3968253968253968,0.43243243243243246,0.6781609195402298
608,46596,Josh Parrish,Rice,0.7142857142857143,0.5595238095238095,0.3333333333333333,0.0
609,46598,Brandon Averette,Utah Valley,0.0,0.19642857142857142,0.12121212121212122,0.9090909090909091
610,46599,Thomas Dziagwa,Oklahoma St.,0.0,0.42857142857142855,0.6666666666666666,0.9078947368421053
611,46600,Cameron McGriff,Oklahoma St.,0.7916666666666666,0.5753424657534246,0.3,0.8214285714285714
612,46645,Travis Light,Florida St.,0.0,0.0,0.0,1.0
613,46648,Michael Bibby,Appalachian St.,0.0,1.0,0.0,0.9
614,46651,Ray Ona Embo,Tulane,0.5,0.2857142857142857,0.0,1.0
615,46652,Ceasar DeJesus,UCF,0.0,0.23728813559322035,0.10526315789473684,0.9375
616,46654,Jordan Blount,Illinois Chicago,0.0,0.5609756097560976,0.17647058823529413,1.0
617,46655,Godwin Boahen,Illinois Chicago,0.0,0.27906976744186046,0.24,0.8113207547169812
618,46713,Tyler Stewart,Saint Francis,1.0,0.35294117647058826,0.4117647058823529,0.7333333333333333
619,46714,Curtis Jones Jr.,Penn St.,0.0,0.3333333333333333,0.42857142857142855,0.8421052631578947
620,46718,Devonte Green,Indiana,1.0,0.15,0.125,0.6949152542372882
621,46769,Evan Hinson,Austin Peay,0.5,0.35714285714285715,0.21428571428571427,0.8421052631578947
622,46770,Matt DiLuccio,Boston College,0.0,0.0,0.0,0.0
623,46772,Temi Aiyegbusi,Connecticut,0.0,0.0,0.0,0.0
624,46787,Austin Reaves,Oklahoma,0.2857142857142857,0.23728813559322035,0.08333333333333333,0.5476190476190477
625,46788,Isaiah Brown,Northern Iowa,0.3333333333333333,0.35294117647058826,0.13333333333333333,0.7435897435897436
626,46789,JoJo Anderson,Albany,0.0,0.0,0.5,1.0
627,46793,C.J. Keyser,North Carolina Central,0.6666666666666666,0.4146341463414634,0.06666666666666667,0.7692307692307693
628,46794,Jordan Jones,Marist,0.8333333333333334,0.46551724137931033,0.2857142857142857,0.0
629,46810,Sergio El Darwich,Maine,0.0,0.3382352941176471,0.2413793103448276,0.6470588235294118
630,46814,Tyler Peterson,South Dakota,1.0,0.5465116279069767,0.34375,0.8
631,46815,Brandon Armstrong,South Dakota,0.0,0.13636363636363635,0.2,0.9285714285714286
632,46816,Triston Simpson,South Dakota,0.0,0.19607843137254902,0.5714285714285714,0.76
633,46832,Loudon Love,Wright St.,0.75,0.3384615384615385,0.26666666666666666,0.0
634,46843,Jaume Sorolla,Cincinnati,1.0,0.8,0.6363636363636364,0.0
635,46844,Ryan Swan,Air Force,0.75,0.5,0.5555555555555556,1.0
636,46888,Cavit Ege Havsa,Utah Valley,0.0,0.5,0.5,0.6363636363636364
637,46912,Cameron Oluyitan,Southern Utah,0.4,0.3220338983050847,0.3333333333333333,0.9259259259259259
638,46913,Precious Ayah,Miami OH,0.0,0.6296296296296297,1.0,0.0
639,46914,Noah McCarty,Northern Illinois,1.0,0.5666666666666667,0.35714285714285715,1.0
640,46916,Eugene German,Northern Illinois,0.0,0.05384615384615385,0.0,0.39436619718309857
641,46918,Andrew Garcia,Stony Brook,0.16666666666666666,0.15053763440860216,0.2631578947368421,0.8333333333333334
642,46923,Andrew Fleming,Maine,0.6896551724137931,0.6285714285714286,0.5909090909090909,0.9629629629629629
643,46973,Dantai St. Louis,Canisius,1.0,0.875,0.0,0.0
644,46975,E.J. Crawford,Iona,0.3333333333333333,0.32075471698113206,0.29411764705882354,0.8787878787878788
645,46982,Darian Adams,Troy,0.0,0.125,0.13043478260869565,0.8333333333333334
646,46985,Tommy Funk,Army,0.0,0.017857142857142856,0.10526315789473684,0.7192982456140351
647,46987,Matt Wilson,Army,1.0,0.7050359712230215,0.6666666666666666,0.0
648,46995,Kelvin Jones,Creighton,0.75,0.5185185185185185,0.2727272727272727,0.0
649,46998,Marcus Burk,IU Indy,0.6666666666666666,0.6447368421052632,0.35,0.8928571428571429
650,47006,Tyrik Dixon,Missouri St.,0.0,0.0,0.15,0.7333333333333333
651,47010,Oliver Powell,Louisiana Tech,0.0,0.5,0.5,1.0
652,47011,Jannson Williams,Marshall,0.9285714285714286,0.76,0.0,0.975609756097561
653,47012,Jalen Harris,Nevada,0.5,0.23595505617977527,0.22388059701492538,0.7761194029850746
654,47013,JaColby Pemberton,Louisiana Tech,0.0,0.35,0.5,1.0
655,47026,Josh Ayeni,South Alabama,0.0,0.0,0.0,0.5
656,47052,Devon Daniels,N.C. State,0.6,0.24731182795698925,0.25,0.9642857142857143
657,47057,Henry Baddley,Butler,0.75,0.6153846153846154,0.25,1.0
658,47058,Kamar Baldwin,Butler,0.0,0.15151515151515152,0.06493506493506493,0.6818181818181818
659,47060,Marc Reininger,Utah,0.0,0.0,0.0,1.0
660,47061,Mustapha Traore,Monmouth,0.7,0.6346153846153846,0.48484848484848486,0.0
661,47099,Ibi Watson,Dayton,0.6,0.325,0.2608695652173913,0.7391304347826086
662,47100,Jon Teske,Michigan,0.8947368421052632,0.6666666666666666,0.5294117647058824,1.0
663,47101,Travis Valmon,Maryland,0.0,0.0,0.0,0.0
664,47102,Joshua Tomaic,Maryland,0.0,0.5714285714285714,0.0,0.0
665,47104,Zavier Simpson,Michigan,1.0,0.09473684210526316,0.08,0.5806451612903226
666,47106,Anthony Cowan Jr.,Maryland,0.0,0.26153846153846155,0.0,0.625
667,47176,Josh Peterson,Coastal Carolina,0.0,0.2727272727272727,0.0,1.0
668,47187,Jared Chatham,Central Arkansas,0.8823529411764706,0.6181818181818182,0.4166666666666667,1.0
669,47188,Aaron Weidenaar,Central Arkansas,0.0,0.75,1.0,1.0
670,47189,Brandon Vanover,Central Arkansas,0.0,0.0,0.0,0.0
671,47191,Jacob Young,Rutgers,0.25,0.19672131147540983,0.07142857142857142,0.5333333333333333
672,47192,Andrew Jones,Texas,0.75,0.3409090909090909,0.13043478260869565,0.6451612903225806
673,47194,James Banks III,Georgia Tech,0.7906976744186046,0.65,0.6190476190476191,0.0
674,47195,Ryan Betley,Penn,0.0,0.7058823529411765,0.4,0.9111111111111111
675,47196,AJ Brodeur,Penn,1.0,0.4186046511627907,0.23684210526315788,0.8125
676,47198,Henry Welsh,Harvard,0.0,0.5,0.0,0.0
677,47201,Devon Goodman,Penn,0.2,0.4,0.0,0.7714285714285715
678,47202,Ray Jerome,Penn,0.0,0.5714285714285714,0.0,1.0
679,47204,Jordan Bruner,Yale,0.7222222222222222,0.48148148148148145,0.25,0.8387096774193549
680,47205,Mikey Dixon,Grand Canyon,0.0,0.34615384615384615,0.26666666666666666,0.6071428571428571
681,47207,Divonte Lumpkin,Texas Southern,0.0,0.625,0.0,0.0
682,47210,Kevin Granger Jr.,Texas Southern,0.0,1.0,0.5,0.0
683,47212,Cainan McClelland,Jackson St.,0.0,0.6153846153846154,0.1111111111111111,0.8181818181818182
684,47219,Kevin Morris,South Alabama,1.0,0.2222222222222222,0.0,0.0
685,47220,Herb McGee,South Alabama,1.0,0.2777777777777778,0.0,0.9032258064516129
686,47223,Maxwell Starwood,Southeastern Louisiana,0.0,0.5,0.6296296296296297,1.0
687,47224,John Pettway,South Alabama,0.6,0.3225806451612903,0.18181818181818182,1.0
688,47228,Josh Mullins,Grambling St.,0.0,0.0,0.0,0.0
689,47235,Spencer Littleson,Toledo,0.4,0.5769230769230769,0.4166666666666667,0.9838709677419355
690,47237,Isiaha Mike,SMU,0.8333333333333334,0.6617647058823529,0.5294117647058824,0.9523809523809523
691,47238,Caleb Davis,Duquesne,0.0,0.0,0.0,0.5
692,47239,Chuba Ohams,Fordham,0.7058823529411765,0.43636363636363634,0.5,0.0
693,47294,Stanley Davis,Morgan St.,0.75,0.3764705882352941,0.2727272727272727,1.0
694,47299,David Syfax Jr.,Morgan St.,0.8,0.47619047619047616,0.16666666666666666,1.0
695,47324,Tommy Luce,Purdue,0.0,0.5,0.0,1.0
696,47326,Andre Wesson,Ohio St.,1.0,0.3125,0.2,0.7804878048780488
697,47329,Micah Potter,Wisconsin,0.9230769230769231,0.6153846153846154,0.5,0.9130434782608695
698,47330,Barret Benson,Southern Illinois,0.8,0.6455696202531646,0.5185185185185185,1.0
699,47331,Tino Malnati,Northwestern,0.0,0.0,0.0,0.0
700,47357,Elijah Hughes,Syracuse,0.9166666666666666,0.47368421052631576,0.1746031746031746,0.7564102564102564
701,47404,Kasheem Thomas,Cleveland St.,0.0,0.4,0.3333333333333333,0.9333333333333333
702,47405,Evan Clayborne,North Carolina Central,0.9,0.7608695652173914,0.0,0.0
703,47407,Mike Smith,Columbia,0.0,0.09,0.08235294117647059,0.45
704,47408,Jake Killingsworth,Columbia,0.0,0.5,0.3076923076923077,0.9166666666666666
705,47421,Ty Flowers,LIU,0.5454545454545454,0.5974025974025974,0.6,0.8448275862068966
706,47422,Brison Gresham,Houston,0.9523809523809523,0.7352941176470589,0.0,0.0
707,47424,Arnaldo Toro,George Washington,0.0,0.5102040816326531,0.3,0.0
708,47425,Collin Smith,UCF,1.0,0.4431818181818182,0.5238095238095238,1.0
709,47427,Unique McLean,St. Francis NY,0.5769230769230769,0.42,0.16666666666666666,0.88
710,47428,Chris Baldwin,Texas Southern,0.5,0.3870967741935484,0.7142857142857143,1.0
711,47429,Justin Williams,George Washington,1.0,0.6666666666666666,0.0,1.0
712,47430,Dejon Jarreau,Houston,0.3333333333333333,0.27906976744186046,0.15151515151515152,0.8571428571428571
713,47484,Chancellor Ellis,Prairie View A&M,0.0,0.0,0.8888888888888888,0.9122807017543859
714,47485,Brendon Myles,Florida A&M,0.0,0.5333333333333333,0.4666666666666667,0.75
715,47491,Nasir Core,Florida A&M,0.0,0.12,0.18181818181818182,0.8823529411764706
716,47494,Charles Williams,Howard,0.6666666666666666,0.3939393939393939,0.3977272727272727,0.8636363636363636
717,47506,Payton Pritchard,Oregon,0.0,0.16304347826086957,0.1388888888888889,0.6931818181818182
718,47507,Dallas Walton,Colorado,1.0,0.6666666666666666,0.6666666666666666,1.0
719,47508,Keith Smith,Pepperdine,1.0,0.6,0.0,1.0
720,47510,Jaquori McLaughlin,UC Santa Barbara,1.0,0.23529411764705882,0.2564102564102564,0.875
721,47515,Ben Kone,Tennessee St.,0.6,0.5,0.5,1.0
722,47549,Jordan Giles,UMKC,0.4,0.46,0.2564102564102564,0.9375
723,47550,Isaiah Ross,Iona,0.0,0.6666666666666666,0.8,0.9130434782608695
724,47566,Dylan Painter,Delaware,0.7391304347826086,0.5245901639344263,0.125,1.0
725,47568,Brad Calipari,Detroit Mercy,0.0,0.0,0.8,0.9130434782608695
726,47578,Donald Hicks,Radford,0.0,0.0,0.3333333333333333,0.9622641509433962
727,47580,Carlik Jones,Radford,0.3,0.047619047619047616,0.03508771929824561,0.5
728,47581,Dru Smith,Missouri,0.0,0.19642857142857142,0.0975609756097561,0.68
729,47585,John Hall,Evansville,0.25,0.5,0.5,1.0
730,47590,Robert Martin,Rice,0.5,0.3333333333333333,0.09090909090909091,0.9736842105263158
731,47592,Ethan Good,Bowling Green,0.0,0.0,0.0,0.0
732,47593,Grant Youngkin,SMU,0.0,0.0,0.0,0.0
733,47600,Brock Bertram,Buffalo,0.0,0.6,0.0,0.0
734,47601,Troy Baxter,Morgan St.,0.7222222222222222,0.5952380952380952,0.25,0.8823529411764706
735,47609,J.T. Escobar,North Florida,0.0,0.3076923076923077,0.0,0.8734177215189873
736,47637,Quentin Goodin,Xavier,0.25,0.41935483870967744,0.0,0.8888888888888888
737,47639,Tyrique Jones,Xavier,0.859375,0.6148148148148148,0.6486486486486487,0.0
738,47640,Kalif Young,Providence,0.75,0.5652173913043478,0.7058823529411765,1.0
739,47641,Alpha Diallo,Providence,0.6923076923076923,0.43617021276595747,0.3548387096774194,0.8666666666666667
740,47671,Sam Timmins,Washington,0.8333333333333334,0.65,0.5,1.0
741,47672,Nick Rakocevic,USC,1.0,0.5520833333333334,0.3181818181818182,1.0
742,47674,Jonah Mathews,USC,0.0,0.2857142857142857,0.3157894736842105,0.8115942028985508
743,47675,Harrison Henderson,Milwaukee,0.0,0.4117647058823529,0.6,1.0
744,47676,Carlos Johnson,Grand Canyon,0.7142857142857143,0.31645569620253167,0.1724137931034483,0.6744186046511628
745,47678,Quin Barnard,Washington,0.0,0.0,0.0,0.0
746,47679,Bitumba Baruti,East Carolina,0.75,0.48,0.6111111111111112,1.0
747,47689,Ade Murkey,Denver,0.6666666666666666,0.23076923076923078,0.1896551724137931,0.8
748,47690,Jax Levitch,UNC Asheville,0.0,0.0,0.0,1.0
749,47751,Kevion Stewart,Alabama St.,0.0,0.1,0.25,0.8
750,47769,Sammy Friday IV,Siena,0.8333333333333334,0.5789473684210527,0.5,0.0
751,47771,John Ogwuche,Kennesaw St.,0.0,0.0,0.0,1.0
752,47772,Xzavier Malone-Key,Fairleigh Dickinson,0.75,0.2857142857142857,0.2,0.6333333333333333
753,47773,Jordan Barnes,Indiana St.,0.0,0.2,0.23333333333333334,0.6964285714285714
754,47774,Jeff Dowtin,Rhode Island,0.5,0.2608695652173913,0.20967741935483872,0.75
755,47778,Taurean Thompson,Seton Hall,0.0,0.0,0.0,0.0
756,47780,Luke Rosinski,New Hampshire,1.0,0.4,0.0,0.0
757,47782,Khadim Sy,Mississippi,0.8823529411764706,0.7164179104477612,0.84375,1.0
758,47827,Jerry Johnson Jr.,Arkansas St.,1.0,0.2,0.0,0.8653846153846154
759,47843,Braun Hartfield,San Diego,0.4,0.423728813559322,0.3695652173913043,0.5333333333333333
760,47889,Jordan Griffin,Long Beach St.,0.0,0.25,0.25,0.7619047619047619
761,47891,Loren Cristian Jackson,Akron,0.0,0.015625,0.0,0.5274725274725275
762,47892,Max Heidegger,UC Santa Barbara,0.0,0.25,0.06666666666666667,0.5
763,47898,Diogo Brito,Utah St.,0.3333333333333333,0.6530612244897959,0.7142857142857143,0.8055555555555556
764,47899,Abel Porter,Utah St.,0.0,0.25806451612903225,0.0,0.8888888888888888
765,47901,Daron Henson,Washington St.,0.0,1.0,0.0,0.9
766,47902,Sam Merrill,Utah St.,0.0,0.35294117647058826,0.3684210526315789,0.6853932584269663
767,47904,Koby McEwen,Marquette,1.0,0.18518518518518517,0.0,0.6285714285714286
768,47905,Klay Stall,Utah St.,0.0,0.0,0.0,0.0
769,47909,Juwan Durham,Notre Dame,0.7894736842105263,0.7313432835820896,0.4827586206896552,0.0
770,47911,Jared Printy,Western Michigan,0.0,0.5,0.375,0.9583333333333334
771,47913,Justin Roberts,Niagara,0.0,0.4,0.5,0.8703703703703703
772,47914,Jason Carter,Xavier,0.8,0.5348837209302325,0.3333333333333333,0.95
773,47918,Christian Vital,Connecticut,0.16666666666666666,0.2537313432835821,0.14285714285714285,0.696969696969697
774,47972,Deniz Celen,St. Francis NY,1.0,0.42424242424242425,0.35185185185185186,0.9166666666666666
775,47974,Richmond Aririguzoh,Princeton,0.7777777777777778,0.40707964601769914,0.0,0.0
776,47976,Jose Morales,Princeton,0.0,0.06666666666666667,0.0,0.9230769230769231
777,47979,Tre Clark,Furman,1.0,0.5,0.5,0.0
778,47980,Jordan Lyons,Furman,0.0,0.23529411764705882,0.2692307692307692,0.7887323943661971
779,47984,Steven Whitley,Norfolk St.,0.4,0.16923076923076924,0.0,0.7777777777777778
780,47996,Kristian Doolittle,Oklahoma,0.8333333333333334,0.4090909090909091,0.10638297872340426,0.5666666666666667
781,47997,Xavier Sneed,Kansas St.,0.8888888888888888,0.42105263157894735,0.5581395348837209,0.847457627118644
782,47998,Kameron McGusty,Miami FL,1.0,0.32075471698113206,0.2564102564102564,0.6578947368421053
783,47999,Matt Freeman,UC Santa Barbara,1.0,0.4782608695652174,0.5416666666666666,0.9555555555555556
784,48002,Brian Patrick,Purdue Fort Wayne,0.8,0.32653061224489793,0.1,0.9411764705882353
785,48004,Jordan Shepherd,Charlotte,0.75,0.27906976744186046,0.0,0.8636363636363636
786,48032,Marlon Stewart,North Dakota,0.0,0.05263157894736842,0.07407407407407407,0.7321428571428571
787,48036,Frederick Scott,Rider,0.5384615384615384,0.3375,0.4,0.9
788,48044,Isiah Deas,La Salle,0.0,0.41935483870967744,0.20689655172413793,0.85
789,48051,Zach Sellers,South Carolina St.,0.0,0.3,0.0,0.8235294117647058
790,48075,Johnny McCants,New Mexico St.,0.5925925925925926,0.4788732394366197,0.0,0.9615384615384616
791,48080,Nate Kennell,Bradley,0.0,0.4444444444444444,0.2222222222222222,0.8214285714285714
792,48083,JaShaun Smith,Longwood,0.5714285714285714,0.17307692307692307,0.08333333333333333,0.9777777777777777
793,48087,Darrell Brown,Bradley,0.0,0.05714285714285714,0.08196721311475409,0.66
794,48088,Koch Bar,Bradley,0.8888888888888888,0.7317073170731707,0.6111111111111112,0.0
795,48091,Matt Milon,UCF,0.0,0.8,0.5,0.9534883720930233
796,48097,Tyson Ward,North Dakota St.,0.6153846153846154,0.2636363636363636,0.10638297872340426,0.8235294117647058
797,48098,Cameron Hunter,North Dakota St.,1.0,0.2222222222222222,0.16666666666666666,0.7931034482758621
798,48099,Jared Samuelson,North Dakota St.,0.0,0.5,0.0,0.9512195121951219
799,48114,Rasheem Dunn,St. John's,0.0,0.20588235294117646,0.2857142857142857,0.7647058823529411
800,48120,Derrick Alston,Boise St.,0.631578947368421,0.29411764705882354,0.3,0.7966101694915254
801,48123,Justinian Jessup,Boise St.,0.3333333333333333,0.4358974358974359,0.15151515151515152,0.7419354838709677
802,48145,Davonta Jordan,Buffalo,0.14285714285714285,0.1566265060240964,1.0,0.7777777777777778
803,48147,Sid Tomes,Air Force,0.0,0.4444444444444444,0.2,0.9117647058823529
804,48150,Addison Owen,Rice,0.0,0.0,0.0,0.0
805,48153,Clay Weatherspoon,Southern Miss,0.0,0.0,0.0,0.0
806,48159,Ian Kinard,South Carolina St.,0.42857142857142855,0.3,0.0,0.8181818181818182
807,48164,David Bottenberg,South Carolina St.,1.0,0.5,0.0,1.0
808,48168,Ozante Fields,South Carolina St.,0.6,0.4444444444444444,0.2857142857142857,0.0
809,48170,Tommy Kuhse,Saint Mary's,0.0,0.10526315789473684,0.0,0.8235294117647058
810,48171,Jock Perry,Saint Mary's,0.0,0.5384615384615384,0.14285714285714285,0.0
811,48172,Elijah Thomas,Saint Mary's,1.0,0.2857142857142857,0.0,1.0
812,48176,Joseph Smoyer,Columbia,1.0,0.4444444444444444,0.75,0.0
813,48177,Jordan Ford,Saint Mary's,0.0,0.23853211009174313,0.16666666666666666,0.4444444444444444
814,48178,Mark Carbone,New Hampshire,0.0,0.7,0.5,0.7741935483870968
815,48179,Juwan Gray,Towson,0.75,0.375,0.4444444444444444,0.8823529411764706
816,48182,John Edgar Jr.,UC Irvine,0.6666666666666666,0.5,0.24,1.0
817,48183,Evan Leonard,UC Irvine,0.0,0.125,0.19047619047619047,0.9387755102040817
818,48184,Eyassu Worku,UC Irvine,0.0,0.08333333333333333,0.23404255319148937,0.8444444444444444
819,48186,Tommy Rutherford,UC Irvine,0.6666666666666666,0.6216216216216216,0.631578947368421,1.0
820,48187,Brad Greene,UC Irvine,0.6666666666666666,0.6379310344827587,0.6607142857142857,1.0
821,48212,Corey Manigault,New Mexico,0.8292682926829268,0.7410714285714286,0.52,1.0
822,48215,John Mooney,Notre Dame,0.92,0.584070796460177,0.5636363636363636,1.0
823,48217,Nikola Djogo,Notre Dame,0.0,0.0,0.0,1.0
824,48218,T.J. Gibbs,Notre Dame,0.0,0.3870967741935484,0.08571428571428572,0.881578947368421
825,48219,Omer Yurtseven,Georgetown,0.8076923076923077,0.5573770491803278,0.6534653465346535,1.0
826,48260,Devine Eke,Radford,0.90625,0.6470588235294118,0.25,0.0
827,48263,Issac Vann,VCU,0.6,0.3611111111111111,0.17391304347826086,1.0
828,48280,Marcel Thompson,UMBC,0.0,0.0,0.0,0.0
829,48285,Ikenna Ndugba,Bryant,0.0,0.0625,0.08,0.875
830,48287,Adam Grant,Bryant,0.0,0.21052631578947367,0.16666666666666666,0.6565656565656566
831,48289,Brendon Gooch,Southern Illinois,0.0,1.0,0.0,1.0
832,48295,Cory Gensler,Campbell,0.0,0.639344262295082,0.17391304347826086,0.9523809523809523
833,48297,Artur Labinowicz,Evansville,0.2857142857142857,0.2972972972972973,0.2,0.9130434782608695
834,48298,Amidou Bamba,Charlotte,0.9090909090909091,0.7894736842105263,0.5263157894736842,0.0
835,48318,Zigmars Raimo,Hawaii,0.3333333333333333,0.5735294117647058,0.3333333333333333,1.0
836,48368,Killian Tillie,Gonzaga,0.7142857142857143,0.5535714285714286,0.3225806451612903,0.9444444444444444
837,48372,TJ Haws,BYU,0.3333333333333333,0.20754716981132076,0.1,0.7454545454545455
838,48376,Bryson Robinson,New Orleans,0.0,0.34285714285714286,0.25806451612903225,0.7083333333333334
839,48377,A.J. Cheeseman,Maryland Eastern Shore,1.0,0.6527777777777778,0.44,1.0
840,48379,Kalob Ledoux,Louisiana Tech,0.5,0.2702702702702703,0.15789473684210525,0.9230769230769231
841,48402,Jalon Gates,Houston Christian,0.25,0.25806451612903225,0.23076923076923078,0.7954545454545454
842,48423,Justin Moore,Pacific,1.0,0.1,0.14285714285714285,0.7777777777777778
843,48427,Javin DeLaurier,Duke,0.75,0.631578947368421,0.0,1.0
844,48432,Jack White,Duke,0.75,0.5,0.0,1.0
845,48433,Trent Forrest,Florida St.,0.5555555555555556,0.19444444444444445,0.11904761904761904,0.9375
846,48434,CJ Walker,Ohio St.,0.0,0.10256410256410256,0.07692307692307693,0.8888888888888888
847,48446,Ako Adams,Rice,0.0,0.25,0.14285714285714285,0.7875
848,48454,Ed Morrow,Marquette,0.8333333333333334,0.75,0.0,0.0
849,48475,Samson Oladimeji,Illinois,1.0,1.0,0.0,0.0
850,48486,Terrell Brown,New Mexico St.,0.0,0.3157894736842105,0.25,0.9777777777777777
851,48489,Damien Jefferson,Creighton,0.8181818181818182,0.5679012345679012,0.2608695652173913,0.9
852,48492,Josh Hall,Missouri St.,0.6666666666666666,0.5217391304347826,0.14814814814814814,0.8571428571428571
853,48494,Aher Uguak,Loyola Chicago,1.0,0.673469387755102,0.125,1.0
854,48495,Jalen Harris,Arkansas,0.6666666666666666,0.25,0.42857142857142855,0.8235294117647058
855,48510,Jordan Walker,Morehead St.,0.6666666666666666,0.2641509433962264,0.08695652173913043,0.7083333333333334
856,48515,Bryson Williams,UTEP,0.8421052631578947,0.524390243902439,0.47368421052631576,1.0
857,48517,Jacara Cross,Jacksonville St.,0.875,0.553030303030303,0.4090909090909091,0.0
858,48524,Malik Fitts,Saint Mary's,0.5625,0.20481927710843373,0.10526315789473684,0.6935483870967742
859,48538,Jacob Davison,Eastern Washington,0.6190476190476191,0.27522935779816515,0.18604651162790697,0.8695652173913043
860,48571,Jason McMillan,Western Carolina,0.0,0.0,0.0,0.5
861,48575,Will Miller,VMI,0.0,0.7692307692307693,1.0,1.0
862,48576,Tyler Creammer,VMI,0.0,0.76,0.5384615384615384,1.0
863,48580,Adam Sledd,Western Carolina,0.0,0.8888888888888888,0.0,1.0
864,48587,Derrick Green,Maryland Eastern Shore,0.0,0.0,0.0,0.0
865,48597,Tyler Hooker,Kennesaw St.,1.0,0.14285714285714285,0.17647058823529413,0.7777777777777778
866,48612,Sam Ibiezugbe,Monmouth,1.0,0.75,0.6666666666666666,0.0
867,48616,Brandon Gonzalez,Southeastern Louisiana,0.0,0.42857142857142855,0.26666666666666666,0.8157894736842105
868,48618,Kevon Harris,Stephen F. Austin,0.6111111111111112,0.3670886075949367,0.1875,0.8571428571428571
869,48619,Isaiah Fontaine,UT Rio Grande Valley,0.8571428571428571,0.75,1.0,0.0
870,48621,Everett Winchester,Florida Atlantic,0.0,0.0,0.1111111111111111,1.0
871,48658,Gerron Scissum,Alabama A&M,0.0,0.25,0.75,0.0
872,48685,Danny Harris Jr.,Bethune Cookman,0.0,1.0,0.0,0.0
873,48728,Austin Wiley,Auburn,0.7894736842105263,0.5287356321839081,0.7619047619047619,0.0
874,48732,MaCio Teague,Baylor,0.0,0.40625,0.2857142857142857,0.75
875,48738,Dondre Duffus,Eastern Illinois,0.0,0.2857142857142857,0.0,1.0
876,48741,Tahj Eaddy,Santa Clara,0.0,0.17391304347826086,0.2647058823529412,0.8780487804878049
877,48742,Ray Kowalski,Denver,0.0,0.2,0.0,1.0
878,48743,Denzel Mahoney,Creighton,0.0,0.5666666666666667,0.2777777777777778,0.9285714285714286
879,48748,Jonathan Baehre,Clemson,0.0,0.0,0.0,0.0
880,48762,Karlis Silins,Florida Atlantic,0.8333333333333334,0.5918367346938775,0.5294117647058824,1.0
881,48763,Breein Tyree,Mississippi,0.125,0.15492957746478872,0.203125,0.6875
882,48778,"Travis Fields, Jr.",Radford,1.0,0.39473684210526316,0.13513513513513514,0.9516129032258065
883,48780,A.J. Lawson,McNeese St.,0.2,0.2647058823529412,0.06896551724137931,0.7272727272727273
884,48787,Lavelle Scottie,Air Force,0.8,0.43243243243243246,0.4823529411764706,0.9354838709677419
885,48809,Ross Cummings,Mercer,0.0,0.4,0.3333333333333333,0.8181818181818182
886,48812,Darius Roy,Milwaukee,0.0,0.14285714285714285,0.1951219512195122,0.6290322580645161
887,48815,Zane Martin,New Mexico,0.3333333333333333,0.2857142857142857,0.058823529411764705,0.5789473684210527
888,48816,Maxime Boursiquot,Northeastern,0.9473684210526315,0.6666666666666666,0.55,1.0
889,48817,Bolden Brace,Northeastern,0.0,0.5,0.38461538461538464,0.8870967741935484
890,48819,Nathan Knight,William & Mary,0.7096774193548387,0.35570469798657717,0.3181818181818182,0.8620689655172413
891,48821,Justin Gorham,Houston,1.0,0.75,0.6,1.0
892,48824,Justin Pierce,North Carolina,0.75,0.4117647058823529,0.5833333333333334,0.875
893,48827,Jamar Brown,Morgan St.,0.875,0.41935483870967744,0.25,0.0
894,48832,D'Quan Applewhite,SIU Edwardsville,0.0,0.0,1.0,0.0
895,48838,Lucas N'Guessan,East Tennessee St.,0.7647058823529411,0.6666666666666666,0.47368421052631576,1.0
896,48839,Trey Reeves,Oklahoma St.,0.0,0.0,0.0,0.0
897,48845,Kienan Walter,North Dakota,0.0,0.45714285714285713,0.4,0.9523809523809523
898,48846,Billy Brown,North Dakota,0.0,0.3125,0.3333333333333333,1.0
899,48904,Christian Keeling,North Carolina,0.0,0.38095238095238093,0.6326530612244898,0.9375
900,48911,Cal Reichwein,Lafayette,0.0,0.0,1.0,1.0
901,48912,Clayton Le Sann,Holy Cross,0.0,0.26666666666666666,0.0,0.8571428571428571
902,48914,Milan Williams,Colgate,0.0,0.0,0.0,1.0
903,48917,Will Rayman,Colgate,0.5,0.35365853658536583,0.2222222222222222,0.9607843137254902
904,48918,Ben Robertson,Bucknell,0.0,0.0,0.0,1.0
905,48923,Skylar Mays,LSU,0.2727272727272727,0.11578947368421053,0.08333333333333333,0.76
906,48924,Tyree Crump,Georgia,0.0,0.2,0.6666666666666666,0.8958333333333334
907,48926,Dontay Bassett,Florida,0.5,0.4,0.5,0.0
908,48927,Jordan Harris,Georgia,0.5625,0.425,0.42857142857142855,0.7857142857142857
909,48929,Gorjok Gak,Florida,0.0,0.0,0.0,0.0
910,48952,Sam Cunliffe,Evansville,0.75,0.44680851063829785,0.2702702702702703,0.7708333333333334
911,48953,Vitaliy Shibel,UNLV,1.0,0.3333333333333333,0.6,1.0
912,48954,Ramon Vila,Chattanooga,0.8823529411764706,0.5555555555555556,0.34782608695652173,1.0
913,48955,Romello White,Arizona St.,0.7058823529411765,0.53,0.4166666666666667,0.0
914,48956,Jethro Tshisumpa,Texas Southern,1.0,0.6666666666666666,0.375,0.0
915,48957,Willie Jackson,Toledo,0.9090909090909091,0.5360824742268041,0.673469387755102,0.0
916,48967,Devin Morgan,Youngstown St.,0.0,0.2222222222222222,0.21428571428571427,0.8636363636363636
917,49007,Nazeer Bostick,Saint Peter's,1.0,0.2,0.0,1.0
918,49010,David Jean-Baptiste,Chattanooga,0.0,0.041666666666666664,0.16666666666666666,0.7843137254901961
919,49012,KaVaughn Scott,Loyola MD,0.92,0.7065217391304348,0.3333333333333333,0.0
920,49014,Rodney Chatman,Dayton,0.0,0.24242424242424243,0.0,0.6944444444444444
921,49015,Makale Foreman,Stony Brook,0.0,0.25,0.34210526315789475,0.6078431372549019
922,49016,Chuck Champion,Loyola MD,0.0,0.3333333333333333,0.0,1.0
923,49019,Andrew Kostecka,Loyola MD,0.6190476190476191,0.5887850467289719,0.48484848484848486,0.8444444444444444
924,49024,Jeremy Peck,UNC Asheville,0.0,0.625,0.0,0.0
925,49025,Sam Green,Drexel,0.0,0.35714285714285715,0.4,1.0
926,49028,Jacob Cushing,Delaware,0.5,0.5555555555555556,1.0,1.0
927,49036,Maurice Howard,Alcorn St.,0.0,0.17647058823529413,0.3,0.6382978723404256
928,49037,Kobe Wilson,Alcorn St.,0.5,0.3125,0.7857142857142857,1.0
929,49039,Austin Rogers,Alabama St.,0.0,0.5454545454545454,0.625,0.8571428571428571
930,49040,Damani Applewhite,South Carolina St.,0.6153846153846154,0.48214285714285715,0.5735294117647058,0.0
931,49044,Reginald Gee,Austin Peay,0.0,0.2,0.5,0.875
932,49147,Ray Salnave,Monmouth,0.0,0.2608695652173913,0.1388888888888889,0.7058823529411765
933,49178,Lawson Korita,Tulsa,0.0,0.5294117647058824,0.25,0.975609756097561
934,49181,Payton Willis,Minnesota,0.0,0.42105263157894735,0.7,0.9122807017543859
935,49182,Martins Igbanu,Tulsa,0.7777777777777778,0.5833333333333334,0.32558139534883723,1.0
936,49183,Jacob Fleschman,Tennessee,0.0,0.0,0.0,1.0
937,49184,John Fulkerson,Tennessee,0.8484848484848485,0.75,0.47058823529411764,1.0
938,49186,Jordan Bowden,Tennessee,0.7142857142857143,0.5641025641025641,0.47058823529411764,0.8775510204081632
939,49188,Clevon Brown,Vanderbilt,0.75,0.75,0.0,1.0
940,49189,Jalen Johnson,Tennessee,0.75,0.6666666666666666,0.3333333333333333,0.9090909090909091
941,49192,John Kiser,Valparaiso,0.5,0.7352941176470589,0.5263157894736842,1.0
942,49193,Devin Gage,DePaul,0.0,0.0,0.0,0.6666666666666666
943,49194,Brandon Cyrus,UC Santa Barbara,0.8,0.7142857142857143,0.6363636363636364,0.9090909090909091
944,49216,Osasumwen Osaghae,FIU,0.9090909090909091,0.6454545454545455,0.37142857142857144,1.0
945,49218,Lazaro Rojas,Fresno St.,0.0,0.0,1.0,0.0
946,49244,Loren Brill,Old Dominion,0.0,0.0,0.0,0.0
947,49245,Austen Awosika,Cal St. Fullerton,0.0,0.18478260869565216,0.1388888888888889,0.625
948,49246,Davon Clare,Cal St. Fullerton,0.0,0.3269230769230769,0.35294117647058826,0.95
949,49250,Mark Crowe,Cal Poly,0.0,0.25,0.0,0.9285714285714286
950,49262,P.J. Hardy,Louisiana,0.0,0.26666666666666666,0.14285714285714285,0.8909090909090909
951,49265,Justin Miller,Detroit Mercy,0.0,0.3018867924528302,0.21428571428571427,0.9
952,49267,Chris Clerkley,Georgia St.,1.0,0.7272727272727273,1.0,0.0
953,49268,Quan Jackson,Georgia Southern,0.5,0.28125,0.22580645161290322,0.8695652173913043
954,49270,Roydell Brown,McNeese St.,0.7391304347826086,0.4024390243902439,0.0,0.9090909090909091
955,49271,Mason Aucoin,Louisiana,0.0,1.0,0.25,1.0
956,49273,Bryce Nze,Butler,0.8947368421052632,0.5714285714285714,0.2,0.5
957,49276,Carson Williams,Western Kentucky,0.5714285714285714,0.30612244897959184,0.25,0.7619047619047619
958,49277,Mason Faulkner,Western Carolina,1.0,0.09523809523809523,0.36363636363636365,0.48333333333333334
959,49278,Tre Cobbs,Northern Kentucky,0.0,0.16666666666666666,0.0,1.0
960,49279,Jalen Tate,Northern Kentucky,0.5,0.3088235294117647,0.3235294117647059,1.0
961,49281,Dantez Walton,Northern Kentucky,0.5,0.2641509433962264,0.13333333333333333,0.9583333333333334
962,49287,Lorenzo Jenkins,Grand Canyon,0.0,0.6666666666666666,0.5454545454545454,0.9473684210526315
963,49373,Brandon Childress,Wake Forest,0.0,0.019230769230769232,0.06976744186046512,0.62
964,49374,DJ Mitchell,Santa Clara,0.6666666666666666,0.32142857142857145,0.36666666666666664,0.7307692307692307
965,49375,Samuel Japhet-Mathias,San Jose St.,0.0,0.7222222222222222,0.75,1.0
966,49376,Richard Washington,San Jose St.,1.0,0.391304347826087,0.391304347826087,0.8666666666666667
967,49378,Shea Rush,North Carolina,0.0,0.0,0.0,1.0
968,49379,Brandon Robinson,North Carolina,1.0,0.25,0.32,0.8571428571428571
969,49404,Alterique Gilbert,Connecticut,0.0,0.10714285714285714,0.09090909090909091,0.5
970,49405,Matthew Moyer,Vanderbilt,0.6666666666666666,0.45454545454545453,0.0,1.0
971,49446,Sabastian Townes,Bryant,0.0,0.75,0.0,1.0
972,49449,Aaron Cook,Southern Illinois,0.0,0.08333333333333333,0.2,0.6666666666666666
973,49450,Tyson Batiste,The Citadel,0.0,0.10638297872340426,0.0,0.4666666666666667
974,49451,Kashaun Hicks,Norfolk St.,1.0,0.5,0.75,0.9411764705882353
975,49452,Tyler Sharpe,Northern Kentucky,0.0,0.3125,0.14285714285714285,0.8133333333333334
976,49454,Arkel Lamar,UMBC,0.0,0.0,0.0,1.0
977,49455,Max Curran,UMBC,1.0,0.2857142857142857,0.0,0.0
978,49466,C.J. Duff,Western Illinois,0.0,0.14285714285714285,0.23809523809523808,0.5294117647058824
979,49469,Patrick Good,East Tennessee St.,0.0,0.14285714285714285,0.16666666666666666,0.8571428571428571
980,49470,Isaac Johnson,Appalachian St.,0.5555555555555556,0.26229508196721313,0.23809523809523808,0.8846153846153846
981,49473,Jake Scoggins,Arkansas St.,0.0,0.0,1.0,0.0
982,49474,Jahmiah Simmons,North Texas,1.0,0.7,0.5,0.0
983,49475,Christian Willis,Arkansas St.,0.0,0.5294117647058824,0.6363636363636364,0.9545454545454546
984,49476,Cordell Pemsl,Iowa,0.0,0.5238095238095238,0.75,1.0
985,49477,Riley Till,Iowa,1.0,1.0,0.0,0.0
986,49478,Te'Jon Lucas,Milwaukee,0.0,0.22413793103448276,0.2564102564102564,0.7
987,49480,Chase Harler,West Virginia,0.0,0.7727272727272727,0.7142857142857143,0.9047619047619048
988,49481,Maciej Bender,Mercer,0.92,0.5789473684210527,0.38461538461538464,0.0
989,49482,Ryan Kriener,Iowa,1.0,0.7291666666666666,0.6551724137931034,1.0
990,49484,Jordan Bohannon,Iowa,0.0,0.0,0.2,0.75
991,49505,Justin Thomas,Morehead St.,0.0,0.09090909090909091,0.16,1.0
992,49511,Milos Jovic,Miami OH,1.0,0.3181818181818182,0.2222222222222222,0.875
993,49529,Justin Kier,George Mason,0.0,0.21428571428571427,0.14285714285714285,0.8181818181818182
994,49540,Shane Gatling,Colorado,0.0,0.45454545454545453,0.47619047619047616,0.8918918918918919
995,49544,Josh Ferguson,Winthrop,0.7857142857142857,0.7068965517241379,0.26666666666666666,0.9464285714285714
996,49545,Brooks DeBisschop,Northern Arizona,0.8333333333333334,0.5420560747663551,0.2903225806451613,1.0
997,49546,Mitch Peterson,Kent St.,0.0,0.42857142857142855,0.5,1.0
998,49547,Chris Bowling,Northern Arizona,0.0,0.625,0.0,0.9090909090909091
999,49548,Matt Chastain,Illinois St.,1.0,0.6923076923076923,0.42857142857142855,1.0
1000,49558,Dikymbe Martin,UC Riverside,0.0,0.1,0.07142857142857142,0.6521739130434783
1001,49591,Lamar Stevens,Penn St.,0.6363636363636364,0.3541666666666667,0.2535211267605634,1.0
1002,49641,Grant Fogerty,Arizona St.,0.0,0.0,0.0,0.0
1003,49644,Justin Cole,St. John's,0.0,0.0,1.0,0.0
1004,49654,Marcus Ottey,Illinois Chicago,0.75,0.24561403508771928,0.21875,0.95
1005,49670,Stevie Jordan,Rider,0.0,0.3148148148148148,0.23529411764705882,0.7647058823529411
1006,49674,Bruno Skokna,Loyola Chicago,0.0,0.25,0.0,1.0
1007,49676,James Towns,Niagara,0.0,0.08433734939759036,0.07142857142857142,0.42857142857142855
1008,49679,Cameron Satterwhite,Northern Arizona,0.4444444444444444,0.34285714285714286,0.2916666666666667,0.7586206896551724
1009,49686,Ryan Woolridge,Gonzaga,0.0,0.2808988764044944,0.2,1.0
1010,50173,Alessandro Lever,Grand Canyon,0.8333333333333334,0.5339805825242718,0.45652173913043476,0.967741935483871
1011,50174,Isaiah Washington,Iona,0.0,0.21311475409836064,0.2,0.5897435897435898
1012,50178,Makhtar Gueye,UAB,0.6,0.6923076923076923,0.10526315789473684,0.8823529411764706
1013,50179,LaDavius Draine,Southern Miss,0.0,0.5,0.5116279069767442,0.95
1014,50182,Trey Wade,Wichita St.,0.84,0.6530612244897959,0.5333333333333333,1.0
1015,50187,Kyle Young,Ohio St.,1.0,0.7222222222222222,0.3333333333333333,0.0
1016,50189,Anthony Gaines,Northwestern,0.0,0.5833333333333334,0.0,1.0
1017,50190,David Maynard,Colgate,0.0,0.3333333333333333,0.0,1.0
1018,50191,Pauly Paulicap,Manhattan,0.9285714285714286,0.6847826086956522,0.65625,0.0
1019,50192,Damion Rosser,New Orleans,1.0,0.46153846153846156,0.2,1.0
1020,50194,Andrew Platek,North Carolina,0.0,0.7368421052631579,0.6153846153846154,0.9230769230769231
1021,50195,Jihar Williams,William & Mary,0.0,0.0,0.0,1.0
1022,50199,Harrison Prieto,Florida St.,0.0,0.5,0.0,0.0
1023,50200,Jason Strong,Northeastern,1.0,0.6896551724137931,0.6666666666666666,0.9
1024,50201,Derrick Cook,Jacksonville St.,0.0,0.20588235294117646,0.16666666666666666,0.8666666666666667
1025,50205,Tomas Murphy,Northeastern,1.0,0.5625,0.0,0.0
1026,50206,Myles Franklin,Northeastern,0.0,0.08333333333333333,0.0,0.6666666666666666
1027,50207,Kamar McKnight,Coppin St.,0.0,0.023809523809523808,0.047619047619047616,0.5806451612903226
1028,50208,Maverick Smith,Tennessee Tech,0.0,1.0,0.0,1.0
1029,50211,Brandon McKissic,UMKC,1.0,0.296875,0.05555555555555555,0.95
1030,50212,Cade Crosland,Tennessee Tech,0.0,0.0,1.0,1.0
1031,50217,Jack Perry,Eastern Washington,0.0,0.5714285714285714,0.5,0.9722222222222222
1032,50220,Bailey Patella,Vermont,0.5384615384615384,0.46875,0.0,0.9
1033,50225,Alex Barcello,BYU,0.0,0.6428571428571429,0.24,0.9807692307692307
1034,50226,Maxwell Evans,Vanderbilt,0.8571428571428571,0.525,0.25,0.9555555555555556
1035,50227,Grant Anticevich,California,1.0,0.20588235294117646,0.6341463414634146,0.9666666666666667
1036,50230,Austin McCullough,Campbell,0.0,0.75,1.0,0.9666666666666667
1037,50232,Walt McGrory,Wisconsin,0.0,1.0,1.0,1.0
1038,50233,Luke Nathan,Rutgers,0.0,0.0,0.0,0.0
1039,50234,Brad Davison,Wisconsin,0.0,0.16,0.2,0.7659574468085106
1040,50235,Kobe King,Wisconsin,0.6666666666666666,0.37142857142857144,0.12903225806451613,0.7142857142857143
1041,50237,Nate Reuvers,Wisconsin,0.8823529411764706,0.627906976744186,0.4594594594594595,0.9666666666666667
1042,50239,Ira Lee,Arizona,0.9411764705882353,0.5882352941176471,0.5454545454545454,0.0
1043,50242,Josh Pitts,Cal St. Fullerton,0.0,0.6363636363636364,0.0,0.0
1044,50244,Taj Benning,Fairfield,0.0,0.13333333333333333,0.18181818181818182,0.8823529411764706
1045,50245,Johnny Wang,Cal St. Fullerton,1.0,0.5925925925925926,0.75,1.0
1046,50247,Aidas Kavaliauskas,Fairfield,0.0,0.0,0.5,0.6875
1047,50248,Wassef Methnani,Fairfield,0.75,0.5365853658536586,0.5,1.0
1048,50249,Kevin Senghore-Peterson,Fairfield,1.0,0.5384615384615384,0.25,1.0
1049,50250,Parker Stewart,Tennessee Martin,0.0,0.1956521739130435,0.029411764705882353,0.40625
1050,50252,Khameron Davis,Weber St.,0.8,0.35714285714285715,0.25,0.76
1051,50253,Marcus Carr,Minnesota,0.0,0.0410958904109589,0.15625,0.5769230769230769
1052,50254,Lavar Batts Jr.,UNC Asheville,0.3333333333333333,0.11458333333333333,0.09090909090909091,0.7222222222222222
1053,50259,Terrell Brown,Pittsburgh,0.9130434782608695,0.75,0.9,0.0
1054,50264,Jeff Gary,Mercer,0.0,0.2857142857142857,0.37142857142857144,0.9130434782608695
1055,50266,Jay Estime',UNC Wilmington,0.0,1.0,0.0,1.0
1056,50267,Gairges Daow,Northern Illinois,0.0,0.4,0.5384615384615384,1.0
1057,50274,Jacob Wiley,Illinois Chicago,0.6363636363636364,0.6666666666666666,0.375,1.0
1058,50276,Jalen Crutcher,Dayton,1.0,0.21568627450980393,0.125,0.6944444444444444
1059,50277,Vance Jackson,New Mexico,0.75,0.5666666666666667,0.2631578947368421,0.94
1060,50284,Terrence Lewis,Iowa St.,0.5,0.5151515151515151,0.5,0.9230769230769231
1061,50286,Luka Vasic,Charlotte,0.0,0.4666666666666667,0.0,1.0
1062,50288,Milos Supica,Charlotte,1.0,0.5892857142857143,0.4,0.0
1063,50290,Nike Sibande,Miami OH,0.6,0.1625,0.15384615384615385,0.5454545454545454
1064,50296,Donovan Sims,Middle Tennessee,0.0,0.047619047619047616,0.047619047619047616,0.5777777777777777
1065,50303,Jalen Gibbs,Mount St. Mary's,1.0,0.2765957446808511,0.21428571428571427,0.9607843137254902
1066,50307,Jack Tempchin,George Mason,0.0,0.0,0.0,0.0
1067,50312,Tydus Verhoeven,UTEP,0.6666666666666666,0.7692307692307693,1.0,0.0
1068,50313,Nicholas Kratholm,Niagara,1.0,0.7142857142857143,0.9,0.0
1069,50316,Goanar Mar,George Mason,0.0,0.0,0.15789473684210525,1.0
1070,50318,Bryan Knapp,Cornell,0.0,0.5625,0.36363636363636365,1.0
1071,50319,Terrance McBride,Cornell,0.0,0.3333333333333333,0.2391304347826087,0.7857142857142857
1072,50320,Riley Voss,Cornell,0.0,0.3333333333333333,0.3333333333333333,0.9333333333333333
1073,50324,Chris Knight,Dartmouth,0.6,0.5811965811965812,0.52,1.0
1074,50326,Aaryn Rai,Dartmouth,0.3333333333333333,0.203125,0.2,0.8888888888888888
1075,50327,Rio Haskett,Harvard,0.0,0.09523809523809523,0.375,0.7741935483870968
1076,50334,Scott Blakney,Idaho,1.0,0.675,0.6818181818181818,0.0
1077,50339,Timmy Falls,Montana,0.0,0.23076923076923078,0.4,0.9047619047619048
1078,50342,Admir Besovic,Little Rock,0.0,0.6666666666666666,1.0,0.0
1079,50343,Isaiah Livers,Michigan,1.0,0.6285714285714286,0.23529411764705882,0.9024390243902439
1080,50344,Eli Brooks,Michigan,0.6666666666666666,0.6129032258064516,0.18181818181818182,0.9230769230769231
1081,50352,Juhwan Harris-Dyson,California,0.3333333333333333,0.3333333333333333,0.0,0.0
1082,50353,Isaiah Gable,Southeast Missouri St.,0.0,0.5294117647058824,0.7142857142857143,0.9655172413793104
1083,50355,Jahvon Blair,Georgetown,0.0,0.3333333333333333,0.4166666666666667,0.8387096774193549
1084,50358,Jose Alvarado,Georgia Tech,0.0,0.21951219512195122,0.2903225806451613,0.7948717948717948
1085,50366,Jamaree Bouyea,San Francisco,0.1,0.12631578947368421,0.038461538461538464,0.5526315789473685
1086,50367,Samson George,Pittsburgh,0.0,0.0,0.0,0.0
1087,50368,Peace Ilegomah,Evansville,0.0,0.0,0.0,0.0
1088,50371,Austin Katstra,Virginia,0.0,0.0,0.0,0.0
1089,50372,Melo Eggleston,Arkansas St.,0.5555555555555556,0.3611111111111111,0.6923076923076923,1.0
1090,50373,Chaundee Brown,Wake Forest,0.0,0.45,0.5384615384615384,1.0
1091,50374,Olivier Sarr,Wake Forest,0.7804878048780488,0.6395348837209303,0.66,1.0
1092,50377,RJ Nembhard,TCU,0.5714285714285714,0.38461538461538464,0.3157894736842105,0.8
1093,50379,Izaiah Brockington,Penn St.,0.4444444444444444,0.2777777777777778,0.35714285714285715,1.0
1094,50382,Rod Henry-Hayes,Northern Illinois,0.0,0.5,0.0,1.0
1095,50388,Tirus Smith,Louisiana,0.7222222222222222,0.4745762711864407,0.5,0.0
1096,50390,Jordan Hardwick,Coppin St.,0.0,0.2857142857142857,0.0,0.0
1097,50396,Alex O'Connell,Duke,0.3333333333333333,0.34782608695652173,0.4375,0.9047619047619048
1098,50399,Jalen Ray,Hofstra,0.0,0.2647058823529412,0.2222222222222222,0.8363636363636363
1099,50400,Evan Gilyard,New Mexico St.,0.0,0.125,0.1111111111111111,0.782608695652174
1100,50402,John Jones,Texas Southern,0.0,0.3,0.2,0.803921568627451
1101,50409,Jayvon Graves,Buffalo,0.8947368421052632,0.41414141414141414,0.10344827586206896,0.8450704225352113
1102,50412,Daeqwon Plowden,Bowling Green,0.75,0.3375,0.42857142857142855,0.8484848484848485
1103,50413,Nelly Cummings,Colgate,0.0,0.19047619047619047,0.29411764705882354,0.9333333333333333
1104,50414,Blake Huggins,Ball St.,0.0,0.0,0.0,0.0
1105,50416,James Reese,North Texas,1.0,0.6,0.5,0.96
1106,50422,Fatts Russell,Rhode Island,0.0,0.16666666666666666,0.03333333333333333,0.6
1107,50423,Javier Langarica,George Washington,0.0,0.6,0.3333333333333333,1.0
1108,50425,Maceo Jack,George Washington,0.6,0.42105263157894735,0.0,0.963855421686747
1109,50427,Justin Mazzulla,George Washington,0.0,0.0,0.0,1.0
1110,50428,Greg Calixte,George Mason,0.75,0.6129032258064516,0.375,0.0
1111,50433,Matt Weyand,Arizona,0.0,0.0,0.0,1.0
1112,50434,Elyjah Williams,Fairleigh Dickinson,0.6153846153846154,0.4576271186440678,0.0,0.6666666666666666
1113,50436,K.J. Riley,Evansville,0.0,0.1724137931034483,0.1,0.5833333333333334
1114,50437,Noah Morgan,Eastern Michigan,0.0,0.21052631578947367,0.14285714285714285,0.5
1115,50440,Josh Nicholas,Louisiana Monroe,1.0,0.35714285714285715,0.16666666666666666,1.0
1116,50442,Sean Price,Charleston Southern,0.0,0.4,1.0,0.6666666666666666
1117,50445,Jimmy Boeheim,Cornell,1.0,0.5441176470588235,0.1724137931034483,0.9354838709677419
1118,50446,Jaron Faulds,Michigan,0.0,0.0,0.0,0.0
1119,50447,Tai Bibbs,Columbia,0.16666666666666666,0.24,0.21428571428571427,0.9545454545454546
1120,50448,Myles Hanson,Xavier,1.0,1.0,0.0,0.0
1121,50451,Randy Brumant,Columbia,0.7857142857142857,0.6585365853658537,0.4375,1.0
1122,50452,Matt DeWolf,Brown,1.0,0.6538461538461539,0.0,1.0
1123,50453,Tamenang Choh,Brown,0.5555555555555556,0.2054794520547945,0.25,0.9473684210526315
1124,50455,Isaac Bonton,Washington St.,0.0,0.1111111111111111,0.06451612903225806,0.56
1125,50459,Kaleb Wesson,Ohio St.,0.7272727272727273,0.5614035087719298,0.25806451612903225,0.9777777777777777
1126,50462,Lenell Henry,Prairie View A&M,1.0,0.5806451612903226,0.5714285714285714,1.0
1127,50465,John Harrar,Penn St.,0.8888888888888888,0.5588235294117647,0.5384615384615384,0.0
1128,50466,Jamari Wheeler,Penn St.,0.0,0.3,1.0,0.8571428571428571
1129,50470,Garrison Brooks,North Carolina,0.7727272727272727,0.6379310344827587,0.6853932584269663,1.0
1130,50473,Walker Miller,North Carolina,0.0,0.5,1.0,0.0
1131,50474,Wabissa Bede,Virginia Tech,1.0,0.17142857142857143,0.125,1.0
1132,50475,Brandon Huffman,North Carolina,0.25,0.4,0.6666666666666666,0.0
1133,50476,P.J. Horne,Virginia Tech,0.8333333333333334,0.8387096774193549,0.6875,1.0
1134,50479,Corey Tillery,Alcorn St.,0.0,0.0,0.17857142857142858,0.7536231884057971
1135,50481,Ejike Obinna,Vanderbilt,0.8095238095238095,0.6486486486486487,0.25,0.0
1136,50483,Trae Berhow,Northern Iowa,0.3333333333333333,0.4,0.2916666666666667,0.8852459016393442
1137,50484,Saben Lee,Vanderbilt,0.625,0.24087591240875914,0.0,0.5641025641025641
1138,50485,Mikail Simmons,Bryant,0.75,0.5,0.0,0.9545454545454546
1139,50487,Cameron Allen,Cal St. Bakersfield,0.0,0.0,0.08695652173913043,0.65625
1140,50489,Jade' Smith,Pepperdine,0.0,0.7272727272727273,0.25,1.0
1141,50494,Levi Stockard III,Kansas St.,1.0,0.8620689655172413,0.6111111111111112,0.0
1142,50495,Mike McGuirl,Kansas St.,0.0,0.3076923076923077,0.2,0.8285714285714286
1143,50497,Chris Teahan,Kansas,0.0,0.0,0.0,0.6666666666666666
1144,50498,Marcus Garrett,Kansas,0.0,0.14102564102564102,0.0,0.8235294117647058
1145,50500,Simon Wright,Elon,1.0,0.47619047619047616,0.0625,1.0
1146,50501,Duje Radja,Elon,0.0,0.0,0.0,0.0
1147,50505,Jacob Rigoni,Quinnipiac,0.0,0.18181818181818182,0.125,0.9545454545454546
1148,50507,Rich Kelly,Quinnipiac,0.0,0.1076923076923077,0.0,0.6829268292682927
1149,50509,TJ Parham,Alabama A&M,0.0,0.34782608695652173,0.46153846153846156,0.95
1150,50510,Chris Sodom,Delaware St.,0.625,0.5555555555555556,0.0,0.0
1151,50511,Jamorko Pickett,Georgetown,0.7,0.43478260869565216,0.39285714285714285,0.975609756097561
1152,50512,Quade Green,Washington,0.0,0.13333333333333333,0.15,0.6666666666666666
1153,50513,Isaiah Rice,Vanderbilt,0.0,0.0,0.0,0.6666666666666666
1154,50516,Luke Wilson,Michigan,0.0,0.0,0.0,1.0
1155,50518,Jaden Sayles,Akron,0.7777777777777778,0.75,1.0,0.0
1156,50520,Davide Moretti,Texas Tech,0.0,0.5238095238095238,0.4117647058823529,0.9552238805970149
1157,50521,Stef Smith,Vermont,0.0,0.16981132075471697,0.12121212121212122,0.881578947368421
1158,50522,Bryce Moragne,Florida A&M,0.5,0.3611111111111111,0.625,0.0
1159,50526,Javon Levi,UT Rio Grande Valley,0.0,0.13725490196078433,0.09523809523809523,0.75
1160,50529,Matt Turner,Marist,0.0,0.5,0.09090909090909091,1.0
1161,50530,Josip Vrankic,Santa Clara,1.0,0.59375,0.42857142857142855,1.0
1162,50534,Shaquille Walters,Northeastern,0.75,0.4716981132075472,0.2727272727272727,0.8125
1163,50538,Makol Mawien,Kansas St.,0.8421052631578947,0.7192982456140351,0.4827586206896552,1.0
1164,50540,Jalen King,Eastern Michigan,0.8,0.5,0.0,0.0
1165,50543,Justin McCall,Cal St. Bakersfield,0.8461538461538461,0.4864864864864865,0.55,1.0
1166,50550,Christian David,Butler,1.0,0.625,0.0,1.0
1167,50552,Cooper Neese,Indiana St.,0.0,0.3333333333333333,0.07142857142857142,0.9487179487179487
1168,50553,Aaron Thompson,Butler,0.0,0.25,0.11764705882352941,1.0
1169,50557,Sandro Mamukelashvili,Seton Hall,0.8947368421052632,0.6851851851851852,0.2222222222222222,1.0
1170,50560,Holland Woods,Portland St.,0.0,0.14285714285714285,0.10714285714285714,0.5531914893617021
1171,50566,M.J. Walker,Florida St.,0.0,0.05,0.23809523809523808,0.7272727272727273
1172,50567,Wyatt Wilkes,Florida St.,0.0,0.6,0.0,0.8333333333333334
1173,50571,Ike Obiagu,Seton Hall,0.9375,0.75,0.0,0.0
1174,50572,Anthony Polite,Florida St.,0.7142857142857143,0.4074074074074074,0.0,1.0
1175,50573,Justin Lindner,Florida St.,0.0,0.0,0.0,0.0
1176,50576,Luka Kraljevic,Boston College,1.0,0.6,1.0,1.0
1177,50577,Steffon Mitchell,Boston College,0.5,0.39622641509433965,0.0,1.0
1178,50580,Deontaye Buskey,Charleston Southern,0.16666666666666666,0.34285714285714286,0.2777777777777778,0.9152542372881356
1179,50581,Ty Jones,Charleston Southern,0.0,0.6956521739130435,0.45901639344262296,1.0
1180,50584,Ja'Cor Nelson,Campbell,0.5555555555555556,0.32142857142857145,0.0,0.75
1181,50585,Jordan Whitfield,Campbell,0.0,0.3888888888888889,0.18181818181818182,0.9032258064516129
1182,50586,Phlandrous Fleming Jr.,Charleston Southern,0.5384615384615384,0.2236842105263158,0.1643835616438356,0.6818181818181818
1183,50587,Jaheam Cornwall,Gardner Webb,0.0,0.09090909090909091,0.14285714285714285,0.7976190476190477
1184,50588,Dajour Dickens,Old Dominion,0.8,0.6,0.375,0.0
1185,50589,Paul Scruggs,Xavier,0.0,0.1875,0.14285714285714285,0.9090909090909091
1186,50590,Greg Elliott,Marquette,0.0,0.4117647058823529,0.4,0.8947368421052632
1187,50593,Theo John,Marquette,0.9545454545454546,0.8125,0.5,0.0
1188,50595,Andrew Fonts,Providence,0.0,0.0,0.0,1.0
1189,50596,Jamal Cain,Marquette,0.6,0.6190476190476191,0.21428571428571427,1.0
1190,50597,Nate Watson,Providence,0.6470588235294118,0.3880597014925373,0.6896551724137931,0.0
1191,50598,Jack Ballantyne,LIU,0.0,0.6875,1.0,1.0
1192,50600,Jermaine Jackson Jr.,LIU,0.0,0.13043478260869565,0.14814814814814814,0.515625
1193,50605,Jordan Nwora,Louisville,0.8571428571428571,0.4838709677419355,0.2777777777777778,0.8289473684210527
1194,50609,Marek Dolezaj,Syracuse,0.7777777777777778,0.49206349206349204,0.48936170212765956,1.0
1195,50611,Howard Washington,Syracuse,0.0,0.0,1.0,1.0
1196,50614,Bourama Sidibe,Syracuse,0.875,0.5945945945945946,0.8571428571428571,0.0
1197,50616,Javante McCoy,Boston University,1.0,0.14084507042253522,0.07547169811320754,0.7586206896551724
1198,50617,Sukhmail Mathon,Boston University,1.0,0.46938775510204084,0.42857142857142855,1.0
1199,50619,Walter Whyte,Boston University,0.7222222222222222,0.4065934065934066,0.36363636363636365,0.8421052631578947
1200,50621,Marvin Bragg,American,0.0,0.3333333333333333,0.0,1.0
1201,50623,Paul Newman,Bucknell,1.0,0.46153846153846156,0.35714285714285715,0.0
1202,50624,Jimmy Sotos,Bucknell,0.0,0.09433962264150944,0.1111111111111111,0.7142857142857143
1203,50626,Jamil Jackson Jr.,IU Indy,1.0,0.8,0.3333333333333333,0.625
1204,50631,Connor McCaffery,Iowa,0.0,0.3,0.16666666666666666,0.8484848484848485
1205,50633,Ryan McAdoo,North Carolina,0.0,0.0,0.0,0.0
1206,50639,Jase Febres,Texas,1.0,0.8571428571428571,0.375,0.9454545454545454
1207,50640,Emmanuel Lambright,North Florida,1.0,1.0,0.6666666666666666,0.0
1208,50642,Marquis Godwin,Old Dominion,0.0,0.0,0.5,0.8695652173913043
1209,50646,Zach Jacobs,James Madison,0.6666666666666666,0.6595744680851063,0.4166666666666667,1.0
1210,50648,Zach Cooks,NJIT,0.0,0.25252525252525254,0.25,0.673469387755102
1211,50655,Isaiah Banks,FIU,0.5652173913043478,0.4666666666666667,0.0,1.0
1212,50656,"Willy Nunez, Jr.",Rider,0.0,0.0,0.2,0.9361702127659575
1213,50657,Amorie Archibald,Louisiana Tech,0.0,0.18181818181818182,0.2,0.8163265306122449
1214,50660,Exavian Christon,Louisiana Tech,0.0,0.0,0.0,0.0
1215,50661,Rayshawn Neal,South Carolina St.,0.0,0.15555555555555556,0.08695652173913043,0.8571428571428571
1216,50663,Trent Frazier,Illinois,0.0,0.08333333333333333,0.18181818181818182,0.7608695652173914
1217,50664,Taylor Nussbaum,Penn St.,0.0,0.0,0.0,0.0
1218,50671,Michal Kozak,Weber St.,0.8571428571428571,0.2903225806451613,0.3076923076923077,0.96875
1219,50673,Trevon Ary-Turner,Dartmouth,0.0,0.23076923076923078,0.5,0.9642857142857143
1220,50677,Anthony Smith,Murray St.,0.9166666666666666,0.5714285714285714,0.125,0.0
1221,50679,Cedrick Alley Jr.,Houston,1.0,0.75,1.0,1.0
1222,50680,Gabe Grant,Buffalo,1.0,0.5263157894736842,0.0,1.0
1223,50682,Ethan Chargois,SMU,1.0,0.6538461538461539,0.42857142857142855,0.9523809523809523
1224,50683,William Douglas,SMU,0.0,1.0,0.0,0.0
1225,50684,Everett Ray,SMU,0.5,0.75,0.0,1.0
1226,50685,Fabian White Jr.,Houston,1.0,0.34210526315789475,0.6,0.0
1227,50686,Elijah Cuffee,Liberty,0.0,0.43333333333333335,0.36363636363636365,0.9714285714285714
1228,50689,Justyn Mutts,Delaware,0.7,0.6261682242990654,0.18181818181818182,1.0
1229,50692,Denny Slay II,High Point,0.0,0.25,0.375,0.8518518518518519
1230,50700,Shunn Buchanan,New Mexico St.,0.0,0.07142857142857142,0.3333333333333333,1.0
1231,50702,Steve Dulley,UMKC,0.0,0.0,0.0,0.0
1232,50704,Naji Marshall,Xavier,0.6153846153846154,0.32967032967032966,0.23636363636363636,0.7045454545454546
1233,50705,Elias Harden,Jacksonville St.,0.0,0.38095238095238093,0.5263157894736842,0.875
1234,50709,Jamal Johnson,Auburn,0.0,0.0,0.0,1.0
1235,50718,Daniel Akin,UMBC,0.5,0.4897959183673469,0.0,0.0
1236,50719,Brandon Horvath,UMBC,0.75,0.4925373134328358,0.2,0.9696969696969697
1237,50722,Brycen Bush,Wichita St.,0.0,0.0,0.0,0.0
1238,50723,Asbjorn Midtgaard,Wichita St.,0.8,0.75,0.6666666666666666,0.0
1239,50724,Jacob Herrs,Wichita St.,0.0,0.0,0.0,0.0
1240,50728,Jon Brown,Tennessee St.,0.6666666666666666,0.5416666666666666,0.5,0.8333333333333334
1241,50729,Jacob Gilyard,Richmond,0.0,0.3442622950819672,0.14285714285714285,0.8793103448275862
1242,50733,Stacy Beckton Jr.,American,0.375,0.3333333333333333,0.0625,0.896551724137931
1243,50748,Ahmad Clark,Albany,0.0,0.1095890410958904,0.13043478260869565,0.5957446808510638
1244,50749,Taylor Funk,Saint Joseph's,1.0,0.46153846153846156,0.0,1.0
1245,50753,Bryson Lockley,Kennesaw St.,0.5,0.4117647058823529,0.38095238095238093,1.0
1246,50754,Rocky Kreuser,North Dakota St.,0.8,0.4,0.21428571428571427,0.926829268292683
1247,50763,Noah Frederking,Evansville,0.0,0.3,0.6666666666666666,1.0
1248,50765,Jahlil Tripp,Pacific,0.5,0.2578616352201258,0.21052631578947367,0.7142857142857143
1249,50768,Hunter Maldonado,Wyoming,0.125,0.14814814814814814,0.11666666666666667,0.8285714285714286
1250,50770,Rylan Bergersen,Central Arkansas,0.8888888888888888,0.4772727272727273,0.2608695652173913,0.9534883720930233
1251,50773,Brock Miller,Utah St.,0.0,0.25,0.5238095238095238,0.9215686274509803
1252,50779,Dwight Wilson,James Madison,0.875,0.5301204819277109,0.5714285714285714,0.0
1253,50780,Mark Flagg,Saint Francis,0.5,0.3333333333333333,0.4,0.0
1254,50781,Chase Freeman,Wagner,0.0,0.3076923076923077,0.0,0.9230769230769231
1255,50782,Noah Horchler,Providence,0.0,0.0,0.0,0.6666666666666666
1256,50783,Chauncey Hawkins,St. Francis NY,0.0,0.22580645161290322,0.07692307692307693,0.5172413793103449
1257,50784,Yaradyah Evans,St. Francis NY,0.0,0.2727272727272727,0.4,0.9230769230769231
1258,50786,Milija Cosic,St. Francis NY,0.0,0.64,1.0,0.8571428571428571
1259,50788,Dan Henry,Saint Francis,0.0,1.0,0.0,0.0
1260,50794,Nate Pierre-Louis,Temple,0.3,0.3026315789473684,0.3333333333333333,0.9411764705882353
1261,50795,Justyn Hamilton,Temple,1.0,0.7777777777777778,0.6923076923076923,1.0
1262,50796,De'Vondre Perry,Temple,1.0,0.7307692307692307,0.3333333333333333,0.9230769230769231
1263,50798,David Collins,South Florida,0.18181818181818182,0.16304347826086957,0.0,0.9130434782608695
1264,50799,Justin Brown,South Florida,0.0,0.3125,0.42857142857142855,0.9818181818181818
1265,50801,J.P. Moorman II,Temple,0.0,0.2,0.5238095238095238,1.0
1266,50803,Buay Koka,Tulane,1.0,1.0,0.0,0.0
1267,50804,Cameron Benford,Purdue Fort Wayne,1.0,0.5483870967741935,1.0,0.0
1268,50808,Chris Quayle,North Dakota St.,0.0,0.5,0.25,1.0
1269,50812,Jordan McKenzie,Stony Brook,0.0,0.0,0.0,1.0
1270,50813,Wyatt Yess,Yale,0.0,0.5,0.0,1.0
1271,50815,Ebube Ebube,Manhattan,0.0,1.0,0.0,0.0
1272,50816,Scott Hitchon,Canisius,0.625,0.5454545454545454,0.75,1.0
1273,50817,Jaylen Butz,DePaul,0.8484848484848485,0.6822429906542056,0.38461538461538464,0.0
1274,50818,Paul Reed,DePaul,0.6875,0.5087719298245614,0.5098039215686274,0.9333333333333333
1275,50821,Justin Roberts,Georgia St.,0.0,0.2926829268292683,0.125,0.803030303030303
1276,50823,Nathan Cayo,Richmond,0.8181818181818182,0.6710526315789473,0.125,0.0
1277,50825,Braxton Beverly,N.C. State,0.0,0.08333333333333333,0.2,0.98
1278,50827,E.J. Stephens,Lafayette,0.6666666666666666,0.3783783783783784,0.3114754098360656,0.8055555555555556
1279,50829,Ed Porter,Lehigh,0.0,0.6666666666666666,0.6,0.0
1280,50830,James Karnik,Lehigh,0.7,0.4935064935064935,0.4482758620689655,0.0
1281,50831,Marques Wilson,Lehigh,0.0,0.10810810810810811,0.25,0.9714285714285714
1282,50833,Isaiah Hart,Loyola MD,0.0,0.17777777777777778,0.029411764705882353,0.95
1283,50834,Brent Holcombe,Loyola MD,1.0,0.52,0.0,1.0
1284,50835,Luke Johnson,Loyola MD,0.0,0.0,0.0,0.0
1285,50836,Devin Gilmore,Murray St.,0.8461538461538461,0.5384615384615384,0.2,1.0
1286,50838,Jacoby Ross,Alabama St.,0.0,0.1111111111111111,0.42857142857142855,0.78125
1287,50839,Myles Douglas,Saint Joseph's,1.0,0.21428571428571427,0.08333333333333333,0.7777777777777778
1288,50843,Tristan Jarrett,Jackson St.,1.0,0.20388349514563106,0.35294117647058826,0.7674418604651163
1289,50852,Andrew Petcash,Boston University,0.0,1.0,0.5714285714285714,0.9459459459459459
1290,50855,David Beatty,La Salle,0.6666666666666666,0.3939393939393939,0.4,0.72
1291,50860,Hasahn French,Saint Louis,0.8,0.536,0.45714285714285713,0.0
1292,50866,Dwayne Rose Jr.,Detroit Mercy,1.0,0.3157894736842105,0.15384615384615385,1.0
1293,50869,Mitch Ballock,Creighton,1.0,0.3333333333333333,0.0,0.8695652173913043
1294,50871,JoJo Walker,Portland,0.0,0.3333333333333333,0.5263157894736842,0.6875
1295,50873,Ty-Shon Alexander,Creighton,0.5,0.5111111111111111,0.34375,0.7974683544303798
1296,50875,Tahirou Diabate,Portland,0.7777777777777778,0.6463414634146342,0.6785714285714286,0.5
1297,50879,James Baker,Morehead St.,0.875,0.6271186440677966,0.4146341463414634,1.0
1298,50880,De'Von Cooper,Morehead St.,0.0,0.0,0.0,0.6666666666666666
1299,50885,Caleb Hollander,Belmont,0.0,0.4444444444444444,0.4444444444444444,1.0
1300,50886,Grayson Murphy,Belmont,0.0,0.24175824175824176,0.25,0.782608695652174
1301,50888,Nigel Jackson,Wagner,0.0,0.25,0.46153846153846156,0.9545454545454546
1302,50890,Cameron Carmical,Eastern Kentucky,0.0,0.0,0.0,1.0
1303,50891,Samm Jones,Drake,0.0,0.0,0.0,1.0
1304,50893,JacQuess Hobbs,Eastern Kentucky,0.0,0.03225806451612903,0.05263157894736842,0.8571428571428571
1305,50894,Greg Jones,Lipscomb,0.0,0.6571428571428571,0.75,0.9142857142857143
1306,50897,Parker Hazen,Lipscomb,0.7692307692307693,0.5142857142857142,0.5,1.0
1307,50899,Marten Linssen,UNC Wilmington,1.0,0.7176470588235294,0.6190476190476191,0.0
1308,50900,Darnell Rogers,UMBC,0.0,0.0,0.0,0.7
1309,50901,Mileek McMillan,Valparaiso,0.6666666666666666,0.5660377358490566,0.5263157894736842,0.95
1310,50902,Brian Thomas,Florida Gulf Coast,0.8333333333333334,0.5333333333333333,0.0,0.0
1311,50904,Taavi Jurkatamm,San Francisco,1.0,0.5,0.5,0.0
1312,50905,Tragen Fahl,VMI,0.0,0.5,0.0,0.0
1313,50906,Clyde Trapp,Clemson,0.0,0.25,0.0,0.8235294117647058
1314,50907,Darien Jackson,Tulsa,0.7333333333333333,0.524390243902439,0.0,1.0
1315,50908,Elijah Joiner,Tulsa,1.0,0.21951219512195122,0.1111111111111111,0.6818181818181818
1316,50911,A.J. Oliver II,Old Dominion,0.0,0.2727272727272727,0.5833333333333334,1.0
1317,50913,Jordan Tucker,Butler,0.5,0.42857142857142855,0.3,0.8363636363636363
1318,50917,Sam Kearns,Oral Roberts,0.0,0.2857142857142857,0.5,0.9615384615384616
1319,50918,Stanley Umude,South Dakota,0.8260869565217391,0.5068493150684932,0.3333333333333333,0.7272727272727273
1320,50923,Brandon Key,South Dakota St.,0.0,0.1,0.0,0.7222222222222222
1321,50924,Jordan Schakel,San Diego St.,0.0,0.3684210526315789,0.36363636363636365,0.9516129032258065
1322,50925,Isaac White,Stanford,0.0,0.5,0.0,0.896551724137931
1323,50928,Ethan Lasko,Manhattan,0.0,0.0,0.0,1.0
1324,50933,Justin Smith,Indiana,0.6363636363636364,0.5,0.22580645161290322,1.0
1325,50934,Al Durham,Indiana,0.5,0.23255813953488372,0.21428571428571427,0.9444444444444444
1326,50935,Tray Buchanan,South Dakota St.,0.0,0.14285714285714285,0.16666666666666666,1.0
1327,50937,Brandon Rachal,Tulsa,0.6363636363636364,0.38028169014084506,0.21621621621621623,0.875
1328,50938,Justin Jaworski,Lafayette,0.0,0.5348837209302325,0.4074074074074074,0.8305084745762712
1329,50940,Connor Niego,Holy Cross,0.8,0.4,0.7333333333333333,1.0
1330,50943,Matt Faw,Holy Cross,0.3333333333333333,0.4146341463414634,0.3333333333333333,0.9375
1331,50944,Kyle Copeland,Holy Cross,0.0,0.25,0.0,1.0
1332,50945,Austin Butler,Holy Cross,0.0,0.1744186046511628,0.0,0.9166666666666666
1333,50946,John Meeks,Bucknell,0.25,0.3148148148148148,0.35135135135135137,0.868421052631579
1334,50948,Jermaine Samuels,Villanova,0.8333333333333334,0.5172413793103449,0.3684210526315789,1.0
1335,50956,Caleb Simmons,San Jose St.,0.0,1.0,0.0,0.0
1336,50957,Cameron Christon,Grambling St.,0.75,0.45,0.5333333333333333,0.7857142857142857
1337,50960,Matt Halvorsen,Western Carolina,0.0,0.6666666666666666,0.0,0.8985507246376812
1338,50966,Alfis Pilavios,Old Dominion,0.0,0.5,0.3333333333333333,1.0
1339,50970,Jordan Burns,Colgate,0.0,0.12698412698412698,0.1,0.6046511627906976
1340,50980,Michael Diggins,Illinois Chicago,0.88,0.6666666666666666,0.41379310344827586,1.0
1341,50987,Deion Hammond,Monmouth,0.7692307692307693,0.5,0.5789473684210527,0.9512195121951219
1342,50988,Marcus McClary,Monmouth,0.0,0.2972972972972973,0.5,1.0
1343,50989,Manny Camper,Siena,0.75,0.4230769230769231,0.6875,0.9333333333333333
1344,50990,Ben Diamond,Siena,0.0,0.0,0.0,0.0
1345,50991,Greg Kuakumensah,Niagara,0.8333333333333334,0.5507246376811594,0.6,1.0
1346,50992,Christian Bentley,Youngstown St.,0.0,0.0,0.5,1.0
1347,50993,Prince Oduro,Mississippi St.,1.0,0.8333333333333334,1.0,0.0
1348,50994,Roman Penn,Drake,0.0,0.18181818181818182,0.15217391304347827,0.7857142857142857
1349,51000,Lewis Djonkam,Radford,1.0,0.6551724137931034,0.2857142857142857,0.0
1350,51002,Jarrod West,Marshall,0.0,0.16176470588235295,0.09090909090909091,0.6567164179104478
1351,51003,Darius George,Marshall,0.7777777777777778,0.6,0.0,1.0
1352,51012,Alihan Demir,Minnesota,0.5,0.5396825396825397,0.3333333333333333,1.0
1353,51021,Hayden Brown,The Citadel,1.0,0.6666666666666666,0.0,1.0
1354,51022,Bo Hodges,East Tennessee St.,0.6190476190476191,0.4,0.0,0.8461538461538461
1355,51023,Alex Reed,The Citadel,0.0,0.11764705882352941,0.14285714285714285,1.0
1356,51024,Derek Webster Jr.,The Citadel,0.5,0.5925925925925926,0.4444444444444444,0.0
1357,51031,D'Angelo Hunter,Nicholls St.,0.0,0.4444444444444444,0.30434782608695654,0.68
1358,51033,Tristan Clark,Baylor,1.0,0.7391304347826086,0.6666666666666666,0.0
1359,51035,Dre Marin,Southern Utah,0.0,0.2631578947368421,0.125,0.8666666666666667
1360,51036,Jordan Lyons,Mississippi Valley St.,0.8095238095238095,0.5333333333333333,0.0,0.0
1361,51037,Isaiah Williams,IU Indy,0.0,0.2222222222222222,0.4444444444444444,1.0
1362,51039,Tyler Polley,Connecticut,0.0,0.2857142857142857,0.75,0.9666666666666667
1363,51041,Lance Thomas,Memphis,1.0,0.631578947368421,0.6666666666666666,0.9473684210526315
1364,51042,Darius Perry,Louisville,0.0,0.23529411764705882,0.0625,0.7857142857142857
1365,51043,Trevor Moore,Cincinnati,0.0,0.0,0.0,0.5
1366,51044,Mike'L Simms,VCU,0.6666666666666666,0.36363636363636365,0.2857142857142857,0.9722222222222222
1367,51047,Greg Parham,VMI,0.0,0.1891891891891892,0.11538461538461539,0.8571428571428571
1368,51048,Bubba Parham,Georgia Tech,0.0,0.5,0.25,0.75
1369,51050,Corey Kispert,Gonzaga,0.5714285714285714,0.4716981132075472,0.24,0.8717948717948718
1370,51053,Avery Diggs,UCF,0.8,0.4166666666666667,0.8571428571428571,1.0
1371,51054,Jordan Goodwin,Saint Louis,0.5,0.3228346456692913,0.21621621621621623,0.6842105263157895
1372,51056,Jaizec Lottie,Little Rock,0.0,0.41304347826086957,0.6521739130434783,1.0
1373,51058,Avery Sullivan,Lamar,1.0,0.5316455696202531,0.6071428571428571,0.0
1374,51061,Shelby Adams,Texas St.,1.0,0.5714285714285714,0.3333333333333333,1.0
1375,51063,Reggie Miller,Abilene Christian,0.0,0.2727272727272727,0.0,0.8888888888888888
1376,51065,Augustine Ene,Incarnate Word,0.0,0.32,0.2857142857142857,1.0
1377,51067,Elijah Childs,Bradley,0.8823529411764706,0.7674418604651163,0.43243243243243246,1.0
1378,51069,Matt Mitchell,San Diego St.,0.3333333333333333,0.2553191489361702,0.22580645161290322,0.95
1379,51070,Greg Heckstall,Hampton,0.0,0.5384615384615384,0.3125,0.717948717948718
1380,51072,PJ Pipes,Green Bay,0.0,0.1,0.42105263157894735,0.9807692307692307
1381,51075,Devontae Shuler,Mississippi,1.0,0.3404255319148936,0.27906976744186046,0.7954545454545454
1382,51076,Matt Haarms,Purdue,0.8947368421052632,0.6065573770491803,0.5384615384615384,0.9
1383,51078,Geo Baker,Rutgers,0.3333333333333333,0.15384615384615385,0.05405405405405406,0.6571428571428571
1384,51081,Trent Buttrick,Penn St.,0.0,0.25,0.0,1.0
1385,51091,Jahlil Jenkins,Fairleigh Dickinson,0.0,0.10714285714285714,0.125,0.34615384615384615
1386,51093,Nojel Eastern,Purdue,0.6666666666666666,0.4857142857142857,0.2727272727272727,0.0
1387,51094,Nigel Shadd,Kansas St.,0.0,0.0,0.0,0.0
1388,51096,Colbey Ross,Pepperdine,0.0,0.15789473684210525,0.06944444444444445,0.4189189189189189
1389,51102,Iziah James,SIU Edwardsville,0.0,0.0,0.1,0.7647058823529411
1390,51103,Cedric Russell,Louisiana,0.0,0.11538461538461539,0.15625,0.7183098591549296
1391,51106,Zack Bryant,UAB,0.0,0.125,0.0,0.6666666666666666
1392,51107,Malik Osborne,Florida St.,0.6923076923076923,0.4473684210526316,0.3333333333333333,0.9047619047619048
1393,51111,Samuta Avea,Hawaii,0.8,0.5757575757575758,0.09090909090909091,0.9459459459459459
1394,51114,Kris Bankston,Little Rock,1.0,0.75,1.0,0.0
1395,51115,Remy Martin,Arizona St.,0.3333333333333333,0.14285714285714285,0.0,0.3492063492063492
1396,51116,Tyler Maye,North Carolina A&T,0.0,0.45161290322580644,0.3333333333333333,1.0
1397,51118,Justin Whatley,North Carolina Central,1.0,0.85,1.0,0.75
1398,51123,Kaiden Rice,The Citadel,1.0,0.4838709677419355,0.25,0.8695652173913043
1399,51125,Umoja Gibson,North Texas,0.0,0.0851063829787234,0.1111111111111111,0.725
1400,51127,Ethan Norton,Loyola MD,0.0,1.0,0.0,0.0
1401,51132,Tariq Simmons,South Carolina St.,0.0,0.2727272727272727,0.05,0.8666666666666667
1402,51135,Leondre Washington,McNeese St.,0.0,0.0,0.0,0.5714285714285714
1403,51138,Ivan Raut,Fordham,0.0,0.6,0.0,1.0
1404,51144,Koby Thomas,Coppin St.,0.6285714285714286,0.5172413793103449,0.25,0.8
1405,51149,Eden Ewing,Texas Southern,0.8333333333333334,0.46153846153846156,0.1875,1.0
1406,51152,Myles Lewis,VMI,0.42857142857142855,0.38028169014084506,0.29411764705882354,0.0
1407,51154,Yves Pons,Tennessee,0.8461538461538461,0.6170212765957447,0.5925925925925926,0.9666666666666667
1408,51155,Justin Minaya,South Carolina,0.0,0.59375,0.25,1.0
1409,51157,Charles Bain,Robert Morris,0.0,0.6363636363636364,0.9090909090909091,0.9655172413793104
1410,51158,Keaton Van Soelen,Air Force,0.75,0.7272727272727273,0.5,0.8333333333333334
1411,51161,Evan Troy,BYU,0.0,0.0,0.0,1.0
1412,51165,Keaton Wallace,UTSA,0.3333333333333333,0.17647058823529413,0.09615384615384616,0.475
1413,51170,Souley Boum,UTEP,0.0,0.3170731707317073,0.3684210526315789,0.8958333333333334
1414,51179,Bates Jones,Davidson,0.0,0.6,0.5,0.9333333333333333
1415,51180,Kellan Grady,Davidson,0.5714285714285714,0.2916666666666667,0.13157894736842105,0.8431372549019608
1416,51183,Zach Kent,Tennessee,0.0,0.0,0.0,1.0
1417,51187,Jeremiah Tilmon,Missouri,0.7368421052631579,0.5454545454545454,0.625,0.0
1418,51190,Tyrei Randall,Rider,0.0,0.0,0.3333333333333333,0.75
1419,51192,Jameel Alausa,Yale,0.6666666666666666,0.6153846153846154,0.25,0.0
1420,51193,Paul Atkinson,Yale,0.7391304347826086,0.6052631578947368,0.6666666666666666,1.0
1421,51198,Dylan Alderson,Toledo,0.0,0.4444444444444444,0.0,0.9375
1422,51201,Eddie Scott,Penn,0.8181818181818182,0.5769230769230769,0.0,0.8571428571428571
1423,51202,Shaquillo Fritz,Pacific,0.5625,0.4827586206896552,0.5,0.0
1424,51205,Omar Habwe,Mount St. Mary's,0.5,0.45,0.4166666666666667,0.896551724137931
1425,51211,Charles Falden,Winthrop,0.0,0.38461538461538464,0.13333333333333333,0.8461538461538461
1426,51212,Kyle Zunic,Winthrop,0.0,0.47368421052631576,0.42857142857142855,1.0
1427,51217,Ryan Schwieger,Princeton,0.6666666666666666,0.37777777777777777,0.1,0.8076923076923077
1428,51219,DeAndre Jones,Central Arkansas,0.0,0.06451612903225806,0.0,0.6857142857142857
1429,51220,Ian DuBose,Houston Christian,0.7692307692307693,0.29292929292929293,0.03225806451612903,0.4222222222222222
1430,51221,Philip McKenzie,Houston Christian,0.5,0.41935483870967744,0.42857142857142855,1.0
1431,51225,Hayden Koval,Central Arkansas,0.8947368421052632,0.7183098591549296,0.6,1.0
1432,51227,David Caraher,St. John's,0.0,0.7058823529411765,0.42105263157894735,0.7142857142857143
1433,51230,Teshaun Hightower,Tulane,0.7272727272727273,0.3888888888888889,0.17391304347826086,0.5833333333333334
1434,51231,Chase Johnson,Dayton,0.8888888888888888,0.8666666666666667,1.0,0.0
1435,51234,Mike Okauru,UNC Wilmington,0.625,0.2830188679245283,0.25,0.75
1436,51237,Rayshaun Hammonds,Georgia,0.8181818181818182,0.5294117647058824,0.38235294117647056,0.8611111111111112
1437,51238,Isaac Kante,Hofstra,1.0,0.6869565217391305,0.4642857142857143,0.0
1438,51239,Jay Jay Chandler,Texas A&M,0.2,0.3333333333333333,0.0,0.9
1439,51242,Mack Smith,Eastern Illinois,0.5,0.6388888888888888,0.6538461538461539,0.8888888888888888
1440,51244,Antwan Walker,Rhode Island,0.6666666666666666,0.625,0.6363636363636364,1.0
1441,51247,Shawn Wilson,Eastern Illinois,0.0,0.0,0.0,1.0
1442,51248,Anthony Starzynski,Pittsburgh,0.0,0.0,0.0,0.6666666666666666
1443,51249,Peyton Smith,Texas A&M Corpus Chris,0.0,0.15384615384615385,0.0,0.8
1444,51253,Jon Williams,Robert Morris,0.0,0.09090909090909091,0.25,0.7543859649122807
1445,51254,Jerome Desrosiers,Princeton,0.5,0.47368421052631576,0.6666666666666666,0.9583333333333334
1446,51255,Elijah Barnes,Princeton,1.0,0.6,0.0,0.0
1447,51256,Charlie Bagin,Princeton,0.0,0.0,0.0,1.0
1448,51262,Jaylon Hall,Wright St.,0.5714285714285714,0.36363636363636365,0.2857142857142857,0.96875
1449,51265,A.J. Caldwell,Chattanooga,0.0,0.5454545454545454,0.25,1.0
1450,51272,Keith Williams,Cincinnati,0.5789473684210527,0.4939759036144578,0.07692307692307693,0.8148148148148148
1451,51273,Hunter Crist,Green Bay,0.0,0.25,0.25,1.0
1452,51275,Will Chevalier,Green Bay,0.0,0.6666666666666666,0.3333333333333333,1.0
1453,51278,Chris Joyce,Air Force,0.0,0.25,0.09090909090909091,0.9375
1454,51279,Ameka Akaya,Air Force,0.0,0.6666666666666666,0.625,1.0
1455,51282,Trevian Bell,Green Bay,0.75,0.6341463414634146,0.55,0.9230769230769231
1456,51285,Mamoudou Diarra,Cincinnati,0.8,0.6875,0.4,0.8
1457,51288,Anthony Longpre,Saint Joseph's,0.6,0.4666666666666667,0.0,0.85
1458,51291,Markus Golder,Portland St.,0.4,0.4166666666666667,0.4375,0.8947368421052632
1459,51293,David Nickelberry,Buffalo,0.5,0.42857142857142855,0.6666666666666666,0.0
1460,51296,Chris Harris Jr.,Houston,0.8421052631578947,0.6590909090909091,0.625,0.0
1461,51298,Malik Williams,Louisville,0.9166666666666666,0.6122448979591837,0.4375,1.0
1462,51301,Jericho Sims,Texas,0.75,0.7014925373134329,0.22857142857142856,0.0
1463,51303,Daryl Edwards,UTEP,0.0,0.1864406779661017,0.14285714285714285,0.8235294117647058
1464,51304,Galen Alexander,Georgetown,1.0,0.8,0.0,0.8571428571428571
1465,51307,Mitchell Storm,Mississippi St.,0.0,0.0,0.0,0.0
1466,51314,Gavin Kensmil,Stephen F. Austin,0.4444444444444444,0.5982142857142857,0.5,0.0
1467,51315,Michael Ritchie,Miami OH,0.0,0.0,0.0,0.0
1468,51319,Isaiah Coleman-Lands,Miami OH,0.0,0.45454545454545453,0.08333333333333333,0.9272727272727272
1469,51323,Dedric Boyd,Illinois St.,0.0,0.2,0.2631578947368421,0.9615384615384616
1470,51325,Brandon Davis,Sacramento St.,0.0,0.45,0.3333333333333333,0.9
1471,51327,Donald Carey,Siena,0.0,0.20588235294117646,0.16,0.6545454545454545
1472,51329,Bobby Planutis,St. Bonaventure,0.4,0.40540540540540543,0.4,0.9375
1473,51331,Cameron Corcoran,FIU,0.0,0.2,0.07142857142857142,0.6842105263157895
1474,51333,Ace Stallings,George Washington,1.0,0.6875,1.0,0.0
1475,51336,Leroy Butts IV,Radford,1.0,0.5,0.6,1.0
1476,51342,Jordan Cintron,Longwood,0.0,0.5116279069767442,0.125,1.0
1477,51344,Tom Pupavac,Winthrop,0.0,0.0,0.0,0.0
1478,51348,Aamir Simms,Clemson,0.875,0.5507246376811594,0.25,1.0
1479,51350,Isaiah Miller,UNC Greensboro,0.36,0.21568627450980393,0.09302325581395349,0.6296296296296297
1480,51352,Storm Murphy,Wofford,0.0,0.17391304347826086,0.17647058823529413,0.5409836065573771
1481,51354,Marcus Thomas,Western Carolina,0.0,0.23809523809523808,0.0,0.8571428571428571
1482,51355,Nick Weatherspoon,Mississippi St.,0.5714285714285714,0.21951219512195122,0.11428571428571428,0.625
1483,51357,Tray Hollowell,Wofford,0.0,0.19047619047619047,0.3333333333333333,0.6296296296296297
1484,51360,Gabe Osabuohien,West Virginia,0.6666666666666666,0.23076923076923078,0.0,0.0
1485,51361,Darious Hall,DePaul,1.0,0.6052631578947368,0.3333333333333333,1.0
1486,51362,Alex Reese,Alabama,0.7272727272727273,0.42857142857142855,0.3333333333333333,0.8823529411764706
1487,51363,John Petty Jr.,Alabama,0.625,0.46875,0.22727272727272727,0.7294117647058823
1488,51364,Galin Smith,Alabama,0.8571428571428571,0.6896551724137931,0.7,0.0
1489,51366,Jack Ferguson,Colgate,0.0,0.3333333333333333,0.2,0.9761904761904762
1490,51367,Davion Mitchell,Baylor,0.75,0.27586206896551724,0.15384615384615385,0.6176470588235294
1491,51372,Isiah Jasey,SMU,1.0,0.6470588235294118,0.4444444444444444,0.0
1492,51373,Savion Flagg,Texas A&M,0.7777777777777778,0.4,0.2857142857142857,0.8235294117647058
1493,51378,Alex Hunter,Furman,0.0,0.5217391304347826,0.2222222222222222,0.7142857142857143
1494,51380,Anthony Ochefu,Stony Brook,0.0,0.1,0.0,1.0
1495,51385,Tadas Kararinas,Drexel,0.0,0.6666666666666666,0.0,1.0
1496,51387,Royce Hamm Jr.,Texas,0.4,0.4444444444444444,0.45454545454545453,0.0
1497,51389,Obadiah Noel,UMass Lowell,0.75,0.36792452830188677,0.07894736842105263,0.8
1498,51390,Matt Coleman III,Texas,0.0,0.14285714285714285,0.05263157894736842,0.7777777777777778
1499,51391,Isaiah Whaley,Connecticut,0.8571428571428571,0.5517241379310345,0.9,0.0
1500,51394,Casdon Jardine,Utah Valley,1.0,0.5217391304347826,0.7692307692307693,0.9807692307692307
1501,51400,Zach Reichle,Oregon St.,1.0,0.40625,0.4444444444444444,0.9714285714285714
1502,51402,Ayo Akinwole,Nebraska Omaha,0.0,0.47619047619047616,0.29411764705882354,0.8333333333333334
1503,51405,Matt Pile,Nebraska Omaha,0.6842105263157895,0.5,0.2727272727272727,0.0
1504,51408,Jordan Roberts,Long Beach St.,0.8,0.4074074074074074,0.34782608695652173,1.0
1505,51411,Troymain Crosby,Alcorn St.,1.0,0.35185185185185186,0.46153846153846156,0.8181818181818182
1506,51413,Miks Antoms,Maine,0.6666666666666666,0.5,0.0,0.0
1507,51425,Makuach Maluach,New Mexico,0.8333333333333334,0.6349206349206349,0.22727272727272727,0.9629629629629629
1508,51427,Josh Hopkins,New Hampshire,0.0,0.4666666666666667,0.2,0.8245614035087719
1509,51433,Czar Perry,Cal St. Bakersfield,0.5,0.18,0.2619047619047619,0.0
1510,51434,Dajour Joseph,New Mexico St.,0.0,0.0,0.0,0.0
1511,51437,Dimitrije Spasojevic,UMBC,1.0,0.6875,0.6346153846153846,0.0
1512,51438,Trejon Jacob,FIU,0.2857142857142857,0.36538461538461536,0.25,0.8518518518518519
1513,51440,Josh Linder,Georgia St.,0.875,0.625,1.0,0.0
1514,51443,Austin Phyfe,Northern Iowa,0.0,0.5603448275862069,0.2608695652173913,0.0
1515,51446,Cameron Krutwig,Loyola Chicago,1.0,0.6099290780141844,0.35294117647058826,0.0
1516,51448,Mustafa Lawrence,Fresno St.,0.0,0.07692307692307693,0.0,0.8235294117647058
1517,51449,Tobi Ewuosho,Alabama St.,0.5,0.2564102564102564,0.2631578947368421,0.8461538461538461
1518,51450,Tywhon Pickford,Northern Iowa,1.0,0.4230769230769231,0.125,1.0
1519,51451,Moses Wright,Georgia Tech,0.696969696969697,0.6363636363636364,0.546875,1.0
1520,51453,Kobe Webster,Western Illinois,0.0,0.07017543859649122,0.19298245614035087,0.2978723404255319
1521,51459,Dylan Hastings,Lafayette,1.0,0.36363636363636365,0.5,1.0
1522,51460,Jalon Pipkins,Loyola Chicago,1.0,0.5882352941176471,0.4,1.0
1523,51461,Terrell Gomez,Cal St. Northridge,0.0,0.23076923076923078,0.2830188679245283,0.7058823529411765
1524,51462,Brady Manek,Oklahoma,0.8823529411764706,0.6346153846153846,0.5714285714285714,0.9154929577464789
1525,51463,Hannes Polla,Tennessee Martin,0.0,0.3333333333333333,0.75,0.0
1526,51465,Ty Lazenby,Oral Roberts,0.0,0.5,0.0,0.9
1527,51466,Ezacuras Dawson III,South Florida,0.0,0.3333333333333333,0.2222222222222222,0.8709677419354839
1528,51474,Naz Bohannon,Youngstown St.,0.0,0.36363636363636365,0.5777777777777777,1.0
1529,51475,Michael Akuchie,Youngstown St.,0.7142857142857143,0.40476190476190477,0.45454545454545453,0.8780487804878049
1530,51477,Jake Shaper,Brown,0.0,0.0,0.0,1.0
1531,51478,Zach Hunsaker,Brown,0.0,0.3157894736842105,0.0967741935483871,0.8596491228070176
1532,51481,Chris Lykes,Miami FL,0.0,0.16216216216216217,0.07692307692307693,0.3333333333333333
1533,51482,Lemmie Howard,Jackson St.,0.8571428571428571,0.6153846153846154,0.8333333333333334,1.0
1534,51483,Reggie Scurry,Middle Tennessee,0.625,0.6,0.26666666666666666,0.0
1535,51488,Aaron Nettles,Seattle,0.0,0.2,0.0,0.9459459459459459
1536,51493,Bubba Furlong,Sam Houston St.,1.0,0.7,0.8,0.0
1537,51496,Jordan Usher,Georgia Tech,0.7692307692307693,0.6285714285714286,0.25,0.875
1538,51497,Charles O'Bannon Jr.,USC,0.0,0.0,0.0,0.0
1539,51500,Kenny Aninye,Stetson,0.0,0.18181818181818182,0.0,0.8
1540,51503,Trip Day,North Florida,0.0,0.5,1.0,0.0
1541,51504,Christiaan Jones,Stetson,0.3333333333333333,0.29577464788732394,0.10526315789473684,0.7727272727272727
1542,51506,Ivan Gandia-Rosa,North Florida,0.0,0.09259259259259259,0.0,0.6111111111111112
1543,51508,Ryan Burkhardt,North Florida,0.0,0.0,0.0,1.0
1544,51519,John Comeaux,Stephen F. Austin,0.6666666666666666,0.17777777777777778,0.2,0.9473684210526315
1545,51524,Tervell Beck,Kent St.,0.75,0.6486486486486487,1.0,1.0
1546,51529,Chyree Walker,Radford,1.0,0.6,0.5,1.0
1547,51532,Terry Taylor,Austin Peay,0.6666666666666666,0.4397590361445783,0.2982456140350877,0.7105263157894737
1548,51533,Myles Smith,Texas A&M Corpus Chris,0.0,0.22580645161290322,0.07692307692307693,0.8596491228070176
1549,51534,Sean Rhea,UT Rio Grande Valley,0.8260869565217391,0.6428571428571429,0.5,0.0
1550,51537,Joe Hugley,East Tennessee St.,0.0,0.5833333333333334,0.5,1.0
1551,51540,Kamron Reaves,Florida A&M,0.0,0.14285714285714285,0.16666666666666666,0.7272727272727273
1552,51543,Moustapha Diagne,La Salle,0.0,0.0,0.5,0.0
1553,51545,Garrett Covington,Youngstown St.,1.0,0.5087719298245614,0.3,0.9230769230769231
1554,51547,Jarvis Doles,Drexel,0.0,0.0,0.0,1.0
1555,51549,Brandon Leftwich,Mount St. Mary's,0.0,0.15789473684210525,0.2,1.0
1556,51550,Kane Williams,Georgia St.,0.3333333333333333,0.15714285714285714,0.10714285714285714,0.7714285714285715
1557,51556,Antonio Pilipovic,Drake,0.0,0.6666666666666666,0.0,1.0
1558,51562,Evan Kuhlman,Evansville,0.0,0.8571428571428571,0.6153846153846154,0.9166666666666666
1559,51591,Da'Monte Williams,Illinois,0.8,0.5,0.3333333333333333,1.0
1560,51592,Mark Smith,Missouri,0.5,0.3157894736842105,0.3333333333333333,0.9056603773584906
1561,51593,Jack Nunge,Iowa,1.0,0.75,0.8,1.0
1562,51594,Hunt Conroy,Minnesota,0.0,0.0,0.0,0.0
1563,51595,Luka Garza,Iowa,0.875,0.6875,0.6666666666666666,1.0
1564,51618,Miryne Thomas,Ball St.,0.6666666666666666,0.5,1.0,0.8571428571428571
1565,51619,Kyson Rawls,Morgan St.,0.0,0.5454545454545454,0.5,1.0
1566,51620,Lapri McCray-Pace,Morgan St.,0.0,0.0,0.0,1.0
1567,51625,Kevin Johnson,Nicholls St.,0.0,0.047619047619047616,0.09090909090909091,0.8611111111111112
1568,51626,Ryghe Lyons,Nicholls St.,0.6666666666666666,0.5625,0.5,0.0
1569,51630,Quatarrius Wilson,Southeast Missouri St.,0.5,0.42857142857142855,0.38461538461538464,0.0
1570,51635,Chris Smith,UCLA,0.8333333333333334,0.4117647058823529,0.41818181818181815,0.8666666666666667
1571,51639,Daejon Davis,Stanford,0.4166666666666667,0.11428571428571428,0.0,0.75
1572,51671,Jay Green,UNLV,0.0,0.5714285714285714,0.0,0.0
1573,51672,Cheikh Mbacke Diong,UNLV,0.9210526315789473,0.7142857142857143,0.625,1.0
1574,51673,Shakur Juiston,Oregon,0.8,0.6323529411764706,0.5333333333333333,1.0
1575,51674,Amauri Hardy,UNLV,0.0,0.16901408450704225,0.10344827586206896,0.7142857142857143
1576,51679,Dajuan Jones,Sam Houston St.,0.0,0.375,0.5,0.6666666666666666
1577,51687,Marvin Nesbitt Jr.,UMKC,0.75,0.5862068965517241,0.36363636363636365,0.85
1578,51708,Sam Waardenburg,Miami FL,0.5,0.5,0.42857142857142855,0.9230769230769231
1579,51728,Nick Richards,Kentucky,0.8125,0.7699115044247787,0.68,0.0
1580,51734,Corey Romich,Jacksonville,0.0,0.0,0.0,0.0
1581,51738,Jarrod Simmons,Penn,0.0,0.5714285714285714,0.0,0.3333333333333333
1582,51753,Xavier Tillman,Michigan St.,0.8928571428571429,0.7984496124031008,0.4782608695652174,1.0
1583,51755,Carter Collins,Davidson,0.0,0.37777777777777777,0.1,0.925
1584,51761,Azar Swain,Yale,0.0,0.15384615384615385,0.2631578947368421,0.6881720430107527
1585,51766,McKinley Wright IV,Colorado,0.0,0.14285714285714285,0.14893617021276595,0.3076923076923077
1586,51777,Jesus Cruz,Fairfield,0.0,0.20588235294117646,0.125,0.47058823529411764
1587,51784,Jason Whitens,Western Michigan,0.0,0.37142857142857144,0.4444444444444444,1.0
1588,51786,Evan Cole,Georgia Tech,0.9,0.7428571428571429,0.7142857142857143,1.0
1589,51787,Jordan Goldwire,Duke,0.0,0.2,0.18181818181818182,0.8235294117647058
1590,51792,Danilo Djuricic,Harvard,0.5,0.5806451612903226,0.5,0.9130434782608695
1591,51802,Taveion Hollingsworth,Western Kentucky,0.0,0.1527777777777778,0.04411764705882353,0.7
1592,51809,Marquis Eaton,Arkansas St.,0.0,0.38095238095238093,0.3902439024390244,0.8
1593,51811,Roosevelt Smart,North Texas,0.0,0.6666666666666666,0.16666666666666666,1.0
1594,51818,Lamont Berzat,New Orleans,0.0,0.26666666666666666,0.0,0.9411764705882353
1595,51819,Troy Green,New Orleans,0.0,0.2727272727272727,0.18,1.0
1596,51830,Dontelius Ross,Jackson St.,0.0,0.0,0.5,0.6428571428571429
1597,51835,Donnie Tillman,UNLV,1.0,0.37209302325581395,0.375,0.9523809523809523
1598,51843,Noah Thomas,Drake,0.0,0.3888888888888889,0.10344827586206896,0.96
1599,51845,Lucas Williamson,Loyola Chicago,0.0,0.525,0.2857142857142857,1.0
1600,51846,Taylor Bruninga,Illinois St.,0.0,0.5,0.0,1.0
1601,51855,Josh Anderson,Western Kentucky,0.4583333333333333,0.4583333333333333,0.1,0.6
1602,51858,Miles Brookins,Cal St. Northridge,0.0,0.0,0.0,0.0
1603,51863,Derrick Flowers,Jacksonville,0.0,0.0,0.0,1.0
1604,51866,DJ Heath,Alabama St.,0.0,0.2692307692307692,0.14285714285714285,0.7
1605,51867,Wesley Harris,Tennessee St.,0.8666666666666667,0.6122448979591837,0.6,0.8
1606,51869,Greg Eboigbodin,Northeastern,1.0,0.8,0.14285714285714285,0.0
1607,51876,Kevin Anderson,Delaware,0.0,0.10126582278481013,0.09523809523809523,0.6216216216216216
1608,51883,Chris Vogt,Cincinnati,0.9393939393939394,0.7567567567567568,0.6,0.0
1609,51888,Jalanni White,Canisius,0.7142857142857143,0.6,0.7142857142857143,0.8333333333333334
1610,51889,Abu Kigab,Boise St.,1.0,0.6296296296296297,0.32,0.9
1611,51891,Bam Bowman,Miami OH,0.0,0.42857142857142855,0.5,0.88
1612,51892,Jahshire Hardnett,UMKC,0.0,0.037037037037037035,0.058823529411764705,0.39285714285714285
1613,51894,Mike Adewunmi,SIU Edwardsville,0.7142857142857143,0.4878048780487805,0.5294117647058824,0.85
1614,51895,Kyle Foster,Howard,0.3333333333333333,0.2222222222222222,0.2857142857142857,0.9090909090909091
1615,51896,Zion Cousins,Howard,0.8235294117647058,0.6041666666666666,0.6296296296296297,0.0
1616,51897,Cam Bacote,Indiana St.,0.0,0.125,0.2,0.9090909090909091
1617,51899,KeyShawn Feazell,Mississippi St.,0.6666666666666666,0.8333333333333334,1.0,1.0
1618,51925,Troy Simons,Kent St.,0.375,0.32142857142857145,0.375,0.875
1619,51929,Darius Banks,James Madison,0.5,0.2127659574468085,0.0,0.921875
1620,51930,Antanee Pinkard,James Madison,1.0,0.5714285714285714,0.0,0.0
1621,51931,Matt Lewis,James Madison,0.3333333333333333,0.125,0.12121212121212122,0.7
1622,51932,Dhamir Cosby-Roundtree,Villanova,0.8888888888888888,0.6666666666666666,0.0,0.0
1623,51933,Collin Gillespie,Villanova,0.0,0.21568627450980393,0.23529411764705882,0.7428571428571429
1624,51934,Larry Owens,Northwestern St.,0.8,0.5142857142857142,0.75,0.0
1625,51938,Ryan Allen,Delaware,0.3333333333333333,0.21621621621621623,0.19230769230769232,0.847457627118644
1626,51950,Reese Mona,Maryland,0.0,0.0,1.0,1.0
1627,51953,Jamie Baker,Appalachian St.,0.0,0.0,0.0,0.0
1628,51954,Thorir Thorbjarnarson,Nebraska,0.0,0.5227272727272727,0.375,0.9583333333333334
1629,51956,Darryl Morsell,Maryland,0.5,0.41379310344827586,0.42857142857142855,0.8666666666666667
1630,51959,Luke Bolster,Columbia,0.0,1.0,0.5,1.0
1631,51990,Herbert Jones,Alabama,0.6153846153846154,0.4696969696969697,0.2857142857142857,1.0
1632,51991,Quincy McKnight,Seton Hall,0.75,0.2542372881355932,0.14285714285714285,0.7222222222222222
1633,51999,Paris Austin,California,0.0,0.18518518518518517,0.1111111111111111,0.6
1634,52003,San Antonio Brinson,NJIT,0.7,0.36538461538461536,0.4375,0.9629629629629629
1635,52006,Braden Burke,Michigan St.,0.0,0.0,1.0,0.0
1636,52013,Philip Whittington,Kent St.,0.8,0.421875,0.46,0.0
1637,52022,Virshon Cotton,LIU,1.0,0.3888888888888889,0.2,0.7906976744186046
1638,52023,Jhivvan Jackson,UTSA,1.0,0.3090909090909091,0.16494845360824742,0.5363636363636364
1639,52025,Torrey Patton,Cleveland St.,0.0,0.3114754098360656,0.17857142857142858,0.9565217391304348
1640,52028,Ishmael El-Amin,Ball St.,0.8333333333333334,0.4444444444444444,0.38461538461538464,0.8666666666666667
1641,52030,Tevin Mack,Clemson,0.8,0.5441176470588235,0.45161290322580644,0.9361702127659575
1642,52038,Charles Bohannon,New Orleans,0.0,0.5,0.0,1.0
1643,52058,Manny Patterson,Green Bay,1.0,0.5681818181818182,0.6111111111111112,0.0
1644,52059,Luke Loewe,William & Mary,0.0,0.3968253968253968,0.23529411764705882,0.9302325581395349
1645,52063,Oscar Da Silva,Stanford,0.8148148148148148,0.4444444444444444,0.5,1.0
1646,52082,D'Shawn Schwartz,Colorado,1.0,0.5128205128205128,0.4117647058823529,1.0
1647,52083,Tyler Bey,Colorado,0.9,0.5853658536585366,0.5111111111111111,1.0
1648,52084,Ethan Thompson,Oregon St.,0.9090909090909091,0.4827586206896552,0.1206896551724138,0.7727272727272727
1649,52087,Alfred Hollins,Oregon St.,0.75,0.5294117647058824,0.6,1.0
1650,52088,Marcus Santos-Silva,VCU,0.75,0.5419847328244275,0.7,0.0
1651,52089,Jaylen Minnett,IU Indy,0.0,0.22727272727272727,0.2777777777777778,0.5660377358490566
1652,52090,David Kachelries,Stephen F. Austin,0.0,0.5,0.4,0.9285714285714286
1653,52096,Ferron Flavors Jr.,Cal Baptist,0.0,0.25,0.5238095238095238,0.9102564102564102
1654,52099,C.J. Jones,Northwestern St.,0.0,0.26666666666666666,0.18181818181818182,0.6666666666666666
1655,52110,Michael Flowers,Western Michigan,0.0,0.2727272727272727,0.1320754716981132,0.515625
1656,52115,Reed Farley,Harvard,0.0,0.0,0.0,0.0
1657,52116,Christian Lutete,UMass Lowell,0.0,0.368,0.2962962962962963,0.7903225806451613
1658,52117,Marreon Jackson,Toledo,0.0,0.13636363636363635,0.20689655172413793,0.6494845360824743
1659,52120,Miles Lester,Wake Forest,0.0,0.0,0.0,0.0
1660,52141,Kimani Lawrence,Arizona St.,1.0,0.5517241379310345,0.6666666666666666,0.875
1661,52145,Marcus Weathers,Duquesne,0.7272727272727273,0.5298507462686567,0.23809523809523808,0.8
1662,52146,Eli Scott,Loyola Marymount,0.5833333333333334,0.2808219178082192,0.16,0.7777777777777778
1663,52149,Bol Riek,New Orleans,0.0,1.0,0.0,0.0
1664,52160,Devante Jackson,Grambling St.,0.6521739130434783,0.5652173913043478,0.5079365079365079,0.875
1665,52167,Quentin Scott,Texas St.,1.0,0.6,0.8260869565217391,1.0
1666,52170,Jesse Little,American,0.0,0.6666666666666666,1.0,0.0
1667,52175,Javan Johnson,Iowa St.,1.0,1.0,0.0,0.0
1668,52185,John Matt Merritt,Lipscomb,0.0,0.0,0.0,0.0
1669,52188,Camron Greer,Dayton,0.0,1.0,0.0,0.0
1670,52195,Cam Davis,Navy,0.0,0.08,0.19480519480519481,0.6507936507936508
1671,52202,Alec Loehr,Navy,0.0,0.2222222222222222,0.0,1.0
1672,52208,Mike Buckmire,Duke,0.0,0.0,0.0,0.0
1673,52209,Jordan Perkins,North Carolina Central,0.0,0.16981132075471697,0.09090909090909091,0.7142857142857143
1674,52213,Terrance Banyard,Arkansas Pine Bluff,0.875,0.5869565217391305,0.5263157894736842,0.625
1675,52215,Cameron Posey,Arkansas Pine Bluff,0.0,0.1111111111111111,0.25,1.0
1676,52216,Jordan McNair,Arkansas Pine Bluff,0.0,0.1111111111111111,0.08333333333333333,0.6
1677,52218,William Ridgell,Arkansas Pine Bluff,0.0,0.0,0.0,0.0
1678,52220,Tyreke Key,Indiana St.,0.25,0.2765957446808511,0.2,0.8909090909090909
1679,52230,Mamadou Doucoure,Rutgers,0.0,1.0,0.6666666666666666,0.0
1680,52239,Ricky Council II,UMBC,0.0,0.0,0.3333333333333333,1.0
1681,52240,Luke Loehr,Navy,0.0,0.4117647058823529,0.75,1.0
1682,52247,Brandon Houston,Alabama A&M,0.0,0.5555555555555556,0.5714285714285714,0.0
1683,52248,Isaiah White,Portland,0.5,0.44680851063829785,0.2962962962962963,0.7777777777777778
1684,52252,Daniel Venzant,Cal St. Fullerton,0.0,0.09090909090909091,0.0,0.8571428571428571
1685,52255,Javon Greene,George Mason,0.5,0.23728813559322035,0.0,0.9354838709677419
1686,52257,Jamir Harris,American,0.0,0.25,0.14285714285714285,0.7692307692307693
1687,52258,Myles Cale,Seton Hall,0.5714285714285714,0.45161290322580644,0.2727272727272727,0.92
1688,52259,Elijah Olaniyi,Stony Brook,0.42857142857142855,0.23157894736842105,0.2631578947368421,0.92
1689,52261,Bryce Fowler,Sacramento St.,0.0,0.34210526315789475,0.125,0.9473684210526315
1690,52265,Nehemiah Mack,Manhattan,0.0,0.0,0.3333333333333333,1.0
1691,52266,R.J. Fuqua,Oral Roberts,0.0,0.027777777777777776,0.0,0.8181818181818182
1692,52268,Zachary Simmons,North Texas,0.9565217391304348,0.5822784810126582,0.4,1.0
1693,52269,James Lewis Jr,Appalachian St.,0.8,0.56,0.5,0.0
1694,52273,Carter Skaggs,UNC Wilmington,0.0,0.0,0.0,1.0
1695,52275,Dalonte Brown,Miami OH,0.875,0.5714285714285714,0.4375,0.88
1696,52276,Dominick Pickett,UC Riverside,0.0,0.13333333333333333,0.05555555555555555,0.8604651162790697
1697,52277,Michael Hueitt Jr.,UNC Greensboro,0.0,0.25,0.6666666666666666,0.717948717948718
1698,52279,Justin Forrest,Appalachian St.,0.0,0.11594202898550725,0.06896551724137931,0.746031746031746
1699,52281,O'Showen Williams,Appalachian St.,0.0,0.2545454545454545,0.375,0.9661016949152542
1700,52282,Josh Carlton,Connecticut,0.6666666666666666,0.45555555555555555,0.7142857142857143,0.0
1701,52286,Nahziah Carter,Washington,0.6086956521739131,0.34782608695652173,0.3448275862068966,0.8444444444444444
1702,52288,Jason Crandall,Washington,0.0,0.0,0.0,0.0
1703,52289,Michael Carter III,Long Beach St.,0.375,0.3125,0.19230769230769232,0.6666666666666666
1704,52290,Hameir Wright,Washington,1.0,0.15384615384615385,0.0,0.8918918918918919
1705,52293,Alex Watson,Sacred Heart,0.0,0.0,0.3333333333333333,0.75
1706,52294,E.J. Anosike,Sacred Heart,0.8571428571428571,0.4491525423728814,0.4375,0.85
1707,52298,Bill Muse Jr.,Southern Miss,0.0,0.0,0.0,1.0
1708,52307,Myles Carter,Delaware St.,1.0,0.20454545454545456,0.12121212121212122,0.7407407407407407
1709,52308,Johquin Wiley,Delaware St.,0.0,0.3225806451612903,0.20833333333333334,0.7045454545454546
1710,52312,Ameer Bennett,Delaware St.,0.8571428571428571,0.6481481481481481,0.39285714285714285,0.6875
1711,52315,Will Jackowitz,Boston College,0.0,0.0,0.0,0.0
1712,52318,Alex Tostado,Chattanooga,0.0,0.0,0.0,0.0
1713,52319,"Shavar Reynolds, Jr.",Seton Hall,0.0,0.125,0.4,1.0
1714,52325,Sam Holtze,Boston College,0.0,0.0,0.0,1.0
1715,52328,Isaiah Bailey,Bethune Cookman,0.4,0.3088235294117647,0.0967741935483871,0.8125
1716,52330,Carl Pierre,Massachusetts,0.0,0.2692307692307692,0.2916666666666667,0.84
1717,52333,Tyrell Gumbs-Frater,Coastal Carolina,1.0,0.3,0.25,0.9333333333333333
1718,52335,Michael Ertel,Louisiana Monroe,0.0,0.375,0.1935483870967742,0.8928571428571429
1719,52336,Myles Hutchinson,McNeese St.,0.3333333333333333,0.3333333333333333,0.0,0.8095238095238095
1720,52341,Tucker Blackwell,Army,0.0,0.6875,0.375,1.0
1721,52343,Alex King,Army,0.8,0.6065573770491803,0.75,0.96
1722,52353,Babacar Thiombane,Idaho,1.0,0.4827586206896552,0.625,1.0
1723,52356,Melik Martin,Monmouth,0.25,0.4090909090909091,0.5,1.0
1724,52357,George Papas,Monmouth,0.0,0.2222222222222222,0.2222222222222222,0.6326530612244898
1725,52371,Kameron Langley,North Carolina A&T,0.0,0.11538461538461539,0.08333333333333333,1.0
1726,52374,Riley Welch,Kentucky,0.0,0.0,0.0,0.0
1727,52376,Yauhen Massalski,San Diego,0.6666666666666666,0.5555555555555556,0.18181818181818182,0.0
1728,52382,David-Lee Jones Jr.,Georgia Southern,0.0,0.1111111111111111,0.0,0.7647058823529411
1729,52384,C.J. Baird,Michigan,0.0,0.0,0.0,0.0
1730,52386,Tucker Lee,Marist,0.0,0.0,0.0,0.0
1731,52389,Lonnie Grayson,Army,0.0,0.23529411764705882,0.09090909090909091,0.9180327868852459
1732,52391,Ryan Carmello,Marist,0.0,0.0,0.0,0.0
1733,52394,Mark Madden,Army,0.0,0.75,0.0,0.0
1734,52406,Jesse Boyce,Manhattan,0.0,0.0,0.0,0.0
1735,52407,Amir Hicks,Saint Peter's,0.0,0.0,0.0,0.0
1736,52412,Obim Okeke,Baylor,0.0,0.0,0.0,0.0
1737,52423,Cameron Galic,Tulane,1.0,1.0,0.0,0.0
1738,52444,Silvio De Sousa,Kansas,1.0,0.5,0.0,1.0
1739,52461,Randall West,Massachusetts,0.0,0.0,0.0,0.0
1740,65428,Darius Quisenberry,Youngstown St.,0.0,0.1411764705882353,0.10810810810810811,0.46
1741,65429,Jelani Simmons,Youngstown St.,0.5714285714285714,0.5,0.0,1.0
1742,65431,Olamide Pedersen,Youngstown St.,1.0,1.0,1.0,0.0
1743,65432,B.J. Shaw,UC Davis,0.0,0.0,0.0,1.0
1744,65433,Caleb Fuller,UC Davis,1.0,0.3333333333333333,0.2222222222222222,0.9523809523809523
1745,65435,Travis Anderson,Charleston Southern,0.0,0.2631578947368421,0.25,0.8837209302325582
1746,65436,Brandon Slater,Villanova,0.8333333333333334,0.5882352941176471,0.0,1.0
1747,65437,Luis Hurtado,UAB,0.0,0.0,0.0,1.0
1748,65438,Ladarius Knight,Campbell,0.0,0.625,0.16666666666666666,0.6666666666666666
1749,65439,Geoff Hamperian,Youngstown St.,0.0,0.3333333333333333,0.0,1.0
1750,65440,Tim Fuller,Weber St.,0.76,0.5942028985507246,0.3333333333333333,0.0
1751,65441,Damion Squire,UC Davis,0.0,0.13333333333333333,0.0,0.875
1752,65442,Kihei Clark,Virginia,0.0,0.0851063829787234,0.0,0.7222222222222222
1753,65443,Robby Carmody,Notre Dame,0.0,0.4,0.0,0.0
1754,65444,Mason McMurray,Ohio,0.0,0.5,0.0,1.0
1755,65448,William McNair,New Mexico St.,1.0,0.8,0.6666666666666666,0.0
1756,65450,Nate Laszewski,Notre Dame,0.8571428571428571,0.6176470588235294,0.16666666666666666,1.0
1757,65451,Prentiss Hubb,Notre Dame,1.0,0.3695652173913043,0.13333333333333333,0.5789473684210527
1758,65453,Kevin Schutte,Hofstra,1.0,0.6666666666666666,0.0,0.0
1759,65454,Kody Stattmann,Virginia,0.4,0.2777777777777778,0.0,1.0
1760,65455,Jordan Love,Southeast Missouri St.,0.25,0.16666666666666666,0.0,1.0
1761,65456,Tanner Groves,Eastern Washington,0.8,0.5405405405405406,0.5,1.0
1762,65457,Kim Aiken Jr.,Eastern Washington,1.0,0.6486486486486487,0.5294117647058824,0.958904109589041
1763,65459,Leaky Black,North Carolina,0.4,0.25806451612903225,0.48484848484848486,0.875
1764,65461,Nana Opoku,Mount St. Mary's,0.64,0.5555555555555556,0.47619047619047616,1.0
1765,65462,K.J. Jackson,UMBC,0.0,0.11538461538461539,0.12,0.7142857142857143
1766,65463,Avery Benson,Texas Tech,0.0,0.5,0.0,1.0
1767,65464,Mohammed Abdulsalam,UNC Greensboro,0.0,0.3888888888888889,0.2857142857142857,0.0
1768,65465,Victor Bafutto,Mercer,1.0,0.5483870967741935,0.75,0.0
1769,65466,Angelo Allegri,UNC Greensboro,0.5,0.4444444444444444,0.06666666666666667,0.9111111111111111
1770,65468,Deandre Thomas,Samford,0.4,0.29411764705882354,0.2727272727272727,0.9545454545454546
1771,65469,Robert Allen,Samford,0.8181818181818182,0.5128205128205128,0.23255813953488372,0.9666666666666667
1772,65471,Stevan Krtinic,St. Francis NY,0.0,0.35714285714285715,0.8,0.7142857142857143
1773,65472,Larry Moreno,St. Francis NY,0.0,0.0,0.0,0.875
1774,65474,Majur Majak,Saint Peter's,0.75,0.7,0.5,0.0
1775,65475,Gabe Watson,Southern Miss,0.0,0.1875,0.15384615384615385,0.5483870967741935
1776,65476,Jaden Robinson,Georgetown,0.0,0.0,1.0,0.0
1777,65478,Colby Kyle,Princeton,0.0,1.0,0.0,0.0
1778,65479,Hunter Tyson,Clemson,0.5714285714285714,0.5416666666666666,0.0,0.9629629629629629
1779,65480,Montez Mathis,Rutgers,0.7777777777777778,0.3877551020408163,0.2,0.9473684210526315
1780,65481,Caleb McConnell,Rutgers,0.6666666666666666,0.5384615384615384,0.23684210526315788,0.9285714285714286
1781,65482,Emmanuel Dowuona,Purdue,0.6666666666666666,0.75,0.5,0.0
1782,65483,Eric Hunter Jr.,Purdue,0.0,0.21428571428571427,0.15625,0.7906976744186046
1783,65484,Obi Toppin,Dayton,0.7850467289719626,0.688622754491018,0.5652173913043478,0.9375
1784,65486,Shaq Carter,Rutgers,0.8,0.7241379310344828,0.5384615384615384,0.0
1785,65487,MJ Randolph,Florida A&M,0.0,0.15853658536585366,0.10810810810810811,1.0
1786,65488,Cameron Healy,Albany,0.0,0.2702702702702703,0.35294117647058826,0.7012987012987013
1787,65489,Jermaine Couisnard,South Carolina,1.0,0.37735849056603776,0.08823529411764706,0.8888888888888888
1788,65492,Colin Castleton,Michigan,1.0,0.47368421052631576,0.375,0.0
1789,65493,David DeJulius,Michigan,0.0,0.19047619047619047,0.08333333333333333,0.7333333333333333
1790,65494,Ricky Lindo Jr.,Maryland,1.0,0.4666666666666667,0.0,1.0
1791,65495,Jalen Smith,Maryland,0.7959183673469388,0.6403508771929824,0.45454545454545453,0.9375
1792,65496,Thomas Kithier,Michigan St.,1.0,0.7297297297297297,1.0,1.0
1793,65497,Aaron Henry,Michigan St.,0.75,0.5,0.6097560975609756,0.967741935483871
1794,65500,Christian Bishop,Creighton,0.7948717948717948,0.7142857142857143,0.6666666666666666,1.0
1795,65501,Marcus Zegarowski,Creighton,0.0,0.0847457627118644,0.22727272727272727,0.6111111111111112
1796,65502,Bryce Golden,Butler,0.8,0.5915492957746479,0.6666666666666666,0.9090909090909091
1797,65503,Markeese Hastings,Butler,0.0,1.0,0.0,1.0
1798,65504,Efe Odigie,UTEP,0.0,0.6470588235294118,0.7741935483870968,1.0
1799,65505,Paul Djoko,Northern Kentucky,0.0,0.6,0.0,1.0
1800,65506,Greg Williams Jr.,St. John's,0.5,0.48484848484848486,0.5,0.8181818181818182
1801,65507,Marcellus Earlington,St. John's,1.0,0.5063291139240507,0.4666666666666667,0.9166666666666666
1802,65508,Adrian Rodriguez,UTSA,0.0,0.45454545454545453,0.5,0.0
1803,65509,Devon Baker,UNC Asheville,0.0,0.14285714285714285,0.07894736842105263,0.5238095238095238
1804,65510,Coty Jude,UNC Asheville,0.5,0.4827586206896552,0.25,0.9104477611940298
1805,65511,Stephen Edoka,UNC Asheville,0.0,0.0,0.0,0.0
1806,65512,Luke Lawson,UNC Asheville,0.0,0.3333333333333333,0.0,0.0
1807,65513,Junior Ballard,Cal Poly,0.0,0.2,0.10526315789473684,0.5869565217391305
1808,65514,Filip Rebraca,North Dakota,0.7857142857142857,0.47572815533980584,0.39705882352941174,1.0
1809,65517,Josh LeBlanc,Georgetown,0.8571428571428571,0.7692307692307693,1.0,1.0
1810,65518,Deante Johnson,Cleveland St.,0.75,0.6326530612244898,0.45454545454545453,0.0
1811,65519,Mac McClung,Georgetown,1.0,0.37142857142857144,0.4186046511627907,0.6451612903225806
1812,65520,Tamir Bynum,Prairie View A&M,0.0,0.25,0.3333333333333333,1.0
1813,65521,Adokiye Iyaye,UTSA,0.0,0.3333333333333333,0.0,0.0
1814,65528,Onyi Eyisi,Fordham,0.9,0.7,0.3,0.0
1815,65529,Aljaz Kunc,Washington St.,0.0,0.47058823529411764,0.5,1.0
1816,65531,CJ Elleby,Washington St.,0.4666666666666667,0.3013698630136986,0.14,0.7162162162162162
1817,65532,Ibrahim Ali,Tulane,0.0,1.0,1.0,0.0
1818,65533,Shandon Brown,Niagara,0.0,0.07692307692307693,0.07142857142857142,1.0
1819,65534,Mezie Offurum,George Washington,0.0,0.36363636363636365,0.4,1.0
1820,65535,Trey Hopkins,Seattle,0.0,0.0,0.0,1.0
1821,65536,Riley Grigsby,Seattle,1.0,0.35,0.5714285714285714,1.0
1822,65538,Jamal Gaines,UT Rio Grande Valley,0.0,0.25,1.0,0.0
1823,65539,Quinton Johnson II,UT Rio Grande Valley,0.0,0.17647058823529413,0.625,1.0
1824,65540,Uche Dibiamaka,UT Rio Grande Valley,0.0,0.18181818181818182,0.08333333333333333,1.0
1825,65541,Jermaine Harris,Rhode Island,1.0,0.6444444444444445,0.5,1.0
1826,65542,Luke Frampton,Davidson,0.0,0.0,0.5,0.9285714285714286
1827,65543,David Azore,UT Arlington,0.6666666666666666,0.3695652173913043,0.5151515151515151,0.8666666666666667
1828,65546,Jared Rodriguez,San Diego,0.0,0.48,0.45,0.9375
1829,65547,Aaron Wheeler,Purdue,0.875,0.6875,0.0,1.0
1830,65551,Dave Kasanganay,Navy,0.0,0.0,0.7142857142857143,1.0
1831,65552,Jerry Higgins III,The Citadel,0.0,0.0,0.0,1.0
1832,65557,James Bridges,Sacramento St.,0.0,0.5,1.0,1.0
1833,65558,Maurice Commander,Chattanooga,0.0,0.16666666666666666,0.13043478260869565,0.6451612903225806
1834,65559,Robert Swanson,Furman,0.0,0.0,0.0,0.0
1835,65560,Kristers Zoriks,Saint Mary's,0.0,0.2222222222222222,0.0,0.7333333333333333
1836,65563,Kyler Edwards,Texas Tech,0.0,0.3488372093023256,0.2727272727272727,0.7916666666666666
1837,65564,Josh Mballa,Buffalo,0.8148148148148148,0.5086206896551724,0.2,0.0
1838,65565,Khavon Moore,Clemson,0.3333333333333333,0.2,0.2222222222222222,1.0
1839,65566,Jose Perez,Gardner Webb,0.0,0.23684210526315788,0.2692307692307692,1.0
1840,65568,McKade Marquis,UT Arlington,0.0,0.0,0.0,0.0
1841,65570,Zay Williams,Troy,0.8636363636363636,0.75,0.4444444444444444,1.0
1842,65571,Tavian Percy,New Mexico,0.6666666666666666,0.8,0.0,1.0
1843,65573,Jakub Dombek,Colorado,0.0,0.0,0.0,1.0
1844,65574,Vincent Lee,Cal St. Fullerton,1.0,0.717948717948718,0.3,0.0
1845,65575,K.J. Hymes,Nevada,0.8125,0.6774193548387096,0.5,1.0
1846,65577,Daylen Kountz,Colorado,0.5,0.4090909090909091,0.25,1.0
1847,65578,Immanuel Quickley,Kentucky,0.0,0.25,0.25,0.9032258064516129
1848,65579,Devon Dotson,Kansas,0.0,0.17073170731707318,0.058823529411764705,0.5428571428571428
1849,65580,Quentin Grimes,Houston,0.7142857142857143,0.2641509433962264,0.0625,0.8809523809523809
1850,65581,Shaun Williams,Kansas St.,0.0,0.0,0.0,0.5
1851,65583,David McCormack,Kansas,0.6666666666666666,0.6756756756756757,0.7435897435897436,0.0
1852,65584,Jamal Bieniemy,Oklahoma,0.0,0.16666666666666666,0.10526315789473684,1.0
1853,65586,Isaac Likekele,Oklahoma St.,0.6666666666666666,0.20652173913043478,0.21428571428571427,0.6666666666666666
1854,65588,Duncan Demuth,Vermont,0.0,1.0,0.0,1.0
1855,65589,Kendric Davis,SMU,0.0,0.10714285714285714,0.046511627906976744,0.5714285714285714
1856,65590,Kaden Archie,UTEP,1.0,0.3125,0.125,0.8333333333333334
1857,65591,Arashma Parks,Temple,0.0,0.4666666666666667,0.5,0.0
1858,65592,Owen Aschieris,TCU,0.0,0.0,0.0,1.0
1859,65593,Adam Seiko,San Diego St.,0.0,0.8333333333333334,1.0,1.0
1860,65595,Iran Bennett,Marshall,0.6923076923076923,0.5052631578947369,0.3125,0.0
1861,65596,Taevion Kinsey,Marshall,0.6944444444444444,0.4017094017094017,0.14754098360655737,0.6842105263157895
1862,65597,Jeremy Dillon,Marshall,1.0,1.0,0.0,1.0
1863,65600,Cory Hightower,Presbyterian,0.0,0.3956043956043956,0.3684210526315789,0.8214285714285714
1864,65601,Jordan Gibson,Presbyterian,0.0,0.0,0.0,0.0
1865,65602,Chris Martin,Presbyterian,0.0,0.1232876712328767,0.125,0.7777777777777778
1866,65603,Cle'von Greene,Radford,0.0,0.06666666666666667,0.125,0.9444444444444444
1867,65604,Cress Worthy,UNC Asheville,0.0,0.3333333333333333,0.0,0.6666666666666666
1868,65605,Josiah Jeffers,Radford,0.0,1.0,0.0,1.0
1869,65607,Mitch Listau,Belmont,0.0,0.75,0.3333333333333333,1.0
1870,65609,Robin Duncan,Vermont,0.0,0.3076923076923077,0.0,1.0
1871,65610,Ryan Davis,Vermont,1.0,0.6329113924050633,0.45454545454545453,1.0
1872,65612,Benjamin Stanley,Hampton,0.7777777777777778,0.5827338129496403,0.7016129032258065,1.0
1873,65613,Pierre Sow,Hampton,0.0,0.0,0.6666666666666666,0.0
1874,65614,Matiss Kulackovskis,Bowling Green,0.5,0.35294117647058826,1.0,1.0
1875,65615,Morgan Taylor,Incarnate Word,0.0,0.07142857142857142,0.0,0.0
1876,65621,Jake Klores,Columbia,0.0,0.0,0.0,0.0
1877,65622,Luke Avdalovic,Northern Arizona,0.0,0.5294117647058824,0.5833333333333334,0.975609756097561
1878,65623,Nik Mains,Northern Arizona,1.0,0.7368421052631579,0.75,1.0
1879,65625,Nick Guadarrama,New Hampshire,0.6666666666666666,0.4594594594594595,0.16666666666666666,1.0
1880,65626,Jayden Martinez,New Hampshire,1.0,0.3958333333333333,0.42857142857142855,1.0
1881,65628,Ed Croswell,La Salle,0.7857142857142857,0.4716981132075472,1.0,0.0
1882,65629,Jared Kimbrough,La Salle,0.8888888888888888,0.6857142857142857,0.42857142857142855,0.0
1883,65632,Hunter Vick,Tennessee Tech,0.0,0.5384615384615384,0.18181818181818182,0.925
1884,65633,Jalen Slawson,Furman,0.7586206896551724,0.673469387755102,0.5,0.9230769230769231
1885,65635,Daivien Williamson,East Tennessee St.,0.0,0.2786885245901639,0.10526315789473684,0.8235294117647058
1886,65636,Mike Bothwell,Furman,0.0,0.1276595744680851,0.08695652173913043,0.8421052631578947
1887,65637,Jaylon Pugh,Furman,0.0,1.0,0.0,1.0
1888,65638,Isaiah Poor Bear-Chandler,Wichita St.,1.0,0.8235294117647058,1.0,0.0
1889,65639,Dre Fuller Jr.,UCF,0.875,0.46875,0.375,0.9
1890,65640,Aiden Krause,UC Irvine,0.0,0.3076923076923077,1.0,0.0
1891,65641,Chris Ford,Norfolk St.,1.0,0.4782608695652174,0.7,0.0
1892,65642,Nathan Davis,Quinnipiac,0.0,0.0,0.0,1.0
1893,65644,Bryce Workman,Jacksonville,0.0,0.48,0.625,1.0
1894,65646,Donovan Forte,Jacksonville,0.0,1.0,0.0,0.0
1895,65649,Mason Harrell,Texas St.,0.0,0.15384615384615385,0.1724137931034483,0.8333333333333334
1896,65650,Jacobi Gordon,California,0.0,0.0,0.0,1.0
1897,65652,Jack Schoemann,Cal St. Bakersfield,1.0,0.6666666666666666,0.0,0.0
1898,65653,Elias Valtonen,Arizona St.,0.0,0.3333333333333333,0.0,1.0
1899,65654,Andre Kelly,California,0.875,0.5714285714285714,0.34615384615384615,0.6666666666666666
1900,65655,Matt Bradley,California,0.5,0.14102564102564102,0.2702702702702703,0.5151515151515151
1901,65656,Rashun Williams,South Florida,1.0,0.16666666666666666,0.5,1.0
1902,65657,CJ White,SMU,1.0,0.2857142857142857,0.75,1.0
1903,65658,Feron Hunt,SMU,0.8269230769230769,0.6796116504854369,0.6,1.0
1904,65659,Zion Griffin,Iowa St.,0.4,0.5333333333333333,0.625,1.0
1905,65662,George Conditt IV,Iowa St.,0.8666666666666667,0.7076923076923077,0.5416666666666666,0.0
1906,65663,Tyrese Haliburton,Iowa St.,0.42857142857142855,0.34782608695652173,0.0,0.8461538461538461
1907,65667,Kevin Zhang,Tulane,0.3333333333333333,0.29411764705882354,0.6111111111111112,1.0
1908,65668,Jamarius Burton,Wichita St.,0.6666666666666666,0.3023255813953488,0.10869565217391304,0.625
1909,65669,Dexter Dennis,Wichita St.,1.0,0.5,0.14285714285714285,0.8823529411764706
1910,65670,Tavin Lovan,UAB,0.6111111111111112,0.30927835051546393,0.11904761904761904,0.3333333333333333
1911,65671,Larry Wise,North Texas,0.0,0.3333333333333333,0.0,0.0
1912,65672,Payton Moore,Rice,0.6666666666666666,0.28125,0.16666666666666666,0.8571428571428571
1913,65674,Drew Peterson,Rice,0.5,0.1794871794871795,0.0625,0.9767441860465116
1914,65675,Trey Murphy III,Rice,0.6842105263157895,0.5641025641025641,0.1111111111111111,0.8823529411764706
1915,65677,Chris Mullins,Rice,0.0,0.3235294117647059,0.16666666666666666,1.0
1916,65679,Andres Feliz,Illinois,0.0,0.2641509433962264,0.1875,1.0
1917,65681,Antwuan Butler,Austin Peay,0.0,0.13333333333333333,0.07692307692307693,0.7368421052631579
1918,65682,De'Avion Washington,Indiana St.,0.0,0.25,0.0,1.0
1919,65683,Rey Idowu,Illinois St.,0.5,0.7142857142857143,0.7857142857142857,0.0
1920,65685,Hunter Marks,Hartford,0.7857142857142857,0.559322033898305,0.5,0.9772727272727273
1921,65686,Mason Forbes,Harvard,1.0,0.5806451612903226,0.0,0.0
1922,65687,Sekou Toure,UC Santa Barbara,1.0,0.56,0.75,1.0
1923,65690,Xavier Johnson,Pittsburgh,0.0,0.08620689655172414,0.17647058823529413,0.5161290322580645
1924,65691,Donatas Kupsas,Weber St.,0.0,0.0,0.0,1.0
1925,65692,Trevion Williams,Purdue,0.6666666666666666,0.36082474226804123,0.35185185185185186,0.3333333333333333
1926,65693,Jordan Henderson,Canisius,0.5,0.5161290322580645,0.37037037037037035,0.975
1927,65694,Sam Rautins,Canisius,0.0,0.0,0.0,1.0
1928,65695,Tyrone Nesby IV,Wagner,0.6666666666666666,0.42105263157894735,0.46153846153846156,0.9791666666666666
1929,65696,Bryce Laskey,Saint Francis,0.0,0.6666666666666666,0.25,0.8181818181818182
1930,65697,Precious Ikediashi,Saint Francis,1.0,1.0,0.0,0.0
1931,65698,Ivan Hadzic,Canisius,0.0,0.6666666666666666,1.0,0.0
1932,65699,Isaiah Kelly,Yale,1.0,0.5,0.0,0.0
1933,65700,RJ Williams,Boise St.,0.7894736842105263,0.46226415094339623,0.30434782608695654,0.0
1934,65701,Jason Preston,Ohio,0.25,0.34513274336283184,0.22727272727272727,0.45714285714285713
1935,65703,Quinn Blair,William & Mary,0.0,0.65625,0.625,1.0
1936,65705,L.J. Owens,UMBC,1.0,0.45454545454545453,0.07142857142857142,0.8780487804878049
1937,65706,Thornton Scott,William & Mary,0.0,0.09090909090909091,0.0,0.6785714285714286
1938,65707,Yagizhan Selcuk,Montana,0.0,0.5,0.0,0.0
1939,65708,Jakigh Dottin,Towson,1.0,0.14814814814814814,0.375,0.8333333333333334
1940,65709,Allen Betrand,Towson,0.0,0.3170731707317073,0.234375,0.6363636363636364
1941,65710,Mehkel Harvey,William & Mary,0.0,0.0,1.0,0.0
1942,65711,James Ellis,Duquesne,0.0,1.0,1.0,0.0
1943,65712,Darrin Person Jr.,Cal St. Bakersfield,0.0,0.1111111111111111,0.3,0.0
1944,65713,Juan Ducasse,Santa Clara,0.0,1.0,1.0,1.0
1945,65714,Landers Nolley II,Virginia Tech,0.5,0.2926829268292683,0.3548387096774194,0.8529411764705882
1946,65716,Isaiah Wilkins,Virginia Tech,1.0,0.42857142857142855,0.4166666666666667,0.9565217391304348
1947,65717,Robert Braswell,Syracuse,0.0,0.0,0.0,1.0
1948,65718,Jalen Carey,Syracuse,0.0,0.0,0.0,0.0
1949,65719,Marque Maultsby,New Hampshire,0.0,0.2,0.3125,0.6285714285714286
1950,65720,Raiquan Gray,Florida St.,0.25,0.20512820512820512,0.1,1.0
1951,65721,Dallas Watson,Saint Peter's,1.0,0.3684210526315789,0.3333333333333333,1.0
1952,65724,Michael Wynn,Wake Forest,0.0,0.3333333333333333,0.0,1.0
1953,65726,Francis Okoro,Oregon,0.9090909090909091,0.6923076923076923,0.4,0.0
1954,65727,Bryce Hamilton,UNLV,0.875,0.3953488372093023,0.22058823529411764,0.8421052631578947
1955,65728,Collin Welp,UC Irvine,1.0,0.34782608695652173,0.359375,0.9722222222222222
1956,65730,Zach Chappell,San Jose St.,0.0,0.15,0.07142857142857142,0.5
1957,65732,Kaison Hammonds,San Jose St.,0.0,0.8,0.4,0.8235294117647058
1958,65733,Seneca Knight,San Jose St.,0.5454545454545454,0.5373134328358209,0.125,0.5510204081632653
1959,65734,Brandon Knapper,West Virginia,0.0,0.14285714285714285,0.42857142857142855,0.8
1960,65736,Maizen Fausett,Southern Utah,1.0,0.28,0.42857142857142855,1.0
1961,65737,Malachi De Sousa,Albany,0.7777777777777778,0.5714285714285714,0.0,0.7692307692307693
1962,65739,Israel Barnes,Weber St.,0.6666666666666666,0.29411764705882354,0.5,1.0
1963,65740,Dima Zdor,Weber St.,0.75,0.47058823529411764,0.6666666666666666,0.0
1964,65741,Antonio Rizzuto,Albany,0.0,0.47368421052631576,1.0,0.9285714285714286
1965,65742,Ricky Torres,Illinois St.,0.0,0.18181818181818182,0.07692307692307693,0.8888888888888888
1966,65743,Erik Stevenson,Wichita St.,0.75,0.4722222222222222,0.48148148148148145,0.803921568627451
1967,65744,Morris Udeze,Wichita St.,1.0,0.6666666666666666,0.14285714285714285,0.0
1968,65745,Jaime Echenique,Wichita St.,0.7407407407407407,0.6506024096385542,0.4583333333333333,1.0
1969,65746,Jalen Crutchfield,Stetson,0.0,0.5,0.0,1.0
1970,65748,Sharone Wright Jr.,Wake Forest,0.0,0.3333333333333333,0.4,1.0
1971,65750,Madiaw Niang,Florida Atlantic,0.0,0.7,1.0,1.0
1972,65751,Logan Johnson,Saint Mary's,0.0,0.3333333333333333,0.0,1.0
1973,65752,Pietro Agostini,Kennesaw St.,0.0,0.6842105263157895,0.5,0.0
1974,65753,Jairus Hamilton,Boston College,0.8888888888888888,0.4146341463414634,0.5769230769230769,0.9285714285714286
1975,65754,Caleb Catto,Florida Gulf Coast,0.0,0.4423076923076923,0.5483870967741935,0.8813559322033898
1976,65755,Zach Scott,Florida Gulf Coast,0.0,0.375,0.35,0.8888888888888888
1977,65756,Danny Lewis,Kennesaw St.,0.0,0.2,0.0,1.0
1978,65757,C.J. Washington,Kennesaw St.,0.0,0.2608695652173913,0.25,0.9230769230769231
1979,65759,Liam Robbins,Drake,0.8846153846153846,0.6947368421052632,0.5428571428571428,0.9
1980,65760,Jawaun Newton,Evansville,0.0,0.41379310344827586,0.6153846153846154,1.0
1981,65761,Shamar Givance,Evansville,0.0,0.1875,0.0,0.7333333333333333
1982,65763,Logan Dye,Samford,1.0,0.47058823529411764,0.2727272727272727,1.0
1983,65766,Jordan Lathon,UTEP,0.5,0.1,0.1875,0.5789473684210527
1984,65767,D.J. Funderburk,N.C. State,0.8604651162790697,0.6363636363636364,0.7058823529411765,1.0
1985,65769,Coletrane Washington,Drexel,0.0,0.6,0.4,0.9
1986,65771,Quan McCluney,Charleston,0.0,0.3333333333333333,0.0,1.0
1987,65772,Tyler Behrendt,Milwaukee,0.0,0.0,0.0,0.8571428571428571
1988,65773,Matey Juric,Drexel,0.0,0.3125,0.25,0.96
1989,65774,Camren Wynter,Drexel,0.0,0.36619718309859156,0.17567567567567569,0.6363636363636364
1990,65776,Kale Catchings,Harvard,0.0,0.0,0.0,1.0
1991,65777,Jay Nagle,UC Santa Barbara,0.0,0.0,0.5,1.0
1992,65778,Amadou Sow,UC Santa Barbara,0.8,0.5882352941176471,0.6862745098039216,0.8125
1993,65779,Souleymane Diakite,NJIT,0.8,0.4358974358974359,0.2,0.0
1994,65781,Kjell De Graaf,NJIT,1.0,0.8333333333333334,0.0,1.0
1995,65784,Aleksa Matic,North Alabama,0.0,0.4,0.0,1.0
1996,65785,Ahsan Asadullah,Lipscomb,1.0,0.44025157232704404,0.22972972972972974,1.0
1997,65786,Cameron Parker,Sacred Heart,0.0,0.030303030303030304,0.3076923076923077,0.5
1998,65787,Zach Pfaffenberger,Sacred Heart,1.0,0.5454545454545454,0.9166666666666666,0.0
1999,65788,Chaylyn Martin,Sacred Heart,0.0,0.45454545454545453,0.0,1.0
2000,65789,Aaron Clarke,Sacred Heart,0.0,0.1951219512195122,0.16666666666666666,0.7547169811320755
2001,65792,Koreem Ozier,Sacred Heart,0.0,0.1896551724137931,0.25,0.6666666666666666
2002,65794,Myles Thompson,Saint Francis,1.0,0.391304347826087,0.4666666666666667,0.9130434782608695
2003,65797,Marcus Bingham Jr.,Michigan St.,0.6666666666666666,0.6896551724137931,0.5,1.0
2004,65798,Zac Watson,UC Riverside,1.0,0.6666666666666666,0.6666666666666666,0.0
2005,65799,DJ McDonald,UC Riverside,0.0,0.0,0.0,0.75
2006,65800,Charles Bassey,Western Kentucky,0.875,0.6551724137931034,0.4,1.0
2007,65801,Jeremiah Gambrell,Western Kentucky,0.0,0.25,0.0,1.0
2008,65802,Callum McRae,UC Riverside,1.0,0.5882352941176471,0.30303030303030304,0.0
2009,65803,Dalano Banton,Nebraska,0.0,0.0,0.0,0.0
2010,65804,Matt Horton,Western Kentucky,0.6666666666666666,0.3333333333333333,0.0,0.0
2011,65806,Oddyst Walker,Stephen F. Austin,0.0,0.16666666666666666,0.0,0.8235294117647058
2012,65807,Jalon Clark,Texas A&M Corpus Chris,0.0,0.0,0.0,0.0
2013,65809,Caden Sanchez,High Point,1.0,0.4375,0.5555555555555556,1.0
2014,65810,Brendan Newton,Liberty,0.0,0.0,0.0,0.0
2015,65811,Trey Woodbury,Utah Valley,0.0,0.42857142857142855,0.55,0.9545454545454546
2016,65812,Zach Copeland,Illinois St.,0.0,0.11764705882352941,0.0967741935483871,0.675
2017,65813,Austin Smellie,Idaho St.,0.0,0.25,0.36363636363636365,0.8275862068965517
2018,65814,Foster Loyer,Michigan St.,0.0,0.5,0.6666666666666666,0.9444444444444444
2019,65815,Brandon Johns Jr.,Michigan,0.875,0.53125,0.36363636363636365,1.0
2020,65817,Adrien Nunez,Michigan,0.0,0.6666666666666666,0.0,0.9090909090909091
2021,65818,Alperen Kurnaz,Denver,0.0,0.5333333333333333,0.0,1.0
2022,65819,Alex Jones,Lipscomb,0.0,0.0,0.0,0.0
2023,65820,Andrew Tate,USC Upstate,0.0,0.0,0.0,0.0
2024,65821,Adam Lulka,Albany,1.0,0.7391304347826086,0.0,1.0
2025,65822,Ethan Wright,Princeton,0.0,0.375,0.3333333333333333,0.9411764705882353
2026,65823,KeShawn Curry,VCU,0.5,0.21052631578947367,0.5714285714285714,1.0
2027,65824,Jaelin Llewellyn,Princeton,0.6666666666666666,0.09090909090909091,0.0,0.7619047619047619
2028,65825,Drew Friberg,Princeton,0.0,0.8461538461538461,0.4,0.96
2029,65826,Max Johns,Princeton,0.0,0.2,0.5,1.0
2030,65828,Cam Brooks-Harris,Marshall,0.8333333333333334,0.5,0.0,0.7142857142857143
2031,65829,Bryan Penn-Johnson,Washington,1.0,1.0,0.5,0.0
2032,65834,Milos Stajcic,Campbell,0.0,0.7647058823529411,0.29411764705882354,1.0
2033,65836,Michael Forrest,Florida Atlantic,0.0,0.25,0.25,0.8653846153846154
2034,65838,"Antonio Daye, Jr.",FIU,1.0,0.14285714285714285,0.08333333333333333,0.6
2035,65839,Chris Doherty,Notre Dame,1.0,1.0,0.0,0.0
2036,65840,Stacey Thomas,Louisiana Tech,1.0,0.8,1.0,0.0
2037,65841,Isaiah Mucius,Wake Forest,0.8571428571428571,0.5,0.6052631578947368,1.0
2038,65843,Jamal Bey,Washington,1.0,0.35294117647058826,0.2,0.9444444444444444
2039,65844,Brent Hank,Albany,0.75,0.6363636363636364,1.0,1.0
2040,65848,Trey Jemison,Clemson,1.0,0.8571428571428571,0.6666666666666666,0.0
2041,65849,John Newman III,Clemson,0.5714285714285714,0.2727272727272727,0.047619047619047616,0.7777777777777778
2042,65850,Atakan Sahinkaya,Troy,0.0,0.5714285714285714,0.0,1.0
2043,65851,Robert Brown,New Mexico St.,0.0,0.0,0.0,0.0
2044,65853,Chris Herren Jr.,Boston College,0.0,0.0,0.0,1.0
2045,65855,Tre Jones,Duke,0.0,0.18032786885245902,0.04838709677419355,0.5897435897435898
2046,65856,Nathan Mensah,San Diego St.,0.9090909090909091,0.7619047619047619,0.6153846153846154,0.0
2047,65858,Will Richardson,Oregon,0.0,0.18055555555555555,0.0,0.8947368421052632
2048,65859,Joel Mensah,San Diego St.,1.0,0.8666666666666667,0.8,1.0
2049,65861,Christian Anigwe,San Jose St.,0.8888888888888888,0.6571428571428571,0.8,1.0
2050,65864,Alonzo Sule,Texas St.,0.6666666666666666,0.6538461538461539,0.4878048780487805,0.0
2051,65865,Ja'Shon Henry,Bradley,0.6923076923076923,0.5866666666666667,0.2857142857142857,0.9
2052,65866,Darius McGhee,Liberty,0.5,0.2692307692307692,0.21428571428571427,0.921875
2053,65867,Rasir Bolton,Iowa St.,1.0,0.2898550724637681,0.24,0.6
2054,65868,Sam Shafer,Albany,0.0,0.0,0.0,0.0
2055,65869,Ari Boya,Bradley,0.9166666666666666,0.75,0.625,0.0
2056,65870,Eli Parquet,Colorado,0.5,0.5555555555555556,0.6666666666666666,1.0
2057,65871,Samuel Chaput,Monmouth,0.0,0.03225806451612903,0.0,0.6153846153846154
2058,65872,Nikkei Rutty,Monmouth,1.0,0.7666666666666667,0.6666666666666666,0.0
2059,65873,Raheem Solomon,Niagara,0.6666666666666666,0.4583333333333333,0.45,0.7435897435897436
2060,65874,Marcus Hammond,Niagara,0.0,0.2222222222222222,0.21428571428571427,0.581081081081081
2061,65876,Steven Levnaic,Niagara,0.0,0.7333333333333333,0.0,1.0
2062,65878,Tyrel Bladen,Rider,1.0,0.7777777777777778,0.0,0.0
2063,65879,Jalen Pickett,Siena,0.3333333333333333,0.2571428571428571,0.09210526315789473,0.4482758620689655
2064,65880,Ousmane Ndim,LIU,0.0,1.0,0.6666666666666666,0.0
2065,65881,Glenn Morison,Cal Baptist,1.0,0.7391304347826086,0.5,0.0
2066,65883,Justin Bean,Utah St.,0.9,0.6,0.6842105263157895,0.875
2067,65885,Sullivan Kulju,Richmond,0.0,0.0,0.0,0.0
2068,65886,Jordan Gaitley,Richmond,0.0,0.0,0.0,0.0
2069,65888,Cole Swider,Villanova,1.0,0.38461538461538464,0.375,0.8947368421052632
2070,65889,Saddiq Bey,Villanova,0.6666666666666666,0.2878787878787879,0.13333333333333333,0.9240506329113924
2071,65890,Jake Forrester,Temple,0.8888888888888888,0.711864406779661,0.6190476190476191,0.0
2072,65892,Jerome Hunter,Indiana,0.0,0.375,0.3333333333333333,1.0
2073,65893,Rob Phinisee,Indiana,0.0,0.0625,0.07692307692307693,0.8260869565217391
2074,65894,Dragan Elkaz,UC Riverside,0.0,0.0,0.25,0.90625
2075,65895,Damezi Anderson,Indiana,0.0,0.0,0.25,1.0
2076,65896,Tuukka Jaakkola,Cal Poly,0.7777777777777778,0.5,0.3125,0.0
2077,65900,Kai Toews,UNC Wilmington,0.0,0.0,0.0,0.7142857142857143
2078,65901,Devon Flowers,James Madison,0.0,0.0,0.0,1.0
2079,65902,Deshon Parker,James Madison,0.0,0.075,0.0,0.8
2080,65903,Warren Williams,Manhattan,0.9375,0.6417910447761194,0.37037037037037035,0.0
2081,65904,Andrija Ristanovic,Iona,1.0,1.0,0.0,1.0
2082,65905,Taurus Samuels,Dartmouth,0.0,0.19444444444444445,0.26666666666666666,0.7857142857142857
2083,65906,Robert Woodard II,Mississippi St.,0.6896551724137931,0.5625,0.5476190476190477,0.9
2084,65907,Markquis Nowell,Little Rock,0.0,0.1590909090909091,0.3076923076923077,0.52
2085,65908,Kamani Johnson,Little Rock,0.7777777777777778,0.5617977528089888,0.5555555555555556,0.0
2086,65909,Tomas Verbinskis,Richmond,0.0,0.0,0.0,1.0
2087,65910,Kobe Wilson,Arkansas St.,0.0,0.0,0.0,0.5
2088,65911,Adrian Delph,Appalachian St.,0.5,0.35714285714285715,0.1875,0.8857142857142857
2089,65913,Ben Pyle,Western Illinois,1.0,0.12903225806451613,0.125,0.8571428571428571
2090,65914,Luis Rodriguez,Mississippi,1.0,0.2857142857142857,1.0,0.0
2091,65915,Reggie Perry,Mississippi St.,0.8333333333333334,0.5357142857142857,0.4375,0.9130434782608695
2092,65916,D.J. Stewart,Mississippi St.,0.8571428571428571,0.6136363636363636,0.42857142857142855,0.8461538461538461
2093,65920,Rico Ozuna-Harrison,Michigan,0.0,1.0,0.0,0.0
2094,65921,Carlos Curry,Mississippi,1.0,0.4,1.0,0.0
2095,65922,Sidney Wilson,Connecticut,0.75,0.55,0.4,1.0
2096,65923,Tyler Harris,Memphis,0.0,0.3125,0.2727272727272727,0.6949152542372882
2097,65924,Alex Lomax,Memphis,0.0,0.16666666666666666,0.08,0.75
2098,65926,Jayden Hardaway,Memphis,0.0,0.14285714285714285,0.5,0.8333333333333334
2099,65927,Ryan Boyce,Memphis,0.0,0.0,0.0,1.0
2100,65928,Madut Akec,South Florida,1.0,0.625,1.0,1.0
2101,65929,Xavier Castaneda,South Florida,0.0,0.0625,0.0,0.96
2102,65930,Michael Durr,South Florida,0.9090909090909091,0.5283018867924528,0.5217391304347826,0.0
2103,65932,Race Thompson,Indiana,1.0,0.5,0.625,1.0
2104,65933,Jabari Rice,New Mexico St.,0.6,0.3684210526315789,0.5384615384615384,0.8936170212765957
2105,65934,Kylor Kelley,Oregon St.,0.9523809523809523,0.8571428571428571,0.41379310344827586,0.0
2106,65937,Jaiden Delaire,Stanford,1.0,0.5535714285714286,0.5714285714285714,1.0
2107,65938,Keenan Fitzmorris,Stanford,0.0,0.0,0.0,0.0
2108,65940,Lukas Kisunas,Stanford,0.8,0.6129032258064516,0.3333333333333333,0.0
2109,65942,Justin Bofenkamp,Youngstown St.,0.0,0.0,0.0,0.0
2110,65943,DaQuan Smith,Murray St.,0.0,0.07407407407407407,0.0,0.9047619047619048
2111,65944,Jarron Coleman,Ball St.,0.25,0.2222222222222222,0.3333333333333333,0.76
2112,65946,Tayler Mattos,Bowling Green,1.0,0.525,0.375,0.75
2113,65947,Caleb Fields,Bowling Green,0.0,0.37037037037037035,0.4,0.88
2114,65948,Brandon Porter,Wyoming,0.6666666666666666,0.2222222222222222,0.0,1.0
2115,65949,Trevon Taylor,Wyoming,0.6666666666666666,0.7222222222222222,0.4375,0.9166666666666666
2116,65952,Connor Harding,BYU,0.75,0.4583333333333333,0.45454545454545453,0.9705882352941176
2117,65953,AJ Green,Northern Iowa,0.0,0.28125,0.0273972602739726,0.36470588235294116
2118,65955,Jordan Phillips,UT Arlington,0.8,0.3793103448275862,0.45454545454545453,1.0
2119,65957,Matt Herasme,Marist,0.0,0.13636363636363635,0.14285714285714285,0.864406779661017
2120,65958,Darius Hines,Marist,0.0,0.0,0.0,0.0
2121,65959,Samir Stewart,Manhattan,0.0,0.26666666666666666,0.2727272727272727,0.8823529411764706
2122,65961,Christian Hinckson,Manhattan,0.0,0.12903225806451613,0.3157894736842105,0.76
2123,65962,Elijah Buchanan,Manhattan,0.5,0.2222222222222222,0.15789473684210525,0.8333333333333334
2124,65963,Ochai Agbaji,Kansas,0.8461538461538461,0.5098039215686274,0.058823529411764705,0.8837209302325582
2125,65964,Joey Calcaterra,San Diego,0.0,0.5714285714285714,0.37209302325581395,0.7254901960784313
2126,65966,Hugh Hogland,Portland,1.0,0.5,0.5,0.0
2127,65967,Takiula Fahrensohn,Portland,0.0,0.5,0.38461538461538464,0.9111111111111111
2128,65968,David Wingett,South Dakota St.,0.5,0.07692307692307693,0.0,0.9811320754716981
2129,65969,Jamari Blackmon,North Alabama,0.0,0.11764705882352941,0.0,0.5614035087719298
2130,65970,Juan Munoz,Longwood,0.0,0.0,0.1111111111111111,0.64
2131,65971,Jeenathan Williams,Buffalo,0.5,0.43157894736842106,0.3076923076923077,0.96875
2132,65972,Nevin Zink,USC Upstate,1.0,0.654320987654321,0.4,0.0
2133,65973,Hal Hughes,Hofstra,1.0,1.0,0.0,0.0
2134,65974,Ronaldo Segu,Buffalo,0.0,0.2608695652173913,0.06060606060606061,1.0
2135,65975,Brandon Martin,USC Upstate,0.0,0.6333333333333333,0.4375,1.0
2136,65976,Bryson Mozone,USC Upstate,0.0,0.46153846153846156,0.2631578947368421,0.9508196721311475
2137,65978,Nick Muszynski,Belmont,0.8666666666666667,0.6597222222222222,0.3695652173913043,1.0
2138,65979,Tate Pierson,Belmont,0.0,0.7777777777777778,0.0,0.9473684210526315
2139,65981,D.J. Burns,Winthrop,1.0,0.38181818181818183,0.41346153846153844,0.0
2140,65982,Alanzo Frink,South Carolina,0.6666666666666666,0.7297297297297297,0.5909090909090909,0.0
2141,65983,Keyshawn Bryant,South Carolina,0.72,0.543859649122807,0.42105263157894735,1.0
2142,65984,Ryan Rocuant,Florida Gulf Coast,0.0,0.0,0.0,0.0
2143,65985,Jaylen Sims,UNC Wilmington,0.0,0.32,0.05555555555555555,0.7755102040816326
2144,65986,Abraham Deng,Longwood,0.0,1.0,1.0,0.0
2145,65987,Jack Hoiberg,Michigan St.,0.0,0.0,0.0,1.0
2146,65989,Brian White,Northwestern St.,0.0,0.06451612903225806,0.07692307692307693,0.3333333333333333
2147,65991,Joe Bryant Jr.,Norfolk St.,0.0,0.35714285714285715,0.13043478260869565,0.875
2148,65992,Jahmel Myers,New Orleans,0.9,0.6037735849056604,0.7142857142857143,1.0
2149,65993,Amari Haynes,New Orleans,0.0,0.0,0.0,0.0
2150,65994,Nate Roberts,Washington,0.75,0.75,0.5,0.0
2151,65995,Deon Stroud,UTEP,0.4,0.42857142857142855,0.125,1.0
2152,65997,Ty Brewer,Southeastern Louisiana,0.6818181818181818,0.5166666666666667,0.42857142857142855,0.7096774193548387
2153,65999,Ethan Igbanugo,North Dakota,0.0,1.0,0.0,1.0
2154,66000,Aaron Fiegen,South Dakota St.,0.0,1.0,0.0,0.0
2155,66001,Aanen Moody,North Dakota,0.0,0.0,0.5,1.0
2156,66002,Francis Lacis,Oral Roberts,0.6666666666666666,0.6666666666666666,0.0,1.0
2157,66005,Malik LeGania,Coastal Carolina,0.0,0.6086956521739131,0.3125,0.8333333333333334
2158,66006,Devante Jones,Coastal Carolina,0.0,0.27,0.19047619047619047,0.7428571428571429
2159,66007,Lamine Diane,Cal St. Northridge,0.7692307692307693,0.4854368932038835,0.1276595744680851,0.8
2160,66008,EJ Montgomery,Kentucky,0.8235294117647058,0.6829268292682927,0.6551724137931034,1.0
2161,66010,Blake Hinson,Mississippi,1.0,0.375,0.5357142857142857,0.9111111111111111
2162,66011,KJ Buffen,Mississippi,0.875,0.5,0.6216216216216216,1.0
2163,66012,Franco Miller Jr.,Mississippi,0.0,0.0,0.0,1.0
2164,66013,Tykei Greene,Manhattan,0.6,0.3695652173913043,0.26666666666666666,0.8666666666666667
2165,66014,KC Hankton,Saint Louis,0.0,0.75,0.0,0.0
2166,66015,Brendan Adams,Connecticut,1.0,0.5151515151515151,0.2727272727272727,0.9333333333333333
2167,66017,Michael Barber,Howard,0.0,0.8,0.2857142857142857,1.0
2168,66018,Brock Washington,Michigan St.,0.0,0.0,0.0,1.0
2169,66019,Aguir Agau,Fresno St.,1.0,0.6111111111111112,0.0,1.0
2170,66021,Josh Alexander,American,0.0,0.6774193548387096,0.5,0.0
2171,66022,Mason Cooper,Eastern Kentucky,0.0,0.0,0.0,1.0
2172,66023,Demarius Jacobs,Saint Louis,0.75,0.5161290322580645,0.5,0.8571428571428571
2173,66026,Fred Thatch Jr.,Saint Louis,0.0,0.4,1.0,1.0
2174,66027,Antoine Vernon,Oregon St.,0.0,0.0,0.0,1.0
2175,66029,Malik Riddle,Morehead St.,0.5,0.5,0.23076923076923078,0.9444444444444444
2176,66031,Javon Freeman-Liberty,Valparaiso,0.5,0.3418803418803419,0.23214285714285715,0.673469387755102
2177,66032,De'Torrion Ware,Jacksonville St.,0.3333333333333333,0.2916666666666667,0.35714285714285715,0.94
2178,66033,Jahbril Price-Noel,Pacific,0.0,0.11764705882352941,0.25,0.75
2179,66035,Filip Petrusev,Gonzaga,0.875,0.5238095238095238,0.5166666666666667,1.0
2180,66036,Darryl Polk Jr.,Pepperdine,0.0,0.3333333333333333,0.2857142857142857,1.0
2181,66037,A.J. Reeves,Providence,0.7777777777777778,0.56,0.625,0.9473684210526315
2182,66038,Jimmy Nichols Jr.,Providence,1.0,1.0,1.0,0.0
2183,66039,DeShaun Wade,Longwood,0.0,0.17391304347826086,0.0,0.868421052631579
2184,66040,David Duke,Providence,0.7857142857142857,0.41818181818181815,0.4,0.8095238095238095
2185,66041,Ian Krishnan,Central Connecticut,1.0,0.26666666666666666,0.3888888888888889,0.8108108108108109
2186,66044,Patrick Harding,Bryant,1.0,0.7307692307692307,0.6,0.0
2187,66046,Kani Acree,Ball St.,0.0,0.23809523809523808,0.0,1.0
2188,66048,Brandon Kenyon,IU Indy,1.0,0.8571428571428571,0.0,1.0
2189,66050,Dibaji Walker,Massachusetts,0.75,0.5714285714285714,0.4666666666666667,0.8666666666666667
2190,66051,Jayden Gardner,East Carolina,0.5,0.5547945205479452,0.6712328767123288,1.0
2191,66052,Gavin Baxter,BYU,1.0,0.6666666666666666,1.0,0.0
2192,66054,Everette Hammond,USC Upstate,0.0,0.35294117647058826,0.23076923076923078,0.7352941176470589
2193,66055,Ibn Williams,Coppin St.,0.0,0.08333333333333333,0.5,0.5454545454545454
2194,66057,Trevelin Queen,New Mexico St.,0.3076923076923077,0.3157894736842105,0.16666666666666666,0.7708333333333334
2195,66058,Brendan Medley-Bacon,Coppin St.,0.5909090909090909,0.41379310344827586,0.6,0.0
2196,66060,Nigel Marshall,Coppin St.,0.0,0.14285714285714285,0.0,0.5
2197,66061,Giir Ring,Coppin St.,0.0,0.4,0.5,1.0
2198,66062,T.J. Moss,South Carolina,0.0,0.6666666666666666,0.0,0.9
2199,66063,A.J. Lawson,South Carolina,0.5384615384615384,0.48936170212765956,0.2903225806451613,0.9298245614035088
2200,66064,Xavier Pinson,Missouri,0.4,0.12244897959183673,0.07142857142857142,0.6551724137931034
2201,66065,Torrence Watson,Missouri,0.0,0.5,0.5,0.9411764705882353
2202,66066,Parker Braun,Missouri,0.5,0.7692307692307693,0.0,0.0
2203,66067,Danya Kingsby,Bradley,0.6666666666666666,0.2,0.22727272727272727,0.8181818181818182
2204,66068,Emmitt Williams,LSU,0.6590909090909091,0.504950495049505,0.3333333333333333,1.0
2205,66069,Darius Days,LSU,0.875,0.53125,0.4090909090909091,0.9487179487179487
2206,66070,Kamaka Hepa,Texas,0.5,0.8571428571428571,0.0,0.9285714285714286
2207,66072,KJ Williams,Murray St.,0.8333333333333334,0.6881720430107527,0.5135135135135135,1.0
2208,66073,Diante Wood,Jacksonville,0.5,0.3939393939393939,0.125,0.0
2209,66076,Dalin Williams,Northwestern St.,0.0,0.875,1.0,0.0
2210,66077,Alou Dillon,South Dakota St.,0.6666666666666666,0.47058823529411764,0.25,1.0
2211,66080,Kyle Greeley,Portland St.,0.0,0.6666666666666666,0.36363636363636365,1.0
2212,66081,Jalen Hodge,Louisiana Monroe,0.0,0.4666666666666667,0.4,0.7222222222222222
2213,66082,Adili Kuerban,Kennesaw St.,0.0,0.0,0.2,1.0
2214,66083,Michael Dunne,Hartford,0.0,1.0,0.0,1.0
2215,66085,Kobe Julien,Louisiana,0.5,0.3333333333333333,0.6666666666666666,0.6666666666666666
2216,66087,Kristian Lafayette,Louisiana,0.0,0.6666666666666666,0.25,1.0
2217,66088,JD Williams,Louisiana Monroe,1.0,0.3,0.25,0.9545454545454546
2218,66089,Jacob Boonyasith,American,0.0,0.20833333333333334,0.38461538461538464,0.8666666666666667
2219,66091,Ashton Hagans,Kentucky,0.18181818181818182,0.11594202898550725,0.13636363636363635,0.625
2220,66093,Amanze Ngumezi,Georgia,0.8,0.7,0.4,1.0
2221,66095,Tye Fagan,Georgia,1.0,0.5,0.3,0.8
2222,66096,Noah Locke,Florida,0.0,0.0,0.14285714285714285,0.96
2223,66097,Keyontae Johnson,Florida,0.7,0.35135135135135137,0.32,0.9032258064516129
2224,66098,Andrew Nembhard,Florida,0.0,0.0784313725490196,0.02127659574468085,0.6875
2225,66099,Tyrone Lyons,North Carolina A&T,0.8333333333333334,0.6744186046511628,0.375,0.8571428571428571
2226,66103,Christian Agnew,North Alabama,0.0,0.36507936507936506,0.0,0.8484848484848485
2227,66105,Ryan Greer,Northwestern,0.0,0.5,0.6666666666666666,1.0
2228,66106,Jarvis Omersa,Minnesota,0.75,0.6666666666666666,1.0,0.0
2229,66107,Gabe Kalscheur,Minnesota,1.0,0.5416666666666666,0.4444444444444444,0.9342105263157895
2230,66108,Gabe Brown,Michigan St.,0.8,0.7241379310344828,0.75,1.0
2231,66109,Karrington Davis,Southern Illinois,1.0,0.5,0.0,1.0
2232,66110,Daniel Oturu,Minnesota,0.7058823529411765,0.5214723926380368,0.6428571428571429,1.0
2233,66111,Amir Harris,George Washington,0.8,0.30434782608695654,0.0,0.6666666666666666
2234,66112,Flo Thamba,Baylor,1.0,0.9,0.6666666666666666,0.0
2235,66113,Jared Butler,Baylor,0.0,0.2,0.2,0.6753246753246753
2236,66114,Osun Osunniyi,St. Bonaventure,0.868421052631579,0.8235294117647058,0.875,0.0
2237,66115,Vince Williams,VCU,0.5,0.5263157894736842,1.0,1.0
2238,66116,P.J. Byrd,Colorado St.,0.0,1.0,0.0,0.6666666666666666
2239,66117,Darius Beane,Northern Illinois,0.5714285714285714,0.1891891891891892,0.35294117647058826,1.0
2240,66119,Cam Jones,Jacksonville St.,0.0,0.1,0.3333333333333333,0.8333333333333334
2241,66120,Jomaru Brown,Eastern Kentucky,0.0,0.058823529411764705,0.07407407407407407,0.6829268292682927
2242,66121,Tre King,Eastern Kentucky,0.7741935483870968,0.6376811594202898,0.36507936507936506,0.6666666666666666
2243,66122,Houston King,Eastern Kentucky,0.0,0.6666666666666666,0.0,0.6
2244,66123,Maros Zeliznak,Jacksonville St.,0.0,0.6363636363636364,0.4,0.0
2245,66127,Mike Meadows,Eastern Washington,0.0,0.0,0.2,0.75
2246,66130,Anthony Davis Jr,Arkansas Pine Bluff,0.0,0.0,0.0,0.0
2247,66132,Victor Ohia Obioha,Pepperdine,0.8,0.6774193548387096,0.75,0.0
2248,66133,Jackson Stormo,Pepperdine,0.0,1.0,0.0,0.0
2249,66135,Jason Malonga,DePaul,0.0,0.0,0.0,0.0
2250,66137,Gabe Bryant,Gardner Webb,1.0,0.8,0.0,0.0
2251,66138,Ludovic Dufeal,Gardner Webb,1.0,0.7719298245614035,1.0,1.0
2252,66140,Curtis Holland III,High Point,0.3333333333333333,0.5,0.5454545454545454,0.7647058823529411
2253,66141,Rob Peterson III,High Point,1.0,0.48148148148148145,0.7692307692307693,1.0
2254,66143,LJ Thorpe,UNC Asheville,0.25,0.1941747572815534,0.16,0.9375
2255,66144,Trevon Faulkner,Northern Kentucky,0.0,0.2549019607843137,0.275,0.9714285714285714
2256,66145,Adrian Nelson,Northern Kentucky,1.0,0.7647058823529411,0.0,0.0
2257,66147,Bryant Mocaby,Northern Kentucky,0.0,0.0,1.0,1.0
2258,66149,Harrison Butler,Southern Utah,0.6,0.425,0.3,0.7142857142857143
2259,66150,Serrel Smith Jr.,Maryland,0.0,0.2,0.0,1.0
2260,66151,Josh Cornish,Southern Utah,0.0,0.0,0.0,0.0
2261,66152,Sasha Stefanovic,Purdue,0.0,1.0,0.42857142857142855,0.96875
2262,66153,Austin Rotroff,Duquesne,1.0,0.8,0.5,0.0
2263,66155,Jared Sherfield,Tennessee Tech,0.0,0.5,0.0,0.9090909090909091
2264,66156,Richard Njoku,Navy,1.0,0.5833333333333334,0.7777777777777778,0.0
2265,66157,Marlon Taylor,LSU,0.6666666666666666,0.4444444444444444,0.16666666666666666,1.0
2266,66158,Dren Dedushaj,Bryant,0.0,0.0,1.0,0.0
2267,66159,Jaylin Andrews,Loyola MD,0.0,0.5813953488372093,0.4666666666666667,0.9629629629629629
2268,66161,Kenneth Jones,Loyola MD,0.0,0.4,0.0,0.8974358974358975
2269,66163,Javonte Smart,LSU,0.0,0.35714285714285715,0.018518518518518517,0.6521739130434783
2270,66166,Tray Maddox Jr.,Oakland,0.2,0.13157894736842105,0.09523809523809523,0.717948717948718
2271,66167,Christian Silva,Navy,0.0,0.0,0.0,1.0
2272,66168,Malik Martin,Charlotte,0.0,0.5135135135135135,0.17647058823529413,0.9411764705882353
2273,66169,Cooper Robb,Charlotte,0.0,0.5,0.0,0.88
2274,66170,Brandon Younger,Charlotte,0.0,0.0,0.0,1.0
2275,66171,Jaylen Sebree,Florida Atlantic,0.0,0.3333333333333333,0.25,0.875
2276,66172,James Akinjo,Georgetown,0.0,0.14285714285714285,0.125,0.625
2277,66174,Aaron Nesmith,Vanderbilt,0.3333333333333333,0.27586206896551724,0.0625,0.85
2278,66177,Khalil Cuffee,Southeast Missouri St.,0.0,1.0,0.0,0.75
2279,66178,Zep Jasper,Charleston,0.0,0.25,0.0,0.8857142857142857
2280,66180,Kavonte Ivery,Georgia St.,0.0,0.21428571428571427,0.4,1.0
2281,66182,Calvin Wishart,Georgia Southern,0.0,0.13043478260869565,0.3333333333333333,0.8113207547169812
2282,66183,Elijah McCadden,Georgia Southern,0.6842105263157895,0.3617021276595745,0.13043478260869565,0.8292682926829268
2283,66184,David Viti,Georgia Southern,0.0,0.0,1.0,1.0
2284,66186,Nelson Phillips,Georgia St.,0.5833333333333334,0.4878048780487805,0.0,0.9166666666666666
2285,66188,Justin Hemsley,Hawaii,0.3333333333333333,0.44,0.4,0.9
2286,66189,Justin Brown,Chattanooga,1.0,0.6666666666666666,0.0,0.0
2287,66191,Jake Wojcik,Richmond,0.0,0.0,0.125,0.9444444444444444
2288,66192,Souleymane Koureissi,Richmond,0.0,0.3,0.0,1.0
2289,66193,Andre Gustavson,Richmond,0.5,0.4878048780487805,0.5,1.0
2290,66194,Matt Grace,Richmond,0.0,1.0,0.0,1.0
2291,66195,Sy Chatman,Massachusetts,0.5,0.36363636363636365,0.5,0.0
2292,66196,Omar Silverio,Hofstra,0.0,1.0,0.3333333333333333,0.7333333333333333
2293,66198,Samba Diallo,Massachusetts,0.6666666666666666,0.6666666666666666,0.5714285714285714,1.0
2294,66200,Michael Devoe,Georgia Tech,0.0,0.22857142857142856,0.07142857142857142,0.8490566037735849
2295,66201,Diego Willis,NJIT,0.0,1.0,0.2222222222222222,0.8571428571428571
2296,66202,Joey Baker,Duke,0.0,0.25,0.42857142857142855,0.9642857142857143
2297,66203,Devin Vassell,Florida St.,0.8461538461538461,0.6274509803921569,0.22448979591836735,0.8636363636363636
2298,66204,Josh Price,Liberty,0.0,0.0,0.0,1.0
2299,66205,Blake Preston,Liberty,0.0,0.5,1.0,0.0
2300,66206,Jaxson Strates,Lipscomb,0.0,1.0,0.0,0.0
2301,66208,Myles Dread,Penn St.,0.0,0.2727272727272727,0.42857142857142855,0.9230769230769231
2302,66209,Ryan Young,Northwestern,1.0,0.5789473684210527,0.4444444444444444,1.0
2303,66210,Miller Kopp,Northwestern,0.0,0.65,0.6727272727272727,0.8769230769230769
2304,66211,Luther Muhammad,Ohio St.,0.0,0.375,0.4166666666666667,0.7878787878787878
2305,66212,Pete Nance,Northwestern,0.7142857142857143,0.5757575757575758,0.5405405405405406,1.0
2306,66213,Justin Ahrens,Ohio St.,0.0,0.5,0.0,1.0
2307,66214,Duane Washington Jr.,Ohio St.,1.0,0.13157894736842105,0.26666666666666666,0.8461538461538461
2308,66215,Myreon Jones,Penn St.,0.5,0.3225806451612903,0.125,0.8035714285714286
2309,66216,Jaedon LeDee,TCU,0.75,0.5555555555555556,0.8,0.0
2310,66217,Alpha Okoli,St. Bonaventure,0.0,0.0,0.0,0.0
2311,66218,John Knight III,Southern Utah,0.4166666666666667,0.2524271844660194,0.13636363636363635,0.5
2312,66219,Jules Bernard,UCLA,0.5,0.21052631578947367,0.13333333333333333,0.8947368421052632
2313,66221,Kyle Lofton,St. Bonaventure,0.6666666666666666,0.23943661971830985,0.16326530612244897,0.6857142857142857
2314,66224,Kabir Mohammed,Missouri St.,0.0,0.36363636363636365,0.14285714285714285,0.0
2315,66225,Jordan McCabe,West Virginia,0.0,0.0,0.07142857142857142,0.8571428571428571
2316,66226,Emmitt Matthews Jr.,West Virginia,0.6666666666666666,0.41025641025641024,0.5454545454545454,0.9090909090909091
2317,66228,Trey Doomes,Chattanooga,1.0,0.37037037037037035,0.0,0.0
2318,66229,Derek Culver,West Virginia,0.6363636363636364,0.4714285714285714,0.5434782608695652,0.0
2319,66230,Francisco Caffaro,Virginia,1.0,0.75,0.0,0.0
2320,66231,Elijah Jackson,Eastern Washington,0.0,0.0,0.0,0.0
2321,66232,Brendan Thiele,Army,0.0,1.0,0.0,0.0
2322,66234,Carter Hendricksen,North Florida,0.6666666666666666,0.5833333333333334,0.30303030303030304,0.9240506329113924
2323,66235,Dorian James,North Florida,0.5,0.5416666666666666,0.0,1.0
2324,66237,Trevante Anderson,San Francisco,0.0,0.25,0.0,0.5384615384615384
2325,66238,Dan Fotu,Saint Mary's,1.0,0.6296296296296297,0.3333333333333333,0.0
2326,66240,Matthias Tass,Saint Mary's,1.0,0.7333333333333333,0.16666666666666666,0.0
2327,66242,Brendan Bailey,Marquette,0.7142857142857143,0.42105263157894735,0.3076923076923077,0.9782608695652174
2328,66243,Ugo Obineke,Kennesaw St.,0.625,0.3448275862068966,0.2777777777777778,0.9642857142857143
2329,66244,Antonio Spencer,Kennesaw St.,0.8888888888888888,0.5555555555555556,0.3333333333333333,0.0
2330,66245,Dane Goodwin,Notre Dame,0.0,0.5263157894736842,0.5142857142857142,0.9230769230769231
2331,66246,Malik Jefferson,Mount St. Mary's,0.8235294117647058,0.6181818181818182,0.48,0.0
2332,66247,Dee Barnes,Mount St. Mary's,0.0,0.0,0.0,1.0
2333,66249,Collin Nnamene,Mount St. Mary's,0.0,0.75,0.3333333333333333,1.0
2334,66250,Kris Wooten,Elon,0.0,1.0,0.25,0.9
2335,66251,Bryce Washington,Penn,0.0,0.5,0.0,1.0
2336,66252,Anthony Crump,Middle Tennessee,0.0,0.3333333333333333,0.0,1.0
2337,66253,Kyle Colvin,Cal Poly,0.0,0.2857142857142857,0.0,1.0
2338,66254,Wayne Arnold,Cal St. Fullerton,0.0,0.35294117647058826,0.2222222222222222,0.9166666666666666
2339,66255,Elijah Harkless,Cal St. Northridge,0.5,0.3090909090909091,0.23076923076923078,0.8823529411764706
2340,66256,Darius Brown II,Cal St. Northridge,0.0,0.40384615384615385,0.3,0.6363636363636364
2341,66259,Michael Ou,Cal St. Northridge,1.0,0.7058823529411765,0.0,0.0
2342,66260,Brendan Harrick,Cal St. Northridge,0.0,0.5833333333333334,0.25,0.9090909090909091
2343,66261,Ian Steere,St. John's,0.0,0.0,0.0,0.0
2344,66262,James Manns,Wright St.,0.0,0.4782608695652174,0.42857142857142855,1.0
2345,66263,Jeameril Wilson,Lehigh,0.6666666666666666,0.27631578947368424,0.4166666666666667,0.8666666666666667
2346,66264,Tyrone Perry,Lafayette,0.0,0.2608695652173913,0.17647058823529413,0.8723404255319149
2347,66265,Sean Good,Lafayette,0.0,0.8,0.6666666666666666,0.0
2348,66266,DeAndre Williams,Evansville,0.5833333333333334,0.5,0.25,0.7857142857142857
2349,66267,Nic Lynch,Lehigh,1.0,0.7674418604651163,0.7567567567567568,0.0
2350,66273,Trey McGowens,Pittsburgh,0.3333333333333333,0.24528301886792453,0.03333333333333333,0.6097560975609756
2351,66274,Quentin Guliford,Montana St.,1.0,1.0,0.0,1.0
2352,66278,Jared Rice,Cal Poly,0.0,0.0,0.0,0.0
2353,66279,D.J. Myers,Western Carolina,0.0,0.3333333333333333,0.0,0.0
2354,66280,Kameron Gibson,Western Carolina,0.0,0.0,0.3333333333333333,0.7692307692307693
2355,66281,Jake Stephens,VMI,1.0,0.6,0.0,1.0
2356,66282,Carlos Dotson,Western Carolina,1.0,0.5333333333333333,0.2,0.0
2357,66283,Ryan Larson,Wofford,0.0,0.25,0.0,0.8181818181818182
2358,66285,Isaiah Bigelow,Wofford,1.0,0.3333333333333333,0.6666666666666666,0.9642857142857143
2359,66286,Messiah Jones,Wofford,0.8461538461538461,0.6179775280898876,0.16666666666666666,0.0
2360,66287,Kris Monroe,Providence,0.0,0.0,1.0,1.0
2361,66288,SK Shittu,Central Arkansas,0.7777777777777778,0.5294117647058824,0.5714285714285714,1.0
2362,66289,Jericole Hellems,N.C. State,0.6666666666666666,0.43902439024390244,0.5,0.9705882352941176
2363,66292,Tyrese Martin,Rhode Island,0.7777777777777778,0.45569620253164556,0.48,0.9090909090909091
2364,66293,Dana Tate,Rhode Island,0.6666666666666666,0.42857142857142855,0.0,0.5
2365,66294,Jamal Hartwell II,George Mason,0.0,0.0,0.023809523809523808,0.7446808510638298
2366,66295,Jordan Miller,George Mason,0.8,0.391304347826087,0.32558139534883723,0.9696969696969697
2367,66296,Jason Douglas-Stanley,George Mason,0.0,0.0,0.0,0.8
2368,66299,Elijah McNamara,Miami OH,1.0,0.5862068965517241,0.2222222222222222,0.5
2369,66300,Mekhi Lairy,Miami OH,0.0,0.03333333333333333,0.034482758620689655,0.6153846153846154
2370,66301,Myja White,Miami OH,0.0,0.2,0.6,1.0
2371,66302,Anthony Roberts,Kent St.,0.5,0.37037037037037035,0.28125,0.6744186046511628
2372,66304,Malik Miller,Morgan St.,1.0,0.3230769230769231,0.2857142857142857,0.625
2373,66305,Tajion Jones,UNC Asheville,0.75,0.41333333333333333,0.1,0.9666666666666667
2374,66308,Brock Cunningham,Texas,0.0,0.75,0.0,1.0
2375,66309,Aleks Novakovich,Delaware,0.0,0.5,0.0,1.0
2376,66311,KJ Simon,Troy,0.75,0.5714285714285714,0.25,0.9166666666666666
2377,66312,Raymond Bethea Jr.,Howard,0.5,0.4,0.75,0.8181818181818182
2378,66314,Alex Vilarino,Boston University,0.0,0.18421052631578946,0.30434782608695654,1.0
2379,66315,Au'Diese Toney,Pittsburgh,0.5,0.4696969696969697,0.3684210526315789,0.9090909090909091
2380,66316,Ezekiel Richards,Santa Clara,0.6666666666666666,0.75,0.0,0.0
2381,66317,Trey Wertz,Santa Clara,0.0,0.10526315789473684,0.35,0.7333333333333333
2382,66318,Keshawn Justice,Santa Clara,0.0,0.4473684210526316,0.36363636363636365,0.8541666666666666
2383,66319,Josh Speidel,Vermont,0.0,1.0,0.0,0.0
2384,66320,Guglielmo Caruso,Santa Clara,1.0,0.7288135593220338,1.0,1.0
2385,66325,Karrington Wallace,Central Connecticut,0.875,0.8095238095238095,0.35294117647058826,0.0
2386,66326,Marc Dadika,Fairleigh Dickinson,0.0,0.5555555555555556,1.0,1.0
2387,66327,Jake Wolfe,Lipscomb,0.0,0.2857142857142857,0.6666666666666666,0.75
2388,66328,Brandon Powell,Fairleigh Dickinson,0.0,0.5263157894736842,0.0,0.7297297297297297
2389,66329,Bassel Saliba Jr.,Fairleigh Dickinson,0.0,0.0,1.0,1.0
2390,66330,Matt Becht,Mount St. Mary's,0.0,0.0,0.0,0.0
2391,66331,Vado Morse,Mount St. Mary's,0.0,0.13333333333333333,0.16,0.7037037037037037
2392,66332,Trajan Wesley,Louisiana,0.0,0.0,0.3333333333333333,0.8571428571428571
2393,66333,Uros Plavsic,Tennessee,1.0,0.6,0.5,0.0
2394,66334,Lamar Norman Jr.,Duquesne,0.3333333333333333,0.5294117647058824,0.25,0.9534883720930233
2395,66335,Reece Wilkinson,Tennessee Tech,0.0,0.6333333333333333,0.5714285714285714,0.0
2396,66337,Micheal Anumba,Winthrop,0.0,0.3142857142857143,0.1,1.0
2397,66338,Jaalam Hill,Cleveland St.,1.0,0.6666666666666666,0.4782608695652174,0.0
2398,66339,Rashad Williams,Oakland,0.0,0.08333333333333333,0.23076923076923078,0.8032786885245902
2399,66341,Dawson Carper,Hawaii,1.0,0.7419354838709677,0.8571428571428571,0.0
2400,66342,Owen Hulland,Hawaii,0.0,1.0,0.5,1.0
2401,66343,Mate Colina,Hawaii,0.0,0.7272727272727273,0.0,1.0
2402,66344,Theo Akwuba,Portland,0.75,0.65,0.38461538461538464,0.0
2403,66345,Elijah Weaver,USC,0.0,0.2857142857142857,0.3333333333333333,0.7692307692307693
2404,66346,Walter Ellis,Bucknell,0.0,0.2222222222222222,0.6,0.9583333333333334
2405,66347,Andrew Funk,Bucknell,0.0,0.2641509433962264,0.41935483870967744,0.9019607843137255
2406,66348,Jack Hemphill,Boston University,0.0,0.2727272727272727,0.3333333333333333,0.9333333333333333
2407,66349,Fletcher Tynen,Boston University,1.0,0.5,0.8,1.0
2408,66351,Tucker Richardson,Colgate,0.0,0.5531914893617021,0.3157894736842105,0.9666666666666667
2409,66352,Kahliel Spear,Bucknell,0.75,0.5531914893617021,0.3,1.0
2410,66353,Zach Light,Colgate,0.0,0.0,0.0,0.0
2411,66354,Marlon Hargis,Holy Cross,0.6666666666666666,0.35294117647058826,0.6363636363636364,1.0
2412,66355,Roy Grigsby,Northern Colorado,0.0,0.0,0.0,0.75
2413,66356,Ben Vander Plas,Ohio,0.7333333333333333,0.4789915966386555,0.15384615384615385,0.868421052631579
2414,66357,LaQuill Hardnett,Buffalo,0.5,0.46875,0.0,0.0
2415,66359,Odri Dedolli,Mount St. Mary's,0.0,0.0,0.0,1.0
2416,66360,Damien Daniels,Abilene Christian,0.0,0.14814814814814814,0.3333333333333333,0.9375
2417,66361,Joe Pleasant,Abilene Christian,0.625,0.4142857142857143,0.4782608695652174,1.0
2418,66362,Clay Gayman,Abilene Christian,0.4,0.47058823529411764,0.26666666666666666,0.8235294117647058
2419,66363,Yor Anei,Oklahoma St.,0.7777777777777778,0.625,0.5588235294117647,0.0
2420,66364,Joe Reece,Old Dominion,0.6,0.475,0.6923076923076923,0.9333333333333333
2421,66365,Jason Wade,Old Dominion,0.3333333333333333,0.2631578947368421,0.2222222222222222,0.6666666666666666
2422,66367,Kalu Ezikpe,Old Dominion,0.75,0.5192307692307693,0.4090909090909091,1.0
2423,66368,Nicolas Timberlake,Towson,0.6666666666666666,0.4782608695652174,0.5,0.8695652173913043
2424,66370,Javon Pickett,Missouri,1.0,0.3695652173913043,0.25,1.0
2425,66372,Isaac Suffren,Lafayette,1.0,0.36363636363636365,0.0,0.5
2426,66375,Tyger Campbell,UCLA,0.0,0.058823529411764705,0.045454545454545456,0.8333333333333334
2427,66376,Duncan LeXander,Charleston Southern,0.0,0.75,1.0,1.0
2428,66378,Dontrell Shuler,Charleston Southern,0.0,0.10256410256410256,0.2,0.9166666666666666
2429,66379,Sadarius Bowser,Charleston Southern,0.6666666666666666,0.7142857142857143,0.6,0.0
2430,66381,Connor Arnold,VMI,0.0,0.0,0.0,1.0
2431,66383,Mitch Prendergast,Mercer,0.0,0.0,0.0,1.0
2432,66384,Dominick Welch,St. Bonaventure,0.5,0.3111111111111111,0.5,0.9014084507042254
2433,66386,Paul Hiepler,Abilene Christian,0.0,0.0,0.0,1.0
2434,66387,John Walker III,Texas Southern,1.0,0.5625,0.5,0.0
2435,66388,Noah Gurley,Furman,0.8235294117647058,0.4578313253012048,0.32608695652173914,1.0
2436,66389,Peter Jones,Montana,0.0,0.0,0.0,0.0
2437,66390,Elijah McCullough,Sacramento St.,0.0,0.5,1.0,1.0
2438,66391,Grant Greabell,Sacramento St.,0.0,0.0,0.0,1.0
2439,66392,Trey Wood,Portland St.,1.0,0.75,0.8,1.0
2440,66393,Sherwyn Devonish,Morgan St.,0.0,0.21621621621621623,0.2558139534883721,0.8666666666666667
2441,66394,Shareef O'Neal,UCLA,1.0,0.2,1.0,1.0
2442,66395,Isaiah Burke,Morgan St.,0.0,0.32,0.46153846153846156,0.7647058823529411
2443,66396,Jared Ridder,Missouri St.,0.0,0.0,0.0,0.0
2444,66398,Gerrale Gates,New Orleans,0.0,0.7142857142857143,0.4827586206896552,0.0
2445,66399,Ty Perry,Fordham,0.0,0.5714285714285714,0.5,0.8372093023255814
2446,66400,Chris Austin,Fordham,1.0,0.6666666666666666,0.5384615384615384,1.0
2447,66401,Jalen Cobb,Fordham,0.0,0.3,0.22857142857142856,0.7317073170731707
2448,66402,Sincere Carry,Duquesne,0.0,0.12727272727272726,0.0,0.4666666666666667
2449,66403,Tobias Cameron,Abilene Christian,0.0,0.2222222222222222,0.0,1.0
2450,66404,Zach Thornhill,Nebraska Omaha,0.625,0.45454545454545453,0.6666666666666666,0.9166666666666666
2451,66405,Hayden Miller,Nebraska Omaha,0.0,0.0,0.0,1.0
2452,66410,Kessler Edwards,Pepperdine,0.8095238095238095,0.5789473684210527,0.6956521739130435,0.9811320754716981
2453,66414,Khalid Moore,Georgia Tech,1.0,0.6428571428571429,0.6666666666666666,0.8571428571428571
2454,66417,Zeke Quinlan,Montana St.,0.0,0.35714285714285715,0.6666666666666666,1.0
2455,66418,Alex Caldwell,Southeast Missouri St.,1.0,0.18518518518518517,0.1509433962264151,0.65
2456,66419,Michael Anekwe,Lafayette,0.0,0.0,0.0,0.0
2457,66420,Ayo Dosunmu,Illinois,0.6666666666666666,0.35051546391752575,0.1875,0.7407407407407407
2458,66421,Derek Ballard Jr.,Eastern Michigan,0.0,0.3333333333333333,0.0,1.0
2459,66422,Zion Young,Western Illinois,0.25,0.17647058823529413,0.17391304347826086,0.8
2460,66424,Jeremiah Saunders,Southeastern Louisiana,0.0,0.0,0.5,0.7857142857142857
2461,66425,Matt Harshany,Cornell,0.0,0.0,0.0,0.0
2462,66426,Kobe Dickson,Cornell,1.0,0.7083333333333334,0.2727272727272727,1.0
2463,66428,Jaylan Gainey,Brown,0.8611111111111112,0.6607142857142857,0.0,0.0
2464,66429,David Mitchell,Brown,0.0,0.3157894736842105,0.0,1.0
2465,66430,Cameron Ba,UC Davis,0.0,0.0,0.0,1.0
2466,66431,Davis Franks,Brown,0.0,0.5,0.0,0.0
2467,66432,Ike Nweke,Columbia,0.6666666666666666,0.5333333333333333,0.29411764705882354,0.0
2468,66433,Maka Ellis,Columbia,0.0,0.3333333333333333,0.0,0.8
2469,66437,Matt Johns,South Dakota,0.0,0.0,0.0,0.0
2470,66439,Matt Mims,South Dakota St.,0.0,0.25,0.0,0.9375
2471,66440,Simeon Jovic,South Dakota,0.0,0.0,0.0,0.0
2472,66442,Blake Verbeek,Holy Cross,0.0,1.0,0.7058823529411765,1.0
2473,66444,Jayden Saddler,Southern,0.0,0.30434782608695654,0.26666666666666666,1.0
2474,66445,Patrick Emilien,Western Michigan,0.6,0.5,0.0,0.8
2475,66446,William Boyer-Richard,Western Michigan,0.0,0.2857142857142857,0.0,0.8
2476,66447,Adrian Martin,Western Michigan,0.0,0.0,0.0,0.8
2477,66449,Kody Shubert,Presbyterian,0.0,0.3333333333333333,0.2,1.0
2478,66450,Alex Arians,South Dakota St.,0.0,0.2777777777777778,0.09523809523809523,0.9722222222222222
2479,66451,Elijah Hardy,Washington,0.0,0.2857142857142857,0.0,0.6
2480,66452,Devin Hutchinson,Radford,0.0,0.375,0.6666666666666666,1.0
2481,66453,Darian Scott,Missouri St.,1.0,0.5,0.0,0.0
2482,66454,Nick Finke,Army,1.0,0.6,1.0,0.0
2483,66456,Tim Perry Jr.,Drexel,0.0,0.75,0.0,0.0
2484,66457,Dalvin White,USC Upstate,0.0,0.38461538461538464,0.07142857142857142,0.8666666666666667
2485,66458,Ebrima Dibba,Coastal Carolina,0.0,0.25,0.07692307692307693,1.0
2486,66460,Kur Kuath,Oklahoma,0.8846153846153846,0.8529411764705882,0.8888888888888888,0.0
2487,66462,Read Streller,Oklahoma,0.0,0.0,0.0,0.0
2488,66463,Jaxson Baker,Central Arkansas,1.0,0.6521739130434783,0.6,0.9772727272727273
2489,66466,Calvin Whipple,Fairfield,0.0,0.7142857142857143,0.0,1.0
2490,66468,Franklin Agunanne,Loyola Chicago,0.7142857142857143,0.7647058823529411,0.4,0.0
2491,66470,Brandon Morley,Utah Valley,1.0,0.6764705882352942,0.0,0.0
2492,66471,Adam Kunkel,Belmont,0.8333333333333334,0.39655172413793105,0.21739130434782608,0.810126582278481
2493,66472,Wanjang Tut,Nebraska Omaha,0.0,0.2549019607843137,0.22727272727272727,1.0
2494,66473,Dzmitry Ryuny,San Francisco,1.0,0.8333333333333334,0.0,0.9090909090909091
2495,66475,Odell Wilson,North Dakota St.,0.0,0.5,0.0,0.0
2496,66476,Kevin Obanor,Oral Roberts,0.7777777777777778,0.3898305084745763,0.2,0.96875
2497,66477,Riley Battin,Utah,1.0,0.5151515151515151,0.6363636363636364,0.9696969696969697
2498,66478,Vinnie Shahid,North Dakota St.,0.0,0.023529411764705882,0.0,0.6666666666666666
2499,66479,Finn Sullivan,San Diego,0.0,0.5714285714285714,0.3076923076923077,0.7692307692307693
2500,66480,Manny Bates,N.C. State,0.8235294117647058,0.6101694915254238,0.5,0.0
2501,66481,Tevian Jones,Illinois,0.0,1.0,0.0,1.0
2502,66482,Giorgi Bezhanishvili,Illinois,0.6,0.5128205128205128,0.3333333333333333,1.0
2503,66483,Aaron Wiggins,Maryland,0.3125,0.4523809523809524,0.3333333333333333,0.9245283018867925
2504,66484,Lahat Thioune,Utah,0.0,0.4666666666666667,1.0,0.0
2505,66485,Eric Ayala,Maryland,0.3333333333333333,0.21052631578947367,0.0,0.85
2506,66486,Jr. Clay,Tennessee Tech,0.0,0.2987012987012987,0.23076923076923078,0.7045454545454546
2507,66488,Sage Tolbert,Southeast Missouri St.,0.5333333333333333,0.4444444444444444,0.3,1.0
2508,66490,Monty Johal,Tennessee St.,0.0,0.0,0.0,0.5
2509,66491,Matt Dentlinger,South Dakota St.,0.9473684210526315,0.6541353383458647,0.4,0.0
2510,66492,Joe Wieskamp,Iowa,0.5454545454545454,0.4861111111111111,0.42105263157894735,0.9411764705882353
2511,66493,Savion Lewis,Quinnipiac,0.0,0.2,0.0,0.0
2512,66494,Matt Balanc,Quinnipiac,0.6666666666666666,0.5,0.30434782608695654,0.9259259259259259
2513,66495,Zach Griffith,Illinois,0.0,0.0,0.0,0.0
2514,66496,CJ Fredrick,Iowa,0.0,0.56,0.2,0.851063829787234
2515,66499,Tyree Pickron,Quinnipiac,0.0,0.0,0.0,0.9285714285714286
2516,66500,Tyrese Williams,Quinnipiac,0.0,0.23684210526315788,0.0,0.8771929824561403
2517,66501,Joel Ayayi,Gonzaga,1.0,0.3333333333333333,0.05263157894736842,0.7073170731707317
2518,66502,Deon Ejim,Illinois Chicago,0.5,0.5714285714285714,0.2857142857142857,1.0
2519,66503,Miles Latimer,Stony Brook,1.0,0.3076923076923077,0.4166666666666667,0.9302325581395349
2520,66504,R.J. Eytle-Rock,UMBC,0.0,0.11428571428571428,0.15384615384615385,0.6785714285714286
2521,66506,Rip Economou,Seattle,0.0,0.0,0.5,0.6666666666666666
2522,66507,Stephane Ingo,Maine,0.5714285714285714,0.4827586206896552,0.7272727272727273,1.0
2523,66508,Hunter Thompson,Wyoming,1.0,0.6,0.38095238095238093,0.9714285714285714
2524,66509,Jared Pearre,Cal St. Northridge,1.0,0.8529411764705882,1.0,0.0
2525,66511,Jhery Matos,Dayton,1.0,0.75,0.0,0.8333333333333334
2526,66513,Reggie Chaney,Arkansas,0.8571428571428571,0.6304347826086957,0.3333333333333333,0.0
2527,66514,Gavin Bizeau,Toledo,0.0,1.0,1.0,1.0
2528,66515,Dwayne Cohill,Dayton,0.0,0.5384615384615384,0.3333333333333333,0.8
2529,66516,Dylan Swingle,Bowling Green,0.0,0.6666666666666666,0.3333333333333333,0.0
2530,66517,Nygal Russell,Southeast Missouri St.,0.6,0.25,0.2,0.9565217391304348
2531,66519,Cam Williams,SIU Edwardsville,0.8888888888888888,0.3877551020408163,0.2608695652173913,1.0
2532,66520,Brandon Williams,Arizona,0.0,0.0,0.0,0.0
2533,66525,Davids Atelbauers,North Dakota,0.0,1.0,0.0,1.0
2534,66527,Kevin Samuel,TCU,0.8913043478260869,0.7241379310344828,0.5882352941176471,0.0
2535,66529,Darius Williams,Southern,0.9047619047619048,0.5942028985507246,0.6666666666666666,0.0
2536,66530,Zach Nutall,Sam Houston St.,0.7142857142857143,0.28169014084507044,0.2,0.8378378378378378
2537,66531,Jalen Jefferson,Mount St. Mary's,0.0,0.6,0.0,1.0
2538,66532,Ron Harper Jr.,Rutgers,0.9090909090909091,0.5882352941176471,0.42857142857142855,0.7631578947368421
2539,66533,Caleb Broodo,Houston,0.0,0.0,1.0,0.0
2540,66535,Eddy Kayouloud,Central Arkansas,0.6666666666666666,0.2765957446808511,0.27586206896551724,0.7777777777777778
2541,66537,Xavier Bryant,Sam Houston St.,0.0,0.22857142857142856,0.2857142857142857,0.5555555555555556
2542,66540,Garrison Wade,Dartmouth,1.0,0.6,0.0,1.0
2543,66542,Nate Hinton,Houston,0.5,0.3125,0.3448275862068966,1.0
2544,66543,Dean Noll,Cornell,0.0,0.42857142857142855,0.0,0.8421052631578947
2545,66544,Max Samberg,Cornell,0.0,0.0,0.0,0.0
2546,66546,Wes Slajchert,Dartmouth,0.0,0.5714285714285714,0.0,1.0
2547,66547,Assane Diouf,Fresno St.,1.0,0.8,0.75,0.0
2548,66549,Princewill Anosike,Howard,0.0,0.6666666666666666,0.0,0.0
2549,66551,Andre Toure,Howard,0.75,0.5625,0.3333333333333333,1.0
2550,66553,Tyler Foster,Youngstown St.,0.0,0.0,0.0,1.0
2551,66555,Shae Mitchell,Milwaukee,0.0,0.0,0.0,1.0
2552,66556,David Singleton,UCLA,0.0,0.5,0.3333333333333333,0.8275862068965517
2553,66557,T.J. Smith,Toledo,0.0,0.36363636363636365,0.5,1.0
2554,66558,Nate Springs,Ohio,0.0,0.3333333333333333,1.0,1.0
2555,66560,Michael Feinberg,Yale,0.0,0.5,0.0,1.0
2556,66561,Buddy Boeheim,Syracuse,0.0,0.32,0.36363636363636365,0.9381443298969072
2557,66562,Both Gach,Utah,0.3,0.16981132075471697,0.21052631578947367,0.8
2558,66563,Tevin Brown,Murray St.,0.625,0.1774193548387097,0.19047619047619047,0.7236842105263158
2559,66564,Justin Lee,Northern Illinois,0.0,0.5,0.25,1.0
2560,66565,Bryce Wills,Stanford,0.782608695652174,0.4473684210526316,0.0625,0.8
2561,66567,Qon Murphy,Houston Christian,0.0,0.3076923076923077,0.18181818181818182,0.8181818181818182
2562,66568,Benjamin Uloko,Houston Christian,0.6666666666666666,0.6307692307692307,0.625,0.0
2563,66569,Dwight Murray Jr.,Incarnate Word,0.0,0.375,0.034482758620689655,0.9047619047619048
2564,66572,Josh Inkumsah,Purdue Fort Wayne,0.0,0.6666666666666666,0.0,0.0
2565,66573,Joseph Lanzi,Denver,0.0,0.375,0.5,0.9090909090909091
2566,66574,Taelyr Gatlin,Denver,0.0,0.5714285714285714,0.13043478260869565,0.8947368421052632
2567,66575,Jase Townsend,Denver,0.0,0.17307692307692307,0.208955223880597,0.864406779661017
2568,66576,David Nzekwesi,Denver,1.0,0.7647058823529411,0.75,1.0
2569,66577,Tionne Rollins,Purdue Fort Wayne,0.0,0.125,0.0,1.0
2570,66578,Jarred Godfrey,Purdue Fort Wayne,0.0,0.20212765957446807,0.1111111111111111,0.9183673469387755
2571,66579,Jalen Hill,UCLA,0.75,0.5970149253731343,0.631578947368421,0.0
2572,66580,Cody Riley,UCLA,0.8,0.5844155844155844,0.8387096774193549,0.0
2573,66582,Kolby Lee,BYU,1.0,0.5952380952380952,0.8125,1.0
2574,66583,Garrett Golday,Tennessee Tech,0.0,0.7647058823529411,0.6666666666666666,0.75
2575,66584,Caden Mills,Tennessee Tech,0.0,0.0,0.0,1.0
2576,66587,Jordan Campbell,Fresno St.,0.6666666666666666,0.2,0.0,1.0
2577,66589,Jaxon Knotek,North Dakota St.,0.0,0.3333333333333333,0.0,1.0
2578,66592,Sam Griesel,North Dakota St.,0.0,0.5161290322580645,0.2222222222222222,1.0
2579,66593,Gerald Liddell,Texas,1.0,0.35714285714285715,0.14285714285714285,0.75
2580,66594,Courtney Ramey,Texas,0.5,0.34545454545454546,0.18181818181818182,0.5121951219512195
2581,66597,Kaleb Hunter,UNC Greensboro,0.7777777777777778,0.4528301886792453,0.16666666666666666,0.8888888888888888
2582,66600,Darius Henderson,UMass Lowell,0.0,0.6,0.5,1.0
2583,66602,Allin Blunt,UMass Lowell,0.0,0.5652173913043478,0.7777777777777778,1.0
2584,66606,Sam Sessoms,Binghamton,0.0,0.15306122448979592,0.02857142857142857,0.15625
2585,66607,Dontarius James,Xavier,0.0,0.0,0.0,1.0
2586,66608,Kira Lewis Jr.,Alabama,0.0,0.19658119658119658,0.18181818181818182,0.5535714285714286
2587,66609,Isaiah Joe,Arkansas,0.0,0.06666666666666667,0.2608695652173913,0.7872340425531915
2588,66610,Desi Sills,Arkansas,0.0,0.3968253968253968,0.2857142857142857,0.9361702127659575
2589,66612,Luka Brajkovic,Davidson,0.8181818181818182,0.5138888888888888,0.35714285714285715,1.0
2590,66613,Ethan Henderson,Arkansas,0.875,0.6666666666666666,0.0,0.0
2591,66614,Antoine Davis,Detroit Mercy,0.0,0.08823529411764706,0.12745098039215685,0.33663366336633666
2592,66615,Chuck Hannah,Elon,0.0,0.7272727272727273,0.5,1.0
2593,66616,Angus McWilliam,UC Riverside,1.0,0.65625,0.3684210526315789,1.0
2594,66617,Devonaire Doutrive,Arizona,0.0,0.25,0.0,1.0
2595,66618,Jemarl Baker Jr.,Arizona,0.0,0.1111111111111111,0.21052631578947367,0.8888888888888888
2596,66620,Adam Thistlewood,Colorado St.,0.8,0.6363636363636364,0.36363636363636365,0.9649122807017544
2597,66621,Riley Abercrombie,Boise St.,1.0,1.0,0.0,1.0
2598,66622,Taeshon Cherry,Arizona St.,1.0,0.7142857142857143,0.2857142857142857,1.0
2599,66624,Kendle Moore,Colorado St.,0.0,0.3333333333333333,0.0,0.9333333333333333
2600,66626,Cameron Shelton,Northern Arizona,1.0,0.136986301369863,0.14285714285714285,0.6190476190476191
2601,66627,Keith Haymon,Northern Arizona,0.0,1.0,0.3333333333333333,1.0
2602,66628,Cole Bergan,Northern Colorado,0.0,0.0,0.0,0.0
2603,66629,Tre'Shon Smoots,Northern Colorado,0.0,0.0,0.0,0.9090909090909091
2604,66630,Jared Rhoden,Seton Hall,0.6875,0.5,0.35294117647058826,0.9696969696969697
2605,66631,Anthony Nelson,Seton Hall,0.0,0.07142857142857142,0.0,1.0
2606,66632,Darnell Brodie,Seton Hall,0.0,1.0,0.0,0.0
2607,66633,Treavon Martin,SIU Edwardsville,0.0,0.0,0.75,0.0
2608,66635,PJ Mitchell,Central Michigan,0.0,0.0,0.0,0.0
2609,66636,Nigel Hawkins,UTEP,0.0,0.21052631578947367,0.0,1.0
2610,66639,Daniel Sackey,Valparaiso,0.0,0.18181818181818182,0.0,0.9130434782608695
2611,66641,Vante Hendrix,New Mexico,0.6,0.5294117647058824,0.0,0.8947368421052632
2612,66642,Logan Windeler,North Alabama,1.0,0.4,0.0,1.0
2613,66643,Matthew Mayer,Baylor,0.75,0.5263157894736842,0.3888888888888889,0.7058823529411765
2614,66645,Grant Basile,Wright St.,1.0,0.54,0.4166666666666667,1.0
2615,66646,Babatunde Sowunmi,Oakland,1.0,0.5,1.0,0.0
2616,66647,Kenny Pittman Jr.,Oakland,0.0,0.3333333333333333,1.0,1.0
2617,66648,Skyelar Potter,Wright St.,1.0,0.3333333333333333,0.0,1.0
2618,66649,Atiba Taylor,Wagner,0.0,0.0,0.0,0.0
2619,66650,Bodie Hume,Northern Colorado,0.38461538461538464,0.21818181818181817,0.14285714285714285,0.8472222222222222
2620,66652,JayQuan McCloud,Green Bay,0.0,0.2708333333333333,0.22727272727272727,0.7916666666666666
2621,66654,Sam Masten,Northern Colorado,0.0,0.1,0.0,1.0
2622,66655,Nelson Boachie-Yiadom,Davidson,0.875,0.7096774193548387,1.0,0.0
2623,66656,Josh Roberts,St. John's,0.6086956521739131,0.5490196078431373,0.7272727272727273,0.0
2624,66657,Matthue Cotton,Yale,0.5,0.5,0.25,0.8780487804878049
2625,66658,Eze Dike,Yale,0.0,0.0,0.3333333333333333,0.0
2626,66659,Andy Pack,Elon,0.0,0.5,0.5,1.0
2627,66662,Alex Imegwu,Penn,0.0,0.0,0.0,1.0
2628,66663,Aguek Arop,San Diego St.,1.0,0.4,0.42857142857142855,0.0
2629,66667,Darius Allen,Tennessee Tech,0.625,0.34782608695652173,0.3,0.8518518518518519
2630,66670,Tyree Eady,North Dakota St.,0.0,0.375,0.16666666666666666,0.9629629629629629
2631,66671,Austin Ash,Iowa,0.0,0.0,0.0,1.0
2632,66672,Mack Anderson,Montana,0.8333333333333334,0.7058823529411765,0.6,0.0
2633,66673,Matheus Silveira,Austin Peay,1.0,0.7857142857142857,0.5,0.0
2634,66675,Jalen Gabbidon,Yale,0.5555555555555556,0.3125,0.3333333333333333,0.95
2635,66676,Emanuel Littles,North Alabama,0.7142857142857143,0.453125,0.3333333333333333,0.0
2636,66679,Joey Glynn,UMass Lowell,0.0,0.6,0.6666666666666666,0.0
2637,66680,Evan Battey,Colorado,0.0,0.4090909090909091,0.25,1.0
2638,66681,Jaylen Richard,Charleston,0.6666666666666666,0.5,0.1,0.6666666666666666
2639,66682,Brandon Swaby,Incarnate Word,0.0,0.5,0.5,1.0
2640,66684,Daniel Love,Mercer,0.0,0.2857142857142857,0.06666666666666667,0.8888888888888888
2641,66685,Andrew Taylor,Marshall,0.0,0.21428571428571427,0.16666666666666666,0.6842105263157895
2642,66689,Keshaun Saunders,Toledo,0.0,0.28,0.16666666666666666,0.9285714285714286
2643,66693,Deng Gak,Miami FL,1.0,0.8,0.0,0.0
2644,66694,Ivan Alipiev,Loyola Marymount,0.6666666666666666,0.36585365853658536,0.4117647058823529,1.0
2645,66695,Alan Griffin,Illinois,0.25,0.3235294117647059,0.0,0.8936170212765957
2646,66698,Luke Hamilton,Mercer,0.0,0.5,0.0,1.0
2647,66700,Javian Davis,Alabama,0.8333333333333334,0.7358490566037735,0.4,0.5
2648,66703,Joe Hedstrom,Wisconsin,0.0,0.0,0.0,0.0
2649,66707,Davion Buster,Lamar,0.0,0.14814814814814814,0.35,0.7701149425287356
2650,66708,Timmy Allen,Utah,1.0,0.39416058394160586,0.29545454545454547,0.875
2651,66709,Noah Kirkwood,Harvard,0.0,0.28,0.16666666666666666,0.6052631578947368
2652,66711,Tamell Pearson,UAB,1.0,0.5,0.3333333333333333,0.8571428571428571
2653,66712,Jude Akabueze,UAB,1.0,1.0,0.0,0.0
2654,66713,Jake Lanford,Yale,0.0,0.0,0.0,0.0
2655,66715,Marko Coudreau,North Dakota,0.0,0.0,0.0,1.0
2656,66718,Brooks King,Utah,0.0,0.0,0.0,0.0
2657,67476,D'Andre Bernard,Louisiana Monroe,1.0,0.2,0.6,1.0
2658,67477,Antione Lister,Prairie View A&M,0.3333333333333333,0.43333333333333335,0.6,0.9259259259259259
2659,67479,Donel Cathcart III,Youngstown St.,0.0,0.16666666666666666,0.2631578947368421,0.9666666666666667
2660,67480,Noah Saunders,Campbell,0.0,1.0,0.0,1.0
2661,67483,Ricky Clemons,Campbell,0.0,0.7,0.0,1.0
2662,67487,Matt Johnson,Northern Colorado,0.0,0.10526315789473684,0.0,0.9743589743589743
2663,67489,Leo Gallagher,Binghamton,0.0,0.0,0.0,0.0
2664,67490,Breyon Jackson,Long Beach St.,0.0,0.0,0.0,0.0
2665,67493,Ivan Aurrecoechea,New Mexico St.,0.6363636363636364,0.5161290322580645,0.21875,1.0
2666,67494,Cyrus Johnson,Sam Houston St.,0.0,0.4,0.8333333333333334,1.0
2667,67495,Jayden Nixon,Virginia,0.0,0.0,0.0,0.0
2668,67496,Mohamed Thiam,Iona,1.0,0.7777777777777778,0.7142857142857143,1.0
2669,67497,Ian Burke,Portland St.,0.0,0.2857142857142857,0.3333333333333333,1.0
2670,67499,Dallas Morgan,Central Michigan,0.0,0.1111111111111111,0.34285714285714286,0.5409836065573771
2671,67500,Boubacar Toure,Eastern Michigan,0.5384615384615384,0.4636363636363636,0.5,0.0
2672,67501,Caleb Ellis,North Carolina,0.0,1.0,0.0,0.0
2673,67502,Lavar Harewood,Portland,0.0,0.0,0.0,1.0
2674,67503,Ryan Tankelewicz,UNC Greensboro,0.0,0.0,0.0,0.0
2675,67504,Myron Gordon,Samford,0.0,1.0,0.0,1.0
2676,67505,Khyre Thompson,UNC Greensboro,0.0,0.0,0.0,0.0
2677,67506,Blake Williams,Toledo,0.0,0.0,0.0,0.0
2678,67507,Christian Rohlehr,St. Francis NY,0.75,0.5416666666666666,0.5,0.0
2679,67508,Parker Fox,Clemson,0.0,0.0,0.0,1.0
2680,67509,Mykhailo Yagodin,Maine,0.0,0.9,0.25,0.9130434782608695
2681,67510,Randall Leath Jr.,Florida A&M,0.0,0.0,0.0,0.0
2682,67511,Rod Melton,Florida A&M,0.0,0.14285714285714285,0.16666666666666666,0.8076923076923077
2683,67512,Chris Brandon,Detroit Mercy,0.7142857142857143,0.5952380952380952,0.0,0.0
2684,67513,Lamar Hamrick,Portland St.,0.625,0.2857142857142857,0.25,1.0
2685,67515,Boe Nguidjol,Detroit Mercy,0.0,0.6666666666666666,0.2,0.8333333333333334
2686,67516,Kyle McCloskey,Penn St.,0.0,1.0,0.0,0.0
2687,67520,Jonas Harper,Boston University,0.0,0.43478260869565216,0.1,0.9019607843137255
2688,67521,Jervae Robinson,Washington St.,0.0,0.4444444444444444,0.16666666666666666,0.7567567567567568
2689,67523,Mick Sullivan,DePaul,0.0,0.0,0.0,0.0
2690,67524,Jett Canfield,Creighton,0.0,0.0,0.0,1.0
2691,67528,Leonard Harper-Baker,Southern Miss,0.5714285714285714,0.52,0.4146341463414634,0.8888888888888888
2692,67529,Job Alexander,Cal Poly,0.5,0.2857142857142857,0.0,1.0
2693,67530,Colin McCarthy,Cal Poly,0.0,1.0,0.0,0.0
2694,67531,Andrew Lafond,La Salle,0.0,0.0,0.0,0.0
2695,67534,Brandon Courtney,Saint Louis,0.0,0.0,0.0,1.0
2696,67538,Bernie Andre,Northern Arizona,0.0,0.46551724137931033,0.2857142857142857,0.8611111111111112
2697,67540,Michael Kemp,Central Michigan,0.0,1.0,0.0,0.0
2698,67542,Grant Weatherford,IU Indy,0.0,0.323943661971831,0.4444444444444444,0.6923076923076923
2699,67546,Anand Hundal,Seattle,0.0,0.2857142857142857,0.0,1.0
2700,67548,Rob Whitfield,UMKC,0.0,0.25,0.42857142857142855,0.8709677419354839
2701,67551,Greg Summers,Navy,1.0,0.30985915492957744,0.16666666666666666,1.0
2702,67553,John Carter Jr.,Navy,0.0,0.3,0.28,0.9245283018867925
2703,67554,Rod Johnson,Chattanooga,0.0,0.5185185185185185,0.11764705882352941,0.95
2704,67555,Osi Nwachukwu,Sacramento St.,0.5,0.41025641025641024,0.32,0.6
2705,67557,Jayce Johnson,Middle Tennessee,0.6666666666666666,0.3448275862068966,0.2,1.0
2706,67560,Jabari Narcis,UT Arlington,0.8181818181818182,0.56,0.6,0.9761904761904762
2707,67563,Matthew Lang,Gonzaga,0.0,0.0,0.0,1.0
2708,67564,John Scully,Army,0.0,0.0,0.0,1.0
2709,67565,Josh Caldwell,Army,0.0,0.7272727272727273,0.3333333333333333,1.0
2710,67566,Jordan Coleman,Army,0.0,0.5,0.0,0.5
2711,67570,Youry White,Louisiana Monroe,0.8571428571428571,0.6,0.75,0.0
2712,67572,Elijah Elliott,Kansas,0.0,0.0,0.0,0.0
2713,67575,Brooks Ford,Missouri,0.0,0.0,0.0,1.0
2714,67576,Abdul Mohamed,North Texas,0.0,0.0,0.0,1.0
2715,67578,Mubarak Muhammed,Louisiana Tech,0.0,0.5057471264367817,0.6153846153846154,1.0
2716,67580,Luke Thomas,Marshall,0.0,0.0,0.0,1.0
2717,67581,Will Alcock,Loyola Chicago,0.0,0.0,0.0,0.0
2718,67582,Patrick Urey,Mercer,0.0,0.16666666666666666,0.0,0.0
2719,67588,John Tenerowicz,Ohio,0.0,1.0,0.0,1.0
2720,67590,David Wassler,Northern Kentucky,0.0,1.0,1.0,0.0
2721,67595,Caleb Giordano,San Diego St.,0.0,0.0,0.0,1.0
2722,67597,Ty Stevens,Arkansas,0.0,0.0,0.0,0.0
2723,67599,Zach Rabinowitz,Charleston,0.0,0.0,0.0,1.0
2724,67602,Shaun Doss,Arkansas Pine Bluff,0.0,0.0,0.14285714285714285,0.75
2725,67603,TJ Washington,Utah Valley,0.0,0.21212121212121213,0.0,0.5588235294117647
2726,67608,Ryan Anders,UCF,0.0,0.0,0.0,0.0
2727,67610,Eito Yuminami,Georgia Southern,0.0,0.0,0.0,0.0
2728,67612,Patrick Mwamba,UT Arlington,0.0,0.0,0.0,0.0
2729,67613,Bryce Davis,Incarnate Word,0.0,0.42857142857142855,0.0,0.0
2730,67615,Eddy Egun,Montana,0.0,0.6,1.0,0.8888888888888888
2731,67616,Darius Williams,Prairie View A&M,1.0,0.21428571428571427,0.4117647058823529,0.6071428571428571
2732,67618,Octavion Corley,East Tennessee St.,1.0,1.0,1.0,0.0
2733,67619,Tray Boyd III,East Tennessee St.,0.0,0.26666666666666666,0.38461538461538464,0.8169014084507042
2734,67621,Isaiah Tisdale,East Tennessee St.,0.0,0.19607843137254902,0.2727272727272727,0.8709677419354839
2735,67623,Frank Bertz,UCF,1.0,0.7142857142857143,0.42857142857142855,0.9545454545454546
2736,67624,Christian Schach,North Florida,0.0,0.0,0.0,0.0
2737,67626,Xavier Grant,UCF,0.0,0.0,0.0,0.0
2738,67627,Zo Tyson,IU Indy,0.8235294117647058,0.75,0.5714285714285714,0.0
2739,67628,Thomas Owen,Jacksonville,0.0,0.0,0.0,0.0
2740,67632,Radshad Davis,UT Arlington,1.0,0.4027777777777778,0.6923076923076923,0.875
2741,67633,Brian Warren,UT Arlington,0.0,0.2608695652173913,0.4084507042253521,0.8484848484848485
2742,67637,Neemias Queta,Utah St.,0.9583333333333334,0.7341772151898734,0.5357142857142857,1.0
2743,67638,Antun Maricevic,South Florida,0.0,0.6153846153846154,0.68,0.0
2744,67639,Eric Steyer,Iowa St.,0.0,0.0,0.0,1.0
2745,67640,Devon Andrews,FIU,0.625,0.23711340206185566,0.06666666666666667,0.7391304347826086
2746,67641,Tyreek Scott-Grayson,UAB,0.3333333333333333,0.20833333333333334,0.09523809523809523,0.7631578947368421
2747,67642,Derek St. Hilaire,Jacksonville St.,0.0,0.125,0.15384615384615385,0.8
2748,67643,JJ Murray,North Texas,0.0,0.0,0.0,1.0
2749,67645,Eli Abaev,Austin Peay,0.5714285714285714,0.5362318840579711,0.6111111111111112,0.0
2750,67647,Abdou Ndiaye,Illinois St.,0.6666666666666666,0.5625,0.5,1.0
2751,67651,Tytist Dean,Liberty,0.0,0.0,0.0,0.0
2752,67652,Robinson Idehen,UC Santa Barbara,0.7727272727272727,0.5454545454545454,0.7,0.0
2753,67656,Romain Boxus,Hartford,0.0,0.5,0.3333333333333333,0.9583333333333334
2754,67658,De'jon Davis,Cal Baptist,0.6666666666666666,0.4090909090909091,0.34146341463414637,1.0
2755,67661,Fahim Jenneto,Delaware St.,0.0,0.7222222222222222,0.0,0.9523809523809523
2756,67663,Sam Bannec,Colorado St.,0.0,0.0,0.0,0.0
2757,67665,A.J. Labriola,Saint Francis,0.0,0.0,1.0,0.0
2758,67666,Boban Jacdonmi,Southern Miss,0.0,0.4642857142857143,0.4230769230769231,0.0
2759,67668,Tyler Stevenson,Southern Miss,0.9354838709677419,0.8867924528301887,0.7209302325581395,0.0
2760,67669,Brian Fobbs,Towson,0.4,0.2857142857142857,0.2727272727272727,0.7169811320754716
2761,67670,Raef Gerdes,Grand Canyon,0.0,0.0,0.0,0.0
2762,67673,Tyrece Radford,Virginia Tech,0.625,0.41904761904761906,0.2222222222222222,1.0
2763,67674,Brendan Palmer,Virginia Tech,0.0,0.0,0.0,0.0
2764,67675,Brendan Paul,Syracuse,0.0,0.0,0.0,1.0
2765,67677,Oscar Okeke,Fairleigh Dickinson,1.0,0.5,1.0,0.0
2766,67678,J'Von McCormick,Auburn,0.6666666666666666,0.2909090909090909,0.0,0.425
2767,67680,Alex Ionesco,Stetson,0.0,0.0,0.0,1.0
2768,67684,Britton Johnson,Alabama,0.0,1.0,0.0,1.0
2769,67685,DeAnthony McCallum,Jacksonville,0.5,0.21428571428571427,0.25,0.96
2770,67689,Danny Hummer,Ohio St.,0.0,0.0,0.0,0.5
2771,67692,Trey Smith,San Jose St.,0.0,0.0,0.3333333333333333,0.9230769230769231
2772,67695,Ethan Esposito,Sacramento St.,0.75,0.5,0.4375,0.9
2773,67699,Jahlil Rawley,Stetson,0.4444444444444444,0.20512820512820512,0.05263157894736842,0.8421052631578947
2774,67703,Tyler Thompson,Tennessee Tech,0.0,0.0,0.0,0.0
2775,67704,Jordan Gorman,Detroit Mercy,0.0,0.5,0.3333333333333333,0.75
2776,67705,Willy Isiani,Detroit Mercy,0.0,0.25,1.0,0.9459459459459459
2777,67706,Malik Hardy,Florida Gulf Coast,1.0,0.13333333333333333,0.0,0.75
2778,67707,Garrett Sturtz,Drake,0.0,0.7352941176470589,0.5555555555555556,1.0
2779,67708,Anthony Murphy,Drake,1.0,0.6206896551724138,0.16666666666666666,1.0
2780,67711,Zach Walton,Drexel,0.0,0.5494505494505495,0.3157894736842105,0.7692307692307693
2781,67712,Taron Oliver Jr.,Morgan St.,0.0,1.0,0.0,0.0
2782,67713,Tavon King,North Alabama,0.0,0.0,0.0,1.0
2783,67714,Nate Louis,Charleston Southern,0.0,0.0,0.0,1.0
2784,67716,Ramiir Dixon-Conover,Saint Francis,0.5,0.14705882352941177,0.4,0.6666666666666666
2785,67718,Quintin Dove,Tennessee Martin,0.7777777777777778,0.49586776859504134,0.6730769230769231,0.9
2786,67722,Nick Jones,Houston Christian,0.0,0.0,0.0,1.0
2787,67724,Chad Bowie,Sam Houston St.,0.0,0.4,0.07692307692307693,0.8095238095238095
2788,67725,Irshaad Hunte,Texas A&M Corpus Chris,0.875,0.5588235294117647,0.0,1.0
2789,67726,Tony Lewis,Texas A&M Corpus Chris,0.0,0.5142857142857142,0.25,1.0
2790,67727,Kai Mitchell,Sam Houston St.,0.8333333333333334,0.6486486486486487,0.5483870967741935,1.0
2791,67728,Terrell Curtis II,Little Rock,0.0,0.0,0.0,0.0
2792,67729,Devonte Bandoo,Baylor,1.0,0.43478260869565216,0.10526315789473684,0.875
2793,67732,James Ametepe,FIU,0.0,0.0,0.0,1.0
2794,67734,Joseph White II,Delaware St.,0.0,0.0,0.0,0.0
2795,67735,Ronald Lucas,Delaware St.,0.8333333333333334,0.7333333333333333,0.5,1.0
2796,67736,Vilgot Larsson,Maine,1.0,0.5625,0.6666666666666666,0.9333333333333333
2797,67738,Trey Spencer,Campbell,1.0,0.43478260869565216,0.25,0.84
2798,67739,Richardson Maitre,Florida Atlantic,0.0,0.10714285714285714,0.06896551724137931,0.8
2799,67740,Aleksandar Zecevic,Florida Atlantic,0.0,0.5757575757575758,0.5555555555555556,0.8
2800,67743,Silas Adheke,Northern Kentucky,0.875,0.7567567567567568,1.0,1.0
2801,67744,Jordan Arroyo,New Mexico,1.0,0.6,0.0,0.0
2802,67746,Tyler Kidd,Eastern Washington,0.0,0.0,0.0,0.5454545454545454
2803,67747,Tremell Murphy,Drake,1.0,0.6,0.6666666666666666,1.0
2804,67748,D.J. Wilkins,Drake,0.0,0.2916666666666667,0.25,0.8723404255319149
2805,67751,Tracy Hector Jr.,Florida Gulf Coast,0.0,0.26666666666666666,0.25,1.0
2806,67753,Jay Yoon,Pepperdine,0.0,0.0,0.0,0.0
2807,67754,Phillip Jones,Howard,0.0,0.0,0.5,1.0
2808,67755,Asiah Avent,Seton Hall,0.0,0.0,0.0,0.0
2809,67757,Marvin Cannon,Washington St.,0.6666666666666666,0.6,1.0,0.8571428571428571
2810,67759,Bul Kuol,Cal Baptist,0.0,0.0,0.0,0.8947368421052632
2811,67761,Micah Robinson,Cal Baptist,0.0,0.0,0.0,0.8
2812,67762,Ty Rowell,Cal Baptist,0.0,0.0,0.3333333333333333,0.8461538461538461
2813,67763,Jordan Gonzalez,Cal Baptist,0.0,0.0,0.0,1.0
2814,67764,Nikola Maric,Little Rock,0.6666666666666666,0.45161290322580644,0.5333333333333333,0.6666666666666666
2815,67765,J.J. Matthews,Arkansas St.,0.6,0.5555555555555556,0.4666666666666667,0.0
2816,67767,Canberk Kus,Arkansas St.,0.7857142857142857,0.673469387755102,0.6896551724137931,0.9583333333333334
2817,67771,Ty Gadsden,UNC Wilmington,0.0,0.23529411764705882,0.2222222222222222,0.8275862068965517
2818,67772,Javae Lampkins,Texas A&M Corpus Chris,0.0,0.4,0.3333333333333333,0.7777777777777778
2819,67773,Jashawn Talton-Thomas,Texas A&M Corpus Chris,1.0,0.42105263157894735,0.24324324324324326,0.9354838709677419
2820,67775,Jimmy Ratliff,Siena,0.0,0.0,0.0,0.0
2821,67776,Kale Walters,Louisiana Tech,0.0,0.0,0.0,0.0
2822,67778,Terrell Brown,Seattle,0.0,0.08163265306122448,0.07142857142857142,0.4375
2823,67779,John McBride,Mississippi,0.0,0.0,0.0,1.0
2824,67780,Malik Brevard,Arkansas St.,1.0,0.6333333333333333,0.6666666666666666,0.0
2825,67782,Robert Mahala,Siena,0.0,0.0,0.0,0.0
2826,67783,Abe Kinrade,Air Force,0.6,0.6153846153846154,0.0,1.0
2827,67786,Isaac Monson,Air Force,0.0,0.0,0.0,1.0
2828,67787,A.J. Walker,Air Force,0.0,0.13953488372093023,0.06451612903225806,0.8333333333333334
2829,67788,Andrew Junkin,Mississippi St.,0.0,0.0,0.0,0.0
2830,67790,Brandon Mahan,UCF,0.3333333333333333,0.28888888888888886,0.8,1.0
2831,67794,Sam Beskind,Stanford,0.0,0.0,0.0,1.0
2832,67795,Devan Straub,Evansville,0.0,0.0,0.0,1.0
2833,67796,Marlon Sierra,Bowling Green,0.0,0.6190476190476191,0.5,1.0
2834,67798,Michael Laster,Bowling Green,0.0,0.23333333333333334,0.2222222222222222,0.0
2835,67800,Jake Hendricks,Wyoming,0.0,0.16666666666666666,0.3,0.8470588235294118
2836,67803,Mason Jones,Arkansas,1.0,0.28125,0.07407407407407407,0.5
2837,67804,Romaro Gill,Seton Hall,0.9215686274509803,0.8783783783783784,0.7058823529411765,0.0
2838,67805,Michael Cubbage,Marist,0.0,0.15555555555555556,0.11904761904761904,0.4666666666666667
2839,67806,Tyler Reynolds,Manhattan,0.0,1.0,0.3333333333333333,0.9215686274509803
2840,67808,Omar Lo,Cal Baptist,0.75,0.6875,0.0,0.0
2841,67809,Keith McGee,New Mexico,0.5625,0.5588235294117647,0.3333333333333333,0.8275862068965517
2842,67810,Amari McCray,Pacific,1.0,0.5666666666666667,0.36363636363636365,0.0
2843,67812,KC Ndefo,Saint Peter's,0.7058823529411765,0.5285714285714286,0.5,0.0
2844,67814,Greg Smith,Saint Joseph's,0.0,0.8,0.0,1.0
2845,67815,Josh Aldrich,USC Upstate,1.0,0.47368421052631576,0.3333333333333333,1.0
2846,67817,J.J. Rhymes,Grand Canyon,0.0,0.3684210526315789,1.0,0.0
2847,67818,Brock Jancek,Tennessee,0.0,0.0,0.0,0.0
2848,67819,Kyle Hoffman,Florida Gulf Coast,0.0,0.0,0.0,0.0
2849,67822,RJ Smith,Sam Houston St.,0.8571428571428571,0.55,0.5,0.8235294117647058
2850,67823,Ountae Campbell,UTEP,0.0,0.0,0.0,1.0
2851,67825,Owen King,South Dakota St.,0.0,0.0,0.0,0.75
2852,67826,Pape Diop,Southeastern Louisiana,0.6666666666666666,0.582089552238806,0.6470588235294118,0.5
2853,67828,Caden Hoffman,South Dakota,0.0,0.0,0.0,0.0
2854,67830,Brandon Powell,Alabama A&M,0.0,0.0,1.0,0.0
2855,67831,Isaac Hippolyte,Coastal Carolina,1.0,0.5,0.4,0.9090909090909091
2856,67834,Patrick Casey,Davidson,0.0,0.0,0.0,0.0
2857,67836,Kyonze Chavis,Norfolk St.,0.0,0.75,0.25,0.5
2858,67837,Andre Jackson,North Carolina A&T,0.6666666666666666,0.3953488372093023,0.375,0.813953488372093
2859,67838,Ronald Jackson,North Carolina A&T,0.7586206896551724,0.6372549019607843,0.5666666666666667,1.0
2860,67841,Webster Filmore,North Carolina A&T,1.0,0.5,0.0,0.0
2861,67842,Max Rice,Boise St.,0.0,0.42857142857142855,0.16666666666666666,0.9285714285714286
2862,67845,Louis Bangai,Grand Canyon,0.0,0.0,0.0,0.0
2863,67850,Jeremiah Bailey,Pacific,1.0,0.5,0.5,0.9411764705882353
2864,67852,Samson Strickland,East Carolina,0.0,0.0,0.0,0.0
2865,67854,Jakoby Kemp,IU Indy,0.0,0.0,0.3333333333333333,1.0
2866,67856,Jaylon Wilson,Longwood,0.0,0.13793103448275862,0.14285714285714285,0.8863636363636364
2867,67857,Juan Cardenas,Bryant,0.75,0.4722222222222222,0.42857142857142855,1.0
2868,67858,Shabooty Phillips,Longwood,0.0,0.13333333333333333,0.07317073170731707,0.7659574468085106
2869,67861,Chudier Bile,Northwestern St.,0.6666666666666666,0.3269230769230769,0.2962962962962963,0.6571428571428571
2870,67864,Shanquan Hemphill,Green Bay,0.0,0.0,0.0,0.0
2871,67865,Josh McNair,Green Bay,0.8888888888888888,0.5675675675675675,0.0,0.0
2872,67867,Chidi Udengwu,Idaho St.,0.6666666666666666,0.4418604651162791,0.43478260869565216,0.0
2873,67868,Nathan Nelson,South Carolina,0.0,1.0,0.0,0.0
2874,67872,Gerard Andrus,Prairie View A&M,0.6666666666666666,0.7052631578947368,0.6931818181818182,0.6666666666666666
2875,67873,Courtese Cooper,LSU,1.0,0.6,0.0,0.0
2876,67876,Aramani Hill,South Carolina St.,1.0,0.46153846153846156,0.8,0.0
2877,67881,D.J. Mitchell,Hartford,1.0,0.4666666666666667,0.5,1.0
2878,67886,Tyree White,Louisiana Monroe,0.7333333333333333,0.5526315789473685,0.56,0.9523809523809523
2879,67887,Giambattista Davis,Buffalo,0.0,0.0,0.0,0.0
2880,67892,Jeromy Rodriguez,East Tennessee St.,1.0,0.4489795918367347,0.08333333333333333,0.0
2881,67893,Freddie Gillespie,Baylor,0.8,0.7391304347826086,0.7846153846153846,0.0
2882,67894,Ben Kinker,Army,0.0,0.6666666666666666,0.0,1.0
2883,67895,A.J. Banks,Wyoming,0.5714285714285714,0.2857142857142857,0.18181818181818182,0.5384615384615384
2884,67898,Payton Youngblood,North Alabama,0.0,0.25,0.3333333333333333,0.8421052631578947
2885,67900,Kashawn Charles,Eastern Illinois,0.0,0.46153846153846156,0.4166666666666667,0.96875
2886,67902,Jackson Moffatt,Baylor,0.0,0.0,0.0,0.0
2887,67904,Roche Grootfaam,Utah St.,1.0,0.75,0.0,0.0
2888,67906,Chris Smith,Arkansas Pine Bluff,0.0,1.0,0.0,0.0
2889,67907,Jordan Williams,St. Francis NY,0.0,0.0,0.0,1.0
2890,67909,Jacob Tryon,Portland,0.0,0.6451612903225806,0.75,1.0
2891,67910,Wyatt Watson,Portland,0.0,0.0,0.0,0.5
2892,67911,Yilret Yiljep,American,1.0,0.7352941176470589,1.0,0.0
2893,67912,Austin Washburn,William & Mary,0.0,0.0,0.0,0.0
2894,67913,Connor Gholson,Drake,0.0,0.0,0.0,0.0
2895,67915,John-Michael Hughes,High Point,0.0,1.0,0.0,0.7777777777777778
2896,67916,Sean Flood,Longwood,0.0,0.0,0.0,0.8666666666666667
2897,67919,Wil Sessoms,Milwaukee,0.8,0.6521739130434783,0.6153846153846154,1.0
2898,67921,Amir Allen,Milwaukee,0.6,0.375,0.3333333333333333,0.0
2899,67923,Cameron Diggs,North Alabama,0.0,0.6428571428571429,0.4,0.0
2900,67924,Georges Darwiche,Siena,0.0,0.0,0.0,1.0
2901,67925,Osa Wilson,Southern,0.0,0.0,1.0,0.0
2902,67926,Tate Busse,Wichita St.,0.0,0.0,0.0,0.0
2903,67927,Aundre Hyatt,LSU,1.0,0.25,0.0,1.0
2904,67931,Jahmari Etienne,South Carolina St.,0.0,0.4,0.375,0.8235294117647058
2905,67934,Trey Dawkins,Georgia Southern,0.625,0.4666666666666667,1.0,0.6666666666666666
2906,67935,Mark Tikhonenko,Sam Houston St.,0.0,0.5,0.75,0.9130434782608695
2907,67937,Garrett Suedekum,Belmont,0.0,0.5,0.0,0.0
2908,67939,Mike Jones,Davidson,0.0,0.9,1.0,0.9487179487179487
2909,67940,Jack Raboin,Saint Louis,0.0,0.0,0.0,0.0
2910,67943,Jonathan Scott,Chattanooga,0.0,0.3333333333333333,0.3333333333333333,0.9230769230769231
2911,67945,Isaiah Crawley,Georgia Southern,0.7333333333333333,0.2604166666666667,0.2692307692307692,1.0
2912,67948,Josiah Wallace,Eastern Illinois,0.0,0.14814814814814814,0.16981132075471697,0.6
2913,67949,Braxton Shaw,Eastern Illinois,0.0,0.0,0.5,1.0
2914,67950,Keandre Cook,Missouri St.,0.3,0.1935483870967742,0.2413793103448276,0.5774647887323944
2915,67951,JaQualis Matlock,Eastern Illinois,0.6666666666666666,0.4878048780487805,0.25,0.9333333333333333
2916,67953,Casson Rouse,Eastern Washington,0.0,0.5294117647058824,0.1111111111111111,0.8484848484848485
2917,67955,Andrew Gordon,Louisiana Tech,0.6842105263157895,0.5319148936170213,0.0,0.0
2918,67958,Rylen Grundy,Purdue Fort Wayne,0.0,0.0,0.0,1.0
2919,67960,Seth LeDay,East Carolina,1.0,0.47368421052631576,0.5,0.0
2920,67961,Khalil Shabazz,San Francisco,0.0,0.13513513513513514,0.0625,0.5932203389830508
2921,67965,Damian Chong Qui,Mount St. Mary's,0.0,0.08333333333333333,0.10526315789473684,0.5405405405405406
2922,67968,Ashton McClelland,Texas Southern,0.0,0.0,0.0,0.5
2923,67969,Sal Nuhu,Portland St.,0.7857142857142857,0.6363636363636364,0.6111111111111112,0.0
2924,67970,Amel Kuljuhovic,Southern,1.0,0.6666666666666666,0.6428571428571429,1.0
2925,67971,Rodney Henderson Jr.,Cal St. Northridge,0.0,0.0,0.0,1.0
2926,67973,Taylor Maughan,BYU,0.0,0.0,0.0,1.0
2927,67974,Lincoln Yeutter,Holy Cross,0.0,0.5,0.0,0.0
2928,67975,Ladan Ricketts,Montana St.,0.0,0.6666666666666666,0.8333333333333334,0.9523809523809523
2929,67977,Aamahne Santos,Jacksonville,0.0,0.0,0.16666666666666666,0.7058823529411765
2930,67978,Willie Herenton,Miami FL,0.0,0.0,0.0,1.0
2931,67981,Jake Weyhrich,Western Illinois,0.0,0.0,0.0,0.0
2932,67982,Drew Romich,Kennesaw St.,0.0,0.6,1.0,0.0
2933,67984,Zaire Mateen,Northern Illinois,0.0,0.0,0.25,0.7307692307692307
2934,67986,Trendon Hankerson,Northern Illinois,0.25,0.08695652173913043,0.16666666666666666,0.9743589743589743
2935,67987,Benjamin Litteken,Miami OH,0.0,0.0,0.0,1.0
2936,67988,Jamon Bivens,Buffalo,0.0,0.0,0.0,0.0
2937,67990,Davis Long,Delaware,0.0,0.0,0.0,0.0
2938,67991,Sasha French,Albany,1.0,0.7777777777777778,0.75,0.0
2939,67992,Ben Perez,Iona,1.0,0.8,0.0,1.0
2940,67994,Tiandre Jackson-Young,UT Arlington,0.0,0.75,0.75,1.0
2941,67995,Jalen Tuck,Troy,0.0,0.0,0.0,0.0
2942,67997,Leon Sneed,Prairie View A&M,1.0,0.2,0.14285714285714285,1.0
2943,68000,Charles Norman,Troy,0.0,0.6363636363636364,0.0,0.8717948717948718
2944,68001,Curtis Aiken Jr.,Pittsburgh,0.0,0.0,0.0,0.0
2945,68002,Ty Dalton,Houston Christian,0.0,0.32142857142857145,0.2222222222222222,0.9230769230769231
2946,68003,Tate Hall,Loyola Chicago,0.875,0.7014925373134329,0.21428571428571427,0.9649122807017544
2947,68004,Devonte Patterson,Prairie View A&M,0.5,0.5172413793103449,0.6491228070175439,1.0
2948,68005,Ty Hands,Florida St.,0.0,0.0,0.0,0.0
2949,68007,Jare'l Spellman,Sacred Heart,0.6190476190476191,0.4142857142857143,0.75,0.0
2950,68008,Daniel Sanders,Alabama A&M,0.0,0.0,0.0,0.0
2951,68010,Jamir Coleman,Central Connecticut,0.5,0.3125,0.16666666666666666,0.9
2952,68011,Thai Segwai,Central Connecticut,0.0,0.0,0.0,0.0
2953,68015,John Stubbs,Elon,0.0,0.0,0.0,0.0
2954,68016,John Norvel,Northwestern St.,0.0,0.5,0.5,0.5
2955,68019,Zoar Nedd,Hawaii,0.0,0.3333333333333333,1.0,0.0
2956,68020,Eddie Stansberry,Hawaii,0.0,0.7575757575757576,0.36666666666666664,0.7701149425287356
2957,68021,Chandler Vaudrin,Winthrop,0.0,0.06,0.038461538461538464,0.782608695652174
2958,68025,Brendon Brooks,Southern,0.0,0.21428571428571427,0.375,0.875
2959,68027,Jack Higgins,Quinnipiac,0.0,0.0,0.0,0.0
2960,68029,Ben Drake,Presbyterian,1.0,0.6447368421052632,0.5294117647058824,1.0
2961,68031,Quishon Harris,Old Dominion,0.0,0.0,0.0,1.0
2962,68033,Carter Higginbottom,Wisconsin,0.0,0.0,0.0,0.0
2963,68036,Kyle Luedtke,Nebraska Omaha,0.0,1.0,1.0,1.0
2964,68037,Rashaad Goolsby,Portland St.,0.3333333333333333,0.29508196721311475,0.5555555555555556,1.0
2965,68039,LaTerrance Reed,Northwestern St.,0.0,0.3333333333333333,0.0,0.8333333333333334
2966,68041,Victor Curry,Morgan St.,0.0,0.0,0.0,0.0
2967,68042,Leon Redd,Bethune Cookman,0.0,0.19444444444444445,0.08333333333333333,0.8709677419354839
2968,68043,Wali Parks,Bethune Cookman,0.5,0.34615384615384615,0.36666666666666664,0.9285714285714286
2969,68045,Cletrell Pope,Bethune Cookman,0.6785714285714286,0.5043478260869565,0.5833333333333334,0.0
2970,68046,"Derek Hawthorne, Jr.",Tennessee Martin,0.25,0.21875,0.1935483870967742,0.7368421052631579
2971,68047,Robert Guyton,The Citadel,0.0,0.0,0.0,0.0
2972,68048,Lijah Donnelly,Illinois St.,0.0,0.0,0.0,1.0
2973,68049,Myles Parker,Auburn,0.0,0.0,0.0,0.0
2974,68051,Jay Vaughan,Lafayette,0.0,0.5,0.0,0.0
2975,68052,Elijah Joyner,North Carolina A&T,0.0,0.0,0.0,0.0
2976,68054,Luke Toliver,Western Michigan,0.0,0.0,0.0,1.0
2977,68055,Faite Williams,Prairie View A&M,0.6666666666666666,0.43333333333333335,0.125,1.0
2978,68056,Evan Yerkes,Missouri,0.0,0.0,0.0,0.5
2979,68058,Tony Miller,Washington St.,0.7692307692307693,0.5333333333333333,0.3333333333333333,1.0
2980,68066,Reagan Lundeen,Washington,0.0,0.0,0.0,0.0
2981,68067,Ramon Singh,Xavier,0.0,0.0,0.0,0.0
2982,68068,Matthew Glassman,Manhattan,0.0,0.0,0.0,0.0
2983,68070,Clay Patterson,New Mexico,0.0,0.0,0.0,0.0
2984,68071,Sekou Dembele,Southern Illinois,0.0,0.8,0.0,0.0
2985,68072,Kawanise Wilkins,Western Michigan,0.0,0.2,0.0,0.0
2986,68073,Adam Mikula,Boston University,0.0,0.0,0.0,1.0
2987,68075,Isaiah Rollins,Southern,0.0,0.0,0.3333333333333333,1.0
2988,68077,Tommy Burton,Coastal Carolina,0.5384615384615384,0.5285714285714286,0.31666666666666665,0.0
2989,68079,Tyrik Armstrong,Texas Southern,0.0,0.06349206349206349,0.06,0.44
2990,68080,Nate Schuster,Iowa St.,0.0,0.0,0.0,0.0
2991,68081,Carter Boothe,Iowa St.,0.0,0.0,0.0,1.0
2992,68083,Landon Taliaferro,Fairfield,0.0,0.23333333333333334,0.25,0.9047619047619048
2993,68084,Travell Washington,Illinois Chicago,0.0,0.0,0.5,1.0
2994,68087,Tennessee Owens,New Mexico St.,0.0,0.0,0.0,0.6666666666666666
2995,68088,Aidan Saunders,Oral Roberts,0.3333333333333333,0.42857142857142855,0.0,0.0
2996,68091,Dante Treacy,Robert Morris,0.0,0.1875,0.08333333333333333,0.8055555555555556
2997,68092,Shareef Smith,Eastern Illinois,0.0,0.5833333333333334,0.14285714285714285,0.8846153846153846
2998,68095,Michael Littlejohn,Tennessee St.,0.0,0.06666666666666667,0.15789473684210525,0.7466666666666667
2999,68096,Emmanuel Egbuta,Tennessee St.,0.8571428571428571,0.6271186440677966,0.3,1.0
3000,68099,Michael Baer,Iowa,0.0,1.0,0.0,0.0
3001,68102,Solomon Iluyomade,Maine,0.0,0.3333333333333333,0.0,1.0
3002,68103,Tyler Bertram,Charlotte,0.0,1.0,0.0,0.0
3003,68104,Sayveon McEwen,Robert Morris,0.0,0.3076923076923077,0.65,0.9310344827586207
3004,68105,Atem Bior,UTSA,0.0,0.41379310344827586,0.5,0.8571428571428571
3005,68106,Romelo Burrell,Central Michigan,1.0,0.7142857142857143,0.5,1.0
3006,68107,Anselm Uzuegbunem,SIU Edwardsville,0.0,0.5294117647058824,0.6818181818181818,0.0
3007,68108,Oscar Kao,Southeast Missouri St.,0.0,0.16666666666666666,0.3333333333333333,1.0
3008,68111,Bing Huang,Boise St.,0.0,0.0,0.0,1.0
3009,68112,LJ Figueroa,St. John's,0.6666666666666666,0.47540983606557374,0.23333333333333334,0.7916666666666666
3010,68113,Bentiu Panoam,North Dakota,0.0,0.0,0.0,1.0
3011,68114,Brae Ivey,San Jose St.,0.0,0.5,0.1,0.7843137254901961
3012,68115,Federico Poser,Elon,0.6,0.5277777777777778,0.6,0.0
3013,68116,Tajuan Agee,Iona,0.9166666666666666,0.4574468085106383,0.2564102564102564,0.8888888888888888
3014,68117,Grant Quinn,Tulane,0.0,0.0,0.0,0.0
3015,68122,Zachary Barnes,Mississippi Valley St.,0.0,0.5,0.5,0.8571428571428571
3016,68123,Michael Green,Mississippi Valley St.,0.0,0.3111111111111111,0.27835051546391754,0.7755102040816326
3017,68125,Yanni Wetzell,San Diego St.,0.8076923076923077,0.6460176991150443,0.375,1.0
3018,68126,Chaz Mack,Cornell,0.0,0.0,0.0,0.0
3019,68127,Thurston McCarty,Cornell,0.5,0.4444444444444444,1.0,1.0
3020,68128,Devin Cole,UC Irvine,0.0,0.0,0.0,1.0
3021,68129,Yannis Mendy,Robert Morris,0.0,0.6853932584269663,0.7096774193548387,0.0
3022,68132,Ted McCree,Northern Arizona,0.0,0.7142857142857143,0.14285714285714285,0.5555555555555556
3023,68133,Connor Murrell,Ohio,1.0,0.625,0.3333333333333333,0.0
3024,68136,Brandon Bradsher,Loyola MD,0.0,0.0,0.0,1.0
3025,68138,Des Balentine,Incarnate Word,0.0,0.275,0.21739130434782608,0.0
3026,68140,Jackson Stent,Houston Christian,0.0,0.6666666666666666,0.5,0.9230769230769231
3027,68141,Niksa Nikolic,Iona,0.0,0.7777777777777778,0.0,0.0
3028,68142,Chris Caliguiran,Towson,0.0,0.0,0.0,0.0
3029,68146,Rob Montgomery,Central Michigan,0.8571428571428571,0.35294117647058826,0.3548387096774194,0.8947368421052632
3030,68150,Antonio Williams,Kent St.,0.5909090909090909,0.25210084033613445,0.07407407407407407,0.8421052631578947
3031,68154,Marvin Coleman,UNLV,0.0,0.36666666666666664,0.2857142857142857,1.0
3032,68155,Jeff Otchere,Stony Brook,0.7222222222222222,0.5555555555555556,0.3333333333333333,0.0
3033,68156,Brandon Miller,Alabama A&M,0.0,0.4444444444444444,0.2857142857142857,0.84
3034,68157,John Caldwell,Radford,0.0,0.0,1.0,0.0
3035,68158,Richard Caldwell Jr.,Binghamton,0.5,0.45161290322580644,0.2857142857142857,0.896551724137931
3036,68159,Kendall Lauderdale,Albany,1.0,0.7666666666666667,0.96,0.0
3037,68160,Hyron Edwards,Colorado St.,0.0,0.25,0.3333333333333333,0.9
3038,68161,Kyle Feit,Arizona St.,0.0,0.0,0.0,1.0
3039,68162,Trent Harris,Northern Colorado,0.0,0.38461538461538464,0.0,0.9404761904761905
3040,68164,Tommy Gardiner,Marquette,0.0,1.0,0.0,0.0
3041,68167,Darnell Cowart,Murray St.,0.0,0.9,0.2857142857142857,0.0
3042,68169,Tyresse Williford,SIU Edwardsville,0.0,0.25806451612903225,0.2222222222222222,0.6666666666666666
3043,68170,Kevin Hamlet,Central Michigan,0.0,0.3333333333333333,0.5,1.0
3044,68173,Andy Neff,Wright St.,0.0,0.75,0.0,0.0
3045,68175,Drew Cobb,Long Beach St.,0.0,0.2962962962962963,0.125,1.0
3046,68176,Will Clark,Maryland,0.0,1.0,0.0,0.0
3047,68177,Mikel Beyers,Marshall,0.7272727272727273,0.6153846153846154,0.2,0.8148148148148148
3048,68181,Emeka Obukwelu,Arkansas,0.0,0.0,0.0,0.0
3049,68182,Djordje Dimitrijevic,Mercer,0.0,0.09375,0.2857142857142857,0.8125
3050,68185,CJ Williamson,Kent St.,0.4,0.4074074074074074,0.25,0.8125
3051,68188,Chase Ridenour,Tennessee Tech,0.0,0.0,0.0,0.0
3052,68189,Marquis Moore,Detroit Mercy,0.5,0.21212121212121213,0.3,1.0
3053,68191,Corey Sato,Incarnate Word,0.0,0.5,0.0,1.0
3054,68195,Zavian Jackson,Arkansas Pine Bluff,0.0,0.25,0.0,0.5
3055,68196,Isaac Bassey,Arkansas Pine Bluff,1.0,0.8571428571428571,0.4,0.0
3056,68197,Marquell Carter,Arkansas Pine Bluff,0.0,0.2916666666666667,0.44,0.8648648648648649
3057,68198,David Jabedo,Northern Colorado,0.0,0.0,0.0,0.0
3058,68200,Nicolas Hobbs,Iowa,0.0,0.0,0.0,0.0
3059,68201,Mark Calleja,South Florida,0.0,0.0,0.0,1.0
3060,68202,Isaiah White,Utah Valley,0.75,0.5471698113207547,0.3076923076923077,0.9285714285714286
3061,68204,Skyler Hogan,Southeast Missouri St.,0.0,0.6,0.56,0.9782608695652174
3062,68209,Jamie Ahale,Illinois Chicago,1.0,0.8,0.0,0.9772727272727273
3063,68211,Ayoub Nouhi,UT Arlington,0.0,0.4,0.5,1.0
3064,68212,Andre Charles Jr.,Houston Christian,0.0,0.0,0.0,0.0
3065,68213,Kur Jockuch,Northern Colorado,0.7777777777777778,0.5217391304347826,0.25,0.0
3066,68216,Jack Schwietz,UMBC,0.0,0.0,0.0,0.8333333333333334
3067,68217,Christian Sutton,American,0.0,0.0,0.0,0.0
3068,68218,Spencer Brown,Missouri St.,0.0,0.0,0.0,1.0
3069,68220,Torico Simmons,Mississippi Valley St.,0.0,0.21428571428571427,0.05555555555555555,0.5833333333333334
3070,68221,Travis Rice,Washington,0.0,0.0,0.0,0.0
3071,68223,Will Butler,UAB,0.9166666666666666,0.6417910447761194,0.35714285714285715,0.0
3072,68224,Nolan Bertain,Texas A&M Corpus Chris,0.0,0.6666666666666666,0.4444444444444444,0.9743589743589743
3073,68229,Douglas Elks,Western Carolina,0.0,0.0,0.0,1.0
3074,68233,Nicolas Fennell,North Carolina Central,0.75,0.43902439024390244,0.5,0.8571428571428571
3075,68238,AJ Farrar,Alabama St.,0.0,0.391304347826087,0.375,0.9
3076,68239,George Christopoulos,Tulsa,0.0,0.0,0.0,0.0
3077,68240,Abdul Alatishe,Nicholls St.,0.7666666666666667,0.4318181818181818,0.15625,1.0
3078,68241,Thomas Clement,Nicholls St.,0.0,0.0,0.0,1.0
3079,68242,Channel Banks,Akron,0.0,0.34782608695652173,0.25,0.9384615384615385
3080,68243,Tyler Cheese,Akron,0.0,0.2987012987012987,0.2413793103448276,0.7
3081,68247,Zeke Moore,SIU Edwardsville,1.0,0.5882352941176471,0.45454545454545453,1.0
3082,68248,David Loville,Grambling St.,0.0,0.0,0.0,0.0
3083,68251,Brandon Moore Jr.,Nicholls St.,0.0,0.375,0.42857142857142855,0.9090909090909091
3084,68254,Elvis Harvey,Nicholls St.,0.875,0.5454545454545454,0.35714285714285715,1.0
3085,68260,Romani Hansen,Albany,0.875,0.4423076923076923,0.5,1.0
3086,68264,Kevin Holston,Alabama St.,0.0,0.05263157894736842,0.0,0.55
3087,68266,Noah Bigirumwami,Chicago St.,0.0,0.3333333333333333,0.75,0.5
3088,68268,Jay Head,Grambling St.,0.0,0.0,0.0,0.0
3089,68270,Travon Bunch,Grambling St.,0.8157894736842105,0.6615384615384615,0.0,0.0
3090,68276,Jeremiah Buford,Nicholls St.,0.0,0.3333333333333333,0.0,0.8947368421052632
3091,68277,Canaan Bartley,Maryland Eastern Shore,1.0,0.25,0.2727272727272727,0.75
3092,68280,Prince Moss,Grambling St.,0.7222222222222222,0.6363636363636364,0.5,1.0
3093,68281,Leon Daniels,Alabama St.,0.0,0.2571428571428571,0.5454545454545454,0.9375
3094,68282,Alonzo Campbell,Alcorn St.,0.5,0.5882352941176471,0.6666666666666666,0.0
3095,68283,DeShaw Andrews,Alcorn St.,0.0,0.45652173913043476,0.25,0.851063829787234
3096,68285,Bryan Urrutia,Maryland Eastern Shore,0.0,0.14285714285714285,0.6666666666666666,1.0
3097,68288,Gabriel Gyamfi,Maryland Eastern Shore,0.4,0.4358974358974359,0.5,0.0
3098,68289,Trey Johnson,McNeese St.,0.0,0.42857142857142855,0.0,0.8571428571428571
3099,68290,Jeremy Harrell,McNeese St.,0.0,0.4,0.6666666666666666,1.0
3100,68292,Sha'markus Kennedy,McNeese St.,0.875,0.6871508379888268,0.5384615384615384,1.0
3101,68293,Christian Jacob,Chicago St.,0.0,0.5,0.0,0.0
3102,68296,Jayveous McKinnis,Jackson St.,0.7346938775510204,0.5643564356435643,0.46153846153846156,0.0
3103,68302,Josh Everett,Jackson St.,0.0,0.0,0.0,0.5
3104,68303,Darrian Wilson,Jackson St.,0.0,0.0,0.0,1.0
3105,68304,Kelvin Wesley,Jackson St.,0.0,0.0,0.0,0.0
3106,68306,Preston Cook,Auburn,0.0,0.0,0.0,0.0
3107,68310,David Roelke,Lehigh,0.0,0.0,0.0,0.0
3108,68312,Markese Redding,Loyola MD,0.0,0.0,0.0,0.0
3109,68313,Grant Kersey,Virginia,0.0,0.0,0.0,0.0
3110,68315,Zach Walker,Texas A&M,0.0,1.0,0.0,0.0
3111,68319,Max Dorward,Santa Clara,0.0,0.0,0.0,0.0
3112,68322,Christian Wilson,Dayton,0.0,1.0,0.0,1.0
3113,68332,Drayton Whiteside,Texas,0.0,0.0,0.0,0.0
3114,68338,Kennedy Kincaid,Gardner Webb,0.0,0.0,0.0,0.0
3115,68348,Myles Johnson,Rutgers,0.825,0.6526315789473685,0.3333333333333333,0.0
3116,68351,Flynn Cameron,DePaul,0.0,0.2,0.0,0.3333333333333333
3117,68352,Onyebuchi Ezeakudo,Pittsburgh,0.0,0.0,0.0,0.0
3118,68353,Robert Flint Jr.,South Carolina St.,0.0,0.0,0.0,0.0
3119,68356,Tim Waddington,Temple,0.0,0.0,0.0,0.0
3120,68357,Anto Keshgegian,Temple,0.0,0.0,0.0,0.0
3121,68358,Joey Downes,Rutgers,0.0,0.0,0.0,0.0
3122,68363,Russell Stong,UCLA,0.0,0.0,0.0,0.0
3123,68369,Haize Fornstrom,Wyoming,0.0,0.0,1.0,1.0
3124,68371,Ron Artest III,Cal St. Northridge,1.0,0.9,0.0,0.0
3125,68373,Ajiri Ogemuno-Johnson,Rider,1.0,0.84,0.3333333333333333,0.0
3126,68375,Hnric Murray Jr.,Florida A&M,0.0,0.0,0.0,0.0
3127,68379,Kevin McCullar,Texas Tech,0.6666666666666666,0.6428571428571429,0.4,1.0
3128,68381,Harrison Hookfin,Ohio St.,0.0,0.0,0.0,0.0
3129,68384,Tyler Rowe,Central Connecticut,0.0,0.2,0.125,0.5
3130,68386,Jeffrey Yan,Long Beach St.,0.0,0.0,0.0,0.0
3131,68387,Dee Mitchell,Oklahoma St.,0.0,1.0,0.0,1.0
3132,68392,Michael Johnson,Chicago St.,0.0,0.3333333333333333,0.75,1.0
3133,68393,J.K. Hadlock,Oklahoma St.,0.0,0.0,0.0,1.0
3134,68396,Brent Jenkins,UNC Wilmington,0.0,1.0,0.0,0.0
3135,70243,Mekhi Long,Rhode Island,0.25,0.5909090909090909,1.0,1.0
3136,70244,Moses Flowers,Hartford,0.5,0.29545454545454547,0.18181818181818182,0.7272727272727273
3137,70246,Colby Rogers,Cal Poly,0.0,0.42105263157894735,0.25,0.7894736842105263
3138,70248,Jon King,Kent St.,0.0,0.0,0.0,0.0
3139,70250,Anyeuri Castillo,Kent St.,0.0,0.5,1.0,1.0
3140,70251,Kalin Bennett,Kent St.,0.0,0.0,0.0,0.0
3141,70252,Evan Bainbridge,Kent St.,1.0,0.3333333333333333,0.0,0.0
3142,70253,Jakob Alamudun,Lehigh,0.0,0.35714285714285715,0.4444444444444444,0.6666666666666666
3143,70254,Alimamy Koroma,Cal Poly,0.8,0.6216216216216216,0.09090909090909091,1.0
3144,70255,Giovanni Santiago,Kent St.,0.0,0.14285714285714285,0.2,1.0
3145,70257,Tim Ceaser,Coastal Carolina,0.8,0.40540540540540543,0.375,0.875
3146,70258,Miroslav Stafl,Hartford,1.0,0.5230769230769231,0.4,1.0
3147,70260,Giordan Williams,Santa Clara,0.0,0.125,0.0,1.0
3148,70261,Kyle Young,Siena,0.0,0.7142857142857143,1.0,0.0
3149,70263,Javion Hamlet,North Texas,0.0,0.04878048780487805,0.025,0.6153846153846154
3150,70264,Thomas Bell,North Texas,0.8571428571428571,0.34146341463414637,0.0,1.0
3151,70266,Maxim Romanov,Southeastern Louisiana,1.0,0.42857142857142855,0.3333333333333333,1.0
3152,70267,Calvin Temple,Louisiana,0.0,0.25,0.0,0.5
3153,70268,Mikkel Hauge,Seattle,0.0,0.0,0.0,0.0
3154,70269,Jalen Williams,Santa Clara,0.75,0.5384615384615384,0.16666666666666666,0.9285714285714286
3155,70270,Damen Thacker,Idaho,1.0,0.42105263157894735,0.2,0.7391304347826086
3156,70271,Kalik Brooks,Georgia St.,0.0,0.0,0.0,0.0
3157,70273,Joshua Lusane,Campbell,1.0,0.7666666666666667,0.25,1.0
3158,70274,David Muoka,Lamar,0.6,0.53125,0.5714285714285714,0.0
3159,70275,Finn Fleute,Montana St.,0.0,0.8888888888888888,0.6666666666666666,1.0
3160,70276,Borja Fernandez,Montana St.,0.0,0.52,0.3157894736842105,0.9375
3161,70277,Eric Beckett,Vermont,0.0,0.0,0.0,1.0
3162,70278,Anderson Kopp,Lamar,0.0,0.6,0.4666666666666667,0.8857142857142857
3163,70279,Mychael Paulo,Montana St.,0.3333333333333333,0.3870967741935484,0.0,0.782608695652174
3164,70280,Corey Nickerson,Lamar,0.0,0.75,1.0,0.0
3165,70281,Zach Hobbs,Montana St.,0.0,0.0,0.0,1.0
3166,70283,Jameer Nelson Jr.,George Washington,0.45454545454545453,0.23376623376623376,0.16666666666666666,0.7916666666666666
3167,70284,Jamison Battle,George Washington,0.0,0.7222222222222222,0.26666666666666666,0.9438202247191011
3168,70285,Chase Paar,George Washington,0.8,0.8571428571428571,0.4444444444444444,0.0
3169,70286,Shawn Walker Jr.,George Washington,0.0,0.18181818181818182,0.6,0.8333333333333334
3170,70289,Dajuan Gordon,Kansas St.,0.5,0.40816326530612246,0.2,1.0
3171,70290,Preston Santos,Massachusetts,0.3333333333333333,0.37142857142857144,0.0,0.8888888888888888
3172,70291,Jordan Walker,Georgia Southern,0.0,0.0,0.0,0.0
3173,70292,Hunter Hale,Winthrop,0.0,0.23076923076923078,0.23809523809523808,0.8170731707317073
3174,70293,Xavier Wilson,Central Connecticut,0.7777777777777778,0.5263157894736842,0.6,0.8571428571428571
3175,70294,David Didenko,Georgia Tech,0.0,0.0,0.0,0.0
3176,70295,A.J. Taylor,N.C. State,0.0,0.0,0.0,0.0
3177,70296,Colin Kenney,Furman,0.0,0.0,0.0,0.6666666666666666
3178,70298,Zach Newkirk,Central Connecticut,0.0,0.1,0.25,0.8181818181818182
3179,70299,Stephane Ayangma,Central Connecticut,0.8333333333333334,0.5,0.5,1.0
3180,70300,Jamir Reed,Central Connecticut,0.0,0.25925925925925924,0.2,0.8095238095238095
3181,70301,Javen Udofia,Central Connecticut,0.0,0.0,0.0,1.0
3182,70303,Gaige Prim,Missouri St.,0.75,0.5740740740740741,0.5319148936170213,1.0
3183,70304,Emmanuel Ugboh,Tulsa,0.8333333333333334,0.7857142857142857,0.7142857142857143,0.0
3184,70305,Elijah Ford,Wagner,0.5,0.34285714285714286,0.4666666666666667,1.0
3185,70306,Will Reichelt,Idaho St.,0.0,1.0,0.0,0.0
3186,70307,Josh Earley,Tulsa,1.0,0.6666666666666666,1.0,0.0
3187,70308,Will Martinez,Wagner,0.0,0.05405405405405406,0.2857142857142857,0.5
3188,70312,Antwan Kimmons,Northern Iowa,0.0,0.05,0.3333333333333333,0.75
3189,70313,Jordan Pierce,Tennessee Martin,1.0,0.42857142857142855,0.5,0.0
3190,70314,Elias King,Mississippi St.,0.0,1.0,0.0,0.5
3191,70315,Akok Akok,Connecticut,0.8235294117647058,0.7272727272727273,0.6666666666666666,1.0
3192,70317,Montese Blake,Southern,0.0,0.23076923076923078,0.2,0.7857142857142857
3193,70318,Delor Johnson,Southern,0.0,0.0,0.25,0.0
3194,70319,James Bouknight,Connecticut,0.6842105263157895,0.4594594594594595,0.27586206896551724,0.72
3195,70320,Dovy Pinskus,Seattle,0.0,0.0,0.0,0.0
3196,70321,Deovaunta Williams,Loyola Marymount,0.0,0.3333333333333333,0.0,0.5
3197,70322,Byron Smith,Southeastern Louisiana,0.5,0.2631578947368421,0.2222222222222222,0.6
3198,70323,Andrei Arion,Lehigh,0.0,0.0,0.0,0.0
3199,70324,Luke Morrill,Valparaiso,0.0,0.0,0.0,0.0
3200,70325,Anthony Jones,Western Illinois,0.0,0.0,0.0,0.8571428571428571
3201,70327,Jaden Bediako,Santa Clara,0.0,0.7358490566037735,0.7586206896551724,0.0
3202,70328,Jaeden King,Western Illinois,0.0,0.5,0.0,0.8571428571428571
3203,70329,Daniss Jenkins,Pacific,1.0,0.45454545454545453,0.2972972972972973,0.9285714285714286
3204,70330,James Hampshire,Pacific,0.9642857142857143,0.8666666666666667,1.0,0.0
3205,70331,David Thompson,Santa Clara,0.0,0.75,0.0,0.6666666666666666
3206,70333,Alvin Stredic Jr,Arkansas Pine Bluff,0.0,0.5,1.0,0.0
3207,70334,Roderick Smith,Western Illinois,0.0,0.05555555555555555,0.25,0.0
3208,70335,Keion Brooks Jr.,Kentucky,0.7777777777777778,0.5161290322580645,0.5909090909090909,1.0
3209,70336,Jalen Jackson,North Texas,0.0,0.0,0.0,0.0
3210,70338,Cole Anthony,North Carolina,0.3333333333333333,0.08108108108108109,0.044444444444444446,0.5714285714285714
3211,70339,Armando Bacot,North Carolina,0.7037037037037037,0.5517241379310345,0.5925925925925926,0.0
3212,70340,Robert Boyd,Arkansas Pine Bluff,0.0,0.0,0.0,1.0
3213,70341,Drake London,USC,0.0,0.0,0.0,0.0
3214,70342,Max Agbonkpolo,USC,0.3333333333333333,0.3333333333333333,0.0,1.0
3215,70343,Emanuel Miller,Texas A&M,1.0,0.5102040816326531,0.5384615384615384,1.0
3216,70344,Quenton Jackson,Texas A&M,0.45454545454545453,0.3488372093023256,0.1111111111111111,0.7894736842105263
3217,70345,Jonathan Aku,Texas A&M,0.0,0.3333333333333333,1.0,0.0
3218,70348,Andre Gordon,Texas A&M,1.0,0.22727272727272727,0.16666666666666666,0.6086956521739131
3219,70349,Drew Lutz,Incarnate Word,0.0,0.27586206896551724,0.11764705882352941,0.8604651162790697
3220,70351,Derek Van Vlerah,Incarnate Word,0.0,0.5,0.25,1.0
3221,70352,Messiah Thompson,Campbell,0.0,0.3333333333333333,0.16666666666666666,0.7333333333333333
3222,70355,Brandon Stone,La Salle,1.0,0.46153846153846156,0.5,1.0
3223,70356,Lance Jones,Southern Illinois,0.0,0.208955223880597,0.0,0.9545454545454546
3224,70357,Amin Adamu,Montana St.,0.6363636363636364,0.3611111111111111,0.18181818181818182,1.0
3225,70358,Josh Thomas,Milwaukee,0.75,0.3783783783783784,0.23333333333333334,0.8333333333333334
3226,70359,Oton Jankovic,Vanderbilt,1.0,0.5,1.0,1.0
3227,70360,Mahamadou Diawara,Stetson,0.8571428571428571,0.4112903225806452,0.35,1.0
3228,70362,De'Vion Harmon,Oklahoma,0.0,0.22857142857142856,0.16666666666666666,0.7714285714285715
3229,70363,Victor Iwuakor,Oklahoma,1.0,0.6666666666666666,0.14285714285714285,1.0
3230,70364,Jalen Hill,Oklahoma,1.0,0.38461538461538464,0.25,0.75
3231,70365,Gabe Arizin,Richmond,0.0,0.0,0.0,0.0
3232,70366,Terry Ivery,Stetson,0.0,0.09090909090909091,0.0,0.0
3233,70368,Ellis Jefferson,Lamar,0.0,0.17857142857142858,0.3076923076923077,0.9411764705882353
3234,70369,D'Mauria Jones,Oral Roberts,0.0,0.25,0.0,1.0
3235,70370,Toumani Camara,Georgia,0.8275862068965517,0.6615384615384615,0.125,1.0
3236,70372,Sahvir Wheeler,Georgia,0.0,0.17647058823529413,0.0625,0.5333333333333333
3237,70373,Bryan Smith,Samford,0.0,1.0,0.0,0.0
3238,70374,Logan Padgett,Samford,0.0,0.625,0.2,0.8333333333333334
3239,70375,Tyrese Jenkins,Norfolk St.,0.6666666666666666,0.38461538461538464,0.14285714285714285,1.0
3240,70376,Donovan Gregory,Appalachian St.,1.0,0.45454545454545453,0.6,0.0
3241,70377,Naim Miller,Mount St. Mary's,0.0,0.25,0.0,1.0
3242,70378,Holden Redparth,North Alabama,0.0,0.0,0.0,1.0
3243,70379,Doug Edert,Saint Peter's,0.0,0.25,0.0,0.9245283018867925
3244,70380,Hassan Drame,Saint Peter's,0.5,0.3125,0.42857142857142855,0.8888888888888888
3245,70381,Eric Rustin,Tennessee Martin,1.0,0.8,0.6,0.0
3246,70382,Jalen Riley,Tennessee Martin,0.0,0.3333333333333333,0.0,0.0
3247,70383,Ja'darius Harris,Tennessee Martin,1.0,0.36363636363636365,0.0,1.0
3248,70384,Isaac Aguiar,Tennessee Martin,0.0,0.2,0.0,1.0
3249,70386,Isaiah Lee,UC Irvine,0.0,0.25,0.0,0.9565217391304348
3250,70387,Miles Thomas,Tennessee Martin,0.4,0.325,0.5333333333333333,0.6923076923076923
3251,70389,Matt Johnson,St. Bonaventure,0.0,0.2857142857142857,0.0,1.0
3252,70390,Ja'Shonte Wright-Mcleish,Maine,0.0,0.4375,0.42857142857142855,1.0
3253,70391,Robert Carpenter,St. Bonaventure,0.0,0.8,0.5,0.0
3254,70392,Cole Bajema,Michigan,0.0,1.0,0.0,0.75
3255,70394,Franz Wagner,Michigan,0.75,0.4307692307692308,0.2857142857142857,0.9512195121951219
3256,70395,Peter Stumer,Maine,0.5,0.5555555555555556,0.0,0.9230769230769231
3257,70396,Taylor Schildroth,Maine,0.0,0.0,0.0,1.0
3258,70397,Trevin Knell,BYU,0.0,1.0,0.0,1.0
3259,70398,Gage Bobe,Evansville,0.0,0.0,0.0,0.0
3260,70400,Braelen Bridges,Illinois Chicago,0.9375,0.6379310344827587,0.6065573770491803,0.0
3261,70401,Jaylin Hunter,Old Dominion,0.0,0.07692307692307693,0.0,0.875
3262,70402,Jamaure Gregg,Northwestern St.,0.5,0.3,0.4594594594594595,1.0
3263,70404,Gatdoar Kueth,Northwestern St.,0.0,0.42857142857142855,0.6666666666666666,0.6666666666666666
3264,70405,Trenton Massner,Northwestern St.,0.0,0.37209302325581395,0.18181818181818182,0.9705882352941176
3265,70406,Jovan Zelenbaba,Northwestern St.,0.0,0.7222222222222222,0.16666666666666666,0.8666666666666667
3266,70407,Nikos Chougkaz,Northwestern St.,0.36363636363636365,0.3181818181818182,0.30434782608695654,0.7777777777777778
3267,70408,Robert Chougkaz,Northwestern St.,0.0,1.0,0.0,0.0
3268,70410,Mika Adams-Woods,Cincinnati,0.0,0.34782608695652173,0.5,0.7727272727272727
3269,70411,Robby Robinson,Nevada,0.75,0.8181818181818182,0.9230769230769231,0.0
3270,70412,Gabe Bansuelo,Nevada,0.0,0.0,0.0,0.0
3271,70413,Kane Milling,Nevada,0.0,0.3333333333333333,0.5,1.0
3272,70414,Zane Meeks,Nevada,0.75,0.43333333333333335,0.8,0.9
3273,70417,"Michael Brown, Jr.",Ohio,0.0,0.0,0.0,1.0
3274,70418,Ben Roderick,Ohio,0.0,0.4444444444444444,0.0,0.9166666666666666
3275,70419,David Johnson,Louisville,0.6666666666666666,0.3111111111111111,0.09523809523809523,0.8
3276,70420,Lunden McDay,Ohio,0.5,0.55,0.375,0.9629629629629629
3277,70421,Jaxon Brenchley,Utah,0.0,0.4,0.0,0.875
3278,70422,Zeke Nnaji,Arizona,0.7647058823529411,0.616,0.7755102040816326,1.0
3279,70423,Garrett Shaw,Texas St.,0.0,1.0,0.0,0.0
3280,70424,Elias Ballstaedt,Utah,0.0,0.0,0.0,0.7142857142857143
3281,70425,Kobe Langley,UNC Greensboro,0.0,0.0,0.0,0.0
3282,70426,Eli Lawrence,Middle Tennessee,0.4,0.29411764705882354,0.14285714285714285,0.8461538461538461
3283,70428,Sean Kromah,Middle Tennessee,0.0,0.0,0.0,0.0
3284,70429,Josh Kunen,San Francisco,0.0,0.4857142857142857,0.375,0.75
3285,70430,Shamar Wright,SIU Edwardsville,0.6666666666666666,0.4375,0.29411764705882354,0.9375
3286,70431,Jimmy Bell Jr.,Saint Louis,0.8,0.5625,0.42857142857142855,0.0
3287,70433,Yuri Collins,Saint Louis,0.0,0.3142857142857143,0.2,0.7272727272727273
3288,70434,Samuell Williamson,Louisville,0.7777777777777778,0.5217391304347826,0.2857142857142857,0.8888888888888888
3289,70435,Hidde Roessink,Oklahoma St.,0.5,0.5,0.0,1.0
3290,70436,Javonte Perkins,Saint Louis,0.25,0.4528301886792453,0.5555555555555556,0.9166666666666666
3291,70438,Gibson Jimerson,Saint Louis,0.0,0.8333333333333334,0.5555555555555556,1.0
3292,70439,Terrence Hargrove Jr.,Saint Louis,1.0,0.875,0.5,1.0
3293,70440,Quinn Slazinski,Louisville,0.0,0.0,0.0,1.0
3294,70442,Phoenix Ford,UTSA,0.0,0.0,0.0,0.0
3295,70444,Seth Pinkney,Quinnipiac,0.9655172413793104,0.8648648648648649,0.0,0.0
3296,70445,Nathan Brusseau,Nebraska Omaha,0.0,0.5,1.0,1.0
3297,70446,Kendall Lewis,Appalachian St.,0.6956521739130435,0.5151515151515151,0.4,1.0
3298,70448,Justin Webster,Hawaii,0.0,0.3,0.23529411764705882,0.7631578947368421
3299,70450,Kameron Ng,Hawaii,0.0,0.0,0.0,1.0
3300,70451,Darrius Hughes,Nebraska Omaha,1.0,0.5714285714285714,0.3333333333333333,1.0
3301,70452,Mysta Goodloe,USC Upstate,0.0,0.3333333333333333,0.0,1.0
3302,70453,J.C. Tharrington,Appalachian St.,0.0,0.0,0.0,1.0
3303,70455,Marlon Ruffin,Nebraska Omaha,0.0,0.16666666666666666,0.2222222222222222,0.9310344827586207
3304,70456,Sami Ismail,Loyola Chicago,0.0,0.0,0.0,0.0
3305,70457,Jalyn McCreary,South Carolina,0.2,0.5357142857142857,0.47368421052631576,0.0
3306,70458,Jatayveous Watson,USC Upstate,0.75,0.6,0.0,0.0
3307,70459,Wildens Leveque,South Carolina,0.625,0.45,0.75,0.0
3308,70461,Jaime Jaquez Jr.,UCLA,0.42857142857142855,0.46153846153846156,0.2692307692307692,0.96
3309,70462,Gregory Hammond,Rhode Island,0.0,0.0,0.0,1.0
3310,70463,De'Sean Allen-Eikens,North Dakota,0.6,0.2653061224489796,0.14285714285714285,0.9142857142857143
3311,70464,Goran Miladinovic,Marshall,1.0,0.72,0.5555555555555556,0.0
3312,70466,Taz Sherman,West Virginia,0.0,0.0,0.37037037037037035,0.5714285714285714
3313,70467,Zach Iyeyemi,Houston Christian,0.0,0.23076923076923078,0.5,0.0
3314,70468,Gertautas Urbonavicius,North Dakota,1.0,0.3333333333333333,0.2727272727272727,1.0
3315,70470,Brady Danielson,North Dakota,0.0,0.4,0.0,1.0
3316,70471,Myles Pierre,Houston Christian,0.0,0.21052631578947367,0.09090909090909091,0.8695652173913043
3317,70473,Ty Gibson,Maryland Eastern Shore,1.0,0.46153846153846156,0.3333333333333333,0.8095238095238095
3318,70474,Jalen Cincore,Georgia Southern,0.0,0.0,0.0,0.0
3319,70476,Bruce Guy,Maryland Eastern Shore,1.0,0.4722222222222222,0.5714285714285714,0.0
3320,70477,Malachi Rhodes,Bucknell,0.5,0.25,0.0,0.0
3321,70478,Quinton Morton-Robertson,Radford,0.0,0.0,0.0,1.0
3322,70479,Ciaran Brayboy,Harvard,0.0,0.0,0.0,0.0
3323,70480,Xander Rice,Bucknell,0.0,0.1,0.3076923076923077,0.6
3324,70481,James Bishop,LSU,0.0,0.3333333333333333,0.0,0.7142857142857143
3325,70482,Samad Qawi,Wisconsin,0.0,0.0,0.0,0.0
3326,70483,Courtland Cuevas,Wisconsin,0.0,0.0,0.0,0.0
3327,70484,Edward Oliver-Hampton,Hampton,0.3333333333333333,0.36363636363636365,0.4,0.875
3328,70485,Chris Shelton,Hampton,0.0,1.0,0.0,1.0
3329,70486,Daniel Bannister,Hampton,0.0,1.0,0.0,1.0
3330,70487,Saheem Anthony,Hampton,0.0,0.0,0.0,1.0
3331,70488,Jehloni James,Georgia Tech,1.0,1.0,0.0,0.0
3332,70489,Niko Broadway,Georgia Tech,0.0,0.0,0.0,0.0
3333,70493,Isaiah Cozart,Western Kentucky,1.0,1.0,0.0,0.0
3334,70494,Chandler Turner,Bowling Green,0.0,0.25,0.0,0.0
3335,70495,Roti Ware,Stephen F. Austin,0.25,0.20512820512820512,0.25,0.9666666666666667
3336,70496,Trey Diggs,Bowling Green,0.0,0.5333333333333333,0.2727272727272727,0.9574468085106383
3337,70497,Isaac Elsasser,Bowling Green,0.0,0.0,0.0,0.0
3338,70498,Davin Zeigler,Bowling Green,1.0,0.3333333333333333,0.0,1.0
3339,70499,Sama'zha Hart,Stephen F. Austin,0.6666666666666666,0.5,0.8,1.0
3340,70500,Chereef Knox,Saint Joseph's,0.0,0.2,1.0,0.95
3341,70501,Rahmir Moore,Saint Joseph's,0.75,0.2857142857142857,0.0,0.8888888888888888
3342,70502,Ryan Langborg,Princeton,0.0,0.75,0.6666666666666666,0.9
3343,70503,Jawaun Daniels,Prairie View A&M,0.0,0.0,0.0,0.0
3344,70504,Murray Grant,Prairie View A&M,0.0,0.0,0.0,0.0
3345,70505,Brady Spence,The Citadel,1.0,0.6296296296296297,0.5,0.0
3346,70506,Javen Hedgeman,Prairie View A&M,0.0,0.0,0.0,0.0
3347,70507,Mike Green,South Carolina,0.0,0.0,0.0,0.5
3348,70508,Khalil Johnson,Denver,0.0,0.0,0.0,0.0
3349,70509,Trae Hannibal,South Carolina,0.2222222222222222,0.2413793103448276,0.5,1.0
3350,70511,Robert Jones,Denver,0.7272727272727273,0.5833333333333334,0.35294117647058826,0.0
3351,70512,Caleb Coleman,Prairie View A&M,0.0,0.5,0.3333333333333333,1.0
3352,70513,Dreshawn Allen,Western Illinois,0.0,0.2,0.0,0.8333333333333334
3353,70514,Jordan King,Siena,0.0,0.5,0.3333333333333333,0.9411764705882353
3354,70516,Rob Higgins,St. Francis NY,0.0,0.35714285714285715,0.36,0.75
3355,70517,Rob McClain Jr,UT Rio Grande Valley,1.0,0.375,0.4,1.0
3356,70518,Trey Quartlebaum,St. Francis NY,0.0,1.0,0.6666666666666666,1.0
3357,70520,Connor Raines,UT Rio Grande Valley,0.0,0.3333333333333333,0.7142857142857143,1.0
3358,70521,Chris Freeman,UT Rio Grande Valley,0.0,0.7142857142857143,0.5,0.9615384615384616
3359,70522,David Appelgren,Wofford,0.0,1.0,0.0,0.0
3360,70524,Ali Ali,Akron,1.0,0.5,0.0,1.0
3361,70525,Camron Reece,Akron,1.0,0.7058823529411765,0.375,0.0
3362,70527,Jermaine Hamlin,Illinois,0.5,0.5,0.0,0.0
3363,70528,Greg Tribble,Akron,0.6666666666666666,0.4074074074074074,0.0,1.0
3364,70531,Chol Marial,Maryland,0.3333333333333333,0.25,1.0,0.0
3365,70532,Hakim Hart,Maryland,0.0,0.3333333333333333,0.0,1.0
3366,70534,Mitch Doherty,Albany,0.0,0.0,0.0,0.0
3367,70535,Trey Hutcheson,Albany,0.5,0.4117647058823529,0.6875,0.9428571428571428
3368,70537,John Ojiako,Virginia Tech,0.6666666666666666,0.7083333333333334,0.5555555555555556,0.0
3369,70538,Alex Ducas,Saint Mary's,0.0,0.23529411764705882,0.0,0.9545454545454546
3370,70539,Kyle Bowen,Saint Mary's,0.5,0.6428571428571429,0.3333333333333333,1.0
3371,70540,Nahiem Alleyne,Virginia Tech,1.0,0.19047619047619047,0.045454545454545456,0.9795918367346939
3372,70541,Jackie Harris,Oakland,0.0,0.6666666666666666,0.0,1.0
3373,70542,Jalen Cone,Virginia Tech,0.0,0.25,0.08333333333333333,0.890625
3374,70543,Hunter Cattoor,Virginia Tech,1.0,0.46153846153846156,0.2,0.9803921568627451
3375,70544,Keaston Willis,Incarnate Word,0.0,0.5121951219512195,0.1111111111111111,0.9333333333333333
3376,70545,Zyon Dobbs,James Madison,0.0,0.0,0.5,1.0
3377,70546,Demond Robinson,Murray St.,0.8666666666666667,0.6136363636363636,0.6,0.0
3378,70547,Grant Van Beveren,Wake Forest,0.0,1.0,0.0,0.0
3379,70548,Ismael Massoud,Wake Forest,0.0,0.5,0.3333333333333333,0.9393939393939394
3380,70550,Ody Oguama,Wake Forest,0.8,0.4838709677419355,0.0,0.0
3381,70551,Courtney Brown Jr.,Milwaukee,1.0,0.16666666666666666,0.6,1.0
3382,70552,Tre' Williams,Minnesota,0.0,0.375,0.5,0.8235294117647058
3383,70553,Tasos Kamateros,South Dakota,0.0,0.6,1.0,1.0
3384,70554,Nathaniel Stokes,Bryant,0.0,0.0,0.0,1.0
3385,70555,Charles Pride,Bryant,0.0,0.39655172413793105,0.125,1.0
3386,70556,Keyshaad Dixon,Idaho,0.0,0.15384615384615385,0.36363636363636365,0.6666666666666666
3387,70557,Michael Green III,Bryant,0.0,0.27906976744186046,0.07317073170731707,0.95
3388,70558,Precious Achiuwa,Memphis,0.8085106382978723,0.6148648648648649,0.19047619047619047,0.9230769230769231
3389,70559,Jake Laravia,Indiana St.,0.8,0.49411764705882355,0.35714285714285715,1.0
3390,70560,Max Farthing,N.C. State,0.0,0.0,0.0,1.0
3391,70561,Romeo Weems,DePaul,0.8,0.58,0.375,0.9615384615384616
3392,70562,James Wiseman,Memphis,0.6666666666666666,0.7058823529411765,1.0,0.0
3393,70563,Markese Jacobs,DePaul,0.0,0.2,0.0,0.7777777777777778
3394,70564,Seikou Sisoho Jawara,Loyola Marymount,0.0,0.26666666666666666,0.1,0.6190476190476191
3395,70565,Armaan Franklin,Indiana,0.0,0.1875,0.5,0.9411764705882353
3396,70566,Jairus Roberson,Northwestern St.,0.0,0.3333333333333333,0.2,0.8732394366197183
3397,70567,Bryson Etienne,Texas Southern,0.0,0.07142857142857142,0.25,0.6
3398,70568,Eric Lovett,FIU,0.0,0.2631578947368421,0.0,0.9821428571428571
3399,70569,AJ McBride,UNC Asheville,0.0,0.0,0.0,0.0
3400,70570,Marion Humphrey,San Diego,0.0,0.17142857142857143,0.14285714285714285,0.6875
3401,70571,Tyrell Terry,Stanford,0.25,0.2413793103448276,0.14814814814814814,0.7258064516129032
3402,70573,Jamon Battle,UNC Asheville,0.0,0.42857142857142855,0.0,0.0
3403,70574,Ryan Moffatt,Colgate,0.0,0.3333333333333333,0.0,0.0
3404,70575,Trent Stephney,UNC Asheville,0.0,0.05555555555555555,0.0,1.0
3405,70578,Terence Porter Jr.,Charleston Southern,0.0,0.6666666666666666,0.0,0.0
3406,70579,Timmy Kiggins,Bryant,0.0,0.0,0.0,0.0
3407,70580,Isaiah Haralson,Arkansas Pine Bluff,0.0,0.0,0.0,0.25
3408,70581,Tahj Small,Troy,0.0,0.38095238095238093,0.45454545454545453,0.9375
3409,70582,Nicholas Jones,Arkansas Pine Bluff,0.0,0.3333333333333333,0.0,1.0
3410,70583,Yahuza Rasas,Texas Southern,1.0,0.625,0.6470588235294118,0.6666666666666666
3411,70584,Jiovanni Miles,Green Bay,0.0,0.0,0.0,1.0
3412,70585,Cameron Billups,High Point,0.0,0.0,0.0,0.0
3413,70586,Ryan Ayers,High Point,0.0,0.0,0.0,0.0
3414,70587,Elijah Morgan,Notre Dame,0.0,0.0,0.0,1.0
3415,70588,Cameron Shaw,Morgan St.,0.0,0.0,0.0,0.0
3416,70592,Thai're Vance,Morgan St.,0.0,0.0,0.0,0.0
3417,70593,Peter Sorber,Morgan St.,0.0,0.14285714285714285,0.5,0.0
3418,70594,Jarred Hyder,Fresno St.,0.0,0.0967741935483871,0.09523809523809523,0.5172413793103449
3419,70595,Evan Taylor,Lehigh,1.0,0.4666666666666667,0.5909090909090909,0.9444444444444444
3420,70596,Kennedy Koehler,UC Davis,0.0,0.5405405405405406,0.5625,0.8333333333333334
3421,70597,Ezra Manjon,UC Davis,0.0,0.14516129032258066,0.11864406779661017,0.5625
3422,70599,Max Fiedler,Rice,0.0,0.9375,1.0,0.0
3423,70600,Festus Ndumanya,Cal St. Northridge,1.0,0.6666666666666666,0.3333333333333333,0.0
3424,70602,Ade Adebayo,UC Davis,0.0,0.0,0.0,1.0
3425,70603,Oliver Gehrke,UC Davis,0.0,0.0,0.0,1.0
3426,70604,Zach Crisler,Rice,0.0,0.75,0.5,1.0
3427,70606,C.J Hyder,Fresno St.,0.0,0.0,0.0,0.0
3428,70607,Braden Bell,Marist,0.75,0.3793103448275862,0.43478260869565216,0.9
3429,70610,Anthony Holland,Fresno St.,1.0,0.75,0.0,1.0
3430,70612,Lincoln Wieseman,Milwaukee,0.0,0.0,0.0,0.0
3431,70613,Jacob Toppin,Rhode Island,0.5294117647058824,0.40625,0.4,1.0
3432,70614,Jake Betlow,Lehigh,0.0,0.25,0.0,0.8181818181818182
3433,70615,Darrious Agnew,Southeast Missouri St.,0.0,0.3333333333333333,0.14285714285714285,1.0
3434,70616,Reed Fenton,Lehigh,0.0,0.42857142857142855,0.5,1.0
3435,70617,Ryan Rapp,Washington St.,0.0,0.0,0.0,0.5
3436,70618,Noah Williams,Washington St.,0.3333333333333333,0.34375,0.2608695652173913,1.0
3437,70620,Nobal Days,Tulane,1.0,0.4827586206896552,1.0,1.0
3438,70621,Alex Hemenway,Clemson,0.0,0.0,0.6,1.0
3439,70622,Jamir Chaplin,South Florida,1.0,0.6,0.0,0.0
3440,70624,Charlie Russell Jr.,Tulane,0.0,0.3333333333333333,0.0,0.0
3441,70625,B.J. Mack,South Florida,0.0,0.0,0.7272727272727273,1.0
3442,70626,Chase Hunter,Clemson,0.0,0.2,0.0,0.7142857142857143
3443,70627,Al-Amir Dawes,Clemson,0.0,0.15151515151515152,0.0,0.8125
3444,70629,Tyler Saint-Furcy,Marist,0.125,0.23529411764705882,0.4,0.9615384615384616
3445,70631,Kofi Cockburn,Illinois,0.9428571428571428,0.7142857142857143,0.4642857142857143,0.0
3446,70632,Devante Carter,Norfolk St.,1.0,0.23076923076923078,0.17857142857142858,1.0
3447,70633,Geronimo Warner,Jackson St.,0.0,0.0,0.0,0.0
3448,70634,Kenneth Lewis,Jackson St.,0.0,0.0,0.0,0.0
3449,70635,Ken Evans,Jackson St.,0.0,0.0,0.0,0.0
3450,70636,Yoro Sidibe,Norfolk St.,1.0,0.7857142857142857,0.5,1.0
3451,70637,Jonas James,Jackson St.,0.0,0.25,0.21621621621621623,0.8571428571428571
3452,70638,Lane Hartley,Louisiana Tech,0.0,0.0,0.0,1.0
3453,70639,Rocket Watts,Michigan St.,0.0,0.6666666666666666,0.2857142857142857,0.7647058823529411
3454,70640,Malik Hall,Michigan St.,0.7272727272727273,0.6571428571428571,0.7,1.0
3455,70641,Tyrell Jones,Auburn,0.0,0.0,0.0,0.0
3456,70643,Allen Flanigan,Auburn,1.0,0.37037037037037035,0.0,1.0
3457,70644,Jaylin Williams,Auburn,0.5714285714285714,0.45454545454545453,0.6666666666666666,1.0
3458,70645,Julius Marble,Michigan St.,1.0,0.9166666666666666,0.8333333333333334,0.0
3459,70646,Steven Izzo,Michigan St.,0.0,0.0,0.0,0.0
3460,70647,Isaac Okoro,Auburn,0.47368421052631576,0.36633663366336633,0.0,0.6
3461,70648,John Buggs III,Massachusetts,0.0,0.0,0.0,0.0
3462,70649,Khalif Battle,Butler,0.5,0.3333333333333333,0.16666666666666666,0.9230769230769231
3463,70650,Damion Baugh,Memphis,0.6,0.1891891891891892,0.0,1.0
3464,70651,Ellis Magnuson,Eastern Washington,0.0,0.13793103448275862,0.14285714285714285,0.7
3465,70652,Christopher Agbo,Indiana St.,0.0,0.6666666666666666,0.0,0.0
3466,70654,Boogie Ellis,Memphis,1.0,0.2413793103448276,0.2727272727272727,0.9722222222222222
3467,70655,Titus Wright,Western Michigan,0.9166666666666666,0.5178571428571429,0.1,0.0
3468,70656,Chase Graham,N.C. State,0.0,0.0,0.0,0.0
3469,70657,Ron Mitchell,UMass Lowell,0.0,0.28888888888888886,0.1,0.8275862068965517
3470,70658,Amari Davis,Green Bay,0.5,0.34375,0.6213592233009708,0.0
3471,70659,EJ Jarvis,Yale,1.0,0.5,0.0,0.0
3472,70660,Josh Corbin,Winthrop,0.0,0.0,0.0,1.0
3473,70661,Dante Wilcox,FIU,0.0,0.0,0.0,0.0
3474,70662,Fred Cleveland Jr,North Carolina A&T,0.0,0.4,0.15789473684210525,0.7708333333333334
3475,70663,August Mahoney,Yale,0.0,0.6,0.4,0.9230769230769231
3476,70664,Spencer Jones,Stanford,1.0,0.5,0.0,0.9506172839506173
3477,70665,Chase Claxton,Winthrop,0.9142857142857143,0.7368421052631579,0.6666666666666666,0.0
3478,70668,James Keefe,Stanford,0.8333333333333334,0.75,0.0,0.0
3479,70669,Tyler Zivney,Stephen F. Austin,0.0,1.0,0.0,1.0
3480,70670,Dario Milojevic,Mississippi Valley St.,1.0,1.0,0.0,1.0
3481,70671,Gebreal Samaha,Mississippi Valley St.,1.0,0.5833333333333334,0.0,0.0
3482,70673,Quinton Alston,Mississippi Valley St.,0.6,0.3170731707317073,0.23076923076923078,0.8260869565217391
3483,70676,Richard Jones,Mississippi Valley St.,0.0,0.0,0.0,0.0
3484,70677,Cossy Kowouto,Mississippi Valley St.,0.0,0.0,0.0,0.0
3485,70679,Christian Ings,Rider,1.0,0.2777777777777778,0.125,0.6666666666666666
3486,70682,Tyreke Locure,South Alabama,0.0,0.125,0.0,0.9230769230769231
3487,70683,Jimmy Clark III,VCU,1.0,0.2222222222222222,0.0,1.0
3488,70684,Nah'Shon Hyland,VCU,0.0,0.16666666666666666,0.0,0.6031746031746031
3489,70685,Lazar Zivanovic,Loyola Marymount,0.5,0.2727272727272727,0.0,1.0
3490,70687,Josiah Allick,UMKC,1.0,0.6551724137931034,0.36363636363636365,1.0
3491,70689,Shykeim Phillips,UNC Wilmington,1.0,0.11320754716981132,0.046511627906976744,1.0
3492,70690,Keli Leaupepe,Loyola Marymount,0.5,0.5147058823529411,0.2857142857142857,1.0
3493,70691,Pavel Zakharov,Gonzaga,0.0,0.3,1.0,0.0
3494,70692,Anton Watson,Gonzaga,0.6666666666666666,0.7391304347826086,0.3333333333333333,0.6666666666666666
3495,70693,Darion Spottsville,Eastern Michigan,0.0,0.10714285714285714,0.0,0.0
3496,70695,Jason Gibson,Towson,0.0,0.058823529411764705,0.23529411764705882,0.8571428571428571
3497,70696,Charles Thompson,Towson,0.7142857142857143,0.5757575757575758,0.375,0.75
3498,70699,Niven Hart,Fresno St.,0.5,0.2571428571428571,0.1111111111111111,0.696969696969697
3499,70702,N'faly Dante,Oregon,0.875,0.5833333333333334,0.625,0.0
3500,70703,Trey Calvin,Wright St.,0.0,0.38461538461538464,0.07692307692307693,0.8461538461538461
3501,70704,Larry Kuimi,Tennessee Tech,0.875,0.6818181818181818,0.5714285714285714,0.0
3502,70705,Pat Spencer,Northwestern,0.0,0.3283582089552239,0.16279069767441862,0.4166666666666667
3503,70706,Demarkus Lampley,Sam Houston St.,0.0,0.5,0.4782608695652174,0.9375
3504,70707,Bryan Antoine,Villanova,0.0,0.4,0.0,1.0
3505,70708,Terryonte Thomas,Sam Houston St.,0.0,0.7272727272727273,0.4,0.8571428571428571
3506,70709,Evan Buckley,Duquesne,0.0,0.0,0.0,1.0
3507,70710,Luke Bumbalough,Ball St.,0.0,0.2857142857142857,0.0,0.8679245283018868
3508,70712,Jay Heath,Boston College,0.0,0.19402985074626866,0.4117647058823529,0.8307692307692308
3509,70713,Julian Rishwain,Boston College,0.0,0.25,0.75,0.9666666666666667
3510,70714,CJ Felder,Boston College,0.8461538461538461,0.6363636363636364,0.625,1.0
3511,70715,Tre Jackson,Iowa St.,0.0,0.4,0.42857142857142855,0.78125
3512,70716,Kk Curry,South Alabama,1.0,0.391304347826087,0.0,0.0
3513,70717,Drew Timme,Gonzaga,0.5714285714285714,0.46808510638297873,0.3939393939393939,1.0
3514,70719,Martynas Arlauskas,Gonzaga,0.0,0.3333333333333333,0.0,1.0
3515,70721,Brian Tolefree,UNC Wilmington,1.0,0.30434782608695654,0.35714285714285715,1.0
3516,70724,Craig Beaudion,Cleveland St.,0.5,0.2708333333333333,0.15789473684210525,0.9230769230769231
3517,70725,Anthony Walker,Miami FL,1.0,0.7368421052631579,0.4,0.6666666666666666
3518,70726,Dearius Henyard,Grambling St.,0.0,0.0,0.0,1.0
3519,70727,Abdullahi Mohamed,Eastern Washington,0.0,1.0,0.0,0.0
3520,70728,Justin Patterson,Towson,0.0,0.0,0.0,0.0
3521,70729,Keishawn Davidson,Tennessee Tech,0.0,0.2857142857142857,0.2222222222222222,0.6666666666666666
3522,70730,Glen Anderson,Maryland Eastern Shore,0.0,0.0,0.14285714285714285,0.8571428571428571
3523,70732,Tom Welch,Loyola Chicago,0.0,0.45454545454545453,0.0,1.0
3524,70733,Ja'Monta Black,Missouri St.,0.0,1.0,0.0,0.7777777777777778
3525,70734,Marquise Kennedy,Loyola Chicago,0.5555555555555556,0.2702702702702703,0.08333333333333333,0.7368421052631579
3526,70735,Justin Champagnie,Pittsburgh,0.8333333333333334,0.6888888888888889,0.8333333333333334,1.0
3527,70736,Karim Coulibaly,Pittsburgh,1.0,0.6190476190476191,0.7142857142857143,0.0
3528,70737,Gerald Drumgoole Jr.,Pittsburgh,0.0,0.3333333333333333,0.0,0.3333333333333333
3529,70738,Nico Aguirre,Idaho St.,0.0,0.0,0.0,0.5
3530,70739,Coreyoun Rushin,Idaho St.,0.375,0.3333333333333333,0.125,1.0
3531,70741,Jacco Fritz,Canisius,1.0,0.6333333333333333,0.7142857142857143,1.0
3532,70742,Jovan Stulic,Little Rock,0.3333333333333333,0.5,0.5,1.0
3533,70743,Ruot Monyyong,Little Rock,0.7454545454545455,0.6666666666666666,0.9411764705882353,1.0
3534,70744,Ryan Wade,Holy Cross,0.0,0.2222222222222222,0.5,0.9302325581395349
3535,70745,Kobe Brown,Missouri,0.7142857142857143,0.3888888888888889,0.375,0.9473684210526315
3536,70746,Armon Harried,Canisius,0.0,0.4074074074074074,0.28,0.8846153846153846
3537,70748,Ashton Smith,Chattanooga,0.0,0.0,0.0,1.0
3538,70749,Tyler Wahl,Wisconsin,1.0,0.3157894736842105,0.2222222222222222,0.8333333333333334
3539,70752,Blaze Nield,BYU,0.0,0.0,0.0,1.0
3540,70753,Nate Lliteras,Longwood,0.0,0.0,0.0,0.0
3541,70754,Addison Patterson,Oregon,0.8181818181818182,0.53125,0.14285714285714285,0.8
3542,70755,Josh Watts,Brown,0.0,0.0,1.0,1.0
3543,70756,Kyky Tandy,Xavier,0.0,0.2631578947368421,0.4444444444444444,0.9393939393939394
3544,70758,Lazar Nekic,Loyola Marymount,1.0,0.8888888888888888,0.5,0.0
3545,70759,Xavier Mayo,NJIT,0.0,0.6923076923076923,1.0,0.0
3546,70760,Tyrese Potoma,Cleveland St.,0.0,0.0,0.0,1.0
3547,70763,Levar Williams,NJIT,0.0,0.3,0.3333333333333333,0.5882352941176471
3548,70766,Ben Seidel,Saint Francis,0.0,0.0,0.0,0.0
3549,70770,Yeikson Montero,Eastern Michigan,0.0,0.34210526315789475,0.10526315789473684,0.8214285714285714
3550,70773,Thomas Binelli,Eastern Michigan,0.0,0.5,0.5,0.8867924528301887
3551,70774,Shamar Dillard,Eastern Michigan,0.0,0.25,0.5,0.75
3552,70775,Marcus Gibbs,Eastern Michigan,0.0,0.0,0.0,0.0
3553,70777,Ville Tahvanainen,Bradley,1.0,0.2962962962962963,0.25,0.9285714285714286
3554,70778,Chris James,Eastern Michigan,0.0,0.18181818181818182,0.4,0.875
3555,70779,Antonio Thomas,Bradley,0.0,0.18181818181818182,0.125,0.0
3556,70780,Jaden Stanley-Williams,Morehead St.,1.0,0.6470588235294118,0.8571428571428571,0.0
3557,70781,Benjamin Bosmans-Verdonk,Illinois,0.0,1.0,1.0,0.0
3558,70782,Daylen Williams,Cleveland St.,1.0,0.6666666666666666,0.0,1.0
3559,70784,Alondes Williams,Oklahoma,0.6153846153846154,0.4375,0.0,1.0
3560,70785,Noel Coleman,San Diego,0.0,0.14285714285714285,0.2,0.875
3561,70786,Sabry Phillip,San Diego,1.0,0.3333333333333333,0.5,0.0
3562,70787,Mikal Gjerde,San Diego,0.0,0.0,0.0,1.0
3563,70788,Corbin Merritt,Oklahoma,0.0,0.0,1.0,1.0
3564,70790,Blake Seacat,Oklahoma,0.0,0.0,0.0,0.0
3565,70791,KJ Marshall,Pittsburgh,0.0,1.0,0.0,0.0
3566,70792,James Jean-Marie,San Diego,0.6428571428571429,0.6,0.5172413793103449,0.9285714285714286
3567,70794,Malik Porter,Idaho St.,0.85,0.41818181818181815,0.2222222222222222,0.0
3568,70795,Hunter Woods,Elon,0.0,0.2727272727272727,0.23529411764705882,0.8571428571428571
3569,70797,Daniel Rodriguez,Fairleigh Dickinson,0.0,0.625,0.0,0.0
3570,70798,Tarik Cool,Idaho St.,0.0,0.4090909090909091,0.09302325581395349,0.6341463414634146
3571,70799,Zac Ervin,Elon,1.0,0.6666666666666666,0.375,0.7297297297297297
3572,70800,Devon Dunn,Fairleigh Dickinson,0.0,0.25,0.3333333333333333,0.9444444444444444
3573,70801,Brandon Rush,Fairleigh Dickinson,0.6666666666666666,0.16666666666666666,0.0,0.9444444444444444
3574,70802,Jack Wilson,Idaho,0.0,0.42857142857142855,0.3125,0.0
3575,70803,Callum Baker,Fairleigh Dickinson,0.0,0.0,0.0,1.0
3576,70804,Dylan van Eyck,Iona,0.75,0.8461538461538461,0.0,1.0
3577,70805,Jackson Gammons,The Citadel,0.0,0.3333333333333333,0.0,1.0
3578,70806,Caleb Fields,Arkansas St.,0.0,0.3,0.07692307692307693,0.92
3579,70808,Stephen Clark,The Citadel,0.8,0.8,0.375,1.0
3580,70809,Trey Anderson,South Carolina,0.0,0.0,0.0,0.0
3581,70810,Cobe Williams,Louisiana Tech,0.0,0.16,0.42857142857142855,0.6363636363636364
3582,70811,Isaiah Crawford,Louisiana Tech,0.75,0.45,0.18181818181818182,1.0
3583,70812,A.J. McNeil,Iona,0.0,0.0,0.0,0.0
3584,70813,Colton Cashaw,Iona,0.0,0.0,0.0,0.0
3585,70814,Bryce Williams,Mississippi,0.16666666666666666,0.5454545454545454,0.6666666666666666,1.0
3586,70816,Miles Jones,Radford,1.0,1.0,0.0,0.5
3587,70817,Damiree Burns,Southern,1.0,0.47540983606557374,0.7307692307692307,1.0
3588,70819,Jalen Gaffney,Connecticut,1.0,0.21052631578947367,0.2,0.7857142857142857
3589,70821,Alonde LeGrand,Detroit Mercy,0.75,0.42857142857142855,1.0,0.0
3590,70823,Cornelius Taylor,Florida Atlantic,0.0,0.13043478260869565,0.08571428571428572,0.5737704918032787
3591,70825,Seth Lundy,Penn St.,0.0,0.5454545454545454,0.2857142857142857,0.8529411764705882
3592,70826,Terrell Brown,Robert Morris,0.0,0.0,0.0,0.0
3593,70832,Emmanuel Kuac,New Mexico,0.8333333333333334,0.6666666666666666,0.0,1.0
3594,70833,Kurt Wegscheider,New Mexico,0.0,0.4444444444444444,0.0,1.0
3595,70834,AJ Bramah,Robert Morris,0.9285714285714286,0.7379310344827587,0.7619047619047619,0.0
3596,70836,Elafayette Stone,South Carolina St.,0.0,1.0,0.0,0.0
3597,70840,Rahsaan Edwards,South Carolina St.,0.0,0.0,0.3333333333333333,0.0
3598,70841,Omar Croskey,South Carolina St.,0.0,0.0,0.0,1.0
3599,70842,Trushaun Moorer,South Carolina St.,0.0,0.5,0.6666666666666666,0.6666666666666666
3600,70844,Dahmir Bishop,Xavier,0.0,0.0,0.0,0.5
3601,70845,Tyler Stephenson-Moore,Stony Brook,0.5,0.4,0.5,1.0
3602,70846,Mouhamadou Gueye,Stony Brook,0.8571428571428571,0.4716981132075472,0.5333333333333333,0.9230769230769231
3603,70848,Carsten Kogelnik,Brown,0.0,0.0,0.0,1.0
3604,70849,Daniel Ramsey,Xavier,0.0,0.0,1.0,0.0
3605,70850,E.J. Liddell,Ohio St.,0.8461538461538461,0.5897435897435898,0.5416666666666666,0.8
3606,70852,Heru Bligen,Longwood,0.0,0.32,0.16666666666666666,1.0
3607,70856,Joe French,Bethune Cookman,0.0,0.25,0.34782608695652173,0.8695652173913043
3608,70857,Jaelen House,Arizona St.,0.0,0.17647058823529413,1.0,0.9375
3609,70858,Desmond Williams,Troy,0.0,0.25,0.0,0.6829268292682927
3610,70859,Lars Thiemann,California,1.0,0.68,0.5384615384615384,0.0
3611,70860,Jonathan Steelman,Wofford,0.0,0.0,0.0,0.0
3612,70861,Zach Freemantle,Xavier,0.75,0.631578947368421,0.8095238095238095,1.0
3613,70862,McKay Howell,Southeastern Louisiana,0.0,0.0,0.0,0.0
3614,70864,Zachary Williams,Nevada,0.0,0.0,0.0,0.0
3615,70865,Marcus Domask,Southern Illinois,1.0,0.37681159420289856,0.28,0.9423076923076923
3616,70866,Trent Brown,Southern Illinois,0.0,0.0,0.0,1.0
3617,70867,Josh Endicott,North Florida,1.0,0.7692307692307693,0.4,1.0
3618,70868,Paul Grinde,Clemson,0.0,0.25,0.0,0.0
3619,70869,Coleman Boyd,Georgia Tech,0.0,0.0,0.0,0.0
3620,70870,Darion Jordan-thomas,Wagner,0.75,0.6538461538461539,0.5,0.0
3621,70871,Agah Kizilkaya,Maine,0.0,0.0,0.0,0.0
3622,70872,Emmanuel Adedoyin,North Florida,0.0,0.11764705882352941,0.0,1.0
3623,70873,Ja'mier Fletcher,Wagner,1.0,0.9166666666666666,0.0,0.0
3624,70874,Tony Johnson Jr.,UCF,0.0,0.25,0.2,0.75
3625,70875,Justin McKoy,Virginia,0.0,0.5,0.3333333333333333,0.0
3626,70876,Andrew Kenny,Boston College,0.0,0.0,0.0,1.0
3627,70877,Alphonso Anderson,Utah St.,1.0,0.42592592592592593,0.5625,0.9473684210526315
3628,70878,Trey Hurlburt,UNLV,0.0,0.0,0.0,0.0
3629,70879,Chris Efretuei,Louisiana Monroe,0.875,0.47058823529411764,0.4642857142857143,0.0
3630,70880,Trayce Jackson-Davis,Indiana,0.7551020408163265,0.5419847328244275,0.5357142857142857,0.0
3631,70881,Nathan Childress,Indiana,0.0,0.0,0.0,0.0
3632,70882,Elijah Ifejeh,Louisiana Monroe,0.6,0.38461538461538464,0.25,0.0
3633,70884,Erie Olonade,Louisiana Monroe,0.0,0.0,0.2222222222222222,0.8333333333333334
3634,70885,Langston Powell,Louisiana Monroe,0.0,0.23529411764705882,0.0,1.0
3635,70887,Jevon Brown,Binghamton,0.0,0.75,0.625,1.0
3636,70888,Pavle Djurisic,Austin Peay,0.0,0.0,0.0,0.75
3637,70889,Max de Geest,Long Beach St.,0.0,0.0,0.2,0.8571428571428571
3638,70892,Jalen Warren,Florida Gulf Coast,0.0,0.11940298507462686,0.12244897959183673,0.8181818181818182
3639,70893,Antonio Ralat,UAB,0.0,0.0,0.06666666666666667,1.0
3640,70894,Chance Hunter,Long Beach St.,1.0,0.46808510638297873,0.3125,0.509090909090909
3641,70895,Joshua Morgan,Long Beach St.,0.9523809523809523,0.78125,0.5909090909090909,0.0
3642,70896,Romelle Mansel,Long Beach St.,1.0,0.6060606060606061,0.3076923076923077,1.0
3643,70897,Jalen White,Texas A&M Corpus Chris,0.0,0.25,0.0,1.0
3644,70899,Emmanuel Izunabor,High Point,1.0,0.625,0.75,0.0
3645,70901,Bryant Randleman,High Point,0.0,0.34782608695652173,0.16666666666666666,1.0
3646,70902,Yarden Willis,Binghamton,1.0,0.85,0.0,0.0
3647,70903,Judah Jordan,Weber St.,0.0,0.0,0.0,0.8
3648,70904,Kuany Kuany,California,1.0,0.5,0.0,1.0
3649,70905,Tujautae Williams,Tennessee Tech,0.5,0.375,0.13043478260869565,1.0
3650,70907,David Roddy,Colorado St.,0.7272727272727273,0.45348837209302323,0.3333333333333333,0.9333333333333333
3651,70909,Deangelo Epps,Charleston,1.0,0.7142857142857143,0.3333333333333333,0.6666666666666666
3652,70910,Chris Duarte,Oregon,0.36363636363636365,0.31746031746031744,0.0625,0.7872340425531915
3653,70911,KJ Cunningham,Weber St.,0.5,0.16666666666666666,0.4,0.8461538461538461
3654,70912,Austin Galuppo,Weber St.,0.0,1.0,0.0,0.6666666666666666
3655,70913,Robbie Beran,Northwestern,0.3333333333333333,0.5925925925925926,1.0,1.0
3656,70916,Lorenzo McGhee,Nicholls St.,0.5,0.2727272727272727,0.0,0.9090909090909091
3657,70917,Tyrease Terrell,Nicholls St.,0.0,0.0,0.0,0.0
3658,70918,Evins Desir,Florida A&M,1.0,0.5142857142857142,0.4827586206896552,0.0
3659,70920,Isaiah Attles,Alcorn St.,0.0,0.0,0.0,1.0
3660,70921,Jamir Williams,Florida A&M,0.5,0.5,0.0,1.0
3661,70922,Dekedran Thorn,Alcorn St.,0.0,0.0,1.0,0.5
3662,70923,Anthony Fairley,Alcorn St.,0.5,0.35,1.0,0.0
3663,70927,Jaylen Forbes,Alabama,0.0,0.3333333333333333,0.0,0.9166666666666666
3664,70928,Jaden Shackelford,Alabama,0.0,0.25,0.16666666666666666,0.7976190476190477
3665,70930,Ben Sheppard,Belmont,0.0,0.5,1.0,1.0
3666,70931,Noah Fernandes,Wichita St.,0.0,0.0,0.0,0.8333333333333334
3667,70932,Juwan Perdue,Jacksonville St.,1.0,1.0,1.0,0.0
3668,70934,PJ Fuller,TCU,0.6,0.5625,0.47058823529411764,0.9444444444444444
3669,70935,Caleb Mills,Houston,1.0,0.18181818181818182,0.05,0.86
3670,70936,Francisco Farabello,TCU,0.0,0.42857142857142855,0.6666666666666666,0.96
3671,70937,Aidan Igiehon,Louisville,1.0,0.75,0.0,0.0
3672,70938,Josh Nickelberry,Louisville,0.0,0.0,0.0,1.0
3673,70939,Edric Dennis Jr.,TCU,0.25,0.125,0.3333333333333333,0.7948717948717948
3674,70940,Madani Diarra,Saint Louis,0.0,0.0,0.0,0.5
3675,70942,Diante Smith,TCU,0.0,0.5833333333333334,0.6666666666666666,1.0
3676,70946,Dequan Morris,Arkansas Pine Bluff,0.5263157894736842,0.4807692307692308,0.1875,1.0
3677,70947,Anthony Harris,North Carolina,0.0,0.2,0.0,1.0
3678,70948,Jamil Wilson,Arkansas Pine Bluff,0.0,0.1,0.0,0.5
3679,70949,Hugo Ferreira,Cleveland St.,0.0,0.3333333333333333,0.0,1.0
3680,70950,Jeremiah Francis,North Carolina,0.0,0.0,0.0,0.75
3681,70951,Ethan Anderson,USC,1.0,0.3,0.375,0.9285714285714286
3682,70953,Kshun Stokes,Arkansas Pine Bluff,0.0,0.3333333333333333,0.4,1.0
3683,70954,Markedric Bell,Arkansas Pine Bluff,0.8,0.5396825396825397,0.45,0.8888888888888888
3684,70955,Mylik Wilson,Louisiana,0.5,0.2463768115942029,0.24,0.7241379310344828
3685,70957,Caleb Asberry,Texas St.,0.8333333333333334,0.4,0.42857142857142855,1.0
3686,70958,Drew Tennial,Texas St.,0.5,0.5714285714285714,0.0,1.0
3687,70959,DeShawn Davidson,Texas St.,0.0,0.0,0.25,0.8
3688,70960,Isiah Small,Texas St.,0.6,0.6363636363636364,0.9,0.8888888888888888
3689,70963,Ryan Bormann,Texas St.,0.0,0.0,0.0,0.0
3690,70965,Russhard Cruickshank,Eastern Kentucky,0.0,0.38461538461538464,0.4,0.7837837837837838
3691,70967,Spencer Macke,West Virginia,0.0,0.0,0.0,1.0
3692,70970,Aaron Estrada,Saint Peter's,0.0,0.15789473684210525,0.17391304347826086,0.6111111111111112
3693,70971,Matthew Lee,Saint Peter's,0.0,0.10526315789473684,0.0,0.9259259259259259
3694,70972,Ayinde Hikim,La Salle,0.0,0.28205128205128205,0.22727272727272727,0.8
3695,70973,Mike DePersia,IU Indy,0.0,0.35714285714285715,0.25,1.0
3696,70974,Taveion White,IU Indy,1.0,0.6666666666666666,0.0,0.0
3697,70975,Jordan Wright,Vanderbilt,0.5,0.14285714285714285,0.0,1.0
3698,70976,Sherif Kenney,La Salle,1.0,0.2962962962962963,0.2222222222222222,0.5416666666666666
3699,70977,Julien Wooden,James Madison,0.625,0.46153846153846156,0.0,1.0
3700,70978,Michael Christmas,James Madison,1.0,0.5625,0.4,1.0
3701,70979,Zion Tordoff,Marist,1.0,0.56,0.3333333333333333,0.0
3702,70981,Cartier Jernigan,USC Upstate,0.0,0.25,0.3,0.6875
3703,70982,Jaret Griffith,Stetson,0.0,0.0,0.0,0.0
3704,70983,Robbie Skead,Pepperdine,0.0,0.0,0.0,0.0
3705,70985,Tyler Morman,Wyoming,0.0,1.0,0.0,0.0
3706,70986,Jacob Germany,UTSA,0.8636363636363636,0.7391304347826086,0.6470588235294118,0.0
3707,70987,Luka Barisic,UTSA,0.0,0.4230769230769231,0.42857142857142855,1.0
3708,70988,Efstratios Kalogerias,Norfolk St.,0.6666666666666666,0.8,0.8571428571428571,0.8333333333333334
3709,70989,Spirit Ricks,Norfolk St.,1.0,0.5454545454545454,1.0,1.0
3710,70990,Jason Jitoboh,Florida,1.0,0.6666666666666666,0.6666666666666666,0.0
3711,70993,Tre Mann,Florida,0.0,0.2222222222222222,0.23529411764705882,0.5454545454545454
3712,70994,Scottie Lewis,Florida,0.5555555555555556,0.375,0.19047619047619047,0.9545454545454546
3713,70995,Christian Brown,Georgia,0.6666666666666666,0.6666666666666666,0.6666666666666666,0.8571428571428571
3714,70996,Omar Payne,Florida,0.8076923076923077,0.6222222222222222,0.8333333333333334,0.0
3715,70997,Miles Daniels,Jackson St.,0.0,0.25,0.3333333333333333,0.8235294117647058
3716,70998,Austin Crowley,Mississippi,1.0,0.38461538461538464,0.42857142857142855,0.8181818181818182
3717,70999,Bahaide Haidara,George Mason,0.0,0.0,0.0,0.0
3718,71000,Jalen Graham,Arizona St.,0.8461538461538461,0.53125,0.3,0.0
3719,71005,Hall Elisias,Bryant,0.8857142857142857,0.7538461538461538,0.75,0.0
3720,71006,Justin Murphy,Jacksonville St.,0.0,0.0,0.0,0.0
3721,71007,Ahren Freeman,New Orleans,0.6666666666666666,0.5555555555555556,0.8571428571428571,1.0
3722,71008,Alex Tabor Jr.,SMU,0.0,0.0,0.0,1.0
3723,71009,Khalil Robinson,Howard,0.0,0.08333333333333333,0.12,0.8571428571428571
3724,71010,William FitzPatrick,Sacramento St.,0.0,0.0,0.0,0.8888888888888888
3725,71012,Ryan Blackmon,Sacramento St.,0.0,0.0,0.0,0.0
3726,71013,Charles Smith IV,SMU,0.0,0.0,0.0,1.0
3727,71015,Spencer Monteiro,Sacramento St.,0.0,1.0,0.0,0.0
3728,71017,Jordan Cooke-Harper,Sacramento St.,1.0,1.0,0.0,0.0
3729,71018,Brice Williams,Charlotte,0.0,0.4,0.0,0.8888888888888888
3730,71019,Drew Lakey,Old Dominion,0.0,0.0,1.0,0.0
3731,71020,Khalyl Waters,Troy,0.5,0.5,0.0,1.0
3732,71021,Jack Forrest,Columbia,0.0,0.45161290322580644,0.3333333333333333,0.9090909090909091
3733,71022,Keenon Cole,Northern Illinois,1.0,1.0,0.0,0.0
3734,71023,Nick Caldwell,Southeastern Louisiana,0.6666666666666666,0.6333333333333333,0.4,0.8461538461538461
3735,71025,Tyler Cochran,Northern Illinois,1.0,0.2926829268292683,0.5333333333333333,0.8571428571428571
3736,71026,Jakevan Leftridge,Troy,0.75,0.35,0.5,1.0
3737,71027,D.J. Thorpe,California,0.8,0.6923076923076923,0.75,0.0
3738,71028,Kruz Perrott-Hunt,South Dakota,0.0,0.25,1.0,1.0
3739,71030,Cassius Stanley,Duke,0.75,0.5,0.0,1.0
3740,71031,Tyrie Jackson,East Carolina,0.5714285714285714,0.28,0.5,0.9565217391304348
3741,71032,Terrell Burden,Kennesaw St.,0.0,0.16,0.14285714285714285,1.0
3742,71033,Nate Jenkins,Iowa St.,0.0,0.0,0.0,0.0
3743,71034,Armani Harris,Kennesaw St.,0.0,0.47368421052631576,0.0,0.0
3744,71035,J.J. Miles,East Carolina,0.0,0.3333333333333333,0.32,0.9591836734693877
3745,71036,Tremont Robinson-White,East Carolina,0.0,0.2647058823529412,0.18181818181818182,1.0
3746,71037,Jamie Lewis,Kennesaw St.,0.0,0.05555555555555555,0.0,0.7333333333333333
3747,71038,Matthew Hurt,Duke,0.75,0.5818181818181818,0.3076923076923077,0.8809523809523809
3748,71039,Ian Jones,East Carolina,0.0,0.0,0.0,0.0
3749,71040,Donte Tatum,Samford,0.0,0.24,0.125,0.9285714285714286
3750,71041,Nyzaiah Chambers,Norfolk St.,1.0,0.8571428571428571,0.0,0.0
3751,71042,Leslie Nkereuwem,Longwood,0.8125,0.5428571428571428,0.2857142857142857,0.0
3752,71043,Demilade Adelekun,Dartmouth,0.0,0.0,0.0,0.0
3753,71044,Allen Powell,Rider,0.0,0.0,0.0,1.0
3754,71045,Nathaniel Ogbu,Dartmouth,0.0,0.0,1.0,0.0
3755,71046,Hunter Goodrick,South Dakota,1.0,0.5714285714285714,0.25,1.0
3756,71047,Justyn King,Bethune Cookman,1.0,0.7142857142857143,0.3333333333333333,0.0
3757,71048,Khalil Turner,Rider,0.0,0.5,0.0,1.0
3758,71049,Nikc Jackson,Air Force,0.0,0.0,1.0,1.0
3759,71050,Daryl Anderson,Norfolk St.,0.0,0.5,0.0,1.0
3760,71051,Masai Olowokere,Central Arkansas,0.0,0.5,1.0,1.0
3761,71052,Jordyn Owens,UMass Lowell,0.0,0.047619047619047616,0.0,0.7857142857142857
3762,71053,Caleb Burgess,Hofstra,0.0,0.0,0.0,1.0
3763,71054,Josh Vazquez,Montana,0.0,0.1111111111111111,0.3333333333333333,0.84375
3764,71055,Kyle Owens,Montana,1.0,0.7272727272727273,0.7,1.0
3765,71057,C.J. Wilbourn,Milwaukee,0.0,0.7419354838709677,0.6923076923076923,1.0
3766,71058,Jermaine Miranda,Hofstra,0.0,0.0,0.0,1.0
3767,71059,Lewis McDaniel,Central Arkansas,0.0,0.0,0.6,0.75
3768,71060,Kalil Thomas,UMass Lowell,0.0,0.2,0.0,0.7647058823529411
3769,71061,Mykayle Carter,USC Upstate,0.0,0.0,0.0,1.0
3770,71062,Keller Casey,Oklahoma,0.0,0.0,0.0,0.0
3771,71063,Connor Nelson,American,0.0,0.2857142857142857,0.16666666666666666,0.9787234042553191
3772,71065,Jordan Jones,Cornell,0.0,0.38461538461538464,0.5,0.9375
3773,71066,Caleb Christopher,Arizona St.,0.0,0.0,0.0,1.0
3774,71067,Ben Lubarsky,American,1.0,0.3333333333333333,0.42857142857142855,1.0
3775,71068,Noah Gear,Cornell,0.0,0.6,1.0,0.0
3776,71069,Marcus Filien,Cornell,0.0,0.3333333333333333,0.0,1.0
3777,71071,LaQuan Butler,Southeastern Louisiana,0.0,0.5,0.0,0.6956521739130435
3778,71073,Bas Leyte,UNC Greensboro,0.0,0.75,1.0,1.0
3779,71074,Jackson Blaufeld,Dartmouth,0.0,0.0,0.0,0.0
3780,71075,EJ Williams,Alabama A&M,1.0,0.5818181818181818,0.35714285714285715,0.0
3781,71076,Santi Aldama,Loyola MD,0.6,0.5294117647058824,0.14285714285714285,1.0
3782,71077,Paul Hudson,Dartmouth,0.0,0.0,0.0,0.0
3783,71078,Louis Tang,VMI,0.0,0.4583333333333333,0.16666666666666666,0.9230769230769231
3784,71080,Garrett Hicks,Alabama A&M,0.0,0.3142857142857143,0.1935483870967742,0.9166666666666666
3785,71081,Camden Vander Zwaag,Air Force,0.0,1.0,0.0,0.0
3786,71082,David Cummard,Northern Arizona,0.0,0.0,0.0,0.0
3787,71085,Kassim Nicholson,UAB,0.6666666666666666,0.4090909090909091,0.35714285714285715,1.0
3788,71086,Cyriaque Foucart,Stetson,0.0,0.0,0.0,0.0
3789,71087,Caleb Matthews,NJIT,0.0,0.0,0.0,0.75
3790,71089,Raquan Brown,New Orleans,0.0,0.5454545454545454,0.0,1.0
3791,71090,Rodney Carson,New Orleans,0.0,0.45454545454545453,1.0,1.0
3792,71091,Justus Rainwater,Florida Gulf Coast,0.9142857142857143,0.7540983606557377,0.4117647058823529,0.0
3793,71092,Michael Okafor,Manhattan,0.4,0.25,1.0,1.0
3794,71094,Tyler Thomas,Sacred Heart,0.0,0.26666666666666666,0.14285714285714285,0.90625
3795,71095,R.J. McGee,Tulane,1.0,0.3333333333333333,0.0,1.0
3796,71096,Sean Yoder,Navy,0.0,0.3,0.09090909090909091,0.875
3797,71098,Tyler Nelson,Navy,1.0,0.23076923076923078,0.3333333333333333,1.0
3798,71100,Jaylen Walker,Navy,0.0,0.5,0.0,1.0
3799,71101,Daniel Deaver,Navy,0.0,0.46153846153846156,0.4,1.0
3800,71102,Patrick Dorsey,Navy,0.0,0.0,0.0,0.6666666666666666
3801,71105,John Bowen,UNC Wilmington,0.6666666666666666,0.75,0.0,1.0
3802,71107,Neal Quinn,Lafayette,1.0,0.5925925925925926,0.5769230769230769,0.0
3803,71108,Gob Gabriel,Monmouth,1.0,0.3,0.2,1.0
3804,71109,Daman Tate,Boston University,0.0,0.0,0.0,1.0
3805,71110,Leo O'Boyle,Lafayette,1.0,0.47368421052631576,0.0,0.9487179487179487
3806,71112,Ethan Brittain-Watts,Boston University,0.0,0.4444444444444444,0.0,0.7857142857142857
3807,71113,James Anderson II,North Alabama,0.0,0.375,0.11764705882352941,0.84
3808,71114,Austin Meloche,North Alabama,0.0,0.0,0.0,0.0
3809,71115,Mervin James,North Alabama,0.5,0.5076923076923077,0.5454545454545454,0.9
3810,71116,C.J. Brim,North Alabama,0.0,0.058823529411764705,0.23809523809523808,0.8695652173913043
3811,71118,Jalen Thomas,Georgia St.,1.0,0.7333333333333333,0.7777777777777778,0.0
3812,71120,Alonzo Verge,Arizona St.,0.3333333333333333,0.16279069767441862,0.08,0.5454545454545454
3813,71121,Keshad Johnson,San Diego St.,0.5,0.16666666666666666,1.0,1.0
3814,71122,Trey Pulliam,San Diego St.,0.0,0.21428571428571427,0.1111111111111111,0.8571428571428571
3815,71123,Kyle Lukasiewicz,Colorado St.,0.0,1.0,0.0,1.0
3816,71126,Eduardo Lane,San Jose St.,0.5,0.34782608695652173,0.5,1.0
3817,71127,CJ Melton,Presbyterian,1.0,0.7142857142857143,0.0,1.0
3818,71128,Isaiah Stevens,Colorado St.,0.0,0.28888888888888886,0.2037037037037037,0.7954545454545454
3819,71129,Donnie Malone,Tennessee St.,0.0,0.0,0.0,0.0
3820,71130,Kyle Rose,Fordham,0.0,0.0,0.0,0.8888888888888888
3821,71131,Wheza Panzo,Stetson,0.0,0.25,0.5,1.0
3822,71132,Fousseyni Drame,Saint Peter's,0.46153846153846156,0.3,0.2857142857142857,1.0
3823,71133,Daryl Banks III,Saint Peter's,0.0,0.17391304347826086,0.08,1.0
3824,71134,Ayan Teel,Mount St. Mary's,0.0,0.0,0.0,0.0
3825,71135,Steve Wooten Jr.,Tennessee Martin,0.0,0.0,0.5,0.8
3826,71137,Eman Sertovic,Tennessee Martin,0.0,0.0,0.16666666666666666,0.8709677419354839
3827,71138,Tyler Sagl,Marist,0.0,0.2857142857142857,0.0,0.8148148148148148
3828,71139,Ford Cooper Jr,Missouri St.,0.0,0.0,0.0,0.8461538461538461
3829,71140,Dylan Disu,Vanderbilt,0.6153846153846154,0.4482758620689655,0.0,1.0
3830,71141,Charlie Weber,East Tennessee St.,1.0,0.3333333333333333,1.0,1.0
3831,71143,Vonnie Patterson,East Tennessee St.,0.0,0.38095238095238093,0.25,0.8333333333333334
3832,71144,Jonas Visser,San Francisco,0.0,0.0,0.0,0.0
3833,71145,Jack Cavanaugh,Marist,0.0,0.0,0.0,1.0
3834,71146,Scotty Pippen Jr,Vanderbilt,0.0,0.16,0.041666666666666664,0.7941176470588235
3835,71147,Volodymyr Markovetskyy,Washington St.,1.0,0.5789473684210527,0.0,0.0
3836,71148,Mykel Derring,Merrimack,1.0,0.75,1.0,0.9354838709677419
3837,71150,Juvaris Hayes,Merrimack,0.0,0.1134020618556701,0.0,1.0
3838,71151,Khalief Crawford,Merrimack,0.0,0.5,0.0,1.0
3839,71154,Mikey Watkins,Merrimack,0.0,0.35185185185185186,0.0,0.9
3840,71156,Jaleel Lord,Merrimack,0.0,0.34782608695652173,0.12,0.9622641509433962
3841,71157,Devin Jensen,Merrimack,0.0,0.9,0.5,0.9672131147540983
3842,71158,Daraun Gray,Loyola MD,0.0,0.0,0.0,0.0
3843,71159,Kareem Reid,Gardner Webb,0.8125,0.6666666666666666,0.5555555555555556,1.0
3844,71160,Jared Jones,Northwestern,1.0,0.6666666666666666,0.5454545454545454,1.0
3845,71163,Rainers Hermanovskis,William & Mary,0.0,0.25,1.0,0.8571428571428571
3846,71164,Chris Whitaker,Portland St.,1.0,0.2,0.6111111111111112,0.0
3847,71166,Damani McEntire,Southern Utah,0.0,0.0,0.0,0.0
3848,71167,Chase Verdugo,Southern Utah,0.0,0.0,0.0,1.0
3849,71168,Miguel Ayesa,William & Mary,0.0,1.0,0.25,0.9
3850,71169,Blondeau Tchoukuiengo,New Hampshire,0.0,0.42857142857142855,0.0,0.6666666666666666
3851,71170,Miles James,East Carolina,0.0,0.8,0.0,1.0
3852,71171,Kyle Rode,Liberty,0.0,0.47368421052631576,0.5,1.0
3853,71172,Josh Brewer,Miami OH,1.0,0.42857142857142855,0.5,1.0
3854,71173,Shiloh Robinson,Liberty,0.7142857142857143,0.6363636363636364,0.5,1.0
3855,71174,Charles Coleman,East Carolina,1.0,0.6666666666666666,0.6153846153846154,0.0
3856,71175,Evan Umstead,East Carolina,0.0,0.0,0.0,0.0
3857,71176,Colton Reed,Liberty,0.0,0.0,0.0,1.0
3858,71177,Ludgy Debaut,East Carolina,0.0,1.0,0.0,0.0
3859,71179,Andrei Savrasov,Texas Tech,1.0,1.0,0.0,1.0
3860,71180,Russel Tchewa,Texas Tech,1.0,0.7777777777777778,0.875,0.0
3861,71181,"Terrence Shannon, Jr.",Texas Tech,0.6470588235294118,0.4918032786885246,0.6666666666666666,0.7777777777777778
3862,71182,Clarence Nadolny,Texas Tech,0.3333333333333333,0.5,1.0,0.0
3863,71183,Jahmi'us Ramsey,Texas Tech,0.6,0.4807692307692308,0.3611111111111111,0.75
3864,71184,Deschon Winston,Central Michigan,0.0,0.15,0.17391304347826086,0.8666666666666667
3865,71189,Chris Johnson,Northern Illinois,0.0,1.0,0.0,0.0
3866,71191,Donovan Clay,Valparaiso,0.7692307692307693,0.475,0.38461538461538464,0.96875
3867,71193,Sita Conteh,Austin Peay,1.0,0.7142857142857143,0.7142857142857143,1.0
3868,71194,Bryce Okpoh,Grand Canyon,0.7142857142857143,0.6428571428571429,1.0,0.0
3869,71196,Mojus Mojus,Cal St. Fullerton,0.0,0.0,0.0,0.0
3870,71197,Emil Freese-Vilien,Valparaiso,1.0,0.5,0.0,0.0
3871,71199,Carter Murphy,Air Force,0.0,0.0,0.0,0.5
3872,71200,Solomon Pierre-Louis,Air Force,0.0,1.0,0.0,0.0
3873,71201,Cameron Alford,Alabama A&M,0.0,0.22388059701492538,0.2647058823529412,0.8333333333333334
3874,71202,Mason Taylor,Air Force,1.0,0.42857142857142855,0.3333333333333333,0.8
3875,71203,Nathan Scott,Northern Illinois,1.0,0.5,0.5,1.0
3876,71205,Maleeck Harden-Hayes,North Dakota St.,0.0,0.0,0.0,1.0
3877,71206,Travis Evee,VMI,0.0,0.2765957446808511,0.42857142857142855,0.8591549295774648
3878,71207,Dean Keeler,UC Irvine,0.0,0.0,1.0,0.0
3879,71208,Austin Johnson,UC Irvine,1.0,0.6086956521739131,0.6666666666666666,0.0
3880,71209,Brendan Carney,Marquette,0.0,0.0,0.0,1.0
3881,71212,Noah Waterman,Niagara,1.0,0.8,0.0,1.0
3882,71214,Jeron Artest,UC Irvine,0.0,0.2,0.5714285714285714,0.875
3883,71216,Michael Kennedy,Marquette,0.0,0.0,0.0,0.0
3884,71218,Brenton Mills,Binghamton,0.0,0.36,0.1875,0.8
3885,71219,Shakem Johnson,Tennessee St.,0.9032258064516129,0.7,0.5,0.0
3886,71220,Hakon Hjalmarsson,Binghamton,0.0,0.06666666666666667,0.0,0.9545454545454546
3887,71221,Adham Eleeda,Northern Kentucky,0.0,0.0,0.0,0.9130434782608695
3888,71224,Julian Champagnie,St. John's,0.5,0.5733333333333334,0.8181818181818182,0.875
3889,71226,Yvan Ouedraogo,Nebraska,0.9,0.515625,0.16666666666666666,0.0
3890,71227,Jacob Hobbs,Lipscomb,0.0,0.6,0.0,1.0
3891,71229,Kaleb Coleman,Lipscomb,0.0,0.6666666666666666,0.75,0.75
3892,71230,Donavan Moore,Toledo,0.0,0.0,0.0,0.0
3893,71231,Luke Maranka,Toledo,0.0,1.0,1.0,1.0
3894,71232,Carson Cary,Lipscomb,0.0,0.5,0.0,0.9375
3895,71233,Josh Oduro,George Mason,0.0,0.5263157894736842,0.6086956521739131,1.0
3896,71234,Marcus Sasser,Houston,0.0,0.3333333333333333,0.3333333333333333,0.7894736842105263
3897,71236,Antonio Gordon,Kansas St.,1.0,0.75,0.75,0.9166666666666666
3898,71237,Justin Winston,St. Bonaventure,0.3333333333333333,0.4722222222222222,0.3333333333333333,1.0
3899,71238,Alejandro Vasquez,St. Bonaventure,0.0,0.36,0.0,0.7407407407407407
3900,71241,Tre Gomillion,Cleveland St.,1.0,0.6349206349206349,0.2,1.0
3901,71242,Franklyn Penn Jr.,Cleveland St.,0.0,0.4,0.2,1.0
3902,71243,Rayquan Evans,Florida St.,0.0,0.0,0.1,1.0
3903,71244,Miles Brown,Ohio,0.0,0.14285714285714285,0.0,1.0
3904,71245,Nolan Foster,Ohio,1.0,0.7142857142857143,0.8,0.0
3905,71246,Jonah Jackson,Drake,0.0,0.0,0.0,0.9836065573770492
3906,71247,Rafael Cruz Jr,Western Michigan,0.0,0.2413793103448276,0.21428571428571427,0.8
3907,71248,Greg Outlaw,Central Connecticut,0.3333333333333333,0.2073170731707317,0.2222222222222222,1.0
3908,71249,Nathanael Jack,Florida St.,0.0,0.0,0.0,0.8181818181818182
3909,71250,Marvin Price,Ohio,0.0,0.0,0.0,1.0
3910,71251,Trey Tennyson,Central Connecticut,0.0,0.375,0.25,0.8260869565217391
3911,71252,Myles Baker,Central Connecticut,0.0,0.10344827586206896,0.16666666666666666,0.4857142857142857
3912,71253,Matt Garry,Connecticut,0.0,0.0,0.0,0.0
3913,71254,Kirk Parker,Southern,0.0,0.0,1.0,1.0
3914,71256,Lamarcus Lee,Southern,0.5384615384615384,0.5128205128205128,0.5714285714285714,0.9375
3915,71257,Sam Mack,Southern,0.0,0.0,0.0,0.75
3916,71260,Skyler Baggs,Southern,0.625,0.4186046511627907,0.3333333333333333,0.0
3917,71262,Malik Curry,Old Dominion,0.0,0.061855670103092786,0.12,0.6071428571428571
3918,71263,JaVonni Bickham,Denver,0.0,0.5,0.0,0.0
3919,71265,Joey Reilly,Holy Cross,0.0,0.0,0.3333333333333333,1.0
3920,71266,Javier Turner,Wyoming,0.0,0.0,0.0,0.0
3921,71269,Onyeka Okongwu,USC,0.7758620689655172,0.5703703703703704,0.46153846153846156,0.0
3922,71270,Stephan Gabriel,Bradley,0.2,0.2,0.0,1.0
3923,71271,Yavuz Gultekin,Texas A&M,0.0,0.5555555555555556,0.6666666666666666,1.0
3924,71272,Mark Freeman,Tennessee St.,0.0,0.14814814814814814,0.045454545454545456,0.5789473684210527
3925,71273,Samari Curtis,Nebraska,0.0,0.0,0.0,0.75
3926,71274,Akol Arop,Nebraska,1.0,0.5714285714285714,0.0,1.0
3927,71275,Ayaan Sohail,Lamar,0.0,0.2857142857142857,1.0,1.0
3928,71276,Anthony Cameron,Lamar,0.0,0.5,0.0,0.0
3929,71278,Dru Kuxhausen,McNeese St.,0.0,0.4166666666666667,0.5,0.8865979381443299
3930,71279,Cedric Henderson Jr.,Campbell,0.7333333333333333,0.5584415584415584,0.2777777777777778,0.6774193548387096
3931,71280,Quirin Emanga,Northeastern,0.0,0.0,1.0,1.0
3932,71281,Kevin Cross,Nebraska,1.0,0.5428571428571428,0.3125,0.90625
3933,71282,Kolton Mitchell,Massachusetts,0.0,0.3,1.0,0.0
3934,71283,T.J. Weeks,Massachusetts,0.0,0.42857142857142855,0.2857142857142857,0.9375
3935,71284,Sean East II,Massachusetts,0.0,0.23214285714285715,0.08333333333333333,0.2692307692307692
3936,71285,Joe Petrakis,Kansas St.,0.0,0.0,0.5,1.0
3937,71286,David Sloan,Kansas St.,1.0,0.23809523809523808,0.2,0.9230769230769231
3938,71287,Montavious Murphy,Kansas St.,1.0,0.6666666666666666,1.0,1.0
3939,71288,Tre Mitchell,Massachusetts,0.6,0.5153846153846153,0.5384615384615384,0.8648648648648649
3940,71290,Tyler Burton,Richmond,0.6666666666666666,0.5588235294117647,0.5,1.0
3941,71291,Sigurd Lorange,Valparaiso,0.0,0.0,0.0,1.0
3942,71292,Emmanuel Taban,Cal St. Fullerton,0.0,0.0,0.0,0.0
3943,71294,Michael Moreno,Eastern Kentucky,0.0,0.22727272727272727,0.4,0.8461538461538461
3944,71297,Damian Dunn,Temple,0.0,0.0,0.0,0.0
3945,71298,Josh Pierre-Louis,Temple,0.3333333333333333,0.45454545454545453,0.0,1.0
3946,71300,Tariq Balogun,Eastern Kentucky,1.0,0.6363636363636364,1.0,0.0
3947,71301,Rett Lister,Furman,0.0,0.0,0.0,0.0
3948,71302,Ola Olamuyiwa,Central Connecticut,0.0,0.8,0.0,0.0
3949,71303,Ben Beeker,Furman,0.0,0.6,0.0,0.0
3950,71304,Tomas Woldetensae,Virginia,0.0,0.25,0.4444444444444444,0.9615384615384616
3951,71306,Greg Gantt,Providence,0.0,0.23076923076923078,0.6666666666666666,1.0
3952,71307,Nick Huston,Idaho St.,0.0,0.0,0.0,1.0
3953,71308,Jaxon EdelMayer,Idaho St.,0.0,0.6,0.0,0.5
3954,71309,Isiaih Mosley,Missouri St.,1.0,0.21428571428571427,0.043478260869565216,0.7241379310344828
3955,71311,Isaiah Hill,Tulsa,0.0,0.17391304347826086,0.3333333333333333,0.8461538461538461
3956,71312,Alex Morales,Wagner,0.0,0.2682926829268293,0.21428571428571427,0.782608695652174
3957,71314,Symir Torrence,Marquette,0.0,0.6666666666666666,0.25,0.8888888888888888
3958,71315,Precious Okoh,Maine,0.0,0.42105263157894735,0.3333333333333333,0.9
3959,71316,Veljko Radakovic,Maine,0.0,0.75,0.0,1.0
3960,71318,Marko Sarenac,Marshall,1.0,0.39285714285714285,0.5,0.9444444444444444
3961,71321,Brian Taylor,Illinois Chicago,0.5,0.42857142857142855,1.0,1.0
3962,71322,Rodrick McCobb,Northern Colorado,0.0,0.09090909090909091,0.0,0.8571428571428571
3963,71323,Shawn Stith,Cal St. Bakersfield,0.0,0.36363636363636365,0.6,0.0
3964,71325,Ronne Readus,Cal St. Bakersfield,0.0,0.21428571428571427,0.5714285714285714,0.0
3965,71327,Nico Mannion,Arizona,0.3333333333333333,0.25,0.11538461538461539,0.6037735849056604
3966,71328,Brandon Haddock,Utah,0.0,0.0,0.0,0.0
3967,71329,Deonte Billups,Purdue Fort Wayne,0.5,0.21153846153846154,0.18181818181818182,0.9
3968,71330,Antonio Reeves,Illinois St.,0.5,0.36363636363636365,0.19230769230769232,0.9393939393939394
3969,71335,Garren Davis,Loyola MD,0.0,0.0,0.0,1.0
3970,71336,Rylan Jones,Utah,0.0,0.15789473684210525,0.1,0.6938775510204082
3971,71337,Jeremiah Davenport,Cincinnati,1.0,0.3333333333333333,1.0,1.0
3972,71338,Zach Harvey,Cincinnati,1.0,0.5555555555555556,0.0,1.0
3973,71339,Tavin Pierre Philippe,Stony Brook,0.5,0.25,0.0,1.0
3974,71341,Russel Dean,Hampton,0.0,0.21739130434782608,0.0,0.0
3975,71342,Davion Warren,Hampton,0.5,0.5689655172413793,0.25,0.9583333333333334
3976,71343,Jacob O'Connell,Princeton,0.0,0.0,0.0,0.0
3977,71344,Keeshawn Kellman,Princeton,0.6666666666666666,0.4,1.0,0.0
3978,71345,Konrad Kiszka,Princeton,0.0,0.5,0.0,1.0
3979,71346,Tosan Evbuomwan,Princeton,1.0,0.2727272727272727,0.5,1.0
3980,71347,Axel Okongo,Missouri,1.0,0.5,0.0,0.0
3981,71348,Tyler Millin,Middle Tennessee,0.5,0.4,0.3333333333333333,0.8888888888888888
3982,71349,DJ Rodman,Washington St.,0.0,0.3333333333333333,1.0,1.0
3983,71350,Jaylen Cross,UC Riverside,0.0,0.0,0.0,1.0
3984,71351,Orlando Robinson,Fresno St.,0.7777777777777778,0.4857142857142857,0.358974358974359,0.8333333333333334
3985,71352,Lamar Wright,SIU Edwardsville,0.0,0.42857142857142855,0.0,0.0
3986,71355,Jesus Carralero,Campbell,0.8,0.6666666666666666,0.38461538461538464,0.8181818181818182
3987,71358,Henry Makeny,Marist,0.0,0.5,0.0,1.0
3988,71360,Kalib Boone,Oklahoma St.,0.8666666666666667,0.5531914893617021,0.4444444444444444,0.0
3989,71361,Chris Harris Jr.,Oklahoma St.,0.0,0.4166666666666667,0.4,1.0
3990,71363,Rob Perry,Stetson,0.0,0.3,0.22580645161290322,0.6031746031746031
3991,71364,Keylan Boone,Oklahoma St.,0.0,0.4666666666666667,0.0,0.8333333333333334
3992,71365,Asanti Price,Georgia Tech,0.75,0.3333333333333333,0.3333333333333333,1.0
3993,71366,Joel Kabimba,Stetson,0.9090909090909091,0.6744186046511628,0.6923076923076923,1.0
3994,71367,Avery Anderson III,Oklahoma St.,0.0,0.2,0.0625,1.0
3995,71368,Chris Ledlum,Harvard,0.14285714285714285,0.2826086956521739,0.18181818181818182,0.9333333333333333
3996,71369,Kyle Arrington,Western Illinois,0.75,0.6071428571428571,0.0,0.0
3997,71370,Omari Moore,San Jose St.,0.5,0.4318181818181818,0.3333333333333333,0.875
3998,71371,Dylan Morrison,Lamar,1.0,0.5,0.0,0.0
3999,71376,Marcus Larsson,Incarnate Word,0.9090909090909091,0.8,0.875,0.0
4000,71377,Thomas O'Connell,St. John's,0.0,0.0,0.0,0.0
4001,71378,Stefan Kenic,Chattanooga,1.0,0.28,0.5,0.9545454545454546
4002,71379,Ben Daugherty,Elon,0.0,0.0,0.0,0.0
4003,71380,Zach Goodline,Oakland,0.0,0.0,0.0,0.0
4004,71381,Blake Lampman,Oakland,0.0,1.0,0.3333333333333333,0.9772727272727273
4005,71382,Kevin Kangu,Oakland,0.0,0.3,0.09090909090909091,0.8888888888888888
4006,71383,Madison Monroe,Oakland,0.0,0.2857142857142857,0.8333333333333334,1.0
4007,71384,Noah Thomasson,Houston Christian,0.0,0.3076923076923077,0.07142857142857142,0.7142857142857143
4008,71385,Jason Thompson,Houston Christian,0.5,0.5,0.0,1.0
4009,71386,Daniel Oladapo,Oakland,0.875,0.6153846153846154,0.3793103448275862,0.0
4010,71387,Emmanuel Newsome,Oakland,0.0,0.0,0.0,0.0
4011,71388,CJ Gettelfinger,Oakland,0.0,0.5,0.0,0.0
4012,71390,Trendon Watford,LSU,0.8,0.3372093023255814,0.37735849056603776,1.0
4013,71391,Dimon Carrigan,FIU,0.9473684210526315,0.7575757575757576,0.0,0.0
4014,71393,Joe Jones III,Georgia St.,0.75,0.5294117647058824,0.4,0.0
4015,71394,Idan Tretout,Harvard,0.0,0.08333333333333333,0.5,0.25
4016,71395,Isaiah Thompson,Purdue,0.0,0.18181818181818182,0.2727272727272727,0.9166666666666666
4017,71396,Luka Sakota,Harvard,0.0,0.0,1.0,0.8571428571428571
4018,71397,Tommy O'Neil,Harvard,0.0,0.0,1.0,1.0
4019,71398,Trevion Lamar,Georgia Southern,0.0,0.0,0.0,1.0
4020,71399,Parker Dortch,Loyola Marymount,0.3333333333333333,0.4358974358974359,0.3333333333333333,1.0
4021,71400,Sean Conway,VMI,0.0,0.8235294117647058,0.5,1.0
4022,71402,Jordyn Adams,Austin Peay,0.5,0.22580645161290322,0.26666666666666666,0.847457627118644
4023,71403,Mason Ellison,Alabama A&M,0.0,0.0,0.0,0.0
4024,71406,Daniel Mading,UC Riverside,0.0,0.0,0.0,0.8
4025,71407,Zyon Pullin,UC Riverside,0.0,0.16666666666666666,0.2,0.8333333333333334
4026,71409,Felipe Doria,San Diego,0.0,0.0,0.0,0.0
4027,71410,Ibrahima Diallo,Ohio St.,0.0,0.0,0.0,0.0
4028,71414,Adrian Chapman,Indiana,0.0,0.0,0.0,0.0
4029,71416,Andrew Barrett,Drake,0.0,1.0,0.0,0.0
4030,71417,Savion Gallion,Buffalo,0.0,1.0,0.0,1.0
4031,71419,Cameron Johnson,Stephen F. Austin,0.65,0.44047619047619047,0.21052631578947367,1.0
4032,71420,Calvin Solomon,Stephen F. Austin,1.0,0.4074074074074074,1.0,0.0
4033,71421,Charlie Daniels,Stephen F. Austin,1.0,0.6538461538461539,0.5454545454545454,1.0
4034,71423,Joseph Yesufu,Drake,0.0,0.14285714285714285,0.5,1.0
4035,71425,Kharee McDaniel,Stephen F. Austin,0.0,0.0,0.0,0.0
4036,71426,Idris Joyner,Merrimack,0.0,0.5411764705882353,0.5555555555555556,1.0
4037,71427,Jordan Minor,Merrimack,0.75,0.5084745762711864,0.2,1.0
4038,71428,Ziggy Reid,Merrimack,1.0,0.34782608695652173,0.0,0.9230769230769231
4039,71429,Jordan McKoy,Merrimack,0.0,0.25,0.5,1.0
4040,71432,Robbie O'Han,North Carolina,0.0,0.0,0.0,0.0
4041,71433,Christian Koloko,Arizona,0.8823529411764706,0.7391304347826086,0.4,0.0
4042,71434,Keyshaun Langley,UNC Greensboro,0.0,0.26666666666666666,0.42857142857142855,0.5277777777777778
4043,71436,Josh Green,Arizona,0.625,0.5625,0.5,0.9666666666666667
4044,71438,James Glisson III,Mercer,0.6666666666666666,0.5737704918032787,0.7058823529411765,1.0
4045,71440,Diego Rivera,Mercer,0.0,0.6,0.3333333333333333,1.0
4046,71442,Kamar Robertson,Mercer,0.0,0.3888888888888889,0.26666666666666666,0.7619047619047619
4047,71443,Walter Prevost,Maryland Eastern Shore,0.9166666666666666,0.543859649122807,0.5,0.0
4048,71444,Donta Scott,Maryland,0.6666666666666666,0.5555555555555556,0.25,1.0
4049,71445,Babatunde Akingbola,Auburn,1.0,1.0,0.0,0.0
4050,71446,Makhi Mitchell,Maryland,0.0,0.4444444444444444,0.3333333333333333,0.0
4051,71447,Makhel Mitchell,Maryland,1.0,0.6666666666666666,0.0,0.0
4052,71448,Devan Cambridge,Auburn,0.46153846153846156,0.5238095238095238,1.0,0.9259259259259259
4053,71449,Davonte Higginbottom,Massachusetts,0.0,0.0,0.0,0.5
4054,71450,Lior Berman,Auburn,0.0,0.0,0.0,0.0
4055,71451,Dardan Kapiti,Florida Atlantic,0.0,0.42857142857142855,0.5,0.0
4056,71452,Jonathan Nunez,FIU,0.0,0.0,0.3333333333333333,1.0
4057,71453,C.J. Jackson,Massachusetts,0.0,0.3333333333333333,0.0,1.0
4058,71455,Kyle Sturdivant,USC,0.0,0.0,0.125,1.0
4059,71456,Isaiah Mobley,USC,1.0,0.6122448979591837,0.4375,1.0
4060,71457,Dearon Tucker,Oregon St.,0.0,0.0,0.5,0.0
4061,71458,Talin Lewis,USC,0.0,0.0,0.0,0.0
4062,71461,Jarod Lucas,Oregon St.,0.0,0.0,0.25,1.0
4063,71462,Roman Silva,Oregon St.,0.0,0.7,1.0,0.0
4064,71463,Gianni Hunt,Oregon St.,0.0,0.23076923076923078,0.0,0.9166666666666666
4065,71464,Sean Miller-Moore,Oregon St.,0.7142857142857143,0.5142857142857142,0.0,0.0
4066,71466,B.J. Maxwell,Detroit Mercy,0.0,0.0,0.0,0.0
4067,71467,Jayvis Harvey,James Madison,0.0,0.09090909090909091,0.0,1.0
4068,71469,"Chico Carter, JR",Murray St.,0.0,0.0625,0.15384615384615385,1.0
4069,71470,Bryan Greenlee,Minnesota,0.0,0.0,0.0,0.0
4070,71471,Tyrese Samuel,Seton Hall,0.42857142857142855,0.5,0.0,1.0
4071,71473,Connor Withers,UMass Lowell,1.0,0.71875,0.6785714285714286,1.0
4072,71474,Quinn Richey,James Madison,0.0,0.0,0.0,1.0
4073,71475,Aaron Deloney,Vermont,0.0,0.17647058823529413,0.0,0.7142857142857143
4074,71476,Noah Kamba,Murray St.,0.0,0.0,0.0,1.0
4075,71477,Maddox Daniels,Colorado,1.0,0.5,0.0,1.0
4076,71478,Blake Furcron,FIU,0.0,0.16666666666666666,0.0,1.0
4077,71479,Charles Manning Jr.,LSU,1.0,0.5454545454545454,0.56,0.9230769230769231
4078,71481,Jake Van der Heijden,Bucknell,0.0,0.0,0.0,1.0
4079,71483,Alex Timmerman,Bucknell,0.0,0.5714285714285714,0.0,1.0
4080,71484,Da'Shawn Phillip,Maryland Eastern Shore,0.6,0.36666666666666664,0.21428571428571427,0.8333333333333334
4081,71485,Kevon Voyles,Maryland Eastern Shore,0.0,0.42105263157894735,0.09090909090909091,0.8333333333333334
4082,71486,Paul Mulcahy,Rutgers,0.0,0.24,0.1,1.0
4083,71487,Jaden McDaniels,Washington,0.375,0.23684210526315788,0.2,0.6976744186046512
4084,71489,Jovan Blacksher Jr,Grand Canyon,0.0,0.13043478260869565,0.19444444444444445,0.5652173913043478
4085,71490,Jeremy Hamilton,Alabama St.,0.0,0.08333333333333333,0.25,0.8333333333333334
4086,71491,Nick MacDonald,Niagara,0.0,1.0,0.5,0.9696969696969697
4087,71493,Ethan Spry,Grand Canyon,0.0,0.0,0.0,1.0
4088,71494,Tremere Brown,Alabama A&M,1.0,0.3333333333333333,0.0,0.0
4089,71495,Brandon Battle,Alabama St.,0.8888888888888888,0.5238095238095238,0.42857142857142855,0.0
4090,71497,Kelton Edwards,Grambling St.,0.0,0.4117647058823529,0.4375,0.9090909090909091
4091,71498,Terreon Randolph,Grambling St.,0.75,0.32432432432432434,0.8,0.0
4092,71499,Brandon Kimble,Mississippi Valley St.,0.6666666666666666,0.3076923076923077,0.4375,1.0
4093,71500,Caleb Hunter,Mississippi Valley St.,0.0,0.1111111111111111,0.15789473684210525,0.5416666666666666
4094,71501,Jayden Reaves,Dartmouth,0.0,0.0,0.0,0.0
4095,71502,Trevell Cunningham,Grambling St.,0.0,0.23529411764705882,0.4,0.6666666666666666
4096,71503,Zahad Munford,Grambling St.,0.0,0.0,0.0,1.0
4097,71504,Tra'Michael Moton,Grambling St.,0.0,0.0,0.0,0.0
4098,71505,Richard Rivers Jr.,Mississippi Valley St.,0.0,0.0,0.625,0.9166666666666666
4099,71506,Ahmadu Sarnor,Mississippi Valley St.,0.0,0.3333333333333333,0.42857142857142855,0.7619047619047619
4100,71508,Cameron Brown,Saint Joseph's,0.5,0.5084745762711864,0.5,0.9230769230769231
4101,71509,Hyunjung Lee,Davidson,0.0,0.625,0.6,0.9
4102,71511,Miles Miller,Lipscomb,0.0,0.2857142857142857,0.18181818181818182,0.8823529411764706
4103,71512,David Kristensen,Davidson,1.0,0.8333333333333334,0.0,0.0
4104,71513,Drew Dibble,Davidson,0.0,0.0,1.0,1.0
4105,71514,Elijah Pepper,UC Davis,0.0,0.22727272727272727,0.25925925925925924,0.9230769230769231
4106,71517,Jordan Rawls,Western Kentucky,0.0,0.2,0.07142857142857142,0.71875
4107,71518,Tristan Green,Denver,0.6666666666666666,0.5625,0.0,1.0
4108,71519,John Tonje,Colorado St.,1.0,0.6153846153846154,0.0,1.0
4109,71521,Rudy Fitzgibbons III,The Citadel,0.0,0.058823529411764705,0.0,0.7419354838709677
4110,71522,Parker Weiss,Iona,0.0,0.0,0.0,0.0
4111,71523,Antwon Jackson,Arkansas St.,0.5,0.5,0.5,0.0
4112,71524,Fletcher Abee,The Citadel,0.0,0.7058823529411765,0.3333333333333333,0.8805970149253731
4113,71525,Dajuan Madden,Prairie View A&M,0.0,0.2857142857142857,0.2,0.0
4114,71526,Roscoe Eastmond,Denver,0.0,0.3333333333333333,0.1111111111111111,0.6
4115,71527,Mo Arnold,Jacksonville,0.0,0.1875,0.08333333333333333,0.631578947368421
4116,71528,Caleb Grill,Iowa St.,1.0,1.0,1.0,1.0
4117,71530,Trey Sides,Jacksonville,0.0,0.4,0.0,0.9411764705882353
4118,71531,Maceo Austin,Duquesne,1.0,0.5277777777777778,0.36363636363636365,0.92
4119,71533,Kevin Norman,Jacksonville,0.2,0.11538461538461539,0.30434782608695654,0.8333333333333334
4120,71534,Kamari Williams,Boston College,0.8,0.6666666666666666,0.0,1.0
4121,71535,Ashton Miller,Duquesne,0.0,0.2,0.0,1.0
4122,71537,"Gary Harris, Jr.",Siena,0.7692307692307693,0.6136363636363636,0.0,0.9285714285714286
4123,71538,Greg Milton III,Wyoming,0.0,0.2631578947368421,0.5,0.9375
4124,71539,Brendan McGuire,Quinnipiac,1.0,0.375,0.2,1.0
4125,71541,Ty Chisom,South Dakota,0.0,0.21052631578947367,0.0,1.0
4126,71542,Zion Richardson,Wofford,0.0,0.3333333333333333,1.0,1.0
4127,71543,Raequan Battle,Washington,1.0,0.5,0.25,0.8636363636363636
4128,71545,Isaiah Stewart,Washington,0.9615384615384616,0.6417910447761194,0.6037735849056604,1.0
4129,71546,Thatcher Stone,William & Mary,0.0,0.0,0.0,0.0
4130,71547,Xavier Cork,Western Carolina,0.7777777777777778,0.6122448979591837,0.6666666666666666,0.0
4131,71548,Ilija Stefanovic,Longwood,0.0,1.0,0.0,0.0
4132,71549,Darus Maddox,North Carolina A&T,1.0,0.42857142857142855,0.3333333333333333,1.0
4133,71551,Bernardo Da Silva,Hawaii,1.0,0.6774193548387096,0.75,0.0
4134,71553,Isaiah Ihnen,Minnesota,0.0,0.8333333333333334,1.0,1.0
4135,71557,Malcolm Dandridge,Memphis,0.9166666666666666,0.5151515151515151,1.0,0.0
4136,71558,John-Michael Mulloy,Butler,1.0,1.0,0.0,0.0
4137,71559,Ja'Vary Christmas,Idaho,0.6666666666666666,0.4,0.3333333333333333,0.8571428571428571
4138,71561,Lester Quinones,Memphis,0.0,0.53125,0.4,0.8611111111111112
4139,71563,Cobie Barnes,Indiana St.,1.0,0.6,0.5,1.0
4140,71568,Jordan Dingle,Penn,0.4,0.29310344827586204,0.0,0.7017543859649122
4141,71569,Keegan Records,Colgate,0.7,0.6557377049180327,0.5,1.0
4142,71571,Tevin Brewer,FIU,0.0,0.0,0.0,0.8
4143,71572,Max Martz,Penn,0.0,0.6086956521739131,0.3333333333333333,0.8611111111111112
4144,71573,Max Lorca-Lloyd,Penn,0.5,0.6666666666666666,0.0,0.0
4145,71574,Lucas Monroe,Penn,0.75,0.55,0.0,0.75
4146,71576,Quinten Post,Mississippi St.,0.0,0.0,0.0,1.0
4147,71577,Tyson Jackson,Middle Tennessee,0.7272727272727273,0.6,0.4117647058823529,0.0
4148,71578,Matt Van Komen,Utah,1.0,0.8571428571428571,0.0,0.0
4149,71581,Golden Dike,Loyola MD,0.8823529411764706,0.5822784810126582,0.0,0.0
4150,71583,Iverson Molinar,Mississippi St.,0.5,0.26666666666666666,0.19047619047619047,0.6923076923076923
4151,71584,Devin Butts,Mississippi St.,0.0,0.0,0.0,0.0
4152,71588,Lance Singh III,Delaware St.,1.0,0.6,0.2,0.7619047619047619
4153,71590,Zen Goodridge,Bethune Cookman,0.0,0.6666666666666666,0.0,0.0
4154,71592,Damani Thomas,Niagara,0.0,0.0,0.0,1.0
4155,71593,Brendan Quinlan-Huertas,High Point,0.0,0.0,0.0,0.0
4156,71597,Quincy Olivari,Rice,0.0,0.0,0.09090909090909091,0.8709677419354839
4157,71598,Skylar Chavez,Pepperdine,1.0,0.4782608695652174,0.5925925925925926,0.9454545454545454
4158,71599,Jan Zidek,Pepperdine,0.0,0.3333333333333333,0.875,1.0
4159,71601,Imajae Dodd,UNC Wilmington,0.7142857142857143,0.625,0.4444444444444444,0.0
4160,71602,Jake Boggs,UNC Wilmington,0.0,0.2857142857142857,0.125,0.9130434782608695
4161,71603,Sedrick Altman,Pepperdine,0.75,0.4666666666666667,0.36363636363636365,1.0
4162,71604,Lance Coleman II,Cal St. Northridge,0.0,1.0,0.43333333333333335,0.9142857142857143
4163,71606,Owen McCormack,Presbyterian,0.0,0.5263157894736842,0.25,1.0
4164,71607,Marlon Taylor,IU Indy,0.0,0.0,0.0,0.0
4165,71609,Jacob McIntosh,Maryland Eastern Shore,0.0,1.0,1.0,0.0
4166,71610,Tommy Bruner,USC Upstate,0.0,0.22033898305084745,0.08108108108108109,0.8823529411764706
4167,71612,Sydney Agudah,Little Rock,0.0,0.0,0.0,1.0
4168,71613,Khydarius Smith,USC Upstate,1.0,0.75,0.5,0.0
4169,71615,Grant Williams,Louisville,0.0,0.6666666666666666,0.0,0.0
4170,71617,Garrick Green,Coastal Carolina,1.0,0.4583333333333333,0.0,0.9714285714285714
4171,71618,Keishawn Brewton,Coastal Carolina,0.5,0.47619047619047616,0.36363636363636365,0.75
4172,71619,Lucas Kroft,Ball St.,0.0,0.0,0.0,1.0
4173,71620,Tristen Newton,East Carolina,0.0,0.2564102564102564,0.22580645161290322,0.8484848484848485
4174,71621,Sean Sutherlin,New Hampshire,0.14285714285714285,0.3157894736842105,0.08333333333333333,0.2857142857142857
4175,71622,Jake Harper,Duquesne,0.0,0.0,0.0,1.0
4176,71623,Brandon Suggs,East Carolina,0.5,0.6111111111111112,0.3076923076923077,1.0
4177,71624,Logan Curtis,East Carolina,0.0,0.0,0.0,0.6666666666666666
4178,71625,Wendell Moore Jr.,Duke,0.3333333333333333,0.23404255319148937,0.38461538461538464,0.75
4179,71626,Ben Hendriks,Ball St.,0.0,1.0,0.0,0.0
4180,71628,Vernon Carey Jr.,Duke,0.7021276595744681,0.6211180124223602,0.7,1.0
4181,71629,Edgars Kaufmanis,Texas A&M Corpus Chris,0.0,0.0,0.0,1.0
4182,71630,Trevin Dorius,Utah St.,0.7142857142857143,0.5,1.0,0.0
4183,71631,Jacob Groves,Eastern Washington,1.0,0.6666666666666666,0.5,1.0
4184,71632,Oscar Tshiebwe,West Virginia,0.5925925925925926,0.5154639175257731,0.8076923076923077,0.0
4185,71633,B. Artis White,Western Michigan,0.0,0.1111111111111111,0.3076923076923077,0.7333333333333333
4186,71634,Sean McNeil,West Virginia,0.0,0.6,0.2857142857142857,0.8275862068965517
4187,71636,Miles McBride,West Virginia,0.6,0.24242424242424243,0.2222222222222222,0.4583333333333333
4188,71638,D.J. Jeffries,Memphis,0.782608695652174,0.6415094339622641,0.3076923076923077,0.9375
4189,71640,Akrum Ahemed,Canisius,0.0,0.6,0.5,0.6666666666666666
4190,71641,Shayne Scruggs,North Carolina A&T,0.0,1.0,1.0,0.0
4191,71642,Jake Kyman,UCLA,0.0,0.3333333333333333,0.4117647058823529,0.9354838709677419
4192,71643,Drew Lowder,Holy Cross,0.0,0.05555555555555555,0.1111111111111111,0.6206896551724138
4193,71644,Harry Morrice,North Carolina A&T,0.6,0.7,0.6666666666666666,0.8333333333333334
4194,71645,Russell Jones,Winthrop,0.0,0.058823529411764705,0.0,0.8461538461538461
4195,71646,Jamal King,Winthrop,0.0,0.4,0.2857142857142857,0.9444444444444444
4196,71647,Alsean Evans,Little Rock,0.0,0.5,0.6666666666666666,0.0
4197,71648,Marko Lukic,Little Rock,0.0,0.7142857142857143,0.6,0.8571428571428571
4198,71649,Ralph Agee,San Jose St.,0.8888888888888888,0.5789473684210527,0.6666666666666666,1.0
4199,71651,Sean Jenkins,Presbyterian,0.0,0.42857142857142855,0.3333333333333333,0.9285714285714286
4200,71652,Luke Sutherland,Siena,0.0,0.0,0.0,1.0
4201,71654,Isaiah Lewis,Northern Arizona,1.0,0.4444444444444444,0.0,1.0
4202,71657,Sam Dunkum,Little Rock,0.0,0.0,1.0,0.0
4203,71658,Jonathan Dos Anjos,Loyola Marymount,0.5,0.5,0.5,1.0
4204,71659,Thomasi Gilgeous-Alexander,Evansville,0.0,0.0,0.0,1.0
4205,71660,Reilly Seebold,Loyola Marymount,0.0,0.0,0.0,1.0
4206,71662,Trever Irish,Long Beach St.,1.0,0.5,0.631578947368421,0.0
4207,71663,Jordan Brinson,UAB,0.0,0.25,0.2,1.0
4208,71664,Jarren McAllister,VCU,0.6666666666666666,0.5,0.5,0.5
4209,71665,Marcus Henderson,Evansville,0.0,0.0,0.0,0.9166666666666666
4210,71666,Arnold Henderson VI,VCU,0.0,0.0,0.0,1.0
4211,71667,Hason Ward,VCU,0.9,0.9259259259259259,0.6666666666666666,0.0
4212,71669,J.P. Robinson,Samford,0.0,0.14285714285714285,0.25,0.75
4213,71671,Tj Nagy,Wright St.,0.0,0.0,0.0,0.0
4214,71672,John-Michael Wright,High Point,0.0,0.2826086956521739,0.2894736842105263,0.92
4215,71673,Brenden Tucker,Charleston,0.0,0.16666666666666666,0.0,1.0
4216,71674,Trevon Reddish,Charleston,0.0,0.2857142857142857,0.6666666666666666,1.0
4217,71675,Dan Petcash,Binghamton,0.0,0.5,1.0,0.9
4218,71676,Justin Moore,Villanova,0.0,0.21428571428571427,0.18181818181818182,0.8524590163934426
4219,71677,Jarryd Hoppo,Southern Utah,0.0,0.0,0.0,0.875
4220,71678,Chris Arcidiacono,Villanova,0.0,0.0,0.0,1.0
4221,71679,Dane Quest,Tennessee Tech,0.0,0.2,0.4,1.0
4222,71681,C.j. Walker,Oregon,0.5555555555555556,0.5,0.3333333333333333,1.0
4223,71682,Chandler Lawson,Oregon,1.0,0.7209302325581395,0.75,1.0
4224,71683,Boo Buie,Northwestern,0.0,0.1951219512195122,0.041666666666666664,0.6774193548387096
4225,71684,Christian Ray,La Salle,0.0,0.5428571428571428,0.0,1.0
4226,71685,Roberto Gittens,UC Santa Barbara,0.0,0.5,0.0,0.0
4227,71686,A.J. Burch,Saint Francis,0.0,0.0,0.0,0.0
4228,71688,Deandre Wilkins,Wagner,0.5,0.6666666666666666,0.0,0.0
4229,71689,Bryce Johnson,New Hampshire,0.0,0.0,0.0,0.0
4230,71690,Noah Carter,Northern Iowa,1.0,0.5,0.0,0.9375
4231,71691,Romar Reid,Manhattan,0.0,0.0,1.0,0.6666666666666666
4232,71692,Adam Cisse,Manhattan,0.0,0.0,1.0,0.0
4233,71693,James Betz,Northern Iowa,0.0,0.5714285714285714,0.0,0.0
4234,71694,Luka Maziashvili,UMass Lowell,0.0,0.0,0.0,0.0
4235,71695,Filippos Gkogkos,Miami FL,0.0,0.0,0.0,0.0
4236,71697,Lenny Kadisha,Stony Brook,0.0,0.0,0.0,0.0
4237,71700,Cyrus Largie,Florida Gulf Coast,0.0,0.20833333333333334,0.0,1.0
4238,71704,Tre Williams,Indiana St.,1.0,0.7049180327868853,0.24324324324324326,0.0
4239,71705,Abood Abuissa,Sacred Heart,0.0,0.0,0.0,0.0
4240,71706,Jelly Walker,Tulane,0.0,0.3181818181818182,0.2,0.8888888888888888
4241,71707,Paxson Wojcik,Loyola Chicago,0.0,0.3333333333333333,0.0,1.0
4242,71708,Keith Clemons,Loyola Chicago,0.0,0.2916666666666667,0.3125,0.7222222222222222
4243,71709,Alec Zaccardo,Tulane,0.0,0.0,0.0,0.0
4244,71710,EJ Bellinger,Belmont,0.0,0.6666666666666666,0.0,1.0
4245,71712,Xaiver Armstead,Louisiana Tech,0.0,1.0,0.0,1.0
4246,71713,"Mario Mckinney, Jr.",Missouri,0.5,0.2,0.0,0.0
4247,71715,Tray Jackson,Missouri,0.7777777777777778,0.5882352941176471,0.3333333333333333,0.8333333333333334
4248,71716,Majesty Brandon,Canisius,0.0,0.34375,0.25,0.85
4249,71717,Prosper Obidiebube,Chattanooga,1.0,1.0,0.0,0.0
4250,71718,Joe Pridgen,Holy Cross,0.3333333333333333,0.26582278481012656,0.14285714285714285,0.9090909090909091
4251,71719,Grant Ledford,Chattanooga,0.0,0.5,0.0,1.0
4252,71721,DeMierre Black,Purdue Fort Wayne,0.0,0.15384615384615385,0.05,1.0
4253,71722,Mike Stone,Alabama St.,0.0,0.2857142857142857,1.0,0.0
4254,71723,Jason Holliday,Murray St.,0.0,0.0,1.0,1.0
4255,71724,Tyrese Robinson,Alabama St.,1.0,0.6363636363636364,0.5,1.0
4256,71725,Caleb Bellach,Montana St.,0.0,0.5,0.0,1.0
4257,71726,Vito Cubrilo,Northeastern,0.0,0.0,0.0,1.0
4258,71727,Sam Freeman,Minnesota,1.0,1.0,0.0,0.0
4259,71728,Vincent Miszkiewicz,Incarnate Word,0.6923076923076923,0.6122448979591837,0.47368421052631576,0.0
4260,71729,Isaiah Powell,Vermont,0.0,0.6666666666666666,0.2,0.75
4261,71730,Jubrile Belo,Montana St.,0.8518518518518519,0.6822429906542056,0.5,0.0
4262,71731,Tyson Walker,Northeastern,0.0,0.14705882352941177,0.23809523809523808,0.6285714285714286
4263,71732,Dakota Rivers,Florida Gulf Coast,0.8947368421052632,0.8620689655172413,0.6666666666666666,1.0
4264,71733,Qwanzi Samuels,Florida Gulf Coast,0.0,0.3333333333333333,0.6,1.0
4265,71734,Jalen Harper,Florida Gulf Coast,0.0,0.2857142857142857,0.0,0.3333333333333333
4266,71735,Brycen Goodine,Syracuse,0.0,0.3333333333333333,0.16666666666666666,0.6666666666666666
4267,71736,Quincy Guerrier,Syracuse,0.8,0.5483870967741935,0.3333333333333333,1.0
4268,71737,Joseph Girard III,Syracuse,0.0,0.13333333333333333,0.10810810810810811,0.6857142857142857
4269,71739,Maks Klanjscek,UMKC,0.0,0.0,0.5,0.8333333333333334
4270,71740,Franck Kamgain,UMKC,0.0,0.17647058823529413,0.0,0.875
4271,71741,Chase Adams,Portland,0.0,0.07142857142857142,0.05,0.6666666666666666
4272,71742,Quincy Ferebee,Portland,0.0,0.05555555555555555,0.16666666666666666,1.0
4273,71744,Jaren English,St. Bonaventure,0.2,0.21568627450980393,0.3333333333333333,0.9090909090909091
4274,71746,Sam Gagliardi,Florida Gulf Coast,0.0,0.6666666666666666,0.0,0.8888888888888888
4275,71747,Zion Williams,UMKC,0.0,0.38461538461538464,0.0,0.75
4276,71748,Jesse Edwards,Syracuse,0.8,0.875,1.0,0.0
4277,71750,Fred Rullo,Delaware,0.0,0.0,0.0,0.0
4278,71751,Max Abmas,Oral Roberts,0.0,0.25,0.2857142857142857,0.9
4279,71752,Matt Frost,Purdue,0.0,1.0,0.0,0.0
4280,71753,Elijah Lufile,Oral Roberts,0.6,0.39473684210526316,0.5,0.0
4281,71754,Jonathan Jackson,Prairie View A&M,1.0,0.47619047619047616,0.625,0.0
4282,71755,Danario Edgar II,Prairie View A&M,0.0,0.0,0.0,0.0
4283,71756,Sean Houpt,Bradley,0.0,0.0,0.0,1.0
4284,71757,Joshua Hightower,Saint Louis,0.0,0.75,0.0,0.0
4285,71759,Chase Coleman,Virginia,0.0,0.0,0.0,1.0
4286,71760,Mark Carter,Alcorn St.,1.0,0.5555555555555556,1.0,0.0
4287,71761,Dominic Brewton,Alcorn St.,0.3333333333333333,0.21875,0.21052631578947367,0.6
4288,71762,Arne Morris,Alcorn St.,0.0,0.13333333333333333,0.0,1.0
4289,71763,Edrick Alsworth,Alcorn St.,0.0,0.0,1.0,0.0
4290,71764,Tre Armstrong,Cal Baptist,0.0,0.2,0.25,1.0
4291,71765,Reed Nottage,Cal Baptist,0.0,0.25,1.0,1.0
4292,71767,Sam Hofman,Detroit Mercy,0.0,0.6666666666666666,1.0,1.0
4293,71768,Tyson Etienne,Wichita St.,1.0,0.375,0.2857142857142857,0.9193548387096774
4294,71769,Deantoni Gordon,Wichita St.,0.0,0.3333333333333333,1.0,0.0
4295,71771,Darin Green Jr.,UCF,0.8333333333333334,0.4117647058823529,0.5,0.9411764705882353
4296,71772,Will Keller,Southern Illinois,0.0,0.0,0.0,1.0
4297,71773,Ibrahim Famouke Doumbia,UCF,1.0,0.8888888888888888,0.4,0.0
4298,71774,Harwin Francois,Southern Illinois,0.0,0.5,0.5,0.9705882352941176
4299,71775,Oscar Lopez Jr.,DePaul,0.0,0.25,0.0,0.0
4300,71776,Benson Lin,Bryant,0.0,0.5217391304347826,0.38461538461538464,0.9411764705882353
4301,71777,T.J. Bickerstaff,Drexel,0.6666666666666666,0.5128205128205128,0.4444444444444444,0.0
4302,71778,Mate Okros,Drexel,0.0,0.6,0.25,1.0
4303,71779,Kameron Hankerson,Green Bay,0.5555555555555556,0.34375,0.3888888888888889,0.8974358974358975
4304,71780,Ayo Dada,Bryant,0.0,0.0,0.0,1.0
4305,71781,BJ Simmons,Idaho,0.0,0.0,0.09090909090909091,0.6
4306,71782,Hunter McIntosh,Elon,0.0,0.3157894736842105,0.10714285714285714,0.7971014492753623
4307,71783,Gabe Quinnett,Idaho,0.0,1.0,0.375,1.0
4308,71784,Andrew Muse,Appalachian St.,0.0,0.0,0.0,0.0
4309,71785,Davis Guyton,The Citadel,0.0,0.0,0.0,0.0
4310,71786,Patrick McCaffery,Iowa,1.0,0.5,0.0,0.0
4311,71787,Owen McGlashan,Denver,0.0,0.0,0.0,1.0
4312,71788,DeWayne Cox,Prairie View A&M,0.0,0.5294117647058824,0.0,1.0
4313,71789,Bryant Greene,Appalachian St.,0.0,0.0,0.0,0.0
4314,71791,Hosana Kitenge,Coastal Carolina,1.0,0.36666666666666664,0.25,0.0
4315,71795,Deshawndre Washington,Robert Morris,0.0,0.0,0.0,0.0
4316,71796,DJ Russell,Robert Morris,0.0,0.75,1.0,0.0
4317,71797,Olisa Ngonadi,Robert Morris,0.0,0.0,0.0,0.0
4318,71798,Jalen Hawkins,Robert Morris,0.5,0.46938775510204084,0.1,1.0
4319,71800,Mikael Jantunen,Utah,0.75,0.7638888888888888,1.0,1.0
4320,71803,Cam Spencer,Loyola MD,0.0,0.45454545454545453,0.42857142857142855,0.85
4321,71804,Alfonso Plummer,Utah,0.0,0.21428571428571427,0.15384615384615385,0.9
4322,71808,Branden Carlson,Utah,0.7567567567567568,0.6666666666666666,0.9166666666666666,1.0
4323,71809,Perry Cowan,Brown,0.0,0.42857142857142855,0.5,1.0
4324,71810,D.J. Carton,Ohio St.,0.625,0.19444444444444445,0.14285714285714285,0.9166666666666666
4325,71811,Meekness Payne,New Hampshire,0.0,0.0,1.0,0.0
4326,71812,Dan Friday,Brown,1.0,0.3181818181818182,0.0,0.8333333333333334
4327,71814,Eric Coleman Jr.,High Point,0.0,0.3870967741935484,0.3333333333333333,0.896551724137931
4328,71816,Alonzo Gaffney,Ohio St.,1.0,0.9090909090909091,0.0,1.0
4329,71818,Jamir Thomas,Youngstown St.,0.5,0.5135135135135135,0.3333333333333333,0.0
4330,71819,Jerrod Rigby,Southern Miss,0.0,0.0,0.0,0.0
4331,71820,Enrique Freeman,Akron,0.0,0.0,0.0,0.0
4332,71822,Julius Dixon,Morehead St.,0.0,0.3333333333333333,0.0,0.8888888888888888
4333,71823,Ta'lon Cooper,Morehead St.,0.0,0.21428571428571427,0.46153846153846156,0.9259259259259259
4334,71825,Grant Sherfield,Wichita St.,0.5,0.15625,0.05,0.5
4335,71826,David McCoy,Southern Miss,0.0,0.0,0.0,0.0
4336,71828,Marek Welsch,Jacksonville St.,0.0,0.2,0.0,0.8461538461538461
4337,71829,LJ Bryan,Morehead St.,0.0,0.6666666666666666,0.4,0.0
4338,71830,Tyzhaun Claude,Morehead St.,0.7941176470588235,0.6020408163265306,0.6666666666666666,0.0
4339,71831,Ques Glover,Florida,0.0,0.28,0.1111111111111111,0.8181818181818182
4340,71833,Kwane Marble II,Wyoming,0.0,0.2708333333333333,0.2222222222222222,0.8421052631578947
4341,71834,Jacob Sowers,Georgia Southern,0.0,0.0,0.0,0.0
4342,71836,Harminder Dhaliwal,San Jose St.,0.0,0.0,0.0,0.0
4343,71838,Alec Woodard,Austin Peay,0.0,0.75,0.4444444444444444,0.9230769230769231
4344,71841,Erik Czumbel,UTSA,0.0,0.3333333333333333,0.5,0.9642857142857143
4345,71842,Makani Whiteside,UTSA,0.0,0.3333333333333333,0.0,1.0
4346,71843,Olivier Nkamhoua,Tennessee,0.7142857142857143,0.5666666666666667,0.75,1.0
4347,71844,Chase Berry,Boise St.,0.0,0.0,0.0,0.0
4348,71845,Jordan Skipper-Brown,Eastern Illinois,0.7714285714285715,0.6229508196721312,0.5625,0.0
4349,71846,O'Neil McBride,Clemson,0.0,0.0,0.0,0.0
4350,71847,Christian Wilson,Longwood,1.0,0.42857142857142855,0.14285714285714285,0.9375
4351,71848,Coryon Mason,Abilene Christian,0.3333333333333333,0.3488372093023256,0.058823529411764705,0.8823529411764706
4352,71849,Deang Deang,Eastern Illinois,0.0,0.42857142857142855,0.2,0.875
4353,71850,George Dixon,Eastern Illinois,0.625,0.46464646464646464,0.36363636363636365,0.6666666666666666
4354,71851,Keondre Kennedy,UMBC,0.0,0.16,0.0,0.8125
4355,71852,Allan Jeanne-Rose,Fairfield,0.8,0.2857142857142857,0.5,1.0
4356,71853,Takori Rooks,Pacific,0.0,0.0,1.0,1.0
4357,71855,George Tinsley,Binghamton,0.0,0.4418604651162791,0.42857142857142855,0.9259259259259259
4358,71856,Jordan Hairston,Texas A&M Corpus Chris,0.0,0.2727272727272727,0.41935483870967744,0.92
4359,71858,Amadou Sylla,Tennessee Tech,0.8,0.723404255319149,0.5714285714285714,1.0
4360,71859,Joel Brown,California,0.0,0.2222222222222222,0.0,0.875
4361,71860,Aristotelis Sotiriou,Texas A&M Corpus Chris,0.0,0.0,0.0,0.0
4362,71861,Jeremiah Robinson-Earl,Villanova,0.875,0.5333333333333333,0.9411764705882353,0.9523809523809523
4363,71862,Ador Athuai,Binghamton,0.0,0.0,1.0,0.0
4364,71863,Kenan Blackshear,Florida Atlantic,0.0,0.3333333333333333,0.18181818181818182,1.0
4365,71864,Dadou Traore,Louisiana Monroe,0.6666666666666666,0.8,0.0,0.0
4366,71865,Davonte Gaines,Tennessee,1.0,0.5384615384615384,0.0,1.0
4367,71866,Angel Smith,Southern Miss,0.0,0.0,0.0,1.0
4368,71867,Kayne Henry,Jacksonville St.,0.4,0.45,0.6111111111111112,0.8421052631578947
4369,71868,Martin Roub,Jacksonville St.,0.0,0.42857142857142855,0.875,1.0
4370,71870,Hunter Dean,Southern Miss,1.0,1.0,1.0,0.0
4371,71871,Auston Leslie,Southern Miss,1.0,1.0,0.3333333333333333,1.0
4372,71872,Artur Konontsuk,Southern Miss,0.0,0.7222222222222222,0.46153846153846156,0.9047619047619048
4373,71873,Jay Malone,Southern Miss,0.0,0.0,0.14285714285714285,0.5833333333333334
4374,71875,Jaxon Etter,Georgia,0.0,0.0,0.0,0.0
4375,71877,Anthony Edwards,Georgia,0.5555555555555556,0.38202247191011235,0.1891891891891892,0.4782608695652174
4376,71878,Jaykwon Walton,Georgia,1.0,1.0,1.0,1.0
4377,71880,Rodney Howard,Georgia,1.0,0.7777777777777778,0.25,0.0
4378,71881,Stan Turnier,Georgia,0.0,0.0,0.0,0.0
4379,71882,Casey Morsell,Virginia,0.5,0.3157894736842105,0.08333333333333333,0.9333333333333333
4380,71884,Ebby Asamoah,Delaware,0.0,0.0,0.0,1.0
4381,71885,Harlond Beverly,Miami FL,0.5714285714285714,0.16071428571428573,0.26666666666666666,0.7857142857142857
4382,71886,Tyler Robertson,Eastern Washington,0.0,0.8333333333333334,0.5,1.0
4383,71888,John McCoy,Delaware,0.0,0.5263157894736842,0.25,0.8461538461538461
4384,71889,Isaiah Wong,Miami FL,0.6666666666666666,0.21951219512195122,0.05263157894736842,0.631578947368421
4385,71891,Sammy Hunter,Mississippi,1.0,0.6470588235294118,0.6363636363636364,1.0
4386,71892,Chase Barrs,Western Michigan,0.0,0.75,0.5,0.0
4387,71897,Quinton Brigham,Texas Southern,0.5,0.4,0.3333333333333333,0.6
4388,71898,Cooper Bybee,Indiana,0.0,0.0,0.0,1.0
4389,71899,Kahlil Whitney,Kentucky,0.6666666666666666,0.5833333333333334,0.42857142857142855,0.75
4390,71900,Tyrese Maxey,Kentucky,0.5714285714285714,0.19718309859154928,0.17391304347826086,0.9090909090909091
4391,71901,Johnny Juzang,Kentucky,0.0,0.4,0.5,0.9285714285714286
4392,71904,Will Baker,Texas,0.5,0.4,0.3333333333333333,0.6666666666666666
4393,71905,Kai Jones,Texas,0.7272727272727273,0.6785714285714286,0.3333333333333333,1.0
4394,71906,Donovan Williams,Texas,0.25,0.2,0.0,0.7
4395,71907,Jared Wulbrun,Purdue,0.0,0.0,0.0,1.0
4396,71908,Jalen Windham,Creighton,0.0,1.0,0.5,1.0
4397,71909,Nic Zeil,Creighton,0.0,1.0,0.0,0.0
4398,71910,Dimitrios Klonaras,California,0.0,0.0,0.5,1.0
4399,71911,Emmanuel Onuama,Columbia,1.0,1.0,0.0,0.0
4400,71912,Shereef Mitchell,Creighton,0.0,0.21052631578947367,0.5454545454545454,0.75
4401,71913,Asa Shannon,Columbia,0.0,0.0,0.0,1.0
4402,71914,Cameron Shockley-Okeke,Columbia,0.0,0.3333333333333333,0.0,1.0
4403,71915,Nick Stampley,Troy,1.0,0.6470588235294118,0.4,1.0
4404,71916,Eddie Turner III,Columbia,0.0,0.0,0.25,1.0
4405,71917,Anzac Rissetto,Charlotte,0.0,0.5,0.0,0.0
4406,71918,Joel Soriano,Fordham,1.0,0.6285714285714286,0.36,0.0
4407,71919,DJ Horne,Illinois St.,0.0,0.21428571428571427,0.05714285714285714,0.7608695652173914
4408,71920,Christian Braun,Kansas,0.3333333333333333,0.4375,0.16666666666666666,0.6129032258064516
4409,71923,Tristan Enaruna,Kansas,1.0,0.42857142857142855,0.5,0.8571428571428571
4410,71924,Javin Etzler,Miami OH,0.0,0.0,0.0,1.0
4411,71925,Jalen Wilson,Kansas,0.0,0.0,0.0,0.0
4412,71926,Dae Dae Grant,Miami OH,0.0,0.0,0.08108108108108109,0.6666666666666666
4413,71927,Michael Jankovich,Kansas,0.0,0.0,0.0,1.0
4414,71928,PJ Henry,Hartford,0.0,0.21052631578947367,0.3333333333333333,0.5
4415,71929,Kenyon Duling,SIU Edwardsville,0.0,0.38461538461538464,0.375,0.8695652173913043
4416,71930,Evan Morrison,Southeast Missouri St.,0.0,0.0,1.0,0.5
4417,71931,Jahcobi Neath,Wake Forest,0.0,0.28125,0.1,0.8333333333333334
4418,71933,Joe Toussaint,Iowa,0.0,0.1111111111111111,0.0,0.9090909090909091
4419,71935,Tommy Dempsey,Providence,0.0,0.0,0.0,1.0
4420,71937,Collin Cooper,Central Arkansas,0.0,0.0,0.0,0.8181818181818182
4421,71938,Arturro Bingham,Milwaukee,1.0,1.0,0.0,1.0
4422,71939,Derrick Carter-Hollinger,Montana,0.875,0.4473684210526316,0.5405405405405406,1.0
4423,71941,Dischon Thomas,Colorado St.,1.0,0.6,0.625,1.0
4424,71942,Sawyer Stoltz,IU Indy,0.0,0.0,0.0,0.0
4425,71943,Dq Nicholas,Southeast Missouri St.,0.0,0.28125,0.25,0.8888888888888888
4426,71945,Broc Finstuen,Pacific,0.5,0.3548387096774194,0.45454545454545453,0.9166666666666666
4427,71946,Ian Lee,Howard,0.0,0.4,0.0,0.875
4428,71950,Emmanuel Bandoumel,SMU,0.8888888888888888,0.45161290322580644,0.5,0.9565217391304348
4429,71953,Liwayne Richardson,Howard,0.25,0.36363636363636365,1.0,0.0
4430,71954,Wayne Bristol Jr.,Howard,0.3333333333333333,0.3783783783783784,0.3958333333333333,0.96
4431,71958,Ajang Aguek,Northern Arizona,0.0,0.7142857142857143,1.0,1.0
4432,71960,Tyrek Williams,Troy,0.0,0.2857142857142857,0.3333333333333333,0.6666666666666666
4433,71962,Jitaurious Gordon,Troy,0.0,0.3157894736842105,0.3333333333333333,0.7254901960784313
4434,71963,Jahmir Young,Charlotte,1.0,0.3103448275862069,0.15384615384615385,0.8085106382978723
4435,71965,Jordan Preaster,Bethune Cookman,0.25,0.045454545454545456,0.2222222222222222,0.8571428571428571
4436,71967,Isiah Kirby,Southeastern Louisiana,0.0,0.38461538461538464,0.125,0.6666666666666666
4437,71968,Ahmard Harvey,Coastal Carolina,1.0,0.4444444444444444,0.0,0.0
4438,71969,James Edwards,Southern,0.0,1.0,0.0,0.0
4439,71970,Caleb Dawkins,Norfolk St.,0.0,0.0,1.0,1.0
4440,71972,Travion McCray,Western Carolina,0.0,0.4375,0.5,0.76
4441,71973,Jalen Benjamin,UAB,0.0,0.09523809523809523,0.14285714285714285,0.7021276595744681
4442,71975,Tyler Harris,Western Carolina,1.0,0.6774193548387096,0.125,1.0
4443,71977,Sentwali Nalls,Kent St.,0.0,0.0,0.0,1.0
4444,71979,Greg Dolan,Cornell,0.0,0.4,0.0,0.9230769230769231
4445,71980,Malik McCrimmon,Western Carolina,0.0,0.0,0.0,1.0
4446,71981,Sam DeVault,Austin Peay,0.0,1.0,0.0,1.0
4447,71982,Marcus Tsohonis,Washington,0.0,0.09090909090909091,0.0,0.7619047619047619
4448,71983,Jordan Richeson,VMI,0.0,0.0,0.0,0.0
4449,71984,Isaiah Palermo,Little Rock,0.3333333333333333,0.5714285714285714,0.5,0.8571428571428571
4450,71985,Tyler Witz,North Dakota St.,0.0,0.625,0.7,0.0
4451,71987,Pierre Crockrell II,Pacific,0.0,0.125,0.10810810810810811,0.0
4452,71988,Cameron Tucker,Alabama A&M,0.0,0.22916666666666666,0.125,0.875
4453,71989,Kamdyn Curfman,VMI,0.0,0.7058823529411765,0.5454545454545454,0.8266666666666667
4454,71990,Jalen Johnson,Alabama A&M,1.0,0.5128205128205128,0.7083333333333334,0.0
4455,71994,Douglas Wilson,South Dakota St.,0.8157894736842105,0.48044692737430167,0.1875,0.0
4456,71995,Tory San Antonio,Cal St. Fullerton,0.0,0.6,1.0,0.8888888888888888
4457,71996,Baylor Scheierman,South Dakota St.,0.5,0.23076923076923078,0.1,0.7368421052631579
4458,71997,RayJ Dennis,Boise St.,0.0,0.16666666666666666,0.0,0.7647058823529411
4459,71998,Noah Freidel,South Dakota St.,0.4,0.21621621621621623,0.09090909090909091,0.8307692307692308
4460,71999,Josiah-Jordan James,Tennessee,0.6666666666666666,0.3888888888888889,0.3333333333333333,0.8620689655172413
4461,72000,Anthony Bratton,UT Rio Grande Valley,0.625,0.5238095238095238,0.8125,0.0
4462,72001,Drew Pember,Tennessee,0.0,0.5,1.0,1.0
4463,72002,Mahki Morris,Abilene Christian,0.0,0.8,0.0,0.6
4464,72003,Marvin Johnson,Eastern Illinois,0.6153846153846154,0.38461538461538464,0.16666666666666666,0.7777777777777778
4465,72004,Chris Maidoh,Fairfield,0.65,0.48484848484848486,0.45454545454545453,0.5
4466,72005,Jamison Overton,Utah Valley,0.4444444444444444,0.5609756097560976,0.4642857142857143,1.0
4467,72006,Airion Simmons,Abilene Christian,0.0,0.3103448275862069,0.375,0.9166666666666666
4468,72008,Nathan Johnson,UMBC,0.0,1.0,1.0,0.0
4469,72009,Ben Krikke,Valparaiso,0.7142857142857143,0.5660377358490566,0.7,1.0
4470,72012,Jordan Coffin,East Tennessee St.,0.0,0.0,0.0,0.0
4471,72013,Victor Okafor,Morgan St.,1.0,0.6,0.0,0.0
4472,72015,Lagio Grantsaan,Morgan St.,1.0,0.6521739130434783,0.5,0.9090909090909091
4473,72016,Jack Sorenson,American,0.0,0.0,0.0,0.0
4474,72017,Isaiah Garcia,UT Rio Grande Valley,0.0,0.0,0.0,1.0
4475,72018,Jared Barnett,San Diego St.,0.0,0.0,0.0,0.0
4476,72020,Truman Moore,McNeese St.,1.0,0.7272727272727273,0.0,0.0
4477,72021,Tanner Holden,Wright St.,0.7777777777777778,0.5148514851485149,0.35714285714285715,1.0
4478,72022,Ravel Moody,Tennessee St.,0.0,0.2727272727272727,0.0,1.0
4479,72025,Chris Orlina,McNeese St.,0.0,0.2,0.0,1.0
4480,72026,Bryson Langdon,Northern Kentucky,0.0,0.07142857142857142,0.09090909090909091,0.9230769230769231
4481,72028,Lance Terry,Gardner Webb,0.0,0.0,0.0,0.9
4482,72029,Chris Harris,Southeast Missouri St.,0.0,0.0,0.0,1.0
4483,72030,Devontae Lane,Central Michigan,0.0,0.16666666666666666,0.07142857142857142,0.6666666666666666
4484,72031,Travon Broadway,Central Michigan,0.6666666666666666,0.20588235294117646,0.3333333333333333,0.9
4485,72033,Davis Steelman,UT Arlington,0.0,0.6666666666666666,0.8,1.0
4486,72035,Sam Griffin,UT Arlington,0.0,0.5,0.29411764705882354,0.86
4487,72037,Coleman Sparling,UT Arlington,0.0,0.46153846153846156,0.3333333333333333,1.0
4488,72038,Jarvis Vaughan,Monmouth,0.0,0.6,1.0,0.0
4489,72039,Nicolas Elame,UT Arlington,0.0,0.4,0.14285714285714285,1.0
4490,72041,Kenny Foster,Wyoming,0.6666666666666666,0.5652173913043478,0.3333333333333333,1.0
4491,72042,Chris Mann,Army,0.5,0.65,0.0,1.0
4492,72043,Carlos Paez,Austin Peay,0.0,0.058823529411764705,0.3333333333333333,0.9629629629629629
4493,72045,Sean Bairstow,Utah St.,1.0,0.8,0.0,1.0
4494,72046,Kuba Karwowski,Utah St.,1.0,0.9,0.0,0.0
4495,72047,John Olmsted,Arizona St.,0.0,0.0,0.0,0.0
4496,72048,Khalid Thomas,Arizona St.,0.0,0.3333333333333333,0.6666666666666666,1.0
4497,72049,Antavion Collum,Mississippi,0.0,0.0,0.75,1.0
4498,72050,Michael Isler,Presbyterian,0.8,0.5333333333333333,0.2727272727272727,0.0
4499,72051,Zeb Graham,Presbyterian,0.0,0.1,0.0,0.5833333333333334
4500,72053,Carrington McCaskill,Florida Atlantic,1.0,1.0,1.0,0.0
4501,72054,D.J. Robertson,Florida Atlantic,0.0,0.0,0.0,1.0
4502,72055,Dou Gueye,Louisiana,0.75,0.3404255319148936,0.23076923076923078,0.8333333333333334
4503,72056,Chris Spenkuch,Louisiana,1.0,0.5,1.0,0.0
4504,72057,Reggie James,Coppin St.,0.42857142857142855,0.3684210526315789,0.5,0.875
4505,72058,Mike Peake,Georgia,0.8,0.47058823529411764,1.0,0.0
4506,72059,Nick Ongenda,DePaul,0.4,0.44,1.0,0.0
4507,72061,Josh Colon,Fordham,0.0,0.041666666666666664,0.0,0.8
4508,72062,Malik Battle,Charleston Southern,0.0,1.0,0.6363636363636364,1.0
4509,72064,Matt Kormylo,Charleston Southern,0.0,0.3333333333333333,0.0,0.0
4510,72066,Justin Huelskamp,TCU,0.0,0.0,0.0,0.0
4511,72069,Sam Baker,McNeese St.,1.0,1.0,1.0,0.84
4512,72070,Charlie Easley,Nebraska,0.0,0.45454545454545453,0.0,1.0
4513,72073,Jervay Green,Nebraska,0.8,0.42592592592592593,0.0,0.7741935483870968
4514,72075,Carlos Marshall Jr,Tennessee St.,0.0,0.17391304347826086,0.08823529411764706,0.84
4515,72078,Cam Mack,Nebraska,0.5,0.19696969696969696,0.1111111111111111,0.627906976744186
4516,72082,Balsa Koprivica,Florida St.,0.875,0.6511627906976745,0.75,0.0
4517,72083,KJ Johnson,Lipscomb,1.0,0.13846153846153847,0.08333333333333333,0.8518518518518519
4518,72084,Patrick Williams,Florida St.,0.64,0.41509433962264153,0.11538461538461539,0.875
4519,72085,Xavier Johnson,George Mason,0.0,0.20754716981132076,0.0,0.9230769230769231
4520,72086,Edra Luster,East Carolina,0.0,0.0,0.0,0.0
4521,72087,Stephen Beattie,Penn St.,0.0,0.0,0.0,1.0
4522,72088,Codey Bates,Austin Peay,0.0,0.0,0.0,1.0
4523,72089,Bradley Kitchen,Utah Valley,0.0,0.0,0.0,0.0
4524,72090,Anthony Rego,Cleveland St.,0.0,0.0,0.0,0.0
4525,72091,Aria Eskandari,Cleveland St.,0.0,0.0,0.0,1.0
4526,72092,Jeremy Sanchez,Cleveland St.,0.0,0.5454545454545454,0.3333333333333333,0.0
4527,72095,Bryce Rewalt,New Mexico St.,0.0,0.0,0.0,1.0
4528,72096,Bobby Miller,Kennesaw St.,0.0,0.0,0.0,0.5
4529,72097,Carlo Marble,Chicago St.,0.0,0.25,0.5,1.0
4530,72098,Jace Colley,Chicago St.,0.7142857142857143,0.46875,0.5714285714285714,1.0
4531,72099,Solomon Hunt,Chicago St.,1.0,0.6226415094339622,0.16666666666666666,0.0
4532,72100,Amir Gholizadeh,Chicago St.,0.0,0.3333333333333333,0.2222222222222222,0.7241379310344828
4533,72101,Isaiah Lewis,Chicago St.,0.0,0.25,0.0,0.36363636363636365
4534,72102,Ke'Sean Davis,Chicago St.,0.75,0.6206896551724138,0.4,0.875
4535,72103,Xavier Johnson,Chicago St.,0.0,0.1111111111111111,0.25,0.7297297297297297
4536,72104,Kalil Whitehead,Chicago St.,1.0,0.5454545454545454,0.0,0.0
4537,72106,Rajeir Jones,Chicago St.,0.0,0.5,0.42857142857142855,0.7777777777777778
4538,72107,Andrew Lewis,Chicago St.,1.0,0.26666666666666666,0.25,0.6666666666666666
4539,72108,Byron Breland III,NJIT,1.0,0.38461538461538464,0.0,1.0
4540,72110,RJ Forbes,Hampton,0.0,0.0,0.0,0.0
4541,72111,Qudus Wahab,Georgetown,0.8421052631578947,0.7,0.7,0.0
4542,72112,Timothy Ighoefe,Georgetown,1.0,0.4,0.0,0.0
4543,72113,Chuma Azinge,Georgetown,0.0,0.0,0.0,0.0
4544,72114,Myron Gardner,Georgetown,0.0,0.5,0.5,0.0
4545,72122,Devin Nicholson,LIU,0.0,0.0,0.0,1.0
4546,72127,Deven Palmer,North Carolina Central,0.5,0.4090909090909091,0.0,0.9354838709677419
4547,72128,Kobby Ayetey,North Carolina Central,0.0,0.5714285714285714,1.0,1.0
4548,72129,Xavier McCoy,North Carolina Central,0.0,0.0,0.0,0.0
4549,72130,Joshua Dawkins,North Carolina Central,0.0,0.0,0.0,0.0
4550,72135,Michael Quinn,Boston University,0.0,0.0,0.0,0.0
4551,72137,Braelee Albert,Vanderbilt,0.0,0.0,0.0,1.0
4552,72138,Drew Weikert,Vanderbilt,0.0,0.0,0.0,0.0
4553,72141,Jalen Milner,Coastal Carolina,0.0,0.0,0.0,1.0
4554,72142,Keon Sellers,Indiana St.,0.0,0.0,0.0,0.0
4555,72143,Ben Jordan,Kentucky,0.0,0.0,0.0,0.0
4556,72145,Jared Becker,Dayton,1.0,1.0,0.0,0.0
4557,72146,Mike Melvin,North Carolina Central,0.0,0.07692307692307693,0.16666666666666666,0.5
4558,72147,John Stansbury,Delaware St.,0.6666666666666666,0.3548387096774194,0.0,0.8
4559,72148,Omari Peek-Green,Delaware St.,0.0,0.20833333333333334,0.0,0.9117647058823529
4560,72149,Drew Swerlein,Dayton,0.0,0.0,0.0,0.0
4561,72152,Tarkan Taboglu,Boston University,0.0,0.0,0.0,0.0
4562,72154,Leroy Moore,Delaware St.,0.0,0.25,1.0,0.5
4563,72157,James Saunders,Denver,0.0,0.0,0.0,1.0
4564,72158,Ja'Mare Redus,Texas Southern,0.0,0.06666666666666667,0.0,0.0
4565,72159,Matt Palumbo,Virginia,0.0,0.0,0.0,0.0
4566,72160,Garon Jones,Howard,0.0,0.5,0.0,1.0
4567,72164,Will Graves,Gonzaga,0.0,0.0,0.0,1.0
4568,72165,Cleveland Yates,Florida St.,0.0,0.0,0.0,0.0
4569,72167,Wells Hoag,Clemson,0.0,0.0,0.0,1.0
4570,72175,EJ Perry,Brown,0.0,0.0,0.0,0.0
4571,72180,Jon Jossell,Vanderbilt,0.0,0.0,0.0,0.0
4572,72183,Eddie Ionescu,Oregon,0.0,0.0,0.0,0.0
4573,72194,Daniel Giannosa,Portland St.,0.0,0.0,0.0,0.0
4574,72196,Delis Boggs,Gardner Webb,0.0,0.0,0.0,0.0
4575,72197,Trey Gross,Delaware St.,0.0,0.3684210526315789,0.4,0.0
4576,72202,Gregory Cross,Towson,0.0,0.0,0.0,0.0
4577,72203,Mikal Dawson,Akron,0.0,0.5,0.0,0.0
4578,72204,Jaylon Williams,Louisiana,0.0,0.0,0.0,1.0
4579,72205,Santiago Vescovi,Tennessee,0.0,0.1,0.2857142857142857,0.9166666666666666
4580,72206,Zach Pina,Georgia St.,0.0,0.0,0.0,0.0
4581,72207,Jemar Lincoln,Georgia Southern,0.0,0.0,0.0,0.0
4582,72208,Tahj-Malik Campbell,Morgan St.,0.0,0.5,0.5,1.0
4583,72210,Christopher Sutherland,Florida,0.0,0.0,0.0,0.0
4584,72211,Jareed Scott,Prairie View A&M,0.0,0.0,1.0,0.0
4585,72212,Jaxon Woodward,Idaho,0.0,0.0,0.0,0.0
4586,72214,Dacari Taylor,Florida A&M,0.0,0.0,0.0,0.0
4587,72215,Sammy Nelson,Tennessee St.,0.0,0.0,0.0,0.0
4588,72217,Thomas Lee,Jackson St.,0.0,0.0,0.0,1.0
4589,72218,Mariano Baldon,Niagara,0.0,0.0,0.0,0.0
4590,72219,Dominique Kennedy,Northwestern St.,0.0,0.0,0.0,0.0
4591,72223,Trace Arbuckle,Vanderbilt,0.0,0.0,0.0,0.0
