,pid,player,team,dunkasst,rimasst,midasst,3Passt
0,37479,Troy Holston,Morgan St.,0.0,0.0,0.0,1.0
1,39014,Isaiah Felder,South Carolina St.,0.0,0.5,0.0,0.5714285714285714
2,39412,Thomas Bruce,Binghamton,1.0,0.7307692307692307,0.42857142857142855,0.0
3,39780,Tyler Underwood,Illinois,0.0,0.0,0.0,1.0
4,40204,Jalen Coleman-Lands,Iowa St.,0.0,0.42857142857142855,0.4166666666666667,0.8793103448275862
5,41728,K.J. Walton,Ball St.,0.6666666666666666,0.2808988764044944,0.15789473684210525,0.0
6,42124,Hank Hollingsworth,Cal Poly,1.0,0.75,0.0,0.0
7,42956,Traci Carter,Hartford,0.0,0.07142857142857142,0.06666666666666667,0.5897435897435898
8,44195,Will Miles,Florida St.,0.0,0.5,0.0,0.0
9,44197,Shaheed Medlock,Georgia Tech,0.0,1.0,0.0,0.0
10,44211,Isiah Brown,Weber St.,0.0,0.075,0.0425531914893617,0.8181818181818182
11,44212,Rapolas Ivanauskas,Cincinnati,1.0,0.7,0.5,1.0
12,44214,Jordy Tshimanga,Dayton,1.0,0.7575757575757576,0.8148148148148148,0.0
13,44216,Jeriah Horne,Colorado,1.0,0.5526315789473685,0.42424242424242425,0.9230769230769231
14,44217,Eric Curry,Minnesota,0.0,0.6666666666666666,0.85,1.0
15,44219,Austin Davis,Michigan,1.0,0.6097560975609756,0.5,0.0
16,44288,James Butler,Drexel,1.0,0.6285714285714286,0.68,1.0
17,44325,Marlin Davis,Texas St.,0.0,0.0,0.0,0.9
18,44335,Ivan Madunic,Southern Utah,1.0,0.4583333333333333,0.5,1.0
19,44344,Jailyn Ingram,Florida Atlantic,0.5,0.23076923076923078,0.3181818181818182,0.92
20,44346,Quentin Jackson Jr.,Loyola Marymount,0.0,0.5,0.5,1.0
21,44417,D'Mitrik Trice,Wisconsin,0.0,0.21428571428571427,0.2222222222222222,0.6451612903225806
22,44418,Aleem Ford,Wisconsin,1.0,0.6666666666666666,0.4117647058823529,0.9782608695652174
23,44420,Charlie Moore,DePaul,0.0,0.23529411764705882,0.043478260869565216,0.7142857142857143
24,44546,Ben Shungu,Vermont,0.0,0.13333333333333333,0.16666666666666666,0.7692307692307693
25,44610,Tyler Jones,North Carolina A&T,0.0,0.6190476190476191,0.6666666666666666,1.0
26,44685,Keon Clergeot,Southeastern Louisiana,0.3333333333333333,0.19230769230769232,0.0,0.45161290322580644
27,44711,Bryce Aiken,Seton Hall,0.0,0.09090909090909091,0.0,0.3
28,44716,Arinze Chidom,UC Riverside,0.4,0.3409090909090909,0.3902439024390244,0.8571428571428571
29,44717,Alexander Strating,Colorado,0.0,0.0,0.0,0.0
30,44721,Peter Kiss,Bryant,0.5714285714285714,0.39705882352941174,0.15789473684210525,0.6857142857142857
31,44724,Joshua Langford,Michigan St.,0.0,0.3684210526315789,0.7435897435897436,1.0
32,44748,"Tobias Howard, Jr.",Indiana St.,0.0,1.0,0.08333333333333333,0.8461538461538461
33,44754,George Willborn III,UC Riverside,0.0,0.1111111111111111,0.0,0.8333333333333334
34,44755,Kevin Marfo,Texas A&M,1.0,0.4444444444444444,0.25,0.0
35,44756,Jair Bolden,Butler,0.0,0.0,0.2962962962962963,0.9322033898305084
36,44757,Colin Slater,Long Beach St.,0.0,0.1,0.14285714285714285,0.6363636363636364
37,44793,Davion Mintz,Kentucky,0.75,0.25925925925925924,0.0,0.7321428571428571
38,44798,Sam Hauser,Virginia,0.0,0.37037037037037035,0.3333333333333333,0.9047619047619048
39,44827,Blake Francis,Richmond,1.0,0.3888888888888889,0.10714285714285714,0.6956521739130435
40,44845,Mark Vital,Baylor,0.9166666666666666,0.6666666666666666,0.6,0.0
41,44846,Tyson Jolly,SMU,1.0,0.42857142857142855,0.0,1.0
42,44849,AJ Wilson,George Mason,0.8888888888888888,0.5405405405405406,0.2692307692307692,1.0
43,44878,Eugene Omoruyi,Oregon,0.7333333333333333,0.40594059405940597,0.25,0.9512195121951219
44,44937,Danny Pippen,Kent St.,0.8888888888888888,0.46153846153846156,0.5263157894736842,0.8367346938775511
45,44944,Xavier Green,Old Dominion,0.3333333333333333,0.16666666666666666,0.04,0.7647058823529411
46,44948,Corey Douglas Jr.,VCU,0.9,0.8205128205128205,0.5555555555555556,0.0
47,44957,Kwe Parker,North Carolina A&T,0.875,0.5625,1.0,0.75
48,45017,Tareq Coburn,Hofstra,1.0,0.29411764705882354,0.5,0.9433962264150944
49,45034,Marquell Fraser,Detroit Mercy,0.0,0.44680851063829785,0.5555555555555556,1.0
50,45062,Frank Ryder,Denver,1.0,0.6296296296296297,0.375,0.0
51,45066,Charles Minlend,Louisville,0.0,0.0,0.0,1.0
52,45080,Mitchell Smith,Missouri,0.8888888888888888,0.5652173913043478,0.75,1.0
53,45081,Justin Turner,Bowling Green,0.0,0.12790697674418605,0.02564102564102564,0.71875
54,45089,Michael Hughes,Duquesne,0.7857142857142857,0.5384615384615384,0.36,1.0
55,45090,Tavian Dunn-Martin,Duquesne,0.0,0.0,0.3333333333333333,0.7096774193548387
56,45181,Solomon Young,Iowa St.,0.8,0.7441860465116279,0.5272727272727272,0.0
57,45184,Jakolby Long,Southern Illinois,0.0,0.6666666666666666,1.0,0.0
58,45187,Jay Huff,Virginia,0.7021276595744681,0.5128205128205128,0.35,0.9655172413793104
59,45252,Taze Moore,Cal St. Bakersfield,0.4,0.3157894736842105,0.3684210526315789,0.9444444444444444
60,45253,Justin Edler-Davis,Cal St. Bakersfield,0.0,0.47058823529411764,0.5555555555555556,0.95
61,45254,Greg Lee,Western Michigan,0.6,0.30434782608695654,0.3793103448275862,0.8888888888888888
62,45279,Elyjah Goss,IU Indy,1.0,0.6666666666666666,0.5,0.0
63,45288,Brandon Johnson,Minnesota,0.8461538461538461,0.56,0.6666666666666666,1.0
64,45304,Nick Robinson,Valparaiso,0.0,0.1,0.0,1.0
65,45305,Lorenzo Edwards,Charleston,0.0,0.5,0.3333333333333333,0.9333333333333333
66,45309,Grant Golden,Richmond,1.0,0.5483870967741935,0.35714285714285715,1.0
67,45310,De'Monte Buckingham,Cal St. Bakersfield,0.0,0.3333333333333333,0.3333333333333333,0.8888888888888888
68,45313,Jalen Johnson,Mississippi St.,0.0,0.5714285714285714,0.5714285714285714,1.0
69,45345,Chance Garvin,Idaho,1.0,1.0,0.75,0.9
70,45359,Perry Francois,Texas A&M Corpus Chris,0.8181818181818182,0.5769230769230769,0.4,0.0
71,45361,Vittorio Reynoso-Avila,Santa Clara,0.0,0.0,0.0,0.0
72,45463,Jo'Vontae Millner-Criss,Middle Tennessee,0.0,0.5172413793103449,0.3333333333333333,1.0
73,45475,Jonah Antonio,Wake Forest,0.0,1.0,0.3333333333333333,0.9210526315789473
74,45477,Randy Miller Jr.,Indiana St.,0.0,0.13333333333333333,0.2222222222222222,0.9
75,45478,Ryan Gomes,Houston Christian,1.0,0.6875,1.0,0.0
76,45524,K.J. Smith,North Carolina,0.0,0.0,0.0,0.0
77,45530,Nolan Taylor,Southeast Missouri St.,0.0,0.4375,0.45454545454545453,0.0
78,45533,Kolton Kohl,Abilene Christian,0.9411764705882353,0.7682926829268293,0.9032258064516129,0.75
79,45542,Clay Mounce,Furman,0.6666666666666666,0.33962264150943394,0.4,0.9777777777777777
80,45562,Scott Spencer,La Salle,0.0,0.4,0.2857142857142857,0.90625
81,45568,Algevon Eichelberger,Cleveland St.,0.0,0.45454545454545453,0.2857142857142857,0.0
82,45571,Eron Gordon,Valparaiso,0.0,0.2608695652173913,0.3333333333333333,1.0
83,45619,Cartier Diarra,Virginia Tech,0.0,0.2857142857142857,0.0,1.0
84,45620,Mitch Lightfoot,Kansas,1.0,0.7368421052631579,0.5263157894736842,0.5
85,45625,Nate Johnson,Xavier,1.0,0.6666666666666666,0.2222222222222222,0.8809523809523809
86,45629,Devearl Ramsey,UC Santa Barbara,0.0,0.2222222222222222,0.14285714285714285,1.0
87,45642,Drew Buggs,Missouri,0.0,0.0,0.25,1.0
88,45744,DJ Jones,Florida A&M,0.875,0.6904761904761905,0.8333333333333334,0.0
89,45746,Devin Kirby,Montana St.,0.0,0.75,1.0,0.0
90,45811,Zion Morgan,Valparaiso,0.0,0.18181818181818182,0.0,0.0
91,45818,Ben Coupet Jr.,Little Rock,1.0,0.46153846153846156,0.29411764705882354,0.9069767441860465
92,45823,Kenny Cooper,Western Kentucky,0.0,0.2857142857142857,0.0,0.7142857142857143
93,45828,James Scott,Portland St.,0.0,0.17142857142857143,0.19444444444444445,0.6538461538461539
94,45835,Nick Hopkins,Siena,0.0,0.25,0.3333333333333333,1.0
95,45840,DeAndre Dishman,Middle Tennessee,1.0,0.17142857142857143,0.17391304347826086,0.0
96,45841,Asante Gist,Iona,0.0,0.10526315789473684,0.11764705882352941,0.782608695652174
97,45850,Kurk Lee,Alcorn St.,0.0,0.125,0.1111111111111111,0.38461538461538464
98,45853,Osinachi Smart,Charleston,0.7777777777777778,0.6666666666666666,0.6,0.0
99,45864,Ryan Daly,Saint Joseph's,0.0,0.3611111111111111,0.07692307692307693,0.8125
100,45896,Corey Allen,Georgia St.,0.0,0.2608695652173913,0.24,0.7547169811320755
101,45906,Justin Hopkins,Texas Southern,0.5,0.425,0.0,0.9411764705882353
102,45908,Triston Chambers,Samford,0.0,0.5,0.0,0.8823529411764706
103,45916,Keith Smith,Cal Poly,0.0,0.08695652173913043,0.07692307692307693,1.0
104,45925,Damien Sears,Nicholls St.,1.0,0.35,0.375,0.0
105,45926,Patrick Tape,Duke,1.0,0.8,0.0,0.0
106,45936,Jordan Bell,Pacific,0.3333333333333333,0.4375,0.45454545454545453,0.8947368421052632
107,46010,Brachen Hazen,Ball St.,0.8888888888888888,0.6984126984126984,0.3333333333333333,1.0
108,46052,Jalen Dupree,Samford,0.0,0.43478260869565216,0.0,1.0
109,46092,Abdul Ado,Mississippi St.,0.8947368421052632,0.6379310344827587,0.47368421052631576,0.0
110,46101,Ethan Claycomb,Bellarmine,0.0,0.56,0.0,0.9375
111,46136,Preston Parks,Samford,0.0,0.15151515151515152,0.125,0.9166666666666666
112,46155,Jaylen Fornes,Nicholls St.,0.0,0.12,0.42857142857142855,0.9130434782608695
113,46159,Stafford Trueheart,Hofstra,0.0,1.0,1.0,1.0
114,46161,Dejuan Clayton,Coppin St.,0.0,0.16666666666666666,0.0,0.36363636363636365
115,46178,Trevor Anderson,Wisconsin,0.0,0.23076923076923078,0.14285714285714285,0.7692307692307693
116,46263,Rodney Miller Jr.,Miami FL,0.0,0.0,0.0,0.0
117,46265,Darius Hicks,Jackson St.,0.0,0.3333333333333333,0.5,0.0
118,46269,Destin Barnes,UC Santa Barbara,0.0,0.625,0.8571428571428571,1.0
119,46273,Mark Gasperini,Massachusetts,1.0,0.7142857142857143,0.25,1.0
120,46357,Brevin Galloway,Charleston,0.0,0.3333333333333333,0.0,0.6923076923076923
121,46358,Chevez Goodwin,USC,0.9285714285714286,0.5434782608695652,0.3870967741935484,0.0
122,46366,Mike Henn,Portland,0.0,0.8,0.5714285714285714,0.9166666666666666
123,46403,Micah Bradford,Southern,0.0,0.0,0.0,1.0
124,46423,Anthony Tarke,Coppin St.,0.5517241379310345,0.3333333333333333,0.0,0.64
125,46500,Ty Graves,North Carolina Central,0.0,0.0,1.0,0.8
126,46503,Jeremy Sheppard,Rhode Island,0.0,0.4411764705882353,0.13333333333333333,0.5675675675675675
127,46507,Shawn Williams,Nicholls St.,0.0,0.0,0.5,0.8
128,46552,Dylan Carl,Purdue Fort Wayne,0.8461538461538461,0.8043478260869565,0.5555555555555556,1.0
129,46558,Ty Groce,Eastern Michigan,0.7857142857142857,0.5254237288135594,0.21428571428571427,0.9375
130,46564,Chris Lester,New Hampshire,0.0,0.2,0.5,1.0
131,46569,Dimencio Vaughn,Mississippi,0.0,0.3333333333333333,0.0,1.0
132,46573,Ahsante Shivers,Southern,0.0,0.4,0.5333333333333333,0.8571428571428571
133,46582,Shandon Goldman,Tennessee Tech,1.0,0.7419354838709677,0.6,1.0
134,46583,Andre Jones,Nicholls St.,0.29411764705882354,0.24285714285714285,0.25,1.0
135,46596,Josh Parrish,San Diego,0.8,0.4897959183673469,0.25,0.5
136,46598,Brandon Averette,BYU,0.0,0.17391304347826086,0.13793103448275862,0.6153846153846154
137,46645,Travis Light,Florida St.,0.0,0.0,1.0,1.0
138,46713,Tyler Stewart,Saint Francis,0.0,0.16666666666666666,0.3333333333333333,0.8571428571428571
139,46727,Nysier Brooks,Miami FL,0.7407407407407407,0.5961538461538461,0.6086956521739131,0.0
140,46787,Austin Reaves,Oklahoma,0.5,0.1016949152542373,0.08333333333333333,0.4375
141,46789,JoJo Anderson,Albany,0.0,0.0,0.0,0.8571428571428571
142,46793,C.J. Keyser,North Carolina Central,0.75,0.45,0.17391304347826086,0.5
143,46794,Jordan Jones,Marist,1.0,0.6538461538461539,0.34615384615384615,0.0
144,46832,Loudon Love,Wright St.,0.7777777777777778,0.453781512605042,0.2558139534883721,0.0
145,46888,Cavit Ege Havsa,Rice,0.0,0.11764705882352941,0.0,0.7272727272727273
146,46913,Precious Ayah,Miami OH,0.0,0.5238095238095238,0.46153846153846156,0.0
147,46918,Andrew Garcia,Georgia,1.0,0.4852941176470588,0.6923076923076923,1.0
148,46922,Michael Almonacy,Appalachian St.,0.0,0.2727272727272727,0.0,0.8059701492537313
149,46982,Darian Adams,Jacksonville St.,0.25,0.11627906976744186,0.09090909090909091,0.7962962962962963
150,46998,Marcus Burk,IU Indy,0.5,0.3181818181818182,0.5714285714285714,0.8444444444444444
151,47006,Tyrik Dixon,Coastal Carolina,0.0,0.15,0.07692307692307693,0.782608695652174
152,47011,Jannson Williams,Marshall,0.8461538461538461,0.7241379310344828,0.3333333333333333,0.95
153,47013,JaColby Pemberton,Louisiana Tech,0.8333333333333334,0.4117647058823529,0.42857142857142855,0.96
154,47026,Josh Ayeni,Chattanooga,0.0,0.59375,0.6,0.0
155,47052,Devon Daniels,N.C. State,1.0,0.08823529411764706,0.043478260869565216,0.631578947368421
156,47099,Ibi Watson,Dayton,0.7142857142857143,0.6176470588235294,0.15151515151515152,0.7580645161290323
157,47102,Joshua Tomiac,San Diego St.,0.7142857142857143,0.5555555555555556,0.5882352941176471,1.0
158,47187,Jared Chatham,Central Arkansas,0.8461538461538461,0.5357142857142857,0.52,1.0
159,47191,Jacob Young,Rutgers,0.5714285714285714,0.2692307692307692,0.11627906976744186,0.6129032258064516
160,47192,Andrew Jones,Texas,0.6666666666666666,0.2765957446808511,0.2222222222222222,0.6666666666666666
161,47195,Ryan Betley,California,0.0,0.42857142857142855,0.46153846153846156,0.9183673469387755
162,47197,Seth Towns,Ohio St.,0.0,0.0,0.23076923076923078,0.8
163,47204,Jordan Bruner,Alabama,0.3333333333333333,0.4166666666666667,0.0,1.0
164,47205,Mikey Dixon,Grand Canyon,0.0,0.36666666666666664,0.4444444444444444,0.8421052631578947
165,47212,Cainan McClelland,Jackson St.,0.0,0.2857142857142857,0.2857142857142857,0.782608695652174
166,47224,John Pettway,South Alabama,0.6153846153846154,0.4117647058823529,0.21739130434782608,1.0
167,47235,Spencer Littleson,Toledo,0.42857142857142855,0.44,0.2727272727272727,0.970873786407767
168,47236,Kellon Taylor,Albany,0.0,0.44680851063829785,0.3125,0.0
169,47239,Chuba Ohams,Fordham,1.0,0.6666666666666666,0.0,0.0
170,47242,Najee Garvin,Nicholls St.,0.8461538461538461,0.5217391304347826,0.2549019607843137,0.5
171,47329,Micah Potter,Wisconsin,1.0,0.5569620253164557,0.43478260869565216,0.9487179487179487
172,47402,Brendan Barry,Temple,0.0,0.0,0.25,0.7586206896551724
173,47405,Evan Clayborne,UNC Asheville,0.8518518518518519,0.6885245901639344,0.0,0.0
174,47407,Mike Smith,Michigan,0.0,0.04,0.10344827586206896,0.6060606060606061
175,47408,Jake Killingsworth,UC San Diego,0.0,0.5714285714285714,0.0,1.0
176,47421,Ty Flowers,LIU,0.8571428571428571,0.6338028169014085,0.6521739130434783,0.8888888888888888
177,47422,Brison Gresham,Houston,0.9166666666666666,0.7083333333333334,1.0,0.0
178,47423,Damari Parris,Prairie View A&M,0.0,0.0,0.18181818181818182,1.0
179,47424,Arnaldo Toro,St. John's,0.0,0.42857142857142855,1.0,0.0
180,47427,Unique McLean,St. Francis NY,0.6363636363636364,0.3384615384615385,0.5333333333333333,0.9285714285714286
181,47428,Chris Baldwin,Texas Southern,0.5,0.2857142857142857,0.625,1.0
182,47430,DeJon Jarreau,Houston,0.0,0.14285714285714285,0.22727272727272727,0.9032258064516129
183,47507,Dallas Walton,Colorado,0.9090909090909091,0.6818181818181818,0.5833333333333334,0.8888888888888888
184,47510,JaQuori McLaughlin,UC Santa Barbara,1.0,0.3469387755102041,0.1702127659574468,0.631578947368421
185,47514,Kodye Pugh,Loyola Marymount,0.0,0.6666666666666666,0.0,1.0
186,47550,Isaiah Ross,Iona,0.0,0.5128205128205128,0.3333333333333333,0.8043478260869565
187,47555,Xavier Bishop,Montana St.,0.0,0.047619047619047616,0.043478260869565216,0.3793103448275862
188,47558,Nick Mora,UT Rio Grande Valley,0.0,0.0,0.0,0.0
189,47566,Dylan Painter,Delaware,0.5833333333333334,0.3442622950819672,0.16666666666666666,0.0
190,47568,Brad Calipari,Detroit Mercy,0.0,0.0,0.0,0.0
191,47580,Carlik Jones,Louisville,0.0,0.038461538461538464,0.046511627906976744,0.7222222222222222
192,47581,Dru Smith,Missouri,0.0,0.14545454545454545,0.17391304347826086,0.723404255319149
193,47585,John Hall,Portland St.,0.6666666666666666,0.5,0.5,1.0
194,47600,Brock Bertram,Buffalo,0.0,0.5294117647058824,0.5714285714285714,0.0
195,47601,Troy Baxter,Morgan St.,0.875,0.5714285714285714,0.42857142857142855,0.7837837837837838
196,47670,Jamar Ergas,Utah Tech,0.0,0.0,0.0,0.0
197,47675,Harrison Henderson,Southern,0.875,0.48484848484848486,0.7894736842105263,1.0
198,47679,Bitumba Baruti,East Carolina,1.0,0.5714285714285714,0.8,1.0
199,47690,Jax Levitch,Evansville,0.0,1.0,0.0,0.9705882352941176
200,47751,Kevion Stewart,Alabama St.,0.0,0.3333333333333333,0.0,0.8
201,47769,Sammy Friday IV,Eastern Illinois,1.0,0.5714285714285714,0.5833333333333334,0.0
202,47781,Tyrie Jackson,East Carolina,0.0,0.125,0.0,1.0
203,47782,Khadim Sy,Mississippi,1.0,0.75,0.8,1.0
204,47891,Loren Cristian Jackson,Akron,0.0,0.017543859649122806,0.02631578947368421,0.5094339622641509
205,47901,Daron Henson,Seattle,0.0,0.0,0.0,1.0
206,47904,Koby McEwen,Marquette,0.0,0.08823529411764706,0.25,0.7777777777777778
207,47909,Juwan Durham,Notre Dame,0.8,0.7283950617283951,0.32432432432432434,0.0
208,47913,Justin Roberts,Niagara,0.0,1.0,0.3333333333333333,1.0
209,47914,Jason Carter,Xavier,0.6666666666666666,0.76,0.5,1.0
210,47970,Zach Radz,Sacred Heart,0.0,0.25,0.25,0.0
211,47979,Tre Clark,Rice,0.6666666666666666,0.2857142857142857,0.5,0.0
212,47998,Kameron McGusty,Miami FL,1.0,0.3333333333333333,0.08571428571428572,0.75
213,48004,Jordan Shepherd,Charlotte,0.42857142857142855,0.32,0.21875,0.7692307692307693
214,48036,Frederick Scott,Boston College,0.0,0.2857142857142857,0.6666666666666666,0.625
215,48071,Oscar Frayer,Grand Canyon,0.4,0.4166666666666667,0.0,0.8928571428571429
216,48075,Johnny McCants,New Mexico St.,0.4,0.375,0.0,0.9523809523809523
217,48114,Rasheem Dunn,St. John's,1.0,0.425,0.125,0.8
218,48120,Derrick Alston Jr.,Boise St.,0.8571428571428571,0.6166666666666667,0.25925925925925924,0.8153846153846154
219,48153,Clay Weatherspoon,Southern Miss,0.0,0.0,0.0,1.0
220,48170,Tommy Kuhse,Saint Mary's,0.0,0.16393442622950818,0.03125,0.7894736842105263
221,48171,Jock Perry,UC Riverside,0.0,0.5348837209302325,0.59375,1.0
222,48172,Elijah Thomas,Cal Baptist,0.2,0.3958333333333333,0.45454545454545453,1.0
223,48178,Mark Carbone,Cal Baptist,0.0,0.0,0.0,0.9090909090909091
224,48179,Juwan Gray,Towson,0.0,0.3333333333333333,0.0,0.6666666666666666
225,48187,Brad Greene,UC Irvine,1.0,0.6037735849056604,0.4791666666666667,0.0
226,48217,Nikola Djogo,Notre Dame,1.0,0.5652173913043478,0.0,1.0
227,48285,Ikenna Ndugba,Elon,0.0,0.04,0.14285714285714285,0.5909090909090909
228,48363,Mattias Markusson,Loyola Marymount,0.75,0.6610169491525424,0.7857142857142857,0.0
229,48369,Colby Leifson,Utah Valley,0.0,0.0,0.0,0.9285714285714286
230,48379,Kalob Ledoux,Louisiana Tech,0.3333333333333333,0.4444444444444444,0.35294117647058826,0.8703703703703703
231,48423,Justin Moore,Pacific,1.0,0.2,0.14285714285714285,0.75
232,48434,CJ Walker,Ohio St.,0.0,0.1282051282051282,0.1,0.5384615384615384
233,48489,Damien Jefferson,Creighton,0.3333333333333333,0.32967032967032966,0.047619047619047616,1.0
234,48492,Josh Hall,Cal St. Fullerton,0.0,0.4166666666666667,0.4666666666666667,1.0
235,48494,Aher Uguak,Loyola Chicago,0.8333333333333334,0.6129032258064516,0.14285714285714285,1.0
236,48495,Jalen Harris,Georgetown,1.0,0.3333333333333333,0.0,0.5
237,48515,Bryson Williams,UTEP,0.8181818181818182,0.3111111111111111,0.3157894736842105,1.0
238,48538,Jacob Davison,Eastern Washington,1.0,0.2413793103448276,0.2,0.7586206896551724
239,48588,Christian Carlyle,Santa Clara,0.0,0.23333333333333334,0.125,0.8
240,48616,Brandon Gonzalez,Southeastern Louisiana,0.0,0.0,0.0,1.0
241,48621,Everett Winchester,Florida Atlantic,0.0,0.36666666666666664,0.0,1.0
242,48732,MaCio Teague,Baylor,0.6666666666666666,0.559322033898305,0.3157894736842105,0.8666666666666667
243,48741,Tahj Eaddy,USC,0.0,0.0967741935483871,0.13846153846153847,0.803030303030303
244,48743,Denzel Mahoney,Creighton,0.0,0.3181818181818182,0.175,0.9375
245,48748,Jonathan Baehre,Clemson,1.0,0.7272727272727273,0.6666666666666666,1.0
246,48762,Karlis Silins,Florida Atlantic,1.0,0.6470588235294118,0.4,1.0
247,48780,A.J. Lawson,McNeese St.,0.0,0.1956521739130435,0.16666666666666666,0.7272727272727273
248,48809,Ross Cummings,Mercer,0.0,0.4444444444444444,0.1111111111111111,0.8225806451612904
249,48815,Zane Martin,Towson,0.0,0.07317073170731707,0.11428571428571428,0.29411764705882354
250,48821,Justin Gorham,Houston,1.0,0.5471698113207547,0.3181818181818182,0.9411764705882353
251,48827,Jamar Brown,Morgan St.,1.0,1.0,0.0,0.0
252,48926,Dontay Bassett,Weber St.,0.8333333333333334,0.6666666666666666,0.4166666666666667,0.8888888888888888
253,48929,Gorjok Gak,Cal Baptist,0.9333333333333333,0.6666666666666666,0.25,0.0
254,48955,Romello White,Mississippi,0.8888888888888888,0.5308641975308642,0.6829268292682927,0.0
255,48958,Frankie Hughes,San Diego,0.0,0.14285714285714285,0.0,0.7142857142857143
256,49010,David Jean-Baptiste,Chattanooga,0.0,0.17073170731707318,0.06896551724137931,0.8392857142857143
257,49014,Rodney Chatman,Dayton,0.0,0.23809523809523808,0.1111111111111111,0.6666666666666666
258,49015,Makale Foreman,California,0.0,0.3333333333333333,0.3333333333333333,0.5952380952380952
259,49016,Chuck Champion,Albany,0.0,0.5384615384615384,0.17391304347826086,1.0
260,49025,Sam Green,Howard,0.0,0.0,0.5,1.0
261,49037,Kobe Wilson,Alcorn St.,0.0,0.25,0.5,0.0
262,49044,Reginald Gee,Austin Peay,0.0,0.1875,0.5,0.9473684210526315
263,49147,Ray Salnave,DePaul,0.0,0.25,0.10526315789473684,0.7857142857142857
264,49180,Travis Atson,St. Francis NY,0.0,0.47368421052631576,0.5238095238095238,0.8387096774193549
265,49181,Payton Willis,Charleston,0.0,0.14285714285714285,0.18181818181818182,0.7948717948717948
266,49184,John Fulkerson,Tennessee,0.8,0.6612903225806451,0.5185185185185185,0.0
267,49188,Clevon Brown,Vanderbilt,0.7142857142857143,0.6470588235294118,0.3333333333333333,1.0
268,49189,Jalen Johnson,Wake Forest,1.0,0.375,0.2,0.9473684210526315
269,49193,Devin Gage,Fresno St.,0.0,0.2,0.0,0.5714285714285714
270,49194,Brandon Cyrus,UC Santa Barbara,0.0,0.6470588235294118,0.625,1.0
271,49218,Lazaro Rojas,UT Arlington,1.0,1.0,0.75,0.0
272,49250,Mark Crowe,Cal Poly,0.0,0.25,1.0,0.9318181818181818
273,49268,Quan Jackson,UAB,0.45454545454545453,0.3333333333333333,0.125,0.7857142857142857
274,49273,Bryce Nze,Butler,1.0,0.5131578947368421,0.0,1.0
275,49276,Carson Williams,Western Kentucky,0.5714285714285714,0.40384615384615385,0.3333333333333333,0.8125
276,49277,Mason Faulkner,Western Carolina,0.0,0.16923076923076924,0.0,0.5294117647058824
277,49279,Jalen Tate,Arkansas,0.6,0.43636363636363634,0.24,0.7692307692307693
278,49374,DJ Mitchell,Santa Clara,0.6666666666666666,0.6,0.16666666666666666,0.9166666666666666
279,49376,Richard Washington,San Jose St.,0.0,0.2647058823529412,0.05555555555555555,0.45714285714285713
280,49380,Seventh Woods,South Carolina,0.0,0.2222222222222222,0.0,1.0
281,49404,Alterique Gilbert,Wichita St.,0.0,0.0,0.10526315789473684,0.5555555555555556
282,49405,Matt Moyer,George Washington,0.9090909090909091,0.5675675675675675,0.25,1.0
283,49449,Aaron Cook,Gonzaga,0.0,0.2857142857142857,0.0,0.8571428571428571
284,49451,Kashaun Hicks,Norfolk St.,0.6666666666666666,0.5,0.0,0.7837837837837838
285,49472,Salif Boudie,UMass Lowell,0.0,0.6666666666666666,0.6363636363636364,0.0
286,49475,Christian Willis,Arkansas St.,0.0,0.1111111111111111,0.47058823529411764,0.9545454545454546
287,49476,Cordell Pemsl,Virginia Tech,0.0,0.7142857142857143,0.0,0.0
288,49477,Riley Till,Cal Poly,1.0,0.9,0.0,1.0
289,49478,Te'Jon Lucas,Milwaukee,0.0,0.1702127659574468,0.07692307692307693,0.52
290,49481,Maciej Bender,Mercer,0.8620689655172413,0.6851851851851852,0.5714285714285714,0.0
291,49484,Jordan Bohannon,Iowa,0.0,0.125,0.08333333333333333,0.7125
292,49485,Maishe Dailey,Akron,0.0,0.26666666666666666,0.4,0.7222222222222222
293,49511,Milos Jovic,Miami OH,0.0,0.0,0.0,1.0
294,49529,Justin Kier,Georgia,0.0,0.37037037037037035,0.14285714285714285,0.918918918918919
295,49675,Jake Baughman,Loyola Chicago,0.0,0.0,0.0,1.0
296,49679,Cameron Satterwhite,Montana,1.0,1.0,0.0,0.0
297,50171,Nana Akenten,Southeast Missouri St.,0.7142857142857143,0.5238095238095238,0.5,0.9433962264150944
298,50172,Thomas Allen,N.C. State,0.0,0.38461538461538464,0.2,0.8
299,50173,Alessandro Lever,Grand Canyon,0.0,0.4230769230769231,0.5652173913043478,0.9642857142857143
300,50174,Isaiah Washington,Long Beach St.,0.0,0.15789473684210525,0.18181818181818182,0.3333333333333333
301,50179,LaDavius Draine,Southern Miss,0.0,0.38461538461538464,0.23529411764705882,0.8235294117647058
302,50182,Trey Wade,Wichita St.,0.8,0.5714285714285714,0.6153846153846154,1.0
303,50187,Kyle Young,Ohio St.,0.7692307692307693,0.5957446808510638,0.4642857142857143,1.0
304,50189,Anthony Gaines,Northwestern,1.0,0.5294117647058824,0.16666666666666666,1.0
305,50190,David Maynard,Colgate,0.0,0.4,0.0,0.8333333333333334
306,50191,Pauly Paulicap,DePaul,0.8333333333333334,0.6666666666666666,0.6428571428571429,0.0
307,50192,Damion Rosser,New Orleans,0.7368421052631579,0.5333333333333333,0.3142857142857143,0.6
308,50194,Andrew Platek,North Carolina,1.0,0.42857142857142855,0.4,0.9444444444444444
309,50199,Harrison Prieto,Florida St.,0.0,0.0,0.0,1.0
310,50200,Jason Strong,Northeastern,1.0,0.45,0.5,1.0
311,50205,Tomas Murphy,Vermont,0.0,0.7272727272727273,0.5,1.0
312,50208,Maverick Smith,Tennessee Tech,0.0,0.0,0.5,1.0
313,50211,Brandon McKissic,UMKC,0.0,0.125,0.0967741935483871,0.7333333333333333
314,50217,Jack Perry,Eastern Washington,0.0,0.0,0.6666666666666666,0.7727272727272727
315,50219,Ra Kpedi,Purdue Fort Wayne,0.875,0.68,0.0,0.0
316,50220,Bailey Patella,Vermont,0.3333333333333333,0.5294117647058824,0.0,1.0
317,50224,Emmanuel Akot,Boise St.,0.4,0.3333333333333333,0.12903225806451613,0.7931034482758621
318,50225,Alex Barcello,BYU,0.0,0.2222222222222222,0.22641509433962265,0.92
319,50226,Maxwell Evans,Vanderbilt,0.5,0.43243243243243246,0.4,0.9117647058823529
320,50227,Grant Anticevich,California,0.0,0.23529411764705882,0.3055555555555556,0.9666666666666667
321,50230,Austin McCullough,Campbell,1.0,0.8461538461538461,0.6666666666666666,0.8666666666666667
322,50231,Justice Sueing,Ohio St.,0.75,0.24,0.10810810810810811,0.8181818181818182
323,50233,Luke Nathan,Rutgers,0.0,0.0,0.0,0.0
324,50234,Brad Davison,Wisconsin,0.0,0.16666666666666666,0.2,0.8253968253968254
325,50237,Nate Reuvers,Wisconsin,0.7,0.5757575757575758,0.2857142857142857,0.9444444444444444
326,50239,Ira Lee,Arizona,0.6666666666666666,0.3333333333333333,0.9166666666666666,0.0
327,50244,Taj Benning,Fairfield,0.0,0.28205128205128205,0.20833333333333334,0.926829268292683
328,50245,Johnny Wang,Cal St. Fullerton,0.0,0.6,1.0,1.0
329,50252,Kham Davis,Weber St.,0.0,0.0,0.0,1.0
330,50253,Marcus Carr,Minnesota,1.0,0.12727272727272726,0.13559322033898305,0.5
331,50254,Lavar Batts Jr.,UNC Asheville,0.2,0.04,0.0,0.8571428571428571
332,50258,Shamiel Stevenson,Nebraska,0.5,0.37142857142857144,0.0,0.6
333,50259,Terrell Brown,Pittsburgh,1.0,0.7777777777777778,1.0,0.0
334,50264,Jeff Gary,Mercer,0.0,0.5,0.3333333333333333,0.9411764705882353
335,50274,Jacob Wiley,Illinois Chicago,0.6666666666666666,0.5454545454545454,0.0,1.0
336,50275,Jordan Davis,Middle Tennessee,0.3333333333333333,0.04878048780487805,0.16666666666666666,0.7307692307692307
337,50276,Jalen Crutcher,Dayton,0.0,0.058823529411764705,0.10714285714285714,0.6666666666666666
338,50277,Vance Jackson Jr.,Arkansas,1.0,0.3,0.0,0.782608695652174
339,50288,Milos Supica,Charlotte,1.0,0.5609756097560976,0.625,0.0
340,50290,Nike Sibande,Pittsburgh,0.0,0.4,0.14285714285714285,0.47058823529411764
341,50296,Donovan Sims,Middle Tennessee,0.0,0.14285714285714285,0.0,0.9090909090909091
342,50298,Matt Beachler,Central Michigan,0.0,0.25,0.3333333333333333,0.78125
343,50300,Kevin McAdoo,Bradley,0.0,0.07142857142857142,0.0,0.75
344,50303,Jalen Gibbs,Mount St. Mary's,0.0,0.14285714285714285,0.0,1.0
345,50307,Jack Tempchin,George Mason,0.0,0.0,0.0,0.0
346,50312,Tydus Verhoeven,UTEP,0.75,0.6388888888888888,0.4444444444444444,0.0
347,50313,Nicholas Kratholm,Niagara,0.0,0.8275862068965517,0.75,0.0
348,50314,Eric Williams Jr.,Oregon,0.625,0.3235294117647059,0.25,0.8709677419354839
349,50316,Goanar Mar,Northern Iowa,0.0,0.5,0.0,0.0
350,50334,Scott Blakney,Idaho,1.0,0.7402597402597403,0.4117647058823529,0.0
351,50342,Admir Besovic,Little Rock,0.0,0.5,0.7777777777777778,0.0
352,50343,Isaiah Livers,Michigan,0.7,0.6428571428571429,0.041666666666666664,0.92
353,50344,Eli Brooks,Michigan,0.6666666666666666,0.5,0.3076923076923077,0.9736842105263158
354,50351,Darius McNeill,SMU,0.0,0.2,0.5,0.9375
355,50355,Jahvon Blair,Georgetown,1.0,0.4444444444444444,0.09090909090909091,0.6060606060606061
356,50358,Jose Alvarado,Georgia Tech,0.0,0.5068493150684932,0.22727272727272727,0.6739130434782609
357,50363,Bryan Trimble Jr.,Akron,0.0,0.3333333333333333,0.23076923076923078,0.9295774647887324
358,50366,Jamaree Bouyea,San Francisco,0.6,0.17592592592592593,0.04,0.575
359,50367,Samson George,Central Arkansas,1.0,0.6111111111111112,0.3333333333333333,0.0
360,50369,Marco Anthony,Utah St.,0.8333333333333334,0.4,0.19047619047619047,0.9523809523809523
361,50371,Austin Katstra,Virginia,0.0,0.0,0.0,1.0
362,50372,Melo Eggleston,Bryant,0.0,1.0,0.0,1.0
363,50373,Chaundee Brown Jr.,Michigan,0.5,0.5,0.625,0.9743589743589743
364,50374,Olivier Sarr,Kentucky,0.7692307692307693,0.4857142857142857,0.5,1.0
365,50377,RJ Nembhard,TCU,0.6666666666666666,0.3448275862068966,0.18181818181818182,0.8108108108108109
366,50379,Izaiah Brockington,Penn St.,0.7142857142857143,0.36363636363636365,0.38,1.0
367,50387,Austin Williams,Hartford,0.6666666666666666,0.375,0.23076923076923078,0.9583333333333334
368,50396,Alex O'Connell,Creighton,0.0,0.3333333333333333,0.1,1.0
369,50399,Jalen Ray,Hofstra,0.0,0.1702127659574468,0.09523809523809523,0.5625
370,50400,Evan Gilyard II,New Mexico St.,0.0,0.07692307692307693,0.2,0.75
371,50402,John Jones,Texas Southern,0.0,0.0,0.4,0.9545454545454546
372,50409,Jayvon Graves,Buffalo,0.4583333333333333,0.36585365853658536,0.3333333333333333,0.8857142857142857
373,50412,Daeqwon Plowden,Bowling Green,0.6111111111111112,0.4722222222222222,0.17391304347826086,0.875
374,50413,Nelly Cummings,Colgate,0.0,0.35714285714285715,0.08333333333333333,0.75
375,50414,Blake Huggins,Ball St.,1.0,0.7368421052631579,0.3333333333333333,0.0
376,50416,James Reese,North Texas,0.75,0.5185185185185185,0.2692307692307692,0.9642857142857143
377,50422,Fatts Russell,Rhode Island,0.0,0.14285714285714285,0.0,0.4583333333333333
378,50425,Maceo Jack,George Washington,0.5,0.625,0.0,0.875
379,50426,Terry Nolan Jr.,Bradley,0.2,0.3448275862068966,0.125,0.9090909090909091
380,50427,Justin Mazzulla,Vermont,0.0,0.4411764705882353,0.0,1.0
381,50428,Greg Calixte,George Mason,1.0,0.6666666666666666,0.3333333333333333,0.0
382,50430,Tshiefu Ngalakulondi,Fairfield,0.5,0.375,0.0,0.8333333333333334
383,50433,Matt Weyand,Arizona,0.0,0.0,0.0,0.0
384,50434,Elyjah Williams,Fairleigh Dickinson,0.3333333333333333,0.3670886075949367,0.15789473684210525,0.47619047619047616
385,50437,Noah Morgan,Eastern Michigan,1.0,0.25,0.2,0.6363636363636364
386,50440,Josh Nicholas,Louisiana Monroe,0.0,0.40625,0.5,0.8709677419354839
387,50442,Sean Price,Charleston Southern,1.0,0.26,0.10526315789473684,1.0
388,50446,Jaron Faulds,Michigan,0.0,0.0,0.5,0.0
389,50454,Desmond Cambridge Jr.,Nevada,0.8571428571428571,0.48148148148148145,0.46938775510204084,0.8823529411764706
390,50455,Isaac Bonton,Washington St.,0.0,0.13333333333333333,0.11363636363636363,0.5641025641025641
391,50457,Carlos Hines,Northern Kentucky,0.0,0.0,0.0,0.0
392,50462,Lenell Henry,Prairie View A&M,1.0,0.6666666666666666,0.9,0.0
393,50465,John Harrar,Penn St.,0.5,0.5178571428571429,0.5882352941176471,0.0
394,50466,Jamari Wheeler,Penn St.,0.0,0.19230769230769232,0.0,0.8666666666666667
395,50470,Garrison Brooks,North Carolina,0.9047619047619048,0.7083333333333334,0.6,0.75
396,50472,Sterling Manley,North Carolina,1.0,1.0,0.0,0.0
397,50473,Walker Miller,North Carolina,0.0,0.0,0.0,0.0
398,50474,Wabissa Bede,Virginia Tech,0.0,0.0,0.125,0.8333333333333334
399,50475,Brandon Huffman,Jacksonville St.,0.7,0.6451612903225806,0.7857142857142857,0.0
400,50476,P.J. Horne,Georgia,0.0,0.34782608695652173,0.4,1.0
401,50481,Ejike Obinna,Vanderbilt,0.8571428571428571,0.8,0.75,0.0
402,50483,Trae Berhow,Northern Iowa,0.6,0.4782608695652174,0.375,0.6571428571428571
403,50487,Cam Allen,Towson,0.0,0.0,0.0,0.875
404,50489,Jade' Smith,Pepperdine,1.0,0.6285714285714286,0.5185185185185185,1.0
405,50491,Joe Quintana,Loyola Marymount,0.0,0.0,0.0,0.7948717948717948
406,50494,Levi Stockard III,VCU,1.0,0.6666666666666666,0.7777777777777778,0.0
407,50495,Mike McGuirl,Kansas St.,0.6666666666666666,0.3333333333333333,0.5,0.8214285714285714
408,50497,Chris Teahan,Kansas,0.0,0.0,0.0,0.3333333333333333
409,50498,Marcus Garrett,Kansas,0.5,0.1527777777777778,0.047619047619047616,1.0
410,50500,Simon Wright,Elon,0.0,0.3333333333333333,0.42857142857142855,0.9444444444444444
411,50505,Jacob Rigoni,Quinnipiac,0.0,0.3333333333333333,0.2857142857142857,0.8846153846153846
412,50507,Rich Kelly,Boston College,0.0,0.16,0.0,0.9090909090909091
413,50510,Chris Sodom,Delaware St.,0.75,0.6,0.0,0.0
414,50511,Jamorko Pickett,Georgetown,0.5714285714285714,0.32142857142857145,0.3888888888888889,0.7804878048780488
415,50512,Quade Green,Washington,0.0,0.14893617021276595,0.1016949152542373,0.5555555555555556
416,50513,Isaiah Rice,Vanderbilt,0.0,0.0,0.0,0.0
417,50518,Jaden Sayles,Stony Brook,0.8333333333333334,0.6341463414634146,0.5882352941176471,1.0
418,50521,Stef Smith,Vermont,0.0,0.11764705882352941,0.18181818181818182,0.84375
419,50522,Bryce Moragne,Florida A&M,0.5,0.5853658536585366,0.6551724137931034,1.0
420,50526,Javon Levi,UT Rio Grande Valley,0.0,0.09090909090909091,0.23076923076923078,0.8333333333333334
421,50530,Josip Vrankic,Santa Clara,1.0,0.5068493150684932,0.3125,1.0
422,50534,Shaquille Walters,Northeastern,0.75,0.34615384615384615,0.2222222222222222,0.8181818181818182
423,50542,Marco Smith,Nebraska Omaha,0.0,0.21428571428571427,0.3125,0.75
424,50543,Justin McCall,Cal St. Bakersfield,0.5,0.35384615384615387,0.391304347826087,1.0
425,50550,Christian David,Butler,0.0,0.0,0.0,1.0
426,50551,Jerald Gillens-Butler,Elon,1.0,0.2,0.0,1.0
427,50552,Cooper Neese,Indiana St.,0.0,0.4,0.39285714285714285,0.7560975609756098
428,50553,Aaron Thompson,Butler,0.0,0.13636363636363635,0.15384615384615385,1.0
429,50557,Sandro Mamukelashvili,Seton Hall,0.6363636363636364,0.33,0.19230769230769232,0.9047619047619048
430,50560,Holland Woods,Arizona St.,0.0,0.23529411764705882,0.1111111111111111,0.8214285714285714
431,50566,M.J. Walker,Florida St.,0.5714285714285714,0.34375,0.05263157894736842,0.8863636363636364
432,50567,Wyatt Wilkes,Florida St.,0.0,0.5,0.3333333333333333,0.9166666666666666
433,50569,Malek Green,Canisius,0.0,0.4523809523809524,0.2727272727272727,0.6363636363636364
434,50571,Ike Obiagu,Seton Hall,0.8518518518518519,0.6818181818181818,0.5,0.0
435,50572,Anthony Polite,Florida St.,0.625,0.45161290322580644,0.2,0.9705882352941176
436,50573,Justin Lindner,Florida St.,0.0,0.0,0.0,0.0
437,50576,Luka Kraljevic,Boston College,0.0,0.0,0.0,1.0
438,50577,Steffon Mitchell,Boston College,0.0,0.3793103448275862,0.0,1.0
439,50581,Ty Jones,Charleston Southern,0.0,0.4,0.0,1.0
440,50585,Jordan Whitfield,Campbell,0.0,0.34375,0.2962962962962963,0.7727272727272727
441,50586,Phlandrous Fleming Jr.,Charleston Southern,0.2,0.17647058823529413,0.1875,0.6956521739130435
442,50587,Jaheam Cornwall,Gardner Webb,0.0,0.0967741935483871,0.06451612903225806,0.796875
443,50588,Dajour Dickens,Hampton,0.75,0.56,0.5789473684210527,0.0
444,50589,Paul Scruggs,Xavier,0.5,0.20454545454545456,0.12121212121212122,0.8148148148148148
445,50590,Greg Elliott,Marquette,0.0,0.2857142857142857,0.5,1.0
446,50592,Jacob Epperson,Creighton,1.0,1.0,1.0,0.5
447,50593,Theo John,Marquette,0.7058823529411765,0.5384615384615384,0.6486486486486487,1.0
448,50594,Makai Ashton-Langford,Boston College,0.0,0.1,0.0,0.8333333333333334
449,50595,Andrew Fonts,Providence,0.0,0.0,0.0,0.0
450,50596,Jamal Cain,Marquette,0.75,0.5789473684210527,0.2962962962962963,0.9411764705882353
451,50597,Nate Watson,Providence,0.8108108108108109,0.6299212598425197,0.6792452830188679,0.0
452,50598,Jack Ballantyne,LIU,0.0,0.7058823529411765,0.5,1.0
453,50600,Jermaine Jackson Jr.,LIU,0.0,0.07142857142857142,0.21052631578947367,0.6666666666666666
454,50609,Marek Dolezaj,Syracuse,1.0,0.6326530612244898,0.7045454545454546,0.0
455,50613,Campbell Donovan,Butler,0.0,0.0,0.0,1.0
456,50614,Bourama Sidibe,Syracuse,0.0,0.0,0.0,0.0
457,50616,Javante McCoy,Boston University,1.0,0.10256410256410256,0.0,0.7333333333333333
458,50617,Sukhmail Mathon,Boston University,1.0,0.34615384615384615,0.1111111111111111,1.0
459,50618,Drew LaMont,Wyoming,0.0,0.0,0.0,1.0
460,50619,Walter Whyte,Boston University,0.625,0.3,0.14285714285714285,0.8333333333333334
461,50623,Paul Newman,Bucknell,1.0,0.5,0.5,0.0
462,50624,Jimmy Sotos,Ohio St.,0.0,0.0,0.0,0.8
463,50630,Caleb Starks,Tarleton St.,0.0,0.0,0.0,0.0
464,50631,Connor McCaffery,Iowa,0.0,0.4444444444444444,0.5,0.8333333333333334
465,50633,Ryan McAdoo,North Carolina,0.0,0.0,0.0,0.0
466,50639,Jase Febres,Texas,0.0,1.0,0.0,0.9
467,50642,Marquis Godwin,Hampton,0.0,0.2222222222222222,0.3548387096774194,0.7857142857142857
468,50646,Zach Jacobs,James Madison,1.0,0.6666666666666666,0.45454545454545453,1.0
469,50648,Zach Cooks,NJIT,0.0,0.24489795918367346,0.16666666666666666,0.6129032258064516
470,50655,Isaiah Banks,FIU,0.0,0.0,0.5,1.0
471,50657,Amorie Archibald,Louisiana Tech,0.5,0.2,0.09090909090909091,0.7619047619047619
472,50660,Exavian Christon,Louisiana Tech,0.0,0.2857142857142857,0.3333333333333333,0.8
473,50661,Rayshawn Neal,South Carolina St.,0.0,0.0,0.0,0.5
474,50663,Trent Frazier,Illinois,0.0,0.23076923076923078,0.4117647058823529,0.8727272727272727
475,50664,Taylor Nussbaum,Penn St.,0.0,0.0,0.0,0.0
476,50666,Ricky Nelson,UT Rio Grande Valley,1.0,0.8,0.3333333333333333,1.0
477,50671,Michal Kozak,Weber St.,1.0,0.6,0.35714285714285715,1.0
478,50679,Cedrick Alley Jr.,UTSA,1.0,0.7,0.45,0.8823529411764706
479,50682,Ethan Chargois,SMU,0.0,0.5,0.08333333333333333,0.8947368421052632
480,50683,William Douglas,SMU,1.0,1.0,0.4,1.0
481,50684,Everett Ray,SMU,0.0,0.6666666666666666,0.0,0.0
482,50685,Fabian White Jr.,Houston,0.8571428571428571,0.5,0.8333333333333334,1.0
483,50686,Elijah Cuffee,Liberty,0.0,0.5,0.4,0.9565217391304348
484,50688,Keegan McDowell,Liberty,0.0,0.6363636363636364,0.6111111111111112,0.9166666666666666
485,50689,Justyn Mutts,Virginia Tech,0.6666666666666666,0.5,0.25,1.0
486,50692,Denny Slay II,High Point,0.0,0.2,0.42105263157894735,0.8666666666666667
487,50699,Victor Enoh,Marist,0.0,0.5,0.6666666666666666,0.0
488,50709,Jamal Johnson,Auburn,0.0,0.36363636363636365,0.46153846153846156,0.875
489,50718,Daniel Akin,UMBC,1.0,0.5348837209302325,1.0,0.0
490,50719,Brandon Horvath,UMBC,0.625,0.42857142857142855,0.15384615384615385,0.8888888888888888
491,50723,Asbjorn Midtgaard,Grand Canyon,0.8148148148148148,0.6630434782608695,0.85,0.0
492,50724,Jacob Herrs,Wichita St.,0.0,0.0,0.0,0.0
493,50727,Malachi Rice,Georgia Tech,0.0,0.0,0.0,0.0
494,50728,Jon Brown,Tennessee St.,0.0,0.0,0.0,0.0
495,50729,Jacob Gilyard,Richmond,0.0,0.4444444444444444,0.3333333333333333,0.7333333333333333
496,50733,Stacy Beckton Jr.,American,1.0,0.2857142857142857,0.2857142857142857,1.0
497,50749,Taylor Funk,Saint Joseph's,0.75,0.6923076923076923,0.26666666666666666,0.9038461538461539
498,50754,Rocky Kreuser,North Dakota St.,0.7333333333333333,0.36507936507936506,0.06451612903225806,0.9583333333333334
499,50763,Noah Frederking,Evansville,0.0,0.47368421052631576,0.5,0.9454545454545454
500,50768,Hunter Maldonado,Wyoming,0.3333333333333333,0.3114754098360656,0.06896551724137931,1.0
501,50770,Rylan Bergersen,Central Arkansas,0.3333333333333333,0.24390243902439024,0.18604651162790697,0.7837837837837838
502,50773,Brock Miller,Utah St.,1.0,1.0,0.55,0.9473684210526315
503,50779,Dwight Wilson III,Ohio,0.9230769230769231,0.6306306306306306,0.6451612903225806,0.0
504,50780,Mark Flagg,Saint Francis,0.8333333333333334,0.5714285714285714,0.5,0.0
505,50781,Chase Freeman,Wagner,0.0,0.0,0.0,0.0
506,50782,Noah Horchler,Providence,0.7142857142857143,0.4,0.45454545454545453,1.0
507,50783,Chauncey Hawkins,St. Francis NY,0.0,0.21875,0.2647058823529412,0.7619047619047619
508,50784,Yaradyah Evans,St. Francis NY,0.5,0.3333333333333333,0.6666666666666666,1.0
509,50785,Jalen Jordan,Middle Tennessee,0.5,0.125,0.3076923076923077,0.7428571428571429
510,50788,Dan Henry,Saint Francis,0.0,0.0,0.0,0.0
511,50795,Justyn Hamilton,Kent St.,0.7272727272727273,0.6610169491525424,0.7,0.0
512,50796,De'Vondre Perry,Temple,0.6666666666666666,0.46153846153846156,0.5,1.0
513,50797,Caleb Daniels,Villanova,1.0,0.45,0.26666666666666666,0.9545454545454546
514,50798,David Collins,South Florida,0.3333333333333333,0.23214285714285715,0.26666666666666666,0.8333333333333334
515,50799,Justin Brown,South Florida,0.0,0.5,0.75,0.9705882352941176
516,50801,J.P. Moorman II,Temple,1.0,0.6,0.3076923076923077,1.0
517,50803,Buay Koka,Detroit Mercy,0.6666666666666666,0.6666666666666666,1.0,0.0
518,50804,Cameron Benford,Purdue Fort Wayne,0.0,0.75,0.0,0.0
519,50812,Jordan McKenzie,Stony Brook,0.0,0.25,0.0,1.0
520,50815,Ebube Ebube,Manhattan,0.0,0.8888888888888888,1.0,0.0
521,50816,Scott Hitchon,Canisius,1.0,0.25,0.5,1.0
522,50821,Justin Roberts,Georgia St.,0.0,0.17647058823529413,0.18518518518518517,0.6896551724137931
523,50823,Nathan Cayo,Richmond,1.0,0.4626865671641791,0.3548387096774194,1.0
524,50825,Braxton Beverly,N.C. State,0.0,0.21428571428571427,0.0,0.8125
525,50827,E.J. Stephens,Lafayette,0.3333333333333333,0.5833333333333334,0.20512820512820512,0.6666666666666666
526,50830,James Karnik,Boston College,0.3333333333333333,0.41379310344827586,1.0,1.0
527,50831,Marques Wilson,Lehigh,0.0,0.09302325581395349,0.13333333333333333,0.8235294117647058
528,50833,Isaiah Hart,Loyola MD,0.0,0.2777777777777778,0.125,1.0
529,50834,Brent Holcombe,Loyola MD,0.5,0.5,0.0,1.0
530,50835,Luke Johnson,Loyola MD,0.0,0.4642857142857143,0.42857142857142855,0.0
531,50836,Devin Gilmore,Murray St.,0.9090909090909091,0.6222222222222222,0.16666666666666666,0.0
532,50838,Jacoby Ross,Alcorn St.,0.0,0.0,0.16666666666666666,0.5
533,50839,Myles Douglas,Saint Joseph's,0.0,0.8333333333333334,0.0,1.0
534,50843,Tristan Jarrett,Jackson St.,0.0,0.3333333333333333,0.4230769230769231,0.8571428571428571
535,50851,Felipe Haase,Mercer,0.0,0.6904761904761905,0.47368421052631576,1.0
536,50852,Andrew Petcash,Boston University,0.0,0.0,0.0,0.75
537,50855,David Beatty,La Salle,0.0,0.3333333333333333,0.19047619047619047,0.71875
538,50856,Hugh Baxter,UC San Diego,0.0,1.0,0.75,0.9642857142857143
539,50858,K.J. Davis,Samford,0.0,0.3333333333333333,0.0,1.0
540,50860,Hasahn French,Saint Louis,1.0,0.5957446808510638,0.45454545454545453,0.0
541,50866,Dwayne Rose Jr.,Detroit Mercy,1.0,0.5217391304347826,0.5,0.8571428571428571
542,50869,Mitch Ballock,Creighton,0.5,0.25925925925925924,0.42857142857142855,0.9078947368421053
543,50870,Marcus Shaver Jr.,Boise St.,1.0,0.19230769230769232,0.17857142857142858,0.8125
544,50878,Sam Iorio,South Alabama,1.0,0.25,0.07142857142857142,0.8095238095238095
545,50879,"James Baker, Jr.",Morehead St.,0.8235294117647058,0.625,0.3684210526315789,1.0
546,50880,De'Von Cooper,Morehead St.,1.0,0.15254237288135594,0.16666666666666666,0.8936170212765957
547,50885,Caleb Hollander,Belmont,0.0,0.4857142857142857,0.3076923076923077,0.9736842105263158
548,50886,Grayson Murphy,Belmont,0.0,0.3541666666666667,0.6,0.75
549,50888,Nigel Jackson,Wagner,0.0,0.625,0.7142857142857143,0.9629629629629629
550,50890,Cameron Carmical,Eastern Kentucky,0.0,0.0,0.0,0.0
551,50892,Peyton Broughton,Eastern Kentucky,0.0,0.3333333333333333,0.5,1.0
552,50893,JacQuess Hobbs,Eastern Kentucky,0.0,0.0,0.25,1.0
553,50894,Greg Jones,Lipscomb,0.0,0.5,0.5,0.8837209302325582
554,50896,A.J. Youngman,Idaho,0.0,0.0,0.5,1.0
555,50897,Parker Hazen,Lipscomb,0.9230769230769231,0.6666666666666666,0.6,1.0
556,50899,Marten Linssen,Saint Louis,1.0,0.8857142857142857,0.7142857142857143,0.0
557,50900,Darnell Rogers,UMBC,0.0,0.0,0.0,0.6111111111111112
558,50901,Mileek McMillan,Valparaiso,0.0,0.5833333333333334,0.5714285714285714,1.0
559,50902,Brian Thomas,Grambling St.,1.0,0.8,0.0,0.0
560,50904,Taavi Jurkatamm,San Francisco,1.0,0.44,0.3333333333333333,1.0
561,50905,Tragen Fahl,VMI,1.0,1.0,0.0,0.0
562,50906,Clyde Trapp,Clemson,0.6,0.3333333333333333,0.3333333333333333,0.75
563,50907,Darien Jackson,Tulsa,0.7777777777777778,0.5409836065573771,0.0,1.0
564,50908,Elijah Joiner,Tulsa,0.0,0.18604651162790697,0.0,0.8
565,50909,Shakwon Barrett,Tennessee St.,0.0,0.0,0.0,0.9090909090909091
566,50911,A.J. Oliver II,Old Dominion,0.0,0.375,0.5,0.96875
567,50918,Stanley Umude,South Dakota,0.8666666666666667,0.4807692307692308,0.2736842105263158,0.918918918918919
568,50924,Jordan Schakel,San Diego St.,0.0,0.26666666666666666,0.45161290322580644,0.9
569,50927,Clifton Moore,La Salle,0.8571428571428571,0.5,0.47058823529411764,1.0
570,50928,Ethan Lasko,Manhattan,0.0,0.0,0.5,0.9
571,50933,Justin Smith,Arkansas,0.8571428571428571,0.578125,0.4074074074074074,0.8
572,50934,Aljami Durham,Indiana,0.0,0.15384615384615385,0.34782608695652173,0.868421052631579
573,50937,Brandon Rachal,Tulsa,0.7142857142857143,0.3384615384615385,0.42857142857142855,0.7
574,50938,Justin Jaworski,Lafayette,0.0,0.5882352941176471,0.42857142857142855,0.7948717948717948
575,50939,Noah Baumann,USC,0.0,0.5,0.35714285714285715,0.76
576,50941,Caleb Green,Fairfield,0.0,0.11428571428571428,0.21739130434782608,0.8571428571428571
577,50942,Jacob Grandison,Illinois,0.7142857142857143,0.6666666666666666,0.5,1.0
578,50943,Matt Faw,Holy Cross,1.0,0.45454545454545453,0.17391304347826086,1.0
579,50945,Austin Butler,Holy Cross,0.3333333333333333,0.23728813559322035,0.08333333333333333,0.7407407407407407
580,50946,John Meeks,Bucknell,0.0,0.45,0.3333333333333333,0.6
581,50947,Jordan Sechan,Bucknell,0.0,0.0,0.0,0.0
582,50948,Jermaine Samuels,Villanova,0.6666666666666666,0.36,0.6086956521739131,1.0
583,50956,Caleb Simmons,San Jose St.,0.0,0.5714285714285714,0.0,0.5555555555555556
584,50957,Cameron Christon,Grambling St.,0.7142857142857143,0.4782608695652174,0.8,0.9523809523809523
585,50960,Matt Halvorsen,Western Carolina,0.0,0.16666666666666666,0.25,0.8767123287671232
586,50966,Alfis Pilavios,Old Dominion,0.0,0.0,0.3333333333333333,1.0
587,50970,Jordan Burns,Colgate,0.0,0.05555555555555555,0.09090909090909091,0.5
588,50980,Michael Diggins,Illinois Chicago,0.8125,0.4807692307692308,0.19230769230769232,0.8235294117647058
589,50986,Dominik Fragala,Delaware St.,0.0,0.07142857142857142,0.0,0.6875
590,50987,Deion Hammond,Monmouth,0.4,0.29411764705882354,0.36363636363636365,0.8
591,50988,Marcus McClary,Monmouth,0.0,0.41935483870967744,0.2857142857142857,1.0
592,50989,Manny Camper,Siena,0.8333333333333334,0.35185185185185186,0.38461538461538464,0.9285714285714286
593,50991,Greg Kuakumensah,Niagara,1.0,0.5,0.6666666666666666,1.0
594,50992,Christian Bentley,Youngstown St.,0.0,0.5,0.0,0.0
595,50993,Prince Oduro,South Florida,0.0,0.42857142857142855,0.8571428571428571,0.0
596,50994,Roman Penn,Drake,0.0,0.18604651162790697,0.0625,0.631578947368421
597,51000,Lewis Djonkam,Radford,1.0,0.6666666666666666,0.4375,0.0
598,51001,Anthony Duruji,Florida,0.8636363636363636,0.631578947368421,0.3125,0.7
599,51002,Jarrod West,Marshall,0.0,0.0,0.041666666666666664,0.5714285714285714
600,51003,Darius George,Marshall,0.8823529411764706,0.7037037037037037,0.0,0.9166666666666666
601,51011,Isaac Johnson,Nicholls St.,0.0,0.0,1.0,0.8
602,51013,David Jenkins Jr.,UNLV,0.0,0.1111111111111111,0.2978723404255319,0.7164179104477612
603,51020,Mason Green,Tennessee St.,0.5714285714285714,0.5384615384615384,0.875,0.0
604,51021,Hayden Brown,The Citadel,0.6666666666666666,0.37735849056603776,0.18181818181818182,0.95
605,51022,Bo Hodges,Butler,0.3333333333333333,0.38461538461538464,0.0,0.8888888888888888
606,51024,Derek Webster Jr.,The Citadel,1.0,0.6086956521739131,0.4,0.0
607,51025,Mladen Armus,Boise St.,1.0,0.6612903225806451,0.35714285714285715,0.0
608,51035,Dre Marin,Southern Utah,0.0,0.14285714285714285,0.13333333333333333,0.9230769230769231
609,51039,Tyler Polley,Connecticut,0.0,0.125,0.125,0.8421052631578947
610,51040,Eliel Nsoseme,Georgia St.,1.0,0.696969696969697,0.8461538461538461,0.0
611,51041,Lance Thomas,Memphis,1.0,0.8571428571428571,0.0,0.0
612,51042,Darius Perry,UCF,1.0,0.3076923076923077,0.0,0.6363636363636364
613,51043,Trevor Moore,Morgan St.,0.0,0.7857142857142857,0.25,0.75
614,51047,Greg Parham,VMI,0.0,0.3064516129032258,0.05555555555555555,0.7454545454545455
615,51048,Bubba Parham,Georgia Tech,0.0,0.26666666666666666,0.09090909090909091,0.967741935483871
616,51050,Corey Kispert,Gonzaga,1.0,0.5510204081632653,0.35,0.9010989010989011
617,51051,Jesse Wade,BYU,0.0,0.0,0.0,0.0
618,51053,Avery Diggs,UCF,1.0,0.5714285714285714,1.0,1.0
619,51054,Jordan Goodwin,Saint Louis,0.2,0.32786885245901637,0.3548387096774194,0.7272727272727273
620,51058,Avery Sullivan,Lamar,0.9,0.639344262295082,0.6944444444444444,0.0
621,51061,Shelby Adams,Texas St.,0.0,0.41935483870967744,0.23809523809523808,1.0
622,51063,Reggie Miller,Abilene Christian,0.0,0.32,0.0,1.0
623,51067,Elijah Childs,Bradley,1.0,0.5405405405405406,0.49295774647887325,1.0
624,51069,Matt Mitchell,San Diego St.,0.5,0.30434782608695654,0.07894736842105263,0.7333333333333333
625,51072,PJ Pipes,Green Bay,0.0,0.14285714285714285,0.23076923076923078,0.7368421052631579
626,51075,Devontae Shuler,Mississippi,0.6666666666666666,0.25,0.24528301886792453,0.7735849056603774
627,51076,Matt Haarms,BYU,1.0,0.7017543859649122,0.7551020408163265,1.0
628,51078,Geo Baker,Rutgers,0.5,0.13636363636363635,0.12195121951219512,0.8378378378378378
629,51081,Trent Buttrick,Penn St.,1.0,0.8,0.0,1.0
630,51091,Jahlil Jenkins,Fairleigh Dickinson,0.0,0.20512820512820512,0.04081632653061224,0.46938775510204084
631,51094,Nigel Shadd,Pacific,0.0,0.4444444444444444,0.0,0.0
632,51096,Colbey Ross,Pepperdine,0.0,0.1282051282051282,0.03508771929824561,0.6486486486486487
633,51100,Ledarrius Brewer,East Tennessee St.,0.8,0.44,0.1111111111111111,0.7818181818181819
634,51102,Iziah James,SIU Edwardsville,0.0,0.16666666666666666,0.058823529411764705,0.8421052631578947
635,51103,Cedric Russell,Louisiana,0.0,0.12195121951219512,0.13333333333333333,0.7183098591549296
636,51105,Samba Ndiaye,Charleston,0.0,0.0,0.5,0.0
637,51106,Zack Bryant,Georgia Southern,0.36363636363636365,0.15384615384615385,0.07142857142857142,0.6923076923076923
638,51107,Malik Osborne,Florida St.,0.6666666666666666,0.5882352941176471,0.2,0.9473684210526315
639,51114,Kris Bankston,Little Rock,0.7142857142857143,0.4375,0.0,0.0
640,51115,Remy Martin,Arizona St.,0.0,0.1568627450980392,0.11627906976744186,0.6595744680851063
641,51116,Tyler Maye,North Carolina A&T,0.0,0.3548387096774194,0.35294117647058826,0.0
642,51118,Justin Whatley,North Carolina Central,0.0,0.5555555555555556,0.5,1.0
643,51123,Kaiden Rice,The Citadel,1.0,0.6153846153846154,0.375,0.8169014084507042
644,51125,Umoja Gibson,Oklahoma,0.0,0.23529411764705882,0.25,0.8103448275862069
645,51127,Ethan Norton,Loyola MD,0.0,0.0,0.0,0.0
646,51132,Tariq Simmons,South Carolina St.,0.0,0.14285714285714285,0.0,0.875
647,51138,Ivan Raut,Fordham,0.0,0.0,0.0,1.0
648,51144,Koby Thomas,Coppin St.,0.4444444444444444,0.39436619718309857,0.42857142857142855,0.9166666666666666
649,51152,Myles Lewis,VMI,0.7142857142857143,0.4,0.2222222222222222,0.5
650,51153,Ta'Vonne Bond,VMI,0.0,0.0,0.0,0.0
651,51154,Yves Pons,Tennessee,0.6521739130434783,0.6216216216216216,0.5,1.0
652,51155,Justin Minaya,South Carolina,1.0,0.5925925925925926,0.2222222222222222,1.0
653,51157,Charles Bain,Robert Morris,1.0,0.75,0.7142857142857143,1.0
654,51158,Keaton Van Soelen,Air Force,0.8181818181818182,0.6451612903225806,0.0,0.8571428571428571
655,51165,Keaton Wallace,UTSA,0.6,0.34285714285714286,0.20454545454545456,0.4897959183673469
656,51170,Souley Boum,UTEP,0.0,0.12903225806451613,0.20689655172413793,0.7647058823529411
657,51179,Bates Jones,Davidson,0.0,0.8,0.0,1.0
658,51180,Kellan Grady,Davidson,1.0,0.391304347826087,0.1935483870967742,0.8653846153846154
659,51181,Derrick Walker,Nebraska,1.0,0.8108108108108109,0.2,0.0
660,51183,Zach Kent,Delaware St.,1.0,1.0,0.6086956521739131,1.0
661,51187,Jeremiah Tilmon,Missouri,0.8529411764705882,0.6373626373626373,0.3181818181818182,0.0
662,51205,Omar Habwe,Stony Brook,0.8,0.3333333333333333,0.4166666666666667,1.0
663,51211,Charles Falden,Winthrop,0.0,0.39285714285714285,0.1111111111111111,0.7948717948717948
664,51212,Kyle Zunic,Winthrop,0.0,0.3333333333333333,0.6,1.0
665,51219,DeAndre Jones,Central Arkansas,0.0,0.16666666666666666,0.3333333333333333,0.7
666,51220,Ian DuBose,Wake Forest,0.3333333333333333,0.17647058823529413,0.0,0.6923076923076923
667,51221,Philip McKenzie,Houston Christian,0.5,0.2777777777777778,1.0,1.0
668,51225,Hayden Koval,UNC Greensboro,1.0,0.7222222222222222,0.5,0.9615384615384616
669,51227,David Caraher,St. John's,0.0,0.0,1.0,1.0
670,51231,Chase Johnson,Dayton,1.0,0.9166666666666666,0.375,1.0
671,51234,Mike Okauru,UNC Wilmington,0.5,0.15384615384615385,0.3333333333333333,0.7368421052631579
672,51238,Isaac Kante,Hofstra,1.0,0.6463414634146342,0.6774193548387096,0.0
673,51239,Jay Jay Chandler,Texas A&M,1.0,0.3076923076923077,0.0,0.75
674,51240,TJ Starks,Cal St. Northridge,0.5,0.14492753623188406,0.14583333333333334,0.42857142857142855
675,51241,Kene Chukwuka,Pepperdine,1.0,0.85,1.0,1.0
676,51242,Mack Smith,Eastern Illinois,1.0,0.6153846153846154,0.6363636363636364,0.8333333333333334
677,51244,Antwan Walker,Rhode Island,0.7333333333333333,0.6805555555555556,0.26666666666666666,0.75
678,51249,Peyton Smith,Texas A&M Corpus Chris,0.0,0.5,1.0,0.9
679,51253,Jon Williams,Robert Morris,0.0,0.0,0.0,0.7291666666666666
680,51262,Jaylon Hall,Wright St.,0.5,0.5,0.25,0.9117647058823529
681,51265,A.J. Caldwell,Chattanooga,0.0,0.45454545454545453,0.25,0.9444444444444444
682,51272,Keith Williams,Cincinnati,0.5,0.39436619718309857,0.35294117647058826,0.64
683,51273,Hunter Crist,Binghamton,0.0,0.0,0.0,0.75
684,51278,Chris Joyce,Air Force,0.3333333333333333,0.5333333333333333,0.13333333333333333,0.9696969696969697
685,51279,Ameka Akaya,Air Force,0.75,0.7037037037037037,0.2,1.0
686,51285,Mamoudou Diarra,Cincinnati,0.0,0.3333333333333333,0.6666666666666666,1.0
687,51288,Anthony Longpre,Saint Joseph's,1.0,0.7272727272727273,1.0,0.0
688,51293,David Nickelberry,Buffalo,0.5,0.34375,0.0,1.0
689,51298,Malik Williams,Louisville,0.0,1.0,0.0,1.0
690,51301,Jericho Sims,Texas,0.7966101694915254,0.6395348837209303,0.25,0.0
691,51302,Mayan Kiir,New Mexico St.,0.0,1.0,0.0,0.0
692,51304,Galen Alexander,Texas Southern,0.5555555555555556,0.34375,0.21739130434782608,1.0
693,51314,Gavin Kensmil,Stephen F. Austin,0.5714285714285714,0.5157894736842106,0.5454545454545454,0.0
694,51315,Michael Ritchie,Miami OH,0.0,0.0,0.0,0.0
695,51317,Teyvion Kirk,Illinois Chicago,0.75,0.25757575757575757,0.2,0.9230769230769231
696,51319,Isaiah Coleman-Lands,Miami OH,0.0,0.14285714285714285,0.1,0.75
697,51320,Jalen Adaway,St. Bonaventure,0.8571428571428571,0.6349206349206349,0.4666666666666667,1.0
698,51323,Dedric Boyd,Illinois St.,0.0,0.5555555555555556,0.05,0.8148148148148148
699,51325,Brandon Davis,Sacramento St.,0.0,0.3333333333333333,0.125,0.7692307692307693
700,51327,Donald Carey,Georgetown,0.0,0.4117647058823529,0.3076923076923077,0.75
701,51329,Bobby Planutis,Purdue Fort Wayne,0.75,0.45,0.42857142857142855,0.9782608695652174
702,51331,Cameron Corcoran,FIU,0.0,0.0,0.0,0.75
703,51333,Ace Stallings,George Washington,0.0,0.0,0.0,0.0
704,51342,Jordan Cintron,Niagara,0.3333333333333333,0.43902439024390244,0.5714285714285714,0.0
705,51344,Tom Pupavac,Winthrop,0.0,0.0,0.0,1.0
706,51348,Aamir Simms,Clemson,0.6666666666666666,0.5,0.375,0.9545454545454546
707,51350,Isaiah Miller,UNC Greensboro,0.3125,0.20930232558139536,0.07142857142857142,0.6
708,51352,Storm Murphy,Wofford,0.0,0.14705882352941177,0.034482758620689655,0.6119402985074627
709,51354,Marcus Thomas,Western Carolina,0.0,0.4166666666666667,0.0,1.0
710,51356,Keve Aluma,Virginia Tech,0.7142857142857143,0.59375,0.4117647058823529,0.95
711,51357,Tray Hollowell,Wofford,0.0,0.16666666666666666,0.0,0.8490566037735849
712,51360,Gabe Osabuohien,West Virginia,1.0,0.45454545454545453,1.0,1.0
713,51361,Darious Hall,DePaul,1.0,0.43478260869565216,0.75,1.0
714,51362,Alex Reese,Alabama,0.75,0.5666666666666667,1.0,0.9428571428571428
715,51363,John Petty Jr.,Alabama,0.8181818181818182,0.3829787234042553,0.125,0.8181818181818182
716,51364,Galin Smith,Maryland,0.9,0.8181818181818182,0.5263157894736842,0.0
717,51366,Jack Ferguson,Colgate,0.0,0.4583333333333333,0.0,0.868421052631579
718,51367,Davion Mitchell,Baylor,0.5,0.18571428571428572,0.08,0.6031746031746031
719,51372,Isiah Jasey,SMU,1.0,0.7777777777777778,0.5,0.0
720,51373,Savion Flagg,Texas A&M,0.8,0.45454545454545453,0.3,0.9047619047619048
721,51378,Alex Hunter,Furman,0.0,0.64,0.14285714285714285,0.8070175438596491
722,51379,Sean Mobley,UCF,0.0,0.3,0.5,1.0
723,51380,Anthony Ochefu,Delaware,1.0,0.42857142857142855,1.0,1.0
724,51383,Musa Jallow,Ohio St.,0.75,0.7368421052631579,0.8181818181818182,1.0
725,51385,Tadas Kararinas,Drexel,0.0,0.0,0.0,0.0
726,51387,Royce Hamm Jr.,Texas,1.0,0.625,0.5,1.0
727,51389,Obadiah Noel,UMass Lowell,0.3333333333333333,0.1875,0.2962962962962963,0.5517241379310345
728,51390,Matt Coleman III,Texas,0.0,0.1,0.06060606060606061,0.6976744186046512
729,51391,Isaiah Whaley,Connecticut,0.8125,0.5272727272727272,0.7777777777777778,0.875
730,51394,Casdon Jardine,Hawaii,1.0,0.32142857142857145,0.2857142857142857,0.8888888888888888
731,51400,Zach Reichle,Oregon St.,1.0,0.56,0.3333333333333333,0.9696969696969697
732,51402,Ayo Akinwole,Nebraska Omaha,0.0,0.3125,0.10909090909090909,0.7317073170731707
733,51405,Matt Pile,Nebraska Omaha,0.9230769230769231,0.3541666666666667,0.3333333333333333,0.0
734,51408,Jordan Roberts,Long Beach St.,0.0,0.2,0.3333333333333333,0.0
735,51411,Troymain Crosby,Alcorn St.,0.0,0.35294117647058826,0.3076923076923077,0.375
736,51415,Jarkel Joiner,Mississippi,0.75,0.2962962962962963,0.3076923076923077,0.6521739130434783
737,51416,Vladimir Pinchuk,San Diego,1.0,0.75,0.35294117647058826,0.0
738,51425,Makuach Maluach,New Mexico,0.8333333333333334,0.40540540540540543,0.19298245614035087,0.9545454545454546
739,51427,Josh Hopkins,New Hampshire,0.0,0.3333333333333333,0.0,0.8571428571428571
740,51430,Zach Gunn,Ball St.,0.0,0.42857142857142855,0.0,1.0
741,51433,Czar Perry,Cal St. Bakersfield,0.0,0.2857142857142857,0.5,0.0
742,51434,Dajour Joseph,Prairie View A&M,0.0,0.0,1.0,1.0
743,51437,Dimitrije Spasojevic,UMBC,1.0,0.5172413793103449,0.6818181818181818,0.0
744,51440,Josh Linder,Tennessee St.,0.75,0.6176470588235294,0.2,1.0
745,51443,Austin Phyfe,Northern Iowa,0.0,0.5783132530120482,0.375,0.875
746,51446,Cameron Krutwig,Loyola Chicago,0.8,0.6838235294117647,0.37254901960784315,0.0
747,51448,Mustafa Lawrence,Norfolk St.,0.0,0.18181818181818182,0.0,0.5714285714285714
748,51450,Tywhon Pickford,Northern Iowa,0.0,0.48484848484848486,0.5,1.0
749,51451,Moses Wright,Georgia Tech,0.8064516129032258,0.6090909090909091,0.39622641509433965,0.9166666666666666
750,51453,Kobe Webster,Nebraska,0.0,0.23076923076923078,0.1875,0.8863636363636364
751,51457,Alec Hickman,Fresno St.,0.0,0.0,0.0,1.0
752,51459,Dylan Hastings,Lafayette,0.0,0.75,0.0,0.0
753,51460,Jalon Pipkins,Purdue Fort Wayne,0.75,0.3392857142857143,0.12195121951219512,0.9333333333333333
754,51461,Terrell Gomez,San Diego St.,0.0,0.15384615384615385,0.19047619047619047,0.75
755,51462,Brady Manek,Oklahoma,0.6666666666666666,0.48484848484848486,0.7368421052631579,0.9375
756,51463,Hannes Polla,Tennessee Martin,1.0,0.35714285714285715,0.7692307692307693,0.0
757,51474,Naz Bohannon,Youngstown St.,0.0,0.3211009174311927,0.16326530612244897,0.0
758,51475,Michael Akuchie,Youngstown St.,0.75,0.46153846153846156,0.2,1.0
759,51481,Chris Lykes,Miami FL,0.0,0.5,0.0,0.8
760,51484,R.J. Cole,Connecticut,0.0,0.11764705882352941,0.19444444444444445,0.7948717948717948
761,51487,Greg Bowie II,Northern Colorado,0.0,0.5,0.0,0.875
762,51488,Aaron Nettles,Seattle,0.0,0.75,0.2727272727272727,0.76
763,51496,Jordan Usher,Georgia Tech,0.8846153846153846,0.6349206349206349,0.2647058823529412,1.0
764,51497,Chuck O'Bannon Jr.,TCU,0.3333333333333333,0.42857142857142855,0.6666666666666666,0.9642857142857143
765,51504,Christiaan Jones,Stetson,0.6363636363636364,0.3283582089552239,0.5789473684210527,0.9259259259259259
766,51508,Ryan Burkhardt,North Florida,0.0,1.0,0.0,0.8064516129032258
767,51522,Ajani Kennedy,Tennessee Martin,1.0,0.6333333333333333,0.4666666666666667,0.875
768,51524,Tervell Beck,Kent St.,0.0,0.4032258064516129,0.25,0.9333333333333333
769,51529,Chyree Walker,Radford,0.8333333333333334,0.34615384615384615,0.14285714285714285,1.0
770,51532,Terry Taylor,Austin Peay,0.5384615384615384,0.35294117647058826,0.1509433962264151,0.7272727272727273
771,51533,Myles Smith,Texas A&M Corpus Chris,0.0,0.38461538461538464,0.21428571428571427,0.8275862068965517
772,51534,Sean Rhea,UT Rio Grande Valley,0.75,0.5161290322580645,0.8333333333333334,1.0
773,51540,Kamron Reaves,Florida A&M,0.0,0.4,0.05555555555555555,0.84
774,51545,Garrett Covington,Youngstown St.,0.0,0.6428571428571429,0.5384615384615384,0.9310344827586207
775,51547,Jarvis Doles,Albany,0.0,0.4444444444444444,0.75,0.8888888888888888
776,51548,Damari Milstead,San Francisco,0.0,0.08333333333333333,0.5,0.75
777,51549,Brandon Leftwich,George Washington,0.0,0.0,0.0,0.0
778,51550,Kane Williams,Georgia St.,0.0,0.21621621621621623,0.0,0.7692307692307693
779,51562,Evan Kuhlman,Evansville,0.0,0.5555555555555556,0.4166666666666667,0.9555555555555556
780,51573,Takal Molson,Seton Hall,0.0,0.41935483870967744,0.1111111111111111,0.875
781,51591,Da'Monte Williams,Illinois,0.0,0.36363636363636365,0.5,1.0
782,51592,Mark Smith,Missouri,1.0,0.5333333333333333,0.0,0.975
783,51593,Jack Nunge,Iowa,1.0,0.5,0.7777777777777778,1.0
784,51595,Luka Garza,Iowa,0.75,0.6477272727272727,0.5573770491803278,1.0
785,51618,Miryne Thomas,Ball St.,0.6,0.5,1.0,0.96
786,51620,Lapri McCray-Pace,Morgan St.,1.0,1.0,1.0,0.0
787,51625,Kevin Johnson,Nicholls St.,0.0,0.32,0.047619047619047616,0.8571428571428571
788,51626,Ryghe Lyons,Nicholls St.,0.8947368421052632,0.5967741935483871,0.3125,1.0
789,51627,Oliver Lynch-Daniels,Colgate,0.0,0.6153846153846154,0.0,0.8888888888888888
790,51635,Chris Smith,UCLA,0.75,0.4666666666666667,0.14285714285714285,1.0
791,51639,Daejon Davis,Stanford,0.75,0.32,0.0,0.6428571428571429
792,51655,Richard Harward,BYU,0.42857142857142855,0.5,0.6521739130434783,0.0
793,51671,Jay Green,Northern Arizona,1.0,0.4444444444444444,0.16666666666666666,1.0
794,51672,Cheikh Mbacke Diong,UNLV,0.6666666666666666,0.5972222222222222,0.6,0.0
795,51674,Amauri Hardy,Oregon,0.0,0.13793103448275862,0.1111111111111111,1.0
796,51682,Gabe Hadley,UC San Diego,0.0,0.2777777777777778,0.25,0.84375
797,51685,Victor Uyaelunmo,Towson,1.0,0.375,0.0,0.0
798,51686,Keaton Hervey,Missouri St.,0.6,0.4,0.3333333333333333,0.9583333333333334
799,51687,Marvin Nesbitt Jr.,UMKC,1.0,0.6538461538461539,0.375,1.0
800,51703,Tyree Appleby,Florida,0.0,0.10810810810810811,0.058823529411764705,0.6551724137931034
801,51733,JD Notae,Arkansas,0.3333333333333333,0.18181818181818182,0.15,0.5892857142857143
802,51734,Corey Romich,Jacksonville,0.0,0.0,0.0,0.7
803,51748,Stefan Kenic,Chattanooga,0.0,0.3103448275862069,0.24,1.0
804,51755,Carter Collins,Davidson,1.0,0.5,0.125,0.8823529411764706
805,51766,McKinley Wright IV,Colorado,0.0,0.11666666666666667,0.06666666666666667,0.4642857142857143
806,51777,Jesus Cruz,Fairfield,0.0,0.2692307692307692,0.18518518518518517,0.8333333333333334
807,51783,Curtis Haywood II,Tulsa,0.0,0.21428571428571427,0.5,1.0
808,51784,Jason Whitens,Western Michigan,0.0,0.6206896551724138,0.5454545454545454,1.0
809,51786,Evan Cole,Utah Valley,0.782608695652174,0.7142857142857143,0.6875,0.9090909090909091
810,51787,Jordan Goldwire,Duke,0.0,0.2727272727272727,0.3333333333333333,0.7368421052631579
811,51800,Marek Nelson,UT Rio Grande Valley,0.5,0.5,0.4,1.0
812,51802,Taveion Hollingsworth,Western Kentucky,0.5,0.37254901960784315,0.21428571428571427,0.7083333333333334
813,51809,Marquis Eaton,Arkansas St.,1.0,0.125,0.125,0.7083333333333334
814,51818,Lamont Berzat,New Orleans,0.0,0.3333333333333333,0.2,0.92
815,51819,Troy Green,New Orleans,0.0,0.34545454545454546,0.3333333333333333,1.0
816,51835,Donnie Tillman,New Mexico St.,0.375,0.1388888888888889,0.4166666666666667,0.8181818181818182
817,51844,Brion Whitley,Murray St.,1.0,0.4166666666666667,0.0,1.0
818,51845,Lucas Williamson,Loyola Chicago,0.0,0.5833333333333334,0.0,1.0
819,51855,Josh Anderson,Western Kentucky,0.375,0.39215686274509803,0.3333333333333333,0.9473684210526315
820,51858,Miles Brookins,Cal St. Northridge,0.0,0.6666666666666666,0.5,0.0
821,51861,Jamir Moultrie,North Carolina Central,0.0,0.375,0.0,0.85
822,51863,Derrick Flowers,Jacksonville,0.0,0.0,0.0,1.0
823,51866,DJ Heath,Alabama St.,0.0,0.25806451612903225,0.07142857142857142,0.6875
824,51868,Teddy Allen,Nebraska,0.5,0.1875,0.11764705882352941,0.7380952380952381
825,51869,Greg Eboigbodin,Northeastern,0.8888888888888888,0.8125,0.2,1.0
826,51876,Kevin Anderson,Delaware,0.0,0.2222222222222222,0.0,0.8823529411764706
827,51881,Victor Bailey Jr.,Tennessee,0.5,0.4,0.44,0.9787234042553191
828,51883,Chris Vogt,Cincinnati,0.9333333333333333,0.8571428571428571,1.0,0.0
829,51885,James Beck,Miami OH,1.0,0.4318181818181818,0.17647058823529413,0.0
830,51888,Jalanni White,Canisius,1.0,0.75,0.5,0.6666666666666666
831,51889,Abu Kigab,Boise St.,0.5,0.5319148936170213,0.16,1.0
832,51894,Mike Adewunmi,SIU Edwardsville,0.6,0.55,0.5882352941176471,0.9117647058823529
833,51895,Kyle Foster,Howard,0.0,0.25,0.0,0.9
834,51897,Cam Bacote,Indiana St.,0.0,0.3333333333333333,0.0,1.0
835,51899,KeyShawn Feazell,McNeese St.,0.7777777777777778,0.5645161290322581,0.4782608695652174,1.0
836,51929,Darius Banks,Chattanooga,0.0,0.35294117647058826,0.3333333333333333,1.0
837,51931,Matt Lewis,James Madison,0.6,0.19047619047619047,0.2727272727272727,0.8064516129032258
838,51933,Collin Gillespie,Villanova,0.0,0.3333333333333333,0.07407407407407407,0.8048780487804879
839,51934,Larry Owens,Northwestern St.,1.0,0.5833333333333334,0.4,0.0
840,51938,Ryan Allen,Delaware,0.0,0.1,0.17857142857142858,0.8148148148148148
841,51950,Reese Mona,Maryland,0.0,0.0,0.0,1.0
842,51953,Jamie Baker,Appalachian St.,0.0,0.0,0.0,0.0
843,51954,Thorir Thorbjarnarson,Nebraska,0.0,0.3333333333333333,0.0,1.0
844,51956,Darryl Morsell,Maryland,0.7272727272727273,0.5254237288135594,0.18181818181818182,0.9230769230769231
845,51990,Herbert Jones,Alabama,0.7272727272727273,0.25252525252525254,0.1,0.7
846,52003,San Antonio Brinson,NJIT,0.0,0.22857142857142856,0.3333333333333333,0.9333333333333333
847,52006,Braden Burke,Central Michigan,0.0,0.0,0.5,0.0
848,52022,Virshon Cotton,LIU,0.0,0.5,0.625,0.8846153846153846
849,52023,Jhivvan Jackson,UTSA,1.0,0.375,0.23529411764705882,0.6363636363636364
850,52025,Torrey Patton,Cleveland St.,0.0,0.2571428571428571,0.3541666666666667,0.9
851,52027,Eric Parrish,UTSA,0.8,0.5675675675675675,0.09090909090909091,1.0
852,52028,Ishmael El-Amin,Ball St.,0.0,0.4117647058823529,0.13953488372093023,0.8301886792452831
853,52038,Charles Bohannon,New Orleans,0.0,0.0,0.0,1.0
854,52058,Manny Patterson,Southeast Missouri St.,0.0,0.717948717948718,0.4,0.0
855,52059,Luke Loewe,William & Mary,0.0,0.24,0.13043478260869565,0.84
856,52063,Oscar da Silva,Stanford,0.8333333333333334,0.49612403100775193,0.35294117647058826,1.0
857,52082,D'Shawn Schwartz,Colorado,0.5,0.30303030303030304,0.10526315789473684,0.9565217391304348
858,52084,Ethan Thompson,Oregon St.,1.0,0.3090909090909091,0.23636363636363636,0.8181818181818182
859,52087,Alfred Hollins,Oregon St.,0.0,0.0,0.0,1.0
860,52088,Marcus Santos-Silva,Texas Tech,0.8571428571428571,0.5866666666666667,0.4444444444444444,0.0
861,52089,Jaylen Minnett,IU Indy,0.0,0.2857142857142857,0.11764705882352941,0.5121951219512195
862,52090,David Kachelries,Stephen F. Austin,1.0,0.3191489361702128,0.5714285714285714,0.9583333333333334
863,52091,Elijah Gonzales,Louisiana Monroe,0.0,0.15789473684210525,0.25,0.7777777777777778
864,52092,Kevion Nolan,Jacksonville,0.0,0.3125,0.07142857142857142,0.5652173913043478
865,52096,Ferron Flavors Jr.,Oklahoma St.,0.0,0.7142857142857143,0.0,0.8947368421052632
866,52099,CJ Jones,Northwestern St.,0.0,0.35714285714285715,0.25,0.6666666666666666
867,52110,Michael Flowers,South Alabama,0.0,0.22580645161290322,0.037037037037037035,0.4605263157894737
868,52117,Marreon Jackson,Toledo,0.0,0.16666666666666666,0.22580645161290322,0.6511627906976745
869,52120,Miles Lester,Wake Forest,0.0,0.0,0.0,0.0
870,52141,Kimani Lawrence,Arizona St.,1.0,0.7833333333333333,0.6428571428571429,1.0
871,52145,Marcus Weathers,Duquesne,0.7307692307692307,0.4782608695652174,0.17647058823529413,0.9230769230769231
872,52146,Eli Scott,Loyola Marymount,1.0,0.3577981651376147,0.13043478260869565,0.875
873,52147,Michael Weathers,Texas Southern,0.23076923076923078,0.13253012048192772,0.05555555555555555,0.5
874,52167,Quentin Scott,Texas St.,0.0,0.2222222222222222,0.36363636363636365,1.0
875,52175,Javan Johnson,Iowa St.,0.5,0.09090909090909091,0.041666666666666664,0.8
876,52188,Camron Greer,Dayton,0.0,0.0,0.0,0.0
877,52195,Cam Davis,Navy,0.0,0.25,0.18518518518518517,0.75
878,52202,Alec Loehr,Navy,1.0,0.8,0.0,0.0
879,52208,Mike Buckmire,Duke,0.0,0.0,0.0,0.0
880,52209,Jordan Perkins,North Carolina Central,0.0,0.16666666666666666,0.0,1.0
881,52213,Terrance Banyard,Arkansas Pine Bluff,0.75,0.45454545454545453,0.75,1.0
882,52215,Cameron Posey,Arkansas Pine Bluff,0.0,0.0,0.0,0.0
883,52220,Tyreke Key,Indiana St.,0.6666666666666666,0.2413793103448276,0.21428571428571427,0.8064516129032258
884,52230,Mamadou Doucoure,Rutgers,1.0,0.6,1.0,0.0
885,52240,Luke Loehr,Navy,0.0,0.875,1.0,1.0
886,52247,Brandon Houston,Alabama A&M,0.0,0.5,0.6666666666666666,1.0
887,52255,Javon Greene,George Mason,1.0,0.25806451612903225,0.16666666666666666,0.9473684210526315
888,52257,Jamir Harris,American,0.0,0.3333333333333333,0.0,0.6666666666666666
889,52258,Myles Cale,Seton Hall,0.8571428571428571,0.5892857142857143,0.3333333333333333,0.8888888888888888
890,52259,Elijah Olaniyi,Miami FL,0.875,0.46296296296296297,0.4,0.8095238095238095
891,52260,Cameron Bowles,North Carolina Central,1.0,0.7,1.0,0.0
892,52261,Bryce Fowler,Sacramento St.,0.0,0.15217391304347827,0.13157894736842105,0.8461538461538461
893,52265,Nehemiah Mack,Manhattan,0.0,0.0,0.0,0.0
894,52268,Zachary Simmons,North Texas,0.9411764705882353,0.5529411764705883,0.2,1.0
895,52269,James Lewis Jr.,Appalachian St.,1.0,0.44642857142857145,0.6666666666666666,0.0
896,52275,Dalonte Brown,Miami OH,0.6666666666666666,0.6136363636363636,0.3076923076923077,0.85
897,52276,Dominick Pickett,UC Riverside,0.0,0.26666666666666666,0.4,0.9393939393939394
898,52279,Justin Forrest,Appalachian St.,0.0,0.07692307692307693,0.19047619047619047,0.8541666666666666
899,52282,Josh Carlton,Connecticut,0.8333333333333334,0.5769230769230769,0.0,0.0
900,52289,Michael Carter III,Long Beach St.,1.0,0.26666666666666666,0.16666666666666666,0.7058823529411765
901,52290,Hameir Wright,Washington,0.6666666666666666,0.2631578947368421,0.14285714285714285,0.8275862068965517
902,52293,Alex Watson,Sacred Heart,0.0,0.35714285714285715,0.1,0.9444444444444444
903,52294,E.J. Anosike,Tennessee,0.0,0.7,0.3333333333333333,0.0
904,52307,Myles Carter,Delaware St.,0.0,0.15384615384615385,0.11538461538461539,0.5
905,52308,Johquin Wiley,Delaware St.,0.0,0.0,0.2222222222222222,0.7083333333333334
906,52312,Ameer Bennett,Delaware St.,1.0,0.8461538461538461,0.4444444444444444,1.0
907,52315,Will Jackowitz,Boston College,0.0,0.0,0.0,0.0
908,52319,"Shavar Reynolds, Jr.",Seton Hall,0.0,0.16,0.043478260869565216,0.8181818181818182
909,52325,Sam Holtze,Boston College,0.0,0.0,0.0,1.0
910,52330,Carl Pierre,Massachusetts,0.0,0.3125,0.5555555555555556,1.0
911,52335,Michael Ertel,UAB,0.0,0.16216216216216217,0.28125,0.7647058823529411
912,52336,Myles Hutchinson,McNeese St.,0.0,1.0,0.25,0.2
913,52341,Tucker Blackwell,Army,0.0,0.5,0.42857142857142855,1.0
914,52343,Alex King,Army,0.6,0.2903225806451613,0.09090909090909091,1.0
915,52344,Gilles Dekoninck,UTEP,0.0,1.0,1.0,0.0
916,52346,Eral Penn,LIU,0.8260869565217391,0.6629213483146067,0.75,1.0
917,52348,Deshaun Highler,Sacramento St.,0.0,0.16666666666666666,0.2,0.6666666666666666
918,52351,Myles Fitzgerald-Warren,Washington St.,0.0,0.0,0.0,1.0
919,52353,Babacar Thiombane,Idaho,1.0,0.5833333333333334,0.3333333333333333,0.5
920,52356,Melik Martin,Monmouth,0.6666666666666666,0.6304347826086957,0.5416666666666666,0.8695652173913043
921,52357,George Papas,Monmouth,0.5,0.5909090909090909,0.42857142857142855,0.7659574468085106
922,52371,Kameron Langley,North Carolina A&T,0.0,0.10638297872340426,0.0,0.6
923,52376,Yauhen Massalski,San Diego,1.0,0.625,0.4117647058823529,0.0
924,52384,C.J. Baird,Michigan,0.0,0.0,0.0,0.0
925,52389,Lonnie Grayson,Army,0.0,0.10344827586206896,0.25,0.8627450980392157
926,52394,Mark Madden,Army,0.0,0.5,1.0,1.0
927,52458,Tyler Barnes,Alabama,0.0,1.0,0.0,0.0
928,65428,Darius Quisenberry,Youngstown St.,0.0,0.25925925925925924,0.07692307692307693,0.6111111111111112
929,65430,Demetrius Mims,Towson,0.2,0.2916666666666667,0.6666666666666666,1.0
930,65432,B.J. Shaw,UC Davis,0.0,0.42857142857142855,0.0,0.0
931,65433,Caleb Fuller,UC Davis,0.0,0.375,0.0,1.0
932,65434,Will Johnson,Oregon,0.0,0.0,0.0,0.0
933,65435,Travis Anderson,Charleston Southern,0.0,0.0,0.0,1.0
934,65436,Brandon Slater,Villanova,0.8333333333333334,0.5217391304347826,0.0,1.0
935,65437,Luis Hurtado Jr.,Bryant,0.0,0.1935483870967742,0.0,1.0
936,65439,Geoff Hamperian,Youngstown St.,0.0,0.5,1.0,1.0
937,65440,Tim Fuller,Utah Valley,1.0,0.631578947368421,1.0,0.0
938,65441,Damion Squire,UC Davis,0.0,0.22727272727272727,0.3333333333333333,0.9090909090909091
939,65442,Kihei Clark,Virginia,0.0,0.09302325581395349,0.13636363636363635,0.8
940,65444,Mason McMurray,Ohio,0.0,0.5,0.0,1.0
941,65446,Taylor Currie,Akron,0.0,0.5,1.0,0.0
942,65448,William McNair,New Mexico St.,1.0,0.8461538461538461,0.2,1.0
943,65449,Addison Wallace,Texas St.,0.0,0.6,0.0,0.0
944,65450,Nate Laszewski,Notre Dame,0.875,0.7121212121212122,0.35294117647058826,1.0
945,65451,Prentiss Hubb,Notre Dame,0.0,0.14,0.15789473684210525,0.5230769230769231
946,65453,Kevin Schutte,Hofstra,0.6666666666666666,0.4666666666666667,0.0,0.0
947,65454,Kody Stattmann,Virginia,1.0,0.6,0.0,0.0
948,65455,Jordan Love,Southeast Missouri St.,1.0,0.25,0.2727272727272727,1.0
949,65456,Tanner Groves,Eastern Washington,0.8888888888888888,0.6274509803921569,0.24,0.9545454545454546
950,65457,Kim Aiken Jr.,Eastern Washington,0.8,0.46153846153846156,0.14285714285714285,0.875
951,65459,Leaky Black,North Carolina,0.0,0.23809523809523808,0.25925925925925924,1.0
952,65460,Loseni Kamara,Jacksonville,0.0,0.0,0.0,0.75
953,65461,Nana Opoku,Mount St. Mary's,0.65,0.45901639344262296,0.7058823529411765,1.0
954,65463,Avery Benson,Texas Tech,0.0,0.3333333333333333,0.0,1.0
955,65464,Mohammed Abdulsalam,UNC Greensboro,0.25,0.36,0.14285714285714285,0.0
956,65465,Victor Bafutto,Mercer,0.5,0.8,0.0,0.0
957,65466,Angelo Allegri,UNC Greensboro,0.6666666666666666,0.34615384615384615,0.0,0.8541666666666666
958,65468,Deandre Thomas,Mount St. Mary's,0.0,0.0,0.42857142857142855,0.8518518518518519
959,65469,Robert Allen,Mississippi,0.6,0.3333333333333333,0.5555555555555556,1.0
960,65471,Stevan Krtinic,St. Francis NY,0.0,0.0,0.0,1.0
961,65472,Larry Moreno,St. Francis NY,0.0,0.125,0.0,0.8461538461538461
962,65475,Gabe Watson,Tulane,0.6666666666666666,0.23809523809523808,0.25,0.8181818181818182
963,65479,Hunter Tyson,Clemson,1.0,0.6875,0.4444444444444444,1.0
964,65480,Montez Mathis,Rutgers,0.5555555555555556,0.4883720930232558,0.5263157894736842,1.0
965,65481,Caleb McConnell,Rutgers,0.6666666666666666,0.3333333333333333,0.15789473684210525,0.8
966,65483,Eric Hunter Jr.,Purdue,0.0,0.36,0.16,0.5909090909090909
967,65487,MJ Randolph,Florida A&M,0.0,0.2807017543859649,0.17777777777777778,0.0
968,65488,Cameron Healy,Albany,0.0,0.5,0.5,0.6666666666666666
969,65489,Jermaine Couisnard,South Carolina,0.0,0.2,0.0,0.8076923076923077
970,65492,Colin Castleton,Florida,0.9130434782608695,0.569620253164557,0.21875,0.0
971,65493,David DeJulius,Cincinnati,0.0,0.3181818181818182,0.12,0.625
972,65494,Ricky Lindo Jr.,George Washington,0.3333333333333333,0.34782608695652173,0.2857142857142857,0.3333333333333333
973,65496,Thomas Kithier,Michigan St.,0.0,0.8846153846153846,0.0,0.0
974,65497,Aaron Henry,Michigan St.,0.6,0.47368421052631576,0.3902439024390244,0.9166666666666666
975,65500,Christian Bishop,Creighton,0.9791666666666666,0.6535433070866141,0.3076923076923077,1.0
976,65501,Marcus Zegarowski,Creighton,0.0,0.10638297872340426,0.05714285714285714,0.65
977,65502,Bryce Golden,Butler,1.0,0.7246376811594203,0.5714285714285714,1.0
978,65503,Markeese Hastings,Butler,0.0,1.0,0.0,0.0
979,65504,Efe Odigie,UTEP,0.0,0.6470588235294118,0.45454545454545453,0.0
980,65505,Paul Djoko,Northern Kentucky,0.0,0.5,0.0,1.0
981,65506,Greg Williams Jr.,St. John's,1.0,0.5757575757575758,0.3333333333333333,0.9230769230769231
982,65507,Marcellus Earlington,St. John's,0.0,0.76,0.4444444444444444,0.9259259259259259
983,65508,Adrian Rodriguez,UTSA,0.0,0.5454545454545454,0.0,0.0
984,65509,DeVon Baker,UNC Asheville,0.0,0.2857142857142857,0.18181818181818182,0.5384615384615384
985,65510,Coty Jude,UNC Asheville,0.0,0.5,0.25,0.9142857142857143
986,65512,Luke Lawson,UNC Asheville,0.0,0.5,1.0,1.0
987,65513,Junior Ballard,Fresno St.,0.0,0.25,0.0,0.972972972972973
988,65514,Filip Rebraca,North Dakota,0.6,0.45348837209302323,0.4657534246575342,1.0
989,65517,Josh LeBlanc Sr.,LSU,0.6,0.6060606060606061,1.0,0.0
990,65518,Deante Johnson,Cleveland St.,0.7894736842105263,0.7142857142857143,0.42105263157894735,0.0
991,65519,Mac McClung,Texas Tech,1.0,0.20454545454545456,0.19298245614035087,0.7021276595744681
992,65525,Tariq Silver,Oregon St.,0.0,0.0,0.25,0.6
993,65528,Onyi Eyisi,Fordham,1.0,1.0,0.6666666666666666,0.0
994,65529,Aljaz Kunc,Washington St.,0.0,0.5555555555555556,0.8333333333333334,1.0
995,65530,Joey Hauser,Michigan St.,1.0,0.5,0.5555555555555556,1.0
996,65533,Shandon Brown,Niagara,0.0,0.16666666666666666,0.3,1.0
997,65534,Mezie Offurum,Mount St. Mary's,0.8333333333333334,0.36585365853658536,0.391304347826087,1.0
998,65535,Trey Hopkins,Seattle,0.0,0.0,0.0,1.0
999,65536,Riley Grigsby,Seattle,1.0,0.5135135135135135,0.20588235294117646,0.8333333333333334
1000,65537,Jacob Eyman,Portland St.,0.8333333333333334,0.5416666666666666,0.5,0.0
1001,65538,Jamal Gaines,UT Rio Grande Valley,0.0,1.0,0.0,0.0
1002,65539,Quinton Johnson II,UT Rio Grande Valley,0.0,0.5,0.5454545454545454,0.8125
1003,65540,Uche Dibiamaka,UT Rio Grande Valley,1.0,0.5294117647058824,0.3,1.0
1004,65541,Jermaine Harris,Rhode Island,0.0,0.4444444444444444,0.5714285714285714,0.0
1005,65542,Luke Frampton,Western Kentucky,0.0,0.8,0.5,0.9607843137254902
1006,65543,David Azore,UT Arlington,0.0,0.2222222222222222,0.5238095238095238,0.9090909090909091
1007,65544,Andre Ball,Pepperdine,1.0,0.7,0.0,1.0
1008,65546,Jared Rodriguez,San Diego,0.5,0.4444444444444444,0.7142857142857143,1.0
1009,65547,Aaron Wheeler,Purdue,0.8571428571428571,0.5714285714285714,1.0,1.0
1010,65550,Josiah Strong,Illinois St.,0.2,0.25,0.037037037037037035,0.8421052631578947
1011,65552,Jerry Higgins III,The Citadel,0.0,0.25,0.0,1.0
1012,65553,Dimitri Georgiadis,IU Indy,0.0,0.0,0.0,0.0
1013,65554,Donovann Toatley,Monmouth,0.0,0.09090909090909091,0.0,0.7272727272727273
1014,65558,Maurice Commander,Illinois Chicago,0.0,0.0,0.0,0.6875
1015,65559,Robert Swanson,Furman,0.0,0.0,0.5,0.0
1016,65562,Junior Farquhar,Eastern Illinois,0.0,0.25,0.0,1.0
1017,65563,Kyler Edwards,Texas Tech,0.5,0.5,0.3333333333333333,0.8035714285714286
1018,65564,Josh Mballa,Buffalo,0.6923076923076923,0.46236559139784944,0.47619047619047616,1.0
1019,65566,Jose Perez,Marquette,0.0,0.5,0.0,1.0
1020,65568,McKade Marquis,UT Arlington,0.0,0.0,1.0,0.0
1021,65570,Zay Williams,Troy,0.8235294117647058,0.532258064516129,0.3870967741935484,1.0
1022,65573,Jakub Dombek,Hartford,0.0,0.0,0.0,1.0
1023,65574,Vincent Lee,Cal St. Fullerton,1.0,0.6976744186046512,0.3888888888888889,0.0
1024,65575,K.J. Hymes,Nevada,0.8947368421052632,0.7297297297297297,0.6428571428571429,1.0
1025,65576,Jalen Townsell,Sacramento St.,0.0,1.0,1.0,0.0
1026,65577,Daylen Kountz,Northern Colorado,0.6,0.08333333333333333,0.0,0.7692307692307693
1027,65580,Quentin Grimes,Houston,0.375,0.2619047619047619,0.22580645161290322,0.75
1028,65581,Shaun Williams,Cal St. Bakersfield,0.5,0.25,0.25,0.7777777777777778
1029,65582,Austin Trice,Old Dominion,0.8666666666666667,0.625,0.7777777777777778,0.0
1030,65583,David McCormack,Kansas,0.7857142857142857,0.6307692307692307,0.6,1.0
1031,65584,Jamal Bieniemy,UTEP,0.0,0.15384615384615385,0.07407407407407407,0.875
1032,65586,Isaac Likekele,Oklahoma St.,1.0,0.39705882352941174,0.4,0.875
1033,65587,Maurice Calloo,Oregon St.,1.0,0.625,0.7647058823529411,1.0
1034,65588,Duncan Demuth,Vermont,0.0,0.0,0.0,1.0
1035,65589,Kendric Davis,SMU,0.0,0.14285714285714285,0.18181818181818182,0.56
1036,65590,Kaden Archie,Georgia Southern,0.0,0.23809523809523808,0.0,1.0
1037,65591,Arashma Parks,Temple,0.0,1.0,1.0,0.0
1038,65593,Adam Seiko,San Diego St.,0.0,0.75,1.0,0.9259259259259259
1039,65595,Iran Bennett,Marshall,0.0,0.0,0.0,0.0
1040,65596,Taevion Kinsey,Marshall,0.7391304347826086,0.5102040816326531,0.3125,0.7894736842105263
1041,65597,Jeremy Dillon,Marshall,0.0,0.0,0.0,0.0
1042,65599,Sloan Seymour,George Washington,0.0,0.0,1.0,1.0
1043,65600,Cory Hightower,Western Carolina,0.0,0.44776119402985076,0.0,1.0
1044,65604,Cress Worthy,UNC Asheville,0.0,1.0,0.0,0.0
1045,65605,Josiah Jeffers,Radford,0.0,0.3333333333333333,0.08333333333333333,0.7692307692307693
1046,65606,Cooper Kaifes,Loyola Chicago,0.0,0.0,0.0,0.8333333333333334
1047,65607,Mitch Listau,Belmont,0.0,0.6,0.3333333333333333,1.0
1048,65608,Cameron Burrell,Western Illinois,0.5,0.5185185185185185,0.5833333333333334,1.0
1049,65609,Robin Duncan,Vermont,0.0,0.16666666666666666,1.0,1.0
1050,65610,Ryan Davis,Vermont,0.5,0.6101694915254238,0.3157894736842105,0.8823529411764706
1051,65612,Ben Stanley,Xavier,0.0,0.6,0.6,0.0
1052,65618,Yuat Alok,Coppin St.,1.0,0.5909090909090909,0.6363636363636364,1.0
1053,65619,Kaosi Ezeagu,Kansas St.,0.8333333333333334,0.7777777777777778,0.4,0.0
1054,65622,Luke Avdalovic,Northern Arizona,0.0,0.3333333333333333,0.36363636363636365,0.8974358974358975
1055,65623,Nik Mains,Northern Arizona,0.5,0.5416666666666666,0.6666666666666666,1.0
1056,65625,Nick Guadarrama,New Hampshire,0.0,0.28,0.47058823529411764,0.9565217391304348
1057,65626,Jayden Martinez,New Hampshire,0.8,0.358974358974359,0.3125,0.9166666666666666
1058,65627,Jack Clark,La Salle,0.6153846153846154,0.6206896551724138,0.25925925925925924,0.9
1059,65628,Ed Croswell,Providence,1.0,0.44,0.0,0.0
1060,65629,Jared Kimbrough,La Salle,0.6,0.5853658536585366,0.2,0.0
1061,65630,Jahvon Quinerly,Alabama,0.0,0.06756756756756757,0.0,0.5769230769230769
1062,65633,Jalen Slawson,Furman,0.5454545454545454,0.5405405405405406,0.15384615384615385,1.0
1063,65634,Carlos Curtis,SIU Edwardsville,0.0,0.3333333333333333,0.0,0.7142857142857143
1064,65635,Daivien Williamson,Wake Forest,0.0,0.11627906976744186,0.0,0.8181818181818182
1065,65636,Mike Bothwell,Furman,0.0,0.25609756097560976,0.15789473684210525,0.896551724137931
1066,65637,Jaylon Pugh,Furman,0.0,0.16666666666666666,0.0,0.875
1067,65638,Isaiah Poor Bear-Chandler,Wichita St.,0.0,0.3,1.0,1.0
1068,65639,Dre Fuller Jr.,UCF,0.3333333333333333,0.45454545454545453,0.2857142857142857,0.75
1069,65641,Chris Ford,Norfolk St.,0.8333333333333334,0.7,0.6,0.0
1070,65644,Bryce Workman,Jacksonville,0.3333333333333333,0.4696969696969697,0.5714285714285714,1.0
1071,65645,Tyreese Davis,Jacksonville,0.0,0.35555555555555557,0.09523809523809523,0.9523809523809523
1072,65649,Mason Harrell,Texas St.,0.0,0.19230769230769232,0.09803921568627451,0.7352941176470589
1073,65650,Jacobi Gordon,Louisiana,0.0,0.42857142857142855,1.0,0.9285714285714286
1074,65651,Connor Vanover,Arkansas,0.8695652173913043,0.6578947368421053,0.875,1.0
1075,65652,Jack Schoemann,Cal St. Bakersfield,0.0,1.0,0.0,0.0
1076,65654,Andre Kelly,California,1.0,0.6470588235294118,0.5652173913043478,0.0
1077,65655,Matt Bradley,California,0.5,0.2608695652173913,0.3333333333333333,0.5
1078,65656,Rashun Williams,South Florida,1.0,1.0,1.0,0.9230769230769231
1079,65657,CJ White,Little Rock,0.0,0.0,0.38461538461538464,0.7272727272727273
1080,65658,Feron Hunt,SMU,0.875,0.7678571428571429,0.3333333333333333,0.8
1081,65659,Zion Griffin,Illinois Chicago,1.0,0.2,0.4,0.7692307692307693
1082,65660,Jahmar Young Jr.,SMU,0.6666666666666666,0.6666666666666666,0.0,0.0
1083,65662,George Conditt IV,Iowa St.,0.875,0.7142857142857143,0.2,0.0
1084,65665,Connor Crabtree,Richmond,0.0,0.3333333333333333,0.0,1.0
1085,65666,Moses Wood,UNLV,1.0,0.3181818181818182,0.6666666666666666,0.9523809523809523
1086,65668,Jamarius Burton,Texas Tech,0.0,0.5,0.25,0.8
1087,65669,Dexter Dennis,Wichita St.,0.4,0.3333333333333333,0.5,0.84375
1088,65670,Tavin Lovan,UAB,0.36363636363636365,0.3076923076923077,0.125,1.0
1089,65671,Larry Wise,North Texas,0.0,0.0,0.0,1.0
1090,65672,Payton Moore,Rice,0.0,0.3181818181818182,0.25,0.875
1091,65674,Drew Peterson,USC,0.7142857142857143,0.358974358974359,0.225,0.9428571428571428
1092,65675,Trey Murphy III,Virginia,0.8260869565217391,0.7575757575757576,0.36363636363636365,0.9423076923076923
1093,65676,Quentin Millora-Brown,Vanderbilt,1.0,0.8,0.5,0.0
1094,65677,Chris Mullins,Rice,0.0,0.375,0.35294117647058826,0.8421052631578947
1095,65681,Antwuan Butler,NJIT,0.0,0.09090909090909091,0.07692307692307693,0.7
1096,65683,Rey Idowu,Tulsa,0.75,0.7352941176470589,0.48484848484848486,0.0
1097,65685,Hunter Marks,Hartford,0.5555555555555556,0.38636363636363635,0.25,0.9090909090909091
1098,65687,Sekou Toure,UC Santa Barbara,0.0,0.5714285714285714,0.3333333333333333,1.0
1099,65690,Xavier Johnson,Pittsburgh,0.6,0.20454545454545456,0.09090909090909091,0.64
1100,65691,Donatas Kupsas,Weber St.,0.0,0.5,0.0,0.0
1101,65692,Trevion Williams,Purdue,0.75,0.494949494949495,0.3010752688172043,0.0
1102,65693,Jordan Henderson,Canisius,0.0,0.2,0.2857142857142857,0.9047619047619048
1103,65696,Bryce Laskey,Saint Francis,0.0,0.5714285714285714,0.45454545454545453,0.8571428571428571
1104,65701,Jason Preston,Ohio,0.5,0.4067796610169492,0.25,0.8333333333333334
1105,65702,Solomon Uyaelunmo,Towson,0.5,0.25,0.4166666666666667,0.0
1106,65703,Quinn Blair,William & Mary,0.0,0.375,0.5,1.0
1107,65704,Chase Audige,Northwestern,0.6,0.358974358974359,0.10714285714285714,0.6410256410256411
1108,65705,L.J. Owens,UMBC,0.0,0.11764705882352941,0.1111111111111111,0.7941176470588235
1109,65706,Thornton Scott,William & Mary,0.0,0.0,0.0,1.0
1110,65708,Jakigh Dottin,Towson,0.0,0.1111111111111111,0.5,0.6666666666666666
1111,65709,Allen Betrand,Rhode Island,0.0,0.08333333333333333,0.2,0.8
1112,65710,Mehkel Harvey,William & Mary,1.0,0.6666666666666666,0.5,0.0
1113,65713,Juan Ducasse,Santa Clara,0.0,0.0,0.0,0.0
1114,65714,Landers Nolley II,Memphis,0.6666666666666666,0.30434782608695654,0.46153846153846156,0.9384615384615385
1115,65716,Isaiah Wilkins,Wake Forest,0.0,0.3333333333333333,0.5,1.0
1116,65717,Robert Braswell,Syracuse,1.0,0.7,1.0,0.8823529411764706
1117,65718,Jalen Carey,Rhode Island,0.5,0.2692307692307692,0.125,0.0
1118,65719,Marque Maultsby,New Hampshire,1.0,0.3,0.1111111111111111,0.6923076923076923
1119,65720,Raiquan Gray,Florida St.,0.4166666666666667,0.36363636363636365,0.17142857142857143,0.625
1120,65721,Dallas Watson,Saint Peter's,0.0,0.75,0.16666666666666666,0.8
1121,65723,Rod Brown,New Mexico,0.75,0.6071428571428571,0.5,0.0
1122,65724,Michael Wynn,Akron,0.0,0.23529411764705882,0.25,0.7
1123,65727,Bryce Hamilton,UNLV,0.6,0.3584905660377358,0.08235294117647059,0.5625
1124,65728,Collin Welp,UC Irvine,0.5,0.3559322033898305,0.31343283582089554,0.8333333333333334
1125,65730,Zach Chappell,Sacramento St.,1.0,0.13333333333333333,0.3333333333333333,0.875
1126,65731,Miles Norris,UC Santa Barbara,0.8181818181818182,0.6428571428571429,0.6190476190476191,0.8571428571428571
1127,65732,Kaison Hammonds,San Jose St.,0.0,0.0,0.0,1.0
1128,65733,Seneca Knight,San Jose St.,0.0,0.0,0.0,1.0
1129,65734,Brandon Knapper,Eastern Kentucky,0.0,0.0,0.16666666666666666,0.8333333333333334
1130,65735,Stanley Henderson Jr.,Samford,1.0,0.8,0.0,0.0
1131,65736,Maizen Fausett,Southern Utah,1.0,0.42857142857142855,0.26666666666666666,1.0
1132,65738,Caleb Nero,North Dakota,0.0,0.2857142857142857,0.0,0.7666666666666667
1133,65740,Dima Zdor,Grand Canyon,1.0,0.6,0.0,0.0
1134,65741,Antonio Rizzuto,Albany,1.0,0.48,0.2,0.868421052631579
1135,65743,Erik Stevenson,Washington,1.0,0.3181818181818182,0.32142857142857145,0.8648648648648649
1136,65744,Morris Udeze,Wichita St.,1.0,0.7142857142857143,0.6,0.0
1137,65748,Sharone Wright,Morgan St.,0.0,0.6,0.0,1.0
1138,65750,Madiaw Niang,Florida Atlantic,0.0,0.75,0.6666666666666666,0.0
1139,65751,Logan Johnson,Saint Mary's,0.3333333333333333,0.140625,0.07692307692307693,1.0
1140,65753,Jairus Hamilton,Maryland,1.0,0.5789473684210527,0.625,0.972972972972973
1141,65754,Caleb Catto,Florida Gulf Coast,0.0,0.4090909090909091,0.5,0.775
1142,65755,Zach Scott,McNeese St.,0.0,0.0,0.5,1.0
1143,65758,Matt Gray,UC San Diego,0.0,0.5,0.0,0.8333333333333334
1144,65759,Liam Robbins,Minnesota,1.0,0.7083333333333334,0.6666666666666666,0.9411764705882353
1145,65760,Jawaun Newton,Evansville,0.0,0.2857142857142857,0.3225806451612903,0.84
1146,65761,Shamar Givance,Evansville,0.0,0.047619047619047616,0.14285714285714285,0.65625
1147,65763,Logan Dye,Samford,0.6666666666666666,0.5625,0.2777777777777778,1.0
1148,65764,Ralph Bissainthe,Central Michigan,0.42857142857142855,0.2,0.5,0.8947368421052632
1149,65767,D.J. Funderburk,N.C. State,0.8260869565217391,0.5584415584415584,0.5454545454545454,1.0
1150,65770,Ithiel Horton,Pittsburgh,0.0,0.6363636363636364,0.3888888888888889,0.9302325581395349
1151,65773,Matey Juric,Drexel,0.0,0.3333333333333333,0.0,1.0
1152,65774,Camren Wynter,Drexel,0.0,0.3611111111111111,0.1320754716981132,0.7058823529411765
1153,65777,Jay Nagle,UC Santa Barbara,0.0,1.0,0.0,1.0
1154,65778,Amadou Sow,UC Santa Barbara,0.8235294117647058,0.6746987951807228,0.65,1.0
1155,65779,Souleymane Diakite,NJIT,1.0,0.5652173913043478,0.375,0.0
1156,65781,Kjell de Graaf,NJIT,0.3333333333333333,0.5454545454545454,0.6666666666666666,1.0
1157,65783,Cantavio Dutreil,Sacred Heart,1.0,0.48717948717948717,0.7142857142857143,0.0
1158,65784,Aleksa Matic,North Alabama,0.0,0.0,0.0,1.0
1159,65785,Ahsan Asadullah,Lipscomb,0.0,0.3783783783783784,0.325,0.0
1160,65786,Cameron Parker,Montana,0.0,0.11627906976744186,0.0,0.6666666666666666
1161,65789,Aaron Clarke,Sacred Heart,0.0,0.2857142857142857,0.0,0.875
1162,65790,Cameron Wilbon,Robert Morris,1.0,0.42857142857142855,0.35714285714285715,1.0
1163,65792,Koreem Ozier,Louisiana Monroe,0.0,0.2553191489361702,0.09523809523809523,0.7631578947368421
1164,65794,Myles Thompson,Saint Francis,0.0,0.5405405405405406,0.7,0.9411764705882353
1165,65797,Marcus Bingham Jr.,Michigan St.,0.7333333333333333,0.64,0.6666666666666666,0.0
1166,65798,Zac Watson,Longwood,1.0,0.6071428571428571,0.2,0.0
1167,65800,Charles Bassey,Western Kentucky,0.9142857142857143,0.7318840579710145,0.6052631578947368,0.9444444444444444
1168,65801,Jeremiah Gambrell,Prairie View A&M,0.0,0.5,0.25,0.8947368421052632
1169,65803,Dalano Banton,Nebraska,0.6666666666666666,0.4090909090909091,0.18181818181818182,0.8421052631578947
1170,65806,Oddyst Walker,Alcorn St.,0.0,0.14285714285714285,0.2222222222222222,0.8181818181818182
1171,65808,Jock Hughes,Prairie View A&M,0.0,0.0,0.0,1.0
1172,65809,Caden Sanchez,High Point,1.0,0.47368421052631576,1.0,1.0
1173,65811,Trey Woodbury,Utah Valley,0.6666666666666666,0.46153846153846156,0.3611111111111111,0.8666666666666667
1174,65813,Austin Smellie,Idaho St.,0.0,0.42857142857142855,0.5,0.9473684210526315
1175,65814,Foster Loyer,Michigan St.,0.0,1.0,0.5,0.8235294117647058
1176,65815,Brandon Johns Jr.,Michigan,0.6666666666666666,0.6451612903225806,0.8,0.8571428571428571
1177,65817,Adrien Nunez,Michigan,0.0,0.0,0.0,0.0
1178,65819,Alex Jones,Lipscomb,0.0,0.5,0.0,1.0
1179,65821,Adam Lulka,Albany,0.0,0.6111111111111112,0.0,0.0
1180,65823,KeShawn Curry,VCU,0.5,0.43478260869565216,0.25,0.75
1181,65827,Pedro Bradshaw,Bellarmine,0.6666666666666666,0.48214285714285715,0.21621621621621623,0.8823529411764706
1182,65829,Bryan Penn-Johnson,LSU,0.0,0.0,0.0,0.0
1183,65833,Isaac Chatman,North Alabama,1.0,0.21052631578947367,0.14285714285714285,0.0
1184,65834,Milos Stajcic,Campbell,1.0,0.7857142857142857,0.18181818181818182,1.0
1185,65835,Spencer Johnson,BYU,0.0,0.3333333333333333,0.2,1.0
1186,65836,Michael Forrest,Florida Atlantic,0.0,0.038461538461538464,0.6666666666666666,0.7884615384615384
1187,65838,"Antonio Daye, Jr.",FIU,0.0,0.08860759493670886,0.2,0.29411764705882354
1188,65839,Chris Doherty,Northeastern,0.0,0.6666666666666666,0.0,0.0
1189,65840,Stacey Thomas,Louisiana Tech,0.6666666666666666,0.7142857142857143,0.0,0.0
1190,65841,Isaiah Mucius,Wake Forest,0.0,0.375,0.15789473684210525,0.9629629629629629
1191,65843,Jamal Bey,Washington,1.0,0.34285714285714286,0.10526315789473684,0.7631578947368421
1192,65848,Trey Jemison,UAB,0.8,0.5283018867924528,0.4,0.0
1193,65849,John Newman III,Clemson,1.0,0.4117647058823529,0.3333333333333333,0.875
1194,65851,Robert Brown,Iona,0.0,0.5,0.0,0.0
1195,65852,Wynston Tabbs,Boston College,0.0,0.0,0.2222222222222222,0.5555555555555556
1196,65853,Chris Herren Jr.,San Diego,0.0,0.0,0.0,0.0
1197,65856,Nathan Mensah,San Diego St.,0.8095238095238095,0.7058823529411765,0.7058823529411765,0.0
1198,65858,Will Richardson,Oregon,0.0,0.125,0.07692307692307693,0.6
1199,65859,Joel Mensah,James Madison,0.0,0.0,0.0,0.0
1200,65861,Christian Anigwe,UC Davis,1.0,0.6388888888888888,0.5,0.0
1201,65863,George Maslennikov,Canisius,1.0,0.6,0.2,1.0
1202,65864,Alonzo Sule,Texas St.,0.6666666666666666,0.6666666666666666,0.52,0.0
1203,65865,Ja'Shon Henry,Bradley,0.7,0.5142857142857142,0.2692307692307692,0.875
1204,65866,Darius McGhee,Liberty,1.0,0.34375,0.2916666666666667,0.8192771084337349
1205,65867,Rasir Bolton,Iowa St.,0.42857142857142855,0.11666666666666667,0.08571428571428572,0.45454545454545453
1206,65868,Sam Shafer,Albany,0.0,0.5,1.0,0.0
1207,65869,Ari Boya,Bradley,1.0,0.8,0.6,0.0
1208,65870,Eli Parquet,Colorado,0.8571428571428571,0.5555555555555556,0.2222222222222222,0.8695652173913043
1209,65871,Samuel Chaput,Monmouth,0.0,0.08333333333333333,0.125,0.5
1210,65872,Nikkei Rutty,Monmouth,0.75,0.7037037037037037,0.0,0.0
1211,65873,Raheem Solomon,Niagara,0.0,0.5384615384615384,0.05555555555555555,0.8888888888888888
1212,65874,Marcus Hammond,Niagara,0.0,0.17857142857142858,0.15,0.6
1213,65876,Steven Levnaic,Niagara,0.0,1.0,0.0,0.0
1214,65878,Tyrel Bladen,Rider,1.0,0.8181818181818182,0.45454545454545453,0.0
1215,65879,Jalen Pickett,Siena,0.0,0.3333333333333333,0.18518518518518517,0.4642857142857143
1216,65880,Ousmane Ndim,LIU,0.0,0.0,0.0,0.0
1217,65883,Justin Bean,Utah St.,0.75,0.6103896103896104,0.8157894736842105,1.0
1218,65888,Cole Swider,Villanova,0.0,0.4444444444444444,0.8,0.8571428571428571
1219,65890,Jake Forrester,Temple,1.0,0.7317073170731707,0.6,0.0
1220,65892,Jerome Hunter,Indiana,0.8333333333333334,0.6363636363636364,0.25,0.88
1221,65893,Rob Phinisee,Indiana,1.0,0.2903225806451613,0.07692307692307693,0.72
1222,65894,Dragan Elkaz,UC Riverside,0.0,0.0,0.0,0.0
1223,65896,Tuukka Jaakkola,Cal Poly,1.0,0.782608695652174,0.5714285714285714,0.0
1224,65899,Tim Finke,Wright St.,0.5,0.4666666666666667,0.125,0.9069767441860465
1225,65902,Deshon Parker,Appalachian St.,0.0,0.0,0.0,1.0
1226,65903,Warren Williams,Manhattan,0.9,0.7230769230769231,0.43478260869565216,0.0
1227,65907,Markquis Nowell,Little Rock,0.0,0.26666666666666666,0.0,0.4666666666666667
1228,65909,Tomas Verbinskis,Lafayette,0.0,0.0,0.5,1.0
1229,65911,Adrian Delph,Appalachian St.,0.25,0.32432432432432434,0.1,0.7833333333333333
1230,65913,Ben Pyle,San Diego,0.0,0.2857142857142857,0.5,0.9333333333333333
1231,65914,Luis Rodriguez,Mississippi,0.5,0.2549019607843137,0.7142857142857143,1.0
1232,65916,D.J. Stewart Jr.,Mississippi St.,0.625,0.38,0.32142857142857145,0.75
1233,65918,Amari Kelly,Duquesne,0.0,0.5,0.5,1.0
1234,65920,Rico Ozuna-Harrison,Michigan,0.0,0.0,0.0,0.0
1235,65922,Sidney Wilson,SIU Edwardsville,0.8888888888888888,0.5106382978723404,0.4,0.8823529411764706
1236,65923,Tyler Harris,Iowa St.,0.0,0.4375,0.0,0.7948717948717948
1237,65924,Alex Lomax,Memphis,0.0,0.4,0.058823529411764705,0.6666666666666666
1238,65925,Antwann Jones,Creighton,0.0,0.5,0.1,1.0
1239,65926,Jayden Hardaway,Memphis,0.5,0.3333333333333333,0.125,0.8333333333333334
1240,65927,Ryan Boyce,Georgia St.,0.0,0.5833333333333334,0.8571428571428571,1.0
1241,65928,Madut Akec,South Florida,0.0,0.4,1.0,0.8571428571428571
1242,65929,Xavier Castaneda,South Florida,0.0,0.0,0.16,0.5833333333333334
1243,65930,Michael Durr,South Florida,1.0,0.45161290322580644,0.5555555555555556,1.0
1244,65932,Race Thompson,Indiana,0.9166666666666666,0.6785714285714286,0.5357142857142857,1.0
1245,65933,Jabari Rice,New Mexico St.,0.3333333333333333,0.4,0.2727272727272727,0.8
1246,65936,Warren Washington,Nevada,0.8611111111111112,0.7681159420289855,0.4666666666666667,0.0
1247,65937,Jaiden Delaire,Stanford,0.8181818181818182,0.3902439024390244,0.06666666666666667,1.0
1248,65938,Keenan Fitzmorris,Stanford,0.0,0.0,0.0,0.0
1249,65940,Lukas Kisunas,Stanford,0.75,0.4838709677419355,0.3333333333333333,0.0
1250,65941,Cormac Ryan,Notre Dame,0.5,0.35714285714285715,0.23076923076923078,0.9069767441860465
1251,65943,DaQuan Smith,Murray St.,0.0,0.35714285714285715,0.3333333333333333,0.9444444444444444
1252,65944,Jarron Coleman,Ball St.,0.0,0.17391304347826086,0.25,0.7741935483870968
1253,65946,Tayler Mattos,New Hampshire,0.0,0.5625,0.5454545454545454,1.0
1254,65947,Caleb Fields,Bowling Green,1.0,0.4444444444444444,0.2,0.8636363636363636
1255,65952,Connor Harding,BYU,0.0,0.4666666666666667,0.1111111111111111,1.0
1256,65953,AJ Green,Northern Iowa,0.0,1.0,0.23076923076923078,0.5454545454545454
1257,65955,Jordan Phillips,UT Arlington,0.5,0.3333333333333333,0.1,0.9047619047619048
1258,65957,Matt Herasme,Marist,0.0,0.6666666666666666,0.0,0.9444444444444444
1259,65959,Samir Stewart,Manhattan,0.0,0.5714285714285714,0.42857142857142855,0.9333333333333333
1260,65961,Christian Hinckson,Binghamton,0.0,0.1,0.0,1.0
1261,65962,Elijah Buchanan,Manhattan,0.0,0.26666666666666666,0.2647058823529412,0.9375
1262,65963,Ochai Agbaji,Kansas,0.8666666666666667,0.5283018867924528,0.3333333333333333,0.918918918918919
1263,65964,Joey Calcaterra,San Diego,0.0,0.35294117647058826,0.35,0.9
1264,65966,Hugh Hogland,UC Davis,0.0,1.0,1.0,0.0
1265,65967,Takiula Fahrensohn,Portland,1.0,1.0,0.6666666666666666,1.0
1266,65968,David Wingett,South Dakota St.,0.5,0.2,0.0,0.88
1267,65969,Jamari Blackmon,North Alabama,0.0,0.15,0.1111111111111111,0.6
1268,65970,Juan Munoz,Longwood,0.0,0.07407407407407407,0.125,0.7183098591549296
1269,65971,Jeenathan Williams,Buffalo,0.8461538461538461,0.41228070175438597,0.08695652173913043,1.0
1270,65972,Nevin Zink,USC Upstate,0.9285714285714286,0.4696969696969697,0.2,0.0
1271,65974,Ronaldo Segu,Buffalo,1.0,0.1951219512195122,0.07142857142857142,0.7441860465116279
1272,65975,Brandon Martin,USC Upstate,0.0,0.0,0.0,0.0
1273,65976,Bryson Mozone,USC Upstate,1.0,0.5,0.0,0.925
1274,65978,Nick Muszynski,Belmont,0.9090909090909091,0.6818181818181818,0.4878048780487805,1.0
1275,65979,Tate Pierson,Belmont,0.0,0.5,0.0,1.0
1276,65981,D.J. Burns Jr.,Winthrop,0.8,0.6382978723404256,0.5522388059701493,0.0
1277,65982,Alanzo Frink,South Carolina,0.0,0.6666666666666666,1.0,0.0
1278,65983,Keyshawn Bryant,South Carolina,0.625,0.5272727272727272,0.12195121951219512,1.0
1279,65985,Jaylen Sims,UNC Wilmington,0.0,0.05555555555555555,0.34782608695652173,0.5714285714285714
1280,65986,Abraham Deng,Longwood,0.0,0.0,0.0,0.0
1281,65987,Jack Hoiberg,Michigan St.,0.0,0.0,1.0,0.0
1282,65989,Brian White,Northwestern St.,0.0,0.125,0.043478260869565216,0.5333333333333333
1283,65991,Joe Bryant Jr.,Norfolk St.,0.0,0.18181818181818182,0.15384615384615385,0.7777777777777778
1284,65992,Jahmel Myers,New Orleans,0.6,0.6923076923076923,0.625,0.0
1285,65994,Nate Roberts,Washington,0.9230769230769231,0.5957446808510638,0.2,0.0
1286,65995,Deon Stroud,Fresno St.,0.3333333333333333,0.3333333333333333,0.23076923076923078,0.7222222222222222
1287,65997,Ty Brewer,East Tennessee St.,0.42857142857142855,0.4,0.26666666666666666,0.9565217391304348
1288,65998,Parker Edwards,LSU,0.0,0.0,0.0,0.0
1289,65999,Ethan Igbanugo,North Dakota,1.0,0.15789473684210525,0.1111111111111111,0.975
1290,66000,Aaron Fiegen,South Dakota St.,0.0,0.0,0.0,0.0
1291,66001,Aanen Moody,Southern Utah,0.0,0.0,0.25,1.0
1292,66002,Francis Lacis,Oral Roberts,0.6666666666666666,0.375,0.0,1.0
1293,66003,David Pierce III,Alcorn St.,0.0,0.0,0.2222222222222222,0.8
1294,66005,Malik LeGania,Coastal Carolina,0.0,0.5,0.0,0.0
1295,66006,DeVante' Jones,Coastal Carolina,0.0,0.4,0.21739130434782608,0.8378378378378378
1296,66011,KJ Buffen,Mississippi,0.7142857142857143,0.38,0.5,1.0
1297,66012,Franco Miller Jr.,Florida Gulf Coast,0.0,0.25,0.0,0.875
1298,66013,Tykei Greene,Stony Brook,0.75,0.5636363636363636,0.0,0.7391304347826086
1299,66014,KC Hankton,Chattanooga,0.0,0.72,0.25,1.0
1300,66015,Brendan Adams,Connecticut,0.0,0.16666666666666666,0.3333333333333333,0.9090909090909091
1301,66021,Josh Alexander,American,0.0,0.5806451612903226,0.2,0.0
1302,66023,Demarius Jacobs,Saint Louis,1.0,0.6470588235294118,0.6666666666666666,0.9090909090909091
1303,66024,Joel Ntambwe,Texas Tech,0.0,1.0,0.0,1.0
1304,66025,Jonathan Tchamwa Tchatchoua,Baylor,0.8648648648648649,0.7377049180327869,0.7333333333333333,0.0
1305,66026,Fred Thatch Jr.,Saint Louis,0.3333333333333333,0.36666666666666664,0.5,1.0
1306,66031,Javon Freeman-Liberty,DePaul,0.6666666666666666,0.3469387755102041,0.3333333333333333,0.75
1307,66032,De'Torrion Ware,Morgan St.,0.6666666666666666,0.3023255813953488,0.07142857142857142,0.8181818181818182
1308,66033,Jahbril Price-Noel,Pacific,0.0,0.23076923076923078,0.0,0.8888888888888888
1309,66034,Ajare Sanni,UC Santa Barbara,0.0,0.2608695652173913,0.55,0.95
1310,66036,Darryl Polk Jr.,Pepperdine,0.0,0.4444444444444444,0.4,0.8461538461538461
1311,66037,A.J. Reeves,Providence,0.42857142857142855,0.5555555555555556,0.38461538461538464,0.9375
1312,66038,Jimmy Nichols Jr.,Providence,0.6666666666666666,0.5,0.8666666666666667,0.8888888888888888
1313,66039,DeShaun Wade,Longwood,0.0,0.18181818181818182,0.08333333333333333,0.9047619047619048
1314,66040,David Duke,Providence,0.5833333333333334,0.3,0.09090909090909091,0.5294117647058824
1315,66041,Ian Krishnan,Central Connecticut,0.0,0.5,0.5454545454545454,0.92
1316,66043,Joe Kasperzyk,Southeastern Louisiana,0.0,0.10638297872340426,0.07692307692307693,0.6956521739130435
1317,66046,Kani Acree,Ball St.,0.0,0.2,0.2857142857142857,1.0
1318,66050,Dibaji Walker,Massachusetts,1.0,0.4,1.0,1.0
1319,66051,Jayden Gardner,East Carolina,1.0,0.5,0.7843137254901961,1.0
1320,66052,Gavin Baxter,BYU,0.0,0.0,0.0,0.0
1321,66054,Everette Hammond,USC Upstate,0.0,0.4444444444444444,0.24242424242424243,0.8620689655172413
1322,66056,Tolu Smith,Mississippi St.,0.9375,0.5,0.75,0.0
1323,66058,Brendan Medley-Bacon,VCU,1.0,1.0,0.0,0.0
1324,66062,TJ Moss,South Carolina,0.0,0.16666666666666666,0.125,0.9230769230769231
1325,66063,AJ Lawson,South Carolina,0.25,0.29545454545454547,0.42857142857142855,0.9322033898305084
1326,66064,Xavier Pinson,Missouri,0.5,0.13043478260869565,0.08695652173913043,0.7674418604651163
1327,66065,Torrence Watson,Missouri,0.0,1.0,1.0,0.9
1328,66066,Parker Braun,Missouri,1.0,0.6153846153846154,0.3333333333333333,1.0
1329,66067,Danya Kingsby,Bradley,0.5,0.45454545454545453,0.1111111111111111,1.0
1330,66069,Darius Days,LSU,1.0,0.5087719298245614,0.5,0.9423076923076923
1331,66070,Kamaka Hepa,Texas,0.0,0.0,1.0,1.0
1332,66072,KJ Williams,Murray St.,1.0,0.6511627906976745,0.6944444444444444,0.9615384615384616
1333,66073,Diante Wood,Jacksonville,0.0,0.2222222222222222,0.2,1.0
1334,66074,Gio Nelson,Portland St.,0.0,0.6666666666666666,1.0,1.0
1335,66076,Dalin Williams,Northwestern St.,1.0,0.36363636363636365,0.0,0.0
1336,66079,Austin Richie,Tulsa,1.0,0.5,0.5555555555555556,1.0
1337,66080,Kyle Greeley,Portland St.,0.0,0.2222222222222222,0.6,1.0
1338,66081,Jalen Hodge,James Madison,0.0,0.3333333333333333,0.3333333333333333,0.9523809523809523
1339,66083,Michael Dunne,Hartford,0.0,0.6666666666666666,1.0,0.9444444444444444
1340,66085,Kobe Julien,Louisiana,0.0,0.375,0.0,1.0
1341,66089,Jacob Boonyasith,UMBC,0.0,0.0,0.0,0.9230769230769231
1342,66090,Grehlon Easter,Cal St. Bakersfield,0.0,0.2,0.25,1.0
1343,66093,Amanze Ngumezi,Jacksonville St.,0.7647058823529411,0.46808510638297873,0.3333333333333333,0.9444444444444444
1344,66094,JoJo Toppin,Georgia St.,0.3333333333333333,0.5,0.5,0.0
1345,66095,Tye Fagan,Georgia,1.0,0.6268656716417911,0.38461538461538464,0.8
1346,66096,Noah Locke,Florida,0.0,0.2857142857142857,0.06666666666666667,0.9473684210526315
1347,66097,Keyontae Johnson,Florida,1.0,0.6428571428571429,0.25,1.0
1348,66098,Andrew Nembhard,Gonzaga,0.3333333333333333,0.4,0.09375,0.84375
1349,66099,Tyrone Lyons,North Carolina A&T,0.7857142857142857,0.6363636363636364,0.2857142857142857,1.0
1350,66101,Casmir Ochiaka,Loyola MD,0.0,0.0,0.0,0.0
1351,66103,Christian Agnew,UTEP,0.0,0.14285714285714285,0.13333333333333333,0.75
1352,66104,Brady Heiman,South Dakota,0.0,0.75,1.0,0.0
1353,66105,Ryan Greer,Northwestern,0.0,0.42857142857142855,0.4444444444444444,1.0
1354,66106,Jarvis Omersa,Minnesota,0.75,0.75,0.0,0.0
1355,66107,Gabe Kalscheur,Minnesota,0.0,0.5,0.625,0.9629629629629629
1356,66108,Gabe Brown,Michigan St.,0.75,0.7777777777777778,0.8461538461538461,0.9705882352941176
1357,66112,Flo Thamba,Baylor,0.8571428571428571,0.8055555555555556,0.5,0.0
1358,66113,Jared Butler,Baylor,0.6,0.26153846153846155,0.22857142857142856,0.7142857142857143
1359,66114,Osun Osunniyi,St. Bonaventure,0.7741935483870968,0.6710526315789473,0.5384615384615384,0.0
1360,66115,Vince Williams Jr.,VCU,0.0,0.38235294117647056,0.0,0.7209302325581395
1361,66116,P.J. Byrd,Colorado St.,0.0,0.14285714285714285,0.2222222222222222,0.7777777777777778
1362,66117,Darius Beane,Northern Illinois,0.0,0.27586206896551724,0.07407407407407407,0.8571428571428571
1363,66120,Jomaru Brown,Eastern Kentucky,0.0,0.0,0.16666666666666666,1.0
1364,66121,Tre King,Eastern Kentucky,0.8333333333333334,0.6231884057971014,0.6268656716417911,1.0
1365,66123,Maros Zeliznak,Jacksonville St.,0.0,0.0,0.0,0.0
1366,66125,Cameron Tyson,Houston,0.0,0.0,0.6666666666666666,1.0
1367,66127,Michael Meadows,Eastern Washington,0.0,0.11538461538461539,0.125,0.6923076923076923
1368,66128,RayQuawndis Mitchell,Illinois Chicago,0.0,0.3333333333333333,0.6666666666666666,0.896551724137931
1369,66132,Victor Ohia Obioha,Pepperdine,0.875,0.8157894736842105,0.5,0.0
1370,66133,Jackson Stormo,Siena,0.75,0.7142857142857143,0.5263157894736842,1.0
1371,66136,Gus Okafor,Southeastern Louisiana,0.5714285714285714,0.3333333333333333,0.3,0.9130434782608695
1372,66138,Ludovic Dufeal,Gardner Webb,1.0,0.7941176470588235,1.0,0.75
1373,66141,Rob Peterson III,High Point,0.0,0.0,0.0,0.0
1374,66143,LJ Thorpe,UNC Asheville,0.5,0.19148936170212766,0.0,0.8
1375,66144,Trevon Faulkner,Northern Kentucky,0.0,0.27450980392156865,0.13333333333333333,0.7333333333333333
1376,66145,Adrian Nelson,Northern Kentucky,0.8461538461538461,0.6746987951807228,0.6666666666666666,0.0
1377,66146,Braden Norris,Loyola Chicago,0.0,0.0,0.3333333333333333,0.8490566037735849
1378,66148,Nick Honor,Clemson,0.0,0.0,0.2857142857142857,0.75
1379,66149,Harrison Butler,Southern Utah,0.6666666666666666,0.5897435897435898,0.5,1.0
1380,66150,Serrel Smith,East Tennessee St.,1.0,0.21428571428571427,0.2857142857142857,0.8666666666666667
1381,66152,Sasha Stefanovic,Purdue,0.0,0.5,0.4444444444444444,0.94
1382,66153,Austin Rotroff,Duquesne,1.0,1.0,0.0,0.0
1383,66156,Richard Njoku,Navy,0.8181818181818182,0.6,0.45454545454545453,0.0
1384,66159,Jaylin Andrews,Loyola MD,0.0,0.2,0.30434782608695654,1.0
1385,66161,Kenneth Jones,Loyola MD,0.0,0.25,0.0,1.0
1386,66163,Javonte Smart,LSU,0.0,0.22641509433962265,0.05128205128205128,0.44285714285714284
1387,66166,Tray Maddox Jr.,Cal St. Fullerton,0.0,0.2903225806451613,0.0,0.5121951219512195
1388,66167,Christian Silva,Navy,0.0,0.0,0.0,1.0
1389,66168,Malik Martin,Rhode Island,0.0,0.39285714285714285,0.2,1.0
1390,66169,Cooper Robb,Eastern Kentucky,0.0,0.4,0.1875,0.9512195121951219
1391,66170,Brandon Younger,Presbyterian,1.0,0.5,0.3333333333333333,0.9
1392,66171,Jaylen Sebree,Morehead St.,0.6666666666666666,0.5294117647058824,0.3333333333333333,0.8
1393,66172,James Akinjo,Arizona,0.0,0.1,0.1951219512195122,0.660377358490566
1394,66175,Dravon Mangum,Radford,0.5,0.2702702702702703,0.6,1.0
1395,66178,Zep Jasper,Charleston,0.0,0.10344827586206896,0.10344827586206896,0.4482758620689655
1396,66183,Elijah McCadden,Georgia Southern,0.6666666666666666,0.2962962962962963,0.17391304347826086,0.9565217391304348
1397,66184,David Viti,Georgia Southern,0.0,0.0,0.0,1.0
1398,66188,Justin Hemsley,Hawaii,0.5,0.36363636363636365,0.4,1.0
1399,66189,Justin Brown,Wagner,1.0,0.6666666666666666,1.0,0.0
1400,66190,Jared Bynum,Providence,0.0,0.0,0.058823529411764705,0.8
1401,66191,Jake Wojcik,Fairfield,0.0,0.0,0.38235294117647056,0.5897435897435898
1402,66192,Souleymane Koureissi,Richmond,1.0,0.45454545454545453,0.14285714285714285,1.0
1403,66193,Andre Gustavson,Richmond,0.0,0.5,0.0,0.8571428571428571
1404,66194,Matt Grace,Richmond,0.0,0.6666666666666666,0.2,1.0
1405,66195,Sy Chatman,Illinois St.,0.0,0.0,0.0,0.0
1406,66196,Omar Silverio,Hofstra,0.0,0.5,0.2,0.9
1407,66197,Tre Wood,LIU,0.0,0.21739130434782608,0.16666666666666666,1.0
1408,66198,Samba Diallo,Manhattan,0.6,0.6060606060606061,0.0,1.0
1409,66200,Michael Devoe,Georgia Tech,0.0,0.4117647058823529,0.07407407407407407,0.8620689655172413
1410,66201,Diego Willis,NJIT,0.0,0.7142857142857143,0.6,0.875
1411,66202,Joey Baker,Duke,0.0,0.0,0.3333333333333333,0.9375
1412,66204,Josh Price,Liberty,0.0,0.5,0.0,0.0
1413,66205,Blake Preston,Liberty,0.8571428571428571,0.5466666666666666,0.0,0.0
1414,66208,Myles Dread,Penn St.,0.0,0.5,0.2857142857142857,0.9111111111111111
1415,66209,Ryan Young,Northwestern,1.0,0.3620689655172414,0.375,1.0
1416,66210,Miller Kopp,Northwestern,0.5,0.35,0.6060606060606061,0.9354838709677419
1417,66212,Pete Nance,Northwestern,0.9285714285714286,0.775,0.5121951219512195,0.9090909090909091
1418,66213,Justin Ahrens,Ohio St.,0.0,0.5,0.5,0.9259259259259259
1419,66214,Duane Washington Jr.,Ohio St.,1.0,0.14,0.0625,0.6404494382022472
1420,66215,Myreon Jones,Penn St.,0.0,0.5666666666666667,0.1891891891891892,0.8
1421,66216,Jaedon LeDee,TCU,0.7,0.4666666666666667,0.5263157894736842,0.0
1422,66217,Alpha Okoli,St. Bonaventure,0.0,0.0,0.0,1.0
1423,66218,John Knight III,Southern Utah,0.6,0.21951219512195122,0.18181818181818182,0.0
1424,66219,Jules Bernard,UCLA,0.0,0.35135135135135137,0.1891891891891892,0.7894736842105263
1425,66221,Kyle Lofton,St. Bonaventure,0.0,0.3333333333333333,0.10810810810810811,0.6666666666666666
1426,66222,Kenneth Nwuba,UCLA,0.0,0.0,0.0,0.0
1427,66223,Ben Harvey,Southern Illinois,0.0,0.4117647058823529,0.16666666666666666,0.8928571428571429
1428,66225,Jordan McCabe,West Virginia,0.0,0.5,0.14285714285714285,1.0
1429,66226,Emmitt Matthews Jr.,West Virginia,0.7619047619047619,0.48,0.4,0.7333333333333333
1430,66227,Austin Fadal,Eastern Washington,0.0,0.0,0.0,0.0
1431,66228,Trey Doomes,Chattanooga,0.0,0.29411764705882354,0.16666666666666666,0.5
1432,66229,Derek Culver,West Virginia,0.5454545454545454,0.5363636363636364,0.4358974358974359,0.0
1433,66230,Francisco Caffaro,Virginia,1.0,0.5,0.0,0.0
1434,66233,Cameron Copeland,Charleston,0.6666666666666666,0.5,0.2777777777777778,0.8888888888888888
1435,66234,Carter Hendricksen,North Florida,0.5,0.2,0.06666666666666667,0.9534883720930233
1436,66235,Dorian James,North Florida,0.6666666666666666,0.34782608695652173,0.0,1.0
1437,66237,Trevante Anderson,San Francisco,0.0,0.0,0.0,0.0
1438,66238,Dan Fotu,Saint Mary's,1.0,0.2702702702702703,0.3333333333333333,0.9583333333333334
1439,66240,Matthias Tass,Saint Mary's,0.7,0.6031746031746031,0.32558139534883723,0.75
1440,66241,Quinn Clinton,Saint Mary's,0.0,0.6666666666666666,0.5,0.9545454545454546
1441,66244,Antonio Spencer,Kennesaw St.,0.0,0.5,0.0,0.0
1442,66245,Dane Goodwin,Notre Dame,0.0,0.5813953488372093,0.20689655172413793,0.9473684210526315
1443,66246,Malik Jefferson,Mount St. Mary's,1.0,0.5909090909090909,0.45454545454545453,0.0
1444,66247,Dee Barnes,Southern Utah,0.0,0.0,0.0,1.0
1445,66250,Kris Wooten,Elon,1.0,1.0,0.0,1.0
1446,66252,Anthony Crump,Northern Illinois,1.0,0.3888888888888889,0.125,0.8
1447,66254,Wayne Arnold,Cal St. Fullerton,0.0,1.0,0.5,1.0
1448,66255,Elijah Harkless,Oklahoma,0.0,0.22580645161290322,0.4,0.7647058823529411
1449,66256,Darius Brown II,Cal St. Northridge,0.0,0.35714285714285715,0.4117647058823529,0.6956521739130435
1450,66260,Brendan Harrick,Cal St. Northridge,0.0,0.4,0.0,0.8947368421052632
1451,66262,James Manns,Wright St.,0.0,0.5,0.3333333333333333,1.0
1452,66263,Jeameril Wilson,Lehigh,0.0,0.2692307692307692,0.42857142857142855,0.8
1453,66264,Tyrone Perry,Lafayette,0.0,0.47058823529411764,0.5,0.8333333333333334
1454,66265,Sean Good,Lafayette,0.0,0.6666666666666666,1.0,0.0
1455,66266,DeAndre Williams,Memphis,0.6666666666666666,0.5192307692307693,0.5238095238095238,0.7333333333333333
1456,66267,Nic Lynch,Lehigh,1.0,0.7380952380952381,0.5277777777777778,1.0
1457,66268,Blake Harris,North Carolina A&T,0.0,0.1,0.14285714285714285,0.75
1458,66273,Trey McGowens,Nebraska,0.4444444444444444,0.1956521739130435,0.0625,0.7586206896551724
1459,66276,LaDarius Marshall,New Orleans,0.5555555555555556,0.59375,0.7142857142857143,0.0
1460,66277,Kristian Sjolund,UTEP,1.0,0.8333333333333334,0.0,0.8518518518518519
1461,66280,Kameron Gibson,Western Carolina,0.0,0.0,0.0,1.0
1462,66281,Jake Stephens,VMI,1.0,0.42857142857142855,0.09090909090909091,1.0
1463,66283,Ryan Larson,Wofford,0.0,0.15384615384615385,0.0,0.92
1464,66286,Messiah Jones,Wofford,1.0,0.5915492957746479,0.2857142857142857,1.0
1465,66287,Kris Monroe,Providence,0.0,0.3333333333333333,0.0,1.0
1466,66288,SK Shittu,Central Arkansas,0.9,0.65,1.0,1.0
1467,66289,Jericole Hellems,N.C. State,0.6,0.4634146341463415,0.3404255319148936,0.9032258064516129
1468,66292,Tyrese Martin,Connecticut,0.7142857142857143,0.38181818181818183,0.35714285714285715,0.75
1469,66294,Jamal Hartwell II,George Mason,0.0,0.0,0.1111111111111111,0.8571428571428571
1470,66295,Jordan Miller,George Mason,0.8,0.423728813559322,0.2903225806451613,0.8333333333333334
1471,66296,Jason Douglas-Stanley,Manhattan,0.0,0.2857142857142857,0.3,0.9333333333333333
1472,66298,Berrick JeanLouis,Iona,0.75,0.5294117647058824,0.8,1.0
1473,66299,Elijah McNamara,Miami OH,0.0,0.36363636363636365,0.44,0.0
1474,66300,Mekhi Lairy,Miami OH,0.0,0.0967741935483871,0.07142857142857142,0.6551724137931034
1475,66301,Myja White,Miami OH,0.0,0.4166666666666667,0.375,0.9565217391304348
1476,66302,Anthony Roberts,St. Bonaventure,0.0,0.3333333333333333,0.0,1.0
1477,66303,DeAndre Gholston,Milwaukee,1.0,0.2826086956521739,0.2,0.8695652173913043
1478,66304,Malik Miller,Morgan St.,1.0,0.42028985507246375,0.8,0.8571428571428571
1479,66305,Tajion Jones,UNC Asheville,0.0,0.3076923076923077,0.11764705882352941,0.9264705882352942
1480,66308,Brock Cunningham,Texas,0.0,0.5,0.0,1.0
1481,66309,Aleks Novakovich,Delaware,0.0,0.5,0.0,1.0
1482,66312,Raymond Bethea Jr.,Hampton,1.0,0.5,0.5,1.0
1483,66313,Spencer Rodgers,Kennesaw St.,0.0,0.06896551724137931,0.10526315789473684,0.78
1484,66315,Au'Diese Toney,Pittsburgh,1.0,0.6585365853658537,0.3333333333333333,1.0
1485,66316,Ezekiel Richards,Santa Clara,0.0,0.5,0.0,0.0
1486,66317,Trey Wertz,Notre Dame,0.0,0.05555555555555555,0.25,0.8181818181818182
1487,66318,Keshawn Justice,Santa Clara,0.0,0.3076923076923077,0.0,0.9166666666666666
1488,66320,Guglielmo Caruso,Santa Clara,0.6666666666666666,0.5263157894736842,0.3125,1.0
1489,66325,Karrington Wallace,Central Connecticut,0.6666666666666666,0.6285714285714286,0.6428571428571429,1.0
1490,66326,Marc Dadika,Fairleigh Dickinson,0.0,0.8,1.0,1.0
1491,66327,Jake Wolfe,Lipscomb,0.0,0.47619047619047616,0.0,0.7894736842105263
1492,66328,Brandon Powell,Fairleigh Dickinson,0.0,0.16666666666666666,0.16666666666666666,0.8181818181818182
1493,66331,Vado Morse,James Madison,0.0,0.1111111111111111,0.05555555555555555,0.6756756756756757
1494,66333,Uros Plavsic,Tennessee,1.0,0.4,1.0,0.0
1495,66334,Lamar Norman Jr.,Duquesne,0.0,0.0,0.0,1.0
1496,66336,Trace Ramsey,UC San Diego,0.0,0.0,0.0,0.0
1497,66337,Micheal Anumba,Winthrop,0.0,0.35294117647058826,0.2,1.0
1498,66339,Rashad Williams,Oakland,0.0,0.4666666666666667,0.5625,0.8936170212765957
1499,66341,Dawson Carper,Missouri St.,0.0,0.0,0.0,0.0
1500,66343,Mate Colina,Hawaii,1.0,0.65,0.631578947368421,1.0
1501,66344,Theo Akwuba,Louisiana,0.7272727272727273,0.5342465753424658,0.5483870967741935,1.0
1502,66345,Elijah Weaver,Dayton,0.0,0.1875,0.5,0.9230769230769231
1503,66346,Walter Ellis,Bucknell,0.0,0.5,0.18181818181818182,0.9
1504,66347,Andrew Funk,Bucknell,0.0,0.2777777777777778,0.26666666666666666,0.8888888888888888
1505,66348,Jack Hemphill,Boston University,1.0,0.38095238095238093,0.25,0.9333333333333333
1506,66349,Fletcher Tynen,Boston University,0.0,0.45454545454545453,0.0,1.0
1507,66351,Tucker Richardson,Colgate,0.0,0.5588235294117647,0.2,0.8888888888888888
1508,66352,Kahliel Spear,Robert Morris,0.7142857142857143,0.6724137931034483,0.6,1.0
1509,66353,Zach Light,Colgate,0.0,0.0,0.0,1.0
1510,66354,Marlon Hargis,Saint Francis,1.0,0.5454545454545454,0.6666666666666666,0.9
1511,66355,Roy Grigsby,Northern Colorado,0.0,0.0,0.0,0.0
1512,66356,Ben Vander Plas,Ohio,0.75,0.41509433962264153,0.14285714285714285,0.94
1513,66357,LaQuill Hardnett,Buffalo,1.0,0.6875,1.0,1.0
1514,66358,Szymon Wojcik,UMBC,0.0,0.0,0.0,1.0
1515,66359,Odri Dedolli,Mount St. Mary's,0.0,0.0,0.0,0.0
1516,66360,Damien Daniels,Abilene Christian,0.0,0.37037037037037035,0.4166666666666667,1.0
1517,66361,Joe Pleasant,Abilene Christian,0.9090909090909091,0.5517241379310345,0.5,1.0
1518,66362,Clay Gayman,Abilene Christian,0.0,0.48,0.2857142857142857,0.9259259259259259
1519,66363,Yor Anei,SMU,0.6363636363636364,0.6521739130434783,0.3333333333333333,1.0
1520,66364,Joe Reece,Old Dominion,1.0,0.3888888888888889,0.8125,1.0
1521,66367,Kalu Ezikpe,Old Dominion,0.5555555555555556,0.5142857142857142,0.35294117647058826,1.0
1522,66368,Nicolas Timberlake,Towson,1.0,0.56,0.4,0.967741935483871
1523,66370,Javon Pickett,Missouri,1.0,0.6046511627906976,0.35294117647058826,0.8888888888888888
1524,66372,Isaac Suffren,Howard,0.0,0.3333333333333333,0.0,1.0
1525,66374,Jamir Moore,Charleston Southern,1.0,0.8888888888888888,0.0,0.9565217391304348
1526,66375,Tyger Campbell,UCLA,0.0,0.15789473684210525,0.07042253521126761,0.9444444444444444
1527,66378,Dontrell Shuler,Middle Tennessee,0.0,0.0,0.0,0.7692307692307693
1528,66379,Sadarius Bowser,Charleston Southern,1.0,0.5652173913043478,0.5,0.0
1529,66381,Connor Arnold,VMI,0.0,1.0,1.0,0.0
1530,66383,Mitch Prendergast,Mercer,0.0,0.0,0.0,1.0
1531,66384,Dominick Welch,St. Bonaventure,0.8,0.5517241379310345,0.4,0.9019607843137255
1532,66386,Paul Hiepler,Abilene Christian,0.0,0.0,0.0,1.0
1533,66387,John Walker III,Texas Southern,1.0,0.4788732394366197,0.44,1.0
1534,66388,Noah Gurley,Furman,0.8,0.41333333333333333,0.2777777777777778,0.972972972972973
1535,66390,Elijah McCullough,Sacramento St.,0.0,0.5,0.0,1.0
1536,66392,Trey Wood,Portland St.,0.0,0.0,1.0,1.0
1537,66393,Sherwyn Devonish,Morgan St.,0.0,0.24,0.17391304347826086,1.0
1538,66394,Shareef O'Neal,LSU,0.0,0.2857142857142857,0.0,1.0
1539,66395,Isaiah Burke,Morgan St.,0.0,0.0,0.0,0.0
1540,66396,Jared Ridder,Missouri St.,0.0,1.0,0.5,0.9767441860465116
1541,66398,Gerrale Gates,Holy Cross,1.0,0.43283582089552236,0.8636363636363636,0.0
1542,66399,Ty Perry,Fordham,0.0,0.6,0.0,0.9333333333333333
1543,66400,Chris Austin,Fordham,0.0,0.38095238095238093,0.375,1.0
1544,66401,Jalen Cobb,Fordham,0.0,0.07692307692307693,0.3076923076923077,0.6666666666666666
1545,66402,Sincere Carry,Duquesne,0.0,0.14285714285714285,0.0,0.8
1546,66403,Tobias Cameron,Abilene Christian,0.0,0.5384615384615384,0.0,0.9
1547,66404,Zach Thornhill,Nebraska Omaha,0.0,0.5,0.875,0.5
1548,66410,Kessler Edwards,Pepperdine,0.9090909090909091,0.6122448979591837,0.35714285714285715,0.9318181818181818
1549,66414,Khalid Moore,Georgia Tech,1.0,0.5,0.5555555555555556,1.0
1550,66418,Alex Caldwell,North Carolina Central,0.0,0.0,0.0,1.0
1551,66419,Michael Anekwe,Lafayette,0.0,0.0,0.0,0.0
1552,66420,Ayo Dosunmu,Illinois,0.7,0.37168141592920356,0.16923076923076924,0.875
1553,66421,Derek Ballard Jr.,Eastern Michigan,1.0,0.6666666666666666,1.0,1.0
1554,66422,Zion Young,Oakland,0.0,0.625,0.5,0.9387755102040817
1555,66423,Jordan Brown,Arizona,1.0,0.7017543859649122,0.5833333333333334,0.0
1556,66427,AJ Edu,Toledo,0.0,1.0,0.0,0.0
1557,66430,Cameron Ba,UC Davis,0.0,0.25,0.25,1.0
1558,66438,Adam Flagler,Baylor,0.0,0.42857142857142855,0.35294117647058826,0.9130434782608695
1559,66439,Matt Mims,South Dakota St.,0.0,0.25,0.0,0.9285714285714286
1560,66443,Daxton Carr,Idaho St.,1.0,0.6666666666666666,0.0,1.0
1561,66444,Jayden Saddler,Southern,0.0,0.24,0.2222222222222222,0.75
1562,66445,Patrick Emilien,Western Michigan,0.0,0.3333333333333333,0.3333333333333333,0.9285714285714286
1563,66446,William Boyer-Richard,Western Michigan,0.0,0.0,0.0,1.0
1564,66447,Adrian Martin,Western Michigan,0.0,0.2,0.0,0.8
1565,66448,Garrett Pascoe,Boston University,0.0,0.0,0.3333333333333333,1.0
1566,66450,Alex Arians,South Dakota St.,0.0,0.36363636363636365,0.0,0.8888888888888888
1567,66451,Elijah Hardy,Portland St.,0.0,0.0,0.058823529411764705,0.8461538461538461
1568,66453,Darian Scott,Missouri St.,0.0,1.0,0.0,0.0
1569,66454,Nick Finke,Army,1.0,0.5625,0.5,1.0
1570,66455,Riley Sorn,Washington,0.8461538461538461,0.6551724137931034,0.6666666666666666,0.0
1571,66456,Tim Perry Jr.,Drexel,1.0,0.6363636363636364,0.5,0.0
1572,66457,Dalvin White,USC Upstate,0.0,0.16666666666666666,0.058823529411764705,0.925
1573,66458,Ebrima Dibba,Coastal Carolina,0.0,0.2777777777777778,0.38461538461538464,1.0
1574,66459,Deacon Heath,UNC Asheville,0.0,0.0,0.0,0.0
1575,66460,Kur Kuath,Oklahoma,0.7241379310344828,0.7021276595744681,0.9285714285714286,1.0
1576,66461,Lat Mayen,Nebraska,1.0,0.8461538461538461,0.5,1.0
1577,66462,Read Streller,Oklahoma,0.0,1.0,0.0,0.0
1578,66463,Jaxson Baker,Central Arkansas,1.0,0.6,0.5,0.9696969696969697
1579,66465,Neftali Alvarez,Mercer,0.0,0.15853658536585366,0.16666666666666666,0.5789473684210527
1580,66466,Calvin Whipple,Fairfield,0.0,0.0,0.0,1.0
1581,66467,Derek Sabin,Belmont,0.0,0.6923076923076923,0.3333333333333333,1.0
1582,66471,Adam Kunkel,Xavier,0.0,0.6,0.4,0.8333333333333334
1583,66472,Wanjang Tut,Nebraska Omaha,0.0,0.21951219512195122,0.2647058823529412,0.0
1584,66473,Dzmitry Ryuny,San Francisco,0.5,0.35714285714285715,0.08333333333333333,0.9272727272727272
1585,66475,Odell Wilson,North Dakota St.,0.0,0.38461538461538464,1.0,0.0
1586,66476,Kevin Obanor,Oral Roberts,0.8,0.358974358974359,0.38461538461538464,0.8867924528301887
1587,66477,Riley Battin,Utah,0.0,0.4,0.8,1.0
1588,66479,Finn Sullivan,San Diego,0.3333333333333333,0.5384615384615384,0.0,0.7058823529411765
1589,66480,Manny Bates,N.C. State,0.7837837837837838,0.6794871794871795,0.5454545454545454,0.0
1590,66481,Tevian Jones,Southern Utah,0.5,0.23255813953488372,0.0,0.6923076923076923
1591,66482,Giorgi Bezhanishvili,Illinois,0.8888888888888888,0.5813953488372093,0.42857142857142855,1.0
1592,66483,Aaron Wiggins,Maryland,0.6,0.34375,0.16666666666666666,0.9056603773584906
1593,66484,Lahat Thioune,Utah,1.0,0.7142857142857143,0.6666666666666666,0.0
1594,66485,Eric Ayala,Maryland,0.25,0.22058823529411764,0.14285714285714285,0.7894736842105263
1595,66486,Jr. Clay,Tennessee Tech,0.0,0.3333333333333333,0.3,0.7586206896551724
1596,66488,Sage Tolbert,Temple,0.0,0.0,0.0,0.0
1597,66489,Gabe McGlothan,Grand Canyon,0.6666666666666666,0.5,0.75,1.0
1598,66490,Monty Johal,Tennessee St.,0.0,0.25,0.13333333333333333,0.9375
1599,66491,Matt Dentlinger,South Dakota St.,1.0,0.7246376811594203,0.4375,1.0
1600,66492,Joe Wieskamp,Iowa,0.9090909090909091,0.6551724137931034,0.4,0.8767123287671232
1601,66493,Savion Lewis,Quinnipiac,0.0,0.20689655172413793,0.2,0.8
1602,66494,Matt Balanc,Quinnipiac,0.0,0.3333333333333333,0.2,1.0
1603,66495,Zach Griffith,Illinois,0.0,0.5,0.0,0.0
1604,66496,CJ Fredrick,Iowa,0.0,0.5555555555555556,0.4074074074074074,0.9444444444444444
1605,66499,Tyree Pickron,Quinnipiac,0.0,0.5,0.0,1.0
1606,66500,Tyrese Williams,Quinnipiac,0.0,0.0,0.25,0.84
1607,66501,Joel Ayayi,Gonzaga,0.8333333333333334,0.6039603960396039,0.3333333333333333,0.7567567567567568
1608,66502,Deon Ejim,Illinois Chicago,0.0,0.25,1.0,0.0
1609,66503,Miles Latimer,Bucknell,1.0,0.5,0.0,1.0
1610,66504,R.J. Eytle-Rock,UMBC,0.0,0.20408163265306123,0.14285714285714285,0.8181818181818182
1611,66505,Jose Placer,North Florida,0.0,0.14583333333333334,0.0,0.75
1612,66506,Rip Economou,Seattle,0.0,0.5,0.0,0.9090909090909091
1613,66507,Stephane Ingo,Maine,1.0,0.7222222222222222,0.7692307692307693,1.0
1614,66508,Hunter Thompson,Wyoming,0.0,0.6153846153846154,0.5,0.9230769230769231
1615,66509,Jared Pearre,Seattle,0.7142857142857143,0.7333333333333333,0.0,0.0
1616,66510,Frankie Policelli,Stony Brook,0.0,0.3684210526315789,0.14285714285714285,0.8235294117647058
1617,66511,Jhery Matos,Charlotte,0.0,0.4230769230769231,0.2222222222222222,0.9615384615384616
1618,66512,David Czerapowicz,Davidson,0.0,0.0,0.0,0.0
1619,66513,Reggie Chaney,Houston,0.8,0.7333333333333333,0.5714285714285714,0.0
1620,66516,Dylan Swingle,Bowling Green,1.0,0.6551724137931034,0.375,0.0
1621,66517,Nygal Russell,Southeast Missouri St.,0.375,0.6071428571428571,0.0,1.0
1622,66518,Elochukwu Eze,SIU Edwardsville,0.0,0.0,0.0,0.0
1623,66519,Cam Williams,SIU Edwardsville,0.625,0.6,0.6,1.0
1624,66522,Keonte Kennedy,UTEP,0.2,0.1935483870967742,0.16666666666666666,0.875
1625,66526,Grayson Carter,UT Arlington,0.0,0.5,1.0,1.0
1626,66527,Kevin Samuel,TCU,0.8,0.6136363636363636,0.3333333333333333,0.0
1627,66528,Isaih Moore,St. John's,0.8222222222222222,0.6521739130434783,0.8125,0.7142857142857143
1628,66530,Zach Nutall,Sam Houston St.,0.36363636363636365,0.38028169014084506,0.4,0.7846153846153846
1629,66531,Jalen Jefferson,Mount St. Mary's,0.0,0.75,0.0,0.0
1630,66532,Ron Harper Jr.,Rutgers,0.7857142857142857,0.4444444444444444,0.2631578947368421,0.9777777777777777
1631,66533,Caleb Broodo,Houston,0.0,0.0,0.0,0.0
1632,66534,Khaleem Bennett,Central Arkansas,0.8,0.5641025641025641,0.5555555555555556,0.0
1633,66535,Eddy Kayouloud,Central Arkansas,0.0,0.19642857142857142,0.13333333333333333,0.8095238095238095
1634,66541,Pedro Castro,Houston Christian,1.0,0.32608695652173914,0.3142857142857143,0.8936170212765957
1635,66545,JC Butler,UC Irvine,0.0,0.3333333333333333,0.45454545454545453,1.0
1636,66547,Assane Diouf,Fresno St.,0.0,0.0,0.0,0.0
1637,66550,Ogheneyole Akuwovo,Binghamton,0.0,0.5,0.25,0.0
1638,66551,Andre Toure,Southern,1.0,0.5,1.0,0.0
1639,66552,Tae Hardy,Southern Miss,0.0,0.36,0.1111111111111111,0.6190476190476191
1640,66556,David Singleton,UCLA,0.0,0.0,0.2222222222222222,0.975
1641,66558,Nate Springs,Kennesaw St.,0.5,0.42857142857142855,1.0,1.0
1642,66561,Buddy Boeheim,Syracuse,0.0,0.5294117647058824,0.26865671641791045,0.8831168831168831
1643,66562,Both Gach,Minnesota,0.75,0.7,0.4375,1.0
1644,66563,Tevin Brown,Murray St.,0.3333333333333333,0.125,0.2727272727272727,0.9285714285714286
1645,66564,Justin Lee,Northern Illinois,0.0,0.3333333333333333,1.0,1.0
1646,66565,Bryce Wills,Stanford,0.7142857142857143,0.38095238095238093,0.125,1.0
1647,66566,Jordan Caruso,Cal Baptist,0.0,0.0,0.0,0.0
1648,66567,Qon Murphy,New Hampshire,1.0,0.26666666666666666,0.0,0.7692307692307693
1649,66569,Dwight Murray Jr.,Rider,0.0,0.2,0.17857142857142858,0.7714285714285715
1650,66571,Charles Jones,Portland St.,0.0,0.2222222222222222,0.3333333333333333,0.0
1651,66574,Taelyr Gatlin,Denver,0.0,0.0,0.0,0.8695652173913043
1652,66575,Jase Townsend,Denver,0.0,0.24242424242424243,0.14583333333333334,0.7894736842105263
1653,66576,David Nzekwesi,Weber St.,0.0,0.25,0.0,1.0
1654,66578,Jarred Godfrey,Purdue Fort Wayne,0.25,0.25,0.11538461538461539,0.813953488372093
1655,66579,Jalen Hill,UCLA,0.8571428571428571,0.7692307692307693,0.25,0.0
1656,66580,Cody Riley,UCLA,0.875,0.6666666666666666,0.7111111111111111,0.0
1657,66581,Samba Kane,San Francisco,0.8571428571428571,0.6666666666666666,0.2857142857142857,0.0
1658,66582,Kolby Lee,BYU,0.5,0.6666666666666666,0.6,1.0
1659,66587,Jordan Campbell,Fresno St.,0.5,0.3,0.16666666666666666,0.7142857142857143
1660,66588,Carlos Jurgens,Oral Roberts,0.0,0.14814814814814814,0.125,0.8235294117647058
1661,66589,Jaxon Knotek,North Dakota St.,0.0,0.1111111111111111,0.14285714285714285,1.0
1662,66590,Shakur Daniel,Tarleton St.,0.0,0.35714285714285715,0.5384615384615384,1.0
1663,66591,Daivon Stephens,Coastal Carolina,0.0,1.0,0.0,0.8
1664,66592,Sam Griesel,North Dakota St.,1.0,0.19230769230769232,0.09090909090909091,0.631578947368421
1665,66593,Gerald Liddell,Texas,1.0,0.6666666666666666,1.0,1.0
1666,66594,Courtney Ramey,Texas,1.0,0.30303030303030304,0.09090909090909091,0.6041666666666666
1667,66596,Jarius Cook,North Dakota St.,0.0,0.37142857142857144,0.1,0.9444444444444444
1668,66597,Kaleb Hunter,UNC Greensboro,0.75,0.6382978723404256,0.16666666666666666,0.7619047619047619
1669,66599,Alex Rivera,LIU,0.0,0.2777777777777778,0.42857142857142855,0.9
1670,66600,Darius Henderson,Montana,0.0,0.0,0.0,0.0
1671,66602,Allin Blunt,UMass Lowell,0.0,0.6,0.5,0.9473684210526315
1672,66603,Bryce Daley,UMass Lowell,0.0,0.14285714285714285,0.0625,0.6923076923076923
1673,66604,Alex Christie,Stony Brook,0.0,0.0,0.0,0.0
1674,66605,Matthew Strange,Southeastern Louisiana,0.0,0.0,0.0,0.8
1675,66606,Samuel Sessoms,Penn St.,0.0,0.10638297872340426,0.06666666666666667,0.5
1676,66607,Dontarius James,Jacksonville,0.0,0.25,0.4318181818181818,0.7659574468085106
1677,66610,Desi Sills,Arkansas,0.2,0.4444444444444444,1.0,0.8888888888888888
1678,66611,Keyshawn Embery-Simpson,Tulsa,0.0,0.631578947368421,0.4166666666666667,0.9545454545454546
1679,66612,Luka Brajkovic,Davidson,0.6363636363636364,0.4583333333333333,0.16666666666666666,0.8823529411764706
1680,66613,Ethan Henderson,Arkansas,0.8333333333333334,0.7,0.0,0.0
1681,66614,Antoine Davis,Detroit Mercy,0.0,0.02857142857142857,0.1,0.6024096385542169
1682,66615,Chuck Hannah,Elon,0.0,0.6153846153846154,0.3333333333333333,1.0
1683,66616,Angus McWilliam,UC Riverside,1.0,0.875,1.0,1.0
1684,66617,Devonaire Doutrive,Boise St.,0.6666666666666666,0.34615384615384615,0.0,0.8235294117647058
1685,66618,Jemarl Baker Jr.,Arizona,0.0,0.5,0.2222222222222222,0.9166666666666666
1686,66620,Adam Thistlewood,Colorado St.,0.6,0.5909090909090909,0.2857142857142857,0.9791666666666666
1687,66621,Riley Abercrombie,Rice,1.0,0.6666666666666666,0.16666666666666666,1.0
1688,66622,Taeshon Cherry,Arizona St.,0.0,0.0,1.0,1.0
1689,66624,Kendle Moore,Colorado St.,0.0,0.35135135135135137,0.3333333333333333,0.9148936170212766
1690,66625,Mikey Frazier,Utah Tech,0.0,1.0,0.5,1.0
1691,66626,Cameron Shelton,Northern Arizona,0.3333333333333333,0.11764705882352941,0.0,0.52
1692,66627,Keith Haymon,Northern Arizona,1.0,0.5,0.5454545454545454,0.9310344827586207
1693,66629,Tre'Shon Smoots,Northern Colorado,0.0,0.0,0.0,0.7692307692307693
1694,66630,Jared Rhoden,Seton Hall,0.6842105263157895,0.5689655172413793,0.275,0.918918918918919
1695,66631,Anthony Nelson,Manhattan,0.0,0.20930232558139536,0.04,0.631578947368421
1696,66635,PJ Mitchell,Central Michigan,0.0,0.25,0.0,0.625
1697,66636,Nigel Hawkins,Stephen F. Austin,1.0,0.4583333333333333,0.25,0.8181818181818182
1698,66638,Wyatt Lowell,BYU,0.0,1.0,0.0,1.0
1699,66639,Daniel Sackey,Valparaiso,0.0,0.14285714285714285,0.0,0.8
1700,66641,Vante Hendrix,Cal St. Northridge,0.5,0.7272727272727273,0.0,1.0
1701,66643,Matthew Mayer,Baylor,0.8888888888888888,0.47619047619047616,0.35,0.7666666666666667
1702,66644,Malachi Smith,Chattanooga,0.0,0.16981132075471697,0.14,0.8181818181818182
1703,66645,Grant Basile,Wright St.,0.8666666666666667,0.4807692307692308,0.38461538461538464,0.95
1704,66646,Babatunde Sowunmi,Oakland,0.0,0.0,0.0,0.0
1705,66648,Skyelar Potter,Morehead St.,0.375,0.2391304347826087,0.1111111111111111,0.9649122807017544
1706,66649,Atiba Taylor,Wagner,0.0,0.0,0.0,1.0
1707,66650,Bodie Hume,Northern Colorado,0.6666666666666666,0.3684210526315789,0.07142857142857142,0.8541666666666666
1708,66654,Sam Masten,Northern Colorado,0.0,0.2222222222222222,0.0,0.875
1709,66655,Nelson Boachie-Yiadom,Davidson,0.6666666666666666,0.5,0.6666666666666666,1.0
1710,66656,Josh Roberts,St. John's,0.6666666666666666,0.68,0.25,0.0
1711,66663,Aguek Arop,San Diego St.,1.0,0.5666666666666667,0.0,1.0
1712,66670,Tyree Eady,North Dakota St.,0.0,0.3114754098360656,0.08333333333333333,0.8518518518518519
1713,66671,Austin Ash,Iowa,0.0,0.0,0.6666666666666666,0.3333333333333333
1714,66672,Mack Anderson,Montana,0.5,0.6,0.5,0.0
1715,66676,Emanuel Littles,North Alabama,0.6666666666666666,0.391304347826087,0.2608695652173913,0.0
1716,66678,Kenny Strawbridge,Alabama St.,0.0,0.2647058823529412,0.1875,1.0
1717,66680,Evan Battey,Colorado,1.0,0.6296296296296297,0.36,1.0
1718,66682,Brandon Swaby,Incarnate Word,0.0,0.5555555555555556,0.4166666666666667,0.9629629629629629
1719,66683,DJ Peavy,Austin Peay,0.0,0.14285714285714285,0.1111111111111111,1.0
1720,66685,Andrew Taylor,Marshall,0.0,0.14705882352941177,0.20512820512820512,0.75
1721,66686,Fardaws Aimaq,Utah Valley,0.9,0.578125,0.65625,1.0
1722,66687,Noah Buono,Duquesne,0.0,0.0,0.0,0.0
1723,66689,Keshaun Saunders,Toledo,0.5714285714285714,0.3125,0.3333333333333333,0.8666666666666667
1724,66691,Greg Foster Jr.,Saint Joseph's,0.0,0.0,0.0,1.0
1725,66693,Deng Gak,Miami FL,0.9333333333333333,0.9,1.0,1.0
1726,66694,Ivan Alipiev,Loyola Marymount,0.5,0.4090909090909091,0.625,0.9629629629629629
1727,66695,Alan Griffin,Syracuse,0.7777777777777778,0.5116279069767442,0.36363636363636365,0.8035714285714286
1728,66696,Dameane Douglas,Loyola Marymount,0.36363636363636365,0.40425531914893614,0.25,1.0
1729,66700,Javian Davis,Mississippi St.,1.0,0.5789473684210527,0.8333333333333334,1.0
1730,66702,Tai Strickland,Temple,0.0,0.0,0.0,0.0
1731,66703,Joe Hedstrom,Wisconsin,0.0,0.0,0.0,1.0
1732,66704,Alexis Yetna,South Florida,0.6666666666666666,0.3125,0.6666666666666666,1.0
1733,66707,Davion Buster,Lamar,0.0,0.2,0.11538461538461539,0.7571428571428571
1734,66708,Timmy Allen,Utah,0.6,0.3627450980392157,0.3170731707317073,1.0
1735,66710,J'Raan Brooks,Washington,0.0,0.5,0.3333333333333333,1.0
1736,66711,Tamell Pearson,Western Illinois,1.0,0.4339622641509434,0.2903225806451613,0.0
1737,66718,Brooks King,Utah,0.0,1.0,0.0,0.0
1738,67483,Ricky Clemons,Campbell,0.0,0.6756756756756757,0.125,1.0
1739,67487,Matt Johnson II,Northern Colorado,0.0,0.058823529411764705,0.0,0.575
1740,67489,Leo Gallagher,Binghamton,0.0,0.0,0.0,0.0
1741,67492,Clayton Henry,New Mexico St.,0.0,0.26666666666666666,0.2222222222222222,0.9444444444444444
1742,67494,Cyrus Johnson,Sam Houston St.,0.0,0.0,1.0,1.0
1743,67497,Ian Burke,Portland St.,0.0,0.5714285714285714,0.6666666666666666,1.0
1744,67504,Myron Gordon,Samford,0.0,0.4375,0.2222222222222222,0.7272727272727273
1745,67505,Khyre Thompson,UNC Greensboro,0.0,0.65,0.3333333333333333,1.0
1746,67506,Blake Williams,Toledo,0.0,0.0,0.0,0.0
1747,67508,Parker Fox,Clemson,0.0,0.0,0.0,1.0
1748,67509,Mykhailo Yagodin,Maine,0.0,1.0,1.0,0.8
1749,67512,Chris Brandon,Detroit Mercy,0.9166666666666666,0.8157894736842105,0.0,0.0
1750,67515,Boe Nguidjol,Prairie View A&M,0.8,0.6842105263157895,0.0,1.0
1751,67516,Kyle McCloskey,Penn St.,0.0,0.0,0.0,0.0
1752,67520,Jonas Harper,Boston University,0.0,0.2777777777777778,0.0,0.9565217391304348
1753,67524,Jett Canfield,Creighton,0.0,0.0,0.0,0.0
1754,67531,Andrew Lafond,La Salle,0.0,0.0,0.0,0.0
1755,67542,Grant Weatherford,Georgia Southern,0.0,0.46153846153846156,0.25,0.0
1756,67547,Joe Wall,Seattle,0.0,0.0,0.0,0.5
1757,67549,Nick Brooks,Rutgers,0.0,0.0,0.0,0.0
1758,67551,Greg Summers,Navy,0.5,0.3333333333333333,0.17857142857142858,1.0
1759,67553,John Carter Jr.,Navy,0.0,0.3333333333333333,0.4166666666666667,0.8666666666666667
1760,67554,Rod Johnson Jr.,Western Illinois,0.0,0.4444444444444444,0.21428571428571427,0.7142857142857143
1761,67557,Jayce Johnson,Middle Tennessee,0.0,0.16666666666666666,0.0,1.0
1762,67563,Matthew Lang,Gonzaga,0.0,0.0,0.0,1.0
1763,67565,Josh Caldwell,Army,1.0,0.44776119402985076,0.25,0.9166666666666666
1764,67566,Jordan Coleman,Army,0.0,0.0,0.0,0.0
1765,67567,Aaron Duhart,Army,0.0,0.1111111111111111,0.0,1.0
1766,67572,Elijah Elliott,Stephen F. Austin,0.0,0.0,0.0,0.0
1767,67576,Abdul Mohamed,Montana St.,1.0,0.25925925925925924,0.0,0.9090909090909091
1768,67580,Luke Thomas,Marshall,0.0,0.0,0.0,0.0
1769,67581,Will Alcock,Loyola Chicago,0.0,0.0,0.0,0.0
1770,67582,Patrick Urey,Mercer,0.0,0.0,0.0,0.0
1771,67588,John Tenerowicz,Ohio,0.0,0.0,0.0,0.0
1772,67602,Shaun Doss,Arkansas Pine Bluff,0.75,0.23684210526315788,0.38461538461538464,0.8518518518518519
1773,67610,Eito Yuminami,Georgia Southern,0.0,0.0,0.0,0.0
1774,67612,Patrick Mwamba,UT Arlington,1.0,0.5555555555555556,0.375,0.9090909090909091
1775,67615,Eddy Egun,Montana,1.0,0.4,0.0,1.0
1776,67628,Thomas Owen,Jacksonville,0.0,0.0,0.0,0.0
1777,67629,Nathan McClure,IU Indy,1.0,0.4444444444444444,0.3333333333333333,1.0
1778,67632,Radshad Davis,FIU,0.0,0.28125,0.3,0.8421052631578947
1779,67634,Blake Welle,California,0.0,0.0,0.0,0.0
1780,67637,Neemias Queta,Utah St.,0.7380952380952381,0.6129032258064516,0.6410256410256411,0.0
1781,67641,Tyreek Scott-Grayson,UAB,0.6,0.2702702702702703,0.0,0.967741935483871
1782,67642,Derek St. Hilaire,New Orleans,1.0,0.1875,0.3,0.7368421052631579
1783,67643,JJ Murray,North Texas,0.0,0.42857142857142855,0.5,1.0
1784,67645,Eli Abaev,Florida Gulf Coast,1.0,0.4375,0.2,1.0
1785,67646,Josh Jefferson,Green Bay,0.0,0.4523809523809524,0.4166666666666667,0.7708333333333334
1786,67647,Abdou Ndiaye,Illinois St.,1.0,0.6,0.6666666666666666,1.0
1787,67651,Tytist Dean,Liberty,0.0,0.0,0.0,0.0
1788,67652,Robinson Idehen,UC Santa Barbara,0.8333333333333334,0.6666666666666666,0.4444444444444444,0.0
1789,67657,Freddy Brown III,Montana,0.0,0.0,0.0,0.0
1790,67661,Fahim Jenetto,Delaware St.,0.0,1.0,1.0,1.0
1791,67668,Tyler Stevenson,Southern Miss,0.7777777777777778,0.7540983606557377,0.532258064516129,0.0
1792,67670,Raef Gerdes,Grand Canyon,0.0,0.0,0.0,0.0
1793,67673,Tyrece Radford,Virginia Tech,0.5,0.33962264150943394,0.22727272727272727,1.0
1794,67677,Oscar Okeke,Fairleigh Dickinson,0.0,0.0,1.0,0.0
1795,67682,Prince Toyambi,Georgia Southern,0.75,0.5365853658536586,0.0,0.0
1796,67684,Britton Johnson,Alabama,0.0,0.0,0.0,1.0
1797,67688,Kenton Eskridge,Tennessee Martin,0.0,0.42857142857142855,0.2222222222222222,0.9230769230769231
1798,67692,Trey Smith,San Jose St.,0.0,0.1111111111111111,0.36363636363636365,0.8333333333333334
1799,67693,Michael Steadman,Montana,1.0,0.6896551724137931,0.5666666666666667,1.0
1800,67695,Ethan Esposito,Sacramento St.,1.0,0.3793103448275862,0.3404255319148936,0.8888888888888888
1801,67701,Blake Buchanan,Wake Forest,0.0,0.0,0.0,0.0
1802,67705,Willy Isiani,Detroit Mercy,0.0,0.46153846153846156,0.0,1.0
1803,67707,Garrett Sturtz,Drake,0.0,0.6078431372549019,0.2727272727272727,1.0
1804,67711,Zach Walton,Drexel,0.25,0.6060606060606061,0.125,0.7878787878787878
1805,67716,Ramiir Dixon-Conover,Saint Francis,1.0,0.24242424242424243,0.0,0.6666666666666666
1806,67717,Harrison Curry,Siena,0.0,0.6666666666666666,0.0,1.0
1807,67723,Patrick Murphy,Western Kentucky,0.0,0.0,0.0,0.0
1808,67732,James Ametepe,FIU,0.0,0.0,0.0,0.0
1809,67735,Ronald Lucas,Delaware St.,0.0,0.4,1.0,0.0
1810,67736,Vilgot Larsson,Maine,1.0,0.375,0.0,1.0
1811,67739,Richardson Maitre,Samford,0.0,0.0,0.125,0.75
1812,67742,Ra'Shawn Langston,McNeese St.,0.0,0.0,0.0,0.8
1813,67743,Silas Adheke,East Tennessee St.,1.0,0.5897435897435898,0.5,0.0
1814,67747,Tremell Murphy,Drake,0.8181818181818182,0.5714285714285714,0.32142857142857145,0.9736842105263158
1815,67748,D.J. Wilkins,Drake,0.0,0.08333333333333333,0.0,0.796875
1816,67749,Ahmed Ali,Portland,0.0,0.18518518518518517,0.25,0.45161290322580644
1817,67753,Jay Yoon,Pepperdine,0.0,0.0,0.0,0.0
1818,67757,Marvin Cannon,Charlotte,1.0,0.4444444444444444,0.0,1.0
1819,67759,Bul Kuol,Detroit Mercy,0.5,0.23255813953488372,0.2727272727272727,0.9259259259259259
1820,67760,Adam Hess,UTEP,0.0,0.0,0.0,0.0
1821,67762,Ty Rowell,Cal Baptist,0.0,0.0967741935483871,0.23529411764705882,0.6956521739130435
1822,67764,Nikola Maric,Little Rock,0.8571428571428571,0.6941176470588235,0.47368421052631576,1.0
1823,67765,J.J. Matthews,Norfolk St.,1.0,0.5111111111111111,0.3,0.0
1824,67768,Miles Turner,Portland,0.0,0.0,0.0,0.0
1825,67771,Ty Gadsden,UNC Wilmington,0.0,0.2631578947368421,0.18181818181818182,0.9310344827586207
1826,67772,Javae Lampkins,Texas A&M Corpus Chris,0.0,0.0,0.5,0.8571428571428571
1827,67778,Terrell Brown Jr.,Arizona,0.0,0.2857142857142857,0.07407407407407407,0.9285714285714286
1828,67779,John McBride,Mississippi,0.0,0.0,0.0,0.0
1829,67782,Robert Mahala,Siena,0.0,0.0,0.0,0.0
1830,67783,Abe Kinrade,Air Force,0.0,0.5714285714285714,0.25,1.0
1831,67785,Nick Rene,Air Force,0.0,0.0,0.0,0.0
1832,67787,A.J. Walker,Air Force,0.0,0.20754716981132076,0.03125,0.7692307692307693
1833,67788,Andrew Junkin,Mississippi St.,0.0,1.0,0.0,0.0
1834,67790,Brandon Mahan,UCF,0.5,0.17857142857142858,0.21428571428571427,0.5641025641025641
1835,67791,Luke McGhee,Texas A&M,1.0,0.6666666666666666,0.0,0.0
1836,67794,Sam Beskind,Stanford,0.0,0.0,0.0,0.0
1837,67795,Devan Straub,Evansville,0.0,0.0,0.0,1.0
1838,67805,Michael Cubbage,Marist,0.0,0.1111111111111111,0.0,0.6666666666666666
1839,67809,Keith McGee,New Mexico,0.0,0.0,0.0,0.8
1840,67810,Amari McCray,Portland St.,1.0,0.3684210526315789,0.0,0.0
1841,67812,KC Ndefo,Saint Peter's,0.8571428571428571,0.5274725274725275,0.3235294117647059,1.0
1842,67815,Josh Aldrich,USC Upstate,0.0,0.4166666666666667,0.0,0.8571428571428571
1843,67821,Larry Robinson III,New Orleans,0.0,0.0,0.0,0.0
1844,67824,Matt Hobbs,Hartford,0.0,0.0,0.0,0.0
1845,67826,Pape Diop,Southeastern Louisiana,0.0,0.631578947368421,1.0,0.0
1846,67830,Brandon Powell,Alabama A&M,0.0,0.0,1.0,0.0
1847,67831,Isaac Hippolyte,Coastal Carolina,1.0,1.0,0.0,0.0
1848,67832,Zan Payne,Kentucky,0.0,0.0,0.0,0.0
1849,67836,Kyonze Chavis,Norfolk St.,1.0,0.4375,0.34782608695652173,0.9444444444444444
1850,67841,Webster Filmore,North Carolina A&T,0.8,0.6666666666666666,0.7777777777777778,0.0
1851,67842,Max Rice,Boise St.,0.0,0.375,0.08333333333333333,0.9166666666666666
1852,67846,Christian Gray,Fresno St.,0.0,0.5454545454545454,0.0,0.0
1853,67850,Jeremiah Bailey,Pacific,0.2,0.4444444444444444,0.3333333333333333,0.875
1854,67860,Kyle Cardaci,Coppin St.,0.0,0.5833333333333334,0.0,0.8333333333333334
1855,67861,Chudier Bile,Georgetown,0.5,0.3870967741935484,0.23076923076923078,0.972972972972973
1856,67864,ShanQuan Hemphill,Drake,0.7222222222222222,0.4642857142857143,0.16,0.0
1857,67868,Nathan Nelson,South Carolina,0.0,0.0,0.5,1.0
1858,67873,Courtese Cooper,Southern Utah,0.0,1.0,1.0,0.0
1859,67875,CJ Kelly,Albany,0.0,0.17857142857142858,0.0,0.7037037037037037
1860,67881,D.J. Mitchell,Hartford,0.0,0.5555555555555556,0.23076923076923078,0.8837209302325582
1861,67888,Tra'Von Fagan,Buffalo,0.0,0.5555555555555556,1.0,0.9166666666666666
1862,67894,Ben Kinker,Army,0.0,0.0,0.0,0.0
1863,67898,Payton Youngblood,North Alabama,0.0,0.2857142857142857,0.15384615384615385,0.8529411764705882
1864,67900,Kashawn Charles,Eastern Illinois,0.0,0.18181818181818182,0.42857142857142855,0.9166666666666666
1865,67902,Jackson Moffatt,Baylor,0.0,0.0,0.0,0.0
1866,67907,Jordan Williams,St. Francis NY,0.0,0.0,0.0,1.0
1867,67909,Jacob Tryon,Samford,1.0,0.7391304347826086,0.2857142857142857,1.0
1868,67910,Wyatt Watson,Portland,0.0,0.0,0.0,1.0
1869,67912,Austin Washburn,William & Mary,0.0,0.0,0.0,0.0
1870,67913,Connor Gholson,Drake,0.0,0.0,0.0,0.0
1871,67921,Amir Allen,Milwaukee,0.75,0.55,0.5,0.0
1872,67927,Aundre Hyatt,LSU,0.5,0.3157894736842105,0.3333333333333333,0.9
1873,67935,Mark Tikhonenko,Chattanooga,0.0,0.0,0.0,0.0
1874,67938,Valdir Manuel,New Mexico,0.6,0.47368421052631576,0.6666666666666666,1.0
1875,67948,Josiah Wallace,Eastern Illinois,0.0,0.058823529411764705,0.043478260869565216,0.7058823529411765
1876,67953,Casson Rouse,Eastern Washington,0.0,0.25,0.0,0.7777777777777778
1877,67955,Andrew Gordon,Louisiana Tech,0.6666666666666666,0.4782608695652174,0.7142857142857143,0.0
1878,67956,Jordan Veening,Eastern Washington,0.0,0.0,0.0,0.0
1879,67961,Khalil Shabazz,San Francisco,0.0,0.15789473684210525,0.2222222222222222,0.5
1880,67965,Damian Chong Qui,Mount St. Mary's,0.0,0.03125,0.024390243902439025,0.2972972972972973
1881,67968,Ashton McClelland,Texas Southern,0.0,0.0,0.0,1.0
1882,67971,Rodney Henderson Jr.,Rider,0.0,0.0,0.5,0.9142857142857143
1883,67972,Tristen Becker,Presbyterian,0.0,0.0,0.0,0.0
1884,67978,Willie Herenton,Miami FL,0.0,0.0,0.0,0.8
1885,67984,Zaire Mateen,Northern Illinois,0.0,0.0,0.0,0.0
1886,67986,Trendon Hankerson,Northern Illinois,0.0,0.2692307692307692,0.08,0.7708333333333334
1887,67987,Benjamin Litteken,Miami OH,0.0,0.0,0.0,0.0
1888,67988,Jamon Bivens,Buffalo,0.0,0.0,0.0,0.0
1889,68001,Curtis Aiken Jr.,Pittsburgh,0.0,0.0,0.0,0.0
1890,68002,Ty Dalton,Houston Christian,0.0,0.4117647058823529,0.0,0.8181818181818182
1891,68003,Tate Hall,Loyola Chicago,0.0,0.5333333333333333,0.25,1.0
1892,68016,John Norvel,Northwestern St.,0.0,0.0,0.0,0.0
1893,68021,Chandler Vaudrin,Winthrop,0.6666666666666666,0.19230769230769232,0.0,0.8333333333333334
1894,68025,Brendon Brooks,Southern,0.0,0.125,0.25,0.8333333333333334
1895,68027,Jack Higgins,Quinnipiac,0.0,0.0,0.0,0.0
1896,68033,Carter Higginbottom,Wisconsin,0.0,0.0,0.0,0.0
1897,68036,Kyle Luedtke,Nebraska Omaha,0.0,0.0,0.0,1.0
1898,68038,Mike Nuga,Kent St.,0.25,0.0975609756097561,0.0,0.9722222222222222
1899,68039,LaTerrance Reed,Northwestern St.,0.0,0.25,0.2222222222222222,0.9210526315789473
1900,68047,Robert Guyton,The Citadel,0.0,0.0,0.0,0.0
1901,68049,Myles Parker,Alabama A&M,0.0,1.0,0.0,1.0
1902,68051,Jay Vaughan,Lafayette,0.0,0.0,0.0,0.0
1903,68053,Christian Guess,Samford,0.25,0.40816326530612246,0.14285714285714285,1.0
1904,68054,Luke Toliver,Western Michigan,0.0,0.0,0.3333333333333333,1.0
1905,68055,Faite Williams,Prairie View A&M,1.0,0.25,0.2727272727272727,0.4
1906,68058,Tony Miller,Washington St.,1.0,0.4,0.0,0.0
1907,68066,Reagan Lundeen,Washington,0.0,0.0,0.0,0.0
1908,68070,Clay Patterson,New Mexico,0.0,0.0,0.0,0.0
1909,68071,Sekou Dembele,Southern Illinois,0.0,1.0,0.25,0.0
1910,68072,Kawanise Wilkins,Western Michigan,0.0,0.16666666666666666,0.75,1.0
1911,68075,Isaiah Rollins,Southern,0.0,0.42857142857142855,0.625,0.9285714285714286
1912,68080,Nate Schuster,Iowa St.,0.0,0.0,0.0,0.0
1913,68087,Tennessee Owens,New Mexico St.,0.0,0.0,0.0,1.0
1914,68089,DeShang Weaver,Oral Roberts,0.8,0.6666666666666666,0.06666666666666667,0.9259259259259259
1915,68091,Dante Treacy,Robert Morris,0.0,0.08333333333333333,0.0,0.8333333333333334
1916,68099,Michael Baer,Iowa,0.0,0.0,0.0,0.0
1917,68102,Solomon Iluyomade,Maine,0.0,0.8333333333333334,0.6666666666666666,0.0
1918,68103,Tyler Bertram,Binghamton,0.0,0.0,0.25,0.675
1919,68110,Jordan Gilliam,Texas Southern,0.0,0.36363636363636365,0.08333333333333333,0.8125
1920,68112,LJ Figueroa,Oregon,0.8888888888888888,0.5,0.2916666666666667,0.8478260869565217
1921,68113,Bentiu Panoam,North Dakota,0.0,0.18181818181818182,0.125,0.896551724137931
1922,68115,Federico Poser,Elon,0.0,0.5625,0.7,0.0
1923,68136,Brandon Bradsher,Loyola MD,0.0,0.42857142857142855,0.0,0.8333333333333334
1924,68137,Joe Foley,Santa Clara,0.0,0.0,0.0,0.0
1925,68138,Des Balentine,Incarnate Word,0.0,0.18181818181818182,0.08571428571428572,0.3333333333333333
1926,68139,Jahnathan Maxwell,North Carolina Central,0.0,0.42857142857142855,0.5,1.0
1927,68142,Chris Caliguiran,Towson,0.0,0.0,0.0,0.0
1928,68153,Blake Nevins,Texas,0.0,0.0,0.0,0.0
1929,68154,Marvin Coleman,UNLV,0.0,0.2,0.0,1.0
1930,68155,Jeff Otchere,UT Rio Grande Valley,0.875,0.7142857142857143,0.5,0.0
1931,68156,Brandon Miller,Alabama A&M,0.0,0.0,0.0,1.0
1932,68161,Kyle Feit,Arizona St.,0.0,0.0,0.0,1.0
1933,68173,Andy Neff,Wright St.,0.0,0.3333333333333333,0.0,0.0
1934,68174,Denzel Tchougang,Siena,0.0,1.0,0.0,0.0
1935,68175,Drew Cobb,Long Beach St.,0.0,0.75,0.0,0.0
1936,68177,Mikel Beyers,Marshall,0.9,0.48148148148148145,0.2727272727272727,0.9285714285714286
1937,68178,Mike James Jr.,Monmouth,0.0,0.0,0.0,0.0
1938,68181,Emeka Obukwelu,Arkansas,0.0,0.0,0.0,0.0
1939,68187,Jackson Best,SIU Edwardsville,0.0,0.0,0.0,0.0
1940,68189,Marquis Moore,Southern Utah,0.0,0.3333333333333333,0.0,1.0
1941,68200,Nicolas Hobbs,Iowa,0.0,0.0,0.0,0.0
1942,68201,Mark Calleja,South Florida,0.0,0.0,0.0,0.0
1943,68202,Isaiah White,USC,0.8,0.52,0.16666666666666666,0.9583333333333334
1944,68208,Rob Howard,Illinois Chicago,1.0,0.5,0.4,1.0
1945,68209,Jamie Ahale,Illinois Chicago,0.0,0.0,0.0,1.0
1946,68212,Andre Charles Jr.,Houston Christian,0.0,0.0,0.0,0.0
1947,68213,Kur Jockuch,Northern Colorado,0.6842105263157895,0.4090909090909091,0.3333333333333333,0.0
1948,68217,Christian Sutton,American,0.0,0.0,0.0,0.0
1949,68218,Spencer Brown,Missouri St.,0.0,0.0,0.0,0.0
1950,68221,Travis Rice,Washington,0.0,0.0,0.0,1.0
1951,68224,Nolan Bertain,Texas A&M Corpus Chris,0.0,0.75,0.7777777777777778,0.975609756097561
1952,68229,Douglas Elks,Western Carolina,0.0,0.0,0.0,0.0
1953,68233,Nicolas Fennell,North Carolina Central,0.5,0.5,0.3333333333333333,1.0
1954,68240,Warith Alatishe,Oregon St.,0.7619047619047619,0.5,0.4909090909090909,1.0
1955,68276,Jeremiah Buford,Nicholls St.,0.0,0.5,0.0,1.0
1956,68280,Prince Moss,Grambling St.,0.6428571428571429,0.5,0.2727272727272727,0.896551724137931
1957,68287,Azariah Seay,IU Indy,0.0,0.375,0.5882352941176471,0.8
1958,68290,Jeremy Harrell,McNeese St.,0.0,0.8333333333333334,0.8,1.0
1959,68296,Jayveous McKinnis,Jackson St.,0.5238095238095238,0.5,0.5,0.0
1960,68303,Darrian Wilson,Jackson St.,0.0,1.0,0.0,0.875
1961,68306,Preston Cook,Auburn,0.0,0.0,0.0,0.0
1962,68307,Chase Maasdorp,Auburn,0.0,0.0,0.0,0.0
1963,68312,Markese Redding,Loyola MD,0.0,0.0,0.0,0.0
1964,68315,Zach Walker,Texas A&M,0.0,0.0,0.0,0.0
1965,68322,Christian Wilson,Dayton,0.0,0.0,0.0,0.0
1966,68324,Keyshawn Hunter,Winthrop,0.0,0.0,0.0,1.0
1967,68332,Drayton Whiteside,Texas,0.0,0.0,0.0,0.0
1968,68348,Myles Johnson,Rutgers,0.875,0.6582278481012658,0.631578947368421,0.0
1969,68351,Flynn Cameron,UC Riverside,0.0,0.06896551724137931,0.16666666666666666,0.8529411764705882
1970,68352,Onyebuchi Ezeakudo,Pittsburgh,0.0,0.0,0.0,1.0
1971,68357,Anto Keshgegian,Drexel,0.0,0.0,0.0,0.0
1972,68366,D'Marco Baucum,Delaware St.,0.0,0.46153846153846156,0.5,0.75
1973,68371,Ron Artest III,Cal St. Northridge,0.0,0.5,0.25,0.0
1974,68373,Ajiri Ogemuno-Johnson,Rider,0.9090909090909091,0.7169811320754716,0.7692307692307693,0.0
1975,68375,Hnric Murray Jr.,Florida A&M,0.0,0.0,0.0,0.0
1976,68379,Kevin McCullar,Texas Tech,0.0,0.48717948717948717,0.35,1.0
1977,68381,Harrison Hookfin,Ohio St.,0.0,0.0,1.0,0.0
1978,68383,Goodnews Kpegeol,Valparaiso,0.0,0.36363636363636365,0.42857142857142855,1.0
1979,68386,Jeffrey Yan,Long Beach St.,0.0,0.0,0.0,0.0
1980,68396,Brent Jenkins,UNC Wilmington,0.0,0.0,0.0,0.0
1981,70243,Mekhi Long,Old Dominion,1.0,0.4,0.25,1.0
1982,70244,Moses Flowers,Hartford,0.5,0.1875,0.0,0.75
1983,70246,Colby Rogers,Cal Poly,0.0,0.25,0.12903225806451613,0.8064516129032258
1984,70249,Jeremiah Hernandez,Kent St.,0.0,0.26666666666666666,0.0,1.0
1985,70252,Evan Bainbridge,Kent St.,0.0,0.3333333333333333,1.0,0.6666666666666666
1986,70253,Jakob Alamudun,Lehigh,0.0,0.2,0.18181818181818182,0.0
1987,70254,Alimamy Koroma,Cal Poly,1.0,0.6037735849056604,0.71875,1.0
1988,70255,Giovanni Santiago,Kent St.,0.0,0.25,0.0,0.7142857142857143
1989,70257,Tim Ceaser,Coastal Carolina,1.0,0.6363636363636364,0.3333333333333333,0.8888888888888888
1990,70258,Miroslav Stafl,Hartford,0.5,0.4423076923076923,0.42105263157894735,0.75
1991,70260,Giordan Williams,Santa Clara,0.0,0.3333333333333333,0.4,0.6666666666666666
1992,70261,Kyle Young,Siena,1.0,0.7,0.625,0.0
1993,70262,Miguel Tomley,Santa Clara,0.0,0.0,0.25,1.0
1994,70263,Javion Hamlet,North Texas,0.0,0.16279069767441862,0.039473684210526314,0.8214285714285714
1995,70264,Thomas Bell,North Texas,0.8571428571428571,0.5517241379310345,0.11764705882352941,0.9642857142857143
1996,70265,Cade Alger,San Diego St.,1.0,0.5,1.0,0.0
1997,70266,Max Romanov,Southeastern Louisiana,0.0,0.6666666666666666,0.3333333333333333,1.0
1998,70267,Calvin Temple,Jackson St.,0.0,0.0,0.0,0.3333333333333333
1999,70269,Jalen Williams,Santa Clara,0.5,0.4375,0.16666666666666666,0.8235294117647058
2000,70270,Damen Thacker,Idaho,0.0,0.0,0.25925925925925924,0.4166666666666667
2001,70271,Kalik Brooks,Georgia St.,0.0,0.0,0.5,1.0
2002,70273,Joshua Lusane,Campbell,0.9166666666666666,0.7391304347826086,0.3333333333333333,1.0
2003,70274,David Muoka,Lamar,0.875,0.7073170731707317,0.85,0.0
2004,70275,Finn Fleute,Montana St.,0.0,1.0,0.0,0.0
2005,70276,Borja Fernandez,Montana St.,0.0,0.6666666666666666,0.36363636363636365,1.0
2006,70277,Eric Beckett,Vermont,0.0,0.6666666666666666,0.0,1.0
2007,70278,Anderson Kopp,Lamar,0.0,0.36,0.4,0.8780487804878049
2008,70280,Corey Nickerson,Lamar,0.5,0.4166666666666667,0.0,1.0
2009,70282,Miles Gally,George Washington,0.0,0.0,0.0,0.0
2010,70283,Jameer Nelson Jr.,George Washington,0.6,0.35714285714285715,0.6666666666666666,0.6666666666666666
2011,70284,Jamison Battle,George Washington,0.875,0.6,0.35,0.7352941176470589
2012,70285,Chase Paar,George Washington,1.0,0.4,1.0,1.0
2013,70287,Harouna Sissoko,Illinois St.,1.0,0.6521739130434783,0.7142857142857143,0.8
2014,70289,DaJuan Gordon,Kansas St.,0.6666666666666666,0.5,0.5,0.6666666666666666
2015,70293,Xavier Wilson,Central Connecticut,0.5,0.59375,0.65,0.6666666666666666
2016,70294,David Didenko,Georgia Tech,0.0,0.0,0.0,0.0
2017,70296,Colin Kenney,Furman,0.0,0.6666666666666666,0.0,0.7777777777777778
2018,70297,Marcus Foster,Furman,0.0,0.6,0.0,1.0
2019,70298,Zach Newkirk,Central Connecticut,1.0,0.2857142857142857,0.16666666666666666,0.9
2020,70299,Stephane Ayangma,Central Connecticut,0.5714285714285714,0.3783783783783784,0.2857142857142857,0.8888888888888888
2021,70300,Jamir Reed,Central Connecticut,0.0,0.25,0.3333333333333333,0.7058823529411765
2022,70302,Jonny Lawrence,Furman,0.0,0.0,0.0,1.0
2023,70303,Gaige Prim,Missouri St.,0.6,0.5157894736842106,0.39622641509433965,0.0
2024,70304,Emmanuel Ugboh,Tulsa,0.8,0.7333333333333333,0.6,0.0
2025,70305,Elijah Ford,Wagner,0.6666666666666666,0.5168539325842697,0.5405405405405406,0.5
2026,70307,Josh Earley,Tulsa,0.0,1.0,0.0,0.0
2027,70308,Will Martinez,Wagner,0.0,0.36585365853658536,0.25806451612903225,0.7777777777777778
2028,70309,Cole Henry,Northern Iowa,0.5,0.6363636363636364,0.2,0.0
2029,70311,Evan Gauger,Northern Iowa,0.0,0.5,0.0,0.5
2030,70312,Antwan Kimmons,Northern Iowa,0.0,0.0,0.0,0.5
2031,70314,Elias King,Middle Tennessee,0.0,0.0,0.0,0.9333333333333333
2032,70315,Akok Akok,Connecticut,1.0,1.0,1.0,0.0
2033,70316,Richie Springs,Connecticut,0.0,0.0,1.0,0.0
2034,70318,Delor Johnson,Southern,0.0,0.16666666666666666,0.7142857142857143,0.0
2035,70319,James Bouknight,Connecticut,0.4166666666666667,0.34615384615384615,0.125,0.5
2036,70322,Byron Smith,Southeastern Louisiana,0.0,0.14285714285714285,0.375,1.0
2037,70323,Andrei Arion,Lehigh,0.0,0.0,0.0,0.0
2038,70325,Anthony Jones,Western Illinois,0.0,0.2631578947368421,0.08333333333333333,1.0
2039,70326,Doctor Bradley,Cal St. Fullerton,1.0,0.5416666666666666,0.5,0.0
2040,70327,Jaden Bediako,Santa Clara,1.0,0.5,0.5,0.0
2041,70329,Daniss Jenkins,Pacific,0.5,0.40476190476190477,0.21875,0.9
2042,70330,James Hampshire,Pacific,1.0,0.7142857142857143,0.3333333333333333,0.0
2043,70332,Jonathan Salazar,Pacific,0.0,0.6666666666666666,0.0,0.0
2044,70333,Alvin Stredic Jr,Arkansas Pine Bluff,0.0,0.36363636363636365,1.0,0.0
2045,70335,Keion Brooks Jr.,Kentucky,0.8181818181818182,0.4444444444444444,0.5,0.8333333333333334
2046,70336,Jalen Jackson,North Texas,0.0,0.0,1.0,1.0
2047,70339,Armando Bacot,North Carolina,0.9130434782608695,0.6,0.5925925925925926,0.0
2048,70340,Robert Boyd,Arkansas Pine Bluff,0.0,0.0,0.0,1.0
2049,70342,Max Agbonkpolo,USC,0.625,0.65,0.375,0.9333333333333333
2050,70343,Emanuel Miller,Texas A&M,1.0,0.49206349206349204,0.5675675675675675,0.0
2051,70344,Quenton Jackson,Texas A&M,0.625,0.5428571428571428,0.5,0.8260869565217391
2052,70345,Jonathan Aku,Texas A&M,1.0,0.8571428571428571,0.5,0.0
2053,70348,Andre Gordon,Texas A&M,0.6666666666666666,0.35,0.1875,0.631578947368421
2054,70349,Drew Lutz,Incarnate Word,0.0,0.0,0.07692307692307693,0.8636363636363636
2055,70351,Derek Van Vlerah,Incarnate Word,0.0,0.0,1.0,0.0
2056,70352,Messiah Thompson,Campbell,0.0,0.3157894736842105,0.09090909090909091,0.7777777777777778
2057,70355,Brandon Stone,La Salle,1.0,1.0,0.0,0.0
2058,70356,Lance Jones,Southern Illinois,0.0,0.13636363636363635,0.1111111111111111,0.7058823529411765
2059,70357,Amin Adamu,Montana St.,0.6,0.44680851063829785,0.12962962962962962,0.75
2060,70358,Josh Thomas,Milwaukee,0.8,0.3787878787878788,0.1891891891891892,0.6666666666666666
2061,70359,Oton Jankovic,Tulane,0.0,1.0,0.0,0.0
2062,70360,Mahamadou Diawara,Stetson,1.0,0.5522388059701493,0.5,0.0
2063,70361,Anyang Garang,Oklahoma,1.0,1.0,0.0,0.0
2064,70362,De'Vion Harmon,Oklahoma,1.0,0.2909090909090909,0.2222222222222222,0.9696969696969697
2065,70363,Victor Iwuakor,Oklahoma,1.0,0.6875,0.7142857142857143,0.0
2066,70364,Jalen Hill,Oklahoma,0.3333333333333333,0.47619047619047616,0.4,1.0
2067,70367,Wyatt Hollmann,Stetson,0.0,0.0,0.0,0.0
2068,70368,Ellis Jefferson,Lamar,0.0,0.20588235294117646,0.3333333333333333,1.0
2069,70369,D'Mauria Jones,Oral Roberts,0.0,0.0,0.0,1.0
2070,70370,Toumani Camara,Georgia,0.8695652173913043,0.6027397260273972,0.38461538461538464,1.0
2071,70372,Sahvir Wheeler,Georgia,0.0,0.09782608695652174,0.0,0.8333333333333334
2072,70373,Bryan Smith,Samford,0.0,0.0,0.0,0.0
2073,70374,Logan Padgett,New Mexico,0.0,0.5,1.0,1.0
2074,70375,Tyrese Jenkins,Norfolk St.,0.0,0.6,0.75,0.9333333333333333
2075,70376,Donovan Gregory,Appalachian St.,0.7777777777777778,0.3611111111111111,0.26666666666666666,0.6666666666666666
2076,70377,Naim Miller,Mount St. Mary's,0.0,1.0,0.0,1.0
2077,70379,Doug Edert,Saint Peter's,0.0,0.46153846153846156,0.2,0.9705882352941176
2078,70380,Hassan Drame,Saint Peter's,0.6666666666666666,0.6052631578947368,0.09090909090909091,1.0
2079,70381,Eric Rustin,Tennessee Martin,0.0,0.0,0.0,0.0
2080,70385,Emmanuel Tshimanga,UC Irvine,0.0,0.6363636363636364,0.5714285714285714,1.0
2081,70386,Isaiah Lee,UC Irvine,0.0,0.1,0.0,0.9090909090909091
2082,70388,Ofure Ujadughele,UC Irvine,0.0,0.6,0.5,0.0
2083,70389,Matt Johnson,Detroit Mercy,0.0,0.35,0.21052631578947367,0.9354838709677419
2084,70390,Ja'Shonte Wright-McLeish,Maine,0.0,0.25,0.0,1.0
2085,70392,Cole Bajema,Washington,0.3333333333333333,0.45454545454545453,0.0,0.8333333333333334
2086,70393,Ata Turgut,Maine,0.0,0.6666666666666666,0.0,1.0
2087,70394,Franz Wagner,Michigan,0.45454545454545453,0.4126984126984127,0.07692307692307693,0.7714285714285715
2088,70396,Taylor Schildroth,Maine,0.0,0.3333333333333333,0.0,0.875
2089,70397,Trevin Knell,BYU,0.0,0.4,0.0,0.9512195121951219
2090,70398,Gage Bobe,Evansville,0.0,0.5,0.0,1.0
2091,70400,Braelen Bridges,Illinois Chicago,1.0,0.6363636363636364,0.4838709677419355,0.0
2092,70401,Jaylin Hunter,Old Dominion,0.0,0.09523809523809523,0.3333333333333333,0.9411764705882353
2093,70402,Jamaure Gregg,Northwestern St.,0.7142857142857143,0.4074074074074074,0.4642857142857143,1.0
2094,70405,Trenton Massner,Northwestern St.,0.5,0.28169014084507044,0.21875,0.696969696969697
2095,70406,Jovan Zelenbaba,Northwestern St.,1.0,0.5789473684210527,0.46153846153846156,0.9090909090909091
2096,70408,Robert Chougkaz,Northwestern St.,0.0,0.5,0.0,1.0
2097,70409,Rob Banks,Cincinnati,0.0,0.0,0.0,0.0
2098,70410,Mika Adams-Woods,Cincinnati,1.0,0.4722222222222222,0.5,1.0
2099,70411,Robby Robinson,Nevada,0.0,1.0,0.0,0.0
2100,70413,Kane Milling,Nevada,0.0,0.16666666666666666,0.36363636363636365,0.8571428571428571
2101,70414,Zane Meeks,Nevada,0.8333333333333334,0.6666666666666666,0.5833333333333334,1.0
2102,70415,David Skogman,Buffalo,1.0,0.5,0.0,1.0
2103,70416,Demiere Brown,Stephen F. Austin,0.0,0.0,1.0,0.0
2104,70417,"Michael Brown, Jr.",Ohio,0.0,0.0,0.0,0.0
2105,70418,Ben Roderick,Ohio,1.0,0.5333333333333333,0.2,0.8909090909090909
2106,70419,David Johnson,Louisville,0.75,0.1935483870967742,0.0,0.59375
2107,70420,Lunden McDay,Ohio,0.0,0.4857142857142857,0.5,0.9629629629629629
2108,70421,Jaxon Brenchley,Utah,0.0,0.0,0.0,1.0
2109,70425,Kobe Langley,UNC Greensboro,1.0,0.7142857142857143,0.14285714285714285,0.25
2110,70426,Eli Lawrence,Middle Tennessee,1.0,0.36363636363636365,0.0,0.8
2111,70429,Josh Kunen,San Francisco,0.5,0.375,0.2,0.875
2112,70430,Shamar Wright,SIU Edwardsville,0.3333333333333333,0.40425531914893614,0.3125,0.9565217391304348
2113,70431,Jimmy Bell Jr.,Saint Louis,1.0,0.5833333333333334,0.5,0.0
2114,70432,Mickey Pearson Jr.,TCU,1.0,0.6666666666666666,0.0,1.0
2115,70433,Yuri Collins,Saint Louis,0.0,0.4166666666666667,0.5,0.8571428571428571
2116,70434,Samuell Williamson,Louisville,0.8571428571428571,0.5909090909090909,0.38461538461538464,1.0
2117,70435,Hidde Roessink,UMKC,1.0,0.6666666666666666,0.0,1.0
2118,70436,Javonte Perkins,Saint Louis,0.3333333333333333,0.5434782608695652,0.6875,0.8947368421052632
2119,70437,Hogan Orbaugh,Louisville,0.0,0.0,0.0,1.0
2120,70438,Gibson Jimerson,Saint Louis,0.0,0.9,0.8181818181818182,0.972972972972973
2121,70439,Terrence Hargrove Jr.,Saint Louis,1.0,0.8,0.8,0.9285714285714286
2122,70440,Quinn Slazinski,Louisville,0.0,0.29411764705882354,0.45454545454545453,1.0
2123,70441,R.J. Wilson,Appalachian St.,0.0,0.5,0.0,1.0
2124,70442,Phoenix Ford,UTSA,0.0,0.6,1.0,0.0
2125,70443,Kobi Nwandu,Niagara,0.6,0.3283582089552239,0.07692307692307693,0.8181818181818182
2126,70444,Seth Pinkney,Quinnipiac,0.972972972972973,0.8833333333333333,1.0,0.0
2127,70445,Nathan Brusseau,Nebraska Omaha,0.0,0.0,0.0,0.0
2128,70446,Kendall Lewis,Appalachian St.,1.0,0.5,0.0,1.0
2129,70447,La'Mel Robinson,Nebraska Omaha,0.0,0.14893617021276595,0.0,0.7333333333333333
2130,70448,Justin Webster,Hawaii,0.0,0.3333333333333333,0.25,0.9032258064516129
2131,70450,Kameron Ng,Hawaii,0.0,0.0,0.0,0.0
2132,70451,Darrius Hughes,Nebraska Omaha,0.0,0.4666666666666667,0.6,0.0
2133,70452,Mysta Goodloe,USC Upstate,0.0,0.3333333333333333,0.0,1.0
2134,70454,Immanuel Allen,Abilene Christian,0.8,0.6153846153846154,0.3333333333333333,0.8
2135,70455,Marlon Ruffin,Nebraska Omaha,0.0,0.10344827586206896,0.08695652173913043,0.9130434782608695
2136,70456,Sami Ismail,Loyola Chicago,0.0,0.0,0.0,0.0
2137,70457,Jalyn McCreary,South Carolina,0.75,0.6470588235294118,0.55,0.0
2138,70458,Jatayveous Watson,USC Upstate,0.9090909090909091,0.5454545454545454,0.0,0.0
2139,70459,Wildens Leveque,South Carolina,0.7391304347826086,0.6216216216216216,0.5333333333333333,0.0
2140,70461,Jaime Jaquez Jr.,UCLA,0.6153846153846154,0.40298507462686567,0.39473684210526316,0.7567567567567568
2141,70462,Gregory Hammond,UMass Lowell,0.0,0.2222222222222222,0.6666666666666666,1.0
2142,70463,De'Sean Allen-Eikens,North Dakota,0.0,0.2857142857142857,0.0,0.0
2143,70464,Goran Miladinovic,Marshall,1.0,0.75,0.5454545454545454,1.0
2144,70465,Devin Collins,Marshall,0.0,0.0,0.0,1.0
2145,70466,Taz Sherman,West Virginia,0.0,0.40625,0.275,0.8297872340425532
2146,70467,Zach Iyeyemi,Houston Christian,0.0,0.7017543859649122,0.42857142857142855,0.0
2147,70468,Gertautas Urbonavicius,North Dakota,0.0,0.5,0.75,1.0
2148,70470,Brady Danielson,North Dakota,0.0,0.5,0.0,1.0
2149,70471,Myles Pierre,Houston Christian,0.0,0.35,0.3333333333333333,0.7692307692307693
2150,70472,Hunter Janacek,Houston Christian,0.0,0.875,0.4166666666666667,0.918918918918919
2151,70475,Mackenzie McFatten,Georgia Southern,0.5,0.1875,1.0,0.0
2152,70477,Malachi Rhodes,Bucknell,0.0,0.3333333333333333,0.0,1.0
2153,70478,Quinton Morton-Robertson,Radford,0.0,0.0,0.0,0.75
2154,70480,Xander Rice,Bucknell,0.0,0.0,0.0,0.7142857142857143
2155,70481,James Bishop,George Washington,1.0,0.18421052631578946,0.14583333333333334,0.52
2156,70484,Edward Oliver-Hampton,Hampton,0.75,0.631578947368421,0.3333333333333333,0.75
2157,70485,Chris Shelton,Hampton,0.0,0.75,0.5833333333333334,0.9552238805970149
2158,70486,Daniel Banister,Hampton,1.0,0.6666666666666666,0.3333333333333333,1.0
2159,70487,Saheem Anthony,Hampton,1.0,1.0,0.6666666666666666,1.0
2160,70490,Grant Yates,Virginia Tech,0.0,0.0,0.0,0.0
2161,70491,Chayce Smith,Pittsburgh,0.0,0.0,0.0,0.0
2162,70492,Okay Djamgouz,Drake,0.0,0.0,0.0,0.8571428571428571
2163,70493,Isaiah Cozart,Western Kentucky,1.0,0.625,1.0,0.0
2164,70494,Chandler Turner,Bowling Green,0.0,0.35714285714285715,0.0,0.6666666666666666
2165,70495,Roti Ware,Stephen F. Austin,1.0,0.20689655172413793,0.36363636363636365,1.0
2166,70496,Trey Diggs,Bowling Green,1.0,0.5,0.5789473684210527,0.7090909090909091
2167,70497,Isaac Elsasser,Bowling Green,0.0,1.0,0.0,0.0
2168,70498,Davin Zeigler,Bowling Green,0.0,0.0,0.0,0.0
2169,70500,Chereef Knox,Coppin St.,0.0,0.0,0.0,0.8888888888888888
2170,70501,Rahmir Moore,Saint Joseph's,0.5,0.3125,0.2,1.0
2171,70503,Jawaun Daniels,Prairie View A&M,0.8333333333333334,0.7058823529411765,0.6190476190476191,0.9166666666666666
2172,70505,Brady Spence,The Citadel,0.0,0.375,0.75,0.0
2173,70507,Mike Green,South Carolina,0.0,0.0,0.0,0.0
2174,70508,Khalil Johnson,Denver,0.0,0.0,0.0,0.0
2175,70509,Trae Hannibal,South Carolina,0.5,0.09523809523809523,0.09090909090909091,0.7142857142857143
2176,70511,Robert Jones,Denver,1.0,0.5909090909090909,0.5,0.0
2177,70514,Jordan King,Siena,0.0,0.17647058823529413,0.125,0.6451612903225806
2178,70516,Rob Higgins,St. Francis NY,0.0,0.35555555555555557,0.26666666666666666,0.9411764705882353
2179,70517,Rob McClain Jr.,UT Rio Grande Valley,0.0,0.8571428571428571,1.0,0.0
2180,70518,Trey Quartlebaum,St. Francis NY,0.0,0.7777777777777778,0.4444444444444444,0.9285714285714286
2181,70519,Kanon Koster,South Dakota,1.0,0.5,0.0,1.0
2182,70520,Connor Raines,UT Rio Grande Valley,0.0,0.3333333333333333,0.5,1.0
2183,70521,Chris Freeman,UT Rio Grande Valley,0.0,0.5,0.75,0.9090909090909091
2184,70523,Tre Edwards,Akron,0.0,0.0,0.0,1.0
2185,70524,Ali Ali,Akron,1.0,0.21428571428571427,0.0,0.9047619047619048
2186,70525,Camron Reece,Akron,0.8333333333333334,0.6538461538461539,0.6666666666666666,0.0
2187,70527,Jermaine Hamlin,Illinois,1.0,1.0,0.0,0.0
2188,70528,Greg Tribble,Akron,1.0,0.36363636363636365,0.2857142857142857,1.0
2189,70530,Jamaal Walker,Chattanooga,0.5,0.2857142857142857,0.14285714285714285,1.0
2190,70531,Chol Marial,Maryland,0.5,0.4,0.6666666666666666,1.0
2191,70532,Hakim Hart,Maryland,0.8,0.5641025641025641,0.8333333333333334,0.8888888888888888
2192,70533,Luke Smith,Belmont,0.0,0.2857142857142857,0.0,0.9054054054054054
2193,70535,Trey Hutcheson,Albany,0.0,0.25,0.25,0.0
2194,70537,John Ojiako,Virginia Tech,1.0,1.0,0.0,0.0
2195,70538,Alex Ducas,Saint Mary's,0.0,0.375,0.0,0.8421052631578947
2196,70539,Kyle Bowen,Saint Mary's,0.0,0.375,0.3333333333333333,1.0
2197,70540,Nahiem Alleyne,Virginia Tech,1.0,0.09090909090909091,0.28,0.9285714285714286
2198,70542,Jalen Cone,Virginia Tech,0.0,0.3333333333333333,0.2,0.8108108108108109
2199,70543,Hunter Cattoor,Virginia Tech,1.0,0.5833333333333334,0.16666666666666666,0.8974358974358975
2200,70544,Keaston Willis,Incarnate Word,0.0,0.2647058823529412,0.20588235294117646,0.7567567567567568
2201,70546,Demond Robinson,Murray St.,0.5,0.6756756756756757,0.68,0.0
2202,70547,Grant van Beveren,Wake Forest,0.0,0.0,0.0,0.0
2203,70548,Ismael Massoud,Wake Forest,1.0,0.36363636363636365,0.5,0.9428571428571428
2204,70549,Donovan Ivory,Boise St.,0.0,0.0,0.0,0.0
2205,70550,Ody Oguama,Wake Forest,0.75,0.5,0.23529411764705882,0.0
2206,70551,Courtney Brown Jr.,Milwaukee,0.0,0.5,0.8571428571428571,0.9375
2207,70552,Tre' Williams,Minnesota,0.5,0.32,0.4166666666666667,0.8333333333333334
2208,70553,Tasos Kamateros,South Dakota,1.0,0.6521739130434783,0.23809523809523808,0.9285714285714286
2209,70554,Nathaniel Stokes,Bryant,1.0,0.3333333333333333,0.6,1.0
2210,70555,Charles Pride,Bryant,0.0,0.4107142857142857,0.42857142857142855,0.6666666666666666
2211,70557,Michael Green III,Bryant,0.0,0.13043478260869565,0.1875,0.7368421052631579
2212,70559,Jake LaRavia,Indiana St.,0.6666666666666666,0.32432432432432434,0.125,0.8
2213,70560,Max Farthing,N.C. State,0.0,0.0,0.0,1.0
2214,70561,Romeo Weems,DePaul,1.0,0.5652173913043478,0.4166666666666667,0.8666666666666667
2215,70564,Seikou Sisoho Jawara,Weber St.,0.0,0.3958333333333333,0.1,0.6774193548387096
2216,70565,Armaan Franklin,Indiana,0.5,0.2,0.23809523809523808,0.9444444444444444
2217,70566,Jairus Roberson,Northwestern St.,0.0,0.0,0.16666666666666666,0.725
2218,70568,Eric Lovett,FIU,0.0,0.3076923076923077,0.0,0.9767441860465116
2219,70570,Marion Humphrey,San Diego,0.4,0.2727272727272727,0.0,1.0
2220,70572,Blake Henry,Colgate,0.0,0.0,0.0,0.0
2221,70573,Jamon Battle,UNC Asheville,0.7777777777777778,0.42857142857142855,0.0,0.0
2222,70574,Ryan Moffatt,Colgate,0.0,0.782608695652174,0.0,1.0
2223,70575,Trent Stephney,UNC Asheville,0.0,0.029411764705882353,0.13333333333333333,0.8666666666666667
2224,70578,Terence Porter Jr.,Charleston Southern,0.8,0.6875,0.0,0.5
2225,70579,Timmy Kiggins,Bryant,0.0,0.0,0.0,0.0
2226,70581,Tahj Small,Tarleton St.,0.0,0.14285714285714285,0.375,1.0
2227,70582,Nicholas Jones,Arkansas Pine Bluff,0.0,0.09090909090909091,0.16666666666666666,0.8947368421052632
2228,70583,Yahuza Rasas,Texas Southern,0.0,0.3684210526315789,0.5555555555555556,1.0
2229,70586,Ryan Ayers,High Point,0.0,0.0,0.0,0.0
2230,70587,Elijah Morgan,Notre Dame,0.0,0.0,0.0,0.0
2231,70594,Jarred Hyder,California,0.0,0.18181818181818182,0.0,0.7
2232,70595,Evan Taylor,Lehigh,1.0,0.5238095238095238,0.3888888888888889,0.9090909090909091
2233,70596,Kennedy Koehler,UC Davis,0.0,0.3888888888888889,0.0,1.0
2234,70597,Ezra Manjon,UC Davis,0.0,0.16,0.02702702702702703,0.5714285714285714
2235,70598,Reed Myers,Rice,0.0,0.0,0.0,0.0
2236,70599,Max Fiedler,Rice,1.0,0.6213592233009708,0.45,0.0
2237,70600,Festus Ndumanya,Cal St. Northridge,0.9230769230769231,0.7647058823529411,0.6666666666666666,0.0
2238,70602,Ade Adebayo,UC Davis,0.0,0.5,0.0,0.0
2239,70604,Zach Crisler,Fairfield,0.0,0.6666666666666666,0.5,1.0
2240,70607,Braden Bell,Marist,0.5,0.3,0.07692307692307693,0.875
2241,70609,DeShawn Thomas,Coastal Carolina,0.75,0.5714285714285714,0.5,0.0
2242,70610,Anthony Holland,Fresno St.,0.0,0.46153846153846156,0.0,0.9090909090909091
2243,70611,Brandton Chatfield,Washington St.,1.0,1.0,0.0,0.0
2244,70613,Jacob Toppin,Kentucky,0.75,0.43478260869565216,0.5882352941176471,1.0
2245,70614,Jake Betlow,Lehigh,0.0,0.0,0.5,0.9090909090909091
2246,70615,Darrious Agnew,Southeast Missouri St.,0.0,0.5416666666666666,0.2222222222222222,1.0
2247,70616,Reed Fenton,Lehigh,0.0,0.6,0.5,1.0
2248,70617,Ryan Rapp,Washington St.,0.0,0.0,0.16666666666666666,0.9090909090909091
2249,70618,Noah Williams,Washington St.,0.0,0.22727272727272727,0.24324324324324326,0.8936170212765957
2250,70619,Tylan Pope,Tulane,1.0,0.6744186046511628,0.8,1.0
2251,70620,Nobal Days,Tulane,1.0,0.3333333333333333,0.8333333333333334,0.5
2252,70621,Alex Hemenway,Clemson,0.0,0.6,0.5714285714285714,1.0
2253,70622,Jamir Chaplin,South Florida,0.5,0.4090909090909091,0.2222222222222222,1.0
2254,70625,B.J. Mack,Wofford,1.0,0.4117647058823529,0.3333333333333333,0.9333333333333333
2255,70626,Chase Hunter,Clemson,0.0,0.25,0.21052631578947367,0.8
2256,70627,Al-Amir Dawes,Clemson,0.0,0.25,0.25,0.6744186046511628
2257,70628,DJ Harvey,Vanderbilt,0.0,0.45454545454545453,0.08333333333333333,0.9285714285714286
2258,70629,Tyler Saint-Furcy,Marist,1.0,0.5384615384615384,0.2,1.0
2259,70631,Kofi Cockburn,Illinois,0.8205128205128205,0.7257142857142858,0.6666666666666666,0.0
2260,70632,Devante Carter,Norfolk St.,0.0,0.11594202898550725,0.0,0.7
2261,70635,Ken Evans,Jackson St.,0.0,0.6,0.23076923076923078,0.8
2262,70636,Yoro Sidibe,Norfolk St.,0.0,1.0,1.0,1.0
2263,70637,Jonas James,Jackson St.,0.0,0.32,0.07142857142857142,0.6363636363636364
2264,70638,Lane Hartley,Louisiana Tech,0.0,0.0,0.0,1.0
2265,70639,Rocket Watts,Michigan St.,0.0,0.4,0.22727272727272727,0.6818181818181818
2266,70640,Malik Hall,Michigan St.,0.8571428571428571,0.5185185185185185,0.8,1.0
2267,70641,Tyrell Jones,Auburn,0.0,0.0,0.0,0.0
2268,70642,Javon Franklin,Auburn,1.0,0.5555555555555556,0.0,1.0
2269,70643,Allen Flanigan,Auburn,0.5,0.3333333333333333,0.09523809523809523,0.5
2270,70644,Jaylin Williams,Auburn,1.0,0.7230769230769231,0.21052631578947367,0.875
2271,70645,Julius Marble II,Michigan St.,1.0,0.6666666666666666,0.8125,1.0
2272,70646,Steven Izzo,Michigan St.,0.0,0.0,0.0,0.0
2273,70649,Khalif Battle,Temple,1.0,0.3157894736842105,0.5555555555555556,0.8695652173913043
2274,70650,Damion Baugh,Memphis,0.5,0.2631578947368421,0.5,1.0
2275,70651,Ellis Magnuson,Eastern Washington,0.0,0.0,0.0,0.7142857142857143
2276,70653,Dereon Seabron,N.C. State,0.8666666666666667,0.5121951219512195,0.25,1.0
2277,70654,Boogie Ellis,Memphis,1.0,0.4230769230769231,0.1111111111111111,0.7647058823529411
2278,70655,Titus Wright,Western Michigan,0.7777777777777778,0.5217391304347826,0.625,0.0
2279,70656,Chase Graham,N.C. State,0.0,0.0,0.0,0.5
2280,70657,Ron Mitchell,UMass Lowell,0.0,0.25,0.0,0.6875
2281,70658,Amari Davis,Green Bay,0.4,0.27692307692307694,0.49295774647887325,0.9565217391304348
2282,70660,Josh Corbin,Winthrop,0.5,0.6666666666666666,0.0,0.9574468085106383
2283,70661,Dante Wilcox,FIU,0.0,0.625,0.4,0.0
2284,70662,Fred Cleveland Jr.,North Carolina A&T,0.0,0.0,0.0,0.7333333333333333
2285,70664,Spencer Jones,Stanford,0.25,0.42857142857142855,0.4,0.9782608695652174
2286,70665,Chase Claxton,Winthrop,0.8,0.6571428571428571,0.5,0.0
2287,70666,Neal Begovich,Stanford,0.0,0.0,0.5,0.0
2288,70668,James Keefe,Stanford,1.0,0.5555555555555556,0.0,0.0
2289,70678,Jack Mullally,Fairfield,0.0,0.0,0.0,0.0
2290,70679,Christian Ings,Rider,0.6666666666666666,0.14285714285714285,0.13636363636363635,1.0
2291,70680,Demarius Pitts,UMKC,0.0,0.47368421052631576,0.2,1.0
2292,70681,Oumar Ballo,Gonzaga,1.0,0.7368421052631579,0.6666666666666666,0.0
2293,70682,Tyreke Locure,South Alabama,0.0,0.13513513513513514,0.0625,0.8
2294,70683,Jimmy Clark III,VCU,0.2,0.16,0.2,0.6666666666666666
2295,70684,Nah'Shon Hyland,VCU,0.5,0.3484848484848485,0.17647058823529413,0.6666666666666666
2296,70687,Josiah Allick,UMKC,0.6,0.5769230769230769,0.4074074074074074,1.0
2297,70688,Sam Martin,UMKC,0.0,0.0,0.0,1.0
2298,70689,Shykeim Phillips,UNC Wilmington,0.0,0.0,0.0,0.0
2299,70690,Keli Leaupepe,Loyola Marymount,1.0,0.5348837209302325,0.16666666666666666,0.9473684210526315
2300,70691,Pavel Zakharov,Gonzaga,0.0,0.0,0.0,0.0
2301,70692,Anton Watson,Gonzaga,0.7692307692307693,0.8,0.6363636363636364,1.0
2302,70693,Darion Spottsville,Eastern Michigan,0.0,0.13636363636363635,0.0,0.0
2303,70695,Jason Gibson,Towson,0.0,0.07142857142857142,0.3333333333333333,0.7083333333333334
2304,70696,Charles Thompson,Towson,0.8,0.5294117647058824,0.26666666666666666,0.0
2305,70697,Sammy Itodo,Gardner Webb,0.0,0.3333333333333333,1.0,0.0
2306,70700,Keeshawn Barthelemy,Colorado,1.0,0.3,0.26666666666666666,0.8823529411764706
2307,70701,Ben Wight,William & Mary,0.7142857142857143,0.6,0.5,1.0
2308,70702,N'Faly Dante,Oregon,0.8,0.5882352941176471,0.5,0.0
2309,70703,Trey Calvin,Wright St.,0.0,0.2,0.11538461538461539,0.7
2310,70704,Larry Kuimi,Jackson St.,0.0,0.0,0.0,0.0
2311,70706,Demarkus Lampley,Sam Houston St.,1.0,0.4166666666666667,0.36666666666666664,0.8461538461538461
2312,70707,Bryan Antoine,Villanova,1.0,1.0,0.0,1.0
2313,70708,Terryonte Thomas,Sam Houston St.,0.0,0.0,0.0,0.5
2314,70709,Evan Buckley,Duquesne,0.0,0.6666666666666666,0.0,1.0
2315,70710,Luke Bumbalough,Ball St.,0.0,0.1,0.25,0.6052631578947368
2316,70712,Jay Heath,Boston College,0.0,0.0975609756097561,0.05,0.7142857142857143
2317,70713,Julian Rishwain,San Francisco,0.0,0.3125,0.2857142857142857,0.8484848484848485
2318,70714,CJ Felder,Boston College,0.75,0.5853658536585366,0.5,0.9545454545454546
2319,70715,Tre Jackson,Iowa St.,0.0,0.42857142857142855,0.25,0.9444444444444444
2320,70716,KK Curry,South Alabama,0.6666666666666666,0.3333333333333333,0.5,0.0
2321,70717,Drew Timme,Gonzaga,0.8571428571428571,0.5625,0.38461538461538464,1.0
2322,70718,RJ Rhoden,Long Beach St.,1.0,0.6363636363636364,0.0,0.875
2323,70719,Martynas Arlauskas,Gonzaga,0.0,0.0,0.0,0.0
2324,70720,Jacob Johnson,UMKC,0.0,0.4444444444444444,0.5,1.0
2325,70721,Brian Tolefree,UNC Wilmington,0.0,0.6,0.0,1.0
2326,70724,Craig Beaudion,Cleveland St.,0.0,0.3684210526315789,0.48,0.9545454545454546
2327,70725,Anthony Walker,Miami FL,0.7777777777777778,0.6136363636363636,0.375,0.9333333333333333
2328,70729,Keishawn Davidson,Tennessee Tech,0.0,0.4482758620689655,0.25,0.78125
2329,70731,Anthony Selden,Gardner Webb,1.0,0.5,0.0,1.0
2330,70732,Tom Welch,Loyola Chicago,1.0,0.7741935483870968,0.42857142857142855,1.0
2331,70733,Ja'Monta Black,Missouri St.,0.0,0.6666666666666666,0.2857142857142857,0.9387755102040817
2332,70734,Marquise Kennedy,Loyola Chicago,0.6,0.2857142857142857,0.14285714285714285,1.0
2333,70735,Justin Champagnie,Pittsburgh,0.6428571428571429,0.5897435897435898,0.696969696969697,0.9565217391304348
2334,70736,Abdoul Karim Coulibaly,Pittsburgh,0.75,0.6052631578947368,0.6666666666666666,1.0
2335,70737,Gerald Drumgoole Jr.,Pittsburgh,0.0,0.6666666666666666,0.0,1.0
2336,70739,Coreyoun Rushin,Chicago St.,0.0,0.4,0.0,0.0
2337,70741,Jacco Fritz,Canisius,1.0,0.76,0.0,1.0
2338,70742,Jovan Stulic,Little Rock,0.0,0.6,0.5,1.0
2339,70743,Ruot Monyyong,Little Rock,0.7142857142857143,0.5108695652173914,0.7142857142857143,0.0
2340,70744,Ryan Wade,Holy Cross,0.0,0.1111111111111111,1.0,0.8095238095238095
2341,70745,Kobe Brown,Missouri,0.8888888888888888,0.46808510638297873,0.2777777777777778,0.9375
2342,70746,Armon Harried,Canisius,0.0,0.3333333333333333,0.0,1.0
2343,70747,Jaden Frazier,Chattanooga,0.0,0.0,0.0,0.0
2344,70749,Tyler Wahl,Wisconsin,0.6666666666666666,0.35135135135135137,0.09090909090909091,0.9
2345,70750,Dontavius King,Charleston,0.6666666666666666,0.2727272727272727,0.4,1.0
2346,70751,Bennett Mohn,Longwood,0.0,0.0,0.0,1.0
2347,70752,Blaze Nield,Utah Valley,0.0,0.375,1.0,0.9285714285714286
2348,70753,Nate Lliteras,Longwood,0.0,0.6666666666666666,0.25,1.0
2349,70756,KyKy Tandy,Xavier,0.0,0.16666666666666666,0.5,0.7142857142857143
2350,70757,Osborn Shema,Iona,0.6666666666666666,0.625,0.75,0.0
2351,70758,Lazar Nekic,Loyola Marymount,0.0,0.0,0.0,0.0
2352,70761,Jason Murphy,NJIT,0.0,0.2,0.0,0.0
2353,70765,Luke Ruggery,Saint Francis,0.0,0.0,0.0,1.0
2354,70767,Josh Cohen,Saint Francis,0.0,0.5151515151515151,0.3125,0.0
2355,70768,Brad McCabe,Saint Francis,0.0,0.0,0.0,1.0
2356,70769,Dieonte Miles,Xavier,1.0,1.0,0.8333333333333334,0.0
2357,70770,Yeikson Montero,Eastern Michigan,0.0,0.3333333333333333,0.5,0.7727272727272727
2358,70772,Rienk Mast,Bradley,1.0,0.7931034482758621,0.4642857142857143,1.0
2359,70776,Miles Gibson,Eastern Michigan,0.0,0.17647058823529413,0.6,1.0
2360,70777,Ville Tahvanainen,Bradley,0.0,0.375,0.3333333333333333,0.9487179487179487
2361,70778,Chris James,Eastern Michigan,0.0,0.6666666666666666,0.0,1.0
2362,70779,Antonio Thomas,Bradley,0.0,0.2,0.42857142857142855,0.0
2363,70780,Jaden Stanley-Williams,Morehead St.,0.0,0.6666666666666666,0.0,0.0
2364,70781,Benjamin Bosmans-Verdonk,Illinois,0.0,0.0,1.0,0.0
2365,70784,Alondes Williams,Oklahoma,0.6875,0.4117647058823529,0.3,0.75
2366,70785,Noel Coleman,Hawaii,0.0,0.0,0.0,0.6470588235294118
2367,70787,Mikal Gjerde,San Diego,0.0,0.0,0.0,1.0
2368,70788,Corbin Merritt,Austin Peay,0.0,0.6666666666666666,0.6666666666666666,0.0
2369,70789,Rick Issanza,Oklahoma,1.0,1.0,0.0,0.0
2370,70790,Blake Seacat,Oklahoma,0.0,0.0,0.0,0.0
2371,70792,James Jean-Marie,Hawaii,0.6666666666666666,0.34,0.14285714285714285,0.8333333333333334
2372,70794,Malik Porter,Idaho St.,1.0,0.5476190476190477,0.2222222222222222,1.0
2373,70795,Hunter Woods,Elon,0.0,0.2777777777777778,0.1,0.8260869565217391
2374,70797,Daniel Rodriguez,Fairleigh Dickinson,0.0,0.75,0.25,0.0
2375,70798,Tarik Cool,Idaho St.,0.0,0.3333333333333333,0.058823529411764705,0.6428571428571429
2376,70799,Zac Ervin,Elon,0.0,0.0,0.0,0.0
2377,70801,Brandon Rush,Fairleigh Dickinson,0.2857142857142857,0.1702127659574468,0.11764705882352941,0.8214285714285714
2378,70802,Jack Wilson,Idaho,0.0,0.0,0.0,0.0
2379,70803,Callum Baker,Fairleigh Dickinson,0.0,0.3333333333333333,0.0,0.8888888888888888
2380,70804,Dylan van Eyck,Iona,0.75,0.6363636363636364,0.125,0.9285714285714286
2381,70805,Jackson Gammons,The Citadel,0.0,1.0,0.0,1.0
2382,70806,Caleb Fields,Arkansas St.,0.5,0.18421052631578946,0.125,0.8
2383,70808,Stephen Clark,The Citadel,1.0,0.6470588235294118,0.26666666666666666,1.0
2384,70809,Trey Anderson,South Carolina,0.0,0.42857142857142855,0.2,1.0
2385,70810,Cobe Williams,Louisiana Tech,0.5,0.25,0.125,0.7586206896551724
2386,70811,Isaiah Crawford,Louisiana Tech,0.5714285714285714,0.3898305084745763,0.19444444444444445,0.9230769230769231
2387,70813,Colton Cashaw,Iona,0.0,0.0,1.0,0.0
2388,70814,Bryce Williams,Oklahoma St.,0.0,0.16666666666666666,0.16666666666666666,1.0
2389,70816,Miles Jones,Radford,0.5,0.375,0.0,0.6666666666666666
2390,70817,Damiree Burns,Southern,1.0,0.5882352941176471,0.5,0.0
2391,70818,Terrell Williams Jr.,Southern,0.5,0.5454545454545454,0.16666666666666666,1.0
2392,70819,Jalen Gaffney,Connecticut,1.0,0.17647058823529413,0.0,0.8235294117647058
2393,70821,Alonde LeGrand,North Florida,0.0,0.0,0.0,1.0
2394,70822,Matt Smith,Murray St.,0.0,0.0,0.0,0.0
2395,70825,Seth Lundy,Penn St.,1.0,0.46153846153846156,0.13636363636363635,0.8461538461538461
2396,70827,John Kelly,Fairfield,0.0,0.0,1.0,0.0
2397,70828,Jakov Kukic,UC Santa Barbara,0.0,0.5,0.0,0.0
2398,70831,Daniel Headdings,New Mexico,0.0,1.0,0.0,1.0
2399,70832,Emmanuel Kuac,New Mexico,0.6,0.7142857142857143,1.0,1.0
2400,70833,Kurt Wegscheider,New Mexico,0.0,0.6363636363636364,1.0,0.6666666666666666
2401,70834,AJ Bramah,Robert Morris,0.9047619047619048,0.6415094339622641,0.7142857142857143,0.0
2402,70835,Quamain Nelson,South Carolina St.,0.0,0.8,1.0,1.0
2403,70839,Evan Smith,Texas A&M Corpus Chris,0.0,1.0,0.0,0.0
2404,70840,Rahsaan Edwards,South Carolina St.,0.0,0.25,0.2631578947368421,0.4375
2405,70841,Omar Croskey,South Carolina St.,0.0,0.2903225806451613,0.0,0.8461538461538461
2406,70842,Trushaun Moorer,South Carolina St.,0.0,0.5714285714285714,0.0,1.0
2407,70844,Dahmir Bishop,Saint Joseph's,1.0,0.5294117647058824,0.0,0.7777777777777778
2408,70845,Tyler Stephenson-Moore,Stony Brook,0.0,0.2,0.0,1.0
2409,70846,Mouhamadou Gueye,Stony Brook,0.6470588235294118,0.39215686274509803,0.3333333333333333,1.0
2410,70847,Daniel Ogoro,Youngstown St.,0.0,0.0,0.0,1.0
2411,70849,Daniel Ramsey,Xavier,1.0,1.0,1.0,0.0
2412,70850,E.J. Liddell,Ohio St.,0.9166666666666666,0.671875,0.34328358208955223,0.8888888888888888
2413,70851,"Kenny Ganley, Jr.",Youngstown St.,0.0,0.0,0.0,0.5
2414,70852,Heru Bligen,Longwood,0.0,0.2571428571428571,0.4,1.0
2415,70853,Adonis Arms,Winthrop,0.5555555555555556,0.3448275862068966,0.19047619047619047,0.8518518518518519
2416,70854,Daniel Filippone,Northern Illinois,0.0,0.0,0.0,0.0
2417,70855,Logan Alters,California,0.0,0.0,0.0,0.0
2418,70857,Jaelen House,Arizona St.,0.0,0.25,0.0,0.9565217391304348
2419,70858,Desmond Williams,Troy,0.0,0.14285714285714285,0.25,0.7575757575757576
2420,70859,Lars Thiemann,California,0.6666666666666666,0.7272727272727273,0.5,0.0
2421,70861,Zach Freemantle,Xavier,0.9090909090909091,0.7213114754098361,0.8076923076923077,1.0
2422,70862,McKay Howell,Southeastern Louisiana,0.0,0.0,0.0,1.0
2423,70865,Marcus Domask,Southern Illinois,1.0,0.37037037037037035,0.14285714285714285,0.8333333333333334
2424,70866,Trent Brown,Southern Illinois,0.0,0.36363636363636365,0.5,1.0
2425,70867,Josh Endicott,North Florida,1.0,0.6428571428571429,0.3333333333333333,1.0
2426,70870,Darion Jordan-Thomas,UMass Lowell,1.0,0.6,0.6666666666666666,0.0
2427,70872,Emmanuel Adedoyin,North Florida,0.0,0.09523809523809523,0.0,0.5483870967741935
2428,70873,Ja'Mier Fletcher,Wagner,0.75,0.625,0.0,0.0
2429,70874,Tony Johnson Jr.,UCF,0.0,0.0,0.0,1.0
2430,70875,Justin McKoy,Virginia,1.0,0.4444444444444444,0.5714285714285714,1.0
2431,70876,Andrew Kenny,Boston College,0.0,0.0,1.0,1.0
2432,70877,Alphonso Anderson,Utah St.,1.0,0.4411764705882353,0.2727272727272727,1.0
2433,70879,Chris Efretuei,Louisiana Monroe,0.8571428571428571,0.7096774193548387,0.45454545454545453,0.0
2434,70880,Trayce Jackson-Davis,Indiana,0.8653846153846154,0.636986301369863,0.43243243243243246,0.0
2435,70882,Elijah Ifejeh,Southeastern Louisiana,0.375,0.3448275862068966,0.4,0.0
2436,70883,Luke Phillips,Louisiana Monroe,0.0,0.5238095238095238,0.6666666666666666,1.0
2437,70884,Erie Olonade,Louisiana Monroe,0.0,0.0,0.2857142857142857,0.6666666666666666
2438,70885,Langston Powell,Louisiana Monroe,1.0,0.3333333333333333,0.0,1.0
2439,70886,Alex Brodsky,Binghamton,0.0,0.0,0.0,0.0
2440,70890,Shaden Knight,Long Beach St.,0.0,0.0,0.0,0.42857142857142855
2441,70891,Justin Rene,Long Beach St.,0.0,0.5,0.0,0.0
2442,70892,Jalen Warren,Florida Gulf Coast,0.0,0.2222222222222222,0.0,0.85
2443,70894,Chance Hunter,Long Beach St.,0.7142857142857143,0.42857142857142855,0.3076923076923077,0.7407407407407407
2444,70895,Joshua Morgan,USC,1.0,1.0,0.0,0.0
2445,70896,Romelle Mansel,Long Beach St.,1.0,0.7142857142857143,0.0,1.0
2446,70897,Jalen White,Texas A&M Corpus Chris,0.5,0.38636363636363635,0.2777777777777778,1.0
2447,70898,Dylan Sandhu,Northwestern,0.0,0.0,0.0,0.0
2448,70899,Emmanuel Izunabor,High Point,0.6666666666666666,0.45,0.8333333333333334,0.0
2449,70901,Bryant Randleman,High Point,0.0,0.2631578947368421,0.3,1.0
2450,70902,Yarden Willis,Binghamton,1.0,1.0,0.0,0.0
2451,70904,Kuany Kuany,California,1.0,0.5454545454545454,0.5,1.0
2452,70905,Tujautae Williams,Tennessee Tech,0.5,0.46153846153846156,0.2,0.0
2453,70906,Devon McCain,Austin Peay,0.0,0.0,0.0,0.0
2454,70907,David Roddy,Colorado St.,0.7333333333333333,0.5092592592592593,0.25,1.0
2455,70909,DeAngelo Epps,Charleston,0.6666666666666666,0.3333333333333333,0.0,0.9090909090909091
2456,70910,Chris Duarte,Oregon,0.5714285714285714,0.3968253968253968,0.19444444444444445,0.6557377049180327
2457,70911,KJ Cunningham,Weber St.,0.0,0.5,0.0,1.0
2458,70913,Robbie Beran,Northwestern,1.0,0.6818181818181818,0.75,1.0
2459,70917,Tyrease Terrell,Nicholls St.,0.0,0.0,0.0,0.0
2460,70918,Evins Desir,Florida A&M,1.0,0.40540540540540543,0.625,1.0
2461,70921,Jamir Williams,Florida A&M,0.5,0.5714285714285714,0.0,0.0
2462,70922,Dekedran Thorn,Alcorn St.,0.0,0.0,0.0,0.0
2463,70923,Anthony Fairley,Alcorn St.,0.8333333333333334,0.5909090909090909,0.7142857142857143,0.0
2464,70925,James Rojas,Alabama,1.0,0.4,0.0,1.0
2465,70926,Josaphat Bilau,Wichita St.,0.0,0.6666666666666666,0.0,0.0
2466,70927,Jaylen Forbes,Tulane,0.6666666666666666,0.5517241379310345,0.6363636363636364,0.8928571428571429
2467,70928,Jaden Shackelford,Alabama,0.0,0.2,0.1875,0.9523809523809523
2468,70929,Juwan Gary,Alabama,0.8181818181818182,0.6136363636363636,0.0,1.0
2469,70930,Ben Sheppard,Belmont,1.0,0.7068965517241379,0.5,1.0
2470,70931,Noah Fernandes,Massachusetts,0.0,0.1,0.3333333333333333,0.6666666666666666
2471,70932,Juwan Perdue,Jacksonville St.,0.7777777777777778,0.45161290322580644,0.5,1.0
2472,70934,PJ Fuller,TCU,0.5,0.48148148148148145,0.0,1.0
2473,70935,Caleb Mills,Houston,0.0,0.0,0.0,1.0
2474,70936,Francisco Farabello,TCU,0.0,0.6666666666666666,0.0,0.7692307692307693
2475,70937,Aidan Igiehon,Louisville,0.6666666666666666,0.75,1.0,0.0
2476,70938,Josh Nickelberry,Louisville,0.0,0.0,0.0,1.0
2477,70940,Madani Diarra,Eastern Illinois,0.0,0.5,0.45454545454545453,0.0
2478,70941,Steele Venters,Eastern Washington,1.0,0.42857142857142855,0.0,1.0
2479,70942,Diante Smith,TCU,1.0,1.0,1.0,0.0
2480,70943,Taryn Todd,TCU,1.0,0.3333333333333333,0.2857142857142857,0.9444444444444444
2481,70945,Dontaie Allen,Kentucky,0.0,0.0,0.6,0.9354838709677419
2482,70946,Dequan Morris,Arkansas Pine Bluff,0.6666666666666666,0.4,0.3,1.0
2483,70947,Anthony Harris,North Carolina,0.0,0.36363636363636365,0.25,0.75
2484,70949,Hugo Ferreira,Cleveland St.,0.0,0.0,0.0,1.0
2485,70951,Ethan Anderson,USC,0.0,0.0,0.0,0.8823529411764706
2486,70952,Kobe Tigney,Radford,0.0,0.0,0.0,0.0
2487,70953,Kshun Stokes,Arkansas Pine Bluff,0.0,0.25,0.0,1.0
2488,70954,Markedric Bell,Arkansas Pine Bluff,1.0,0.39285714285714285,0.5,0.7142857142857143
2489,70955,Mylik Wilson,Louisiana,0.5555555555555556,0.3717948717948718,0.20689655172413793,0.8333333333333334
2490,70957,Caleb Asberry,Texas St.,0.42857142857142855,0.3333333333333333,0.2894736842105263,0.7708333333333334
2491,70958,Drew Tennial,Texas St.,0.0,0.0,0.0,0.0
2492,70960,Isiah Small,Texas St.,0.9583333333333334,0.8113207547169812,0.5,1.0
2493,70965,Russhard Cruickshank,Eastern Kentucky,0.0,0.5,0.2,0.84
2494,70966,Jalen Bridges,West Virginia,0.5714285714285714,0.4827586206896552,1.0,0.9259259259259259
2495,70967,Spencer Macke,West Virginia,0.0,0.0,0.0,0.0
2496,70970,Aaron Estrada,Oregon,0.0,0.2857142857142857,0.0,0.6666666666666666
2497,70971,Matthew Lee,Saint Peter's,0.0,0.12,0.08333333333333333,0.8
2498,70972,Ayinde Hikim,La Salle,0.0,0.18181818181818182,0.0,0.5
2499,70973,Mike DePersia,IU Indy,0.0,0.15,0.0,0.875
2500,70975,Jordan Wright,Vanderbilt,0.0,0.2222222222222222,0.14285714285714285,0.8125
2501,70976,Sherif Kenney,La Salle,0.0,0.25,0.2,0.875
2502,70977,Julien Wooden,James Madison,1.0,0.2,0.42857142857142855,0.9333333333333333
2503,70978,Michael Christmas,James Madison,0.6666666666666666,0.25,0.6666666666666666,1.0
2504,70981,Cartier Jernigan,USC Upstate,0.0,0.0,0.0,0.375
2505,70984,Thomas Sheida,USC Upstate,0.0,0.0,0.0,0.0
2506,70985,Tyler Morman,Southern Miss,0.0,0.5,0.0,0.0
2507,70986,Jacob Germany,UTSA,0.8095238095238095,0.6935483870967742,0.45454545454545453,0.0
2508,70987,Luka Barisic,UTSA,0.0,0.4,0.5,0.8888888888888888
2509,70988,Efstratios Kalogerias,Norfolk St.,0.0,1.0,0.75,0.0
2510,70990,Jason Jitoboh,Florida,1.0,0.75,1.0,0.0
2511,70991,Bernard Kouma,Oklahoma St.,0.0,0.6428571428571429,1.0,0.0
2512,70992,Alex Klatsky,Florida,0.0,0.0,0.0,0.0
2513,70993,Tre Mann,Florida,0.0,0.18604651162790697,0.044444444444444446,0.3111111111111111
2514,70994,Scottie Lewis,Florida,0.8333333333333334,0.4482758620689655,0.07142857142857142,0.9285714285714286
2515,70995,Christian Brown,Georgia,1.0,0.7692307692307693,0.8,1.0
2516,70996,Omar Payne,Florida,0.9565217391304348,0.7837837837837838,0.5,0.0
2517,70998,Austin Crowley,Mississippi,1.0,0.25,0.14285714285714285,1.0
2518,70999,Bahaide Haidara,George Mason,1.0,0.5789473684210527,0.0,0.0
2519,71000,Jalen Graham,Arizona St.,0.8571428571428571,0.6595744680851063,0.6,0.0
2520,71002,Andre Allen,Southern,1.0,0.75,0.8333333333333334,0.0
2521,71005,Hall Elisias,Bryant,0.9285714285714286,0.7142857142857143,0.8,1.0
2522,71007,Ahren Freeman,New Orleans,0.5,0.7027027027027027,0.5,1.0
2523,71008,Alex Tabor Jr.,SMU,0.0,1.0,0.0,0.0
2524,71009,Khalil Robinson,Howard,0.0,0.0,0.5,0.5
2525,71010,William FitzPatrick,Sacramento St.,0.0,0.0,0.5555555555555556,0.8888888888888888
2526,71013,Charles Smith IV,SMU,1.0,0.875,1.0,1.0
2527,71014,Christian Terrell,Sacramento St.,0.6,0.41379310344827586,0.391304347826087,1.0
2528,71015,Spencer Monteiro,Sacramento St.,0.0,1.0,0.0,1.0
2529,71017,Jordan Cooke-Harper,Sacramento St.,0.0,0.3333333333333333,0.0,0.0
2530,71018,Brice Williams,Charlotte,0.6,0.41379310344827586,0.25,0.8
2531,71020,Khalyl Waters,Troy,0.7142857142857143,0.4166666666666667,0.2,0.9130434782608695
2532,71021,Jack Forrest,Saint Joseph's,0.5,0.36363636363636365,0.5454545454545454,0.8636363636363636
2533,71022,Keenon Cole,Northern Illinois,0.0,0.5,0.0,0.0
2534,71023,Nick Caldwell,Southeastern Louisiana,0.6923076923076923,0.43103448275862066,0.4666666666666667,0.875
2535,71025,Tyler Cochran,Northern Illinois,0.0,0.30612244897959184,0.16666666666666666,0.75
2536,71026,Jakevan Leftridge,Troy,0.0,0.5,0.0,1.0
2537,71027,D.J. Thorpe,California,1.0,0.5714285714285714,0.5,0.0
2538,71028,Kruz Perrott-Hunt,South Dakota,0.0,0.4,0.0,0.9
2539,71029,A.J. Plitzuweit,South Dakota,0.0,0.34375,0.13636363636363635,0.6153846153846154
2540,71032,Terrell Burden,Kennesaw St.,0.0,0.05405405405405406,0.0,1.0
2541,71033,Nate Jenkins,Iowa St.,0.0,1.0,1.0,0.0
2542,71034,Armani Harris,Kennesaw St.,0.0,0.35714285714285715,1.0,1.0
2543,71035,J.J. Miles,East Carolina,0.0,0.6666666666666666,0.7419354838709677,0.9565217391304348
2544,71036,Tremont Robinson-White,East Carolina,0.0,0.18181818181818182,0.5,0.9565217391304348
2545,71037,Jamie Lewis,Kennesaw St.,0.0,0.3333333333333333,0.0,0.3333333333333333
2546,71038,Matthew Hurt,Duke,0.875,0.4791666666666667,0.5333333333333333,0.8928571428571429
2547,71039,Ian Jones,East Carolina,0.0,0.0,0.0,1.0
2548,71041,Nyzaiah Chambers,Norfolk St.,0.875,0.6428571428571429,1.0,0.0
2549,71042,Leslie Nkereuwem,Longwood,0.65,0.4603174603174603,0.23529411764705882,0.0
2550,71044,Allen Powell,Rider,0.0,0.16666666666666666,0.2631578947368421,0.8648648648648649
2551,71049,Nikc Jackson,Air Force,0.9230769230769231,0.6956521739130435,0.6111111111111112,1.0
2552,71050,Daryl Anderson,Norfolk St.,0.0,0.3333333333333333,1.0,0.9583333333333334
2553,71051,Masai Olowokere,Central Arkansas,1.0,0.5,0.4,1.0
2554,71053,Caleb Burgess,Hofstra,0.0,0.08333333333333333,0.05555555555555555,0.8125
2555,71054,Josh Vazquez,Montana,0.0,0.0,0.3076923076923077,0.9333333333333333
2556,71055,Kyle Owens,Montana,1.0,0.6,0.6857142857142857,1.0
2557,71056,Kadin Shedrick,Virginia,0.5,0.42857142857142855,0.5,0.0
2558,71057,C.J. Wilbourn,Milwaukee,0.0,0.7368421052631579,0.8461538461538461,1.0
2559,71058,Jermaine Miranda,Cal Baptist,0.0,0.0,0.0,0.0
2560,71060,Kalil Thomas,UMass Lowell,1.0,0.2,0.26666666666666666,0.7647058823529411
2561,71062,Keller Casey,Oklahoma,0.0,0.0,0.0,0.0
2562,71063,Connor Nelson,American,0.0,0.125,0.3333333333333333,1.0
2563,71066,Caleb Christopher,Arizona St.,0.0,0.5,0.0,1.0
2564,71067,Ben Lubarsky,American,0.0,0.0,0.0,0.8
2565,71071,LaQuan Butler,UT Rio Grande Valley,0.0,0.125,0.36363636363636365,0.6666666666666666
2566,71073,Bas Leyte,UNC Greensboro,0.0,0.75,0.5,1.0
2567,71075,EJ Williams,Alabama A&M,0.0,0.6111111111111112,0.5,0.0
2568,71076,Santi Aldama,Loyola MD,0.6363636363636364,0.4411764705882353,0.34285714285714286,0.9375
2569,71078,Louis Tang,VMI,0.0,0.5,0.0,0.0
2570,71080,Garrett Hicks,Alabama A&M,0.0,0.29411764705882354,0.1111111111111111,0.84
2571,71081,Camden Vander Zwaag,Air Force,0.0,0.6666666666666666,0.0,0.75
2572,71082,Davy Cummard,Northern Arizona,0.0,0.0,0.0,0.0
2573,71083,Da'mir Faison,NJIT,0.0,0.0,0.0,0.0
2574,71085,Kassim Nicholson,UAB,0.8,0.5,0.5135135135135135,1.0
2575,71088,Kmani Doughty,New Orleans,0.0,0.6,0.6,1.0
2576,71089,Raquan Brown,UNC Asheville,0.0,0.0,0.0,0.0
2577,71090,Rodney Carson Jr.,New Orleans,0.5,0.6451612903225806,0.7619047619047619,1.0
2578,71091,Justus Rainwater,Florida Gulf Coast,0.6666666666666666,0.5555555555555556,0.0,0.0
2579,71093,Dajuan Harris,Kansas,0.0,0.4166666666666667,0.0,1.0
2580,71094,Tyler Thomas,Sacred Heart,0.5,0.3,0.14285714285714285,0.7659574468085106
2581,71095,R.J. McGee,Tulane,0.0,0.5333333333333333,1.0,1.0
2582,71096,Sean Yoder,Navy,0.0,0.0,0.5,1.0
2583,71098,Tyler Nelson,Navy,0.0,0.17647058823529413,0.6363636363636364,1.0
2584,71099,P.J. Roach Jr.,Navy,0.0,0.0,0.0,0.0
2585,71100,Jaylen Walker,Navy,1.0,0.14285714285714285,0.3,1.0
2586,71101,Daniel Deaver,Navy,0.0,0.3939393939393939,0.4166666666666667,1.0
2587,71102,Patrick Dorsey,Navy,0.0,0.125,0.625,0.8888888888888888
2588,71104,Christian Jones,Navy,0.0,0.0,0.0,1.0
2589,71105,John Bowen,UNC Wilmington,1.0,0.5555555555555556,0.0,0.0
2590,71107,Neal Quinn,Lafayette,0.5,0.4878048780487805,0.5,0.0
2591,71108,Gob Gabriel,Monmouth,0.0,0.4166666666666667,0.0,1.0
2592,71109,Daman Tate,Boston University,0.0,0.06666666666666667,0.0,0.7
2593,71110,Leo O'Boyle,Lafayette,0.0,0.625,0.4,1.0
2594,71112,Ethan Brittain-Watts,Boston University,0.0,0.0,0.0,0.7368421052631579
2595,71113,James Anderson II,North Alabama,0.0,0.4,0.09090909090909091,1.0
2596,71115,Mervin James,North Alabama,0.5,0.3469387755102041,0.40540540540540543,0.9333333333333333
2597,71116,C.J. Brim,North Alabama,0.0,0.0,0.0,0.9333333333333333
2598,71117,Brandon Newman,Purdue,0.6666666666666666,0.36363636363636365,0.35294117647058826,0.8717948717948718
2599,71118,Jalen Thomas,Georgia St.,1.0,0.5833333333333334,0.8793103448275862,1.0
2600,71120,Alonzo Verge Jr.,Arizona St.,0.0,0.1568627450980392,0.030303030303030304,0.7407407407407407
2601,71121,Keshad Johnson,San Diego St.,0.6363636363636364,0.5,0.5,1.0
2602,71122,Trey Pulliam,San Diego St.,0.0,0.17647058823529413,0.2,0.46153846153846156
2603,71124,James Moors,Colorado St.,0.6666666666666666,0.543859649122807,0.2,1.0
2604,71125,Alejandro Ralat,Florida Atlantic,0.0,0.0,0.0,0.0
2605,71128,Isaiah Stevens,Colorado St.,0.0,0.23255813953488372,0.2830188679245283,0.7083333333333334
2606,71129,Donnie Malone,Tennessee St.,0.0,0.0,0.0,1.0
2607,71130,Kyle Rose,Fordham,0.0,0.45454545454545453,0.0,0.9166666666666666
2608,71131,Wheza Panzo,Stetson,0.0,0.0,0.6666666666666666,1.0
2609,71132,Fousseyni Drame,Saint Peter's,0.75,0.5087719298245614,0.375,1.0
2610,71133,Daryl Banks III,Saint Peter's,0.75,0.5217391304347826,0.18518518518518517,0.9130434782608695
2611,71137,Eman Sertovic,Tennessee Martin,0.0,0.5,0.0,0.6190476190476191
2612,71140,Dylan Disu,Vanderbilt,0.75,0.32432432432432434,0.25,0.9583333333333334
2613,71141,Charlie Weber,East Tennessee St.,1.0,0.5,0.0,1.0
2614,71142,Emmanuel Nwabueze,San Francisco,0.0,0.0,0.0,0.0
2615,71143,Vonnie Patterson,East Tennessee St.,0.0,0.4375,0.5,0.9090909090909091
2616,71144,Jonas Visser,San Francisco,0.0,0.7777777777777778,0.6666666666666666,1.0
2617,71146,Scotty Pippen Jr.,Vanderbilt,0.5,0.19718309859154928,0.13636363636363635,0.6046511627906976
2618,71147,Volodymyr Markovetskyy,Washington St.,1.0,0.65,0.4,0.0
2619,71148,Mykel Derring,Merrimack,0.5,0.5833333333333334,0.5,0.925
2620,71149,Ethan Helwig,Merrimack,0.0,1.0,0.0,0.6666666666666666
2621,71152,Ryan Miller,Merrimack,0.0,0.0,0.0,0.0
2622,71154,Mikey Watkins,Merrimack,0.0,0.1694915254237288,0.0,0.5714285714285714
2623,71157,Devin Jensen,Merrimack,0.0,0.6153846153846154,0.0,0.84375
2624,71158,Daraun Gray,Loyola MD,0.0,0.0,0.0,0.0
2625,71159,Kareem Reid,Gardner Webb,1.0,0.5,0.4,0.0
2626,71160,Jared Coleman-Jones,Middle Tennessee,1.0,0.7777777777777778,0.0,1.0
2627,71161,Pierce Hellums,Sam Houston St.,0.0,0.0,0.0,0.0
2628,71162,Andre Harris,Wright St.,0.0,0.2,0.0,0.0
2629,71163,Rainers Hermanovskis,William & Mary,0.0,1.0,0.0,0.0
2630,71165,Mick Lynott,Gardner Webb,0.0,0.3333333333333333,0.0,1.0
2631,71166,Damani McEntire,Southern Utah,0.0,0.0,0.0,1.0
2632,71168,Miguel Ayesa,William & Mary,0.0,0.0,0.0,0.9
2633,71169,Blondeau Tchoukuiengo,New Hampshire,0.0,0.07142857142857142,0.16666666666666666,0.5
2634,71170,Miles James,East Carolina,0.0,0.0,0.0,1.0
2635,71171,Kyle Rode,Liberty,0.0,0.3448275862068966,0.5,1.0
2636,71172,Josh Brewer,Miami OH,0.0,0.5,0.0,0.6666666666666666
2637,71173,Shiloh Robinson,Liberty,0.8571428571428571,0.6857142857142857,1.0,1.0
2638,71174,Charles Coleman,East Carolina,0.0,1.0,0.0,0.0
2639,71175,Evan Umstead,East Carolina,0.0,0.0,0.0,0.0
2640,71177,Ludgy Debaut,East Carolina,1.0,0.9166666666666666,0.75,0.0
2641,71178,Marten Maide,Liberty,0.0,0.0,0.0,0.0
2642,71179,Andrei Savrasov,Georgia Southern,0.3333333333333333,0.6666666666666666,0.0,1.0
2643,71180,Russel Tchewa,South Florida,1.0,0.75,0.3076923076923077,0.0
2644,71181,Terrence Shannon Jr.,Texas Tech,0.42857142857142855,0.42105263157894735,0.42424242424242425,0.7
2645,71182,Clarence Nadolny,Texas Tech,0.0,0.4,0.5,1.0
2646,71185,Tyreek Smith,Texas Tech,0.8333333333333334,0.75,1.0,1.0
2647,71186,Dylan Jergens,Central Michigan,0.0,0.0,0.0,0.0
2648,71188,Caleb Hodgson,Central Michigan,0.0,0.5,1.0,1.0
2649,71189,Chris Johnson,Northern Illinois,0.0,0.0,0.0,0.0
2650,71191,Donovan Clay,Valparaiso,0.6,0.28846153846153844,0.39285714285714285,0.85
2651,71194,Bryce Okpoh,Grand Canyon,0.0,0.0,1.0,0.0
2652,71195,Cameron Carter,Cal St. Fullerton,0.0,0.0,0.0,0.0
2653,71197,Emil Freese-Vilien,Valparaiso,0.0,0.0,0.0,0.0
2654,71199,Carter Murphy,Air Force,0.0,0.75,0.0,0.8
2655,71200,Solomon Pierre-Louis,Air Force,0.0,0.0,0.0,0.0
2656,71202,Mason Taylor,Air Force,0.0,1.0,0.0,0.8333333333333334
2657,71203,Nathan Scott,Northern Illinois,0.75,0.3333333333333333,0.25,0.8888888888888888
2658,71204,Charles Burns,Northern Arizona,0.0,0.0,0.0,1.0
2659,71205,Maleeck Harden-Hayes,North Dakota St.,0.8333333333333334,0.4230769230769231,0.5238095238095238,1.0
2660,71206,Travis Evee,Rice,0.0,0.125,0.06666666666666667,0.8636363636363636
2661,71207,Dean Keeler,UC Irvine,0.0,0.3333333333333333,0.6666666666666666,0.0
2662,71208,Austin Johnson,UC Irvine,0.8333333333333334,0.45454545454545453,0.47619047619047616,0.0
2663,71212,Noah Waterman,Detroit Mercy,0.6666666666666666,0.6111111111111112,0.2,0.9210526315789473
2664,71213,Justin Hohn,UC Irvine,0.0,0.0,0.0,0.42857142857142855
2665,71214,Jeron Artest,UC Irvine,0.0,0.0,0.3333333333333333,0.8333333333333334
2666,71215,Michael Hanshaw,Idaho,0.0,0.0,0.0,0.0
2667,71217,John McGriff,St. John's,0.0,0.0,0.0,1.0
2668,71218,Brenton Mills,Binghamton,1.0,0.2777777777777778,0.03225806451612903,0.6363636363636364
2669,71219,Shakem Johnson,Tennessee St.,0.8636363636363636,0.7176470588235294,0.23076923076923078,0.0
2670,71220,Hakon Hjalmarsson,Binghamton,0.0,0.07692307692307693,0.0,0.8571428571428571
2671,71221,Adham Eleeda,Northern Kentucky,0.0,0.0,0.0,1.0
2672,71223,Jace Piatkowski,Nebraska,0.0,0.0,0.0,1.0
2673,71224,Julian Champagnie,St. John's,0.9166666666666666,0.5645161290322581,0.5,0.8833333333333333
2674,71225,Amorey Womack,Tennessee St.,0.0,0.0,0.0,0.6363636363636364
2675,71226,Yvan Ouedraogo,Nebraska,1.0,0.6,0.4,0.0
2676,71227,Jacob Hobbs,Lipscomb,0.0,1.0,0.0,1.0
2677,71228,Mehki McCray,George Mason,0.0,0.0,0.0,0.0
2678,71229,Kaleb Coleman,Lipscomb,0.0,0.5,0.0,1.0
2679,71230,Donavan Moore,Green Bay,0.0,0.16666666666666666,0.0,0.0
2680,71231,Luke Maranka,Toledo,0.0,0.5,1.0,0.0
2681,71232,Carson Cary,Lipscomb,0.0,0.75,0.0,1.0
2682,71233,Josh Oduro,George Mason,0.75,0.48333333333333334,0.2916666666666667,0.5
2683,71234,Marcus Sasser,Houston,0.0,0.16,0.22580645161290322,0.6410256410256411
2684,71235,Tanner Shulman,Lipscomb,0.0,0.0,0.0,0.8
2685,71236,Antonio Gordon,Kansas St.,0.5,0.32,0.7222222222222222,0.6666666666666666
2686,71237,Justin Winston,St. Bonaventure,0.0,0.5,0.0,0.0
2687,71238,Alejandro Vasquez,St. Bonaventure,0.0,0.25,0.0,0.9375
2688,71241,Tre Gomillion,Cleveland St.,1.0,0.4868421052631579,0.2727272727272727,0.6666666666666666
2689,71242,Franklyn Penn Jr.,Cleveland St.,0.0,1.0,0.0,0.0
2690,71243,Rayquan Evans,Florida St.,0.5,0.15,0.0,0.8888888888888888
2691,71244,Miles Brown,Ohio,0.0,0.16666666666666666,0.5,1.0
2692,71245,Nolan Foster,Ohio,0.0,0.0,1.0,0.0
2693,71246,Jonah Jackson,Drake,0.0,0.0,0.0,1.0
2694,71247,Rafael Cruz Jr.,Western Michigan,0.0,0.125,0.16666666666666666,1.0
2695,71248,Greg Outlaw,Central Connecticut,0.5,0.3333333333333333,0.2,0.9090909090909091
2696,71249,Nathanael Jack,Florida St.,0.0,1.0,0.6666666666666666,1.0
2697,71252,Myles Baker,Central Connecticut,0.0,0.3888888888888889,0.3333333333333333,0.8846153846153846
2698,71254,Kirk Parker,Southern,0.0,0.7058823529411765,0.0,0.0
2699,71256,Lamarcus Lee,Southern,0.6666666666666666,0.4666666666666667,0.3333333333333333,1.0
2700,71262,Malik Curry,Old Dominion,0.0,0.08695652173913043,0.09090909090909091,0.5263157894736842
2701,71263,JaVonni Bickham,Denver,0.0,0.6666666666666666,0.25,0.0
2702,71264,Shon Robinson,Mississippi,1.0,0.3333333333333333,0.0,0.0
2703,71271,Yavuz Gultekin,San Diego,0.0,0.8333333333333334,0.16666666666666666,1.0
2704,71272,Mark Freeman,Tennessee St.,0.0,0.11428571428571428,0.08333333333333333,0.5517241379310345
2705,71273,Samari Curtis,Evansville,0.0,0.18181818181818182,0.125,0.5925925925925926
2706,71275,Ayaan Sohail,Lamar,0.0,0.0,0.0,0.0
2707,71278,Dru Kuxhausen,McNeese St.,0.0,0.3333333333333333,0.5,0.8541666666666666
2708,71279,Cedric Henderson Jr.,Campbell,0.75,0.576271186440678,0.15,0.7894736842105263
2709,71280,Quirin Emanga,Northeastern,0.0,0.9090909090909091,1.0,1.0
2710,71281,Kevin Cross,Tulane,1.0,0.40625,0.4,1.0
2711,71282,Kolton Mitchell,Massachusetts,0.0,0.0,0.0,0.0
2712,71283,T.J. Weeks,Massachusetts,0.0,0.25,0.5,0.8695652173913043
2713,71284,Sean East II,Bradley,0.0,0.0,0.06818181818181818,0.5555555555555556
2714,71285,Joe Petrakis,Kansas St.,0.0,1.0,0.0,1.0
2715,71286,David Sloan,East Tennessee St.,0.0,0.12195121951219512,0.0,0.4
2716,71287,Montavious Murphy,Kansas St.,1.0,1.0,0.5,0.0
2717,71288,Tre Mitchell,Massachusetts,0.3333333333333333,0.574468085106383,0.2857142857142857,0.8666666666666667
2718,71290,Tyler Burton,Richmond,0.8181818181818182,0.6444444444444445,0.2777777777777778,0.967741935483871
2719,71291,Sigurd Lorange,Valparaiso,0.0,0.0,0.0,0.5
2720,71293,Isaiah Minter,Eastern Kentucky,0.0,0.0,0.3333333333333333,0.0
2721,71294,Michael Moreno,Eastern Kentucky,0.0,0.3076923076923077,0.5625,0.921875
2722,71297,Damian Dunn,Temple,0.0,0.375,0.4583333333333333,0.6
2723,71298,Josh Pierre-Louis,UC Santa Barbara,0.0,0.2631578947368421,1.0,1.0
2724,71299,Curt Lewis,Eastern Kentucky,0.6470588235294118,0.47619047619047616,0.25,0.8333333333333334
2725,71300,Tariq Balogun,Eastern Kentucky,1.0,0.8181818181818182,0.4444444444444444,0.0
2726,71301,Rett Lister,Furman,0.0,1.0,0.0,0.0
2727,71302,Ola Olamuyiwa,Central Connecticut,0.0,1.0,1.0,1.0
2728,71303,Ben Beeker,Furman,0.0,1.0,1.0,0.0
2729,71304,Tomas Woldetensae,Virginia,0.0,0.25,0.2,0.8260869565217391
2730,71305,Brayden Parker,Idaho St.,1.0,0.40476190476190477,0.13043478260869565,1.0
2731,71306,Greg Gantt,Providence,0.7,0.5263157894736842,0.3333333333333333,1.0
2732,71309,Isiaih Mosley,Missouri St.,0.5,0.25333333333333335,0.16326530612244897,0.59375
2733,71310,Jordan Mason,Wagner,0.0,0.0,1.0,1.0
2734,71311,Isaiah Hill,Fresno St.,0.0,0.1,0.0,0.59375
2735,71312,Alex Morales,Wagner,0.4,0.22058823529411764,0.16666666666666666,0.75
2736,71313,Dexter Akanno,Marquette,1.0,1.0,0.0,0.0
2737,71314,Symir Torrence,Marquette,0.0,0.3333333333333333,0.0,0.8
2738,71315,Precious Okoh,Maine,0.0,0.25,0.0,0.5714285714285714
2739,71316,Veljko Radakovic,Maine,0.0,0.6666666666666666,0.0,0.0
2740,71318,Marko Sarenac,Marshall,0.0,0.0,0.0,1.0
2741,71319,Malcolm Little,Northern Colorado,0.0,0.0,0.0,0.0
2742,71321,Brian Taylor,Illinois Chicago,0.75,0.6666666666666666,0.0,1.0
2743,71322,Rodrick McCobb,Northern Colorado,0.0,0.0,0.0,1.0
2744,71323,Shawn Stith,Cal St. Bakersfield,0.0,0.6129032258064516,0.4666666666666667,1.0
2745,71325,Ronne Readus,Cal St. Bakersfield,1.0,0.6410256410256411,0.7272727272727273,0.0
2746,71326,Ray Somerville,Cal St. Bakersfield,1.0,0.6666666666666666,0.0,0.0
2747,71329,Deonte Billups,Purdue Fort Wayne,0.0,0.36,0.14285714285714285,0.8857142857142857
2748,71330,Antonio Reeves,Illinois St.,0.6666666666666666,0.3488372093023256,0.06451612903225806,1.0
2749,71331,Justin Bieker,San Francisco,0.0,1.0,0.0,0.0
2750,71332,Luc Krystkowiak,Utah,0.0,0.0,0.0,0.0
2751,71333,Isaiah Hawthorne,San Francisco,0.0,0.0,0.25,1.0
2752,71335,Garren Davis,Loyola MD,0.0,0.0,0.0,0.0
2753,71336,Rylan Jones,Utah,0.0,0.2727272727272727,0.5,0.5
2754,71337,Jeremiah Davenport,Cincinnati,0.5,0.36666666666666664,0.5,0.9583333333333334
2755,71338,Zach Harvey,Cincinnati,0.0,0.42857142857142855,0.0,0.8181818181818182
2756,71339,Tavin Pierre Philippe,Stony Brook,0.0,0.5,0.0,0.0
2757,71341,Russell Dean,Hampton,0.0,0.09259259259259259,0.02857142857142857,0.5
2758,71342,Davion Warren,Hampton,0.5384615384615384,0.23157894736842105,0.18181818181818182,0.5625
2759,71347,Axel Okongo,Eastern Michigan,1.0,0.5,0.0,0.0
2760,71348,Tyler Millin,Middle Tennessee,0.0,0.3333333333333333,0.0,1.0
2761,71349,DJ Rodman,Washington St.,0.0,0.4,0.3333333333333333,0.9565217391304348
2762,71350,Jaylen Cross,UC Riverside,0.0,0.0,0.0,0.0
2763,71351,Orlando Robinson,Fresno St.,0.6666666666666666,0.34615384615384615,0.3,0.9285714285714286
2764,71352,Lamar Wright,SIU Edwardsville,1.0,0.574468085106383,0.8333333333333334,0.0
2765,71355,Jesus Carralero,Campbell,1.0,0.4074074074074074,0.07692307692307693,0.3333333333333333
2766,71356,Nick Fiorillo,Vermont,1.0,0.75,0.0,1.0
2767,71357,Quinton Ford,UC Riverside,0.0,0.0,0.0,0.0
2768,71358,Henry Makeny,Marist,0.5,0.5,0.0,1.0
2769,71359,Jae'Lyn Withers,Louisville,0.5833333333333334,0.6842105263157895,0.38461538461538464,0.875
2770,71360,Kalib Boone,Oklahoma St.,0.9142857142857143,0.6551724137931034,0.4074074074074074,0.0
2771,71361,Chris Harris Jr.,Oklahoma St.,0.0,1.0,0.0,0.0
2772,71362,Marcus Watson,New Mexico St.,0.0,0.14285714285714285,0.0,0.7142857142857143
2773,71363,Rob Perry,Stetson,0.0,0.13636363636363635,0.22727272727272727,0.7291666666666666
2774,71364,Keylan Boone,Oklahoma St.,1.0,0.45454545454545453,0.6,0.9375
2775,71366,Joel Kabimba,Stetson,1.0,0.42857142857142855,0.6666666666666666,1.0
2776,71367,Avery Anderson III,Oklahoma St.,0.3333333333333333,0.323943661971831,0.11538461538461539,0.5789473684210527
2777,71370,Omari Moore,San Jose St.,0.2857142857142857,0.20512820512820512,0.0,0.8571428571428571
2778,71373,Kyle Thompson,La Salle,0.0,0.0,0.0,1.0
2779,71375,Glenn Robinson II,Kennesaw St.,0.0,0.0,0.0,1.0
2780,71376,Marcus Larsson,Incarnate Word,1.0,0.7307692307692307,0.6666666666666666,0.0
2781,71379,Ben Daugherty,Elon,0.0,1.0,0.0,0.0
2782,71381,Blake Lampman,Oakland,0.0,1.0,1.0,0.8571428571428571
2783,71382,Kevin Kangu,Oakland,0.0,0.25,0.0,0.9047619047619048
2784,71385,Jason Thompson,Houston Christian,1.0,0.45454545454545453,0.5714285714285714,0.8
2785,71386,Daniel Oladapo,Oakland,0.875,0.6727272727272727,0.44,0.0
2786,71387,Emmanuel Newsome,Oakland,0.0,0.0,0.0,0.0
2787,71388,CJ Gettelfinger,Tennessee Tech,0.0,0.5,1.0,1.0
2788,71389,Yusuf Jihad,Oakland,1.0,0.75,0.3333333333333333,1.0
2789,71390,Trendon Watford,LSU,0.5,0.25,0.171875,0.6666666666666666
2790,71391,Dimon Carrigan,FIU,0.9,0.7045454545454546,0.5,0.0
2791,71395,Isaiah Thompson,Purdue,0.0,0.16666666666666666,0.5,0.8260869565217391
2792,71399,Parker Dortch,Loyola Marymount,0.0,0.5,0.0,1.0
2793,71400,Sean Conway,VMI,0.0,0.47619047619047616,0.2,0.9387755102040817
2794,71401,Jackson Larsen,Northern Arizona,0.5,0.5,0.2,0.0
2795,71402,Jordyn Adams,Austin Peay,0.0,0.42857142857142855,0.43478260869565216,0.7037037037037037
2796,71406,Daniel Mading,UC Riverside,1.0,1.0,0.0,1.0
2797,71407,Zyon Pullin,UC Riverside,0.0,0.21739130434782608,0.05714285714285714,0.6190476190476191
2798,71410,Ibrahima Diallo,Ohio St.,0.0,0.0,0.0,0.0
2799,71416,Andrew Barrett,Drake,0.0,0.5,0.0,0.0
2800,71417,Savion Gallion,Buffalo,0.0,0.25,0.0,0.5
2801,71418,Issa Samake,Drake,0.7142857142857143,0.6842105263157895,0.25,0.0
2802,71419,Cameron Johnson,Stephen F. Austin,0.5,0.5,0.2857142857142857,0.9444444444444444
2803,71420,Calvin Solomon,Stephen F. Austin,0.8571428571428571,0.5294117647058824,0.6666666666666666,1.0
2804,71421,Charlie Daniels,Stephen F. Austin,1.0,0.4666666666666667,0.42857142857142855,0.0
2805,71422,Nate Ferguson,Drake,1.0,0.7894736842105263,0.6666666666666666,0.0
2806,71423,Joseph Yesufu,Drake,0.0,0.06976744186046512,0.06818181818181818,0.6956521739130435
2807,71425,Kharee McDaniel,Stephen F. Austin,0.0,0.0,0.0,0.0
2808,71427,Jordan Minor,Merrimack,0.9444444444444444,0.5714285714285714,0.6,1.0
2809,71428,Ziggy Reid,Merrimack,0.0,0.3888888888888889,0.5,0.7619047619047619
2810,71429,Jordan McKoy,Merrimack,0.0,0.75,0.4,1.0
2811,71430,Justin Connolly,Merrimack,0.0,0.45454545454545453,0.0,0.0
2812,71433,Christian Koloko,Arizona,0.9310344827586207,0.7857142857142857,0.4444444444444444,0.0
2813,71434,Keyshaun Langley,UNC Greensboro,0.0,0.20833333333333334,0.06666666666666667,0.5714285714285714
2814,71438,James Glisson III,Mercer,0.9375,0.6428571428571429,0.45454545454545453,1.0
2815,71440,Diego Rivera,Mercer,0.0,0.0,0.0,0.0
2816,71441,Chase Johnston,Stetson,0.0,0.35714285714285715,0.05263157894736842,0.9104477611940298
2817,71442,Kamar Robertson,Mercer,1.0,0.7777777777777778,0.4166666666666667,1.0
2818,71444,Donta Scott,Maryland,0.2857142857142857,0.24390243902439024,0.19230769230769232,0.8958333333333334
2819,71445,Babatunde Akingbola,Auburn,1.0,0.7777777777777778,1.0,1.0
2820,71446,Makhi Mitchell,Rhode Island,1.0,0.2727272727272727,0.0,0.0
2821,71447,Makhel Mitchell,Rhode Island,0.9666666666666667,0.7571428571428571,0.5185185185185185,0.0
2822,71448,Devan Cambridge,Auburn,0.8125,0.7435897435897436,0.5,1.0
2823,71450,Lior Berman,Auburn,0.0,0.0,0.0,0.75
2824,71451,Dardan Kapiti,Florida Atlantic,1.0,0.7272727272727273,1.0,0.0
2825,71452,Jonathan Nunez,FIU,0.0,0.25,0.25,1.0
2826,71455,Kyle Sturdivant,Georgia Tech,0.0,0.375,0.5,0.875
2827,71456,Isaiah Mobley,USC,0.85,0.6190476190476191,0.46153846153846156,0.8235294117647058
2828,71457,Dearon Tucker,Oregon St.,1.0,0.8888888888888888,0.2857142857142857,0.0
2829,71459,Julien Franklin,Oregon St.,0.0,0.0,0.0,0.5
2830,71460,Joey Potts,Oregon St.,0.0,0.0,0.0,0.0
2831,71461,Jarod Lucas,Oregon St.,0.0,0.0,0.3076923076923077,0.88
2832,71462,Roman Silva,Oregon St.,0.5,0.6271186440677966,0.8333333333333334,0.0
2833,71463,Gianni Hunt,Oregon St.,0.0,0.28,0.16666666666666666,0.8846153846153846
2834,71464,Sean Miller-Moore,Grand Canyon,0.6666666666666666,0.2857142857142857,0.0,1.0
2835,71465,Jamail Pink,Detroit Mercy,0.0,0.0,0.0,0.0
2836,71467,Jayvis Harvey,James Madison,0.0,0.0,0.0,1.0
2837,71469,Chico Carter Jr.,Murray St.,1.0,0.2641509433962264,0.2,0.7857142857142857
2838,71471,Tyrese Samuel,Seton Hall,0.6363636363636364,0.4782608695652174,0.3333333333333333,1.0
2839,71473,Connor Withers,UMass Lowell,0.5,0.5128205128205128,0.5,0.875
2840,71474,Quinn Richey,Samford,0.0,0.0,0.0,1.0
2841,71475,Aaron Deloney,Vermont,0.0,1.0,0.0,0.5
2842,71476,Noah Kamba,Saint Peter's,0.0,0.0,0.2,0.6666666666666666
2843,71477,Maddox Daniels,Colorado,0.0,0.45454545454545453,0.4,0.9210526315789473
2844,71479,Charles Manning Jr.,LSU,0.5,0.3333333333333333,0.3333333333333333,0.0
2845,71480,Jordan Hemphill,Radford,1.0,0.5,0.0,0.75
2846,71481,Jake van der Heijden,Bucknell,0.0,1.0,0.3333333333333333,1.0
2847,71483,Alex Timmerman,Bucknell,0.0,0.5,0.0,1.0
2848,71486,Paul Mulcahy,Rutgers,0.0,0.6428571428571429,0.25,1.0
2849,71489,Jovan Blacksher Jr.,Grand Canyon,0.0,0.16666666666666666,0.18181818181818182,0.6666666666666666
2850,71491,Nick MacDonald,Niagara,0.0,0.6666666666666666,1.0,0.9411764705882353
2851,71494,Tremere Brown,Alabama A&M,0.0,0.0,0.0,0.0
2852,71495,Brandon Battle,Alabama St.,0.8888888888888888,0.4576271186440678,0.42105263157894735,0.0
2853,71497,Kelton Edwards,Grambling St.,0.42857142857142855,0.4782608695652174,0.76,1.0
2854,71498,Terreon Randolph,Grambling St.,0.8,0.66,0.75,0.0
2855,71500,Caleb Hunter,Mississippi Valley St.,0.0,0.17857142857142858,0.24,0.7358490566037735
2856,71502,Trevell Cunningham,Grambling St.,0.0,0.16666666666666666,0.25,1.0
2857,71503,Zahad Munford,Grambling St.,0.0,0.42857142857142855,0.6666666666666666,0.9375
2858,71504,Tra'Michael Moton,Grambling St.,0.0,0.2777777777777778,0.2,0.7272727272727273
2859,71508,Cameron Brown,Saint Joseph's,0.0,0.5,0.5,0.8571428571428571
2860,71509,Hyunjung Lee,Davidson,0.0,0.48148148148148145,0.25,0.9056603773584906
2861,71510,Luke Howard,Lipscomb,0.0,0.0,0.0,0.0
2862,71511,Miles Miller,Lipscomb,0.0,0.4,1.0,1.0
2863,71512,David Kristensen,Davidson,0.0,0.0,0.0,1.0
2864,71514,Elijah Pepper,UC Davis,0.0,0.41025641025641024,0.3333333333333333,0.75
2865,71515,Aaron Murphy,UC Davis,0.0,0.75,0.0,0.0
2866,71516,Jackson Harlan,Western Kentucky,0.0,0.0,0.0,1.0
2867,71517,Jordan Rawls,Western Kentucky,0.0,0.2727272727272727,0.125,0.6857142857142857
2868,71518,Tristan Green,Denver,0.8,0.5,0.4444444444444444,1.0
2869,71519,John Tonje,Colorado St.,0.3333333333333333,0.4827586206896552,0.5,0.88
2870,71521,Rudy Fitzgibbons III,The Citadel,0.0,0.0,0.0,0.47368421052631576
2871,71522,Parker Weiss,Iona,0.0,1.0,0.0,1.0
2872,71523,Antwon Jackson,Arkansas St.,0.0,0.3076923076923077,0.3333333333333333,0.0
2873,71524,Fletcher Abee,The Citadel,0.0,0.8461538461538461,0.3125,0.851063829787234
2874,71526,Roscoe Eastmond,Denver,0.0,0.0,0.38461538461538464,0.75
2875,71527,Mo Arnold,Jacksonville,0.0,0.175,0.0,0.8333333333333334
2876,71528,Caleb Grill,UNLV,0.4,0.5,0.6,0.8518518518518519
2877,71529,Luke Anderson,South Florida,0.0,0.0,1.0,1.0
2878,71530,Trey Sides,Jacksonville,0.0,0.6666666666666666,0.25,0.9032258064516129
2879,71531,Maceo Austin,Duquesne,0.0,0.3333333333333333,0.0,1.0
2880,71534,Kamari Williams,Boston College,0.0,0.0,0.0,1.0
2881,71536,Jamil Riggins,Quinnipiac,0.0,0.5263157894736842,0.6,0.0
2882,71539,Brendan McGuire,Quinnipiac,1.0,0.3888888888888889,0.23076923076923078,0.8421052631578947
2883,71540,Morgan Safford,Wofford,1.0,0.6363636363636364,0.2857142857142857,1.0
2884,71541,Ty Chisom,South Dakota,0.0,0.18181818181818182,0.0,1.0
2885,71543,RaeQuan Battle,Washington,1.0,0.3333333333333333,0.2,0.9090909090909091
2886,71544,Grant Frickenstein,Nebraska Omaha,0.0,0.0,0.0,0.0
2887,71546,Thatcher Stone,William & Mary,0.0,0.25,0.0,1.0
2888,71547,Xavier Cork,Western Carolina,0.7777777777777778,0.5612244897959183,0.2777777777777778,0.0
2889,71548,Ilija Stefanovic,Longwood,0.5,0.6,0.0,0.0
2890,71551,Bernardo da Silva,Hawaii,0.0,1.0,0.0,0.0
2891,71552,D.J. Johnson,Rhode Island,1.0,0.6666666666666666,0.0,0.96
2892,71553,Isaiah Ihnen,Minnesota,1.0,0.6666666666666666,1.0,1.0
2893,71554,Cameron O'Conner,Longwood,0.0,0.0,0.0,1.0
2894,71556,Jared Hankins,Indiana St.,0.0,0.0,0.0,1.0
2895,71557,Malcolm Dandridge,Memphis,0.8695652173913043,0.7441860465116279,1.0,0.0
2896,71558,John-Michael Mulloy,Butler,0.0,0.3333333333333333,0.0,0.0
2897,71559,Ja'Vary Christmas,Idaho,0.8,0.5,0.30434782608695654,0.9090909090909091
2898,71560,Mike Parker,Butler,0.0,0.0,0.0,1.0
2899,71561,Lester Quinones,Memphis,1.0,0.5,0.3333333333333333,0.9545454545454546
2900,71562,Japannah Kellogg III,Green Bay,1.0,0.6774193548387096,0.625,0.0
2901,71563,Cobie Barnes,Indiana St.,0.0,0.6111111111111112,0.5,1.0
2902,71564,Lucas Stieber,Green Bay,0.0,0.6666666666666666,0.25,1.0
2903,71569,Keegan Records,Colgate,1.0,0.6785714285714286,0.2857142857142857,0.0
2904,71571,Tevin Brewer,FIU,0.0,0.0,0.3125,0.7272727272727273
2905,71575,Moulaye Sissoko,Dayton,1.0,1.0,1.0,0.0
2906,71576,Quinten Post,Mississippi St.,1.0,0.5882352941176471,0.7142857142857143,1.0
2907,71577,Tyson Jackson,Middle Tennessee,1.0,0.782608695652174,0.0,0.0
2908,71578,Matt van Komen,Saint Mary's,1.0,1.0,0.0,0.0
2909,71580,Justin Rumph,Mississippi St.,0.0,0.0,0.0,1.0
2910,71581,Golden Dike,Loyola MD,0.9,0.5,0.2,0.0
2911,71583,Iverson Molinar,Mississippi St.,0.5,0.19230769230769232,0.2413793103448276,0.7954545454545454
2912,71584,Devin Butts,Louisiana,0.0,0.375,0.18181818181818182,0.8571428571428571
2913,71586,Mohamed Camara,Morgan St.,0.0,0.5,0.0,1.0
2914,71596,Luka Jaksic,St. Francis NY,0.0,0.0,0.0,1.0
2915,71597,Quincy Olivari,Rice,0.5,0.3076923076923077,0.39285714285714285,0.7375
2916,71599,Jan Zidek,Pepperdine,0.0,0.5714285714285714,0.6666666666666666,0.9722222222222222
2917,71600,Majok Deng,Pepperdine,0.0,0.0,0.3333333333333333,1.0
2918,71601,Imajae Dodd,UNC Wilmington,0.3333333333333333,0.3333333333333333,0.0,0.0
2919,71602,Jake Boggs,UNC Wilmington,0.75,0.4583333333333333,0.5,0.8181818181818182
2920,71603,Sedrick Altman,Pepperdine,0.6,0.3958333333333333,0.4166666666666667,1.0
2921,71604,Lance Coleman II,Cal St. Northridge,0.0,0.3333333333333333,0.35714285714285715,0.7333333333333333
2922,71605,Ben Moffat,Rice,0.0,0.0,1.0,0.0
2923,71606,Owen McCormack,Presbyterian,0.0,0.48484848484848486,0.6,0.9333333333333333
2924,71610,Tommy Bruner,USC Upstate,0.0,0.18421052631578946,0.10344827586206896,0.7714285714285715
2925,71611,Wilfried Likayi,New Mexico St.,1.0,0.5625,1.0,0.9090909090909091
2926,71612,Sydney Agudah,Little Rock,0.0,0.0,0.0,0.0
2927,71613,Khydarius Smith,USC Upstate,0.8571428571428571,0.7804878048780488,0.3333333333333333,0.0
2928,71616,Damari Monsanto,East Tennessee St.,1.0,0.2413793103448276,0.29411764705882354,0.8163265306122449
2929,71617,Garrick Green,Coastal Carolina,1.0,0.2857142857142857,0.25,0.9142857142857143
2930,71618,Keishawn Brewton,Buffalo,0.0,0.5,0.0,0.8571428571428571
2931,71620,Tristen Newton,East Carolina,1.0,0.5333333333333333,0.1875,1.0
2932,71623,Brandon Suggs,East Carolina,0.5,0.6333333333333333,0.8,1.0
2933,71625,Wendell Moore Jr.,Duke,0.3333333333333333,0.36,0.42857142857142855,0.8181818181818182
2934,71626,Ben Hendriks,Ball St.,1.0,0.8666666666666667,0.5,0.0
2935,71627,Nick Johnson,New Hampshire,0.0,0.5151515151515151,0.36363636363636365,1.0
2936,71630,Trevin Dorius,Utah St.,0.8333333333333334,0.6111111111111112,0.0,0.0
2937,71631,Jacob Groves,Eastern Washington,1.0,0.7021276595744681,0.38095238095238093,1.0
2938,71632,Oscar Tshiebwe,West Virginia,1.0,0.7,0.75,0.0
2939,71633,B. Artis White,Western Michigan,0.0,0.08333333333333333,0.07692307692307693,0.6226415094339622
2940,71634,Sean McNeil,West Virginia,0.0,0.2,0.2857142857142857,0.9130434782608695
2941,71636,Miles McBride,West Virginia,0.5,0.23255813953488372,0.208955223880597,0.5869565217391305
2942,71637,J'Wan Roberts,Houston,0.8,0.7142857142857143,0.0,0.0
2943,71638,D.J. Jeffries,Memphis,0.7857142857142857,0.6271186440677966,0.2857142857142857,0.8
2944,71640,Akrum Ahemed,Canisius,0.0,0.0,0.0,1.0
2945,71642,Jake Kyman,UCLA,0.0,0.5,0.4,0.9444444444444444
2946,71643,Drew Lowder,Eastern Michigan,0.0,0.3333333333333333,0.0,0.5
2947,71644,Harry Morrice,North Carolina A&T,0.6666666666666666,0.8,0.5,1.0
2948,71645,Russell Jones Jr.,Winthrop,0.0,0.09090909090909091,0.0,0.8666666666666667
2949,71646,Jamal King,Winthrop,0.0,0.46153846153846156,0.16666666666666666,1.0
2950,71648,Marko Lukic,Little Rock,0.0,0.47058823529411764,0.30434782608695654,0.918918918918919
2951,71649,Ralph Agee,San Jose St.,0.7,0.44642857142857145,0.4166666666666667,0.0
2952,71651,Sean Jenkins,Presbyterian,0.0,0.0,0.0,1.0
2953,71652,Luke Sutherland,Bryant,0.0,0.0,0.0,0.0
2954,71653,Kenan Sarvan,Coppin St.,0.5,0.5714285714285714,1.0,0.9655172413793104
2955,71654,Isaiah Lewis,Northern Arizona,1.0,0.5333333333333333,0.375,1.0
2956,71656,Isaiah Gross,Coppin St.,0.0,0.25,0.0,1.0
2957,71659,Thomasi Gilgeous-Alexander,Evansville,0.0,0.0,0.0,1.0
2958,71662,Trever Irish,Long Beach St.,0.6666666666666666,0.5652173913043478,0.38461538461538464,0.0
2959,71663,Jordan Brinson,Utah Valley,0.0,0.6666666666666666,0.5,1.0
2960,71666,Arnold Henderson VI,VCU,0.0,0.0,0.0,0.0
2961,71667,Hason Ward,VCU,0.8709677419354839,0.7288135593220338,0.625,0.0
2962,71671,TJ Nagy,Wright St.,0.0,0.0,0.0,1.0
2963,71672,John-Michael Wright,High Point,0.3333333333333333,0.16,0.16981132075471697,0.75
2964,71673,Brenden Tucker,Charleston,0.0,0.10344827586206896,0.0,0.6666666666666666
2965,71674,Trevon Reddish,Presbyterian,1.0,0.3488372093023256,0.125,1.0
2966,71675,Dan Petcash,Binghamton,0.5,0.36363636363636365,0.5,0.9130434782608695
2967,71676,Justin Moore,Villanova,1.0,0.2727272727272727,0.07142857142857142,0.825
2968,71678,Chris Arcidiacono,Villanova,0.0,0.0,0.0,1.0
2969,71679,Dane Quest,Tennessee Tech,1.0,0.5,0.42857142857142855,1.0
2970,71680,Lok Wur,Oregon,0.0,0.6666666666666666,0.0,1.0
2971,71681,C.J. Walker,UCF,0.75,0.6585365853658537,0.5833333333333334,1.0
2972,71682,Chandler Lawson,Oregon,0.875,0.7272727272727273,0.7692307692307693,1.0
2973,71683,Boo Buie,Northwestern,0.0,0.42105263157894735,0.2,0.7368421052631579
2974,71684,Christian Ray,La Salle,0.3333333333333333,0.49056603773584906,0.125,1.0
2975,71687,Nick Crocker,Bryant,0.0,0.0,0.0,0.0
2976,71688,DeAndre Wilkins,Wagner,0.0,1.0,0.0,0.0
2977,71690,Noah Carter,Northern Iowa,0.7777777777777778,0.5208333333333334,0.3333333333333333,0.9393939393939394
2978,71691,Romar Reid,Manhattan,0.0,0.0,0.5,1.0
2979,71693,James Betz,Northern Iowa,1.0,0.5555555555555556,0.2727272727272727,0.3333333333333333
2980,71695,Filippos Gkogkos,Miami FL,0.0,0.0,0.0,0.0
2981,71697,Lenny Kadisha,Stony Brook,0.0,0.0,0.0,0.0
2982,71698,Lenny Ricca,Florida Gulf Coast,0.0,0.0,0.0,0.0
2983,71700,Cyrus Largie,Florida Gulf Coast,0.0,0.21568627450980393,0.3333333333333333,0.9285714285714286
2984,71702,Derek Krogmann,Northern Iowa,0.0,1.0,0.0,0.0
2985,71704,Tre Williams,Indiana St.,0.8333333333333334,0.5294117647058824,0.23333333333333334,1.0
2986,71706,Jelly Walker,Tulane,0.0,0.22727272727272727,0.0967741935483871,0.7741935483870968
2987,71707,Paxson Wojcik,Loyola Chicago,0.0,0.0,0.0,0.75
2988,71708,Keith Clemons,Loyola Chicago,0.0,0.5,0.3333333333333333,0.85
2989,71709,Alec Zaccardo,Tulane,0.0,0.0,0.0,0.0
2990,71710,EJ Bellinger,Belmont,0.0,0.18181818181818182,0.75,0.7692307692307693
2991,71711,Avery Felts,Arkansas St.,0.0,0.42857142857142855,0.3333333333333333,0.9444444444444444
2992,71712,Xaiver Armstead,Louisiana Tech,0.0,0.5,0.0,1.0
2993,71714,Malcolm Farrington,Arkansas St.,0.0,0.0,0.7777777777777778,0.96875
2994,71715,Tray Jackson,Seton Hall,1.0,1.0,0.0,0.0
2995,71716,Majesty Brandon,Canisius,0.0,0.375,0.25925925925925924,0.7142857142857143
2996,71717,Prosper Obidiebube,Chattanooga,0.0,0.0,0.0,0.0
2997,71718,Joe Pridgen,UNC Wilmington,0.6666666666666666,0.4117647058823529,0.3333333333333333,0.8
2998,71719,Grant Ledford,Chattanooga,0.0,0.0,0.0,1.0
2999,71720,Christopher Dumas,Alabama St.,0.0,0.0,0.0,0.0
3000,71721,DeMierre Black,Purdue Fort Wayne,0.0,0.0,0.125,0.5
3001,71722,Mike Stone,Alabama St.,0.0,1.0,0.5,0.0
3002,71725,Caleb Bellach,Montana St.,0.0,1.0,0.0,1.0
3003,71726,Vito Cubrilo,Northeastern,0.0,0.5,0.0,1.0
3004,71727,Sam Freeman,Minnesota,1.0,0.5714285714285714,0.0,0.0
3005,71729,Isaiah Powell,Vermont,1.0,0.5294117647058824,0.3333333333333333,0.75
3006,71730,Jubrile Belo,Montana St.,0.7727272727272727,0.5949367088607594,0.3333333333333333,0.0
3007,71731,Tyson Walker,Northeastern,0.0,0.0625,0.0,0.5897435897435898
3008,71732,Dakota Rivers,Florida Gulf Coast,0.7142857142857143,0.5769230769230769,0.5,1.0
3009,71733,Qwanzi Samuels,Florida Gulf Coast,0.0,0.0,0.0,0.0
3010,71735,Brycen Goodine,Providence,0.0,0.0,0.0,0.6
3011,71736,Quincy Guerrier,Syracuse,0.8571428571428571,0.6039603960396039,0.2727272727272727,1.0
3012,71737,Joseph Girard III,Syracuse,0.0,0.2857142857142857,0.10714285714285714,0.66
3013,71740,Franck Kamgain,UMKC,0.0,0.3333333333333333,0.0,0.9047619047619048
3014,71741,Chase Adams,Portland,0.0,0.26666666666666666,0.125,1.0
3015,71742,Quincy Ferebee,Portland,0.0,0.5,0.0,0.0
3016,71743,John Bol Ajak,Syracuse,0.0,0.0,1.0,0.0
3017,71744,Jaren Holmes,St. Bonaventure,0.75,0.37777777777777777,0.19230769230769232,0.9459459459459459
3018,71746,Sam Gagliardi,Florida Gulf Coast,0.0,0.0,0.0,0.0
3019,71747,Zion Williams,UMKC,0.5,0.48717948717948717,0.06666666666666667,0.8333333333333334
3020,71748,Jesse Edwards,Syracuse,1.0,1.0,0.25,0.0
3021,71749,Riley Burger,Bradley,0.0,0.0,0.0,0.0
3022,71750,Fred Rullo IV,Delaware,0.0,0.0,0.0,0.0
3023,71751,Max Abmas,Oral Roberts,0.0,0.27692307692307694,0.14814814814814814,0.4742268041237113
3024,71752,Matt Frost,Purdue,0.0,1.0,0.0,1.0
3025,71754,Jonathan Jackson Jr.,Tarleton St.,0.75,0.35,0.3333333333333333,1.0
3026,71755,Danario Edgar II,Prairie View A&M,0.0,0.0,0.0,0.0
3027,71757,Joshua Hightower,Saint Louis,0.0,0.0,0.0,0.0
3028,71759,Chase Coleman,Virginia,0.0,0.0,0.0,0.0
3029,71762,Arne Morris,Alcorn St.,0.0,0.0,0.3333333333333333,1.0
3030,71764,Tre Armstrong,Cal Baptist,0.0,0.4782608695652174,0.4,0.8
3031,71765,Reed Nottage,Cal Baptist,0.6666666666666666,0.5161290322580645,0.8,1.0
3032,71766,Michael Shanks,Belmont,0.0,0.6,0.6666666666666666,1.0
3033,71768,Tyson Etienne,Wichita St.,0.0,0.15,0.6666666666666666,0.6229508196721312
3034,71771,Darin Green Jr.,UCF,1.0,0.35294117647058826,0.4444444444444444,0.9056603773584906
3035,71773,Ibrahim Famouke Doumbia,UCF,0.0,0.0,1.0,0.0
3036,71774,Harwin Francois,McNeese St.,1.0,0.4,0.0,0.8518518518518519
3037,71775,Oscar Lopez Jr.,DePaul,0.0,0.2727272727272727,0.25,1.0
3038,71777,T.J. Bickerstaff,Drexel,1.0,0.5818181818181818,0.3684210526315789,1.0
3039,71778,Mate Okros,Drexel,0.0,0.375,0.0,1.0
3040,71782,Hunter McIntosh,Elon,0.0,0.10526315789473684,0.15384615384615385,0.6595744680851063
3041,71783,Gabe Quinnett,Idaho,0.0,0.625,0.6,0.9444444444444444
3042,71786,Patrick McCaffery,Iowa,0.7142857142857143,0.5294117647058824,0.38461538461538464,1.0
3043,71788,DeWayne Cox,Prairie View A&M,1.0,0.5909090909090909,0.3333333333333333,0.75
3044,71790,Essam Mostafa,Coastal Carolina,0.8571428571428571,0.5783132530120482,0.375,1.0
3045,71791,Hosana Kitenge,Coastal Carolina,0.0,0.4,0.0,0.0
3046,71792,Patrick Kelly,Penn St.,0.0,0.0,0.0,0.0
3047,71793,Jordan Turner,Baylor,0.0,0.0,0.0,1.0
3048,71797,Olisa Ngonadi,Robert Morris,0.0,0.3333333333333333,0.0,0.0
3049,71798,Jalen Hawkins,Norfolk St.,0.6666666666666666,0.52,0.0,0.8846153846153846
3050,71800,Mikael Jantunen,Utah,1.0,0.7647058823529411,0.625,0.9
3051,71803,Cam Spencer,Loyola MD,0.0,0.3333333333333333,0.5,0.8571428571428571
3052,71804,Alfonso Plummer,Utah,0.0,0.35294117647058826,0.2222222222222222,0.873015873015873
3053,71806,Brendan Wenzel,Utah,0.0,0.0,0.0,0.0
3054,71808,Branden Carlson,Utah,0.9090909090909091,0.75,0.71875,1.0
3055,71810,D.J. Carton,Marquette,0.07692307692307693,0.1016949152542373,0.06896551724137931,0.48484848484848486
3056,71811,Meekness Payne,New Hampshire,0.0,0.3333333333333333,0.25,1.0
3057,71814,Eric Coleman Jr.,High Point,0.0,0.5,0.5,1.0
3058,71817,Eric Dixon,Villanova,0.0,0.5714285714285714,0.4,1.0
3059,71820,Enrique Freeman,Akron,0.8888888888888888,0.6666666666666666,1.0,0.0
3060,71821,Khristion Courseault,Nevada,0.0,1.0,0.0,0.0
3061,71822,Julius Dixon,Morehead St.,0.0,0.5,0.3333333333333333,1.0
3062,71823,Ta'lon Cooper,Morehead St.,0.0,0.13793103448275862,0.2777777777777778,0.8285714285714286
3063,71825,Grant Sherfield,Nevada,0.0,0.12195121951219512,0.01639344262295082,0.4666666666666667
3064,71827,Denijay Harris,Southern Miss,1.0,0.5,0.16666666666666666,0.0
3065,71829,LJ Bryan,Morehead St.,0.5,0.43478260869565216,0.6,0.0
3066,71831,Ques Glover,Florida,0.0,0.14285714285714285,0.125,0.6666666666666666
3067,71832,"KJ Hunt, Jr.",Morehead St.,0.0,0.15789473684210525,0.3225806451612903,0.9285714285714286
3068,71833,Kwane Marble II,Wyoming,0.0,0.2765957446808511,0.25,0.875
3069,71835,Carson Bischoff,UT Arlington,0.0,0.0,0.0,1.0
3070,71836,Harminder Dhaliwal,San Jose St.,0.0,0.6666666666666666,1.0,0.0
3071,71838,Alec Woodard,Austin Peay,0.0,0.2727272727272727,0.3333333333333333,0.8636363636363636
3072,71840,Liam McChesney,Utah St.,0.0,0.0,0.0,0.0
3073,71841,Erik Czumbel,UTSA,0.0,0.16666666666666666,0.0,1.0
3074,71843,Olivier Nkamhoua,Tennessee,1.0,0.8636363636363636,0.25,0.0
3075,71845,Jordan Skipper-Brown,Eastern Illinois,0.7586206896551724,0.711864406779661,0.6363636363636364,1.0
3076,71846,O'Neil McBride,Clemson,0.0,0.0,0.0,0.0
3077,71847,Christian Wilson,Longwood,1.0,0.35714285714285715,0.4,1.0
3078,71848,Coryon Mason,Abilene Christian,0.6666666666666666,0.4318181818181818,0.23076923076923078,1.0
3079,71849,Deang Deang,Eastern Illinois,0.0,0.2222222222222222,0.5,1.0
3080,71850,George Dixon,Eastern Illinois,0.0,0.5,0.375,0.0
3081,71851,Keondre Kennedy,UMBC,1.0,0.2962962962962963,0.045454545454545456,1.0
3082,71852,Allan Jeanne-Rose,Fairfield,0.0,0.3333333333333333,0.0,1.0
3083,71855,George Tinsley,Binghamton,0.0,0.25925925925925924,0.10526315789473684,0.9333333333333333
3084,71856,Jordan Hairston,Texas A&M Corpus Chris,0.0,0.6,0.75,0.8666666666666667
3085,71858,Amadou Sylla,Tennessee Tech,1.0,0.8214285714285714,0.75,0.0
3086,71859,Joel Brown,California,0.0,0.24324324324324326,0.3333333333333333,0.9090909090909091
3087,71861,Jeremiah Robinson-Earl,Villanova,0.6956521739130435,0.4090909090909091,0.6136363636363636,1.0
3088,71862,Ador Athuai,Binghamton,0.0,0.6,0.0,0.0
3089,71863,Kenan Blackshear,Florida Atlantic,0.0,0.13333333333333333,0.3333333333333333,0.631578947368421
3090,71865,Davonte Gaines,Tennessee,0.0,0.5,0.0,0.0
3091,71867,Kayne Henry,Jacksonville St.,1.0,0.39473684210526316,0.14285714285714285,0.8571428571428571
3092,71868,Martin Roub,Jacksonville St.,0.0,0.5,0.6,0.9375
3093,71869,Jeffery Armstrong,Southern Miss,0.0,0.0,0.0,1.0
3094,71870,Hunter Dean,George Washington,0.3333333333333333,0.3333333333333333,0.25,0.0
3095,71872,Artur Konontsuk,Southern Miss,0.0,0.2857142857142857,0.5,0.9375
3096,71873,Jay Malone,Southern Miss,0.0,0.16666666666666666,0.15384615384615385,1.0
3097,71875,Jaxon Etter,Georgia,0.0,0.75,0.0,1.0
3098,71878,Jaykwon Walton,Georgia,0.0,0.0,0.0,0.0
3099,71880,Rodney Howard,Georgia Tech,1.0,0.75,1.0,0.0
3100,71882,Casey Morsell,Virginia,1.0,0.4375,0.0625,0.9
3101,71884,Ebby Asamoah,Delaware,0.3333333333333333,0.45454545454545453,0.25,0.9523809523809523
3102,71885,Harlond Beverly,Miami FL,0.5,0.19230769230769232,0.1111111111111111,1.0
3103,71886,Tyler Robertson,Eastern Washington,0.0,0.7142857142857143,0.4230769230769231,0.9393939393939394
3104,71887,Kevin Easley Jr.,TCU,0.0,0.8571428571428571,0.5714285714285714,0.9230769230769231
3105,71888,Johnny McCoy,Delaware,0.0,0.5294117647058824,0.0,1.0
3106,71889,Isaiah Wong,Miami FL,0.625,0.22950819672131148,0.11363636363636363,0.6
3107,71891,Sammy Hunter,Mississippi,0.6666666666666666,0.25,0.8333333333333334,1.0
3108,71892,Chase Barrs,Western Michigan,0.0,0.0,0.0,0.0
3109,71894,Rod Thomas,Murray St.,0.0,0.0,0.0,1.0
3110,71897,Quinton Brigham,Texas Southern,0.5,0.2,0.5,0.0
3111,71898,Cooper Bybee,Indiana,0.0,0.0,0.0,0.0
3112,71901,Johnny Juzang,UCLA,0.0,0.46153846153846156,0.35443037974683544,0.7636363636363637
3113,71905,Kai Jones,Texas,0.6956521739130435,0.639344262295082,0.3333333333333333,0.6923076923076923
3114,71906,Donovan Williams,Texas,1.0,0.42857142857142855,0.16666666666666666,1.0
3115,71907,Jared Wulbrun,Purdue,0.0,0.0,0.0,1.0
3116,71908,Jalen Windham,Ball St.,0.0,0.6666666666666666,0.0,1.0
3117,71909,Nic Zeil,Creighton,0.0,1.0,0.0,1.0
3118,71910,Dimitrios Klonaras,California,0.0,1.0,0.0,1.0
3119,71912,Shereef Mitchell,Creighton,0.0,0.375,0.14285714285714285,1.0
3120,71915,Nick Stampley,Troy,1.0,0.6904761904761905,0.5151515151515151,0.9393939393939394
3121,71917,Anzac Rissetto,Charlotte,0.0,0.5714285714285714,0.6,0.0
3122,71918,Joel Soriano,Fordham,0.9333333333333333,0.6341463414634146,0.6,0.0
3123,71919,DJ Horne,Illinois St.,0.0,0.42857142857142855,0.041666666666666664,0.8275862068965517
3124,71920,Christian Braun,Kansas,0.2,0.30303030303030304,0.2857142857142857,0.7346938775510204
3125,71921,Michael Savarino,Duke,0.0,0.0,0.0,0.0
3126,71922,Keenan Worthington,Duke,0.0,0.0,0.0,0.0
3127,71923,Tristan Enaruna,Kansas,1.0,0.2,0.42857142857142855,1.0
3128,71924,Javin Etzler,Miami OH,0.0,0.3333333333333333,1.0,0.8181818181818182
3129,71925,Jalen Wilson,Kansas,0.0,0.24074074074074073,0.3333333333333333,0.972972972972973
3130,71926,Dae Dae Grant,Miami OH,0.0,0.13636363636363635,0.12,0.7321428571428571
3131,71927,Michael Jankovich,Kansas,0.0,0.0,0.0,0.0
3132,71928,PJ Henry,Hartford,0.0,0.3333333333333333,0.15384615384615385,0.8333333333333334
3133,71929,Kenyon Duling,North Carolina A&T,0.0,0.6,0.16666666666666666,0.8333333333333334
3134,71930,Evan Morrison,Southeast Missouri St.,0.0,0.0,0.0,1.0
3135,71931,Jahcobi Neath,Wake Forest,0.0,0.08333333333333333,0.0,1.0
3136,71932,Jonas Munson,Central Arkansas,0.0,0.0,0.0,0.0
3137,71933,Joe Toussaint,Iowa,0.0,0.3333333333333333,0.08333333333333333,1.0
3138,71934,Kvonn Cramer,Hofstra,0.7142857142857143,0.4925373134328358,0.6,1.0
3139,71937,Collin Cooper,Central Arkansas,0.0,0.5,0.08333333333333333,0.8421052631578947
3140,71939,Derrick Carter-Hollinger,Montana,0.0,0.2857142857142857,0.36363636363636365,1.0
3141,71940,Tariq Ingraham,Wake Forest,0.0,0.5,0.0,0.0
3142,71941,Dischon Thomas,Colorado St.,0.8,0.45454545454545453,0.625,1.0
3143,71942,Sawyer Stoltz,IU Indy,0.0,0.0,0.0,0.0
3144,71943,DQ Nicholas,Southeast Missouri St.,0.0,0.21951219512195122,0.21428571428571427,1.0
3145,71945,Broc Finstuen,Pacific,0.0,0.5740740740740741,0.6666666666666666,1.0
3146,71950,Emmanuel Bandoumel,SMU,0.6666666666666666,0.45,0.25,0.9285714285714286
3147,71951,Cam Timmons,Howard,0.0,0.6666666666666666,0.75,0.0
3148,71953,Liwayne Richardson,Howard,1.0,0.5,0.0,0.0
3149,71955,DJ Kelley,Sam Houston St.,0.0,0.0,0.0,0.0
3150,71958,Ajang Aguek,Northern Arizona,1.0,0.52,0.6666666666666666,1.0
3151,71961,CJ Haut,Air Force,0.0,1.0,0.0,0.0
3152,71962,Ty Gordon,Nicholls St.,0.0,0.31746031746031744,0.1111111111111111,0.4838709677419355
3153,71963,Jahmir Young,Charlotte,0.5,0.3968253968253968,0.2692307692307692,0.7272727272727273
3154,71964,Caleb Stone-Carrawell,Charlotte,1.0,1.0,1.0,1.0
3155,71967,Isiah Kirby,Southeastern Louisiana,0.14285714285714285,0.16666666666666666,0.2857142857142857,0.7777777777777778
3156,71968,Ahmard Harvey,Coastal Carolina,0.6666666666666666,0.5333333333333333,1.0,0.0
3157,71969,James Edwards,Southern,0.0,0.0,0.0,0.0
3158,71972,Travion McCray,Western Carolina,0.0,0.23809523809523808,0.0,0.8
3159,71973,Jalen Benjamin,UAB,0.0,0.07142857142857142,0.0,0.6666666666666666
3160,71974,Max Brackmann,Southeastern Louisiana,0.0,0.5,0.0,0.0
3161,71975,Tyler Harris,Western Carolina,0.75,0.37142857142857144,0.0,0.8666666666666667
3162,71976,Nicholas Evtimov,Colgate,0.0,0.0,1.0,0.0
3163,71978,Ahmir Langlais,Western Carolina,1.0,0.6,0.5,0.0
3164,71981,Sam DeVault,Bellarmine,1.0,0.7142857142857143,0.5,1.0
3165,71982,Marcus Tsohonis,Washington,0.0,0.3333333333333333,0.20454545454545456,0.6666666666666666
3166,71984,Isaiah Palermo,Little Rock,0.5,0.23529411764705882,0.25,1.0
3167,71985,Tyler Witz,North Dakota St.,0.0,0.5,0.0,0.0
3168,71987,Pierre Crockrell II,Pacific,1.0,0.23076923076923078,0.05555555555555555,0.6666666666666666
3169,71988,Cameron Tucker,Alabama A&M,0.0,0.1111111111111111,0.0,1.0
3170,71989,Kamdyn Curfman,VMI,0.0,0.5,0.375,0.8833333333333333
3171,71990,Jalen Johnson,Alabama A&M,1.0,0.4125,0.6666666666666666,0.0
3172,71994,Douglas Wilson,South Dakota St.,0.8947368421052632,0.5376344086021505,0.14814814814814814,0.0
3173,71995,Tory San Antonio,Cal St. Fullerton,0.0,0.4444444444444444,1.0,0.7333333333333333
3174,71996,Baylor Scheierman,South Dakota St.,0.3333333333333333,0.30434782608695654,0.08108108108108109,0.8363636363636363
3175,71997,RayJ Dennis,Boise St.,0.6666666666666666,0.35135135135135137,0.13333333333333333,0.8260869565217391
3176,71998,Noah Freidel,South Dakota St.,1.0,0.2222222222222222,0.09090909090909091,0.631578947368421
3177,71999,Josiah-Jordan James,Tennessee,0.4,0.19047619047619047,0.42105263157894735,0.9642857142857143
3178,72000,Anthony Bratton,UT Rio Grande Valley,0.0,0.4166666666666667,0.6666666666666666,0.0
3179,72001,Drew Pember,Tennessee,1.0,1.0,0.0,0.0
3180,72002,Mahki Morris,Abilene Christian,0.0,0.4166666666666667,0.625,0.9615384615384616
3181,72003,Marvin Johnson,Eastern Illinois,0.42105263157894735,0.32098765432098764,0.13725490196078433,0.5769230769230769
3182,72004,Chris Maidoh,Fairfield,0.85,0.6176470588235294,0.8,1.0
3183,72005,Jamison Overton,Utah Valley,0.9333333333333333,0.6,0.24444444444444444,1.0
3184,72006,Airion Simmons,Abilene Christian,0.0,0.5806451612903226,0.5,0.9333333333333333
3185,72007,Mark Henry,Fairfield,0.0,0.0,0.0,0.0
3186,72008,Nathan Johnson,UMBC,0.0,0.0,1.0,1.0
3187,72009,Ben Krikke,Valparaiso,0.8333333333333334,0.5737704918032787,0.5806451612903226,1.0
3188,72012,Jordan Coffin,East Tennessee St.,0.0,0.0,0.0,0.0
3189,72013,Victor Okafor,Morgan St.,0.0,0.5,0.0,0.0
3190,72015,Lagio Grantsaan,Morgan St.,1.0,0.3939393939393939,0.2222222222222222,0.9090909090909091
3191,72017,Isaiah Garcia,UT Rio Grande Valley,0.0,0.0,0.0,0.0
3192,72018,Jared Barnett,San Diego St.,0.0,0.0,0.5,0.0
3193,72021,Tanner Holden,Wright St.,0.7272727272727273,0.4470588235294118,0.2903225806451613,1.0
3194,72022,Ravel Moody,Tennessee St.,0.0,0.36363636363636365,0.0,0.7916666666666666
3195,72023,Collin Warren,McNeese St.,0.75,0.3888888888888889,0.5,0.8461538461538461
3196,72024,Jaden Nielsen-Skinner,Portland St.,0.0,0.0,0.0,1.0
3197,72025,Chris Orlina,McNeese St.,0.0,0.7777777777777778,0.625,1.0
3198,72026,Bryson Langdon,Northern Kentucky,0.0,0.17857142857142858,0.045454545454545456,0.9166666666666666
3199,72028,Lance Terry,Gardner Webb,1.0,0.3,0.3333333333333333,0.7222222222222222
3200,72029,Chris Harris,Southeast Missouri St.,0.0,0.25806451612903225,0.20833333333333334,0.9210526315789473
3201,72030,Devontae Lane,Central Michigan,0.0,0.0625,0.2,0.6363636363636364
3202,72031,Travon Broadway Jr.,Central Michigan,0.0,0.18518518518518517,0.26666666666666666,0.6818181818181818
3203,72033,Davis Steelman,UT Arlington,0.0,0.4,0.4444444444444444,0.9
3204,72035,Sam Griffin,UT Arlington,0.0,0.3333333333333333,0.14814814814814814,0.7818181818181819
3205,72036,Tre Jones,UT Arlington,0.0,0.42857142857142855,0.0,0.0
3206,72038,Jarvis Vaughan,Monmouth,1.0,1.0,1.0,0.0
3207,72039,Nicolas Elame,UT Arlington,0.0,0.058823529411764705,0.13333333333333333,0.5
3208,72041,Kenny Foster,Wyoming,1.0,0.6666666666666666,0.0,1.0
3209,72042,Chris Mann,Army,0.0,0.0,1.0,0.0
3210,72043,Carlos Paez,Austin Peay,0.0,0.11764705882352941,0.3,0.8571428571428571
3211,72044,Micah Burno,Arizona St.,0.0,0.0,0.0,0.0
3212,72045,Sean Bairstow,Utah St.,0.0,0.3125,0.125,0.875
3213,72046,Kuba Karwowski,Utah St.,0.0,1.0,0.0,0.0
3214,72047,John Olmsted,Arizona St.,1.0,1.0,0.0,0.0
3215,72048,Khalid Thomas,Portland St.,0.42857142857142855,0.2972972972972973,0.2222222222222222,0.875
3216,72049,Antavion Collum,Mississippi,0.0,0.0,0.0,1.0
3217,72050,Michael Isler,Presbyterian,0.0,1.0,0.0,1.0
3218,72051,Zeb Graham,Presbyterian,0.0,0.2222222222222222,0.14285714285714285,1.0
3219,72052,Mason Gillis,Purdue,0.0,0.64,0.0,0.8947368421052632
3220,72055,Dou Gueye,Louisiana,0.0,0.3783783783783784,0.3333333333333333,0.6363636363636364
3221,72056,Chris Spenkuch,Louisiana,0.0,0.0,0.0,0.0
3222,72058,Mike Peake,Austin Peay,0.75,0.421875,0.6666666666666666,0.9411764705882353
3223,72059,Nick Ongenda,DePaul,0.8571428571428571,0.5517241379310345,0.625,0.0
3224,72061,Josh Colon,Fordham,0.0,0.0,0.0,0.0
3225,72062,Malik Battle,Charleston Southern,0.0,0.0,0.5,0.6
3226,72070,Charlie Easley,South Dakota St.,0.0,0.4444444444444444,0.2857142857142857,1.0
3227,72071,Evan Palmquist,McNeese St.,0.0,0.0,0.0,0.0
3228,72073,Jervay Green,Pacific,0.0,0.0,0.0,0.0
3229,72074,Luis Rivas,McNeese St.,0.0,0.0,0.0,0.0
3230,72076,Connor Braun,Northeastern,0.0,0.0,0.0,0.0
3231,72077,John Harge,Northern Kentucky,0.0,0.375,0.0,0.0
3232,72078,Cam Mack,Prairie View A&M,0.0,0.25,0.25,0.4583333333333333
3233,72079,Mattia Acunzo,Toledo,1.0,0.6578947368421053,0.4,1.0
3234,72080,Issac McBride,Vanderbilt,0.0,0.0,0.5,0.75
3235,72082,Balsa Koprivica,Florida St.,0.8378378378378378,0.6486486486486487,0.6153846153846154,1.0
3236,72083,KJ Johnson,Lipscomb,0.0,0.11428571428571428,0.11764705882352941,0.6956521739130435
3237,72085,Xavier Johnson,George Mason,0.0,0.4,0.0,1.0
3238,72086,Edra Luster,East Carolina,0.0,0.5,0.0,0.0
3239,72088,Codey Bates,Austin Peay,0.0,0.0,0.0,0.0
3240,72091,Aria Eskandari,Cleveland St.,0.0,0.0,0.0,0.0
3241,72092,Jeremy Sanchez,Cleveland St.,0.0,0.3333333333333333,0.0,0.0
3242,72094,Michael Shipp,Indiana,0.0,0.0,0.0,0.0
3243,72095,Bryce Rewalt,New Mexico St.,0.0,0.0,0.0,1.0
3244,72097,Carlo Marble,Chicago St.,0.0,0.0,0.5384615384615384,1.0
3245,72101,Isaiah Lewis,Chicago St.,0.0,0.0,0.0,1.0
3246,72102,Ke'Sean Davis,Chicago St.,1.0,0.6,0.0,0.0
3247,72103,Xavier Johnson,Chicago St.,0.0,0.2,0.25,1.0
3248,72104,Kalil Whitehead,Chicago St.,1.0,0.5714285714285714,0.5,1.0
3249,72106,Rajeir Jones,Chicago St.,0.0,0.0,0.0,0.75
3250,72107,Andrew Lewis,Chicago St.,0.0,0.0,0.0,1.0
3251,72109,Bryce Earle,Hampton,0.0,0.0,0.0,1.0
3252,72111,Qudus Wahab,Georgetown,0.8275862068965517,0.6962025316455697,0.5625,0.0
3253,72112,Timothy Ighoefe,Georgetown,0.8181818181818182,0.5238095238095238,1.0,0.0
3254,72115,Malcolm Wilson,Georgetown,0.0,0.0,0.0,0.0
3255,72116,Elijah Bowens,Morgan St.,0.0,0.0,0.0,0.0
3256,72118,Jon Coleman,UAB,0.0,0.0,0.0,0.0
3257,72127,Deven Palmer,North Carolina Central,0.0,0.3333333333333333,0.25,0.9523809523809523
3258,72128,Kobby Ayetey,North Carolina Central,0.0,0.75,0.0,1.0
3259,72132,Chandler Leopard,Auburn,0.0,0.0,0.0,1.0
3260,72137,Braelee Albert,Vanderbilt,0.0,0.0,0.0,1.0
3261,72138,Drew Weikert,Vanderbilt,0.0,0.0,0.0,0.0
3262,72139,Chance Konnor,George Mason,0.0,0.0,0.0,0.0
3263,72144,Cameron McCravy,Hartford,0.0,1.0,0.0,0.0
3264,72146,Mike Melvin,North Carolina Central,0.0,0.14285714285714285,0.0,0.6666666666666666
3265,72147,John Stansbury,Delaware St.,0.0,0.3333333333333333,0.3333333333333333,0.7777777777777778
3266,72148,Omari Peek-Green,Delaware St.,0.0,0.3333333333333333,0.0,0.8181818181818182
3267,72156,Ryan Heath,Denver,0.0,0.0,0.0,1.0
3268,72157,James Sanders IV,Denver,0.0,0.0,0.0,0.0
3269,72158,Ja'Mare Redus,Texas Southern,0.0,0.0,0.0,0.0
3270,72163,Jonathan Noel,Boston College,0.0,0.0,0.0,0.0
3271,72164,Will Graves,Gonzaga,0.0,0.0,0.0,0.0
3272,72167,Wells Hoag,Clemson,0.0,0.0,0.0,0.0
3273,72170,Luke McKay,Liberty,0.0,0.0,0.0,0.0
3274,72203,Mikal Dawson,Akron,0.0,0.2222222222222222,0.0,0.8823529411764706
3275,72205,Santiago Vescovi,Tennessee,0.0,0.14285714285714285,0.18181818181818182,0.9433962264150944
3276,72208,Tahj-Malik Campbell,Morgan St.,0.0,0.3333333333333333,0.0,1.0
3277,72209,Jordan Mains,Arizona,0.0,0.0,0.0,0.0
3278,72215,Samone Nelson Jr.,Tennessee St.,0.0,0.0,0.0,1.0
3279,72227,Malachi de Sousa,Rider,0.0,0.0,0.0,0.0
3280,72228,Chris Moore,Auburn,1.0,0.47368421052631576,1.0,1.0
3281,72229,Nick Ferrarini,Nebraska Omaha,0.0,0.8,0.5,0.8
3282,72230,Miles Coleman,NJIT,0.0,0.3333333333333333,0.3333333333333333,0.75
3283,72231,Marcus Dockery,Maryland,0.0,0.5,1.0,1.0
3284,72232,Nico Galette,Sacred Heart,0.0,0.4166666666666667,0.2,1.0
3285,72233,Mike Hood,Montana St.,0.0,0.0,0.07692307692307693,0.75
3286,72234,Fidelis Okereke,Cal St. Northridge,0.5,0.5384615384615384,1.0,0.0
3287,72235,Mwani Wilkinson,LSU,0.8235294117647058,0.6176470588235294,0.5,1.0
3288,72236,Alex Matthews,Evansville,0.0,0.6666666666666666,0.0,0.0
3289,72237,Dudley Blackwell,Iowa St.,0.0,0.0,1.0,0.0
3290,72239,Kris Murray,Iowa,0.0,0.3333333333333333,0.0,0.0
3291,72240,DJ Davis,UC Irvine,0.0,0.3157894736842105,0.037037037037037035,0.782608695652174
3292,72241,Josh Ogundele,Iowa,1.0,0.3333333333333333,0.0,0.0
3293,72242,Hunter Ruck,UC Irvine,0.0,0.0,1.0,0.0
3294,72243,Ran Pehka,UC Davis,0.0,0.0,0.0,0.0
3295,72244,Laurynas Vaistaras,Campbell,0.0,0.5,0.0,0.0
3296,72245,Jalen Brown,Pacific,0.0,1.0,0.0,1.0
3297,72247,Dray Burton,Campbell,0.0,0.0,0.0,1.0
3298,72248,Jermaine Drewey,Longwood,0.0,0.0,0.0,0.0
3299,72249,Cam Clardy,UTEP,0.0,0.0,0.0,0.0
3300,72250,Matthew Levis,Seattle,0.0,0.0,0.0,0.0
3301,72251,Jesper Granlund,Longwood,0.0,0.0625,0.0,0.95
3302,72253,David Bohm,Northern Kentucky,0.0,0.1388888888888889,0.2,1.0
3303,72254,Jahari Long,Seton Hall,0.0,0.0,0.0,0.5
3304,72255,Dimingus Stevens,Seton Hall,0.0,0.0,0.0,1.0
3305,72256,Shaft Clark,Delaware St.,0.0,0.2857142857142857,0.0,1.0
3306,72257,Tyree Corbett,Alcorn St.,1.0,0.39285714285714285,0.6,1.0
3307,72258,Dylan Addae-Wusu,St. John's,0.0,0.32608695652173914,0.6666666666666666,0.8125
3308,72259,Jordan Wood,Howard,0.0,0.0,0.0,1.0
3309,72260,Martez Robinson,Delaware St.,0.0,0.0,0.0,1.0
3310,72262,Makur Maker,Howard,0.0,1.0,1.0,0.0
3311,72264,Thomas Weaver,Howard,0.0,1.0,0.0,0.6666666666666666
3312,72265,Spencer Hayes,Howard,0.0,0.0,0.0,0.0
3313,72266,Chris Biekeu,Towson,0.0,0.42857142857142855,0.4,0.0
3314,72267,Travis Henson,Cal St. Bakersfield,0.5,0.625,0.5,0.8
3315,72268,Noel Brown,George Washington,0.0,0.6666666666666666,0.3333333333333333,0.0
3316,72269,Dillon Jones,Weber St.,0.0,0.4186046511627907,0.5,1.0
3317,72271,Ishmael Leggett,Rhode Island,0.0,0.25925925925925924,0.0,1.0
3318,72272,Damontae Taylor,Green Bay,0.0,0.0,0.0,0.0
3319,72274,Frank Anselem,Syracuse,1.0,1.0,0.0,0.0
3320,72275,Jacob Jones,Green Bay,0.0,1.0,0.0,0.0
3321,72276,Ryan Claflin,Green Bay,0.0,0.8,0.6666666666666666,1.0
3322,72278,Carlos Rosario,Washington St.,0.0,0.0,0.0,0.0
3323,72280,Mike DiGiulio,Kent St.,0.0,0.0,0.0,0.0
3324,72283,Quinlan Bennett,Lamar,0.0,0.5,0.46153846153846156,1.0
3325,72285,Matthew Nicholson,Northwestern,1.0,0.5,0.0,0.0
3326,72287,Ricardo Wright,Marist,0.0,0.5263157894736842,0.15384615384615385,0.7058823529411765
3327,72288,Hakim Byrd,Marist,0.0,0.05555555555555555,0.13333333333333333,0.8695652173913043
3328,72289,Nate Buss,Winthrop,0.0,0.0,0.0,0.0
3329,72290,Raheim Sullivan,Marist,0.0,0.11428571428571428,0.07692307692307693,0.5555555555555556
3330,72291,Javon Cooley,Marist,0.0,1.0,1.0,1.0
3331,72294,Toneari Lane,Winthrop,0.0,0.0,0.0,1.0
3332,72295,Keaton Turner,Wofford,0.0,0.16666666666666666,0.0,0.8
3333,72296,Kelton Talford,Winthrop,0.5,0.46,0.3333333333333333,0.0
3334,72297,Rayshon Harrison,Presbyterian,0.6666666666666666,0.425,0.16666666666666666,0.6153846153846154
3335,72298,Umberto Brusadin,Rhode Island,0.0,0.0,0.0,0.0
3336,72299,Trae Broadnax,Navy,0.0,0.0,0.0,0.0
3337,72301,Jeremiah Williams,Temple,0.6666666666666666,0.3793103448275862,0.23076923076923078,1.0
3338,72302,Hunter Seymour,Portland,0.0,0.0,0.0,0.0
3339,72303,Austin Inge,Navy,0.0,0.125,0.3333333333333333,0.8571428571428571
3340,72304,Kobe Clark,Georgetown,0.0,0.5,0.0,0.0
3341,72305,Quincy Ademokoya,Temple,0.0,0.5,0.0,0.8333333333333334
3342,72306,Jordan Davis,Wisconsin,0.0,0.0,0.0,1.0
3343,72307,Cameron Woodall,Grambling St.,0.5,0.4117647058823529,0.3333333333333333,1.0
3344,72308,Dwayne Walker,Grambling St.,0.0,0.5,0.0,1.0
3345,72309,Nicholas McMullen,Murray St.,0.0,0.4,0.0,0.0
3346,72310,Rudi Williams,Kansas St.,0.0,0.2916666666666667,0.125,0.8
3347,72311,Camren Pierce,Cal Poly,0.0,0.0,0.05263157894736842,0.75
3348,72312,Ja'Queze Kirby,Murray St.,0.0,0.0,0.5,1.0
3349,72314,Trevon Allfrey,Utah Tech,1.0,1.0,0.5,1.0
3350,72315,Emad Elniel,Utah Tech,0.0,0.5,0.0,1.0
3351,72316,Connor Kochera,William & Mary,0.0,0.5,0.14285714285714285,0.92
3352,72317,Yuri Covington,William & Mary,0.0,0.025,0.0,0.7647058823529411
3353,72318,Andre Mulibea,Utah Tech,0.0,0.5384615384615384,0.6,0.95
3354,72319,Frank Staine,Utah Tech,0.0,0.47368421052631576,0.4,0.8888888888888888
3355,72320,Jake Milkereit,William & Mary,0.0,0.25,0.6,0.8
3356,72321,Cameron Gooden,Utah Tech,0.0,0.175,0.18181818181818182,0.6666666666666666
3357,72322,Steven Helm,Valparaiso,0.0,1.0,0.0,1.0
3358,72323,Keishon Porter,Radford,0.75,0.5,0.0,1.0
3359,72324,"Jonathan Breeland, Jr.",North Alabama,0.0,0.125,0.0,1.0
3360,72325,Kaelon Harkema,Coppin St.,0.0,0.5,0.0,0.0
3361,72327,Coleman Barranco,North Alabama,0.0,0.0,0.0,0.0
3362,72328,Dante Moses,Radford,0.5,0.16666666666666666,0.0,1.0
3363,72329,Myles Hunter,Youngstown St.,0.0,0.3333333333333333,0.38095238095238093,1.0
3364,72330,Joe Anderson,Furman,0.0,0.0,0.0,1.0
3365,72331,Alexander Nwagha,Northeastern,0.0,0.0,0.0,0.0
3366,72332,Jett Roesing,Duquesne,0.0,0.0,0.0,0.0
3367,72333,Tristan da Silva,Colorado,0.0,0.5714285714285714,0.6666666666666666,1.0
3368,72335,Isaac Jessup,Colorado,0.0,0.0,0.0,0.0
3369,72336,Andre Harris,Duquesne,1.0,0.8181818181818182,0.6875,0.0
3370,72338,Owen Koonce,Colorado,0.0,0.0,0.0,0.0
3371,72340,Jaylen Cole-Williams,Duquesne,0.0,0.0,0.0,0.0
3372,72341,Craig Porter Jr.,Wichita St.,0.0,0.5,0.25,0.0
3373,72342,Levelle Zeigler,Chicago St.,0.0,0.35714285714285715,0.0,0.5714285714285714
3374,72343,Alec Oglesby,Cleveland St.,0.0,0.0,0.6666666666666666,1.0
3375,72344,Demetrius Terry,Cleveland St.,0.0,0.5,0.0,0.0
3376,72345,Mason Madsen,Cincinnati,0.0,0.8571428571428571,1.0,1.0
3377,72346,Gabe Madsen,Cincinnati,0.0,0.0,0.0,1.0
3378,72347,Tari Eason,Cincinnati,1.0,0.7115384615384616,0.75,0.8571428571428571
3379,72348,Jahmyl Telfort,Northeastern,0.5,0.2564102564102564,0.25,0.9615384615384616
3380,72349,Malik Muhammad,Central Michigan,0.6,0.4375,0.0,0.0
3381,72350,Mike Saunders Jr.,Cincinnati,0.0,0.2777777777777778,0.3333333333333333,1.0
3382,72351,Aundre Polk,Central Michigan,0.6,0.47058823529411764,0.75,1.0
3383,72352,Ra'Shad Weekly-McDaniels,Central Michigan,0.0,0.0,0.0,0.0
3384,72353,Cody Carlson,Weber St.,1.0,0.7391304347826086,0.5,0.9230769230769231
3385,72354,Brandon Warr,BYU,0.0,0.0,0.0,0.0
3386,72355,Drake Dobbs,Liberty,0.0,0.11764705882352941,0.5,0.7142857142857143
3387,72356,Isaiah Johnson,Oregon St.,0.0,0.3333333333333333,0.5,0.0
3388,72357,Tegra Izay,La Salle,1.0,0.5,0.0,0.0
3389,72358,Latrell Wrightsell Jr.,Cal St. Fullerton,0.0,0.0,0.375,1.0
3390,72360,Micaiah Abii,Liberty,0.0,0.5555555555555556,0.5,0.8888888888888888
3391,72361,Donovan Newby,Milwaukee,0.0,0.2857142857142857,0.0,1.0
3392,72362,Logan Cremonesi,UCLA,0.0,0.0,0.0,0.0
3393,72363,Logan McLaughlin,Abilene Christian,0.0,0.5,0.0,0.7142857142857143
3394,72364,Cameron Steele,Abilene Christian,1.0,0.6666666666666666,1.0,1.0
3395,72365,Jaylen Clark,UCLA,1.0,0.35,0.5714285714285714,1.0
3396,72366,Jameson Richardson,Abilene Christian,0.0,0.875,0.0,1.0
3397,72367,Payton Brooks,Abilene Christian,0.0,0.0,0.0,0.0
3398,72368,Omar Rowe,Iona,0.0,0.0,0.0,1.0
3399,72369,Keon Ambrose-Hylton,Alabama,1.0,0.6666666666666666,0.75,0.0
3400,72370,Vasja Pandza,Seattle,0.0,1.0,0.5,0.8333333333333334
3401,72371,Isaac Miller,Eastern Illinois,0.0,0.0,0.0,0.0
3402,72372,Cade Cunningham,Oklahoma St.,0.8571428571428571,0.2835820895522388,0.06521739130434782,0.45161290322580644
3403,72373,DeMarr Langford Jr.,Boston College,0.6666666666666666,0.35714285714285715,0.14285714285714285,1.0
3404,72376,Donald Carter III,North Dakota St.,0.0,0.0,0.0,0.0
3405,72377,Seybian Sims,North Dakota,1.0,0.6190476190476191,0.6666666666666666,0.9666666666666667
3406,72378,Andrew Bergan,North Dakota,0.0,0.0,0.0,0.0
3407,72379,Tim Holland Jr.,Arkansas St.,0.75,0.8,1.0,0.0
3408,72381,Deven Richmond,Howard,1.0,0.5,1.0,0.0
3409,72384,Reyhan Cobb,Grambling St.,0.2,0.3333333333333333,0.25,1.0
3410,72386,Peyton Taylor,Grambling St.,0.0,0.0,0.5,0.6
3411,72390,Sarion McGee,Grambling St.,0.0,0.7037037037037037,0.6363636363636364,1.0
3412,72391,Johnathan DeJurnett,Purdue Fort Wayne,1.0,0.6666666666666666,0.0,0.0
3413,72393,Mohamed Diallo,Stony Brook,0.0,0.5454545454545454,0.0,1.0
3414,72394,Jarvis Walker,Purdue Fort Wayne,0.0,0.4782608695652174,0.125,1.0
3415,72395,Jordan Cousin,Alabama St.,0.0,0.3333333333333333,0.6666666666666666,0.9230769230769231
3416,72396,Tarig Eisa,Lamar,0.0,0.0,0.0,0.0
3417,72397,Kasen Harrison,Lamar,0.0,0.14285714285714285,0.05405405405405406,0.9333333333333333
3418,72398,Ethan Lynch,Campbell,0.0,0.0,0.0,0.0
3419,72399,Isaiah Cottrell,West Virginia,0.0,1.0,0.6666666666666666,0.0
3420,72400,Lincoln Smith,Lamar,0.5,0.4827586206896552,0.5,1.0
3421,72401,Trey South,Central Arkansas,0.0,0.0,0.0,0.0
3422,72404,Jahvon Smith,Florida A&M,0.0,0.0,0.0,0.0
3423,72406,Marco Morency,Louisiana Monroe,0.6666666666666666,0.4117647058823529,0.5333333333333333,0.8181818181818182
3424,72407,DJ Jackson,Alabama St.,0.0,0.0,0.14285714285714285,1.0
3425,72408,Marvin Hughes,Jacksonville St.,0.0,0.0,0.0,0.0
3426,72409,Jamari Sibley,Georgetown,0.0,1.0,0.0,1.0
3427,72410,Khalil Johnson,Jacksonville St.,0.0,0.0,0.0,0.0
3428,72411,T.J. Berger,Georgetown,0.0,0.0,0.0,0.8333333333333334
3429,72413,Caleb Love,North Carolina,0.42857142857142855,0.1794871794871795,0.16129032258064516,0.7352941176470589
3430,72414,JonDarius Warren,Southeastern Louisiana,0.0,0.2857142857142857,0.25,0.875
3431,72415,Gill Williamson,Virginia Tech,0.0,0.0,0.0,0.0
3432,72416,Hayden Curtiss,Portland,1.0,0.7272727272727273,0.3333333333333333,1.0
3433,72417,Collin Holloway,Georgetown,0.0,0.3333333333333333,0.0,0.0
3434,72418,Kobey Lam,Denver,0.0,0.3333333333333333,0.2,0.9
3435,72419,Coleman Hawkins,Illinois,1.0,0.6,0.0,1.0
3436,72420,Jackson Sivills,Murray St.,0.0,0.0,0.0,1.0
3437,72421,Nijel Pack,Kansas St.,0.0,0.25,0.23529411764705882,0.8833333333333333
3438,72422,DJ Gordon,Penn St.,0.0,0.0,0.0,0.0
3439,72423,Andre Henry,UC Irvine,1.0,0.15384615384615385,0.0,1.0
3440,72424,Justice Hill,Murray St.,0.0,0.09523809523809523,0.125,0.9047619047619048
3441,72425,Caleb Murphy,South Florida,0.3333333333333333,0.15625,0.1935483870967742,0.6666666666666666
3442,72427,Ze'Rik Onyema,UTEP,0.0,0.0,0.0,0.0
3443,72428,Jonathan Ned,Georgia,0.0,1.0,1.0,0.5
3444,72429,C.J. Williams,Longwood,0.0,0.0,0.0,1.0
3445,72430,Myles Ruth,Monmouth,0.0,0.11764705882352941,0.18181818181818182,0.6666666666666666
3446,72431,Blake Roberts,Southern Miss,0.0,0.0,0.0,0.0
3447,72432,Garvin Clarke,Akron,0.0,0.14285714285714285,0.0,0.6666666666666666
3448,72433,Josh Taylor,Georgia,0.0,0.0,0.0,0.0
3449,72434,Klemen Vuga,Monmouth,1.0,0.8,0.0,1.0
3450,72435,DeAndre Pinckney,Southern Miss,0.0,0.631578947368421,0.4444444444444444,1.0
3451,72436,Kevin Williamson,Coastal Carolina,0.0,0.3333333333333333,0.625,0.9411764705882353
3452,72438,Giancarlo Rosado,Florida Atlantic,0.0,0.7142857142857143,0.0,0.0
3453,72439,Kendall Wall,Alabama,0.0,0.0,0.0,0.0
3454,72440,Winston Hill,Presbyterian,1.0,0.4067796610169492,0.42857142857142855,1.0
3455,72441,Jeremy Robinson,North Carolina A&T,0.0,0.6470588235294118,0.3333333333333333,0.7777777777777778
3456,72442,Domantas Sakickas,Coppin St.,0.0,0.5,0.0,1.0
3457,72444,Detalian Brown,North Alabama,0.0,0.08333333333333333,0.2,0.8928571428571429
3458,72445,Will Soucie,North Alabama,0.0,0.15789473684210525,0.0,0.0
3459,72446,Tahlik Chavez,Iona,0.0,0.0,0.5,0.9
3460,72447,Jamel Melvin,Northern Colorado,0.0,0.7777777777777778,0.0,0.0
3461,72448,Bryce Kennedy,Northern Colorado,1.0,0.5,0.0,1.0
3462,72449,Aquan Smart,Maryland,0.0,0.0,0.0,1.0
3463,72450,Chad Baker,Duquesne,0.0,0.36363636363636365,0.4,0.96
3464,72451,Deivon Smith,Mississippi St.,0.3333333333333333,0.2903225806451613,0.06666666666666667,0.8947368421052632
3465,72452,Arnaud Revaz,Maryland,0.0,1.0,0.0,0.0
3466,72454,Andersson Garcia,Mississippi St.,0.5,0.5555555555555556,0.0,1.0
3467,72455,Luis Kortright,Quinnipiac,0.0,0.0,0.0,0.7142857142857143
3468,72456,Bol Akot,Quinnipiac,0.0,0.2,0.0,0.0
3469,72457,D'Moi Hodge,Cleveland St.,0.8,0.5208333333333334,0.5333333333333333,0.8048780487804879
3470,72458,Abba Lawal,Alabama A&M,0.5,0.3333333333333333,1.0,0.0
3471,72459,Tymu Chenery,Quinnipiac,0.7142857142857143,0.47368421052631576,0.375,0.9032258064516129
3472,72460,Jayson Woodrich,Cleveland St.,0.0,0.2,0.5,0.875
3473,72461,Yahel Hill,Cleveland St.,0.0,0.0,0.08333333333333333,0.9166666666666666
3474,72462,Mabor Majak,Cleveland St.,0.0,0.3333333333333333,0.0,0.0
3475,72463,Ben Sternberg,Cleveland St.,0.0,0.0,0.0,1.0
3476,72464,Tyler Moffe,The Citadel,0.0,0.2,0.038461538461538464,0.6190476190476191
3477,72465,Silas Mason,UNC Asheville,0.0,0.3333333333333333,0.0,0.0
3478,72466,Deven Dahlke,Drake,0.0,0.0,0.0,0.0
3479,72467,Josh Bannan,Montana,1.0,0.39285714285714285,0.4838709677419355,1.0
3480,72468,Rodrigue Andela,Oregon St.,1.0,0.6578947368421053,0.5,0.0
3481,72469,Noah Farrakhan,East Carolina,0.0,0.0,0.3333333333333333,1.0
3482,72470,Anwar Gill,La Salle,1.0,0.20689655172413793,0.3125,0.6
3483,72471,Robby Beasley,Montana,0.0,0.10526315789473684,0.1,1.0
3484,72473,Dean Reiber,Rutgers,1.0,1.0,0.5,0.0
3485,72474,Landis Spivey,Cal St. Fullerton,0.5,0.3333333333333333,0.0,0.9333333333333333
3486,72475,Jhamir Brickus,La Salle,0.5,0.10869565217391304,0.07142857142857142,0.7916666666666666
3487,72476,Russell Harrison,Louisiana Monroe,0.6,0.46153846153846156,0.5757575757575758,0.8372093023255814
3488,72477,Mike Miles,TCU,0.3333333333333333,0.19148936170212766,0.13333333333333333,0.7560975609756098
3489,72478,Dante Harris,Georgetown,0.0,0.21428571428571427,0.10714285714285714,0.8
3490,72480,Justin Lovvorn,Oral Roberts,0.0,0.0,0.0,1.0
3491,72483,TJ Taylor,James Madison,0.0,0.0,0.0,1.0
3492,72484,Terell Strickland,James Madison,0.0,0.17647058823529413,0.25,1.0
3493,72485,Terrence Edwards,James Madison,0.0,0.21052631578947367,0.25,1.0
3494,72486,Rondel Walker,Oklahoma St.,0.4,0.5263157894736842,0.25,0.96875
3495,72488,Michael Thomas,Louisiana,0.0,0.0,0.0,0.0
3496,72489,Matthew-Alexander Moncrieffe,Oklahoma St.,0.6111111111111112,0.4673913043478261,0.1111111111111111,0.0
3497,72490,Nate Shockey,North Dakota,0.0,0.0,0.0,1.0
3498,72491,Luke O'Brien,Colorado,0.0,0.5,0.0,1.0
3499,72492,Jabari Walker,Colorado,0.8,0.5227272727272727,0.3333333333333333,1.0
3500,72493,Tyree Ihenacho,North Dakota,0.0,0.125,0.0,0.35294117647058826
3501,72494,Mike Bekelja,Duquesne,0.0,0.0,0.0,1.0
3502,72495,Mitchell Sueker,North Dakota,0.3333333333333333,0.30952380952380953,0.23076923076923078,0.9090909090909091
3503,72496,Terrance Thompson,Green Bay,0.8333333333333334,0.6,0.4444444444444444,1.0
3504,72497,Alex Vargo,Youngstown St.,0.0,0.5,0.6,0.9285714285714286
3505,72498,Cameron Smith,Cal St. Bakersfield,0.0,0.47058823529411764,0.8571428571428571,0.0
3506,72499,Jonathan Davis,Wisconsin,0.75,0.3488372093023256,0.2413793103448276,0.9285714285714286
3507,72500,D'Ante Bell,New Orleans,0.6666666666666666,0.7142857142857143,0.5,0.0
3508,72501,Jay Rodgers,New Orleans,0.0,0.0,1.0,0.0
3509,72504,Jalen Speer,Florida A&M,0.0,0.47619047619047616,0.28,0.7857142857142857
3510,72505,Robert Jeter,Western Illinois,0.0,0.0,0.0,0.0
3511,72507,Matthew Wade,Western Illinois,0.0,0.0,0.0,0.0
3512,72508,Nate Martin,Texas St.,0.0,0.7272727272727273,0.3333333333333333,0.0
3513,72509,Dylan Dawson,Texas St.,0.0,0.0,0.0,1.0
3514,72510,Aaris-Monte Bonds,Chicago St.,0.5,0.5,0.0,1.0
3515,72511,Keith Littles,Florida A&M,0.0,0.25,0.0,1.0
3516,72512,Mason Hix,Texas St.,0.0,0.0,0.0,0.0
3517,72513,Julian Dozier,Fordham,0.0,0.0,0.0,0.0
3518,72514,Jordan Meka,Georgia Tech,0.0,0.0,0.0,0.0
3519,72515,Javonte Brown,Connecticut,1.0,0.5,0.0,0.0
3520,72516,LaTrell Tate,Alabama St.,0.0,0.25,0.2,0.76
3521,72518,Tristan Maxwell,Georgia Tech,0.0,0.0,0.0,0.0
3522,72519,Chris Cross,Southern Illinois,0.0,0.0,0.0,0.0
3523,72520,Saba Gigiberia,Georgia Tech,0.0,0.3333333333333333,0.0,1.0
3524,72521,D'Avian Houston,Charleston,0.0,0.0,0.0,0.6666666666666666
3525,72522,Shannon Grant,Mercer,0.0,0.25,0.5,0.0
3526,72523,Victor Radocaj,Eastern Washington,0.0,0.0,0.5,0.0
3527,72524,Jalen White,Ohio,0.0,0.5,0.6666666666666666,1.0
3528,72525,Clythus Griffith,Portland,0.0,0.25,0.125,0.7142857142857143
3529,72526,Terren Frank,TCU,0.0,0.0,0.75,1.0
3530,72527,Carson McCorkle,Virginia,0.0,0.0,1.0,1.0
3531,72529,Malachi Poindexter,Virginia,0.0,0.0,0.0,0.0
3532,72532,Connor Thompson,Jacksonville,0.0,0.0,0.0,1.0
3533,72533,Richard Amaefule,East Tennessee St.,0.0,0.0,0.25,0.0
3534,72535,Kingsley Box,Southern Utah,0.0,0.0,0.0,0.0
3535,72536,Bryce Thompson,Kansas,1.0,0.3,0.3333333333333333,0.8571428571428571
3536,72537,James Carey,Iona,0.0,0.0,0.0,0.0
3537,72539,Tyon Grant-Foster,Kansas,0.6666666666666666,0.23529411764705882,0.25,0.6666666666666666
3538,72540,Emmit Taylor III,Idaho St.,0.0,0.0,0.5,0.9333333333333333
3539,72541,Latrell Jossell,Kansas,0.0,0.0,0.0,0.5
3540,72542,Andrew Carr,Delaware,1.0,0.8095238095238095,0.6666666666666666,0.75
3541,72543,Christopher Smith,Delaware St.,0.0,0.3333333333333333,1.0,0.0
3542,72545,"Rahim Ali, Jr.",Howard,0.0,0.3333333333333333,0.0,0.6666666666666666
3543,72546,Ebenezer Dowuona,N.C. State,0.0,1.0,0.0,0.0
3544,72547,Anquaevious Pollard,Nicholls St.,0.0,0.5833333333333334,0.5,1.0
3545,72549,Nik Stadelman,Illinois St.,0.0,0.0,0.0,0.0
3546,72550,Bryan Hart,Radford,0.0,0.4,0.0,0.9
3547,72552,Trey Galloway,Indiana,0.5,0.44,0.0,1.0
3548,72553,Mikal Starks,Georgia,0.0,1.0,0.0,0.0
3549,72554,Aziz Bandaogo,Akron,0.0,0.0,0.0,0.0
3550,72557,Jacob Rice,Morehead St.,0.0,0.0,0.0,1.0
3551,72560,Tyron McMillan,Georgia,0.75,0.5,0.25,0.0
3552,72561,Jade Tse,Houston Christian,0.0,0.11764705882352941,0.07142857142857142,1.0
3553,72562,Conor Glennon,Memphis,0.0,0.0,0.0,0.0
3554,72563,Bowen Born,Northern Iowa,0.0,0.3076923076923077,0.0,0.5714285714285714
3555,72564,Cyrie Coates Jr.,Texas A&M Corpus Chris,0.0,0.6,0.0,1.0
3556,72565,Austin Brewer,Sam Houston St.,0.0,0.0,1.0,0.0
3557,72566,Donte Powers,Sam Houston St.,0.0,0.2,0.13333333333333333,0.8636363636363636
3558,72567,Ahmad Rand,Memphis,0.0,0.0,0.0,0.0
3559,72568,Kian Scroggins,Sam Houston St.,0.75,0.8235294117647058,1.0,0.0
3560,72569,Jason Edokpayi,Fairfield,1.0,0.6666666666666666,0.4,0.0
3561,72570,Kobe Stewart,Presbyterian,0.5,0.5714285714285714,0.6666666666666666,1.0
3562,72571,Nendah Tarke,Coppin St.,0.875,0.7647058823529411,0.125,0.9473684210526315
3563,72572,Myles Washington,Prairie View A&M,0.0,0.0,1.0,0.0
3564,72573,"Dwaine Jones, Jr.",Coppin St.,0.0,0.16666666666666666,0.0,0.0
3565,72574,David Greer,North Carolina A&T,0.0,0.0,1.0,0.0
3566,72576,D'Rell Roberts,Prairie View A&M,1.0,0.6071428571428571,0.14285714285714285,0.7142857142857143
3567,72577,Kendall Munson,Pepperdine,1.0,0.9047619047619048,1.0,0.0
3568,72579,Andrew Merfeld,Creighton,0.0,0.0,1.0,0.0
3569,72580,Sami Osmani,Creighton,0.0,0.0,0.0,0.0
3570,72581,Jevon Tatum,Alabama A&M,0.0,0.0,0.0,0.25
3571,72582,Dailin Smith,Alabama A&M,0.0,0.4,0.2857142857142857,0.9230769230769231
3572,72583,London Riley,Alabama A&M,0.0,0.6666666666666666,0.5,0.9444444444444444
3573,72584,Anjay Cortez,Alabama A&M,1.0,0.45454545454545453,0.8,1.0
3574,72585,Elias King,Quinnipiac,0.0,0.9,0.0,1.0
3575,72586,JoVon McClanahan,Hawaii,0.0,0.0,0.07692307692307693,0.8571428571428571
3576,72587,Georges Lefebvre,Vermont,0.0,0.5,0.0,0.0
3577,72588,Andrew Welage,Wright St.,0.0,1.0,0.0,1.0
3578,72589,Jalen Leach,Fairfield,0.0,0.36363636363636365,0.25,0.8235294117647058
3579,72590,Adama Sanogo,Connecticut,0.75,0.5581395348837209,0.6470588235294118,0.0
3580,72591,Andrew Hurley,Connecticut,0.0,0.0,0.0,1.0
3581,72592,Jordan O'Neal,Alabama St.,0.4,0.3888888888888889,0.5,0.0
3582,72593,Jace Bass,Louisiana Tech,0.5,0.3333333333333333,0.0,0.6
3583,72594,Cheikh Faye,Eastern Kentucky,0.0,0.5,0.5,0.875
3584,72595,Brendan Simmons,Central Arkansas,0.0,0.0,0.0,1.0
3585,72597,Jamere Hill,Toledo,0.0,0.25,0.0,0.0
3586,72599,Akeem Odusipe,Vanderbilt,0.0,0.5,1.0,0.0
3587,72602,Xavier Foster,Iowa St.,0.8,0.6666666666666666,0.0,0.6666666666666666
3588,72604,Jonathan Aybar,North Florida,0.6666666666666666,0.7,0.6,0.875
3589,72605,Lynn Kidd,Clemson,1.0,0.5,0.0,0.0
3590,72606,Dawson Garcia,Marquette,1.0,0.5081967213114754,0.5588235294117647,1.0
3591,72607,Josh Berenbaum,North Florida,0.0,0.5714285714285714,0.3333333333333333,0.7777777777777778
3592,72608,Jadyn Parker,North Florida,1.0,0.52,0.375,1.0
3593,72609,PJ Hall,Clemson,0.6666666666666666,0.6428571428571429,0.42857142857142855,1.0
3594,72610,Terrell Ard Jr.,UAB,0.0,0.0,1.0,0.0
3595,72613,Emmanuel Ansong,Green Bay,0.625,0.4411764705882353,0.45454545454545453,0.6666666666666666
3596,72614,Monty Bowser,California,0.0,0.6666666666666666,1.0,0.0
3597,72616,Grant Huffman,Davidson,1.0,0.5714285714285714,0.2,1.0
3598,72617,Abou Ousmane,North Texas,0.5,0.45454545454545453,0.25,0.0
3599,72619,Michael Jones,Davidson,1.0,0.7619047619047619,0.5,1.0
3600,72620,Dayvion McKnight,Western Kentucky,0.0,0.3333333333333333,0.1111111111111111,1.0
3601,72621,Vukasin Masic,Hofstra,0.0,0.3333333333333333,0.2857142857142857,0.8571428571428571
3602,72624,Bradley Alcime,Tulsa,0.0,0.0,0.0,0.0
3603,72625,Brent Davis,The Citadel,0.0,0.21428571428571427,0.0,1.0
3604,72626,Caleb McGill,UC Davis,1.0,1.0,0.0,0.0
3605,72627,Dason Youngblood,Utah Tech,0.0,0.6363636363636364,0.3888888888888889,1.0
3606,72628,Olivier-Maxence Prosper,Clemson,1.0,0.6428571428571429,0.0,1.0
3607,72629,Jai Clark,Florida A&M,0.0,0.0,0.0,0.8333333333333334
3608,72630,Josh Navarro,Fordham,0.0,0.1,0.0,0.9230769230769231
3609,72631,Deuce Guidry,Texas St.,0.0,0.0,0.0,0.0
3610,72632,Trejan Davis,Florida A&M,0.0,0.5,1.0,0.0
3611,72633,Nighael Ceaser,Texas St.,1.0,0.65625,0.7222222222222222,0.0
3612,72635,Yame Butler,Fordham,0.0,0.0,1.0,1.0
3613,72638,Anthony Roy,San Francisco,0.0,0.3333333333333333,0.0,0.4
3614,72639,Graham Ike,Wyoming,1.0,0.6896551724137931,0.2916666666666667,0.0
3615,72641,Hugo Clarkin,San Jose St.,0.0,0.5,0.5,0.0
3616,72642,Andre Jackson,Connecticut,0.5454545454545454,0.5384615384615384,0.0,1.0
3617,72643,Jalen Dalcourt,San Jose St.,1.0,0.3,0.1,0.5833333333333334
3618,72644,Liam Lloyd,Grand Canyon,0.0,0.0,0.0,1.0
3619,72645,Chance McMillian,Grand Canyon,0.0,0.42857142857142855,0.2857142857142857,1.0
3620,72646,RJ Duhart,Appalachian St.,1.0,0.5333333333333333,0.0,1.0
3621,72647,Xavion Brown,Appalachian St.,0.5,0.42857142857142855,0.0,0.0
3622,72648,Regin Larson,Charlotte,0.0,0.0,0.0,0.0
3623,72649,LaDamien Bradford,Texas A&M,0.0,1.0,0.0,0.0
3624,72650,Jaxson Robinson,Texas A&M,0.0,0.6666666666666666,0.0,1.0
3625,72651,Hayden Hefner,Texas A&M,1.0,0.5,0.0,1.0
3626,72654,Tanor Ngom,Florida St.,0.875,0.7777777777777778,1.0,0.0
3627,72655,Sardaar Calhoun,Florida St.,0.6666666666666666,0.5,0.0,0.9130434782608695
3628,72656,Quincy Ballard,Florida St.,1.0,0.75,0.5,0.0
3629,72657,Scottie Barnes,Florida St.,0.47368421052631576,0.22950819672131148,0.11538461538461539,0.8181818181818182
3630,72659,Jonah Carrasco,IU Indy,1.0,0.5,0.0,0.0
3631,72660,Nicquel Blake,UNLV,0.5,0.37037037037037035,0.25,0.8181818181818182
3632,72661,Liam Sorensen,Idaho St.,0.0,0.0,0.0,0.5
3633,72662,Jalen Shaw,St. Bonaventure,0.6666666666666666,0.5454545454545454,1.0,0.0
3634,72663,Gianmarco Arletti,Delaware,1.0,0.375,0.2857142857142857,1.0
3635,72665,Pat Suemnick,Robert Morris,1.0,0.8888888888888888,1.0,0.0
3636,72666,Kam Farris,Robert Morris,0.0,0.0,0.18181818181818182,0.9411764705882353
3637,72668,Zool Kueth,Northern Illinois,1.0,0.6666666666666666,0.6666666666666666,0.9545454545454546
3638,72669,Adong Makuoi,Northern Illinois,1.0,0.6153846153846154,0.7142857142857143,0.0
3639,72670,Teemu Suokas,Ball St.,0.0,0.2,0.0,0.875
3640,72671,Josh Bryan,Ball St.,0.0,0.0,0.0,1.0
3641,72672,Trayden Williams,Robert Morris,0.0,0.16666666666666666,0.09523809523809523,0.6923076923076923
3642,72673,Enoch Cheeks,Robert Morris,0.0,0.35294117647058826,0.3333333333333333,0.8
3643,72674,Brady O'Connell,Old Dominion,0.0,0.0,0.0,0.0
3644,72675,Freddy Hicks,Tarleton St.,0.0,0.6111111111111112,0.625,1.0
3645,72676,Briggs McClain,Hartford,0.0,0.0,0.0,0.0
3646,72677,John Shanu II,Old Dominion,0.0,0.0,0.0,0.0
3647,72678,Devin Askew,Kentucky,0.0,0.2,0.0,0.9333333333333333
3648,72679,Brycen Long,Houston Christian,0.0,0.5,0.0,0.8928571428571429
3649,72680,Xavier DuSell,Wyoming,1.0,0.3333333333333333,0.0,0.8947368421052632
3650,72681,Trey Phipps,Oklahoma,0.0,0.0,0.0,0.8181818181818182
3651,72682,Moussa Cisse,Memphis,0.8863636363636364,0.75,0.375,0.0
3652,72683,Rasheed Browne,Texas A&M Corpus Chris,0.0,0.5,0.0,0.6666666666666666
3653,72684,Za-Ontay Boothman,Houston Christian,0.0,0.16666666666666666,0.13333333333333333,0.9696969696969697
3654,72685,Tytan Anderson,Northern Iowa,0.0,0.6,0.0,1.0
3655,72686,Kalen Williams,New Mexico St.,0.0,0.0,0.5,0.875
3656,72687,Walker Kessler,North Carolina,0.7777777777777778,0.45,0.8181818181818182,1.0
3657,72688,Justin Brooks,North Carolina A&T,0.0,0.0,0.0,0.0
3658,72689,Le'Tre Darthard,Utah Valley,1.0,0.6111111111111112,0.0,1.0
3659,72690,Reggie Morris,Mississippi St.,0.0,0.0,0.0,0.0
3660,72692,Markhi Strickland,Saint Louis,0.75,0.6,1.0,0.0
3661,72693,Carson Ryan,Youngstown St.,0.0,0.0,0.0,0.0
3662,72696,Nate Pryor,Washington,0.0,0.14285714285714285,0.25,1.0
3663,72698,Biwali Bayles,Hawaii,0.0,0.09523809523809523,0.0,0.8571428571428571
3664,72700,Beon Riley,Hawaii,0.0,1.0,0.0,0.0
3665,72701,Ryan Kalkbrenner,Creighton,0.96875,0.8309859154929577,0.1111111111111111,0.0
3666,72703,Jeremiah Francis III,New Mexico,0.0,0.1875,0.07142857142857142,0.6153846153846154
3667,72704,Rollie Worster,Utah St.,0.0,0.21052631578947367,0.2608695652173913,0.9523809523809523
3668,72705,Darlinstone Dubar,Iowa St.,1.0,0.42857142857142855,0.0,1.0
3669,72706,Julian Larry,Indiana St.,0.0,0.38461538461538464,0.5,0.8888888888888888
3670,72707,Cameron Holden,Tennessee Martin,0.42857142857142855,0.4098360655737705,0.2916666666666667,0.7
3671,72708,Mason Archambault,South Dakota,0.0,0.3333333333333333,0.5,0.95
3672,72709,Morrell Schramm,East Tennessee St.,0.0,0.0,0.0,1.0
3673,72710,Yacine Toumi,Little Rock,0.0,0.3333333333333333,0.0,0.0
3674,72712,Merdy Mongozi,Austin Peay,0.0,0.0,0.0,0.0
3675,72713,Jaden Walker,Iowa St.,0.5,0.2222222222222222,0.18181818181818182,0.6666666666666666
3676,72714,Collin Moore,Georgia St.,0.3333333333333333,0.5294117647058824,0.0,0.8571428571428571
3677,72715,Danny Kolp,Western Michigan,1.0,0.75,0.0,0.0
3678,72716,Joshua Primo,Alabama,0.6666666666666666,0.35135135135135137,0.5,0.8837209302325582
3679,72717,Jaylon Holmes,Western Michigan,0.0,1.0,0.0,0.0
3680,72718,Cam Bryant,Georgia Southern,1.0,0.5,0.45454545454545453,0.95
3681,72719,Darius Miles,Alabama,0.0,0.25,1.0,0.7142857142857143
3682,72720,Keon Ellis,Alabama,0.6666666666666666,0.40625,0.14285714285714285,0.9523809523809523
3683,72721,Eric Reed Jr.,Southeast Missouri St.,0.0,0.2,0.45,0.9344262295081968
3684,72722,Isaiah Amato,Eastern Washington,0.0,0.5,0.6666666666666666,0.0
3685,72723,Ryan Rollins,Toledo,0.3,0.2345679012345679,0.2916666666666667,0.7073170731707317
3686,72724,"Kenneth Lofton, Jr.",Louisiana Tech,0.75,0.4444444444444444,0.35294117647058826,0.0
3687,72725,Eugene Brown III,Ohio St.,1.0,0.5,0.5,1.0
3688,72726,Melvyn Ebonkoli,Missouri St.,0.0,1.0,0.0,0.0
3689,72727,Skylar Wicks,Missouri St.,0.0,1.0,0.0,0.0
3690,72728,Kenny Hunter,Louisiana Tech,0.0,0.0,0.5,0.0
3691,72729,Bryce McBride,Eastern Michigan,0.0,0.17391304347826086,0.0,0.6785714285714286
3692,72730,Setric Millner Jr.,Toledo,0.7692307692307693,0.41975308641975306,0.4782608695652174,1.0
3693,72731,Toby Okani,Duquesne,0.6,0.5,0.0,1.0
3694,72732,Tyson Acuff,Duquesne,0.0,0.2857142857142857,0.25,1.0
3695,72733,Dezmond McKinney,North Dakota St.,0.0,0.22727272727272727,0.0,0.5
3696,72734,Kaden Metheny,Bowling Green,0.0,0.3,0.125,0.7727272727272727
3697,72735,Acton Shirley,IU Indy,1.0,0.6666666666666666,0.0,0.0
3698,72737,Zion Bethea,Hofstra,0.0,0.0,0.0,0.0
3699,72738,Samaad Hector,Sacramento St.,0.5,0.2727272727272727,0.0,1.0
3700,72739,Shawndarius Cowart,Hofstra,0.0,0.0,0.0,0.0
3701,72740,David Green,Hofstra,0.0,0.25,0.3333333333333333,0.9166666666666666
3702,72741,Cam Young,Bowling Green,1.0,0.5294117647058824,0.0,0.5
3703,72742,Courtney Carter,SIU Edwardsville,0.0,0.2222222222222222,0.26666666666666666,0.5294117647058824
3704,72744,Yusuf Mohamed,Tennessee St.,1.0,0.55,0.0,1.0
3705,72745,Frank Jakubicek,Belmont,1.0,0.5833333333333334,0.75,0.75
3706,72746,Brandyn Talbot,UT Arlington,0.0,0.0,0.0,1.0
3707,72747,Abdou Tsimbila,Penn St.,1.0,0.5,0.0,0.0
3708,72748,Joey Madimba,Tarleton St.,0.0,0.6,0.0,0.0
3709,72749,B.J. Greenlee,Florida Atlantic,0.0,0.17647058823529413,0.11764705882352941,0.6333333333333333
3710,72751,Leo Colimerio,Fresno St.,0.0,0.5,0.0,1.0
3711,72752,Jamarcus Jones,Southern,0.0,0.6666666666666666,1.0,0.0
3712,72753,Destin Whitaker,Fresno St.,0.0,0.0,0.0,1.0
3713,72754,Braxton Meah,Fresno St.,0.8888888888888888,0.8095238095238095,0.3333333333333333,0.0
3714,72756,Kyle Harding,Fresno St.,0.0,0.1,0.0,0.42857142857142855
3715,72757,Jamal Shead,Houston,0.0,0.2857142857142857,0.125,1.0
3716,72758,Josh Christopher,Arizona St.,0.8,0.375,0.11538461538461539,0.7777777777777778
3717,72759,CJ Huntley,Appalachian St.,1.0,0.7777777777777778,0.5,1.0
3718,72760,Tramon Mark,Houston,0.0,0.20689655172413793,0.23333333333333334,0.8823529411764706
3719,72761,Michael Ofoegbu,San Jose St.,1.0,0.6,0.0,0.0
3720,72763,Max Murrell,Stanford,0.6666666666666666,0.75,0.4,1.0
3721,72764,Sasha Glushkov,Appalachian St.,0.0,0.0,0.0,1.0
3722,72765,Chase Courtney,San Jose St.,1.0,1.0,0.0,0.0
3723,72766,Michael O'Connell,Stanford,0.0,0.32,0.2727272727272727,0.9166666666666666
3724,72767,Daniel Foster,Nevada,1.0,0.36363636363636365,0.0,1.0
3725,72768,Ryan Elvin,Houston,0.0,0.0,0.0,0.5
3726,72769,Eddie Lampkin Jr.,TCU,0.0,0.0,0.0,0.0
3727,72770,Austin Cook,Idaho St.,0.0,0.0,0.0,0.0
3728,72771,Robert Ford III,Idaho St.,0.0,0.17391304347826086,0.0,0.75
3729,72772,Jordan Ivy-Curry,UTSA,1.0,0.3125,0.1875,0.7916666666666666
3730,72773,Davion Bradford,Kansas St.,0.8787878787878788,0.782051282051282,0.7,0.0
3731,72774,Caleb Dorsey,Penn St.,0.0,0.0,0.0,1.0
3732,72775,Pinky Wiley,Delaware St.,0.0,0.0,0.0,0.6
3733,72776,Gethro Muscadin,Kansas,0.0,0.0,0.0,0.0
3734,72777,Jaja Sanni,UTSA,0.0,0.0,0.0,0.0
3735,72779,Jalen Terry,Oregon,0.0,0.16666666666666666,0.0,0.6153846153846154
3736,72781,Gabe Reichle,Oregon,0.0,0.0,0.0,1.0
3737,72782,Sharife Cooper,Auburn,0.0,0.08695652173913043,0.0,0.5384615384615384
3738,72784,Joe Hampton,Long Beach St.,1.0,0.48717948717948717,0.35,1.0
3739,72785,Jadon Jones,Long Beach St.,0.5,0.6666666666666666,0.3,0.8125
3740,72787,Jermaine Marshall,Akron,1.0,0.75,0.0,1.0
3741,72788,Justin Johnson,Southern Miss,1.0,0.39285714285714285,0.3333333333333333,1.0
3742,72790,Myles Foster,Monmouth,0.0,0.6190476190476191,0.25,0.0
3743,72791,Deanthony Tipler,Coastal Carolina,0.0,0.16666666666666666,0.2,0.9318181818181818
3744,72792,Jack Holmstrom,Monmouth,0.0,0.0,0.0,1.0
3745,72793,Gedi Juozapaitis,Georgia Southern,0.0,0.45454545454545453,0.14285714285714285,0.7931034482758621
3746,72794,Lance Ware,Kentucky,0.6666666666666666,0.4166666666666667,0.0,0.0
3747,72796,Dom Martinelli,Northwestern,0.0,0.0,0.0,0.0
3748,72798,Ty Berry,Northwestern,1.0,0.75,0.5,0.85
3749,72799,Cam'Ron Fletcher,Kentucky,1.0,0.4,1.0,1.0
3750,72800,Sam Sparks,Tarleton St.,0.0,0.0,0.0,0.0
3751,72801,AJ Gray,Hartford,0.0,0.0,0.0,0.0
3752,72802,Chris Greene,Cleveland St.,1.0,0.5833333333333334,0.2,0.9
3753,72803,Kentrell Garnett,Louisiana,0.0,0.0,0.5,0.8888888888888888
3754,72804,Judah Brown,Saint Mary's,0.0,0.0,0.0,1.0
3755,72805,Nate Heise,Northern Iowa,0.6666666666666666,0.5769230769230769,0.125,1.0
3756,72806,Kai Kostmayer,Bryant,0.0,0.0,0.0,1.0
3757,72807,Manny Crump,Sam Houston St.,0.8333333333333334,0.6190476190476191,0.8333333333333334,1.0
3758,72808,Jarren Cook,Sam Houston St.,0.0,0.3333333333333333,0.25,0.9655172413793104
3759,72809,Justin Hill,Longwood,0.0,0.06521739130434782,0.0,0.9565217391304348
3760,72811,Keith Dinwiddie Jr.,San Diego St.,0.0,0.0,1.0,1.0
3761,72812,Alex Peterson,Kennesaw St.,0.8,0.54,0.375,0.0
3762,72813,Demetrius Rives,Kennesaw St.,0.0,0.0,0.0,0.0
3763,72814,Brandon Stroud,Kennesaw St.,0.0,0.2916666666666667,0.6,1.0
3764,72818,Jackson Brown,Albany,0.0,0.0,0.0,0.0
3765,72820,Joshua Walker,Radford,0.0,0.0,0.0,0.0
3766,72821,John Hugley,Pittsburgh,1.0,0.7142857142857143,1.0,0.0
3767,72822,Elton Walker,Austin Peay,0.6,0.45,0.45454545454545453,1.0
3768,72823,Noah Collier,Pittsburgh,0.0,0.0,0.0,0.0
3769,72824,Femi Odukale,Pittsburgh,0.6666666666666666,0.1724137931034483,0.2857142857142857,0.875
3770,72825,Lleyton Parker,Utah Tech,0.0,0.6666666666666666,0.0,0.75
3771,72826,JaDun Michael,Elon,0.0,0.0,0.0,0.5
3772,72827,Colin Granger,Ohio,1.0,0.8,1.0,0.0
3773,72828,Rifen Miguel,Ohio,0.0,0.75,0.6666666666666666,1.0
3774,72829,JT Shumate,Toledo,0.8,0.6129032258064516,0.5625,0.9444444444444444
3775,72830,Jalin Anderson,Loyola Marymount,0.0,0.3076923076923077,0.2222222222222222,0.65
3776,72832,Christian Shumate,Tulsa,0.5,0.6,0.0,0.0
3777,72836,Woody Newton,Syracuse,1.0,0.8,1.0,0.7142857142857143
3778,72837,E.J. Clark,Alabama St.,0.0,0.2857142857142857,0.0,1.0
3779,72838,Sam Mervis,Indiana St.,0.0,0.0,0.0,0.0
3780,72839,Luka Eller,Miami OH,0.0,1.0,0.0,0.0
3781,72840,Jackson Ames,Miami OH,1.0,0.5,0.0,0.0
3782,72842,Jace Howard,Michigan,0.0,1.0,0.0,1.0
3783,72843,Max Burchill,South Dakota,0.0,0.0,0.0,1.0
3784,72844,Cem Kirciman,Green Bay,0.0,1.0,0.6666666666666666,1.0
3785,72845,Taj Thweatt,West Virginia,0.0,1.0,1.0,0.0
3786,72846,Michael Matas,SIU Edwardsville,0.0,0.5625,0.6666666666666666,1.0
3787,72847,Josiah Fulcher,Bowling Green,0.0,0.32432432432432434,0.08333333333333333,0.8333333333333334
3788,72848,Fah'Mir Ali,Radford,0.0,0.11428571428571428,0.03225806451612903,0.5416666666666666
3789,72849,Caleb Huffman,Central Michigan,0.5,0.3142857142857143,0.17142857142857143,0.4230769230769231
3790,72850,RJ Glasper,Oral Roberts,0.0,0.0,0.07142857142857142,0.6111111111111112
3791,72853,Chris Osten,Arizona St.,0.9230769230769231,0.7916666666666666,0.75,0.0
3792,72856,Ziaire Williams,Stanford,0.6,0.5,0.18518518518518517,0.6086956521739131
3793,72857,Griffin Yaklich,Illinois Chicago,0.0,0.0,0.0,0.0
3794,72858,Marcus Bagley,Arizona St.,1.0,0.5454545454545454,0.4,0.96
3795,72859,William Jeffress Jr.,Pittsburgh,0.3333333333333333,0.2,0.4,1.0
3796,72860,Mawot Mag,Rutgers,0.0,0.6,0.25,1.0
3797,72861,Courvoisier McCauley,DePaul,0.0,0.0,0.0,0.9285714285714286
3798,72862,Kobe Elvis,DePaul,0.0,0.07692307692307693,0.13333333333333333,0.6923076923076923
3799,72863,Jalen Suggs,Gonzaga,0.6666666666666666,0.32989690721649484,0.045454545454545456,0.5428571428571428
3800,72864,James Carlson,Idaho St.,0.0,0.0,0.0,0.0
3801,72865,Lucas Saleh,Buffalo,0.0,0.0,1.0,1.0
3802,72867,Jason Spurgin,Southern Utah,1.0,1.0,0.0,1.0
3803,72868,Myles Wilmoth,Butler,1.0,0.7,1.0,1.0
3804,72869,Chuck Harris,Butler,0.0,0.24242424242424243,0.045454545454545456,0.8541666666666666
3805,72870,Evan Mobley,USC,0.6825396825396826,0.5221238938053098,0.4166666666666667,1.0
3806,72871,Nick Fleming,Southern Utah,0.0,0.0,0.0,1.0
3807,72872,Drew Honas,Kansas St.,0.0,1.0,0.0,0.0
3808,72873,Boubacar Coulibaly,USC,1.0,0.75,0.5,0.0
3809,72874,Kyle Karstetter,Idaho St.,0.0,0.0,0.0,0.0
3810,72875,Kyndall Davis,LIU,0.4444444444444444,0.25,0.8571428571428571,1.0
3811,72878,David Mutaf,Minnesota,0.0,0.0,1.0,1.0
3812,72879,Creighton Lebo,North Carolina,0.0,0.0,0.0,0.0
3813,72880,Will Carius,Western Illinois,0.6666666666666666,0.35714285714285715,0.05263157894736842,0.9245283018867925
3814,72882,Marty Silvera,Saint Peter's,0.0,0.16666666666666666,0.0,0.6
3815,72883,Erik Talton,Western Illinois,0.0,0.0,0.5,0.8
3816,72884,Charles Mendys,Elon,0.0,0.0,0.0,0.0
3817,72887,Jake kosakowski,UC San Diego,0.0,0.0,0.5,1.0
3818,72888,Bryce Pope,UC San Diego,0.0,0.75,0.3181818181818182,0.8888888888888888
3819,72889,Romeao Ferguson,Lipscomb,1.0,0.4418604651162791,0.38461538461538464,0.95
3820,72890,Joe Moon IV,Bryant,0.0,1.0,0.0,0.0
3821,72892,Elijah Wood,Nebraska,0.0,0.0,0.0,0.0
3822,72893,Alex Huibregste,Wright St.,0.0,0.0,0.0,1.0
3823,72894,Eduardo Andre,Nebraska,1.0,0.875,0.5,0.0
3824,72897,Lu'Cye Patterson,Missouri St.,0.0,0.5,0.3333333333333333,0.5
3825,72898,Nelly Junior Joseph,Iona,1.0,0.543859649122807,0.375,0.0
3826,72899,Lj Cryer,Baylor,0.0,1.0,0.25,0.875
3827,72900,Kendrick Gilbert,UNLV,0.0,0.0,0.0,0.0
3828,72902,Saquan Singleton,New Mexico,0.0,0.45714285714285713,0.21428571428571427,1.0
3829,72903,Isaiah Marin,New Mexico,0.0,0.3333333333333333,0.5,0.8571428571428571
3830,72904,Shaquan Jules,Radford,0.75,0.5692307692307692,0.25,0.0
3831,72905,Quentin Hodge,USC Upstate,0.0,0.0,0.0,1.0
3832,72906,Zach Loveday,Baylor,1.0,0.8,1.0,1.0
3833,72907,Xavier Lipscomb,Radford,0.0,0.0,0.0,0.6666666666666666
3834,72908,Dave Dickerson III,USC Upstate,0.0,0.0,0.0,0.0
3835,72909,Bobby Harvey,IU Indy,0.0,0.375,0.0,1.0
3836,72910,Dawson Baker,UC Irvine,0.0,0.16666666666666666,0.22916666666666666,0.75
3837,72911,Isaiah Wilson,Richmond,0.0,0.0,0.0,1.0
3838,72912,Sam Towns,Ohio,0.0,0.5,1.0,0.5
3839,72913,Demarcus Sharp,Missouri St.,0.0,0.30303030303030304,0.08333333333333333,0.9
3840,72914,Thailand Elder,Louisiana Tech,1.0,0.6666666666666666,0.0,0.0
3841,72915,Zaakir Sawyer,Louisiana Monroe,0.0,1.0,0.0,0.0
3842,72916,Raphe Ayres,Missouri St.,0.0,0.0,0.0,1.0
3843,72917,Drake Jeffries,Wyoming,0.3333333333333333,0.2,0.5,0.9423076923076923
3844,72919,Zed Key,Ohio St.,1.0,0.6111111111111112,0.56,0.0
3845,72921,Cameron Matthews,Mississippi St.,1.0,0.3333333333333333,0.0,1.0
3846,72922,Grant Coleman,Milwaukee,0.0,0.5,0.4,1.0
3847,72924,Tony Toney,UAB,0.0,0.0,0.0,1.0
3848,72925,Justin Lewis,Marquette,0.8333333333333334,0.4166666666666667,0.55,1.0
3849,72926,Oso Ighodaro,Marquette,0.0,0.3333333333333333,0.0,0.0
3850,72927,Terence Lewis II,North Texas,0.5,0.6190476190476191,0.8333333333333334,0.6666666666666666
3851,72928,Simeon Kirkland,UAB,1.0,0.6666666666666666,0.0,0.0
3852,72929,Dylan Engler,The Citadel,0.0,0.0,0.0,0.0
3853,72930,Chaz Lanier,North Florida,0.0,0.0,0.0,1.0
3854,72931,Jacob Crews,North Florida,0.0,0.5,0.0,0.8181818181818182
3855,72932,Zac Triplett,Portland,0.0,0.0,1.0,1.0
3856,72934,Gabe O'Neal,Kent St.,0.0,0.4838709677419355,0.8,0.0
3857,72935,Jalen Harris,Cal St. Fullerton,0.0,0.2857142857142857,0.0,0.5
3858,72936,Theo Hughes,Northern Colorado,0.0,0.0,0.0,0.0
3859,72938,JJ Platt,Jacksonville St.,0.0,0.0,0.0,0.0
3860,72939,Bryan Griffin,Xavier,1.0,0.7083333333333334,1.0,0.0
3861,72940,Wil Tattersall,UC Riverside,0.0,0.3333333333333333,0.0,0.9523809523809523
3862,72941,Desmond Polk,SIU Edwardsville,1.0,0.2222222222222222,0.3333333333333333,0.9411764705882353
3863,72942,Aidan Fisch,Pittsburgh,0.0,0.0,0.0,0.0
3864,72943,Khalen Robinson,Arkansas,0.0,0.3333333333333333,0.0,0.6
3865,72944,Moses Moody,Arkansas,0.6,0.3709677419354839,0.3111111111111111,0.896551724137931
3866,72945,Paris Dawson,Portland St.,0.0,0.09090909090909091,0.0,0.6666666666666666
3867,72946,Keith Lamar,Stetson,0.0,0.0,0.0,1.0
3868,72947,Kiimani Holt,Portland St.,0.0,1.0,0.0,0.0
3869,72948,GianCarlo Valdez,Stetson,0.0,0.375,0.0,0.7272727272727273
3870,72950,Teiano Hardee,Sacramento St.,0.0,0.5,0.0,0.0
3871,72951,LeChaun DuHart,Maine,0.0,0.4,0.375,0.75
3872,72952,Matias Prock,Maine,0.0,0.0,0.0,0.0
3873,72953,Malik Brooks,Canisius,0.0,0.75,0.0,0.0
3874,72954,Adefolalrin Adetogun,Maine,1.0,0.375,0.0,0.5
3875,72955,Kyle LeGreair,Detroit Mercy,0.0,0.0,0.0,0.0
3876,72956,Wol Maiwen,Maine,0.0,0.0,0.0,1.0
3877,72957,Joey Liedel,Detroit Mercy,0.0,0.0,0.0,1.0
3878,72958,Jonathan Komagum,Toledo,0.6666666666666666,0.8333333333333334,0.0,0.0
3879,72959,Te'Jon Sawyer,Cal Baptist,0.0,1.0,0.0,1.0
3880,72960,Shamir Bogues,Tarleton St.,0.0,0.2,0.5,0.8888888888888888
3881,72963,Devon House,UMKC,0.0,0.0,0.0,1.0
3882,72964,Steven Verplancken Jr.,Southern Illinois,0.0,0.23529411764705882,0.2222222222222222,0.9722222222222222
3883,72965,Carlton Linguard Jr.,Kansas St.,0.0,0.7142857142857143,1.0,1.0
3884,72966,Ben Carlson,Wisconsin,0.0,0.6666666666666666,0.5,1.0
3885,72967,Jon Willeman,New Hampshire,0.0,0.0,0.0,1.0
3886,72969,Jabe Mullins,Saint Mary's,0.0,0.16666666666666666,0.3333333333333333,1.0
3887,72970,Steven Crowl,Wisconsin,1.0,0.6666666666666666,1.0,0.0
3888,72971,Mitchell Saxen,Saint Mary's,0.0,0.5416666666666666,0.2,1.0
3889,72972,K.J. McClurg,New Hampshire,0.0,0.0,0.5,1.0
3890,72973,Chris Childs,Bryant,0.0,0.3684210526315789,0.5,0.8448275862068966
3891,72974,Leemet Bockler,Saint Mary's,0.0,0.3333333333333333,1.0,0.8181818181818182
3892,72975,Thomas Howell,Louisiana Monroe,1.0,0.8648648648648649,0.75,1.0
3893,72976,Mikey Howell,UC San Diego,0.0,0.15789473684210525,0.0,1.0
3894,72977,Jace Roquemore,UC San Diego,0.0,0.3888888888888889,0.2,0.6666666666666666
3895,72978,Martin Tombe,UC San Diego,0.0,0.0,0.0,1.0
3896,72980,Justin Pratt,UC San Diego,0.0,0.0,0.0,0.0
3897,72981,Toni Rocak,UC San Diego,0.8333333333333334,0.4666666666666667,0.42857142857142855,1.0
3898,72983,Kaden Rasheed,UC San Diego,0.0,0.5,1.0,0.875
3899,72985,Javion May,Sam Houston St.,0.0,0.28,1.0,0.0
3900,72986,Donavan Yap,UNLV,0.0,0.0,0.0,0.0
3901,72989,Che Evans,San Diego St.,0.0,0.0,0.0,0.5
3902,72990,Tyler Broughton,San Diego St.,0.0,0.0,0.0,0.0
3903,72992,Eoin Nelson,Wyoming,1.0,0.7777777777777778,0.5,0.0
3904,72993,Jeremiah Oden,Wyoming,1.0,0.6666666666666666,0.5,1.0
3905,72994,Mark Paterson,Baylor,0.0,0.0,0.0,1.0
3906,72995,John Treanor,Mercer,0.0,1.0,0.0,0.0
3907,72996,Chris Parker,Liberty,0.0,0.0851063829787234,0.08333333333333333,0.68
3908,72997,Peyton Urbancic,Tulsa,0.0,0.0,0.0,0.0
3909,72998,D'Maurian Williams,Gardner Webb,0.0,0.11764705882352941,0.08695652173913043,0.9622641509433962
3910,72999,"Colin Golson, Jr.",Siena,1.0,0.8235294117647058,1.0,0.8888888888888888
3911,73002,Jamaine Mann,Gardner Webb,0.7142857142857143,0.4782608695652174,0.07692307692307693,1.0
3912,73003,Phillip Russell,Saint Louis,0.0,0.0,0.0,0.6666666666666666
3913,73004,Trey Hall,Evansville,0.0,0.0,0.0,0.7777777777777778
3914,73005,Marques Warrick,Northern Kentucky,0.4,0.25,0.1111111111111111,0.8490566037735849
3915,73006,Luke House,Drexel,0.0,0.0,0.0,1.0
3916,73007,D'Marcus Hall,Louisiana Monroe,0.0,0.5,1.0,1.0
3917,73008,Darrick Jones Jr.,Towson,0.0,0.0,1.0,0.0
3918,73009,Matt Zona,Notre Dame,1.0,0.6,0.0,0.0
3919,73011,Emmette Page,Evansville,0.0,0.0,0.0,0.0
3920,73012,Trey Robinson,Northern Kentucky,0.5,0.36363636363636365,0.16666666666666666,0.8888888888888888
3921,73013,Nicholas Bassett,Colorado St.,0.0,0.0,1.0,1.0
3922,73017,Jordan Sears,Gardner Webb,0.0,0.16216216216216217,0.2222222222222222,0.972972972972973
3923,73018,Garrett Hien,Furman,1.0,0.6666666666666666,0.3333333333333333,0.0
3924,73019,Lou Demuth,Chicago St.,0.0,0.6666666666666666,1.0,1.0
3925,73020,Coleman Stucke,Northeastern,0.0,0.4,0.5,1.0
3926,73021,Freddie Dybala,Cal Baptist,0.0,0.0,0.0,0.0
3927,73022,Jaelen McGlone,Rider,0.0,0.3333333333333333,0.42857142857142855,1.0
3928,73023,Jaron Williams,Tennessee Martin,1.0,0.47058823529411764,0.5,0.88
3929,73024,Drew Thelwell,Morehead St.,0.0,0.0,0.0,1.0
3930,73025,Tekorian Smith,Kent St.,0.0,0.0,0.0,0.0
3931,73026,Alex Kotov,Illinois St.,0.0,1.0,0.0,0.0
3932,73027,Johni Broome,Morehead St.,1.0,0.4864864864864865,0.5294117647058824,0.0
3933,73028,Lawrence Foreman,Rider,0.0,0.0,0.0,0.0
3934,73029,Kasen Jennings,Kennesaw St.,0.0,0.07142857142857142,0.25,0.7
3935,73030,Jacob Nicolds,Utah Tech,0.0,0.7142857142857143,0.2,1.0
3936,73031,Nate Lacewell,San Jose St.,0.0,0.16666666666666666,0.6666666666666666,0.75
3937,73032,Trent Hudgens Jr.,Santa Clara,0.0,0.0,0.0,0.0
3938,73033,Michael Eads,Appalachian St.,0.0,0.6666666666666666,0.25,0.8888888888888888
3939,73034,Sebastian Mendoza,San Jose St.,0.0,0.1875,0.16666666666666666,0.8571428571428571
3940,73035,Kirshon Thrash,Presbyterian,0.0,0.2,0.2,0.42857142857142855
3941,73036,Bryson Morehead,Arkansas,0.0,0.0,0.0,0.0
3942,73037,Efe Abogidi,Washington St.,0.7586206896551724,0.639344262295082,0.14285714285714285,1.0
3943,73038,Godsgift Ezedinma,Incarnate Word,0.0,0.4375,0.6363636363636364,1.0
3944,73039,Ryan Leonard,Eastern Illinois,0.0,0.0,0.0,1.0
3945,73040,Brayan Au,Louisiana,0.0,0.0,0.125,0.8
3946,73042,Javontae Hopkins,Tarleton St.,0.0,0.0,0.0,1.0
3947,73043,Cadarius Baggett,Tarleton St.,0.0,0.0,0.0,0.0
3948,73044,Caleb Golden,Tarleton St.,0.0,0.2857142857142857,0.0,0.0
3949,73046,Tobin Kund,Cal Baptist,0.0,0.0,0.0,1.0
3950,73047,Maj Dusanic,San Francisco,0.0,0.5,0.0,0.0
3951,73049,R.J. Blakney,Dayton,0.6666666666666666,0.4375,0.5,1.0
3952,73052,Malik Wade,Cal Baptist,1.0,0.8181818181818182,0.3333333333333333,0.0
3953,73054,Trey Thomas,Vanderbilt,0.0,0.0,0.0,0.8717948717948718
3954,73055,Churchill Bounds,Central Arkansas,1.0,0.8333333333333334,0.0,0.0
3955,73056,Kayo Goncalves,South Alabama,0.0,0.5,0.3333333333333333,0.971830985915493
3956,73057,Carter Gilmore,Wisconsin,0.0,0.0,0.0,0.0
3957,73058,Erickson Bans,Bryant,0.0,0.2727272727272727,0.0,0.8571428571428571
3958,73060,Jason King,New Mexico St.,0.0,0.0,0.0,0.0
3959,73061,Donovan Williams,Oklahoma St.,0.0,0.0,0.0,0.0
3960,73062,Jovan Tucker,Mercer,0.0,1.0,0.0,1.0
3961,73063,Kasparas Jonauskas,Sacred Heart,0.0,0.0,0.0,0.0
3962,73064,Kenneth Womack,Sacred Heart,0.0,0.0,0.0,0.0
3963,73065,Mark Jaakson,Southern Miss,0.0,0.0,0.0,1.0
3964,73067,Naseem Khalid,Morgan St.,0.0,0.6666666666666666,0.0,1.0
3965,73069,Jaron Pierre Jr.,Southern Miss,0.0,0.25,0.06666666666666667,0.6774193548387096
3966,73070,Nique Clifford,Colorado,0.0,0.0,0.0,1.0
3967,73071,L Simpson,Loyola Marymount,0.0,0.0,0.0,0.0
3968,73074,Justin Wright,North Carolina Central,0.0,0.0,0.0,0.0
3969,73075,Isaiah Addo-Ankrah,UTSA,0.0,0.0,0.0,0.0
3970,73078,Artan Jabbar,UTSA,0.0,0.0,0.0,0.0
3971,73080,DeAndre Henry,Nevada,0.0,0.6666666666666666,0.8,0.0
3972,73082,Colby Jones,Xavier,0.0,0.3333333333333333,0.16666666666666666,0.8888888888888888
3973,73083,Malik Henry,George Mason,1.0,0.8,0.0,0.0
3974,73084,Gedeon Buzangu,Idaho St.,0.0,0.2,0.0,0.0
3975,73085,Kasean Pryor,Boise St.,0.0,0.0,0.0,0.0
3976,73086,Mady Sissoko,Michigan St.,1.0,1.0,0.5,0.0
3977,73088,Jamie Bergens,Oral Roberts,0.0,0.0,0.0,1.0
3978,73089,Ethan Kilgore,Idaho,0.0,0.3,0.3333333333333333,1.0
3979,73090,Tanner Christensen,Idaho,0.7142857142857143,0.696969696969697,0.5,1.0
3980,73091,Kendall McHugh,Idaho,0.0,0.0,0.0,0.0
3981,73092,DeAndre Robinson,Idaho,0.0,0.125,0.38095238095238093,1.0
3982,73093,Burke Smith,Boise St.,1.0,1.0,0.0,0.0
3983,73094,Davis Smith,Michigan St.,0.0,0.0,0.0,0.0
3984,73095,Malique Jacobs,Kent St.,0.0,0.17543859649122806,0.36363636363636365,1.0
3985,73096,Mark Sears,Ohio,0.0,0.05405405405405406,0.2857142857142857,0.9166666666666666
3986,73097,Jordan Hall,Saint Joseph's,0.0,0.16666666666666666,0.10526315789473684,0.48484848484848486
3987,73098,Vince Cole,St. John's,0.5,0.35714285714285715,0.20588235294117646,0.8857142857142857
3988,73099,Posh Alexander,St. John's,0.0,0.29333333333333333,0.23076923076923078,0.85
3989,73101,Aidan Carpenter,Siena,0.0,0.05263157894736842,0.5,0.8333333333333334
3990,73102,Jaemyn Brakefield,Duke,1.0,0.3333333333333333,0.5,0.9090909090909091
3991,73103,J'Vonne Hadley,Northeastern,0.0,0.25,0.0,1.0
3992,73104,Emorie Knox,Charleston Southern,0.0,0.15384615384615385,0.08333333333333333,0.5416666666666666
3993,73105,Matt Cross,Miami FL,0.0,0.5,1.0,1.0
3994,73106,Tony Sanders Jr.,Notre Dame,0.0,0.0,1.0,1.0
3995,73107,Darius Burford,Elon,0.0,0.17647058823529413,0.125,0.9285714285714286
3996,73109,Brandon Harris,Elon,0.0,0.0,0.0,0.0
3997,73110,Keegan Harvey,Charleston,0.0,0.6666666666666666,0.0,0.9
3998,73111,Earl Timberlake,Miami FL,0.0,0.3333333333333333,0.0,1.0
3999,73112,Tristan Ikpe,Sam Houston St.,0.5714285714285714,0.5818181818181818,0.5,0.0
4000,73113,Michael Graham,Elon,1.0,0.5714285714285714,0.6,0.0
4001,73116,Kylen Milton,Western Kentucky,1.0,0.42857142857142855,0.0,0.0
4002,73117,Keshawn Williams,Tulsa,0.0,0.0,0.0,1.0
4003,73118,Jacob Falko,Gardner Webb,0.4,0.3148148148148148,0.0,0.9615384615384616
4004,73119,Mardrez McBride,North Texas,0.0,0.125,0.0,0.9777777777777777
4005,73120,Jordan Polynice,Chicago St.,0.0,0.4,0.2727272727272727,1.0
4006,73121,Rubin Jones,North Texas,0.0,0.15384615384615385,0.0,0.9583333333333334
4007,73123,Shemar Rathan-Mayes,Youngstown St.,0.0,0.1111111111111111,0.11764705882352941,0.7575757575757576
4008,73125,Cheick Traore,Youngstown St.,0.0,1.0,0.0,0.0
4009,73127,Boogie Anderson,South Dakota,1.0,0.375,0.6666666666666666,0.0
4010,73128,Jayden Johnson,Illinois St.,0.0,0.0,0.0,1.0
4011,73129,Marcus Garrett,Morehead St.,0.0,0.0,0.0,0.0
4012,73130,Brantly Stevenson,Cal Poly,0.0,0.2777777777777778,0.0,1.0
4013,73131,Eric Moenkhaus,Denver,0.0,0.25,0.0,1.0
4014,73132,Dontrell McQuarter,Rider,1.0,0.3939393939393939,0.3548387096774194,0.0
4015,73133,Steven Ashworth,Utah St.,0.0,0.4,0.5,0.7333333333333333
4016,73134,Alijah Martin,Florida Atlantic,0.0,0.375,0.0,0.8333333333333334
4017,73135,VonCameron Davis,Kent St.,0.0,0.3333333333333333,0.0,1.0
4018,73136,Dylan Robertson,Sam Houston St.,0.7142857142857143,0.6,0.0,0.0
4019,73138,Aiden Terry,Rutgers,0.0,0.0,0.0,0.0
4020,73140,TJ Bamba,Washington St.,0.0,0.2,0.0,0.75
4021,73141,Mario Fantina,Arkansas St.,0.0,0.0,0.0,1.0
4022,73142,Will Ferguson,Presbyterian,1.0,0.4,0.0,1.0
4023,73143,Josh Morgan,Incarnate Word,0.0,0.0,0.0,0.7857142857142857
4024,73144,William Mfum,South Dakota St.,0.0,0.0,0.0,0.0
4025,73145,Elijah Bridgers,Missouri St.,0.0,0.0,0.0,0.0
4026,73147,Martel Williams,Southern Utah,0.0,0.0,0.0,0.0
4027,73149,Luke Frazier,Dayton,0.0,0.0,0.0,0.0
4028,73150,Justin Vander Baan,Boston College,1.0,0.5,0.0,0.0
4029,73151,Matas Spokas,Sacred Heart,0.0,0.8235294117647058,1.0,1.0
4030,73152,Samkelo Cele,Southern,0.4444444444444444,0.45454545454545453,0.6,0.9666666666666667
4031,73153,Quest Harris,Sacred Heart,0.0,0.2,0.0,0.0
4032,73154,Devin Davis,Creighton,0.0,0.0,0.0,0.0
4033,73156,Mike Sixsmith,Sacred Heart,0.0,0.5,0.0,0.9375
4034,73158,Lazar Grbovic,Arkansas St.,0.0,1.0,0.0,0.0
4035,73159,Lado Laku,Texas A&M Corpus Chris,0.6666666666666666,0.6,0.25,0.0
4036,73160,Drew Daniel,Northern Iowa,0.0,0.0,0.0,0.0
4037,73161,Omar Parchman,Arkansas Pine Bluff,0.0,0.0,1.0,0.0
4038,73162,Marcellus Vail,Samford,0.0,0.25,0.0,1.0
4039,73163,A.J. Staton-McCray,Samford,0.0,0.3181818181818182,0.16666666666666666,0.7619047619047619
4040,73164,John Grigsby,Wyoming,0.0,0.0,0.0,0.0
4041,73165,Matthew Murrell,Mississippi,1.0,0.7,0.3076923076923077,0.9473684210526315
4042,73166,Kj Riley,Alcorn St.,0.0,0.0,0.0,0.0
4043,73167,Myson Lowe,Alcorn St.,0.0,0.3333333333333333,0.0,1.0
4044,73168,Tajah Fraley,Alcorn St.,0.0,0.0,0.0,0.0
4045,73169,Malik Hardmon,Alcorn St.,0.0,0.2857142857142857,0.6,0.0
4046,73170,Travonte Doolittle,Arkansas Pine Bluff,0.0,0.0,0.0,0.5
4047,73171,Joshuwan Johnson,Arkansas Pine Bluff,0.0,0.13636363636363635,0.0,0.6666666666666666
4048,73172,Byron Joshua,Alcorn St.,0.0,0.043478260869565216,0.06666666666666667,0.7272727272727273
4049,73173,Jalen Lynn,Arkansas Pine Bluff,0.0,0.3333333333333333,0.1111111111111111,0.8709677419354839
4050,73174,Zach Edey,Purdue,0.7142857142857143,0.6896551724137931,0.8387096774193549,0.0
4051,73175,Lydell Elmore,High Point,0.8,0.711864406779661,0.7916666666666666,1.0
4052,73176,Eric Boone,Georgia Southern,0.0,0.1,0.07692307692307693,0.875
4053,73177,Leighton Elliott-Sewell,Stony Brook,0.75,0.5625,0.0,0.0
4054,73178,Chase Martin,Purdue,0.0,0.0,0.0,0.0
4055,73179,Marcus Fitzgerald Jr.,Tennessee St.,0.0,0.14285714285714285,0.09090909090909091,0.8333333333333334
4056,73180,Giancarlo Sanchez,Presbyterian,0.0,0.5,1.0,0.0
4057,73181,Petar Krivokapic,FIU,0.0,0.4,0.0,0.9333333333333333
4058,73182,Javaunte Hawkins,FIU,0.0,0.0,0.5,0.9117647058823529
4059,73183,K.D. Johnson,Georgia,0.0,0.35135135135135137,0.42857142857142855,0.8333333333333334
4060,73184,Anthony Mason,FIU,1.0,0.6875,0.6,0.0
4061,73186,DJ Mitchell,FIU,0.0,0.18181818181818182,0.0,1.0
4062,73187,Hunter-Jack Madden,Idaho,0.0,0.0,0.14285714285714285,0.45454545454545453
4063,73189,Demetric Horton,Purdue Fort Wayne,0.0,0.08,0.07692307692307693,0.825
4064,73191,Quentin Jones,North Carolina A&T,0.0,0.5714285714285714,0.5,0.9523809523809523
4065,73192,Darweshi Hunter,Weber St.,0.0,0.0,0.0,1.0
4066,73193,Tanner Mans,VMI,0.0,1.0,1.0,0.8333333333333334
4067,73194,Tarojae Brake,Saint Peter's,0.0,1.0,0.2222222222222222,0.8571428571428571
4068,73195,Dakota Reber,Incarnate Word,0.0,0.5,0.0,1.0
4069,73196,Imran Takhar,Arizona St.,0.0,0.0,0.0,1.0
4070,73197,Caleb Byrd,Charlotte,0.0,0.0,0.0,1.0
4071,73198,Jacob Hutson,Loyola Chicago,1.0,0.7777777777777778,0.4,1.0
4072,73199,Luis Rolon,Florida Gulf Coast,0.0,0.08333333333333333,0.0,1.0
4073,73200,Kam Woods,Troy,1.0,0.2857142857142857,0.043478260869565216,0.6206896551724138
4074,73201,Victor Rosa,Florida Gulf Coast,0.0,0.5,0.0,1.0
4075,73202,Jackson Threadgill,Charlotte,1.0,0.8,0.5,1.0
4076,73203,Noah Hupmann,Northern Kentucky,1.0,1.0,0.0,0.0
4077,73204,Zach Anderson,Florida Gulf Coast,0.0,0.2857142857142857,0.0,1.0
4078,73205,Nate Johnson,Southeast Missouri St.,1.0,0.68,1.0,0.0
4079,73206,Jake Evans,Northern Kentucky,0.0,0.0,0.0,1.0
4080,73207,Jamel Horton,Albany,0.0,0.2,0.17647058823529413,0.5454545454545454
4081,73208,Tahjae Hill,Niagara,0.0,0.0,0.0,0.0
4082,73209,Cole LaRue,Kennesaw St.,0.0,0.4444444444444444,0.25,1.0
4083,73210,Trey Fort,Tennessee Martin,0.0,0.0,1.0,0.8
4084,73211,Juston Betz,Bellarmine,0.0,0.5882352941176471,0.2,1.0
4085,73212,Will Amica,Albany,0.0,0.0,0.0,0.0
4086,73213,JT Thor,Auburn,0.5,0.45454545454545453,0.2222222222222222,0.9090909090909091
4087,73214,Anthony Leal,Indiana,0.0,0.0,0.0,1.0
4088,73215,Brandon Lieb,Illinois,0.0,0.0,1.0,0.0
4089,73216,Dji Bailey,Richmond,0.0,0.0,1.0,0.0
4090,73217,Adam Miller,Illinois,0.75,0.5833333333333334,0.21428571428571427,0.9615384615384616
4091,73218,C.J. Roberts,New Mexico St.,0.0,0.21052631578947367,0.07692307692307693,0.875
4092,73219,Dallion Johnson,Penn St.,0.0,0.0,0.0,0.0
4093,73220,Kedrian Johnson,West Virginia,0.5,0.6,0.0,1.0
4094,73222,Derrius Ward,La Salle,0.0,0.0,0.0,0.0
4095,73223,Clifford Omoruyi,Rutgers,0.9411764705882353,0.8461538461538461,1.0,1.0
4096,73224,Josh Gray,LSU,1.0,1.0,0.0,0.0
4097,73225,Damani Hayes,South Dakota,1.0,0.7142857142857143,1.0,0.0
4098,73226,Martice Mitchell,Minnesota,0.0,0.0,1.0,1.0
4099,73227,Brandon Whitney,Montana,0.0,0.06451612903225806,0.13793103448275862,1.0
4100,73228,Jalon Andrews,Cal St. Fullerton,0.0,1.0,0.0,0.0
4101,73229,D.J. Dial,South Dakota,0.0,0.0,0.0,0.0
4102,73230,Connor Barrett,Valparaiso,0.0,0.0,1.0,0.9583333333333334
4103,73231,Owen Spencer,The Citadel,0.0,0.0,0.0,0.0
4104,73232,Latrell Jones,Portland,0.875,0.6,0.36363636363636365,0.95
4105,73233,Henry Coleman III,Duke,0.5,0.6,0.0,0.0
4106,73234,Jabri Abdur-Rahim,Virginia,0.0,0.0,1.0,1.0
4107,73235,Mark Williams,Duke,0.9117647058823529,0.7,0.6363636363636364,0.0
4108,73237,Jeremy Roach,Duke,0.0,0.1875,0.3,0.8076923076923077
4109,73238,Jalen Johnson,Duke,0.75,0.5609756097560976,0.375,1.0
4110,73239,Tyrin Lawrence,Vanderbilt,1.0,0.5,0.0,0.0
4111,73240,Reece Beekman,Virginia,0.0,0.3103448275862069,0.25,0.8888888888888888
4112,73241,Ryan Myers,Iona,0.0,0.16666666666666666,0.18181818181818182,0.7368421052631579
4113,73242,Malik Lawrence-Anderson,UT Rio Grande Valley,1.0,0.6,1.0,1.0
4114,73243,Sam'i Roe,Nebraska Omaha,0.0,0.14285714285714285,0.6666666666666666,1.0
4115,73244,Truth Harris,East Tennessee St.,0.0,0.0,0.0,1.0
4116,73245,Andre Lorentsson,Saint Louis,0.0,0.0,0.0,0.0
4117,73246,Colin Schaefer,Green Bay,0.0,0.0,0.0,0.75
4118,73247,Alyn Breed,Providence,0.0,0.3333333333333333,0.16666666666666666,0.6666666666666666
4119,73248,Markise Davis,Arkansas St.,0.0,0.75,0.6666666666666666,1.0
4120,73252,Keyon Wesley,Arkansas St.,0.7857142857142857,0.7058823529411765,0.7894736842105263,1.0
4121,73253,Caleb London,Arkansas St.,0.0,0.2222222222222222,0.5,0.0
4122,73254,Juwan White,Stony Brook,0.0,0.0,0.0,0.0
4123,73255,Thomas Zevgaras,Incarnate Word,0.0,0.3333333333333333,0.0,0.0
4124,73256,Koby Brea,Dayton,0.0,0.0,0.0,0.8181818181818182
4125,73257,Anton Jansson,Saint Joseph's,0.0,1.0,1.0,0.0
4126,73259,Hassan Diarra,Texas A&M,0.0,0.2,0.14285714285714285,0.7857142857142857
4127,73260,Drake Muller,Denver,0.0,0.0,0.5,1.0
4128,73267,Jaron Rillie,Samford,0.0,0.13333333333333333,0.25,0.9090909090909091
4129,73268,Norchad Omier,Arkansas St.,0.7692307692307693,0.6197183098591549,0.6206896551724138,0.0
4130,73270,Jalen Myers,Texas A&M Corpus Chris,0.0,0.0,0.0,0.6666666666666666
4131,73271,Grayson Walters,Samford,0.0,1.0,0.0,0.0
4132,73273,Simeon Fryer,Texas A&M Corpus Chris,0.0,0.17647058823529413,0.4375,0.9230769230769231
4133,73274,Lamont Butler,San Diego St.,0.0,0.21428571428571427,0.0,1.0
4134,73275,Jaden Springer,Tennessee,1.0,0.42,0.24324324324324326,0.85
4135,73276,Christian Fussell,Middle Tennessee,0.0,0.0,0.0,0.6666666666666666
4136,73277,Korey Hess,Denver,0.0,0.0,0.0,0.0
4137,73278,Oliver Hayes-Brown,UC Riverside,1.0,0.6190476190476191,0.0,1.0
4138,73283,Jordan Kwiecinski,Drake,0.0,0.0,1.0,0.0
4139,73284,Bryceson Burns,Drake,0.0,0.0,0.0,1.0
4140,73285,Hunter Erickson,BYU,0.0,0.0,0.0,0.0
4141,73286,Carson Barrett,Purdue,0.0,0.0,0.0,0.0
4142,73287,Caleb Bates,UMass Lowell,0.0,0.0,1.0,0.0
4143,73288,Tai'Reon Joseph,Austin Peay,0.0,0.1875,0.4,0.9259259259259259
4144,73289,Jaden Ivey,Purdue,0.14285714285714285,0.19230769230769232,0.16666666666666666,0.84
4145,73290,Ethan Morton,Purdue,0.0,1.0,0.0,1.0
4146,73291,Anthony Blunt,UMass Lowell,0.0,0.0,0.16666666666666666,0.6
4147,73292,Micah Peavy,Texas Tech,1.0,0.5333333333333333,0.17857142857142858,0.0
4148,73293,Justice Prentice,Purdue Fort Wayne,0.0,0.0,0.0,0.0
4149,73294,Dylan O'Hearn,NJIT,0.0,0.12121212121212122,0.0,0.8518518518518519
4150,73296,Eloy Medina,New Mexico,0.0,0.0,0.0,1.0
4151,73297,Kareem Thompson,Oral Roberts,1.0,0.36363636363636365,0.19230769230769232,0.9428571428571428
4152,73298,Sheldon Stevens,Oral Roberts,0.0,0.0,0.0,0.8888888888888888
4153,73299,Nick Farrar,N.C. State,0.0,1.0,0.0,0.0
4154,73300,Ahamadou Fofana,Canisius,0.0,0.4,0.0,0.7333333333333333
4155,73301,Siem Uijtendaal,Canisius,0.0,0.3333333333333333,0.3333333333333333,1.0
4156,73303,Ja'Von Benson,South Carolina,0.0,0.0,1.0,1.0
4157,73304,Asa Beyah,Canisius,0.0,0.0,0.0,0.0
4158,73306,Bryson Tatum,Miami OH,0.0,0.0,0.0,0.0
4159,73308,Nehemiah Benson,Rider,0.0,1.0,0.0,1.0
4160,73309,Bryce Monroe,Sam Houston St.,0.0,0.0625,0.05,0.75
4161,73310,Xavier Bell,Drexel,0.0,0.4,0.3333333333333333,1.0
4162,73311,Iyen Enaruna,Evansville,0.0,0.3,0.0,0.75
4163,73312,Johnnie Williams IV,Louisiana Monroe,0.0,0.0,0.0,1.0
4164,73313,Kieffer Punter,Troy,0.0,0.18181818181818182,0.0,0.9090909090909091
4165,73314,Ja'Quavian Florence,Charleston Southern,0.0,0.18518518518518517,0.1,0.9047619047619048
4166,73315,Marquel Bryant,Troy,0.0,0.0,0.0,0.0
4167,73316,Baylor Hebb,Loyola Chicago,0.0,0.14285714285714285,0.4,1.0
4168,73317,Antwan Burnett,Troy,0.0,0.5,0.0,1.0
4169,73319,Nick Brennen,Manhattan,0.0,1.0,0.0,1.0
4170,73322,Bryce Beamer,Binghamton,0.0,0.5625,0.14285714285714285,0.8695652173913043
4171,73323,Kellen Amos,Binghamton,0.0,0.0,0.3333333333333333,0.5
4172,73324,Devin Tillis,UNLV,0.0,0.36363636363636365,0.2222222222222222,0.8571428571428571
4173,73325,Malik Mooving,Tennessee Martin,0.0,0.0,0.0,1.0
4174,73327,Karson Stastny,Utah St.,0.0,0.0,0.0,1.0
4175,73328,Colton Sandage,Western Illinois,0.0,0.125,0.058823529411764705,0.5555555555555556
4176,73329,PJ Carter,Campbell,0.0,0.3333333333333333,0.0,1.0
4177,73330,David Strother,Old Dominion,0.0,0.0,0.0,0.6666666666666666
4178,73331,Chase Potter,Utah Valley,0.0,0.0,0.0,0.0
4179,73332,Bryce Waterman,Purdue Fort Wayne,0.0,0.0,0.0,1.0
4180,73333,Eddie Davis,Portland,1.0,0.5121951219512195,0.29411764705882354,0.9
4181,73334,De'Lazarus Keys,Texas A&M Corpus Chris,0.5,0.5769230769230769,0.4482758620689655,1.0
4182,73335,Nick Jourdain,Temple,1.0,0.8333333333333334,1.0,1.0
4183,73336,Devonte Lanier,Tennessee St.,0.0,1.0,0.0,0.0
4184,73337,Zach Visentin,Idaho St.,0.0,0.8333333333333334,0.7142857142857143,0.0
4185,73338,David N'Guessan,Virginia Tech,1.0,0.7058823529411765,0.5,0.0
4186,73339,Trey Farrer,Utah Valley,0.0,0.0,1.0,0.0
4187,73340,Eric Gaines,LSU,0.0,0.2727272727272727,0.0,0.6
4188,73341,Dante Maddox Jr.,Cal St. Fullerton,0.5,0.15384615384615385,0.0,0.6923076923076923
4189,73343,Robbie Heath,Pepperdine,0.0,1.0,0.0,1.0
4190,73344,Oskar Palmquist,Rutgers,0.0,0.0,0.0,1.0
4191,73345,Nikola Zizic,South Dakota,0.75,0.6428571428571429,0.3333333333333333,0.0
4192,73346,Asa McCord,Utah Valley,0.0,0.0,0.0,1.0
4193,73347,Darius Lee,Houston Christian,0.0,0.4888888888888889,0.2222222222222222,0.6363636363636364
4194,73349,Henry Abraham,Eastern Illinois,0.0,0.2857142857142857,1.0,0.90625
4195,73350,Carson Towt,Northern Arizona,0.6666666666666666,0.391304347826087,0.4,0.0
4196,73351,Koby Jeffries,UAB,0.0,0.0,0.0,0.0
4197,73352,Zimi Nwokeji,Dayton,0.8333333333333334,0.6538461538461539,0.4,1.0
4198,73353,Bayron Matos,New Mexico,0.6666666666666666,0.59375,0.7777777777777778,0.0
4199,73354,Dishon Jackson,Washington St.,0.8333333333333334,0.5609756097560976,0.47368421052631576,0.0
4200,73355,Josh Smith,Stetson,1.0,0.5161290322580645,0.8571428571428571,1.0
4201,73357,Philip Pepple Jr.,SIU Edwardsville,0.5,0.5714285714285714,0.8,0.0
4202,73358,Logan Bracamonte,Incarnate Word,0.0,0.5,0.25,0.9666666666666667
4203,73359,Junior Madut,Hawaii,0.3333333333333333,0.18518518518518517,0.2222222222222222,0.8214285714285714
4204,73360,David Jones,Sacramento St.,1.0,0.5,0.5,0.0
4205,73361,Juan Felix Rodriguez,Stony Brook,0.0,0.3023255813953488,0.18181818181818182,0.5116279069767442
4206,73362,Dimitar Pandev,IU Indy,0.0,0.0,0.0,1.0
4207,73364,Obinna Anochili-Killen,Marshall,0.9285714285714286,0.7931034482758621,0.42857142857142855,1.0
4208,73365,David Early,Marshall,0.0,0.0,0.0,0.8095238095238095
4209,73366,Pelle Larsson,Utah,0.6666666666666666,0.4166666666666667,0.0,0.84
4210,73368,Ian Martinez,Utah,0.2,0.21052631578947367,0.1875,0.8181818181818182
4211,73369,Aidan Prukop,Cal Poly,0.0,0.16666666666666666,0.0,0.0
4212,73370,Luke Appel,South Dakota St.,1.0,0.3829787234042553,0.0,0.0
4213,73371,Jeremiah Pope,Rider,1.0,0.3333333333333333,0.41379310344827586,0.8695652173913043
4214,73372,Jordan Kellier,Utah,1.0,1.0,0.5,0.0
4215,73373,Jordan Smalls,Rider,0.0,0.0,0.0,1.0
4216,73374,Anthony Thomas,Tennessee Martin,0.3333333333333333,0.3055555555555556,0.16666666666666666,0.9
4217,73375,Dusan Mahorcic,Illinois St.,0.5,0.4696969696969697,0.19047619047619047,0.0
4218,73376,Darus Maddox,North Carolina A&T,0.0,0.0,0.0,0.0
4219,73377,Marque English II,Northern Colorado,0.0,0.0,0.0,1.0
4220,73378,Marcus Watson Jr.,Western Illinois,0.0,0.16666666666666666,0.5,0.0
4221,73379,Jaden House,High Point,0.0,0.11538461538461539,0.0,0.8
4222,73384,Ahmil Flowers,High Point,0.5714285714285714,0.4358974358974359,0.42857142857142855,1.0
4223,73385,Alex Holt,High Point,1.0,0.6296296296296297,0.75,1.0
4224,73386,Bryson Childress,High Point,0.0,0.0,0.0,0.9444444444444444
4225,73387,Alexis Angeles,Portland St.,0.0,0.0,0.0,0.0
4226,73389,Gabriel Wuor,Stetson,0.5,0.8333333333333334,0.5,0.0
4227,73390,Parker Long,Southeast Missouri St.,0.0,0.0,1.0,1.0
4228,73392,Adam Anhold,Western Illinois,1.0,0.3181818181818182,0.25,1.0
4229,73393,Andrej Jakimovski,Washington St.,0.0,0.2,0.0,0.9696969696969697
4230,73394,Jaylon Gibson,N.C. State,0.0,0.75,0.0,0.0
4231,73395,Ismael Plet,Oral Roberts,0.0,0.3333333333333333,0.0,0.0
4232,73396,Lukas Milner,Boise St.,1.0,0.85,0.3333333333333333,0.0
4233,73397,Jonathan Alexandre,Oral Roberts,0.0,0.0,0.0,1.0
4234,73398,Naje Smith,Boise St.,0.0,0.0,0.0,1.0
4235,73399,Cam Hayes,N.C. State,0.0,0.1,0.043478260869565216,0.6071428571428571
4236,73400,Shakeel Moore,N.C. State,0.16666666666666666,0.16666666666666666,0.2,0.6666666666666666
4237,73401,Pavle Kuzmanovic,Boise St.,0.0,0.0,0.0,1.0
4238,73402,A.J. Hoggard,Michigan St.,0.0,0.3125,0.25,1.0
4239,73403,Nate Clover III,Oral Roberts,1.0,0.6666666666666666,0.0,0.0
4240,73404,Chibuzo Agbo,Texas Tech,0.0,0.6,0.3333333333333333,1.0
4241,73405,Evan Joyner,Tennessee St.,1.0,0.45454545454545453,1.0,0.0
4242,73407,Jackson Watson,Bowling Green,0.0,0.0,0.0,0.0
4243,73409,Trevor Lakes,Nebraska,0.0,0.5,1.0,1.0
4244,73410,Max Amadasun,Pittsburgh,0.0,0.0,1.0,0.0
4245,73411,Pavlo Dziuba,Arizona St.,0.0,1.0,0.0,0.0
4246,73412,Milton Matthews,North Carolina A&T,0.0,1.0,0.0,0.5
4247,73413,Jarrett Hensley,UNC Greensboro,0.0,0.42857142857142855,0.4,1.0
4248,73415,David Walker,South Alabama,1.0,0.3,0.0,0.0
4249,73416,Tyler Kolek,George Mason,0.0,0.35714285714285715,0.2727272727272727,0.7843137254901961
4250,73417,Pier-Olivier Racine,Fairleigh Dickinson,0.8125,0.6410256410256411,0.8461538461538461,1.0
4251,73418,Joe Munden Jr.,Fairleigh Dickinson,0.8,0.3793103448275862,0.375,0.6666666666666666
4252,73421,Lincoln Ball,George Washington,0.0,0.5,0.5,1.0
4253,73422,Carter Mahaney,Northern Arizona,0.0,0.5,0.1875,1.0
4254,73423,Miles Mendes,Troy,1.0,0.75,1.0,0.0
4255,73424,Jared Garcia,Charlotte,0.6666666666666666,0.4666666666666667,1.0,1.0
4256,73425,Marques Watson,Manhattan,0.0,0.3333333333333333,0.5,1.0
4257,73426,Amir Britt,Manhattan,1.0,1.0,0.0,0.0
4258,73427,Joey Holifield,Oakland,0.0,0.3333333333333333,0.0,1.0
4259,73428,Jalen Moore,Oakland,0.0,0.1282051282051282,0.034482758620689655,0.27450980392156865
4260,73429,Trey Townsend,Oakland,0.5,0.6721311475409836,0.5925925925925926,0.9090909090909091
4261,73430,Chris Conway,Oakland,0.0,0.0,0.5,0.0
4262,73431,Micah Parrish,Oakland,0.5,0.4915254237288136,0.47368421052631576,0.8666666666666667
4263,73432,Philpps Joseph,Oakland,0.0,0.0,1.0,0.0
4264,73433,Edgar Padilla Jr.,Illinois,0.0,0.0,0.0,0.0
4265,73434,Connor Serven,Illinois,0.0,1.0,0.0,0.0
4266,73435,George Ivory III,Arkansas Pine Bluff,0.0,0.0,0.0,0.0
4267,73436,Greyson Kelley,Youngstown St.,0.0,0.0,1.0,1.0
4268,73437,Konstantin Dotsenko,Tarleton St.,0.0,0.6666666666666666,0.47619047619047616,0.9
4269,73438,Tyler McGhie,Western Carolina,0.0,1.0,0.0,0.875
4270,73439,Khristian Lander,Indiana,0.0,0.0,0.75,0.8333333333333334
4271,73440,Sin'Cere McMahon,Western Carolina,0.0,0.125,0.25,0.6
4272,73441,Kennedy Miles,Western Carolina,0.0,0.0,0.0,0.0
4273,73442,Javonte Johnson,New Mexico,1.0,0.6666666666666666,0.0,0.8
4274,73443,Nolan Dorsey,New Mexico,0.0,0.0,0.0,0.0
4275,73445,Josh Massey,Western Carolina,1.0,1.0,0.0,0.5
4276,73446,Daniel Ransom,Western Carolina,0.0,0.8181818181818182,0.0,0.0
4277,73447,Barlow Alleruzzo IV,Eastern Illinois,1.0,0.5714285714285714,0.5,1.0
4278,73448,Jamon Kemp,Southeastern Louisiana,0.25,0.38461538461538464,0.2857142857142857,1.0
4279,73449,DJ Steward,Duke,0.25,0.3333333333333333,0.16,0.813953488372093
4280,73450,Evan Johnson,Georgia St.,0.0,0.2857142857142857,0.07142857142857142,0.9090909090909091
4281,73451,Cameron Thomas,LSU,0.3333333333333333,0.21153846153846154,0.20481927710843373,0.7647058823529411
4282,73453,"Jamal Mashburn, Jr.",Minnesota,0.0,0.18181818181818182,0.3076923076923077,0.9166666666666666
4283,73454,Hunter Dickinson,Michigan,0.9375,0.6896551724137931,0.575,0.0
4284,73455,Vinnie Viana,Tennessee Martin,0.0,0.45454545454545453,0.5,0.9411764705882353
4285,73457,Jaden McClanahan,Utah Valley,0.0,0.14285714285714285,0.75,1.0
4286,73458,Amari Williams,Drexel,0.0,0.8,1.0,0.0
4287,73459,Johnell Davis,Florida Atlantic,0.0,0.3076923076923077,0.0,1.0
4288,73461,Niels Lane,Florida,0.0,0.3333333333333333,0.0,0.0
4289,73462,Gideon George,BYU,0.0,0.2,0.1875,1.0
4290,73463,Ahron Ulis,Iowa,0.0,0.0,0.5,0.0
4291,73464,Jayce Catchings,UC Irvine,0.0,1.0,0.0,0.0
4292,73465,Keegan Murray,Iowa,0.8888888888888888,0.6458333333333334,0.55,0.9375
4293,73466,Edin Smjecanin,South Dakota,0.0,0.0,1.0,0.0
4294,73467,Jerroda Briscoe,Prairie View A&M,0.8,0.6,0.6666666666666666,0.0
4295,73468,Kellen Tynes,Montana St.,0.0,0.0,0.14285714285714285,1.0
4296,73469,Angelo Stuart,Seattle,0.0,1.0,0.0,0.0
4297,73470,Jadin Booth,Nebraska Omaha,0.0,0.1111111111111111,0.2,1.0
4298,73472,Emeka Udenyi,Seattle,0.0,0.5294117647058824,0.35714285714285715,0.0
4299,73473,Nic Tata,Missouri St.,1.0,0.7777777777777778,0.25,0.0
4300,73474,Jalen Celestine,California,1.0,0.5,1.0,0.8333333333333334
4301,73475,Alem Huseinovic,Nevada,0.0,0.5,0.5,1.0
4302,73478,Zahir Porter,Weber St.,0.6666666666666666,0.45454545454545453,0.15789473684210525,0.7931034482758621
4303,73479,Samson Ruzhentsev,Florida,0.0,0.0,0.6,1.0
4304,73480,JaKobe Coles,Butler,0.0,0.25,0.0,1.0
4305,73481,Osayi Osifo,Florida,1.0,0.5714285714285714,0.0,0.0
4306,73483,Emory Lanier,Davidson,0.0,0.0,0.0,0.0
4307,73484,Zondrick Garrett,South Alabama,0.0,1.0,0.0,0.0
4308,73485,Andre Bottoms,Norfolk St.,0.0,0.0,0.0,0.0
4309,73486,Russell Hyman,Stephen F. Austin,0.0,0.0,0.0,1.0
4310,73487,Connor Linke,Bradley,0.0,1.0,0.6,0.0
4311,73489,Darius Hannah,Bradley,0.8571428571428571,0.4230769230769231,0.2222222222222222,0.0
4312,73490,Mykell Robinson,North Texas,1.0,1.0,0.0,1.0
4313,73491,Viktor Rajkovic,Seattle,0.0,0.0,0.0,0.0
4314,73493,Kobe Sanders,Cal Poly,1.0,0.375,0.25,1.0
4315,73494,Dionte Bostick,Murray St.,0.0,0.06666666666666667,0.2,1.0
4316,73495,Howard Fleming Jr.,Illinois St.,0.0,0.25,0.125,0.5
4317,73496,Eden Holt,Tennessee Martin,0.0,0.0,0.0,0.6153846153846154
4318,73497,Noah Baylis,Denver,0.0,0.0,0.0,0.0
4319,73498,Dyson Koehler,Cal Poly,0.0,0.5,0.5,0.75
4320,73499,Boden Skunberg,North Dakota St.,0.0,0.0,0.25,1.0
4321,73500,Alston Andrews,Illinois St.,0.0,1.0,0.0,0.0
4322,73501,Sam Hines Jr.,Denver,0.5555555555555556,0.22916666666666666,0.3125,0.3333333333333333
4323,73503,Jordan Potts,Northwestern St.,0.0,1.0,0.0,0.5
4324,73504,Derek Fountain,Mississippi St.,0.5,0.3333333333333333,0.46153846153846156,1.0
4325,73505,Darrion Trammell,Seattle,0.0,0.06666666666666667,0.024390243902439025,0.21428571428571427
4326,73506,Jaylin Williams,Arkansas,0.3333333333333333,0.35294117647058826,0.2222222222222222,1.0
4327,73507,Paxton Payne,UMKC,0.0,0.0,0.0,1.0
4328,73509,Myles Stute,Vanderbilt,0.0,0.3333333333333333,0.0,1.0
4329,73511,Duwe Farris,North Carolina,0.0,0.0,0.0,0.0
4330,73514,Delaney Heard,Alabama,0.0,0.0,0.0,0.0
4331,73516,Puff Johnson,North Carolina,0.0,0.5,0.0,1.0
4332,73517,Joseph Bamisile,Virginia Tech,1.0,0.4,0.6666666666666666,0.5
4333,73518,Day'Ron Sharpe,North Carolina,0.75,0.5666666666666667,0.6818181818181818,0.0
4334,73519,Taelon Peter,Tennessee Tech,0.0,1.0,0.0,0.5
4335,73520,Darius Maddox,Virginia Tech,0.0,0.0,0.0,0.6666666666666666
4336,73523,BJ McLaurin,UNC Asheville,0.0,0.0,1.0,0.0
4337,73524,Isaiah Jackson,Kentucky,0.6086956521739131,0.509090909090909,0.42105263157894735,0.0
4338,73525,Isiah Dasher,Portland,1.0,0.3235294117647059,0.2857142857142857,0.3333333333333333
4339,73526,Thomas Webley,Hartford,0.0,0.4,0.4,0.0
4340,73527,Gabe Wiznitzer,Louisville,1.0,0.75,0.0,0.0
4341,73528,Davonte Davis,Arkansas,0.6,0.35,0.2127659574468085,0.5
4342,73529,Trace Young,Colorado St.,0.0,0.0,0.0,0.0
4343,73530,Isaiah Rivera,Colorado St.,0.5,0.23076923076923078,0.0,1.0
4344,73531,Dre Davis,Louisville,1.0,0.48148148148148145,0.3333333333333333,1.0
4345,73534,JJ Traynor,Louisville,1.0,0.8125,0.5,1.0
4346,73536,Terrence Clarke,Kentucky,1.0,0.3,0.17647058823529413,1.0
4347,73538,Mark Hatch,Utah Tech,0.0,0.6666666666666666,0.0,0.0
4348,73539,Justin Brookens,Western Illinois,0.0,0.09090909090909091,0.10526315789473684,0.2857142857142857
4349,73540,Matteo Picarelli,UMBC,0.0,0.0,0.0,1.0
4350,73541,Brendan Davis,UMBC,0.0,0.0,0.0,0.0
4351,73542,Jarod Greene,Utah Tech,0.0,0.68,0.8823529411764706,0.0
4352,73543,Hunter Schofield,Utah Tech,1.0,0.6557377049180327,0.6666666666666666,1.0
4353,73544,Thomas Reid,UMBC,0.0,0.0,0.0,0.0
4354,73546,Johan Crafoord,Iona,0.0,1.0,0.0,0.0
4355,73548,Devontae Blanton,Eastern Kentucky,0.0,0.41379310344827586,0.29411764705882354,1.0
4356,73549,Tafari Simms,Milwaukee,0.0,0.35294117647058826,0.6666666666666666,1.0
4357,73550,Selton Miguel,Kansas St.,0.75,0.225,0.125,0.85
4358,73552,Rory Pantophlet,Troy,0.0,0.6666666666666666,0.5,0.0
4359,73554,Dom London,Florida Gulf Coast,0.0,0.42857142857142855,0.0,0.7
4360,73555,Tyler Brelsford,George Washington,0.0,0.25,0.6,1.0
4361,73556,Supreme Cook,Fairfield,1.0,0.4528301886792453,0.2857142857142857,0.0
4362,73557,Connor Creech,Northern Colorado,0.0,0.0,0.0,0.0
4363,73558,Tony Perkins,Iowa,1.0,0.3333333333333333,0.4,1.0
4364,73561,Amound Anderson,Cal St. Northridge,0.0,0.6666666666666666,0.75,1.0
4365,73562,Julian Strawther,Gonzaga,1.0,0.5789473684210527,0.0,1.0
4366,73564,Jamahri Harvey,UNC Wilmington,0.0,0.08333333333333333,0.16666666666666666,1.0
4367,73565,Melvin Edwards Jr.,Charleston Southern,0.25,0.3684210526315789,0.25,0.9444444444444444
4368,73566,Duke Miles,Troy,0.5,0.11363636363636363,0.05263157894736842,0.75
4369,73567,Clarence Jackson,Wichita St.,0.0,0.47619047619047616,0.5,1.0
4370,73568,Jaden Seymour,Wichita St.,0.0,0.0,1.0,0.0
4371,73569,Jordan Geronimo,Indiana,0.8333333333333334,0.7142857142857143,1.0,1.0
4372,73571,Ricky Council IV,Wichita St.,0.5,0.38461538461538464,0.0,0.8
4373,73572,Trevin Wade,Wichita St.,0.0,0.0,0.0,0.0
4374,73573,Max Brooks,UMass Lowell,0.8,0.48148148148148145,0.25,1.0
4375,73574,Chris Youngblood,Kennesaw St.,1.0,0.5294117647058824,0.4666666666666667,0.8947368421052632
4376,73575,DeSean Woods,Southern,0.0,0.0,0.0,1.0
4377,73576,Terrance Williams II,Michigan,0.0,0.2857142857142857,0.16666666666666666,1.0
4378,73577,Matthew Wickizer,Utah St.,0.0,0.0,0.0,0.0
4379,73578,"Lamar Oden, Jr.",Drexel,0.0,0.6,0.16666666666666666,1.0
4380,73579,Tobias Rotegaard,UAB,0.0,0.0,0.0,1.0
4381,73580,Jalen Cook,LSU,0.0,0.3333333333333333,0.375,1.0
4382,73581,Zeb Jackson,Michigan,0.0,0.0,0.0,0.5
4383,73582,La-Quiem Walker,Tennessee Martin,0.0,0.5,0.75,1.0
4384,73583,Zahar Vedischev,Utah St.,0.0,0.0,0.0,0.6666666666666666
4385,73585,Ndongo Ndaw,Indiana St.,0.0,1.0,0.5,0.0
4386,73586,John Square Jr.,Fairleigh Dickinson,0.0,0.53125,0.3333333333333333,0.0
4387,73587,Wynton Brown,Northern Arizona,1.0,0.75,0.0,0.0
4388,73588,Christian Turner,Troy,0.0,0.5882352941176471,0.0,1.0
4389,73589,Sam Mennenga,Davidson,0.75,0.39285714285714285,0.0,0.9166666666666666
4390,73590,Nicholas Boyd,Florida Atlantic,0.0,0.2857142857142857,0.0,0.6666666666666666
4391,73592,Tyler Patterson,Montana St.,0.0,0.0,1.0,0.9523809523809523
4392,73593,Touba Traore,Niagara,0.0,0.6,0.0,0.0
4393,73595,Wendell Green Jr.,Eastern Kentucky,0.0,0.1206896551724138,0.08163265306122448,0.40425531914893614
4394,73596,Trey Bonham,VMI,0.0,0.22857142857142856,0.0,0.6111111111111112
4395,73597,Francesco Borra,UC Davis,0.0,0.0,0.0,0.0
4396,73599,Dwayne Koroma,Iona,0.0,0.5,0.0,1.0
4397,73600,Dylan Branson,Southeast Missouri St.,0.0,0.6666666666666666,0.25,1.0
4398,73601,Robert Hutchens,Seattle,0.0,0.0,0.0,0.0
4399,73603,Devin Evans,Nebraska Omaha,1.0,0.875,0.0,0.0
4400,73604,Nate Robinson,Seattle,0.0,0.2857142857142857,0.0,0.7272727272727273
4401,73605,DJ Nussbaum,VMI,0.0,0.8,0.0,0.0
4402,73606,Bryce Johnson,Sacred Heart,1.0,0.6,0.0,1.0
4403,73607,Max Shulga,Utah St.,0.0,0.5714285714285714,0.0,0.8333333333333334
4404,73608,Lunden Taylor,UC San Diego,0.0,1.0,0.0,0.0
4405,73609,Grant Nelson,North Dakota St.,0.3333333333333333,0.2727272727272727,0.06666666666666667,0.875
4406,73610,Isaiah Pope,Utah Tech,0.0,0.38461538461538464,0.0,0.9230769230769231
4407,73611,Demaree King,Jacksonville St.,0.0,0.1111111111111111,0.6,0.95
4408,73613,DeAndre Heckard,Stephen F. Austin,0.0,0.2222222222222222,0.2,1.0
4409,73615,Demarion Bariffe-Smith,Jackson St.,0.0,0.2857142857142857,0.0,0.0
4410,73616,Jayson Kent,Bradley,1.0,0.4,0.5,1.0
4411,73617,Justin Taphorn,Wisconsin,0.0,0.0,0.0,0.0
4412,73618,Jamal West,South Alabama,0.9090909090909091,0.4473684210526316,0.25,0.0
4413,73620,Thomas Hall,Bradley,0.0,0.0,0.0,1.0
4414,73621,A.J. McGinnis,UNC Greensboro,0.0,0.5,0.09090909090909091,0.926829268292683
4415,73622,JaCobi Wood,Belmont,0.0,0.2631578947368421,0.2857142857142857,0.65625
4416,73623,Seny Ndiaye,West Virginia,0.0,1.0,0.0,0.0
4417,73625,Kadary Richmond,Syracuse,0.25,0.11764705882352941,0.09090909090909091,0.8571428571428571
4418,73626,Even Brauns,Belmont,0.7142857142857143,0.7435897435897436,0.5,0.0
4419,73627,Cameron Sheffield,Rice,0.0,0.36363636363636365,0.0,0.95
4420,73628,Meikkel Murray,Central Michigan,0.8,0.3333333333333333,0.20689655172413793,0.75
4421,73629,Anthony D'Avanzo,Southern Illinois,0.8571428571428571,0.7380952380952381,0.14285714285714285,0.8823529411764706
4422,73630,Greg Brown III,Texas,0.8571428571428571,0.48717948717948717,0.4166666666666667,0.8666666666666667
4423,73631,George Nwogu,Cal St. Northridge,1.0,1.0,0.0,0.0
4424,73633,Kendal Coleman,Northwestern St.,0.7272727272727273,0.4807692307692308,0.8214285714285714,0.0
4425,73634,Marcus Hopkins,Tennessee Tech,0.75,0.72,0.2857142857142857,0.0
4426,73635,Damaria Franklin,Tennessee Tech,0.75,0.43859649122807015,0.26666666666666666,0.8
4427,73637,Andrew Wells,Eastern Michigan,0.0,0.0,0.0,0.0
4428,73638,Kerwin Walton,North Carolina,0.0,0.0,0.47058823529411764,0.896551724137931
4429,73640,Dwon Odom,Xavier,0.6666666666666666,0.5,0.48,1.0
4430,73641,Edoardo Del Cadia,UNLV,0.0,0.625,0.5,0.0
4431,73643,Tre Coleman,Nevada,1.0,0.5625,0.6666666666666666,0.9583333333333334
4432,73645,Eddie Creal,St. Bonaventure,0.0,0.6666666666666666,0.0,0.0
4433,73646,Marcus Williams,Wyoming,0.0,0.08620689655172414,0.030303030303030304,0.6388888888888888
4434,73647,Ronald Polite,George Mason,0.0,0.0,0.4,1.0
4435,73648,Jonte Coleman,Tennessee Martin,0.0,0.25,0.0,0.9
4436,73649,Jacob Jennissen,Colorado St.,0.0,1.0,0.0,0.0
4437,73650,Mayson Quartlebaum,Kennesaw St.,1.0,0.75,0.0,0.0
4438,73652,Kenny Burns,Kennesaw St.,0.0,0.0,0.0,1.0
4439,73653,Adetokunbo Bakare,NJIT,0.0,0.5,0.0,0.75
4440,73654,Jake Lieppert,Rice,0.0,0.0,0.0,0.8
4441,73655,Noble Cooper,Idaho St.,0.0,0.0,0.0,0.0
4442,73656,Mekhi Gray,NJIT,0.5,0.4666666666666667,0.14285714285714285,0.0
4443,73657,Xavier Fuller,South Dakota,0.0,0.7352941176470589,0.36363636363636365,0.9
4444,73658,Bilal Shabazz,Montana St.,0.0,0.0,0.0,0.5
4445,73659,Dalton Banks,Southern Illinois,0.0,0.48484848484848486,0.0,0.9375
4446,73660,Ramean Hinton,Western Illinois,0.0,0.3333333333333333,0.1875,0.68
4447,73661,Andre Curbelo,Illinois,0.2,0.11428571428571428,0.14705882352941177,0.4
4448,73662,Kaleb Thornton,Northern Illinois,1.0,0.21052631578947367,0.0,0.75
4449,73663,Will Pruitt,Lipscomb,0.0,0.25,0.0,0.9090909090909091
4450,73664,Braden Lamar,Western Illinois,0.0,0.0,0.0,1.0
4451,73665,Bennett Kwiecinski,Siena,0.0,0.0,0.0,0.0
4452,73666,JJ Flores,Western Illinois,0.0,0.0,0.0,1.0
4453,73667,Chinedu Okanu,Northern Illinois,0.75,0.5454545454545454,0.7272727272727273,0.0
4454,73669,Marko Andric,Little Rock,0.0,0.375,0.2222222222222222,1.0
4455,73671,Marcus Niblack,East Tennessee St.,0.0,0.0,0.0,1.0
4456,73672,Kamari Brown,Georgia Southern,0.75,0.5263157894736842,0.18181818181818182,0.9565217391304348
4457,73674,Bennedict Mathurin,Arizona,0.7692307692307693,0.5128205128205128,0.2727272727272727,0.9473684210526315
4458,73676,Fredelin De La Cruz,UT Arlington,1.0,0.48148148148148145,0.5,1.0
4459,73677,Bradley Akhile,Incarnate Word,1.0,0.6666666666666666,0.5,0.75
4460,73680,Darnell Brodie,Drake,1.0,0.5272727272727272,0.42,0.0
4461,73681,Leon Ayers III,Mercer,1.0,0.36538461538461536,0.28205128205128205,0.7586206896551724
4462,73682,Rashad Smith,Grand Canyon,0.0,0.0,0.0,1.0
4463,73683,Jadrian Tracey,Saint Joseph's,0.0,0.35714285714285715,0.2,0.7777777777777778
4464,73686,Keon Johnson,Tennessee,0.7333333333333333,0.4528301886792453,0.24444444444444444,1.0
4465,73687,Kaleim Taylor,Milwaukee,0.0,0.0,0.5,0.0
4466,73688,Montre' Gipson,Tarleton St.,0.0,0.38235294117647056,0.36363636363636365,0.9090909090909091
4467,73689,Jonathan Jackson,Liberty,0.0,0.6666666666666666,0.0,1.0
4468,73690,Shahada Wells,UT Arlington,0.25,0.2,0.21951219512195122,0.6666666666666666
4469,73691,Vladislav Goldin,Texas Tech,1.0,0.8333333333333334,0.0,0.0
4470,73692,Seryee Lewis,Kansas St.,0.5,0.5,0.3333333333333333,0.0
4471,73693,Brock Gilbert,Utah Tech,0.0,0.0,0.0,0.6666666666666666
4472,73694,Dylan Brougham,Nebraska Omaha,0.0,0.5,0.0,0.0
4473,73695,Emon Washington,Illinois St.,0.6666666666666666,0.4444444444444444,0.3333333333333333,1.0
4474,73696,Rongie Gordon,UAB,1.0,0.4666666666666667,0.625,1.0
4475,73697,Caleb Lohner,BYU,1.0,0.5428571428571428,0.45454545454545453,0.9473684210526315
4476,73698,Otis Frazier III,George Mason,0.0,0.3333333333333333,0.5,0.6
4477,73699,Kaleb Scott,Georgia St.,0.0,0.6,0.0,0.0
4478,73700,Nana Antwi-Boasiako,Stephen F. Austin,0.5,0.5,1.0,0.0
4479,73702,Nick Gazelas,Montana St.,0.0,0.25,0.0,0.9523809523809523
4480,73703,Jaden Quinerly,Alabama,0.0,0.0,0.0,0.0
4481,73704,Noah Taitz,Stanford,1.0,0.5,0.0,0.6363636363636364
4482,73705,Kaimen Lennox,UMKC,0.0,1.0,0.0,0.0
4483,73706,Jay Pal,Jacksonville St.,0.8,0.4074074074074074,0.25,0.9230769230769231
4484,73707,Semaj Henderson,Jacksonville St.,0.0,0.2,1.0,1.0
4485,73708,Cameron Boozer,Jacksonville,0.3333333333333333,0.4,0.0,0.0
4486,73709,Jordan Wilmore,Missouri,1.0,0.5,0.0,0.0
4487,73710,Jalen Finch,Jacksonville St.,0.0,0.06818181818181818,0.043478260869565216,0.92
4488,73711,Kevin Osawe,Western Kentucky,0.0,0.125,0.0,1.0
4489,73712,Zameron Boozer,Jacksonville,0.0,0.0,0.0,0.0
4490,73713,Marcellus Brigham Jr.,Jacksonville St.,0.0,0.3333333333333333,0.0,0.0
4491,73714,Jacob Ognacevic,Valparaiso,1.0,0.6666666666666666,1.0,0.9285714285714286
4492,73715,Jason Gallant,San Diego,0.0,0.0,0.0,0.0
4493,73716,Brandon Angel,Stanford,0.0,0.6666666666666666,0.0,0.8
4494,73717,Sheldon Edwards,Valparaiso,0.6666666666666666,0.38461538461538464,0.09090909090909091,0.8055555555555556
4495,73718,Gediminas Mokseckas,Campbell,1.0,0.55,0.6666666666666666,1.0
4496,73719,Jacksen Greco,Mercer,0.0,0.6,1.0,1.0
4497,73720,Kobe Williamson,Seattle,1.0,0.55,0.0,1.0
4498,73721,Marial Mading,Pacific,0.0,0.0,0.0,0.0
4499,73722,Justin Amadi,James Madison,0.7777777777777778,0.6909090909090909,0.5,1.0
4500,73723,Brandon Boston Jr.,Kentucky,0.4444444444444444,0.32558139534883723,0.36666666666666664,0.9
4501,73726,Daylan Hamilton,Western Michigan,0.0,0.0,0.8,1.0
4502,73727,Pierce Spencer,Nicholls St.,0.0,0.42857142857142855,0.0,1.0
4503,73728,Jacob Washington,Bowling Green,0.0,0.5416666666666666,1.0,0.0
4504,73729,Josiah Freeman,Western Michigan,0.0,0.25,0.75,0.8260869565217391
4505,73730,Isaiah Richards,Louisiana,1.0,0.5555555555555556,0.4444444444444444,0.0
4506,73731,Quinn Strander,Nicholls St.,0.0,0.0,0.0,0.0
4507,73732,Caleb Moss,VMI,0.0,0.0,0.0,0.0
4508,73733,James Jordan,Kent St.,0.0,0.2857142857142857,0.0,0.75
4509,73735,Mylyjael Poteat,Rice,1.0,0.7222222222222222,1.0,0.0
4510,73737,Tommy Murr,Lipscomb,0.0,0.0,0.0,0.0
4511,73739,Vuk Vulikic,UTEP,0.0,0.0,0.0,0.5
4512,73740,Paris Taylor,Green Bay,1.0,0.5,0.45454545454545453,0.0
4513,73743,BJ Marable,UNC Asheville,0.0,0.6,0.0,0.0
4514,73744,Micah Schnyders,Eastern Illinois,0.0,0.0,0.0,1.0
4515,73745,Caden Boser,UMKC,0.0,0.0,0.0,1.0
4516,73746,Szymon Zapala,Utah St.,0.0,0.25,0.0,0.0
4517,73747,Reece Brown,UNLV,1.0,0.8,1.0,0.0
4518,73748,William Dunn,Youngstown St.,1.0,0.4,0.0,1.0
4519,73751,Bakari LaStrap,IU Indy,0.0,0.125,0.4,1.0
4520,73752,Chanse Robinson,Buffalo,0.0,0.0,0.0,0.0
4521,73753,Kenny White Jr.,Tennessee Tech,0.0,0.23076923076923078,0.2727272727272727,0.6
4522,73754,Carvell Teasett,Northwestern St.,0.0,0.21428571428571427,0.09090909090909091,0.65
4523,73755,Jalen Stayton,Tennessee Tech,0.0,0.0,0.0,1.0
4524,73756,Lars Nilsen,Elon,0.0,0.0,0.5,0.0
4525,73758,Austin Harvell,Tennessee Tech,0.5714285714285714,0.6,0.0,1.0
4526,73760,Kiyron Powell,Houston,0.3333333333333333,0.25,1.0,0.0
4527,73761,Jayden Stone,Grand Canyon,0.0,0.0,1.0,1.0
4528,73763,Dalen Terry,Arizona,0.5,0.5555555555555556,0.7142857142857143,1.0
4529,73764,Tibet Gorener,Arizona,0.0,0.0,0.0,1.0
4530,73765,Azuolas Tubelis,Arizona,0.875,0.6875,0.9090909090909091,1.0
4531,73766,Max Klesmit,Wofford,0.0,0.16,0.25,0.92
4532,73767,Sam Godwin,Wofford,1.0,0.7619047619047619,0.5,0.0
4533,73768,Nick Pringle,Wofford,1.0,0.75,0.0,0.0
4534,73769,Tautvilas Tubelis,Arizona,0.0,0.0,0.0,0.0
4535,73770,Kerr Kriisa,Arizona,0.0,0.0,0.0,1.0
4536,73772,Keondre Montgomery,Mississippi St.,0.0,0.0,1.0,1.0
4537,73773,Lachlan Bofinger,UTSA,1.0,0.6666666666666666,1.0,0.0
4538,73774,Luke Champion,Samford,0.0,0.0,0.0,0.0
4539,73776,Kyler Filewich,Southern Illinois,1.0,0.6727272727272727,0.35294117647058826,0.0
4540,73778,Luke Kasubke,Kansas St.,0.0,1.0,0.6666666666666666,1.0
4541,73780,Myles Tate,Butler,0.0,0.16666666666666666,0.11764705882352941,0.7142857142857143
4542,73783,Darius Harding,Northern Kentucky,0.0,0.0,0.0,1.0
4543,73787,Dominick Harris,Gonzaga,1.0,0.2,0.0,0.5555555555555556
4544,73788,Nimari Burnett,Texas Tech,0.0,0.4,0.0,0.75
4545,73789,Devin Butler,VMI,0.0,0.0,0.0,1.0
4546,73790,RJ Davis,North Carolina,0.0,0.2916666666666667,0.13043478260869565,0.90625
4547,73791,Bol Tong,New Orleans,0.0,0.0,1.0,0.0
4548,73792,Justin Powell,Auburn,0.0,0.3,0.14285714285714285,0.7368421052631579
4549,73793,Kailen Rains,Cal St. Northridge,0.0,0.0,0.0,0.0
4550,73794,Devon Hancock,Milwaukee,0.0,1.0,0.2,0.9230769230769231
4551,73795,C.J. Wilcher,Xavier,0.0,0.7142857142857143,0.0,0.9
4552,73796,Dylan Cardwell,Auburn,0.7666666666666667,0.7317073170731707,0.0,0.0
4553,73797,Alex Merkviladze,Cal St. Northridge,1.0,0.65625,0.4,1.0
4554,73799,Eric Butler,Southern Illinois,0.0,0.0,0.0,0.0
4555,73800,Atin Wright,Cal St. Northridge,0.0,0.25,0.0,0.7222222222222222
4556,73801,Isiah Warfield,Liberty,0.0,0.0,0.0,1.0
4557,73802,Dericko Williams,UNC Greensboro,0.5714285714285714,0.6363636363636364,0.0,0.0
4558,73803,Jake Cook,LIU,1.0,1.0,0.0,0.0
4559,73805,Jeff Woodward,Colgate,1.0,0.5833333333333334,0.25,0.0
4560,73806,Kyle Jenkins,Lafayette,0.6666666666666666,0.7222222222222222,0.8,0.9047619047619048
4561,73808,Mikeal Brown-Jones,VCU,1.0,0.375,0.0,1.0
4562,73809,Johnny Brown,Florida A&M,0.0,0.5384615384615384,0.625,1.0
4563,73810,Sam Thomson,Colgate,1.0,0.75,1.0,0.0
4564,73811,Ronnie DeGray III,Massachusetts,1.0,0.5172413793103449,0.6666666666666666,0.9
4565,73812,Frantisek Barton,Mount St. Mary's,1.0,0.8125,0.5,1.0
4566,73813,Winston Moore,Mount St. Mary's,0.0,0.0,0.0,0.0
4567,73814,Adrian Baldwin Jr.,VCU,0.0,0.35294117647058826,0.0,0.5384615384615384
4568,73815,Jon Brantley,Lafayette,0.0,0.0,0.6666666666666666,1.0
4569,73817,Kenyon Holcombe,Incarnate Word,1.0,0.6666666666666666,0.0,1.0
4570,73818,Deuce Turner,Bucknell,0.5,0.09090909090909091,0.0,0.6666666666666666
4571,73819,Josh Reaves,Mount St. Mary's,0.0,0.0,0.23529411764705882,0.95
4572,73820,Quinton Mincey,Mount St. Mary's,0.0,0.0,0.0,0.0
4573,73821,Dyondre Dominguez,Massachusetts,0.0,1.0,0.0,1.0
4574,73822,Cairo McCrory,Massachusetts,0.6666666666666666,0.42857142857142855,0.3333333333333333,1.0
4575,73823,Dante Gonzales,Tennessee Martin,0.0,0.0,0.0,0.5
4576,73828,Josh Adoh,Bucknell,0.0,0.0,0.0,1.0
4577,73829,Andre Screen,Bucknell,0.8571428571428571,0.6153846153846154,0.375,0.0
4578,73830,Dakota Leffew,Mount St. Mary's,0.0,0.0,0.0,0.9
4579,73831,Kaodirichi Akobundu-Ehiog,UT Arlington,0.8,0.7368421052631579,0.0,0.0
4580,73832,Javohn Garcia,Massachusetts,0.0,0.38461538461538464,0.14285714285714285,0.5384615384615384
4581,73833,Alex Capitano,Colgate,0.0,0.25,0.0,1.0
4582,73834,Brady Antonopoulos,Massachusetts,0.0,0.0,0.0,0.0
4583,73835,DaJion Humphrey,Holy Cross,0.0,0.2,0.3333333333333333,1.0
4584,73836,Malcolm Townsel,Holy Cross,0.0,1.0,0.0,0.0
4585,73838,Louth-M Coulibaly,Holy Cross,0.0,0.0,0.0,0.0
4586,73839,Judson Martindale,Holy Cross,0.0,0.18181818181818182,0.2,0.9
4587,73840,Caelan Jones,Boston University,0.0,0.0,0.0,0.0
4588,73841,Miles Brewster,Boston University,0.0,1.0,0.0,1.0
4589,73842,Anthony Morales,Boston University,0.0,0.3333333333333333,0.0,1.0
4590,73843,Jalin Sinclair,Lehigh,0.0,0.25,0.0,0.75
4591,73844,R.J. Johnson,Holy Cross,0.0,0.07142857142857142,0.0,0.5
4592,73845,Bo Montgomery,Holy Cross,0.0,0.2857142857142857,0.25,1.0
4593,73846,Michael Rabinovich,Holy Cross,0.0,1.0,0.0,0.0
4594,73847,Colin Smalls,American,0.0,0.0,0.2,1.0
4595,73848,Christian Lorng,American,1.0,0.75,0.5,0.0
4596,73849,Johnny O'Neil,American,0.5,0.3333333333333333,0.0,0.9375
4597,73850,Matt Rogers,American,1.0,0.46153846153846156,0.5,1.0
4598,73852,Chris Gleaton,American,0.0,0.0,0.0,0.0
4599,73853,Najee Thomas,Hampton,0.5,0.6,0.0,0.0
4600,73854,Jalen Rucker,Army,0.0,0.125,0.10714285714285714,0.7058823529411765
4601,73855,Eric Sondberg,Lafayette,0.0,1.0,0.0,1.0
4602,73860,Jackson Gore,Wofford,0.0,0.0,0.0,0.0
4603,73862,Josh Sanders,Weber St.,0.0,0.0,0.0,0.0
4604,73864,Nehemie Kabeya,North Carolina Central,1.0,0.5,0.0,0.0
4605,73865,Ryan Marcus,Massachusetts,0.0,0.0,0.0,0.0
4606,73866,Charlie Peterson,Army,1.0,0.7333333333333333,1.0,0.0
4607,73867,Jared Cross,Army,0.0,0.6666666666666666,1.0,0.9285714285714286
4608,73869,Kwabena Davis,Army,0.0,0.0,0.0,1.0
4609,73871,Nigel Scantlebury,Central Connecticut,0.0,0.034482758620689655,0.07692307692307693,0.8
4610,73872,Jamir Watkins,VCU,0.8181818181818182,0.4482758620689655,0.1,0.7272727272727273
4611,73874,Noah Jager,Army,0.0,0.5,0.0,1.0
4612,73876,Elijah Seward,Hampton,0.0,0.0,0.0,0.75
4613,73877,Alonso Faure,Loyola MD,1.0,0.5357142857142857,0.5,1.0
4614,73879,Matt Dove,Army,0.75,0.6,0.0,0.0
4615,73882,Wade Jackson,Loyola MD,0.0,0.5,0.0,1.0
4616,73883,Quadry Adams,Wake Forest,0.5,0.6666666666666666,0.0,0.0
4617,73884,Tre Mitchell,Central Connecticut,0.0,0.25,0.3,0.9375
4618,73885,Dominic Parolin,Lehigh,1.0,0.7037037037037037,0.8,0.0
4619,73887,Ben Li,Lehigh,0.0,0.18181818181818182,1.0,1.0
4620,73888,Jayshen Saigal,Lehigh,0.0,0.0,0.0,0.0
4621,73889,Emmanuel Okpomo,Wake Forest,1.0,1.0,0.0,0.0
4622,73890,Lorenzo Donadio,American,0.0,0.3333333333333333,0.3333333333333333,1.0
4623,73891,Josh Banks,VCU,1.0,0.5714285714285714,0.2,1.0
4624,74019,Alexander Perry,Mississippi Valley St.,0.0,0.25,0.5,0.9285714285714286
4625,74024,Floyd Rideau Jr.,South Carolina St.,0.5,0.42857142857142855,0.058823529411764705,0.6086956521739131
4626,74034,Steve Settle III,Howard,0.5,0.7272727272727273,1.0,0.8333333333333334
4627,74051,Stephan Swenson,Stetson,0.0,0.13333333333333333,0.0,0.5384615384615384
4628,74060,Latavian Lawrence,South Carolina St.,0.5714285714285714,0.47619047619047616,0.5,0.9285714285714286
4629,74061,Oumar Diahame,Saint Peter's,0.0,0.6666666666666666,0.5,0.0
4630,74063,Dylan Penn,Bellarmine,1.0,0.4,0.2413793103448276,1.0
4631,74064,Garrett Tipton,Bellarmine,0.0,0.0,0.0,1.0
4632,74065,Zac Jennings,Bellarmine,0.0,0.0,0.0,0.0
4633,74066,Alec Pfriem,Bellarmine,0.0,0.7647058823529411,0.42857142857142855,1.0
4634,74067,James Berry III,Merrimack,0.0,0.0,0.0,1.0
4635,74068,Jamille Reynolds,UCF,0.5,0.4,0.5714285714285714,0.0
4636,74069,Isaiah Adams,UCF,0.42857142857142855,0.3958333333333333,0.38461538461538464,1.0
4637,74071,Malik Edmead,Merrimack,1.0,0.21875,0.05,0.6666666666666666
4638,74072,Drew Comer,Bellarmine,0.0,1.0,0.0,1.0
4639,74073,Nick Thelen,Bellarmine,1.0,0.8275862068965517,1.0,0.0
4640,74074,CJ Fleming,Bellarmine,0.0,0.3157894736842105,0.0,0.8372093023255814
4641,74075,Baylor Younker,Bellarmine,0.0,0.0,0.0,0.0
4642,74077,Bash Wieland,Bellarmine,0.0,0.8181818181818182,0.25,0.0
4643,74079,Jemal Davis,South Carolina St.,0.7777777777777778,0.5151515151515151,0.6666666666666666,1.0
4644,74080,Themus Fulks,South Carolina St.,0.0,0.07142857142857142,0.1111111111111111,0.8333333333333334
4645,74081,Wesley Taylor,Jackson St.,0.0,0.0,0.0,1.0
4646,74082,Jadakiss Wright,South Carolina St.,0.0,0.0,0.3333333333333333,1.0
4647,74084,Sebastian Guitian,South Carolina St.,0.0,0.4666666666666667,0.625,0.0
4648,74085,Abdallah Wague,St. Francis NY,0.0,0.0,0.0,0.0
4649,74086,Vuk Stevanic,St. Francis NY,0.0,0.6071428571428571,0.7368421052631579,0.0
4650,74087,David Muenkat,St. Francis NY,1.0,0.358974358974359,0.42857142857142855,1.0
4651,74089,Jeriah Coleman,Saint Francis,1.0,1.0,0.0,0.0
4652,74090,Artemios Gavalas,St. John's,0.0,0.0,0.0,0.0
4653,74091,Dallas James,South Carolina St.,1.0,0.5,1.0,1.0
4654,74093,Davante Robinson,Stetson,0.0,0.0,0.0,0.0
4655,74094,Eden Davis,Texas A&M Corpus Chris,0.0,0.0,0.0,0.6666666666666666
4656,74095,Micheal Tate Jr.,Jackson St.,0.0,1.0,0.0,1.0
4657,74096,DeLonnie Hunt,Wagner,0.0,0.23529411764705882,0.2,0.8928571428571429
4658,74097,Sylwester Granda,Seton Hall,0.0,0.0,0.0,0.0
4659,74098,Elijah Hardison,St. Francis NY,1.0,0.6,0.0,0.0
4660,74099,Zahree Harrison,Saint Francis,0.0,0.1,0.25,1.0
4661,74100,Ronell Giles Jr.,Saint Francis,0.0,0.3548387096774194,0.21428571428571427,0.9411764705882353
4662,74101,Maxwell Land,Saint Francis,0.0,0.5454545454545454,0.08333333333333333,0.8695652173913043
4663,74107,Quoiren Walden,Mississippi Valley St.,0.0,0.3333333333333333,1.0,0.0
4664,74108,Rashamel Bulter,South Carolina St.,0.0,0.5,0.0,0.0
4665,74109,Treylan Smith,Mississippi Valley St.,0.0,0.29411764705882354,0.2727272727272727,0.7741935483870968
4666,74110,Alex Perry,Mississippi Valley St.,0.0,0.0,0.0,0.0
4667,74111,Carlos Rosario,McNeese St.,1.0,0.7213114754098361,0.5555555555555556,0.0
4668,74112,Jalani Bell,Jackson St.,0.0,0.0,0.0,0.0
4669,74113,Will Garvey,Presbyterian,0.0,0.0,0.0,0.0
4670,74114,Joseph Octave,Air Force,1.0,0.5333333333333333,0.0,1.0
4671,74115,Glen McClintock,Air Force,0.0,0.45454545454545453,0.2857142857142857,1.0
4672,74117,Ryan Isaacson,Merrimack,0.0,0.25,0.0,1.0
4673,74118,Kerry Richardson,Texas A&M Corpus Chris,0.5,0.4166666666666667,0.0,0.0
4674,74126,Jadan Coleman,Tulane,0.0,0.6666666666666666,0.3333333333333333,1.0
4675,74127,Sion James,Tulane,0.5,0.34375,0.2,0.8571428571428571
4676,74128,Elijah Allen,Wagner,0.0,0.2,0.0,1.0
4677,74129,Majok Madol,South Carolina St.,0.0,0.4444444444444444,0.0,0.0
4678,74131,Keiondre Jefferson,Mississippi Valley St.,0.16666666666666666,0.36363636363636365,0.5,1.0
4679,74132,Ronald Williams,Mississippi Valley St.,0.0,0.75,0.0,0.0
4680,74133,Donalson Fanord,Mississippi Valley St.,1.0,0.75,0.3333333333333333,0.0
4681,74134,Terry Collins,Mississippi Valley St.,0.0,0.125,0.3076923076923077,0.8085106382978723
4682,74135,Devin Gordon,Mississippi Valley St.,0.0,0.16666666666666666,0.4444444444444444,0.8888888888888888
4683,74136,Quavon Blackwood,Mississippi Valley St.,0.0,0.6666666666666666,0.6666666666666666,1.0
4684,74137,Kam'ron Cunningham,Mississippi Valley St.,0.5,0.2727272727272727,0.16666666666666666,0.7777777777777778
4685,74140,Ben Callahan-Gold,Tulane,0.0,0.0,0.0,0.0
4686,74142,Hezekiah Quinlan,Jackson St.,0.0,0.0,0.3333333333333333,1.0
4687,74143,Jansen Davidson JR.,Ohio St.,0.0,0.0,0.0,0.0
4688,74144,Andrew Malveaux III,Texas Southern,0.0,0.0,0.0,0.0
4689,74145,Amar Ross,USC,0.0,0.0,0.0,0.5
4690,74146,Heri Ngalamulume,Tarleton St.,0.0,0.0,0.0,0.0
4691,74147,Braelon Bush,McNeese St.,0.0,0.0,0.2,1.0
4692,74149,Darryl Jordan,Jackson St.,0.0,0.0,0.0,0.0
4693,74150,Dallas Howell,North Alabama,0.0,0.0,1.0,0.6666666666666666
4694,74164,Jay Moore,West Virginia,0.0,0.0,0.0,0.0
4695,74165,Austin Patterson,Wofford,0.0,0.0,0.0,1.0
4696,74168,Sal Xheraj,Fairleigh Dickinson,0.0,1.0,0.0,0.0
4697,74169,Ty Harper,Louisiana,0.6666666666666666,0.2631578947368421,0.18181818181818182,0.8
4698,74181,Kobe Hargrove,Arkansas Pine Bluff,0.0,0.0,0.0,0.0
4699,74182,Ambaka Le Gregam,Presbyterian,0.0,0.125,0.6666666666666666,0.875
4700,74184,Chad Venning,Morgan St.,0.0,0.6666666666666666,0.0,0.0
4701,74185,Reese Waters,USC,0.0,0.0,0.0,1.0
4702,74186,Ben Gregg,Gonzaga,0.0,0.25,0.0,0.5
4703,74187,Mustapha Amzil,Dayton,0.0,0.6842105263157895,0.6956521739130435,0.9615384615384616
4704,74188,Babacar Diallo,Saint Peter's,0.0,0.0,0.0,0.0
4705,74189,James Graham III,Maryland,0.0,0.0,0.0,0.0
4706,74190,Carter Whitt,Wake Forest,0.0,0.0,0.0,0.6923076923076923
4707,74192,Meechie Johnson Jr.,Ohio St.,0.0,0.0,0.0,0.8333333333333334
4708,74193,Matt Davis,Charleston Southern,0.0,0.0,0.0,0.0
4709,74194,Leandre Howard,Mississippi Valley St.,0.8125,0.782608695652174,0.0,0.0
4710,74195,Bernie Andre,FIU,0.0,1.0,0.0,0.8
4711,74196,Isaiah Folkes,Charlotte,0.0,0.0,0.0,0.0
4712,74200,Charlie Yoder,Incarnate Word,0.0,0.6,0.5,1.0
4713,74202,Karl Nicholas,Texas Southern,0.76,0.5113636363636364,0.5652173913043478,0.0
4714,74203,Franck Kepnang,Oregon,0.6666666666666666,0.5,0.6,0.0
4715,74204,Keon Edwards,DePaul,1.0,0.5,0.0,1.0
4716,74206,Tre-Vaughn Minott,South Carolina,0.8,0.8571428571428571,0.6666666666666666,0.0
4717,74207,Zane Butler,SIU Edwardsville,0.0,0.0,1.0,1.0
4718,74208,Isaiah Williams,Jackson St.,0.0,0.3333333333333333,0.5,1.0
4719,74209,Arkel Lamar,UMKC,1.0,0.2857142857142857,0.375,1.0
4720,74210,Justin Thomas,Alcorn St.,0.0,0.2,0.5,0.0
4721,74212,Sadaidriene Hall,East Tennessee St.,0.0,0.0,0.0,0.0
4722,74213,Gerald Doakes,New Mexico St.,0.0,0.0,0.0,1.0
4723,74215,Jordan Nesbitt,Memphis,0.0,0.0,0.0,1.0
4724,74216,Quinn Pemberton,Boston College,0.0,0.0,0.0,0.0
4725,74217,David Jones,DePaul,0.0,0.06666666666666667,0.0,0.0
4726,74218,Mac Etienne,UCLA,1.0,0.6363636363636364,0.5,0.0
4727,74219,Ryan Woods,Arkansas Pine Bluff,0.0,1.0,0.0,0.0
4728,74221,Lysander Rehnstrom,George Mason,0.0,0.0,0.0,0.0
4729,74222,Trey James,Iona,0.0,0.0,0.0,0.0
4730,74230,Stavros Polatoglou,Northwestern St.,0.0,0.0,0.0,0.0
