,pid,player,team,dunkasst,rimasst,midasst,3Passt
0,44344,Jailyn Ingram,Georgia,0.0,1.0,0.0,0.9473684210526315
1,45840,Deandre Dishman,Middle Tennessee,0.75,0.30097087378640774,0.0,0.0
2,46161,DeJuan Clayton,California,0.0,0.0,0.14285714285714285,0.45
3,46357,Brevin Galloway,Clemson,0.0,0.21818181818181817,0.0,0.8
4,46366,Michael Henn,Penn St.,0.0,0.8666666666666667,0.0,0.9230769230769231
5,50190,David Maynard,The Citadel,0.0,0.5384615384615384,0.5,0.9230769230769231
6,50194,Andrew Platek,Siena,0.0,0.5172413793103449,0.391304347826087,0.9705882352941176
7,50217,Jack Perry,Portland,0.0,0.0,0.0,0.8888888888888888
8,50219,Ra Kpedi,Purdue Fort Wayne,0.85,0.6103896103896104,1.0,0.0
9,50224,Emmanuel Akot,Western Kentucky,0.75,0.37037037037037035,0.047619047619047616,0.8235294117647058
10,50231,Justice Sueing,Ohio St.,0.6,0.2463768115942029,0.16666666666666666,0.8214285714285714
11,50235,Kobe King,Valparaiso,0.5454545454545454,0.4020618556701031,0.1891891891891892,0.7894736842105263
12,50250,Parker Stewart,Tennessee Martin,1.0,0.4166666666666667,0.17073170731707318,0.7727272727272727
13,50253,Marcus Carr,Texas,0.0,0.2564102564102564,0.1839080459770115,0.7804878048780488
14,50275,Jordan Davis,Jacksonville,0.4,0.1951219512195122,0.09090909090909091,0.84
15,50284,Terrence Lewis,Grambling St.,0.0,1.0,0.0,1.0
16,50286,Luka Vasic,East Texas A&M,0.0,0.7368421052631579,0.42857142857142855,0.92
17,50290,Nike Sibande,Pittsburgh,1.0,0.2608695652173913,0.2,0.7674418604651163
18,50312,Tydus Verhoeven,Northwestern,1.0,0.7586206896551724,0.8,0.0
19,50314,Eric Williams Jr.,San Diego,0.5454545454545454,0.38461538461538464,0.2916666666666667,0.7777777777777778
20,50351,Darius McNeill,Troy,0.0,0.20512820512820512,0.1,0.8
21,50363,Bryan Trimble Jr.,Missouri St.,0.0,0.0,0.0,0.8333333333333334
22,50369,Marco Anthony,Utah,0.75,0.34,0.5531914893617021,1.0
23,50413,Nelly Cummings,Pittsburgh,0.0,0.11764705882352941,0.1951219512195122,0.6065573770491803
24,50454,Desmond Cambridge Jr.,Arizona St.,0.7777777777777778,0.4827586206896552,0.33962264150943394,0.8658536585365854
25,50481,Ejike Obinna,Saint Joseph's,0.8571428571428571,0.7023809523809523,0.3333333333333333,0.0
26,50491,Joe Quintana,Cal Baptist,0.0,0.3333333333333333,0.25,0.7727272727272727
27,50551,Jerald Gillens-Butler,Elon,0.0,0.23529411764705882,0.06666666666666667,0.9444444444444444
28,50552,Cooper Neese,Indiana St.,0.0,0.6896551724137931,0.3,0.6785714285714286
29,50569,Malek Green,Youngstown St.,0.5555555555555556,0.4434782608695652,0.38461538461538464,0.9230769230769231
30,50575,Vin Baker Jr.,Milwaukee,1.0,0.8333333333333334,1.0,0.0
31,50590,Greg Elliott,Pittsburgh,0.0,0.4166666666666667,0.38461538461538464,0.948051948051948
32,50594,Makai Ashton-Langford,Boston College,0.0,0.31746031746031744,0.18604651162790697,0.8181818181818182
33,50619,Walter Whyte,Boston University,1.0,0.2948717948717949,0.15151515151515152,0.8478260869565217
34,50631,Connor McCaffery,Iowa,1.0,0.42857142857142855,0.3333333333333333,0.8157894736842105
35,50642,Marquis Godwin,Hampton,0.0,0.5,0.28205128205128205,0.813953488372093
36,50666,Ricky Nelson,Prairie View A&M,0.0,0.0,0.3333333333333333,1.0
37,50683,Will Douglas,Prairie View A&M,0.8333333333333334,0.4576271186440678,0.3384615384615385,0.75
38,50689,Justyn Mutts,Virginia Tech,0.6111111111111112,0.3984375,0.30952380952380953,1.0
39,50697,Sarju Patel,Albany,0.0,0.6666666666666666,0.2,0.9722222222222222
40,50699,Victor Enoh,UNC Wilmington,0.0,0.0,0.0,0.0
41,50709,Jamal Johnson,Chattanooga,0.0,0.6578947368421053,0.07142857142857142,0.9090909090909091
42,50718,Dan Akin,Utah St.,0.9183673469387755,0.751937984496124,0.6666666666666666,1.0
43,50741,Abayomi Iyiola,Kansas St.,0.5,0.8529411764705882,1.0,0.0
44,50749,Taylor Funk,Utah St.,0.7272727272727273,0.532258064516129,0.38095238095238093,0.8888888888888888
45,50768,Hunter Maldonado,Wyoming,0.0,0.175,0.025,0.782608695652174
46,50779,Dwight Wilson III,Ohio,0.8,0.38461538461538464,0.06666666666666667,0.0
47,50783,Chauncey Hawkins,Bryant,0.0,0.16666666666666666,0.0,1.0
48,50797,Caleb Daniels,Villanova,0.4,0.18518518518518517,0.06896551724137931,0.5466666666666666
49,50803,Buay Koka,Detroit Mercy,0.8571428571428571,0.8,0.75,0.0
50,50851,Felipe Haase,Southern Miss,1.0,0.525,0.5476190476190477,0.9833333333333333
51,50870,Marcus Shaver Jr.,Boise St.,0.0,0.14754098360655737,0.11428571428571428,0.27586206896551724
52,50878,Sam Iorio,Niagara,1.0,0.6530612244897959,0.42857142857142855,0.9444444444444444
53,50880,Devon Cooper,George Mason,0.0,0.2,0.4166666666666667,0.8769230769230769
54,50881,Cam Martin,Kansas,0.0,0.0,1.0,1.0
55,50911,A.J. Oliver II,Detroit Mercy,0.75,0.34375,0.47058823529411764,0.972972972972973
56,50927,Clifton Moore,Providence,0.7777777777777778,0.6388888888888888,0.7058823529411765,1.0
57,50939,Noah Baumann,Grand Canyon,0.0,0.3333333333333333,0.3333333333333333,0.9074074074074074
58,50942,Jacob Grandison,Duke,0.6666666666666666,0.625,0.2857142857142857,1.0
59,50957,Cameron Christon,Grambling St.,0.7,0.5384615384615384,0.3409090909090909,0.8695652173913043
60,50994,Roman Penn,Drake,0.0,0.2727272727272727,0.11538461538461539,0.8571428571428571
61,51000,Lewis Djonkam,Morgan St.,1.0,0.4583333333333333,0.6060606060606061,0.0
62,51013,David Jenkins Jr.,Purdue,0.0,1.0,0.26666666666666666,0.6428571428571429
63,51021,Hayden Brown,South Carolina,0.625,0.4742268041237113,0.09090909090909091,0.9583333333333334
64,51047,Greg Parham,South Alabama,0.0,0.22727272727272727,0.041666666666666664,0.7317073170731707
65,51048,Bubba Parham,Samford,0.0,0.0,0.2,0.46296296296296297
66,51094,Nigel Shadd,Delaware,0.0,0.6,0.0,0.0
67,51100,Ledarrius Brewer,UAB,0.75,0.5217391304347826,0.36,0.8611111111111112
68,51111,Samuta Avea,Hawaii,0.8,0.5,0.14285714285714285,0.7837837837837838
69,51114,Kris Bankston,Norfolk St.,0.7121212121212122,0.5727272727272728,0.6842105263157895,1.0
70,51125,Umoja Gibson,DePaul,0.0,0.1836734693877551,0.2,0.6292134831460674
71,51170,Souley Boum,Xavier,0.0,0.3076923076923077,0.4418604651162791,0.7435897435897436
72,51181,Derrick Walker,Nebraska,1.0,0.4140625,0.22857142857142856,1.0
73,51238,Isaac Kante,Massachusetts,1.0,0.75,0.25,0.0
74,51244,Antwan Walker,Bryant,0.7647058823529411,0.5569620253164557,0.12121212121212122,0.84375
75,51265,A.J. Caldwell,Chattanooga,0.0,0.35,0.5,0.9534883720930233
76,51304,Galen Alexander,Texas Southern,0.0,0.0,0.0,0.0
77,51323,Dedric Boyd,Tennessee St.,0.0,0.18181818181818182,0.13043478260869565,0.90625
78,51327,Donald Carey,Maryland,0.0,0.38461538461538464,0.07142857142857142,0.7368421052631579
79,51329,Bobby Planutis,Purdue Fort Wayne,1.0,0.40625,0.2,0.9285714285714286
80,51415,Jarkel Joiner,N.C. State,0.6,0.2714285714285714,0.1323529411764706,0.5
81,51497,Chuck O'Bannon Jr.,TCU,0.7777777777777778,0.5625,0.4666666666666667,0.926829268292683
82,51545,Garrett Covington,Youngstown St.,0.0,0.75,0.0,0.9047619047619048
83,51547,Jarvis Doles,UMBC,0.0,0.39622641509433965,0.45714285714285713,1.0
84,51573,Takal Molson,James Madison,0.6,0.2923076923076923,0.05555555555555555,0.8333333333333334
85,51593,Jack Nunge,Xavier,0.9090909090909091,0.7142857142857143,0.7708333333333334,0.975
86,51618,Miryne Thomas,Kent St.,0.8,0.5111111111111111,0.42857142857142855,0.9016393442622951
87,51627,Oliver Lynch-Daniels,Colgate,0.0,0.6428571428571429,0.4583333333333333,0.9615384615384616
88,51686,Keaton Hervey,Oakland,0.5714285714285714,0.4025974025974026,0.23076923076923078,0.875
89,51703,Tyree Appleby,Wake Forest,0.0,0.034482758620689655,0.045454545454545456,0.4935064935064935
90,51784,Jason Whitens,Michigan St.,0.0,1.0,0.0,0.0
91,51800,Marek Nelson,Nicholls St.,0.5,0.5,0.5,1.0
92,51844,Brion Whitley,Southern,0.2,0.35294117647058826,0.3,0.9516129032258065
93,51861,Jamir Moultrie,Canisius,0.0,0.42857142857142855,0.18518518518518517,0.775
94,51881,Victor Bailey Jr.,George Mason,0.6666666666666666,0.5882352941176471,0.3333333333333333,0.9636363636363636
95,51885,James Beck,New Mexico St.,0.5,0.4666666666666667,0.0,1.0
96,51897,Cam Bacote,Western Carolina,0.0,0.0,0.0,0.0
97,52022,Virshon Cotton,Grambling St.,0.0,0.1875,0.25,0.85
98,52092,Kevion Nolan,Jacksonville,0.0,0.034482758620689655,0.32142857142857145,0.6271186440677966
99,52175,Javan Johnson,DePaul,0.8333333333333334,0.38461538461538464,0.12,0.8902439024390244
100,52220,Tyreke Key,Tennessee,1.0,0.5,0.4,0.9787234042553191
101,52230,Mamadou Doucoure,La Salle,0.6666666666666666,0.6153846153846154,0.6363636363636364,0.0
102,52257,Jamir Harris,Seton Hall,0.0,0.2857142857142857,0.0,0.9259259259259259
103,52280,Omar El-Sheikh,Arkansas St.,0.9166666666666666,0.5339805825242718,0.5882352941176471,1.0
104,52346,Eral Penn,DePaul,0.9285714285714286,0.6164383561643836,0.6470588235294118,1.0
105,65428,Darius Quisenberry,Fordham,0.0,0.18840579710144928,0.043478260869565216,0.6142857142857143
106,65429,Jelani Simmons,Southern Indiana,0.5,0.3684210526315789,0.3684210526315789,0.7884615384615384
107,65433,Caleb Fuller,Montana St.,0.6666666666666666,0.32558139534883723,0.2727272727272727,0.8
108,65436,Brandon Slater,Villanova,0.125,0.39622641509433965,0.2,0.9428571428571428
109,65437,Luis Hurtado Jr.,Mercer,0.0,0.21428571428571427,0.1,0.8888888888888888
110,65440,Tim Fuller,Utah Valley,0.875,0.6233766233766234,0.6842105263157895,0.0
111,65442,Kihei Clark,Virginia,0.0,0.14545454545454545,0.17647058823529413,0.8108108108108109
112,65443,Robby Carmody,Notre Dame,0.0,0.0,0.0,0.0
113,65448,Will McNair Jr.,Mississippi St.,1.0,0.5517241379310345,0.5333333333333333,1.0
114,65450,Nate Laszewski,Notre Dame,0.8571428571428571,0.5657894736842105,0.3333333333333333,0.9821428571428571
115,65456,Tanner Groves,Oklahoma,0.75,0.5294117647058824,0.7272727272727273,1.0
116,65459,Leaky Black,North Carolina,0.3333333333333333,0.5116279069767442,0.06666666666666667,0.9285714285714286
117,65464,Mohammed Abdulsalam,UNC Greensboro,0.0,0.5441176470588235,0.375,0.0
118,65465,Victor Bafutto,Louisiana Monroe,0.7692307692307693,0.609375,0.9166666666666666,0.0
119,65466,Angelo Allegri,Eastern Washington,0.2,0.2028985507246377,0.23809523809523808,0.7777777777777778
120,65468,Deandre Thomas,Mount St. Mary's,0.0,0.3,0.2777777777777778,0.8666666666666667
121,65469,Robert Allen,Mississippi,1.0,0.65,0.7142857142857143,1.0
122,65472,Larry Moreno,St. Francis NY,0.0,0.2857142857142857,0.5,0.7692307692307693
123,65475,Gabe Watson,Jackson St.,0.0,0.4,0.25,0.875
124,65479,Hunter Tyson,Clemson,0.6111111111111112,0.48333333333333334,0.20689655172413793,0.891566265060241
125,65480,Montez Mathis,St. John's,0.5,0.6,0.75,0.8571428571428571
126,65481,Caleb McConnell,Rutgers,0.4,0.4897959183673469,0.28205128205128205,1.0
127,65482,Emmanuel Dowuona,Tennessee St.,1.0,0.75,0.0,0.0
128,65483,Eric Hunter Jr,Butler,0.0,0.325,0.125,0.7096774193548387
129,65488,Cameron Healy,Southern Utah,0.0,0.06666666666666667,0.25,0.6346153846153846
130,65489,Jermaine Couisnard,Oregon,0.0,0.1724137931034483,0.16666666666666666,0.90625
131,65492,Colin Castleton,Florida,0.7,0.40186915887850466,0.2682926829268293,1.0
132,65493,David DeJulius,Cincinnati,1.0,0.35135135135135137,0.18888888888888888,0.41818181818181815
133,65494,Ricky Lindo Jr.,George Washington,0.7,0.5652173913043478,0.6,0.9333333333333333
134,65500,Christian Bishop,Texas,0.8695652173913043,0.6309523809523809,0.3333333333333333,0.0
135,65502,Bryce Golden,Loyola Chicago,1.0,0.6363636363636364,0.18181818181818182,1.0
136,65503,Markeese Hastings,Western Michigan,0.75,0.39622641509433965,0.5,0.9375
137,65504,Efe Odigie,SMU,1.0,0.5925925925925926,0.5740740740740741,1.0
138,65506,Greg Williams Jr.,Louisiana,0.4,0.43103448275862066,0.0625,0.8070175438596491
139,65507,Marcellus Earlington,San Diego,0.0,0.4567901234567901,0.2222222222222222,0.7777777777777778
140,65509,DeVon Baker,Ohio,0.0,0.2727272727272727,0.1590909090909091,0.6
141,65513,Junior Ballard,Weber St.,0.0,0.3,0.0,0.90625
142,65514,Filip Rebraca,Iowa,0.9047619047619048,0.5968992248062015,0.5869565217391305,1.0
143,65518,Deante Johnson,Cleveland St.,0.76,0.6266666666666667,0.55,0.0
144,65528,Onyi Eyisi,Cal St. Northridge,1.0,0.5833333333333334,0.375,0.0
145,65529,Aljaz Kunc,Iowa St.,1.0,0.6428571428571429,0.5,0.9629629629629629
146,65530,Joey Hauser,Michigan St.,0.0,0.3125,0.5636363636363636,1.0
147,65534,Mezie Offurum,James Madison,0.7058823529411765,0.5921052631578947,0.09090909090909091,1.0
148,65536,Riley Grigsby,Seattle,0.4,0.18,0.10204081632653061,0.9090909090909091
149,65537,Jacob Eyman,Portland St.,0.6666666666666666,0.48,0.1,0.0
150,65542,Luke Frampton,Western Kentucky,0.0,0.6666666666666666,0.75,0.975609756097561
151,65546,Jared Rodriguez,Idaho St.,0.0,0.5,0.375,0.8461538461538461
152,65550,Josiah Strong,Colorado St.,0.0,1.0,0.0,1.0
153,65551,David Kasanganay,East Carolina,0.0,0.5,0.6666666666666666,0.8
154,65564,Josh Mballa,Mississippi,1.0,0.4375,0.0,1.0
155,65570,Zay Williams,Troy,0.9347826086956522,0.6842105263157895,0.625,1.0
156,65572,Drue Drinnon,Texas St.,0.0,0.13333333333333333,0.2,0.9615384615384616
157,65574,Vincent Lee,Cal St. Fullerton,0.8695652173913043,0.6,0.38461538461538464,0.0
158,65575,K.J. Hymes,Nevada,1.0,1.0,0.0,0.0
159,65577,Daylen Kountz,Northern Colorado,0.3333333333333333,0.19642857142857142,0.1,0.7878787878787878
160,65586,Isaac Likekele,Ohio St.,0.0,0.11764705882352941,0.15384615384615385,0.6666666666666666
161,65589,Kendric Davis,Memphis,0.0,0.11904761904761904,0.17721518987341772,0.6461538461538462
162,65590,Kaden Archie,Georgia Southern,0.7142857142857143,0.34545454545454546,0.0,0.8636363636363636
163,65591,Arashma Parks,Detroit Mercy,1.0,0.5294117647058824,0.3333333333333333,0.0
164,65593,Adam Seiko,San Diego St.,0.0,0.0,0.5,0.9166666666666666
165,65594,Carte'Are Gordon,Grambling St.,0.7058823529411765,0.5,0.2631578947368421,1.0
166,65596,Taevion Kinsey,Marshall,0.7857142857142857,0.5357142857142857,0.3113207547169811,0.7368421052631579
167,65600,Cory Hightower,Winthrop,1.0,0.3055555555555556,0.14285714285714285,0.9354838709677419
168,65605,Josiah Jeffers,Radford,0.0,0.0784313725490196,0.023809523809523808,0.5555555555555556
169,65606,Cooper Kaifes,Samford,0.0,1.0,0.0,1.0
170,65608,Cam Burrell,Lindenwood,0.75,0.6506024096385542,0.45161290322580644,0.75
171,65609,Robin Duncan,Vermont,0.6666666666666666,0.3176470588235294,0.1,0.7142857142857143
172,65612,Ben Stanley,Old Dominion,1.0,0.4634146341463415,0.42424242424242425,1.0
173,65613,Pierre Sow,Hartford,0.0,0.0,0.0,0.0
174,65619,Kaosi Ezeagu,Sam Houston St.,0.8333333333333334,0.625,0.42857142857142855,0.0
175,65622,Luke Avdalovic,Pacific,1.0,0.6923076923076923,0.6470588235294118,0.9
176,65623,Nik Mains,Northern Arizona,1.0,0.6923076923076923,0.27586206896551724,0.9473684210526315
177,65625,Nick Guadarrama,FIU,0.0,0.14285714285714285,0.0,0.84375
178,65626,Jayden Martinez,North Texas,0.6666666666666666,0.6666666666666666,0.4444444444444444,0.9615384615384616
179,65627,Jack Clark,N.C. State,0.7777777777777778,0.5714285714285714,0.5555555555555556,0.9285714285714286
180,65628,Ed Croswell,Providence,0.9333333333333333,0.6484848484848484,0.8333333333333334,1.0
181,65629,Jared Kimbrough,Hartford,0.8333333333333334,0.6078431372549019,0.5,1.0
182,65630,Jahvon Quinerly,Alabama,0.0,0.05660377358490566,0.0,0.6304347826086957
183,65633,Jalen Slawson,Furman,0.5813953488372093,0.5480769230769231,0.10344827586206896,0.918918918918919
184,65635,Daivien Williamson,Wake Forest,0.0,0.3333333333333333,0.08333333333333333,0.9824561403508771
185,65636,Mike Bothwell,Furman,0.6,0.4074074074074074,0.0,0.7916666666666666
186,65638,Isaiah Poor Bear-Chandler,Wichita St.,0.0,0.6666666666666666,0.875,1.0
187,65641,Chris Ford,Norfolk St.,0.0,0.6666666666666666,0.6,0.0
188,65645,Tyreese Davis,Eastern Washington,0.0,0.18032786885245902,0.125,0.8
189,65649,Mason Harrell,Texas St.,0.0,0.125,0.1,0.55
190,65651,Connor Vanover,Oral Roberts,0.8809523809523809,0.75,0.6428571428571429,1.0
191,65654,Andre Kelly,UC Santa Barbara,0.75,0.6666666666666666,0.5652173913043478,0.0
192,65655,Matt Bradley,San Diego St.,0.5,0.21428571428571427,0.08620689655172414,0.6851851851851852
193,65657,CJ White,Little Rock,0.0,0.4117647058823529,0.5384615384615384,0.875
194,65659,Zion Griffin,Tennessee St.,0.75,0.59375,0.2,1.0
195,65665,Connor Crabtree,Richmond,0.0,0.0,0.0,0.0
196,65666,Moses Wood,Portland,0.5,0.38461538461538464,0.38235294117647056,0.8472222222222222
197,65668,Jamarius Burton,Pittsburgh,0.0,0.19767441860465115,0.14736842105263157,0.5555555555555556
198,65669,Dexter Dennis,Texas A&M,0.75,0.38095238095238093,0.3333333333333333,0.8863636363636364
199,65670,Tavin Lovan,UAB,0.6,0.4426229508196721,0.16666666666666666,0.0
200,65674,Drew Peterson,USC,0.6666666666666666,0.40816326530612246,0.13432835820895522,0.6875
201,65676,Quentin Millora-Brown,Vanderbilt,1.0,0.6666666666666666,0.5,1.0
202,65677,Chris Mullins,William & Mary,0.0,0.3783783783783784,0.07142857142857142,1.0
203,65685,Hunter Marks,Sacramento St.,0.6666666666666666,0.6666666666666666,0.5,1.0
204,65690,Xavier Johnson,Indiana,0.0,0.1875,0.375,0.7
205,65693,Jordan Henderson,Canisius,0.0,0.36666666666666664,0.2391304347826087,0.8867924528301887
206,65699,Isaiah Kelly,Yale,0.85,0.7192982456140351,0.3333333333333333,1.0
207,65704,Chase Audige,Northwestern,0.5384615384615384,0.44642857142857145,0.27906976744186046,0.7014925373134329
208,65705,L.J. Owens,Delaware,1.0,0.3181818181818182,0.25,0.7692307692307693
209,65709,Allen Betrand,Rider,1.0,0.43478260869565216,0.28,0.8571428571428571
210,65714,Landers Nolley II,Cincinnati,0.6666666666666666,0.3902439024390244,0.37142857142857144,0.7659574468085106
211,65716,Isaiah Wilkins,Longwood,0.5,0.3,0.2,0.9555555555555556
212,65717,Robert Braswell IV,Charlotte,1.0,0.18181818181818182,0.0,1.0
213,65718,Jalen Carey,Rhode Island,0.3333333333333333,0.45161290322580644,0.2,0.6
214,65719,Marque Maultsby,North Carolina Central,0.5714285714285714,0.45454545454545453,0.0,1.0
215,65723,Rod Brown,Tarleton St.,0.0,0.4,0.0,0.0
216,65726,Francis Okoro,Saint Louis,0.9,0.6567164179104478,0.2777777777777778,0.0
217,65730,Zach Chappell,Sacramento St.,0.0,0.18867924528301888,0.17857142857142858,0.7962962962962963
218,65731,Miles Norris,UC Santa Barbara,0.9565217391304348,0.6538461538461539,0.4074074074074074,0.8214285714285714
219,65733,Seneca Knight,Illinois St.,0.5,0.3442622950819672,0.06451612903225806,0.7105263157894737
220,65736,Maizen Fausett,Southern Utah,0.0,0.42105263157894735,0.5,0.975
221,65738,Caleb Nero,North Dakota,0.0,0.0,0.0,0.7
222,65739,Israel Barnes,Southeast Missouri St.,1.0,0.41304347826086957,0.34285714285714286,0.78125
223,65740,Dima Zdor,UT Rio Grande Valley,0.9523809523809523,0.6805555555555556,0.75,1.0
224,65743,Erik Stevenson,West Virginia,0.5,0.3023255813953488,0.28125,0.782051282051282
225,65744,Morris Udeze,New Mexico,0.8867924528301887,0.6369047619047619,0.4,0.0
226,65750,Madiaw Niang,Radford,0.5,0.6037735849056604,0.5384615384615384,0.0
227,65751,Logan Johnson,Saint Mary's,0.6,0.1885245901639344,0.043478260869565216,0.9696969696969697
228,65753,Jairus Hamilton,Western Kentucky,0.9,0.5111111111111111,0.1875,0.9714285714285714
229,65754,Caleb Catto,Florida Gulf Coast,0.0,0.41935483870967744,0.15384615384615385,0.9069767441860465
230,65755,Zach Scott,McNeese St.,0.0,0.18181818181818182,0.2,0.9242424242424242
231,65759,Liam Robbins,Vanderbilt,0.8888888888888888,0.5079365079365079,0.3902439024390244,0.8421052631578947
232,65760,Jawaun Newton,Southern Illinois,0.0,0.45454545454545453,0.29411764705882354,0.9545454545454546
233,65761,Shamar Givance,UTEP,0.0,0.20408163265306123,0.058823529411764705,0.6842105263157895
234,65763,Logan Dye,Samford,0.8333333333333334,0.2923076923076923,0.12,0.9512195121951219
235,65769,Coletrane Washington,Drexel,0.0,0.43478260869565216,0.03571428571428571,0.86
236,65770,Ithiel Horton,UCF,0.5,0.2857142857142857,0.2413793103448276,0.8205128205128205
237,65771,Quan McCluney,Queens,1.0,0.3157894736842105,0.0,0.96
238,65774,Camren Wynter,Penn St.,0.0,0.43902439024390244,0.10204081632653061,0.8285714285714286
239,65776,Kale Catchings,Duke,0.0,0.5,0.0,0.0
240,65777,Jay Nagle,Idaho St.,0.375,0.32142857142857145,0.5,1.0
241,65779,Souleymane Diakite,NJIT,0.6666666666666666,0.4423076923076923,0.2777777777777778,0.0
242,65781,Kjell de Graaf,NJIT,1.0,0.5217391304347826,0.6666666666666666,1.0
243,65782,Isaiah Burnett,Stonehill,0.0,0.07462686567164178,0.0,0.8108108108108109
244,65785,Ahsan Asadullah,Lipscomb,0.0,0.22535211267605634,0.25,1.0
245,65786,Cameron Parker,Portland St.,0.0,0.039603960396039604,0.1,0.5
246,65789,Aaron Clarke,Stony Brook,0.0,0.5,0.0,0.6
247,65790,Cameron Wilbon,Sacramento St.,0.6363636363636364,0.3114754098360656,0.10714285714285714,0.8571428571428571
248,65798,Zac Watson,Longwood,0.7,0.5384615384615384,0.7142857142857143,0.0
249,65801,Jeremiah Gambrell,Prairie View A&M,0.0,0.4074074074074074,0.13333333333333333,0.6666666666666666
250,65802,Callum McRae,Sacramento St.,1.0,0.5877192982456141,0.38636363636363635,0.0
251,65806,Oddyst Walker,Alcorn St.,1.0,0.1,0.5,0.76
252,65811,Trey Woodbury,Utah Valley,0.6363636363636364,0.3448275862068966,0.2631578947368421,0.6984126984126984
253,65813,Austin Smellie,Idaho St.,0.0,0.3,0.23076923076923078,0.9565217391304348
254,65814,Foster Loyer,Davidson,0.0,0.3181818181818182,0.17543859649122806,0.696969696969697
255,65815,Brandon Johns Jr.,VCU,0.84,0.5728155339805825,0.3181818181818182,0.9285714285714286
256,65822,Ethan Wright,Colorado,1.0,0.5909090909090909,0.5,0.9655172413793104
257,65824,Jaelin Llewellyn,Michigan,0.0,0.25,0.0,0.4
258,65825,Drew Friberg,Belmont,1.0,0.6153846153846154,0.25,0.925531914893617
259,65826,Max Johns,Duke,0.0,0.0,0.0,0.0
260,65829,Bryan Penn-Johnson,Cal Poly,0.7931034482758621,0.6410256410256411,0.3333333333333333,0.0
261,65835,Spencer Johnson,BYU,1.0,0.2857142857142857,0.20833333333333334,0.926829268292683
262,65836,Michael Forrest,Florida Atlantic,0.0,0.125,0.18181818181818182,0.803921568627451
263,65838,Antonio Daye,Coastal Carolina,0.0,0.08333333333333333,0.16666666666666666,0.42105263157894735
264,65839,Chris Doherty,Northeastern,0.5,0.42424242424242425,0.5238095238095238,0.0
265,65843,Jamal Bey,Washington,0.5,0.20833333333333334,0.07142857142857142,0.8
266,65848,Trey Jemison,UAB,0.7727272727272727,0.5961538461538461,0.4827586206896552,0.0
267,65852,Wynston Tabbs,East Carolina,0.0,0.0,0.0,1.0
268,65856,Nathan Mensah,San Diego St.,0.8695652173913043,0.6481481481481481,0.6333333333333333,0.0
269,65858,Will Richardson,Oregon,0.0,0.09230769230769231,0.21428571428571427,0.5918367346938775
270,65860,Ed Chang,Idaho St.,0.0,1.0,0.5,0.8
271,65861,Christian Anigwe,UC Davis,0.8333333333333334,0.4823529411764706,0.5263157894736842,1.0
272,65863,George Maslennikov,Canisius,1.0,0.6896551724137931,0.4444444444444444,0.8333333333333334
273,65864,Alonzo Sule,James Madison,1.0,0.3548387096774194,0.47368421052631576,0.75
274,65865,Ja'Shon Henry,Bradley,0.6666666666666666,0.48484848484848486,0.3333333333333333,0.0
275,65866,Darius McGhee,Liberty,0.0,0.12643678160919541,0.25,0.6866666666666666
276,65867,Rasir Bolton,Gonzaga,0.0,0.21428571428571427,0.3125,0.7551020408163265
277,65870,Elijah Parquet,UNLV,0.6,0.6666666666666666,0.5,1.0
278,65872,Nikkei Rutty,Prairie View A&M,0.6666666666666666,0.6,0.5,0.0
279,65873,Raheem Solomon,Sacred Heart,1.0,0.35,0.22580645161290322,0.926829268292683
280,65874,Marcus Hammond,Notre Dame,0.0,0.15,0.034482758620689655,0.775
281,65878,Tyrel Bladen,Rider,0.0,0.47368421052631576,0.2,0.0
282,65879,Jalen Pickett,Penn St.,0.0,0.15053763440860216,0.07377049180327869,0.4888888888888889
283,65890,Jake Forrester,Saint Louis,0.8695652173913043,0.8225806451612904,0.6666666666666666,1.0
284,65892,Jerome Hunter,Xavier,0.9285714285714286,0.6388888888888888,0.6904761904761905,1.0
285,65893,Rob Phinisee,Cincinnati,0.0,0.5,0.0,1.0
286,65895,Damezi Anderson,Detroit Mercy,0.0,0.5666666666666667,0.5,0.9672131147540983
287,65899,Tim Finke,Wright St.,1.0,0.42424242424242425,0.25,0.8648648648648649
288,65902,Deshon Parker,Cleveland St.,1.0,0.3707865168539326,0.1875,0.7777777777777778
289,65903,Warren Williams,Hofstra,1.0,0.6612903225806451,0.23076923076923078,0.0
290,65905,Taurus Samuels,Minnesota,0.0,1.0,0.16666666666666666,0.8461538461538461
291,65907,Markquis Nowell,Kansas St.,0.0,0.26229508196721313,0.2903225806451613,0.5681818181818182
292,65908,Kamani Johnson,Arkansas,1.0,0.35,0.0,0.0
293,65914,Luis Rodriguez,UNLV,0.4166666666666667,0.39215686274509803,0.3333333333333333,0.9142857142857143
294,65918,Amari Kelly,UNC Wilmington,0.7142857142857143,0.4745762711864407,0.36666666666666664,1.0
295,65921,Carlos Curry,Georgia Southern,0.75,0.45454545454545453,0.5757575757575758,0.0
296,65923,Tyler Harris,South Florida,0.0,0.1111111111111111,0.17073170731707318,0.711340206185567
297,65924,Alex Lomax,Memphis,0.0,0.45454545454545453,0.21052631578947367,0.8
298,65926,Jayden Hardaway,Memphis,0.0,0.7142857142857143,0.23076923076923078,1.0
299,65929,Xavier Castaneda,Akron,0.0,0.14634146341463414,0.041666666666666664,0.6470588235294118
300,65930,Michael Durr,UCF,0.625,0.39285714285714285,0.75,1.0
301,65932,Race Thompson,Indiana,0.88,0.8245614035087719,0.42857142857142855,1.0
302,65933,Sir'Jabari Rice,Texas,0.6666666666666666,0.43548387096774194,0.3235294117647059,0.9206349206349206
303,65936,Warren Washington,Arizona St.,0.9347826086956522,0.6941176470588235,0.6666666666666666,0.0
304,65937,Jaiden Delaire,San Diego,1.0,0.5833333333333334,0.6666666666666666,1.0
305,65938,Keenan Fitzmorris,Stony Brook,0.7777777777777778,0.5306122448979592,0.42105263157894735,0.625
306,65940,Lukas Kisunas,Denver,0.8333333333333334,0.56,0.21052631578947367,0.0
307,65941,Cormac Ryan,Notre Dame,0.6666666666666666,0.21428571428571427,0.10344827586206896,0.873015873015873
308,65943,DaQuan Smith,Radford,0.0,0.18181818181818182,0.2765957446808511,0.8
309,65944,Jarron Coleman,Ball St.,0.5,0.06976744186046512,0.14814814814814814,0.6923076923076923
310,65947,Caleb Fields,Fairfield,1.0,0.13953488372093023,0.0,0.7083333333333334
311,65949,Trevon Taylor,Cal Poly,0.3333333333333333,0.29411764705882354,0.16666666666666666,0.96
312,65955,Jordan Phillips,Detroit Mercy,0.0,0.375,0.5555555555555556,1.0
313,65957,Matt Herasme,New Hampshire,0.0,0.5,0.22580645161290322,0.7435897435897436
314,65959,Samir Stewart,Manhattan,0.0,0.1111111111111111,0.05555555555555555,0.7741935483870968
315,65960,Daniel Schreier,Manhattan,0.0,0.7142857142857143,0.0,0.0
316,65961,Christian Hinckson,Binghamton,1.0,0.4444444444444444,0.16666666666666666,0.9166666666666666
317,65962,Elijah Buchanan,Manhattan,0.0,0.25,0.25,1.0
318,65964,Joey Calcaterra,Connecticut,0.0,0.6,0.375,0.92
319,65969,Jamari Blackmon,Louisiana Monroe,0.0,0.13793103448275862,0.03125,0.5238095238095238
320,65972,Nevin Zink,Boston University,1.0,0.34285714285714286,0.391304347826087,0.0
321,65975,Brandon Martin,Massachusetts,0.0,0.5454545454545454,0.5454545454545454,1.0
322,65976,Bryson Mozone,Georgetown,0.0,0.4666666666666667,0.5,1.0
323,65981,DJ Burns,N.C. State,0.0,0.313953488372093,0.2647058823529412,0.0
324,65983,Keyshawn Bryant,South Florida,0.6666666666666666,0.5932203389830508,0.17647058823529413,1.0
325,65991,Joe Bryant Jr.,Norfolk St.,0.0,0.2,0.125,0.5573770491803278
326,65995,Deon Stroud,Eastern Washington,0.7692307692307693,0.5833333333333334,0.3,0.5882352941176471
327,65997,Ty Brewer,UAB,0.48,0.4528301886792453,0.675,0.9523809523809523
328,65998,Parker Edwards,LSU,0.0,0.0,0.0,1.0
329,65999,Ethan Igbanugo,Cal St. Northridge,0.0,0.25,0.1875,0.9736842105263158
330,66000,Aaron Fiegen,South Dakota St.,0.0,0.0,0.0,0.0
331,66001,Aanen Moody,Montana,0.0,0.3076923076923077,0.28888888888888886,0.8857142857142857
332,66010,Blake Hinson,Pittsburgh,0.875,0.3492063492063492,0.6190476190476191,0.9381443298969072
333,66011,KJ Buffen,UAB,0.8148148148148148,0.49056603773584906,0.47619047619047616,0.95
334,66012,Franco Miller Jr.,Florida Gulf Coast,0.0,0.2,0.0,1.0
335,66013,Tykei Greene,Kansas St.,0.9,0.6785714285714286,1.0,1.0
336,66014,KC Hankton,Chattanooga,0.0,0.5789473684210527,0.16666666666666666,0.9375
337,66015,Brendan Adams,George Washington,0.25,0.18518518518518517,0.1016949152542373,0.7571428571428571
338,66017,Michael Barber,Mississippi Valley St.,1.0,0.48484848484848486,0.4117647058823529,1.0
339,66023,Demarius Jacobs,Ball St.,0.4,0.34375,0.19047619047619047,0.9428571428571428
340,66025,Jonathan Tchamwa Tchatchoua,Baylor,1.0,0.8,0.6666666666666666,1.0
341,66026,Fred Thatch Jr.,Saint Louis,1.0,0.6111111111111112,0.2,0.8571428571428571
342,66033,Jahbril Price Noel,Wagner,1.0,0.4166666666666667,0.5384615384615384,0.9615384615384616
343,66034,Ajare Sanni,UC Santa Barbara,0.0,0.4583333333333333,0.5882352941176471,0.9333333333333333
344,66038,Jimmy Nichols,Coastal Carolina,0.5,0.36585365853658536,0.3076923076923077,1.0
345,66039,DeShaun Wade,Longwood,0.0,0.2222222222222222,0.2,0.8448275862068966
346,66043,Joe Kasperzyk,Niagara,0.0,0.2727272727272727,0.25,1.0
347,66050,Dibaji Walker,Appalachian St.,0.4,0.25,0.36363636363636365,0.9523809523809523
348,66051,Jayden Gardner,Virginia,0.7142857142857143,0.7,0.8,0.0
349,66052,Gavin Baxter,Utah,1.0,1.0,0.0,0.0
350,66054,Everette Hammond,UMass Lowell,0.0,0.15384615384615385,0.13157894736842105,0.8214285714285714
351,66056,Tolu Smith,Mississippi St.,0.9523809523809523,0.5967741935483871,0.625,0.0
352,66058,Brendan Medley-Bacon,North Carolina Central,0.90625,0.6428571428571429,0.5882352941176471,0.0
353,66059,Justin Steers,Coppin St.,0.8181818181818182,0.6296296296296297,0.5,0.0
354,66062,TJ Moss,Detroit Mercy,0.0,0.23333333333333334,0.19047619047619047,1.0
355,66064,Xavier Pinson,New Mexico St.,0.0,0.10714285714285714,0.08333333333333333,0.5909090909090909
356,66065,Torrence Watson,Elon,0.5,0.4,0.42857142857142855,0.9459459459459459
357,66066,Parker Braun,Santa Clara,1.0,0.6025641025641025,0.14285714285714285,1.0
358,66070,Kamaka Hepa,Hawaii,0.8,0.34210526315789475,0.32,0.9384615384615385
359,66072,KJ Williams,LSU,0.9166666666666666,0.5784313725490197,0.6181818181818182,0.9827586206896551
360,66073,Diante Wood,Tennessee Tech,0.8,0.475,0.5,0.0
361,66079,Austin Richie,Florida Gulf Coast,0.0,0.0,0.0,1.0
362,66081,Jalen Hodge,SIU Edwardsville,0.0,0.3333333333333333,0.2222222222222222,0.96875
363,66083,Michael Dunne,Hartford,0.0,1.0,0.5,0.9027777777777778
364,66085,Kobe Julien,Louisiana,0.0,0.3333333333333333,0.25,0.9333333333333333
365,66089,Jacob Boonyasith,UMBC,1.0,0.36,0.0,0.9148936170212766
366,66093,Amanze Ngumezi,Jacksonville St.,0.7,0.5,0.45454545454545453,0.9230769230769231
367,66095,Tye Fagan,Mississippi,0.0,0.5,0.6,0.9090909090909091
368,66096,Noah Locke,Providence,0.0,0.0,0.3,0.8888888888888888
369,66097,Keyontae Johnson,Kansas St.,0.8666666666666667,0.6147540983606558,0.3880597014925373,0.8723404255319149
370,66099,Tyrone Lyons,Southern,0.7727272727272727,0.5581395348837209,0.6764705882352942,0.9
371,66100,Trace Young,Jackson St.,0.5454545454545454,0.48148148148148145,0.35714285714285715,0.8
372,66103,Christian Agnew,Southeastern Louisiana,0.0,0.21428571428571427,0.3333333333333333,0.631578947368421
373,66107,Gabe Kalscheur,Iowa St.,1.0,0.5121951219512195,0.4722222222222222,0.8493150684931506
374,66111,Amir Harris,George Washington,1.0,0.5555555555555556,0.0,1.0
375,66112,Flo Thamba,Baylor,1.0,0.8378378378378378,0.6666666666666666,0.0
376,66114,Osun Osunniyi,Iowa St.,0.8125,0.6341463414634146,0.5,1.0
377,66116,P.J. Byrd,Southern,0.0,0.1111111111111111,0.08108108108108109,0.5555555555555556
378,66118,Amadou Fall,LIU,0.0,0.5714285714285714,0.3333333333333333,0.0
379,66119,Cameron Jones,South Carolina St.,1.0,0.26666666666666666,0.3076923076923077,0.9166666666666666
380,66120,Jomaru Brown,Coastal Carolina,0.0,0.13043478260869565,0.1,1.0
381,66121,Tre King,Iowa St.,0.7272727272727273,0.5945945945945946,0.6153846153846154,0.75
382,66123,Maros Zeliznak,Jacksonville St.,1.0,0.5333333333333333,0.625,0.0
383,66125,Cameron Tyson,Seattle,1.0,0.4166666666666667,0.3181818181818182,0.7319587628865979
384,66128,RayQuawndis Mitchell,UMKC,1.0,0.3611111111111111,0.15384615384615385,0.5866666666666667
385,66133,Jackson Stormo,Siena,0.9230769230769231,0.5925925925925926,0.6470588235294118,0.0
386,66136,Gus Okafor,Wichita St.,0.6,0.4117647058823529,0.75,1.0
387,66138,Ludovic Dufeal,Gardner Webb,1.0,0.625,0.0,1.0
388,66144,Trevon Faulkner,Northern Kentucky,0.0,0.3333333333333333,0.4583333333333333,1.0
389,66145,Adrian Nelson,Youngstown St.,0.7142857142857143,0.5909090909090909,0.6875,0.9666666666666667
390,66146,Braden Norris,Loyola Chicago,0.0,0.17647058823529413,0.038461538461538464,0.8235294117647058
391,66148,Nick Honor,Missouri,0.0,0.16666666666666666,0.125,0.7272727272727273
392,66149,Harrison Butler,Southern Utah,0.7142857142857143,0.16923076923076924,0.11764705882352941,0.7931034482758621
393,66150,Serrel Smith Jr.,South Florida,0.0,0.4,0.3333333333333333,0.8888888888888888
394,66153,Austin Rotroff,Duquesne,0.9166666666666666,0.7272727272727273,0.5555555555555556,0.0
395,66159,Jaylin Andrews,Loyola MD,1.0,0.4782608695652174,0.34782608695652173,0.8695652173913043
396,66161,Kenneth Jones,Loyola MD,0.0,0.15151515151515152,0.10416666666666667,0.7966101694915254
397,66166,Tray Maddox Jr.,Western Michigan,0.25,0.19230769230769232,0.35714285714285715,0.7441860465116279
398,66168,Malik Martin,Rhode Island,0.0,0.46551724137931033,0.45454545454545453,1.0
399,66169,Cooper Robb,Eastern Kentucky,0.0,0.5,0.3333333333333333,0.7307692307692307
400,66171,Jaylen Sebree,Tennessee Tech,0.5714285714285714,0.5441176470588235,0.1891891891891892,0.8813559322033898
401,66175,Dravon Mangum,Louisiana Tech,0.75,0.34615384615384615,0.25,0.9714285714285714
402,66178,Zep Jasper,Auburn,0.0,0.5714285714285714,0.14285714285714285,0.9473684210526315
403,66182,Calvin Wishart,UC Santa Barbara,0.0,0.5172413793103449,0.2777777777777778,0.7142857142857143
404,66183,Elijah McCadden,Memphis,0.7272727272727273,0.6075949367088608,0.38461538461538464,1.0
405,66186,Nelson Phillips,Troy,0.42857142857142855,0.21666666666666667,0.23529411764705882,0.8378378378378378
406,66190,Jared Bynum,Providence,0.0,0.15789473684210525,0.0,0.6842105263157895
407,66191,Jake Wojcik,Fairfield,0.0,0.125,0.34782608695652173,0.7368421052631579
408,66192,Souleymane Koureissi,Radford,1.0,0.4117647058823529,0.15384615384615385,0.0
409,66193,Andre Gustavson,Richmond,0.0,0.4878048780487805,0.0,0.9545454545454546
410,66194,Matt Grace,Richmond,0.0,0.24,0.0,0.9210526315789473
411,66197,Tre Wood,LIU,0.0,0.25925925925925924,0.375,0.8
412,66202,Joey Baker,Michigan,0.0,0.2857142857142857,0.42857142857142855,0.9069767441860465
413,66205,Blake Preston,Liberty,0.8205128205128205,0.6,0.16666666666666666,0.0
414,66208,Myles Dread,Penn St.,0.0,1.0,0.3333333333333333,0.8360655737704918
415,66209,Ryan Young,Duke,1.0,0.6172839506172839,0.5,0.0
416,66210,Miller Kopp,Indiana,1.0,0.7272727272727273,0.5,0.9365079365079365
417,66211,Luther Muhammad,Arizona St.,0.0,0.2,0.41379310344827586,0.9
418,66212,Pete Nance,North Carolina,0.8,0.6521739130434783,0.27906976744186046,0.9375
419,66213,Justin Ahrens,Loyola Marymount,0.0,0.2857142857142857,0.75,0.8181818181818182
420,66215,Myreon Jones,Florida,0.0,0.5,0.3076923076923077,0.6666666666666666
421,66216,Jaedon LeDee,San Diego St.,0.7777777777777778,0.6206896551724138,0.4897959183673469,0.0
422,66221,Kyle Lofton,Florida,0.0,0.27450980392156865,0.08333333333333333,0.8571428571428571
423,66222,Kenneth Nwuba,UCLA,0.8571428571428571,0.7647058823529411,0.6666666666666666,0.0
424,66225,Jordan McCabe,UNLV,0.0,0.4,0.06666666666666667,0.6896551724137931
425,66226,Emmitt Matthews Jr.,West Virginia,0.7692307692307693,0.5588235294117647,0.7037037037037037,0.9615384615384616
426,66230,Francisco Caffaro,Virginia,1.0,0.7272727272727273,0.5,0.0
427,66233,Cameron Copeland,Austin Peay,0.6666666666666666,0.2692307692307692,0.2564102564102564,0.8125
428,66234,Carter Hendricksen,North Florida,0.875,0.3076923076923077,0.13636363636363635,0.7971014492753623
429,66235,Dorian James,North Florida,0.5,0.5365853658536586,0.25,1.0
430,66237,Tre Anderson,Illinois Chicago,0.0,0.2,0.15384615384615385,0.8076923076923077
431,66245,Dane Goodwin,Notre Dame,0.0,0.3488372093023256,0.24,0.9333333333333333
432,66246,Malik Jefferson,Mount St. Mary's,1.0,0.5365853658536586,0.7948717948717948,0.0
433,66247,Dee Barnes,Southern Utah,0.8333333333333334,0.5652173913043478,0.2857142857142857,0.9411764705882353
434,66251,Bryce Washington,Hofstra,1.0,0.5384615384615384,0.5,1.0
435,66252,Anthony Crump,Northern Illinois,0.8421052631578947,0.5483870967741935,0.35294117647058826,1.0
436,66255,EJ Harkless,UNLV,0.6666666666666666,0.2463768115942029,0.20588235294117646,0.6538461538461539
437,66256,Darius Brown II,Montana St.,0.0,0.11627906976744186,0.06451612903225806,0.42857142857142855
438,66263,Jeameril Wilson,Loyola Chicago,0.25,0.42105263157894735,0.25,1.0
439,66264,Ty Perry,Tennessee Tech,0.0,0.3125,0.25,0.8382352941176471
440,66266,DeAndre Williams,Memphis,0.8181818181818182,0.5038167938931297,0.34177215189873417,0.7241379310344828
441,66267,Nic Lynch,San Diego,0.0,0.5882352941176471,0.25,1.0
442,66276,Ladarius Marshall,Alcorn St.,0.6666666666666666,0.42105263157894735,0.6,0.0
443,66277,Kristian Sjolund,Portland,0.68,0.5510204081632653,0.2413793103448276,0.9433962264150944
444,66280,Kam Gibson,Vermont,0.0,0.2857142857142857,0.08333333333333333,0.875
445,66281,Jake Stephens,Chattanooga,1.0,0.47560975609756095,0.16666666666666666,0.9375
446,66283,Ryan Larson,Charleston,0.0,0.2653061224489796,0.0,0.6379310344827587
447,66285,Isaiah Bigelow,Richmond,0.75,0.45454545454545453,0.5,0.9666666666666667
448,66286,Messiah Jones,Wofford,1.0,0.5111111111111111,0.2222222222222222,0.0
449,66287,Kris Monroe,North Carolina Central,0.5,0.5,0.5909090909090909,0.925
450,66293,Dana Tate Jr.,Norfolk St.,1.0,0.5185185185185185,0.3076923076923077,0.875
451,66294,Jamal Hartwell II,UC Riverside,0.0,0.0,0.21951219512195122,0.7916666666666666
452,66295,Jordan Miller,Miami FL,0.8888888888888888,0.4676258992805755,0.3404255319148936,0.90625
453,66298,Berrick JeanLouis,Iona,0.8666666666666667,0.49333333333333335,0.42857142857142855,0.8823529411764706
454,66300,Mekhi Lairy,Miami OH,0.0,0.2692307692307692,0.08064516129032258,0.7037037037037037
455,66302,Anthony Roberts,Purdue Fort Wayne,0.6,0.30612244897959184,0.14285714285714285,1.0
456,66303,DeAndre Gholston,Missouri,0.0,0.3584905660377358,0.12244897959183673,0.8
457,66304,Malik Miller,Morgan St.,0.0,0.4393939393939394,0.3,0.8333333333333334
458,66305,Tajion Jones,UNC Asheville,0.16666666666666666,0.4098360655737705,0.22727272727272727,0.6276595744680851
459,66307,Matt Veretto,Vermont,0.8,0.7727272727272727,0.25,0.9655172413793104
460,66308,Brock Cunningham,Texas,0.0,0.631578947368421,0.6,1.0
461,66309,Aleks Novakovich,Delaware,0.0,0.5,0.0,1.0
462,66311,KJ Simon,Tennessee Martin,0.5714285714285714,0.4155844155844156,0.17142857142857143,1.0
463,66312,Raymond Bethea Jr,Hampton,0.5,0.4444444444444444,0.5625,1.0
464,66313,Spencer Rodgers,Kennesaw St.,0.5,0.0625,0.23076923076923078,0.9777777777777777
465,66316,Ezekiel Richards,Northern Arizona,1.0,0.4,0.3333333333333333,0.0
466,66317,Trey Wertz,Notre Dame,0.0,0.0625,0.0,0.7555555555555555
467,66318,Keshawn Justice,Santa Clara,0.0,0.21428571428571427,0.2222222222222222,0.8666666666666667
468,66327,Jake Wolfe,Morehead St.,0.0,0.34210526315789475,0.23076923076923078,0.8181818181818182
469,66331,Vado Morse,James Madison,0.0,0.12121212121212122,0.06666666666666667,0.5490196078431373
470,66332,Trajan Wesley,Prairie View A&M,0.0,0.25,0.0,1.0
471,66333,Uros Plavsic,Tennessee,0.8,0.7692307692307693,0.8,0.0
472,66334,Lamar Norman Jr.,Western Michigan,0.0,0.17307692307692307,0.1891891891891892,0.525
473,66341,Dawson Carper,Missouri St.,0.0,0.8461538461538461,0.0,0.0
474,66344,Theo Akwuba,Mississippi,0.8,0.6923076923076923,0.5714285714285714,0.0
475,66345,Elijah Weaver,Chicago St.,1.0,0.1724137931034483,0.0,0.7857142857142857
476,66346,Walter Ellis,Grand Canyon,0.5,0.5555555555555556,0.3333333333333333,1.0
477,66347,Andrew Funk,Penn St.,0.0,0.6071428571428571,0.1875,0.9464285714285714
478,66349,Fletcher Tynen,Boston University,0.5,0.30434782608695654,0.2222222222222222,0.7894736842105263
479,66351,Tucker Richardson,Colgate,0.0,0.4065934065934066,0.275,0.82
480,66352,Kahliel Spear,Robert Morris,0.7567567567567568,0.6076923076923076,0.4888888888888889,0.9411764705882353
481,66354,Marlon Hargis,Saint Francis,0.0,0.4,0.5,0.9523809523809523
482,66356,Ben Vander Plas,Virginia,0.6666666666666666,0.5588235294117647,0.4,0.9696969696969697
483,66357,LaQuill Hardnett,Buffalo,0.5,0.4084507042253521,0.4230769230769231,1.0
484,66360,Damien Daniels,Abilene Christian,0.0,0.19148936170212766,0.35,0.9473684210526315
485,66361,Joe Pleasant,Abilene Christian,0.875,0.4915254237288136,0.875,1.0
486,66363,Yor Anei,DePaul,0.9090909090909091,0.8,0.5,0.0
487,66364,Joe Reece,Duquesne,0.7727272727272727,0.6323529411764706,0.6190476190476191,1.0
488,66365,Jason Wade,Old Dominion,0.0,0.4,0.0,1.0
489,66367,Kalu Ezikpe,Cincinnati,1.0,0.8148148148148148,0.625,0.0
490,66368,Nicolas Timberlake,Towson,0.5,0.45454545454545453,0.45901639344262296,0.9456521739130435
491,66370,Javon Pickett,Saint Louis,0.0,0.43661971830985913,0.34375,0.9285714285714286
492,66375,Tyger Campbell,UCLA,0.0,0.15151515151515152,0.10588235294117647,0.7169811320754716
493,66384,Dom Welch,Alabama,0.0,0.4,0.0,1.0
494,66387,John Walker III,Texas Southern,0.9333333333333333,0.6774193548387096,0.39285714285714285,0.8571428571428571
495,66388,Noah Gurley,Alabama,0.8888888888888888,0.5925925925925926,0.25,1.0
496,66392,Trey Wood,Portland St.,0.0,0.0,0.0,0.0
497,66395,Isaiah Burke,Morgan St.,0.0,0.425531914893617,0.23684210526315788,0.782051282051282
498,66398,Gerrale Gates,Holy Cross,0.3333333333333333,0.34959349593495936,0.6029411764705882,1.0
499,66401,Jalen Cobb,Mercer,0.0,0.0,0.5,1.0
500,66402,Sincere Carry,Kent St.,0.0,0.08823529411764706,0.02857142857142857,0.48333333333333334
501,66403,Tobias Cameron,Abilene Christian,0.0,0.45454545454545453,0.7142857142857143,0.9166666666666666
502,66414,Khalid Moore,Fordham,0.8,0.45689655172413796,0.20833333333333334,0.9411764705882353
503,66418,Alex Caldwell,UNC Asheville,0.0,0.26666666666666666,0.0,0.4642857142857143
504,66421,Derek Ballard Jr.,Eastern Michigan,1.0,1.0,0.0,1.0
505,66422,Zion Young,Southern Utah,0.0,0.0,0.0,0.75
506,66423,Jordan Brown,Louisiana,0.8666666666666667,0.48672566371681414,0.46236559139784944,1.0
507,66426,Kobe Dickson,Howard,0.0,0.4888888888888889,0.2727272727272727,0.0
508,66427,AJ Edu,Toledo,0.8,0.6551724137931034,0.0,0.0
509,66429,David Mitchell,Niagara,0.0,0.5833333333333334,0.5714285714285714,1.0
510,66432,Ike Nweke,Quinnipiac,1.0,0.3956043956043956,0.45454545454545453,1.0
511,66438,Adam Flagler,Baylor,0.0,0.06451612903225806,0.17543859649122806,0.5875
512,66439,Matt Mims,South Dakota St.,0.0,0.09090909090909091,0.0,0.7758620689655172
513,66443,Daxton Carr,Idaho St.,0.4,0.5555555555555556,0.5,0.9166666666666666
514,66444,Jayden Saddler,Saint Peter's,0.0,0.3611111111111111,0.125,0.8333333333333334
515,66445,Patrick Emilien,Maryland,1.0,0.9130434782608695,0.3333333333333333,1.0
516,66450,Alex Arians,South Dakota St.,0.0,0.23529411764705882,0.0,0.8064516129032258
517,66457,Dalvin White,Chattanooga,0.0,0.07142857142857142,0.07692307692307693,0.6984126984126984
518,66463,Jaxson Baker,New Hampshire,0.0,0.625,0.0,1.0
519,66465,Neftali Alvarez,Southern Miss,0.0,0.16129032258064516,0.0,0.4444444444444444
520,66467,Derek Sabin,Belmont,0.0,0.8333333333333334,0.0,1.0
521,66468,Franklin Agunanne,SMU,0.0,0.6666666666666666,1.0,0.0
522,66471,Adam Kunkel,Xavier,0.0,0.375,0.2608695652173913,0.9558823529411765
523,66473,Dzmitry Ryuny,Oregon St.,0.3333333333333333,0.46153846153846156,0.375,0.9310344827586207
524,66476,Kevin Obanor,Texas Tech,0.8636363636363636,0.5773195876288659,0.4,0.9285714285714286
525,66477,Riley Battin,Cal Baptist,1.0,0.5,0.4375,0.9629629629629629
526,66479,Finn Sullivan,Vermont,0.6666666666666666,0.5882352941176471,0.25,0.7868852459016393
527,66480,Manny Bates,Butler,0.9090909090909091,0.704225352112676,0.559322033898305,0.0
528,66481,Tevian Jones,Southern Utah,0.35714285714285715,0.16666666666666666,0.1891891891891892,0.5443037974683544
529,66484,Lahat Thioune,UCF,1.0,0.6470588235294118,1.0,0.0
530,66486,Jr. Clay,Tennessee St.,0.0,0.08695652173913043,0.029411764705882353,0.5185185185185185
531,66488,Sage Tolbert III,San Jose St.,0.75,0.582089552238806,0.3333333333333333,1.0
532,66489,Gabe McGlothan,Grand Canyon,0.7,0.4175824175824176,0.3333333333333333,0.9354838709677419
533,66491,Matt Dentlinger,South Dakota St.,1.0,0.6,0.3541666666666667,1.0
534,66493,Savion Lewis,Quinnipiac,0.0,0.09090909090909091,0.6,1.0
535,66494,Matt Balanc,Quinnipiac,0.7142857142857143,0.4318181818181818,0.5357142857142857,0.7924528301886793
536,66496,CJ Fredrick,Kentucky,0.0,0.6,0.6666666666666666,0.9411764705882353
537,66500,Tyrese Williams,Quinnipiac,0.0,0.2857142857142857,0.07692307692307693,0.9384615384615385
538,66503,Miles Latimer,Bryant,0.0,0.36363636363636365,0.18181818181818182,0.7857142857142857
539,66504,RJ Eytle-Rock,Utah St.,0.0,0.5714285714285714,0.42857142857142855,1.0
540,66505,Jose Placer,North Florida,0.0,0.07692307692307693,0.027777777777777776,0.5757575757575758
541,66507,Stephane Ingo,Marist,1.0,0.6111111111111112,0.7,0.0
542,66508,Hunter Thompson,Wyoming,0.0,0.625,0.5,1.0
543,66510,Frankie Policelli,Stony Brook,1.0,0.21951219512195122,0.4186046511627907,0.8909090909090909
544,66513,Reggie Chaney,Houston,0.8888888888888888,0.75,0.2,0.0
545,66515,Dwayne Cohill,Youngstown St.,0.4444444444444444,0.2,0.15151515151515152,0.5490196078431373
546,66517,Nygal Russell,Towson,0.5,0.3023255813953488,0.0,1.0
547,66522,Keonte Kennedy,Memphis,0.6153846153846154,0.5897435897435898,0.6666666666666666,0.8648648648648649
548,66526,Grayson Carter,Texas Southern,0.0,0.5555555555555556,0.42857142857142855,0.8
549,66527,Kevin Samuel,South Alabama,0.8,0.5373134328358209,0.23076923076923078,0.0
550,66528,Isaih Moore,Fresno St.,0.9696969696969697,0.7288135593220338,0.4666666666666667,0.75
551,66530,Zach Nutall,SMU,0.6,0.35,0.42105263157894735,0.9047619047619048
552,66535,Eddy Kayouloud,Central Arkansas,0.75,0.35964912280701755,0.3225806451612903,0.8611111111111112
553,66539,Felix Lemetti,Southern Utah,0.0,0.0,1.0,0.0
554,66540,Garrison Wade,Cal St. Fullerton,1.0,1.0,0.3333333333333333,0.9375
555,66541,Pedro Castro,UT Arlington,0.0,0.6666666666666666,0.6470588235294118,1.0
556,66545,JC Butler,UC Irvine,0.0,0.6666666666666666,0.1,0.9444444444444444
557,66550,Ogheneyole Akuwovo,Binghamton,0.0,0.5172413793103449,0.0,0.0
558,66552,Tae Hardy,UTEP,0.75,0.4727272727272727,0.3,0.7555555555555555
559,66556,David Singleton,UCLA,0.0,0.23076923076923078,0.6363636363636364,0.958904109589041
560,66560,Michael Feinberg,Yale,0.0,0.6,0.0,1.0
561,66569,Dwight Murray Jr.,Rider,1.0,0.13333333333333333,0.26229508196721313,0.6938775510204082
562,66570,Antoine Smith Jr.,Evansville,1.0,0.6521739130434783,0.1111111111111111,0.9545454545454546
563,66575,Jase Townsend,San Diego,0.0,0.39285714285714285,0.16666666666666666,0.7
564,66578,Jarred Godfrey,Purdue Fort Wayne,0.6,0.16129032258064516,0.08823529411764706,0.8115942028985508
565,66582,Kolby Lee,Idaho St.,1.0,0.5476190476190477,0.4897959183673469,1.0
566,66587,Jordan Campbell,Fresno St.,0.5833333333333334,0.3953488372093023,0.21052631578947367,0.6363636363636364
567,66588,Carlos Jurgens,Oral Roberts,0.0,0.25,0.0,0.9666666666666667
568,66589,Jaxon Knotek,American,0.0,0.3684210526315789,0.14285714285714285,0.9375
569,66590,Shakur Daniel,Tarleton St.,0.0,0.36363636363636365,0.3275862068965517,0.8571428571428571
570,66592,Sam Griesel,Nebraska,0.42857142857142855,0.25396825396825395,0.13513513513513514,0.65
571,66593,Gerald Liddell,Detroit Mercy,1.0,0.5,0.08333333333333333,0.6
572,66594,Courtney Ramey,Arizona,1.0,0.45,0.2857142857142857,0.7710843373493976
573,66596,Jarius Cook,Jacksonville,1.0,0.5,0.3333333333333333,0.96
574,66599,Alex Rivera,Saint Peter's,0.0,1.0,1.0,0.9
575,66602,Allin Blunt,UMass Lowell,0.0,0.45161290322580644,0.15384615384615385,0.9069767441860465
576,66605,Matthew Strange,Southeastern Louisiana,0.0,0.75,0.0,0.926829268292683
577,66606,Sam Sessoms,Coppin St.,0.0,0.10317460317460317,0.05263157894736842,0.2857142857142857
578,66610,Desi Sills,Kansas St.,0.42857142857142855,0.5394736842105263,0.375,0.7777777777777778
579,66611,Keyshawn Embery-Simpson,Tulsa,0.0,0.6363636363636364,0.38461538461538464,0.8333333333333334
580,66614,Antoine Davis,Detroit Mercy,0.0,0.08108108108108109,0.0970873786407767,0.4774193548387097
581,66618,Jemarl Baker,Fresno St.,0.0,0.2962962962962963,0.05,0.8490566037735849
582,66621,Riley Abercrombie,Northern Colorado,0.0,0.25,0.0,0.9215686274509803
583,66624,Kendle Moore,Missouri St.,1.0,0.2631578947368421,0.375,0.9347826086956522
584,66626,Cam Shelton,Loyola Marymount,0.0,0.08552631578947369,0.11428571428571428,0.32727272727272727
585,66627,Keith Haymon,Northern Arizona,0.0,0.0,0.25,0.9333333333333333
586,66628,Cole Bergan,Stonehill,1.0,0.35714285714285715,0.3333333333333333,1.0
587,66631,Ant Nelson,Manhattan,0.0,0.09333333333333334,0.07936507936507936,0.5833333333333334
588,66636,Nigel Hawkins,Stephen F. Austin,0.3333333333333333,0.3333333333333333,0.2,0.9259259259259259
589,66638,Wyatt Lowell,Portland,0.0,0.5,0.0,1.0
590,66639,Daniel Sackey,New Orleans,0.0,0.3,0.3333333333333333,0.8333333333333334
591,66643,Matthew Mayer,Illinois,0.3333333333333333,0.32653061224489793,0.11764705882352941,0.6417910447761194
592,66644,Malachi Smith,Gonzaga,0.5,0.2619047619047619,0.1111111111111111,0.8222222222222222
593,66645,Grant Basile,Virginia Tech,0.9,0.6666666666666666,0.4166666666666667,0.9848484848484849
594,66648,Skyelar Potter,Jacksonville St.,1.0,0.3409090909090909,0.06666666666666667,0.71875
595,66655,Nelson Boachie-Yiadom,Hofstra,1.0,0.7755102040816326,0.6666666666666666,0.0
596,66656,Josh Roberts,Manhattan,0.847457627118644,0.788135593220339,0.8947368421052632,0.0
597,66663,Aguek Arop,San Diego St.,0.7,0.631578947368421,0.4,1.0
598,66664,Philmon Gebrewhit,DePaul,0.0,0.18181818181818182,0.25,0.9428571428571428
599,66666,Naseem Gaskin,Cal St. Bakersfield,0.0,0.25,0.0,0.0
600,66670,Tyree Eady,North Texas,0.0,0.4166666666666667,0.45454545454545453,1.0
601,66671,Austin Ash,The Citadel,0.0,0.5,0.16666666666666666,0.8041237113402062
602,66672,Mack Anderson,Montana,1.0,0.8461538461538461,1.0,0.0
603,66675,Jalen Gabbidon,Colorado,0.0,0.13793103448275862,0.0,1.0
604,66678,Kenny Strawbridge Jr.,Evansville,0.5,0.1724137931034483,0.1568627450980392,0.9333333333333333
605,66682,Brandon Swaby,Incarnate Word,0.0,0.3870967741935484,0.6,1.0
606,66685,Andrew Taylor,Marshall,0.0,0.29347826086956524,0.0547945205479452,0.6708860759493671
607,66686,Fardaws Aimaq,Texas Tech,0.75,0.4444444444444444,0.3333333333333333,1.0
608,66689,Keshaun Saunders,Portland St.,0.0,0.35,0.25,0.8571428571428571
609,66690,Jelani Williams,Howard,0.0,0.2962962962962963,0.18518518518518517,1.0
610,66700,Javian Davis,UAB,0.7272727272727273,0.703125,0.4,0.0
611,66702,Tai Strickland,Georgia Southern,0.0,0.21052631578947367,0.041666666666666664,0.6428571428571429
612,66703,Joe Hedstrom,Valparaiso,1.0,0.5,0.0,1.0
613,66708,Timmy Allen,Texas,1.0,0.6101694915254238,0.38666666666666666,0.6666666666666666
614,66710,J'Raan Brooks,UC San Diego,0.0,0.5,0.5714285714285714,1.0
615,66711,Tamell Pearson,Appalachian St.,0.0,0.2777777777777778,0.47058823529411764,1.0
616,67483,Ricky Clemons,Campbell,0.0,0.30392156862745096,0.07142857142857142,0.9615384615384616
617,67487,Matt Johnson II,Northern Colorado,0.0,0.09090909090909091,0.047619047619047616,0.8805970149253731
618,67512,Chris Brandon,Northern Kentucky,0.7391304347826086,0.5679012345679012,0.8571428571428571,0.0
619,67520,Jonas Harper,Boston University,0.0,0.18421052631578946,0.08695652173913043,0.7636363636363637
620,67557,Jayce Johnson,Siena,0.5,0.1388888888888889,0.125,0.7272727272727273
621,67563,Matthew Lang,Arizona,0.0,0.0,0.0,0.6666666666666666
622,67573,Dylan Arnette,Arkansas St.,0.0,0.0,0.0,0.0
623,67602,Shaun Doss,Arkansas Pine Bluff,0.7,0.37681159420289856,0.3018867924528302,0.9230769230769231
624,67604,Cache Fields,Utah Valley,0.0,0.0,0.0,1.0
625,67612,Patrick Mwamba,Oral Roberts,0.5,0.43137254901960786,0.29411764705882354,0.88
626,67641,Tyreek Scott-Grayson,Old Dominion,1.0,0.1694915254237288,0.18181818181818182,0.6097560975609756
627,67668,Tyler Stevenson,Mississippi St.,1.0,0.9047619047619048,0.8181818181818182,0.0
628,67673,Tyrece Radford,Texas A&M,1.0,0.325,0.13333333333333333,0.8095238095238095
629,67684,Britton Johnson,Samford,0.0,1.0,0.0,1.0
630,67692,Trey Smith,Idaho,0.0,0.2857142857142857,0.09090909090909091,0.875
631,67707,Garrett Sturtz,Drake,0.0,0.6056338028169014,0.4222222222222222,1.0
632,67735,Ronald Lucas,Delaware St.,1.0,0.5,1.0,0.0
633,67748,D.J. Wilkins,Drake,0.0,0.09090909090909091,0.07142857142857142,0.8695652173913043
634,67753,Jay Yoon,Pepperdine,0.0,0.5,0.0,0.0
635,67760,Adam Hess,NJIT,0.0,0.18181818181818182,0.23809523809523808,0.8793103448275862
636,67788,Andrew Junkin,Elon,0.0,0.0,0.0,0.0
637,67812,KC Ndefo,Seton Hall,0.875,0.5256410256410257,0.2,0.8
638,67815,Josh Aldrich,Charlotte,0.0,0.6,0.5,0.9444444444444444
639,67818,Brock Jancek,East Tennessee St.,0.0,0.9285714285714286,0.3333333333333333,0.0
640,67824,Matt Hobbs,Hartford,0.0,0.8823529411764706,1.0,1.0
641,67830,Brandon Powell,Alabama A&M,0.0,0.5,0.5,1.0
642,67832,Zan Payne,Louisville,0.0,0.0,1.0,0.0
643,67841,Webster Filmore,North Carolina A&T,0.0,0.6190476190476191,0.6666666666666666,0.0
644,67842,Max Rice,Boise St.,0.0,0.4375,0.15,0.7222222222222222
645,67860,Kyle Cardaci,Saint Peter's,0.0,0.0,0.1,0.9696969696969697
646,67875,C.J. Kelly,UCF,0.0,0.24242424242424243,0.18181818181818182,0.7611940298507462
647,67888,Tra'Von Fagan,UMBC,0.5714285714285714,0.6101694915254238,0.2222222222222222,1.0
648,67915,John-Michael Hughes,The Citadel,0.0,0.0,0.0,0.0
649,67927,Aundre Hyatt,Rutgers,0.7272727272727273,0.4444444444444444,0.29411764705882354,0.9555555555555556
650,67961,Khalil Shabazz,San Francisco,0.0,0.1864406779661017,0.16666666666666666,0.5591397849462365
651,67965,Damian Chong Qui,Purdue Fort Wayne,0.0,0.0,0.019230769230769232,0.5416666666666666
652,67986,Trendon Hankerson,Akron,0.0,0.4,0.0,0.8507462686567164
653,68019,Zoar Nedd,Hawaii,0.0,0.5,0.0,1.0
654,68036,Kyle Luedtke,Nebraska Omaha,0.0,0.2,0.0,1.0
655,68068,Matthew Glassman,Manhattan,0.0,0.0,0.25,0.0
656,68075,Isaiah Rollins,Southern,0.0,0.0,0.42857142857142855,0.8947368421052632
657,68089,DeShang Weaver,Oral Roberts,0.9047619047619048,0.6744186046511628,0.25,0.9565217391304348
658,68091,Dante Treacy,UNC Greensboro,0.0,0.20588235294117646,0.07692307692307693,0.7391304347826086
659,68099,Michael Baer,Siena,0.0,0.4166666666666667,0.6,0.9473684210526315
660,68103,Tyler Bertram,UAB,0.0,0.0,0.0,1.0
661,68110,Jordan Gilliam,Texas Southern,0.0,0.2857142857142857,0.3333333333333333,0.875
662,68154,Marvin Coleman II,Evansville,0.0,0.3409090909090909,0.125,0.7105263157894737
663,68161,Kyle Feit,New Mexico St.,0.0,0.0,0.0,0.8823529411764706
664,68173,Andy Neff,Wright St.,0.0,0.5,0.0,0.0
665,68201,Mark Calleja,South Florida,0.0,0.0,0.0,0.0
666,68217,Christian Sutton,Coppin St.,0.0,1.0,0.0,1.0
667,68233,Nicolas Fennell,North Carolina Central,0.0,0.5714285714285714,1.0,1.0
668,68296,Jayveous McKinnis,Mississippi,0.7037037037037037,0.6792452830188679,0.5,0.0
669,68312,Markese Redding,Loyola MD,0.0,0.5,1.0,0.0
670,68351,Flynn Cameron,UC Riverside,0.0,0.11363636363636363,0.1111111111111111,0.7976190476190477
671,68352,Onyebuchi Ezeakudo,Radford,0.0,0.08,0.125,0.8695652173913043
672,68363,Russell Stong,UCLA,0.0,0.0,0.0,0.0
673,68373,Ajiri Ogemuno-Johnson,Rider,0.2857142857142857,0.37037037037037035,0.3333333333333333,0.0
674,68379,Kevin McCullar Jr.,Kansas,0.8181818181818182,0.6428571428571429,0.3333333333333333,0.7931034482758621
675,68386,Jeffrey Yan,Long Beach St.,0.0,0.0,0.0,0.0
676,70243,Mekhi Long,Old Dominion,0.7333333333333333,0.43283582089552236,0.6,0.8928571428571429
677,70244,Moses Flowers,St. Bonaventure,0.6666666666666666,0.32142857142857145,0.13513513513513514,0.65
678,70249,Jeremiah Hernandez,Southern Indiana,1.0,0.2857142857142857,0.6,0.9
679,70253,Jakob Alamudun,Lehigh,0.0,0.07142857142857142,0.07142857142857142,1.0
680,70254,Alimamy Koroma,Cal Poly,1.0,0.6376811594202898,0.47058823529411764,0.9333333333333333
681,70255,Giovanni Santiago,Kent St.,0.0,0.2,0.4666666666666667,0.8333333333333334
682,70257,Tim Ceaser,Utah Valley,0.42857142857142855,0.4166666666666667,0.8181818181818182,0.95
683,70258,Miroslav Stafl,Central Michigan,0.0,0.2857142857142857,0.14285714285714285,1.0
684,70262,Miguel Tomley,Idaho St.,0.0,0.2702702702702703,0.03571428571428571,0.660377358490566
685,70265,Cade Alger,San Diego St.,0.0,0.0,0.0,1.0
686,70271,Kalik Brooks,Georgia St.,1.0,0.4166666666666667,0.0,0.9411764705882353
687,70273,Joshua Lusane,Campbell,0.0,0.4444444444444444,0.25,0.96
688,70274,David Muoka,UNLV,0.7083333333333334,0.65,0.7894736842105263,0.0
689,70278,Anderson Kopp,UMKC,0.0,0.0,0.25,1.0
690,70281,Zach Hobbs,Indiana St.,0.0,0.5,0.0,1.0
691,70283,Jameer Nelson Jr.,Delaware,0.2857142857142857,0.24778761061946902,0.2222222222222222,0.4583333333333333
692,70284,Jamison Battle,Minnesota,1.0,0.5882352941176471,0.5,0.847457627118644
693,70285,Chase Paar,Towson,0.0,0.5,0.0,0.0
694,70286,Shawn Walker Jr.,Mercer,0.5,0.3125,0.17857142857142858,0.875
695,70287,Harouna Sissoko,Illinois St.,0.0,0.75,0.875,0.0
696,70288,Malcolm Miller,Illinois St.,0.0,0.0,0.0,0.0
697,70289,DaJuan Gordon,New Mexico St.,0.6666666666666666,0.3783783783783784,0.2857142857142857,1.0
698,70297,Marcus Foster,Furman,1.0,0.46511627906976744,0.2222222222222222,0.9661016949152542
699,70302,Jonny Lawrence,Furman,0.0,0.0,0.0,0.0
700,70307,Josh Earley,Southeast Missouri St.,0.7894736842105263,0.6714285714285714,0.3448275862068966,0.0
701,70309,Cole Henry,Northern Iowa,0.6,0.6491228070175439,0.2,0.0
702,70314,Elias King,Middle Tennessee,0.7,0.358974358974359,0.4166666666666667,0.9245283018867925
703,70315,Akok Akok,Georgetown,0.9130434782608695,0.7,0.9411764705882353,1.0
704,70316,Richie Springs,Connecticut,1.0,0.4,1.0,0.0
705,70322,Byron Smith,Florida A&M,0.0,0.16666666666666666,0.2692307692307692,0.6923076923076923
706,70324,Luke Morrill,Valparaiso,0.0,0.0,0.0,0.0
707,70326,Doctor Bradley,New Mexico St.,0.7857142857142857,0.44680851063829785,0.25,0.0
708,70327,Jaden Bediako,Santa Clara,0.6666666666666666,0.5961538461538461,0.5,0.0
709,70329,Daniss Jenkins,Iona,0.25,0.2830188679245283,0.15555555555555556,0.6785714285714286
710,70333,Alvin Stredic,Mississippi Valley St.,1.0,0.65,0.25,0.0
711,70335,Keion Brooks,Washington,0.7419354838709677,0.40476190476190477,0.24285714285714285,0.9375
712,70336,Jalen Jackson,Texas A&M Corpus Chris,0.0,0.12,0.375,1.0
713,70339,Armando Bacot,North Carolina,0.9,0.5822784810126582,0.37037037037037035,0.0
714,70342,Max Agbonkpolo,Wyoming,0.75,0.5,0.14285714285714285,0.8
715,70343,Emanuel Miller,TCU,0.9523809523809523,0.6666666666666666,0.6938775510204082,1.0
716,70345,Jonathan Aku,Grambling St.,0.9,0.4857142857142857,0.4166666666666667,0.0
717,70348,Andre Gordon,Texas A&M,1.0,0.2727272727272727,0.5,0.9285714285714286
718,70352,Messiah Thompson,Alabama A&M,0.0,0.125,0.1388888888888889,0.6470588235294118
719,70355,Brandon Stone,Delaware St.,0.75,0.46511627906976744,0.4642857142857143,0.9411764705882353
720,70356,Lance Jones,Southern Illinois,0.5,0.2463768115942029,0.16666666666666666,0.9076923076923077
721,70359,Oton Jankovic,Tulane,0.0,0.0,0.0,0.0
722,70360,Mahamadou Diawara,Stetson,0.5,0.4166666666666667,0.375,0.0
723,70361,Anyang Garang,UMBC,0.0,0.0,0.0,0.0
724,70362,De'Vion Harmon,Texas Tech,0.5714285714285714,0.17582417582417584,0.04,0.5454545454545454
725,70363,Victor Iwuakor,UNLV,0.7,0.625,0.6363636363636364,0.0
726,70364,Jalen Hill,Oklahoma,0.8571428571428571,0.4520547945205479,0.5555555555555556,1.0
727,70365,Gabe Arizin,Richmond,0.0,0.0,0.0,0.0
728,70370,Toumani Camara,Dayton,0.8157894736842105,0.5862068965517241,0.3939393939393939,0.9655172413793104
729,70372,Sahvir Wheeler,Kentucky,0.0,0.13333333333333333,0.05,0.8666666666666667
730,70374,Logan Padgett,Manhattan,0.0,0.25,0.2,0.9375
731,70375,Tyrese Jenkins,Norfolk St.,1.0,0.2857142857142857,0.3333333333333333,0.6
732,70376,Donovan Gregory,Appalachian St.,0.5,0.3090909090909091,0.13157894736842105,1.0
733,70379,Doug Edert,Bryant,0.0,0.5454545454545454,0.0,1.0
734,70380,Hassan Drame,La Salle,0.3333333333333333,0.44,0.3333333333333333,0.9
735,70383,Ja'Darius Harris,North Carolina Central,1.0,0.5555555555555556,0.2857142857142857,0.875
736,70385,Emmanuel Tshimanga,UC San Diego,1.0,0.64,0.75,0.0
737,70388,Ofure Ujadughele,UC Irvine,0.0,0.1875,0.0,0.0
738,70390,Ja'Shonte Wright-McLeish,Maine,0.0,0.6,0.5652173913043478,0.8648648648648649
739,70392,Cole Bajema,Washington,0.8,0.25,0.0,0.9183673469387755
740,70393,Ata Turgut,Maine,1.0,0.8,0.5555555555555556,1.0
741,70398,Gage Bobe,Evansville,0.0,0.3076923076923077,0.0,0.9782608695652174
742,70400,Braelen Bridges,Georgia,1.0,0.48936170212765956,0.6101694915254238,0.0
743,70401,Jaylin Hunter,Ohio,0.0,0.30612244897959184,0.0,0.5211267605633803
744,70405,Trenton Massner,Western Illinois,0.3333333333333333,0.14516129032258066,0.11428571428571428,0.5316455696202531
745,70406,Jovan Zelenbaba,Northwestern St.,0.0,0.75,0.0,0.0
746,70410,Mika Adams-Woods,Cincinnati,0.0,0.2777777777777778,0.2,0.7450980392156863
747,70413,Kane Milling,UC Davis,0.0,0.3125,0.21428571428571427,0.9411764705882353
748,70414,Zane Meeks,San Francisco,1.0,0.4603174603174603,0.08333333333333333,0.9393939393939394
749,70415,David Skogman,Davidson,1.0,0.4838709677419355,0.35714285714285715,1.0
750,70418,Ben Roderick,Ohio,1.0,0.2777777777777778,0.0,0.9090909090909091
751,70421,Jaxon Brenchley,Utah,0.0,0.2,0.0,1.0
752,70424,Eli Ballstaedt,Utah,0.0,1.0,0.0,1.0
753,70425,Kobe Langley,UNC Greensboro,0.6666666666666666,0.22727272727272727,0.14285714285714285,0.6
754,70426,Eli Lawrence,Middle Tennessee,0.5625,0.2916666666666667,0.24,0.8846153846153846
755,70429,Josh Kunen,San Francisco,0.0,0.47619047619047616,0.18181818181818182,1.0
756,70430,Shamar Wright,SIU Edwardsville,0.5,0.3275862068965517,0.25925925925925924,0.96875
757,70431,Jimmy Bell Jr.,West Virginia,0.8888888888888888,0.55,0.1,0.0
758,70432,Mickey Pearson Jr.,Ball St.,0.8571428571428571,0.6363636363636364,0.4117647058823529,1.0
759,70433,Yuri Collins,Saint Louis,0.0,0.09859154929577464,0.09523809523809523,0.4666666666666667
760,70434,Samuell Williamson,SMU,0.6363636363636364,0.48717948717948717,0.5217391304347826,0.6666666666666666
761,70436,Javonte Perkins,Saint Louis,0.0,0.5,0.4411764705882353,0.8679245283018868
762,70438,Gibson Jimerson,Saint Louis,1.0,0.8253968253968254,0.5789473684210527,0.9259259259259259
763,70439,Terrence Hargrove Jr.,Saint Louis,0.7222222222222222,0.6222222222222222,0.6,1.0
764,70440,Quinn Slazinski,Iona,0.6666666666666666,0.5384615384615384,0.14285714285714285,0.8888888888888888
765,70444,Seth Pinkney,FIU,0.96,0.9069767441860465,1.0,0.0
766,70446,Kendall Lewis,Illinois St.,0.5714285714285714,0.45454545454545453,0.25,1.0
767,70447,La'Mel Robinson,Nebraska Omaha,0.0,0.0,0.0,0.0
768,70448,Justin Webster,UNLV,0.0,0.45454545454545453,0.35294117647058826,0.9629629629629629
769,70451,Darrius Hughes,Wagner,1.0,1.0,0.3333333333333333,0.0
770,70452,Mysta Goodloe,USC Upstate,0.0,0.35714285714285715,0.26666666666666666,0.9130434782608695
771,70454,Immanuel Allen,Abilene Christian,1.0,0.5128205128205128,0.4166666666666667,0.9642857142857143
772,70457,Jalyn McCreary,Mercer,0.7368421052631579,0.5398230088495575,0.4891304347826087,0.0
773,70459,Wildens Leveque,Massachusetts,0.8421052631578947,0.631578947368421,0.8235294117647058,1.0
774,70461,Jaime Jaquez Jr.,UCLA,0.5882352941176471,0.5034965034965035,0.35294117647058826,0.8787878787878788
775,70463,De'Sean Allen-Eikens,Cal St. Northridge,1.0,0.3709677419354839,0.1935483870967742,0.75
776,70464,Goran Miladinovic,Marshall,1.0,0.6,0.0,0.0
777,70467,Zach Iyeyemi,Houston Christian,0.0,0.5952380952380952,0.0,0.0
778,70470,Brady Danielson,North Dakota,0.0,0.5675675675675675,0.21428571428571427,0.9696969696969697
779,70477,Malachi Rhodes,McNeese St.,1.0,0.5833333333333334,0.0,0.0
780,70478,Quinton Morton-Robertson,Purdue Fort Wayne,0.0,0.0,0.0,0.8181818181818182
781,70480,Xander Rice,Bucknell,0.0,0.2962962962962963,0.26785714285714285,0.7230769230769231
782,70481,James Bishop IV,George Washington,0.0,0.14772727272727273,0.08433734939759036,0.5873015873015873
783,70485,Chris Shelton,Youngstown St.,0.0,0.0,0.0,1.0
784,70486,Daniel Banister,Hampton,0.6666666666666666,0.5833333333333334,0.75,1.0
785,70492,Okay Djamgouz,Drake,0.0,0.0,0.0,0.8
786,70493,Isaiah Cozart,Eastern Kentucky,0.9166666666666666,0.6612903225806451,0.45,0.0
787,70494,Chandler Turner,Bowling Green,1.0,0.4642857142857143,0.36,0.8947368421052632
788,70495,Roti Ware,Stephen F. Austin,0.0,0.45454545454545453,0.1590909090909091,0.9545454545454546
789,70497,Isaac Elsasser,Bowling Green,0.0,0.6,0.0,1.0
790,70498,Davin Zeigler,Green Bay,0.0,0.1,0.10526315789473684,0.8333333333333334
791,70501,Rahmir Moore,Wagner,0.6666666666666666,0.5294117647058824,0.2653061224489796,0.9230769230769231
792,70502,Ryan Langborg,Princeton,0.0,0.27450980392156865,0.2222222222222222,0.85
793,70505,Brady Spence,The Citadel,0.6,0.5185185185185185,0.6666666666666666,0.0
794,70509,Trae Hannibal,LSU,0.6666666666666666,0.21153846153846154,0.0,1.0
795,70511,Robert Jones,Iowa St.,0.8333333333333334,0.6226415094339622,0.2857142857142857,0.0
796,70513,Dre'Shawn Allen,Southern,0.0,0.5,0.5,1.0
797,70514,Jordan King,East Tennessee St.,0.0,0.2619047619047619,0.06779661016949153,0.578125
798,70516,Rob Higgins,St. Francis NY,0.0,0.47368421052631576,0.14285714285714285,0.8333333333333334
799,70518,Trey Quartlebaum,St. Francis NY,0.0,0.75,0.25,0.8571428571428571
800,70523,Tre Edwards,UMBC,0.0,0.0,0.0,1.0
801,70524,Ali Ali,Butler,1.0,0.5,0.2,1.0
802,70527,Jermaine Hamlin,Eastern Illinois,0.8,0.7142857142857143,0.5833333333333334,0.0
803,70528,Greg Tribble,Akron,0.8,0.22641509433962265,0.17647058823529413,0.0
804,70530,Jamaal Walker,Chattanooga,0.5,0.32,0.0,1.0
805,70531,Chol Marial,Oregon St.,1.0,1.0,1.0,1.0
806,70532,Hakim Hart,Maryland,0.7272727272727273,0.37209302325581395,0.15384615384615385,0.8292682926829268
807,70535,Trey Hutcheson,Albany,0.0,0.4,0.5,1.0
808,70538,Alex Ducas,Saint Mary's,0.0,0.5135135135135135,0.45,0.9642857142857143
809,70539,Kyle Bowen,Saint Mary's,1.0,0.6956521739130435,0.625,1.0
810,70540,Nahiem Alleyne,Connecticut,1.0,0.5384615384615384,0.2692307692307692,0.875
811,70542,Jalen Cone,Northern Arizona,0.0,0.14285714285714285,0.23529411764705882,0.6105263157894737
812,70543,Hunter Cattoor,Virginia Tech,0.0,0.4444444444444444,0.125,0.8846153846153846
813,70544,Keaston Willis,Louisiana Tech,0.0,0.06896551724137931,0.1,0.8985507246376812
814,70546,Demond Robinson,Kennesaw St.,0.8529411764705882,0.6595744680851063,0.5625,1.0
815,70547,Grant van Beveren,Wake Forest,0.0,1.0,0.0,0.0
816,70548,Ismael Massoud,Kansas St.,1.0,0.45454545454545453,0.6666666666666666,0.9736842105263158
817,70549,Donovan Ivory,Southern Miss,1.0,0.5925925925925926,0.38461538461538464,0.7857142857142857
818,70550,Ody Oguama,Cincinnati,1.0,0.7058823529411765,0.5333333333333333,0.0
819,70551,Courtney Brown Jr.,St. Thomas,1.0,0.6666666666666666,0.6666666666666666,1.0
820,70552,Tre' Williams,Tulane,0.0,0.3333333333333333,0.0,1.0
821,70553,Tasos Kamateros,South Dakota,0.0,0.45,0.09090909090909091,0.9411764705882353
822,70555,Charles Pride,Bryant,0.0,0.375,0.0,0.7307692307692307
823,70557,Michael Green III,Robert Morris,0.0,0.28125,0.12121212121212122,0.8064516129032258
824,70564,Seikou Sisoho Jawara,San Diego,0.0,0.16666666666666666,0.16,0.5945945945945946
825,70565,Armaan Franklin,Virginia,0.75,0.5740740740740741,0.4444444444444444,0.9838709677419355
826,70567,Bryson Etienne,Southern,0.25,0.25,0.4090909090909091,0.9056603773584906
827,70570,Marion Humphrey,UT Arlington,0.6666666666666666,0.21212121212121213,0.08695652173913043,0.3333333333333333
828,70573,Jamon Battle,UNC Asheville,0.7,0.4,0.47368421052631576,1.0
829,70574,Ryan Moffatt,Colgate,0.0,0.5660377358490566,0.6,0.95
830,70575,Trent Stephney,UNC Asheville,0.0,0.25,0.0,0.75
831,70579,Timmy Kiggins,Bryant,0.0,0.0,0.0,0.0
832,70581,Tahj Small,Utah Valley,1.0,0.7096774193548387,0.5833333333333334,1.0
833,70583,Yahuza Rasas,Prairie View A&M,0.8,0.5576923076923077,0.46153846153846156,1.0
834,70587,Elijah Morgan,The Citadel,0.0,0.3157894736842105,0.13333333333333333,0.8157894736842105
835,70595,Evan Taylor,Lehigh,0.5,0.5365853658536586,0.26,0.94
836,70597,Ezra Manjon,Vanderbilt,0.0,0.10309278350515463,0.021739130434782608,0.7777777777777778
837,70598,Reed Myers,Rice,0.0,0.0,0.0,0.0
838,70599,Max Fiedler,Rice,0.6,0.5448275862068965,0.5,0.0
839,70600,Festus Ndumanya,Southern,0.6363636363636364,0.5740740740740741,0.6428571428571429,0.0
840,70601,Matt Solomon,Binghamton,0.0,0.6666666666666666,0.0,0.8
841,70602,Ade Adebayo,UC Davis,1.0,0.7045454545454546,0.5,0.0
842,70604,Zach Crisler,Fairfield,0.0,0.4,0.0,1.0
843,70607,Braden Bell,Prairie View A&M,0.3333333333333333,0.4583333333333333,0.42857142857142855,0.875
844,70608,Ben Olesen,Washington St.,0.0,0.0,0.0,0.0
845,70610,Anthony Holland,Fresno St.,1.0,0.4,0.25,0.9782608695652174
846,70611,Brandton Chatfield,Seattle,1.0,0.78,0.75,1.0
847,70613,Jacob Toppin,Kentucky,0.9285714285714286,0.589041095890411,0.4925373134328358,0.9444444444444444
848,70614,Jake Betlow,Lehigh,0.0,0.0,1.0,0.8
849,70616,Reed Fenton,Lehigh,0.0,0.42857142857142855,0.1111111111111111,0.8666666666666667
850,70617,Ryan Rapp,Hawaii,0.0,0.0,0.0,0.0
851,70618,Noah Williams,Washington,0.0,0.23076923076923078,0.0,0.8461538461538461
852,70619,Tylan Pope,Tulane,0.8421052631578947,0.6785714285714286,0.3333333333333333,1.0
853,70620,Nobal Days,Tulane,1.0,1.0,1.0,0.0
854,70621,Alex Hemenway,Clemson,1.0,0.7142857142857143,0.3333333333333333,0.9090909090909091
855,70622,Jamir Chaplin,South Florida,0.5625,0.5178571428571429,0.14285714285714285,1.0
856,70625,B.J. Mack,Wofford,0.0,0.2345679012345679,0.20833333333333334,0.9
857,70626,Chase Hunter,Clemson,0.6,0.14285714285714285,0.10638297872340426,0.6458333333333334
858,70627,Al-Amir Dawes,Seton Hall,0.0,0.375,0.17647058823529413,0.7368421052631579
859,70629,Tyler Saint-Furcy,Marist,0.5,0.5,0.0,1.0
860,70635,Ken Evans Jr.,Jackson St.,0.0,0.2727272727272727,0.22580645161290322,0.5789473684210527
861,70636,Yoro Sidibe,Norfolk St.,0.0,1.0,0.0,0.0
862,70639,Rocket Watts,Oakland,0.0,0.2222222222222222,0.15151515151515152,0.7741935483870968
863,70640,Malik Hall,Michigan St.,0.875,0.3888888888888889,0.3333333333333333,0.9375
864,70641,Tyrell Jones,South Alabama,0.0,0.21428571428571427,0.25,0.9354838709677419
865,70642,Ja'von Franklin,Georgia Tech,0.5555555555555556,0.46534653465346537,0.35294117647058826,0.0
866,70643,Allen Flanigan,Auburn,0.8333333333333334,0.6071428571428571,0.24,0.6388888888888888
867,70644,Jaylin Williams,Auburn,0.8,0.5853658536585366,0.5636363636363636,0.925
868,70645,Julius Marble II,Texas A&M,0.8333333333333334,0.6891891891891891,0.5370370370370371,0.0
869,70646,Steven Izzo,Michigan St.,0.0,0.0,0.0,0.0
870,70648,John Buggs III,UTSA,1.0,0.23529411764705882,0.0,0.7702702702702703
871,70649,Khalif Battle,Temple,0.8,0.29411764705882354,0.4444444444444444,0.8311688311688312
872,70650,Damion Baugh,TCU,0.42857142857142855,0.2702702702702703,0.21739130434782608,0.8275862068965517
873,70651,Ellis Magnuson,Eastern Washington,0.0,0.0,0.0,1.0
874,70654,Boogie Ellis,USC,0.25,0.21951219512195122,0.12121212121212122,0.6385542168674698
875,70655,Titus Wright,Western Michigan,1.0,0.6575342465753424,0.4666666666666667,0.0
876,70656,Chase Graham,N.C. State,0.0,0.0,0.0,0.0
877,70657,Ronald Mitchell Jr,Sam Houston St.,0.0,0.0,0.0,1.0
878,70658,Amari Davis,Wright St.,0.5,0.3888888888888889,0.4838709677419355,1.0
879,70659,EJ Jarvis,Yale,0.6190476190476191,0.5172413793103449,0.48,1.0
880,70660,Josh Corbin,Robert Morris,0.0,0.2,0.14285714285714285,0.8674698795180723
881,70661,Dante Wilcox,FIU,0.0,0.5,0.0,0.0
882,70662,Fred Cleveland Jr.,North Carolina Central,0.0,0.0,0.2,0.5909090909090909
883,70663,August Mahoney,Yale,0.0,0.41935483870967744,0.21428571428571427,0.9056603773584906
884,70664,Spencer Jones,Stanford,1.0,0.5636363636363636,0.35135135135135137,1.0
885,70665,Chase Claxton,Winthrop,0.5714285714285714,0.4827586206896552,0.0,1.0
886,70666,Neal Begovich,Stanford,0.0,1.0,0.0,0.0
887,70668,James Keefe,Stanford,0.8,0.7096774193548387,0.8333333333333334,0.0
888,70678,Jack Mullally,Fairfield,0.0,0.0,0.0,0.0
889,70679,Christian Ings,Norfolk St.,0.6,0.2857142857142857,0.25,0.8333333333333334
890,70681,Oumar Ballo,Arizona,0.9473684210526315,0.7448275862068966,0.4772727272727273,0.0
891,70682,Tyreke Locure,Louisiana Monroe,0.0,0.11904761904761904,0.13513513513513514,0.6885245901639344
892,70683,Jimmy Clark III,Duquesne,0.45454545454545453,0.3055555555555556,0.1724137931034483,0.6274509803921569
893,70687,Josiah Allick,New Mexico,1.0,0.7555555555555555,0.4,1.0
894,70688,Sam Martin,UMKC,0.0,0.16666666666666666,0.0,0.25
895,70689,Shykeim Phillips,UNC Wilmington,0.0,0.14,0.15151515151515152,0.5
896,70690,Keli Leaupepe,Loyola Marymount,1.0,0.3958333333333333,0.16129032258064516,1.0
897,70692,Anton Watson,Gonzaga,0.7692307692307693,0.6607142857142857,0.5757575757575758,0.9333333333333333
898,70695,Jason Gibson,Towson,0.0,0.5,0.0,1.0
899,70696,Charles Thompson,Towson,0.8928571428571429,0.6171875,0.30303030303030304,0.0
900,70700,Keeshawn Barthelemy,Oregon,0.0,0.26666666666666666,0.3333333333333333,0.7941176470588235
901,70701,Ben Wight,William & Mary,0.75,0.5416666666666666,0.35135135135135137,0.0
902,70702,N'Faly Dante,Oregon,0.8518518518518519,0.5655172413793104,0.4074074074074074,0.0
903,70703,Trey Calvin,Wright St.,0.0,0.15254237288135594,0.12318840579710146,0.58
904,70707,Bryan Antoine,Radford,0.2,0.2,0.39285714285714285,0.9074074074074074
905,70710,Luke Bumbalough,Ball St.,0.0,0.0,0.25,0.7777777777777778
906,70712,Jay Heath,Georgetown,0.0,0.3103448275862069,0.1935483870967742,0.7368421052631579
907,70713,Julian Rishwain,San Francisco,0.0,0.36363636363636365,0.0,0.6666666666666666
908,70714,CJ Felder,Florida,1.0,0.6923076923076923,0.0,1.0
909,70715,Tre Jackson,Western Carolina,0.0,0.13043478260869565,0.0625,0.8584905660377359
910,70716,KK Curry,Tennessee Martin,0.8,0.5652173913043478,0.3333333333333333,1.0
911,70717,Drew Timme,Gonzaga,0.6666666666666666,0.4260089686098655,0.5,0.75
912,70720,Jacob Johnson,LIU,0.75,0.47540983606557374,0.52,1.0
913,70722,Adam Sizemore,South Alabama,0.0,0.0,0.0,1.0
914,70724,Craig Beaudion II,UMBC,0.0,0.13513513513513514,0.36,0.8571428571428571
915,70725,Anthony Walker,Miami FL,0.8333333333333334,0.75,0.5384615384615384,0.6666666666666666
916,70729,Keishawn Davidson,Belmont,0.0,0.30434782608695654,0.0967741935483871,0.4230769230769231
917,70730,Glen Anderson,Maryland Eastern Shore,0.0,0.25,0.0,1.0
918,70731,Anthony Selden,Gardner Webb,0.6521739130434783,0.49333333333333335,0.03571428571428571,0.96
919,70732,Tom Welch,Loyola Chicago,0.9230769230769231,0.75,0.3333333333333333,1.0
920,70733,JaMonta Black,Northwestern St.,0.0,0.3333333333333333,0.15384615384615385,0.7916666666666666
921,70734,Marquise Kennedy,Loyola Chicago,0.5,0.2727272727272727,0.24,0.782608695652174
922,70736,Abdoul Karim Coulibaly,UMass Lowell,0.8,0.5426356589147286,0.6111111111111112,0.0
923,70737,Gerald Drumgoole Jr.,Albany,0.0,0.25,0.3333333333333333,0.6486486486486487
924,70738,Nico Aguirre,Southern Miss,0.0,0.5,0.5,0.875
925,70739,Coreyoun Rushin,Tarleton St.,1.0,0.39285714285714285,0.0,0.0
926,70740,Tyem Freeman,UCF,1.0,0.5,0.2727272727272727,1.0
927,70741,Jacco Fritz,Canisius,0.6666666666666666,0.6666666666666666,0.0,1.0
928,70742,Jovan Stulic,Little Rock,0.0,0.0,0.0,0.0
929,70744,Ryan Wade,Green Bay,0.0,0.25,0.3,1.0
930,70745,Kobe Brown,Missouri,0.8285714285714286,0.504424778761062,0.3,0.8627450980392157
931,70746,Armon Harried,Binghamton,0.75,0.6136363636363636,0.17777777777777778,0.9166666666666666
932,70749,Tyler Wahl,Wisconsin,0.6666666666666666,0.2736842105263158,0.10344827586206896,0.9
933,70752,Blaze Nield,Utah Valley,0.0,0.07142857142857142,0.3076923076923077,0.8888888888888888
934,70753,Nate Lliteras,Longwood,0.0,0.3076923076923077,0.2222222222222222,1.0
935,70756,KyKy Tandy,Xavier,0.0,0.3333333333333333,0.5,0.8888888888888888
936,70757,Osborn Shema,Iona,0.875,0.74,0.85,0.9565217391304348
937,70765,Luke Ruggery,Saint Francis,0.0,0.3333333333333333,0.6666666666666666,0.96875
938,70767,Josh Cohen,Saint Francis,1.0,0.5333333333333333,0.4631578947368421,0.0
939,70768,Brad McCabe,Saint Francis,0.0,0.2222222222222222,1.0,0.8823529411764706
940,70769,Dieonte Miles,Xavier,0.0,0.4,0.0,0.0
941,70772,Rienk Mast,Bradley,1.0,0.46774193548387094,0.42105263157894735,0.9583333333333334
942,70776,Miles Gibson,Binghamton,1.0,0.4857142857142857,0.38636363636363635,0.8125
943,70777,Ville Tahvanainen,Bradley,0.0,0.39285714285714285,0.23076923076923078,0.8461538461538461
944,70781,Benjamin Bosmans-Verdonk,South Carolina,0.0,0.42105263157894735,0.3333333333333333,0.0
945,70782,Daylen Williams,UT Rio Grande Valley,1.0,0.5526315789473685,0.5,1.0
946,70785,Noel Coleman,Hawaii,0.6666666666666666,0.2727272727272727,0.23076923076923078,0.7818181818181819
947,70789,Rick Issanza,Loyola Marymount,0.8846153846153846,0.6857142857142857,0.6,0.0
948,70791,KJ Marshall,Pittsburgh,0.0,0.0,0.0,0.0
949,70795,Hunter Woods,Portland St.,0.0,0.38461538461538464,0.3125,1.0
950,70797,Daniel Rodriguez,Fairleigh Dickinson,0.0,0.0,1.0,0.0
951,70799,Zac Ervin,Elon,0.0,0.35,0.4,0.8076923076923077
952,70800,Devon Dunn,Campbell,0.0,0.6153846153846154,0.6666666666666666,0.9333333333333333
953,70801,Brandon Rush,Youngstown St.,0.3888888888888889,0.2564102564102564,0.21428571428571427,0.8450704225352113
954,70802,Jack Wilson,Washington St.,0.0,0.0,0.0,0.0
955,70806,Caleb Fields,Arkansas St.,0.0,0.07407407407407407,0.23809523809523808,1.0
956,70808,Stephen Clark,The Citadel,0.8421052631578947,0.3533834586466165,0.10344827586206896,0.6
957,70809,Trey Anderson,San Jose St.,1.0,0.5,0.5,0.9047619047619048
958,70810,Cobe Williams,Louisiana Tech,0.25,0.11842105263157894,0.09523809523809523,0.5365853658536586
959,70811,Isaiah Crawford,Louisiana Tech,0.4,0.25,0.09090909090909091,0.6551724137931034
960,70815,Jaren Nafarrete,Seattle,0.0,0.0,0.0,0.0
961,70818,Terrell Williams Jr.,Southern,0.5714285714285714,0.5,0.6190476190476191,0.8095238095238095
962,70819,Jalen Gaffney,Florida Atlantic,1.0,0.2857142857142857,0.14285714285714285,0.7407407407407407
963,70820,Jack McMahon,Presbyterian,0.0,0.0,0.0,0.0
964,70825,Seth Lundy,Penn St.,0.7777777777777778,0.4791666666666667,0.24,0.8260869565217391
965,70827,John Kelly,Massachusetts,0.0,0.0,0.0,0.0
966,70828,Jakov Kukic,UC Santa Barbara,0.0,0.6666666666666666,0.5,0.0
967,70832,Emmanuel Kuac,New Mexico,0.0,0.0,0.0,0.0
968,70840,Rahsaan Edwards,South Carolina St.,0.0,0.4666666666666667,0.16666666666666666,0.7073170731707317
969,70844,Dahmir Bishop,Florida Gulf Coast,0.5,0.24242424242424243,0.08333333333333333,1.0
970,70845,Tyler Stephenson-Moore,Stony Brook,0.75,0.4358974358974359,0.4107142857142857,0.7380952380952381
971,70849,Daniel Ramsey,Tennessee Tech,1.0,0.9090909090909091,0.5384615384615384,0.0
972,70852,Heru Bligen,Fairleigh Dickinson,0.0,0.4666666666666667,0.3548387096774194,0.0
973,70856,Joe French,Bethune Cookman,0.0,0.15384615384615385,0.35714285714285715,0.8709677419354839
974,70857,Jaelen House,New Mexico,0.0,0.2375,0.03225806451612903,0.6785714285714286
975,70858,Desmond Williams,Tennessee Martin,0.0,0.1,0.0,0.7543859649122807
976,70859,Lars Thiemann,California,0.7272727272727273,0.5333333333333333,0.5555555555555556,0.0
977,70860,Jonathan Steelman,Wofford,0.0,0.0,0.0,0.0
978,70861,Zach Freemantle,Xavier,0.9130434782608695,0.821917808219178,0.82,1.0
979,70865,Marcus Domask,Southern Illinois,0.5,0.3764705882352941,0.21428571428571427,0.9056603773584906
980,70866,Trent Brown,Southern Illinois,0.0,0.3333333333333333,0.0,0.96
981,70867,Josh Endicott,Tennessee Martin,1.0,0.625,0.5714285714285714,0.6666666666666666
982,70869,Coleman Boyd,Georgia Tech,0.0,0.0,0.0,0.0
983,70870,Darion Jordan-Thomas,UMass Lowell,0.0,0.8,1.0,0.0
984,70873,Ja'Mier Fletcher,Wagner,1.0,0.4583333333333333,1.0,0.0
985,70875,Justin McKoy,North Carolina,0.0,0.0,0.0,1.0
986,70876,Andrew Kenny,Boston College,0.0,0.0,0.0,0.0
987,70880,Trayce Jackson-Davis,Indiana,0.7027027027027027,0.539906103286385,0.3877551020408163,0.0
988,70881,Nathan Childress,Indiana,0.0,0.0,0.0,0.0
989,70885,Langston Powell,Louisiana Monroe,0.3333333333333333,0.64,0.8888888888888888,0.96
990,70894,Chance Hunter,Cal Poly,0.0,0.20689655172413793,0.2,0.8918918918918919
991,70895,Joshua Morgan,USC,0.92,0.7894736842105263,0.84,0.0
992,70896,Romelle Mansel,Jackson St.,0.7575757575757576,0.45977011494252873,0.5161290322580645,1.0
993,70897,Jalen White,UNC Greensboro,0.0,0.0,0.0,0.0
994,70899,Emmanuel Izunabor,High Point,0.75,0.5365853658536586,1.0,0.0
995,70901,Bryant Randleman,High Point,0.0,0.1724137931034483,0.09090909090909091,0.0
996,70904,Kuany Kuany,California,0.5714285714285714,0.53125,0.21739130434782608,0.9285714285714286
997,70911,KJ Cunningham,Weber St.,0.0,0.23809523809523808,0.14285714285714285,0.9354838709677419
998,70913,Robbie Beran,Northwestern,1.0,0.59375,0.5555555555555556,1.0
999,70917,Tyrease Terrell,Nicholls St.,0.0,0.0,0.0,0.9166666666666666
1000,70922,Dekedran Thorn,Alcorn St.,0.6,0.44,0.5263157894736842,0.9148936170212766
1001,70925,James Rojas,Wichita St.,0.6666666666666666,0.573170731707317,0.375,1.0
1002,70926,Josaphat Bilau,Rhode Island,0.0,0.5,0.5555555555555556,0.6666666666666666
1003,70927,Jaylen Forbes,Tulane,1.0,0.7111111111111111,0.6097560975609756,0.8636363636363636
1004,70929,Juwan Gary,Nebraska,0.6666666666666666,0.6578947368421053,0.2727272727272727,0.9333333333333333
1005,70930,Ben Sheppard,Belmont,0.5,0.4,0.11904761904761904,0.8227848101265823
1006,70931,Noah Fernandes,Massachusetts,0.0,0.2222222222222222,0.05,0.7894736842105263
1007,70932,Juwan Perdue,Jacksonville St.,0.7222222222222222,0.5614035087719298,0.42105263157894735,1.0
1008,70934,PJ Fuller II,Washington,0.5,0.17857142857142858,0.0,0.8421052631578947
1009,70935,Caleb Mills,Florida St.,0.14285714285714285,0.1111111111111111,0.07692307692307693,0.8333333333333334
1010,70936,Francisco Farabello,Creighton,0.0,0.42857142857142855,0.0,1.0
1011,70937,Aidan Igiehon,Grand Canyon,1.0,0.5,0.7,0.0
1012,70938,Josh Nickelberry,La Salle,0.6666666666666666,0.625,0.09090909090909091,0.7974683544303798
1013,70940,Madani Diarra,Bowling Green,0.0,0.0,0.0,0.0
1014,70941,Steele Venters,Eastern Washington,0.8571428571428571,0.5,0.2413793103448276,0.9210526315789473
1015,70945,Dontaie Allen,Western Kentucky,0.3333333333333333,0.2777777777777778,0.2,0.75
1016,70951,Ethan Anderson,Wyoming,0.0,0.023809523809523808,0.11764705882352941,0.8
1017,70957,Caleb Asberry,Oklahoma St.,0.875,0.42857142857142855,0.0,0.8166666666666667
1018,70961,Micah Thomas,Nicholls St.,0.0,0.25,0.11538461538461539,0.3181818181818182
1019,70966,Jalen Bridges,Baylor,0.8,0.5151515151515151,0.43478260869565216,0.9166666666666666
1020,70970,Aaron Estrada,Hofstra,0.5,0.25301204819277107,0.13793103448275862,0.4857142857142857
1021,70971,Matthew Lee,Missouri St.,0.0,0.0,0.0,0.0
1022,70972,Ayinde Hikim,UMass Lowell,0.0,0.23636363636363636,0.1951219512195122,0.35714285714285715
1023,70974,Taveion White,Binghamton,0.8888888888888888,0.7777777777777778,1.0,0.0
1024,70975,Jordan Wright,Vanderbilt,0.75,0.3125,0.125,0.7
1025,70976,Sherif Gross-Bullock,Bryant,0.4444444444444444,0.24050632911392406,0.06666666666666667,0.75
1026,70977,Julien Wooden,James Madison,0.875,0.3877551020408163,0.3333333333333333,0.9583333333333334
1027,70978,Michael Christmas,Longwood,0.9,0.34,0.3684210526315789,1.0
1028,70984,Thomas Sheida,USC Upstate,0.0,0.0,0.0,1.0
1029,70985,Tyler Morman,Southern Miss,1.0,0.7333333333333333,0.5,0.0
1030,70986,Jacob Germany,UTSA,0.625,0.4307692307692308,0.4393939393939394,0.0
1031,70990,Jason Jitoboh,Florida,0.75,0.6666666666666666,0.7619047619047619,1.0
1032,70991,Bernard Kouma,Oklahoma St.,0.0,1.0,0.0,0.0
1033,70992,Alex Klatsky,Florida,0.0,0.0,0.0,1.0
1034,70995,Christian Brown,Tennessee St.,0.625,0.5757575757575758,0.2,0.8888888888888888
1035,70996,Omar Payne,Jacksonville,1.0,0.8928571428571429,0.5384615384615384,1.0
1036,70998,Austin Crowley,Southern Miss,0.4117647058823529,0.34285714285714286,0.25,0.8253968253968254
1037,71000,Jalen Graham,Arkansas,0.8181818181818182,0.6222222222222222,0.2857142857142857,0.0
1038,71003,Rashaun Agee,Bowling Green,0.7727272727272727,0.5119047619047619,0.15384615384615385,1.0
1039,71007,Ahren Freeman,UT Rio Grande Valley,0.75,0.6538461538461539,0.8,0.0
1040,71009,Khalil Robinson,Howard,0.0,0.25,0.5,0.875
1041,71013,Charles Smith IV,Old Dominion,0.0,0.5,0.5,1.0
1042,71018,Brice Williams,Charlotte,0.7368421052631579,0.4714285714285714,0.14285714285714285,0.8103448275862069
1043,71021,Jack Forrest,Bucknell,0.5,0.10714285714285714,0.125,0.8292682926829268
1044,71022,Keenon Cole,Lindenwood,0.5384615384615384,0.3253012048192771,0.2777777777777778,0.8
1045,71023,Nick Caldwell,Southeastern Louisiana,0.75,0.5454545454545454,0.4864864864864865,0.8125
1046,71025,Tyler Cochran,Toledo,0.0,0.3,0.16666666666666666,0.8333333333333334
1047,71028,Kruz Perrott-Hunt,South Dakota,0.0,0.18518518518518517,0.125,0.7547169811320755
1048,71029,A.J. Plitzuweit,South Dakota,0.0,0.13043478260869565,0.25925925925925924,0.7083333333333334
1049,71032,Terrell Burden,Kennesaw St.,0.6666666666666666,0.06140350877192982,0.0,0.7142857142857143
1050,71033,Nate Jenkins,Green Bay,0.0,0.8,0.14285714285714285,1.0
1051,71034,Armani Harris,Kennesaw St.,0.0,0.0,0.0,0.0
1052,71041,Nyzaiah Chambers,Norfolk St.,0.6923076923076923,0.56,0.6,1.0
1053,71042,Leslie Nkereuwem,Longwood,0.76,0.5869565217391305,0.13333333333333333,0.0
1054,71043,Dame Adelekun,Dartmouth,0.8666666666666667,0.3220338983050847,0.15789473684210525,1.0
1055,71044,Allen Powell,Rider,0.0,0.19047619047619047,0.2553191489361702,0.7674418604651163
1056,71045,Nate Ogbu,Dartmouth,0.0,1.0,0.0,1.0
1057,71046,Hunter Goodrick,Cal Baptist,0.8,0.5555555555555556,0.09090909090909091,0.8333333333333334
1058,71048,Khalil Turner,Morgan St.,0.5,0.7333333333333333,0.0,1.0
1059,71049,Nikc Jackson,Air Force,0.6666666666666666,0.6363636363636364,0.0,0.0
1060,71050,Daryl Anderson,Norfolk St.,0.0,0.4,0.3333333333333333,0.9047619047619048
1061,71051,Masai Olowokere,Central Arkansas,0.4444444444444444,0.5357142857142857,0.3793103448275862,1.0
1062,71053,Caleb Burgess,UNC Asheville,0.0,0.3333333333333333,0.13333333333333333,1.0
1063,71054,Josh Vazquez,Montana,0.0,0.1,0.16666666666666666,0.8823529411764706
1064,71055,Kyle Owens,UC Riverside,1.0,0.6756756756756757,0.75,1.0
1065,71056,Kadin Shedrick,Virginia,0.8333333333333334,0.7580645161290323,1.0,1.0
1066,71057,CJ Wilbourn,Wright St.,0.0,1.0,0.0,0.0
1067,71059,Lewis McDaniel,Central Arkansas,0.0,1.0,0.0,0.0
1068,71060,Kalil Thomas,Morehead St.,0.6666666666666666,0.5714285714285714,0.3333333333333333,0.9122807017543859
1069,71063,Connor Nelson,American,0.0,1.0,0.3333333333333333,0.7777777777777778
1070,71069,Marcus Filien,Cornell,1.0,0.9090909090909091,0.3333333333333333,1.0
1071,71073,Bas Leyte,UNC Greensboro,1.0,0.7164179104477612,0.4666666666666667,1.0
1072,71074,Jackson Blaufeld,Dartmouth,0.0,0.6666666666666666,0.0,1.0
1073,71075,EJ Williams,Alabama A&M,1.0,0.41379310344827586,0.23076923076923078,0.0
1074,71077,Paul Hudson,Dartmouth,1.0,0.5,0.0,0.0
1075,71080,Garrett Hicks,Alabama A&M,0.75,0.37142857142857144,0.2,0.7924528301886793
1076,71081,Camden Vander Zwaag,Air Force,0.0,0.5333333333333333,0.125,0.9523809523809523
1077,71083,Da'mir Faison,NJIT,0.5,0.6,0.0,0.5
1078,71088,K'Mani Doughty,New Orleans,0.0,0.3684210526315789,0.47368421052631576,0.9047619047619048
1079,71089,Raquan Brown,South Carolina St.,0.0,0.3888888888888889,0.4,0.9565217391304348
1080,71093,Dajuan Harris Jr.,Kansas,1.0,0.358974358974359,0.0,0.8
1081,71094,Tyler Thomas,Hofstra,1.0,0.3902439024390244,0.10526315789473684,0.8522727272727273
1082,71095,R.J. McGee,Tulane,0.8571428571428571,0.7586206896551724,0.8571428571428571,0.9166666666666666
1083,71096,Sean Yoder,Navy,0.0,0.375,0.6923076923076923,0.9545454545454546
1084,71098,Tyler Nelson,Navy,0.4166666666666667,0.36363636363636365,0.4,0.9444444444444444
1085,71099,P.J. Roach Jr.,Navy,0.0,0.0,0.0,0.0
1086,71101,Daniel Deaver,Navy,1.0,0.5571428571428572,0.6818181818181818,1.0
1087,71102,Patrick Dorsey,Navy,0.0,0.10526315789473684,0.07692307692307693,0.9743589743589743
1088,71104,Christian Jones,Navy,0.0,0.38235294117647056,0.21428571428571427,0.8285714285714286
1089,71105,John Bowen III,Elon,0.9375,0.7777777777777778,1.0,1.0
1090,71106,Noah Meren,Florida A&M,0.0,0.21875,0.35294117647058826,1.0
1091,71107,Neal Quinn,Richmond,0.6,0.42528735632183906,0.1282051282051282,1.0
1092,71109,Daman Tate,Boston University,1.0,0.15,0.25,0.7777777777777778
1093,71110,Leo O'Boyle,Lafayette,0.0,0.5517241379310345,0.5294117647058824,1.0
1094,71112,Ethan Brittain-Watts,Boston University,0.0,0.0,0.25,0.7567567567567568
1095,71115,Mervin James,Rider,1.0,0.5087719298245614,0.41379310344827586,0.6666666666666666
1096,71117,Brandon Newman,Purdue,0.0,0.29411764705882354,0.5333333333333333,0.9142857142857143
1097,71118,Jalen Thomas,Butler,0.8888888888888888,0.6296296296296297,0.8125,1.0
1098,71121,Keshad Johnson,San Diego St.,0.9722222222222222,0.72,0.5,1.0
1099,71124,James Moors,Colorado St.,1.0,0.875,0.5,1.0
1100,71125,Alejandro Ralat,Florida Atlantic,0.0,0.0,0.0,0.0
1101,71126,Eduardo Lane,Siena,1.0,0.38461538461538464,1.0,0.0
1102,71128,Isaiah Stevens,Colorado St.,0.0,0.22727272727272727,0.2702702702702703,0.5909090909090909
1103,71130,Kyle Rose,Fordham,0.0,0.5263157894736842,0.25,0.9183673469387755
1104,71131,Wheza Panzo,Stetson,0.0,0.14285714285714285,0.6,1.0
1105,71132,Fousseyni Drame,La Salle,0.75,0.5079365079365079,0.38235294117647056,0.8
1106,71133,Daryl Banks III,St. Bonaventure,0.0,0.25,0.14634146341463414,0.7341772151898734
1107,71139,Ford Cooper Jr.,South Carolina,0.0,1.0,0.0,1.0
1108,71140,Dylan Disu,Texas,0.5714285714285714,0.5230769230769231,0.603448275862069,1.0
1109,71147,Volodymyr Markovetskyy,San Francisco,0.8,0.6785714285714286,0.75,0.0
1110,71148,Mykel Derring,Merrimack,0.0,1.0,0.0,0.96
1111,71154,Mikey Watkins,UMass Lowell,0.0,0.125,0.0,0.8666666666666667
1112,71158,Daraun Gray,Loyola MD,0.0,0.0,0.0,0.0
1113,71159,Kareem Reid,Gardner Webb,0.6785714285714286,0.5346534653465347,0.25,0.0
1114,71160,Jared Coleman-Jones,Middle Tennessee,0.5714285714285714,0.2413793103448276,0.3333333333333333,1.0
1115,71166,Damani McEntire,Bethune Cookman,0.0,0.16666666666666666,0.2777777777777778,0.8333333333333334
1116,71168,Miguel Ayesa,William & Mary,0.0,0.5,0.0,0.9230769230769231
1117,71169,Blondeau Tchoukuiegno,Cal Baptist,0.0,0.11538461538461539,0.125,0.8888888888888888
1118,71171,Kyle Rode,Liberty,0.0,0.46808510638297873,0.07142857142857142,0.8923076923076924
1119,71173,Shiloh Robinson,Liberty,1.0,0.7534246575342466,0.3333333333333333,1.0
1120,71174,Charles Coleman,Saint Joseph's,1.0,0.5454545454545454,1.0,1.0
1121,71177,Ludgy Debaut,East Carolina,0.6666666666666666,0.6666666666666666,0.4,0.0
1122,71179,Andrei Savrasov,Georgia Southern,0.375,0.4065934065934066,0.17391304347826086,0.9696969696969697
1123,71180,Russel Tchewa,South Florida,0.9090909090909091,0.5806451612903226,0.4074074074074074,0.0
1124,71181,Terrence Shannon Jr.,Illinois,0.15384615384615385,0.23170731707317074,0.07407407407407407,0.66
1125,71185,Tyreek Smith,Oklahoma St.,0.7058823529411765,0.5538461538461539,0.6,1.0
1126,71188,Caleb Hodgson,Central Michigan,0.0,1.0,0.0,1.0
1127,71191,Donovan Clay,Missouri St.,0.5555555555555556,0.3333333333333333,0.14893617021276595,0.8333333333333334
1128,71194,Bryce Okpoh,Canisius,0.7,0.5666666666666667,0.42857142857142855,0.0
1129,71197,Emil Freese-Vilien,Valparaiso,0.0,1.0,0.5,0.0
1130,71199,Carter Murphy,Air Force,1.0,0.5681818181818182,0.25925925925925924,0.875
1131,71201,Cam Alford,Utah Valley,0.0,0.2,0.0,1.0
1132,71205,Maleeck Harden-Hayes,UNC Wilmington,0.6666666666666666,0.5,0.3076923076923077,0.975609756097561
1133,71206,Travis Evee,Rice,0.0,0.3,0.05714285714285714,0.7647058823529411
1134,71207,Dean Keeler,UC Irvine,1.0,0.7368421052631579,0.631578947368421,0.0
1135,71208,Austin Johnson,North Carolina A&T,0.7692307692307693,0.6363636363636364,0.42857142857142855,1.0
1136,71212,Noah Waterman,BYU,0.0,0.5,0.6363636363636364,0.96
1137,71213,Justin Hohn,UC Irvine,0.0,0.2727272727272727,0.058823529411764705,0.7567567567567568
1138,71215,Michael Hanshaw,Idaho,0.0,0.6,1.0,1.0
1139,71216,Michael Kennedy,Marquette,0.0,0.0,0.0,0.0
1140,71217,John McGriff,Binghamton,0.0,0.0,0.15384615384615385,0.7647058823529411
1141,71218,Brenton Mills,Bowling Green,1.0,0.3157894736842105,0.35714285714285715,1.0
1142,71226,Yvan Ouedraogo,Grand Canyon,0.8333333333333334,0.46153846153846156,0.3333333333333333,0.0
1143,71233,Josh Oduro,George Mason,0.625,0.4621212121212121,0.25806451612903225,0.8571428571428571
1144,71234,Marcus Sasser,Houston,0.0,0.18518518518518517,0.225,0.7083333333333334
1145,71237,Justin Winston,Coppin St.,1.0,0.48148148148148145,0.6666666666666666,1.0
1146,71239,Cody Collinsworth,Western Illinois,0.0,1.0,0.5,1.0
1147,71241,Tre Gomillion,Missouri,0.875,0.4411764705882353,0.4,1.0
1148,71244,Miles Brown,Ohio,0.0,0.21621621621621623,0.14285714285714285,0.7547169811320755
1149,71248,Greg Outlaw,Pacific,1.0,0.16,0.14285714285714285,0.8
1150,71251,Trevian Tennyson,Texas A&M Corpus Chris,1.0,0.3888888888888889,0.6153846153846154,0.9361702127659575
1151,71263,JaVonni Bickham,Denver,0.0,0.25,0.6666666666666666,0.0
1152,71264,Shon Robinson,Austin Peay,0.8333333333333334,0.65625,0.4444444444444444,0.6666666666666666
1153,71265,Joey Reilly,Sacred Heart,0.0,0.5142857142857142,0.35135135135135137,0.8709677419354839
1154,71270,Steph Gabriel,Western Illinois,0.0,0.8333333333333334,0.75,1.0
1155,71271,Yavuz Gultekin,San Diego,0.0,0.0,1.0,0.0
1156,71272,Mark Freeman,Morehead St.,0.0,0.22,0.18181818181818182,0.7254901960784313
1157,71273,Samari Curtis,Bowling Green,0.5,0.1,0.07142857142857142,0.7804878048780488
1158,71274,Akol Arop,Nebraska Omaha,0.8,0.5277777777777778,0.5,1.0
1159,71279,Cedric Henderson Jr.,Arizona,1.0,0.5116279069767442,0.45454545454545453,0.7567567567567568
1160,71281,Kevin Cross,Tulane,0.6538461538461539,0.5238095238095238,0.4375,0.9333333333333333
1161,71283,T.J. Weeks Jr.,Massachusetts,0.0,0.44,0.14285714285714285,0.8979591836734694
1162,71284,Sean East II,Missouri,0.0,0.2,0.2,0.5333333333333333
1163,71285,Joe Petrakis,Illinois St.,1.0,0.5,0.0,1.0
1164,71288,Tre Mitchell,West Virginia,0.38461538461538464,0.4406779661016949,0.5,0.9166666666666666
1165,71289,Naheem McLeod,Florida St.,0.76,0.6666666666666666,0.75,0.0
1166,71290,Tyler Burton,Richmond,0.6875,0.3247863247863248,0.25,0.8909090909090909
1167,71292,Emmanuel Taban,Portland St.,0.0,0.0,0.0,0.0
1168,71294,Michael Moreno,Eastern Kentucky,0.0,0.2972972972972973,0.4444444444444444,0.8441558441558441
1169,71297,Damian Dunn,Temple,0.0,0.3902439024390244,0.1836734693877551,0.8541666666666666
1170,71298,Josh Pierre-Louis,UC Santa Barbara,0.5,0.45161290322580644,0.38461538461538464,1.0
1171,71300,Tariq Balogun,Binghamton,0.9166666666666666,0.5757575757575758,0.5,0.0
1172,71301,Rett Lister,Furman,0.0,0.0,0.0,0.0
1173,71305,Brayden Parker,Idaho St.,1.0,0.47058823529411764,0.3,1.0
1174,71306,Greg Gantt,N.C. State,1.0,0.8333333333333334,0.75,1.0
1175,71309,Isiaih Mosley,Missouri,0.8,0.45454545454545453,0.25,0.4666666666666667
1176,71310,Jordan Mason,Wagner,0.0,0.0,0.0,1.0
1177,71311,Isaiah Hill,Fresno St.,0.0,0.2857142857142857,0.20512820512820512,0.5813953488372093
1178,71313,Dexter Akanno,Oregon St.,0.2857142857142857,0.23684210526315788,0.1,0.5806451612903226
1179,71314,Symir Torrence,Syracuse,0.5,0.5625,0.14285714285714285,0.5
1180,71318,Marko Sarenac,Marshall,0.0,0.0,0.0,0.0
1181,71321,Brian Taylor,Central Michigan,0.75,0.5,0.3333333333333333,0.9310344827586207
1182,71326,Raymond Somerville,Delaware St.,0.8461538461538461,0.7272727272727273,0.6666666666666666,0.0
1183,71328,Brandon Haddock,Utah,0.0,0.0,0.0,0.0
1184,71329,Deonte Billups,Purdue Fort Wayne,0.0,0.23809523809523808,0.07142857142857142,0.9107142857142857
1185,71330,Antonio Reeves,Kentucky,1.0,0.41935483870967744,0.3157894736842105,0.875
1186,71331,Justin Bieker,San Francisco,0.0,0.5,1.0,1.0
1187,71332,Luc Krystkowiak,Arizona,0.0,1.0,0.0,0.0
1188,71333,Isaiah Hawthorne,San Francisco,0.8,0.5454545454545454,0.125,0.7
1189,71334,Hunter Mecum,Utah,0.0,0.0,0.0,0.0
1190,71335,Garren Davis,Green Bay,0.0,0.4,0.125,0.9411764705882353
1191,71336,Rylan Jones,Utah St.,0.0,0.14285714285714285,0.0,1.0
1192,71337,Jeremiah Davenport,Cincinnati,1.0,0.6111111111111112,0.2857142857142857,0.927536231884058
1193,71338,Zach Harvey,UC Santa Barbara,0.0,1.0,0.0,0.0
1194,71341,Russell Dean,Hampton,0.5,0.0784313725490196,0.11666666666666667,0.75
1195,71343,Jacob O'Connell,Princeton,1.0,0.8571428571428571,0.0,0.0
1196,71344,Keeshawn Kellman,Princeton,0.7142857142857143,0.5316455696202531,0.42857142857142855,0.0
1197,71345,Konrad Kiszka,Princeton,0.0,0.75,0.0,1.0
1198,71346,Tosan Evbuomwan,Princeton,0.5,0.14705882352941177,0.16666666666666666,1.0
1199,71348,Tyler Millin,Middle Tennessee,0.4,0.3333333333333333,0.5,0.9333333333333333
1200,71349,DJ Rodman,Washington St.,0.0,0.36363636363636365,0.2222222222222222,0.8823529411764706
1201,71352,Lamar Wright,SIU Edwardsville,1.0,0.3,0.5789473684210527,1.0
1202,71355,Jesus Carralero,Campbell,0.0,0.25,0.2,1.0
1203,71356,Nick Fiorillo,Vermont,0.8,0.6666666666666666,0.0,1.0
1204,71359,Jae'Lyn Withers,Louisville,0.5,0.21875,0.04,0.875
1205,71360,Kalib Boone,Oklahoma St.,0.6923076923076923,0.5775862068965517,0.22580645161290322,1.0
1206,71361,Chris Harris Jr.,Oklahoma St.,0.0,0.125,0.0,1.0
1207,71362,Marcus Watson,North Carolina A&T,0.6086956521739131,0.410958904109589,0.19230769230769232,0.5348837209302325
1208,71363,Rob Perry,Murray St.,0.0,0.43137254901960786,0.26229508196721313,0.6346153846153846
1209,71364,Keylan Boone,Pacific,0.3333333333333333,0.42592592592592593,0.47619047619047616,0.8888888888888888
1210,71367,Avery Anderson III,Oklahoma St.,0.5,0.17073170731707318,0.0,0.9090909090909091
1211,71368,Chris Ledlum,Harvard,0.625,0.46825396825396826,0.15789473684210525,0.8421052631578947
1212,71370,Omari Moore,San Jose St.,0.15384615384615385,0.12195121951219512,0.0,0.3333333333333333
1213,71381,Blake Lampman,Oakland,0.3333333333333333,0.3076923076923077,0.3333333333333333,0.8333333333333334
1214,71384,Noah Thomasson,Niagara,0.0,0.08411214953271028,0.057971014492753624,0.48
1215,71385,Jason Thompson,Houston Christian,1.0,0.6666666666666666,1.0,0.0
1216,71386,Dan Oladapo,North Carolina Central,0.8,0.7857142857142857,0.5,0.0
1217,71389,Yusuf Jihad,Eastern Michigan,1.0,0.5333333333333333,0.38461538461538464,0.9230769230769231
1218,71393,Joe Jones III,Georgia St.,1.0,0.5714285714285714,1.0,0.0
1219,71394,Idan Tretout,Harvard,0.0,0.02127659574468085,0.0,0.7142857142857143
1220,71395,Isaiah Thompson,Florida Gulf Coast,0.0,0.16666666666666666,0.06896551724137931,0.7105263157894737
1221,71396,Luka Sakota,Harvard,0.0,0.3333333333333333,0.0,0.8333333333333334
1222,71397,Tommy O'Neil,Harvard,0.0,0.0,0.0,0.0
1223,71400,Sean Conway,VMI,0.0,0.20689655172413793,0.10714285714285714,0.7254901960784313
1224,71407,Zyon Pullin,UC Riverside,0.0,0.125,0.05982905982905983,0.4583333333333333
1225,71410,Ibrahima Diallo,San Jose St.,0.7777777777777778,0.5588235294117647,0.2222222222222222,0.0
1226,71417,Savion Gallion,Louisiana Monroe,0.0,0.3793103448275862,0.2857142857142857,0.8333333333333334
1227,71420,Calvin Solomon,UTEP,0.7142857142857143,0.42028985507246375,0.32558139534883723,0.0
1228,71422,Nate Ferguson,Drake,1.0,0.8148148148148148,1.0,0.0
1229,71423,Joseph Yesufu,Kansas,1.0,0.45,0.0,0.8333333333333334
1230,71427,Jordan Minor,Merrimack,0.875,0.577639751552795,0.5714285714285714,1.0
1231,71428,Ziggy Reid,Merrimack,1.0,0.4,0.125,0.9807692307692307
1232,71429,Jordan McKoy,Merrimack,0.0,1.0,0.0,1.0
1233,71434,Keyshaun Langley,UNC Greensboro,1.0,0.35,0.03571428571428571,0.7023809523809523
1234,71435,Isaac Stansbury,Mississippi St.,0.0,0.0,0.0,0.0
1235,71438,James Glisson III,Mercer,0.0,0.2777777777777778,0.2727272727272727,1.0
1236,71440,Diego Rivera,Mercer,0.0,0.0,0.0,0.0
1237,71441,Chase Johnston,Florida Gulf Coast,0.0,0.15,0.15,0.8051948051948052
1238,71442,Kamar Robertson,Mercer,0.0,0.12,0.06666666666666667,0.775
1239,71444,Donta Scott,Maryland,0.6,0.22,0.1509433962264151,0.9333333333333333
1240,71445,Babatunde Akingbola,Auburn,0.0,0.0,0.0,0.0
1241,71446,Makhi Mitchell,Arkansas,0.9523809523809523,0.6666666666666666,0.23076923076923078,1.0
1242,71447,Makhel Mitchell,Arkansas,1.0,0.8,0.5714285714285714,0.0
1243,71448,Devan Cambridge,Arizona St.,0.9032258064516129,0.7701149425287356,0.9333333333333333,0.9285714285714286
1244,71450,Lior Berman,Auburn,1.0,0.75,0.6,1.0
1245,71451,Dardan Kapiti,Eastern Kentucky,1.0,0.7045454545454546,0.5,0.0
1246,71453,C.J. Jackson,UT Rio Grande Valley,0.6,0.3125,0.0,1.0
1247,71455,Kyle Sturdivant,Georgia Tech,0.0,0.2,0.1836734693877551,0.7647058823529411
1248,71457,Dearon Tucker,Cal St. Northridge,1.0,0.5714285714285714,0.625,0.0
1249,71458,Talin Lewis,Howard,0.0,0.6,0.0,0.0
1250,71459,Julien Franklin,Cal Poly,0.0,0.5,0.4,1.0
1251,71461,Jarod Lucas,Nevada,0.0,0.3,0.4,0.7837837837837838
1252,71463,Gianni Hunt,Sacramento St.,0.0,0.2962962962962963,0.125,0.8888888888888888
1253,71465,Jamail Pink,Detroit Mercy,0.0,0.0,0.0,1.0
1254,71467,Jayvis Harvey,Tennessee Tech,0.0,0.2894736842105263,0.11538461538461539,0.82
1255,71469,Chico Carter Jr.,South Carolina,0.0,0.3888888888888889,0.09090909090909091,0.7346938775510204
1256,71470,Bryan Greenlee,Florida Atlantic,0.0,0.30434782608695654,0.23529411764705882,0.8703703703703703
1257,71471,Tyrese Samuel,Seton Hall,0.7555555555555555,0.5982142857142857,0.5882352941176471,1.0
1258,71473,Connor Withers,UMass Lowell,0.0,0.5,0.75,1.0
1259,71474,Quinn Richey,Samford,0.0,0.0,0.0,1.0
1260,71475,Aaron Deloney,Vermont,0.0,0.3870967741935484,0.25806451612903225,0.8095238095238095
1261,71481,Jake van der Heijden,Bucknell,1.0,0.625,1.0,1.0
1262,71482,Daniel Lobach,Samford,0.0,0.5,0.0,0.0
1263,71483,Alex Timmerman,Bucknell,1.0,0.696969696969697,0.6944444444444444,1.0
1264,71484,Da'Shawn Phillip,Maryland Eastern Shore,0.7142857142857143,0.425,0.2222222222222222,0.7674418604651163
1265,71485,Kevon Voyles,Maryland Eastern Shore,0.6666666666666666,0.4888888888888889,0.0,0.7916666666666666
1266,71486,Paul Mulcahy,Rutgers,0.0,0.20833333333333334,0.13043478260869565,1.0
1267,71489,Jovan Blacksher Jr.,Grand Canyon,0.0,0.16666666666666666,0.07142857142857142,0.875
1268,71503,Zahad Munford,Grambling St.,0.5,0.3157894736842105,0.5,0.9230769230769231
1269,71504,Tra'Michael Moton,Grambling St.,0.0,0.35294117647058826,0.09523809523809523,0.6470588235294118
1270,71508,Cameron Brown,Saint Joseph's,0.0,0.26,0.125,0.7804878048780488
1271,71514,Elijah Pepper,UC Davis,0.0,0.15,0.3389830508474576,0.6567164179104478
1272,71517,Jordan Rawls,Western Kentucky,0.0,0.08695652173913043,0.06666666666666667,0.7272727272727273
1273,71519,John Tonje,Colorado St.,0.45454545454545453,0.46153846153846156,0.3103448275862069,0.8392857142857143
1274,71522,Parker Weiss,Iona,0.0,1.0,0.0,1.0
1275,71524,Fletcher Abee,UNC Asheville,0.0,0.6666666666666666,0.4166666666666667,0.8
1276,71526,Roscoe Eastmond,Southeastern Louisiana,0.0,0.4230769230769231,0.18181818181818182,0.85
1277,71527,Mo Arnold,Southern Miss,0.0,0.3181818181818182,0.13333333333333333,0.7142857142857143
1278,71528,Caleb Grill,Iowa St.,0.6666666666666666,0.6923076923076923,0.8333333333333334,0.9245283018867925
1279,71534,Kamari Williams,Miami OH,0.8,0.8,0.45454545454545453,1.0
1280,71536,JJ Riggins,Quinnipiac,0.0,0.53125,0.2,0.0
1281,71539,Brendan McGuire,Sacred Heart,0.0,0.5263157894736842,0.23076923076923078,0.75
1282,71540,Morgan Safford,Miami OH,0.5,0.5645161290322581,0.2222222222222222,0.9459459459459459
1283,71543,RaeQuan Battle,Montana St.,0.7941176470588235,0.4787234042553192,0.2318840579710145,0.7647058823529411
1284,71544,Grant Frickenstein,Nebraska Omaha,0.0,0.0,0.0,0.0
1285,71546,Thatcher Stone,Stonehill,0.6666666666666666,0.574468085106383,0.6,0.9375
1286,71547,Xavier Cork,TCU,0.9090909090909091,0.6415094339622641,0.625,0.0
1287,71551,Bernardo da Silva,Hawaii,1.0,0.5853658536585366,0.35294117647058826,0.0
1288,71554,Cameron O'Conner,Longwood,0.0,1.0,0.0,0.0
1289,71557,Malcolm Dandridge,Memphis,0.9285714285714286,0.7222222222222222,0.6666666666666666,0.0
1290,71562,Japannah Kellogg,Albany,1.0,0.5,0.3333333333333333,0.0
1291,71563,Cobie Barnes,SIU Edwardsville,0.0,0.5,0.0,0.0
1292,71564,Lucas Stieber,Gardner Webb,0.0,0.26666666666666666,0.3333333333333333,0.9166666666666666
1293,71568,Jordan Dingle,Penn,0.6666666666666666,0.4864864864864865,0.2835820895522388,0.7012987012987013
1294,71569,Keegan Records,Colgate,0.7692307692307693,0.5714285714285714,0.3333333333333333,1.0
1295,71570,Jonah Charles,Penn,0.0,0.6666666666666666,0.0,0.9615384615384616
1296,71571,Tevin Brewer,Duquesne,0.0,0.25,0.18181818181818182,0.7272727272727273
1297,71572,Max Martz,Penn,1.0,0.6578947368421053,0.2571428571428571,0.926829268292683
1298,71573,Max Lorca-Lloyd,Penn,0.9,0.7083333333333334,0.6666666666666666,0.0
1299,71574,Lucas Monroe,Penn,0.625,0.5714285714285714,0.1,1.0
1300,71575,Moulaye Sissoko,North Texas,1.0,0.7241379310344828,0.25,0.0
1301,71576,Quinten Post,Boston College,1.0,0.5517241379310345,0.3793103448275862,1.0
1302,71577,Tyson Jackson,New Orleans,0.8571428571428571,0.66,0.5789473684210527,0.5
1303,71580,Justin Rumph,Mississippi St.,0.0,0.0,0.0,1.0
1304,71581,Golden Dike,Loyola MD,0.8333333333333334,0.5671641791044776,0.4074074074074074,0.5
1305,71584,Devin Butts,North Carolina Central,0.0,0.0,0.0,0.9615384615384616
1306,71597,Quincy Olivari,Rice,0.0,0.3387096774193548,0.1702127659574468,0.8275862068965517
1307,71599,Jan Zidek,Pepperdine,0.0,0.6818181818181818,0.3125,0.9166666666666666
1308,71600,Majok Deng,Pepperdine,0.0,0.0,0.0,0.0
1309,71601,Imajae Dodd,Charleston Southern,0.5,0.45454545454545453,0.0,0.0
1310,71602,Jake Boggs,South Florida,0.5,0.6666666666666666,0.0,0.875
1311,71605,Ben Moffat,Rice,0.0,1.0,0.0,0.0
1312,71606,Owen McCormack,Presbyterian,0.0,0.5862068965517241,0.0,1.0
1313,71607,Marlon Taylor,IU Indy,0.0,0.3125,0.5,1.0
1314,71610,Tommy Bruner,Denver,0.0,0.05970149253731343,0.05555555555555555,0.5869565217391305
1315,71611,Wilfried Likayi,Coastal Carolina,0.8,0.5294117647058824,1.0,0.8333333333333334
1316,71613,Khydarius Smith,USC Upstate,0.7894736842105263,0.5757575757575758,0.36363636363636365,1.0
1317,71616,Damari Monsanto,Wake Forest,1.0,0.5,0.13636363636363635,0.7701149425287356
1318,71620,Tristen Newton,Connecticut,0.6666666666666666,0.15555555555555556,0.11764705882352941,0.7777777777777778
1319,71623,Brandon Suggs,UCF,0.6666666666666666,0.6097560975609756,0.45454545454545453,1.0
1320,71624,Logan Curtis,Delaware,0.0,0.0,0.0,0.5
1321,71626,Ben Hendriks,Ball St.,0.0,0.0,1.0,0.0
1322,71627,Nick Johnson,New Hampshire,0.5,0.41509433962264153,0.0,0.9117647058823529
1323,71630,Trevin Dorius,Utah St.,0.9354838709677419,0.7391304347826086,0.6923076923076923,0.0
1324,71631,Jacob Groves,Oklahoma,0.6666666666666666,0.7037037037037037,0.4117647058823529,0.9459459459459459
1325,71632,Oscar Tshiebwe,Kentucky,0.5581395348837209,0.5629139072847682,0.75,0.0
1326,71634,Sean McNeil,Ohio St.,1.0,0.375,0.3333333333333333,0.6779661016949152
1327,71637,J'Wan Roberts,Houston,0.9210526315789473,0.6271186440677966,0.5263157894736842,0.0
1328,71638,D.J. Jeffries,Mississippi St.,0.5333333333333333,0.4,0.391304347826087,0.9
1329,71640,Akrum Ahemed,UNC Greensboro,0.0,0.0,0.0,0.0
1330,71642,Jake Kyman,Wyoming,0.0,0.5,0.0,0.9230769230769231
1331,71643,Drew Lowder,Cleveland St.,0.0,0.0,0.16666666666666666,0.6346153846153846
1332,71645,Russell Jones Jr,Western Carolina,0.0,0.09523809523809523,0.041666666666666664,0.5416666666666666
1333,71648,Marko Lukic,Denver,0.0,0.5,0.2222222222222222,0.9615384615384616
1334,71653,Kenan Sarvan,Stony Brook,0.0,0.8,0.14285714285714285,0.9782608695652174
1335,71656,Isaiah Gross,Coppin St.,0.0,0.375,1.0,1.0
1336,71658,Jon Dos Anjos,UTEP,0.5,0.375,0.625,1.0
1337,71663,Jordan Brinson,Fresno St.,0.0,0.0,0.0,0.0
1338,71666,Arnold Henderson VI,VCU,0.0,0.0,0.0,0.0
1339,71667,Hason Ward,Iowa St.,0.6666666666666666,0.6428571428571429,1.0,0.0
1340,71672,John-Michael Wright,Oklahoma St.,0.0,0.06060606060606061,0.11764705882352941,0.7536231884057971
1341,71673,Brenden Tucker,Georgia St.,0.42857142857142855,0.20833333333333334,0.3125,0.9166666666666666
1342,71674,Trevon Reddish-Rhone,Presbyterian,0.7142857142857143,0.31666666666666665,0.1111111111111111,1.0
1343,71675,Dan Petcash,Binghamton,0.0,0.46153846153846156,0.25,0.9534883720930233
1344,71676,Justin Moore,Villanova,0.0,0.2,0.2,0.7142857142857143
1345,71678,Chris Arcidiacono,Villanova,0.0,0.2,0.0,1.0
1346,71680,Lok Wur,Oregon,1.0,0.5833333333333334,0.0,1.0
1347,71681,C.J. Walker,UCF,0.5,0.4,0.0,1.0
1348,71682,Chandler Lawson,Memphis,0.6875,0.75,0.5555555555555556,1.0
1349,71683,Boo Buie,Northwestern,0.0,0.10975609756097561,0.07547169811320754,0.71875
1350,71684,Christian Ray,Delaware,0.5,0.58,0.2857142857142857,0.5
1351,71690,Noah Carter,Missouri,0.9333333333333333,0.4927536231884058,0.23076923076923078,0.9473684210526315
1352,71692,Adam Cisse,Manhattan,1.0,0.84,0.3333333333333333,1.0
1353,71693,James Betz,Northern Iowa,0.6666666666666666,0.5625,0.08,0.9285714285714286
1354,71695,Filippos Gkogkos,Miami FL,0.0,0.0,0.0,0.0
1355,71700,Cyrus Largie,Florida Gulf Coast,1.0,0.3888888888888889,0.0,1.0
1356,71701,Chance Jackson,Florida Gulf Coast,0.0,0.0,0.0,0.0
1357,71702,Derek Krogmann,Northern Iowa,0.0,1.0,0.0,0.0
1358,71704,Tre Williams,Duquesne,0.875,0.52,0.30303030303030304,1.0
1359,71706,Jordan Walker,UAB,0.0,0.15517241379310345,0.15384615384615385,0.5185185185185185
1360,71707,Paxson Wojcik,Brown,1.0,0.4489795918367347,0.16666666666666666,0.7894736842105263
1361,71710,EJ Bellinger,Belmont,1.0,0.6923076923076923,0.5714285714285714,1.0
1362,71711,Avery Felts,Arkansas St.,0.0,0.05263157894736842,0.42857142857142855,0.8909090909090909
1363,71713,Mario McKinney Jr.,UTEP,0.6666666666666666,0.2682926829268293,0.16666666666666666,0.4
1364,71714,Malcolm Farrington,Arkansas St.,0.0,0.5,0.0,0.9
1365,71715,Tray Jackson,Seton Hall,0.75,0.5227272727272727,0.14285714285714285,0.9333333333333333
1366,71718,Joe Pridgen,Northeastern,0.8,0.3191489361702128,0.4166666666666667,1.0
1367,71719,Grant Ledford,Chattanooga,0.0,0.5,0.0,1.0
1368,71727,Sam Freeman,Pacific,0.6666666666666666,0.5185185185185185,1.0,0.0
1369,71728,Vincent Miszkiewicz,Milwaukee,0.0,0.3333333333333333,0.5,1.0
1370,71730,Jubrile Belo,Montana St.,0.6511627906976745,0.5660377358490566,0.5,0.0
1371,71731,Tyson Walker,Michigan St.,0.0,0.16666666666666666,0.39285714285714285,0.7966101694915254
1372,71732,Dakota Rivers,Florida Gulf Coast,0.76,0.6041666666666666,0.6666666666666666,0.9444444444444444
1373,71733,Qwanzi Samuels,George Washington,0.5,0.375,0.0,0.8
1374,71735,Brycen Goodine,Fairfield,0.0,0.0,0.0,0.6666666666666666
1375,71736,Quincy Guerrier,Oregon,0.875,0.5094339622641509,0.2857142857142857,0.94
1376,71737,Joseph Girard III,Syracuse,0.0,0.39285714285714285,0.16666666666666666,0.6704545454545454
1377,71739,Maks Klanjscek,Houston Christian,0.0,0.2692307692307692,0.3333333333333333,0.746031746031746
1378,71741,Chase Adams,Jackson St.,0.0,0.4090909090909091,0.16326530612244897,0.76
1379,71743,John Bol Ajak,Syracuse,0.0,0.0,0.5,0.0
1380,71744,Jaren Holmes,Iowa St.,0.3333333333333333,0.23880597014925373,0.14814814814814814,0.7317073170731707
1381,71748,Jesse Edwards,Syracuse,0.8688524590163934,0.6944444444444444,0.6206896551724138,1.0
1382,71750,Fred Rullo IV,Delaware,0.0,0.0,0.0,0.0
1383,71751,Max Abmas,Oral Roberts,0.0,0.21875,0.2,0.46296296296296297
1384,71759,Chase Coleman,Virginia,0.0,0.0,0.0,0.5
1385,71761,Dominic Brewton,Alcorn St.,0.7142857142857143,0.29310344827586204,0.15384615384615385,0.29411764705882354
1386,71764,Tre Armstrong,Cal Baptist,0.0,0.4444444444444444,0.5555555555555556,0.9782608695652174
1387,71765,Reed Nottage,Cal Baptist,1.0,0.6153846153846154,0.0,1.0
1388,71766,Michael Shanks,Belmont,0.0,0.6,0.3333333333333333,1.0
1389,71767,Sam Hofman,Houston Christian,0.0,0.28,0.5,1.0
1390,71769,DeAntoni Gordon,Little Rock,0.6875,0.5591397849462365,0.5409836065573771,1.0
1391,71770,Moses Bol,Milwaukee,0.9,0.6538461538461539,1.0,0.0
1392,71771,Darin Green Jr.,Florida St.,0.75,0.4666666666666667,0.29545454545454547,0.9120879120879121
1393,71773,Ibrahim Famouke Doumbia,Cal St. Fullerton,0.0,0.0,0.0,0.0
1394,71774,Harwin Francois,McNeese St.,0.0,0.42857142857142855,0.0,0.8709677419354839
1395,71777,T.J. Bickerstaff,Boston College,1.0,0.4482758620689655,0.3,0.0
1396,71778,Mate Okros,Drexel,0.0,0.6363636363636364,0.0,1.0
1397,71782,Hunter McIntosh,Nevada,0.0,0.0,0.0,1.0
1398,71786,Patrick McCaffery,Iowa,1.0,0.5945945945945946,0.3125,1.0
1399,71790,Essam Mostafa,Coastal Carolina,0.6666666666666666,0.44680851063829785,0.3125,0.0
1400,71792,Patrick Kelly,Fordham,0.0,0.5,1.0,1.0
1401,71793,Jordan Turner,Baylor,0.0,0.0,0.0,0.0
1402,71795,Deshawndre Washington,New Mexico St.,0.8571428571428571,0.2631578947368421,0.05,0.6153846153846154
1403,71798,Jalen Hawkins,Morehead St.,0.0,1.0,0.0,1.0
1404,71803,Cam Spencer,Rutgers,0.0,0.425,0.39473684210526316,0.8472222222222222
1405,71806,Brendan Wenzel,Wyoming,0.0,0.0,0.0,0.8372093023255814
1406,71808,Branden Carlson,Utah,0.851063829787234,0.6078431372549019,0.5121951219512195,0.975609756097561
1407,71809,Perry Cowan,Brown,0.0,0.3333333333333333,0.5,1.0
1408,71812,Dan Friday,Brown,0.75,0.35714285714285715,0.0,0.8
1409,71814,Eric Coleman,Alabama St.,1.0,0.5,0.5625,0.8571428571428571
1410,71816,Alonzo Gaffney,Arizona St.,0.5714285714285714,0.5333333333333333,0.6153846153846154,1.0
1411,71817,Eric Dixon,Villanova,1.0,0.39473684210526316,0.23529411764705882,0.9761904761904762
1412,71820,Enrique Freeman,Akron,0.8333333333333334,0.48484848484848486,0.29545454545454547,1.0
1413,71821,Khristion Courseault,Chattanooga,0.0,0.15151515151515152,0.0,0.6875
1414,71823,Ta'Lon Cooper,Minnesota,0.0,0.21212121212121213,0.1891891891891892,0.5945945945945946
1415,71825,Grant Sherfield,Oklahoma,0.0,0.2571428571428571,0.17307692307692307,0.5609756097560976
1416,71827,Denijay Harris,Southern Miss,0.5833333333333334,0.4727272727272727,0.3157894736842105,0.0
1417,71829,LJ Bryan,Morehead St.,0.0,0.5588235294117647,0.8,0.0
1418,71830,Tyzhaun Claude,Western Carolina,0.8536585365853658,0.6017699115044248,0.6590909090909091,0.5
1419,71831,Ques Glover,Samford,1.0,0.025,0.03571428571428571,0.26666666666666666
1420,71833,Kwane Marble,Loyola Marymount,0.0,0.08333333333333333,0.0,1.0
1421,71837,Jesse Zarzuela,Central Michigan,0.0,0.11764705882352941,0.125,0.6904761904761905
1422,71838,Alec Woodard,Southeastern Louisiana,0.0,0.7352941176470589,0.125,0.8536585365853658
1423,71840,Liam McChesney,Illinois St.,0.8461538461538461,0.6571428571428571,0.3125,0.9523809523809523
1424,71841,Erik Czumbel,UTSA,0.0,0.18181818181818182,0.5,1.0
1425,71843,Olivier Nkamhoua,Tennessee,0.8709677419354839,0.8214285714285714,0.7454545454545455,0.8333333333333334
1426,71851,Keondre Kennedy,UNC Greensboro,0.6666666666666666,0.6,0.13953488372093023,0.8448275862068966
1427,71852,Allan Jeanne-Rose,Fairfield,0.6,0.16216216216216217,0.4444444444444444,1.0
1428,71855,George Tinsley,Mount St. Mary's,0.0,0.4772727272727273,0.4,0.9583333333333334
1429,71857,Roy Dixon III,Northwestern,0.0,0.0,0.0,0.0
1430,71858,Amadou Sylla,UNC Asheville,1.0,0.7777777777777778,1.0,0.0
1431,71859,Joel Brown,California,0.0,0.046875,0.0,0.8181818181818182
1432,71862,Ador Athuai,Binghamton,0.0,1.0,0.0,1.0
1433,71863,Kenan Blackshear,Nevada,0.8333333333333334,0.37142857142857144,0.13636363636363635,0.5294117647058824
1434,71865,Davonte Gaines,George Mason,0.3333333333333333,0.3333333333333333,0.0,1.0
1435,71869,Jeffery Armstrong,Southern Miss,0.0,0.6666666666666666,0.3333333333333333,1.0
1436,71870,Hunter Dean,George Washington,0.8857142857142857,0.726027397260274,0.6956521739130435,0.0
1437,71875,Jaxon Etter,Georgia,0.0,0.7142857142857143,1.0,1.0
1438,71878,Jaykwon Walton,Wichita St.,0.7777777777777778,0.5131578947368421,0.1111111111111111,0.9047619047619048
1439,71880,Rodney Howard,Georgia Tech,0.5454545454545454,0.44,0.9375,0.0
1440,71882,Casey Morsell,N.C. State,0.5,0.4418604651162791,0.35,0.9615384615384616
1441,71884,Ebby Asamoah,Delaware,1.0,0.7777777777777778,0.2222222222222222,0.8461538461538461
1442,71885,Harlond Beverly,Miami FL,0.7777777777777778,0.5,0.0,0.9230769230769231
1443,71886,Tyler Robertson,Portland,0.0,0.3783783783783784,0.16,0.926829268292683
1444,71887,Kevin Easley Jr.,Duquesne,0.5,0.4,0.0,1.0
1445,71888,Johnny McCoy,Delaware,0.0,0.4,0.0,1.0
1446,71889,Isaiah Wong,Miami FL,0.4166666666666667,0.25,0.14925373134328357,0.5573770491803278
1447,71891,Sammy Hunter,Akron,0.8888888888888888,0.6,0.45454545454545453,1.0
1448,71894,Rod Thomas,Murray St.,0.0,0.0,0.0,1.0
1449,71902,Brennan Canada,Kentucky,0.0,0.0,0.0,1.0
1450,71904,Will Baker,Nevada,0.8275862068965517,0.735632183908046,0.6,0.9545454545454546
1451,71908,Jalen Windham,Ball St.,0.0,0.2,0.08333333333333333,0.9655172413793104
1452,71912,Shereef Mitchell,Creighton,0.0,0.375,0.4,1.0
1453,71914,Cameron Shockley-Okeke,Columbia,0.0,0.25,0.0,1.0
1454,71918,Joel Soriano,St. John's,0.9545454545454546,0.6440677966101694,0.546875,0.0
1455,71919,DJ Horne,Arizona St.,0.0,0.4583333333333333,0.23529411764705882,0.7222222222222222
1456,71923,Tristan Enaruna,Cleveland St.,0.7575757575757576,0.4966442953020134,0.35555555555555557,0.8888888888888888
1457,71925,Jalen Wilson,Kansas,0.0,0.35294117647058826,0.2972972972972973,0.8
1458,71926,Dae Dae Grant,Duquesne,0.0,0.3333333333333333,0.3103448275862069,0.7340425531914894
1459,71927,Michael Jankovich,Kansas,0.0,0.0,0.0,0.75
1460,71928,PJ Henry,Texas Southern,1.0,0.3125,0.13636363636363635,0.40384615384615385
1461,71931,Jahcobi Neath,Wisconsin,0.0,0.0,0.0,1.0
1462,71932,Jonas Munson,Central Arkansas,0.0,0.0,1.0,0.0
1463,71933,Joe Toussaint,West Virginia,0.0,0.24324324324324326,0.038461538461538464,0.6060606060606061
1464,71934,Kvonn Cramer,Bryant,0.8125,0.5897435897435898,0.3333333333333333,0.0
1465,71937,Collin Cooper,Central Arkansas,0.0,0.22727272727272727,0.0,0.8958333333333334
1466,71939,Derrick Carter-Hollinger,Bethune Cookman,0.3333333333333333,0.4090909090909091,0.16666666666666666,1.0
1467,71940,Tariq Ingraham,Rider,1.0,0.38596491228070173,0.3,0.0
1468,71941,Dischon Thomas,Montana,1.0,0.5,0.4864864864864865,0.9591836734693877
1469,71943,DQ Nicholas,Gardner Webb,0.0,0.13333333333333333,0.13157894736842105,0.8846153846153846
1470,71948,Darius McBride,SMU,0.0,0.0,0.0,1.0
1471,71950,Emmanuel Bandoumel,Nebraska,0.8571428571428571,0.41379310344827586,0.23076923076923078,0.8235294117647058
1472,71952,Steve Settle III,Howard,0.5625,0.44642857142857145,0.42857142857142855,0.967741935483871
1473,71954,Wayne Bristol Jr.,Georgetown,1.0,0.5833333333333334,0.42857142857142855,1.0
1474,71957,Cam Krystkowiak,Dartmouth,0.6666666666666666,0.625,0.25,1.0
1475,71963,Jahmir Young,Maryland,0.5,0.21176470588235294,0.10526315789473684,0.5476190476190477
1476,71964,Caleb Stone-Carrawell,Austin Peay,0.0,0.3333333333333333,0.2,0.7777777777777778
1477,71967,Isiah Kirby,Portland St.,0.0,0.23076923076923078,0.05263157894736842,0.8181818181818182
1478,71968,Ahmard Harvey,High Point,0.5,0.3409090909090909,0.4,1.0
1479,71973,Jalen Benjamin,Mount St. Mary's,0.0,0.11320754716981132,0.031746031746031744,0.574468085106383
1480,71974,Max Brackmann,Southeastern Louisiana,0.0,0.0,1.0,0.0
1481,71975,Tyler Harris,Western Carolina,0.3333333333333333,0.3333333333333333,0.25,0.8387096774193549
1482,71978,Ahmir Langlais,USC Upstate,1.0,0.45901639344262296,0.2,0.0
1483,71979,Greg Dolan,Cornell,0.0,0.55,0.36363636363636365,0.8372093023255814
1484,71981,Sam DeVault,Bellarmine,0.0,1.0,0.0,1.0
1485,71982,Marcus Tsohonis,Long Beach St.,0.0,0.40425531914893614,0.35,0.6538461538461539
1486,71984,Isaiah Palermo,Little Rock,0.3333333333333333,0.45,0.3870967741935484,0.8333333333333334
1487,71986,Sam Wolfe,VMI,0.0,0.75,0.0,1.0
1488,71987,Pierre Crockrell II,UC Irvine,0.0,0.29411764705882354,0.2,0.0
1489,71988,Cameron Tucker,Alabama A&M,0.0,0.26666666666666666,0.20833333333333334,0.75
1490,71989,Kamdyn Curfman,Marshall,0.0,0.6666666666666666,0.2727272727272727,0.8316831683168316
1491,71990,Jalen Johnson,Milwaukee,1.0,0.5,0.43478260869565216,0.0
1492,71995,Tory San Antonio,Cal St. Fullerton,0.0,0.16,0.07692307692307693,0.7878787878787878
1493,71996,Baylor Scheierman,Creighton,0.5,0.28888888888888886,0.27586206896551724,0.8505747126436781
1494,71997,RayJ Dennis,Toledo,0.3333333333333333,0.16379310344827586,0.15555555555555556,0.6666666666666666
1495,71998,Noah Freidel,James Madison,0.0,0.3684210526315789,0.0,0.9821428571428571
1496,71999,Josiah-Jordan James,Tennessee,0.6666666666666666,0.2857142857142857,0.4666666666666667,0.925
1497,72001,Drew Pember,UNC Asheville,0.7567567567567568,0.6063829787234043,0.18181818181818182,0.8070175438596491
1498,72004,Chris Maidoh,Fairfield,0.6,0.4444444444444444,0.1,0.0
1499,72006,Airion Simmons,Abilene Christian,1.0,0.4444444444444444,0.3888888888888889,0.9393939393939394
1500,72008,Nathan Johnson,Samford,0.0,0.375,0.2,0.9523809523809523
1501,72009,Ben Krikke,Valparaiso,1.0,0.518796992481203,0.4482758620689655,0.9375
1502,72011,Nate Allison,Navy,1.0,0.7894736842105263,0.7142857142857143,0.0
1503,72018,Jared Barnett,San Diego St.,0.0,0.0,0.0,1.0
1504,72021,Tanner Holden,Ohio St.,1.0,0.6875,0.4,1.0
1505,72028,Lance Terry,Georgia Tech,0.75,0.3333333333333333,0.29411764705882354,0.926829268292683
1506,72029,Chris Harris,Southeast Missouri St.,0.0,0.13953488372093023,0.11538461538461539,0.9166666666666666
1507,72035,Sam Griffin,Tulsa,0.0,0.21739130434782608,0.17857142857142858,0.6666666666666666
1508,72038,Jarvis Vaughan,Monmouth,1.0,0.5,0.25,0.6666666666666666
1509,72041,Kenny Foster,Wyoming,1.0,0.65,0.5,1.0
1510,72042,Chris Mann,Army,0.6666666666666666,0.18811881188118812,0.0,1.0
1511,72043,Carlos Paez,Austin Peay,0.0,0.25,0.13333333333333333,0.78125
1512,72044,Micah Burno,Arizona St.,0.0,0.0,0.0,0.0
1513,72045,Sean Bairstow,Utah St.,0.6875,0.5,0.37142857142857144,0.9
1514,72047,John Olmsted,Arizona St.,0.0,0.0,0.0,0.0
1515,72049,Antavion Collum,Cal St. Bakersfield,0.0,0.2553191489361702,0.494949494949495,0.6666666666666666
1516,72052,Mason Gillis,Purdue,1.0,0.4166666666666667,0.7,0.972972972972973
1517,72053,Carrington McCaskill,Central Michigan,0.9166666666666666,0.7307692307692307,0.625,0.5
1518,72058,Mike Peake,New Mexico St.,0.0,0.0,0.0,0.0
1519,72059,Nick Ongenda,DePaul,0.8461538461538461,0.7272727272727273,0.25,0.0
1520,72062,Malik Battle,Coppin St.,0.0,1.0,0.3333333333333333,0.8333333333333334
1521,72070,Charlie Easley,South Dakota St.,0.0,0.08333333333333333,0.2222222222222222,0.8666666666666667
1522,72075,Carlos Marshall Jr.,Santa Clara,0.0,0.5,0.5,1.0
1523,72077,John Harge,Idaho,0.0,0.14285714285714285,0.0,1.0
1524,72080,Issac McBride,Oral Roberts,0.0,0.025,0.11428571428571428,0.5964912280701754
1525,72083,KJ Johnson,North Alabama,0.0,0.1643835616438356,0.13043478260869565,1.0
1526,72085,Xavier Johnson,Southern Illinois,0.0,0.3235294117647059,0.0,0.6571428571428571
1527,72088,Codey Bates,Austin Peay,0.0,0.0,0.0,0.0
1528,72108,Tre Breland,Central Connecticut,0.7777777777777778,0.53125,0.8461538461538461,0.7272727272727273
1529,72109,Bryce Earle,Hampton,0.0,0.0,0.0,0.6666666666666666
1530,72111,Qudus Wahab,Georgetown,0.9166666666666666,0.6181818181818182,0.40476190476190477,0.0
1531,72112,Tim Ighoefe,Cal Baptist,0.9285714285714286,0.6857142857142857,0.5,0.0
1532,72114,Myron Gardner,Little Rock,0.3333333333333333,0.23636363636363636,0.3870967741935484,0.8529411764705882
1533,72115,Malcolm Wilson,Georgetown,1.0,1.0,0.0,0.0
1534,72118,Jon Coleman,UAB,0.0,0.0,0.0,0.0
1535,72125,Adam Cottrell,Alabama,0.0,0.0,0.0,1.0
1536,72132,Chandler Leopard,Auburn,0.0,0.0,0.0,0.0
1537,72134,Jordan Johnson,New Orleans,0.0,0.16666666666666666,0.25,0.632183908045977
1538,72135,Michael Quinn,Boston University,0.0,0.0,0.0,0.0
1539,72137,Braelee Albert,Tulane,0.0,0.0,0.0,0.0
1540,72148,Omari Peek,Alabama A&M,1.0,0.4583333333333333,0.3,0.75
1541,72151,Tim Uzoegbu,Boston University,0.0,0.0,0.0,0.0
1542,72157,James Sanders IV,Denver,0.0,0.0,0.0,1.0
1543,72163,Jonathan Noel,Boston College,0.0,0.0,0.0,1.0
1544,72205,Santiago Vescovi,Tennessee,0.0,0.375,0.47368421052631576,0.8241758241758241
1545,72209,Jordan Mains,Arizona,0.0,0.0,0.0,0.0
1546,72228,Chris Moore,Auburn,1.0,0.6153846153846154,0.0,1.0
1547,72230,Miles Coleman,NJIT,0.0,0.4117647058823529,0.0625,0.8064516129032258
1548,72231,Marcus Dockery,Howard,0.0,0.5,0.14285714285714285,0.9344262295081968
1549,72232,Nico Galette,Sacred Heart,0.42857142857142855,0.3142857142857143,0.1509433962264151,0.8
1550,72233,Mike Hood,Coppin St.,0.0,0.19047619047619047,0.1111111111111111,0.7457627118644068
1551,72234,Fidelis Okereke,Cal St. Northridge,0.9333333333333333,0.5384615384615384,0.4,0.0
1552,72235,Mwani Wilkinson,LSU,0.0,0.0,0.0,0.875
1553,72239,Kris Murray,Iowa,0.8823529411764706,0.4523809523809524,0.36,0.9090909090909091
1554,72240,DJ Davis,UC Irvine,0.0,0.5,0.19642857142857142,0.8117647058823529
1555,72241,Josh Ogundele,Iowa,0.0,0.6666666666666666,0.0,0.0
1556,72244,Laurynas Vaistaras,Campbell,0.0,0.4444444444444444,0.2,0.8333333333333334
1557,72245,Jalen Brown,Pacific,0.0,0.0,0.0,1.0
1558,72250,Matthew Levis,Seattle,0.0,0.0,0.0,0.8571428571428571
1559,72251,Jesper Granlund,Longwood,0.5,0.42105263157894735,0.1,1.0
1560,72254,Jahari Long,Maryland,0.0,0.0,0.0,0.9
1561,72255,Dimingus Stevens,Florida A&M,1.0,0.6,0.5555555555555556,0.972972972972973
1562,72257,Tyree Corbett,Denver,0.38461538461538464,0.3114754098360656,0.4,1.0
1563,72258,Dylan Addae-Wusu,St. John's,0.4,0.3442622950819672,0.2,0.8604651162790697
1564,72259,Jordan Wood,Howard,0.5,0.3333333333333333,0.3333333333333333,0.9464285714285714
1565,72260,Martez Robinson,Delaware St.,0.0,0.21428571428571427,0.13725490196078433,1.0
1566,72263,Joey St. Pierre,Portland,1.0,0.7272727272727273,0.6666666666666666,0.0
1567,72264,Thomas Weaver,Howard,0.0,0.0,1.0,1.0
1568,72266,Chris Biekeu,Towson,0.0,0.36363636363636365,0.7142857142857143,0.0
1569,72267,Travis Henson,Cal St. Bakersfield,0.6153846153846154,0.42105263157894735,0.5185185185185185,0.95
1570,72268,Noel Brown,George Washington,0.8,0.7241379310344828,0.6,0.0
1571,72269,Dillon Jones,Weber St.,0.2,0.08,0.06,0.7647058823529411
1572,72271,Ishmael Leggett,Rhode Island,0.0,0.3333333333333333,0.35,0.8125
1573,72273,Tres Berry,Charleston Southern,0.0,0.6666666666666666,0.0,0.8571428571428571
1574,72274,Frank Anselem,Georgia,0.9473684210526315,0.76,0.7142857142857143,0.0
1575,72278,Carlos Rosario,Washington St.,1.0,0.7272727272727273,0.0,1.0
1576,72280,Mike DiGiulio,Canisius,0.0,0.0,0.0,0.0
1577,72283,Quinlan Bennett,Western Illinois,1.0,0.6212121212121212,0.3793103448275862,0.0
1578,72284,Jack Brown,Fairfield,0.0,0.0,0.0,0.0
1579,72285,Matthew Nicholson,Northwestern,0.8653846153846154,0.8170731707317073,1.0,0.0
1580,72287,Ricardo Wright,SMU,0.0,0.14285714285714285,0.5,0.8888888888888888
1581,72290,Raheim Sullivan,NJIT,0.0,0.047619047619047616,0.0,0.5277777777777778
1582,72291,Javon Cooley,Marist,0.6,0.5185185185185185,0.0,0.9512195121951219
1583,72292,Viktor Lakhin,Cincinnati,0.8055555555555556,0.5818181818181818,0.5348837209302325,1.0
1584,72294,Toneari Lane,Winthrop,0.0,0.21052631578947367,0.0625,0.8985507246376812
1585,72296,Kelton Talford,Winthrop,0.9047619047619048,0.4370860927152318,0.2916666666666667,0.0
1586,72297,Rayshon Harrison,Grand Canyon,0.7142857142857143,0.1958762886597938,0.03773584905660377,0.5918367346938775
1587,72299,Trae Broadnax,USC Upstate,0.0,0.15517241379310345,0.022727272727272728,0.9
1588,72300,Victor Muresan,Georgetown,0.0,0.0,0.0,0.0
1589,72303,Austin Inge,Navy,0.0,0.1891891891891892,0.15384615384615385,0.9230769230769231
1590,72304,Kobe Clark,Southeast Missouri St.,0.0,0.4,0.4444444444444444,0.75
1591,72305,Quincy Ademokoya,Kennesaw St.,0.6666666666666666,0.18181818181818182,0.0,1.0
1592,72306,Jordan Davis,Wisconsin,0.0,0.6428571428571429,0.4444444444444444,0.75
1593,72309,Nick McMullen,UNC Asheville,0.8,0.5813953488372093,0.32,0.0
1594,72310,Rudi Williams,BYU,0.0,0.234375,0.15,0.6
1595,72311,Camren Pierce,Cal Poly,0.0,0.1,0.05263157894736842,0.625
1596,72314,Trevon Allfrey,Utah Tech,0.0,0.3333333333333333,0.0,0.0
1597,72316,Connor Kochera,Davidson,0.0,0.5925925925925926,0.25,1.0
1598,72317,Yuri Covington,UMass Lowell,0.2857142857142857,0.21428571428571427,0.0,0.9285714285714286
1599,72319,Frank Staine,Utah Tech,0.0,0.48,0.2777777777777778,0.925
1600,72320,Jake Milkereit,William & Mary,0.5,0.4166666666666667,0.25,0.875
1601,72321,Cameron Gooden,Utah Tech,0.5,0.17647058823529413,0.05555555555555555,0.62
1602,72329,Myles Hunter,Youngstown St.,0.0,0.3076923076923077,0.6428571428571429,0.7777777777777778
1603,72330,Joe Anderson,Furman,0.0,0.0,0.0,1.0
1604,72331,Alexander Nwagha,Northeastern,0.5384615384615384,0.5476190476190477,0.8,0.0
1605,72333,Tristan da Silva,Colorado,0.5,0.5,0.4461538461538462,0.8888888888888888
1606,72334,Nique Clifford,Colorado,0.6,0.5,0.21739130434782608,0.9047619047619048
1607,72337,Connor Odom,Utah St.,0.0,0.0,0.0,0.0
1608,72340,Jaylen Cole-Williams,Duquesne,0.0,0.0,0.0,0.0
1609,72341,Craig Porter Jr.,Wichita St.,0.5,0.2112676056338028,0.09615384615384616,0.2972972972972973
1610,72343,Alec Oglesby,Stetson,0.0,0.1111111111111111,0.375,0.9
1611,72345,Mason Madsen,Boston College,0.0,0.4166666666666667,0.26666666666666666,0.925
1612,72346,Gabe Madsen,Utah,0.0,0.5,0.35714285714285715,0.9193548387096774
1613,72348,Jahmyl Telfort,Northeastern,1.0,0.3709677419354839,0.18840579710144928,0.8863636363636364
1614,72350,Mike Saunders Jr.,Utah,0.0,0.11764705882352941,0.0,1.0
1615,72355,Drake Dobbs,St. Thomas,0.0,0.3333333333333333,1.0,0.6666666666666666
1616,72356,Isaiah Johnson,Portland St.,0.7894736842105263,0.5454545454545454,0.5,1.0
1617,72358,Latrell Wrightsell Jr.,Cal St. Fullerton,0.0,0.03333333333333333,0.015151515151515152,0.578125
1618,72361,Donovan Newby,UNC Wilmington,0.0,0.1,0.1,0.8181818181818182
1619,72362,Logan Cremonesi,UCLA,0.0,0.0,0.0,0.0
1620,72364,Cameron Steele,Abilene Christian,1.0,0.6,0.0,0.9642857142857143
1621,72365,Jaylen Clark,UCLA,0.5294117647058824,0.4,0.34375,0.8846153846153846
1622,72369,Keon Ambrose-Hylton,SMU,1.0,0.8108108108108109,0.42857142857142855,1.0
1623,72370,Vasja Pandza,Seattle,0.0,0.0,0.0,1.0
1624,72373,DeMarr Langford Jr.,Boston College,0.5714285714285714,0.6333333333333333,0.03333333333333333,1.0
1625,72374,Donchevell Nugent,Maryland Eastern Shore,0.0,0.47058823529411764,0.625,0.9310344827586207
1626,72387,Tony Atkinson,Navy,0.0,0.0,0.0,0.0
1627,72391,Johnathan DeJurnett,Purdue Fort Wayne,0.8,0.8461538461538461,1.0,0.0
1628,72396,Tarig Eisa,Florida A&M,1.0,0.46153846153846156,0.6363636363636364,1.0
1629,72397,Kasen Harrison,Winthrop,0.0,0.09836065573770492,0.0,0.4074074074074074
1630,72401,Trey South,Central Arkansas,0.0,0.0,0.0,0.0
1631,72409,Jamari Sibley,UTEP,0.8571428571428571,0.6428571428571429,0.3333333333333333,0.8461538461538461
1632,72411,TJ Berger,Lafayette,0.0,0.3076923076923077,0.42857142857142855,0.8103448275862069
1633,72412,Jahlil White,Temple,0.8181818181818182,0.4883720930232558,0.23529411764705882,0.0
1634,72413,Caleb Love,North Carolina,0.3333333333333333,0.1746031746031746,0.21153846153846154,0.5616438356164384
1635,72416,Hayden Curtiss,Portland St.,0.0,0.6666666666666666,0.0,0.0
1636,72417,Collin Holloway,Tulane,1.0,0.5769230769230769,0.8,1.0
1637,72419,Coleman Hawkins,Illinois,0.45454545454545453,0.39655172413793105,0.2857142857142857,0.7837837837837838
1638,72420,Jackson Sivills,Wofford,0.0,0.46153846153846156,0.6666666666666666,0.9411764705882353
1639,72421,Nijel Pack,Miami FL,0.0,0.2826086956521739,0.21951219512195122,0.6162790697674418
1640,72422,DJ Gordon,Jacksonville St.,1.0,0.5,0.0,1.0
1641,72423,Andre Henry,UC Irvine,1.0,0.5882352941176471,0.125,1.0
1642,72424,Justice Hill,LSU,1.0,0.18181818181818182,0.0,0.7037037037037037
1643,72425,Caleb Murphy,DePaul,1.0,0.3333333333333333,0.2777777777777778,1.0
1644,72427,Ze'Rik Onyema,UTEP,0.7647058823529411,0.6545454545454545,0.35714285714285715,1.0
1645,72430,Myles Ruth,Monmouth,0.0,0.20689655172413793,0.21739130434782608,0.36363636363636365
1646,72432,Garvin Clarke,Akron,0.0,0.3076923076923077,0.3333333333333333,1.0
1647,72433,Josh Taylor,East Tennessee St.,1.0,0.7241379310344828,0.375,1.0
1648,72434,Klemen Vuga,Monmouth,0.25,0.5079365079365079,0.5185185185185185,0.75
1649,72435,DeAndre Pinckney,Southern Miss,0.8333333333333334,0.6493506493506493,0.5806451612903226,0.9459459459459459
1650,72438,Giancarlo Rosado,Florida Atlantic,1.0,0.4426229508196721,0.09090909090909091,0.0
1651,72440,Winston Hill,Presbyterian,0.6666666666666666,0.3684210526315789,0.14285714285714285,0.6666666666666666
1652,72441,Jeremy Robinson,North Carolina A&T,0.0,0.5294117647058824,0.3333333333333333,0.8888888888888888
1653,72444,Detalian Brown,North Alabama,0.0,0.16666666666666666,0.06666666666666667,1.0
1654,72445,Will Soucie,North Alabama,0.0,0.2641509433962264,0.17391304347826086,1.0
1655,72446,Tahlik Chavez,Charleston Southern,0.0,0.2222222222222222,0.35294117647058826,0.9264705882352942
1656,72447,Jamel Melvin,Northern Colorado,0.0,0.5,0.0,0.0
1657,72448,Bryce Kennedy,Northern Colorado,0.0,0.5,0.0,1.0
1658,72451,Deivon Smith,Georgia Tech,1.0,0.3902439024390244,0.28,0.5833333333333334
1659,72452,Arnaud Revaz,Maryland,0.0,0.0,0.0,0.0
1660,72453,Mounir Hima,Syracuse,0.5,0.4,0.0,0.0
1661,72454,Andersson Garcia,Texas A&M,0.0,0.4074074074074074,0.0,0.5
1662,72455,Luis Kortright,Quinnipiac,0.25,0.09836065573770492,0.0,0.5652173913043478
1663,72457,D'Moi Hodge,Missouri,0.875,0.75,0.5,0.93
1664,72459,Tymu Chenery,Quinnipiac,1.0,0.5925925925925926,0.5,0.9230769230769231
1665,72460,Jayson Woodrich,Cleveland St.,0.0,0.6,0.4666666666666667,0.9722222222222222
1666,72461,Yahel Hill,Cleveland St.,0.0,0.3076923076923077,0.19230769230769232,0.8181818181818182
1667,72462,Mabor Majak,Missouri,0.0,0.0,0.0,0.0
1668,72463,Ben Sternberg,Missouri,0.0,0.0,0.0,0.0
1669,72465,Silas Mason,UNC Asheville,1.0,1.0,0.0,0.0
1670,72466,Deven Dahlke,San Diego,0.0,0.0,0.25,1.0
1671,72467,Josh Bannan,Montana,0.8181818181818182,0.29292929292929293,0.22641509433962265,0.6666666666666666
1672,72468,Rodrigue Andela,Oregon St.,0.0,0.6071428571428571,0.6333333333333333,0.0
1673,72469,Noah Farrakhan,Eastern Michigan,0.5,0.125,0.09333333333333334,0.5
1674,72470,Anwar Gill,La Salle,0.4,0.325,0.15,0.8
1675,72471,Robby Beasley III,UC Davis,0.0,0.5294117647058824,0.45454545454545453,0.8648648648648649
1676,72473,Dean Reiber,Rutgers,1.0,0.8,0.5,0.8
1677,72475,Jhamir Brickus,La Salle,0.0,0.225,0.11764705882352941,0.5897435897435898
1678,72477,Mike Miles Jr.,TCU,0.75,0.32142857142857145,0.1388888888888889,0.8157894736842105
1679,72479,Kent Gilbert,Tennessee,0.0,0.0,0.0,0.0
1680,72484,Terell Strickland,James Madison,0.0,0.0,0.0,1.0
1681,72485,Terrence Edwards,James Madison,1.0,0.20224719101123595,0.2,0.7741935483870968
1682,72486,Rondel Walker,TCU,0.0,0.6666666666666666,0.0,1.0
1683,72488,Michael Thomas,Louisiana,0.0,0.0,0.0,0.625
1684,72489,Matthew-Alexander Moncrieffe,Georgia,0.5,0.5283018867924528,0.16666666666666666,0.0
1685,72491,Luke O'Brien,Colorado,0.6666666666666666,0.35555555555555557,0.125,0.9565217391304348
1686,72493,Tyree Ihenacho,James Madison,0.0,0.25,0.0,0.8666666666666667
1687,72495,Mitchell Sueker,North Dakota,0.0,0.5185185185185185,0.2857142857142857,1.0
1688,72496,Terrance Thompson,SIU Edwardsville,1.0,0.5384615384615384,0.6,0.0
1689,72498,Cameron Smith,Cal St. Bakersfield,1.0,0.3783783783783784,0.5357142857142857,1.0
1690,72500,D'Ante Bell,New Orleans,0.8333333333333334,0.5,1.0,0.0
1691,72501,Jay Rodgers,Central Connecticut,0.0,0.23529411764705882,0.14285714285714285,0.8285714285714286
1692,72505,Robert Jeter IV,Western Illinois,0.0,0.0,0.0,0.0
1693,72507,Matthew Wade,Western Illinois,0.0,0.0,0.0,0.0
1694,72508,Nate Martin,Texas St.,1.0,0.41818181818181815,0.23809523809523808,0.0
1695,72509,Dylan Dawson,Texas St.,0.0,0.6666666666666666,0.0,0.6923076923076923
1696,72514,Jordan Meka,Georgia Tech,0.0,0.0,0.0,0.0
1697,72515,Javonte Brown,Texas A&M,1.0,0.16666666666666666,0.0,0.0
1698,72518,Tristan Maxwell,Georgia Tech,0.0,0.4,0.0,1.0
1699,72519,Chris Cross,Southern Illinois,0.0,1.0,0.0,0.0
1700,72520,Saba Gigiberia,San Francisco,0.7647058823529411,0.75,0.3,1.0
1701,72521,DA Houston,Longwood,0.0,0.19230769230769232,0.16666666666666666,1.0
1702,72522,Shannon Grant,Mercer,0.0,0.5416666666666666,0.5,0.0
1703,72524,Jalen White,Nicholls St.,0.0,0.0,0.5,0.9545454545454546
1704,72526,Terren Frank,Idaho,0.0,0.0,0.0,0.8333333333333334
1705,72527,Carson McCorkle,Wofford,0.0,0.3,0.2,0.9761904761904762
1706,72529,Malachi Poindexter,Illinois St.,0.0,0.07142857142857142,0.03125,0.6122448979591837
1707,72533,Richard Amaefule,Dayton,0.0,0.0,0.0,0.0
1708,72536,Bryce Thompson,Oklahoma St.,0.0,0.275,0.11666666666666667,0.9180327868852459
1709,72537,James Carey,Iona,0.0,0.0,0.0,1.0
1710,72538,Austin Sacks,Baylor,0.0,0.0,0.0,0.0
1711,72541,Latrell Jossell,Stephen F. Austin,0.0,0.4166666666666667,0.45,0.9508196721311475
1712,72542,Andrew Carr,Wake Forest,0.7777777777777778,0.5945945945945946,0.18518518518518517,0.9090909090909091
1713,72546,Ebenezer Dowuona,N.C. State,0.8571428571428571,0.75,0.6,0.0
1714,72549,Nik Stadelman,Illinois St.,0.0,0.0,0.0,0.0
1715,72552,Trey Galloway,Indiana,0.8,0.48484848484848486,0.0,0.8666666666666667
1716,72553,Mikal Starks,Portland St.,0.0,0.391304347826087,0.14285714285714285,1.0
1717,72554,Aziz Bandaogo,Utah Valley,0.8333333333333334,0.7478991596638656,0.6153846153846154,1.0
1718,72560,Tyron McMillan,McNeese St.,1.0,0.5333333333333333,0.5714285714285714,0.0
1719,72561,Jade Tse,Holy Cross,0.0,0.0,0.16666666666666666,1.0
1720,72563,Bowen Born,Northern Iowa,0.0,0.2631578947368421,0.07407407407407407,0.5384615384615384
1721,72566,Donte Powers,Sam Houston St.,0.0,0.18181818181818182,0.3125,0.6290322580645161
1722,72567,Ahmad Rand,Milwaukee,0.7090909090909091,0.7,0.5789473684210527,1.0
1723,72568,Kian Scroggins,Sam Houston St.,1.0,0.6486486486486487,0.875,0.0
1724,72570,Kobe Stewart,Presbyterian,1.0,0.42105263157894735,0.16666666666666666,1.0
1725,72571,Nendah Tarke,Coppin St.,0.6666666666666666,0.4146341463414634,0.22727272727272727,0.8648648648648649
1726,72577,Kendall Munson,Portland St.,1.0,0.6956521739130435,1.0,1.0
1727,72580,Sami Osmani,Creighton,0.0,0.0,0.0,1.0
1728,72582,Dailin Smith,Alabama A&M,0.8333333333333334,0.42857142857142855,0.38461538461538464,0.875
1729,72586,JoVon McClanahan,Hawaii,0.0,0.023809523809523808,0.06,0.6818181818181818
1730,72588,Andrew Welage,Wright St.,0.0,0.5416666666666666,0.3888888888888889,1.0
1731,72589,Jalen Leach,Fairfield,1.0,0.25,0.25,0.8
1732,72590,Adama Sanogo,Connecticut,0.7857142857142857,0.628140703517588,0.4067796610169492,1.0
1733,72591,Andrew Hurley,Connecticut,0.0,0.0,0.0,0.0
1734,72592,Jordan O'Neal,Alabama St.,0.8636363636363636,0.5964912280701754,0.5294117647058824,0.0
1735,72594,Cheikh Faye,Charleston Southern,0.0,0.2,0.2,0.875
1736,72595,Brendan Simmons,Central Arkansas,0.0,0.0,0.0,0.0
1737,72599,Akeem Odusipe,Kent St.,0.0,0.0,0.0,0.0
1738,72601,Ra'Heim Moss,Toledo,0.6,0.36538461538461536,0.15384615384615385,0.7586206896551724
1739,72602,Xavier Foster,SMU,1.0,1.0,0.0,0.0
1740,72604,Jonathan Aybar,North Florida,0.7333333333333333,0.5901639344262295,0.25,0.8
1741,72605,Lynn Kidd,Virginia Tech,0.9444444444444444,0.7358490566037735,0.625,0.0
1742,72606,Dawson Garcia,Minnesota,1.0,0.6753246753246753,0.5476190476190477,0.8666666666666667
1743,72608,Jadyn Parker,North Florida,0.7692307692307693,0.5344827586206896,0.32,0.0
1744,72609,PJ Hall,Clemson,0.9090909090909091,0.5888888888888889,0.4782608695652174,0.9696969696969697
1745,72610,Terrell Ard Jr.,Presbyterian,0.6363636363636364,0.3880597014925373,0.1875,1.0
1746,72612,Abe Atiyeh,Boston College,0.0,0.0,0.0,0.0
1747,72613,Emmanuel Ansong,Vanderbilt,0.8,0.36363636363636365,0.0,1.0
1748,72614,Monty Bowser,California,0.0,0.6,0.17647058823529413,1.0
1749,72616,Grant Huffman,Davidson,0.5,0.373134328358209,0.17647058823529413,0.7857142857142857
1750,72617,Abou Ousmane,North Texas,0.7777777777777778,0.5148514851485149,0.30303030303030304,0.0
1751,72619,Michael Jones,Stanford,1.0,0.6,0.35714285714285715,0.9574468085106383
1752,72620,Dayvion McKnight,Western Kentucky,0.0,0.20224719101123595,0.09523809523809523,0.625
1753,72623,Bailey Conrad,The Citadel,0.0,1.0,0.0,1.0
1754,72625,Brent Davis,Chicago St.,0.0,0.4166666666666667,0.0,0.9655172413793104
1755,72633,Nighael Ceaser,Texas St.,0.6,0.4406779661016949,0.4,0.8571428571428571
1756,72635,Yame Butler,Drexel,0.0,0.09523809523809523,0.2727272727272727,0.7142857142857143
1757,72636,Lydell Geffrard,Troy,0.0,0.3333333333333333,1.0,1.0
1758,72638,Anthony Roy,New Mexico St.,0.3333333333333333,0.23076923076923078,0.0,0.6129032258064516
1759,72642,Andre Jackson Jr.,Connecticut,0.8620689655172413,0.6730769230769231,0.4666666666666667,0.84
1760,72643,Jalen Dalcourt,Louisiana,1.0,0.17647058823529413,0.25,0.8421052631578947
1761,72644,Liam Lloyd,Northern Arizona,1.0,0.30434782608695654,0.2222222222222222,1.0
1762,72645,Chance McMillian,Grand Canyon,0.0,0.3111111111111111,0.14705882352941177,0.7924528301886793
1763,72646,Reginald Duhart Jr.,Charleston Southern,0.75,0.5263157894736842,0.75,1.0
1764,72647,Xavion Brown,Appalachian St.,0.47368421052631576,0.23529411764705882,0.0,0.0
1765,72648,Regin Larson,Charlotte,0.0,0.0,0.0,0.0
1766,72649,LaDamien Bradford,Louisiana Tech,0.0,0.3333333333333333,0.0,0.0
1767,72650,Jaxson Robinson,BYU,0.42857142857142855,0.34782608695652173,0.23529411764705882,0.9107142857142857
1768,72651,Hayden Hefner,Texas A&M,1.0,0.8181818181818182,0.3333333333333333,1.0
1769,72653,Isaac Spainhour,Florida St.,0.0,0.0,0.0,0.0
1770,72655,Sardaar Calhoun,Drake,1.0,0.5,0.14285714285714285,0.8181818181818182
1771,72656,Quincy Ballard,Wichita St.,0.3333333333333333,0.4,0.5,0.0
1772,72658,Malik Zachery,UTEP,0.0,0.0,0.0,0.75
1773,72659,Jonah Carrasco,IU Indy,0.6666666666666666,0.6296296296296297,0.42857142857142855,0.0
1774,72660,Nick Blake,Pacific,0.5,0.35135135135135137,0.25,0.7647058823529411
1775,72663,Gianmarco Arletti,Delaware,1.0,0.21739130434782608,0.2727272727272727,0.9444444444444444
1776,72665,Patrick Suemnick,West Virginia,0.0,1.0,0.5714285714285714,1.0
1777,72666,Kam Farris,Marist,0.0,0.2777777777777778,0.15,0.8043478260869565
1778,72668,Zool Kueth,Tennessee St.,0.5,0.6,1.0,1.0
1779,72669,Adong Makuoi,Tennessee St.,0.8666666666666667,0.5227272727272727,0.21428571428571427,0.0
1780,72673,Enoch Cheeks,Robert Morris,0.45454545454545453,0.2972972972972973,0.08695652173913043,0.825
1781,72675,Freddy Hicks,Tarleton St.,0.875,0.5370370370370371,0.35,1.0
1782,72676,Briggs McClain,Hartford,0.0,0.32786885245901637,0.18518518518518517,0.7058823529411765
1783,72677,John Shanu II,UT Rio Grande Valley,0.6666666666666666,0.6666666666666666,1.0,0.0
1784,72678,Devin Askew,California,0.0,0.19230769230769232,0.18181818181818182,0.45
1785,72679,Brycen Long,Houston Christian,0.0,0.3333333333333333,0.17647058823529413,0.8131868131868132
1786,72680,Xavier DuSell,Wyoming,1.0,0.23529411764705882,0.0,0.8709677419354839
1787,72681,Trey Phipps,Oral Roberts,0.0,0.06666666666666667,0.0,0.8181818181818182
1788,72682,Moussa Cisse,Oklahoma St.,0.8301886792452831,0.7534246575342466,0.5789473684210527,0.0
1789,72683,Rasheed Browne,North Texas,0.0,0.0,0.0,0.0
1790,72685,Tytan Anderson,Northern Iowa,1.0,0.32407407407407407,0.043478260869565216,1.0
1791,72686,Kalen Williams,East Texas A&M,0.0,0.2153846153846154,0.03571428571428571,0.7727272727272727
1792,72689,Le'Tre Darthard,Utah Valley,0.0,0.3673469387755102,0.3448275862068966,0.9375
1793,72697,Modestas Kancleris,Cal St. Bakersfield,1.0,0.3333333333333333,0.42857142857142855,0.6666666666666666
1794,72700,Beon Riley,Hawaii,0.0,0.3076923076923077,0.14285714285714285,1.0
1795,72701,Ryan Kalkbrenner,Creighton,0.9726027397260274,0.8043478260869565,0.5862068965517241,1.0
1796,72704,Rollie Worster,Utah,0.0,0.2222222222222222,0.13636363636363635,0.8181818181818182
1797,72705,Darlinstone Dubar,Hofstra,0.8666666666666667,0.6447368421052632,0.15789473684210525,0.9230769230769231
1798,72706,Julian Larry,Indiana St.,0.3333333333333333,0.26785714285714285,0.05263157894736842,0.9230769230769231
1799,72707,Cam Holden,Towson,0.2,0.24691358024691357,0.05357142857142857,0.6666666666666666
1800,72708,Mason Archambault,South Dakota,0.0,0.18181818181818182,0.3333333333333333,0.9032258064516129
1801,72710,Yacine Toumi,Evansville,0.7,0.40963855421686746,0.18518518518518517,0.75
1802,72713,Jaden Walker,East Carolina,0.6,0.38,0.125,0.782608695652174
1803,72714,Collin Moore,Georgia St.,0.3333333333333333,0.3142857142857143,0.25,0.95
1804,72718,Cam Bryant,Georgia Southern,0.0,1.0,0.0,0.0
1805,72719,Darius Miles,Alabama,0.0,1.0,0.0,1.0
1806,72721,Eric Reed Jr.,Mississippi St.,0.0,0.625,0.75,1.0
1807,72725,Eugene Brown III,Ohio St.,0.8,0.6,1.0,0.6666666666666666
1808,72728,Kenny Hunter,Louisiana Tech,0.8148148148148148,0.6081081081081081,0.5454545454545454,0.0
1809,72729,Bryce McBride,Youngstown St.,0.0,0.26666666666666666,0.5,0.88
1810,72730,Setric Millner Jr.,Toledo,0.6666666666666666,0.47297297297297297,0.46153846153846156,0.9649122807017544
1811,72731,Toby Okani,Illinois Chicago,0.6666666666666666,0.34782608695652173,0.2765957446808511,0.7647058823529411
1812,72732,Tyson Acuff,Eastern Michigan,0.0,0.18,0.16666666666666666,0.7884615384615384
1813,72734,Kaden Metheny,Bowling Green,0.0,0.09090909090909091,0.2692307692307692,0.7377049180327869
1814,72736,Quentin Southall,Richmond,0.0,0.0,0.0,0.0
1815,72737,Zion Bethea,St. Francis NY,0.0,0.3,0.36666666666666664,0.8666666666666667
1816,72739,Shawndarius Cowart,Grambling St.,0.25,0.2727272727272727,0.2391304347826087,0.6428571428571429
1817,72740,David Green,Louisiana Tech,0.0,0.3333333333333333,1.0,1.0
1818,72741,Cam Young,Saint Peter's,0.75,0.7333333333333333,0.42857142857142855,1.0
1819,72745,Frank Jakubicek,Belmont,1.0,0.75,0.3333333333333333,0.0
1820,72746,Brandyn Talbot,UT Arlington,0.0,0.16666666666666666,0.25,0.9411764705882353
1821,72747,Abdou Tsimbila,Fordham,0.8181818181818182,0.5882352941176471,0.5384615384615384,0.0
1822,72751,Leo Colimerio,Fresno St.,0.7857142857142857,0.717948717948718,0.6,0.8888888888888888
1823,72752,Jamarcus Jones,Jackson St.,0.9333333333333333,0.618421052631579,0.4166666666666667,0.0
1824,72753,Destin Whitaker,Fresno St.,0.0,0.0,0.0,0.9411764705882353
1825,72754,Braxton Meah,Washington,0.7682926829268293,0.68,0.0,0.0
1826,72755,Alex Andrews,Florida A&M,0.0,0.0,1.0,0.0
1827,72756,Kyle Harding,Prairie View A&M,0.0,0.3,0.14285714285714285,0.7
1828,72757,Jamal Shead,Houston,0.25,0.2641509433962264,0.020833333333333332,0.7777777777777778
1829,72759,CJ Huntley,Appalachian St.,0.9,0.6458333333333334,0.5,1.0
1830,72760,Tramon Mark,Houston,0.5,0.44,0.25,0.8205128205128205
1831,72763,Max Murrell,Stanford,1.0,0.9,0.5,1.0
1832,72766,Michael O'Connell,Stanford,0.0,0.13157894736842105,0.2,0.9090909090909091
1833,72767,Daniel Foster,Nevada,1.0,0.5454545454545454,0.0,1.0
1834,72768,Ryan Elvin,Houston,0.0,0.0,1.0,0.6
1835,72769,Eddie Lampkin Jr.,TCU,0.7857142857142857,0.5087719298245614,0.5714285714285714,0.0
1836,72771,Robert Ford III,Montana St.,0.0,0.0,0.2,0.9473684210526315
1837,72772,Jordan Ivy-Curry,Pacific,0.0,0.15555555555555556,0.07407407407407407,0.5384615384615384
1838,72773,Davion Bradford,Wake Forest,0.7142857142857143,0.6818181818181818,0.16666666666666666,0.0
1839,72774,Caleb Dorsey,Penn St.,0.0,0.5555555555555556,1.0,1.0
1840,72779,Jalen Terry,DePaul,0.0,0.36363636363636365,0.2727272727272727,0.5217391304347826
1841,72781,Gabe Reichle,Oregon,0.0,0.0,0.0,1.0
1842,72785,Jadon Jones,Long Beach St.,0.6666666666666666,0.75,0.375,0.9487179487179487
1843,72787,Jermaine Marshall,Samford,0.875,0.5192307692307693,0.3,0.8421052631578947
1844,72788,Justin Johnson,UT Rio Grande Valley,0.8333333333333334,0.36893203883495146,0.38596491228070173,0.2962962962962963
1845,72790,Myles Foster,Monmouth,1.0,0.532258064516129,0.5,0.0
1846,72791,DeAnthony Tipler,East Tennessee St.,0.0,0.2,0.06666666666666667,0.7714285714285715
1847,72792,Jack Holmstrom,Monmouth,0.0,0.5,0.25,0.9166666666666666
1848,72794,Lance Ware,Kentucky,0.7857142857142857,0.6,0.0,0.0
1849,72795,Jakari Spence,Monmouth,1.0,0.375,0.4,0.8571428571428571
1850,72796,Dom Martinelli,St. Thomas,0.0,1.0,1.0,1.0
1851,72798,Ty Berry,Northwestern,0.0,0.3333333333333333,0.4074074074074074,0.88
1852,72799,Cam'Ron Fletcher,Florida St.,0.6666666666666666,0.5,0.3333333333333333,1.0
1853,72802,Chris Greene,Arkansas Pine Bluff,0.0,0.20833333333333334,0.5454545454545454,0.8571428571428571
1854,72803,Kentrell Garnett,Louisiana,0.0,0.16666666666666666,0.3333333333333333,0.9375
1855,72804,Judah Brown,South Alabama,0.4,0.3,0.0,0.9807692307692307
1856,72805,Nate Heise,Northern Iowa,0.0,0.3333333333333333,1.0,0.0
1857,72809,Justin Hill,Georgia,0.0,0.07317073170731707,0.0625,0.5454545454545454
1858,72810,Chaunce Jenkins,Old Dominion,0.4,0.15625,0.09615384615384616,0.84
1859,72811,Keith Dinwiddie Jr.,Weber St.,0.0,0.1,0.16666666666666666,0.75
1860,72812,Alex Peterson,Kennesaw St.,1.0,0.696969696969697,0.7391304347826086,0.0
1861,72814,Brandon Stroud,Kennesaw St.,0.5555555555555556,0.29310344827586204,0.42857142857142855,1.0
1862,72815,Gage Gomez,UC Santa Barbara,0.0,0.0,0.0,0.0
1863,72819,Niko Rocak,UC Davis,0.6666666666666666,0.625,0.0,0.0
1864,72821,John Hugley IV,Pittsburgh,0.0,0.6666666666666666,0.5,1.0
1865,72823,Noah Collier,William & Mary,0.4444444444444444,0.3283582089552239,0.3333333333333333,0.0
1866,72824,Femi Odukale,Seton Hall,0.5,0.35294117647058826,0.058823529411764705,0.6923076923076923
1867,72826,JaDun Michael,Elon,1.0,0.6363636363636364,0.25,1.0
1868,72827,Colin Granger,Western Carolina,1.0,0.6153846153846154,0.6666666666666666,0.0
1869,72828,Rifen Miguel,Tennessee Martin,0.0,0.23529411764705882,0.75,1.0
1870,72829,JT Shumate,Toledo,0.8571428571428571,0.4787234042553192,0.45652173913043476,0.9272727272727272
1871,72830,Jalin Anderson,Loyola Marymount,0.6666666666666666,0.1875,0.09090909090909091,0.7391304347826086
1872,72832,Christian Shumate,McNeese St.,0.75,0.4888888888888889,0.11627906976744186,0.6923076923076923
1873,72834,Ari Seals,Tulsa,0.0,0.0,0.0,0.0
1874,72836,Woody Newton,Oklahoma St.,1.0,0.7272727272727273,0.3333333333333333,1.0
1875,72837,E.J. Clark,George Washington,0.0,0.0,1.0,1.0
1876,72838,Sam Mervis,Southern Indiana,0.0,0.0,0.0,0.0
1877,72841,Alex Tchikou,Rhode Island,0.875,0.7096774193548387,0.5,0.0
1878,72842,Jace Howard,Michigan,1.0,0.5,1.0,1.0
1879,72843,Max Burchill,South Dakota,0.0,0.55,0.14285714285714285,0.875
1880,72849,Caleb Huffman,Nicholls St.,0.25,0.4090909090909091,0.08823529411764706,0.4117647058823529
1881,72853,Chris Osten,IU Indy,0.7727272727272727,0.6309523809523809,0.9130434782608695,0.0
1882,72854,Cade Ronzone,Arizona St.,0.0,0.0,0.0,0.0
1883,72857,Griffin Yaklich,Illinois Chicago,0.0,1.0,0.0,1.0
1884,72858,Marcus Bagley,Arizona St.,0.0,0.6666666666666666,0.0,1.0
1885,72860,Mawot Mag,Rutgers,1.0,0.65,0.4444444444444444,0.8888888888888888
1886,72861,Courvoisier McCauley,Indiana St.,0.0,0.38333333333333336,0.15,0.7
1887,72862,Kobe Elvis,Dayton,0.0,0.23529411764705882,0.11764705882352941,0.6923076923076923
1888,72866,Tommy Ball,Idaho St.,0.0,0.0,0.0,0.0
1889,72867,Jason Spurgin,Southern Utah,0.7352941176470589,0.5833333333333334,0.25,0.0
1890,72868,Myles Wilmoth,Butler,1.0,0.6666666666666666,0.0,1.0
1891,72869,Chuck Harris,Butler,0.5,0.3018867924528302,0.1875,0.8857142857142857
1892,72871,Nick Fleming,Cal Poly,0.0,0.11764705882352941,0.16666666666666666,0.7272727272727273
1893,72873,Boubacar Coulibaly,Pepperdine,0.8571428571428571,0.7142857142857143,0.3333333333333333,0.0
1894,72879,Creighton Lebo,North Carolina,0.0,0.0,1.0,0.0
1895,72885,Weston Church,Oklahoma St.,0.0,0.0,0.0,1.0
1896,72887,Jake Kosakowski,UC San Diego,0.0,0.5,0.0,0.975
1897,72888,Bryce Pope,UC San Diego,0.0,0.3269230769230769,0.14102564102564102,0.8653846153846154
1898,72890,Joe Moon IV,Bryant,0.0,0.5,0.0,0.0
1899,72891,Brandon Noel,Wright St.,0.9166666666666666,0.6412213740458015,0.5454545454545454,1.0
1900,72893,Alex Huibregtse,Wright St.,0.0,0.5,0.3076923076923077,0.8113207547169812
1901,72894,Eduardo Andre,Fresno St.,0.8461538461538461,0.6049382716049383,0.5333333333333333,0.0
1902,72895,Dain Dainja,Illinois,0.56,0.6237623762376238,0.36666666666666664,0.0
1903,72896,Noble Crawford,LIU,0.5,0.3333333333333333,0.0,0.0
1904,72897,Lu'Cye Patterson,Charlotte,0.0,0.14516129032258066,0.03125,0.7037037037037037
1905,72898,Nelly Junior Joseph,Iona,0.7647058823529411,0.6143790849673203,0.5128205128205128,0.0
1906,72899,LJ Cryer,Baylor,0.0,0.2916666666666667,0.3448275862068966,0.7875
1907,72902,Saquan Singleton,George Mason,0.0,0.5789473684210527,0.25,0.0
1908,72903,Isaiah Marin,Texas Southern,0.0,0.25,0.25,0.7142857142857143
1909,72904,Shaquan Jules,Radford,0.8095238095238095,0.6666666666666666,0.5,0.0
1910,72906,Zach Loveday,Baylor,1.0,0.8,1.0,0.0
1911,72907,Xavier Lipscomb,Mount St. Mary's,0.0,0.2727272727272727,0.2727272727272727,0.8888888888888888
1912,72908,Dave Dickerson III,USC Upstate,0.0,0.0,0.0,0.0
1913,72909,Bobby Harvey,Portland St.,1.0,0.5,0.7142857142857143,0.9183673469387755
1914,72910,Dawson Baker,UC Irvine,0.0,0.4155844155844156,0.24074074074074073,0.75
1915,72911,Isaiah Wilson,Winthrop,0.0,0.5,0.0,0.3333333333333333
1916,72912,Sam Towns,Bowling Green,0.9,0.6470588235294118,0.75,1.0
1917,72913,Demarcus Sharp,Northwestern St.,1.0,0.16091954022988506,0.06666666666666667,0.6206896551724138
1918,72916,Raphe Ayres,Missouri St.,0.0,1.0,0.0,1.0
1919,72919,Zed Key,Ohio St.,0.7391304347826086,0.5333333333333333,0.36363636363636365,1.0
1920,72920,Jackson Young,SMU,0.0,0.0,0.0,0.0
1921,72921,Cameron Matthews,Mississippi St.,0.6842105263157895,0.5,0.5,1.0
1922,72923,Olivier-Maxence Prosper,Marquette,0.7368421052631579,0.6494845360824743,0.5714285714285714,1.0
1923,72924,Tony Toney,UAB,0.38461538461538464,0.4482758620689655,0.3333333333333333,0.8571428571428571
1924,72926,Oso Ighodaro,Marquette,0.875,0.7235772357723578,0.6190476190476191,0.0
1925,72927,Terence Lewis II,Louisiana,1.0,0.6179775280898876,0.52,0.0
1926,72928,Simeon Kirkland,New Orleans,0.5,0.5581395348837209,0.64,0.0
1927,72929,Dylan Engler,The Citadel,0.0,0.6666666666666666,0.0,0.0
1928,72930,Chaz Lanier,North Florida,0.5714285714285714,0.5,0.14285714285714285,0.96
1929,72933,Corey McKeithan,Rider,0.0,0.1,0.17391304347826086,1.0
1930,72934,Gabe O'Neal,Bowling Green,0.0,0.45,0.36363636363636365,0.0
1931,72935,Jalen Harris,Cal St. Fullerton,0.0,0.08064516129032258,0.27586206896551724,0.8
1932,72936,Theo Hughes,Northern Colorado,0.0,0.6153846153846154,0.75,0.0
1933,72937,Jalen Page,Northern Colorado,0.0,0.0,0.0,1.0
1934,72938,JJ Platt,Jacksonville St.,0.0,0.1,0.0,0.0
1935,72940,Wil Tattersall,UC Riverside,0.0,0.6111111111111112,0.2222222222222222,1.0
1936,72941,Desmond Polk,SIU Edwardsville,0.8,0.6666666666666666,0.0,1.0
1937,72942,Aidan Fisch,Pittsburgh,0.0,1.0,0.0,0.0
1938,72943,Khalen Robinson,Texas A&M,0.0,0.0,0.2,1.0
1939,72945,Paris Dawson,Seattle,0.0,0.3333333333333333,0.25,0.7619047619047619
1940,72948,Giancarlo Valdez,Stetson,0.0,0.0,0.0,1.0
1941,72950,Teiano Hardee,Sacramento St.,0.0,0.0,0.0,1.0
1942,72951,LeChaun DuHart,Maine,0.0,0.0,0.3333333333333333,1.0
1943,72954,Adefolarin Adetogun,Maine,0.0,0.75,0.6666666666666666,1.0
1944,72955,Kyle LeGreair,Detroit Mercy,0.0,0.5833333333333334,0.0,0.3333333333333333
1945,72960,Shamir Bogues,Tarleton St.,0.0,0.22413793103448276,0.3103448275862069,1.0
1946,72964,Steven Verplancken Jr.,Weber St.,0.0,0.2777777777777778,0.15384615384615385,0.9482758620689655
1947,72966,Ben Carlson,Utah,0.75,0.525,0.6,1.0
1948,72967,Jon Willeman,New Hampshire,0.0,0.0,0.0,0.0
1949,72968,J.D. Muila,Southern Illinois,1.0,0.8,0.75,0.0
1950,72969,Jabe Mullins,Washington St.,0.0,0.5384615384615384,0.17647058823529413,0.8727272727272727
1951,72970,Steven Crowl,Wisconsin,1.0,0.5833333333333334,0.14516129032258066,0.8518518518518519
1952,72971,Mitchell Saxen,Saint Mary's,0.7142857142857143,0.5763888888888888,0.15789473684210525,0.0
1953,72973,Chris Childs,Lindenwood,0.0,0.17142857142857143,0.07142857142857142,0.7321428571428571
1954,72975,Thomas Howell,Louisiana Monroe,0.5,0.4444444444444444,0.7631578947368421,1.0
1955,72977,Jace Roquemore,UC San Diego,0.75,0.4411764705882353,0.125,0.875
1956,72981,Toni Rocak,San Francisco,0.0,0.5555555555555556,0.0,1.0
1957,72982,Tyrell Roberts,San Francisco,0.0,0.3404255319148936,0.11764705882352941,0.5697674418604651
1958,72984,Kyle Luttinen,Washington,0.0,0.0,0.0,1.0
1959,72985,Javion May,Sam Houston St.,0.0,0.5,0.0,1.0
1960,72986,Donavan Yap,Fresno St.,0.0,0.20833333333333334,0.09090909090909091,0.7647058823529411
1961,72989,Che Evans Jr.,USC Upstate,0.0,0.0,0.0,0.0
1962,72990,Tyler Broughton,San Diego St.,0.0,0.0,0.0,0.0
1963,72992,Eoin Nelson,North Alabama,1.0,0.6666666666666666,0.8,1.0
1964,72993,Jeremiah Oden,Wyoming,0.7368421052631579,0.43333333333333335,0.18181818181818182,0.8275862068965517
1965,72995,John Treanor,Mercer,0.0,0.0,0.0,1.0
1966,72997,Peyton Urbancic,Tulsa,0.0,0.6666666666666666,0.0,0.0
1967,72998,D'Maurian Williams,Texas Tech,1.0,0.5,0.0,0.8571428571428571
1968,72999,Colin Golson Jr.,Eastern Michigan,1.0,0.5161290322580645,0.3888888888888889,1.0
1969,73002,Jamaine Mann,Georgia St.,0.0,0.425531914893617,0.3333333333333333,0.967741935483871
1970,73003,Phillip Russell,Southeast Missouri St.,0.0,0.11320754716981132,0.15384615384615385,0.39473684210526316
1971,73005,Marques Warrick,Northern Kentucky,0.6666666666666666,0.34782608695652173,0.20634920634920634,0.6578947368421053
1972,73006,Luke House,Drexel,1.0,0.6129032258064516,0.26666666666666666,0.9787234042553191
1973,73009,Matt Zona,Notre Dame,0.0,0.5,1.0,1.0
1974,73012,Trey Robinson,Northern Kentucky,0.8333333333333334,0.5333333333333333,0.4166666666666667,1.0
1975,73013,Nick Bassett,Colorado St.,0.0,0.0,0.0,0.0
1976,73017,Jordan Sears,Tennessee Martin,0.25,0.1,0.06382978723404255,0.8846153846153846
1977,73018,Garrett Hien,Furman,0.8888888888888888,0.796875,0.18181818181818182,1.0
1978,73020,Coleman Stucke,Northeastern,0.0,0.2692307692307692,0.0,0.9807692307692307
1979,73024,Drew Thelwell,Morehead St.,1.0,0.2909090909090909,0.45454545454545453,0.9591836734693877
1980,73025,Tekorian Smith,Prairie View A&M,0.6,0.3333333333333333,0.18181818181818182,0.8333333333333334
1981,73026,Alex Kotov,Illinois St.,0.6666666666666666,0.75,0.0,1.0
1982,73027,Johni Broome,Auburn,0.85,0.5625,0.5609756097560976,0.8888888888888888
1983,73029,Kasen Jennings,Kennesaw St.,1.0,0.3333333333333333,0.2222222222222222,0.9411764705882353
1984,73030,Jacob Nicolds,Utah Tech,0.5,0.6363636363636364,0.2857142857142857,0.9032258064516129
1985,73033,Michael Eads Jr.,Appalachian St.,0.0,0.0,0.0,1.0
1986,73042,Javontae Hopkins,Tarleton St.,0.8,0.34615384615384615,0.0,1.0
1987,73049,R.J. Blakney,Dayton,0.6666666666666666,0.5384615384615384,0.42857142857142855,1.0
1988,73051,Juhlawnei Stone,Cal Baptist,1.0,0.6470588235294118,0.5,0.0
1989,73052,Malik Wade,Cal Baptist,1.0,0.7333333333333333,1.0,0.0
1990,73054,Trey Thomas,Vanderbilt,0.0,0.16666666666666666,0.0,0.8
1991,73055,Churchill Bounds,Central Arkansas,1.0,0.5263157894736842,0.5,1.0
1992,73057,Carter Gilmore,Wisconsin,0.75,0.5925925925925926,0.2,1.0
1993,73061,Donovan Williams,Pacific,0.0,0.38461538461538464,0.2222222222222222,0.9411764705882353
1994,73064,Kenneth Womack,Sacred Heart,0.0,0.375,0.0,1.0
1995,73069,Jaron Pierre Jr.,Wichita St.,0.8,0.5555555555555556,0.42857142857142855,0.82
1996,73072,Nathaniel Pollard Jr.,Maryland Eastern Shore,0.5714285714285714,0.4430379746835443,0.3333333333333333,0.0
1997,73074,Justin Wright,North Carolina Central,0.0,0.2711864406779661,0.034482758620689655,0.65625
1998,73075,Isaiah Addo-Ankrah,UTSA,0.0,0.14285714285714285,0.3333333333333333,1.0
1999,73077,Andy Christos,Penn St.,0.0,0.0,0.0,0.0
2000,73080,DeAndre Henry,UC Davis,0.0,1.0,0.0,0.0
2001,73081,Isaiah Sulack,Tennessee,0.0,0.0,1.0,0.0
2002,73082,Colby Jones,Xavier,0.6666666666666666,0.52,0.25806451612903225,0.8222222222222222
2003,73083,Malik Henry,George Mason,0.7777777777777778,0.7317073170731707,0.5384615384615384,0.0
2004,73086,Mady Sissoko,Michigan St.,0.8571428571428571,0.8125,0.6666666666666666,0.0
2005,73087,Eric Lee,Alabama A&M,0.5,0.5,1.0,0.0
2006,73088,Jamie Bergens,Drexel,0.0,0.125,0.07407407407407407,0.8571428571428571
2007,73090,Tanner Christensen,Utah Tech,0.7407407407407407,0.4065934065934066,0.42857142857142855,1.0
2008,73093,Burke Smith,Boise St.,1.0,1.0,0.0,1.0
2009,73094,Davis Smith,Michigan St.,0.0,0.0,0.0,0.0
2010,73095,Malique Jacobs,Kent St.,0.0,0.12195121951219512,0.06521739130434782,0.85
2011,73096,Mark Sears,Alabama,1.0,0.21568627450980393,0.125,0.8405797101449275
2012,73099,Posh Alexander,St. John's,1.0,0.35135135135135137,0.2777777777777778,0.5625
2013,73100,Steven Lazar,Siena,0.0,0.0,0.0,0.0
2014,73101,Aidan Carpenter,Sacred Heart,0.0,0.15384615384615385,0.5,0.8
2015,73102,Jaemyn Brakefield,Mississippi,0.9166666666666666,0.5063291139240507,0.47368421052631576,0.9705882352941176
2016,73103,J'Vonne Hadley,Colorado,0.7272727272727273,0.65,0.15384615384615385,0.0
2017,73104,Emorie Knox,Charleston Southern,0.0,0.5,0.0,0.42857142857142855
2018,73105,Matt Cross,Massachusetts,0.3333333333333333,0.5370370370370371,0.36363636363636365,0.9615384615384616
2019,73106,Tony Sanders Jr.,Notre Dame,0.0,0.0,0.0,0.0
2020,73107,Darius Burford,Illinois St.,0.6,0.31746031746031744,0.09230769230769231,0.7777777777777778
2021,73110,Keegan Harvey,George Washington,0.0,0.0,0.0,1.0
2022,73111,Earl Timberlake,Bryant,0.6666666666666666,0.2743362831858407,0.10526315789473684,0.5
2023,73112,Tristan Ikpe,Sam Houston St.,0.6666666666666666,0.5,0.25,1.0
2024,73113,Michael Graham,Loyola Marymount,0.7058823529411765,0.5192307692307693,0.8,0.0
2025,73115,Ashton Myles-Devore,Louisville,0.0,0.0,0.0,0.0
2026,73116,Kylen Milton,Arkansas Pine Bluff,0.5,0.19672131147540983,0.25,0.84375
2027,73117,Keshawn Williams,Northern Illinois,0.6,0.2619047619047619,0.125,0.5238095238095238
2028,73118,Jacob Falko,Binghamton,0.42857142857142855,0.1774193548387097,0.0392156862745098,0.4878048780487805
2029,73119,Mardrez McBride,Georgia,0.0,0.6666666666666666,0.6666666666666666,0.9210526315789473
2030,73121,Rubin Jones,North Texas,0.5,0.18181818181818182,0.08333333333333333,0.896551724137931
2031,73123,Shemar Rathan-Mayes,Youngstown St.,0.0,0.2727272727272727,0.0,1.0
2032,73127,Boogie Anderson,Southeastern Louisiana,0.3333333333333333,0.23376623376623376,0.0707070707070707,0.0
2033,73128,Jayden Johnson,Illinois St.,0.0,0.3333333333333333,0.0,1.0
2034,73129,Marcus Garrett,Bethune Cookman,0.0,0.25806451612903225,0.25,0.6774193548387096
2035,73130,Brantly Stevenson,Cal Poly,1.0,0.38461538461538464,0.12727272727272726,0.7857142857142857
2036,73132,Dontrell McQuarter,Alcorn St.,0.7692307692307693,0.5365853658536586,0.3055555555555556,1.0
2037,73133,Steven Ashworth,Utah St.,0.0,0.3684210526315789,0.2702702702702703,0.7264150943396226
2038,73134,Alijah Martin,Florida Atlantic,0.5333333333333333,0.38571428571428573,0.0,0.9154929577464789
2039,73135,VonCameron Davis,Kent St.,0.5,0.5,0.5,0.9166666666666666
2040,73136,Dylan Robertson,Bethune Cookman,0.75,0.6666666666666666,0.8571428571428571,1.0
2041,73138,Aiden Terry,Rutgers,0.0,1.0,0.0,1.0
2042,73140,TJ Bamba,Washington St.,0.25,0.1125,0.12903225806451613,0.6
2043,73143,Josh Morgan,Incarnate Word,0.0,0.38095238095238093,0.2,0.8888888888888888
2044,73147,Martel Williams,Southern Utah,0.0,0.2,0.0,0.0
2045,73150,Justin Vander Baan,Lafayette,1.0,0.8085106382978723,0.7741935483870968,0.9166666666666666
2046,73156,Mike Sixsmith,Sacred Heart,0.0,0.5555555555555556,0.2,0.9210526315789473
2047,73160,Drew Daniel,Northern Iowa,1.0,0.42857142857142855,1.0,0.9333333333333333
2048,73162,Marcellus Vail,Samford,0.0,0.0,0.0,0.0
2049,73163,A.J. Staton-McCray,Samford,0.0,0.14,0.0,0.9545454545454546
2050,73165,Matthew Murrell,Mississippi,0.6842105263157895,0.38596491228070173,0.2857142857142857,0.8709677419354839
2051,73172,Byron Joshua,Alcorn St.,0.0,0.13114754098360656,0.08108108108108109,0.36363636363636365
2052,73174,Zach Edey,Purdue,0.8026315789473685,0.6896551724137931,0.7068965517241379,0.0
2053,73176,Eric Boone,North Carolina Central,0.0,0.06451612903225806,0.15384615384615385,0.6923076923076923
2054,73178,Chase Martin,Purdue,0.0,1.0,0.0,0.0
2055,73179,Marcus Fitzgerald Jr.,Tennessee St.,0.0,0.13043478260869565,0.08,0.85
2056,73181,Petar Krivokapic,FIU,0.0,0.2727272727272727,0.0,0.8936170212765957
2057,73182,Javaunte Hawkins,FIU,0.0,0.2222222222222222,0.11764705882352941,0.7931034482758621
2058,73183,K.D. Johnson,Auburn,0.0,0.29545454545454547,0.0,0.75
2059,73185,Grant Weitman,Arizona,0.0,0.0,0.0,0.0
2060,73187,Hunter-Jack Madden,Abilene Christian,0.0,0.4117647058823529,0.2727272727272727,1.0
2061,73189,Demetric Horton,North Carolina A&T,0.5,0.391304347826087,0.2413793103448276,0.7166666666666667
2062,73192,Darweshi Hunter,Northern Illinois,1.0,0.6538461538461539,0.46153846153846156,0.9183673469387755
2063,73198,Jacob Hutson,Loyola Chicago,1.0,0.8235294117647058,0.0,1.0
2064,73200,Kam Woods,North Carolina A&T,0.75,0.21153846153846154,0.030303030303030304,0.5394736842105263
2065,73202,Jackson Threadgill,Charlotte,0.6666666666666666,0.6285714285714286,0.4444444444444444,0.9411764705882353
2066,73203,Noah Hupmann,Northern Kentucky,0.0,0.0,0.0,0.0
2067,73204,Zach Anderson,Florida Gulf Coast,0.5714285714285714,0.28846153846153844,0.16129032258064516,0.9583333333333334
2068,73205,Nate Johnson,Southeast Missouri St.,0.9473684210526315,0.759493670886076,0.5454545454545454,0.0
2069,73206,Jake Evans,Northern Kentucky,0.0,0.0,0.0,0.6666666666666666
2070,73207,Jamel Jr. Horton,Mississippi St.,0.0,0.0,0.5,1.0
2071,73209,Cole LaRue,Kennesaw St.,0.0,0.75,0.0,1.0
2072,73211,Juston Betz,Bellarmine,0.0,0.5882352941176471,0.15625,0.875
2073,73212,Will Amica,Albany,0.0,1.0,0.0,0.0
2074,73214,Anthony Leal,Indiana,0.0,0.0,0.0,0.0
2075,73215,Brandon Lieb,Illinois,0.0,0.6666666666666666,0.0,0.0
2076,73216,Dji Bailey,Richmond,1.0,0.25,0.25,1.0
2077,73217,Adam Miller,LSU,1.0,0.2692307692307692,0.29411764705882354,0.8533333333333334
2078,73218,C.J. Roberts,East Texas A&M,0.0,0.14893617021276595,0.15625,0.68
2079,73219,Dallion Johnson,Penn St.,0.0,0.6,0.0,1.0
2080,73220,Kedrian Johnson,West Virginia,0.0,0.18,0.07142857142857142,0.7
2081,73222,Derrius Ward,UT Rio Grande Valley,0.6666666666666666,0.6666666666666666,1.0,1.0
2082,73223,Clifford Omoruyi,Rutgers,0.821917808219178,0.7191780821917808,0.6206896551724138,0.75
2083,73224,Josh Gray,South Carolina,0.8095238095238095,0.6,0.7142857142857143,0.0
2084,73225,Damani Hayes,South Dakota,1.0,0.7090909090909091,0.2,0.0
2085,73227,Brandon Whitney,Montana,0.0,0.12903225806451613,0.1111111111111111,1.0
2086,73230,Connor Barrett,Valparaiso,0.0,0.7,1.0,0.9629629629629629
2087,73231,Owen Spencer,Ohio St.,0.0,0.0,0.0,0.0
2088,73232,Latrell Jones,Nicholls St.,0.6666666666666666,0.484375,0.30303030303030304,0.9347826086956522
2089,73233,Henry Coleman III,Texas A&M,0.9090909090909091,0.64,0.5,0.0
2090,73234,Jabri Abdur-Rahim,Georgia,0.0,0.5,0.3333333333333333,0.9347826086956522
2091,73237,Jeremy Roach,Duke,0.0,0.15517241379310345,0.2,0.7608695652173914
2092,73239,Tyrin Lawrence,Vanderbilt,0.75,0.32989690721649484,0.0625,0.7777777777777778
2093,73240,Reece Beekman,Virginia,0.2727272727272727,0.27586206896551724,0.3157894736842105,0.8148148148148148
2094,73245,Andre Lorentsson,Toledo,0.0,0.5,0.0,0.95
2095,73247,Alyn Breed,Providence,1.0,0.2631578947368421,0.21052631578947367,0.9230769230769231
2096,73248,Markise Davis,Arkansas St.,0.9090909090909091,0.71875,0.5405405405405406,0.9302325581395349
2097,73250,Marcel Stevens,Cal St. Northridge,0.0,0.16666666666666666,0.4,0.875
2098,73252,Keyon Wesley,Alabama St.,0.0,0.0,0.0,0.0
2099,73253,Caleb London,Arkansas St.,0.0,0.0,0.0,1.0
2100,73256,Koby Brea,Dayton,1.0,0.6666666666666666,0.38461538461538464,0.84
2101,73257,Anton Jansson,Saint Joseph's,0.0,0.0,0.0,0.0
2102,73259,Hassan Diarra,Connecticut,0.0,0.25,0.5,0.2857142857142857
2103,73262,Zarique Nutter,Northern Illinois,0.8,0.43902439024390244,0.08571428571428572,0.9
2104,73264,Luke Barrett,Saint Mary's,0.0,0.0,0.0,1.0
2105,73267,Jaron Rillie,Samford,0.0,0.14285714285714285,0.0,0.8636363636363636
2106,73268,Norchad Omier,Miami FL,0.8205128205128205,0.5714285714285714,0.5294117647058824,0.8
2107,73270,Jalen Myers,Tennessee Martin,0.0,0.5882352941176471,0.6,1.0
2108,73273,Simeon Fryer,Texas A&M Corpus Chris,0.6,0.5769230769230769,1.0,1.0
2109,73274,Lamont Butler,San Diego St.,0.75,0.25806451612903225,0.0,0.7894736842105263
2110,73276,Christian Fussell,Middle Tennessee,0.0,0.5,1.0,0.75
2111,73277,Korey Hess,Denver,0.0,0.0,0.0,0.0
2112,73284,Bryceson Burns,Drake,0.0,0.0,0.0,1.0
2113,73286,Carson Barrett,Purdue,0.0,0.0,0.0,0.0
2114,73290,Ethan Morton,Purdue,0.0,0.3333333333333333,0.3333333333333333,1.0
2115,73292,Micah Peavy,TCU,0.7857142857142857,0.5102040816326531,0.23076923076923078,1.0
2116,73294,Dylan O'Hearn,Jacksonville,0.0,0.5625,0.125,0.8461538461538461
2117,73297,Kareem Thompson,Oral Roberts,0.625,0.4426229508196721,0.0,0.8148148148148148
2118,73299,Nick Farrar,UNC Wilmington,1.0,0.4,0.42857142857142855,0.875
2119,73300,Ahamadou Fofana,Maryland Eastern Shore,0.0,0.5,0.14814814814814814,1.0
2120,73301,Siem Uijtendaal,Canisius,0.0,0.25,0.375,0.9333333333333333
2121,73303,Ja'Von Benson,South Carolina,0.0,0.0,0.0,1.0
2122,73306,Bryson Tatum,Miami OH,0.0,0.6,0.375,0.75
2123,73307,Jefferson Koulibaly,SMU,0.0,0.0,0.0,0.7142857142857143
2124,73308,Nehemiah Benson,Rider,0.0,0.7333333333333333,0.7142857142857143,1.0
2125,73309,Bryce Monroe,IU Indy,0.0,0.0,0.07692307692307693,0.25
2126,73310,Xavier Bell,Wichita St.,0.0,0.5714285714285714,0.2857142857142857,1.0
2127,73312,Johnnie Williams IV,Louisiana Monroe,0.0,0.0,0.0,1.0
2128,73313,Kieffer Punter,Troy,0.0,0.5454545454545454,0.1111111111111111,0.9722222222222222
2129,73316,Baylor Hebb,Colorado St.,0.0,0.5,0.25,1.0
2130,73318,Lorne Bowman,Oakland,0.0,0.0,0.0,0.5
2131,73319,Nick Brennen,Manhattan,0.0,0.4117647058823529,0.3103448275862069,0.975609756097561
2132,73323,Kellen Amos,Central Connecticut,0.6451612903225806,0.4305555555555556,0.3157894736842105,0.7142857142857143
2133,73324,Devin Tillis,UC Irvine,0.0,0.40816326530612246,0.3,1.0
2134,73328,Colton Sandage,Illinois St.,1.0,0.2222222222222222,0.0,0.8076923076923077
2135,73334,De'Lazarus Keys,Texas A&M Corpus Chris,0.8333333333333334,0.7608695652173914,0.875,1.0
2136,73335,Nick Jourdain,Temple,0.875,0.631578947368421,0.4444444444444444,1.0
2137,73338,David N'Guessan,Kansas St.,1.0,0.8571428571428571,0.5,1.0
2138,73340,Eric Gaines,UAB,0.5217391304347826,0.25316455696202533,0.0,0.7837837837837838
2139,73341,Dante Maddox,Toledo,0.0,0.2727272727272727,0.047619047619047616,0.6935483870967742
2140,73344,Oskar Palmquist,Rutgers,0.0,0.0,0.75,1.0
2141,73349,Henry Abraham,Coastal Carolina,0.0,0.3333333333333333,0.1,0.8275862068965517
2142,73350,Carson Towt,Northern Arizona,0.6818181818181818,0.4583333333333333,0.25,0.0
2143,73351,Koby Jeffries,Tennessee Martin,0.0,0.09375,0.0,1.0
2144,73352,Zimi Nwokeji,Dayton,0.5,0.45454545454545453,0.5,1.0
2145,73355,Josh Smith,Stetson,0.7894736842105263,0.5694444444444444,0.38461538461538464,1.0
2146,73356,Jyare Davis,Delaware,0.75,0.3333333333333333,0.4270833333333333,1.0
2147,73364,Obinna Anochili-Killen,Marshall,0.925,0.8289473684210527,0.7777777777777778,1.0
2148,73365,David Early,Marshall,0.0,0.0,0.0,1.0
2149,73366,Pelle Larsson,Arizona,0.8181818181818182,0.6271186440677966,0.23076923076923078,0.9032258064516129
2150,73368,Ian Martinez,Maryland,1.0,0.32142857142857145,0.14285714285714285,0.88
2151,73369,Aidan Prukop,Cal Poly,0.0,0.5,0.16666666666666666,0.6666666666666666
2152,73370,Luke Appel,South Dakota St.,0.0,0.5714285714285714,0.0,1.0
2153,73372,Jordan Kellier,Siena,0.0,0.2727272727272727,0.0,1.0
2154,73375,Dusan Mahorcic,N.C. State,1.0,0.47058823529411764,0.5,0.0
2155,73379,Jaden House,High Point,0.4444444444444444,0.1346153846153846,0.04,0.6774193548387096
2156,73380,Zack Austin,High Point,0.6410256410256411,0.5277777777777778,0.5714285714285714,0.8620689655172413
2157,73384,Ahmil Flowers,High Point,0.0,0.0,1.0,0.0
2158,73385,Alex Holt,High Point,0.7272727272727273,0.8125,0.0,0.0
2159,73386,Bryson Childress,High Point,0.0,0.0,0.6666666666666666,0.8571428571428571
2160,73393,Andrej Jakimovski,Washington St.,0.0,0.29411764705882354,0.0,0.9
2161,73395,Ishmael Plet,Arkansas Pine Bluff,0.8333333333333334,0.675,0.8,0.0
2162,73396,Lukas Milner,Boise St.,0.9333333333333333,0.6756756756756757,0.5,0.0
2163,73398,Naje Smith,Boise St.,0.7307692307692307,0.4418604651162791,0.0,1.0
2164,73399,Cam Hayes,LSU,0.0,0.10714285714285714,0.09523809523809523,0.7428571428571429
2165,73400,Shakeel Moore,Mississippi St.,0.42857142857142855,0.3148148148148148,0.26666666666666666,0.8285714285714286
2166,73401,Pavle Kuzmanovic,Boise St.,0.0,0.0,0.0,0.42857142857142855
2167,73402,A.J. Hoggard,Michigan St.,0.0,0.22857142857142856,0.16326530612244897,0.8333333333333334
2168,73403,Nate Clover III,Oral Roberts,1.0,0.5,0.0,0.0
2169,73404,Chibuzo Agbo,Boise St.,0.5,0.38461538461538464,0.125,0.859375
2170,73406,Jeff Ngandu,UMKC,0.6666666666666666,0.5,0.5882352941176471,0.0
2171,73407,Jackson Watson,Bowling Green,0.0,0.0,0.5,1.0
2172,73408,Kailex Stephens,Indiana St.,0.0,0.7391304347826086,0.6666666666666666,1.0
2173,73409,Trevor Lakes,Southern Indiana,0.0,0.18181818181818182,0.05263157894736842,0.8350515463917526
2174,73410,Max Amadasun,St. Bonaventure,1.0,0.625,1.0,0.0
2175,73411,Pavlo Dziuba,Maryland,0.0,0.0,0.0,0.0
2176,73413,Jarrett Hensley,Cincinnati,1.0,0.6428571428571429,1.0,1.0
2177,73416,Tyler Kolek,Marquette,0.0,0.11904761904761904,0.23529411764705882,0.7446808510638298
2178,73417,Pier-Olivier Racine,Fairleigh Dickinson,0.0,0.0,0.0,0.0
2179,73418,Joe Munden Jr.,Fairleigh Dickinson,0.5,0.5666666666666667,0.17857142857142858,1.0
2180,73421,Lincoln Ball,American,0.5,0.2857142857142857,0.0,1.0
2181,73425,Marques Watson,Manhattan,0.6,0.2765957446808511,0.1,0.7894736842105263
2182,73428,Jalen Moore,Oakland,0.0,0.058823529411764705,0.16,0.35135135135135137
2183,73429,Trey Townsend,Oakland,0.5625,0.4778761061946903,0.4383561643835616,0.7
2184,73430,Chris Conway,Oakland,1.0,0.71875,0.6071428571428571,0.0
2185,73431,Micah Parrish,San Diego St.,0.6666666666666666,0.56,0.2222222222222222,0.7777777777777778
2186,73434,Connor Serven,Illinois,0.0,0.0,0.0,0.0
2187,73439,Khristian Lander,Western Kentucky,0.0,0.2,0.0,0.7142857142857143
2188,73440,Sin'Cere McMahon,Winthrop,0.0,0.07692307692307693,0.11764705882352941,0.6911764705882353
2189,73442,Javonte Johnson,New Mexico,1.0,0.45454545454545453,0.4090909090909091,0.8076923076923077
2190,73443,Nolan Dorsey,Holy Cross,0.0,0.6,0.25,0.9473684210526315
2191,73450,Evan Johnson,Georgia St.,0.0,0.0,0.1,0.6666666666666666
2192,73452,Nick Hittle,Southern Indiana,0.0,0.5,0.0,0.0
2193,73453,Jamal Mashburn Jr.,New Mexico,0.0,0.13636363636363635,0.16911764705882354,0.7608695652173914
2194,73454,Hunter Dickinson,Michigan,0.8636363636363636,0.5615384615384615,0.45555555555555555,0.9166666666666666
2195,73457,Jaden McClanahan,Utah Valley,0.0,0.0,0.0,1.0
2196,73458,Amari Williams,Drexel,0.4864864864864865,0.4,0.2830188679245283,0.75
2197,73459,Johnell Davis,Florida Atlantic,0.4,0.19540229885057472,0.0,0.8372093023255814
2198,73460,Jack May,Florida,0.0,0.0,0.0,0.0
2199,73461,Niels Lane,Florida,1.0,0.36363636363636365,0.0,0.0
2200,73462,Gideon George,BYU,0.0,0.41818181818181815,0.3333333333333333,1.0
2201,73463,Ahron Ulis,Iowa,1.0,0.20833333333333334,0.07692307692307693,0.9090909090909091
2202,73468,Kellen Tynes,Maine,0.14285714285714285,0.2872340425531915,0.125,0.6666666666666666
2203,73469,Angelo Stuart,Milwaukee,0.0,0.1111111111111111,1.0,1.0
2204,73471,Carter Ash,Montana St.,0.0,0.0,0.0,1.0
2205,73472,Emeka Udenyi,Seattle,0.0,0.45454545454545453,0.38095238095238093,0.0
2206,73475,Alem Huseinovic,Rice,0.0,0.7272727272727273,0.3,0.9230769230769231
2207,73478,Zahir Porter,Weber St.,0.0,0.16666666666666666,0.1,0.7142857142857143
2208,73480,JaKobe Coles,TCU,1.0,0.6575342465753424,0.7333333333333333,0.9545454545454546
2209,73481,Osayi Osifo,Jacksonville,0.9310344827586207,0.7659574468085106,0.5416666666666666,1.0
2210,73483,Emory Lanier,SMU,0.0,0.3333333333333333,0.25,0.8
2211,73485,Andre Bottoms,Norfolk St.,0.0,0.5,0.0,0.0
2212,73487,Connor Linke,Bradley,0.0,1.0,0.0,0.0
2213,73489,Darius Hannah,Bradley,0.6875,0.5576923076923077,0.3870967741935484,0.0
2214,73491,Viktor Rajkovic,Seattle,0.0,0.3076923076923077,0.0,1.0
2215,73493,Kobe Sanders,Cal Poly,0.5,0.3333333333333333,0.13636363636363635,0.9523809523809523
2216,73494,Dionte Bostick,Cal St. Northridge,0.0,0.06818181818181818,0.0,0.8666666666666667
2217,73495,Howard Fleming Jr.,Winthrop,0.0,0.0,0.0,0.8888888888888888
2218,73498,Dyson Koehler,Weber St.,0.625,0.5714285714285714,0.3333333333333333,0.9130434782608695
2219,73499,Boden Skunberg,North Dakota St.,0.0,0.3191489361702128,0.07547169811320754,0.8
2220,73500,Alston Andrews,Illinois St.,0.0,0.0,0.0,0.0
2221,73501,Sam Hines Jr.,South Florida,0.8333333333333334,0.5087719298245614,0.2916666666666667,1.0
2222,73504,Derek Fountain,LSU,1.0,0.4027777777777778,0.5714285714285714,1.0
2223,73505,Darrion Trammell,San Diego St.,0.0,0.14285714285714285,0.08888888888888889,0.56
2224,73507,Paxton Payne,Cleveland St.,0.0,0.0,0.0,1.0
2225,73508,Isaiah Range,Alabama St.,0.5,0.2,0.13043478260869565,0.8541666666666666
2226,73509,Myles Stute,Vanderbilt,0.0,0.0,0.14285714285714285,0.918918918918919
2227,73514,Delaney Heard,Alabama,0.0,0.0,0.0,1.0
2228,73516,Puff Johnson,North Carolina,1.0,0.3888888888888889,0.6,1.0
2229,73517,Joe Bamisile,Oklahoma,0.6,0.5263157894736842,0.0,0.8888888888888888
2230,73520,Darius Maddox,Virginia Tech,0.0,0.3333333333333333,0.27586206896551724,0.95
2231,73523,BJ McLaurin,Queens,0.6666666666666666,0.34285714285714286,0.6111111111111112,0.9473684210526315
2232,73525,Isiah Dasher,Saint Peter's,0.25,0.22727272727272727,0.25,0.7948717948717948
2233,73526,Thomas Webley,Hartford,1.0,0.375,0.38461538461538464,0.0
2234,73527,Gabe Wiznitzer,Ohio,0.8571428571428571,0.3333333333333333,0.3076923076923077,0.0
2235,73528,Davonte Davis,Arkansas,1.0,0.30612244897959184,0.125,0.8723404255319149
2236,73529,Trace Young,Colorado St.,0.0,0.0,0.0,0.0
2237,73530,Isaiah Rivera,Colorado St.,1.0,0.43478260869565216,0.29411764705882354,0.875
2238,73531,Dre Davis,Seton Hall,0.6,0.5111111111111111,0.38461538461538464,1.0
2239,73533,Bradley Colbert,Xavier,0.0,0.0,0.0,0.0
2240,73534,JJ Traynor,Louisville,0.68,0.5909090909090909,0.25,1.0
2241,73540,Matteo Picarelli,UMBC,0.0,0.5714285714285714,0.47058823529411764,0.8636363636363636
2242,73546,Johan Crafoord,Central Arkansas,0.0,0.4375,0.2,1.0
2243,73548,Devontae Blanton,Eastern Kentucky,1.0,0.33783783783783783,0.2786885245901639,0.696969696969697
2244,73549,Tafari Simms,Western Michigan,0.0,0.23529411764705882,0.47058823529411764,0.8181818181818182
2245,73550,Selton Miguel,South Florida,0.0,0.15151515151515152,0.21739130434782608,0.6176470588235294
2246,73551,Aly Khalifa,Charlotte,1.0,0.4659090909090909,0.08333333333333333,0.9583333333333334
2247,73555,Tyler Brelsford,Bryant,0.0,0.3333333333333333,0.0,0.9583333333333334
2248,73556,Supreme Cook,Fairfield,0.7,0.4,0.4444444444444444,0.0
2249,73557,Connor Creech,Northern Colorado,0.0,0.0,0.0,1.0
2250,73558,Tony Perkins,Iowa,0.4,0.4788732394366197,0.26,0.8181818181818182
2251,73561,Amound Anderson,Southern Utah,0.0,0.25,1.0,1.0
2252,73562,Julian Strawther,Gonzaga,1.0,0.4745762711864407,0.375,0.8227848101265823
2253,73564,Jamahri Harvey,UNC Wilmington,0.0,0.0,1.0,0.8095238095238095
2254,73566,Duke Miles,Troy,0.0,0.125,0.0,1.0
2255,73567,Clarence Jackson,Jacksonville St.,0.5,0.25,0.2222222222222222,1.0
2256,73568,Jaden Seymour,East Tennessee St.,0.76,0.546875,0.1875,1.0
2257,73569,Jordan Geronimo,Indiana,0.7777777777777778,0.625,0.6666666666666666,1.0
2258,73571,Ricky Council IV,Arkansas,0.75,0.3877551020408163,0.16363636363636364,0.7941176470588235
2259,73572,Trevin Wade,Alcorn St.,0.6,0.23076923076923078,0.14285714285714285,0.42857142857142855
2260,73573,Max Brooks,UMass Lowell,0.6388888888888888,0.5287356321839081,0.5925925925925926,1.0
2261,73574,Chris Youngblood,Kennesaw St.,0.75,0.3333333333333333,0.3333333333333333,0.9722222222222222
2262,73575,DeSean Woods,Southern,0.0,0.25,0.14285714285714285,0.6666666666666666
2263,73576,Terrance Williams II,Michigan,0.0,0.2962962962962963,0.21739130434782608,0.9411764705882353
2264,73578,Lamar Oden Jr.,Drexel,1.0,0.5128205128205128,0.15789473684210525,0.8974358974358975
2265,73579,Tobias Rotegaard,Long Beach St.,1.0,0.75,0.8333333333333334,0.967741935483871
2266,73580,Jalen Cook,Tulane,0.0,0.14285714285714285,0.10526315789473684,0.45614035087719296
2267,73581,Zeb Jackson,VCU,0.6,0.4883720930232558,0.16666666666666666,0.8
2268,73584,Christian McCray,Alabama St.,0.0,0.0,0.2,0.5
2269,73586,John Mikey Square,Cal St. Fullerton,0.0,0.5238095238095238,0.5,0.0
2270,73588,Christian Turner,Troy,0.8333333333333334,0.5952380952380952,0.2,1.0
2271,73589,Sam Mennenga,Davidson,0.9444444444444444,0.5943396226415094,0.2826086956521739,1.0
2272,73590,Nicholas Boyd,Florida Atlantic,0.0,0.19047619047619047,0.0,0.6557377049180327
2273,73592,Tyler Patterson,Montana St.,0.0,1.0,0.875,0.9782608695652174
2274,73593,Touba Traore,Niagara,1.0,0.6666666666666666,0.0,0.0
2275,73594,Ray'Sean Taylor,SIU Edwardsville,0.3333333333333333,0.2641509433962264,0.047619047619047616,0.6515151515151515
2276,73595,Wendell Green Jr.,Auburn,0.0,0.25396825396825395,0.15384615384615385,0.4186046511627907
2277,73596,Trey Bonham,Florida,0.0,0.25,0.14285714285714285,0.4
2278,73597,Francesco Borra,UC Davis,0.0,1.0,0.6666666666666666,0.0
2279,73600,Dylan Branson,Southeast Missouri St.,0.0,0.3333333333333333,0.7777777777777778,1.0
2280,73605,DJ Nussbaum,VMI,0.0,0.6666666666666666,0.5,0.0
2281,73606,Bryce Johnson,Sacred Heart,0.6666666666666666,0.425531914893617,0.3333333333333333,1.0
2282,73607,Max Shulga,Utah St.,1.0,0.35,0.1,0.7884615384615384
2283,73609,Grant Nelson,North Dakota St.,0.4666666666666667,0.2672413793103448,0.14814814814814814,0.8
2284,73610,Isaiah Pope,Utah Tech,0.0,0.16666666666666666,0.07407407407407407,0.8260869565217391
2285,73611,Demaree King,Jacksonville St.,0.0,0.17391304347826086,0.12903225806451613,0.6206896551724138
2286,73614,Jaylin Jackson-Posey,Stephen F. Austin,0.0,0.2857142857142857,0.0,0.9
2287,73616,Jayson Kent,Indiana St.,1.0,0.7073170731707317,0.4,1.0
2288,73621,AJ McGinnis,Lipscomb,0.0,0.25,0.0,0.86
2289,73622,JaCobi Wood,Murray St.,0.0,0.40816326530612246,0.5,0.6363636363636364
2290,73623,Seny N'Diaye,USC Upstate,1.0,0.5,0.25,0.0
2291,73624,Andre Weir,Florida Gulf Coast,0.8421052631578947,0.5949367088607594,0.14285714285714285,0.8888888888888888
2292,73625,Kadary Richmond,Seton Hall,0.0,0.17647058823529413,0.07692307692307693,0.5625
2293,73626,Even Brauns,Belmont,0.972972972972973,0.7530864197530864,0.0,0.0
2294,73627,Cameron Sheffield,Rice,1.0,0.29411764705882354,0.0,0.9230769230769231
2295,73632,Hollman Smith,James Madison,0.0,0.0,0.0,1.0
2296,73633,Kendal Coleman,LSU,1.0,0.7222222222222222,1.0,0.0
2297,73635,Damaria Franklin,Memphis,1.0,0.6206896551724138,0.625,1.0
2298,73637,Andrew Wells,Eastern Michigan,0.0,0.0,0.0,0.0
2299,73638,Kerwin Walton,Texas Tech,1.0,0.75,0.3333333333333333,0.9130434782608695
2300,73640,Dwon Odom,Georgia St.,0.16666666666666666,0.1791044776119403,0.29850746268656714,0.3333333333333333
2301,73641,Edoardo Del Cadia,Nicholls St.,0.0,0.5263157894736842,0.0,1.0
2302,73642,Jhaylon Martinez,UC Riverside,1.0,0.625,0.5,1.0
2303,73643,Tre Coleman,Nevada,1.0,0.5757575757575758,0.2222222222222222,1.0
2304,73646,Marcus Williams,San Francisco,0.3333333333333333,0.21951219512195122,0.14285714285714285,0.6511627906976745
2305,73647,Ronald Polite III,George Mason,0.0,0.2807017543859649,0.15384615384615385,0.9375
2306,73654,Jake Lieppert,Rice,0.0,0.8,0.0,1.0
2307,73656,Mekhi Gray,NJIT,0.625,0.49019607843137253,0.08333333333333333,0.7857142857142857
2308,73657,Xavier Fuller,Northern Arizona,0.625,0.4383561643835616,0.37142857142857144,0.7368421052631579
2309,73659,Dalton Banks,Southern Illinois,0.5,0.4090909090909091,0.14285714285714285,0.6666666666666666
2310,73661,Andre Curbelo,St. John's,0.0,0.2692307692307692,0.25,0.8571428571428571
2311,73662,Kaleb Thornton,Northern Illinois,0.0,0.11627906976744186,0.0,0.5833333333333334
2312,73663,Will Pruitt,Lipscomb,0.0,0.47058823529411764,0.05555555555555555,0.7297297297297297
2313,73665,Bennett Kwiecinski,St. Thomas,0.0,0.0,0.5,0.0
2314,73672,Kamari Brown,Georgia Southern,0.7777777777777778,0.625,0.5,1.0
2315,73678,Charles Jones,Mississippi Valley St.,0.0,0.0,0.0,0.0
2316,73679,Corey Walker Jr.,South Florida,0.625,0.47619047619047616,0.3888888888888889,1.0
2317,73680,Darnell Brodie,Drake,1.0,0.5217391304347826,0.48484848484848486,1.0
2318,73681,Leon Ayers III,Bowling Green,0.8,0.37662337662337664,0.18181818181818182,0.8648648648648649
2319,73682,Rashad Smith,Idaho,0.0,0.22727272727272727,0.2857142857142857,0.8235294117647058
2320,73685,Tommaso Ferraresi,Sacred Heart,0.0,0.0,1.0,0.0
2321,73688,Montre' Gipson,Charlotte,0.0,0.2564102564102564,0.4666666666666667,0.9047619047619048
2322,73689,Jonathan Jackson,Liberty,0.0,0.0,0.0,1.0
2323,73690,Shahada Wells,TCU,0.75,0.6071428571428571,0.5,0.7368421052631579
2324,73691,Vladislav Goldin,Florida Atlantic,0.9166666666666666,0.6076923076923076,0.5454545454545454,0.0
2325,73692,Seryee Lewis,Rice,1.0,0.75,0.6,0.0
2326,73694,Dylan Brougham,Nebraska Omaha,0.9090909090909091,0.723404255319149,0.3333333333333333,0.0
2327,73696,Rongie Gordon,UAB,0.0,1.0,0.0,0.0
2328,73697,Caleb Lohner,Baylor,1.0,0.7575757575757576,0.0,1.0
2329,73698,Otis Frazier III,UTEP,0.75,0.4791666666666667,0.3,1.0
2330,73699,Kaleb Scott,Georgia St.,0.6666666666666666,0.6190476190476191,0.5454545454545454,0.0
2331,73700,Nana Antwi-Boasiako,Stephen F. Austin,0.9047619047619048,0.8157894736842105,0.7692307692307693,1.0
2332,73701,Isaac Lindsey,Wisconsin,0.0,0.5,0.0,0.625
2333,73702,Nick Gazelas,Montana St.,0.0,1.0,0.4,1.0
2334,73703,Jaden Quinerly,Alabama,0.0,0.0,0.0,0.0
2335,73706,Jay Pal,Campbell,0.7241379310344828,0.46938775510204084,0.05555555555555555,0.92
2336,73709,Jordan Wilmore,Northwestern St.,0.8,0.6666666666666666,1.0,0.0
2337,73710,Jalen Finch,Georgia Southern,0.0,0.044444444444444446,0.0,0.5517241379310345
2338,73711,Kevin Osawe,NJIT,1.0,0.4142857142857143,0.3389830508474576,0.8
2339,73713,Marcellus Brigham Jr.,Jacksonville St.,0.5,0.3333333333333333,0.5714285714285714,0.5555555555555556
2340,73714,Jacob Ognacevic,Lipscomb,0.782608695652174,0.582089552238806,0.2926829268292683,0.8846153846153846
2341,73716,Brandon Angel,Stanford,0.8571428571428571,0.49056603773584906,0.27586206896551724,0.9666666666666667
2342,73717,Sheldon Edwards,Loyola Chicago,0.5,0.375,0.18181818181818182,0.7777777777777778
2343,73718,Gediminas Mokseckas,Campbell,0.0,0.4666666666666667,0.4,0.9375
2344,73720,Kobe Williamson,Seattle,1.0,0.5,0.6666666666666666,1.0
2345,73722,Justin Amadi,James Madison,0.8666666666666667,0.6862745098039216,0.6666666666666666,0.0
2346,73726,Daylan Hamilton,IU Indy,0.0,0.0,0.06666666666666667,0.125
2347,73727,Pierce Spencer,Nicholls St.,0.0,0.21428571428571427,0.3,0.8421052631578947
2348,73730,Isaiah Richards,Louisiana,1.0,0.45454545454545453,0.0,0.0
2349,73731,Quinn Strander,Nicholls St.,0.0,0.0,0.0,0.0
2350,73735,Mylyjael Poteat,Virginia Tech,1.0,0.9259259259259259,0.5714285714285714,0.0
2351,73737,Tommy Murr,Lipscomb,0.0,0.3076923076923077,0.0,0.7
2352,73739,Vuk Vulikic,UC San Diego,0.0,1.0,1.0,1.0
2353,73741,Ileri Ayo-Faleye,Vermont,1.0,0.8,0.25,1.0
2354,73746,Szymon Zapala,Utah St.,1.0,0.5,1.0,0.0
2355,73747,Reece Brown,Howard,0.0,0.5,0.0,0.0
2356,73748,William Dunn,Youngstown St.,0.0,0.5,1.0,1.0
2357,73753,Kenny White Jr.,Murray St.,0.75,0.2857142857142857,0.0,0.7333333333333333
2358,73754,Carvell Teasett,Appalachian St.,0.0,0.0,0.0,0.7142857142857143
2359,73757,Nick Carlson,Cal Poly,0.0,0.0,1.0,0.0
2360,73758,Austin Harvell,Alabama A&M,0.6,0.3333333333333333,1.0,1.0
2361,73759,Zion Styles,Maryland Eastern Shore,0.40625,0.4117647058823529,0.10526315789473684,0.8148148148148148
2362,73760,Kiyron Powell,Southern Indiana,1.0,0.8333333333333334,0.8571428571428571,0.0
2363,73761,Jayden Stone,Detroit Mercy,0.5,0.2777777777777778,0.3333333333333333,0.7777777777777778
2364,73762,Daniel Batcho,Texas Tech,0.7857142857142857,0.6557377049180327,0.8,1.0
2365,73764,Tibet Gorener,San Jose St.,1.0,0.5555555555555556,0.0,0.9622641509433962
2366,73765,Azuolas Tubelis,Arizona,0.7727272727272727,0.7253886010362695,0.5774647887323944,1.0
2367,73766,Max Klesmit,Wisconsin,0.0,0.3448275862068966,0.1875,0.8260869565217391
2368,73767,Sam Godwin,Oklahoma,0.8214285714285714,0.7213114754098361,0.3333333333333333,0.0
2369,73768,Nick Pringle,Alabama,0.8518518518518519,0.7291666666666666,0.0,0.0
2370,73769,Tautvilas Tubelis,Arizona,0.0,0.0,0.0,0.0
2371,73770,Kerr Kriisa,Arizona,0.0,0.125,0.16666666666666666,0.6867469879518072
2372,73772,Keondre Montgomery,Alcorn St.,1.0,0.5,0.4444444444444444,0.84375
2373,73773,Lachlan Bofinger,UTSA,0.0,0.4,1.0,0.0
2374,73776,Kyler Filewich,Wofford,0.6,0.547945205479452,0.25,0.0
2375,73778,Luke Kasubke,Illinois St.,0.0,0.2,0.25,0.9230769230769231
2376,73780,Myles Tate,Butler,0.0,0.4,0.14285714285714285,0.8571428571428571
2377,73782,Kareem Watkins,Kentucky,0.0,0.0,0.0,0.0
2378,73784,Colby Brooks,Gonzaga,0.0,0.4,0.0,0.0
2379,73785,Abe Eagle,Gonzaga,0.0,0.0,0.0,0.0
2380,73787,Dominick Harris,Gonzaga,0.0,0.0,0.0,0.5
2381,73788,Nimari Burnett,Alabama,1.0,0.4444444444444444,0.0,0.8518518518518519
2382,73789,Devin Butler,VMI,0.0,0.5,0.0,0.875
2383,73790,RJ Davis,North Carolina,0.0,0.22,0.10606060606060606,0.49206349206349204
2384,73792,Justin Powell,Washington St.,0.0,0.25,0.1,0.8333333333333334
2385,73794,Devon Hancock,Louisiana Monroe,0.0,0.4,0.4,0.8571428571428571
2386,73795,C.J. Wilcher,Nebraska,0.5,0.5128205128205128,0.2857142857142857,0.9285714285714286
2387,73796,Dylan Cardwell,Auburn,0.8571428571428571,0.6923076923076923,0.5,0.0
2388,73797,Alex Merkviladze,Loyola Marymount,0.0,0.24242424242424243,0.2857142857142857,0.9230769230769231
2389,73800,Atin Wright,Cal St. Northridge,0.0,0.3333333333333333,0.1044776119402985,0.5932203389830508
2390,73801,Isiah Warfield,Liberty,1.0,0.55,0.6,1.0
2391,73802,Dericko Williams,Old Dominion,0.7142857142857143,0.4782608695652174,0.8666666666666667,0.0
2392,73803,Jake Cook,LIU,1.0,0.8,0.6666666666666666,1.0
2393,73805,Jeff Woodward,Colgate,0.875,0.5487804878048781,0.36363636363636365,0.0
2394,73806,Kyle Jenkins,Lafayette,0.875,0.7108433734939759,0.5,0.875
2395,73807,Ryan Zambie,Lafayette,0.0,0.36363636363636365,0.3333333333333333,1.0
2396,73808,Mikeal Brown-Jones,UNC Greensboro,0.9310344827586207,0.7283950617283951,0.5882352941176471,1.0
2397,73810,Sam Thomson,Colgate,1.0,0.75,0.6428571428571429,1.0
2398,73811,Ronnie DeGray III,Missouri,0.0,0.5,1.0,1.0
2399,73812,Frantisek Barton,Mount St. Mary's,1.0,0.6842105263157895,0.8888888888888888,0.0
2400,73813,Winston Moore,Mount St. Mary's,0.0,0.0,0.0,0.0
2401,73814,Adrian Baldwin Jr.,VCU,0.0,0.07317073170731707,0.08695652173913043,0.6052631578947368
2402,73815,Jon Brantley,Lafayette,0.0,0.0,0.0,0.6666666666666666
2403,73818,Deuce Turner,San Diego,1.0,0.38095238095238093,0.16666666666666666,0.625
2404,73819,Josh Reaves,Mount St. Mary's,0.0,1.0,0.0,1.0
2405,73820,Quinton Mincey,UMass Lowell,0.5,0.18181818181818182,0.5,1.0
2406,73821,Dyondre Dominguez,Massachusetts,0.9090909090909091,0.6792452830188679,0.6666666666666666,1.0
2407,73825,Amir Nesbitt,Hampton,0.0,0.3333333333333333,0.25,0.9473684210526315
2408,73826,Albe Evans,Fordham,0.0,0.0,0.0,0.0
2409,73828,Josh Adoh,Bucknell,0.0,0.08333333333333333,0.5714285714285714,0.8125
2410,73829,Andre Screen,Bucknell,0.8275862068965517,0.5684210526315789,0.29411764705882354,0.0
2411,73830,Dakota Leffew,Mount St. Mary's,0.8,0.45652173913043476,0.19230769230769232,0.8285714285714286
2412,73831,Kaodirichi Akobundu-Ehiogu,Memphis,0.9473684210526315,0.896551724137931,0.5,0.0
2413,73833,Alex Capitano,Colgate,0.0,0.3333333333333333,1.0,1.0
2414,73838,Louth-M Coulibaly,Holy Cross,0.0,0.6,0.0,0.0
2415,73839,Judson Martindale,Pacific,0.75,0.45454545454545453,0.5,0.8928571428571429
2416,73840,Caelan Jones,Boston University,0.0,0.3333333333333333,0.3333333333333333,0.8823529411764706
2417,73841,Miles Brewster,Boston University,1.0,0.2571428571428571,0.6666666666666666,0.8666666666666667
2418,73842,Anthony Morales,Boston University,0.25,0.2222222222222222,0.0,0.75
2419,73843,Jalin Sinclair,Lehigh,0.0,0.0,0.0,0.6923076923076923
2420,73844,RJ Johnson,Charleston Southern,0.0,0.2727272727272727,0.09090909090909091,0.8888888888888888
2421,73845,Bo Montgomery,Holy Cross,0.375,0.10344827586206896,0.1282051282051282,0.9393939393939394
2422,73846,Michael Rabinovich,Holy Cross,0.0,0.5,0.0,0.0
2423,73847,Colin Smalls,American,0.5,0.2777777777777778,0.29411764705882354,0.5333333333333333
2424,73849,Johnny O'Neil,American,0.75,0.6097560975609756,0.19047619047619047,0.8666666666666667
2425,73850,Matt Rogers,American,0.8780487804878049,0.7457627118644068,0.45454545454545453,0.95
2426,73852,Chris Gleaton,American,0.0,1.0,0.0,0.0
2427,73853,Najee Thomas,Hampton,0.6666666666666666,0.75,0.8571428571428571,0.0
2428,73854,Jalen Rucker,Army,0.0,0.21505376344086022,0.11320754716981132,0.782608695652174
2429,73855,Eric Sondberg,Lafayette,1.0,0.5,0.0,1.0
2430,73856,Abe Johnson,Army,1.0,0.7027027027027027,0.3333333333333333,0.0
2431,73866,Charlie Peterson,Army,1.0,0.6555555555555556,0.5454545454545454,0.0
2432,73867,Jared Cross,Army,0.0,0.47368421052631576,0.0,1.0
2433,73871,Nigel Scantlebury,Central Connecticut,0.0,0.0625,0.10526315789473684,0.6486486486486487
2434,73872,Jamir Watkins,VCU,0.7647058823529411,0.38333333333333336,0.5384615384615384,0.8888888888888888
2435,73877,Alonso Faure,Loyola MD,0.9473684210526315,0.7605633802816901,0.5263157894736842,1.0
2436,73879,Matt Dove,Army,0.8181818181818182,0.7368421052631579,0.0,0.0
2437,73881,JT Tan,Lehigh,0.0,0.4375,0.2857142857142857,0.0
2438,73883,Quadry Adams,Sacramento St.,0.8333333333333334,0.47058823529411764,0.2,1.0
2439,73885,Dominic Parolin,Lehigh,1.0,0.68,0.625,0.0
2440,73888,Jayshen Saigal,Lehigh,0.0,0.0,0.0,1.0
2441,73889,Emmanuel Okpomo,Temple,0.0,0.8,0.0,0.0
2442,73890,Lorenzo Donadio,American,0.0,0.5294117647058824,0.18181818181818182,1.0
2443,73891,Josh Banks,VCU,1.0,0.6666666666666666,0.0,1.0
2444,74024,Floyd Rideau Jr.,USC Upstate,0.5,0.16666666666666666,0.2,0.8
2445,74059,Joirdon Karl Nicholas,Texas Southern,0.8,0.58,0.35294117647058826,0.0
2446,74060,Latavian Lawrence,South Carolina St.,1.0,0.625,0.75,0.8181818181818182
2447,74063,Dylan Penn,Vermont,0.5,0.24050632911392406,0.10256410256410256,0.9473684210526315
2448,74064,Garrett Tipton,Bellarmine,1.0,0.35185185185185186,0.2,1.0
2449,74066,Alec Pfriem,Bellarmine,0.0,0.7045454545454546,0.5454545454545454,1.0
2450,74068,Jamille Reynolds,Temple,0.7916666666666666,0.7068965517241379,0.3235294117647059,1.0
2451,74069,Isaiah Adams,Buffalo,0.8,0.4186046511627907,0.27586206896551724,0.9649122807017544
2452,74071,Malik Edmead,Albany,0.0,0.1111111111111111,0.1,0.6
2453,74073,Nick Thelen,Bellarmine,0.0,0.0,0.0,0.0
2454,74077,Bash Wieland,Bellarmine,0.0,0.6153846153846154,0.3333333333333333,1.0
2455,74080,Themus Fulks,Louisiana,0.0,0.09090909090909091,0.0,0.6153846153846154
2456,74086,Vuk Stevanic,Western Illinois,0.0,0.46153846153846156,0.6,1.0
2457,74091,Dallas James,South Carolina St.,1.0,0.3333333333333333,0.4,0.0
2458,74096,DeLonnie Hunt,Wagner,0.0,0.2127659574468085,0.17391304347826086,0.6896551724137931
2459,74099,Zahree Harrison,Saint Francis,0.0,0.0,0.0,0.0
2460,74100,Ronell Giles Jr.,Saint Francis,0.0,0.07692307692307693,0.0,0.6086956521739131
2461,74101,Maxwell Land,Saint Francis,0.5,0.5116279069767442,0.25,0.875
2462,74107,Quoiren Waldon,Mississippi Valley St.,0.0,0.5,1.0,0.0
2463,74112,Jalani Bell,Jackson St.,0.0,0.0,0.0,1.0
2464,74114,Joe Octave,Holy Cross,0.0,0.4426229508196721,0.09090909090909091,0.8571428571428571
2465,74115,Glen McClintock,Northeastern,0.0,0.2,0.2222222222222222,0.8125
2466,74126,Jadan Coleman,Tulane,0.0,0.4,0.0,0.8235294117647058
2467,74127,Sion James,Tulane,0.5909090909090909,0.5068493150684932,0.0,0.8846153846153846
2468,74132,Ronald Williams,Mississippi Valley St.,0.0,0.0,0.0,0.0
2469,74134,Terry Collins,Mississippi Valley St.,0.0,0.25806451612903225,0.2857142857142857,0.65
2470,74135,Devin Gordon,North Carolina Central,0.0,0.3333333333333333,0.5,1.0
2471,74137,Kam'ron Blue,Coppin St.,0.875,0.6785714285714286,0.6666666666666666,0.875
2472,74149,Darryl Jordan,Alcorn St.,0.0,0.4,0.0,0.0
2473,74150,Dallas Howell,North Alabama,1.0,0.2727272727272727,0.25,0.9361702127659575
2474,74151,David McDaniel,Jackson St.,0.0,0.0,0.0,0.0
2475,74165,Austin Patterson,Sacramento St.,0.0,0.3333333333333333,0.4,0.96
2476,74169,Ty Harper,Eastern Washington,0.0,0.0,0.0,0.7142857142857143
2477,74184,Chad Venning,St. Bonaventure,0.8571428571428571,0.6694214876033058,0.49019607843137253,0.0
2478,74185,Reese Dixon-Waters,USC,0.4,0.4117647058823529,0.3409090909090909,0.8333333333333334
2479,74186,Ben Gregg,Gonzaga,0.0,0.47368421052631576,1.0,0.9090909090909091
2480,74187,Mustapha Amzil,Dayton,1.0,0.5517241379310345,0.5172413793103449,0.9555555555555556
2481,74188,Babacar Diallo,UMKC,1.0,0.20833333333333334,0.14285714285714285,0.5
2482,74189,James Graham,Missouri St.,1.0,0.5,0.0,0.8695652173913043
2483,74190,Carter Whitt,Furman,0.0,0.2,0.25,0.9090909090909091
2484,74192,Meechie Johnson Jr.,South Carolina,0.0,0.07692307692307693,0.058823529411764705,0.7571428571428571
2485,74196,Isaiah Folkes,Charlotte,0.7142857142857143,0.4576271186440678,0.18181818181818182,0.8888888888888888
2486,74200,Charlie Yoder,Incarnate Word,0.0,0.42857142857142855,0.3333333333333333,1.0
2487,74203,Franck Kepnang,Washington,0.46153846153846156,0.47058823529411764,0.2727272727272727,0.0
2488,74204,Keon Edwards,Milwaukee,0.0,0.0,0.0,1.0
2489,74206,Tre-Vaughn Minott,South Carolina,1.0,1.0,0.0,0.0
2490,74212,Sadaidriene Hall,Stephen F. Austin,0.8,0.6530612244897959,0.21621621621621623,1.0
2491,74215,Jordan Nesbitt,Hampton,0.3333333333333333,0.1095890410958904,0.10256410256410256,0.5116279069767442
2492,74216,Quinn Pemberton,Boston College,0.0,0.0,0.0,0.0
2493,74217,David Jones,St. John's,0.625,0.2413793103448276,0.16,0.6923076923076923
2494,74218,Mac Etienne,UCLA,1.0,0.42857142857142855,0.3333333333333333,0.0
2495,74221,Lysander Rehnstrom,Navy,0.0,0.0,0.0,1.0
2496,74222,Trey James,Robert Morris,1.0,1.0,0.0,0.0
2497,74225,Brian Geatens,Saint Joseph's,0.0,0.0,0.0,0.0
2498,74226,Chris Arizin,Saint Joseph's,0.0,0.0,0.0,0.0
2499,74229,Trey Patterson,Villanova,0.0,0.5,0.0,0.0
2500,74234,Stephan Swenson,Stetson,0.0,0.0,0.0,0.5588235294117647
2501,74256,A'Jahni Levias,North Dakota,0.0,0.4375,0.0,0.9090909090909091
2502,74257,Reid Grant,North Dakota,0.0,0.0,0.0,1.0
2503,74258,Paul Bruns,South Dakota,0.0,0.6842105263157895,0.07692307692307693,0.8333333333333334
2504,74261,Remy Lemovou,Lindenwood,0.5,0.4166666666666667,0.5,0.0
2505,74262,Daniel Titus,Coppin St.,0.4,0.2222222222222222,0.6666666666666666,0.9090909090909091
2506,74263,Alex Rojas,Coppin St.,0.0,0.6666666666666666,1.0,0.88
2507,74264,Amar Augillard,Georgia Southern,0.0,0.5,0.0,0.5
2508,74268,KJ Jenkins,New Mexico,0.0,0.38461538461538464,0.3333333333333333,0.9787234042553191
2509,74270,Ethan Price,Eastern Washington,0.8,0.7323943661971831,0.6,1.0
2510,74271,Anouar Mellouk,St. Bonaventure,0.5,0.5714285714285714,0.625,1.0
2511,74272,Joryam Saizonou,UNC Greensboro,0.0,0.5714285714285714,0.0,0.7777777777777778
2512,74274,Justin Ndjock-Tadjore,St. Bonaventure,0.0,0.0,0.0,0.0
2513,74277,Luka Savicevic,Eastern Michigan,0.0,0.5,0.0,1.0
2514,74279,Mo Njie,SMU,0.4,0.5555555555555556,0.7142857142857143,0.0
2515,74280,Jalin Billingsley,Eastern Michigan,0.5,0.4666666666666667,0.6153846153846154,1.0
2516,74281,Tyler Beard,Pacific,0.0,0.25925925925925924,0.13043478260869565,0.5714285714285714
2517,74282,David Shriver,VCU,0.0,0.6666666666666666,0.5454545454545454,0.95
2518,74283,Jake Koverman,High Point,0.0,1.0,0.0,1.0
2519,74285,Kurtis Henderson,Hartford,0.0,0.5,0.14814814814814814,0.6176470588235294
2520,74288,Brock Williams,High Point,0.0,0.2631578947368421,0.0,1.0
2521,74289,Dean Wang,Drexel,0.0,1.0,0.0,0.0
2522,74291,Felix Kloman,Brown,0.0,0.6,0.6666666666666666,1.0
2523,74292,Kimo Ferrari,Brown,0.0,0.16666666666666666,0.25,1.0
2524,74293,Malachi Ndur,Brown,0.0,0.8571428571428571,1.0,1.0
2525,74297,Dola Adebayo,Mount St. Mary's,1.0,0.6363636363636364,1.0,1.0
2526,74298,Frankie Collins,Arizona St.,0.5,0.1891891891891892,0.1111111111111111,0.56
2527,74300,Isaiah Barnes,Michigan,0.0,0.0,0.0,0.5
2528,74302,Ian Burns,Michigan,0.0,0.0,0.0,0.0
2529,74303,Jedy Cordilia,Mount St. Mary's,1.0,0.6721311475409836,0.5925925925925926,1.0
2530,74305,Manny Littles,Nicholls St.,1.0,0.5957446808510638,0.4444444444444444,1.0
2531,74306,Qua Grant,Sam Houston St.,0.0,0.10975609756097561,0.0,0.5111111111111111
2532,74309,Sydney Curry,Louisville,0.0,0.4727272727272727,0.3333333333333333,0.0
2533,74310,El Ellis,Louisville,0.0,0.08235294117647059,0.06666666666666667,0.4915254237288136
2534,74312,Alex Jackson,Loyola MD,0.0,0.0,0.0,0.0
2535,74315,Justice Ajogbor,Harvard,0.9545454545454546,0.8113207547169812,0.3888888888888889,0.0
2536,74318,Carson Brown,Jacksonville,0.0,0.0,0.0,1.0
2537,74319,Kaleb Edwards,IU Indy,0.0,0.0,0.0,0.0
2538,74320,Brandin Podziemski,Santa Clara,0.14285714285714285,0.26666666666666666,0.20967741935483872,0.575
2539,74321,Gyasi Powell,Jacksonville,0.0,0.38461538461538464,0.20689655172413793,0.7142857142857143
2540,74322,Ethan Speaker,Little Rock,1.0,0.5151515151515151,0.6666666666666666,1.0
2541,74325,Chuks Isitua,Fresno St.,0.0,1.0,0.0,0.0
2542,74326,Matthew Gonzalez,St. Francis NY,0.0,0.0,0.0,1.0
2543,74329,Cameron Butler,North Carolina Central,1.0,0.625,1.0,0.0
2544,74331,Ryan Mutombo,Georgetown,0.0,0.2,0.5,0.0
2545,74334,Jordan Riley,Georgetown,0.3333333333333333,0.35,0.26666666666666666,0.8333333333333334
2546,74335,James White,Mississippi,0.8333333333333334,0.44,0.42105263157894735,1.0
2547,74336,Daeshun Ruffin,Mississippi,0.0,0.05555555555555555,0.16666666666666666,0.5833333333333334
2548,74337,Eric Van Der Heijden,UNC Wilmington,0.0,0.0,0.0,0.6666666666666666
2549,74339,Jalen Haynes,East Tennessee St.,0.7,0.4126984126984127,0.37142857142857144,1.0
2550,74340,Camden Johnson,Virginia Tech,0.0,0.0,0.0,0.0
2551,74341,Sean Pedulla,Virginia Tech,0.0,0.16666666666666666,0.075,0.5970149253731343
2552,74342,Gianni Thompson,Massachusetts,0.0,0.25,0.0,0.0
2553,74344,Grant Slatten,Tennessee Tech,1.0,0.6190476190476191,0.3333333333333333,1.0
2554,74346,Ubong Abasi Etim,Bowling Green,1.0,0.6666666666666666,0.0,0.0
2555,74347,Terence Harcum,Appalachian St.,0.0,0.1388888888888889,0.15384615384615385,0.8035714285714286
2556,74349,Cade Arbogast,Arkansas,0.0,0.0,0.0,1.0
2557,74350,Chance Moore,Missouri St.,0.6,0.4,0.2727272727272727,0.7446808510638298
2558,74351,Elijah Hutchins-Everett,Austin Peay,0.5,0.49206349206349204,0.631578947368421,1.0
2559,74352,Drew Calderon,Austin Peay,0.0,0.16666666666666666,0.0,1.0
2560,74353,Lawson Blake,Arkansas,0.0,0.5,0.0,0.0
2561,74354,Sione Lose,UC Davis,0.0,0.14285714285714285,0.5,1.0
2562,74365,Tylor Perry,North Texas,0.0,0.3103448275862069,0.058823529411764705,0.5765765765765766
2563,74366,Will Thomas,Morgan St.,1.0,0.5,0.4594594594594595,1.0
2564,74367,Collin Nnamene,Morgan St.,1.0,0.5714285714285714,0.3333333333333333,0.0
2565,74368,Alvin Tumblin,Stetson,0.6666666666666666,0.5294117647058824,0.25,1.0
2566,74372,Aubin Gateretse,Stetson,1.0,0.7777777777777778,0.5,0.0
2567,74375,Walter Clayton Jr.,Iona,0.7142857142857143,0.38596491228070173,0.16981132075471697,0.75
2568,74376,Simon Wilbar,Holy Cross,0.0,0.6,0.3333333333333333,1.0
2569,74380,Miles Stewart,Howard,0.0,0.625,1.0,1.0
2570,74381,Daeshon Shepherd,La Salle,0.8,0.5833333333333334,0.3076923076923077,1.0
2571,74382,Bryce Harris,Howard,0.8125,0.6779661016949152,0.5454545454545454,1.0
2572,74383,Luke Goode,Illinois,0.0,0.25,0.6666666666666666,0.75
2573,74385,Will Smythe,Loyola Chicago,0.0,0.0,1.0,0.0
2574,74386,Elijah Hawkins,Howard,0.0,0.12195121951219512,0.041666666666666664,0.5918367346938775
2575,74387,Andres Marrero,La Salle,0.0,0.5,0.6666666666666666,0.8571428571428571
2576,74388,Logan Landers,Grand Canyon,0.0,0.0,0.0,1.0
2577,74389,Ty Johnson,UC Davis,0.75,0.23170731707317074,0.07894736842105263,0.8333333333333334
2578,74393,Jaylen Murray,Saint Peter's,0.0,0.1,0.061224489795918366,0.6136363636363636
2579,74396,Olumide Adelodun,Ohio,0.0,0.0,0.0,0.6666666666666666
2580,74397,Preston Phillips,Evansville,0.8333333333333334,0.5333333333333333,0.3333333333333333,1.0
2581,74398,Tyler Powell,Nevada,0.0,0.3,0.0,0.9285714285714286
2582,74399,Javian McCollum,Siena,0.0,0.08823529411764706,0.14,0.46153846153846156
2583,74400,Jared Billups,Siena,0.8181818181818182,0.5,0.17647058823529413,1.0
2584,74401,Alex Anderson,Alabama St.,0.0,0.12,0.0,0.42857142857142855
2585,74404,Tyler Shirley,South Alabama,0.0,0.25,0.0,1.0
2586,74405,Tahj Staveskie,Canisius,0.0,0.35714285714285715,0.18181818181818182,0.7441860465116279
2587,74406,Keaton Kutcher,South Dakota,0.0,0.0,0.5,1.0
2588,74408,Primo Spears,Georgetown,0.0,0.11320754716981132,0.03508771929824561,0.5555555555555556
2589,74409,Amondo Miller Jr.,Colorado,0.0,0.0,0.0,0.0
2590,74410,Robert Vaihola,San Jose St.,0.0,0.6224489795918368,0.5,0.0
2591,74411,RJ Walker,Idaho,0.0,0.0,0.0,0.0
2592,74412,Yusef Salih,Idaho,0.0,0.3333333333333333,0.42857142857142855,0.9545454545454546
2593,74415,Antrell Charlton,Fordham,0.0,0.29411764705882354,0.23255813953488372,0.84
2594,74416,Jack Hatten,Idaho,0.0,0.0,0.0,1.0
2595,74417,Rostyslav Novitskyi,Fordham,0.75,0.5972222222222222,0.25,1.0
2596,74419,Denham Wojcik,Harvard,0.0,0.5,0.0,0.0
2597,74421,Jalen Blackmon,Stetson,0.8,0.30952380952380953,0.13333333333333333,0.7878787878787878
2598,74422,Kobe Knox,Grand Canyon,0.7142857142857143,0.37037037037037035,0.0,0.9
2599,74423,Kamari McGee,Wisconsin,0.0,0.14285714285714285,0.0,1.0
2600,74424,Isaiah Shaw,Grand Canyon,0.0,0.0,0.0,1.0
2601,74425,Brayden Dailey,Green Bay,0.0,0.0,0.0,0.0
2602,74426,Cade Meyer,Green Bay,1.0,0.6363636363636364,0.41935483870967744,1.0
2603,74427,Louis Lesmond,Harvard,0.0,1.0,0.6666666666666666,1.0
2604,74428,Tyler Simon,Harvard,0.0,0.5,0.6666666666666666,1.0
2605,74429,DeeJuan Pruitt,SIU Edwardsville,0.8571428571428571,0.6388888888888888,0.7,1.0
2606,74434,Kyree Brown,New Hampshire,0.0,0.125,0.08,0.6666666666666666
2607,74435,DJ Patrick,South Florida,0.0,0.0,0.0,0.0
2608,74436,Souleymane Doumbia,TCU,1.0,0.7142857142857143,0.0,0.0
2609,74437,Connor Christensen,Dartmouth,0.0,0.0,0.0,1.0
2610,74439,Ryan Cornish,Dartmouth,0.0,0.16666666666666666,0.041666666666666664,0.6756756756756757
2611,74440,Romeo Myrthil,Dartmouth,0.0,0.5,0.0,1.0
2612,74441,Cade Haskins,Dartmouth,0.0,1.0,0.5,0.8
2613,74442,Di'Andre Howell-South,St. Francis NY,0.0,0.2222222222222222,0.4444444444444444,1.0
2614,74444,Chris Daniels,North Carolina Central,0.0,0.0,0.0,0.0
2615,74445,RJ Noord,Elon,0.0,0.5,0.3333333333333333,0.5
2616,74446,Casey Jones,Eastern Washington,0.6666666666666666,0.3684210526315789,0.5,0.95
2617,74447,Harrison Ingram,Stanford,0.5714285714285714,0.21153846153846154,0.1388888888888889,0.6666666666666666
2618,74448,Maxime Raynaud,Stanford,0.8,0.5853658536585366,0.6470588235294118,0.9166666666666666
2619,74450,Sam Sherry,Elon,0.8235294117647058,0.6301369863013698,0.44,1.0
2620,74452,Adam Larson,Southeast Missouri St.,1.0,0.8181818181818182,0.75,1.0
2621,74453,Makai Richards,Pacific,0.0,0.75,1.0,0.0
2622,74454,Dale Bonner,Baylor,0.2,0.09523809523809523,0.5,0.9375
2623,74455,Jordan Hawkins,Connecticut,0.6666666666666666,0.42857142857142855,0.25,0.8990825688073395
2624,74456,Rahsool Diggins,Massachusetts,0.0,0.21052631578947367,0.14285714285714285,0.55
2625,74457,Jorell Saterfield,Portland St.,1.0,0.6666666666666666,0.4838709677419355,0.9166666666666666
2626,74458,Bonke Maring,Houston Christian,0.7857142857142857,0.628099173553719,0.44,1.0
2627,74459,Justin Harmon,Utah Valley,0.46153846153846156,0.37623762376237624,0.18604651162790697,0.8064516129032258
2628,74461,Marshall Kearing,South Alabama,1.0,0.6666666666666666,0.4166666666666667,1.0
2629,74462,Brandon Weston,Rhode Island,1.0,0.4583333333333333,0.2,0.8888888888888888
2630,74464,Erik Oliver,Tennessee Tech,0.0,0.3333333333333333,0.3157894736842105,0.95
2631,74465,Parsa Fallah,Southern Utah,0.75,0.25,0.6666666666666666,0.0
2632,74468,Niko Ruffin,Syracuse,0.0,0.0,0.0,0.0
2633,74469,Zakai Zeigler,Tennessee,0.0,0.21052631578947367,0.25,0.7647058823529411
2634,74471,Mouhamed Sow,Saint Peter's,0.6666666666666666,0.6444444444444445,0.5,1.0
2635,74472,Clarence Rupert,Southern Illinois,0.75,0.7671232876712328,0.0,1.0
2636,74475,Ariel Bland,UC Santa Barbara,0.0,0.0,0.0,0.0
2637,74476,Ajay Mitchell,UC Santa Barbara,1.0,0.13445378151260504,0.12727272727272726,0.7894736842105263
2638,74478,Mitch Fischer,Navy,0.0,0.5,0.0,0.0
2639,74480,Marchelus Avery,New Mexico St.,0.8333333333333334,0.38095238095238093,0.2857142857142857,0.631578947368421
2640,74481,Shakiru Odunewu,New Mexico St.,0.0,0.5,0.0,0.0
2641,74483,Cole Anderson,UC Santa Barbara,0.0,0.6666666666666666,0.5,0.9347826086956522
2642,74485,Atiki Ally Atiki,BYU,0.8,0.64,0.6875,0.0
2643,74487,Trey Stewart,BYU,0.0,0.2857142857142857,0.0,0.75
2644,74489,Javon Small,East Carolina,0.75,0.3448275862068966,0.0,0.3333333333333333
2645,74490,RJ Felton,East Carolina,0.625,0.42857142857142855,0.34375,0.90625
2646,74492,Tay Mosher,Bryant,0.0,1.0,0.0,1.0
2647,74494,Christian Wright,Oregon St.,0.0,0.14285714285714285,0.0,1.0
2648,74495,Cam McDowell,Jacksonville St.,0.0,0.5,0.0,0.0
2649,74496,Alexis Reyes,Quinnipiac,0.0,0.36363636363636365,0.5,1.0
2650,74497,Andy Barba,Duquesne,0.0,0.0,0.0,0.0
2651,74500,David Kamwanga,Tennessee Martin,0.0,1.0,1.0,0.0
2652,74503,Dylan Pumpian,Tennessee Martin,0.0,0.0,0.0,0.0
2653,74506,Anders Nelson,William & Mary,0.0,0.03225806451612903,0.047619047619047616,0.76
2654,74507,Parker Bjorklund,St. Thomas,0.36363636363636365,0.41935483870967744,0.39215686274509803,0.9333333333333333
2655,74508,Riley Miller,St. Thomas,0.0,0.36363636363636365,0.16666666666666666,0.6753246753246753
2656,74509,Nate Barnhart,Wyoming,0.8,0.6923076923076923,0.6666666666666666,1.0
2657,74510,Ben Bowen,Denver,0.0,0.16666666666666666,0.0,1.0
2658,74511,Trazarien White,UNC Wilmington,0.6923076923076923,0.3493975903614458,0.14814814814814814,0.95
2659,74512,Jamarii Thomas,UNC Wilmington,0.6666666666666666,0.2903225806451613,0.0,0.8421052631578947
2660,74513,Jalen Breath,UNC Greensboro,0.0,0.6363636363636364,1.0,0.0
2661,74515,Dean Gabrelcik,UNC Asheville,0.0,0.0,0.0,0.75
2662,74516,Yaw Obeng-Mensah,UMBC,0.7692307692307693,0.5,0.46153846153846156,1.0
2663,74517,Nika Metskhvarishvili,Louisiana Monroe,0.0,0.5,0.0,1.0
2664,74519,Josh Baker,Grand Canyon,0.0,0.3684210526315789,0.3333333333333333,0.6451612903225806
2665,74520,Khamari McGriff,UNC Wilmington,1.0,0.6,0.0,0.0
2666,74521,Jarius Hicklen,North Florida,0.0,0.058823529411764705,0.0,0.5844155844155844
2667,74522,Max Hrdlicka,North Florida,0.0,0.0,0.0,1.0
2668,74523,Brandon Rasmussen,North Florida,0.0,0.0,0.0,0.0
2669,74524,Darrius Washington,New Orleans,0.0,0.6,0.3333333333333333,0.0
2670,74525,To Randriasalama,Northeastern,0.0,0.5,0.0,0.0
2671,74527,Will Tschetter,Michigan,0.0,0.5,0.6666666666666666,1.0
2672,74528,A.J. Lopez,New Hampshire,0.0,0.0,0.0,0.6
2673,74529,Jamond Vincent,New Orleans,0.5625,0.39655172413793105,0.5,1.0
2674,74530,Dontrez Styles,North Carolina,1.0,1.0,0.0,1.0
2675,74531,Ben Ackerley,Arizona,0.0,0.0,0.0,0.0
2676,74533,Adama Bal,Arizona,1.0,0.6,0.0,1.0
2677,74534,Shane Nowell,UNLV,0.5,0.36363636363636365,0.0,0.9333333333333333
2678,74536,Taran Armstrong,Cal Baptist,1.0,0.2571428571428571,0.07142857142857142,0.5862068965517241
2679,74538,Will Menaugh,Arizona,0.0,1.0,0.0,0.0
2680,74539,Keanu Rasmussen,Cal Baptist,0.0,0.0,0.0,1.0
2681,74540,Scotty Washington,Cal Baptist,0.0,0.38461538461538464,0.3333333333333333,0.9545454545454546
2682,74541,Jason Nelson,Richmond,0.0,0.17142857142857143,0.17647058823529413,0.7272727272727273
2683,74542,Malcolm Dread,Richmond,0.0,0.0,0.0,0.0
2684,74544,Tyler Rice,William & Mary,0.0,0.1111111111111111,0.0,1.0
2685,74545,Carlos Stewart,Santa Clara,0.2,0.3076923076923077,0.10416666666666667,0.6551724137931034
2686,74546,Jack Stefanski,Western Michigan,0.0,0.0,0.0,0.0
2687,74547,Julian Lewis,Miami OH,0.0,0.46153846153846156,0.0,0.8571428571428571
2688,74548,Owen Lobsinger,Western Michigan,0.0,0.3076923076923077,0.5,1.0
2689,74549,Gus Etchison,Western Michigan,0.0,0.0,0.0,0.0
2690,74550,Kevin Davis,Bethune Cookman,1.0,0.4,0.4594594594594595,0.9333333333333333
2691,74551,Justice Williams,LSU,0.0,0.25,0.125,1.0
2692,74552,Mike Meadows,Portland,0.0,0.125,0.1111111111111111,0.6666666666666666
2693,74556,Darrius Miles,Western Kentucky,0.0,1.0,0.0,0.0
2694,74559,Dan Conlan,Penn St.,0.0,0.0,0.0,0.0
2695,74561,Julien Soumaoro,Gardner Webb,0.0,0.14285714285714285,0.14285714285714285,0.8333333333333334
2696,74564,Brendan Mykalcio,Gardner Webb,0.0,0.0,0.0,0.0
2697,74565,Ademide Badmus,Gardner Webb,1.0,0.3888888888888889,0.5,0.0
2698,74566,Erik Reynolds II,Saint Joseph's,0.0,0.2,0.2777777777777778,0.696969696969697
2699,74567,Kacper Klaczek,Saint Joseph's,0.6666666666666666,0.38235294117647056,0.2,0.9629629629629629
2700,74570,Justin DeGraaf,UC San Diego,0.0,0.29411764705882354,1.0,1.0
2701,74573,Francis Nwaokorie,UC San Diego,0.8571428571428571,0.3026315789473684,0.125,0.975
2702,74574,P.J. Edwards,UCF,0.0,0.0,1.0,1.0
2703,74575,Darius Johnson,UCF,0.0,0.1836734693877551,0.25,0.9285714285714286
2704,74577,Jasin Sinani,Campbell,0.0,0.4,0.0,1.0
2705,74579,Shaun Walker,Alcorn St.,1.0,0.4,0.6666666666666666,0.0
2706,74580,Johnathan Massie,McNeese St.,0.0,0.18,0.07692307692307693,0.7272727272727273
2707,74581,Isaiah Turner,South Carolina St.,0.0,0.0,0.6666666666666666,1.0
2708,74583,Sebastian Forsling,New Mexico,1.0,0.8888888888888888,0.0,0.0
2709,74585,Jacob Holt,Santa Clara,1.0,0.6111111111111112,0.5,1.0
2710,74586,Brenton Knapper,Santa Clara,0.0,0.2,0.25,0.8333333333333334
2711,74589,Coleman Lemke,Portland,0.0,0.0,0.0,0.5
2712,74590,Tristian Jeffries,Robert Morris,0.0,0.0,0.0,0.0
2713,74591,Matt Mayers,Robert Morris,0.8888888888888888,0.75,1.0,0.0
2714,74592,Marquis Barnett,Presbyterian,0.5,0.27450980392156865,0.037037037037037035,0.8620689655172413
2715,74594,Camaron Tongue,Santa Clara,1.0,0.6153846153846154,0.6,1.0
2716,74595,Shemarri Allen,UMKC,0.4117647058823529,0.25274725274725274,0.08695652173913043,0.4583333333333333
2717,74598,Jamarion Sharp,Western Kentucky,0.8928571428571429,0.7972972972972973,0.8666666666666667,0.0
2718,74602,Shaqir O'Neal,Texas Southern,0.0,0.0,0.0,0.0
2719,74603,Tim Dalger,Tulsa,0.7,0.5306122448979592,0.4,0.9285714285714286
2720,74604,Nikita Konstantynovskyi,Tulsa,0.0,0.0,0.0,0.0
2721,74606,Gavin Perryman,Texas,0.0,0.0,0.0,1.0
2722,74607,AJ Allenspach,Army,0.0,0.0,0.0,0.0
2723,74608,Nolan Naess,Army,0.0,0.5,0.0,0.0
2724,74610,Patrick Lambey,UC Davis,0.0,0.0,0.0,1.0
2725,74614,Isaiah Gray,Cornell,0.5,0.5,0.0,0.8125
2726,74615,Chris Manon,Cornell,0.25,0.25,0.15,0.9
2727,74616,Sean Hansen,Cornell,0.75,0.5833333333333334,0.3157894736842105,1.0
2728,74617,Augustas Marciulionis,Saint Mary's,0.0,0.03333333333333333,0.1111111111111111,0.6666666666666666
2729,74618,Chris Howell,Saint Mary's,0.0,0.6666666666666666,0.0,1.0
2730,74619,Stefan Todorovic,SMU,0.0,0.6,0.6,0.967741935483871
2731,74620,Tyler Lundblade,TCU,0.0,0.0,0.0,0.0
2732,74621,Jalen Smith,SMU,0.75,0.47368421052631576,0.16666666666666666,1.0
2733,74622,Zhuric Phelps,SMU,0.42857142857142855,0.21,0.15,0.574468085106383
2734,74623,Tanner Thomas,Sacred Heart,1.0,0.5245901639344263,0.3888888888888889,0.9090909090909091
2735,74624,Raymond Espinal-Guzman,Sacred Heart,0.8571428571428571,0.7368421052631579,0.0,1.0
2736,74625,Najee Coursey,Sacred Heart,0.0,1.0,0.0,0.0
2737,74626,Dom Mello,Sacred Heart,0.0,0.0,0.0,0.6
2738,74627,Markeith Browning II,Milwaukee,0.7777777777777778,0.21212121212121213,0.0,0.8260869565217391
2739,74629,Jay Allen-Tovar,New Mexico,1.0,1.0,0.0,0.0
2740,74631,Ike Cornish,Maryland,0.0,0.3333333333333333,0.0,1.0
2741,74632,Julian Reese,Maryland,0.8076923076923077,0.5929203539823009,0.5111111111111111,0.0
2742,74633,DJ Burns,Murray St.,0.5,0.56,0.391304347826087,1.0
2743,74634,Isaac Haney,Northwestern St.,0.0,0.11904761904761904,0.09523809523809523,0.8461538461538461
2744,74635,Chace Davis,Maryland Eastern Shore,1.0,0.631578947368421,0.47619047619047616,0.8709677419354839
2745,74640,Justin Neely,Albany,0.0,0.0,0.0,0.0
2746,74641,Tairi Ketner,Albany,1.0,0.6190476190476191,0.0,0.0
2747,74642,Aaron Reddish,Albany,0.42857142857142855,0.2916666666666667,0.15384615384615385,0.9583333333333334
2748,74643,Ny'Mire Little,Albany,0.0,0.18181818181818182,0.0,0.5
2749,74645,Zion Russell,Northern Illinois,0.0,0.0,0.0,0.0
2750,74646,Basheer Jihad,Ball St.,0.8,0.46296296296296297,0.25,1.0
2751,74648,Dezi Jones,Quinnipiac,0.0,0.15789473684210525,0.041666666666666664,0.5666666666666667
2752,74650,Brody Limric,Central Connecticut,1.0,1.0,1.0,1.0
2753,74651,Seth Wilson,West Virginia,0.0,0.14285714285714285,0.36363636363636365,0.7941176470588235
2754,74652,Reese McMullen,Penn,0.0,1.0,0.0,1.0
2755,74653,George Smith,Penn,0.0,0.35714285714285715,0.0,0.9583333333333334
2756,74654,Gus Larson,Penn,0.0,0.0,0.0,0.0
2757,74655,Nick Spinoso,Penn,0.7142857142857143,0.4418604651162791,0.038461538461538464,0.0
2758,74656,Eddie Holland III,Penn,0.0,0.5,0.6666666666666666,1.0
2759,74659,Kyle Rocker,Central Connecticut,0.0,0.0,0.0,1.0
2760,74660,Arian Dehnavi,Central Connecticut,0.0,0.0,0.0,0.0
2761,74662,Trenton McLaughlin,Northern Arizona,0.0,0.2857142857142857,0.1,0.7647058823529411
2762,74663,Abdul Momoh,Central Connecticut,1.0,0.6470588235294118,0.4,0.0
2763,74664,Lynn Greer III,Saint Joseph's,1.0,0.14705882352941177,0.041666666666666664,0.7857142857142857
2764,74665,Jordan Longino,Villanova,0.0,0.13333333333333333,0.3333333333333333,0.9230769230769231
2765,74668,Zaire Williams,Wagner,0.0,0.13333333333333333,0.5833333333333334,0.9285714285714286
2766,74669,Rob Taylor II,Wagner,1.0,0.6341463414634146,0.6,0.0
2767,74670,Jalen Ricks,Wichita St.,0.0,0.5,0.0,0.6666666666666666
2768,74671,Kenny Pohto,Wichita St.,1.0,0.5,0.5714285714285714,1.0
2769,74673,Isaac Abidde,Wichita St.,1.0,0.42857142857142855,0.42857142857142855,1.0
2770,74674,Greg Spurlock,Coppin St.,1.0,0.5384615384615384,0.4,1.0
2771,74676,Michael Moshkovitz,Penn,0.0,0.5,0.0,1.0
2772,74678,Liam Murphy,Columbia,0.0,0.75,0.5,0.9130434782608695
2773,74679,Aaron Cash,UT Arlington,0.7777777777777778,0.7,0.7777777777777778,0.9473684210526315
2774,74681,Manny Obaseki,Texas A&M,0.5,0.2916666666666667,0.14285714285714285,0.6
2775,74682,Ryan Nembhard,Creighton,0.0,0.16666666666666666,0.2,0.660377358490566
2776,74684,Matteus Case,William & Mary,0.0,0.3,0.1875,0.6111111111111112
2777,74685,Taje' Kelly,Charleston Southern,1.0,0.5376344086021505,0.1875,0.0
2778,74687,Tyler Schaafsma,Charleston Southern,0.0,0.0,0.0,0.0
2779,74688,Cedric Garrett,Northwestern St.,0.0,0.3333333333333333,0.0,1.0
2780,74690,Julian Roper II,Northwestern,1.0,0.36363636363636365,0.2,0.5
2781,74691,Brooks Barnhizer,Northwestern,0.3333333333333333,0.45,0.30434782608695654,0.8846153846153846
2782,74692,Emareyon McDonald,Northwestern St.,0.0,0.4166666666666667,0.4117647058823529,0.8
2783,74697,Wayne McKinney III,San Diego,0.0,0.25925925925925924,0.45454545454545453,0.9
2784,74698,Jack Molloy,Yale,0.6666666666666666,0.6666666666666666,0.2,0.9285714285714286
2785,74699,Teo Rice,Yale,0.0,1.0,0.0,1.0
2786,74700,Yussif Basa-Ama,Yale,1.0,0.625,0.0,1.0
2787,74701,Matt Knowling,Yale,0.8666666666666667,0.4074074074074074,0.1590909090909091,0.6666666666666666
2788,74702,Bez Mbeng,Yale,0.5,0.2692307692307692,0.07692307692307693,0.6428571428571429
2789,74703,Igor Milicic Jr.,Charlotte,0.5,0.5471698113207547,0.5,0.9512195121951219
2790,74704,Emir Buyukhanli,Yale,0.0,0.0,0.0,1.0
2791,74705,John Poulakidas,Yale,0.0,0.24,0.25925925925925924,0.6984126984126984
2792,74707,Ndewedo Newbury,San Francisco,1.0,0.7857142857142857,0.4,0.75
2793,74708,Imo Essien,Old Dominion,0.0,0.10526315789473684,0.05555555555555555,0.8333333333333334
2794,74709,Jadin Johnson,Old Dominion,0.0,1.0,0.0,0.0
2795,74710,Kalen Etzler,Ohio St.,0.0,1.0,0.0,1.0
2796,74711,Yassine Gharram,Yale,0.0,0.3333333333333333,0.2857142857142857,1.0
2797,74717,Quincy Clark,Lipscomb,1.0,0.08163265306122448,0.05263157894736842,1.0
2798,74719,Trae Benham,Lipscomb,0.0,0.4444444444444444,0.4,0.9
2799,74720,Jalen Sullinger,Kent St.,0.0,0.047619047619047616,0.037037037037037035,0.8846153846153846
2800,74722,Grant Asman,Lipscomb,0.5,0.6363636363636364,0.0,1.0
2801,74723,Joe Charles,Louisiana,0.5,0.5555555555555556,0.3333333333333333,1.0
2802,74727,Luka Tekavcic,Coppin St.,1.0,0.5,0.0,0.0
2803,74728,Sir Issac Herron,Oral Roberts,0.0,0.0,0.0,0.0
2804,74730,C.J. Noland,Oklahoma,0.0,0.4375,0.0,0.8461538461538461
2805,74732,Alston Mason,Missouri St.,0.0,0.15384615384615385,0.037037037037037035,0.6111111111111112
2806,74733,Bijan Cortes,Oklahoma,1.0,0.35294117647058826,0.0,1.0
2807,74734,Coltie Young,Jackson St.,0.7,0.5238095238095238,0.5384615384615384,0.9176470588235294
2808,74736,Elijah Tucker,Xavier,0.0,0.0,0.0,1.0
2809,74739,Josh Uduje,Coastal Carolina,0.5714285714285714,0.39285714285714285,0.16129032258064516,0.8837209302325582
2810,74740,Josh Farmer,UTSA,0.8,0.5588235294117647,0.3125,0.8571428571428571
2811,74743,Lamin Sabally,UTSA,0.25,0.2,0.0,1.0
2812,74744,Christian Tucker,UTSA,0.6666666666666666,0.13636363636363635,0.0,0.625
2813,74745,Azavier Johnson,UTSA,0.0,0.0,0.0,0.5
2814,74746,Jalen Warley,Florida St.,0.4444444444444444,0.3181818181818182,0.45454545454545453,0.9
2815,74747,KeShawn Murphy,Mississippi St.,0.5,0.42857142857142855,0.2857142857142857,1.0
2816,74748,Cam Carter,Kansas St.,0.8333333333333334,0.6153846153846154,0.5,0.9714285714285714
2817,74749,Alden Applewhite,Portland,0.0,0.20588235294117646,0.0625,1.0
2818,74752,Josh Odunowo,Columbia,1.0,0.4444444444444444,0.3888888888888889,0.0
2819,74754,Zach Martini,Princeton,0.0,0.5,0.0,1.0
2820,74759,Paul Bizimana,Eastern Illinois,0.0,0.5714285714285714,0.42857142857142855,1.0
2821,74760,Pedro Lopez-Sanvicente,Denver,0.0,0.6666666666666666,0.0,1.0
2822,74763,Touko Tainamo,Denver,1.0,0.6067415730337079,0.34782608695652173,1.0
2823,74764,Frankie Fidler,Nebraska Omaha,0.6666666666666666,0.2833333333333333,0.2835820895522388,0.7272727272727273
2824,74765,Donte Houston,Southeastern Louisiana,1.0,0.7142857142857143,0.0,1.0
2825,74766,Mouhamed Gueye,Washington St.,0.675,0.4715447154471545,0.21153846153846154,0.9090909090909091
2826,74768,Caleb Furst,Purdue,0.8571428571428571,0.631578947368421,0.4444444444444444,1.0
2827,74771,Trey Kaufman-Renn,Purdue,1.0,0.5757575757575758,0.2,0.8
2828,74773,Brian Waddell,Purdue,1.0,0.3333333333333333,0.0,0.0
2829,74775,Brett Rumpel,St. Bonaventure,0.0,0.0,0.0,1.0
2830,74778,Emoni Bates,Eastern Michigan,0.7,0.3157894736842105,0.08333333333333333,0.5394736842105263
2831,74781,Aboubacar Traore,Long Beach St.,0.7333333333333333,0.4205607476635514,0.14285714285714285,0.6666666666666666
2832,74782,AJ George,Long Beach St.,0.8666666666666667,0.7288135593220338,0.53125,0.9166666666666666
2833,74783,Aymeric Toussaint,Marshall,1.0,0.8571428571428571,1.0,0.0
2834,74784,Treyton Thompson,Minnesota,0.3333333333333333,0.5,0.3333333333333333,1.0
2835,74787,Fousseyni Traore,BYU,0.7272727272727273,0.624,0.5405405405405406,1.0
2836,74788,Brandon Love,Texas St.,0.5714285714285714,0.5434782608695652,0.5454545454545454,0.0
2837,74789,Tanahj Pettway,Stony Brook,1.0,0.2682926829268293,0.18181818181818182,0.8636363636363636
2838,74790,Graham Calton,Vanderbilt,0.0,0.0,0.0,0.0
2839,74791,Benny Williams,Syracuse,0.8571428571428571,0.6774193548387096,0.4838709677419355,1.0
2840,74793,Taine Murray,Virginia,1.0,1.0,1.0,1.0
2841,74794,Corey Tripp,Wofford,0.25,0.1935483870967742,0.11538461538461539,0.7619047619047619
2842,74796,Luke Turner,UC Riverside,0.0,0.5,0.5,0.9411764705882353
2843,74797,Kaine Roberts,Stony Brook,0.0,0.375,0.0,0.6666666666666666
2844,74798,Mekhi Collins,Nicholls St.,0.6666666666666666,0.6923076923076923,0.0,0.0
2845,74801,Ben Nau,St. Thomas,0.0,0.0,0.2,0.95
2846,74802,Langston Love,Baylor,1.0,0.45454545454545453,0.3333333333333333,0.9583333333333334
2847,74805,Ryan Maxwell,Nicholls St.,1.0,0.7272727272727273,0.5,1.0
2848,74806,Ryan Dufault,St. Thomas,0.0,0.25,0.2857142857142857,0.75
2849,74807,Noa Gonsalves,Utah Tech,0.6666666666666666,0.6666666666666666,0.1,0.94
2850,74808,Aleu Aleu,UTSA,0.6666666666666666,0.46153846153846156,0.0,0.75
2851,74811,Elijah Stephens,American,0.0,0.3088235294117647,0.15625,0.7
2852,74812,Daylen Berry,Charlotte,0.0,0.4444444444444444,1.0,0.5
2853,74813,Chris Ford,Robert Morris,0.5,0.21428571428571427,0.0,0.0
2854,74814,Desmond Watson,Davidson,0.8333333333333334,0.40816326530612246,0.24324324324324326,0.9090909090909091
2855,74815,Charles Lampten,Charleston,1.0,0.6666666666666666,0.0,0.0
2856,74816,Kino Lilly Jr.,Brown,0.0,0.41379310344827586,0.14545454545454545,0.6493506493506493
2857,74818,Raekwon Horton,Charleston,0.0,0.04,0.6666666666666666,0.9655172413793104
2858,74819,Reyne Smith,Charleston,0.0,0.3333333333333333,0.0,0.9080459770114943
2859,74820,Ben Burnham,Charleston,0.6666666666666666,0.34210526315789475,0.18181818181818182,0.9473684210526315
2860,74821,Lyndel Erold,Brown,0.0,1.0,0.0,1.0
2861,74822,D.J. Smith,Little Rock,0.0,0.35714285714285715,0.3,0.8
2862,74823,Quion Burns,LIU,1.0,0.35714285714285715,0.5294117647058824,0.7333333333333333
2863,74826,Jordan Jones,Mercer,0.0,0.0,0.0,0.7777777777777778
2864,74827,Bensley Joseph,Miami FL,1.0,0.4090909090909091,0.16666666666666666,0.7142857142857143
2865,74833,Darius DeAveiro,Valparaiso,0.0,0.16666666666666666,0.0,0.6666666666666666
2866,74834,Jacori Owens,Youngstown St.,0.0,1.0,0.0,0.0
2867,74836,Cole Despie,TCU,0.0,0.0,0.0,1.0
2868,74839,Trey Woodyard,New Hampshire,0.0,1.0,0.0,1.0
2869,74840,Cesare Edwards,Xavier,0.8333333333333334,0.7647058823529411,1.0,0.0
2870,74843,David Brown III,Loyola MD,0.0,0.45454545454545453,0.0,0.9285714285714286
2871,74844,Kam Jones,Marquette,1.0,0.32954545454545453,0.23076923076923078,0.81
2872,74845,Kyle Cuffe Jr.,Kansas,0.0,0.0,0.0,0.0
2873,74846,Noah Harris,Marist,0.0,0.125,0.045454545454545456,0.59375
2874,74847,Chris Kuzemka,Loyola MD,0.0,0.5555555555555556,0.2857142857142857,0.9069767441860465
2875,74848,Jao Ituka,Wake Forest,0.0,0.0,0.0,1.0
2876,74851,Julian Hammond III,Colorado,0.0,0.25,0.07407407407407407,0.9230769230769231
2877,74852,Blake Peters,Princeton,0.0,0.8,0.0,0.8541666666666666
2878,74853,Nate Tshimanga,Troy,1.0,0.5384615384615384,0.0,0.0
2879,74854,Keisei Tominaga,Nebraska,0.0,0.5172413793103449,0.3333333333333333,0.8787878787878788
2880,74858,AJ Braun,Wright St.,1.0,0.5463917525773195,0.34782608695652173,0.0
2881,74859,Javantae Randle,Eastern Michigan,0.0,0.65,1.0,0.0
2882,74860,Akol Mawein,Sacramento St.,0.8571428571428571,0.7011494252873564,0.6842105263157895,1.0
2883,74861,Jason Montgomery,Lipscomb,0.0,0.0,0.0,0.0
2884,74863,Chris Cain,Cornell,1.0,0.6666666666666666,0.0,1.0
2885,74864,Josh Beadle,Clemson,0.0,0.21052631578947367,0.0,0.8333333333333334
2886,74865,Geronimo Rubio De La Rosa,Columbia,0.0,0.3888888888888889,0.06666666666666667,0.8548387096774194
2887,74866,CJ Anthony,Cincinnati,0.0,0.0,0.0,1.0
2888,74867,Ryan Kiachian,Cornell,0.0,0.5,0.3333333333333333,0.0
2889,74868,Ian Motta,Bucknell,0.0,0.35294117647058826,0.2222222222222222,0.8695652173913043
2890,74869,Nazir Williams,Cornell,0.0,0.32608695652173914,0.375,0.7948717948717948
2891,74870,Elvin Edmonds IV,Bucknell,0.0,0.2727272727272727,0.23076923076923078,0.72
2892,74872,Josh Bascoe,Bucknell,0.0,0.1111111111111111,0.0,0.75
2893,74874,Brandon Betson,Tulsa,0.0,0.13043478260869565,0.11764705882352941,0.5873015873015873
2894,74875,Tuongthach Gatkek,Texas St.,1.0,0.6470588235294118,1.0,0.0
2895,74876,Spencer Hubbard,Duke,0.0,0.0,0.0,0.0
2896,74877,Brandon Weatherspoon,Florida Atlantic,0.3333333333333333,0.4583333333333333,0.3333333333333333,0.925
2897,74878,Nicolas Tingling,Arkansas St.,0.0,0.0,0.0,0.0
2898,74881,Simas Lukosius,Butler,0.0,0.22727272727272727,0.06896551724137931,0.9152542372881356
2899,74882,Jack Nauseef,Clemson,0.0,0.0,0.0,0.0
2900,74883,Devin Foster,Clemson,0.0,0.0,0.0,0.0
2901,74884,Zeke Mayo,South Dakota St.,0.0,0.16363636363636364,0.08771929824561403,0.27848101265822783
2902,74885,Broden Lien,South Dakota St.,0.0,0.8181818181818182,0.0,1.0
2903,74887,Landon Brenchley,Utah St.,0.0,0.0,0.0,0.0
2904,74891,Will McClendon,UCLA,0.0,1.0,0.42857142857142855,0.5
2905,74893,Johnny Taylor Jr.,Chattanooga,0.0,1.0,0.0,1.0
2906,74894,Quentin Diboundje,East Carolina,1.0,0.7307692307692307,0.4,0.9696969696969697
2907,74895,Kevin Dunn,Wake Forest,0.0,0.0,0.0,0.0
2908,74897,Jordan Roberts,Texas A&M Corpus Chris,0.0,0.42857142857142855,0.0,0.7142857142857143
2909,74898,Owen Dease,Texas A&M Corpus Chris,0.5,0.3333333333333333,0.4,1.0
2910,74899,Jahmai Mashack,Tennessee,0.5,0.4,0.5294117647058824,0.9090909090909091
2911,74900,Rahdir Hicks,Towson,0.0,0.0,0.0,0.8
2912,74902,Tyler Coleman,Towson,0.0,0.25,0.0,0.0
2913,74903,Mike James,Louisville,0.75,0.2909090909090909,0.25,0.9428571428571428
2914,74905,Terran Williams,Louisiana Tech,0.0,0.0,0.0,0.9473684210526315
2915,74906,Kaleb Stewart,Louisiana Tech,0.0,0.375,0.0,0.9047619047619048
2916,74908,Will Allen,Louisiana Tech,0.5,0.5769230769230769,0.5,0.0
2917,74910,Jaylen Stinson,Merrimack,0.0,0.0,0.0,1.0
2918,74911,Devon Savage,Merrimack,1.0,0.42857142857142855,0.5,0.9636363636363636
2919,74913,Izaiah Robinson,Dartmouth,0.0,0.4,0.0,0.7272727272727273
2920,74918,Noah Robledo,Columbia,0.0,0.0,0.42857142857142855,0.8571428571428571
2921,74919,Denver Jones,FIU,0.75,0.2898550724637681,0.25,0.6724137931034483
2922,74921,Jake Tavroff,Columbia,1.0,0.8,0.5,0.0
2923,74922,Mohamed Sanogo,FIU,0.7894736842105263,0.6911764705882353,0.7333333333333333,0.0
2924,74925,Aquan Smart,Southeast Missouri St.,1.0,0.3142857142857143,0.23529411764705882,0.9
2925,74927,Blake Jones,George Mason,0.0,0.0,0.0,1.0
2926,74930,Amoro Lado,Hawaii,0.0,0.0,0.0,0.0
2927,74931,Randy Tucker,Green Bay,1.0,0.75,0.4166666666666667,0.9056603773584906
2928,74932,Jourdan Smith,Grambling St.,0.6923076923076923,0.5967741935483871,0.4,1.0
2929,74933,Theofanis Stamoulis,George Washington,0.0,0.0,0.0,0.0
2930,74937,Anderson Mirambeaux,Miami OH,1.0,0.45871559633027525,0.20930232558139536,0.8571428571428571
2931,74938,Brandon Brown,Wagner,0.0,0.2608695652173913,0.34615384615384615,0.9333333333333333
2932,74939,Brahm Harris,Arkansas Pine Bluff,1.0,0.25,0.16666666666666666,0.8421052631578947
2933,74940,Juan Reyna,Campbell,0.0,0.17391304347826086,0.0,0.8095238095238095
2934,74941,Jayme Mitchell,Jackson St.,0.0,0.5,0.0,1.0
2935,74942,Mike Pajeaud,Alcorn St.,0.0,0.6,0.5,1.0
2936,74946,Darrell Reed,Alabama St.,0.5,0.75,0.8,0.0
2937,74947,Derrick Tezeno,Stephen F. Austin,1.0,0.6296296296296297,0.5454545454545454,0.5
2938,74949,Jackson Grant,Washington,0.0,0.5,0.0,0.0
2939,74950,Great Osobor,Montana St.,0.6,0.5052631578947369,0.375,1.0
2940,74951,Sam Hoiberg,Nebraska,0.0,0.13333333333333333,0.3333333333333333,1.0
2941,74952,Daniel Ortiz,North Alabama,0.0,0.30303030303030304,0.08333333333333333,0.84375
2942,74956,Deraje Agbaosi,North Alabama,1.0,0.5454545454545454,0.0,1.0
2943,74957,Jackson Cronin,Massachusetts,0.0,0.0,0.0,0.0
2944,74960,Alex Tew,Weber St.,0.875,0.7288135593220338,0.4166666666666667,0.0
2945,74963,Tahron Allen,Monmouth,0.0,0.41818181818181815,0.27450980392156865,1.0
2946,74964,Keeshawn Mason,NJIT,0.0,0.5,0.7142857142857143,0.0
2947,74965,Houston Mallette,Pepperdine,0.0,0.3939393939393939,0.39215686274509803,0.8269230769230769
2948,74967,Eyal Nankin,NJIT,0.0,0.0,0.0,0.0
2949,74968,James Okonkwo,West Virginia,1.0,0.7142857142857143,0.6666666666666666,0.0
2950,74969,Mike Mitchell Jr.,Pepperdine,0.0,0.13636363636363635,0.24324324324324326,0.5303030303030303
2951,74971,Matt Norman,North Dakota,0.0,0.2571428571428571,0.125,0.6410256410256411
2952,74972,Valentin Catt,Lamar,0.0,1.0,1.0,0.0
2953,74973,Casey Brooks,Lamar,0.0,0.0,0.0,0.0
2954,74974,Wil Stevens,Miami OH,0.0,0.5,0.0,0.0
2955,74975,Tucson Redding,Morehead St.,0.0,0.0,1.0,1.0
2956,74977,Tsotne Tsartsidze,North Dakota,0.5,0.3225806451612903,0.3076923076923077,0.9714285714285714
2957,74978,Ty Horner,Morgan St.,0.0,0.5555555555555556,1.0,0.6666666666666666
2958,74980,Davon Barnes,Texas Southern,0.8888888888888888,0.34782608695652173,0.24390243902439024,0.7777777777777778
2959,74982,Kolby Granger,Texas Southern,1.0,0.375,0.0,0.8823529411764706
2960,74983,Kevin Kalu,UTEP,0.7857142857142857,0.6206896551724138,0.4444444444444444,0.0
2961,74984,Christyon Eugene,Troy,0.6666666666666666,0.25396825396825395,0.05,0.6341463414634146
2962,74987,Christopher Mantis,Appalachian St.,1.0,0.7857142857142857,0.0,0.9428571428571428
2963,74988,Allen Strothers,East Tennessee St.,1.0,0.2222222222222222,0.07142857142857142,0.8571428571428571
2964,74989,Brayon Freeman,Rhode Island,0.0,0.2037037037037037,0.2692307692307692,0.7647058823529411
2965,74990,Kowacie Reeves,Florida,0.4375,0.4166666666666667,0.18181818181818182,1.0
2966,74994,Oscar Berry,North Florida,0.0,0.25,0.0,0.925
2967,74995,Anquan Hill,St. Bonaventure,0.5,0.4375,0.6666666666666666,1.0
2968,74996,Tre Carroll,Florida Atlantic,0.3333333333333333,0.42857142857142855,0.5555555555555556,1.0
2969,74997,Bogdan Zimonjic,Tennessee Tech,0.0,1.0,0.0,1.0
2970,74998,Cameron Whiteside,Winthrop,0.0,0.0,0.0,1.0
2971,75000,Niyi Olabode,UC Riverside,0.0,0.0,0.0,0.0
2972,75001,Chase Barrs,Florida A&M,0.8333333333333334,0.6666666666666666,0.6666666666666666,0.0
2973,75002,Saiyd Burnside,Florida A&M,0.0,0.375,0.0,0.0
2974,75004,Hayden Jory,Cal Poly,0.0,0.0,0.0,1.0
2975,75005,Ethan Butler,Oregon,0.0,0.0,0.0,0.0
2976,75006,Bryce Whitaker,San Francisco,0.0,0.0,0.0,0.0
2977,75007,Jake Cioe,San Francisco,0.0,1.0,0.0,0.0
2978,75009,Arthur Kaluma,Creighton,0.7727272727272727,0.4166666666666667,0.047619047619047616,0.9512195121951219
2979,75011,Kalib Clinton,Charleston Southern,0.8,0.3584905660377358,0.3076923076923077,1.0
2980,75013,Quincy Allen,Colorado,0.0,0.0,0.3333333333333333,1.0
2981,75014,Mason Miller,Creighton,0.0,0.5,0.0,1.0
2982,75016,Zek Montgomery,Bradley,0.14285714285714285,0.30434782608695654,0.15384615384615385,0.7575757575757576
2983,75017,Trey Alexander,Creighton,0.5,0.14285714285714285,0.16393442622950818,0.8636363636363636
2984,75018,Ibbe Klintman,Central Arkansas,0.0,0.2857142857142857,0.3333333333333333,0.8888888888888888
2985,75019,Kristians Feierbergs,Maine,0.8333333333333334,0.7567567567567568,0.5238095238095238,0.9545454545454546
2986,75020,Byron Ireland,Maine,0.0,0.0,0.0,1.0
2987,75021,James Nobles,Loyola Marymount,0.0,0.0,0.0,1.0
2988,75022,John Camden,Virginia Tech,0.0,0.5,0.0,0.8333333333333334
2989,75023,Johnathan Lawson,Memphis,0.0,0.7142857142857143,0.5555555555555556,0.8947368421052632
2990,75025,Milos Nenadic,Maine,0.5,0.6666666666666666,0.25,0.5
2991,75026,Sam Onu,Florida Gulf Coast,1.0,1.0,1.0,0.0
2992,75030,Arsh Mattu,North Texas,0.0,0.0,0.0,0.0
2993,75032,Chris Morgan,North Texas,0.0,0.0,0.0,0.0
2994,75033,Aaron Scott,North Texas,0.5833333333333334,0.6274509803921569,0.5185185185185185,1.0
2995,75034,Matthew Stone,North Texas,0.0,0.7368421052631579,1.0,1.0
2996,75035,Peter Filipovity,Maine,1.0,0.45,0.25,1.0
2997,75037,Clark Slajchert,Penn,0.0,0.5714285714285714,0.3,0.7692307692307693
2998,75038,Colin Chambers,Penn,0.0,0.0,0.0,0.0
2999,75041,Davion Everett,South Carolina St.,0.8,0.509090909090909,0.6,1.0
3000,75044,Isaiah Mason,Northern Kentucky,0.0,1.0,0.0,0.0
3001,75046,P.J. Gill,Old Dominion,0.0,0.0,0.0,0.0
3002,75050,Scottie Ebube,Southern Illinois,1.0,0.8,0.0,0.0
3003,75051,Troy D'Amico,Southern Illinois,0.6666666666666666,0.6538461538461539,0.5,0.9411764705882353
3004,75053,Foster Wonders,Southern Illinois,0.0,0.5,0.3333333333333333,1.0
3005,75054,Porter Stanley,Presbyterian,0.0,1.0,0.0,0.0
3006,75055,Trey Moss,South Florida,0.0,1.0,1.0,1.0
3007,75056,Kieran O'Haire,Providence,0.0,0.0,0.0,0.0
3008,75057,James Lovorn,Presbyterian,0.0,0.0,0.0,1.0
3009,75058,Legend Geeter,Eastern Michigan,0.5,0.43243243243243246,0.5454545454545454,1.0
3010,75059,Rafael Castro,Providence,0.8,0.5789473684210527,0.0,0.0
3011,75060,Corey Perkins,Delaware St.,0.0,0.07142857142857142,0.25,0.9285714285714286
3012,75061,Khyrie Staten,Delaware St.,0.0,0.5769230769230769,0.35294117647058826,0.76
3013,75064,Brady Uhl,Dayton,0.0,0.0,0.0,1.0
3014,75065,Ricky Deadwyler III,Delaware St.,0.0,0.0,0.0,0.0
3015,75066,Arman Pezeshkian,Cal St. Northridge,0.0,0.0,0.0,0.0
3016,75070,Jerry Ngopot,Saint Peter's,0.5,0.5454545454545454,0.0,0.0
3017,75071,Latrell Reid,Saint Peter's,0.0,0.21621621621621623,0.15789473684210525,1.0
3018,75075,Adetokunbo Bakare,Rider,0.0,0.0,0.0,0.7857142857142857
3019,75076,Brent Bland,Saint Peter's,0.0,0.42857142857142855,0.0,1.0
3020,75079,Brody Nunn,Seattle,0.0,0.0,0.0,0.0
3021,75080,Sam Silverstein,Harvard,0.5,0.6111111111111112,0.375,1.0
3022,75081,Trey Harris,Lamar,1.0,0.4166666666666667,0.6666666666666666,1.0
3023,75082,Jordan Jefferson,Little Rock,0.0,0.13043478260869565,0.3684210526315789,0.8823529411764706
3024,75084,RJ Melendez,Illinois,0.6923076923076923,0.5,0.375,0.8333333333333334
3025,75085,Brian Gordon,Lamar,1.0,0.3076923076923077,0.3333333333333333,1.0
3026,75086,Chris Walker,Little Rock,1.0,0.5555555555555556,0.0,0.9583333333333334
3027,75087,Ben Schwieger,Loyola Chicago,0.7692307692307693,0.5098039215686274,0.13333333333333333,0.9736842105263158
3028,75088,Ayodele Taiwo,Howard,0.0,1.0,0.0,0.0
3029,75090,Julius Rollins,Kent St.,0.5,0.4444444444444444,0.0,0.8333333333333334
3030,75095,Andrew Laczkowski,Penn,1.0,0.5,1.0,1.0
3031,75096,Michael Parrotta,St. Francis NY,0.0,0.0,0.0,0.0
3032,75097,Tedrick Wilcox Jr.,St. Francis NY,0.6,0.5151515151515151,0.32,0.8545454545454545
3033,75099,Kanye Jones,Buffalo,1.0,0.7142857142857143,1.0,1.0
3034,75100,Devin McGlockton,Boston College,1.0,0.6551724137931034,0.6666666666666666,1.0
3035,75101,CJ Lane,Eastern Illinois,0.0,0.5,0.0,0.8333333333333334
3036,75104,Michael Wardy,Eastern Kentucky,0.6666666666666666,0.5,1.0,1.0
3037,75105,Tyson Degenhart,Boise St.,1.0,0.41346153846153844,0.1111111111111111,0.9142857142857143
3038,75106,Kobe Young,Boise St.,1.0,0.42857142857142855,0.0,0.8333333333333334
3039,75108,Jaeden Zackery,Boston College,0.0,0.24193548387096775,0.10344827586206896,0.7741935483870968
3040,75110,Yuot Gai,Abilene Christian,0.0,0.0,0.5,0.0
3041,75111,Jusaun Holt,Georgia,1.0,0.2,0.25,0.9285714285714286
3042,75112,Matt Delaney,American,0.0,0.0,0.0,0.0
3043,75113,Charles Bediako,Alabama,0.9333333333333333,0.7619047619047619,0.6666666666666666,0.0
3044,75114,Leonardo Bettiol,Abilene Christian,0.0,0.6666666666666666,0.4444444444444444,0.0
3045,75115,Jayden Nunn,VCU,0.0,0.16279069767441862,0.16666666666666666,0.65
3046,75116,Nick Kern Jr.,VCU,0.7272727272727273,0.6486486486486487,0.25,1.0
3047,75118,Jordan Gainey,USC Upstate,0.6,0.4074074074074074,0.058823529411764705,0.7936507936507936
3048,75119,Keshon Gilbert,UNLV,0.5,0.15942028985507245,0.043478260869565216,0.8846153846153846
3049,75120,Nick Alves,USC Upstate,1.0,0.5142857142857142,0.13333333333333333,1.0
3050,75121,Montez Young Jr.,UT Arlington,1.0,0.6190476190476191,0.16666666666666666,1.0
3051,75122,Jalen DeLoach,VCU,0.7777777777777778,0.5495495495495496,0.55,0.0
3052,75124,Shemar Wilson,UT Arlington,1.0,0.6885245901639344,0.7857142857142857,1.0
3053,75126,Nick Davidson,Nevada,1.0,0.78125,0.5,1.0
3054,75128,Chris Cole,Morehead St.,0.0,0.0,0.0,0.0
3055,75129,Duncan Powell,North Carolina A&T,0.5454545454545454,0.3877551020408163,0.3157894736842105,0.8181818181818182
3056,75132,Chase McDuffie,North Carolina A&T,0.0,0.0,0.0,0.0
3057,75134,Jaylin Gibson,Mount St. Mary's,0.0,0.3333333333333333,0.2,0.9285714285714286
3058,75135,Kobe Bufkin,Michigan,0.4166666666666667,0.26744186046511625,0.2727272727272727,0.6744186046511628
3059,75138,James Kamich,LIU,0.0,0.0,1.0,1.0
3060,75139,Joel Murray,Long Beach St.,0.0,0.38636363636363635,0.11428571428571428,0.4444444444444444
3061,75140,Deng Dut,Southern Utah,0.0,0.0,0.0,0.0
3062,75141,Burke Chebuhar,Lehigh,0.0,0.0,0.0,1.0
3063,75142,Brandon Johnson,East Carolina,0.75,0.5238095238095238,0.26666666666666666,1.0
3064,75146,Handje Tamba,Weber St.,1.0,0.6470588235294118,0.0,0.0
3065,75147,Shemani Fuller,Western Michigan,1.0,1.0,1.0,0.0
3066,75152,Blake Barker,Army,0.0,0.0,0.0,0.0
3067,75153,Jaylon Tyson,Texas Tech,0.7777777777777778,0.39655172413793105,0.23076923076923078,0.7674418604651163
3068,75154,Corey Floyd Jr.,Providence,1.0,0.5,1.0,1.0
3069,75155,Dominiq Penn,Seattle,0.0,0.0,0.0,1.0
3070,75156,Langston Wilson,Washington,0.625,0.5,1.0,1.0
3071,75157,Sam Alajiki,California,0.2857142857142857,0.19047619047619047,0.375,0.9696969696969697
3072,75158,Cole Bott,Texas,0.0,0.0,0.0,1.0
3073,75159,Marsalis Roberson,California,0.0,0.4166666666666667,0.0,0.6
3074,75160,Jaylen Fairman,Bellarmine,0.0,0.5,0.0,0.0
3075,75162,Kyrell Luc,St. Bonaventure,0.5,0.0784313725490196,0.09090909090909091,0.8064516129032258
3076,75164,Austin Lewis,Holy Cross,0.0,0.0,0.0,1.0
3077,75165,Caleb Kenney,Holy Cross,0.6666666666666666,0.5737704918032787,0.11764705882352941,0.0
3078,75166,Robbie Armbrester,Stephen F. Austin,0.8571428571428571,0.6071428571428571,0.625,1.0
3079,75167,Saint Thomas,Loyola Chicago,1.0,0.25,0.3333333333333333,1.0
3080,75168,Ramon Walker Jr.,Houston,0.5,0.5,0.0,1.0
3081,75169,Tyrese Hunter,Texas,1.0,0.43548387096774194,0.2,0.9285714285714286
3082,75170,Ja'Vier Francis,Houston,0.8125,0.6538461538461539,0.2,0.0
3083,75171,Maximus Edwards,George Washington,0.5833333333333334,0.3508771929824561,0.13333333333333333,0.8936170212765957
3084,75172,Payton Parrish,Grambling St.,0.0,0.0,0.0,0.0
3085,75174,Dominic Muncey,San Diego,0.0,0.0,0.0,1.0
3086,75177,Grayson Carper,Cal St. Fullerton,0.6666666666666666,0.5,0.0,1.0
3087,75180,Malik Lamin,Grambling St.,0.2857142857142857,0.5,1.0,1.0
3088,75181,Quintin Murrell,Grambling St.,1.0,0.45454545454545453,0.42857142857142855,1.0
3089,75184,Demari Williams,Oral Roberts,0.0,0.0,0.14285714285714285,1.0
3090,75187,Gavin Harris,Southern,0.0,0.5,0.0,0.0
3091,75188,Blake Sisley,Wright St.,1.0,0.8888888888888888,0.42857142857142855,1.0
3092,75189,Jamiya Neal,Arizona St.,0.625,0.3076923076923077,0.3,0.5263157894736842
3093,75190,Ryan Conway,Towson,0.0,0.3333333333333333,0.2222222222222222,0.9215686274509803
3094,75191,Grant Tichenor,Evansville,0.0,1.0,0.0,0.0
3095,75192,Dalton Bolon,Charleston,0.0,0.32653061224489793,0.3125,0.8135593220338984
3096,75194,Obinna Anyanwu,California,0.0,0.25,1.0,0.0
3097,75195,Isaiah Walker,Belmont,0.0,0.4,0.3333333333333333,0.8
3098,75196,Will Richard,Florida,0.8,0.58,0.4,0.9411764705882353
3099,75199,Kaleb Washington,Dayton,0.0,0.0,0.0,0.0
3100,75200,Malachi Smith,Dayton,0.0,0.3333333333333333,0.18181818181818182,0.7777777777777778
3101,75201,Jake Arnold,Houston Christian,0.0,0.0,0.0,1.0
3102,75202,DaRon Holmes II,Dayton,0.8539325842696629,0.7341040462427746,0.5490196078431373,0.6666666666666666
3103,75203,Ben Middlebrooks,Clemson,1.0,0.6857142857142857,0.0,0.0
3104,75204,Marques Gates,Houston Christian,0.0,0.0,0.0,0.0
3105,75205,Tristan Moore,Houston Christian,0.0,1.0,0.1111111111111111,0.9230769230769231
3106,75206,Deshon Proctor,Houston Christian,0.8333333333333334,0.6923076923076923,0.0,0.0
3107,75207,Derek Petersen,IU Indy,0.0,0.0,0.0,1.0
3108,75208,Boston Stanton III,IU Indy,0.0,0.5,0.5,0.8
3109,75212,Brayden Daniels,Georgia Tech,0.0,0.0,0.0,0.0
3110,75214,Ja'Heim Hudson,Georgia St.,1.0,0.3888888888888889,0.6,0.9333333333333333
3111,75215,Danny Stubbs,Georgia St.,0.0,0.0,1.0,0.8333333333333334
3112,75216,Jackie Johnson III,UNLV,0.0,0.2777777777777778,0.5,0.7272727272727273
3113,75218,Miles Kelly,Georgia Tech,1.0,0.5106382978723404,0.3333333333333333,0.9411764705882353
3114,75219,Jalon Moore,Georgia Tech,0.6666666666666666,0.4888888888888889,0.2413793103448276,1.0
3115,75220,Jamall Clyce,Georgia St.,0.0,0.0,0.5,0.0
3116,75221,Dallan 'Deebo' Coleman,Georgia Tech,0.0,0.6,0.2222222222222222,0.9074074074074074
3117,75223,Adam Comer,Charleston,0.0,0.3333333333333333,0.5,0.0
3118,75224,Mohamed Sylla,Boise St.,1.0,0.6666666666666666,0.3333333333333333,0.0
3119,75225,Ryan Sayers,Temple,0.0,0.0,0.0,0.0
3120,75226,Jack Miller,Charleston,0.0,0.0,0.0,0.5
3121,75227,Dylan Ritter,Charleston,0.0,0.0,0.0,1.0
3122,75228,Brandon Held,Towson,0.0,0.0,0.0,0.0
3123,75229,Olugbemi Joseph,Towson,0.0,0.0,0.0,0.0
3124,75230,Cameron Burist,UNLV,0.0,0.0,0.0,1.0
3125,75232,Jarvis Moss,Stanford,0.0,1.0,0.0,0.5
3126,75234,Drissa Traore,St. John's,1.0,1.0,0.0,1.0
3127,75235,Enoch Boakye,Arizona St.,1.0,0.8,0.0,0.0
3128,75236,Justin Rochelin,Oregon St.,0.0,1.0,0.5,1.0
3129,75237,Rafael Pinzon,St. John's,0.0,0.45454545454545453,0.3333333333333333,0.875
3130,75238,Bobby Hurley,Arizona St.,0.0,0.0,0.0,1.0
3131,75242,J'Quan Ewing,Southern,0.0,0.0,0.0,0.0
3132,75243,Jaden Campbell,Samford,0.5,0.45454545454545453,0.2,0.9285714285714286
3133,75245,Giovanni Emejuru,Sam Houston St.,0.3333333333333333,0.3333333333333333,0.3333333333333333,0.0
3134,75246,"Wesley Cardett, Jr.",Chicago St.,0.4,0.2111111111111111,0.17647058823529413,0.5
3135,75247,Jaden Ray,Sam Houston St.,0.0,0.2,0.14285714285714285,0.8333333333333334
3136,75248,Kevin Martina,Robert Morris,0.0,1.0,0.0,0.0
3137,75250,Damon Nicholas Jr.,Sam Houston St.,0.5,0.2727272727272727,0.4,1.0
3138,75251,Kehlin Farooq,Texas Southern,0.6666666666666666,0.4,0.2,0.7857142857142857
3139,75255,Nicolas Pavrette,Central Michigan,0.8461538461538461,0.6363636363636364,0.6666666666666666,0.0
3140,75257,Isaac Mushila,Texas A&M Corpus Chris,0.5,0.5982905982905983,0.5,0.8571428571428571
3141,75259,Conner Gillis,Utah St.,0.0,0.0,0.0,0.0
3142,75260,Tucker DeVries,Drake,0.5,0.2619047619047619,0.1282051282051282,0.7857142857142857
3143,75261,Conor Enright,Drake,0.0,0.17391304347826086,0.2,0.9444444444444444
3144,75265,Damian Forrest,North Alabama,0.5333333333333333,0.35443037974683544,0.18181818181818182,0.0
3145,75267,Jaylen Blakes,Duke,0.5,0.26666666666666666,0.0,1.0
3146,75270,DaShawn Jackson,Eastern Kentucky,0.0,0.0,0.0,0.75
3147,75271,Leon Williams,Gardner Webb,0.0,0.0,0.0,1.0
3148,75272,Terrence Butler,Drexel,0.0,1.0,0.0,0.0
3149,75275,Marlon Lestin,Murray St.,0.0,0.0,0.0,0.0
3150,75276,Kevin-David Rice,Eastern Michigan,0.0,0.375,0.0,0.9090909090909091
3151,75277,Birima Seck,New Mexico,0.0,0.5,0.0,0.0
3152,75279,Joe Ostrowsky,Central Connecticut,0.0,0.5,0.2,0.9285714285714286
3153,75280,Davonte Sweatman,Central Connecticut,0.0,0.36363636363636365,0.2777777777777778,1.0
3154,75281,Babacar Faye,Charleston,0.8823529411764706,0.5813953488372093,0.42857142857142855,1.0
3155,75282,Sean Durugordon,Austin Peay,0.8,0.3137254901960784,0.23809523809523808,0.9090909090909091
3156,75283,Dylan Hayman,Incarnate Word,1.0,0.5555555555555556,0.6666666666666666,1.0
3157,75284,Samson Johnson,Connecticut,0.0,0.6666666666666666,1.0,0.0
3158,75285,Jace Carter,Illinois Chicago,0.7777777777777778,0.4931506849315068,0.41025641025641024,0.7735849056603774
3159,75286,Jaden Brownell,Illinois Chicago,1.0,0.6875,1.0,1.0
3160,75287,Filip Skobalj,Illinois Chicago,0.0,0.9047619047619048,0.6666666666666666,1.0
3161,75288,Reggie Abram,Incarnate Word,0.0,0.0,0.0,0.0
3162,75291,Benjamin Griscti,Incarnate Word,1.0,0.75,0.5,1.0
3163,75292,Brock Heffner,Green Bay,1.0,0.35294117647058826,0.2857142857142857,0.8823529411764706
3164,75293,Kobe Mitchell,Akron,0.0,0.5,0.0,1.0
3165,75294,Pat Mayfield,Akron,0.0,0.0,1.0,0.0
3166,75295,Evan Wilson,Akron,0.0,0.0,0.0,1.0
3167,75298,Carter Kingsbury,Iowa,0.0,0.0,0.0,1.0
3168,75299,Luc Laketa,Iowa,0.0,0.0,0.0,1.0
3169,75300,Sekou Kalle,Evansville,0.75,0.6842105263157895,0.0,0.0
3170,75301,Nate Johnson,Akron,0.3,0.3,0.18181818181818182,1.0
3171,75302,Osei Price,Oakland,1.0,0.5,0.5,0.95
3172,75304,Tyler Olden,Western Kentucky,0.0,0.0,0.0,0.0
3173,75305,Brody Parker,Oakland,0.0,0.0,0.3333333333333333,1.0
3174,75306,Redford Dunton,Purdue Fort Wayne,0.0,0.0,0.0,1.0
3175,75307,JoJo Peterson,Purdue Fort Wayne,0.0,0.2857142857142857,0.4,1.0
3176,75309,Kobe Johnson,West Virginia,0.0,0.4666666666666667,0.2222222222222222,1.0
3177,75310,Mac MacDonald,Navy,0.0,0.0,0.0,1.0
3178,75311,Roger McFarlane,Southeastern Louisiana,1.0,0.6078431372549019,0.3181818181818182,0.8297872340425532
3179,75312,Esahia Nyiwe,St. John's,1.0,0.6666666666666666,1.0,0.0
3180,75313,Oluwasegun Durosinmi,Northern Illinois,1.0,0.7142857142857143,1.0,0.0
3181,75314,Linton Brown,Coastal Carolina,0.0,0.5,0.13333333333333333,0.9512195121951219
3182,75315,Tate Ryder,Southern Miss,0.0,1.0,0.0,0.0
3183,75316,Walyn Napper,Longwood,0.0,0.1694915254237288,0.04878048780487805,0.9230769230769231
3184,75317,Brooks Allen,St. Thomas,0.0,0.16129032258064516,0.058823529411764705,0.9069767441860465
3185,75319,Will Engels,St. Thomas,1.0,0.2631578947368421,0.2,1.0
3186,75322,Brody Peebles,Liberty,0.0,0.6129032258064516,0.0,0.9230769230769231
3187,75323,Bryson Spell,Liberty,0.0,0.0,0.0,1.0
3188,75324,Stephen Burggraf,Liberty,0.0,0.0,0.0,0.0
3189,75326,Cahiem Brown,Norfolk St.,0.6666666666666666,0.3333333333333333,0.16216216216216217,0.875
3190,75327,Rivaldo Soares,Oregon,0.5,0.5,0.08,0.88
3191,75328,Joseph Venzant,Liberty,1.0,0.7727272727272727,1.0,1.0
3192,75329,Terrance Jones,Norfolk St.,0.0,0.25,0.1111111111111111,0.75
3193,75330,Nate Bittle,Oregon,0.8,0.675,0.18181818181818182,0.9047619047619048
3194,75332,Joshua Streit,North Dakota St.,0.6666666666666666,0.625,1.0,0.0
3195,75334,Camryn Weston,Middle Tennessee,0.16666666666666666,0.1323529411764706,0.038461538461538464,0.5714285714285714
3196,75335,Teafale Lenard Jr,Middle Tennessee,0.6382978723404256,0.42857142857142855,0.08333333333333333,0.8888888888888888
3197,75336,D'Marco Dunn,North Carolina,1.0,0.4,0.16666666666666666,0.9166666666666666
3198,75339,Andrew Morgan,North Dakota St.,0.7692307692307693,0.527027027027027,0.19148936170212766,0.5
3199,75340,Justin Bufford,Middle Tennessee,0.6666666666666666,0.4666666666666667,0.2857142857142857,0.84
3200,75343,Jackson Peakes,Rice,0.0,0.0,0.0,0.0
3201,75345,Alvaro Cardenas,San Jose St.,0.0,0.16216216216216217,0.16666666666666666,0.7090909090909091
3202,75346,Myron Amey Jr.,San Jose St.,1.0,0.5714285714285714,0.5,0.75
3203,75347,Jaden Geron,Rice,0.0,0.0,0.0,1.0
3204,75348,Majok Kuath,Northwestern St.,0.3333333333333333,0.625,0.0,0.0
3205,75350,Zavian McLean,Columbia,0.0,0.28125,0.11764705882352941,0.6923076923076923
3206,75351,Isa Silva,Stanford,0.0,0.14285714285714285,0.0,1.0
3207,75352,O'Mar Stanley,St. John's,0.8125,0.6888888888888889,0.45454545454545453,1.0
3208,75353,Tajik Bartholomew,Tennessee St.,1.0,0.3333333333333333,0.0,0.5
3209,75355,Ryan Schmitt,Illinois St.,1.0,0.6,1.0,1.0
3210,75356,Jeremiah Kendall,Alcorn St.,0.5,0.41379310344827586,0.41025641025641024,1.0
3211,75357,Cameron Henry,Indiana St.,0.625,0.2988505747126437,0.03571428571428571,0.875
3212,75358,Xavier Bledson,Indiana St.,0.0,0.7692307692307693,0.1111111111111111,0.9565217391304348
3213,75359,Davante Dennis,Incarnate Word,0.5,0.6,0.56,0.0
3214,75360,Mike Marsh,Jacksonville,0.9,0.5581395348837209,0.5526315789473685,0.0
3215,75361,David Acosta,Tennessee St.,0.8636363636363636,0.7692307692307693,0.5,0.0
3216,75364,JP Pegues,Furman,0.6666666666666666,0.26153846153846155,0.36363636363636365,0.6129032258064516
3217,75369,Tevin Smith,Denver,1.0,0.375,0.08823529411764706,0.8
3218,75370,Cameron George,East Tennessee St.,0.0,0.0,0.0,1.0
3219,75371,Alex Williams,Furman,0.5,0.4642857142857143,0.2,0.9
3220,75372,Tyrese Hughey,Furman,0.8,0.7878787878787878,0.4,1.0
3221,75373,Jalen Miller,Rutgers,0.0,0.0,0.3333333333333333,0.0
3222,75374,Logan Stephens,Rutgers,0.0,1.0,0.0,0.0
3223,75375,Chris Hodges,Wisconsin,0.0,0.0,0.0,0.0
3224,75376,Chucky Hepburn,Wisconsin,0.3333333333333333,0.12195121951219512,0.023255813953488372,0.7058823529411765
3225,75377,Matthew Mors,South Dakota St.,0.6666666666666666,0.4772727272727273,0.16666666666666666,0.6875
3226,75378,Markus Ilver,Wisconsin,1.0,0.5,0.0,1.0
3227,75380,KJ Lee,Western Illinois,0.0,0.5294117647058824,0.6666666666666666,1.0
3228,75383,Diego Campisano,Northern Arizona,0.0,0.3333333333333333,0.0,1.0
3229,75384,Ernest Ross,N.C. State,0.8333333333333334,0.6216216216216216,0.6666666666666666,1.0
3230,75385,Abdoulaye Thiam,High Point,0.5,0.4318181818181818,0.25,0.8253968253968254
3231,75386,Breon Pass,N.C. State,0.0,0.7142857142857143,0.2,0.8
3232,75388,Terquavion Smith,N.C. State,0.7142857142857143,0.21666666666666667,0.14035087719298245,0.5824175824175825
3233,75389,Elijah Farr,Western Illinois,0.0,0.14285714285714285,0.75,1.0
3234,75391,Pierre Brooks,Michigan St.,0.0,0.3333333333333333,0.6666666666666666,0.9583333333333334
3235,75392,Jaden Akins,Michigan St.,0.25,0.2,0.43333333333333335,1.0
3236,75393,David Pickles,UC Santa Barbara,0.0,1.0,0.0,0.0
3237,75397,Lassina Traore,Long Beach St.,0.46153846153846156,0.5048543689320388,0.6071428571428571,1.0
3238,75399,Trey Alfonso,Southern Miss,0.0,1.0,0.0,0.0
3239,75400,Mareng Gatkuoth,Tarleton St.,1.0,1.0,0.0,1.0
3240,75401,Nate Santos,Pittsburgh,0.6666666666666666,0.3333333333333333,0.3333333333333333,1.0
3241,75402,Chris Payton,Kent St.,0.7857142857142857,0.6708860759493671,0.7142857142857143,0.0
3242,75403,Vasilije Vucinic,Portland,0.8571428571428571,0.6428571428571429,0.4,0.0
3243,75405,Chika Nduka,Portland,0.0,0.7407407407407407,0.625,1.0
3244,75406,Matija Svetozarevic,Hawaii,0.0,0.0,0.0,0.0
3245,75409,Malik Thomas,USC,1.0,0.4666666666666667,0.3333333333333333,1.0
3246,75410,Kobe Johnson,USC,0.5714285714285714,0.5172413793103449,0.5,1.0
3247,75411,Harrison Hornery,USC,0.0,0.6666666666666666,1.0,0.8
3248,75413,Makoa Surigao,UNC Wilmington,0.0,0.0,0.0,1.0
3249,75414,Luc Therrien,Hampton,1.0,0.7,0.8333333333333334,0.0
3250,75424,Isaiah Caldwell,Army,0.0,0.5,0.0,1.0
3251,75425,Akiva McBirney Griffin,UC Irvine,1.0,0.8260869565217391,0.0,0.0
3252,75426,Bent Leuchten,UC Irvine,1.0,0.6949152542372882,0.26666666666666666,1.0
3253,75428,Trey Edmonds,Utah Tech,0.8,0.5652173913043478,0.4,0.0
3254,75430,Anthony Iglesia,Washington,0.0,0.0,0.0,0.0
3255,75431,Sherman Brashear,UT Rio Grande Valley,0.0,0.25,0.3333333333333333,0.9459459459459459
3256,75432,Vonterius Woolbright,Western Carolina,0.2,0.14,0.0,0.8181818181818182
3257,75433,TJ Small,Army,0.3333333333333333,0.4,0.3333333333333333,1.0
3258,75435,Keller Boothby,Cornell,0.0,0.75,0.5,0.95
3259,75438,Imanuel Zorgvol,Northern Kentucky,0.7857142857142857,0.7,0.8571428571428571,0.0
3260,75439,Hubertas Pivorius,Northern Kentucky,0.0,1.0,0.0,0.8571428571428571
3261,75441,Dalton Knecht,Northern Colorado,0.5769230769230769,0.3163265306122449,0.12727272727272726,0.6666666666666666
3262,75442,Dawson Mohr,Northern Colorado,0.0,0.0,0.0,1.0
3263,75443,Kur Jongkuch,Temple,0.8,0.7916666666666666,0.8,0.0
3264,75445,Sam Vinson,Northern Kentucky,0.8,0.5263157894736842,0.14285714285714285,0.9347826086956522
3265,75447,Jonathan Kurtas,SIU Edwardsville,0.6,0.4,0.5238095238095238,0.0
3266,75449,Darius Sherman,Oakland,0.0,0.0,0.0,0.0
3267,75450,Aladji Gassama,Pepperdine,0.0,1.0,1.0,0.0
3268,75451,Carson Basham,Pepperdine,1.0,0.7468354430379747,0.8,0.0
3269,75452,Maxwell Lewis,Pepperdine,0.6190476190476191,0.38823529411764707,0.21739130434782608,0.5641025641025641
3270,75455,Jamel King,West Virginia,0.0,0.5,0.0,1.0
3271,75457,Zach Hicks,Temple,1.0,0.4444444444444444,0.38461538461538464,0.9625
3272,75458,Hysier Miller,Temple,0.0,0.2647058823529412,0.3157894736842105,0.675
3273,75459,D'Angelo Stines,Old Dominion,1.0,0.2857142857142857,0.36363636363636365,0.8571428571428571
3274,75461,Abdou Samb,Rhode Island,1.0,0.6206896551724138,0.8666666666666667,0.0
3275,75464,Ben Knostman,Lehigh,0.0,0.1111111111111111,0.0,1.0
3276,75465,AJ Burgin,Idaho St.,0.0,0.4,0.0,0.8333333333333334
3277,75467,Trey Hicks,Longwood,0.0,0.0,0.0,0.0
3278,75468,Cli'Ron Hornbeak,Kent St.,0.7333333333333333,0.5694444444444444,0.25,0.0
3279,75469,Keith Higgins Jr,Lehigh,0.0,0.28,0.1875,0.7017543859649122
3280,75470,Jaylani Darden,Longwood,0.0,0.14285714285714285,0.0,1.0
3281,75471,Tyler Whitney-Sidney,Lehigh,0.8,0.42857142857142855,0.03571428571428571,0.8095238095238095
3282,75473,Tamar Bates,Indiana,0.8571428571428571,0.6666666666666666,0.19047619047619047,0.8918918918918919
3283,75474,Logan Duncomb,Indiana,1.0,0.5555555555555556,0.3333333333333333,0.0
3284,75476,Malcolm Chimezie,Boston University,0.6666666666666666,0.48484848484848486,0.5,0.0
3285,75477,Curt Hopf,Bellarmine,0.8333333333333334,0.7142857142857143,0.25,0.9666666666666667
3286,75478,Ben Johnson,Bellarmine,0.0,0.23333333333333334,0.16666666666666666,0.9433962264150944
3287,75479,Landin Hacker,Bellarmine,0.0,0.0,0.5,1.0
3288,75480,Jayden Brown,Central Connecticut,1.0,0.7045454545454546,0.5,1.0
3289,75481,Guy Ragland Jr.,Cornell,0.0,0.2413793103448276,0.18181818181818182,1.0
3290,75482,Angelo Brizzi,Villanova,0.0,0.5,1.0,0.0
3291,75483,Michel Ndayishimiye,Vermont,0.0,0.0,0.0,0.0
3292,75484,Sam Alamutu,Vermont,0.8,0.5294117647058824,0.0,1.0
3293,75486,Chase Courbat,Northern Iowa,0.0,0.0,0.0,0.0
3294,75487,Michael Duax,Northern Iowa,0.2857142857142857,0.5,0.17857142857142858,1.0
3295,75488,Landon Wolf,Northern Iowa,0.6666666666666666,0.46153846153846156,0.26666666666666666,0.8478260869565217
3296,75492,Ja'Sean Jackson,Abilene Christian,0.0,0.3333333333333333,0.3333333333333333,0.6666666666666666
3297,75497,Noah McDavid,Tarleton St.,1.0,0.375,1.0,1.0
3298,75501,Wade Taylor IV,Texas A&M,0.0,0.10810810810810811,0.22727272727272727,0.6582278481012658
3299,75502,Davin Watkins,Texas A&M,0.0,0.0,0.0,0.0
3300,75504,EJ Farmer,Toledo,0.0,0.46808510638297873,0.26666666666666666,1.0
3301,75505,KJ Allen,Texas Tech,0.6666666666666666,0.5238095238095238,0.3333333333333333,1.0
3302,75508,Mihai Carcoana,South Dakota,0.0,0.4,0.4,1.0
3303,75511,Elijah Wilson,Toledo,0.0,0.0,0.0,1.0
3304,75513,Chris Nix,Tennessee Martin,1.0,0.45454545454545453,0.09090909090909091,0.0
3305,75514,Darwin Randolph,Campbell,0.0,0.0,0.0,0.0
3306,75515,RJ Kennah,Wake Forest,0.0,0.0,0.0,0.0
3307,75517,Brian Myles,Prairie View A&M,0.0,0.2222222222222222,0.25,1.0
3308,75518,Patrick Neal,Prairie View A&M,0.0,1.0,0.0,0.0
3309,75519,Zee Hamoda,Utah St.,1.0,0.3,0.0,0.8666666666666667
3310,75521,Kyle Braun,Marshall,0.0,0.0,0.0,0.0
3311,75522,Wyatt Fricks,Marshall,0.8,0.7142857142857143,1.0,1.0
3312,75523,Glenn Taylor Jr.,Oregon St.,1.0,0.1506849315068493,0.14285714285714285,0.8947368421052632
3313,75524,Creighton Thieneman,Marshall,0.0,0.0,0.0,0.0
3314,75526,Marlow Gilmore,Western Carolina,1.0,0.5,0.0,0.0
3315,75528,Greydon Edwards,Pacific,0.0,0.0,0.0,1.0
3316,75530,Khaleb Wilson-Rouse,New Orleans,0.0,0.34615384615384615,0.4,0.8974358974358975
3317,75533,Terrion Murdix,Texas A&M Corpus Chris,0.0,0.14150943396226415,0.11538461538461539,0.5833333333333334
3318,75534,Kevin Miller,Central Michigan,0.0,0.1,0.21428571428571427,1.0
3319,75535,Tyrese Nickelson,Texas A&M Corpus Chris,0.0,0.45454545454545453,0.6666666666666666,1.0
3320,75536,Kam Summers,Navy,0.0,0.6,0.3333333333333333,0.8571428571428571
3321,75537,Dan Luers,Eastern Illinois,0.5,0.625,0.4166666666666667,1.0
3322,75539,Jasman Sangha,Texas A&M Corpus Chris,0.0,0.4,0.2857142857142857,0.0
3323,75541,Christian Tomasco,Hofstra,1.0,0.5,0.0,0.0
3324,75542,Amar'e Marshall,Hofstra,1.0,0.24,0.25,0.7142857142857143
3325,75543,Jason Roche,Richmond,0.0,0.7142857142857143,0.5,0.9423076923076923
3326,75545,Griffin Barrouk,Hofstra,0.0,1.0,1.0,1.0
3327,75546,Jaquan Carlos,Hofstra,0.0,0.3157894736842105,0.13043478260869565,0.9714285714285714
3328,75547,Tyrel Morgan,Texas St.,1.0,0.4027777777777778,0.18181818181818182,0.8181818181818182
3329,75548,Davion Coleman,Texas St.,0.0,0.15384615384615385,0.09090909090909091,1.0
3330,75549,Jackson Price,The Citadel,1.0,0.7272727272727273,0.6,1.0
3331,75550,Langdon Hatton,Bellarmine,0.875,0.6875,0.0,1.0
3332,75552,Bryce Johnson,Chicago St.,0.6666666666666666,0.47619047619047616,0.3,0.8444444444444444
3333,75553,Devin Carter,Providence,0.5172413793103449,0.3950617283950617,0.24,0.7142857142857143
3334,75554,Payton Sparks,Ball St.,0.72,0.48333333333333334,0.42857142857142855,0.5
3335,75555,Jaylin Sellers,Ball St.,0.5,0.34,0.16666666666666666,0.9215686274509803
3336,75556,Robert Pierce Blount,Chicago St.,0.0,0.0,0.0,0.0
3337,75557,Jacobi Wright,South Carolina,0.0,0.1,0.08823529411764706,0.8928571428571429
3338,75558,Ali Abdou Dibba,Abilene Christian,0.5,0.5844155844155844,0.4,1.0
3339,75559,Jahsean Corbett,Chicago St.,0.25,0.4791666666666667,0.16,0.78125
3340,75561,Kedrick Green,Chicago St.,0.0,0.0,0.4,0.7692307692307693
3341,75562,Matthew Marsh,Wake Forest,0.9384615384615385,0.8658536585365854,0.0,0.0
3342,75563,Will Shepherd,Oakland,0.0,0.5,0.0,1.0
3343,75564,Alex Wade,Notre Dame,0.0,0.0,0.0,0.0
3344,75565,Lazar Stefanovic,Utah,0.5,0.34285714285714286,0.391304347826087,0.9090909090909091
3345,75571,Bostyn Holt,Utah,0.0,0.2,0.0,1.0
3346,75572,Dashawn Davis,Mississippi St.,0.0,0.34782608695652173,0.1,0.972972972972973
3347,75573,Trae English,McNeese St.,0.0,0.017543859649122806,0.0,0.5666666666666667
3348,75575,Sebastian Thomas,Rhode Island,0.0,0.2413793103448276,0.125,0.8421052631578947
3349,75576,Khalil Brantley,La Salle,0.0,0.375,0.031746031746031744,0.7027027027027027
3350,75577,Marcus Randolph,Richmond,0.0,0.375,0.18181818181818182,1.0
3351,75578,Aidan Noyes,Richmond,0.0,0.3333333333333333,0.0,0.75
3352,75580,Andre Washington,LIU,0.0,0.42857142857142855,0.4666666666666667,0.9444444444444444
3353,75582,Charles Ireland,La Salle,0.0,0.0,1.0,0.0
3354,75584,Shane Dezonie,Temple,0.0,0.25,0.0,1.0
3355,75585,Noah Reynolds,Wyoming,0.0,0.1206896551724138,0.0,0.782608695652174
3356,75586,Cort Roberson,Wyoming,0.0,0.0,0.0,0.0
3357,75587,Peyton Daniels,Jacksonville St.,1.0,0.09090909090909091,0.0,0.7619047619047619
3358,75588,Darius Ford,TCU,0.0,0.0,0.0,0.0
3359,75589,Keaton Norris,Wright St.,0.0,0.75,0.2222222222222222,1.0
3360,75590,Gabe Dorsey,William & Mary,0.0,0.0,0.0625,0.8767123287671232
3361,75591,David Joplin,Marquette,0.0,0.375,0.2857142857142857,0.9701492537313433
3362,75592,Keeyan Itejere,Marquette,0.8,0.8,0.0,0.0
3363,75593,Riley Mulvey,Iowa,1.0,0.8,0.0,0.0
3364,75595,Zach Clemence,Kansas,0.0,0.8571428571428571,0.0,1.0
3365,75596,KJ Adams Jr.,Kansas,0.92,0.7933884297520661,0.75,0.0
3366,75597,Stevie Mitchell,Marquette,0.6666666666666666,0.49230769230769234,0.5,0.9047619047619048
3367,75598,Payton Sandfort,Iowa,0.5,0.42105263157894735,0.3888888888888889,0.847457627118644
3368,75600,Lamaj Lewis,Loyola Marymount,0.0,0.2857142857142857,0.3333333333333333,1.0
3369,75601,Luke Kolaja,Yale,0.0,0.0,1.0,1.0
3370,75602,Matthew Cleveland,Florida St.,0.6842105263157895,0.4567901234567901,0.41818181818181815,1.0
3371,75605,Bryce Hopkins,Providence,0.8461538461538461,0.40869565217391307,0.5161290322580645,1.0
3372,75606,Daimion Collins,Kentucky,0.75,0.5384615384615384,0.75,0.0
3373,75612,Philip Byriel,Princeton,0.0,0.0,0.0,1.0
3374,75614,Andre Snoddy,Central Connecticut,0.6,0.5384615384615384,0.5,0.8571428571428571
3375,75616,Cade Hardtke,Bradley,0.0,0.0,0.0,0.0
3376,75617,Camren Hunter,Central Arkansas,0.0,0.19148936170212766,0.17142857142857143,0.5208333333333334
3377,75618,Lawson Lovering,Colorado,0.7727272727272727,0.6595744680851063,0.4,0.0
3378,75619,Sam Hennessy,Bradley,0.0,0.0,0.0,1.0
3379,75620,Elias Cato,Central Arkansas,0.6666666666666666,0.48,0.625,0.875
3380,75621,Connor Hickman,Bradley,0.3333333333333333,0.34782608695652173,0.2564102564102564,0.8666666666666667
3381,75622,KJ Simpson,Colorado,0.14285714285714285,0.18072289156626506,0.13157894736842105,0.6216216216216216
3382,75623,Javon Ruffin,Colorado,0.0,0.4666666666666667,0.2857142857142857,0.9583333333333334
3383,75624,VJ Reeves,Central Arkansas,1.0,0.25,0.25,0.8285714285714286
3384,75625,Hegel Augustin,Prairie View A&M,0.0,0.15384615384615385,0.08333333333333333,0.8928571428571429
3385,75626,Rodney Gunn Jr.,Duquesne,1.0,0.6923076923076923,0.4375,0.972972972972973
3386,75628,AJ Clayton,Ohio,0.8333333333333334,0.4,0.0,0.9534883720930233
3387,75629,Terry Roberts,Georgia,0.2,0.2033898305084746,0.023809523809523808,0.5526315789473685
3388,75632,Dancell Leter,Utah Tech,0.5,0.2608695652173913,0.4117647058823529,0.8666666666666667
3389,75633,Jackson Kenyon,Miami OH,0.0,0.6666666666666666,0.0,0.0
3390,75634,Malevy Leons,Bradley,0.8235294117647058,0.5,0.13636363636363635,1.0
3391,75639,Brandon Huntley-Hatfield,Louisville,0.75,0.4358974358974359,0.25,1.0
3392,75641,Jonas Aidoo,Tennessee,0.8333333333333334,0.62,0.7142857142857143,1.0
3393,75642,Cam Palesse,Valparaiso,0.0,0.0,0.0,0.0
3394,75643,Hercy Miller,Louisville,0.0,0.42857142857142855,0.5,0.8
3395,75644,Preston Ruedinger,Valparaiso,0.0,0.0,0.5,0.5
3396,75645,Josh Irwin,Youngstown St.,0.0,1.0,1.0,0.0
3397,75647,Ethan Riggs Abner,Tennessee St.,0.0,0.0,0.0,1.0
3398,75649,Roosevelt Wheeler,Louisville,0.75,0.5,0.0,0.0
3399,75650,Rollin Belton,Marist,1.0,0.875,0.3333333333333333,0.0
3400,75655,Veljko Ilic,Loyola MD,1.0,0.65,0.5,0.0
3401,75656,Bobby Pettiford Jr.,Kansas,0.0,0.32,0.3333333333333333,1.0
3402,75657,Leyi Adebayo,Princeton,0.0,0.0,0.0,0.0
3403,75659,Matt Allocco,Princeton,0.0,0.125,0.11538461538461539,0.8222222222222222
3404,75660,Jaden Cooper,Columbia,0.0,0.0,0.0,0.5
3405,75661,Sam Klores,Brown,0.0,0.0,0.0,0.0
3406,75662,Nana Owusu-Anane,Brown,0.8125,0.5189873417721519,0.375,1.0
3407,75663,Jalen Lake,Colorado St.,0.0,0.8571428571428571,0.23076923076923078,0.9761904761904762
3408,75665,Aaron Cooley,Brown,0.8333333333333334,0.5588235294117647,0.3,0.7777777777777778
3409,75667,Tyler Fearne,Charlotte,0.0,0.0,0.0,1.0
3410,75668,Robbie Stankard,Columbia,0.0,1.0,0.0,1.0
3411,75670,Victor Hart,Southern Miss,0.3333333333333333,0.23076923076923078,0.3333333333333333,0.6666666666666666
3412,75672,Blaise Beauchamp,Evansville,0.0,0.0,0.0,0.8571428571428571
3413,75673,Sebastien Lamaute,Fairleigh Dickinson,0.5,0.3888888888888889,0.14285714285714285,0.7333333333333333
3414,75674,Jalen Ware,Austin Peay,0.75,0.5757575757575758,0.6,0.875
3415,75677,Imhotep George,Eastern Washington,1.0,0.5,0.0,0.0
3416,75678,Cole Middleton,Cleveland St.,0.0,0.7777777777777778,0.0,0.0
3417,75681,Devin Carter,Alcorn St.,0.0,0.3333333333333333,0.14285714285714285,0.6666666666666666
3418,75683,Bradley Ezewiro,Georgetown,0.8666666666666667,0.8048780487804879,0.0,0.0
3419,75685,Efton Reid III,Gonzaga,1.0,0.3333333333333333,0.5555555555555556,0.0
3420,75686,Alex Fudge,Florida,0.6071428571428571,0.35714285714285715,0.0,0.8181818181818182
3421,75687,Brandon Murray,Georgetown,0.75,0.23636363636363636,0.25,0.8571428571428571
3422,75688,Dalen Ridgnal,Missouri St.,0.4,0.3333333333333333,0.0,0.7857142857142857
3423,75689,Kario Oquendo,Georgia,0.5384615384615384,0.3230769230769231,0.08333333333333333,0.6285714285714286
3424,75690,Randy Brady,Chattanooga,1.0,0.42857142857142855,0.0,1.0
3425,75693,Lucas Taylor,Wake Forest,0.0,0.0,0.0,1.0
3426,75694,Kirk Cole,Troy,0.0,0.0,0.0,0.0
3427,75696,Anthony Pritchard,Tulsa,0.0,0.16216216216216217,0.07692307692307693,0.7692307692307693
3428,75698,Leo DeBruhl,UC Davis,0.0,0.5,0.42857142857142855,0.8095238095238095
3429,75699,Cameron Hildreth,Wake Forest,1.0,0.13636363636363635,0.05263157894736842,0.75
3430,75700,Duke Deen,Bradley,0.0,0.2,0.11764705882352941,0.5217391304347826
3431,75701,Max Bowman,Tulane,0.0,0.0,0.0,0.0
3432,75702,Sterling Gaston-Chapman,Tulsa,0.0,0.2962962962962963,0.2222222222222222,1.0
3433,75704,Kyle Duke,North Carolina A&T,0.6666666666666666,0.625,0.0,1.0
3434,75705,Wooga Poplar,Miami FL,0.8421052631578947,0.6086956521739131,0.21875,1.0
3435,75706,Patrick McMahon,Montana St.,0.5,0.45454545454545453,0.25,0.75
3436,75707,Jakai Robinson,Miami FL,0.0,1.0,0.0,0.0
3437,75708,Alex Germer,Montana St.,0.0,0.0,0.0,0.0
3438,75709,Isaac Spears,Cal Poly,0.0,0.0,0.0,0.0
3439,75710,Sam Lecholat,Montana St.,0.0,0.75,0.5,1.0
3440,75711,Wilhelm Breidenbach,Nebraska,1.0,0.4,0.3333333333333333,0.9090909090909091
3441,75712,Oleg Kojenets,Nebraska,0.0,0.6666666666666666,0.0,0.0
3442,75713,Robert McRae III,Dartmouth,0.0,0.3,0.0,1.0
3443,75714,Jaren Johnson,Dartmouth,0.0,0.3076923076923077,0.2222222222222222,0.8888888888888888
3444,75715,Dusan Neskovic,Dartmouth,0.6666666666666666,0.4473684210526316,0.125,0.925
3445,75716,Gabriel McKay,Liberty,0.0,0.0,0.0,0.0
3446,75719,Kuluel Mading,Buffalo,0.0,0.3333333333333333,0.5,0.0
3447,75720,Ian Schieffelin,Clemson,0.9,0.6862745098039216,0.5833333333333334,1.0
3448,75721,Curtis Jones,Buffalo,1.0,0.3488372093023256,0.22448979591836735,0.8235294117647058
3449,75722,Kidtrell Blocker,Buffalo,1.0,0.3181818181818182,0.625,0.7777777777777778
3450,75723,DJ Hughes,Butler,1.0,0.4444444444444444,1.0,0.0
3451,75724,Zaakir Williamson,Buffalo,0.0,0.6666666666666666,0.0,0.0
3452,75725,Jayden Taylor,Butler,0.4,0.3448275862068966,0.21875,0.6888888888888889
3453,75726,Nicolas Louis-Jacques,Colgate,0.0,0.5,1.0,0.9285714285714286
3454,75728,Pierce Thomas,Butler,0.8333333333333334,0.6153846153846154,0.0,1.0
3455,75730,Josh Ozabor,Bryant,0.0,0.2,0.0,0.0
3456,75731,Rakeim Gary,South Carolina St.,0.0,0.13793103448275862,0.1935483870967742,0.7254901960784313
3457,75732,TJ Madlock,Alabama St.,0.2,0.14814814814814814,0.20512820512820512,0.75
3458,75734,Jeffrey Grace III,Nebraska,0.0,0.0,0.0,0.0
3459,75735,Shane Feden,James Madison,0.0,0.0,1.0,0.0
3460,75736,Steven Vasquez,Fresno St.,0.0,0.0,0.0,0.0
3461,75738,Josh Hemmings,Harvard,1.0,0.4,0.0,0.0
3462,75739,Claudell Harris Jr.,Charleston Southern,1.0,0.3333333333333333,0.1111111111111111,0.5714285714285714
3463,75740,Zander Yates,Creighton,0.0,0.0,1.0,1.0
3464,75743,Mason Grant,Campbell,0.0,0.7272727272727273,0.25,1.0
3465,75745,Nolan Hickman,Gonzaga,0.0,0.2692307692307692,0.09375,0.6590909090909091
3466,75746,Hunter Sallis,Gonzaga,0.8571428571428571,0.3333333333333333,0.16666666666666666,0.9
3467,75749,Isaiah Thompson,Lafayette,0.0,0.0,0.0,0.0
3468,75751,Devin Hines,Lafayette,1.0,0.4,0.0,0.8
3469,75752,CJ Fulton,Lafayette,0.0,0.45454545454545453,0.20833333333333334,0.8620689655172413
3470,75753,Jayden Doyle,Monmouth,1.0,0.625,0.75,1.0
3471,75754,Chris Rubayo,Lafayette,1.0,1.0,1.0,0.0
3472,75755,Kaleb Brown,Missouri,0.0,1.0,0.0,1.0
3473,75756,Trevon Brazile,Arkansas,0.5454545454545454,0.5,0.5,1.0
3474,75759,Anton Brookshire,Iona,0.0,0.5,0.2,0.8064516129032258
3475,75763,Nick Filchner,Merrimack,0.0,1.0,0.0,0.9166666666666666
3476,75764,John Solomon,Montana,0.0,0.0,0.0,0.0
3477,75765,Kohen Thompson,Maryland Eastern Shore,0.0,0.3333333333333333,0.0,0.9375
3478,75768,Will Ramberg,Minnesota,0.0,0.9285714285714286,1.0,0.0
3479,75770,Ivan Reynolds,Cal St. Bakersfield,0.6875,0.4444444444444444,0.16666666666666666,1.0
3480,75771,Dalph Panopio,Cal St. Bakersfield,0.0,0.375,0.0,1.0
3481,75772,Kaleb Higgins,Cal St. Bakersfield,0.0,0.0,0.13043478260869565,0.26666666666666666
3482,75774,Lonnell Martin Jr.,Montana,0.0,0.6666666666666666,0.45454545454545453,1.0
3483,75779,Makai Willis,Fairfield,1.0,0.3,0.3333333333333333,1.0
3484,75780,TJ Gadsden,Canisius,1.0,0.5,0.35714285714285715,0.9565217391304348
3485,75781,Ahamad Bynum,DePaul,0.0,0.16666666666666666,0.5,0.6666666666666666
3486,75782,Ansley Almonor,Fairleigh Dickinson,1.0,0.6129032258064516,0.6129032258064516,1.0
3487,75785,TJ Long,Fairfield,0.0,0.28125,0.14285714285714285,0.9464285714285714
3488,75786,Safi Fino-A-Laself,New Mexico,0.0,0.0,0.0,0.0
3489,75787,Alex Nunnally,N.C. State,0.0,0.0,0.0,0.0
3490,75788,Richard Mathews,Florida A&M,0.0,1.0,0.5,1.0
3491,75792,Xzavier Long,Canisius,0.75,0.6481481481481481,0.5,0.8
3492,75794,JC Harris,UMBC,0.0,1.0,0.0,0.0
3493,75795,Harrison Drake,Mercer,0.0,0.0,0.0,0.8333333333333334
3494,75797,Aryan Arora,Manhattan,0.0,0.0,0.0,0.0
3495,75801,Daniel Umoh,Mississippi Valley St.,0.0,0.5,0.0,0.0
3496,75805,Kadar Waller,Mississippi Valley St.,0.0,0.2857142857142857,0.3,0.3333333333333333
3497,75808,Jordan Johnson,Mississippi Valley St.,0.0,0.3333333333333333,0.0,0.0
3498,75811,Byron Brown,Air Force,0.0,0.0,0.0,0.0
3499,75812,Ethan Taylor,Air Force,0.16666666666666666,0.4,0.3,0.8837209302325582
3500,75813,Jake Heidbreder,Air Force,0.0,0.5671641791044776,0.37037037037037035,0.96
3501,75816,Lucas Moerman,Air Force,0.0,0.0,0.0,1.0
3502,75817,Jake Murphy,Air Force,0.0,0.0,0.0,0.0
3503,75818,Jeffrey Mills,Air Force,0.0,0.43333333333333335,0.2857142857142857,1.0
3504,75819,Kaleb Lichau,Air Force,0.0,0.0,0.0,0.0
3505,75820,Chase Beasley,Air Force,0.0,0.3333333333333333,0.0,0.0
3506,75821,Beau Becker,Air Force,1.0,0.8846153846153846,0.7222222222222222,0.96875
3507,75827,Brendan Scanlon,Saint Francis,0.0,0.0,0.0,0.0
3508,75829,Terrence Crawford,North Carolina Central,0.0,0.0,0.0,0.0
3509,75830,Timmy Adedire,North Carolina Central,0.0,0.0,0.0,0.0
3510,75834,Rob Landry,North Carolina,0.0,0.0,0.0,0.0
3511,75835,Jackson Watkins,North Carolina,0.0,0.0,0.0,1.0
3512,75836,Brady Parris,Oregon,0.0,0.0,0.0,0.5
3513,75837,James Cooper,Oregon,0.0,1.0,0.0,1.0
3514,75840,Luke Brown,Stetson,0.0,0.23529411764705882,0.28,0.6851851851851852
3515,75842,Justus Jackson,Hawaii,0.0,0.08333333333333333,0.14285714285714285,0.75
3516,75844,Thomas Botticelli,Marist,0.0,0.0,0.0,0.0
3517,75845,Daniel Nauseef,Clemson,0.0,1.0,0.0,0.0
3518,75846,Evan Nelson,Harvard,0.0,0.3333333333333333,0.11764705882352941,0.9444444444444444
3519,75851,Jevon Johnson,UNC Greensboro,0.0,0.0,0.0,0.0
3520,75852,Zach Riley,Fordham,0.0,0.45454545454545453,0.0,1.0
3521,75855,Jacob Roberts,Austin Peay,0.0,1.0,0.0,0.0
3522,75856,Drew Wiemers,Northern Illinois,0.0,1.0,0.0,0.0
3523,75862,Justice Smith,East Tennessee St.,1.0,0.425,0.28,0.9411764705882353
3524,75865,Jack Wistrcill,Northern Arizona,1.0,0.7407407407407407,0.3333333333333333,0.9285714285714286
3525,75866,Mark Flakus,North Florida,0.0,0.0,0.0,1.0
3526,75868,Sam Hastreiter,North Dakota St.,0.0,1.0,0.2,1.0
3527,75869,Lance Waddles,North Dakota St.,1.0,0.2,0.125,0.9
3528,75871,Oakland Fort,Northern Arizona,0.0,0.2,0.14285714285714285,0.8333333333333334
3529,75873,Jah Nze,North Florida,0.0,0.2,0.0,1.0
3530,75874,Cedric Coward,Eastern Washington,0.8333333333333334,0.5882352941176471,0.4,1.0
3531,75875,Ryan Dunn,Virginia,0.7647058823529411,0.72,0.6666666666666666,1.0
3532,75876,Mohamed Keita,St. John's,1.0,1.0,1.0,0.0
3533,75877,Kendall Blue,St. Thomas,1.0,0.4883720930232558,0.0,0.9117647058823529
3534,75878,Ryan Conwell,South Florida,0.0,0.5882352941176471,0.625,0.8518518518518519
3535,75879,Dok Muordar,South Florida,0.0,0.5714285714285714,0.0,0.0
3536,75881,William Kyle III,South Dakota St.,0.6444444444444445,0.5342465753424658,0.14285714285714285,0.0
3537,75882,Rasheer Fleming,Saint Joseph's,1.0,0.48717948717948717,0.3333333333333333,1.0
3538,75883,Kolby King,St. John's,0.0,0.6666666666666666,0.6666666666666666,0.7142857142857143
3539,75884,Christian Winborne,Saint Joseph's,1.0,0.26666666666666666,0.25,0.5333333333333333
3540,75885,Quin Berger,Saint Joseph's,0.0,0.0,0.0,0.0
3541,75888,Austin Benigni,Navy,0.0,0.19230769230769232,0.25,0.8333333333333334
3542,75892,Jayden Pierre,Providence,0.6,0.5,0.0,0.6666666666666666
3543,75895,Ezra Ausur,East Carolina,0.8285714285714286,0.5803571428571429,0.2727272727272727,0.0
3544,75896,Valentino Pinedo,East Carolina,0.0,0.5,0.3333333333333333,0.0
3545,75897,Saxby Sunderland,East Carolina,0.0,1.0,0.0,1.0
3546,75898,Kalib LaCount,East Carolina,0.0,0.23529411764705882,0.2,0.8181818181818182
3547,75899,Nae'Qwan Tomlin,Kansas St.,0.8,0.6470588235294118,0.3333333333333333,1.0
3548,75901,Kareem Rozier,Duquesne,0.0,0.16666666666666666,0.18181818181818182,0.8888888888888888
3549,75902,Divant'e Moffitt,Idaho,0.0,0.04040404040404041,0.05747126436781609,0.3684210526315789
3550,75903,Brendan Reed,Lehigh,0.0,0.0,0.0,0.0
3551,75904,Bube Momah,Lehigh,0.0,1.0,1.0,0.0
3552,75905,Shamir Johnson,Stonehill,0.0,0.13333333333333333,0.0,0.9642857142857143
3553,75906,Nuha Sagnia,St. Francis NY,1.0,0.6,1.0,0.0
3554,75908,Brett Thompson,Tennessee Tech,0.0,0.12195121951219512,0.2,0.574468085106383
3555,75909,Nolan Causwell,Tennessee Tech,0.9166666666666666,0.6363636363636364,0.0,1.0
3556,75910,Evans Kipruto,UC Santa Barbara,1.0,1.0,0.6666666666666666,0.0
3557,75911,Erik Pratt,Texas A&M,0.0,0.0,0.0,0.5
3558,75912,Tavari Johnson,Akron,0.0,0.17391304347826086,0.15384615384615385,0.7222222222222222
3559,75914,Cavan Reilly,Delaware,0.0,0.8888888888888888,0.125,0.875
3560,75915,Houston Emory,Delaware,0.0,1.0,0.0,0.0
3561,75917,Dan Mukuna,Denver,0.0,0.0,0.0,0.0
3562,75918,Yarin Hasson,Connecticut,0.0,0.0,0.0,0.0
3563,75920,Max Mackinnon,Elon,0.0,0.3387096774193548,0.21153846153846154,0.8
3564,75921,Tony Carpio,The Citadel,1.0,0.375,0.75,0.0
3565,75923,Colby McAllister,The Citadel,0.0,0.6666666666666666,0.25,0.75
3566,75924,Madison Durr,The Citadel,0.0,0.13157894736842105,0.0,0.9
3567,75925,AJ Smith,The Citadel,1.0,0.30434782608695654,0.45,1.0
3568,75926,Jake Shapiro,Tulane,0.0,0.0,0.0,0.0
3569,75927,Aidan Kehoe,Navy,0.0,0.5,0.0,0.0
3570,75928,Emilis Butkus,UC Irvine,0.0,0.75,0.0,0.0
3571,75930,Jalen Forrest,Presbyterian,0.0,0.5,0.18518518518518517,0.7931034482758621
3572,75931,D'ante Bass,Georgetown,0.0,1.0,0.0,0.0
3573,75933,Derek Simpson,Rutgers,0.6666666666666666,0.5660377358490566,0.23076923076923078,1.0
3574,75935,Tanner O'Grady,Robert Morris,0.0,0.0,0.0,0.0
3575,75936,Cyril Arvanitis,Robert Morris,0.0,0.0,0.0,0.0
3576,75937,Dashon Gittens,FIU,0.4,0.23255813953488372,0.0,0.9444444444444444
3577,75938,Antwone Woolfolk,Rutgers,1.0,0.5862068965517241,0.25,0.0
3578,75939,Antonio Chol,Rutgers,0.0,0.0,0.0,1.0
3579,75940,Houston Jones,Presbyterian,0.0,0.0,0.0,0.7
3580,75941,Quadir Pettaway,Presbyterian,0.0,0.6,0.0,1.0
3581,75942,Petey Galgano,Hofstra,0.0,0.0,0.0,0.0
3582,75943,Dorian Hill,New Orleans,0.0,0.0,0.0,0.0
3583,75944,Kenny Noland,Columbia,0.0,0.2631578947368421,0.0,0.9
3584,75945,Jonathan Brown,Montana,0.0,0.0,0.0,1.0
3585,75946,Zinou Bedri,Columbia,0.6,0.24390243902439024,0.08823529411764706,0.875
3586,75947,Ethan Meuser,Stonehill,0.0,0.4444444444444444,0.0,1.0
3587,75949,Izaiyah Nelson,Arkansas St.,0.8571428571428571,0.75,1.0,0.0
3588,75952,Snookey Wigington,Nevada,0.0,0.0,0.0,0.0
3589,75953,Darrion Williams,Nevada,1.0,0.4827586206896552,0.64,0.9428571428571428
3590,75954,Denzel Aberdeen,Florida,0.0,0.0,0.0,0.0
3591,75955,Aleks Szymczyk,Florida,0.0,0.5714285714285714,0.0,1.0
3592,75957,Jo'el Emanuel,Fairleigh Dickinson,0.8888888888888888,0.6206896551724138,0.16666666666666666,1.0
3593,75959,James Johns Jr.,Fairfield,0.0,0.1111111111111111,0.14285714285714285,0.8888888888888888
3594,75960,Brayden Reynolds,Fairleigh Dickinson,0.0,0.5,0.0,0.0
3595,75961,Blaise Vespe,Florida Gulf Coast,0.0,0.3333333333333333,0.5,0.0
3596,75962,Trevon Blassingame,Fairleigh Dickinson,0.0,1.0,0.0,1.0
3597,75965,Caleb Stokes,Arkansas Pine Bluff,0.0,0.5555555555555556,0.4,1.0
3598,75966,AC Curry,Arkansas Pine Bluff,0.0,0.5,0.6666666666666666,0.9473684210526315
3599,75967,Orion Virden,Arkansas Pine Bluff,0.0,0.0,0.0,1.0
3600,75969,Jalun Trent,North Dakota,0.0,0.07407407407407407,0.1111111111111111,1.0
3601,75970,Brian Mathews,North Dakota,1.0,0.42857142857142855,0.42857142857142855,0.0
3602,75972,Cooper Smith,Michigan,0.0,0.0,0.0,0.0
3603,75973,Jackson Selvala,Michigan,0.0,0.0,0.0,0.0
3604,75974,Ben Capron,Holy Cross,0.0,0.0,1.0,0.0
3605,75977,James Henderson Jr.,Bethune Cookman,1.0,0.6363636363636364,0.3333333333333333,0.0
3606,75978,Willie Anderson,Alcorn St.,1.0,1.0,0.0,0.6666666666666666
3607,75980,Caleb Blackwell,Alabama A&M,0.0,0.0,0.0,0.0
3608,75981,Jayland Randall,Alabama A&M,1.0,0.5714285714285714,0.0,1.0
3609,75982,Amani Drummond,Central Michigan,0.0,0.0,0.5,1.0
3610,75984,Treyon Johnson,Jackson St.,1.0,0.4444444444444444,1.0,0.0
3611,75985,Crosby James,Presbyterian,0.0,0.17647058823529413,0.29411764705882354,0.75
3612,75986,Chayce Polynice,Long Beach St.,1.0,0.875,0.5555555555555556,1.0
3613,75987,Tone Hunter,Long Beach St.,1.0,0.2641509433962264,0.15789473684210525,0.6428571428571429
3614,75988,Max Egner,St. Francis NY,0.0,0.0,0.0,0.0
3615,75989,Vladimer Salaridze,UC Riverside,1.0,0.35,0.3333333333333333,0.9285714285714286
3616,75991,Chase Kirkwood,Cincinnati,0.0,0.0,0.0,0.0
3617,75992,Joey Kahn,Coastal Carolina,0.0,1.0,0.0,0.0
3618,75994,Neal Marquardt,Stonehill,0.0,0.0,0.0,0.0
3619,75995,Nathan McGill,Stonehill,0.0,1.0,0.0,1.0
3620,75996,Christopher Melis,Stonehill,0.0,0.4375,1.0,1.0
3621,75998,Quincy McGriff,Duquesne,0.0,0.3333333333333333,0.14285714285714285,0.8571428571428571
3622,75999,Kenyon Giles,Radford,0.0,0.2,0.20930232558139536,0.65
3623,76001,Quion Williams,Oklahoma St.,1.0,0.23076923076923078,0.16666666666666666,1.0
3624,76002,Rory Stewart,Rhode Island,0.0,0.375,0.0,1.0
3625,76003,Keiveon Hunt,Jackson St.,0.0,0.23529411764705882,0.2857142857142857,0.75
3626,76004,Avaughn Johnson,Jackson St.,0.0,0.5,0.0,0.0
3627,76005,Maddox Monson,Long Beach St.,0.0,0.0,0.0,0.0
3628,76006,Jason Hart Jr.,Long Beach St.,0.0,0.0,0.0,0.0
3629,76008,Michael Myrie,St. Francis NY,0.5,0.3333333333333333,0.0,0.0
3630,76009,Grant Strong,Tennessee Tech,0.0,0.26666666666666666,0.3,1.0
3631,76010,Chevalier Emery,Merrimack,0.0,0.0,0.0,0.5
3632,76011,Javon Bennett,Merrimack,0.0,0.14285714285714285,0.14285714285714285,0.7333333333333333
3633,76012,Jordan Derkack,Merrimack,0.8181818181818182,0.3333333333333333,0.0,0.875
3634,76014,Ola Ajiboye,Central Michigan,0.5,0.3157894736842105,0.6666666666666666,0.0
3635,76015,Mike Sharavjamts,Dayton,1.0,0.17647058823529413,0.16666666666666666,0.7931034482758621
3636,76016,Achile Spadone,Davidson,0.0,1.0,0.5,1.0
3637,76017,Quinton Green,Valparaiso,0.8888888888888888,0.6666666666666666,0.4666666666666667,0.8769230769230769
3638,76018,Amaan Sandhu,Monmouth,0.75,0.9166666666666666,0.75,1.0
3639,76019,Kuon Kuon,Bethune Cookman,0.0,0.0,0.0,0.0
3640,76020,Simeon Womack,Bethune Cookman,0.0,0.0,0.0,0.0
3641,76021,Rhyjon Blackwell,McNeese St.,0.0,0.0,0.0,0.8
3642,76022,Jack Collins,Monmouth,0.0,0.48717948717948717,0.4375,0.9032258064516129
3643,76025,Grant Newell,California,0.9,0.6428571428571429,0.47368421052631576,0.8333333333333334
3644,76026,Taviontae Jackson,Colorado St.,0.0,0.3548387096774194,0.25,0.9
3645,76028,Spencer Legg,Charleston,0.0,0.0,0.0,1.0
3646,76029,KyeRon Lindsay,Georgia,1.0,0.5789473684210527,0.6666666666666666,1.0
3647,76032,Emil Skytta,Central Michigan,0.0,1.0,0.0,1.0
3648,76033,Max Majerle,Central Michigan,1.0,0.5625,0.5,0.9
3649,76035,Nate Brafford,Georgia Southern,0.0,0.0,0.0,0.8888888888888888
3650,76036,Edward Nnamoko,Georgia St.,1.0,0.5333333333333333,1.0,0.0
3651,76037,Bendji Pierre,San Diego,0.0,1.0,0.0,1.0
3652,76040,Tyrone Williams,Oregon,1.0,0.5625,0.4,1.0
3653,76041,Jack Doumbia,Norfolk St.,0.0,0.07692307692307693,0.0,0.0
3654,76042,Gilbert Brown,Norfolk St.,0.0,0.0,0.0,0.0
3655,76043,Tobin Schwannecke,Detroit Mercy,0.0,0.3333333333333333,0.0,0.0
3656,76044,Lukas Yurasits,Columbia,0.0,0.0,0.0,1.0
3657,76047,Gary Solomon,Southern Indiana,0.0,0.34210526315789475,0.2,0.75
3658,76048,Isaiah Swope,Southern Indiana,0.0,0.23333333333333334,0.07317073170731707,0.4583333333333333
3659,76049,Jack Mielke,Southern Indiana,0.0,1.0,0.0,1.0
3660,76051,Josh Mitchell,Southeast Missouri St.,0.0,0.8571428571428571,0.0,0.0
3661,76052,Cameron Huefner,Sam Houston St.,0.0,0.32,0.4230769230769231,1.0
3662,76053,AJ Ferguson,Southern Illinois,0.0,0.0,0.0,1.0
3663,76054,Mehdi Pissis,Southeastern Louisiana,0.0,0.0,0.0,0.8235294117647058
3664,76056,Jacob Polakovich,Southern Indiana,0.9,0.49242424242424243,0.0,0.0
3665,76057,Mouhamadou Cisse,Saint Louis,0.0,1.0,1.0,0.0
3666,76058,Jah Quinones,Mercer,0.0,0.18181818181818182,0.09090909090909091,0.75
3667,76060,Keyshawn Hall,UNLV,0.0,0.21052631578947367,0.3333333333333333,0.7777777777777778
3668,76061,Joe Palmer,Colorado St.,0.0,0.5833333333333334,0.8333333333333334,1.0
3669,76062,Evan Young,Creighton,0.0,1.0,0.0,1.0
3670,76063,Jonathan Beagle,Albany,0.8571428571428571,0.3448275862068966,0.30434782608695654,1.0
3671,76064,Romad Dean,Fordham,0.6666666666666666,0.5,1.0,1.0
3672,76065,Sejr Deans,Jacksonville,0.0,0.0,0.0,1.0
3673,76069,Josiah Davis,West Virginia,0.0,1.0,0.0,0.0
3674,76071,Trejon Ware,Arkansas Pine Bluff,0.0,0.1,0.0,0.8235294117647058
3675,76072,Joshua Ola-Joseph,Minnesota,0.9473684210526315,0.6285714285714286,0.4444444444444444,1.0
3676,76074,Cam Thrower,Penn,1.0,0.5,0.3333333333333333,1.0
3677,76075,Samuel Gibbs,Loyola MD,0.0,0.5,0.0,0.0
3678,76076,Nick Krass,Oregon St.,0.0,0.5,0.3333333333333333,1.0
3679,76077,Brian Taylor II,Milwaukee,0.0,0.0,0.0,0.0
3680,76078,Tre Dinkins,Canisius,0.0,0.2857142857142857,0.26666666666666666,0.6363636363636364
3681,76079,Arol Kacuol,Chicago St.,1.0,0.6666666666666666,0.3333333333333333,0.0
3682,76080,Koren Johnson,Washington,1.0,0.4,0.16666666666666666,0.7777777777777778
3683,76081,Brody Boyer,Samford,0.0,0.0,0.5,0.6666666666666666
3684,76082,Japhet Medor,UTSA,0.0,0.10666666666666667,0.0,0.47368421052631576
3685,76083,Adam Hamilton,Lamar,0.7142857142857143,0.5483870967741935,0.7333333333333333,1.0
3686,76084,Achor Achor,Samford,0.7142857142857143,0.4878048780487805,0.23529411764705882,1.0
3687,76085,Karl Jones,UNLV,0.0,0.0,0.0,0.0
3688,76086,Sincere Parker,Saint Louis,0.2,0.26666666666666666,0.23076923076923078,0.9090909090909091
3689,76087,Nick Edwards,Valparaiso,0.0,0.25,0.0,0.7142857142857143
3690,76088,Jerome Palm,Valparaiso,1.0,0.5833333333333334,0.5,0.0
3691,76089,Keyon Menifield,Washington,1.0,0.2222222222222222,0.0975609756097561,0.7714285714285715
3692,76090,Kalu Anya,Brown,0.75,0.5,0.42857142857142855,0.6666666666666666
3693,76091,Harry Wessels,Saint Mary's,0.6,0.5,0.0,0.0
3694,76092,Silas Sunday,Iona,0.0,0.5833333333333334,0.5714285714285714,0.0
3695,76093,Keither Florence,Iona,0.0,1.0,0.0,1.0
3696,76094,Sadiku Ibine Ayo,Iona,1.0,0.7692307692307693,0.4,0.8571428571428571
3697,76095,Eric Mulder,Purdue Fort Wayne,0.9,0.782608695652174,1.0,0.0
3698,76096,Logan Threatt,Queens,0.0,1.0,0.0,0.0
3699,76098,Maleek Arington,Idaho St.,0.16666666666666666,0.25,0.0,0.6666666666666666
3700,76099,Jarace Walker,Houston,0.8709677419354839,0.5857142857142857,0.49056603773584906,1.0
3701,76100,Will Batchelder,Holy Cross,0.0,0.07692307692307693,0.11428571428571428,0.8961038961038961
3702,76102,Zach Gonsoulin,TCU,0.0,0.0,0.0,0.0
3703,76103,William Tavares de Brito,Alabama A&M,1.0,0.8,1.0,1.0
3704,76105,Trey Stuart,TCU,0.0,0.0,0.0,0.0
3705,76107,Lorenzo Downey,Alabama A&M,0.0,0.42105263157894735,0.0,0.9411764705882353
3706,76109,Yves Nkomba,Kennesaw St.,0.0,0.0,0.0,0.0
3707,76110,Matt Brown,Kennesaw St.,0.0,0.0,0.0,0.0
3708,76111,Aaron Gray,Niagara,0.7333333333333333,0.5254237288135594,0.32,0.9791666666666666
3709,76112,Keith Kiner,Niagara,0.0,0.2,0.75,0.0
3710,76113,Trent Coleman,North Florida,0.0,1.0,0.0,0.0
3711,76114,Jacari White,North Dakota St.,0.5,0.21739130434782608,0.25,0.8536585365853658
3712,76116,Juan Cajelli,New Orleans,0.0,0.0,0.0,0.0
3713,76117,Braxton Bayless,Niagara,0.0,0.2608695652173913,0.2222222222222222,0.5
3714,76118,Lance Erving,Niagara,0.0,0.15384615384615385,0.3333333333333333,1.0
3715,76119,David Coit,Northern Illinois,0.0,0.05405405405405406,0.06060606060606061,0.625
3716,76120,Kai Huntsberry,North Texas,0.0,0.06557377049180328,0.061224489795918366,0.8
3717,76121,DJ Campbell,Western Carolina,0.0,0.4,0.13333333333333333,1.0
3718,76122,Tristan How,Virginia,0.0,0.0,0.0,0.0
3719,76123,Carlos Lemus,UTEP,0.0,0.4166666666666667,0.0,1.0
3720,76124,Will Johnston,UT Rio Grande Valley,0.0,0.28125,0.09090909090909091,0.78125
3721,76125,Kyron Gibson,UT Arlington,0.0,0.15217391304347827,0.21428571428571427,0.8297872340425532
3722,76126,Taj Anderson,UT Arlington,0.0,0.0,0.5,0.8571428571428571
3723,76127,Dario Domingos,UT Arlington,0.6666666666666666,0.6333333333333333,1.0,1.0
3724,76128,Mohamed Wague,West Virginia,0.7272727272727273,0.4418604651162791,0.3333333333333333,0.0
3725,76129,Jestin Porter,Middle Tennessee,1.0,0.16666666666666666,0.1111111111111111,0.7222222222222222
3726,76130,Isiah Lightsy,Middle Tennessee,0.0,0.0,0.0,1.0
3727,76131,Cortez Johnson Jr.,UNC Greensboro,0.0,0.42857142857142855,0.0,0.0
3728,76132,Luca Colceag,Montana St.,0.0,0.0,0.0,0.0
3729,76139,Barry Dunning Jr.,Arkansas,0.0,0.5,0.0,0.0
3730,76140,Kymany Houinsou,Washington St.,0.6363636363636364,0.225,0.2,1.0
3731,76143,Brenden Crowther,Utah Valley,0.0,0.0,0.0,0.0
3732,76144,Iaroslav Niagu,USC,0.0,1.0,0.0,0.0
3733,76149,Tre Donaldson,Auburn,0.0,0.25,0.14285714285714285,0.7692307692307693
3734,76152,Blake Smith,Northwestern,0.0,0.0,0.0,0.0
3735,76153,Jevon Porter,Pepperdine,0.7272727272727273,0.234375,0.38235294117647056,0.9333333333333333
3736,76155,Jorge Diaz Graham,Pittsburgh,1.0,0.5714285714285714,0.75,1.0
3737,76156,Denver Anglin,Georgetown,0.0,0.0,1.0,1.0
3738,76157,Arturo Dean,FIU,0.0,0.16666666666666666,0.17391304347826086,1.0
3739,76158,Jay'Den Turner,Queens,0.6,0.5303030303030303,0.5,0.9473684210526315
3740,76159,JJ Starling,Notre Dame,0.0,0.04225352112676056,0.03571428571428571,0.6538461538461539
3741,76160,Ven-Allen Lubin,Notre Dame,0.6363636363636364,0.543859649122807,0.2777777777777778,1.0
3742,76161,Aidan Hadaway,Ohio,1.0,0.6363636363636364,0.5,1.0
3743,76164,Xavier Rhodes,Northern Kentucky,0.5,0.19148936170212766,0.07407407407407407,0.8571428571428571
3744,76165,Dom Campbell,Notre Dame,0.0,0.5,0.0,0.0
3745,76166,Chris Ashby,Queens,0.0,0.25,0.0,0.9491525423728814
3746,76167,Justin Warren,Grambling St.,0.0,0.0,0.0,0.0
3747,76168,Josh Dix,Iowa,0.0,0.75,0.0,1.0
3748,76169,Dasonte Bowen,Iowa,0.0,0.38095238095238093,0.25,1.0
3749,76171,DJ Jackson,IU Indy,0.0,0.28125,0.38095238095238093,1.0
3750,76173,Amhad Jarrard,IU Indy,0.5,0.3333333333333333,0.07142857142857142,1.0
3751,76174,Armon Jarrard,IU Indy,0.0,0.5384615384615384,0.4,0.9444444444444444
3752,76175,Robbie Avila,Indiana St.,1.0,0.6555555555555556,0.25,0.9333333333333333
3753,76176,Vincent Brady II,IU Indy,0.7777777777777778,0.46511627906976744,0.25,0.9444444444444444
3754,76177,Grant Singleton,Fairleigh Dickinson,0.0,0.3275862068965517,0.25806451612903225,0.76
3755,76179,Geoff Sprouse,American,0.0,0.46153846153846156,0.25,0.8913043478260869
3756,76180,Jefferson Monegro,Western Michigan,0.0,0.23809523809523808,0.14285714285714285,1.0
3757,76181,JaVaughn Hannah,Western Michigan,1.0,0.4444444444444444,0.3333333333333333,1.0
3758,76182,Seth Hubbard,Western Michigan,1.0,0.5625,0.3684210526315789,0.8918918918918919
3759,76183,Max Burton,Western Michigan,0.0,0.5,0.5,0.0
3760,76184,Jacob Wilson,Louisiana Monroe,0.0,0.4,0.0,0.75
3761,76187,Jermaine Ballisager Webb,American,0.8333333333333334,0.6666666666666666,0.5,0.0
3762,76188,Ante Brzovic,Charleston,0.8,0.4421052631578947,0.13636363636363635,1.0
3763,76190,Brandon Davis,Texas St.,0.0,0.05263157894736842,0.1,0.8333333333333334
3764,76193,Amani Lyles,Akron,1.0,0.8421052631578947,0.0,0.0
3765,76194,Cole Lake,Weber St.,0.0,0.0,0.0,0.0
3766,76196,Braden Smith,Purdue,0.0,0.0851063829787234,0.1,0.6842105263157895
3767,76200,Kaleb Banks,Indiana,0.5,0.46153846153846156,0.0,1.0
3768,76201,Thomas Tut,Saint Peter's,0.3333333333333333,0.5,0.6666666666666666,0.0
3769,76202,Neel Beniwal,San Diego,0.0,0.75,0.0,1.0
3770,76203,Jeremiah Nyarko,San Diego,0.0,0.0,0.3333333333333333,0.0
3771,76206,Zander Beard,Nebraska Omaha,0.0,0.0,0.0,0.0
3772,76207,KC Ibekwe,Oregon St.,1.0,0.6470588235294118,0.5,0.0
3773,76209,Orlando Lovejoy,Eastern Michigan,0.0,0.3333333333333333,0.07407407407407407,1.0
3774,76214,Justin Mullins,Denver,0.3333333333333333,0.3333333333333333,0.15384615384615385,0.9545454545454546
3775,76216,Jordan Walsh,Arkansas,0.7058823529411765,0.42857142857142855,0.4444444444444444,0.95
3776,76218,Ja'Kobi Gillespie,Belmont,0.0,0.2191780821917808,0.09523809523809523,0.5714285714285714
3777,76219,Derrian Ford,Arkansas,0.0,0.0,0.0,0.0
3778,76221,Brandon Miller,Alabama,0.5652173913043478,0.25882352941176473,0.03225806451612903,0.8301886792452831
3779,76222,Anthony Black,Arkansas,0.625,0.3763440860215054,0.03571428571428571,0.7142857142857143
3780,76223,Gaddis Heath III,Charleston Southern,0.0,0.0,0.5,0.0
3781,76225,Barry Evans,St. Bonaventure,0.5714285714285714,0.40625,0.2222222222222222,1.0
3782,76226,Jackson Fields,Troy,0.8333333333333334,0.75,0.16666666666666666,1.0
3783,76227,Remy Graham,Troy,0.0,0.0,0.0,0.0
3784,76229,Percy Daniels,Tulane,1.0,0.5,0.0,0.0
3785,76230,Jack Campion,Southern Indiana,0.0,0.15384615384615385,0.2,1.0
3786,76234,Elijah Wyche,Queens,1.0,0.7142857142857143,0.0,0.0
3787,76235,Jaden Henley,Minnesota,0.5,0.7619047619047619,0.3333333333333333,1.0
3788,76236,Pharrel Payne,Minnesota,0.7428571428571429,0.7252747252747253,0.0,0.0
3789,76237,Josh Davis,The Citadel,0.0,0.0,0.0,0.0
3790,76240,Zach Wrightsil,Marquette,0.0,0.5,0.0,0.0
3791,76241,Keyontae Lewis,Wagner,1.0,0.5454545454545454,0.6666666666666666,0.0
3792,76244,Daniel Rouzan,Weber St.,1.0,0.5652173913043478,0.1,0.0
3793,76248,Eric Holland,Kennesaw St.,0.0,0.0,0.0,0.0
3794,76250,Delrecco Gillespie,Kent St.,0.5,0.6,1.0,1.0
3795,76251,Rokas Jocius,La Salle,0.8571428571428571,0.5263157894736842,0.3333333333333333,0.8
3796,76252,Roddy Gayle Jr.,Ohio St.,0.6,0.2857142857142857,0.38461538461538464,0.8095238095238095
3797,76253,CJ Penha Jr.,Boston College,0.8333333333333334,0.47619047619047616,0.3076923076923077,0.9444444444444444
3798,76254,Christian Davis,Bradley,0.0,0.4,1.0,1.0
3799,76255,Jonnivius Smith,Buffalo,0.8260869565217391,0.6981132075471698,0.4166666666666667,0.0
3800,76256,Charlie Williams,William & Mary,1.0,0.4444444444444444,0.75,0.0
3801,76259,Jack Karasinski,William & Mary,1.0,0.6666666666666666,0.2,0.95
3802,76260,Julian Margrave,South Alabama,0.0,0.0,0.0,1.0
3803,76263,Ethan Roberts,Army,0.0,0.16981132075471697,0.10526315789473684,0.8461538461538461
3804,76265,Monyae Davis,East Texas A&M,0.0,0.0,0.0,0.0
3805,76266,Tyree Boykin,Appalachian St.,0.0,0.1,0.08333333333333333,0.8611111111111112
3806,76267,Connor Turnbull,Butler,1.0,0.6666666666666666,1.0,1.0
3807,76268,Quincy Anderson,Murray St.,0.5,0.3125,0.8333333333333334,0.9354838709677419
3808,76269,Brian Moore Jr.,Murray St.,1.0,0.38,0.043478260869565216,0.6666666666666666
3809,76270,Blaise Keita,Nebraska,1.0,0.6,0.625,0.0
3810,76271,Josiah Harris,West Virginia,1.0,0.6666666666666666,0.5,0.8
3811,76272,Jacob Conner,Marshall,0.75,0.5,0.75,0.9285714285714286
3812,76273,Laolu Oke,Montana,1.0,0.6666666666666666,0.5,0.0
3813,76274,Mack Wall,Marist,0.0,0.0,0.0,0.0
3814,76275,Toby Nnadozie,Maryland Eastern Shore,0.0,0.0,0.0,0.0
3815,76276,Ante Beljan,Little Rock,1.0,0.35714285714285715,1.0,0.0
3816,76278,Nate Awbrey,Kansas St.,0.0,0.0,0.0,0.0
3817,76279,C.J. Delancy,LIU,0.8571428571428571,0.6111111111111112,0.7777777777777778,0.0
3818,76280,James Spencer III,Lamar,0.0,0.0,0.0,0.0
3819,76281,Tyson Commander,Loyola MD,0.5,0.45,0.0,0.75
3820,76284,Landon Moore,Saint Francis,0.0,0.1,0.0,0.6896551724137931
3821,76285,Alexander Derkits,Saint Francis,0.0,1.0,0.0,0.0
3822,76286,Gabe Beny Til,Incarnate Word,0.0,0.3333333333333333,0.0,0.0
3823,76287,Miles Webb,Saint Francis,0.0,0.0,0.0,0.0
3824,76289,Trey Miller,Incarnate Word,1.0,0.1896551724137931,0.10810810810810811,0.9
3825,76290,Niki Krause,Incarnate Word,0.0,0.2857142857142857,0.15384615384615385,1.0
3826,76293,Ryan Pettit,Lafayette,0.0,0.5,0.0,1.0
3827,76295,Tre Booker,LIU,0.0,0.3333333333333333,0.0,0.0
3828,76296,Sean Halloran,Elon,0.0,0.14814814814814814,0.05405405405405406,0.7142857142857143
3829,76297,Jordan Snell,N.C. State,0.0,0.0,0.0,1.0
3830,76298,Seth Trimble,North Carolina,0.0,0.5833333333333334,0.0,1.0
3831,76299,LJ Thomas,N.C. State,0.0,0.2727272727272727,0.125,1.0
3832,76300,Riccardo Ghedini,Davidson,0.0,0.0,0.0,0.0
3833,76301,Markus Harding,Central Michigan,0.75,0.3111111111111111,0.13333333333333333,1.0
3834,76302,Max Watson,Cornell,0.0,0.5882352941176471,0.0,0.9655172413793104
3835,76305,Tajavis Miller,North Dakota St.,0.0,0.14285714285714285,0.0,0.8571428571428571
3836,76306,Damari Wheeler-Thomas,North Dakota St.,0.0,0.2,0.23529411764705882,0.8
3837,76307,Aidan Kuhl,North Alabama,0.0,0.0,0.25,1.0
3838,76308,Quadir Copeland,Syracuse,0.0,0.42857142857142855,0.16666666666666666,0.0
3839,76310,Justin Taylor,Syracuse,0.0,1.0,0.42857142857142855,1.0
3840,76312,Michael Moore,Winthrop,1.0,0.6,0.0,0.0
3841,76313,Xavier McKelvy,Winthrop,0.3333333333333333,0.3076923076923077,0.0,1.0
3842,76314,Ugnius Jarusevicius,Cal St. Bakersfield,0.0,0.4117647058823529,0.75,1.0
3843,76315,Jacari Lane,North Alabama,0.0,0.11688311688311688,0.10909090909090909,0.6
3844,76316,Judah Mintz,Syracuse,0.5454545454545454,0.32954545454545453,0.12121212121212122,0.4
3845,76318,Armoni Foster,Buffalo,0.0,0.13157894736842105,0.037037037037037035,0.8333333333333334
3846,76319,Ian Granja,Memphis,0.0,0.0,0.0,1.0
3847,76320,Dionte Johnson,Maryland Eastern Shore,0.0,0.5,0.0,1.0
3848,76321,Lorenzo Washington,Hartford,0.0,0.125,0.2,1.0
3849,76323,Macahi Nelson,Hartford,0.0,0.0,0.0,1.0
3850,76325,Isiah Middleton,Hartford,0.0,0.0,0.0,0.0
3851,76326,Braxton Jones,Hartford,0.0,0.125,0.2727272727272727,0.8
3852,76327,Alexander Gorton,Fresno St.,0.0,0.0,0.0,1.0
3853,76328,Muodubem Muoneke,Abilene Christian,0.0,0.0,0.0,0.0
3854,76329,Connor Kern,Texas A&M Corpus Chris,1.0,0.5,0.0,0.0
3855,76330,Sam Peek,Stetson,0.6666666666666666,0.36363636363636365,0.2222222222222222,0.9166666666666666
3856,76331,Alec Kegler,Tennessee,0.0,0.0,0.0,0.0
3857,76332,Colin Coyne,Tennessee,0.0,1.0,0.0,0.0
3858,76333,Sekou Sylla,Towson,0.0,0.43548387096774194,0.2857142857142857,1.0
3859,76334,Aamer Muhammad,Troy,0.0,0.38235294117647056,0.3333333333333333,0.6140350877192983
3860,76336,Chazz Hutchison,UC Irvine,0.0,0.8,0.75,0.0
3861,76337,Ant Abraham,East Texas A&M,0.0,0.0,0.0,1.0
3862,76338,Rob Banks,East Texas A&M,0.0,0.0,0.0,0.0
3863,76339,Sage Tolentino,Cincinnati,0.0,0.0,0.0,0.0
3864,76340,Josh Reed,Cincinnati,0.0,0.2,0.0,1.0
3865,76341,Armani Mighty,Boston College,0.0,0.0,0.0,0.0
3866,76342,Chas Kelley,Boston College,1.0,0.3333333333333333,0.125,0.875
3867,76343,Prince Aligbe,Boston College,1.0,0.7096774193548387,0.2777777777777778,1.0
3868,76344,Demetrius Davis,Chattanooga,0.6666666666666666,0.5106382978723404,0.14285714285714285,0.925
3869,76345,Sulaiman Agiste,Bradley,0.0,1.0,0.0,0.0
3870,76346,Donald Hand Jr.,Boston College,0.0,0.0,0.0,1.0
3871,76347,Daniel Skillings,Cincinnati,0.5,0.2857142857142857,0.7142857142857143,1.0
3872,76348,Todd Rochelle,Bryant,0.0,0.0,0.0,0.0
3873,76349,Davion Sykes,Texas St.,0.7692307692307693,0.6857142857142857,0.6,0.0
3874,76350,Jordan Mason,Texas St.,0.0,0.1111111111111111,0.10526315789473684,0.9230769230769231
3875,76351,Koat Keat Tong,UC Santa Barbara,0.0,0.7777777777777778,1.0,1.0
3876,76353,Charles Chukwu,Tulsa,0.875,0.5625,0.0,0.0
3877,76354,Faizon Fields,Old Dominion,0.7,0.5555555555555556,0.75,0.0
3878,76355,Matija Belic,UC Santa Barbara,0.0,0.625,0.6666666666666666,1.0
3879,76356,BB Knight,Tulsa,1.0,1.0,0.0,1.0
3880,76357,John Williams Jr.,FIU,0.0,0.15789473684210525,0.13333333333333333,0.625
3881,76358,Cameron Wilson,FIU,0.0,0.0,0.0,0.0
3882,76359,Trenton Gibson,Indiana St.,0.0,0.56,0.06666666666666667,0.7142857142857143
3883,76360,Willie Lightfoot,Bowling Green,0.0,0.2222222222222222,0.0,0.8333333333333334
3884,76363,Efrem Johnson,UAB,0.0,0.42857142857142855,0.375,0.75
3885,76364,Adam Silas,Wofford,0.0,0.21052631578947367,0.0,0.8333333333333334
3886,76365,Elijah Brooks,North Dakota,0.3333333333333333,0.38461538461538464,0.16666666666666666,1.0
3887,76366,Chase Martin,Wofford,1.0,0.5,1.0,1.0
3888,76367,Amarri Tice,Wofford,0.6666666666666666,0.3076923076923077,0.0,0.875
3889,76368,Anthony Arrington Jr.,Wofford,0.0,0.0,0.0,0.0
3890,76370,Coleton Benson,Army,0.0,0.19230769230769232,0.2631578947368421,0.8450704225352113
3891,76371,Alex Schumacher,Seattle,0.0,0.06153846153846154,0.0,0.5
3892,76372,Rex Sunderland,New Hampshire,0.0,0.0,0.0,0.5
3893,76373,Christian Moore,New Hampshire,0.0,0.125,0.25,0.625
3894,76374,Ridvan Tutic,New Hampshire,0.0,0.5454545454545454,0.25,0.0
3895,76375,Braden Appelhans,New Mexico,0.0,1.0,0.0,1.0
3896,76376,Donovan Dent,New Mexico,0.3333333333333333,0.09803921568627451,0.0,0.75
3897,76377,Mac Manzanares,New Mexico,0.0,0.0,0.0,0.0
3898,76378,Kyle Filipowski,Duke,0.631578947368421,0.496,0.5172413793103449,0.9714285714285714
3899,76379,Zae Blake,Green Bay,0.0,0.2962962962962963,0.12,0.8888888888888888
3900,76380,Mark Mitchell,Duke,0.8333333333333334,0.4647887323943662,0.4583333333333333,0.9473684210526315
3901,76381,Derrick Harris Jr,Georgia Southern,0.0,0.0,0.0,0.7142857142857143
3902,76385,Trey Campbell,Northern Iowa,0.0,0.5,0.0,0.9090909090909091
3903,76386,Jalen Jackson,Illinois Chicago,0.5,0.25,0.4230769230769231,0.9166666666666666
3904,76387,Riley Berkhoff,UNC Wilmington,0.0,0.0,0.0,0.0
3905,76388,Ege Peksari,Northern Iowa,0.0,1.0,0.0,0.6666666666666666
3906,76389,Steven Clay,Illinois Chicago,0.0,0.375,0.75,1.0
3907,76390,Donovan Clingan,Connecticut,0.8888888888888888,0.6756756756756757,1.0,0.0
3908,76391,Taylor Hendricks,UCF,0.6388888888888888,0.48863636363636365,0.5714285714285714,0.8688524590163934
3909,76392,Noah Ross,UNC Wilmington,0.0,0.75,0.0,1.0
3910,76393,Nolan Hodge,UNC Wilmington,0.0,0.0,0.0,1.0
3911,76394,Cheikh Ndiaye,LIU,1.0,0.7441860465116279,0.5294117647058824,0.0
3912,76396,Richie Saunders,BYU,0.0,0.6538461538461539,0.4444444444444444,0.9523809523809523
3913,76397,Zachary Davis,South Carolina,0.5,0.4375,0.25,0.8333333333333334
3914,76398,Gregory Jackson,South Carolina,0.8421052631578947,0.37333333333333335,0.1702127659574468,0.6909090909090909
3915,76399,Daniel Hankins-Sanford,South Carolina,1.0,0.5833333333333334,0.5714285714285714,1.0
3916,76402,Jack McFadden,Rider,0.0,0.0,1.0,0.0
3917,76405,Anthony McCall,Rider,0.0,0.5,0.0,0.0
3918,76408,Stephaun Walker,Robert Morris,0.5,0.4931506849315068,0.3333333333333333,1.0
3919,76409,TJ Wainwright,Robert Morris,0.0,0.4444444444444444,0.5,1.0
3920,76410,Jayden Brewer,FIU,0.6666666666666666,0.36666666666666664,0.6666666666666666,0.0
3921,76411,Bryce Baker,Old Dominion,0.0,1.0,0.3333333333333333,0.9047619047619048
3922,76413,Zahrion Blue,Rider,1.0,0.3888888888888889,0.36363636363636365,0.6666666666666666
3923,76415,Mason Nicholson,Jacksonville St.,1.0,1.0,0.0,0.0
3924,76416,Caleb Crane,IU Indy,0.0,0.0,0.0,1.0
3925,76417,Isaiah Gaines,Florida Atlantic,1.0,0.6363636363636364,1.0,1.0
3926,76418,Jacob Tracey,Lindenwood,1.0,0.3333333333333333,0.125,0.6923076923076923
3927,76419,Kevin Caldwell Jr.,Lindenwood,0.0,0.023255813953488372,0.05,0.75
3928,76420,Allen David Mukeba Jr.,UMKC,0.5555555555555556,0.37254901960784315,0.45454545454545453,1.0
3929,76422,Quandre Bullock,Louisiana Tech,0.6428571428571429,0.3888888888888889,0.5714285714285714,1.0
3930,76423,Guy Fauntleroy,Austin Peay,0.0,0.045454545454545456,0.125,0.22727272727272727
3931,76424,Finley Simmons,Charleston Southern,0.0,0.0,0.0,0.0
3932,76425,Kelechi Okworogwo,Austin Peay,0.8333333333333334,0.6363636363636364,0.8333333333333334,1.0
3933,76426,Kobe MaGee,Drexel,0.6666666666666666,0.6363636363636364,0.0,1.0
3934,76427,Marquez Cooper,New Orleans,0.3333333333333333,0.42857142857142855,0.2916666666666667,0.875
3935,76429,Dillon Mitchell,Texas,0.90625,0.7246376811594203,0.5714285714285714,0.0
3936,76430,Isaac Gard,Wisconsin,0.0,0.0,0.0,0.0
3937,76431,Ross Candelino,Wisconsin,0.0,0.0,0.0,0.0
3938,76434,Masud Stewart,Binghamton,0.0,0.3333333333333333,0.0,1.0
3939,76435,Tyrese Elliott,North Carolina A&T,0.0,0.6666666666666666,0.3333333333333333,1.0
3940,76436,Lamar Washington,Texas Tech,0.14285714285714285,0.20833333333333334,0.0,1.0
3941,76438,Pano Pavlidis,Hartford,1.0,0.4426229508196721,0.25,1.0
3942,76439,AJ McKee,Queens,0.0,0.18181818181818182,0.06666666666666667,0.9074074074074074
3943,76440,Gavin Rains,Queens,0.75,0.4482758620689655,0.25,0.0
3944,76441,Kyle Johnson,Delaware St.,0.8571428571428571,0.5384615384615384,0.2727272727272727,1.0
3945,76442,Adam Afifi,Cal St. Northridge,0.0,0.0,0.6666666666666666,0.0
3946,76443,Owen White,South Alabama,0.0,0.3333333333333333,0.08333333333333333,0.9726027397260274
3947,76444,K.T. Raimey,DePaul,0.0,0.125,0.0,0.75
3948,76445,Cameron Stitt,Delaware St.,0.75,0.5172413793103449,0.3333333333333333,1.0
3949,76451,Reis Jones,Morehead St.,0.0,0.0,0.0,0.0
3950,76453,Alex Horiuk,UT Rio Grande Valley,0.0,0.0,0.6666666666666666,0.0
3951,76454,Adante' Holiman,UT Rio Grande Valley,0.0,0.15384615384615385,0.0,0.7727272727272727
3952,76455,Isaiah Barganier,UT Rio Grande Valley,0.0,0.5,0.0,0.0
3953,76456,Damonze Woods,UT Arlington,0.0,0.0,0.5,0.0
3954,76457,Brandon Walker,UT Arlington,0.5,0.3111111111111111,0.3333333333333333,1.0
3955,76458,Wilguens Exacte Jr.,Utah,0.6666666666666666,0.5,0.3333333333333333,0.8571428571428571
3956,76459,Mason Docks,UMBC,0.0,1.0,0.0,0.7142857142857143
3957,76462,Caleb Donaldson,Eastern Illinois,0.75,0.5517241379310345,0.3448275862068966,1.0
3958,76463,Rodolfo Bolis,Eastern Illinois,1.0,0.6666666666666666,0.0,0.0
3959,76464,Kinyon Hodges,Eastern Illinois,0.7352941176470589,0.5846153846153846,0.3617021276595745,0.75
3960,76465,Nick Ellington,Eastern Illinois,0.6666666666666666,0.4696969696969697,0.7142857142857143,0.0
3961,76466,Marvin McGhee III,Cal St. Bakersfield,0.0,0.0,0.3,0.74
3962,76468,Apostolos Roumoglou,Connecticut,0.0,0.0,0.0,0.0
3963,76470,Louie Jordan,Weber St.,0.0,0.0,0.0,1.0
3964,76471,Joseph Pinion,Arkansas,0.5,0.42857142857142855,0.0,1.0
3965,76473,Alex Karaban,Connecticut,1.0,0.5454545454545454,0.2222222222222222,0.9848484848484849
3966,76474,Zach Reinhart,Arkansas Pine Bluff,0.0,0.0,0.0,0.9090909090909091
3967,76477,Cason Wallace,Kentucky,0.18181818181818182,0.09615384615384616,0.09302325581395349,0.8181818181818182
3968,76478,B.J. Omot,North Dakota,0.6666666666666666,0.2830188679245283,0.0,0.7073170731707317
3969,76479,Gregg Glenn III,Michigan,0.0,0.0,0.0,0.0
3970,76480,Jared Turner,Northeastern,0.0,0.3333333333333333,0.6666666666666666,0.8837209302325582
3971,76481,Mark Armstrong,Villanova,0.2222222222222222,0.07692307692307693,0.06666666666666667,0.9411764705882353
3972,76482,Rashad King,Northeastern,1.0,0.3333333333333333,0.7272727272727273,1.0
3973,76483,Chase Cormier,Northeastern,0.0,0.1,0.3333333333333333,0.8461538461538461
3974,76484,Brendan Hausen,Villanova,0.0,0.6666666666666666,1.0,0.9259259259259259
3975,76485,Dug McDaniel,Michigan,0.0,0.16666666666666666,0.05660377358490566,0.42424242424242425
3976,76486,Jett Howard,Michigan,0.6666666666666666,0.3103448275862069,0.16666666666666666,0.7692307692307693
3977,76487,Cam Whitmore,Villanova,0.6071428571428571,0.41333333333333333,0.5,0.5405405405405406
3978,76488,Harold Woods,Northeastern,1.0,0.42105263157894735,0.4,0.75
3979,76489,Kalib Mathews,Queens,0.5625,0.423728813559322,0.0,1.0
3980,76490,Mike Fowler,Queens,0.0,0.2,1.0,1.0
3981,76491,Justin Thomas,Milwaukee,0.2857142857142857,0.18604651162790697,0.08333333333333333,0.875
3982,76492,Patrick Gardner,Marist,0.6,0.29523809523809524,0.2222222222222222,0.8947368421052632
3983,76493,Troy Hupstead,Maryland Eastern Shore,0.0,0.5806451612903226,0.8,0.875
3984,76494,Jackson Francois,Missouri,0.0,0.0,0.0,0.0
3985,76495,Aidan Shaw,Missouri,0.9,0.8214285714285714,1.0,1.0
3986,76496,Andrew Ball,Monmouth,0.75,0.6,0.4,0.875
3987,76499,Daniel Egbuniwe,Little Rock,0.0,0.2,0.0,0.5
3988,76504,Dionjahe Thomas,McNeese St.,1.0,0.5555555555555556,0.3333333333333333,0.0
3989,76507,Adrian Samuels,Vanderbilt,0.0,0.0,0.0,0.0
3990,76509,Malik Dia,Vanderbilt,0.0,0.6666666666666666,0.5,0.8333333333333334
3991,76510,Zach Keller,Wake Forest,1.0,0.75,1.0,1.0
3992,76511,Miles Keeffe,Vanderbilt,0.0,0.0,0.0,0.0
3993,76512,Bobi Klintman,Wake Forest,0.9230769230769231,0.6451612903225806,1.0,0.9642857142857143
3994,76513,Lee Dort,Vanderbilt,0.5,0.3333333333333333,0.0,0.0
3995,76514,Tyler Linhardt,Washington,0.0,1.0,0.0,1.0
3996,76515,Radvilas Kneizys,Longwood,0.0,0.0,0.0,1.0
3997,76516,Ayme Daguilh,Maine,0.0,1.0,0.0,0.0
3998,76519,Xaivian Lee,Princeton,0.0,0.32142857142857145,0.0,0.6153846153846154
3999,76520,Jack Scott,Princeton,0.0,0.5,0.0,1.0
4000,76521,Eli Yofan,Miami OH,0.0,0.25,0.0,0.75
4001,76523,Caden Pierce,Princeton,0.8181818181818182,0.4489795918367347,0.5,1.0
4002,76524,Deven Austin,Princeton,0.7142857142857143,0.6521739130434783,0.8,0.9
4003,76525,Micah Handlogten,Marshall,1.0,0.7640449438202247,0.8571428571428571,1.0
4004,76526,Andrew Sims,Stonehill,1.0,0.33980582524271846,0.28205128205128205,0.9375
4005,76528,R.J. Greene,LIU,0.0,0.3793103448275862,0.5,1.0
4006,76529,Kamarie Coffey,Austin Peay,0.0,0.0,0.0,0.0
4007,76530,Marcus Jackson,Albany,0.0,0.5714285714285714,0.2222222222222222,0.6
4008,76532,Oumar Koureissi,Jacksonville,0.0,1.0,0.0,0.0
4009,76533,Jalen Nesmith,Jacksonville,0.0,0.0,0.6,1.0
4010,76539,Angel Montas,Fordham,0.0,0.5,0.0,1.0
4011,76540,Brenen Lorient,Florida Atlantic,0.6666666666666666,0.8,1.0,0.0
4012,76542,Elijah Gray,Fordham,0.8,0.45,0.5,1.0
4013,76544,Wayne Franklin,Fordham,0.0,0.0,0.0,0.0
4014,76545,Braeden Smith,Colgate,0.0,0.2926829268292683,0.3620689655172414,0.7714285714285715
4015,76546,Brady Cummins,Colgate,0.0,0.0,0.0,1.0
4016,76547,Marcus Saunders,Coastal Carolina,0.0,0.0,0.0,0.0
4017,76548,Ramar Pryor,Cleveland St.,1.0,0.4444444444444444,0.0,0.9
4018,76549,Dylan Arnett,Cleveland St.,1.0,1.0,0.0,0.0
4019,76551,Isaac Jack,Buffalo,1.0,0.78125,0.3333333333333333,0.0
4020,76556,Raziel Hayun,Manhattan,0.0,0.3333333333333333,0.0,0.9545454545454546
4021,76557,Adam Walden,Manhattan,1.0,1.0,0.0,0.0
4022,76558,Stephon Payne III,Incarnate Word,0.9166666666666666,0.5833333333333334,0.5714285714285714,0.0
4023,76559,Treysen Eaglestaff,North Dakota,0.0,0.19444444444444445,0.1,0.62
4024,76560,Robert Lewis,Arkansas Pine Bluff,0.5,0.6428571428571429,0.75,1.0
4025,76562,Caden Powell,Wyoming,1.0,0.6428571428571429,0.5,0.0
4026,76564,Gestin Liberis,Saint Francis,1.0,0.6666666666666666,0.6666666666666666,0.0
4027,76565,Wisler Sanon II,Saint Francis,0.0,0.45454545454545453,0.16666666666666666,0.625
4028,76570,Jonah Lucas,Marquette,0.0,0.0,0.0,0.0
4029,76571,Justyn Fernandez,George Mason,0.3333333333333333,0.26666666666666666,0.25,1.0
4030,76572,Devin Dinkins,George Mason,0.0,0.0,0.16666666666666666,0.6875
4031,76573,Peter Oduro,George Mason,0.0,0.0,0.0,0.0
4032,76574,Elvis Nnaji,George Mason,0.0,0.0,0.0,0.0
4033,76575,Victory Naboya,Maryland Eastern Shore,0.0,1.0,0.0,0.0
4034,76577,Noah Batchelor,Maryland,0.0,0.0,1.0,1.0
4035,76578,Owyn Dawyot,Virginia Tech,0.0,0.0,0.0,0.0
4036,76580,Victor Panov,Cal St. Fullerton,0.0,0.5,0.0,0.5
4037,76581,Tre Green,Middle Tennessee,0.0,0.0,0.0,0.0
4038,76582,Michael Collins Jr.,Virginia Tech,1.0,0.7894736842105263,0.0,0.8888888888888888
4039,76583,Rodney Rice,Virginia Tech,0.0,0.3333333333333333,0.5,0.6923076923076923
4040,76584,Danny Washington,Mississippi Valley St.,0.0,0.36363636363636365,0.0625,0.8823529411764706
4041,76586,Rayquan Brown,Mississippi Valley St.,0.75,0.4782608695652174,0.4523809523809524,0.8888888888888888
4042,76587,Tyronn Mosley,Mississippi Valley St.,0.8,0.4642857142857143,0.2692307692307692,0.7741935483870968
4043,76588,Arecko Gipson,Mississippi Valley St.,1.0,0.5,0.16666666666666666,1.0
4044,76589,Walter Hamilton,Mississippi Valley St.,1.0,0.3333333333333333,0.75,1.0
4045,76591,Camryn Mitchell,Troy,0.0,0.0,0.0,0.0
4046,76592,Mckinley Harris,Prairie View A&M,0.0,0.2,0.25,1.0
4047,76594,GianFranco Grafals,Southern Miss,0.0,1.0,0.0,0.0
4048,76595,Khaliq Abdul-Mateen,East Texas A&M,0.0,0.45,0.5,0.9090909090909091
4049,76597,Ajay Sheldon,Ohio,0.0,0.0,0.2,0.8
4050,76598,Elmore James,Ohio,0.0,0.2857142857142857,0.2631578947368421,1.0
4051,76600,Otega Oweh,Oklahoma,0.23076923076923078,0.35,0.16666666666666666,1.0
4052,76601,Felix Brostrom,South Dakota,0.0,0.0,0.0,1.0
4053,76604,AJ Storr,St. John's,0.8666666666666667,0.5652173913043478,0.45454545454545453,0.7894736842105263
4054,76605,Tanner Te Slaa,South Dakota St.,0.0,0.0,0.5,0.8888888888888888
4055,76607,Henri Veesaar,Arizona,0.8181818181818182,0.6818181818181818,0.0,1.0
4056,76608,Miles Branch,South Dakota,0.0,0.0,0.5,1.0
4057,76610,Paul McMillian IV,NJIT,0.0,0.0,0.09090909090909091,0.7272727272727273
4058,76611,A'lahn Sumler,Northern Kentucky,0.0,0.14285714285714285,0.4,0.7692307692307693
4059,76612,Felix Okpara,Ohio St.,0.9354838709677419,0.7058823529411765,0.3333333333333333,1.0
4060,76614,Colby Baumann,Ohio St.,0.0,0.0,0.0,0.0
4061,76615,LJ Wells,Northern Kentucky,1.0,0.5454545454545454,0.5,1.0
4062,76616,Cody Pennebaker,Lamar,0.4,0.2857142857142857,0.3333333333333333,1.0
4063,76617,Nate Calmese,Lamar,0.8,0.4268292682926829,0.3617021276595745,0.7037037037037037
4064,76618,Thirdkill Jr. Jason,Lamar,1.0,0.6111111111111112,1.0,0.0
4065,76619,Roberts Berze,McNeese St.,0.0,0.5714285714285714,1.0,0.9714285714285714
4066,76620,Turner Buttry,Eastern Kentucky,0.0,0.5,0.0,0.8947368421052632
4067,76621,Jaden Daughtry,Marist,0.25,0.2727272727272727,0.1111111111111111,1.0
4068,76622,Kyle Carlesimo,Eastern Illinois,0.0,0.5,0.2222222222222222,0.9333333333333333
4069,76624,Cameron Haffner,Eastern Illinois,0.0,0.4,0.43478260869565216,0.9
4070,76625,Sincere Malone,Eastern Illinois,0.6666666666666666,0.5510204081632653,0.3076923076923077,1.0
4071,76626,Isaiah Brickner,Marist,0.25,0.30303030303030304,0.0,0.85
4072,76627,Trace Salton,Marist,1.0,0.7368421052631579,0.15384615384615385,1.0
4073,76629,Kyle Thomas,Eastern Illinois,0.9,0.6470588235294118,0.8333333333333334,1.0
4074,76630,Jack Jubenville,Middle Tennessee,0.0,0.0,0.0,0.0
4075,76633,Devon Arlington,Yale,0.0,0.0,0.0,1.0
4076,76634,Jack McCloskey,California,0.0,0.0,0.0,0.0
4077,76635,Danny Wolf,Yale,0.0,0.625,0.0,0.6666666666666666
4078,76636,Nick Townsend,Yale,0.0,0.6666666666666666,0.0,0.0
4079,76638,Lachlan Olbrich,UC Riverside,0.8571428571428571,0.5825242718446602,0.6333333333333333,1.0
4080,76639,Chas Stinson,Stonehill,0.0,0.5,0.0,1.0
4081,76640,Nate Pickens,UC Riverside,0.5,0.3333333333333333,0.0,1.0
4082,76641,Christian Fermin,VCU,0.0,0.0,0.0,0.0
4083,76642,Bowen Hardman,Ohio St.,0.0,0.0,0.0,1.0
4084,76643,Tehshaundre Cole,Chicago St.,0.0,0.36363636363636365,0.5,0.0
4085,76644,John Wade III,Cal St. Northridge,0.0,0.0,0.0,0.0
4086,76645,Jesiah West,Western Illinois,0.8205128205128205,0.5172413793103449,0.7,1.0
4087,76646,Melvion Flanagan,Wichita St.,0.0,0.0,0.3333333333333333,0.7727272727272727
4088,76647,Faheim Meran,Chicago St.,0.0,0.4,0.0,0.0
4089,76648,Tristan Arneaud,Chicago St.,0.0,0.0,0.0,0.0
4090,76649,Devean Williams,Canisius,0.0,1.0,0.6666666666666666,1.0
4091,76650,Deshawn Jean-Charles,Chicago St.,1.0,0.35,0.6,0.6666666666666666
4092,76651,Dhashon Dyson,Bethune Cookman,0.0,0.2857142857142857,0.09523809523809523,0.7307692307692307
4093,76652,Colin Porter,Liberty,0.0,0.16666666666666666,0.25,0.6666666666666666
4094,76655,Zach Cleveland,Liberty,1.0,0.5357142857142857,0.0,0.0
4095,76656,Tyrell Ward,LSU,0.5,0.3,0.5,1.0
4096,76659,AJ Smith,Southern Indiana,1.0,1.0,0.0,1.0
4097,76660,J Wallace,Toledo,0.0,0.5,0.0,0.0
4098,76661,Cade Hornecker,Southern Illinois,1.0,0.6666666666666666,1.0,0.0
4099,76662,Jaren Marshall,Texas A&M Corpus Chris,0.0,0.0,0.0,0.0
4100,76663,Jourdyn Grandberry,Texas A&M Corpus Chris,0.0,0.25,0.0,0.8
4101,76664,Christian May,Towson,1.0,0.6666666666666666,0.6666666666666666,1.0
4102,76667,Kylan Blackmon,Coastal Carolina,0.0,0.3,0.5,0.7619047619047619
4103,76668,Harlan Obioha,Niagara,0.8333333333333334,0.6071428571428571,1.0,0.0
4104,76669,Christian Moore,North Texas,0.0,0.0,0.0,0.8
4105,76670,Tyler Andrews,UMKC,0.6666666666666666,0.42857142857142855,0.18181818181818182,0.875
4106,76672,Sidy Diallo,UMKC,1.0,0.3333333333333333,0.0,0.0
4107,76673,Ernest Udeh Jr.,Kansas,1.0,0.9411764705882353,0.0,0.0
4108,76674,Tafara Gapare,Massachusetts,0.4,0.35,1.0,0.8333333333333334
4109,76675,MJ Rice,Kansas,1.0,0.4666666666666667,1.0,1.0
4110,76676,Jevin Muniz,Delaware St.,0.0,0.2916666666666667,0.25,0.8636363636363636
4111,76677,Kamron Hobbs,Morgan St.,0.0,0.3076923076923077,0.15384615384615385,0.8378378378378378
4112,76678,Logan McIntire,Evansville,0.0,0.0,0.0,0.0
4113,76680,Jack Futa,Ball St.,0.0,0.0,0.0,0.0
4114,76682,Zaveion Chism-Okoh,Evansville,0.0,0.0,0.0,0.0
4115,76683,Chris Moncrief,Evansville,0.6666666666666666,0.23529411764705882,0.4444444444444444,1.0
4116,76684,Gabe Spinelli,Evansville,0.6,0.15,0.13333333333333333,1.0
4117,76686,Cooper Vogel,Saint Joseph's,0.0,0.0,0.0,0.0
4118,76687,Jayden Stevens,Oregon St.,0.0,0.5,0.0,1.0
4119,76688,Michael Rataj,Oregon St.,1.0,0.42857142857142855,0.47058823529411764,0.9473684210526315
4120,76689,Massal Diouf,UTSA,1.0,0.6,0.0,0.0
4121,76690,George Beale,Norfolk St.,1.0,0.23076923076923078,0.3,0.8571428571428571
4122,76691,Perry Smith Jr.,Vermont,0.0,0.7142857142857143,0.6666666666666666,0.0
4123,76694,Kellen Thames,Saint Louis,0.0,0.0,0.0,0.0
4124,76695,Andre Johnson Jr.,Connecticut,0.0,0.0,0.0,0.0
4125,76697,Jordan Pope,Oregon St.,0.0,0.15384615384615385,0.19607843137254902,0.5172413793103449
4126,76698,Kel'el Ware,Oregon,0.7407407407407407,0.5909090909090909,0.3076923076923077,0.9333333333333333
4127,76699,Cam Amboree,Oral Roberts,0.0,0.0,0.0,0.0
4128,76700,Yanic Konan Niederahuser,Northern Illinois,0.6,0.38461538461538464,0.5,1.0
4129,76701,Armandas Plintauskas,Northern Illinois,0.0,1.0,0.0,1.0
4130,76702,Juju Ramirez,Northern Colorado,0.0,0.0,0.0,0.0
4131,76703,Caleb Shaw,Northern Colorado,0.0,0.038461538461538464,0.0,0.9
4132,76704,Taku Youngblood,Northern Illinois,0.0,0.0,0.0,0.6666666666666666
4133,76705,Xavier Amos,Northern Illinois,0.0,0.5,0.0,1.0
4134,76708,Langston Reynolds,Northern Colorado,0.0,0.35714285714285715,0.0,0.0
4135,76709,Brock Wisne,Northern Colorado,0.5,0.6065573770491803,0.7777777777777778,1.0
4136,76710,Jaylen Williams,Longwood,0.0,0.0,0.0,1.0
4137,76711,Anthony Cooper,Marist,0.0,0.0,0.0,0.6666666666666666
4138,76712,Yaakema Rose Jr.,Eastern Illinois,0.0,0.03225806451612903,0.15,0.7058823529411765
4139,76713,B.J. Edwards,Tennessee,0.0,0.6666666666666666,1.0,1.0
4140,76716,Kevin Simeth,San Jose St.,0.0,0.5,0.0,0.0
4141,76717,Sami Pissis,Southeastern Louisiana,1.0,0.4444444444444444,0.0,0.6666666666666666
4142,76718,Nico D'Augusta,San Jose St.,0.0,0.0,0.0,0.0
4143,76719,PJ Haggerty,TCU,0.0,0.75,0.0,0.0
4144,76720,JT Elder,San Jose St.,0.0,0.6,0.0,1.0
4145,76721,Leo Torbor,San Jose St.,0.0,0.5,0.0,0.0
4146,76723,Ibu Yamazaki,Radford,0.0,0.5,0.25,1.0
4147,76725,Myles Burns,Mississippi,0.4074074074074074,0.36,0.16666666666666666,0.9166666666666666
4148,76726,TJ Hurley,Vermont,1.0,0.375,0.0,0.8
4149,76729,Keionte Cornelius,Jackson St.,0.0,0.0,0.0,1.0
4150,76730,Zeke Cook,Jackson St.,0.16666666666666666,0.3404255319148936,0.3125,1.0
4151,76731,Amari Stroud,Long Beach St.,0.7777777777777778,0.5208333333333334,0.2857142857142857,0.0
4152,76732,Syrus Grisby,St. Francis NY,0.0,0.35294117647058826,0.5714285714285714,1.0
4153,76733,Josiah Harris,St. Francis NY,0.5714285714285714,0.37037037037037035,0.5333333333333333,1.0
4154,76734,Kiandre Gaddy,Tarleton St.,0.3333333333333333,0.3103448275862069,0.5714285714285714,0.0
4155,76736,Fredrick King,Creighton,0.875,0.64,0.3333333333333333,0.0
4156,76737,Ben Shtolzberg,Creighton,0.0,0.0,1.0,0.6666666666666666
4157,76738,Sean Logan,Davidson,0.0,0.6666666666666666,0.0,0.0
4158,76739,Reed Bailey,Davidson,0.8461538461538461,0.6590909090909091,0.46153846153846156,1.0
4159,76741,Cooper Noard,Cornell,0.0,0.0,0.0,0.8333333333333334
4160,76743,Zion Harmon,Bethune Cookman,0.0,0.21875,0.10638297872340426,0.5416666666666666
4161,76744,Lukas Gudavicius,Bethune Cookman,1.0,0.9,0.0,1.0
4162,76746,Elijah Hulsewe,Bethune Cookman,0.3333333333333333,0.6875,1.0,0.0
4163,76748,Branden Maughmer,Morehead St.,0.0,0.2916666666666667,0.13636363636363635,1.0
4164,76749,Jackson Last,Robert Morris,0.5,0.5185185185185185,0.25,1.0
4165,76751,Tevin Gowins,Southeast Missouri St.,0.0,0.0,0.0,1.0
4166,76752,Ahjany Lee,St. Thomas,0.8235294117647058,0.6829268292682927,0.2631578947368421,1.0
4167,76753,Andrew Rohde,St. Thomas,0.7,0.1839080459770115,0.08333333333333333,0.7272727272727273
4168,76754,Anthony Wrzeszcz,Sam Houston St.,1.0,0.42857142857142855,0.5,0.8
4169,76756,Evan Eursher,Southeast Missouri St.,0.0,0.6666666666666666,0.0,1.0
4170,76758,Benny Gealer,Stanford,0.0,0.0,0.0,0.3333333333333333
4171,76759,Ryan Agarwal,Stanford,0.0,1.0,0.0,0.9375
4172,76760,Jalen Washington,North Carolina,1.0,0.75,0.375,0.0
4173,76761,Tyler Nickel,North Carolina,0.0,0.75,0.2,1.0
4174,76763,KJ Keatts,N.C. State,0.0,0.0,0.0,0.0
4175,76767,Kellen King,San Jose St.,0.0,0.3333333333333333,0.0,0.0
4176,76768,Matus Hronsk,Duquesne,1.0,0.75,0.125,0.75
4177,76769,Ronnie Stapp,Idaho St.,0.0,0.0,0.0,0.0
4178,76770,Dominique Ford,Idaho,0.0,0.35714285714285715,0.4444444444444444,1.0
4179,76771,Brock Mackenzie,Idaho St.,0.0,0.45454545454545453,0.2777777777777778,0.6610169491525424
4180,76772,David Dixon,Duquesne,0.8181818181818182,0.6410256410256411,0.6,0.0
4181,76773,German Plotnikov,Hofstra,0.75,0.5384615384615384,0.5454545454545454,1.0
4182,76774,Halil Barre,Duquesne,0.875,0.7142857142857143,0.0,0.0
4183,76775,Emanuel Sharp,Houston,0.0,0.14285714285714285,0.375,0.9302325581395349
4184,76776,Isaac Jones,Idaho,0.7777777777777778,0.5144508670520231,0.3,1.0
4185,76778,Terrance Ford Jr.,Arkansas St.,0.0,0.027777777777777776,0.15151515151515152,0.5263157894736842
4186,76779,Marcus Tankersley,Detroit Mercy,0.0,0.3333333333333333,0.3333333333333333,1.0
4187,76780,Dallin Hall,BYU,0.0,0.21875,0.0,0.41935483870967744
4188,76781,Jared McGregor,BYU,0.0,0.0,0.0,0.0
4189,76782,Alaaeddine Boutayeb,Arkansas St.,1.0,0.3333333333333333,0.5,0.0
4190,76784,Tanner Toolson,BYU,0.0,0.5,0.0,0.0
4191,76786,Dereck Lively II,Duke,0.8148148148148148,0.7432432432432432,1.0,1.0
4192,76787,Dariq Whitehead,Duke,0.5,0.5,0.29411764705882354,0.8571428571428571
4193,76789,Deandre Smart,Elon,0.0,0.5714285714285714,0.0,0.0
4194,76790,Cole Hargrove,Drexel,0.0,0.25,0.5,0.0
4195,76791,Garfield Turner,Drexel,0.0,0.5454545454545454,1.0,0.0
4196,76792,LA Pratt,Elon,0.0,0.23529411764705882,0.0,1.0
4197,76793,Justin Moore,Drexel,0.0,0.1,0.05555555555555555,0.9166666666666666
4198,76795,Love Bettis,North Carolina A&T,0.0,0.2,0.0,0.7894736842105263
4199,76796,Dane Erikstrup,Eastern Washington,1.0,0.5,0.6153846153846154,1.0
4200,76797,Joshua Phillips,Grambling St.,1.0,0.4444444444444444,1.0,0.0
4201,76798,Louis Fidler,Nebraska Omaha,0.0,0.0,0.0,0.0
4202,76799,Isaiah Moore,South Alabama,0.0,0.013888888888888888,0.009708737864077669,1.0
4203,76800,Cory Barnes,Delaware St.,0.0,0.5,0.0,0.0
4204,76801,Justin Gielen,Mount St. Mary's,0.0,0.0,0.0,1.0
4205,76803,Da'Sean Nelson,DePaul,0.9565217391304348,0.6025641025641025,0.3870967741935484,1.0
4206,76804,William Reynolds,Grambling St.,0.0,0.0,1.0,0.6666666666666666
4207,76805,Daniel Braster,North Alabama,0.0,0.5,0.5,1.0
4208,76807,AJ Brown,Ohio,0.75,0.25,0.13333333333333333,0.8157894736842105
4209,76808,Benny Schroeder,Oklahoma,0.0,0.25,0.5,0.0
4210,76809,Quinn Corna,Ohio,0.0,0.0,0.0,1.0
4211,76810,Milos Uzan,Oklahoma,0.6666666666666666,0.2,0.1,0.9655172413793104
4212,76812,Dylan Anderson,Arizona,1.0,0.6666666666666666,1.0,1.0
4213,76815,Filip Borovicanin,Arizona,0.0,0.5,0.0,1.0
4214,76816,Trey Hubbard,Queens,0.0,0.0,0.0,1.0
4215,76817,Tredyn Christensen,BYU,0.0,0.6666666666666666,0.0,0.0
4216,76818,Kylan Boswell,Arizona,1.0,0.7,0.2777777777777778,0.5666666666666667
4217,76819,Kiir Kiir Chol Deng,Sacramento St.,0.0,0.5,0.0,1.0
4218,76823,Omarion Henry,New Orleans,0.6923076923076923,0.625,0.631578947368421,0.8571428571428571
4219,76824,James Weathers,Bradley,0.0,0.2,0.0,1.0
4220,76827,Cole Sinclair,New Orleans,0.0,0.0,0.0,0.0
4221,76829,Alex Gross,Morehead St.,0.4,0.6203703703703703,0.35294117647058826,0.0
4222,76830,Xavier Brewer,Alabama A&M,0.5,0.6666666666666666,0.3,1.0
4223,76831,Olisa Akonobi,Alabama A&M,0.6666666666666666,0.625,0.6774193548387096,0.0
4224,76832,Kortrijk Miles,Prairie View A&M,0.0,0.4444444444444444,0.25,1.0
4225,76833,Ben Vander Wal,Furman,1.0,0.6,0.0,0.9333333333333333
4226,76835,Chandler Jackson,Florida St.,0.0,0.0,0.21428571428571427,0.9166666666666666
4227,76836,Riley Kugel,Florida,0.8666666666666667,0.4444444444444444,0.0625,0.6571428571428571
4228,76837,De'Ante Green,Florida St.,0.0,0.625,0.5,1.0
4229,76838,Cameron Corhen,Florida St.,0.8823529411764706,0.6875,0.6428571428571429,1.0
4230,76839,Baba Miller,Florida St.,1.0,0.2857142857142857,0.5,0.8571428571428571
4231,76841,R.J. Morris,Florida St.,0.0,0.0,0.0,0.0
4232,76842,Tom House,Florida St.,0.0,0.5,0.0,1.0
4233,76843,Kris Gardner,Southern,0.0,0.0,0.3333333333333333,1.0
4234,76845,Cameron Butler,Alcorn St.,0.0,0.0,0.0,1.0
4235,76846,Grayson Allo,North Texas,0.0,0.0,0.0,1.0
4236,76847,JaRonn Wilkens,Southern,1.0,0.6666666666666666,0.5,0.0
4237,76848,Jariyon Wilkens,Southern,0.0,0.3333333333333333,0.0,1.0
4238,76849,Jalen Reynolds,Southern,1.0,0.5128205128205128,0.18181818181818182,0.0
4239,76852,Marcus Lee Jr.,Tennessee Tech,0.0,0.0,0.0,0.0
4240,76853,Louis Bleechmore,Saint Joseph's,1.0,0.7142857142857143,0.75,1.0
4241,76854,Kenu Louissaint,South Florida,0.0,0.0,0.0,0.0
4242,76855,Dorion Staples,SIU Edwardsville,1.0,1.0,0.0,1.0
4243,76856,Brennan Rigsby,Oregon,0.0,0.1,0.18181818181818182,0.8461538461538461
4244,76857,Damarco Minor,SIU Edwardsville,0.0,0.12280701754385964,0.10909090909090909,0.4375
4245,76858,Kennedy Brown,Nebraska Omaha,0.6666666666666666,0.6428571428571429,0.5454545454545454,0.0
4246,76859,Marquel Sutton,Nebraska Omaha,0.8235294117647058,0.6461538461538462,0.3333333333333333,1.0
4247,76860,Lamar Wilkerson,Sam Houston St.,1.0,0.42105263157894735,0.35294117647058826,0.9032258064516129
4248,76861,Jacoby Bishop,Sam Houston St.,0.0,0.0,0.0,1.0
4249,76862,Daeshawn Eaton,Cal St. Fullerton,0.0,0.2,0.25,1.0
4250,76864,Ginika Ojiako,George Mason,0.7058823529411765,0.6153846153846154,0.5789473684210527,0.0
4251,76865,Tre Thomas,Hampton,0.0,0.14285714285714285,0.4,0.6666666666666666
4252,76868,Max Zegarowski,Stonehill,0.0,0.4,0.35714285714285715,0.9375
4253,76869,Josh Mack,Stonehill,0.0,0.3333333333333333,0.5454545454545454,0.9047619047619048
4254,76871,John O'Reilly III,Stonehill,0.0,0.0,0.0,0.0
4255,76872,Louis Hutchinson,Rhode Island,0.0,0.6,1.0,1.0
4256,76873,TJ Caldwell,Mississippi,0.6,0.2916666666666667,0.25,0.7894736842105263
4257,76875,Malique Ewin,Mississippi,0.3333333333333333,0.3333333333333333,0.5,0.0
4258,76877,Luke Jungers,Nebraska Omaha,1.0,0.46153846153846156,0.5833333333333334,0.9761904761904762
4259,76878,Ja'Sean Glover,Nebraska Omaha,0.0,0.26666666666666666,0.3333333333333333,0.9
4260,76880,Caleb Reese,Loyola Chicago,0.0,0.0,0.0,0.0
4261,76882,Isaiah Alexander,Loyola MD,1.0,0.5,0.0,1.0
4262,76883,Jordan Crawford,Louisiana Tech,1.0,0.11764705882352941,0.5,0.75
4263,76884,"Pierre Geneste, Jr.",Louisiana Tech,1.0,1.0,0.0,0.0
4264,76885,Jayden Dawson,Loyola Chicago,0.0,0.6,0.0,1.0
4265,76886,Jalen Quinn,Loyola Chicago,0.0,0.125,0.3333333333333333,1.0
4266,76887,Christoph Tilly,Santa Clara,0.8,0.7297297297297297,0.3125,0.0
4267,76889,Kosy Akametu,Santa Clara,0.5,0.38461538461538464,0.0,0.0
4268,76890,Sam Perez,High Point,0.0,0.6666666666666666,1.0,1.0
4269,76891,Justin Taylor,High Point,0.0,0.4,0.0,1.0
4270,76894,Jaylen Peterson,Presbyterian,1.0,0.6666666666666666,0.0,0.0
4271,76897,Amaree Abram,Mississippi,0.0,0.17391304347826086,0.23809523809523808,0.6666666666666666
4272,76898,Deon Perry,Loyola MD,0.0,0.3888888888888889,0.19230769230769232,0.589041095890411
4273,76899,Garrett Brennan,Loyola MD,0.0,0.0,0.0,0.0
4274,76900,Cade McKnight,Indiana St.,0.0,0.7674418604651163,0.0,1.0
4275,76902,Donavan Short,Green Bay,1.0,0.42857142857142855,0.25,1.0
4276,76903,Isaiah Carr,Grand Canyon,0.0,1.0,0.0,0.0
4277,76905,Freds Pauls Bagatskis,Georgia Tech,0.0,0.0,0.0,1.0
4278,76906,Jack Rose,Green Bay,0.0,0.0,0.0,1.0
4279,76908,Matt Filipowski,Harvard,0.0,0.0,0.0,0.0
4280,76910,Lajae Jones,Tarleton St.,0.0,0.5,0.0,0.0
4281,76912,Shy Odom,Howard,0.8,0.5283018867924528,0.5,1.0
4282,76913,Freedom Rhames,Howard,0.0,0.0,0.0,1.0
4283,76914,Atticus Schuler,Dayton,0.0,0.0,0.0,0.0
4284,76915,Ose Okojie,Howard,1.0,0.5714285714285714,0.0,0.0
4285,76918,Matt Schner,Lipscomb,0.0,0.5666666666666667,0.19230769230769232,0.8333333333333334
4286,76919,Justin Archer,Radford,0.8888888888888888,0.5287356321839081,0.75,0.0
4287,76920,D'Auntray Pierce,Radford,0.0,0.3333333333333333,1.0,0.0
4288,76922,Paul Otieno,Quinnipiac,0.8666666666666667,0.6875,0.46153846153846156,0.0
4289,76924,Federiko Federiko,Pittsburgh,0.9512195121951219,0.8021978021978022,1.0,0.0
4290,76925,Reggie Hill,Northwestern St.,1.0,0.4,1.0,0.9090909090909091
4291,76926,Dayne Prim,Northwestern St.,1.0,0.6,0.2608695652173913,0.8888888888888888
4292,76927,JJ White,Nebraska Omaha,0.0,0.058823529411764705,0.07407407407407407,0.625
4293,76928,Jaeden Marshall,Nebraska Omaha,0.0,0.30434782608695654,0.2,0.8076923076923077
4294,76929,Seyi Reiley,Seattle,1.0,0.5185185185185185,0.0,1.0
4295,76930,Anjaylo Lloyd,Seattle,0.0,0.0,0.0,1.0
4296,76931,Drake Allen,Southern Utah,0.4,0.21649484536082475,0.25,0.4230769230769231
4297,76932,Bryant Selebangue,Tulsa,0.9444444444444444,0.5447761194029851,0.23076923076923078,0.0
4298,76933,Sam Manu,UC Davis,1.0,1.0,0.0,0.0
4299,76934,Jayhlon Young,UCF,0.0,0.2222222222222222,0.14285714285714285,0.8421052631578947
4300,76935,Cam Morris III,UMass Lowell,0.6666666666666666,0.5833333333333334,1.0,0.0
4301,76936,Colton Lawrence,UMBC,0.3333333333333333,0.35555555555555557,0.1702127659574468,0.8636363636363636
4302,76937,Devan Sapp,UMBC,0.0,0.5,0.6666666666666666,0.875
4303,76938,TreVon Smith,Middle Tennessee,0.0,0.0,0.0,0.8
4304,76939,Bernard Pelote,Western Carolina,0.5,0.5833333333333334,0.4,0.9696969696969697
4305,76940,Caleb Robinson,Gardner Webb,0.625,0.3793103448275862,0.1111111111111111,0.6
4306,76941,Eric Northweather,Drake,1.0,0.9230769230769231,1.0,1.0
4307,76942,Tyler Houser,VMI,0.0,0.44,0.14285714285714285,0.9487179487179487
4308,76943,Tony Felder,VMI,0.0,0.0967741935483871,0.07692307692307693,0.6727272727272727
4309,76944,Taeshaud Jackson,VMI,0.0,0.5151515151515151,0.23529411764705882,0.9411764705882353
4310,76946,Rickey Bradley,VMI,0.0,0.23076923076923078,0.125,0.4782608695652174
4311,76947,Asher Woods,VMI,0.0,0.13559322033898305,0.10810810810810811,0.7906976744186046
4312,76948,Kyle Hayman,Stephen F. Austin,1.0,0.3684210526315789,0.1,1.0
4313,76949,AJ Cajuste,Stephen F. Austin,1.0,0.03333333333333333,0.16129032258064516,0.6071428571428571
4314,76950,Jalil Beaubrun,Stephen F. Austin,1.0,0.9,1.0,1.0
4315,76951,Maximus Nelson,Valparaiso,1.0,0.75,1.0,0.9736842105263158
4316,76952,Nick Martinelli,Northwestern,0.0,0.42857142857142855,0.4,1.0
4317,76953,Terry Anderson,Lamar,0.0,0.5151515151515151,0.0,1.0
4318,76954,Chris Pryor,Lamar,0.0,0.2692307692307692,0.03125,0.775
4319,76955,Jonathan Cisse,Incarnate Word,0.0,0.14285714285714285,0.0784313725490196,0.6136363636363636
4320,76956,Cam Denson,Pacific,0.8571428571428571,0.35135135135135137,0.0,0.75
4321,76957,Roland McCoy,Alabama St.,1.0,0.375,0.4166666666666667,0.9
4322,76958,Andre Cruz,Incarnate Word,0.0,0.2,0.0,1.0
4323,76959,Jake Younkin,Baylor,0.0,0.0,0.0,0.0
4324,76960,Duane Posey,Alabama St.,1.0,0.6111111111111112,0.3,0.0
4325,76961,Jakevion Buckley,Lamar,0.0,0.2857142857142857,0.47058823529411764,1.0
4326,76963,Jorge Ochoa,Vermont,0.0,0.0,0.5,0.0
4327,76964,Ben Gold,Marquette,0.6666666666666666,0.7368421052631579,0.5,1.0
4328,76965,Tyler Henry,Southern Indiana,0.0,0.3,0.07692307692307693,0.6923076923076923
4329,76968,Shammah Scott,Wichita St.,0.0,0.5,0.0,0.8
4330,76969,Bruce Thornton,Ohio St.,0.0,0.08333333333333333,0.09836065573770492,0.7142857142857143
4331,76970,Martavious Russell,Mississippi St.,0.0,0.0,0.0,1.0
4332,76971,Alphonzo Billups III,VCU,0.0,0.0,0.0,0.0
4333,76972,Brice Sensabaugh,Ohio St.,0.4444444444444444,0.40384615384615385,0.17647058823529413,0.8833333333333333
4334,76973,Shawn Jones Jr.,Mississippi St.,0.6666666666666666,0.5384615384615384,0.0,0.9230769230769231
4335,76975,Jalen Hood-Schifino,Indiana,0.5,0.17073170731707318,0.2222222222222222,0.5945945945945946
4336,76976,Skyy Clark,Illinois,0.5,0.3333333333333333,0.0,0.4666666666666667
4337,76977,Jayden Epps,Illinois,0.0,0.22,0.20833333333333334,0.8648648648648649
4338,76978,Sencire Harris,Illinois,0.4,0.40625,0.0,0.8461538461538461
4339,76979,Paxton Warden,Illinois,0.0,1.0,0.0,0.0
4340,76980,Ty Rodgers,Illinois,0.6,0.6111111111111112,0.25,0.0
4341,76983,Nigel Burris,Idaho,1.0,0.6578947368421053,0.2857142857142857,0.9714285714285714
4342,76985,Amarr Knox,Alabama St.,0.0,0.09090909090909091,0.0,1.0
4343,76986,Kendal Parker,Alabama St.,0.0,0.5,0.0,0.6
4344,76987,Jamarius Hairston,East Tennessee St.,0.0,0.0,0.5,1.0
4345,76989,Miles McClure,Western Carolina,0.0,0.0,0.0,1.0
4346,76991,Marcus Kell,Western Carolina,0.0,0.3333333333333333,0.0,1.0
4347,76994,Jalen Higgins,Western Carolina,0.0,0.0,0.0,0.0
4348,76996,Mitchell Rylee,Miami OH,0.0,1.0,0.0,0.0
4349,76997,Masen Miller,Indiana St.,0.0,0.0,0.0,1.0
4350,76999,Choul Deng,Oakland,0.0,0.0,1.0,0.0
4351,77002,Fletcher Loyer,Purdue,0.0,0.2903225806451613,0.38235294117647056,0.9152542372881356
4352,77005,Hayden Welling,UC Irvine,1.0,0.8,1.0,0.0
4353,77008,Mason Hanback,Southeast Missouri St.,1.0,1.0,1.0,0.0
4354,77009,Regimantas Ciunys,UMBC,1.0,0.6,0.0,0.0
4355,77013,Eli Chol,UC Irvine,0.0,0.0,0.0,0.0
4356,77014,Yohan Traore,Auburn,0.8333333333333334,0.8571428571428571,0.0,1.0
4357,77016,Cade Tyson,Belmont,0.625,0.46938775510204084,0.18604651162790697,1.0
4358,77017,Kheni Briggs,Charleston Southern,0.0,0.0,0.0,0.0
4359,77018,Tyeree Bryan,Charleston Southern,0.0,0.034482758620689655,0.09090909090909091,0.9487179487179487
4360,77020,Kyler Vanderjagt,Belmont,0.0,0.0,0.3333333333333333,0.0
4361,77021,Chance Westry,Auburn,1.0,0.375,0.0,0.0
4362,77022,Zocko Littleton Jr.,Appalachian St.,0.0,0.0,0.0,0.0
4363,77024,Pat Robinson III,Charleston,0.0,0.16455696202531644,0.11538461538461539,1.0
4364,77026,Toibu Lawal,VCU,0.7142857142857143,0.75,0.5,0.0
4365,77028,Ugonna Onyenso,Kentucky,1.0,0.6666666666666666,0.3333333333333333,0.0
4366,77030,Taeyon Neal,Chicago St.,0.0,0.0,0.0,0.0
4367,77031,Hansel Enmanuel,Northwestern St.,0.5,0.3333333333333333,0.0,1.0
4368,77035,Naz Brown,Oklahoma St.,0.0,0.0,0.0,0.0
4369,77036,Jake Shannon,Oral Roberts,0.0,0.0,1.0,1.0
4370,77037,Peter Suder,Bellarmine,0.0,0.375,0.06060606060606061,0.8461538461538461
4371,77038,Nik Graves,Charlotte,0.0,0.2,0.0,0.5
4372,77039,Damien Madison,Alabama St.,0.0,0.0,0.0,0.5
4373,77040,Bryan Etumnu,Merrimack,0.0,0.0,0.0,1.0
4374,77042,Rob Martin,Indiana St.,0.0,0.0,0.0,1.0
4375,77044,Cruz Davis,Iona,0.0,0.3448275862068966,0.26666666666666666,0.6923076923076923
4376,77045,Malik Reneau,Indiana,0.8,0.4909090909090909,0.28125,1.0
4377,77046,CJ Gunn,Indiana,0.75,0.8,0.8,1.0
4378,77048,Clarence Cummings III,Green Bay,0.0,0.21621621621621623,0.20454545454545456,0.6486486486486487
4379,77049,Zane Short,Green Bay,0.0,0.0,0.0,0.0
4380,77050,Tyren Moore,Georgia Southern,0.0,0.15,0.037037037037037035,0.52
4381,77052,Cam Gregory,Saint Francis,0.0,0.47619047619047616,0.2,0.8125
4382,77053,Jamar Franklin,South Alabama,0.0,0.0,0.2,0.9666666666666667
4383,77056,Austin Nunez,Arizona St.,0.0,0.14285714285714285,0.3,0.8
4384,77057,Duke Brennan,Arizona St.,1.0,0.5217391304347826,0.4,0.0
4385,77058,CJ Scott,Coppin St.,0.0,0.0,0.0,0.0
4386,77059,Elijah Ormiston,South Alabama,0.0,0.6666666666666666,0.5,1.0
4387,77060,Chase Lowe,William & Mary,0.0,0.35,0.0,0.0
4388,77061,Johnny McFatten,Georgia Southern,1.0,0.47058823529411764,0.0,0.0
4389,77062,Isaiah Jones,Detroit Mercy,1.0,0.5555555555555556,0.0,1.0
4390,77063,Julian Lual,Arkansas St.,1.0,0.65,0.9047619047619048,0.7777777777777778
4391,77065,Cole Haller,Cal Poly,0.0,0.0,0.5,1.0
4392,77067,Max Davis,Drexel,0.0,0.0,0.0,0.0
4393,77069,Frankie Idlett,Charleston,0.0,0.0,0.0,0.0
4394,77071,Donovan Atwell,UNC Greensboro,0.0,0.5,0.3333333333333333,1.0
4395,77072,Henry White,Hartford,0.0,0.0,1.0,0.0
4396,77073,Jordan Chatman,Florida A&M,1.0,0.27586206896551724,0.4166666666666667,0.3333333333333333
4397,77074,Maximus Fuentes,Drexel,0.0,0.0,0.0,0.0
4398,77075,Jaxon Ellingsworth,East Carolina,1.0,1.0,0.0,0.0
4399,77076,DJ Basey,Coastal Carolina,0.7777777777777778,0.5294117647058824,0.0,0.0
4400,77077,Kenny Dye,Queens,0.0,0.1232876712328767,0.09259259259259259,0.7446808510638298
4401,77079,JV Seat,Abilene Christian,0.0,0.0,1.0,0.0
4402,77080,Jamari Smith,Murray St.,0.75,0.5932203389830508,0.3103448275862069,0.9545454545454546
4403,77081,Nick Smith Jr.,Arkansas,0.5,0.29411764705882354,0.22857142857142856,0.9166666666666666
4404,77082,Jaden Bradley,Alabama,0.0,0.10204081632653061,0.058823529411764705,0.8571428571428571
4405,77083,Rylan Griffen,Alabama,0.25,0.11538461538461539,0.0,0.8292682926829268
4406,77084,Noah Clowney,Alabama,0.9629629629629629,0.6103896103896104,0.5,1.0
4407,77086,Quin Patterson,UC San Diego,0.0,1.0,0.0,1.0
4408,77088,Jesaiah McWright,Tulsa,0.0,0.2857142857142857,0.625,0.8888888888888888
4409,77089,Yann Farell,St. Bonaventure,0.5,0.29411764705882354,0.5625,0.9076923076923077
4410,77090,Camden McCormick,UC San Diego,0.0,0.0,0.0,0.0
4411,77092,Roddie Anderson III,UC San Diego,0.1,0.0989010989010989,0.034482758620689655,0.7272727272727273
4412,77093,Jac Mani,UC Davis,0.0,0.0,1.0,0.0
4413,77094,Trey Pettigrew,Nevada,0.0,0.06666666666666667,0.16666666666666666,0.7142857142857143
4414,77095,Jaden Ellis,Army,0.0,0.0,0.0,1.0
4415,77096,Zek Tekin,Siena,1.0,0.6666666666666666,0.375,1.0
4416,77098,Jaquel Morris,Miami OH,0.5,0.55,1.0,0.0
4417,77099,Ryan Mabrey,Miami OH,0.0,0.6153846153846154,0.4,0.9591836734693877
4418,77100,Tyler Bilodeau,Oregon St.,1.0,0.6538461538461539,0.3488372093023256,0.9166666666666666
4419,77101,Zach Howell,Milwaukee,0.0,0.2,0.0,0.9230769230769231
4420,77102,Elijah Jamison,Milwaukee,0.0,0.10714285714285714,0.2,1.0
4421,77103,Billy Smith,Miami OH,0.0,0.47058823529411764,0.4,1.0
4422,77104,Chandler Pigge,Harvard,0.0,0.4,0.0,1.0
4423,77105,Chisom Okpara,Harvard,1.0,0.5098039215686274,0.2,1.0
4424,77106,Sadraque NgaNga,Boise St.,1.0,0.25,0.0,1.0
4425,77108,Jace Whiting,Boise St.,0.0,0.10526315789473684,0.42857142857142855,0.7692307692307693
4426,77109,Michael Bova,Bellarmine,0.0,0.0,0.0,1.0
4427,77112,Issa Muhammad,New Mexico St.,1.0,0.7241379310344828,0.47058823529411764,1.0
4428,77114,Patrick Cartier,Colorado St.,1.0,0.7857142857142857,0.6206896551724138,1.0
4429,77115,Quest Aldridge,Gardner Webb,0.0,0.2,0.2,0.95
4430,77116,Dorian Finister,Kansas St.,0.0,0.6666666666666666,0.0,1.0
4431,77117,Jerrell Roberson,James Madison,1.0,0.8,0.0,0.0
4432,77118,Brycen Blaine,James Madison,0.0,0.5,0.0,0.6666666666666666
4433,77119,Xavier Brown,James Madison,0.0,0.09090909090909091,0.0,0.8
4434,77120,Travis Roberts,Jacksonville St.,0.0,0.42857142857142855,0.2,0.9473684210526315
4435,77121,Demarion Watson,Iowa St.,0.8571428571428571,0.6923076923076923,0.5,1.0
4436,77122,Tamin Lipsey,Iowa St.,0.0,0.1791044776119403,0.08333333333333333,1.0
4437,77123,Eli King,Iowa St.,0.0,0.0,0.0,1.0
4438,77124,Seth Dawson,Coastal Carolina,0.0,0.0,0.0,0.0
4439,77125,Simeon Cottle,Kennesaw St.,1.0,0.6,0.125,0.8571428571428571
4440,77128,Maliq Brown,Syracuse,0.7096774193548387,0.6486486486486487,0.0,0.0
4441,77129,Bryson Dawkins,North Alabama,0.4,0.1,0.0,1.0
4442,77130,Chris Bell,Syracuse,1.0,0.5,0.35,0.8918918918918919
4443,77132,Lamine Niang,Cal St. Northridge,1.0,0.3333333333333333,0.0,0.0
4444,77133,Kaseem Watson,Cal St. Bakersfield,0.0,0.5833333333333334,0.65,0.0
4445,77134,Johnnie Walter,Cal St. Northridge,0.0,0.6,1.0,0.0
4446,77136,Cedquavious Hunter,Cal St. Bakersfield,0.0,0.5,0.2,0.8333333333333334
4447,77137,Cam Slaymaker,Cal St. Northridge,0.0,0.0,0.3,1.0
4448,77138,Jeremiah Coleman,South Dakota,0.0,0.2,0.0,1.0
4449,77139,JaMir Price,Cleveland St.,0.0,0.4,0.6666666666666666,1.0
4450,77140,Jalen Reed,LSU,0.5714285714285714,0.22580645161290322,0.3333333333333333,1.0
4451,77141,Henri Adiassa,Lehigh,0.75,0.375,0.0,0.0
4452,77142,Tommy Conniff,Lehigh,0.0,1.0,0.0,0.0
4453,77143,Chance Stephens,Loyola Marymount,0.0,0.0,0.5,0.7954545454545454
4454,77144,Yuto Yamanouchi-Williams,Lamar,1.0,0.5434782608695652,0.6923076923076923,1.0
4455,77145,Zuby Ejiofor,Kansas,0.8571428571428571,0.7692307692307693,0.0,0.0
4456,77147,Jaret Valencia,Monmouth,0.0,0.0,0.0,0.0
4457,77148,Jevin Sullivan,UMKC,0.0,0.2,0.3333333333333333,0.875
4458,77149,Youri Fritz,Canisius,0.0,0.6666666666666666,0.0,0.0
4459,77150,Braden Sparks,Mercer,0.0,0.0,0.0,0.7
4460,77154,Aaron Lemon-Warren,Delaware St.,1.0,0.5,0.5714285714285714,1.0
4461,77155,Gradey Dick,Kansas,0.8666666666666667,0.5967741935483871,0.4482758620689655,0.7951807228915663
4462,77156,Colin McKenzie,East Carolina,0.0,0.0,0.0,0.0
4463,77157,RJ Godfrey,Clemson,0.6666666666666666,0.42424242424242425,0.2857142857142857,1.0
4464,77158,Devin Ceaser,Buffalo,0.0,0.2727272727272727,0.3333333333333333,0.5
4465,77159,Noah Williamson,Bucknell,1.0,0.6,1.0,0.0
4466,77160,Josh Fulton,Bucknell,0.0,0.0,0.0,0.0
4467,77161,Dillon Hunter,Clemson,0.0,0.07692307692307693,0.0,1.0
4468,77162,Brady Muller,Bucknell,0.0,0.0,0.0,1.0
4469,77163,Matt Kelly,Clemson,0.0,0.0,0.5,0.0
4470,77164,Chauncey Wiggins,Clemson,1.0,1.0,0.0,0.9285714285714286
4471,77165,Ruot Bijiek,Bucknell,1.0,0.25,0.2857142857142857,1.0
4472,77167,Harry Rouhliadeff,Hawaii,0.0,0.7058823529411765,1.0,1.0
4473,77168,Darian Owens-White,Ball St.,0.0,0.0,0.0,0.0
4474,77171,Preston Murphy Jr.,New Orleans,0.0,0.2,1.0,1.0
4475,77173,Goanar Biliew,Bradley,0.0,0.6666666666666666,0.0,0.0
4476,77175,Zid Powell,Buffalo,0.4782608695652174,0.225,0.3333333333333333,0.7142857142857143
4477,77176,Tae Williams,Cleveland St.,0.6666666666666666,0.40310077519379844,0.34285714285714286,0.0
4478,77177,Jason Drake,Cleveland St.,0.0,0.0,0.0,0.8
4479,77178,Bryce Moore,Niagara,0.0,0.3333333333333333,0.4,0.9473684210526315
4480,77179,Kijani Wright,USC,1.0,0.7894736842105263,0.6666666666666666,0.0
4481,77180,Chendall Weaver,UT Arlington,0.5555555555555556,0.3333333333333333,0.45,1.0
4482,77181,Tre White,USC,0.875,0.6666666666666666,0.3409090909090909,0.9230769230769231
4483,77182,Brayden O'Connor,UMass Lowell,1.0,0.35294117647058826,0.6,0.9090909090909091
4484,77183,VIncent Iwuchukwu,USC,0.75,0.5714285714285714,0.2857142857142857,0.0
4485,77184,Oziyah Sellers,USC,0.0,0.5,0.5,1.0
4486,77185,Bessanty-Aime Saragba,Illinois Chicago,0.0,0.5,0.0,0.0
4487,77186,Cameron Fens,Illinois Chicago,1.0,0.7272727272727273,0.6666666666666666,0.0
4488,77187,Christian Jones,Illinois Chicago,0.0,0.35,0.22727272727272727,0.8181818181818182
4489,77189,Ross Williams,Texas A&M Corpus Chris,0.0,0.4444444444444444,0.17647058823529413,0.8888888888888888
4490,77192,Sveinn Birgisson,Siena,0.0,0.0,0.0,0.0
4491,77193,Mason Courtney,Siena,0.0,0.0,0.0,0.0
4492,77194,Mike Walz,Richmond,0.0,0.5,0.0,0.0
4493,77195,Michael Eley,Siena,0.8,0.6578947368421053,0.35714285714285715,0.8484848484848485
4494,77196,Mekhi Mason,Rice,0.8333333333333334,0.375,0.23333333333333334,0.8947368421052632
4495,77197,Mason Jones,Rice,0.0,0.5,0.0,0.25
4496,77198,Killian Gribben,Siena,1.0,0.8666666666666667,0.0,1.0
4497,77200,Ifeanyi Ufochukwu,Rice,1.0,0.75,0.0,0.0
4498,77201,Andrew Akuchie,Rice,0.8571428571428571,0.6470588235294118,1.0,0.0
4499,77202,David Ware,Lindenwood,1.0,0.6818181818181818,0.6666666666666666,0.8888888888888888
4500,77203,Javier Ezquerra,Wagner,1.0,0.6363636363636364,0.3125,0.5588235294117647
4501,77205,Fallou Diagne,Western Kentucky,0.0,0.75,0.8333333333333334,0.9285714285714286
4502,77206,Tyrone Marshall,Western Kentucky,0.7222222222222222,0.8125,0.0,1.0
4503,77207,Cash Clayton,UT Arlington,0.0,0.0,0.0,0.0
4504,77208,Shaysten Cornish,UT Arlington,0.0,0.0,0.0,0.0
4505,77209,Cyncier Harrison,Stetson,0.0,0.1111111111111111,0.14285714285714285,0.45454545454545453
4506,77210,Derick Hamilton,UTEP,0.0,0.36363636363636365,0.3333333333333333,0.0
4507,77212,Lavell Brodnex,Wagner,1.0,1.0,0.0,0.0
4508,77216,Sam Alexis,Chattanooga,0.8,0.5172413793103449,0.2,1.0
4509,77217,Cameron Tweedy,Fairleigh Dickinson,1.0,0.46511627906976744,0.75,0.0
4510,77218,Sean Moore,Fairleigh Dickinson,0.4,0.4375,0.2,0.96
4511,77219,Jerome Beya,Tennessee Tech,0.8181818181818182,0.6956521739130435,0.0,0.0
4512,77220,Elliott Black,Merrimack,0.0,0.3333333333333333,0.0,0.0
4513,77221,Brandon Legris,Merrimack,0.0,0.0,0.0,0.0
4514,77222,Demetre Roberts,Fairleigh Dickinson,0.0,0.3064516129032258,0.14492753623188406,0.45
4515,77223,Trejuan Holloman,Michigan St.,1.0,0.5,0.5,1.0
4516,77224,Jaxon Kohler,Michigan St.,1.0,0.6428571428571429,0.7272727272727273,0.0
4517,77225,Nick Sanders,Michigan St.,0.0,0.0,0.0,0.0
4518,77226,Carson Cooper,Michigan St.,1.0,0.8421052631578947,0.0,0.0
4519,77227,Solomon Washington,Texas A&M,0.8,0.5714285714285714,0.0,0.75
4520,77231,Tyrese Proctor,Duke,0.0,0.13513513513513514,0.16129032258064516,0.851063829787234
4521,77232,Justin Abson,Appalachian St.,0.7692307692307693,0.6666666666666666,0.3333333333333333,1.0
4522,77233,Aidan Braccia,Belmont,0.0,0.0,0.0,0.0
4523,77234,Elijah Perkins,Austin Peay,0.0,0.0,0.0,0.0
4524,77235,Jake Dykstra,Belmont,0.0,0.0,0.0,0.0
4525,77239,Elijah Fisher,Texas Tech,1.0,0.64,0.0,1.0
4526,77240,Nic Nobili,Boston University,0.0,0.0,0.0,0.0
4527,77241,Jackson Paveletzke,Wofford,0.0,0.18032786885245902,0.06382978723404255,0.6
4528,77242,Ben Roy,Boston University,0.0,1.0,0.0,0.0
4529,77243,Robert Jennings,Texas Tech,1.0,0.6875,0.7142857142857143,0.6666666666666666
4530,77244,Pop Isaacs,Texas Tech,0.0,0.2631578947368421,0.1,0.6129032258064516
4531,77245,CJ Williams,Texas Tech,0.0,0.0,0.0,0.0
4532,77247,Josh Morissette,Wofford,0.0,1.0,0.0,1.0
4533,77248,Otto Landrum,Boston University,0.3333333333333333,0.36363636363636365,0.5555555555555556,0.0
4534,77249,Chandler Baker,Colgate,0.0,0.6153846153846154,0.5555555555555556,0.967741935483871
4535,77250,Jaylon Scott,Charleston,0.0,0.14634146341463414,0.2,1.0
4536,77251,Christian Reeves,Duke,1.0,0.6666666666666666,1.0,0.0
4537,77252,Justin Morgan,Murray St.,0.0,0.625,0.6666666666666666,1.0
4538,77254,Jaden Schutt,Duke,0.0,0.0,1.0,1.0
4539,77255,Noah Shelby,Vanderbilt,0.0,0.0,0.5,0.9285714285714286
4540,77256,Paul Lewis,Vanderbilt,0.0,0.0,0.0,0.7333333333333333
4541,77257,Keba Keita,Utah,0.6,0.5714285714285714,0.6666666666666666,0.0
4542,77258,Luka Tarlac,Utah,1.0,0.5,0.0,0.0
4543,77260,Ethan Potter,Utah Valley,1.0,0.7272727272727273,0.6666666666666666,1.0
4544,77261,Antwonne Holmes,UTEP,0.0,0.0,0.0,0.0
4545,77264,Colin Smith,Vanderbilt,0.0,0.25,0.16666666666666666,0.9714285714285714
4546,77265,Da'Kquan Davis,Albany,0.0,0.125,0.18181818181818182,0.7954545454545454
4547,77266,Marcelo Perez,Southern Miss,0.0,0.5384615384615384,0.4,1.0
4548,77267,Julian Brown,Wagner,0.0,0.2857142857142857,0.4,0.9166666666666666
4549,77268,Nigel John,Little Rock,1.0,0.5142857142857142,0.8,0.0
4550,77269,Jack Ingold,Lipscomb,0.0,1.0,0.0,0.0
4551,77270,Kentrell Pullian,Milwaukee,0.0,0.1590909090909091,0.0,0.8571428571428571
4552,77271,Marko Maletic,LIU,0.0,0.4666666666666667,0.5151515151515151,0.8813559322033898
4553,77272,Max Jones,Cal St. Fullerton,1.0,0.18292682926829268,0.16666666666666666,0.9393939393939394
4554,77273,Kevon Wiggins,Morgan St.,0.0,1.0,0.0,0.0
4555,77274,Isaiah Rice,Hartford,0.0,0.0,0.0,0.0
4556,77275,Lathaniel Bastian,Cal St. Fullerton,1.0,0.65,0.0,0.0
4557,77276,Malik Moore,Pepperdine,0.0,0.3888888888888889,0.15,0.7058823529411765
4558,77278,Alex Anamekwe,Texas,0.75,0.5,0.0,1.0
4559,77279,Connor Essegian,Wisconsin,0.5,0.6097560975609756,0.34782608695652173,0.9130434782608695
4560,77280,Josh Ojianwuna,Baylor,0.9375,0.7941176470588235,0.4166666666666667,0.0
4561,77281,Zion Cruz,DePaul,0.0,0.2727272727272727,0.5714285714285714,1.0
4562,77282,Keyonte George,Baylor,0.6666666666666666,0.39473684210526316,0.3,0.6363636363636364
4563,77285,Arterio Morris,Texas,0.5454545454545454,0.36,0.0,0.8620689655172413
4564,77287,Jalen Hampton,Northwestern St.,0.8947368421052632,0.6097560975609756,0.4444444444444444,0.0
4565,77288,Jalen Pitre,Pepperdine,0.8888888888888888,0.725,0.0,1.0
4566,77289,Evan Mahaffey,Penn St.,0.8,0.5806451612903226,0.5,0.75
4567,77291,Jordan Hansen,Idaho St.,0.0,1.0,0.5,1.0
4568,77292,Terrance Arceneaux,Houston,0.5,0.3333333333333333,0.5294117647058824,0.8823529411764706
4569,77293,Jaden Kirkwood,Holy Cross,0.0,0.0,0.0,1.0
4570,77294,Aiden Best,Hofstra,0.0,0.0,0.0,0.0
4571,77295,BJ Freeman,Milwaukee,0.0,0.1518987341772152,0.06060606060606061,0.7945205479452054
4572,77296,Jonathan Mogbo,Missouri St.,0.6944444444444444,0.5777777777777777,0.25,0.0
4573,77298,Jaxon Nap,Montana,0.0,0.16666666666666666,0.0,1.0
4574,77300,Isaac McKneely,Virginia,1.0,0.5,0.5,0.9607843137254902
4575,77303,Adrame Diongue,Washington St.,0.8333333333333334,0.7,0.0,0.0
4576,77304,Mael Hamon-Crespin,Washington St.,1.0,1.0,1.0,1.0
4577,77306,Dylan Darling,Washington St.,0.0,0.2857142857142857,0.0,0.75
4578,77308,Luke Yoder,North Dakota St.,0.0,0.09090909090909091,1.0,0.8333333333333334
4579,77309,Jeremy Gregory,East Tennessee St.,0.0,0.25,0.0,0.0
4580,77310,Cooper Dewitt,IU Indy,0.0,0.0,0.0,1.0
4581,77311,Dante Eldridge,Iowa,0.0,1.0,0.0,0.0
4582,77312,Michael Jefferson,Iona,0.0,0.5,0.0,1.0
4583,77314,John Ukomadu,Eastern Kentucky,0.8333333333333334,0.5454545454545454,0.5,0.75
4584,77315,John Egbuta,IU Indy,0.6666666666666666,0.3333333333333333,0.5384615384615384,1.0
4585,77316,Jlynn Counter,IU Indy,0.0,0.1206896551724138,0.1590909090909091,0.7647058823529411
4586,77317,Conrad Hawley,Iowa St.,0.0,0.0,0.0,0.0
4587,77318,Omar Harris,Campbell,0.0,0.0,0.0,0.0
4588,77320,Will Shaver,North Carolina,0.0,0.0,0.0,0.0
4589,77321,ND Okafor,California,0.8888888888888888,0.5428571428571428,0.45454545454545453,0.0
4590,77322,Elijah Walsh,Campbell,0.0,0.0,0.0,0.0
4591,77323,Masai Troutman,Northeastern,0.5714285714285714,0.25925925925925924,0.46153846153846156,1.0
4592,77324,Landon Lewis,Brown,1.0,0.9285714285714286,0.0,0.0
4593,77326,Anthony McComb III,Bowling Green,0.0,0.4,0.6666666666666666,1.0
4594,77327,Kam Craft,Xavier,0.0,0.42857142857142855,0.3333333333333333,1.0
4595,77328,Desmond Claude,Xavier,0.4,0.23076923076923078,0.3333333333333333,0.9166666666666666
4596,77329,John Lovelace Jr.,Youngstown St.,0.8571428571428571,0.4482758620689655,0.3333333333333333,1.0
4597,77330,JJ Romer Rosario,East Texas A&M,0.6,0.5813953488372093,0.18518518518518517,0.9512195121951219
4598,77331,AJ Lesburt Jr.,Brown,0.0,1.0,0.0,0.0
4599,77333,David McCullough,Morgan St.,0.3333333333333333,0.55,0.5,1.0
4600,77335,Braeden Carrington,Minnesota,0.0,0.375,1.0,1.0
4601,77337,Damien Mayo Jr.,Missouri St.,0.0,0.30952380952380953,0.0,1.0
4602,77339,N.J. Benson,Missouri St.,0.3333333333333333,0.3333333333333333,0.16666666666666666,0.0
4603,77341,Vinny Sigona,Louisiana,0.0,0.0,0.0,1.0
4604,77343,Christian Watson,Miami FL,0.0,0.5,0.0,1.0
4605,77344,AJ Casey,Miami FL,1.0,1.0,0.6666666666666666,1.0
4606,77345,TJ Grant,Mercer,0.0,0.14285714285714285,0.0,1.0
4607,77346,Michael Zanoni,Mercer,0.0,0.25,0.4583333333333333,0.9032258064516129
4608,77347,Chancellor White,Louisiana,0.0,0.0,0.0,0.3333333333333333
4609,77348,David Craig,Mercer,0.75,0.6410256410256411,0.14285714285714285,0.0
4610,77350,Favour Aire,Miami FL,1.0,1.0,0.0,0.0
4611,77351,Clarence O. Daniels II,New Hampshire,0.5,0.42105263157894735,0.2153846153846154,0.9666666666666667
4612,77352,Spencer Simes,New Orleans,0.0,0.0,0.0,0.0
4613,77354,Michael Ward,Virginia Tech,0.0,0.0,0.0,0.0
4614,77356,Vernon Collins,Princeton,0.0,0.0,0.0,0.0
4615,77361,Arnas Sakenis,SIU Edwardsville,1.0,1.0,0.0,0.0
4616,77364,Cade Kandolin,South Dakota,0.0,0.0,0.0,0.0
4617,77365,Philip Alston,Loyola Chicago,0.7272727272727273,0.4742268041237113,0.27586206896551724,1.0
4618,77366,Demarcus Demonia,East Texas A&M,0.7105263157894737,0.4791666666666667,0.05263157894736842,0.8076923076923077
4619,77367,DJ Richards,UTSA,0.0,0.21052631578947367,0.08333333333333333,0.8524590163934426
4620,77368,Ibra Bayu,Valparaiso,0.7272727272727273,0.5652173913043478,1.0,1.0
4621,77369,Mike Woods,Navy,0.0,0.25,0.5,0.0
4622,77370,Harrison Black,Northwestern St.,0.0,0.0,0.0,0.0
4623,77372,Derrin Boyd,Lipscomb,1.0,0.24074074074074073,0.3,0.9166666666666666
4624,77373,Justin Williams,Tennessee St.,0.0,0.2,0.0,1.0
4625,77374,Nazim Derry,New Hampshire,0.0,0.46153846153846156,0.4,0.8
4626,77375,Daiquan Copeland,Morgan St.,1.0,0.35294117647058826,0.0,0.0
4627,77376,Trent Scott,Morehead St.,0.0,0.5555555555555556,0.0,1.0
4628,77378,Jed Miller,Montana St.,0.0,0.0,0.0,0.75
4629,77379,Rob Lawson,Morgan St.,0.0,0.5789473684210527,0.2857142857142857,1.0
4630,77383,Jorge Sanchez-Ramos,La Salle,0.0,0.0,0.0,0.0
4631,77384,Denim Dawson,Nebraska,0.5,0.45454545454545453,0.0,1.0
4632,77387,Emmanouil Dimou,UMKC,0.0,0.0,0.0,0.8333333333333334
4633,77389,Promise C. Idiaru,UMKC,1.0,0.631578947368421,0.5555555555555556,1.0
4634,77390,Precious C. Idiaru,UMKC,0.5,0.375,0.5,0.9
4635,77391,Joshua Jefferson,Saint Mary's,1.0,0.5,0.4,1.0
4636,77393,Aidan Mahaney,Saint Mary's,0.0,0.1,0.06976744186046512,0.7323943661971831
4637,77394,Adou Thiero,Kentucky,1.0,0.3333333333333333,0.0,1.0
4638,77395,Chris Livingston,Kentucky,0.6363636363636364,0.5957446808510638,0.2857142857142857,1.0
4639,77398,Walker Horn,Kentucky,0.0,0.0,0.0,0.0
4640,77400,Rafael Martinez,Arkansas Pine Bluff,0.0,0.0,0.0,1.0
4641,77404,Donovan Oday,McNeese St.,0.0,0.1935483870967742,0.14285714285714285,0.6428571428571429
4642,77407,Brayden Wampler-Foust,Lindenwood,0.0,0.0,0.0,0.0
4643,77410,Tommie Williams,Lindenwood,0.0,0.1111111111111111,0.25,0.8
4644,77411,Keon Thompson,Massachusetts,0.0,0.14285714285714285,0.07407407407407407,0.6666666666666666
4645,77412,RJ Luis,Massachusetts,0.7272727272727273,0.4745762711864407,0.2,0.8125
4646,77413,Caelum Swanton-Rodger,Maryland,1.0,0.8571428571428571,0.0,0.0
4647,77414,Dion Brown,UMBC,1.0,0.4444444444444444,0.38461538461538464,0.8823529411764706
4648,77415,Ernest Minton,Mississippi Valley St.,0.0,0.45,0.5833333333333334,1.0
4649,77417,Trey Ivory,Mississippi Valley St.,0.0,0.0,0.5,0.0
4650,77419,Brandon Trimble,Lindenwood,0.0,0.5263157894736842,0.25,0.8888888888888888
4651,77421,Juan Sebastian Gorosito,Portland,0.0,0.1,0.2222222222222222,0.8793103448275862
4652,77422,Kamari Lands,Louisville,0.0,0.4,0.08,0.8518518518518519
4653,77424,Tae Davis,Seton Hall,1.0,0.6470588235294118,0.0,1.0
4654,77426,Fabio Basili,Louisville,0.0,0.4,0.0,1.0
4655,77427,Jaquan Sanders,Seton Hall,0.0,0.3333333333333333,1.0,1.0
4656,77428,Devin Ree,Louisville,0.0,0.0,0.3333333333333333,1.0
4657,77430,Moe Odum,Pacific,0.0,0.09523809523809523,0.16129032258064516,0.46153846153846156
4658,77431,Max Pearcy,Lamar,0.0,0.0,0.0,0.0
4659,77432,Luke Hunger,Northwestern,1.0,0.4,0.0,1.0
4660,77434,Guillermo Diaz Graham,Pittsburgh,0.8333333333333334,0.7857142857142857,0.6666666666666666,1.0
4661,77435,Sean Jones,Marquette,0.0,0.08,0.0,0.6153846153846154
4662,77436,Leland Walker,Eastern Kentucky,0.0,0.16666666666666666,0.057692307692307696,0.5
4663,77437,Tayshawn Comer,Eastern Kentucky,0.0,0.11904761904761904,0.08695652173913043,0.7058823529411765
4664,77438,Jackson Holt,Eastern Kentucky,0.0,0.0,1.0,1.0
4665,77439,Matt McCool,Marist,0.0,0.0,0.0,0.0
4666,77442,Chase Ross,Marquette,0.5714285714285714,0.6756756756756757,0.0,1.0
4667,77444,Jerome Brewer Jr.,East Texas A&M,0.875,0.671875,0.75,0.96
4668,77445,Alonzo Dodd,East Texas A&M,0.0,0.23076923076923078,0.25,1.0
4669,77448,Tobe Awaka,Tennessee,0.75,0.5142857142857142,0.5,0.0
4670,77450,Julian Phillips,Tennessee,0.6153846153846154,0.49056603773584906,0.5333333333333333,1.0
4671,77452,Matt Lewis,East Texas A&M,0.0,0.0,0.0,0.0
4672,77453,Tommie Lewis,East Texas A&M,0.5555555555555556,0.5,0.0,0.9047619047619048
4673,77454,Karlin Hardy,Northwestern St.,0.0,0.0,0.0,0.0
4674,77455,Tommy Gardler,La Salle,0.0,0.0,0.0,0.0
4675,77456,Detrick Reeves,Arkansas St.,0.0,0.0,0.0,0.0
4676,77457,Jaden Grant,FIU,0.0,0.0,0.0,0.5
4677,77459,Kyle Evans,Colorado St.,1.0,0.8333333333333334,0.0,0.0
4678,77460,Jayden Williams,Dartmouth,0.0,0.75,0.0,1.0
4679,77461,Brandon Mitchell-Day,Dartmouth,0.6666666666666666,0.45161290322580644,0.375,1.0
4680,77462,Greg Cooper,Harvard,0.0,1.0,0.0,0.0
4681,77463,Jackson Munro,Dartmouth,1.0,0.6666666666666666,0.375,1.0
4682,77465,Brody Robinson,Chattanooga,0.0,0.3333333333333333,0.0,0.8
4683,77467,Cyril Martynov,Georgia Tech,0.0,1.0,0.0,0.0
4684,77468,Kanye Clary,Penn St.,0.0,0.09090909090909091,0.09090909090909091,0.8
4685,77469,Kebba Njie,Penn St.,0.9444444444444444,0.8409090909090909,0.7142857142857143,1.0
4686,77470,Mor Seck,Hawaii,0.6666666666666666,0.5714285714285714,1.0,0.0
4687,77471,Avery Brown,Columbia,0.6666666666666666,0.11627906976744186,0.27586206896551724,0.4583333333333333
4688,77472,Blair Thompson,Columbia,0.0,0.3888888888888889,0.5,0.8888888888888888
4689,77473,Quinton Livingston,Hampton,0.0,0.4,0.0,0.0
4690,77474,Kyrese Mullen,Hampton,0.0,0.5238095238095238,0.5833333333333334,1.0
4691,77475,Kody Williams,Hawaii,0.0,0.0,0.0,1.0
4692,77477,Joshua Williams,Northwestern St.,0.0,0.6,0.4,1.0
4693,77478,Demetrius Lilley,Penn St.,0.0,1.0,0.0,0.0
4694,77479,Kimani Hamilton,Mississippi St.,1.0,0.4,0.0,1.0
4695,77480,Amari Bailey,UCLA,0.8125,0.4935064935064935,0.43243243243243246,0.8095238095238095
4696,77481,Adem Bona,UCLA,0.8627450980392157,0.6597938144329897,0.5714285714285714,0.0
4697,77482,Tarris Reed Jr.,Michigan,0.6,0.4146341463414634,0.25,0.0
4698,77483,Collin Metcalf,Northeastern,1.0,0.6,0.0,0.0
4699,77484,Dylan Andrews,UCLA,0.5,0.42857142857142855,0.15789473684210525,1.0
4700,77485,Abramo Canka,UCLA,0.0,0.6666666666666666,0.5,1.0
4701,77486,Youssef Khayat,Michigan,0.0,0.0,0.0,1.0
4702,77488,Evan Manjikian,UCLA,0.0,0.0,0.0,1.0
4703,77489,Jameel Brown,Penn St.,0.0,0.0,0.0,0.5
4704,77490,Nathan Moore,Austin Peay,0.0,0.0,0.5,0.0
4705,77491,Shawn Phillips,LSU,1.0,0.5714285714285714,1.0,0.0
4706,77493,Gedi Juozapaitis,Maine,0.8333333333333334,0.5,0.16666666666666666,0.6811594202898551
4707,77495,Jaden Clayton,Maine,0.0,0.1935483870967742,0.043478260869565216,0.9375
4708,77496,Kristian Shaw,East Tennessee St.,0.0,0.0,0.0,1.0
4709,77497,Braden Ilic,East Tennessee St.,0.0,1.0,0.8,0.875
4710,77498,Owen Maloney,Maine,0.0,0.0,0.0,0.0
4711,77500,Miles Byrd,San Diego St.,1.0,0.6666666666666666,0.0,0.0
4712,77501,Elijah Saunders,San Diego St.,1.0,1.0,0.0,1.0
4713,77502,Toby Onyekonwu,Stony Brook,0.0,0.09090909090909091,0.16,0.6086956521739131
4714,77503,Rocco Muratori,Stony Brook,1.0,0.5555555555555556,0.3333333333333333,0.0
4715,77504,Leon Nahar,Stony Brook,1.0,0.6666666666666666,1.0,1.0
4716,77505,Andrew Heiden,Stony Brook,0.0,0.0,0.0,0.0
4717,77506,Jared Frey,Stony Brook,0.0,1.0,0.0,1.0
4718,77507,Garrett Anderson,San Jose St.,0.25,0.3,0.5,0.9230769230769231
4719,77508,Max Allen,San Jose St.,0.0,0.5,1.0,0.0
4720,77509,Hank Hutcheson,Lipscomb,0.0,0.0,0.0,0.0
4721,77510,Brody Rowbury,Southeastern Louisiana,0.0,0.5370370370370371,0.4074074074074074,0.0
4722,77511,Jamarques Lawrence,Nebraska,0.0,0.21428571428571427,0.25,0.9642857142857143
4723,77512,Jordan Tillmon,Florida A&M,0.0,0.1282051282051282,0.125,0.4782608695652174
4724,77514,Jordyn Surratt,USC Upstate,0.6,0.7894736842105263,0.0,1.0
4725,77515,Justin Bailey,USC Upstate,0.0,0.40625,0.09523809523809523,0.8913043478260869
4726,77516,Sam Murray II,Murray St.,0.6666666666666666,0.5454545454545454,0.0,0.0
4727,77517,Jaylen Bates,Florida A&M,0.6153846153846154,0.4444444444444444,0.2857142857142857,0.9032258064516129
4728,77518,DaeVeon Scott,Stephen F. Austin,0.0,0.0,1.0,0.0
4729,77519,Kaiyem Cleary,Ball St.,0.0,0.25,0.2,1.0
4730,77520,Benjamin Bayela,East Carolina,0.0,0.0,0.5,0.8636363636363636
4731,77521,Braxton Stacker,Murray St.,0.0,0.0,0.0,0.0
4732,77524,Jaxon Edwards,Murray St.,0.0,0.0,0.3333333333333333,0.0
4733,77526,Zach Blackwell,McNeese St.,0.0,0.0,0.0,0.0
4734,77527,Dominic Ham,Milwaukee,0.0,0.5,0.0,0.0
4735,77528,Alex Peavy,East Texas A&M,1.0,0.8125,0.75,0.9230769230769231
4736,77530,Mohamed Diarra,Missouri,0.8333333333333334,0.42105263157894735,0.6666666666666666,1.0
4737,77532,Justin Anderson,NJIT,0.0,0.2857142857142857,0.3333333333333333,0.7
4738,77533,Will Richardson,Fordham,0.0,0.1,0.16666666666666666,0.7906976744186046
4739,77539,Adam Tsang Hinton,Cornell,0.0,0.0,0.0,1.0
4740,77540,DJ Nix,Cornell,0.0,1.0,0.0,1.0
4741,77541,Johannes Kirsipuu,Central Arkansas,0.0,0.0,0.0,0.7222222222222222
4742,77542,TJ Holloway,Central Connecticut,0.0,0.0,0.0,1.0
4743,77543,Carl Daughtery Jr.,Central Arkansas,0.0,0.25,0.42857142857142855,0.8
4744,77545,Anthony Dell'Orso,Campbell,0.3333333333333333,0.2839506172839506,0.13636363636363635,0.8947368421052632
4745,77547,Tony Osburn,Nebraska Omaha,0.0,0.1,0.3333333333333333,0.9
4746,77548,Josh Baldwin,Cornell,0.0,0.2857142857142857,0.5,0.8
4747,77549,Reggie Bass,Central Michigan,0.0,0.21739130434782608,0.15,0.5
4748,77550,Chris Peterson,Florida A&M,0.0,0.0,0.0,1.0
4749,77551,Larry Hughes Jr.,Saint Louis,0.0,0.6,0.5,0.9090909090909091
4750,77552,Austin Ezell,Florida A&M,0.0,0.0,0.0,0.0
4751,77553,Hantz Louis-Jeune,Florida A&M,0.3333333333333333,0.2857142857142857,0.0,0.8421052631578947
4752,77554,Peyton Williams,Florida A&M,0.0,0.6666666666666666,0.5,0.6666666666666666
4753,77555,Jalen Bolden,Louisiana Monroe,0.0,0.42857142857142855,0.0,1.0
4754,77556,Alec Rosner,Western Illinois,0.0,0.4411764705882353,0.13333333333333333,0.9375
4755,77557,JJ Kalakon,Western Illinois,0.0,0.375,0.5,0.3333333333333333
4756,77560,Pierce Bazil,Houston Christian,0.8333333333333334,0.5135135135135135,0.1,0.9629629629629629
4757,77561,Chigozie Achara,Houston Christian,0.0,0.625,0.0,0.0
4758,77562,Garry Clark,Tarleton St.,0.0,0.36363636363636365,0.6190476190476191,1.0
4759,77563,Tydan Archibald,Tarleton St.,0.0,1.0,0.0,1.0
4760,77564,Jakorie Smith,Tarleton St.,0.0,0.45161290322580644,0.47619047619047616,0.9642857142857143
4761,77566,Lue Williams,Tarleton St.,0.0,0.40476190476190477,0.19047619047619047,0.9523809523809523
4762,77567,Jalen Thomas,Tarleton St.,0.0,0.0,0.0,0.0
4763,77570,Harvin Ibarguen,Northern Illinois,0.8823529411764706,0.7571428571428571,1.0,0.0
4764,77571,Steven Jamerson II,San Diego,0.8,0.5882352941176471,0.0,0.0
4765,77572,Mike Piwko,Holy Cross,0.0,0.0,0.0,1.0
4766,77573,Toto Fagbenle,Morgan St.,0.5,0.5,0.0,0.0
4767,77574,Jordan Simpson,South Carolina St.,0.6666666666666666,0.5853658536585366,0.6,0.875
4768,77578,Andrew King,Houston Christian,0.0,0.15151515151515152,0.15789473684210525,0.75
4769,77579,Anthony Harris,Houston Christian,0.0,0.0,0.0,0.0
4770,77581,Nate Hudson,Houston Christian,0.0,0.0,0.0,0.0
4771,77585,Malik Missouri,Towson,0.0,0.0,0.0,1.0
4772,77586,Rodrique Massenat,Austin Peay,0.0,0.6666666666666666,0.4,0.6666666666666666
4773,77587,John Shannon,Bryant,0.0,0.0,0.0,1.0
4774,77588,Lance-Amir Paul,Nicholls St.,0.0,0.15625,0.4,0.5555555555555556
4775,77590,Ryan Sletten,North Dakota St.,0.0,0.0,0.0,0.0
4776,77592,Caleb Stearman,Utah Tech,1.0,1.0,0.0,0.0
4777,77593,Hagen Wright,Utah Tech,0.5,0.5,0.3333333333333333,1.0
4778,77594,Corey Washington,Saint Peter's,0.8235294117647058,0.65625,0.5,0.0
4779,77595,Marc Wardlaw,South Carolina St.,0.0,0.0,0.5,1.0
4780,77597,DaJuan Bates,South Carolina St.,0.0,0.5833333333333334,0.16666666666666666,0.6666666666666666
4781,77600,Asjon Anderson,Utah Tech,0.0,0.0,0.0,0.7142857142857143
4782,77601,Trevon Snoddy,Utah Tech,0.0,0.5,0.0,0.0
4783,77606,Marcell McCreary,Air Force,0.0,0.3888888888888889,0.2,0.8571428571428571
4784,77609,Anthony Clayton,Syracuse,0.0,0.0,0.0,0.0
4785,77613,Jake Johnston,VMI,0.0,0.0,0.0,0.0
4786,77617,Thierno Sylla,UCF,0.5,0.4,1.0,0.75
4787,77618,Poohpha Warakulnukroh,UCF,0.0,0.0,0.0,1.0
4788,77619,Chris Craig,Texas Southern,0.0,0.5789473684210527,0.5,0.0
4789,77620,Elijah Cupples,Western Carolina,0.0,0.0,0.0,0.0
4790,77622,Rytis Petraitis,Air Force,0.2857142857142857,0.38028169014084506,0.3333333333333333,1.0
4791,77623,Corbin Green,Air Force,0.8888888888888888,0.7906976744186046,0.3333333333333333,1.0
4792,77624,Kellan Boylan,Air Force,0.0,0.0,0.0,0.0
4793,77628,Samuel Da Cruz,Arkansas Pine Bluff,0.0,0.0,0.0,0.0
4794,77629,Zytarious Mortle,Texas Southern,0.2857142857142857,0.29411764705882354,0.3939393939393939,0.5555555555555556
4795,77630,Lesown Hallums,South Carolina St.,0.5,0.5079365079365079,0.16666666666666666,0.8823529411764706
4796,77632,Shaman Alston,South Carolina St.,0.0,0.5,0.23529411764705882,1.0
4797,77633,Justin Wilson,South Carolina St.,0.7857142857142857,0.5652173913043478,0.4,0.0
4798,77634,Roy Clarke,St. Francis NY,0.0,0.18181818181818182,0.15384615384615385,0.9166666666666666
4799,77635,O'Koye Parker,Delaware St.,0.0,0.25,0.14285714285714285,0.8214285714285714
4800,77636,Eli Sparkman,South Carolina,0.0,0.0,0.0,1.0
4801,77637,Elijah Muhammad,Seton Hall,0.0,0.0,1.0,0.0
4802,77638,Jorge Mercado,Seton Hall,0.0,0.0,0.0,0.0
4803,77639,David Gabriel,Seton Hall,0.0,0.0,0.0,0.0
4804,77640,AK Okereke,Cornell,0.0,1.0,0.0,0.0
4805,77642,RJ Walson,Marquette,0.0,0.0,0.0,0.0
4806,77643,Jalen Anglin,Tennessee St.,0.0,0.0,0.0,0.0
4807,77646,Tiger Booker,Tarleton St.,0.0,0.28,0.38461538461538464,0.5
4808,77648,Walter Peggs Jr.,Tennessee Tech,0.0,0.0,0.0,1.0
4809,77649,Ryen Perry,San Jose St.,0.0,0.0,0.0,1.0
4810,77650,Wrenn Robinson,California,0.0,0.0,0.0,0.6666666666666666
4811,77653,Marc Garland II,Central Michigan,0.0,0.0,0.0,0.6666666666666666
4812,77654,Miles Hall,Florida A&M,0.0,0.5,1.0,0.0
4813,77655,Elijah Bailey,LIU,0.0,0.6,0.6666666666666666,1.0
4814,77656,Sola Adebisi,Florida St.,0.0,0.5,0.0,0.0
4815,77657,Josue Gil-Silva,Stanford,0.0,0.0,0.0,0.0
4816,77658,Roy Yuan,Stanford,0.0,0.0,0.0,0.0
4817,77659,Jake Ciardo,Marquette,0.0,0.0,0.0,0.0
4818,77660,Kam Johnson,George Mason,0.0,0.0,0.0,0.0
4819,77661,Ahmet jonovic,Bradley,0.0,1.0,1.0,0.0
4820,77662,James Jewell,Manhattan,1.0,0.6,0.0,1.0
4821,77663,Zacharie Perrin,Illinois,0.0,0.0,0.0,0.0
4822,77664,AJ Redd,Illinois,0.0,0.0,0.0,0.0
4823,77665,Janko Buljic,Lamar,1.0,0.7692307692307693,1.0,0.0
4824,77667,Ahmed Essahaty,LIU,0.0,0.6,0.4,1.0
4825,77669,Emmanuel Okorafor,Louisville,0.0,0.5,0.5,1.0
4826,77670,Trent Harris,Arkansas Pine Bluff,0.0,0.0,0.0,0.0
4827,77672,Steven Tipton,Northern Illinois,0.0,0.0,0.0,0.0
4828,77674,Patrick Gallagher,San Diego,0.0,0.0,0.0,0.0
4829,77675,Stephen Boateng,Iona,0.0,0.0,0.0,0.0
4830,79099,Josh Rivera,Lafayette,0.6363636363636364,0.5,0.5,0.85
