,pid,player,team,dunkasst,rimasst,midasst,3Passt
0,46161,DeJuan Clayton,Manhattan,0.0,0.0,0.0,0.0
1,47197,Seth Towns,Howard,0.0,0.41935483870967744,0.23076923076923078,0.7741935483870968
2,50284,Terrence Lewis,Grambling St.,0.5,0.5909090909090909,0.5714285714285714,0.88
3,50387,Austin Williams,Rutgers,0.0,0.1875,0.0,1.0
4,50574,Avery Wilson,Southeastern Louisiana,0.0,0.35714285714285715,0.0,1.0
5,50785,Jalen Jordan,Middle Tennessee,0.0,0.3333333333333333,0.0,0.8285714285714286
6,50881,Cam Martin,Boise St.,0.42857142857142855,0.17647058823529413,0.0,1.0
7,51497,Chuck O'Bannon Jr.,TCU,1.0,0.5,0.75,0.8695652173913043
8,51897,Cam Bacote,Georgetown,0.0,0.3333333333333333,0.0,0.5
9,52092,Kevion Nolan,Jacksonville,0.0,0.0,0.0,0.0
10,52277,Michael Hueitt Jr.,Pittsburgh,0.0,0.25,0.0,1.0
11,65443,Robby Carmody,Mercer,1.0,0.3448275862068966,0.42857142857142855,1.0
12,65448,Will McNair Jr.,Kansas St.,0.9473684210526315,0.7088607594936709,0.3333333333333333,1.0
13,65469,Robert Allen,North Texas,0.8823529411764706,0.5365853658536586,0.35714285714285715,0.0
14,65482,Emmanuel Dowuona,Tennessee St.,1.0,0.8333333333333334,0.3333333333333333,0.0
15,65489,Jermaine Couisnard,Oregon,0.0,0.2894736842105263,0.14,0.863013698630137
16,65503,Markeese Hastings,Robert Morris,0.875,0.6228070175438597,0.38095238095238093,1.0
17,65550,Josiah Strong,Colorado St.,1.0,0.775,0.3333333333333333,0.9523809523809523
18,65554,Donovann Toatley,Detroit Mercy,0.0,0.06666666666666667,0.06666666666666667,0.43478260869565216
19,65566,Jose Perez,Arizona St.,0.0,0.3728813559322034,0.22916666666666666,0.8235294117647058
20,65574,Vincent Lee,Cal St. Fullerton,1.0,0.6153846153846154,0.23076923076923078,0.0
21,65575,K.J. Hymes,Nevada,0.875,0.7435897435897436,0.4666666666666667,0.0
22,65619,Kaosi Ezeagu,New Mexico St.,0.8,0.6818181818181818,0.3125,0.0
23,65627,Jack Clark,Clemson,0.8,0.45,0.6,1.0
24,65630,Jahvon Quinerly,Memphis,0.0,0.11538461538461539,0.1,0.6140350877192983
25,65639,Dre Fuller Jr.,UTSA,1.0,0.34210526315789475,0.14285714285714285,0.8444444444444444
26,65644,Bryce Workman,Jacksonville,0.0,0.3617021276595745,0.36363636363636365,1.0
27,65651,Connor Vanover,Missouri,0.85,0.75,0.42857142857142855,1.0
28,65660,Jahmar Young Jr.,Texas Southern,0.8888888888888888,0.5789473684210527,0.0,0.0
29,65666,Moses Wood,Washington,1.0,0.47619047619047616,0.45454545454545453,0.9125
30,65676,Quentin Millora-Brown,The Citadel,0.9285714285714286,0.6206896551724138,0.2727272727272727,1.0
31,65686,Mason Forbes,Saint Mary's,0.84,0.734375,1.0,1.0
32,65690,Xavier Johnson,Indiana,1.0,0.16,0.0,0.7272727272727273
33,65709,Allen Betrand,Norfolk St.,0.5,0.45714285714285713,0.2037037037037037,0.6944444444444444
34,65717,Robert Braswell IV,Charlotte,0.6,0.5714285714285714,0.6666666666666666,1.0
35,65766,Jordan Lathon,Morehead St.,0.3333333333333333,0.21052631578947367,0.14634146341463414,0.7142857142857143
36,65770,Ithiel Horton,Texas,0.0,0.25,0.14814814814814814,0.8787878787878788
37,65781,Kjell de Graaf,NJIT,0.625,0.47619047619047616,1.0,1.0
38,65789,Aaron Clarke,Stony Brook,0.0,0.21428571428571427,0.14285714285714285,0.65
39,65790,Cameron Wilbon,Cal St. Bakersfield,1.0,0.3333333333333333,0.2222222222222222,0.8888888888888888
40,65794,Myles Thompson,Morgan St.,0.0,0.0,0.5,0.4
41,65801,Jeremiah Gambrell,Alcorn St.,0.0,0.3333333333333333,0.3125,0.7567567567567568
42,65824,Jaelin Llewellyn,Michigan,0.0,0.46153846153846156,0.0,0.7368421052631579
43,65835,Spencer Johnson,BYU,0.0,0.375,0.35294117647058826,0.9069767441860465
44,65839,Chris Doherty,Northeastern,0.7777777777777778,0.546875,0.2916666666666667,1.0
45,65849,John Newman III,Cincinnati,0.5882352941176471,0.40789473684210525,0.2777777777777778,0.8823529411764706
46,65852,Wynston Tabbs,Morgan St.,0.0,0.18,0.13636363636363635,0.7857142857142857
47,65873,Raheem Solomon,Sacred Heart,0.6666666666666666,0.4666666666666667,0.36363636363636365,0.9090909090909091
48,65878,Tyrel Bladen,Norfolk St.,0.92,0.75,0.2727272727272727,0.0
49,65896,Tuukka Jaakkola,Cal Poly,0.631578947368421,0.5967741935483871,0.6666666666666666,0.0
50,65914,Luis Rodriguez,UNLV,0.16666666666666666,0.38596491228070173,0.2727272727272727,0.8285714285714286
51,65918,Amari Kelly,George Mason,0.8,0.4691358024691358,0.38235294117647056,0.84
52,65921,Carlos Curry,Georgia Southern,0.6666666666666666,0.3333333333333333,0.25,0.5
53,65925,Antwann Jones,UCF,1.0,0.4,0.26666666666666666,0.8
54,65926,Jayden Hardaway,Memphis,0.0,0.4444444444444444,0.2222222222222222,0.9230769230769231
55,65936,Warren Washington,Texas Tech,0.875,0.7209302325581395,0.3333333333333333,0.0
56,65938,Keenan Fitzmorris,Stony Brook,0.5789473684210527,0.44,0.33783783783783783,0.8888888888888888
57,65941,Cormac Ryan,North Carolina,1.0,0.41935483870967744,0.45454545454545453,0.9733333333333334
58,65943,DaQuan Smith,Radford,0.0,0.1956521739130435,0.25,0.65625
59,65944,Jarron Coleman,Nebraska,0.0,0.0,0.5,0.75
60,65947,Caleb Fields,Fairfield,0.0,0.19047619047619047,0.0851063829787234,0.7297297297297297
61,65960,Daniel Schreier,NJIT,0.0,0.7333333333333333,0.0,0.0
62,65962,Elijah Buchanan,NJIT,0.0,0.14893617021276595,0.125,0.625
63,65970,Juan Munoz,Hawaii,0.0,0.058823529411764705,0.08333333333333333,0.6825396825396826
64,65981,DJ Burns Jr.,N.C. State,0.3333333333333333,0.32432432432432434,0.31092436974789917,1.0
65,65995,Deon Stroud,Texas Southern,0.75,0.48148148148148145,0.25,0.8787878787878788
66,66001,Aanen Moody,Montana,0.0,0.31746031746031744,0.5245901639344263,0.8205128205128205
67,66010,Blake Hinson,Pittsburgh,0.8888888888888888,0.38666666666666666,0.125,0.9272727272727272
68,66012,Franco Miller Jr.,Florida Gulf Coast,0.0,0.15,0.0,0.75
69,66025,Jonathan Tchamwa Tchatchoua,Baylor,0.0,1.0,1.0,1.0
70,66038,Jimmy Nichols,Coastal Carolina,1.0,0.5833333333333334,0.18181818181818182,1.0
71,66056,Tolu Smith,Mississippi St.,0.8,0.4700854700854701,0.5555555555555556,0.0
72,66062,TJ Moss,Cleveland St.,0.0,0.5,0.0,0.0
73,66066,Parker Braun,Kansas,1.0,1.0,0.5,1.0
74,66073,Diante Wood,Tennessee Tech,1.0,0.5952380952380952,0.2222222222222222,1.0
75,66085,Kobe Julien,Louisiana,0.5,0.2727272727272727,0.1111111111111111,0.8723404255319149
76,66093,Amanze Ngumezi,Mercer,0.625,0.5416666666666666,0.3076923076923077,0.7777777777777778
77,66117,Darius Beane,Lindenwood,0.0,0.1388888888888889,0.05747126436781609,0.5
78,66119,Cameron Jones,McNeese St.,0.0,0.2222222222222222,0.5,1.0
79,66121,Tre King,Iowa St.,1.0,0.7349397590361446,0.7647058823529411,1.0
80,66125,Cameron Tyson,Seattle,0.0,0.42424242424242425,0.16,0.7863247863247863
81,66128,RayQuawndis Mitchell,Penn St.,1.0,0.7,0.0,0.8333333333333334
82,66146,Braden Norris,Loyola Chicago,0.0,0.5555555555555556,0.18181818181818182,0.9710144927536232
83,66148,Nick Honor,Missouri,0.0,0.11764705882352941,0.2,0.8356164383561644
84,66175,Dravon Mangum,Louisiana Tech,1.0,0.4444444444444444,0.5,1.0
85,66190,Jared Bynum,Stanford,0.0,0.1111111111111111,0.2222222222222222,0.7058823529411765
86,66195,Sy Chatman,Buffalo,0.6097560975609756,0.46774193548387094,0.6388888888888888,0.8918918918918919
87,66197,Tre Wood,George Mason,0.0,0.16666666666666666,0.125,1.0
88,66198,Samba Diallo,Merrimack,0.5,0.358974358974359,0.25,1.0
89,66205,Blake Preston,Northwestern,1.0,0.6190476190476191,0.0,0.0
90,66209,Ryan Young,Duke,0.6666666666666666,0.6578947368421053,1.0,0.0
91,66216,Jaedon LeDee,San Diego St.,0.76,0.6136363636363636,0.4158415841584158,0.9444444444444444
92,66222,Kenneth Nwuba,UCLA,0.625,0.5384615384615384,1.0,0.0
93,66230,Francisco Caffaro,Santa Clara,1.0,0.6585365853658537,0.6666666666666666,0.0
94,66235,Dorian James,North Florida,0.7857142857142857,0.38571428571428573,0.15789473684210525,0.9523809523809523
95,66251,Bryce Washington,Hofstra,0.7142857142857143,0.5666666666666667,0.0,1.0
96,66252,Anthony Crump,Western Michigan,0.65,0.3559322033898305,0.2,1.0
97,66256,Darius Brown II,Utah St.,0.0,0.23684210526315788,0.125,0.5573770491803278
98,66285,Isaiah Bigelow,Richmond,0.7692307692307693,0.5111111111111111,0.3235294117647059,0.7916666666666666
99,66286,Messiah Jones,Towson,1.0,0.4,0.16666666666666666,1.0
100,66302,Anthony Roberts,Purdue Fort Wayne,0.5714285714285714,0.43434343434343436,0.1388888888888889,0.8888888888888888
101,66307,Matt Veretto,Vermont,0.3333333333333333,0.4444444444444444,0.3333333333333333,0.9736842105263158
102,66308,Brock Cunningham,Texas,0.0,0.4444444444444444,0.8333333333333334,1.0
103,66327,Jake Wolfe,Indiana St.,0.0,0.5294117647058824,0.0,1.0
104,66337,Micheal Anumba,Winthrop,0.0,0.13043478260869565,0.0,1.0
105,66339,Rashad Williams,Arkansas Pine Bluff,0.0,0.125,0.13043478260869565,0.6704545454545454
106,66341,Dawson Carper,Missouri St.,1.0,0.75,0.0,0.0
107,66357,LaQuill Hardnett,Arkansas St.,0.0,0.7777777777777778,1.0,1.0
108,66365,Jason Wade,Old Dominion,0.0,0.25,0.0,1.0
109,66368,Nicolas Timberlake,Kansas,0.75,0.7,0.3333333333333333,1.0
110,66400,Chris Austin,Portland,0.3333333333333333,0.3076923076923077,0.3157894736842105,0.9642857142857143
111,66401,Jalen Cobb,Mercer,1.0,0.2222222222222222,0.16666666666666666,0.8947368421052632
112,66422,Zion Young,Southern Utah,0.875,0.325,0.18518518518518517,0.9
113,66423,Jordan Brown,Memphis,1.0,0.7647058823529411,0.16666666666666666,0.0
114,66428,Jaylan Gainey,Florida St.,0.875,0.6428571428571429,0.75,0.0
115,66439,Matt Mims,South Dakota St.,0.0,0.375,0.0,0.8055555555555556
116,66458,Ebrima Dibba,South Carolina,0.0,0.0,0.0,0.0
117,66463,Jaxson Baker,New Hampshire,0.0,0.48717948717948717,0.2,0.9841269841269841
118,66484,Lahat Thioune,South Dakota,0.6666666666666666,0.27956989247311825,0.3411764705882353,0.0
119,66489,Gabe McGlothan,Grand Canyon,0.7692307692307693,0.43859649122807015,0.2222222222222222,0.9795918367346939
120,66493,Savion Lewis,Quinnipiac,0.0,0.1702127659574468,0.08,0.8571428571428571
121,66494,Matt Balanc,Quinnipiac,0.7,0.43137254901960786,0.2857142857142857,0.7560975609756098
122,66496,CJ Fredrick,Cincinnati,0.0,1.0,0.6,0.9130434782608695
123,66503,Miles Latimer,Bryant,1.0,0.5,0.0,1.0
124,66505,Jose Placer,South Florida,0.0,0.6,0.17391304347826086,0.7096774193548387
125,66510,Frankie Policelli,Charleston,0.0,0.125,0.0,0.8714285714285714
126,66522,Keonte Kennedy,California,0.5384615384615384,0.38095238095238093,0.1111111111111111,0.9629629629629629
127,66526,Grayson Carter,Texas Southern,0.0,0.425,0.5,1.0
128,66543,Dean Noll,Stony Brook,0.0,0.13333333333333333,0.019230769230769232,0.8723404255319149
129,66550,Ogheneyole Akuwovo,Fordham,0.0,0.8,1.0,0.0
130,66552,Tae Hardy,UTEP,0.5,0.5166666666666667,0.09523809523809523,0.7741935483870968
131,66570,Antoine Smith Jr.,George Washington,1.0,0.2857142857142857,0.0,1.0
132,66596,Jarius Cook,Jacksonville,0.0,0.375,0.7142857142857143,0.96
133,66618,Jemarl Baker Jr.,New Mexico,0.0,0.5714285714285714,0.25,1.0
134,66621,Riley Abercrombie,Northern Colorado,0.0,0.6666666666666666,0.2222222222222222,1.0
135,66627,Keith Haymon II,Lindenwood,1.0,0.3333333333333333,0.0,0.9487179487179487
136,66649,Atiba Taylor,South Carolina St.,0.0,0.375,0.25,1.0
137,66657,Matthue Cotton,Hawaii,0.6666666666666666,0.4166666666666667,0.0,0.9285714285714286
138,66664,Philmon Gebrewhit,Northern Illinois,0.0,0.25,0.5,0.7083333333333334
139,66666,Naseem Gaskin,Cal St. Bakersfield,0.14285714285714285,0.17647058823529413,0.5,0.0
140,66678,Kenny Strawbridge Jr.,Evansville,0.25,0.28125,0.21875,0.8461538461538461
141,66685,Andrew Taylor,Mississippi St.,0.0,1.0,0.5,0.8333333333333334
142,66686,Fardaws Aimaq,California,0.8125,0.48148148148148145,0.36363636363636365,0.875
143,66689,Keshaun Saunders,Portland St.,0.0,0.0,0.3333333333333333,0.5
144,66690,Jelani Williams,Howard,0.0,0.2727272727272727,0.1,1.0
145,66700,Javian Davis,UAB,0.8125,0.589041095890411,0.4074074074074074,0.0
146,66702,Tai Strickland,LIU,1.0,0.4098360655737705,0.26666666666666666,0.6666666666666666
147,66704,Alexis Yetna,Fairfield,0.0,0.5806451612903226,1.0,1.0
148,66710,J'Raan Brooks,UC San Diego,1.0,0.6206896551724138,0.16666666666666666,0.9615384615384616
149,67572,Elijah Elliott,UT Rio Grande Valley,0.0,0.3333333333333333,0.2222222222222222,0.7096774193548387
150,67604,Cache Fields,Utah Valley,0.0,0.0,0.0,0.0
151,67612,Patrick Mwamba,Loyola Chicago,0.5,0.47058823529411764,0.6,0.8
152,67629,Nate McClure,Le Moyne,0.0,0.56,0.3333333333333333,0.896551724137931
153,67673,Tyrece Radford,Texas A&M,1.0,0.2222222222222222,0.06818181818181818,0.7142857142857143
154,67760,Adam Hess,NJIT,0.0,0.25,0.15384615384615385,0.9565217391304348
155,67832,Zan Payne,Louisville,0.0,0.5,0.0,1.0
156,67842,Max Rice,Boise St.,0.0,0.39285714285714285,0.09090909090909091,0.7910447761194029
157,67927,Aundre Hyatt,Rutgers,1.0,0.4666666666666667,0.21428571428571427,0.8367346938775511
158,68089,DeShang Weaver,Oral Roberts,0.6,0.45,0.23809523809523808,0.9111111111111111
159,68103,Tyler Bertram,Albany,1.0,0.75,0.21428571428571427,0.9242424242424242
160,68379,Kevin McCullar Jr.,Kansas,0.6666666666666666,0.5882352941176471,0.2857142857142857,0.9473684210526315
161,68386,Jeffrey Yan,Long Beach St.,0.0,1.0,0.0,0.0
162,70243,Mekhi Long,Virginia Tech,0.625,0.6,1.0,0.0
163,70244,Moses Flowers,St. Bonaventure,0.0,0.3333333333333333,0.26666666666666666,0.7962962962962963
164,70246,Colby Rogers,Wichita St.,1.0,0.23809523809523808,0.11764705882352941,0.631578947368421
165,70249,Jeremiah Hernandez,Southern Indiana,0.2727272727272727,0.28735632183908044,0.17857142857142858,0.64
166,70254,Alimamy Koroma,Portland,1.0,0.7619047619047619,0.45454545454545453,1.0
167,70255,Giovanni Santiago,Kent St.,0.0,0.375,0.3076923076923077,0.7777777777777778
168,70257,Tim Ceaser,UNC Greensboro,1.0,0.5555555555555556,0.75,0.9565217391304348
169,70258,Miroslav Stafl,Coastal Carolina,0.0,0.47058823529411764,0.2857142857142857,1.0
170,70260,Giordan Williams,Montana,1.0,0.34615384615384615,0.4,1.0
171,70262,Miguel Tomley,Idaho St.,0.0,0.3888888888888889,0.16279069767441862,0.6753246753246753
172,70265,Cade Alger,San Diego St.,0.0,0.0,0.0,0.0
173,70273,Joshua Lusane,Hampton,1.0,0.7857142857142857,0.23076923076923078,0.8571428571428571
174,70278,Anderson Kopp,UMKC,0.0,0.25,0.058823529411764705,0.8181818181818182
175,70283,Jameer Nelson Jr.,TCU,0.5,0.3090909090909091,0.0975609756097561,0.7272727272727273
176,70284,Jamison Battle,Ohio St.,0.7142857142857143,0.47368421052631576,0.34,0.8901098901098901
177,70285,Chase Paar,Towson,0.8888888888888888,0.5757575757575758,0.4,0.0
178,70286,Shawn Walker Jr.,Murray St.,1.0,0.4444444444444444,0.2,1.0
179,70287,Harouna Sissoko,Illinois St.,1.0,1.0,0.0,0.0
180,70289,DaJuan Gordon,UT Arlington,0.8,0.4482758620689655,0.5333333333333333,0.96875
181,70297,Marcus Foster,Furman,0.0,0.4307692307692308,0.058823529411764705,0.875
182,70307,Josh Earley,Southeast Missouri St.,0.8333333333333334,0.7222222222222222,0.3269230769230769,0.0
183,70309,Cole Henry,Northern Iowa,1.0,0.5517241379310345,0.25,0.0
184,70314,Elias King,Middle Tennessee,0.5454545454545454,0.26,0.13043478260869565,0.85
185,70315,Akok Akok,West Virginia,0.875,0.8125,0.4,1.0
186,70316,Richie Springs,Quinnipiac,0.0,0.42105263157894735,0.5555555555555556,1.0
187,70327,Jaden Bediako,Seton Hall,0.9375,0.6396396396396397,0.6363636363636364,0.0
188,70329,Daniss Jenkins,St. John's,0.5,0.17307692307692307,0.3048780487804878,0.5535714285714286
189,70335,Keion Brooks Jr.,Washington,0.7575757575757576,0.5698924731182796,0.3614457831325301,0.9038461538461539
190,70336,Jalen Jackson,Western Kentucky,0.0,0.0,0.0,0.0
191,70339,Armando Bacot,North Carolina,0.8809523809523809,0.6308724832214765,0.5853658536585366,1.0
192,70342,Max Agbonkpolo,Utah St.,0.0,0.2,0.3333333333333333,1.0
193,70343,Emanuel Miller,TCU,0.9166666666666666,0.6101694915254238,0.475,0.967741935483871
194,70345,Jonathan Aku,Grambling St.,0.8333333333333334,0.5813953488372093,0.5714285714285714,0.0
195,70352,Messiah Thompson,Long Beach St.,0.0,0.1875,0.06666666666666667,0.8
196,70355,Brandon Stone,Delaware St.,1.0,0.6666666666666666,0.16666666666666666,0.5
197,70356,Lance Jones,Purdue,0.6666666666666666,0.3684210526315789,0.4117647058823529,0.9125
198,70359,Oton Jankovic,Detroit Mercy,1.0,0.8571428571428571,0.0,0.0
199,70360,Mahamadou Diawara,Oregon,0.75,0.35294117647058826,0.6,0.0
200,70363,Victor Iwuakor,Southern Miss,0.6875,0.4915254237288136,0.4,0.5555555555555556
201,70364,Jalen Hill,UNLV,0.6666666666666666,0.4,0.2,1.0
202,70372,Sahvir Wheeler,Washington,0.0,0.1111111111111111,0.08,0.5
203,70374,Logan Padgett,Manhattan,0.0,0.3076923076923077,0.3333333333333333,1.0
204,70375,Tyrese Jenkins,Norfolk St.,0.75,0.6666666666666666,1.0,0.8888888888888888
205,70376,Donovan Gregory,Appalachian St.,0.6,0.22826086956521738,0.23255813953488372,0.9285714285714286
206,70377,Naim Miller,New Hampshire,0.0,0.18181818181818182,0.1,0.9302325581395349
207,70379,Doug Edert,Bryant,0.0,0.6666666666666666,0.5,1.0
208,70380,Hassan Drame,Duquesne,0.0,0.5555555555555556,1.0,1.0
209,70383,Ja'Darius Harris,North Carolina Central,1.0,0.37209302325581395,0.15625,0.7619047619047619
210,70385,Emmanuel Tshimanga,UC San Diego,1.0,0.6785714285714286,0.75,0.0
211,70388,Ofure Ujadughele,UC Irvine,0.0,0.4,1.0,1.0
212,70390,Ja'Shonte Wright-McLeish,Maine,0.0,0.5454545454545454,0.2222222222222222,0.926829268292683
213,70391,Robert Carpenter,New Mexico St.,1.0,0.43333333333333335,0.6923076923076923,1.0
214,70392,Cole Bajema,Utah,0.6666666666666666,0.4482758620689655,0.5714285714285714,0.9545454545454546
215,70397,Trevin Knell,BYU,0.0,0.6666666666666666,0.2857142857142857,0.9552238805970149
216,70398,Gage Bobe,Evansville,0.0,0.8,0.5,0.9444444444444444
217,70401,Jaylin Hunter,Ohio,0.4,0.225,0.0,0.6458333333333334
218,70409,Rob Banks,East Texas A&M,1.0,0.75,0.0,1.0
219,70410,Mika Adams-Woods,St. Bonaventure,0.0,0.2653061224489796,0.08888888888888889,0.75
220,70413,Kane Milling,UC Davis,0.0,0.5294117647058824,0.34375,0.8837209302325582
221,70414,Zane Meeks,Arizona St.,0.0,0.0,0.0,1.0
222,70415,David Skogman,Davidson,1.0,0.3,0.09090909090909091,1.0
223,70421,Jaxon Brenchley,Denver,0.0,0.14754098360655737,0.13333333333333333,0.7241379310344828
224,70425,Kobe Langley,UNC Greensboro,1.0,0.19444444444444445,0.038461538461538464,0.48717948717948717
225,70426,Eli Lawrence,Texas A&M,1.0,0.5714285714285714,0.16666666666666666,0.8333333333333334
226,70429,Josh Kunen,San Francisco,0.0,0.4,0.0,0.9
227,70430,Shamar Wright,SIU Edwardsville,0.6363636363636364,0.31746031746031744,0.3783783783783784,0.8484848484848485
228,70431,Jimmy Bell Jr.,Mississippi St.,0.6,0.5,0.48,0.0
229,70432,Mickey Pearson Jr.,Ball St.,1.0,0.6046511627906976,0.35,0.9743589743589743
230,70434,Samuell Williamson,SMU,0.9090909090909091,0.4915254237288136,0.6274509803921569,1.0
231,70438,Gibson Jimerson,Saint Louis,0.5,0.53125,0.5,0.8378378378378378
232,70439,Terrence Hargrove Jr.,Saint Louis,0.5384615384615384,0.4305555555555556,0.30434782608695654,0.9361702127659575
233,70440,Quinn Slazinski,West Virginia,1.0,0.4318181818181818,0.2571428571428571,0.8695652173913043
234,70444,Seth Pinkney,FIU,0.9166666666666666,0.8775510204081632,1.0,0.0
235,70446,Kendall Lewis,Illinois St.,0.9375,0.7580645161290323,0.47368421052631576,1.0
236,70448,Justin Webster,UNLV,0.0,0.29411764705882354,0.4117647058823529,0.972972972972973
237,70454,Immanuel Allen,Abilene Christian,0.0,0.7272727272727273,0.0,0.8333333333333334
238,70457,Jalyn McCreary,Mercer,0.75,0.43529411764705883,0.4823529411764706,0.0
239,70459,Wildens Leveque,Texas A&M,0.4,0.3333333333333333,0.3333333333333333,0.0
240,70463,De'Sean Allen-Eikens,Cal St. Northridge,0.6666666666666666,0.4365079365079365,0.2926829268292683,0.8529411764705882
241,70464,Goran Miladinovic,Marshall,0.5,0.6666666666666666,0.75,1.0
242,70467,Zach Iyeyemi,Morehead St.,0.8571428571428571,0.5454545454545454,0.0,0.0
243,70470,Brady Danielson,North Dakota,0.0,0.6470588235294118,0.3333333333333333,1.0
244,70478,Quinton Morton-Robertson,Purdue Fort Wayne,0.0,0.1111111111111111,0.09523809523809523,0.8529411764705882
245,70480,Xander Rice,Monmouth,0.0,0.16216216216216217,0.05555555555555555,0.6263736263736264
246,70481,James Bishop IV,George Washington,1.0,0.07792207792207792,0.058823529411764705,0.6056338028169014
247,70486,Dan Banister Jr.,Hampton,0.3333333333333333,0.5833333333333334,0.5,1.0
248,70493,Isaiah Cozart,Eastern Kentucky,0.9591836734693877,0.631578947368421,0.6666666666666666,0.0
249,70494,Chandler Turner,Radford,0.0,0.40625,0.2558139534883721,0.9714285714285714
250,70501,Rahmir Moore,Wagner,0.0,0.0,0.0,1.0
251,70502,Ryan Langborg,Northwestern,0.0,0.48148148148148145,0.6818181818181818,0.9444444444444444
252,70509,Trae Hannibal,LSU,0.5,0.18181818181818182,0.4444444444444444,1.0
253,70511,Robert Jones,Iowa St.,0.875,0.6707317073170732,0.6857142857142857,0.0
254,70513,Dre'Shawn Allen,Southern,0.0,0.75,0.5454545454545454,0.9565217391304348
255,70514,Jordan King,Richmond,0.0,0.34,0.15151515151515152,0.6071428571428571
256,70516,Rob Higgins,Elon,1.0,0.23404255319148937,0.125,0.8571428571428571
257,70524,Ali Ali,Akron,0.8,0.37777777777777777,0.21666666666666667,0.5806451612903226
258,70527,Jermaine Hamlin,Eastern Illinois,0.7142857142857143,0.5217391304347826,0.25,0.0
259,70528,Greg Tribble,Akron,0.3333333333333333,0.1346153846153846,0.075,0.75
260,70531,Chol Marial,Oregon St.,0.8,0.5555555555555556,0.6666666666666666,0.5
261,70532,Hakim Hart,Villanova,0.6,0.45652173913043476,0.0,0.9259259259259259
262,70538,Alex Ducas,Saint Mary's,0.0,0.36363636363636365,0.9,0.9375
263,70540,Nahiem Alleyne,St. John's,0.0,0.5833333333333334,0.4857142857142857,0.7333333333333333
264,70542,Jalen Cone,California,0.0,0.07692307692307693,0.2608695652173913,0.7415730337078652
265,70543,Hunter Cattoor,Virginia Tech,0.625,0.32432432432432434,0.2,0.8765432098765432
266,70544,Keaston Willis,Tulsa,0.0,0.0,0.0,0.8
267,70546,Demond Robinson,Kennesaw St.,0.9333333333333333,0.6385542168674698,0.45714285714285713,0.9629629629629629
268,70548,Ismael Massoud,Georgetown,0.5,0.25,0.375,0.9333333333333333
269,70549,Donovan Ivory,Southern Miss,0.8571428571428571,0.5416666666666666,0.23809523809523808,0.7674418604651163
270,70550,Ody Oguama,Cincinnati,0.7,0.6666666666666666,0.6,1.0
271,70551,Courtney Brown Jr.,St. Thomas,0.0,0.0,0.0,0.0
272,70552,Tre' Williams,Tulane,0.0,0.14634146341463414,0.23076923076923078,0.8260869565217391
273,70553,Tasos Kamateros,Vanderbilt,0.0,0.6666666666666666,0.25,0.9333333333333333
274,70555,Charles Pride,St. Bonaventure,0.0,0.2222222222222222,0.18181818181818182,0.8095238095238095
275,70557,Michael Green III,James Madison,0.0,0.20833333333333334,0.16666666666666666,0.7391304347826086
276,70570,Marion Humphrey,Texas A&M Corpus Chris,0.3333333333333333,0.22727272727272727,0.3333333333333333,0.0
277,70573,Jamon Battle,UNC Asheville,0.3333333333333333,0.48148148148148145,0.25,1.0
278,70574,Ryan Moffatt,Colgate,0.0,0.4186046511627907,0.25,0.8923076923076924
279,70575,Trent Stephney,UNC Asheville,0.0,0.0,0.0,1.0
280,70579,Timmy Kiggins,Bryant,0.0,0.0,0.0,0.0
281,70587,Elijah Morgan,The Citadel,0.0,0.2631578947368421,0.23809523809523808,0.7236842105263158
282,70594,Jarred Hyder,Cal Poly,0.0,0.07692307692307693,0.15384615384615385,0.6808510638297872
283,70595,Evan Taylor,Vanderbilt,0.0,0.4166666666666667,0.3125,1.0
284,70597,Ezra Manjon,Vanderbilt,1.0,0.09411764705882353,0.017543859649122806,0.5714285714285714
285,70599,Max Fiedler,Rice,0.6363636363636364,0.5565217391304348,0.2727272727272727,0.0
286,70600,Festus Ndumanya,Southern,0.0,0.0,1.0,0.0
287,70602,Ade Adebayo,UC Davis,0.4,0.5185185185185185,0.25,1.0
288,70610,Anthony Holland,Washington,0.0,0.0,0.0,1.0
289,70611,Brandton Chatfield,Seattle,0.9148936170212766,0.7428571428571429,0.5,1.0
290,70617,Ryan Rapp,Hawaii,0.0,0.25,0.2,0.7142857142857143
291,70619,Tylan Pope,Nevada,0.8333333333333334,0.7619047619047619,0.3333333333333333,1.0
292,70620,Nobal Days,Charleston Southern,0.0,0.4,0.6666666666666666,1.0
293,70621,Alex Hemenway,Clemson,0.0,0.0,0.0,1.0
294,70622,Jamir Chaplin,Little Rock,0.6956521739130435,0.4126984126984127,0.4166666666666667,1.0
295,70625,B.J. Mack,South Carolina,0.0,0.4918032786885246,0.43902439024390244,1.0
296,70626,Chase Hunter,Clemson,0.375,0.23943661971830985,0.11904761904761904,0.7021276595744681
297,70627,Al-Amir Dawes,Seton Hall,0.0,0.4,0.08108108108108109,0.7472527472527473
298,70635,Ken Evans Jr.,Jackson St.,0.25,0.30434782608695654,0.1694915254237288,0.7258064516129032
299,70639,Rocket Watts,Oakland,0.5,0.2777777777777778,0.07272727272727272,0.35294117647058826
300,70640,Malik Hall,Michigan St.,0.7894736842105263,0.5070422535211268,0.36,1.0
301,70641,Tyrell Jones,South Alabama,0.0,0.037037037037037035,0.0,0.5777777777777777
302,70643,Allen Flanigan,Mississippi,0.75,0.4666666666666667,0.4,0.6666666666666666
303,70644,Jaylin Williams,Auburn,0.868421052631579,0.7682926829268293,0.5555555555555556,0.9705882352941176
304,70646,Steven Izzo,Michigan St.,0.0,0.0,0.0,0.0
305,70648,John Buggs III,North Texas,0.0,0.5,0.5,0.8703703703703703
306,70649,Khalif Battle,Arkansas,0.5,0.18,0.09523809523809523,0.6875
307,70651,Ellis Magnuson,Eastern Washington,0.0,0.2,0.14285714285714285,1.0
308,70654,Boogie Ellis,USC,0.5,0.20454545454545456,0.25806451612903225,0.8160919540229885
309,70655,Titus Wright,Western Michigan,1.0,0.6140350877192983,0.4782608695652174,0.0
310,70660,Josh Corbin,Robert Morris,0.0,0.35,0.0,0.6867469879518072
311,70661,Dante Wilcox,FIU,0.0,0.7857142857142857,0.375,1.0
312,70662,Fred Cleveland Jr.,North Carolina Central,0.0,0.06666666666666667,0.06896551724137931,0.5
313,70663,August Mahoney,Yale,0.0,0.64,0.18181818181818182,0.9130434782608695
314,70664,Spencer Jones,Stanford,0.6,0.5757575757575758,0.3333333333333333,1.0
315,70665,Chase Claxton,Winthrop,1.0,0.75,0.0,1.0
316,70666,Neal Begovich,Duke,0.0,0.0,0.0,0.0
317,70668,James Keefe,Stanford,0.9,0.7272727272727273,0.75,0.0
318,70679,Christian Ings,Norfolk St.,0.7142857142857143,0.3055555555555556,0.06060606060606061,0.7333333333333333
319,70681,Oumar Ballo,Arizona,0.9365079365079365,0.7333333333333333,0.75,0.0
320,70682,Tyreke Locure,Louisiana Monroe,0.0,0.20512820512820512,0.21428571428571427,0.6222222222222222
321,70683,Jimmy Clark III,Duquesne,0.25,0.23943661971830985,0.07692307692307693,0.515625
322,70687,Josiah Allick,Nebraska,0.8571428571428571,0.6,0.4,1.0
323,70689,Shykeim Phillips,UNC Wilmington,0.0,0.08974358974358974,0.06153846153846154,0.8461538461538461
324,70690,Keli Leaupepe,Loyola Marymount,0.0,0.1875,0.2857142857142857,0.9523809523809523
325,70692,Anton Watson,Gonzaga,0.7666666666666667,0.5483870967741935,0.4,0.95
326,70696,Charles Thompson,Towson,0.9375,0.5222222222222223,0.2413793103448276,0.0
327,70700,Keeshawn Barthelemy,Oregon,0.0,0.38461538461538464,0.3076923076923077,0.8
328,70701,Ben Wight,Toledo,1.0,0.5714285714285714,0.6666666666666666,0.0
329,70702,N'Faly Dante,Oregon,0.8222222222222222,0.5615384615384615,0.5217391304347826,0.0
330,70703,Trey Calvin,Wright St.,0.0,0.11538461538461539,0.08771929824561403,0.6779661016949152
331,70707,Bryan Antoine,Radford,0.0,0.3684210526315789,0.175,0.7450980392156863
332,70710,Luke Bumbalough,Niagara,0.0,0.5,0.0,0.8333333333333334
333,70712,Jay Heath,Georgetown,0.0,0.16,0.13333333333333333,0.803921568627451
334,70713,Julian Rishwain,Florida,0.0,0.0,0.0,0.5
335,70714,CJ Felder,McNeese St.,0.7727272727272727,0.6521739130434783,0.3333333333333333,1.0
336,70715,Tre Jackson,Western Carolina,0.0,0.2857142857142857,0.06451612903225806,0.8505747126436781
337,70716,KK Curry,Tennessee Martin,1.0,0.5208333333333334,0.0,1.0
338,70720,Jacob Johnson,Middle Tennessee,0.6,0.35714285714285715,0.4,1.0
339,70725,Anthony Walker,Indiana,0.75,0.6410256410256411,0.6,1.0
340,70729,Keishawn Davidson,Belmont,0.0,0.5909090909090909,0.15384615384615385,0.627906976744186
341,70731,Anthony Selden,Rice,1.0,0.4166666666666667,0.18181818181818182,1.0
342,70732,Tom Welch,Loyola Chicago,1.0,0.625,0.0,1.0
343,70733,Ja'Monta Black,Austin Peay,0.0,0.125,0.1111111111111111,0.9191919191919192
344,70734,Marquise Kennedy,Illinois Chicago,0.5,0.5,0.11764705882352941,1.0
345,70736,Abdoul Karim Coulibaly,UMass Lowell,0.0,0.45454545454545453,0.4,1.0
346,70737,Gerald Drumgoole Jr.,Delaware,0.0,0.21818181818181817,0.10526315789473684,0.8666666666666667
347,70740,Tyem Freeman,Kent St.,0.6,0.3181818181818182,0.42857142857142855,0.8
348,70741,Jacco Fritz,Hofstra,0.8333333333333334,0.717948717948718,0.5,1.0
349,70742,Jovan Stulic,Southern Illinois,1.0,0.75,0.6666666666666666,1.0
350,70744,Ryan Wade,Green Bay,0.0,1.0,0.0,1.0
351,70746,Armon Harried,Binghamton,0.6956521739130435,0.5223880597014925,0.3548387096774194,0.9285714285714286
352,70749,Tyler Wahl,Wisconsin,1.0,0.3684210526315789,0.20689655172413793,1.0
353,70753,Nate Lliteras,North Florida,0.4,0.2857142857142857,0.05263157894736842,0.9523809523809523
354,70756,KyKy Tandy,Jacksonville St.,0.0,0.20408163265306123,0.10204081632653061,0.7638888888888888
355,70757,Osborn Shema,Iona,0.5,0.6363636363636364,0.8571428571428571,1.0
356,70761,Jason Murphy,North Carolina A&T,1.0,0.42105263157894735,0.6,0.0
357,70767,Josh Cohen,Massachusetts,0.0,0.71,0.6607142857142857,0.8181818181818182
358,70769,Dieonte Miles,Morehead St.,1.0,0.6666666666666666,0.3333333333333333,0.0
359,70772,Rienk Mast,Nebraska,1.0,0.6,0.19607843137254902,0.9523809523809523
360,70779,Antonio Thomas,Evansville,0.0,0.39622641509433965,0.07692307692307693,0.9411764705882353
361,70781,Benjamin Bosmans-Verdonk,South Carolina,1.0,0.5,0.0,0.0
362,70782,Daylen Williams,UT Rio Grande Valley,1.0,0.5,0.46875,1.0
363,70785,Noel Coleman,Hawaii,0.0,0.14285714285714285,0.07142857142857142,0.7166666666666667
364,70786,Sabry Philip,Stony Brook,0.7272727272727273,0.5882352941176471,0.16666666666666666,0.0
365,70789,Rick Issanza,Loyola Marymount,0.5,0.5,1.0,0.0
366,70791,KJ Marshall,Pittsburgh,0.0,0.0,0.0,1.0
367,70795,Hunter Woods,Portland St.,0.0,0.2857142857142857,0.25,0.8333333333333334
368,70799,Zac Ervin,Elon,0.0,0.5,0.6,0.96
369,70801,Brandon Rush,Youngstown St.,0.4,0.25,0.4,0.9152542372881356
370,70802,Jack Wilson,Minnesota,0.0,0.5,0.0,0.0
371,70806,Caleb Fields,Arkansas St.,0.0,0.07,0.0,0.8
372,70808,Stephen Clark,South Carolina,1.0,0.8235294117647058,0.5,1.0
373,70809,Trey Anderson,San Jose St.,1.0,0.5714285714285714,0.2702702702702703,0.972972972972973
374,70810,Cobe Williams,Tulsa,0.5,0.2033898305084746,0.0,0.7090909090909091
375,70811,Isaiah Crawford,Louisiana Tech,0.5,0.18840579710144928,0.07692307692307693,0.6923076923076923
376,70816,Miles Jones,UNC Greensboro,0.6666666666666666,0.5,1.0,0.9230769230769231
377,70818,Terrell Williams Jr.,Iona,1.0,1.0,0.25,1.0
378,70819,Jalen Gaffney,Florida Atlantic,0.0,0.28125,0.2,0.6
379,70832,Emmanuel Kuac,Detroit Mercy,1.0,0.375,0.0,0.9444444444444444
380,70841,Omar Croskey,South Carolina St.,1.0,0.42857142857142855,0.1111111111111111,0.8928571428571429
381,70845,Tyler Stephenson-Moore,Stony Brook,0.9,0.6764705882352942,0.4716981132075472,0.8
382,70852,Heru Bligen,Fairleigh Dickinson,0.0,0.6875,0.375,0.0
383,70856,Joe French,Arkansas Pine Bluff,0.0,0.4,0.36363636363636365,0.8387096774193549
384,70857,Jaelen House,New Mexico,0.0,0.2833333333333333,0.08823529411764706,0.6785714285714286
385,70858,Desmond Williams,Tennessee Martin,0.0,0.16666666666666666,1.0,0.6923076923076923
386,70859,Lars Thiemann,Loyola Marymount,0.8888888888888888,0.6379310344827587,0.8,0.0
387,70865,Marcus Domask,Illinois,0.0,0.18,0.06666666666666667,0.7073170731707317
388,70866,Trent Brown,Southern Illinois,0.0,0.21428571428571427,0.6666666666666666,1.0
389,70875,Justin McKoy,Hawaii,0.0,0.33962264150943394,0.17647058823529413,0.9772727272727273
390,70895,Joshua Morgan,USC,0.9166666666666666,0.7450980392156863,0.6470588235294118,0.0
391,70896,Romelle Mansel,Jackson St.,1.0,1.0,0.0,0.0
392,70899,Emmanuel Izunabor,North Carolina Central,1.0,0.75,0.5,0.0
393,70901,Bryant Randleman,James Madison,0.0,0.42857142857142855,0.0,1.0
394,70904,Kuany Kuany,VCU,0.9090909090909091,0.7931034482758621,0.5,1.0
395,70911,KJ Cunningham,Weber St.,0.0,0.35714285714285715,0.21428571428571427,0.9090909090909091
396,70913,Robbie Beran,Virginia Tech,0.5714285714285714,0.7105263157894737,0.5,1.0
397,70922,Dekedran Thorn,Alcorn St.,0.5,0.5217391304347826,0.36363636363636365,0.8421052631578947
398,70926,Josaphat Bilau,Rhode Island,0.0,0.4444444444444444,0.0,0.0
399,70927,Jaylen Forbes,Tulane,1.0,0.6428571428571429,0.3181818181818182,0.7945205479452054
400,70929,Juwan Gary,Nebraska,0.75,0.6666666666666666,0.5,0.9230769230769231
401,70931,Noah Fernandes,Rutgers,0.0,0.3,0.07142857142857142,0.5862068965517241
402,70932,Juwan Perdue,Jacksonville St.,0.6,0.3953488372093023,0.3888888888888889,1.0
403,70935,Caleb Mills,Memphis,0.5,0.42857142857142855,0.2222222222222222,1.0
404,70936,Francisco Farabello,Creighton,0.0,0.2857142857142857,0.0,0.8620689655172413
405,70937,Aidan Igiehon,Abilene Christian,1.0,0.7272727272727273,0.7333333333333333,1.0
406,70938,Josh Nickelberry,Florida St.,1.0,0.8571428571428571,0.0,0.8461538461538461
407,70942,Diante Smith,Nicholls St.,0.0,0.0967741935483871,0.13043478260869565,0.7894736842105263
408,70943,Taryn Todd,Arkansas St.,0.0,0.16483516483516483,0.05,0.5918367346938775
409,70945,Dontaie Allen,Western Kentucky,0.5,0.2,0.25,0.9019607843137255
410,70951,Ethan Anderson,Pepperdine,0.0,0.15217391304347827,0.1,1.0
411,70955,Mylik Wilson,Houston,0.6666666666666666,0.35135135135135137,0.14285714285714285,0.8571428571428571
412,70961,Micah Thomas,Nicholls St.,0.0,0.0,0.2222222222222222,0.25
413,70966,Jalen Bridges,Baylor,0.6470588235294118,0.5283018867924528,0.1875,0.8767123287671232
414,70970,Aaron Estrada,Alabama,0.0,0.15315315315315314,0.17142857142857143,0.74
415,70971,Matthew Lee,Missouri St.,0.0,0.1875,0.045454545454545456,0.5483870967741935
416,70972,Ayinde Hikim,UMass Lowell,0.0,0.15151515151515152,0.046875,0.2777777777777778
417,70973,Mike DePersia,Le Moyne,0.0,0.3333333333333333,0.3333333333333333,0.8666666666666667
418,70974,Taveion White,Binghamton,0.0,0.5,0.0,0.0
419,70975,Jordan Wright,LSU,0.5,0.20270270270270271,0.09090909090909091,0.6538461538461539
420,70976,Sherif Gross-Bullock,Bryant,0.5,0.3333333333333333,0.25,0.7397260273972602
421,70977,Julien Wooden,James Madison,0.8421052631578947,0.6612903225806451,0.2222222222222222,0.9583333333333334
422,70978,Michael Christmas,Longwood,0.7,0.4745762711864407,0.3333333333333333,1.0
423,70984,Thomas Sheida,USC Upstate,0.0,0.0,0.0,1.0
424,70986,Jacob Germany,Wichita St.,1.0,0.25,0.0,0.0
425,70990,Jason Jitoboh,Tennessee St.,0.9,0.5172413793103449,0.5333333333333333,0.0
426,70992,Alex Klatsky,Florida,0.0,0.0,0.0,0.0
427,70995,Christian Brown,Tennessee St.,0.47058823529411764,0.3684210526315789,0.4,0.7857142857142857
428,70996,Omar Payne,UCF,1.0,0.75,0.4166666666666667,0.6666666666666666
429,70998,Austin Crowley,Southern Miss,0.7272727272727273,0.34328358208955223,0.1935483870967742,0.6415094339622641
430,71000,Jalen Graham,Arkansas,0.75,0.4878048780487805,0.1724137931034483,0.0
431,71003,Rashaun Agee,Bowling Green,0.7692307692307693,0.40458015267175573,0.23076923076923078,1.0
432,71007,Ahren Freeman,UT Rio Grande Valley,1.0,0.59375,0.8,1.0
433,71013,Charles Smith IV,Prairie View A&M,1.0,0.5333333333333333,0.47058823529411764,0.875
434,71018,Brice Williams,Nebraska,0.75,0.35714285714285715,0.21621621621621623,0.82
435,71021,Jack Forrest,Bucknell,0.6666666666666666,0.46551724137931033,0.19444444444444445,0.872093023255814
436,71022,Keenon Cole,Lindenwood,0.3333333333333333,0.21428571428571427,0.09302325581395349,0.8125
437,71023,Nick Caldwell,Southeastern Louisiana,0.6666666666666666,0.4657534246575342,0.3111111111111111,0.8918918918918919
438,71025,Tyler Cochran,Toledo,0.0,0.3333333333333333,0.3076923076923077,0.8571428571428571
439,71032,Terrell Burden,Kennesaw St.,0.0,0.07865168539325842,0.0,0.46875
440,71034,Armani Harris,Kennesaw St.,0.0,1.0,0.0,0.0
441,71041,Nyzaiah Chambers,Norfolk St.,0.8,0.5,1.0,1.0
442,71042,Leslie Nkereuwem,Georgia St.,0.6666666666666666,0.37662337662337664,0.2727272727272727,1.0
443,71043,Dame Adelekun,Loyola Chicago,0.875,0.37254901960784315,0.4444444444444444,1.0
444,71044,Allen Powell,Rider,0.0,0.2608695652173913,0.375,0.7450980392156863
445,71046,Hunter Goodrick,Cal Baptist,1.0,0.43137254901960786,0.16666666666666666,0.8333333333333334
446,71050,Daryl Anderson,Norfolk St.,0.0,0.0,0.0,0.95
447,71051,Masai Olowokere,Central Arkansas,0.6666666666666666,0.6666666666666666,0.3333333333333333,0.9333333333333333
448,71053,Caleb Burgess,UNC Asheville,0.0,0.08333333333333333,0.13513513513513514,0.9166666666666666
449,71054,Josh Vazquez,Montana,0.0,0.23809523809523808,0.2,0.9538461538461539
450,71055,Kyle Owens,UC Riverside,0.4,0.5862068965517241,0.53125,1.0
451,71056,Kadin Shedrick,Texas,0.8181818181818182,0.5882352941176471,0.3684210526315789,1.0
452,71060,Kalil Thomas,Morehead St.,0.0,0.4,0.3333333333333333,0.8913043478260869
453,71069,Marcus Filien,Albany,1.0,0.7142857142857143,1.0,1.0
454,71073,Bas Leyte,Clemson,0.0,0.6666666666666666,0.5,1.0
455,71075,EJ Williams,Alabama A&M,0.0,0.38095238095238093,0.4166666666666667,0.0
456,71080,Garrett Hicks,Samford,1.0,0.40625,0.14285714285714285,0.9230769230769231
457,71088,K'Mani Doughty,Utah Valley,0.0,0.5,0.3333333333333333,0.9285714285714286
458,71089,Raquan Brown,South Carolina St.,0.0,0.3793103448275862,1.0,0.96875
459,71093,Dajuan Harris Jr.,Kansas,0.0,0.32558139534883723,0.08571428571428572,0.7037037037037037
460,71094,Tyler Thomas,Hofstra,0.5,0.3783783783783784,0.16666666666666666,0.6324786324786325
461,71095,R.J McGee,Southern Illinois,0.0,0.25,0.0,1.0
462,71107,Neal Quinn,Richmond,0.45454545454545453,0.37142857142857144,0.49514563106796117,1.0
463,71109,Daman Tate,Norfolk St.,0.0,0.0,0.0,1.0
464,71110,Leo O'Boyle,Penn St.,0.0,0.8,0.0,0.8666666666666667
465,71115,Mervin James,Rider,0.6666666666666666,0.6178861788617886,0.4166666666666667,1.0
466,71117,Brandon Newman,Western Kentucky,1.0,0.39473684210526316,0.5454545454545454,0.8837209302325582
467,71118,Jalen Thomas,Butler,1.0,0.6829268292682927,0.9122807017543859,1.0
468,71121,Keshad Johnson,Arizona,0.7142857142857143,0.6263736263736264,0.5833333333333334,0.9722222222222222
469,71125,Alejandro Ralat,Florida Atlantic,0.0,0.0,0.0,0.0
470,71128,Isaiah Stevens,Colorado St.,0.0,0.23255813953488372,0.2604166666666667,0.6949152542372882
471,71130,Kyle Rose,Fordham,0.3333333333333333,0.4,0.25,0.75
472,71131,Wheza Panzo,Iona,0.0,0.4444444444444444,0.6666666666666666,0.9888888888888889
473,71132,Fousseyni Drame,Duquesne,0.7272727272727273,0.4888888888888889,0.5384615384615384,1.0
474,71133,Daryl Banks III,St. Bonaventure,1.0,0.2222222222222222,0.20689655172413793,0.7692307692307693
475,71139,Ford Cooper,Hampton,0.0,0.2222222222222222,0.14285714285714285,0.75
476,71140,Dylan Disu,Texas,0.625,0.4090909090909091,0.3148148148148148,0.926829268292683
477,71147,Volodymyr Markovetskyy,San Francisco,0.6,0.7777777777777778,0.0,0.0
478,71160,Jared Coleman-Jones,Middle Tennessee,0.5555555555555556,0.31343283582089554,0.25806451612903225,0.9473684210526315
479,71166,Damani McEntire,Bethune Cookman,0.0,0.16666666666666666,0.4,0.9285714285714286
480,71168,Miguel Ayesa,USC Upstate,0.0,0.375,0.0,0.9107142857142857
481,71169,Blondeau Tchoukuiegno,Cal Baptist,0.0,0.18292682926829268,0.13333333333333333,0.8
482,71171,Kyle Rode,Liberty,0.0,0.2777777777777778,0.17647058823529413,0.9456521739130435
483,71173,Shiloh Robinson,Liberty,1.0,0.6888888888888889,1.0,1.0
484,71174,Charles Coleman,Saint Joseph's,0.0,1.0,0.0,0.0
485,71179,Andrei Savrasov,Duquesne,0.6666666666666666,0.48,0.3333333333333333,1.0
486,71180,Russel Tchewa,Georgia,0.75,0.5294117647058824,0.16666666666666666,0.0
487,71181,Terrence Shannon Jr.,Illinois,0.3125,0.3125,0.16666666666666666,0.6103896103896104
488,71185,Tyreek Smith,SMU,0.8,0.6790123456790124,0.631578947368421,0.0
489,71191,Donovan Clay,Missouri St.,1.0,0.35714285714285715,0.14814814814814814,0.8214285714285714
490,71194,Bryce Okpoh,Canisius,0.9333333333333333,0.6326530612244898,0.5,1.0
491,71199,Carter Murphy,Georgia Tech,0.0,0.5,0.0,0.8571428571428571
492,71205,Maleeck Harden-Hayes,UNC Wilmington,0.6666666666666666,0.2631578947368421,0.4090909090909091,0.96875
493,71206,Travis Evee,Rice,0.0,0.25316455696202533,0.10344827586206896,0.7916666666666666
494,71207,Dean Keeler,UC Irvine,1.0,0.7083333333333334,0.6521739130434783,0.0
495,71212,Noah Waterman,BYU,0.9333333333333333,0.8636363636363636,0.5,0.9473684210526315
496,71213,Justin Hohn,UC Irvine,0.0,0.3793103448275862,0.29411764705882354,0.9016393442622951
497,71217,John McGriff,Eastern Michigan,0.0,0.0,0.25,0.8333333333333334
498,71218,Brenton Mills,Vermont,0.0,0.2,0.0,1.0
499,71226,Yvan Ouedraogo,Cal Baptist,0.6,0.47191011235955055,0.5,0.0
500,71233,Josh Oduro,Providence,0.8125,0.5433070866141733,0.3898305084745763,1.0
501,71237,Justin Winston,Coppin St.,0.3333333333333333,0.18181818181818182,0.18181818181818182,0.7037037037037037
502,71238,Alejandro Vasquez,UAB,0.0,0.39705882352941174,0.4090909090909091,0.9024390243902439
503,71244,Miles Brown,Ohio,0.0,0.25,0.2857142857142857,0.7666666666666667
504,71248,Greg Outlaw,Pacific,0.0,0.26666666666666666,0.5,0.7142857142857143
505,71251,Trevian Tennyson,TCU,0.6666666666666666,0.5384615384615384,0.5652173913043478,0.8225806451612904
506,71264,Shon Robinson,Incarnate Word,0.7857142857142857,0.5526315789473685,0.3333333333333333,0.8461538461538461
507,71265,Joey Reilly,Sacred Heart,0.0,0.3333333333333333,0.05263157894736842,0.86
508,71281,Kevin Cross,Tulane,0.6875,0.35802469135802467,0.1643835616438356,0.7142857142857143
509,71283,T.J. Weeks Jr.,Rider,0.0,0.2608695652173913,0.45454545454545453,0.9803921568627451
510,71284,Sean East II,Missouri,0.0,0.1794871794871795,0.0821917808219178,0.3888888888888889
511,71285,Joe Petrakis,Western Illinois,1.0,1.0,0.0,1.0
512,71288,Tre Mitchell,Kentucky,0.6,0.5,0.5714285714285714,1.0
513,71289,Naheem McLeod,Syracuse,0.8571428571428571,0.6666666666666666,1.0,0.0
514,71290,Tyler Burton,Villanova,0.75,0.65,0.0,0.9393939393939394
515,71294,Michael Moreno,Eastern Kentucky,1.0,0.35,0.0,0.8709677419354839
516,71297,Damian Dunn,Houston,0.0,0.375,0.21212121212121213,0.8846153846153846
517,71298,Josh Pierre-Louis,UC Santa Barbara,0.4444444444444444,0.2897196261682243,0.14285714285714285,0.9411764705882353
518,71299,Curt Lewis,Missouri,0.0,0.2222222222222222,1.0,0.8571428571428571
519,71300,Tariq Balogun,Binghamton,0.6666666666666666,0.44,0.5,0.0
520,71305,Brayden Parker,Idaho St.,1.0,0.5943396226415094,0.3,1.0
521,71306,Greg Gantt Jr.,UNC Asheville,1.0,0.6,0.5,0.0
522,71311,Isaiah Hill,Fresno St.,0.0,0.23404255319148937,0.175,0.5208333333333334
523,71313,Dexter Akanno,Oregon St.,0.25,0.23529411764705882,0.25806451612903225,0.7567567567567568
524,71314,Symir Torrence,Binghamton,1.0,0.3142857142857143,0.15789473684210525,0.21428571428571427
525,71318,Marko Sarenac,Marshall,0.0,1.0,0.0,1.0
526,71321,Brian Taylor,Central Michigan,0.8,0.44776119402985076,0.3333333333333333,0.9523809523809523
527,71326,Raymond Somerville,Delaware St.,0.8571428571428571,0.6206896551724138,0.9090909090909091,0.0
528,71328,Brandon Haddock,Utah,0.0,0.0,0.0,0.6666666666666666
529,71330,Antonio Reeves,Kentucky,0.5555555555555556,0.45569620253164556,0.3888888888888889,0.8690476190476191
530,71331,Justin Bieker,San Francisco,0.0,0.3333333333333333,0.5,1.0
531,71333,Isaiah Hawthorne,San Francisco,0.5,0.5,0.1,0.9444444444444444
532,71336,Rylan Jones,Samford,0.0,0.3076923076923077,0.21428571428571427,0.6363636363636364
533,71337,Jeremiah Davenport,Arkansas,0.0,0.375,0.6153846153846154,0.896551724137931
534,71341,Deuce Dean,Georgia Southern,0.0,0.0,0.0,0.75
535,71343,Jacob O'Connell,Merrimack,0.5714285714285714,0.7428571428571429,0.4,0.9411764705882353
536,71344,Keeshawn Kellman,Florida Gulf Coast,0.7741935483870968,0.40350877192982454,0.25806451612903225,0.0
537,71348,Tyler Millin,Chattanooga,1.0,0.5813953488372093,0.0,0.9393939393939394
538,71349,DJ Rodman,USC,0.0,0.5714285714285714,0.5,0.9473684210526315
539,71352,Lamar Wright,SIU Edwardsville,0.8,0.36363636363636365,0.2962962962962963,0.9565217391304348
540,71355,Jesus Carralero Martin,Missouri,0.0,0.4166666666666667,0.0,1.0
541,71356,Nick Fiorillo,Vermont,1.0,0.6538461538461539,0.6,1.0
542,71359,Jae'Lyn Withers,North Carolina,0.8571428571428571,0.4166666666666667,0.38461538461538464,1.0
543,71360,Kalib Boone,UNLV,0.5531914893617021,0.46464646464646464,0.41025641025641024,0.0
544,71363,Rob Perry,Murray St.,1.0,0.3191489361702128,0.16666666666666666,0.725
545,71364,Keylan Boone,UNLV,1.0,0.2692307692307692,0.3142857142857143,0.8679245283018868
546,71367,Avery Anderson III,TCU,1.0,0.40384615384615385,0.34782608695652173,0.7368421052631579
547,71368,Chris Ledlum,St. John's,0.6666666666666666,0.5333333333333333,0.35714285714285715,0.9565217391304348
548,71381,Blake Lampman,Oakland,0.75,0.47058823529411764,0.1111111111111111,0.7674418604651163
549,71384,Noah Thomasson,Georgia,0.0,0.23404255319148937,0.06,0.5875
550,71389,Yusuf Jihad,Eastern Michigan,1.0,0.48,0.7368421052631579,1.0
551,71394,Idan Tretout,Iona,0.2,0.17543859649122806,0.0625,0.7796610169491526
552,71395,Isaiah Thompson,Florida Gulf Coast,0.0,0.23076923076923078,0.14285714285714285,0.7678571428571429
553,71396,Luka Sakota,Northeastern,0.0,0.55,0.25,0.7567567567567568
554,71400,Sean Conway,St. John's,0.0,0.5,0.7142857142857143,1.0
555,71407,Zyon Pullin,Florida,0.0,0.2,0.0958904109589041,0.6285714285714286
556,71410,Ibrahima Diallo,UCF,0.8,0.4117647058823529,0.4583333333333333,0.0
557,71417,Savion Gallion,Louisiana Monroe,1.0,0.4444444444444444,0.06666666666666667,0.8
558,71420,Calvin Solomon,UTEP,0.6363636363636364,0.4864864864864865,0.13333333333333333,0.0
559,71422,Nate Ferguson,Drake,1.0,0.8333333333333334,0.8,0.0
560,71423,Joseph Yesufu,Washington St.,0.0,0.4,0.0,0.75
561,71427,Jordan Minor,Virginia,0.7272727272727273,0.6170212765957447,0.5,0.0
562,71428,Ziggy Reid,Youngstown St.,0.6666666666666666,0.4426229508196721,0.3953488372093023,0.9512195121951219
563,71429,Jordan McKoy,Merrimack,0.0,0.5,0.0,0.972972972972973
564,71434,Keyshaun Langley,UNC Greensboro,0.0,0.09375,0.1276595744680851,0.6538461538461539
565,71438,James Glisson III,New Orleans,0.0,0.5,1.0,1.0
566,71441,Chase Johnston,Florida Gulf Coast,0.0,0.5,0.25,1.0
567,71442,Kamar Robertson,Western Carolina,0.0,0.3076923076923077,0.21052631578947367,0.8
568,71444,Donta Scott,Maryland,0.8,0.23404255319148937,0.20833333333333334,0.9433962264150944
569,71445,Babatunde Akingbola,George Washington,0.8421052631578947,0.6744186046511628,0.5,0.0
570,71446,Makhi Mitchell,Arkansas,0.9230769230769231,0.7078651685393258,0.23529411764705882,0.0
571,71447,Makhel Mitchell,Little Rock,1.0,0.6122448979591837,0.5384615384615384,0.0
572,71448,Devan Cambridge,Texas Tech,0.8571428571428571,0.8148148148148148,0.0,1.0
573,71450,Lior Berman,Auburn,0.0,0.6666666666666666,0.5,1.0
574,71453,C.J. Jackson,UT Rio Grande Valley,0.0,0.6666666666666666,0.0,0.0
575,71455,Kyle Sturdivant,Georgia Tech,0.0,0.09090909090909091,0.0975609756097561,0.65
576,71457,Dearon Tucker,Cal St. Northridge,1.0,0.5,0.3333333333333333,0.0
577,71458,Talin Lewis,Howard,0.0,0.0,1.0,1.0
578,71461,Jarod Lucas,Nevada,0.0,0.23076923076923078,0.5952380952380952,0.7922077922077922
579,71463,Gianni Hunt,Cal St. Northridge,0.0,0.2727272727272727,0.16666666666666666,0.8285714285714286
580,71465,Jamail Pink,Detroit Mercy,0.0,0.2,0.2,1.0
581,71467,Jayvis Harvey,Tennessee Tech,0.0,0.25,0.09090909090909091,0.7272727272727273
582,71469,Chico Carter Jr.,DePaul,0.0,0.2857142857142857,0.26666666666666666,0.7692307692307693
583,71470,Bryan Greenlee,Florida Atlantic,0.0,0.23076923076923078,0.1111111111111111,0.7948717948717948
584,71471,Tyrese Samuel,Florida,0.75,0.5733333333333334,0.45454545454545453,1.0
585,71473,Connor Withers,Bryant,1.0,0.4,0.2857142857142857,0.9047619047619048
586,71475,Aaron Deloney,Vermont,0.0,0.5,0.18181818181818182,0.6037735849056604
587,71481,Jake van der Heijden,North Florida,1.0,0.2222222222222222,0.4,0.9148936170212766
588,71483,Alex Timmerman,Winthrop,0.0,0.5263157894736842,0.8181818181818182,1.0
589,71484,Da'Shawn Phillip,Bowling Green,0.5,0.53125,0.0,0.8571428571428571
590,71485,Kevon Voyles,Marshall,1.0,0.25316455696202533,0.2826086956521739,0.8833333333333333
591,71486,Paul Mulcahy,Washington,0.0,0.17857142857142858,0.3157894736842105,0.8666666666666667
592,71489,Jovan Blacksher Jr.,Grand Canyon,0.0,0.0,0.14285714285714285,0.8636363636363636
593,71500,Caleb Hunter,Mercer,0.0,0.14285714285714285,0.1875,0.5
594,71503,Zahad Munford,Grambling St.,0.5,0.2,0.3333333333333333,1.0
595,71504,Tra'Michael Moton,Grambling St.,0.0,0.10526315789473684,0.16326530612244897,0.6444444444444445
596,71508,Cameron Brown,Saint Joseph's,0.5,0.4807692307692308,0.5,0.9024390243902439
597,71514,Elijah Pepper,UC Davis,0.0,0.5344827586206896,0.2830188679245283,0.7204301075268817
598,71517,Jordan Rawls,New Mexico St.,0.0,0.08,0.06818181818181818,0.8666666666666667
599,71519,John Tonje,Missouri,0.0,0.0,0.5,1.0
600,71521,Rudy Fitzgibbons III,Chattanooga,0.0,0.6666666666666666,0.0,0.7777777777777778
601,71524,Fletcher Abee,UNC Asheville,0.0,0.5,0.525,0.9
602,71526,Roscoe Eastmond,Southeastern Louisiana,0.0,0.32142857142857145,0.0,0.6923076923076923
603,71527,Mo Arnold,Southern Miss,0.0,0.14814814814814814,0.08333333333333333,0.7894736842105263
604,71528,Caleb Grill,Missouri,0.5,0.6666666666666666,1.0,0.9285714285714286
605,71536,JJ Riggins,Quinnipiac,0.0,0.46153846153846156,0.3333333333333333,0.0
606,71539,Brendan McGuire,Sacred Heart,0.0,0.5333333333333333,0.25,1.0
607,71543,RaeQuan Battle,West Virginia,0.7222222222222222,0.46808510638297873,0.3103448275862069,0.6923076923076923
608,71546,Thatcher Stone,Stonehill,1.0,0.5263157894736842,0.0,1.0
609,71547,Xavier Cork,TCU,0.8666666666666667,0.6296296296296297,0.2,0.0
610,71551,Bernardo da Silva,Hawaii,0.9090909090909091,0.6178861788617886,0.2,0.0
611,71553,Isaiah Ihnen,Minnesota,1.0,0.5714285714285714,0.0,1.0
612,71557,Malcolm Dandridge,Memphis,0.7727272727272727,0.6172839506172839,0.8,0.0
613,71558,John-Michael Mulloy,Butler,0.0,0.0,0.0,0.0
614,71564,Lucas Stieber,Gardner Webb,1.0,0.26666666666666666,0.3333333333333333,0.9318181818181818
615,71568,Jordan Dingle,St. John's,0.6666666666666666,0.43902439024390244,0.3469387755102041,0.8913043478260869
616,71569,Keegan Records,Colgate,0.6,0.5641025641025641,0.48148148148148145,1.0
617,71573,Max Lorca-Lloyd,UMBC,0.75,0.5645161290322581,0.2727272727272727,0.0
618,71574,Lucas Monroe,Drexel,0.7142857142857143,0.4925373134328358,0.21428571428571427,1.0
619,71575,Moulaye Sissoko,North Texas,0.8333333333333334,0.6071428571428571,0.18181818181818182,0.0
620,71576,Quinten Post,Boston College,0.5882352941176471,0.37398373983739835,0.3877551020408163,1.0
621,71577,Tyson Jackson,New Orleans,1.0,0.5652173913043478,0.5405405405405406,1.0
622,71581,Golden Dike,Loyola MD,0.625,0.4675324675324675,0.45,0.0
623,71597,Quincy Olivari,Xavier,0.3333333333333333,0.43636363636363634,0.5135135135135135,0.8962264150943396
624,71599,Jan Zidek,Chattanooga,0.0,0.3333333333333333,0.27586206896551724,0.9302325581395349
625,71606,Owen McCormack,Lipscomb,0.6666666666666666,0.1951219512195122,0.07692307692307693,0.9459459459459459
626,71610,Tommy Bruner,Denver,0.0,0.22580645161290322,0.07692307692307693,0.45454545454545453
627,71613,Khydarius Smith,UMBC,0.7857142857142857,0.48333333333333334,0.23333333333333334,0.5
628,71616,Damari Monsanto,Wake Forest,0.0,0.0,0.0,0.7058823529411765
629,71620,Tristen Newton,Connecticut,0.0,0.2682926829268293,0.10344827586206896,0.8028169014084507
630,71623,Brandon Suggs,New Mexico St.,0.0,0.3076923076923077,0.375,1.0
631,71626,Ben Hendriks,Ball St.,0.75,0.7380952380952381,0.5833333333333334,0.0
632,71627,Nick Johnson,Winthrop,1.0,0.17777777777777778,0.16666666666666666,0.84375
633,71630,Trevin Dorius,Utah Valley,0.9090909090909091,0.6506024096385542,0.8148148148148148,1.0
634,71631,Jake Groves,Virginia,0.0,0.5909090909090909,0.5263157894736842,1.0
635,71633,B. Artis White,Western Michigan,0.0,0.14285714285714285,0.10714285714285714,0.4897959183673469
636,71637,J'Wan Roberts,Houston,0.8947368421052632,0.5591397849462365,0.21428571428571427,0.0
637,71638,D.J. Jeffries,Mississippi St.,0.75,0.45454545454545453,0.0,0.8518518518518519
638,71640,Akrum Ahemed,UNC Greensboro,0.0,0.36363636363636365,0.125,1.0
639,71642,Jake Kyman,Eastern Washington,1.0,0.4444444444444444,0.18421052631578946,0.8870967741935484
640,71643,Drew Lowder,Cleveland St.,0.0,0.36363636363636365,0.06976744186046512,0.6538461538461539
641,71645,Russell Jones Jr,Western Carolina,0.0,0.07407407407407407,0.1,0.75
642,71652,Luke Sutherland,Le Moyne,0.5333333333333333,0.4470588235294118,0.5714285714285714,0.9180327868852459
643,71656,Isaiah Gross,Coppin St.,0.0,0.5,0.5,1.0
644,71658,Jon Dos Anjos,UTEP,0.0,0.6666666666666666,1.0,1.0
645,71663,Jordan Brinson,Cal St. Northridge,1.0,0.2857142857142857,0.14285714285714285,1.0
646,71667,Hason Ward,Iowa St.,0.8823529411764706,0.7192982456140351,0.7142857142857143,0.0
647,71672,John-Michael Wright,Oklahoma St.,0.0,0.46153846153846156,0.2857142857142857,0.847457627118644
648,71673,Brenden Tucker,Georgia St.,0.0,0.14285714285714285,0.18181818181818182,1.0
649,71674,Trevon Reddish-Rhone,Presbyterian,1.0,0.5151515151515151,0.2,0.75
650,71675,Dan Petcash,Binghamton,1.0,0.72,0.3333333333333333,0.9761904761904762
651,71676,Justin Moore,Villanova,0.0,0.3333333333333333,0.35,0.6590909090909091
652,71678,Chris Arcidiacono,Villanova,0.0,0.0,0.0,0.0
653,71680,Lok Wur,Grand Canyon,0.8333333333333334,0.5,0.38461538461538464,1.0
654,71681,C.J. Walker,UCF,0.8461538461538461,0.5806451612903226,0.5384615384615384,1.0
655,71682,Chandler Lawson,Arkansas,0.875,0.7428571428571429,0.4,1.0
656,71683,Boo Buie,Northwestern,0.0,0.2698412698412698,0.14285714285714285,0.5617977528089888
657,71684,Christian Ray,Delaware,1.0,0.6568627450980392,0.375,1.0
658,71690,Noah Carter,Missouri,1.0,0.44776119402985076,0.25,0.9736842105263158
659,71692,Adam Cisse,Maine,0.8,0.775,0.0,0.0
660,71700,Cyrus Largie,Florida Gulf Coast,1.0,0.2727272727272727,0.25,1.0
661,71704,Tre Williams,Duquesne,0.5,0.5454545454545454,0.21428571428571427,1.0
662,71707,Paxson Wojcik,North Carolina,0.0,0.3333333333333333,0.6666666666666666,0.5714285714285714
663,71710,E.J. Bellinger,Tennessee St.,0.8333333333333334,0.5230769230769231,0.2,0.8636363636363636
664,71711,Avery Felts,Arkansas St.,0.0,0.0,0.0,0.9193548387096774
665,71715,Tray Jackson,Michigan,0.6,0.3548387096774194,0.0,1.0
666,71718,Joe Pridgen,Northeastern,0.5,0.325,0.0,1.0
667,71731,Tyson Walker,Michigan St.,1.0,0.3619047619047619,0.463768115942029,0.828125
668,71732,Dakota Rivers,Florida Gulf Coast,0.6363636363636364,0.625,1.0,1.0
669,71733,Qwanzi Samuels,IU Indy,0.8571428571428571,0.4883720930232558,0.21428571428571427,1.0
670,71734,Jalen Harper,Auburn,0.0,0.0,0.0,0.0
671,71735,Brycen Goodine,Fairfield,1.0,0.4722222222222222,0.16666666666666666,0.8082191780821918
672,71736,Quincy Guerrier,Illinois,0.7352941176470589,0.5675675675675675,0.2,0.8604651162790697
673,71737,Joseph Girard III,Clemson,0.0,0.375,0.3939393939393939,0.6666666666666666
674,71739,Maks Klanjscek,Oklahoma,0.0,0.5,0.0,1.0
675,71741,Chase Adams,Jackson St.,0.0,0.25,0.1276595744680851,0.5833333333333334
676,71748,Jesse Edwards,West Virginia,0.86,0.6610169491525424,0.5333333333333333,0.0
677,71751,Max Abmas,Texas,0.0,0.44,0.3076923076923077,0.7391304347826086
678,71756,Sean Houpt,William & Mary,0.0,0.5333333333333333,0.0,0.7631578947368421
679,71761,DJ Brewton,Cal St. Fullerton,0.5,0.12048192771084337,0.0875,0.5483870967741935
680,71766,Michael Shanks,Tennessee St.,0.6666666666666666,0.5,0.3333333333333333,0.9375
681,71767,Sam Hofman,Temple,0.0,0.5,1.0,1.0
682,71769,DeAntoni Gordon,Little Rock,0.6842105263157895,0.6595744680851063,0.6607142857142857,1.0
683,71771,Darin Green Jr.,Florida St.,0.3333333333333333,0.23529411764705882,0.14285714285714285,0.8717948717948718
684,71777,T.J. Bickerstaff,James Madison,0.7777777777777778,0.6369426751592356,0.5416666666666666,0.0
685,71778,Mate Okros,Drexel,0.0,0.42857142857142855,0.0,1.0
686,71782,Hunter McIntosh,Nevada,0.0,0.3333333333333333,0.3333333333333333,0.95
687,71786,Patrick McCaffery,Iowa,0.6666666666666666,0.5652173913043478,0.20833333333333334,0.9166666666666666
688,71787,Owen McGlashan,Sam Houston St.,0.0,0.42857142857142855,0.0,1.0
689,71789,Bryant Greene,Appalachian St.,0.0,0.0,0.0,0.0
690,71790,Essam Mostafa,TCU,0.0,0.48,0.3333333333333333,0.0
691,71791,Hosana Kitenge,Louisiana,1.0,0.2868217054263566,0.11764705882352941,1.0
692,71793,Jordan Turner,Louisiana Tech,0.0,1.0,0.0,0.0
693,71798,Jalen Hawkins,Alcorn St.,0.0,0.2903225806451613,0.07692307692307693,0.84
694,71803,Cam Spencer,Connecticut,0.0,0.4594594594594595,0.23333333333333334,0.8282828282828283
695,71806,Brendan Wenzel,Wyoming,0.3333333333333333,0.34375,0.16666666666666666,0.95
696,71808,Branden Carlson,Utah,0.803921568627451,0.6203703703703703,0.6166666666666667,0.984375
697,71809,Perry Cowan,Manhattan,0.5,0.6666666666666666,0.3333333333333333,0.9767441860465116
698,71814,Eric Coleman,Alabama St.,0.0,0.0,0.5,1.0
699,71816,Alonzo Gaffney,Arizona St.,0.8461538461538461,0.6666666666666666,0.5,0.9117647058823529
700,71817,Eric Dixon,Villanova,0.6,0.45918367346938777,0.3,0.9454545454545454
701,71820,Enrique Freeman,Akron,0.8409090909090909,0.591715976331361,0.23529411764705882,0.8421052631578947
702,71821,Khristion Courseault,UMKC,1.0,0.12121212121212122,0.0,0.35294117647058826
703,71823,Ta'Lon Cooper,South Carolina,1.0,0.391304347826087,0.18181818181818182,0.8596491228070176
704,71827,Denijay Harris,Arkansas,0.0,0.0,0.0,0.0
705,71830,Tyzhaun Claude,Georgia Tech,0.875,0.6086956521739131,0.0,1.0
706,71833,Kwane Marble II,Niagara,1.0,0.3050847457627119,0.0,0.8461538461538461
707,71837,Jesse Zarzuela,Oregon,0.0,0.0,0.0,0.4
708,71838,Alec Woodard,Southeastern Louisiana,0.0,0.5384615384615384,0.25,0.926829268292683
709,71843,Olivier Nkamhoua,Michigan,0.631578947368421,0.5483870967741935,0.26153846153846155,0.7777777777777778
710,71852,Allan Jeanne-Rose,Central Connecticut,1.0,0.45794392523364486,0.5714285714285714,0.9473684210526315
711,71855,George Tinsley,Mount St. Mary's,0.0,0.75,0.42857142857142855,1.0
712,71856,Jordan Hairston,Howard,0.0,0.3684210526315789,0.3333333333333333,0.8
713,71859,Joel Brown,Iona,0.0,0.3055555555555556,0.15384615384615385,0.8461538461538461
714,71863,Kenan Blackshear,Nevada,0.25,0.18055555555555555,0.10101010101010101,1.0
715,71865,Ticket Gaines,Providence,0.7142857142857143,0.5,0.375,0.9821428571428571
716,71869,Jeffery Armstrong,Southern Miss,0.0,1.0,0.0,1.0
717,71870,Hunter Dean,LSU,0.85,0.7441860465116279,0.3333333333333333,1.0
718,71878,Jaykwon Walton,Memphis,0.8571428571428571,0.6,0.14285714285714285,0.9473684210526315
719,71880,Rodney Howard,Western Kentucky,0.75,0.6105263157894737,0.5666666666666667,0.0
720,71882,Casey Morsell,N.C. State,0.6363636363636364,0.3561643835616438,0.22448979591836735,0.8108108108108109
721,71884,Ebby Asamoah,East Tennessee St.,0.875,0.5185185185185185,0.08888888888888889,0.8367346938775511
722,71885,Harlond Beverly,Wichita St.,0.7692307692307693,0.25688073394495414,0.2631578947368421,1.0
723,71886,Tyler Robertson,Portland,0.0,0.30864197530864196,0.15555555555555556,0.9206349206349206
724,71887,Kevin Easley,Coastal Carolina,0.3333333333333333,0.2833333333333333,0.36,1.0
725,71891,Sammy Hunter,Akron,0.5714285714285714,0.52,0.3333333333333333,0.9636363636363636
726,71904,Will Baker,LSU,0.8666666666666667,0.3875,0.32142857142857145,0.96
727,71912,Shereef Mitchell,Ohio,0.0,0.24,0.08695652173913043,0.8823529411764706
728,71916,Eddie Turner III,Montana St.,0.0,0.0967741935483871,0.04878048780487805,0.9285714285714286
729,71918,Joel Soriano,St. John's,0.8181818181818182,0.6422018348623854,0.5384615384615384,1.0
730,71919,DJ Horne,N.C. State,0.0,0.37254901960784315,0.2976190476190476,0.7142857142857143
731,71923,Tristan Enaruna,Cleveland St.,0.75,0.43703703703703706,0.13095238095238096,0.7142857142857143
732,71926,Dae Dae Grant,Duquesne,0.0,0.23809523809523808,0.26229508196721313,0.7654320987654321
733,71927,Michael Jankovich,Kansas,0.0,1.0,0.0,0.8
734,71928,PJ Henry,Texas Southern,0.0,0.15151515151515152,0.2,0.7076923076923077
735,71933,Joe Toussaint,Texas Tech,0.0,0.13725490196078433,0.047619047619047616,0.5882352941176471
736,71937,Collin Cooper,Eastern Kentucky,0.0,0.3333333333333333,0.0,0.9767441860465116
737,71939,Derrick Carter-Hollinger Jr.,Bethune Cookman,0.875,0.6052631578947368,0.6428571428571429,0.8888888888888888
738,71940,Tariq Ingraham,Rider,0.5,0.46835443037974683,0.6206896551724138,0.0
739,71941,Dischon Thomas,Montana,0.75,0.42857142857142855,0.28,0.9821428571428571
740,71943,DQ Nicholas,Gardner Webb,0.0,0.29411764705882354,0.13333333333333333,0.8421052631578947
741,71952,Steve Settle III,Temple,0.7142857142857143,0.425531914893617,0.16666666666666666,0.7352941176470589
742,71954,Wayne Bristol Jr.,Georgetown,1.0,0.5,0.7142857142857143,1.0
743,71963,Jahmir Young,Maryland,0.0,0.13414634146341464,0.13114754098360656,0.5714285714285714
744,71964,Caleb Stone-Carrawell,Utah Valley,1.0,0.5142857142857142,0.2545454545454545,1.0
745,71967,Isiah Kirby,Portland St.,0.0,0.1111111111111111,0.08695652173913043,0.7777777777777778
746,71968,Ahmard Harvey,UNC Wilmington,0.0,0.7272727272727273,0.0,0.0
747,71973,Jalen Benjamin,Santa Clara,0.0,0.2222222222222222,0.1111111111111111,0.5714285714285714
748,71974,Max Brackmann,Southeastern Louisiana,0.0,0.0,1.0,0.0
749,71975,Tyler Harris,Richmond,1.0,0.631578947368421,0.0,1.0
750,71978,Ahmir Langlais,USC Upstate,0.8571428571428571,0.6081081081081081,0.25,0.0
751,71979,Greg Dolan,Loyola Chicago,0.0,0.4117647058823529,0.2857142857142857,0.9444444444444444
752,71982,Marcus Tsohonis,Long Beach St.,0.0,0.4878048780487805,0.25742574257425743,0.6578947368421053
753,71987,Pierre Crockrell II,UC Irvine,0.0,0.28205128205128205,0.16091954022988506,1.0
754,71988,Cameron Tucker,Alabama A&M,0.0,0.07692307692307693,0.22857142857142856,1.0
755,71989,Kamdyn Curfman,Marshall,0.0,0.11764705882352941,0.20588235294117646,0.735632183908046
756,71990,Jalen Johnson,Grambling St.,1.0,0.34615384615384615,0.26666666666666666,1.0
757,71995,Tory San Antonio,Cal St. Fullerton,0.0,0.07142857142857142,0.0,0.75
758,71996,Baylor Scheierman,Creighton,0.75,0.3880597014925373,0.19047619047619047,0.8272727272727273
759,71997,RayJ Dennis,Baylor,0.0,0.07692307692307693,0.0,0.8461538461538461
760,71998,Noah Freidel,James Madison,1.0,0.5263157894736842,0.3333333333333333,0.9090909090909091
761,71999,Josiah-Jordan James,Tennessee,0.6666666666666666,0.4166666666666667,0.3333333333333333,1.0
762,72001,Drew Pember,UNC Asheville,0.7894736842105263,0.41025641025641024,0.1282051282051282,0.828125
763,72004,Chris Maidoh,Stony Brook,0.3448275862068966,0.2894736842105263,0.35714285714285715,0.0
764,72006,Airion Simmons,Abilene Christian,0.0,0.2988505747126437,0.2857142857142857,0.6666666666666666
765,72008,Nathan Johnson,Samford,0.0,0.5714285714285714,0.0,1.0
766,72009,Ben Krikke,Iowa,1.0,0.6699029126213593,0.7532467532467533,1.0
767,72018,Jared Barnett,Cal St. Northridge,0.0,0.2222222222222222,0.0,1.0
768,72021,Tanner Holden,Wright St.,0.7333333333333333,0.4423076923076923,0.3492063492063492,0.9285714285714286
769,72026,Bryson Langdon,Youngstown St.,0.0,0.09090909090909091,0.11627906976744186,0.72
770,72035,Sam Griffin,Wyoming,0.0,0.08928571428571429,0.023255813953488372,0.5671641791044776
771,72041,Kenny Foster,Wyoming,0.0,0.5,0.0,0.0
772,72043,Carlos Paez,Southeastern Louisiana,0.0,1.0,0.0,1.0
773,72045,Sean Bairstow,VCU,1.0,0.425531914893617,0.12903225806451613,0.8
774,72047,John Olmsted,Montana St.,0.9473684210526315,0.8620689655172413,0.0,1.0
775,72049,Antavion Collum,McNeese St.,1.0,0.6,0.5,0.9411764705882353
776,72052,Mason Gillis,Purdue,0.0,0.42857142857142855,0.8571428571428571,1.0
777,72062,Malik Battle,Coppin St.,0.0,0.25,0.2,0.8076923076923077
778,72070,Charlie Easley,South Dakota St.,0.0,0.10344827586206896,0.04878048780487805,0.8225806451612904
779,72075,Carlos Marshall Jr.,Santa Clara,1.0,0.4878048780487805,0.16666666666666666,0.7758620689655172
780,72080,Issac McBride,Oral Roberts,1.0,0.12962962962962962,0.0379746835443038,0.4098360655737705
781,72083,KJ Johnson,North Alabama,1.0,0.0967741935483871,0.0,0.6666666666666666
782,72085,Xavier Johnson,Southern Illinois,0.0,0.2222222222222222,0.10714285714285714,0.3787878787878788
783,72108,Tre Breland,Central Connecticut,0.3333333333333333,0.29411764705882354,0.5,1.0
784,72111,Qudus Wahab,Penn St.,0.7894736842105263,0.6493506493506493,0.6086956521739131,0.0
785,72115,Malcolm Wilson,Queens,0.8,0.75,0.0,0.0
786,72132,Chandler Leopard,Samford,0.0,1.0,0.0,0.9444444444444444
787,72134,Jordan Johnson,New Orleans,0.0,0.0967741935483871,0.14545454545454545,0.44776119402985076
788,72148,Omari Peek,Alabama A&M,0.0,0.4375,0.25806451612903225,0.8095238095238095
789,72203,Mikal Dawson,Akron,0.0,0.38461538461538464,0.0,0.7619047619047619
790,72205,Santiago Vescovi,Tennessee,0.0,0.3181818181818182,0.3333333333333333,0.9534883720930233
791,72228,Chris Moore,Auburn,1.0,0.5909090909090909,0.6666666666666666,1.0
792,72231,Marcus Dockery,Howard,0.0,0.36363636363636365,0.2631578947368421,0.8369565217391305
793,72232,Nico Galette,Sacred Heart,0.5,0.3698630136986301,0.19230769230769232,0.9130434782608695
794,72234,Fidelis Okereke,Cal St. Bakersfield,0.75,0.5111111111111111,0.5,0.0
795,72235,Mwani Wilkinson,LSU,0.0,0.3333333333333333,0.0,0.875
796,72240,DJ Davis,Butler,0.0,0.2826086956521739,0.1724137931034483,0.9047619047619048
797,72241,Josh Ogundele,Middle Tennessee,0.0,0.2222222222222222,0.0,0.0
798,72244,Laurynas Vaistaras,Campbell,1.0,0.6944444444444444,0.30434782608695654,0.9629629629629629
799,72245,Jalen Brown,Pacific,0.0,0.5,1.0,1.0
800,72250,Matthew Levis,Seattle,0.0,0.0,0.0,1.0
801,72251,Jesper Granlund,Longwood,0.0,0.42857142857142855,0.2222222222222222,1.0
802,72254,Jahari Long,Maryland,0.0,0.15,0.0,0.9090909090909091
803,72258,Dylan Addae-Wusu,Seton Hall,0.3333333333333333,0.4603174603174603,0.0,0.8571428571428571
804,72259,Jordan Wood,Tulane,0.0,1.0,1.0,1.0
805,72260,Martaz Robinson,Delaware St.,0.0,0.27450980392156865,0.25842696629213485,0.9230769230769231
806,72264,Thomas Weaver,Howard,0.0,0.0,0.0,1.0
807,72268,Noel Brown,St. Bonaventure,0.75,0.532258064516129,0.5,0.0
808,72269,Dillon Jones,Weber St.,0.2,0.06611570247933884,0.05660377358490566,0.78125
809,72271,Ishmael Leggett,Pittsburgh,0.5,0.18666666666666668,0.13333333333333333,0.8857142857142857
810,72274,Frank Anselem-Ibe,Georgia,0.5714285714285714,0.6,0.6666666666666666,0.0
811,72278,Carlos Rosario,Drake,0.0,0.38461538461538464,0.5,1.0
812,72283,Quinlan Bennett,Western Illinois,1.0,0.6458333333333334,0.42105263157894735,0.0
813,72284,Jack Brown,Fairfield,0.0,0.6666666666666666,0.0,1.0
814,72285,Matthew Nicholson,Northwestern,0.9545454545454546,0.84375,0.6666666666666666,0.0
815,72287,Ricardo Wright,SMU,1.0,0.21428571428571427,0.5,0.851063829787234
816,72291,Javon Cooley,Marist,0.6,0.5588235294117647,0.5,1.0
817,72292,Viktor Lakhin,Cincinnati,0.75,0.631578947368421,0.6153846153846154,1.0
818,72294,Toneari Lane,Georgia St.,0.0,0.35,0.2903225806451613,0.8875
819,72296,Kelton Talford,Winthrop,0.8,0.42857142857142855,0.2857142857142857,1.0
820,72297,Ray Harrison,Grand Canyon,0.6666666666666666,0.19642857142857142,0.08928571428571429,0.5757575757575758
821,72299,Trae Broadnax,USC Upstate,1.0,0.18,0.07575757575757576,0.8928571428571429
822,72301,Jeremiah Williams,Rutgers,0.6666666666666666,0.25,0.043478260869565216,0.4
823,72303,Austin Inge,Navy,0.0,0.25,0.14285714285714285,0.8421052631578947
824,72304,Kobe Clark,Southeast Missouri St.,0.0,0.5,1.0,1.0
825,72305,Quincy Ademokoya,Kennesaw St.,0.7,0.45454545454545453,0.8,1.0
826,72306,Jordan Davis,Illinois St.,1.0,0.8571428571428571,0.8,1.0
827,72309,Nick McMullen,UNC Asheville,0.8888888888888888,0.6195652173913043,0.37142857142857144,0.5
828,72316,Connor Kochera,Davidson,0.0,0.5280898876404494,0.2,0.9782608695652174
829,72317,Yuri Covington,UMass Lowell,0.0,0.2391304347826087,0.0,0.8
830,72318,Andre Mulibea,Eastern Washington,0.0,0.0,1.0,1.0
831,72319,Frank Staine,Stephen F. Austin,0.0,0.25,0.3333333333333333,0.8787878787878788
832,72323,Keishon Porter,North Carolina Central,0.7692307692307693,0.41818181818181815,0.35714285714285715,1.0
833,72330,Joe Anderson,Lipscomb,0.0,0.11904761904761904,0.13793103448275862,0.75
834,72331,Alexander Nwagha,Northeastern,0.6923076923076923,0.6538461538461539,0.7,0.0
835,72333,Tristan da Silva,Colorado,0.6875,0.5641025641025641,0.4727272727272727,0.9375
836,72334,Nique Clifford,Colorado St.,0.75,0.5581395348837209,0.34375,0.7948717948717948
837,72337,Connor Odom,VCU,0.0,0.0,0.0,0.0
838,72339,Aidan McCool,Louisville,0.0,0.0,0.0,0.0
839,72343,Alec Oglesby,Stetson,0.6666666666666666,0.3888888888888889,0.17391304347826086,0.9571428571428572
840,72345,Mason Madsen,Boston College,0.0,0.48148148148148145,0.42857142857142855,0.8666666666666667
841,72346,Gabe Madsen,Utah,0.3333333333333333,0.4444444444444444,0.2777777777777778,0.8666666666666667
842,72348,Jahmyl Telfort,Butler,0.3333333333333333,0.23529411764705882,0.25,0.9393939393939394
843,72350,Mike Saunders Jr.,McNeese St.,0.0,0.4,0.0,0.875
844,72351,Aundre Polk,Oakland,1.0,1.0,1.0,0.0
845,72355,Drake Dobbs,St. Thomas,0.0,0.24528301886792453,0.0,0.7222222222222222
846,72356,Isaiah Johnson,Portland St.,0.625,0.34782608695652173,0.25,1.0
847,72357,Tegra Izay,Southern Miss,1.0,0.6341463414634146,0.75,0.0
848,72358,Latrell Wrightsell Jr.,Alabama,0.0,0.125,0.2857142857142857,0.8823529411764706
849,72361,Donovan Newby,UNC Wilmington,0.0,0.0,0.0,0.6388888888888888
850,72364,Cameron Steele,Abilene Christian,0.0,0.3076923076923077,0.5555555555555556,0.9655172413793104
851,72369,Keon Ambrose-Hylton,SMU,0.9629629629629629,0.7195121951219512,0.7,1.0
852,72370,Vasja Pandza,Seattle,0.0,0.5555555555555556,0.5,1.0
853,72373,DeMarr Langford Jr.,UCF,0.0,0.42857142857142855,0.14285714285714285,0.0
854,72391,Johnathan DeJurnett,Purdue Fort Wayne,1.0,0.6956521739130435,0.0,0.0
855,72397,Kasen Harrison,Winthrop,1.0,0.08620689655172414,0.05,0.44
856,72399,Isaiah Cottrell,UNLV,0.6666666666666666,0.7,1.0,1.0
857,72409,Jamari Sibley,Southern Utah,0.8333333333333334,0.5757575757575758,0.3225806451612903,0.9285714285714286
858,72412,Jahlil White,Temple,0.9,0.3466666666666667,0.4166666666666667,1.0
859,72413,Caleb Love,Arizona,0.6666666666666666,0.3170731707317073,0.2727272727272727,0.8369565217391305
860,72416,Hayden Curtiss,Portland St.,0.6666666666666666,0.5333333333333333,0.875,0.0
861,72417,Collin Holloway,Tulane,0.5,0.5483870967741935,0.6923076923076923,0.8421052631578947
862,72419,Coleman Hawkins,Illinois,0.6153846153846154,0.29850746268656714,0.05555555555555555,0.864406779661017
863,72420,Jackson Sivills,Wofford,0.0,0.4074074074074074,0.2,0.9803921568627451
864,72421,Nijel Pack,Miami FL,1.0,0.21875,0.15,0.42
865,72423,Andre Henry,UC Irvine,0.5,0.4358974358974359,0.25925925925925924,0.9777777777777777
866,72424,Justice Hill,Loyola Marymount,0.0,0.07692307692307693,0.06896551724137931,0.8333333333333334
867,72425,Caleb Murphy,DePaul,0.5,0.3333333333333333,0.0,0.0
868,72427,Ze'Rik Onyema,Texas,0.9,0.75,0.4,0.0
869,72434,Klemen Vuga,Monmouth,0.0,0.6956521739130435,0.75,0.0
870,72438,Giancarlo Rosado,Florida Atlantic,0.0,0.4,0.5,1.0
871,72440,Winston Hill,The Citadel,1.0,0.37037037037037035,0.15384615384615385,1.0
872,72441,Jeremy Robinson,North Carolina A&T,1.0,0.5681818181818182,0.375,1.0
873,72444,Detalian Brown,North Alabama,0.0,0.5714285714285714,0.5,1.0
874,72445,Will Soucie,North Alabama,0.0,0.06060606060606061,0.17647058823529413,0.9565217391304348
875,72446,Tahlik Chavez,Louisiana Tech,1.0,0.32,0.2608695652173913,0.8493150684931506
876,72447,Jamel Melvin,Le Moyne,0.0,1.0,0.0,0.0
877,72450,Chad Baker-Mazara,Auburn,0.75,0.46875,0.36363636363636365,0.8157894736842105
878,72451,Deivon Smith,Utah,0.4166666666666667,0.1625,0.03225806451612903,0.7241379310344828
879,72452,Arnaud Revaz,Weber St.,0.0,0.8,1.0,0.0
880,72453,Mounir Hima,Syracuse,0.0,0.5,0.0,0.0
881,72454,Andersson Garcia,Texas A&M,0.6,0.509090909090909,0.0,0.8888888888888888
882,72455,Luis Kortright,Rhode Island,0.0,0.15,0.05,0.5925925925925926
883,72459,Tymu Chenery,Binghamton,0.875,0.5054945054945055,0.0,0.8709677419354839
884,72460,Jayson Woodrich,Cleveland St.,1.0,0.5,0.6153846153846154,0.9508196721311475
885,72462,Mabor Majak,Missouri,0.0,0.25,0.0,0.0
886,72466,Deven Dahlke,San Diego,0.0,0.7,1.0,1.0
887,72469,Noah Farrakhan,West Virginia,0.0,0.05263157894736842,0.14285714285714285,0.6923076923076923
888,72470,Anwar Gill,La Salle,0.5,0.3488372093023256,0.15217391304347827,1.0
889,72471,Robby Beasley,San Francisco,0.0,0.5,0.25,1.0
890,72473,Dean Reiber,Charlotte,1.0,0.65,1.0,1.0
891,72475,Jhamir Brickus,La Salle,0.0,0.16666666666666666,0.13559322033898305,0.5344827586206896
892,72478,Dante Harris,Virginia,0.0,0.3076923076923077,0.3,1.0
893,72484,Terell Strickland,LIU,0.0,0.2,0.2,0.46153846153846156
894,72485,Terrence Edwards Jr.,James Madison,1.0,0.22105263157894736,0.07017543859649122,0.4
895,72486,Rondel Walker,North Texas,0.0,0.5,0.3333333333333333,1.0
896,72488,Michael Thomas,Louisiana,0.0,0.16666666666666666,0.0,0.8260869565217391
897,72489,Matthew-Alexander Moncrieffe,Georgia,1.0,0.8,0.0,0.0
898,72491,Luke O'Brien,Colorado,0.7142857142857143,0.6153846153846154,0.5,1.0
899,72493,Tyree Ihenacho,North Dakota,0.0,0.125,0.0,0.36666666666666664
900,72494,Mike Bekelja,Kent St.,0.0,0.3333333333333333,0.0,1.0
901,72496,Terrance Thompson,SIU Edwardsville,0.6,0.48936170212765956,0.2222222222222222,0.0
902,72500,D'Ante Bell,New Orleans,1.0,0.5833333333333334,0.7142857142857143,0.0
903,72501,Jay Rodgers,Central Connecticut,0.0,0.25,0.25,1.0
904,72504,Jalen Speer,Florida A&M,0.0,0.2,0.3620689655172414,0.59375
905,72505,Robert Jeter,Southern Utah,0.0,0.6666666666666666,0.0,1.0
906,72508,Nate Martin,Marshall,0.6923076923076923,0.5321100917431193,0.34782608695652173,0.0
907,72509,Dylan Dawson,Texas St.,0.0,0.23076923076923078,0.1875,0.9166666666666666
908,72515,Javonte Brown,Western Michigan,0.8888888888888888,0.47368421052631576,0.35714285714285715,0.0
909,72518,Tristen Maxwell,Hampton,0.0,0.13636363636363635,0.09090909090909091,0.7096774193548387
910,72521,DA Houston,Longwood,0.0,0.09090909090909091,0.13636363636363635,1.0
911,72522,Shannon Grant,Florida A&M,1.0,0.7528089887640449,0.5862068965517241,0.0
912,72524,Jalen White,Nicholls St.,0.0,0.5,0.3333333333333333,0.9183673469387755
913,72526,Terren Frank,Idaho,0.0,0.1875,0.045454545454545456,0.9411764705882353
914,72529,Malachi Poindexter,Illinois St.,1.0,0.45454545454545453,0.2413793103448276,0.8636363636363636
915,72536,Bryce Thompson,Oklahoma St.,0.6666666666666666,0.36,0.13333333333333333,0.7741935483870968
916,72538,Austin Sacks,Baylor,0.0,0.0,0.0,0.75
917,72539,Tyon Grant-Foster,Grand Canyon,0.5862068965517241,0.26495726495726496,0.15555555555555556,0.64
918,72541,Latrell Jossell,Stephen F. Austin,0.0,0.15789473684210525,0.06976744186046512,0.76
919,72542,Andrew Carr,Wake Forest,0.8387096774193549,0.6,0.39473684210526316,0.9444444444444444
920,72546,Ebenezer Dowuona,Georgia Tech,0.5,0.5,1.0,0.0
921,72549,Nik Stadelman,Illinois St.,0.0,0.0,0.0,1.0
922,72552,Trey Galloway,Indiana,0.2857142857142857,0.4647887323943662,0.2647058823529412,0.8461538461538461
923,72554,Aziz Bandaogo,Cincinnati,0.8867924528301887,0.828125,0.3333333333333333,0.0
924,72561,Jade Tse,Holy Cross,0.0,0.0,0.0,0.0
925,72563,Bowen Born,Northern Iowa,0.0,0.08333333333333333,0.09090909090909091,0.5
926,72568,Kian Scroggins,Sam Houston St.,0.8888888888888888,0.7288135593220338,0.7777777777777778,1.0
927,72570,Kobe Stewart,Presbyterian,0.875,0.6078431372549019,0.16666666666666666,0.9655172413793104
928,72571,Nendah Tarke,Towson,0.0,0.15151515151515152,0.07692307692307693,0.8518518518518519
929,72575,Ahmad Hamilton,North Carolina A&T,0.0,0.4,0.0,0.0
930,72577,Kendall Munson,Portland St.,0.7777777777777778,0.5,0.23076923076923078,0.0
931,72582,Dailin Smith,Alabama A&M,0.0,0.5555555555555556,0.21428571428571427,0.7058823529411765
932,72583,London Riley,Alabama A&M,0.0,0.3333333333333333,0.0,0.9411764705882353
933,72586,JoVon McClanahan,Hawaii,0.0,0.14285714285714285,0.10256410256410256,0.5625
934,72588,Andrew Welage,Wright St.,0.0,0.6666666666666666,0.25,0.9565217391304348
935,72589,Jalen Leach,Fairfield,0.3333333333333333,0.323943661971831,0.14516129032258066,0.717391304347826
936,72591,Andrew Hurley,Connecticut,0.0,0.0,0.0,1.0
937,72592,Jordan O'Neal,Jackson St.,0.9,0.56,0.4222222222222222,1.0
938,72595,Brendan Simmons,Central Arkansas,0.0,1.0,1.0,0.5
939,72601,Ra'Heim Moss,Toledo,0.6,0.29508196721311475,0.15,0.7857142857142857
940,72602,Xavier Foster,SMU,0.0,0.0,0.0,0.0
941,72604,Jonathan Aybar,FIU,0.8571428571428571,0.6521739130434783,0.42857142857142855,0.8333333333333334
942,72605,Lynn Kidd,Virginia Tech,0.86,0.704,0.4230769230769231,0.0
943,72606,Dawson Garcia,Minnesota,0.75,0.5576923076923077,0.5094339622641509,0.8275862068965517
944,72608,Jadyn Parker,East Tennessee St.,0.7647058823529411,0.43037974683544306,0.5,1.0
945,72609,PJ Hall,Clemson,0.7142857142857143,0.5511811023622047,0.4262295081967213,0.9807692307692307
946,72610,Terrell Ard Jr.,Mount St. Mary's,1.0,0.5,0.1111111111111111,0.0
947,72612,Abe Atiyeh,Boston College,0.0,0.0,0.0,1.0
948,72614,Monty Bowser,California,0.0,0.0,0.0,1.0
949,72616,Grant Huffman,Davidson,0.2,0.17204301075268819,0.07317073170731707,0.4375
950,72617,Abou Ousmane,Xavier,0.9166666666666666,0.6338028169014085,0.8214285714285714,1.0
951,72619,Michael Jones,Stanford,0.6666666666666666,0.5192307692307693,0.1111111111111111,0.9642857142857143
952,72620,Dayvion McKnight,Xavier,0.0,0.4411764705882353,0.5357142857142857,0.78125
953,72621,Vukasin Masic,Portland,0.0,0.1724137931034483,0.06896551724137931,0.7346938775510204
954,72625,Brent Davis,Chicago St.,0.25,0.5238095238095238,0.0,0.9375
955,72634,Noah Stansbury,Memphis,0.0,0.0,0.0,0.0
956,72635,Yame Butler,Drexel,0.0,0.2,0.25,0.8666666666666667
957,72639,Graham Ike,Gonzaga,0.8260869565217391,0.6693548387096774,0.3804347826086957,1.0
958,72644,Liam Lloyd,Northern Arizona,0.0,0.37037037037037035,0.2727272727272727,0.9354838709677419
959,72645,Chance McMillian,Texas Tech,1.0,0.6829268292682927,0.25,0.9384615384615385
960,72646,Reginald Duhart Jr.,Charleston Southern,0.8571428571428571,0.48,0.25,1.0
961,72647,Xavion Brown,Appalachian St.,0.5384615384615384,0.21052631578947367,0.5,0.0
962,72650,Jaxson Robinson,BYU,0.5,0.44680851063829785,0.19444444444444445,0.9012345679012346
963,72651,Hayden Hefner,Texas A&M,1.0,0.21428571428571427,0.42857142857142855,0.9375
964,72653,Isaac Spainhour,Florida St.,0.0,0.0,0.0,0.0
965,72656,Quincy Ballard,Wichita St.,0.8620689655172413,0.7472527472527473,0.6875,0.0
966,72660,Nick Blake,Pacific,0.0,0.1111111111111111,0.3333333333333333,0.8666666666666667
967,72665,Patrick Suemnick,West Virginia,0.375,0.4864864864864865,0.4444444444444444,1.0
968,72666,Kam Farris,Marist,0.5,0.375,0.09090909090909091,0.5909090909090909
969,72673,Enoch Cheeks,Dayton,0.6666666666666666,0.44642857142857145,0.1875,0.7916666666666666
970,72675,Freddy Hicks,Arkansas St.,0.8333333333333334,0.4,0.09090909090909091,0.8823529411764706
971,72676,Briggs McClain,Manhattan,0.0,0.6666666666666666,0.4444444444444444,0.9047619047619048
972,72678,Devin Askew,California,0.0,0.0,0.0,1.0
973,72679,Brycen Long,Arizona St.,0.0,0.0,0.0,1.0
974,72680,Xavier DuSell,Fresno St.,1.0,0.75,0.25,0.9047619047619048
975,72681,Trey Phipps,Oral Roberts,0.0,0.14285714285714285,0.0,1.0
976,72682,Moussa Cisse,Mississippi,0.9166666666666666,0.7843137254901961,1.0,0.0
977,72685,Tytan Anderson,Northern Iowa,0.7777777777777778,0.3783783783783784,0.16666666666666666,1.0
978,72686,Kalen Williams,East Texas A&M,0.25,0.09523809523809523,0.03773584905660377,0.7804878048780488
979,72689,Le'Tre Darthard,Oklahoma,0.0,0.16666666666666666,0.25,0.9591836734693877
980,72692,Markhi Strickland,Western Michigan,0.0,0.6666666666666666,0.0,0.0
981,72697,Modestas Kancleris,Cal St. Bakersfield,0.5,0.325,0.5,1.0
982,72700,Beon Riley,Utah Tech,0.0,0.5111111111111111,0.37037037037037035,1.0
983,72701,Ryan Kalkbrenner,Creighton,0.9176470588235294,0.7569060773480663,0.6363636363636364,0.6875
984,72704,Rollie Worster,Utah,0.0,0.15789473684210525,0.25,0.75
985,72705,Darlinstone Dubar,Hofstra,0.8666666666666667,0.7169811320754716,0.24324324324324326,0.9166666666666666
986,72706,Julian Larry,Indiana St.,0.16666666666666666,0.20430107526881722,0.1111111111111111,0.8780487804878049
987,72709,Morrell Schramm,Florida A&M,1.0,0.3333333333333333,0.14285714285714285,0.8888888888888888
988,72710,Yacine Toumi,Evansville,0.6153846153846154,0.4166666666666667,0.2777777777777778,0.8
989,72713,Jaden Walker,East Carolina,0.3333333333333333,0.3076923076923077,0.0,0.9090909090909091
990,72714,Collin Moore,Grand Canyon,0.3888888888888889,0.21153846153846154,0.5,0.8571428571428571
991,72718,Cam Bryant,Georgia Southern,0.6363636363636364,0.42857142857142855,0.4,0.88
992,72725,Eugene Brown III,Georgia Southern,0.3333333333333333,0.30303030303030304,0.36363636363636365,0.9615384615384616
993,72726,Melvyn Ebonkoli,UMKC,1.0,0.47058823529411764,0.42857142857142855,0.0
994,72727,Sky Wicks,Incarnate Word,0.5833333333333334,0.2631578947368421,0.05555555555555555,0.7631578947368421
995,72728,Kenny Hunter,Texas Southern,0.6923076923076923,0.6739130434782609,0.7352941176470589,1.0
996,72731,Toby Okani,Illinois Chicago,0.9444444444444444,0.4444444444444444,0.12903225806451613,0.875
997,72732,Tyson Acuff,Eastern Michigan,0.0,0.13924050632911392,0.08433734939759036,0.5106382978723404
998,72733,Dezmond McKinney,Bellarmine,0.0,0.3333333333333333,0.21428571428571427,0.0
999,72734,Kaden Metheny,Liberty,0.0,0.09259259259259259,0.25,0.7901234567901234
1000,72736,Quentin Southall,Richmond,0.0,0.0,0.0,0.0
1001,72737,Zion Bethea,Delaware,0.0,0.0,0.0,0.5
1002,72740,David Green,Rhode Island,1.0,0.5319148936170213,0.3333333333333333,0.9393939393939394
1003,72746,Brandyn Talbot,UT Arlington,0.0,0.5,0.25,0.975
1004,72747,Abdou Tsimbila,Fordham,0.6521739130434783,0.6666666666666666,0.5714285714285714,0.0
1005,72751,Leo Colimerio,Fresno St.,0.7142857142857143,0.660377358490566,0.3333333333333333,0.9
1006,72753,Destin Whitaker,Purdue Fort Wayne,0.0,0.0,0.0,1.0
1007,72754,Braxton Meah,Washington,0.9803921568627451,0.873015873015873,0.75,0.0
1008,72757,Jamal Shead,Houston,0.0,0.09523809523809523,0.07042253521126761,0.6046511627906976
1009,72759,CJ Huntley,Appalachian St.,0.8333333333333334,0.711864406779661,0.3333333333333333,0.9285714285714286
1010,72760,Tramon Mark,Arkansas,0.2857142857142857,0.21739130434782608,0.109375,0.5833333333333334
1011,72763,Max Murrell,Stanford,1.0,0.6,0.6666666666666666,1.0
1012,72765,Chase Courtney,Fresno St.,0.0,0.0,1.0,0.0
1013,72766,Michael O'Connell,N.C. State,0.0,0.4117647058823529,0.4,0.9333333333333333
1014,72767,Daniel Foster,Nevada,1.0,0.65625,0.0,0.9090909090909091
1015,72768,Ryan Elvin,Houston,0.0,0.0,0.0,0.6666666666666666
1016,72769,Eddie Lampkin Jr.,Colorado,0.8,0.5416666666666666,0.35714285714285715,0.0
1017,72771,Robert Ford III,Montana St.,0.0,0.1694915254237288,0.05405405405405406,0.5753424657534246
1018,72772,Jordan Ivy-Curry,UTSA,0.0,0.3125,0.15789473684210525,0.6521739130434783
1019,72774,Caleb Dorsey,William & Mary,0.0,0.4583333333333333,0.0,0.926829268292683
1020,72779,Jalen Terry,DePaul,0.0,0.0,0.11764705882352941,0.6190476190476191
1021,72781,Gabe Reichle,Oregon,0.0,0.0,0.0,0.0
1022,72785,Jadon Jones,Long Beach St.,0.6666666666666666,0.6071428571428571,0.7619047619047619,0.9726027397260274
1023,72786,Joshua O'Garro,Texas St.,0.5,0.40425531914893614,0.4,1.0
1024,72787,Jermaine Marshall,Samford,0.0,0.6521739130434783,0.16666666666666666,0.8
1025,72790,Myles Foster,Illinois St.,0.6666666666666666,0.4628099173553719,0.37037037037037035,1.0
1026,72791,DeAnthony Tipler Jr.,UT Rio Grande Valley,0.0,0.0,0.0,1.0
1027,72792,Jack Holmstrom,Monmouth,0.0,0.0,0.0,1.0
1028,72794,Lance Ware,Villanova,0.875,0.6923076923076923,0.0,0.0
1029,72795,Jakari Spence,Monmouth,0.0,0.3111111111111111,0.16666666666666666,0.9
1030,72796,Dom Martinelli,St. Thomas,0.0,0.3333333333333333,0.0,1.0
1031,72798,Ty Berry,Northwestern,0.6666666666666666,0.6363636363636364,0.5833333333333334,0.9454545454545454
1032,72799,Cam'Ron Fletcher,Florida St.,0.3333333333333333,0.5384615384615384,1.0,1.0
1033,72803,Kentrell Garnett,Louisiana,0.0,0.4166666666666667,0.0,0.9298245614035088
1034,72804,Judah Brown,South Alabama,0.0,0.07142857142857142,0.6666666666666666,0.8235294117647058
1035,72805,Nate Heise,Northern Iowa,0.782608695652174,0.5142857142857142,0.26666666666666666,0.8222222222222222
1036,72809,Justin Hill,Georgia,0.0,0.09302325581395349,0.08571428571428572,0.6666666666666666
1037,72810,Chaunce Jenkins,Old Dominion,0.7142857142857143,0.1694915254237288,0.09615384615384616,0.6739130434782609
1038,72814,Brandon Stroud,South Florida,0.6666666666666666,0.30434782608695654,0.0,1.0
1039,72815,Gage Gomez,UC Santa Barbara,0.0,0.0,0.0,1.0
1040,72819,Niko Rocak,UC Davis,0.8571428571428571,0.5892857142857143,0.5,1.0
1041,72821,John Hugley IV,Oklahoma,0.6666666666666666,0.6382978723404256,0.5555555555555556,0.9230769230769231
1042,72823,Noah Collier,William & Mary,0.0,0.23076923076923078,0.25,0.0
1043,72824,Femi Odukale,New Mexico St.,0.2857142857142857,0.125,0.11764705882352941,0.7692307692307693
1044,72826,JaDun Michael,Elon,1.0,1.0,0.0,0.0
1045,72827,Colin Granger,Western Carolina,1.0,0.7272727272727273,0.75,0.0
1046,72830,Jalin Anderson,Ball St.,0.0,0.1590909090909091,0.18181818181818182,0.5918367346938775
1047,72832,Christian Shumate,McNeese St.,0.6666666666666666,0.5161290322580645,0.6923076923076923,1.0
1048,72834,Ari Seals,Tulsa,0.0,0.0,0.0,0.0
1049,72836,Woody Newton,George Mason,0.5833333333333334,0.3793103448275862,0.3,0.875
1050,72838,Sam Mervis,Southern Indiana,0.0,0.0,0.0,0.0
1051,72842,Jace Howard,Michigan,0.0,1.0,0.5,1.0
1052,72843,Max Burchill,South Dakota,0.0,0.4,0.1111111111111111,0.9354838709677419
1053,72845,Taj Thweatt,Temple,0.0,0.5,0.0,0.0
1054,72847,Josiah Fulcher,North Alabama,1.0,0.4444444444444444,0.0,1.0
1055,72851,Max Williams,Illinois,0.0,0.0,0.0,0.0
1056,72859,William Jeffress,Pittsburgh,0.8,0.7272727272727273,0.6666666666666666,1.0
1057,72860,Mawot Mag,Rutgers,0.6666666666666666,0.64,0.19047619047619047,1.0
1058,72862,Kobe Elvis,Dayton,0.0,0.08571428571428572,0.16666666666666666,0.6382978723404256
1059,72867,Jason Spurgin,Bowling Green,0.7647058823529411,0.4358974358974359,0.18181818181818182,1.0
1060,72869,Chuck Harris,SMU,0.0,0.18181818181818182,0.13513513513513514,0.6818181818181818
1061,72873,Boubacar Coulibaly,Pepperdine,0.8571428571428571,0.6,0.36363636363636365,0.0
1062,72875,Kyndall Davis,Eastern Illinois,0.4666666666666667,0.4782608695652174,0.25925925925925924,0.8571428571428571
1063,72879,Creighton Lebo,North Carolina,0.0,0.0,0.0,0.0
1064,72885,Weston Church,Oklahoma St.,0.0,0.0,0.0,0.0
1065,72886,Carson Sager,Oklahoma St.,0.0,0.0,0.0,0.0
1066,72888,Bryce Pope,UC San Diego,1.0,0.21333333333333335,0.06779661016949153,0.8260869565217391
1067,72891,Brandon Noel,Wright St.,0.88,0.7232142857142857,0.4,0.967741935483871
1068,72892,Elijah Wood,Saint Peter's,0.0,0.2,0.0,1.0
1069,72893,Alex Huibregtse,Wright St.,0.0,0.5714285714285714,0.2037037037037037,0.9152542372881356
1070,72894,Eduardo Andre,Fresno St.,0.9230769230769231,0.5625,0.42857142857142855,0.0
1071,72895,Dain Dainja,Illinois,0.7368421052631579,0.5862068965517241,0.5714285714285714,0.0
1072,72896,Noble Crawford,Chicago St.,0.5555555555555556,0.4,0.625,0.8181818181818182
1073,72897,Lu'Cye Patterson,Charlotte,0.0,0.16,0.13559322033898305,0.825
1074,72898,Nelly Junior Joseph,New Mexico,0.8,0.6857142857142857,0.5882352941176471,0.0
1075,72899,L.J. Cryer,Houston,0.0,0.3125,0.3611111111111111,0.8035714285714286
1076,72906,Zach Loveday,Samford,1.0,0.7222222222222222,1.0,1.0
1077,72907,Xavier Lipscomb,Mount St. Mary's,0.0,0.0,0.5,1.0
1078,72909,Bobby Harvey,Portland St.,0.0,0.3333333333333333,0.4444444444444444,0.8714285714285714
1079,72910,Dawson Baker,BYU,0.0,0.6666666666666666,0.25,1.0
1080,72912,Sam Towns,Bowling Green,0.8,0.5,0.2222222222222222,1.0
1081,72913,DeMarcus Sharp,Austin Peay,0.0,0.1702127659574468,0.04316546762589928,0.0
1082,72916,Raphe Ayres,Missouri St.,0.0,1.0,0.0,1.0
1083,72919,Zed Key,Ohio St.,0.8214285714285714,0.7,0.42105263157894735,1.0
1084,72920,Jackson Young,SMU,0.0,0.0,0.0,1.0
1085,72921,Cameron Matthews,Mississippi St.,0.6818181818181818,0.4700854700854701,0.08333333333333333,1.0
1086,72924,Tony Toney,UAB,1.0,0.625,0.125,1.0
1087,72926,Oso Ighodaro,Marquette,0.8064516129032258,0.6637168141592921,0.5542168674698795,0.0
1088,72930,Chaz Lanier,North Florida,0.5833333333333334,0.2345679012345679,0.1,0.6666666666666666
1089,72931,Jacob Crews,Tennessee Martin,0.6923076923076923,0.3387096774193548,0.1951219512195122,0.8
1090,72933,Corey McKeithan,Rider,0.0,0.15789473684210525,0.21951219512195122,0.5625
1091,72936,Theo Hughes,Northern Colorado,0.0,0.8484848484848485,0.6666666666666666,0.0
1092,72937,Jalen Page,Northern Colorado,0.0,0.0,0.0,0.0
1093,72940,Wil Tattersall,UC Riverside,0.0,0.8571428571428571,0.2857142857142857,1.0
1094,72941,Desmond Polk,SIU Edwardsville,0.4444444444444444,0.5333333333333333,0.09090909090909091,0.9523809523809523
1095,72943,KK Robinson,Little Rock,0.0,0.2,0.2727272727272727,0.5476190476190477
1096,72945,Paris Dawson,Seattle,0.0,0.15384615384615385,0.47058823529411764,0.8695652173913043
1097,72946,Keith Lamar,Florida A&M,0.5,0.3888888888888889,0.3157894736842105,0.975
1098,72948,Giancarlo Valdez,Stetson,0.0,0.3333333333333333,0.0,0.75
1099,72955,Kyle LeGreair,Detroit Mercy,0.0,0.3333333333333333,0.16666666666666666,1.0
1100,72959,Te'Jon Sawyer,Montana,0.8571428571428571,0.6056338028169014,0.34375,1.0
1101,72960,Shamir Bogues,Vermont,0.3333333333333333,0.32432432432432434,0.10869565217391304,0.7777777777777778
1102,72964,Steven Verplancken,Weber St.,0.0,0.4230769230769231,0.2647058823529412,0.9016393442622951
1103,72965,Carlton Linguard Jr.,UTSA,0.9285714285714286,0.5434782608695652,0.7272727272727273,1.0
1104,72966,Ben Carlson,Utah,0.8571428571428571,0.6388888888888888,0.3333333333333333,0.9696969696969697
1105,72969,Jabe Mullins,Washington St.,0.0,0.0,0.75,0.8888888888888888
1106,72970,Steven Crowl,Wisconsin,0.85,0.5238095238095238,0.37777777777777777,0.9615384615384616
1107,72971,Mitchell Saxen,Saint Mary's,0.8823529411764706,0.6557377049180327,0.4482758620689655,0.0
1108,72975,Thomas Howell,South Alabama,0.9230769230769231,0.543859649122807,0.4,0.7142857142857143
1109,72977,Jace Roquemore,Vermont,0.8,0.4444444444444444,0.0,0.6666666666666666
1110,72986,Donavan Yap Jr.,Fresno St.,0.0,0.06896551724137931,0.1,0.7407407407407407
1111,72992,Eoin Nelson,North Alabama,1.0,0.7894736842105263,0.3333333333333333,0.0
1112,72993,Jeremiah Oden,DePaul,1.0,0.4878048780487805,0.5555555555555556,1.0
1113,72998,D'Maurian Williams,Texas Tech,0.0,0.0,0.0,0.0
1114,73002,Jamaine Mann,Georgia St.,0.0,0.4782608695652174,0.16666666666666666,1.0
1115,73003,Phillip Russell,UT Arlington,0.0,0.11538461538461539,0.3333333333333333,0.6538461538461539
1116,73004,Trey Hall,Utah Tech,0.0,1.0,0.0,1.0
1117,73005,Marques Warrick,Northern Kentucky,0.75,0.4262295081967213,0.20987654320987653,0.7049180327868853
1118,73006,Luke House,Drexel,1.0,0.3448275862068966,0.2727272727272727,0.9074074074074074
1119,73008,Darrick Jones Jr.,Le Moyne,0.4,0.4090909090909091,0.6,0.9166666666666666
1120,73009,Matt Zona,Notre Dame,1.0,0.5384615384615384,0.6666666666666666,1.0
1121,73012,Trey Robinson,Northern Kentucky,0.2,0.36764705882352944,0.22916666666666666,0.9473684210526315
1122,73017,Jordan Sears,Tennessee Martin,0.5,0.12087912087912088,0.046511627906976744,0.6268656716417911
1123,73018,Garrett Hien,Furman,0.9230769230769231,0.7428571428571429,0.0,1.0
1124,73024,Drew Thelwell,Morehead St.,0.5,0.17647058823529413,0.0,0.9130434782608695
1125,73026,Alex Kotov,Campbell,0.75,0.4375,0.5,1.0
1126,73027,Johni Broome,Auburn,0.9375,0.6273291925465838,0.5517241379310345,0.8928571428571429
1127,73034,Sebastian Mendoza,Tennessee Martin,0.0,0.46153846153846156,1.0,1.0
1128,73042,Javontae Hopkins,Prairie View A&M,0.5454545454545454,0.3541666666666667,0.4090909090909091,0.7272727272727273
1129,73049,RJ Blakney,Old Dominion,0.9375,0.453125,0.3333333333333333,0.9047619047619048
1130,73051,Juhlawnei Stone,Stephen F. Austin,0.0,0.4411764705882353,0.38461538461538464,0.5
1131,73052,Malik Wade,Cal Baptist,0.0,0.0,0.0,0.0
1132,73054,Trey Thomas,Bowling Green,0.0,0.09523809523809523,0.21428571428571427,0.78
1133,73057,Carter Gilmore,Wisconsin,0.5,0.4166666666666667,0.0,1.0
1134,73061,Donovan Williams,Pacific,0.0,0.36363636363636365,0.0,0.8695652173913043
1135,73073,Taylor Blanchard,Nicholls St.,0.0,0.0,0.0,1.0
1136,73074,Justin Wright,Loyola Marymount,0.0,0.14285714285714285,0.1044776119402985,0.8125
1137,73075,Isaiah Addo-Ankrah,Denver,0.0,0.375,0.0,0.9607843137254902
1138,73081,Isaiah Sulack,Marist,0.0,1.0,0.0,1.0
1139,73083,Malik Henry,George Mason,0.8333333333333334,0.6571428571428571,1.0,0.0
1140,73085,Kasean Pryor,South Florida,0.8260869565217391,0.6666666666666666,0.43333333333333335,0.7837837837837838
1141,73086,Mady Sissoko,Michigan St.,0.9375,0.8,0.7647058823529411,0.0
1142,73087,Eric Lee,Alabama A&M,0.3333333333333333,0.45714285714285713,0.3333333333333333,0.0
1143,73088,Jamie Bergens,Drexel,0.0,0.0,0.13636363636363635,0.6666666666666666
1144,73090,Tanner Christensen,Utah Tech,0.8709677419354839,0.6153846153846154,0.5,1.0
1145,73093,Burke Smith,Pacific,1.0,0.8333333333333334,0.8333333333333334,0.8888888888888888
1146,73094,Davis Smith,Michigan St.,0.0,0.0,0.0,1.0
1147,73096,Mark Sears,Alabama,0.0,0.09722222222222222,0.15384615384615385,0.7684210526315789
1148,73099,Posh Alexander,Butler,0.0,0.20967741935483872,0.18181818181818182,0.9
1149,73100,Steven Lazar,Siena,0.0,0.0,0.0,0.0
1150,73101,Aidan Carpenter,Sacred Heart,1.0,0.3,0.12903225806451613,0.7666666666666667
1151,73102,Jaemyn Brakefield,Mississippi,0.45454545454545453,0.28169014084507044,0.2692307692307692,0.868421052631579
1152,73103,J'Vonne Hadley,Colorado,0.9230769230769231,0.6,0.0,0.8
1153,73105,Matt Cross,Massachusetts,0.75,0.5769230769230769,0.5789473684210527,0.8846153846153846
1154,73106,Tony Sanders Jr.,Notre Dame,0.0,0.0,0.0,1.0
1155,73107,Darius Burford,Illinois St.,1.0,0.3333333333333333,0.36,0.75
1156,73110,Keegan Harvey,George Washington,0.0,0.3333333333333333,0.0,0.0
1157,73111,Earl Timberlake,Bryant,0.625,0.4166666666666667,0.11538461538461539,0.0
1158,73113,Michael Graham,Loyola Marymount,0.8888888888888888,0.5675675675675675,0.25,1.0
1159,73116,Kylen Milton,Arkansas Pine Bluff,0.16666666666666666,0.2542372881355932,0.03571428571428571,0.75
1160,73117,Keshawn Williams,Northern Illinois,0.0,0.0,0.0,0.5
1161,73121,Rubin Jones,North Texas,0.5,0.08108108108108109,0.0,0.6857142857142857
1162,73123,Shemar Rathan-Mayes,UNC Wilmington,0.0,0.14285714285714285,0.0,0.8888888888888888
1163,73130,Brantly Stevenson,Cal Baptist,1.0,0.5,0.25,0.9574468085106383
1164,73133,Steven Ashworth,Creighton,0.0,0.2727272727272727,0.21052631578947367,0.75
1165,73134,Alijah Martin,Florida Atlantic,0.7647058823529411,0.4189189189189189,0.3,0.8285714285714286
1166,73135,VonCameron Davis,Kent St.,0.5,0.3,0.2857142857142857,0.9333333333333333
1167,73138,Aiden Terry,Rutgers,0.0,0.0,0.0,0.0
1168,73140,TJ Bamba,Villanova,0.625,0.21666666666666667,0.3333333333333333,0.7555555555555555
1169,73143,Josh Morgan,Incarnate Word,0.0,0.3076923076923077,0.14285714285714285,0.9210526315789473
1170,73150,Justin Vander Baan,Lafayette,1.0,0.6964285714285714,0.625,1.0
1171,73156,Mike Sixsmith,Sacred Heart,0.0,0.5,0.0,1.0
1172,73158,Lazar Grbovic,Eastern Illinois,1.0,0.6666666666666666,1.0,0.0
1173,73159,Lado Laku,Arkansas St.,1.0,0.5714285714285714,0.75,0.0
1174,73160,Drew Daniel,Northern Iowa,0.0,0.5,0.0,1.0
1175,73163,A.J. Staton-McCray,Samford,0.0,0.5076923076923077,0.3333333333333333,0.8611111111111112
1176,73165,Matthew Murrell,Mississippi,0.375,0.5208333333333334,0.5576923076923077,0.9102564102564102
1177,73172,Byron Joshua,Alcorn St.,0.0,0.2608695652173913,0.21621621621621623,0.8125
1178,73174,Zach Edey,Purdue,0.8141592920353983,0.7155963302752294,0.7777777777777778,1.0
1179,73178,Chase Martin,Purdue,0.0,0.0,0.0,0.0
1180,73179,Marcus Fitzgerald Jr.,Tennessee St.,0.0,0.05714285714285714,0.08333333333333333,0.6842105263157895
1181,73181,Petar Krivokapic,FIU,0.0,0.5416666666666666,0.1111111111111111,0.9302325581395349
1182,73182,Javaunte Hawkins,FIU,0.0,0.07142857142857142,0.12903225806451613,0.7738095238095238
1183,73183,K.D. Johnson,Auburn,0.2,0.4772727272727273,0.2222222222222222,0.6923076923076923
1184,73185,Grant Weitman,Arizona,0.0,0.0,0.0,1.0
1185,73187,Hunter Jack Madden,Abilene Christian,0.0,0.3103448275862069,0.2692307692307692,0.8852459016393442
1186,73192,Darweshi Hunter,Miami OH,0.5,0.4,0.20833333333333334,0.7301587301587301
1187,73198,Jacob Hutson,Northern Iowa,1.0,0.5125,0.4090909090909091,1.0
1188,73200,Kam Woods,N.C. State,0.0,0.5,0.0,1.0
1189,73202,Jackson Threadgill,Charlotte,0.6,0.5,0.7857142857142857,1.0
1190,73204,Zach Anderson,Florida Gulf Coast,0.0,0.1875,0.09836065573770492,0.9130434782608695
1191,73209,Cole LaRue,Kennesaw St.,0.0,0.4,0.5,0.0
1192,73210,Trey Fort,Mississippi St.,0.6666666666666666,0.6666666666666666,0.3333333333333333,0.9090909090909091
1193,73212,Will Amica,Albany,0.0,0.0,0.16666666666666666,1.0
1194,73214,Anthony Leal,Indiana,0.0,0.8571428571428571,0.0,1.0
1195,73215,Brandon Lieb,Illinois St.,0.6666666666666666,0.42857142857142855,1.0,1.0
1196,73216,Dji Bailey,Richmond,0.5384615384615384,0.41346153846153844,0.21428571428571427,0.9166666666666666
1197,73217,Adam Miller,Arizona St.,0.3333333333333333,0.3448275862068966,0.2727272727272727,0.8648648648648649
1198,73219,Dallion Johnson,Florida Gulf Coast,0.0,0.35,0.16666666666666666,0.8142857142857143
1199,73223,Clifford Omoruyi,Rutgers,0.7647058823529411,0.696078431372549,0.6666666666666666,1.0
1200,73224,Josh Gray,South Carolina,0.8888888888888888,0.8108108108108109,1.0,0.0
1201,73227,Brandon Whitney,Montana,0.0,0.12698412698412698,0.07692307692307693,1.0
1202,73230,Connor Barrett,Valparaiso,0.0,0.0,1.0,1.0
1203,73231,Owen Spencer,Ohio St.,0.0,0.0,0.0,0.0
1204,73233,Henry Coleman III,Texas A&M,0.8,0.5975609756097561,0.7,0.0
1205,73234,Jabri Abdur-Rahim,Georgia,1.0,0.45454545454545453,0.6666666666666666,0.9193548387096774
1206,73237,Jeremy Roach,Duke,0.0,0.2,0.2765957446808511,0.8333333333333334
1207,73239,Tyrin Lawrence,Vanderbilt,0.5,0.2,0.038461538461538464,0.6785714285714286
1208,73240,Reece Beekman,Virginia,0.3,0.23655913978494625,0.2857142857142857,0.7419354838709677
1209,73241,Ryan Myers,Western Illinois,1.0,0.15,0.21428571428571427,0.8311688311688312
1210,73244,Truth Harris,Radford,0.0,0.3103448275862069,0.16666666666666666,0.8666666666666667
1211,73245,Andre Lorentsson,Toledo,1.0,0.4117647058823529,0.2,0.8823529411764706
1212,73256,Koby Brea,Dayton,0.5,0.4166666666666667,0.14285714285714285,0.81
1213,73259,Hassan Diarra,Connecticut,0.0,0.4444444444444444,0.14285714285714285,0.84
1214,73260,Drake Muller,Denver,0.0,0.0,0.0,1.0
1215,73262,Zarique Nutter,Northern Illinois,0.5,0.2647058823529412,0.16216216216216217,0.8333333333333334
1216,73264,Luke Barrett,Saint Mary's,0.0,0.5853658536585366,0.4,1.0
1217,73267,Jaron Rillie,Northern Colorado,0.0,0.14814814814814814,0.08333333333333333,0.64
1218,73268,Norchad Omier,Miami FL,0.7027027027027027,0.5067567567567568,0.5384615384615384,0.9166666666666666
1219,73270,Jalen Myers,Tennessee Martin,0.0,0.2857142857142857,0.2222222222222222,1.0
1220,73271,Grayson Walters,Samford,0.0,0.0,0.0,0.0
1221,73274,Lamont Butler,San Diego St.,0.2857142857142857,0.11428571428571428,0.0,0.8064516129032258
1222,73276,Christian Fussell,Tennessee Martin,0.0,0.5,0.0,1.0
1223,73285,Hunter Erickson,Utah,0.0,0.15384615384615385,0.1,0.8
1224,73286,Carson Barrett,Purdue,0.0,0.0,0.0,1.0
1225,73288,Tai'Reon Joseph,Southern,0.75,0.3191489361702128,0.1891891891891892,0.723404255319149
1226,73290,Ethan Morton,Purdue,0.0,0.5,0.5,1.0
1227,73291,Anthony Blunt,UMass Lowell,0.0,0.6666666666666666,0.0,1.0
1228,73292,Micah Peavy,TCU,0.7307692307692307,0.5054945054945055,0.4827586206896552,0.8888888888888888
1229,73297,Kareem Thompson,Oral Roberts,0.0,0.04878048780487805,0.12,0.5964912280701754
1230,73299,Nick Farrar,UNC Wilmington,0.0,0.46153846153846156,0.0,0.8
1231,73301,Siem Uijtendaal,Canisius,0.0,0.34782608695652173,0.21875,0.8604651162790697
1232,73302,Patrick Iriel,USC Upstate,1.0,0.5555555555555556,0.6666666666666666,0.0
1233,73303,Ja'Von Benson,Hampton,0.7666666666666667,0.5967741935483871,0.5,1.0
1234,73308,Nehemiah Benson,Binghamton,0.0,0.6292134831460674,0.6764705882352942,1.0
1235,73309,Bryce Monroe,IU Indy,0.0,0.2647058823529412,0.15151515151515152,0.4444444444444444
1236,73310,Xavier Bell,Wichita St.,0.0,0.1320754716981132,0.05405405405405406,0.9411764705882353
1237,73316,Baylor Hebb,UTEP,0.0,0.5,0.0,1.0
1238,73317,Antwan Burnett,Grambling St.,0.0,0.3684210526315789,0.047619047619047616,0.72
1239,73323,Kellen Amos,Central Connecticut,0.8,0.44,0.18181818181818182,0.8604651162790697
1240,73324,Devin Tillis,UC Irvine,0.0,0.5147058823529411,0.25925925925925924,1.0
1241,73329,PJ Carter,UTSA,0.0,0.23809523809523808,0.2222222222222222,0.9
1242,73335,Nick Jourdain,Memphis,0.7727272727272727,0.609375,0.0,1.0
1243,73337,Zachary Visentin,Cal St. Fullerton,0.0,0.25,0.0,0.0
1244,73338,David N'Guessan,Kansas St.,1.0,0.6777777777777778,0.3333333333333333,1.0
1245,73340,Eric Gaines,UAB,0.29411764705882354,0.1864406779661017,0.12195121951219512,0.5897435897435898
1246,73341,Dante Maddox Jr.,Toledo,0.4,0.16,0.20512820512820512,0.6527777777777778
1247,73344,Oskar Palmquist,Rutgers,1.0,0.7272727272727273,0.8,1.0
1248,73349,Henry Abraham,Coastal Carolina,0.0,0.0,0.0,1.0
1249,73351,Koby Jeffries,Tennessee Martin,0.5,0.19230769230769232,0.25,0.75
1250,73352,Zimi Nwokeji,Dayton,1.0,0.8333333333333334,0.6666666666666666,1.0
1251,73354,Dishon Jackson,Charlotte,0.8333333333333334,0.5588235294117647,0.37037037037037035,1.0
1252,73355,Josh Smith,Stetson,1.0,0.44,0.3125,1.0
1253,73356,Jyare Davis,Delaware,0.7,0.2897196261682243,0.3972602739726027,1.0
1254,73360,David Jones,Georgia Southern,1.0,0.875,1.0,0.0
1255,73364,Obinna Anochili-Killen,Marshall,0.9090909090909091,0.7323943661971831,0.5897435897435898,0.9310344827586207
1256,73365,David Early,Tennessee Tech,0.0,0.19230769230769232,0.1111111111111111,0.8571428571428571
1257,73366,Pelle Larsson,Arizona,0.8181818181818182,0.5666666666666667,0.2962962962962963,0.9565217391304348
1258,73368,Ian Martinez,Utah St.,0.6666666666666666,0.5,0.29411764705882354,0.7115384615384616
1259,73369,Aidan Prukop,Cal Poly,0.0,0.0,0.3333333333333333,0.875
1260,73370,Luke Appel,South Dakota St.,0.0,0.3939393939393939,0.14285714285714285,0.8333333333333334
1261,73374,Anthony Thomas,Northwestern St.,0.0,1.0,0.0,0.0
1262,73375,Dusan Mahorcic,Duquesne,1.0,0.7714285714285715,0.7142857142857143,0.0
1263,73379,Jaden House,Rhode Island,0.2,0.21649484536082475,0.07142857142857142,0.65
1264,73380,Zack Austin,Pittsburgh,0.631578947368421,0.625,0.6,1.0
1265,73385,Alex Holt,Mercer,0.6666666666666666,0.5416666666666666,0.38095238095238093,1.0
1266,73386,Bryson Childress,High Point,0.0,0.0,0.0,1.0
1267,73393,Andrej Jakimovski,Washington St.,0.0,0.1891891891891892,0.0,0.9253731343283582
1268,73395,Ismael Plet,Arkansas Pine Bluff,0.8148148148148148,0.7230769230769231,0.42857142857142855,0.0
1269,73397,Jonathan Alexandre,Oral Roberts,0.0,0.0,0.0,0.0
1270,73399,Cam Hayes,East Carolina,0.0,0.3684210526315789,0.10526315789473684,0.8260869565217391
1271,73400,Shakeel Moore,Mississippi St.,0.625,0.5178571428571429,0.45454545454545453,0.896551724137931
1272,73401,Pavle Kuzmaanovic,Little Rock,0.0,0.0,0.0,0.8333333333333334
1273,73402,A.J. Hoggard,Michigan St.,1.0,0.3380281690140845,0.19444444444444445,1.0
1274,73404,Chibuzo Agbo,Boise St.,0.6666666666666666,0.2647058823529412,0.19444444444444445,0.8714285714285714
1275,73405,Evan Joyner,North Carolina A&T,1.0,0.4642857142857143,0.4166666666666667,1.0
1276,73406,Jeff Ngandu,UMKC,0.75,0.6666666666666666,1.0,0.0
1277,73411,Pavlo Dziuba,High Point,0.0,0.7272727272727273,1.0,0.0
1278,73413,Jarrett Hensley,Southern Illinois,0.8,0.7142857142857143,1.0,1.0
1279,73416,Tyler Kolek,Marquette,0.0,0.22448979591836735,0.13793103448275862,0.7446808510638298
1280,73418,Joe Munden Jr.,Fairleigh Dickinson,0.5,0.36666666666666664,0.19047619047619047,0.7419354838709677
1281,73421,Lincoln Ball,American,0.0,0.5862068965517241,0.125,1.0
1282,73424,Jared Garcia,Tulsa,0.9166666666666666,0.5957446808510638,0.35714285714285715,0.9459459459459459
1283,73429,Trey Townsend,Oakland,0.8,0.4838709677419355,0.34523809523809523,0.75
1284,73430,Chris Conway,Oakland,0.85,0.6363636363636364,0.547945205479452,1.0
1285,73431,Micah Parrish,San Diego St.,0.25,0.2631578947368421,0.25,0.8260869565217391
1286,73434,Connor Serven,Eastern Michigan,0.7777777777777778,0.5357142857142857,0.0,1.0
1287,73438,Tyler McGhie,UC San Diego,0.0,0.13333333333333333,0.0,0.9285714285714286
1288,73439,Khristian Lander,Western Kentucky,0.0,0.06451612903225806,0.18181818181818182,0.896551724137931
1289,73440,Sin'Cere McMahon,Winthrop,0.0,0.5,0.2857142857142857,0.9090909090909091
1290,73442,Javonte Johnson,Colorado St.,0.0,0.3333333333333333,0.0,1.0
1291,73450,Evan Johnson,UNC Asheville,0.0,0.0,0.0,0.4
1292,73452,Nick Hittle,Southern Indiana,0.0,0.4782608695652174,0.16666666666666666,0.0
1293,73453,Jamal Mashburn Jr.,New Mexico,0.0,0.24,0.288135593220339,0.8157894736842105
1294,73454,Hunter Dickinson,Kansas,0.8823529411764706,0.7129629629629629,0.6666666666666666,1.0
1295,73457,Jaden McClanahan,Utah Valley,0.0,0.24,0.15789473684210525,0.8695652173913043
1296,73458,Amari Williams,Drexel,0.59375,0.4954128440366973,0.3448275862068966,0.0
1297,73459,Johnell Davis,Florida Atlantic,0.42857142857142855,0.2336448598130841,0.08163265306122448,0.5862068965517241
1298,73460,Jack May,Florida,0.0,0.0,0.0,0.0
1299,73461,Niels Lane,Delaware,0.8,0.43820224719101125,0.47619047619047616,1.0
1300,73468,Kellen Tynes,Maine,0.6666666666666666,0.34,0.1232876712328767,0.8235294117647058
1301,73469,Angelo Stuart,Milwaukee,0.0,0.9230769230769231,1.0,0.9523809523809523
1302,73471,Carter Ash,Montana St.,0.0,0.0,0.0,0.0
1303,73474,Jalen Celestine,California,0.3333333333333333,0.125,0.42857142857142855,0.9583333333333334
1304,73475,Alem Huseinovic,Rice,0.0,0.8333333333333334,0.5,0.96
1305,73480,JaKobe Coles,TCU,1.0,0.6557377049180327,0.625,1.0
1306,73483,Emory Lanier,SMU,0.0,0.4,0.3333333333333333,0.9642857142857143
1307,73484,Zondrick Garrett,East Texas A&M,0.7777777777777778,0.5666666666666667,0.0,1.0
1308,73487,Connor Linke,Bradley,1.0,0.6666666666666666,0.6666666666666666,0.0
1309,73489,Darius Hannah,Bradley,0.775,0.5833333333333334,0.2982456140350877,1.0
1310,73491,Viktor Rajkovic,Seattle,0.0,0.7142857142857143,0.16666666666666666,1.0
1311,73493,Kobe Sanders,Cal Poly,0.5714285714285714,0.2028985507246377,0.11594202898550725,0.7777777777777778
1312,73494,Dionte Bostick,Cal St. Northridge,0.5,0.3404255319148936,0.15555555555555556,0.813953488372093
1313,73498,Dyson Koehler,Weber St.,0.75,0.37777777777777777,0.5,1.0
1314,73499,Boden Skunberg,North Dakota St.,0.0,0.1794871794871795,0.19298245614035087,0.8837209302325582
1315,73500,Alston Andrews,Delaware St.,1.0,0.5142857142857142,0.7142857142857143,0.0
1316,73501,Sam Hines Jr.,South Florida,0.8888888888888888,0.7142857142857143,0.2222222222222222,1.0
1317,73504,Derek Fountain,LSU,0.75,0.4791666666666667,0.14285714285714285,0.8461538461538461
1318,73505,Darrion Trammell,San Diego St.,0.0,0.13636363636363635,0.08,0.5675675675675675
1319,73508,Isaiah Range,Alabama St.,0.0,0.3333333333333333,0.2222222222222222,0.8947368421052632
1320,73509,Myles Stute,South Carolina,1.0,0.4166666666666667,0.5,0.9111111111111111
1321,73511,Duwe Farris,North Carolina,0.0,0.0,0.0,0.0
1322,73516,Puff Johnson,Penn St.,0.3333333333333333,0.5357142857142857,0.6,0.92
1323,73517,Joe Bamisile,VCU,0.5,0.3181818181818182,0.3125,0.84375
1324,73520,Darius Maddox,George Mason,1.0,0.32142857142857145,0.14285714285714285,0.746268656716418
1325,73523,BJ McLaurin,Queens,0.75,0.39622641509433965,0.4,0.9574468085106383
1326,73527,Gabe Wiznitzer,Ohio,1.0,0.5609756097560976,0.0,1.0
1327,73528,Davonte Davis,Arkansas,1.0,0.4827586206896552,0.23529411764705882,0.9375
1328,73530,Isaiah Rivera,Illinois Chicago,0.3333333333333333,0.3287671232876712,0.25,0.8939393939393939
1329,73531,Dre Davis,Seton Hall,0.8235294117647058,0.4634146341463415,0.32653061224489793,0.8857142857142857
1330,73533,Bradley Colbert,Xavier,0.0,0.0,1.0,1.0
1331,73534,JJ Traynor,Louisville,0.7142857142857143,0.7,0.6666666666666666,1.0
1332,73540,Matteo Picarelli,Temple,0.0,0.5,0.3333333333333333,0.95
1333,73548,Devontae Blanton,Eastern Kentucky,0.0,0.3137254901960784,0.19148936170212766,0.7142857142857143
1334,73550,Selton Miguel,South Florida,1.0,0.28169014084507044,0.20833333333333334,0.6338028169014085
1335,73551,Aly Khalifa,BYU,0.0,0.5238095238095238,0.3333333333333333,1.0
1336,73555,Tyler Brelsford,Bryant,0.0,0.4090909090909091,0.0,1.0
1337,73556,Supreme Cook,Georgetown,0.5151515151515151,0.5454545454545454,0.625,0.0
1338,73557,Connor Creech,Northern Colorado,0.0,0.16666666666666666,0.0,1.0
1339,73558,Tony Perkins,Iowa,0.42857142857142855,0.3950617283950617,0.2033898305084746,0.9130434782608695
1340,73564,Jamahri Harvey,Presbyterian,0.0,0.35294117647058826,0.25,0.875
1341,73566,Duke Miles,High Point,1.0,0.12941176470588237,0.1111111111111111,0.6585365853658537
1342,73567,Clarence Jackson,New Mexico St.,0.0,0.16666666666666666,0.75,1.0
1343,73568,Jaden Seymour,East Tennessee St.,0.6153846153846154,0.44871794871794873,0.13953488372093023,1.0
1344,73569,Jordan Geronimo,Maryland,0.8235294117647058,0.6086956521739131,0.8571428571428571,1.0
1345,73573,Max Brooks,UMass Lowell,0.6153846153846154,0.5357142857142857,0.27586206896551724,0.0
1346,73574,Chris Youngblood,South Florida,1.0,0.4878048780487805,0.6,0.9420289855072463
1347,73576,Terrance Williams II,Michigan,0.5,0.35135135135135137,0.3888888888888889,0.9615384615384616
1348,73578,Lamar Oden Jr.,Drexel,1.0,0.23076923076923078,0.1111111111111111,1.0
1349,73580,Jalen Cook,LSU,0.0,0.0625,0.15384615384615385,0.34615384615384615
1350,73581,Zeb Jackson,VCU,0.5,0.2878787878787879,0.0,0.7017543859649122
1351,73586,John Mikey Square,Cal St. Fullerton,0.5,0.40540540540540543,0.2222222222222222,0.0
1352,73588,Christian Turner,Texas St.,0.5,0.7169811320754716,0.6666666666666666,0.8
1353,73590,Nick Boyd,Florida Atlantic,0.0,0.125,0.0,0.8571428571428571
1354,73592,Tyler Patterson,Montana St.,0.0,1.0,0.45454545454545453,0.8923076923076924
1355,73594,Ray'Sean Taylor,SIU Edwardsville,0.0,0.15555555555555556,0.09523809523809523,0.6533333333333333
1356,73596,Trey Bonham,Chattanooga,1.0,0.14545454545454545,0.05,0.4666666666666667
1357,73597,Francesco Borra,UC Davis,1.0,0.782608695652174,1.0,0.0
1358,73599,Dwayne Koroma,UT Arlington,0.6363636363636364,0.6739130434782609,1.0,1.0
1359,73600,Dylan Branson,Southeast Missouri St.,0.0,0.0,0.3333333333333333,0.0
1360,73605,DJ Nussbaum,VMI,1.0,0.7317073170731707,0.5111111111111111,0.0
1361,73606,Bryce Johnson,Northeastern,0.5,0.47368421052631576,0.0,0.0
1362,73607,Max Shulga,VCU,0.25,0.28205128205128205,0.047619047619047616,0.5813953488372093
1363,73609,Grant Nelson,Alabama,0.7142857142857143,0.4166666666666667,0.2222222222222222,0.9666666666666667
1364,73610,Isaiah Pope,Fresno St.,0.0,0.24444444444444444,0.25,0.9117647058823529
1365,73614,Jaylin Jackson-Posey,New Mexico St.,0.5,0.3125,0.0,0.7
1366,73616,Jayson Kent,Indiana St.,0.9459459459459459,0.8053691275167785,0.5,0.9666666666666667
1367,73618,Jamal West Jr.,Nicholls St.,0.5625,0.2767857142857143,0.30434782608695654,1.0
1368,73621,AJ McGinnis,Lipscomb,1.0,0.525,0.0625,0.9054054054054054
1369,73622,JaCobi Wood,Murray St.,0.0,0.13559322033898305,0.0,0.64
1370,73624,Andre Weir,Florida Gulf Coast,0.75,0.2727272727272727,0.0,0.0
1371,73625,Kadary Richmond,Seton Hall,0.7142857142857143,0.16666666666666666,0.05084745762711865,0.5294117647058824
1372,73626,Even Brauns,Iowa,1.0,0.8,0.0,0.0
1373,73632,Hollman Smith,James Madison,0.0,0.0,0.0,1.0
1374,73633,Kendal Coleman,Cal Baptist,1.0,0.5111111111111111,0.7777777777777778,1.0
1375,73637,Andrew Wells,Eastern Michigan,0.0,0.0,0.0,0.0
1376,73638,Kerwin Walton,Texas Tech,1.0,0.5294117647058824,0.5384615384615384,0.9230769230769231
1377,73640,Dwon Odom,Georgia St.,0.0,0.17543859649122806,0.10144927536231885,0.6666666666666666
1378,73641,Edoardo Del Cadia,Detroit Mercy,1.0,0.6323529411764706,0.5151515151515151,0.8
1379,73642,Jhaylon Martinez,UC Riverside,1.0,0.46153846153846156,0.6666666666666666,1.0
1380,73643,Tre Coleman,Nevada,0.25,0.5625,0.5833333333333334,0.95
1381,73646,Marcus Williams,San Francisco,0.16666666666666666,0.2375,0.16666666666666666,0.7540983606557377
1382,73647,Ronald Polite III,George Mason,0.0,0.2,0.24,0.8148148148148148
1383,73656,Mekhi Gray,NJIT,0.6,0.3709677419354839,0.0,0.7058823529411765
1384,73659,Dalton Banks,Illinois St.,0.0,0.14634146341463414,0.125,0.7096774193548387
1385,73661,Andre Curbelo,Southern Miss,0.0,0.2,0.16,0.6
1386,73662,Kaleb Thornton,Akron,0.0,0.0,0.0,0.7777777777777778
1387,73663,Will Pruitt,Lipscomb,0.0,0.3026315789473684,0.1,0.8055555555555556
1388,73664,Braden Lamar,Western Illinois,0.0,0.6,0.5,0.0
1389,73665,Bennett Kwiecinski,St. Thomas,0.0,0.0,0.0,0.0
1390,73670,Townsend Tripple,BYU,0.0,0.25,1.0,1.0
1391,73671,Marcus Niblack,Jacksonville,0.25,0.13157894736842105,0.10256410256410256,0.4444444444444444
1392,73679,Corey Walker Jr.,South Florida,1.0,0.7837837837837838,0.2857142857142857,0.0
1393,73680,Darnell Brodie,Drake,0.875,0.5565217391304348,0.6222222222222222,0.0
1394,73683,Jadrian Tracey,Oregon,0.3333333333333333,0.37777777777777777,0.16666666666666666,0.8378378378378378
1395,73685,Tommaso Ferraresi,Sacred Heart,0.0,1.0,0.0,1.0
1396,73690,Shahada Wells,McNeese St.,0.2,0.2523364485981308,0.1282051282051282,0.5
1397,73691,Vladislav Goldin,Florida Atlantic,0.8113207547169812,0.6597222222222222,0.55,0.0
1398,73696,Rongie Gordon,Kennesaw St.,1.0,0.45161290322580644,0.36363636363636365,1.0
1399,73697,Caleb Lohner,Baylor,1.0,0.85,0.2857142857142857,1.0
1400,73698,Otis Frazier III,UTEP,0.7222222222222222,0.5,0.0625,0.95
1401,73699,Kaleb Scott,Presbyterian,0.9333333333333333,0.5660377358490566,0.4444444444444444,1.0
1402,73700,Nana Antwi-Boasiako,Stephen F. Austin,0.6875,0.6808510638297872,0.6363636363636364,1.0
1403,73701,Isaac Lindsey,Wisconsin,0.0,0.0,0.0,1.0
1404,73702,Nicholas Gazelas,Prairie View A&M,0.0,0.5,0.4074074074074074,0.7407407407407407
1405,73704,Noah Taitz,Loyola Marymount,0.0,0.0,1.0,1.0
1406,73706,Jay Pal,San Diego St.,0.6111111111111112,0.6410256410256411,0.6,0.9090909090909091
1407,73709,Jordan Wilmore,Austin Peay,1.0,0.7272727272727273,0.5,0.0
1408,73713,Marcellus Brigham Jr.,Jacksonville St.,1.0,0.4,0.3157894736842105,0.9090909090909091
1409,73716,Brandon Angel,Stanford,0.6666666666666666,0.4470588235294118,0.23529411764705882,0.9411764705882353
1410,73717,Sheldon Edwards,Loyola Chicago,1.0,0.6666666666666666,0.6666666666666666,0.9444444444444444
1411,73718,Gediminas Mokseckas,Campbell,1.0,0.47368421052631576,0.2857142857142857,0.8529411764705882
1412,73720,Kobe Williamson,Seattle,0.6666666666666666,0.3764705882352941,0.08695652173913043,1.0
1413,73726,Daylan Hamilton,IU Indy,0.0,0.0,0.5,0.0
1414,73730,Isaiah Richards,Gardner Webb,0.6,0.5849056603773585,0.6666666666666666,1.0
1415,73731,Quinn Strander,Nicholls St.,0.0,0.15384615384615385,0.3333333333333333,1.0
1416,73735,Mylyjael Poteat,Virginia Tech,0.9285714285714286,0.7878787878787878,0.7894736842105263,0.0
1417,73741,Ileri Ayo-Faleye,Vermont,0.8333333333333334,0.6739130434782609,0.06666666666666667,1.0
1418,73743,BJ Marable,Western Kentucky,0.0,1.0,0.0,0.0
1419,73744,Micah Schnyders,Eastern Michigan,0.0,0.0,0.0,1.0
1420,73746,Szymon Zapala,Longwood,0.8571428571428571,0.5824175824175825,0.5,1.0
1421,73753,Kenny White Jr.,Tennessee Martin,0.0,0.0,0.0,0.5
1422,73758,Austin Harvell,Alabama A&M,0.0,0.0,1.0,0.0
1423,73760,Kiyron Powell,Southern Indiana,0.8461538461538461,0.6923076923076923,0.875,0.0
1424,73761,Jayden Stone,Detroit Mercy,0.6666666666666666,0.4716981132075472,0.2191780821917808,0.6612903225806451
1425,73762,Daniel Batcho,Louisiana Tech,0.9111111111111111,0.6544117647058824,0.6,0.0
1426,73764,Tibet Gorener,San Jose St.,1.0,0.5,0.0625,0.847457627118644
1427,73766,Max Klesmit,Wisconsin,0.0,0.36363636363636365,0.16666666666666666,0.8181818181818182
1428,73767,Sam Godwin,Oklahoma,0.7391304347826086,0.578125,0.6363636363636364,0.0
1429,73768,Nick Pringle,Alabama,0.9459459459459459,0.7108433734939759,1.0,0.0
1430,73770,Kerr Kriisa,West Virginia,0.0,0.2,0.13333333333333333,0.7377049180327869
1431,73774,Luke Champion,Arizona,0.0,0.0,0.0,1.0
1432,73776,Kyler Filewich,Wofford,0.5,0.46875,0.25,1.0
1433,73778,Luke Kasubke,Illinois St.,0.0,0.3333333333333333,0.0,1.0
1434,73780,Myles Tate,Appalachian St.,0.0,0.1,0.05128205128205128,0.8125
1435,73782,Kareem Watkins,Kentucky,0.0,0.0,0.0,0.0
1436,73784,Colby Brooks,Gonzaga,0.0,0.0,0.5,0.0
1437,73787,Dominick Harris,Loyola Marymount,0.5,0.5,0.4,0.8888888888888888
1438,73788,Nimari Burnett,Michigan,1.0,0.36666666666666664,0.21739130434782608,0.7884615384615384
1439,73789,Devin Butler,VMI,0.0,0.45454545454545453,0.0,0.8235294117647058
1440,73790,RJ Davis,North Carolina,0.0,0.2835820895522388,0.2375,0.6814159292035398
1441,73794,Devon Hancock,Louisiana Monroe,0.0,0.0,1.0,1.0
1442,73795,C.J. Wilcher,Nebraska,0.0,0.6153846153846154,0.2727272727272727,0.92
1443,73796,Dylan Cardwell,Auburn,0.8958333333333334,0.8507462686567164,0.75,0.5
1444,73797,Alex Merkviladze,Loyola Marymount,0.5,0.2765957446808511,0.10526315789473684,0.8571428571428571
1445,73800,Atin Wright,Drake,0.0,0.3090909090909091,0.4222222222222222,0.8870967741935484
1446,73801,Isiah Warfield,Howard,0.0,0.3684210526315789,0.16666666666666666,0.6
1447,73802,Dericko Williams,Old Dominion,0.0,1.0,1.0,0.0
1448,73805,Jeff Woodward,Colgate,0.8,0.4470588235294118,0.6153846153846154,0.0
1449,73806,Kyle Jenkins,Lafayette,1.0,0.7241379310344828,0.14285714285714285,1.0
1450,73808,Mikeal Brown-Jones,UNC Greensboro,0.8846153846153846,0.5178571428571429,0.5517241379310345,1.0
1451,73810,Sam Thomson,Colgate,0.8333333333333334,0.7619047619047619,0.7058823529411765,0.0
1452,73811,Ronnie DeGray III,Wichita St.,0.0,0.3333333333333333,0.5714285714285714,1.0
1453,73812,Frantisek Barton,Mount St. Mary's,1.0,0.6428571428571429,1.0,0.0
1454,73814,Ace Baldwin Jr.,Penn St.,0.0,0.1016949152542373,0.1794871794871795,0.4375
1455,73815,Jon Brantley,Lafayette,0.0,0.0,0.25,1.0
1456,73818,Deuce Turner,San Diego,0.0,0.21951219512195122,0.22727272727272727,0.6349206349206349
1457,73819,Joshua Reaves,Mount St. Mary's,0.0,0.7692307692307693,0.08333333333333333,0.9692307692307692
1458,73820,Quinton Mincey,UMass Lowell,0.6666666666666666,0.3246753246753247,0.38461538461538464,0.9
1459,73821,Dyondre Dominguez,Arkansas St.,0.5714285714285714,0.42857142857142855,0.16666666666666666,0.9833333333333333
1460,73825,Amir Nesbitt,Hampton,0.0,0.25,0.0,1.0
1461,73826,Albe Evans,Fordham,0.0,0.0,0.0,0.0
1462,73827,Tyler Chatman,Hampton,0.0,0.0,0.0,0.0
1463,73828,Josh Adoh,Bucknell,0.0,0.1,0.0,1.0
1464,73829,Andre Screen,Butler,0.75,0.5714285714285714,0.1,0.0
1465,73830,Dakota Leffew,Mount St. Mary's,0.5,0.2903225806451613,0.11666666666666667,0.6216216216216216
1466,73832,Javohn Garcia,McNeese St.,1.0,0.3488372093023256,0.16129032258064516,1.0
1467,73833,Alex Capitano,Colgate,0.0,0.0,0.0,0.0
1468,73835,DaJion Humphrey,Bowling Green,0.0,0.4,0.25,0.9393939393939394
1469,73838,Louth-M Coulibaly,Holy Cross,1.0,0.5277777777777778,0.0,0.0
1470,73839,Judson Martindale,Pacific,0.75,0.5384615384615384,0.5,1.0
1471,73841,Miles Brewster,Boston University,0.0,0.09259259259259259,0.0,0.9347826086956522
1472,73842,Anthony Morales,Boston University,1.0,0.3076923076923077,0.2,0.7666666666666667
1473,73843,Jalin Sinclair,Lehigh,0.0,0.3333333333333333,0.1,0.8333333333333334
1474,73844,RJ Johnson,Charleston Southern,0.0,0.25925925925925924,0.058823529411764705,0.5925925925925926
1475,73845,Bo Montgomery,Holy Cross,0.0,0.18421052631578946,0.1,0.8387096774193549
1476,73846,Michael Rabinovich,Holy Cross,0.0,0.0,0.0,1.0
1477,73847,Colin Smalls,American,0.0,0.25,0.4166666666666667,0.8823529411764706
1478,73849,Johnny O'Neil,Santa Clara,0.8,0.6470588235294118,0.35714285714285715,0.8867924528301887
1479,73850,Matt Rogers,American,0.8823529411764706,0.64,0.31666666666666665,0.9591836734693877
1480,73852,Chris Gleaton,American,0.0,0.0,0.0,1.0
1481,73855,Eric Sondberg,Lafayette,0.0,0.5,0.1111111111111111,0.9523809523809523
1482,73856,Abe Johnson,Army,0.8181818181818182,0.5689655172413793,0.5909090909090909,0.0
1483,73857,Zach Rocco,Army,0.0,0.0,0.0,0.0
1484,73858,Andrew Patnode,Boston University,0.0,0.0,0.0,0.0
1485,73865,Ryan Marcus,Massachusetts,0.0,0.0,0.0,0.0
1486,73866,Charlie Peterson,Army,1.0,0.49019607843137253,0.5555555555555556,1.0
1487,73867,Jared Cross,Army,0.0,0.8,0.3333333333333333,0.9666666666666667
1488,73869,Kwabena Davis,Army,1.0,0.2,0.0,1.0
1489,73870,Alek Delev,Bucknell,0.0,0.0,0.0,0.0
1490,73872,Jamir Watkins,Florida St.,0.45454545454545453,0.18681318681318682,0.11428571428571428,0.6666666666666666
1491,73875,Zach Lezanic,Army,0.0,0.0,0.0,0.0
1492,73877,Alonso Faure,Loyola MD,0.9333333333333333,0.7794117647058824,0.6666666666666666,0.8888888888888888
1493,73879,Matt Dove,Army,0.75,0.5,0.5,0.0
1494,73881,JT Tan,Lehigh,0.0,0.75,1.0,0.0
1495,73885,Dominic Parolin,Lehigh,0.6666666666666666,0.4605263157894737,0.25,1.0
1496,73888,Jayshen Saigal,Lehigh,0.0,0.0,0.0,1.0
1497,73889,Emmanuel Okpomo,Temple,1.0,0.5,0.0,0.0
1498,73890,Lorenzo Donadio,American,0.0,0.41025641025641024,0.3793103448275862,0.8717948717948718
1499,73891,Josh Banks,UNC Asheville,0.5,0.46153846153846156,0.4,0.8548387096774194
1500,74024,Floyd Rideau Jr.,USC Upstate,1.0,0.5,0.16666666666666666,0.875
1501,74064,Garrett Tipton,Bellarmine,1.0,0.4117647058823529,0.07407407407407407,0.9791666666666666
1502,74065,Zac Jennings,Bellarmine,0.0,0.0,0.0,0.0
1503,74066,Alec Pfriem,Bellarmine,0.0,0.47058823529411764,0.7142857142857143,0.9
1504,74068,Jamille Reynolds,Cincinnati,0.6842105263157895,0.5483870967741935,0.43478260869565216,0.6666666666666666
1505,74069,Isaiah Adams,Buffalo,0.5,0.2903225806451613,0.29411764705882354,0.8787878787878788
1506,74077,Bash Wieland,Bellarmine,0.0,0.5434782608695652,0.25806451612903225,1.0
1507,74078,Eli Roberts,Bellarmine,0.0,1.0,0.0,0.0
1508,74079,Jemal Davis,Central Michigan,0.6666666666666666,0.41379310344827586,0.2857142857142857,1.0
1509,74080,Themus Fulks,Louisiana,0.0,0.1111111111111111,0.03125,0.7142857142857143
1510,74089,Jeriah Coleman,Nevada,1.0,1.0,0.0,0.0
1511,74090,Artemios Gavalas,Butler,0.0,0.0,0.0,0.0
1512,74091,Dallas James,South Carolina St.,0.5,0.2857142857142857,0.6666666666666666,0.0
1513,74096,DeLonnie Hunt,Richmond,0.0,0.4444444444444444,0.14285714285714285,0.7272727272727273
1514,74099,Zahree Harrison,Coppin St.,0.0,0.6666666666666666,0.3333333333333333,0.5
1515,74100,Ronell Giles Jr.,Prairie View A&M,0.0,0.0,0.0,0.0
1516,74101,Maxwell Land,South Alabama,0.0,0.4166666666666667,0.0,1.0
1517,74107,Quoiren Waldon,Mississippi Valley St.,1.0,1.0,1.0,0.0
1518,74112,Jalani Bell,Jackson St.,0.0,1.0,0.5,0.6666666666666666
1519,74114,Joe Octave,Holy Cross,0.6666666666666666,0.27848101265822783,0.05555555555555555,0.6857142857142857
1520,74115,Glen McClintock,Northeastern,0.0,0.0,0.0,0.0
1521,74127,Sion James,Tulane,0.7368421052631579,0.4523809523809524,0.17647058823529413,0.8809523809523809
1522,74135,Devin Gordon,North Carolina Central,0.0,0.3333333333333333,0.6,1.0
1523,74139,Carter Sobera,Auburn,0.0,0.0,0.0,0.0
1524,74147,Braelon Bush,Northwestern St.,0.0,0.16363636363636364,0.058823529411764705,0.8125
1525,74150,Dallas Howell,North Alabama,1.0,0.375,0.42857142857142855,0.9230769230769231
1526,74151,David McDaniel,Jackson St.,0.0,1.0,0.0,0.0
1527,74165,Austin Patterson,Sacramento St.,0.0,0.325,0.3333333333333333,0.9074074074074074
1528,74184,Chad Venning,St. Bonaventure,0.7,0.5340909090909091,0.38636363636363635,0.0
1529,74185,Reese Waters,San Diego St.,0.5,0.34782608695652173,0.3673469387755102,0.7
1530,74186,Ben Gregg,Gonzaga,0.7142857142857143,0.5555555555555556,0.3333333333333333,0.9230769230769231
1531,74187,Mustapha Amzil,New Mexico,1.0,0.3939393939393939,0.23076923076923078,1.0
1532,74188,Babacar Diallo,UMKC,0.6666666666666666,0.35714285714285715,0.17647058823529413,0.6363636363636364
1533,74189,James Graham,Buffalo,0.0,0.6666666666666666,0.0,1.0
1534,74190,Carter Whitt,Furman,0.0,0.16666666666666666,0.16666666666666666,0.7727272727272727
1535,74192,Meechie Johnson,South Carolina,0.0,0.22580645161290322,0.08823529411764706,0.85
1536,74193,Matt Davis,Georgia St.,0.0,1.0,0.0,0.0
1537,74196,Isaiah Folkes,Charlotte,0.5714285714285714,0.325,0.25,0.0
1538,74203,Franck Kepnang,Washington,0.7647058823529411,0.72,0.5454545454545454,0.0
1539,74206,Tre-Vaughn Minott,Portland St.,0.5,0.6666666666666666,0.0,0.0
1540,74211,O.D. Ogunbo,Delaware,0.0,0.0,0.0,1.0
1541,74212,Sadaidriene Hall,Stephen F. Austin,1.0,0.5151515151515151,0.2222222222222222,0.6666666666666666
1542,74215,Jordan Nesbitt,Hampton,0.5,0.14893617021276595,0.05,0.38095238095238093
1543,74217,David Jones,Memphis,0.5714285714285714,0.27184466019417475,0.04878048780487805,0.620253164556962
1544,74218,Mac Etienne,DePaul,0.0,0.5714285714285714,0.7142857142857143,0.0
1545,74221,Lysander Rehnstrom,Navy,0.0,1.0,0.5,0.9705882352941176
1546,74222,Trey James,Robert Morris,0.0,0.5,0.0,0.0
1547,74225,Brian Geatens,Saint Joseph's,0.0,0.0,0.0,1.0
1548,74226,Chris Arizin,Saint Joseph's,0.0,0.0,0.0,0.0
1549,74234,Stephan Swenson,Stetson,0.0,0.058823529411764705,0.06,0.5681818181818182
1550,74258,Paul Bruns,South Dakota,0.0,0.56,0.0,0.8775510204081632
1551,74268,KJ Jenkins,UNC Wilmington,0.0,0.3,0.375,0.8666666666666667
1552,74270,Ethan Price,Eastern Washington,0.8333333333333334,0.5084745762711864,0.42857142857142855,0.9487179487179487
1553,74272,Joryam Saizonou,UNC Greensboro,0.0,0.3076923076923077,0.0,0.8846153846153846
1554,74277,Luka Savicevic,Lafayette,0.0,0.1,0.14285714285714285,0.8888888888888888
1555,74279,Mo Njie,SMU,0.0,0.5,0.0,0.0
1556,74280,Jalin Billingsley,Eastern Michigan,0.8333333333333334,0.5,0.3076923076923077,0.9
1557,74281,Tyler Beard,Pacific,0.0,0.1111111111111111,0.18181818181818182,0.75
1558,74291,Felix Kloman,Brown,0.0,0.7857142857142857,0.0,1.0
1559,74292,Kimo Ferrari,Brown,0.0,0.0,0.0,0.925
1560,74293,Malachi Ndur,Brown,1.0,0.7727272727272727,0.3333333333333333,1.0
1561,74297,Dola Adebayo,Mount St. Mary's,0.6111111111111112,0.46938775510204084,0.23809523809523808,1.0
1562,74298,Frankie Collins,Arizona St.,0.5,0.2268041237113402,0.07142857142857142,0.4444444444444444
1563,74299,Jalen Weaver,Fresno St.,0.25,0.30612244897959184,0.3,0.9444444444444444
1564,74300,Isaiah Barnes,Tulsa,0.9230769230769231,0.5625,0.5,1.0
1565,74302,Ian Burns,Michigan,0.0,0.0,0.0,0.0
1566,74303,Jedy Cordilia,Mount St. Mary's,1.0,0.7358490566037735,0.5806451612903226,0.0
1567,74309,Sydney Curry,Grand Canyon,1.0,0.5151515151515151,0.0,0.0
1568,74310,El Ellis,Arkansas,0.0,0.21951219512195122,0.0,0.65
1569,74311,Charlie Weisberg,Loyola MD,0.0,0.0,0.0,0.0
1570,74315,Justice Ajogbor,Harvard,0.9230769230769231,0.8679245283018868,0.7142857142857143,0.0
1571,74321,Gyasi Powell,Jacksonville,0.0,0.14285714285714285,0.13793103448275862,0.7551020408163265
1572,74324,George Pridgett Jr.,FIU,0.0,0.3333333333333333,0.0,0.8888888888888888
1573,74331,Ryan Mutombo,Georgetown,0.0,1.0,1.0,0.0
1574,74334,Jordan Riley,Temple,0.5909090909090909,0.2976190476190476,0.15789473684210525,0.9
1575,74335,James White,UAB,0.0,0.6666666666666666,0.0,0.0
1576,74337,Eric Van Der Heijden,UNC Wilmington,0.0,0.0,0.0,1.0
1577,74341,Sean Pedulla,Virginia Tech,0.0,0.0875,0.1282051282051282,0.49056603773584906
1578,74346,Ubongabasi Etim,Central Arkansas,0.75,0.4489795918367347,0.7058823529411765,0.0
1579,74347,Terence Harcum,Appalachian St.,0.0,0.17857142857142858,0.06666666666666667,0.855072463768116
1580,74349,Cade Arbogast,Arkansas,0.0,0.0,0.0,0.0
1581,74350,Chance Moore,Missouri St.,0.5,0.4126984126984127,0.125,0.9318181818181818
1582,74351,Elijah Hutchins-Everett,Seton Hall,1.0,0.6296296296296297,1.0,1.0
1583,74353,Lawson Blake,Arkansas,0.0,0.0,0.0,0.0
1584,74354,Sione Lose,UC Davis,1.0,0.45454545454545453,0.5,1.0
1585,74356,Honor Huff,Chattanooga,0.0,0.4,0.07894736842105263,0.7238095238095238
1586,74357,Brennan Watkins,VMI,0.0,0.16666666666666666,0.10344827586206896,0.425
1587,74359,Lewis Rowe,Sam Houston St.,1.0,0.6666666666666666,0.5,0.0
1588,74361,Owen LaRocca,Samford,0.0,0.0,0.0,1.0
1589,74363,Paulie Stramaglia,Samford,0.0,0.0,0.0,0.0
1590,74365,Tylor Perry,Kansas St.,0.0,0.08333333333333333,0.1875,0.7311827956989247
1591,74366,Will Thomas,Morgan St.,0.5,0.37735849056603776,0.33707865168539325,0.8333333333333334
1592,74369,Tasos Cook,Campbell,0.0,0.21739130434782608,0.0,1.0
1593,74372,Aubin Gateretse,Stetson,0.7916666666666666,0.6209677419354839,0.45454545454545453,1.0
1594,74375,Walter Clayton Jr.,Florida,0.2,0.22666666666666666,0.11764705882352941,0.8586956521739131
1595,74380,Miles Stewart,Howard,0.0,0.6,0.5,0.0
1596,74381,Daeshon Shepherd,La Salle,0.8571428571428571,0.6491228070175439,0.5454545454545454,0.9428571428571428
1597,74382,Bryce Harris,Howard,0.75,0.5167785234899329,0.36363636363636365,1.0
1598,74383,Luke Goode,Illinois,0.0,0.375,0.5,0.8688524590163934
1599,74385,Will Smythe,Loyola Chicago,0.0,0.0,0.0,1.0
1600,74386,Elijah Hawkins,Minnesota,0.0,0.13636363636363635,0.11538461538461539,0.6170212765957447
1601,74387,Andres Marrero,La Salle,0.0,0.5,0.2727272727272727,0.9387755102040817
1602,74389,Ty Johnson,UC Davis,0.0,0.21333333333333335,0.17333333333333334,0.6875
1603,74393,Jaylen Murray,Mississippi,0.0,0.34210526315789475,0.2222222222222222,0.6666666666666666
1604,74395,Marcus Greene,Houston Christian,0.5,0.07692307692307693,0.06896551724137931,0.45614035087719296
1605,74399,Javian McCollum,Oklahoma,1.0,0.18181818181818182,0.08823529411764706,0.5185185185185185
1606,74400,Jared Billups,George Mason,0.75,0.5925925925925926,0.625,1.0
1607,74401,Alex Anderson,Incarnate Word,0.5,0.07692307692307693,0.038461538461538464,1.0
1608,74405,Tahj Staveskie,Canisius,0.0,0.0,0.0,0.2
1609,74408,Primo Spears,Florida St.,0.0,0.10344827586206896,0.10416666666666667,0.8125
1610,74412,Yusef Salih,Illinois Chicago,0.0,0.0,0.0,0.8
1611,74415,Antrell Charlton,Fordham,0.0,0.38461538461538464,0.125,0.96875
1612,74416,Jack Hatten,Idaho,0.0,0.0,0.0,0.0
1613,74419,Denham Wojcik,Harvard,0.0,0.2,0.375,0.6
1614,74421,Jalen Blackmon,Stetson,0.5,0.06521739130434782,0.11538461538461539,0.851063829787234
1615,74422,Kobe Knox,South Florida,0.8181818181818182,0.5434782608695652,0.14285714285714285,0.9555555555555556
1616,74423,Kamari McGee,Wisconsin,0.0,0.3076923076923077,0.0,1.0
1617,74424,Isaiah Shaw,Grand Canyon,0.6666666666666666,0.4444444444444444,0.0,0.8181818181818182
1618,74426,Cade Meyer,Northern Kentucky,1.0,0.6956521739130435,0.5833333333333334,0.0
1619,74427,Louis Lesmond,Harvard,0.5,0.3333333333333333,0.3125,0.9836065573770492
1620,74428,Tyler Simon,Harvard,0.0,0.0,0.6666666666666666,0.8823529411764706
1621,74429,DeeJuan Pruitt,Jacksonville,0.8666666666666667,0.6052631578947368,0.2,1.0
1622,74435,Daren Patrick,Charleston Southern,0.0,0.8,0.4166666666666667,0.8717948717948718
1623,74436,Souleymane Doumbia,Sam Houston St.,0.8333333333333334,0.5223880597014925,0.16666666666666666,1.0
1624,74437,Connor Christensen,Dartmouth,0.0,0.2857142857142857,0.0,1.0
1625,74439,Ryan Cornish,Dartmouth,0.0,0.0,0.058823529411764705,0.8333333333333334
1626,74440,Romeo Myrthil,Dartmouth,1.0,0.7647058823529411,0.5384615384615384,1.0
1627,74441,Cade Haskins,Dartmouth,0.0,0.0,0.0,0.6666666666666666
1628,74442,Di'Andre Howell-South,Wagner,0.0,0.0,0.2,0.0
1629,74446,Casey Jones,Eastern Washington,0.5714285714285714,0.5285714285714286,0.0,0.8095238095238095
1630,74447,Harrison Ingram,North Carolina,0.5,0.2692307692307692,0.17391304347826086,0.9230769230769231
1631,74448,Maxime Raynaud,Stanford,0.9459459459459459,0.6788990825688074,0.5211267605633803,0.8636363636363636
1632,74450,Sam Sherry,Elon,1.0,0.5072463768115942,0.28,1.0
1633,74452,Adam Larson,Southeast Missouri St.,0.0,0.6666666666666666,0.5,0.9772727272727273
1634,74453,Makai Richards,Pacific,1.0,0.7586206896551724,0.6,0.0
1635,74454,Dale Bonner,Ohio St.,1.0,0.35,0.15384615384615385,0.8518518518518519
1636,74456,Rahsool Diggins,Massachusetts,0.5,0.34146341463414637,0.21052631578947367,0.76
1637,74457,Jorell Saterfield,Portland St.,0.5,0.3,0.2631578947368421,0.7906976744186046
1638,74458,Bonke Maring,Houston Christian,0.8333333333333334,0.5977011494252874,0.6153846153846154,0.0
1639,74459,Justin Harmon,Illinois,1.0,0.43902439024390244,0.09090909090909091,0.9090909090909091
1640,74461,Marshall Kearing,South Alabama,0.3333333333333333,0.5263157894736842,0.25,0.9230769230769231
1641,74462,Brandon Weston,Rhode Island,1.0,0.4074074074074074,0.3333333333333333,0.7777777777777778
1642,74464,Erik Oliver,Tennessee Tech,0.0,0.0,0.0,0.0
1643,74465,Parsa Fallah,Southern Utah,0.7142857142857143,0.46956521739130436,0.4444444444444444,1.0
1644,74468,Niko Ruffin,Syracuse,0.0,0.0,0.0,0.0
1645,74469,Zakai Zeigler,Tennessee,0.0,0.023809523809523808,0.0,0.7083333333333334
1646,74471,Mouhamed Sow,Saint Peter's,0.75,0.6521739130434783,0.7272727272727273,1.0
1647,74472,Clarence Rupert,Southern Illinois,0.5,0.618421052631579,0.0,0.75
1648,74475,Ariel Bland,UC Santa Barbara,0.7777777777777778,0.5692307692307692,0.0,1.0
1649,74476,Ajay Mitchell,UC Santa Barbara,0.0,0.06593406593406594,0.06557377049180328,0.8
1650,74478,Mitch Fischer,Navy,0.0,0.6097560975609756,0.5,1.0
1651,74480,Marchelus Avery,UCF,0.5,0.225,0.0,0.8888888888888888
1652,74483,Cole Anderson,UC Santa Barbara,0.0,0.5714285714285714,0.5217391304347826,0.9142857142857143
1653,74484,Kiran Oliver,Morgan St.,0.7142857142857143,0.5714285714285714,0.0,1.0
1654,74485,Atiki Ally Atiki,BYU,1.0,0.8571428571428571,0.6923076923076923,0.0
1655,74487,Trey Stewart,BYU,1.0,0.375,0.125,0.8333333333333334
1656,74489,Javon Small,Oklahoma St.,0.3333333333333333,0.11538461538461539,0.0,0.5409836065573771
1657,74490,RJ Felton,East Carolina,0.4,0.39759036144578314,0.24444444444444444,0.9428571428571428
1658,74491,Jaquan Scott,Mississippi St.,0.0,0.5,0.75,0.0
1659,74494,Christian Wright,Oregon St.,0.0,0.3125,0.5,1.0
1660,74496,Alexis Reyes,Quinnipiac,0.0,0.3888888888888889,0.5,0.8823529411764706
1661,74497,Andy Barba,Duquesne,0.0,0.0,0.0,0.0
1662,74500,David Kamwanga,Tennessee Martin,0.0,0.6428571428571429,0.0,0.0
1663,74507,Parker Bjorklund,St. Thomas,0.9,0.4444444444444444,0.35135135135135137,0.96875
1664,74509,Nate Barnhart,South Dakota St.,1.0,0.8888888888888888,0.7142857142857143,0.9375
1665,74510,Ben Bowen,Denver,0.5,0.16666666666666666,0.0,1.0
1666,74511,Trazarien White,UNC Wilmington,0.875,0.17857142857142858,0.14893617021276595,0.8947368421052632
1667,74512,Jamarii Thomas,Norfolk St.,0.4,0.1111111111111111,0.0,0.673469387755102
1668,74513,Jalen Breath,UNC Greensboro,1.0,0.6065573770491803,0.7142857142857143,0.0
1669,74515,Dean Gabrelcik,UNC Asheville,0.0,0.0,0.0,1.0
1670,74516,Yaw Obeng-Mensah,Niagara,0.6956521739130435,0.4805194805194805,0.2857142857142857,1.0
1671,74517,Nika Metskhvarishvili,Louisiana Monroe,1.0,0.2807017543859649,0.47619047619047616,0.96
1672,74519,Josh Baker,Grand Canyon,0.0,0.18181818181818182,0.4,0.5
1673,74520,Khamari McGriff,UNC Wilmington,1.0,0.6756756756756757,0.5,0.0
1674,74521,Jarius Hicklen,Oklahoma St.,0.0,0.0,0.0,0.8666666666666667
1675,74522,Max Hrdlicka,North Florida,1.0,0.5,0.0,0.8
1676,74523,Brandon Rasmussen,North Florida,0.0,0.0,0.0,0.0
1677,74524,Darrius Washington,New Orleans,0.0,1.0,0.0,0.0
1678,74526,Robert Brown III,Nicholls St.,0.0,0.28888888888888886,0.0,0.8701298701298701
1679,74527,Will Tschetter,Michigan,1.0,0.5714285714285714,0.26666666666666666,0.8214285714285714
1680,74528,AJ Lopez,Maine,0.5,0.19047619047619047,0.17391304347826086,0.8148148148148148
1681,74529,Jamond Vincent,New Orleans,0.85,0.5,0.5714285714285714,0.875
1682,74530,Dontrez Styles,Georgetown,0.8,0.4444444444444444,0.3333333333333333,0.8979591836734694
1683,74533,Adama Bal,Santa Clara,0.3333333333333333,0.18333333333333332,0.14814814814814814,0.5714285714285714
1684,74534,Shane Nowell,UNLV,1.0,0.5,0.0,1.0
1685,74538,Will Menaugh,Arizona,0.0,0.0,1.0,0.0
1686,74540,Scotty Washington,Cal Baptist,0.0,0.3076923076923077,0.4782608695652174,0.9444444444444444
1687,74541,Jason Nelson,VCU,0.0,0.1875,0.08333333333333333,0.8709677419354839
1688,74542,Malcolm Dread,Mount St. Mary's,0.0,1.0,0.0,1.0
1689,74543,Liam Weaver,Richmond,0.0,0.0,0.0,1.0
1690,74544,Tyler Rice,East Tennessee St.,0.0,0.14285714285714285,0.0,1.0
1691,74545,Carlos Stewart,LSU,0.0,0.125,0.5,0.8
1692,74546,Jack Stefanski,Western Michigan,0.0,0.0,0.0,0.0
1693,74548,Owen Lobsinger,Western Michigan,0.6666666666666666,0.47619047619047616,0.24,0.92
1694,74551,Justice Williams,Robert Morris,0.0,0.17142857142857143,0.06,0.6530612244897959
1695,74552,Michael Meadows Jr.,Saint Louis,0.0,0.07142857142857142,0.0,0.42857142857142855
1696,74556,Darrius Miles,UT Arlington,1.0,1.0,1.0,0.0
1697,74559,Dan Conlan,Penn St.,0.0,0.0,0.0,0.0
1698,74561,Julien Soumaoro,Gardner Webb,0.0,0.43243243243243246,0.05555555555555555,0.576271186440678
1699,74564,Brendan Mykalcio,Gardner Webb,0.6666666666666666,0.5652173913043478,0.75,0.0
1700,74565,Ademide Badmus,Gardner Webb,1.0,0.39655172413793105,0.4117647058823529,0.0
1701,74566,Erik Reynolds II,Saint Joseph's,0.2,0.3333333333333333,0.26666666666666666,0.7053571428571429
1702,74567,Kacper Klaczek,Saint Joseph's,1.0,0.6410256410256411,0.5,1.0
1703,74569,Kobe Jerome,Delaware,0.0,0.0,0.0,1.0
1704,74570,Justin DeGraaf,UC San Diego,0.0,0.0,1.0,0.8888888888888888
1705,74572,Michael Pearson Jr.,UC San Diego,0.0,0.0,0.0,0.6
1706,74573,Francis Nwaokorie,UC San Diego,0.5555555555555556,0.36507936507936506,0.16666666666666666,0.9574468085106383
1707,74574,PJ Edwards,Bowling Green,0.0,0.2857142857142857,0.5,1.0
1708,74575,Darius Johnson,UCF,1.0,0.09836065573770492,0.037037037037037035,0.6901408450704225
1709,74577,Jasin Sinani,Campbell,0.5,0.35294117647058826,0.0,0.8604651162790697
1710,74580,Johnathan Massie,Longwood,0.0,0.14705882352941177,0.07142857142857142,0.9411764705882353
1711,74583,Sebastian Forsling,New Mexico,1.0,0.8888888888888888,0.0,0.0
1712,74584,Parker Fox,Minnesota,0.9285714285714286,0.765625,0.2857142857142857,0.0
1713,74585,Jacob Holt,Sacramento St.,0.8571428571428571,0.625,0.6666666666666666,1.0
1714,74586,Brenton Knapper,Santa Clara,1.0,0.3,0.3,0.9473684210526315
1715,74589,Coleman Lemke,Portland,0.0,0.0,0.0,1.0
1716,74591,Matt Mayers,Jacksonville St.,0.8888888888888888,0.6176470588235294,0.75,1.0
1717,74592,Marquis Barnett,Presbyterian,0.625,0.3402061855670103,0.1,0.9130434782608695
1718,74594,Camaron Tongue,Santa Clara,1.0,0.525,0.2,1.0
1719,74595,Shemarri Allen,UCF,0.5,0.29411764705882354,0.2,0.8888888888888888
1720,74598,Jamarion Sharp,Mississippi,0.7894736842105263,0.6486486486486487,0.75,0.0
1721,74602,Shaqir O'Neal,Texas Southern,1.0,0.3333333333333333,0.0,0.25
1722,74603,Tim Dalger,Saint Louis,0.6666666666666666,0.5,0.0,0.7777777777777778
1723,74604,Nikita Konstantynovskyi,Monmouth,0.7272727272727273,0.46,0.625,0.0
1724,74605,AD Diedhiou,Louisiana Monroe,0.0,0.5789473684210527,0.625,0.0
1725,74606,Gavin Perryman,Texas,0.0,0.0,1.0,0.0
1726,74607,AJ Allenspach,Army,0.5,0.6086956521739131,0.0,0.0
1727,74614,Isaiah Gray,Cornell,0.5714285714285714,0.45454545454545453,0.07692307692307693,0.8571428571428571
1728,74615,Chris Manon,Cornell,0.5,0.3522727272727273,0.17391304347826086,0.6956521739130435
1729,74616,Sean Hansen,Cornell,0.8888888888888888,0.6,0.4666666666666667,1.0
1730,74617,Augustas Marciulionis,Saint Mary's,0.0,0.21739130434782608,0.2222222222222222,0.7567567567567568
1731,74618,Chris Howell,Saint Mary's,0.0,0.75,0.5,1.0
1732,74619,Stefan Todorovic,San Francisco,0.0,0.3333333333333333,0.0,0.9
1733,74620,Tyler Lundblade,TCU,0.0,0.0,0.0,1.0
1734,74621,Jalen Smith,SMU,1.0,0.5555555555555556,0.25,0.7560975609756098
1735,74622,Zhuric Phelps,SMU,0.6666666666666666,0.3181818181818182,0.25,0.7
1736,74623,Tanner Thomas,Sacred Heart,0.0,0.5,0.125,0.9285714285714286
1737,74624,Raymond Espinal-Guzman,Sacred Heart,1.0,0.5483870967741935,0.0,0.0
1738,74627,Markeith Browning II,Milwaukee,0.0,0.0,0.0,0.875
1739,74631,Ike Cornish,Ohio,0.0,0.46153846153846156,0.5,0.9411764705882353
1740,74632,Julian Reese,Maryland,0.8333333333333334,0.5333333333333333,0.41025641025641024,0.0
1741,74633,DJ Burns,Youngstown St.,0.6666666666666666,0.42424242424242425,0.48484848484848486,0.9285714285714286
1742,74634,Isaac Haney,Austin Peay,1.0,0.2,0.08333333333333333,0.967741935483871
1743,74635,Chace Davis,Maryland Eastern Shore,0.0,0.36363636363636365,0.375,0.8333333333333334
1744,74637,Montavious Myrick,Eastern Kentucky,1.0,0.8571428571428571,0.0,0.0
1745,74640,Justin Neely,Albany,0.0,0.0,0.3333333333333333,0.0
1746,74642,Aaron Reddish,Albany,0.8,0.38636363636363635,0.25,0.9583333333333334
1747,74643,Ny'Mire Little,Albany,0.75,0.47058823529411764,0.42857142857142855,0.9
1748,74645,Zion Russell,Northern Illinois,0.0,0.07142857142857142,0.0,0.8181818181818182
1749,74646,Basheer Jihad,Ball St.,1.0,0.34444444444444444,0.43243243243243246,0.7894736842105263
1750,74648,Dezi Jones,Austin Peay,0.0,0.11666666666666667,0.061224489795918366,0.6428571428571429
1751,74650,Brody Limric,Central Connecticut,0.0,1.0,0.0,1.0
1752,74651,Seth Wilson,West Virginia,0.0,0.16666666666666666,0.5,0.9545454545454546
1753,74652,Reese McMullen,Penn,0.0,0.4444444444444444,0.0,0.8181818181818182
1754,74653,George Smith,Penn,0.0,0.14285714285714285,0.0,0.9
1755,74654,Gus Larson,California,1.0,0.6666666666666666,0.0,0.75
1756,74655,Nick Spinoso,Penn,0.625,0.3854166666666667,0.2727272727272727,1.0
1757,74656,Eddie Holland III,Penn,0.0,0.5,0.08333333333333333,1.0
1758,74662,Trent McLaughlin,Northern Arizona,0.4,0.44155844155844154,0.15151515151515152,0.7027027027027027
1759,74663,Abdul Momoh,Central Connecticut,1.0,0.6,0.14285714285714285,1.0
1760,74664,Lynn Greer III,Saint Joseph's,1.0,0.2857142857142857,0.05128205128205128,0.7142857142857143
1761,74665,Jordan Longino,Villanova,0.0,0.13043478260869565,0.16666666666666666,0.9230769230769231
1762,74666,Nnanna Njoku,Villanova,0.0,0.3333333333333333,0.0,0.0
1763,74668,Zaire Williams,Wagner,0.0,0.42857142857142855,0.0,0.8
1764,74669,Rob Taylor II,Wagner,0.0,0.42857142857142855,0.3333333333333333,0.0
1765,74671,Kenny Pohto,Wichita St.,0.5,0.43243243243243246,0.43333333333333335,1.0
1766,74673,Isaac Abidde,Wichita St.,0.6666666666666666,0.6,0.16666666666666666,0.8888888888888888
1767,74674,Greg Spurlock,Coppin St.,0.6,0.42857142857142855,0.2619047619047619,0.6538461538461539
1768,74679,Aaron Cash,UT Arlington,0.8571428571428571,0.7083333333333334,0.35714285714285715,1.0
1769,74680,Ashton Smith,Oral Roberts,0.8,0.6666666666666666,1.0,0.0
1770,74681,Manny Obaseki,Texas A&M,0.0,0.18181818181818182,0.0,0.8571428571428571
1771,74682,Ryan Nembhard,Gonzaga,1.0,0.2608695652173913,0.10344827586206896,0.6857142857142857
1772,74683,Theo Seng,Troy,0.75,0.5454545454545454,1.0,0.9411764705882353
1773,74684,Matteus Case,William & Mary,0.0,0.39473684210526316,0.4166666666666667,0.4166666666666667
1774,74685,Taje' Kelly,Charleston Southern,0.5,0.25925925925925924,0.19230769230769232,1.0
1775,74690,Julian Roper II,Notre Dame,0.25,0.11538461538461539,0.0,0.75
1776,74691,Brooks Barnhizer,Northwestern,0.3333333333333333,0.5303030303030303,0.26865671641791045,0.825
1777,74696,Casey Simmons,Yale,0.625,0.5161290322580645,0.5,1.0
1778,74697,Wayne McKinney III,San Diego,1.0,0.23376623376623376,0.058823529411764705,0.68
1779,74698,Jack Molloy,Yale,0.0,0.4,0.0,1.0
1780,74699,Teo Rice,Yale,0.0,0.0,0.0,1.0
1781,74700,Yussif Basa-Ama,Yale,0.0,0.5,1.0,0.0
1782,74701,Matt Knowling,Yale,0.5714285714285714,0.5340909090909091,0.4146341463414634,1.0
1783,74702,Bez Mbeng,Yale,0.75,0.4262295081967213,0.0967741935483871,0.65625
1784,74703,Igor Milicic Jr.,Charlotte,0.8333333333333334,0.5245901639344263,0.3333333333333333,0.9821428571428571
1785,74704,Emir Buyukhanli,Yale,0.0,0.0,0.0,0.0
1786,74705,John Poulakidas,Yale,1.0,0.6363636363636364,0.288135593220339,0.6962025316455697
1787,74707,Ndewedo Newbury,San Francisco,0.45454545454545453,0.5217391304347826,0.2222222222222222,1.0
1788,74708,Imo Essien,Old Dominion,0.0,0.3333333333333333,0.13333333333333333,0.875
1789,74710,Kalen Etzler,Ohio St.,0.0,0.0,0.0,0.0
1790,74711,Yassine Gharram,Yale,0.0,0.6666666666666666,0.3,1.0
1791,74717,Quincy Clark,Jacksonville St.,0.5,0.04,0.0625,0.42857142857142855
1792,74719,Trae Benham,High Point,0.0,0.4166666666666667,0.2,0.9558823529411765
1793,74720,Jalen Sullinger,Kent St.,0.0,0.12727272727272726,0.0975609756097561,0.725
1794,74722,Grant Asman,Lipscomb,1.0,0.5,0.0,0.9230769230769231
1795,74723,Joe Charles,Louisiana,0.4,0.5070422535211268,0.5555555555555556,1.0
1796,74725,Chase McKey,Marshall,0.0,0.0,0.0,0.0
1797,74726,Elijah Lawrence,Oral Roberts,0.0,1.0,0.0,0.0
1798,74727,Luka Tekavcic,Coppin St.,1.0,0.5,0.2857142857142857,1.0
1799,74728,Sir Issac Herron,Oral Roberts,1.0,0.6382978723404256,0.26666666666666666,1.0
1800,74730,CJ Noland,North Texas,0.0,0.20512820512820512,0.06666666666666667,0.7037037037037037
1801,74731,Jake Moser,Oklahoma,0.0,0.0,0.0,0.0
1802,74732,Alston Mason,Missouri St.,1.0,0.15492957746478872,0.13513513513513514,0.6388888888888888
1803,74733,Bijan Cortes,Wichita St.,0.0,0.2777777777777778,0.14285714285714285,0.5833333333333334
1804,74734,Coltie Young,Jackson St.,0.7,0.45161290322580644,0.5,0.8909090909090909
1805,74736,Elijah Tucker,Longwood,0.7,0.6,0.6153846153846154,0.0
1806,74737,Michael Brown,Florida St.,0.0,0.0,0.0,0.0
1807,74739,Josh Uduje,Utah St.,0.4444444444444444,0.4782608695652174,0.3225806451612903,0.9565217391304348
1808,74744,Christian Tucker,UTSA,1.0,0.11764705882352941,0.15789473684210525,0.6666666666666666
1809,74746,Jalen Warley,Florida St.,0.6666666666666666,0.30303030303030304,0.21052631578947367,1.0
1810,74747,KeShawn Murphy,Mississippi St.,1.0,0.5416666666666666,0.6,1.0
1811,74748,Cam Carter,Kansas St.,0.7647058823529411,0.3375,0.27586206896551724,0.9152542372881356
1812,74749,Alden Applewhite,Murray St.,0.0,0.6666666666666666,0.0,0.8125
1813,74752,Josh Odunowo,Columbia,0.875,0.6595744680851063,0.5151515151515151,0.0
1814,74754,Zach Martini,Princeton,0.0,0.6666666666666666,1.0,1.0
1815,74759,Paul Bizimana,Cal Poly,1.0,0.2,0.4,1.0
1816,74760,Pedro Lopez-Sanvicente,Denver,0.7142857142857143,0.6,0.2777777777777778,1.0
1817,74763,Touko Tainamo,Denver,1.0,0.5454545454545454,0.2619047619047619,1.0
1818,74764,Frankie Fidler,Nebraska Omaha,0.6666666666666666,0.27419354838709675,0.2972972972972973,0.7551020408163265
1819,74767,Ismail Habib,Portland St.,0.0,0.10526315789473684,0.0,0.6
1820,74768,Caleb Furst,Purdue,0.8571428571428571,0.6470588235294118,0.3333333333333333,1.0
1821,74771,Trey Kaufman-Renn,Purdue,1.0,0.6981132075471698,0.5142857142857142,0.75
1822,74773,Brian Waddell,Purdue,1.0,1.0,0.5,1.0
1823,74775,Brett Rumpel,Manhattan,0.0,0.2222222222222222,0.0,0.0
1824,74780,A.J. Neal,Chicago St.,0.0,0.1875,0.0,0.8125
1825,74781,Aboubacar Traore,Long Beach St.,0.7037037037037037,0.432,0.35294117647058826,1.0
1826,74782,AJ George,Long Beach St.,0.8571428571428571,0.6265060240963856,0.3409090909090909,1.0
1827,74784,Treyton Thompson,Stetson,0.4,0.4444444444444444,0.2727272727272727,1.0
1828,74787,Fousseyni Traore,BYU,1.0,0.6133333333333333,0.5142857142857142,1.0
1829,74788,Brandon Love,Texas St.,0.75,0.5363636363636364,0.29411764705882354,0.0
1830,74789,Tanahj Pettway,New Mexico St.,0.0,0.35294117647058826,0.2857142857142857,0.9285714285714286
1831,74790,Graham Calton,Vanderbilt,0.0,0.0,0.0,1.0
1832,74791,Benny Williams,Syracuse,0.8,0.7368421052631579,0.3333333333333333,1.0
1833,74793,Taine Murray,Virginia,0.0,0.6428571428571429,0.625,1.0
1834,74794,Corey Tripp,Wofford,1.0,0.3,0.13333333333333333,0.7777777777777778
1835,74796,Luke Turner,UC Riverside,0.0,0.0,0.5,1.0
1836,74798,Mekhi Collins,Nicholls St.,0.8709677419354839,0.7608695652173914,0.6,0.0
1837,74800,Mason Whittaker,American,0.0,0.0,0.0,0.0
1838,74801,Ben Nau,St. Thomas,0.0,0.6666666666666666,0.0,0.8780487804878049
1839,74802,Langston Love,Baylor,0.0,0.16129032258064516,0.07142857142857142,0.7941176470588235
1840,74806,Ryan Dufault,St. Thomas,0.0,0.30952380952380953,0.0,1.0
1841,74807,Noa Gonsalves,Utah Tech,0.0,0.41379310344827586,0.3157894736842105,0.9090909090909091
1842,74811,Elijah Stephens,American,0.0,0.03278688524590164,0.09375,0.8
1843,74812,Daylen Berry,Charlotte,0.0,0.75,0.3333333333333333,1.0
1844,74813,Chris Ford,Robert Morris,0.0,0.48484848484848486,0.375,0.0
1845,74814,Des Watson,Loyola Chicago,0.9230769230769231,0.5423728813559322,0.24,0.864406779661017
1846,74815,Charles Lampten,Western Carolina,1.0,0.5263157894736842,0.0,0.0
1847,74816,Kino Lilly Jr.,Brown,0.0,0.2962962962962963,0.2125,0.6222222222222222
1848,74818,Raekwon Horton,James Madison,0.18181818181818182,0.3582089552238806,0.0,0.9545454545454546
1849,74819,Reyne Smith,Charleston,0.0,0.4666666666666667,0.16666666666666666,0.9099099099099099
1850,74820,Ben Burnham,Charleston,0.35714285714285715,0.25301204819277107,0.041666666666666664,0.9302325581395349
1851,74821,Lyndel Erold,Brown,0.0,0.4,0.0,1.0
1852,74822,DJ Smith,Bowling Green,0.0,0.0,0.0,0.6666666666666666
1853,74823,Quion Burns,Maine,0.75,0.2727272727272727,0.2,0.88
1854,74825,Xavier Ball,Texas Southern,0.0,1.0,0.75,1.0
1855,74827,Bensley Joseph,Miami FL,0.0,0.2,0.3125,0.6538461538461539
1856,74832,Keyondre Young,DePaul,0.6666666666666666,0.8,0.6666666666666666,1.0
1857,74833,Darius DeAveiro,Valparaiso,0.0,0.125,0.12903225806451613,0.5625
1858,74836,Cole Despie,TCU,0.0,0.0,0.0,0.0
1859,74839,Trey Woodyard,New Hampshire,0.0,0.25,0.3333333333333333,0.96
1860,74840,Cesare Edwards,Missouri St.,0.9090909090909091,0.5531914893617021,0.2894736842105263,0.8333333333333334
1861,74841,Milos Ilic,Loyola MD,0.8125,0.5806451612903226,0.5833333333333334,1.0
1862,74843,David Brown III,Loyola MD,0.0,0.6875,0.3,0.8888888888888888
1863,74844,Kam Jones,Marquette,1.0,0.3253968253968254,0.07142857142857142,0.7578947368421053
1864,74845,Kyle Cuffe Jr.,Syracuse,0.3333333333333333,0.4666666666666667,0.5,0.9230769230769231
1865,74846,Noah Harris,Marist,0.0,0.0,0.0,0.68
1866,74847,Chris Kuzemka,Loyola MD,0.0,0.6666666666666666,0.6666666666666666,0.9090909090909091
1867,74849,Dillon Wilhite,Kansas,0.0,1.0,0.0,0.0
1868,74850,Emarion Ellis,Bradley,0.0,0.2,0.0,1.0
1869,74851,Julian Hammond III,Colorado,0.0,0.5384615384615384,0.45454545454545453,0.7857142857142857
1870,74852,Blake Peters,Princeton,0.0,0.6666666666666666,1.0,0.8688524590163934
1871,74853,Nate Tshimanga,Utah Valley,0.75,0.56,0.16666666666666666,0.0
1872,74854,Keisei Tominaga,Nebraska,0.0,0.5434782608695652,0.23404255319148937,0.5657894736842105
1873,74858,AJ Braun,Wright St.,1.0,0.582089552238806,0.2857142857142857,0.0
1874,74859,Javantae Randle,Eastern Michigan,1.0,0.3333333333333333,0.0,0.0
1875,74860,Akol Mawein,Sacramento St.,0.8181818181818182,0.7083333333333334,0.09090909090909091,1.0
1876,74861,Jason Montgomery,Lipscomb,0.0,0.6666666666666666,1.0,1.0
1877,74863,Chris Cain,Cornell,0.0,0.5,0.0,1.0
1878,74864,Josh Beadle,Clemson,0.0,0.2,0.14285714285714285,0.6666666666666666
1879,74865,Geronimo Rubio De La Rosa,Columbia,0.0,0.6363636363636364,0.2,0.8679245283018868
1880,74866,CJ Anthony,Cincinnati,0.0,0.5,0.0,0.5
1881,74867,Ryan Kiachian,Cornell,0.0,0.5,0.0,0.0
1882,74868,Ian Motta,Bucknell,0.6666666666666666,0.3793103448275862,0.1,0.92
1883,74869,Nazir Williams,Cornell,0.0,0.375,0.06896551724137931,0.7837837837837838
1884,74870,Elvin Edmonds IV,Bucknell,0.0,0.023809523809523808,0.16129032258064516,0.7419354838709677
1885,74872,Josh Bascoe,Bucknell,0.0,0.20833333333333334,0.034482758620689655,0.6071428571428571
1886,74874,Brandon Betson,Sacramento St.,0.0,0.0,0.0,0.7
1887,74876,Spencer Hubbard,Duke,0.0,0.0,0.0,0.0
1888,74877,Brandon Weatherspoon,Florida Atlantic,0.42857142857142855,0.4878048780487805,0.3333333333333333,0.9024390243902439
1889,74881,Simas Lukosius,Cincinnati,0.0,0.4782608695652174,0.18181818181818182,0.9
1890,74884,Zeke Mayo,South Dakota St.,0.0,0.2,0.03571428571428571,0.49382716049382713
1891,74886,Kezza Giffa,High Point,0.0,0.125,0.0,0.7391304347826086
1892,74887,Landon Brenchley,Utah St.,0.0,0.0,0.0,0.0
1893,74888,Cade Potter,High Point,0.0,0.6666666666666666,0.0,1.0
1894,74891,Will McClendon,UCLA,0.0,0.5,0.3076923076923077,0.9629629629629629
1895,74894,Quentin Diboundje,East Carolina,1.0,0.5,0.0,1.0
1896,74895,Kevin Dunn,Wake Forest,0.0,1.0,0.0,0.0
1897,74897,Jordan Roberts,Texas A&M Corpus Chris,0.0,0.4411764705882353,0.5,0.9210526315789473
1898,74898,Owen Dease,Texas A&M Corpus Chris,0.875,0.4722222222222222,0.25,0.9047619047619048
1899,74899,Jahmai Mashack,Tennessee,0.0,0.3448275862068966,0.3076923076923077,1.0
1900,74900,Rahdir Hicks,Towson,0.0,0.0,0.0,1.0
1901,74901,Robert McCray V,Jacksonville,0.5,0.1651376146788991,0.05,0.4583333333333333
1902,74902,Tyler Coleman,Towson,1.0,0.6,0.0,0.0
1903,74903,Mike James,Louisville,0.8333333333333334,0.33962264150943394,0.0967741935483871,0.9722222222222222
1904,74904,Quimari Peterson,East Tennessee St.,0.0,0.1262135922330097,0.03333333333333333,0.631578947368421
1905,74906,Kaleb Stewart,South Dakota,0.75,0.2222222222222222,0.07317073170731707,0.75
1906,74908,Will Allen,Louisiana Tech,0.0,0.25,0.0,0.0
1907,74910,Jaylen Stinson,Merrimack,0.0,0.3333333333333333,0.0,0.7142857142857143
1908,74911,Devon Savage,Merrimack,0.0,0.5384615384615384,0.25,0.9166666666666666
1909,74913,Izaiah Robinson,Dartmouth,0.0,0.45454545454545453,0.14285714285714285,0.8333333333333334
1910,74916,Julian Mackey,Georgia St.,0.0,0.18181818181818182,0.0,0.6875
1911,74918,Noah Robledo,Columbia,0.0,0.5555555555555556,0.6,1.0
1912,74919,Denver Jones,Auburn,0.6666666666666666,0.4117647058823529,0.14285714285714285,0.9411764705882353
1913,74921,Jake Tavroff,Columbia,0.6666666666666666,0.75,1.0,0.0
1914,74922,Mohamed Sanogo,FIU,0.9,0.68,0.4166666666666667,0.0
1915,74923,Michael Gray Jr.,Nicholls St.,0.0,0.125,0.1,0.9523809523809523
1916,74925,Aquan Smart,Southeast Missouri St.,0.0,0.3548387096774194,0.1724137931034483,1.0
1917,74926,Chase Tucker,George Mason,0.0,0.0,0.0,0.0
1918,74927,Blake Jones,Montana,1.0,1.0,0.0,1.0
1919,74928,Artese Stapleton,UMKC,0.0,0.0,0.0,0.3333333333333333
1920,74930,Amoro Lado,Lindenwood,0.0,0.2,0.0,1.0
1921,74931,Randy Tucker,Niagara,0.0,0.625,0.0,1.0
1922,74932,Jourdan Smith,Grambling St.,0.5454545454545454,0.3617021276595745,0.4583333333333333,0.8461538461538461
1923,74935,Jack Pease,Colorado,0.0,0.0,0.0,0.0
1924,74937,Anderson Mirambeaux,Miami OH,0.0,0.37142857142857144,0.16666666666666666,0.8888888888888888
1925,74941,Jayme Mitchell,Jackson St.,1.0,0.5,0.0,1.0
1926,74944,Jimel Cofer,Grambling St.,1.0,0.26666666666666666,0.75,1.0
1927,74946,Darrell Reed,Alabama St.,0.5,0.42857142857142855,0.5,0.0
1928,74947,Derrick Tezeno,Southern,0.5714285714285714,0.6585365853658537,0.5483870967741935,0.8
1929,74949,Jackson Grant,Utah St.,0.5,0.5,0.0,0.0
1930,74950,Great Osobor,Utah St.,0.8571428571428571,0.7081081081081081,0.5789473684210527,1.0
1931,74951,Sam Hoiberg,Nebraska,0.0,0.2727272727272727,0.0,0.9333333333333333
1932,74952,Daniel Ortiz,UAB,0.0,0.26666666666666666,0.2,0.7446808510638298
1933,74955,Quaran Mcpherson,Northern Illinois,0.0,0.2857142857142857,0.0,0.8
1934,74960,Alex Tew,Weber St.,0.7941176470588235,0.6818181818181818,0.2857142857142857,0.0
1935,74961,Sam Fagan,Monmouth,0.0,0.0,0.0,0.0
1936,74963,Tahron Allen,Wagner,1.0,0.4528301886792453,0.6153846153846154,0.9615384615384616
1937,74965,Houston Mallette,Pepperdine,0.0,0.27586206896551724,0.4230769230769231,0.7931034482758621
1938,74967,Eyal Nankin,NJIT,0.0,0.5,0.0,0.0
1939,74968,James Okonkwo,North Carolina,1.0,0.8,0.0,0.0
1940,74969,Mike Mitchell Jr.,Minnesota,0.0,0.5,0.5897435897435898,0.8873239436619719
1941,74972,Valentin Catt,Lamar,1.0,0.9,0.6,0.0
1942,74977,Tsotne Tsartsidze,North Dakota,1.0,0.375,0.34782608695652173,0.9393939393939394
1943,74980,Davon Barnes,Sam Houston St.,1.0,0.375,0.37142857142857144,0.7407407407407407
1944,74982,Kolby Granger,Texas Southern,0.0,0.2777777777777778,0.5,0.875
1945,74983,Kevin Kalu,UTEP,0.8333333333333334,0.6666666666666666,0.5,0.0
1946,74984,Christyon Eugene,Troy,0.6666666666666666,0.38666666666666666,0.1,0.75
1947,74986,Darius Gakwasi,Princeton,0.0,0.0,0.0,1.0
1948,74987,Christopher Mantis,Appalachian St.,1.0,1.0,0.36363636363636365,0.9047619047619048
1949,74988,Allen Strothers,East Tennessee St.,0.0,0.4,0.07692307692307693,0.8
1950,74989,Brayon Freeman,Coastal Carolina,0.0,0.0,0.0,0.0
1951,74990,Kowacie Reeves Jr.,Georgia Tech,0.625,0.47368421052631576,0.38095238095238093,0.9411764705882353
1952,74991,Wes Peterson Jr.,Delaware,0.0,0.5,0.0,1.0
1953,74993,Laziz Talipov,George Washington,0.0,0.0,0.0,0.0
1954,74994,Oscar Berry,North Florida,0.0,0.3333333333333333,0.0,0.8333333333333334
1955,74996,Tre Carroll,Florida Atlantic,1.0,0.5,0.5454545454545454,0.8
1956,74997,Bogdan Zimonjic,Tennessee Tech,0.0,0.2,0.0,1.0
1957,75000,Niyi Olabode,UC Riverside,0.0,0.2,0.5,0.875
1958,75001,Chase Barrs,Florida A&M,1.0,0.75,0.5,0.0
1959,75004,Hayden Jory,Cal Poly,0.0,0.0,0.0,0.8571428571428571
1960,75005,Ethan Butler,Northern Illinois,0.875,0.5714285714285714,1.0,1.0
1961,75007,Jake Cioe,San Francisco,0.0,0.0,0.0,0.0
1962,75009,Arthur Kaluma,Kansas St.,0.7,0.31645569620253167,0.22727272727272727,0.8823529411764706
1963,75011,Kalib Clinton,Charleston Southern,1.0,0.2727272727272727,0.16666666666666666,1.0
1964,75013,Quincy Allen,James Madison,0.6666666666666666,0.5,0.0,1.0
1965,75014,Mason Miller,Creighton,1.0,0.5,0.5,0.9591836734693877
1966,75015,John Christofilis,Seattle,0.0,0.2631578947368421,0.2127659574468085,0.953125
1967,75016,Zek Montgomery,Rhode Island,0.6666666666666666,0.36538461538461536,0.17391304347826086,0.6923076923076923
1968,75017,Trey Alexander,Creighton,0.0,0.2191780821917808,0.10309278350515463,0.8064516129032258
1969,75018,Ibbe Klintman,Central Arkansas,1.0,0.07692307692307693,0.0,0.75
1970,75019,Kristians Feierbergs,Maine,1.0,0.8108108108108109,0.8333333333333334,1.0
1971,75020,Byron Ireland,Nicholls St.,0.0,0.10714285714285714,0.058823529411764705,0.8
1972,75022,John Camden,Virginia Tech,0.0,0.0,0.0,1.0
1973,75023,Johnathan Lawson,Creighton,0.0,0.5,0.0,1.0
1974,75024,Novak Perovic,Maine,0.0,0.0,0.0,0.0
1975,75025,Milos Nenadic,Maine,0.0,0.3333333333333333,0.0,0.0
1976,75032,Chris Morgan,North Texas,0.0,0.0,0.0,0.0
1977,75033,Aaron Scott,North Texas,0.4444444444444444,0.28205128205128205,0.22916666666666666,0.9534883720930233
1978,75034,Matthew Stone,North Texas,0.0,0.4,0.0,0.9090909090909091
1979,75035,Peter Filipovity,Maine,1.0,0.5294117647058824,0.34782608695652173,1.0
1980,75037,Clark Slajchert,Penn,0.0,0.6,0.21428571428571427,0.74
1981,75038,Colin Chambers,Penn,0.0,1.0,0.0,0.0
1982,75041,Davion Everett,South Carolina St.,0.6,0.3870967741935484,0.6666666666666666,0.0
1983,75050,Scottie Ebube,Southern Illinois,0.7727272727272727,0.6417910447761194,0.7777777777777778,0.0
1984,75051,Troy D'Amico,Southern Illinois,1.0,0.6666666666666666,0.42857142857142855,0.9803921568627451
1985,75053,Foster Wonders,Green Bay,0.0,0.3333333333333333,0.3333333333333333,0.9516129032258065
1986,75055,Trey Moss,William & Mary,0.2,0.2625,0.14285714285714285,0.8095238095238095
1987,75058,Legend Geeter,Eastern Michigan,0.0,0.43333333333333335,0.6153846153846154,1.0
1988,75059,Rafael Castro,Providence,0.8947368421052632,0.7631578947368421,1.0,1.0
1989,75060,Corey Perkins,Delaware St.,0.0,0.0,0.3333333333333333,0.0
1990,75061,Khyrie Staten,Delaware St.,0.0,0.6363636363636364,0.4444444444444444,0.5
1991,75064,Brady Uhl,Dayton,0.0,0.0,0.5,1.0
1992,75065,Ricky Deadwyler III,Delaware St.,0.0,0.0,0.0,1.0
1993,75070,Jerry Ngopot,Louisiana Monroe,1.0,0.6842105263157895,0.5625,1.0
1994,75071,Latrell Reid,Saint Peter's,1.0,0.3,0.04411764705882353,0.6666666666666666
1995,75076,Brent Bland,Saint Peter's,1.0,0.4444444444444444,0.4,0.972972972972973
1996,75078,Muon Reath,UNC Greensboro,0.0,0.0,0.0,1.0
1997,75079,Brody Nunn,Seattle,0.0,0.0,0.0,1.0
1998,75082,Jordan Jefferson,Little Rock,0.0,0.3333333333333333,0.25,0.9
1999,75083,Avontez Ledet,Southern,0.0,0.0,0.0,0.0
2000,75084,RJ Melendez,Georgia,0.5714285714285714,0.375,0.2,0.8285714285714286
2001,75085,Brian Gordon,Lamar,0.0,0.0,0.0,1.0
2002,75086,Chris Walker,Binghamton,1.0,0.6666666666666666,0.125,0.84
2003,75087,Ben Schwieger,Loyola Chicago,0.0,0.5,0.0,0.0
2004,75088,Ayodele Taiwo,Howard,1.0,0.5,0.0,0.0
2005,75090,Julius Rollins,Kent St.,0.8,0.47368421052631576,0.4,0.9285714285714286
2006,75095,Andrew Laczkowski,Penn,1.0,0.6153846153846154,0.5,1.0
2007,75097,Tedrick Wilcox Jr.,Hampton,0.36363636363636365,0.3333333333333333,0.037037037037037035,0.8085106382978723
2008,75099,Kanye Jones,Buffalo,0.0,0.5454545454545454,1.0,1.0
2009,75100,Devin McGlockton,Boston College,1.0,0.6403508771929824,0.6153846153846154,1.0
2010,75105,Tyson Degenhart,Boise St.,0.5714285714285714,0.39473684210526316,0.1111111111111111,0.8666666666666667
2011,75106,Kobe Young,Boise St.,0.6666666666666666,0.6666666666666666,0.0,1.0
2012,75107,RJ Keene,Boise St.,0.0,1.0,0.0,1.0
2013,75108,Jaeden Zackery,Boston College,0.0,0.38095238095238093,0.1206896551724138,0.84375
2014,75111,Jusaun Holt,Kennesaw St.,1.0,0.36363636363636365,0.0,1.0
2015,75112,Matt Delaney,American,0.0,0.0,0.0,0.0
2016,75114,Leonardo Bettiol,Abilene Christian,0.0,0.6091954022988506,0.5384615384615384,0.0
2017,75115,Jayden Nunn,Baylor,1.0,0.3181818181818182,0.0,0.9166666666666666
2018,75116,Nick Kern Jr.,Penn St.,0.6875,0.4588235294117647,0.2857142857142857,1.0
2019,75117,Jalen Breazeale,USC Upstate,0.0,0.13333333333333333,0.09090909090909091,0.5454545454545454
2020,75118,Jordan Gainey,Tennessee,0.25,0.4642857142857143,0.3076923076923077,0.9230769230769231
2021,75119,Keshon Gilbert,Iowa St.,0.3333333333333333,0.3170731707317073,0.18181818181818182,0.6388888888888888
2022,75120,Nick Alves,USC Upstate,0.5714285714285714,0.375,0.3181818181818182,0.8235294117647058
2023,75122,Jalen DeLoach,Georgia,0.8,0.5111111111111111,0.0,0.0
2024,75124,Shemar Wilson,UT Arlington,1.0,0.5684210526315789,0.7586206896551724,1.0
2025,75126,Nick Davidson,Nevada,0.84,0.6388888888888888,0.4666666666666667,0.9230769230769231
2026,75129,Duncan Powell,Sacramento St.,0.6,0.4625,0.30434782608695654,0.9285714285714286
2027,75134,Jaylin Gibson,Eastern Illinois,0.6666666666666666,0.3333333333333333,0.25,0.8
2028,75141,Burke Chebuhar,Lehigh,0.0,0.5121951219512195,0.625,1.0
2029,75142,Brandon Johnson,East Carolina,0.7333333333333333,0.3968253968253968,0.25,0.9354838709677419
2030,75144,Marco Foster,North Alabama,0.0,0.75,0.3333333333333333,0.9
2031,75146,Handje Tamba,Weber St.,1.0,0.875,0.25,0.0
2032,75152,Blake Barker,Army,0.0,0.1111111111111111,0.0,1.0
2033,75153,Jaylon Tyson,California,0.7083333333333334,0.2975206611570248,0.09803921568627451,0.5
2034,75154,Corey Floyd Jr.,Providence,1.0,0.375,0.0,0.9
2035,75156,Langston Wilson,Milwaukee,0.9565217391304348,0.6875,0.3125,1.0
2036,75157,Sam Alajiki,Rice,0.8,0.38461538461538464,0.3333333333333333,0.8181818181818182
2037,75158,Cole Bott,Texas,0.0,0.0,0.0,0.0
2038,75162,Kyrell Luc,St. Bonaventure,0.0,0.2,0.1111111111111111,0.6666666666666666
2039,75165,Caleb Kenney,Holy Cross,0.6428571428571429,0.40476190476190477,0.27906976744186046,0.0
2040,75167,Saint Thomas,Northern Colorado,0.6666666666666666,0.3793103448275862,0.13846153846153847,0.6666666666666666
2041,75168,Ramon Walker Jr.,Houston,1.0,0.16666666666666666,0.0,1.0
2042,75169,Tyrese Hunter,Texas,0.42857142857142855,0.3,0.23333333333333334,0.75
2043,75170,Ja'Vier Francis,Houston,0.86,0.75,0.5294117647058824,0.0
2044,75171,Maximus Edwards,George Washington,0.5714285714285714,0.32786885245901637,0.12,0.803921568627451
2045,75174,Dominic Muncey,San Diego,0.0,0.6666666666666666,0.0,1.0
2046,75177,Grayson Carper,Cal St. Fullerton,1.0,0.8,0.5,0.9259259259259259
2047,75178,Michael Katsock,Davidson,0.0,0.0,0.0,0.0
2048,75180,Malik Lamin,Grambling St.,1.0,0.6666666666666666,1.0,0.0
2049,75181,Quintin Murrell,Grambling St.,0.0,0.5,0.0,1.0
2050,75189,Jamiya Neal,Arizona St.,0.5789473684210527,0.391304347826087,0.18518518518518517,0.6666666666666666
2051,75195,Isaiah Walker,Belmont,0.0,0.65,0.5,1.0
2052,75196,Will Richard,Florida,0.6666666666666666,0.5294117647058824,0.6923076923076923,0.9142857142857143
2053,75198,Broc Bidwell,Campbell,0.0,0.0,0.0,1.0
2054,75201,Jake Arnold,Houston Christian,0.0,0.0,0.0,1.0
2055,75202,DaRon Holmes II,Dayton,0.7183098591549296,0.5928571428571429,0.4444444444444444,0.9375
2056,75203,Ben Middlebrooks,N.C. State,1.0,0.5,0.3333333333333333,1.0
2057,75204,Marques Gates,Houston Christian,0.0,0.0,0.0,0.0
2058,75205,Tristan Moore,Houston Christian,0.0,0.0,0.25,0.8666666666666667
2059,75207,Derek Petersen,IU Indy,0.0,0.0,0.0,0.0
2060,75214,Ja'Heim Hudson,SMU,1.0,0.5714285714285714,0.4,0.9444444444444444
2061,75216,Jackie Johnson III,UNLV,0.0,0.27586206896551724,0.5,0.9642857142857143
2062,75218,Miles Kelly,Georgia Tech,1.0,0.22448979591836735,0.125,0.782608695652174
2063,75219,Jalon Moore,Oklahoma,0.7894736842105263,0.5795454545454546,0.75,1.0
2064,75221,Dallan 'Deebo' Coleman,Georgia Tech,0.5,0.26666666666666666,0.36363636363636365,0.96875
2065,75223,Adam Comer,Charleston,0.0,1.0,0.0,0.0
2066,75224,Mohamed Sylla,Boise St.,0.0,0.3333333333333333,0.0,0.0
2067,75226,Jack Miller,Charleston,0.0,0.0,0.0,0.0
2068,75228,Brandon Held,Towson,0.0,0.0,0.0,0.0
2069,75232,Jarvis Moss,Davidson,1.0,1.0,0.0,1.0
2070,75234,Drissa Traore,St. John's,0.6666666666666666,0.45454545454545453,1.0,1.0
2071,75235,Enoch Boakye,Fresno St.,0.7857142857142857,0.7160493827160493,0.5555555555555556,0.0
2072,75236,Justin Rochelin,Oregon St.,0.0,1.0,0.0,1.0
2073,75237,Rafael Pinzon,Bryant,0.0,0.21052631578947367,0.28125,0.9056603773584906
2074,75243,Jaden Campbell,Samford,0.8333333333333334,0.4857142857142857,0.25925925925925924,0.9285714285714286
2075,75244,Demarshay Johnson Jr.,San Diego St.,1.0,1.0,0.0,0.0
2076,75245,Giovanni Emejuru,Siena,0.9130434782608695,0.6218487394957983,0.45454545454545453,0.0
2077,75246,Wesley Cardet Jr.,Chicago St.,0.46153846153846156,0.23958333333333334,0.18421052631578946,0.5
2078,75247,Jaden Ray,Sam Houston St.,0.0,0.16666666666666666,0.14285714285714285,0.75
2079,75250,Damon Nicholas Jr.,Sam Houston St.,0.6,0.3584905660377358,0.18181818181818182,0.8695652173913043
2080,75251,Kehlin Farooq,Texas Southern,1.0,0.3333333333333333,0.2,1.0
2081,75257,Isaac Mushila,New Mexico,0.0,0.42857142857142855,0.0,1.0
2082,75260,Tucker DeVries,Drake,0.6,0.4626865671641791,0.20930232558139536,0.6705882352941176
2083,75261,Conor Enright,Drake,0.0,0.17857142857142858,0.2857142857142857,0.9285714285714286
2084,75265,Damian Forrest,North Alabama,0.8571428571428571,0.4297520661157025,0.0,0.0
2085,75267,Jaylen Blakes,Duke,1.0,0.3333333333333333,0.0,1.0
2086,75270,DaShawn Jackson,Eastern Kentucky,0.0,0.0,0.0,0.0
2087,75276,Kevin-David Rice,Eastern Michigan,0.0,1.0,0.0,1.0
2088,75277,Birima Seck,Fairfield,0.3333333333333333,0.8095238095238095,0.5555555555555556,0.0
2089,75279,Joe Ostrowsky,Central Connecticut,0.0,0.4166666666666667,0.0,1.0
2090,75280,Davonte Sweatman,Central Connecticut,0.0,0.2777777777777778,0.375,0.9166666666666666
2091,75281,Babacar Faye,Western Kentucky,0.75,0.43661971830985913,0.2222222222222222,0.0
2092,75282,Sean Durugordon,Siena,0.0,0.28205128205128205,0.36,0.8947368421052632
2093,75283,Dylan Hayman,Incarnate Word,0.42857142857142855,0.4358974358974359,0.40625,1.0
2094,75284,Samson Johnson,Connecticut,0.8701298701298701,0.8631578947368421,1.0,0.0
2095,75285,Jace Carter,Texas A&M,0.5,0.4634146341463415,0.6,0.9714285714285714
2096,75286,Jaden Brownell,Illinois Chicago,0.0,0.4444444444444444,0.5,0.967741935483871
2097,75287,Filip Skobalj,Illinois Chicago,0.0,0.7391304347826086,0.3333333333333333,1.0
2098,75291,Ben Griscti,UC Riverside,0.75,0.6388888888888888,0.75,1.0
2099,75295,Evan Wilson,Akron,0.0,0.0,0.0,0.0
2100,75298,Carter Kingsbury,Iowa,0.0,0.0,0.0,1.0
2101,75299,Luc Laketa,Iowa,0.0,0.0,0.0,1.0
2102,75300,Sekou Kalle,Evansville,1.0,0.9090909090909091,0.5,0.0
2103,75301,Nate Johnson,Akron,0.375,0.2727272727272727,0.2916666666666667,0.6666666666666666
2104,75302,Osei Price,Oakland,1.0,0.3333333333333333,0.0,0.875
2105,75303,Quani Rudd,SIU Edwardsville,0.0,0.0,0.0,1.0
2106,75304,Tyler Olden,Western Kentucky,0.0,0.0,0.0,1.0
2107,75309,Kobe Johnson,West Virginia,0.6666666666666666,0.2972972972972973,0.13636363636363635,0.8461538461538461
2108,75310,Mac MacDonald,Navy,0.0,0.47368421052631576,0.3793103448275862,0.975609756097561
2109,75311,Roger McFarlane,Southeastern Louisiana,1.0,0.6363636363636364,0.35714285714285715,0.8421052631578947
2110,75313,Oluwasegun Durosinmi,Northern Illinois,1.0,0.36363636363636365,0.0,0.0
2111,75315,Tate Ryder,Southern Miss,0.0,0.0,0.0,1.0
2112,75316,Walyn Napper,Longwood,0.0,0.16216216216216217,0.17073170731707318,0.7083333333333334
2113,75317,Brooks Allen,St. Thomas,0.0,0.4,0.2222222222222222,0.8780487804878049
2114,75322,Brody Peebles,Liberty,1.0,0.4339622641509434,0.05263157894736842,0.9354838709677419
2115,75323,Bryson Spell,Liberty,1.0,1.0,1.0,0.0
2116,75327,Rivaldo Soares,Oklahoma,0.75,0.5,0.36363636363636365,0.9032258064516129
2117,75328,Joseph Venzant,Liberty,0.7,0.75,1.0,1.0
2118,75329,Terrance Jones,Norfolk St.,0.0,0.0,0.5,1.0
2119,75330,Nate Bittle,Oregon,1.0,0.75,0.6666666666666666,1.0
2120,75331,Isaac Johnson,Utah St.,1.0,0.6,0.8,1.0
2121,75332,Joshua Streit,North Dakota St.,0.0,0.4,0.0,1.0
2122,75334,Camryn Weston,Middle Tennessee,0.0,0.0,0.0,0.0
2123,75336,D'Marco Dunn,Penn St.,0.0,0.3888888888888889,0.2222222222222222,0.9
2124,75337,Jayden Jackson,Northern Arizona,0.8571428571428571,0.5324675324675324,0.15,1.0
2125,75339,Andrew Morgan,North Dakota St.,0.3076923076923077,0.367816091954023,0.08108108108108109,1.0
2126,75340,Justin Bufford,Middle Tennessee,0.625,0.2926829268292683,0.5384615384615384,0.9130434782608695
2127,75343,Jackson Peakes,Rice,0.0,0.0,0.0,0.0
2128,75345,Alvaro Cardenas,San Jose St.,0.0,0.20833333333333334,0.09090909090909091,0.5333333333333333
2129,75346,Myron Amey Jr.,San Jose St.,1.0,0.2727272727272727,0.14285714285714285,0.7246376811594203
2130,75347,Jaden Geron,Montana St.,0.0,0.0,0.5,0.7142857142857143
2131,75350,Zavian McLean,Columbia,0.0,0.4716981132075472,0.6,0.9444444444444444
2132,75351,Isa Silva,Long Beach St.,0.0,0.3333333333333333,0.0,1.0
2133,75352,O'Mar Stanley,Boise St.,0.5555555555555556,0.3695652173913043,0.17647058823529413,0.7333333333333333
2134,75355,Ryan Schmitt,Illinois St.,0.0,0.5,0.0,1.0
2135,75356,Jeremiah Kendall,Alcorn St.,0.6,0.45544554455445546,0.29850746268656714,0.0
2136,75358,Xavier Bledson,Indiana St.,0.0,0.6666666666666666,0.16666666666666666,0.875
2137,75359,Davante Dennis,Incarnate Word,1.0,0.44,0.625,1.0
2138,75360,Mike Marsh,Oklahoma St.,1.0,0.6551724137931034,0.4666666666666667,0.0
2139,75361,David Acosta,Tennessee St.,1.0,0.7777777777777778,0.0,0.0
2140,75364,JP Pegues,Furman,0.0,0.42857142857142855,0.1,0.5512820512820513
2141,75369,Tevin Smith,Cleveland St.,0.6,0.48,0.2857142857142857,0.9166666666666666
2142,75371,Alex Williams,Furman,0.5,0.47058823529411764,0.2727272727272727,0.9811320754716981
2143,75372,Tyrese Hughey,Furman,0.5,0.6,0.0,1.0
2144,75373,Jalen Miller,Oral Roberts,0.0,0.0,0.25,0.8181818181818182
2145,75374,Logan Stephens,Tulane,0.0,0.5,0.0,0.0
2146,75375,Chris Hodges,Wisconsin,0.0,0.0,0.0,0.0
2147,75376,Chucky Hepburn,Wisconsin,0.25,0.13953488372093023,0.05714285714285714,0.6216216216216216
2148,75377,Matthew Mors,South Dakota St.,1.0,0.8620689655172413,0.0,1.0
2149,75378,Markus Ilver,Wisconsin,0.0,0.5,0.0,1.0
2150,75380,KJ Lee,Western Illinois,0.0,1.0,0.0,1.0
2151,75383,Diego Campisano,Northern Arizona,1.0,0.6764705882352942,0.8,1.0
2152,75384,Ernest Ross,N.C. State,0.0,0.0,0.5,0.0
2153,75385,Abdoulaye Thiam,High Point,0.25,0.24528301886792453,0.0,0.8909090909090909
2154,75386,Breon Pass,N.C. State,0.0,0.25,0.0,1.0
2155,75391,Pierre Brooks II,Butler,0.5,0.42105263157894735,0.13157894736842105,0.9367088607594937
2156,75392,Jaden Akins,Michigan St.,0.7142857142857143,0.5319148936170213,0.4666666666666667,0.953125
2157,75394,Henry Hartwell,UC Santa Barbara,0.0,0.0,0.0,1.0
2158,75395,Max Sheldon,UC Santa Barbara,0.0,0.0,0.0,0.0
2159,75396,Samuel Ariyibi,Washington,0.0,0.0,0.0,0.0
2160,75397,Lassina Traore,Long Beach St.,0.8571428571428571,0.71875,0.4807692307692308,1.0
2161,75399,Trey Alfonso,Southern Miss,0.0,0.0,0.0,0.0
2162,75401,Nate Santos,Dayton,0.8,0.4838709677419355,0.3333333333333333,1.0
2163,75402,Chris Payton Jr.,Kent St.,0.7560975609756098,0.5617977528089888,0.4444444444444444,1.0
2164,75403,Vasilije Vucinic,Portland,0.7142857142857143,0.6764705882352942,0.3333333333333333,0.0
2165,75405,Chika Nduka,Montana St.,0.0,0.52,0.5454545454545454,0.0
2166,75406,Matija Svetozarevic,Hawaii,0.0,0.0,0.0,0.0
2167,75409,Malik Thomas,San Francisco,0.3333333333333333,0.4117647058823529,0.4,0.851063829787234
2168,75410,Kobe Johnson,USC,0.75,0.6896551724137931,0.35714285714285715,0.825
2169,75411,Harrison Hornery,USC,1.0,0.625,1.0,1.0
2170,75412,Zach Brooker,USC,0.0,0.0,0.0,0.0
2171,75413,Makoa Surigao,UNC Wilmington,0.0,0.0,0.0,0.0
2172,75418,Thomas Oosterbroek,Portland,0.0,0.6666666666666666,0.5,0.0
2173,75421,Zane Butler,Arkansas St.,0.0,0.16666666666666666,1.0,0.7777777777777778
2174,75424,Isaiah Caldwell,Army,0.0,0.6,0.4,1.0
2175,75425,Akiva McBirney-Griffin,UC Irvine,0.0,1.0,0.0,0.0
2176,75426,Bent Leuchten,UC Irvine,1.0,0.6792452830188679,0.5263157894736842,1.0
2177,75428,Trey Edmonds,UTSA,0.8,0.5921052631578947,0.0,0.0
2178,75429,Griff Lamb,Army,0.0,0.0,0.0,1.0
2179,75431,Sherman Brashear,UT Rio Grande Valley,0.0,0.6,0.5555555555555556,0.8974358974358975
2180,75432,Vonterius Woolbright,Western Carolina,0.375,0.10493827160493827,0.10638297872340426,0.7777777777777778
2181,75433,TJ Small,Army,1.0,0.2777777777777778,0.3,0.8431372549019608
2182,75435,Keller Boothby,Cornell,0.0,0.5714285714285714,1.0,1.0
2183,75436,Evan Williams,Cornell,0.0,0.0,0.0,0.0
2184,75437,Darius Ervin,Cornell,0.0,0.0,0.0,0.0
2185,75438,Imanuel Zorgvol,Youngstown St.,0.5714285714285714,0.5454545454545454,1.0,0.0
2186,75441,Dalton Knecht,Tennessee,0.6896551724137931,0.4344262295081967,0.4489795918367347,0.8494623655913979
2187,75444,Zach Bloch,Northern Colorado,0.0,0.4444444444444444,0.0,0.9761904761904762
2188,75445,Sam Vinson,Northern Kentucky,1.0,0.2727272727272727,0.2,0.8333333333333334
2189,75447,Jonathan Kurtas,Jacksonville,0.0,0.0,0.0,0.0
2190,75450,Aladji Gassama,Pepperdine,0.0,0.8333333333333334,1.0,0.0
2191,75451,Carson Basham,Northern Arizona,0.782608695652174,0.5723684210526315,0.1875,0.0
2192,75453,Paul Jordan,Pepperdine,0.0,0.5,0.0,0.0
2193,75455,Jamel King,Kennesaw St.,0.0,0.2962962962962963,0.0,0.9428571428571428
2194,75457,Zach Hicks,Penn St.,0.0,0.2857142857142857,0.2222222222222222,0.9552238805970149
2195,75458,Hysier Miller,Temple,0.3333333333333333,0.17204301075268819,0.18181818181818182,0.37662337662337664
2196,75459,D'Angelo Stines,Loyola MD,0.0,0.42857142857142855,0.3157894736842105,0.8205128205128205
2197,75461,Abdou Samb,IU Indy,1.0,0.7818181818181819,0.5294117647058824,0.0
2198,75464,Ben Knostman,Lehigh,0.0,0.25,0.0,1.0
2199,75465,AJ Burgin,Idaho St.,0.0,0.4117647058823529,0.2,0.9565217391304348
2200,75466,Pablo Tamba,UC Davis,0.6666666666666666,0.45454545454545453,0.0,1.0
2201,75467,Trey Hicks,Longwood,1.0,1.0,0.0,0.0
2202,75468,Cli'Ron Hornbeak,Kent St.,0.6666666666666666,0.5454545454545454,0.35714285714285715,0.0
2203,75469,Keith Higgins Jr.,Lehigh,1.0,0.6190476190476191,0.18181818181818182,0.8064516129032258
2204,75470,Jaylani Darden,Norfolk St.,1.0,0.5142857142857142,0.18181818181818182,1.0
2205,75471,Tyler Whitney-Sidney,Lehigh,0.8,0.4918032786885246,0.288135593220339,0.9142857142857143
2206,75473,Tamar Bates,Missouri,0.5555555555555556,0.5526315789473685,0.2558139534883721,0.8857142857142857
2207,75476,Malcolm Chimezie,Boston University,0.0,0.2727272727272727,0.0,0.0
2208,75478,Ben Johnson,Bellarmine,0.0,0.5294117647058824,0.22448979591836735,0.8181818181818182
2209,75479,Landin Hacker,Bellarmine,0.0,1.0,0.0,1.0
2210,75480,Jayden Brown,Central Connecticut,0.8181818181818182,0.5967741935483871,0.7,0.5
2211,75481,Guy Ragland Jr.,Cornell,0.0,0.5813953488372093,0.4,0.9487179487179487
2212,75482,Angelo Brizzi,Davidson,0.0,0.10344827586206896,0.16666666666666666,1.0
2213,75483,Michel Ndayishimiye,Vermont,0.0,0.0,0.0,0.0
2214,75484,Sam Alamutu,Vermont,0.6666666666666666,0.4883720930232558,0.125,1.0
2215,75486,Chase Courbat,Northern Iowa,0.0,1.0,0.0,0.0
2216,75487,Michael Duax,Northern Iowa,0.3333333333333333,0.3448275862068966,0.16666666666666666,1.0
2217,75488,Landon Wolf,Northern Iowa,0.5,0.45454545454545453,0.5,0.8571428571428571
2218,75492,Ja'Sean Jackson,Lamar,0.0,0.2,0.1111111111111111,0.7941176470588235
2219,75494,Cameron Jernigan,Chicago St.,0.5,0.4375,0.5,1.0
2220,75497,Noah McDavid,Arkansas St.,0.0,1.0,0.0,1.0
2221,75500,Garrett Levesque,UTEP,0.0,1.0,0.0,0.0
2222,75501,Wade Taylor IV,Texas A&M,0.0,0.140625,0.07692307692307693,0.6020408163265306
2223,75504,EJ Farmer,Youngstown St.,1.0,0.5185185185185185,0.36,0.8235294117647058
2224,75505,KJ Allen,Portland St.,0.875,0.35714285714285715,0.17391304347826086,0.7777777777777778
2225,75509,Kooper Jacobi,Eastern Illinois,1.0,0.4666666666666667,0.4166666666666667,1.0
2226,75511,Elijah Wilson,Maryland Eastern Shore,0.5,0.21428571428571427,0.2857142857142857,0.85
2227,75512,Myles Rice,Washington St.,0.3333333333333333,0.13829787234042554,0.1,0.5277777777777778
2228,75513,Chris Nix,Texas St.,1.0,0.5263157894736842,0.14285714285714285,0.0
2229,75517,Brian Myles,Prairie View A&M,0.6,0.4742268041237113,0.6666666666666666,0.7142857142857143
2230,75519,Zee Hamoda,Sacramento St.,0.3333333333333333,0.35714285714285715,0.24390243902439024,0.7543859649122807
2231,75522,Wyatt Fricks,Marshall,0.75,0.7142857142857143,0.7,0.9230769230769231
2232,75523,Glenn Taylor Jr.,St. John's,0.0,0.3,0.0,1.0
2233,75524,Creighton Thieneman,Marshall,0.0,0.0,0.0,1.0
2234,75525,Marcus Banks Jr.,UMBC,0.0,0.35135135135135137,0.13953488372093023,0.6585365853658537
2235,75528,Greydon Edwards,Pacific,0.0,0.0,0.0,0.0
2236,75530,Khaleb Wilson-Rouse,New Orleans,0.0,0.5454545454545454,0.38235294117647056,0.7142857142857143
2237,75531,Adam Benhayoune,LSU,0.0,0.0,0.0,1.0
2238,75532,Stephen Giwa,Texas A&M Corpus Chris,0.8888888888888888,0.43478260869565216,0.625,0.0
2239,75534,Kevin Miller,Wake Forest,0.0,0.09859154929577464,0.02531645569620253,0.7105263157894737
2240,75536,Kam Summers,Navy,0.0,0.3333333333333333,0.6666666666666666,1.0
2241,75537,Dan Luers,Eastern Illinois,0.5,0.7142857142857143,0.5652173913043478,0.9032258064516129
2242,75539,Jasman Sangha,Cal St. Northridge,0.0,0.7391304347826086,0.6410256410256411,0.0
2243,75541,Christian Tomasco,Hofstra,0.0,0.0,0.0,0.0
2244,75542,Amar'e Marshall,Albany,0.5,0.26732673267326734,0.225,0.7659574468085106
2245,75543,Jason Roche,Richmond,0.0,0.6666666666666666,0.0,0.9565217391304348
2246,75545,Griffin Barrouk,Hofstra,0.0,0.0,0.0,1.0
2247,75546,Jaquan Carlos,Hofstra,0.0,0.11428571428571428,0.027777777777777776,0.8333333333333334
2248,75547,Tyrel Morgan,Texas St.,0.0,0.75,0.0,1.0
2249,75549,Jackson Price,Marist,1.0,0.6410256410256411,0.3333333333333333,1.0
2250,75550,Langdon Hatton,Bellarmine,0.5714285714285714,0.5,0.17857142857142858,0.9333333333333333
2251,75551,Langston Redfield,UC Irvine,0.0,0.6666666666666666,0.0,1.0
2252,75552,Bryce Johnson,UMBC,0.0,0.10714285714285714,0.2,0.8095238095238095
2253,75553,Devin Carter,Providence,0.5,0.2627118644067797,0.0,0.7261904761904762
2254,75554,Payton Sparks,Indiana,0.8,0.7647058823529411,0.0,0.0
2255,75555,Jaylin Sellers,UCF,0.42857142857142855,0.29411764705882354,0.2830188679245283,0.7884615384615384
2256,75557,Jacobi Wright,South Carolina,0.0,0.2692307692307692,0.07142857142857142,0.9655172413793104
2257,75558,Ali Abdou Dibba,Abilene Christian,0.625,0.4094488188976378,0.2692307692307692,0.9375
2258,75559,Jahsean Corbett,Chicago St.,0.0,0.43,0.1875,0.6666666666666666
2259,75561,Kedrick Green,Chicago St.,0.0,0.21052631578947367,0.0,0.8888888888888888
2260,75562,Matthew Marsh,Wake Forest,0.9,0.8,1.0,1.0
2261,75564,Alex Wade,Notre Dame,0.0,0.0,0.0,0.0
2262,75565,Lazar Stefanovic,UCLA,1.0,0.3333333333333333,0.48,0.9636363636363636
2263,75567,J.R. Konieczny,Notre Dame,0.4,0.3225806451612903,0.1,0.9705882352941176
2264,75569,Sai Witt,Austin Peay,0.6,0.2706766917293233,0.3333333333333333,0.0
2265,75571,Bostyn Holt,South Dakota,0.75,0.25862068965517243,0.05555555555555555,0.7058823529411765
2266,75572,Dashawn Davis,Mississippi St.,0.0,0.3333333333333333,0.047619047619047616,0.875
2267,75575,Sebastian Thomas,Albany,0.0,0.10638297872340426,0.07246376811594203,0.52
2268,75576,Khalil Brantley,La Salle,0.5,0.16666666666666666,0.14893617021276595,0.8695652173913043
2269,75577,Marcus Randolph,Saint Peter's,0.0,0.3,0.42857142857142855,0.8809523809523809
2270,75578,Aidan Noyes,Richmond,0.0,0.3333333333333333,0.5,1.0
2271,75580,Andre Washington,LIU,0.0,0.2608695652173913,0.5,0.9473684210526315
2272,75584,Shane Dezonie,Temple,0.5,0.2972972972972973,0.09090909090909091,0.8571428571428571
2273,75585,Noah Reynolds,Green Bay,0.0,0.09523809523809523,0.11538461538461539,0.75
2274,75586,Cort Roberson,Wyoming,0.0,0.0,0.0,1.0
2275,75588,Darius Ford,TCU,0.0,1.0,0.0,0.0
2276,75590,Gabe Dorsey,William & Mary,0.0,0.4,0.5,0.8712871287128713
2277,75591,David Joplin,Marquette,0.8333333333333334,0.48936170212765956,0.18181818181818182,0.9166666666666666
2278,75592,Keeyan Itejere,Northern Kentucky,0.7619047619047619,0.6567164179104478,0.7916666666666666,0.0
2279,75594,Cameron Brown,Marquette,0.0,0.0,0.0,1.0
2280,75596,KJ Adams Jr.,Kansas,0.8305084745762712,0.7966101694915254,0.625,0.0
2281,75597,Stevie Mitchell,Marquette,0.4,0.4069767441860465,0.25,0.9444444444444444
2282,75598,Payton Sandfort,Iowa,0.0,0.5121951219512195,0.4,0.851063829787234
2283,75599,David Elliott,Utah Tech,1.0,0.5,0.25,0.7333333333333333
2284,75600,Lamaj Lewis,Loyola Marymount,0.0,0.42857142857142855,0.5,1.0
2285,75601,Luke Kolaja,Yale,0.0,0.0,0.0,0.0
2286,75602,Matthew Cleveland,Miami FL,0.64,0.4642857142857143,0.375,1.0
2287,75605,Bryce Hopkins,Providence,0.8421052631578947,0.43859649122807015,0.0,0.7
2288,75606,Daimion Collins,LSU,0.5,0.6,1.0,1.0
2289,75612,Philip Byriel,Princeton,1.0,0.5,0.0,0.0
2290,75614,Andre Snoddy,Stony Brook,0.5,0.5555555555555556,0.3181818181818182,1.0
2291,75616,Cade Hardtke,Bradley,0.0,0.6666666666666666,0.0,1.0
2292,75618,Lawson Lovering,Utah,0.8260869565217391,0.6515151515151515,0.5294117647058824,1.0
2293,75619,Sam Hennessy,Bradley,0.0,0.0,0.0,1.0
2294,75620,Elias Cato,Central Arkansas,0.8333333333333334,0.45614035087719296,0.5142857142857142,1.0
2295,75621,Connor Hickman,Bradley,0.0,0.3333333333333333,0.21052631578947367,0.7162162162162162
2296,75622,KJ Simpson,Colorado,0.09090909090909091,0.33035714285714285,0.2692307692307692,0.7341772151898734
2297,75623,Javon Ruffin,Colorado,0.0,0.6666666666666666,0.0,1.0
2298,75624,VJ Reeves Jr.,East Texas A&M,0.0,0.7142857142857143,1.0,0.92
2299,75628,AJ Clayton,Ohio,0.9444444444444444,0.6363636363636364,0.0,0.9714285714285714
2300,75634,Malevy Leons,Bradley,0.5789473684210527,0.3466666666666667,0.3142857142857143,0.9523809523809523
2301,75639,Brandon Huntley-Hatfield,Louisville,1.0,0.5876288659793815,0.39215686274509803,1.0
2302,75641,Jonas Aidoo,Tennessee,0.7446808510638298,0.7024793388429752,0.8775510204081632,1.0
2303,75642,Cam Palesse,Canisius,0.0,0.35294117647058826,0.21621621621621623,1.0
2304,75643,Hercy Miller,Louisville,0.0,0.0,0.0,0.5
2305,75644,Preston Ruedinger,Green Bay,0.0,0.2857142857142857,0.21052631578947367,0.9642857142857143
2306,75648,Cam Crawford,Marshall,0.6,0.48,0.16666666666666666,0.6363636363636364
2307,75649,Roosevelt Wheeler,VCU,1.0,1.0,0.0,0.0
2308,75654,Nick Marshall,American,0.0,0.0,0.0,0.0
2309,75656,Bobby Pettiford Jr.,East Carolina,0.42857142857142855,0.2786885245901639,0.26666666666666666,0.7142857142857143
2310,75658,Garrett Johnson,George Washington,0.625,0.32432432432432434,0.4444444444444444,0.9387755102040817
2311,75659,Matt Allocco,Princeton,0.0,0.34782608695652173,0.125,0.6956521739130435
2312,75660,Jaden Cooper,Columbia,0.0,0.6363636363636364,0.5,0.8260869565217391
2313,75661,Sam Klores,Brown,0.0,0.0,0.0,0.0
2314,75662,Nana Owusu-Anane,Brown,0.6071428571428571,0.48,0.23684210526315788,0.95
2315,75663,Jalen Lake,Colorado St.,0.0,0.875,0.43478260869565216,1.0
2316,75665,Aaron Cooley,Brown,0.6666666666666666,0.35,0.2777777777777778,0.8235294117647058
2317,75668,Robbie Stankard,Columbia,0.0,0.0,0.0,0.0
2318,75670,Victor Hart,Southern Miss,0.5625,0.46551724137931033,0.38461538461538464,1.0
2319,75673,Sebastien Lamaute,Fairleigh Dickinson,0.0,0.0,0.0,0.0
2320,75674,Jalen Ware,Austin Peay,0.5,0.75,0.0,0.0
2321,75683,Bradley Ezewiro,Saint Louis,0.8181818181818182,0.6463414634146342,0.5833333333333334,0.0
2322,75684,Jerrell Colbert,Kansas St.,1.0,0.7037037037037037,1.0,0.0
2323,75685,Efton Reid III,Wake Forest,0.88,0.671875,0.24242424242424243,1.0
2324,75687,Brandon Murray,Mississippi,1.0,0.5454545454545454,0.5625,1.0
2325,75688,Dalen Ridgnal,Wichita St.,0.5833333333333334,0.4594594594594595,0.375,0.972972972972973
2326,75689,Kario Oquendo,Oregon,0.6153846153846154,0.41379310344827586,0.0,1.0
2327,75690,Randy Brady,Chattanooga,1.0,0.5,0.0,0.9047619047619048
2328,75693,Lucas Taylor,Georgia St.,0.4,0.2222222222222222,0.1643835616438356,0.6724137931034483
2329,75695,Gavyn Elkamil,Southeast Missouri St.,0.0,0.5,0.0,1.0
2330,75696,Anthony Pritchard,Central Michigan,0.3333333333333333,0.17777777777777778,0.13157894736842105,1.0
2331,75697,Elijah Tate,Texas St.,0.0,0.3333333333333333,0.0,0.8571428571428571
2332,75698,Leo DeBruhl,UC Davis,0.0,0.3448275862068966,0.25,0.8
2333,75699,Cameron Hildreth,Wake Forest,0.5,0.20454545454545456,0.027777777777777776,0.875
2334,75700,Duke Deen,Bradley,0.0,0.4444444444444444,0.10294117647058823,0.5294117647058824
2335,75701,Max Bowman,Tulane,0.0,0.0,0.0,0.0
2336,75702,Sterling Gaston-Chapman,UT Arlington,0.0,0.2857142857142857,0.3333333333333333,1.0
2337,75704,Kyle Duke,North Carolina A&T,0.0,0.52,0.16,0.9166666666666666
2338,75705,Wooga Poplar,Miami FL,0.5,0.3953488372093023,0.21428571428571427,0.7419354838709677
2339,75706,Patrick McMahon,Montana St.,0.0,0.2,0.0,0.0
2340,75707,Jakai Robinson,Miami FL,0.0,0.75,0.5,1.0
2341,75709,Isaac Spears,Cal Poly,0.0,0.0,0.2,0.6666666666666666
2342,75710,Sam Lecholat,Montana St.,1.0,0.6578947368421053,0.0,1.0
2343,75711,Wilhelm Breidenbach,Washington,0.0,0.5319148936170213,0.0,1.0
2344,75712,Oleg Kojenets,Wyoming,1.0,0.6521739130434783,0.36363636363636365,0.0
2345,75713,Robert McRae III,Dartmouth,0.0,0.5,0.0,1.0
2346,75714,Jaren Johnson,Dartmouth,0.0,0.09090909090909091,0.06896551724137931,0.8
2347,75715,Dusan Neskovic,Dartmouth,0.4,0.5454545454545454,0.3333333333333333,0.9574468085106383
2348,75716,Gabriel McKay,Liberty,0.0,0.0,0.0,1.0
2349,75719,Kuluel Mading,Norfolk St.,0.9473684210526315,0.6976744186046512,0.5454545454545454,1.0
2350,75720,Ian Schieffelin,Clemson,0.9444444444444444,0.6395348837209303,0.2857142857142857,0.9565217391304348
2351,75721,Curtis Jones,Iowa St.,0.0,0.3448275862068966,0.2631578947368421,0.8767123287671232
2352,75722,Kidtrell Blocker,IU Indy,0.3333333333333333,0.35714285714285715,0.1724137931034483,1.0
2353,75723,DJ Hughes,East Tennessee St.,0.0,0.4166666666666667,0.0,0.0
2354,75724,Zaakir Williamson,Buffalo,1.0,0.5121951219512195,0.0,0.0
2355,75725,Jayden Taylor,N.C. State,0.8,0.4426229508196721,0.5,0.8125
2356,75726,Nicolas Louis-Jacques,Colgate,0.0,0.5,0.6666666666666666,0.9743589743589743
2357,75728,Pierce Thomas,Eastern Kentucky,0.0,1.0,0.0,0.0
2358,75732,TJ Madlock,Alabama St.,0.25,0.2054794520547945,0.2,1.0
2359,75734,Jeffrey Grace III,Nebraska,0.0,0.0,0.0,0.0
2360,75735,Shane Feden,James Madison,0.0,0.0,0.0,1.0
2361,75736,Steven Vasquez Jr.,Fresno St.,0.0,0.0,0.0,1.0
2362,75739,Claudell Harris Jr.,Boston College,0.25,0.17073170731707318,0.225,0.6022727272727273
2363,75740,Zander Yates,Liberty,0.0,1.0,0.0,1.0
2364,75743,Mason Grant,Campbell,1.0,0.8125,0.0,1.0
2365,75745,Nolan Hickman,Gonzaga,0.0,0.2549019607843137,0.23404255319148937,0.7142857142857143
2366,75746,Hunter Sallis,Wake Forest,0.5625,0.3181818181818182,0.07228915662650602,0.7733333333333333
2367,75748,Joe Few,Gonzaga,0.0,0.0,0.0,0.0
2368,75751,Devin Hines,Lafayette,1.0,0.2765957446808511,0.4,0.6363636363636364
2369,75752,CJ Fulton,Charleston,0.0,0.17647058823529413,0.0,0.6896551724137931
2370,75753,Jayden Doyle,Monmouth,0.0,0.25,0.0,1.0
2371,75754,Chris Rubayo,Lafayette,1.0,0.5,0.5,1.0
2372,75755,Kaleb Brown,Missouri,0.0,0.0,1.0,0.0
2373,75756,Trevon Brazile,Arkansas,0.7777777777777778,0.5681818181818182,0.09090909090909091,0.875
2374,75760,Yaya Keita,Oklahoma,0.0,1.0,0.0,0.0
2375,75768,Will Ramberg,Minnesota,0.0,1.0,0.0,0.0
2376,75770,Ivan Reynolds,Jacksonville St.,0.7142857142857143,0.47368421052631576,0.2,0.75
2377,75771,Dalph Panopio,Cal St. Bakersfield,0.0,0.14285714285714285,0.2857142857142857,0.9411764705882353
2378,75772,Kaleb Higgins,Cal St. Bakersfield,0.0,0.14,0.037383177570093455,0.631578947368421
2379,75774,Lonnell Martin Jr.,Arkansas Pine Bluff,0.0,0.32,0.08333333333333333,0.972972972972973
2380,75779,Makai Willis,Louisiana Monroe,1.0,0.43333333333333335,0.7777777777777778,1.0
2381,75780,TJ Gadsden,Canisius,0.4,0.375,0.5,0.8461538461538461
2382,75782,Ansley Almonor,Fairleigh Dickinson,1.0,0.7209302325581395,0.6216216216216216,0.963855421686747
2383,75784,Antoine Jacks,Southern,0.0,0.0,0.5,1.0
2384,75785,TJ Long,Vermont,1.0,0.45454545454545453,0.10344827586206896,0.8309859154929577
2385,75787,Alex Nunnally,N.C. State,0.0,0.0,0.0,0.0
2386,75788,Richard Mathews,Florida A&M,0.0,0.0,0.0,0.0
2387,75796,Daniel Hackett,Manhattan,0.0,0.0,0.0,0.0
2388,75801,Daniel Umoh,Mississippi Valley St.,0.0,0.0,0.0,0.0
2389,75808,Jordan Johnson,Mississippi Valley St.,0.0,0.25,0.0,0.0
2390,75809,George Ivory III,Mississippi Valley St.,0.0,0.0,0.6666666666666666,1.0
2391,75810,AJ Hoynack,High Point,0.0,0.0,0.0,0.0
2392,75811,Byron Brown,Air Force,1.0,0.4634146341463415,0.25,1.0
2393,75812,Ethan Taylor,Air Force,0.25,0.40425531914893614,0.09090909090909091,0.8571428571428571
2394,75818,Jeffrey Mills,Air Force,0.5,0.5454545454545454,0.125,0.9473684210526315
2395,75820,Chase Beasley,Air Force,0.0,0.4166666666666667,0.0,1.0
2396,75821,Beau Becker,Air Force,0.7619047619047619,0.6935483870967742,0.4666666666666667,0.9594594594594594
2397,75829,Terrence Crawford,North Carolina Central,0.0,0.0,0.0,1.0
2398,75830,Timmy Adedire,North Carolina Central,0.0,0.2608695652173913,0.2727272727272727,1.0
2399,75834,Rob Landry,North Carolina,0.0,1.0,0.0,0.5
2400,75837,James Cooper,Oregon,0.0,0.5,0.0,0.0
2401,75842,Justus Jackson,Tennessee Martin,0.0,0.0,0.25,0.6190476190476191
2402,75845,Daniel Nauseef,Clemson,0.0,0.0,0.0,0.0
2403,75852,Zach Riley,Fordham,0.0,0.4,0.0,1.0
2404,75862,Justice Smith,East Tennessee St.,0.16666666666666666,0.2,0.0,1.0
2405,75864,Ryan Abelman,Northern Arizona,0.0,1.0,0.0,1.0
2406,75865,Jack Wistrcill,Northern Arizona,0.0,0.0,0.0,0.0
2407,75867,Noah Feddersen,North Dakota St.,0.7857142857142857,0.5957446808510638,0.3333333333333333,1.0
2408,75868,Sam Hastreiter,North Dakota St.,0.0,0.0,0.0,0.0
2409,75869,Lance Waddles,North Dakota St.,0.0,0.4444444444444444,0.16666666666666666,0.7647058823529411
2410,75871,Oakland Fort,Northern Arizona,0.0,0.3877551020408163,0.03571428571428571,0.825
2411,75872,C.J. Ford,Northern Arizona,0.0,0.2,0.0,0.8888888888888888
2412,75873,Jah Nze,North Florida,0.0,0.05555555555555555,0.0,0.7419354838709677
2413,75874,Cedric Coward,Eastern Washington,0.6923076923076923,0.6,0.3333333333333333,0.8478260869565217
2414,75875,Ryan Dunn,Virginia,0.8055555555555556,0.6741573033707865,0.5555555555555556,1.0
2415,75876,Mohamed Keita,Tulsa,1.0,0.8888888888888888,0.0,0.0
2416,75877,Kendall Blue,St. Thomas,0.8888888888888888,0.5466666666666666,0.4,0.8055555555555556
2417,75878,Ryan Conwell,Indiana St.,0.0,0.2465753424657534,0.2222222222222222,0.9038461538461539
2418,75879,Dok Muordar,Cleveland St.,0.0,0.0,0.0,0.0
2419,75881,William Kyle III,South Dakota St.,0.7613636363636364,0.582089552238806,0.20454545454545456,0.0
2420,75882,Rasheer Fleming,Saint Joseph's,0.8333333333333334,0.6288659793814433,0.5,1.0
2421,75883,Kolby King,Tulane,0.5,0.4838709677419355,0.42857142857142855,0.6571428571428571
2422,75884,Christian Winborne,Saint Joseph's,0.0,0.6666666666666666,0.5,1.0
2423,75885,Quin Berger,Bucknell,0.0,0.0,0.0,0.9090909090909091
2424,75888,Austin Benigni,Navy,0.0,0.19101123595505617,0.08771929824561403,0.6470588235294118
2425,75890,Cooper Craggs,Oakland,0.0,0.0,0.0,0.0
2426,75891,Matthew Webster,Florida A&M,1.0,0.75,0.75,0.0
2427,75892,Jayden Pierre,Providence,0.75,0.14285714285714285,0.36363636363636365,0.6923076923076923
2428,75893,Quante Berry,Temple,0.5,0.45454545454545453,0.0,0.7142857142857143
2429,75894,Dominic Capriotti,Houston Christian,0.0,0.42857142857142855,0.5,0.8205128205128205
2430,75895,Ezra Ausar,East Carolina,0.9473684210526315,0.4659090909090909,0.23529411764705882,0.8333333333333334
2431,75896,Valentino Pinedo,East Carolina,0.0,1.0,0.5,0.0
2432,75897,Saxby Sunderland,Longwood,0.0,0.0,0.0,1.0
2433,75898,Kalib LaCount,East Carolina,0.0,0.25,0.0,0.6
2434,75899,Nae'Qwan Tomlin,Memphis,0.7368421052631579,0.4864864864864865,0.23529411764705882,0.95
2435,75901,Kareem Rozier,Duquesne,0.0,0.5555555555555556,0.23809523809523808,0.8333333333333334
2436,75903,Brendan Reed,Lehigh,0.0,0.0,0.0,1.0
2437,75904,Bube Momah,Lehigh,0.6666666666666666,0.525,0.25,0.8
2438,75908,Brett Thompson,Youngstown St.,0.0,0.17391304347826086,0.08823529411764706,0.5714285714285714
2439,75909,Nolan Causwell,Southern Indiana,0.8,0.6086956521739131,0.42857142857142855,0.5
2440,75910,Evans Kipruto,UC Santa Barbara,0.0,1.0,0.6666666666666666,0.0
2441,75911,Erik Pratt,Milwaukee,1.0,0.21428571428571427,0.21621621621621623,0.835820895522388
2442,75912,Tavari Johnson,Akron,0.0,0.17647058823529413,0.14285714285714285,0.625
2443,75913,Ryan Prather Jr.,Akron,0.0,0.5,1.0,1.0
2444,75914,Cavan Reilly,Delaware,0.0,0.46153846153846156,0.5833333333333334,0.855072463768116
2445,75915,Houston Emory,Delaware,0.0,0.0,0.0,0.0
2446,75917,Dan Mukuna,Denver,0.0,0.0,0.0,1.0
2447,75918,Yarin Hasson,Southern Indiana,0.0,0.0,0.0,0.0
2448,75919,JZ Zaher,Bowling Green,0.0,0.0,0.0,0.0
2449,75920,Max Mackinnon,Elon,0.0,0.5,0.13953488372093023,0.7916666666666666
2450,75921,Tony Carpio,The Citadel,1.0,0.7142857142857143,0.0,0.0
2451,75923,Colby McAllister,The Citadel,0.0,0.75,1.0,1.0
2452,75924,Madison Durr,The Citadel,0.0,0.23333333333333334,0.10526315789473684,0.5714285714285714
2453,75925,AJ Smith,The Citadel,0.5,0.19117647058823528,0.125,0.9428571428571428
2454,75927,Aidan Kehoe,Navy,0.0,0.5909090909090909,0.7142857142857143,0.0
2455,75931,D'Ante Bass,Alabama St.,0.0,0.0,1.0,1.0
2456,75932,Darryon Prescott,Coppin St.,0.6666666666666666,0.5833333333333334,1.0,0.0
2457,75933,Derek Simpson,Rutgers,0.3333333333333333,0.2222222222222222,0.075,0.65
2458,75935,Tanner O'Grady,Robert Morris,0.0,0.0,0.0,1.0
2459,75936,Cyril Arvanitis,Robert Morris,0.0,0.0,0.0,1.0
2460,75937,Dashon Gittens,FIU,0.0,0.28,0.12,0.9473684210526315
2461,75938,Antwone Woolfolk,Rutgers,0.5,0.5172413793103449,0.25,1.0
2462,75939,Antonio Chol,Rutgers,1.0,1.0,1.0,1.0
2463,75943,Dorian Hill,New Orleans,0.0,0.0,0.0,0.0
2464,75944,Kenny Noland,Columbia,0.0,0.5416666666666666,0.5555555555555556,0.8823529411764706
2465,75946,Zine Eddine Bedri,Columbia,1.0,0.52,0.3125,0.8333333333333334
2466,75947,Ethan Meuser,Stonehill,0.0,0.0,1.0,1.0
2467,75949,Izaiyah Nelson,Arkansas St.,0.8,0.7226890756302521,0.7368421052631579,1.0
2468,75952,Snookey Wigington,Nevada,0.0,0.0,0.0,0.0
2469,75953,Darrion Williams,Texas Tech,0.3333333333333333,0.42857142857142855,0.34210526315789475,0.8863636363636364
2470,75954,Denzel Aberdeen,Florida,0.4,0.3333333333333333,0.2,0.75
2471,75956,Michael Rogan,Fairfield,0.0,1.0,0.0,0.8888888888888888
2472,75957,Jo'el Emanuel,Fairleigh Dickinson,0.8181818181818182,0.4696969696969697,0.45454545454545453,0.8333333333333334
2473,75958,Anthony Davis Jr.,Fairfield,0.0,0.0,0.0,0.0
2474,75959,James Johns Jr.,Fairfield,0.6666666666666666,0.5,0.3125,1.0
2475,75960,Brayden Reynolds,Fairleigh Dickinson,0.0,0.23809523809523808,0.14285714285714285,0.8333333333333334
2476,75961,Blaise Vespe,Florida Gulf Coast,0.0,0.5,1.0,1.0
2477,75962,Trevon Blassingame,Idaho,0.0,0.5,0.0,0.9090909090909091
2478,75965,Caleb Stokes,Arkansas Pine Bluff,0.0,0.6111111111111112,0.0,0.8571428571428571
2479,75969,Jalun Trent,Delaware,0.0,0.17777777777777778,0.0,1.0
2480,75970,Brian Mathews,North Dakota,0.0,0.0,0.0,0.0
2481,75972,Cooper Smith,Michigan,0.0,0.3333333333333333,0.0,0.0
2482,75973,Jackson Selvala,Michigan,0.0,0.0,0.0,0.0
2483,75974,Ben Capron,Holy Cross,0.0,0.0,0.0,0.0
2484,75977,James Henderson Jr.,Bethune Cookman,0.3333333333333333,0.3333333333333333,0.5714285714285714,0.0
2485,75978,Willie Anderson Jr.,Alcorn St.,0.0,0.5,0.0,1.0
2486,75980,Caleb Blackwell,Alabama A&M,0.0,0.35714285714285715,0.0,0.6875
2487,75981,Jayland Randall,Alabama A&M,1.0,0.4444444444444444,0.3157894736842105,1.0
2488,75982,Amani Drummond,Incarnate Word,0.0,0.0,0.0,0.0
2489,75984,Treyon Johnson,Jackson St.,1.0,0.3333333333333333,0.0,0.0
2490,75985,Crosby James,Presbyterian,0.0,0.3333333333333333,0.0,0.896551724137931
2491,75986,Chayce Polynice,Long Beach St.,0.0,0.42857142857142855,0.5,1.0
2492,75987,Tone Hunter,Oakland,0.0,0.2,0.0,1.0
2493,75989,Vladimer Salaridze,UC Riverside,0.0,0.6190476190476191,0.4444444444444444,1.0
2494,75991,Chase Kirkwood,Cincinnati,0.0,0.0,0.0,0.0
2495,75994,Neal Marquardt,Stonehill,0.0,0.3076923076923077,0.0,0.0
2496,75995,Nathan McGill,Stonehill,0.0,0.8,0.0,1.0
2497,75997,Brashon Hall,Drake,0.0,1.0,0.0,1.0
2498,75999,Kenyon Giles,Radford,0.0,0.03225806451612903,0.04395604395604396,0.44680851063829785
2499,76000,Luke Northweather,Oklahoma,1.0,0.75,1.0,0.875
2500,76001,Quion Williams,Oklahoma St.,0.6521739130434783,0.5507246376811594,0.35714285714285715,1.0
2501,76002,Rory Stewart,Rhode Island,0.0,1.0,0.0,1.0
2502,76003,Keiveon Hunt,Jackson St.,0.0,0.19047619047619047,0.3684210526315789,1.0
2503,76005,Maddox Monson,Long Beach St.,0.0,1.0,0.0,0.0
2504,76006,Jason Hart Jr.,Long Beach St.,0.0,0.6666666666666666,1.0,1.0
2505,76009,Grant Strong,Tennessee Tech,0.0,0.0,0.0,0.75
2506,76011,Javon Bennett,Dayton,0.0,0.20833333333333334,0.2222222222222222,0.7857142857142857
2507,76012,Jordan Derkack,Merrimack,0.631578947368421,0.3391304347826087,0.0,0.71875
2508,76013,Jasen Green,Creighton,0.0,0.42857142857142855,0.0,1.0
2509,76014,Ola Ajiboye,Valparaiso,0.5,0.5,0.75,0.0
2510,76015,Mike Sharavjamts,San Francisco,0.75,0.5454545454545454,0.16129032258064516,0.825
2511,76016,Achile Spadone,Davidson,0.0,0.0,0.25,1.0
2512,76018,Amaan Sandhu,Monmouth,0.0,0.5,0.5,0.0
2513,76020,Simeon Womack,Bethune Cookman,0.0,0.0,1.0,0.0
2514,76022,Jack Collins,Monmouth,0.0,0.3333333333333333,0.6,0.8939393939393939
2515,76023,Joe Hurlburt,Colorado,0.0,0.0,0.0,0.0
2516,76025,Grant Newell,California,0.8333333333333334,0.4827586206896552,0.1875,0.9523809523809523
2517,76026,Taviontae Jackson,Colorado St.,0.0,0.42857142857142855,0.0,1.0
2518,76027,Jack Payne,Colorado St.,0.0,1.0,0.0,0.0
2519,76028,Spencer Legg,Charleston,0.0,0.0,0.0,1.0
2520,76029,KyeRon Lindsay,Texas Tech,1.0,0.6666666666666666,0.25,0.0
2521,76030,Brandon Klatsky,Georgia,0.0,0.0,0.0,0.0
2522,76031,Jaden Newell,Georgia,0.0,0.0,0.0,0.0
2523,76032,Emil Skytta,Sacramento St.,0.5,0.2,0.14285714285714285,0.7272727272727273
2524,76034,Evan Kilminster,Charleston,0.0,0.5,0.0,1.0
2525,76035,Nate Brafford,Georgia Southern,0.0,0.35714285714285715,0.4,0.9655172413793104
2526,76036,Edward Nnamoko,Georgia St.,1.0,0.625,0.5,0.0
2527,76039,Daniel Rivera,Bryant,0.7352941176470589,0.46621621621621623,0.2777777777777778,1.0
2528,76040,Tyrone Williams,Old Dominion,0.7272727272727273,0.26605504587155965,0.21428571428571427,0.7142857142857143
2529,76041,Jack Doumbia,Norfolk St.,0.4444444444444444,0.38461538461538464,0.3,1.0
2530,76042,Gilbert Brown,Norfolk St.,0.0,0.0,0.0,0.6666666666666666
2531,76043,Tobin Schwannecke,Detroit Mercy,0.0,0.6666666666666666,0.5,1.0
2532,76046,Adeola Seun,SIU Edwardsville,1.0,1.0,0.0,0.0
2533,76048,Isaiah Swope,Indiana St.,0.0,0.3442622950819672,0.15384615384615385,0.5925925925925926
2534,76049,Jack Mielke,Southern Indiana,0.0,0.42857142857142855,1.0,0.9692307692307692
2535,76050,Ryan Hall,Southern Indiana,1.0,0.3333333333333333,0.23076923076923078,0.6451612903225806
2536,76052,Cameron Huefner,Sam Houston St.,0.0,0.34615384615384615,0.09090909090909091,0.9333333333333333
2537,76053,AJ Ferguson,Southern Illinois,0.5,0.6041666666666666,0.625,0.8823529411764706
2538,76055,Cobie Montgomery,Southern Miss,0.625,0.56,0.6666666666666666,0.8780487804878049
2539,76058,Jah Quinones,Mercer,0.0,0.19444444444444445,0.17647058823529413,0.6666666666666666
2540,76059,Nick Kramer,Missouri St.,0.0,0.0,0.5,0.75
2541,76060,Keyshawn Hall,George Mason,0.75,0.31645569620253167,0.17857142857142858,0.85
2542,76061,Joe Palmer,Colorado St.,1.0,0.6,1.0,0.9696969696969697
2543,76063,Jonathan Beagle,Albany,0.75,0.5384615384615384,0.3333333333333333,1.0
2544,76064,Romad Dean,Fordham,0.6666666666666666,0.5185185185185185,0.8,0.9615384615384616
2545,76066,Josiah Sabino,Jacksonville,0.0,0.2,0.0,1.0
2546,76069,Josiah Davis,Tennessee Tech,0.6923076923076923,0.288,0.0,1.0
2547,76070,Clay Howard,Winthrop,0.0,0.0,0.0,0.0
2548,76071,Trejon Ware,Arkansas Pine Bluff,0.0,0.0,0.2,1.0
2549,76072,Joshua Ola-Joseph,Minnesota,0.9583333333333334,0.7049180327868853,0.4,0.9230769230769231
2550,76074,Cam Thrower,Penn,0.0,0.3333333333333333,0.14285714285714285,0.9473684210526315
2551,76075,Samuel Gibbs,Loyola MD,0.0,1.0,0.0,0.0
2552,76077,Brian Taylor II,SIU Edwardsville,0.0,0.5625,0.5,0.8333333333333334
2553,76078,Tre Dinkins,Canisius,0.0,0.23684210526315788,0.06382978723404255,0.45
2554,76080,Koren Johnson,Washington,0.6666666666666666,0.32142857142857145,0.19230769230769232,0.8292682926829268
2555,76082,Japhet Medor,Fordham,0.0,0.1,0.14814814814814814,0.37209302325581395
2556,76083,Adam Hamilton,Lamar,0.9375,0.4883720930232558,0.6170212765957447,0.0
2557,76084,Achor Achor,Samford,0.8620689655172413,0.6341463414634146,0.34615384615384615,0.9615384615384616
2558,76085,Karl Jones,UNLV,0.8,0.6666666666666666,0.5,0.0
2559,76086,Sincere Parker,Saint Louis,0.6666666666666666,0.125,0.1111111111111111,0.52
2560,76088,Jerome Palm,Valparaiso,0.5,0.45454545454545453,0.5,0.0
2561,76089,Keyon Menifield Jr.,Arkansas,0.0,0.26666666666666666,0.125,0.6153846153846154
2562,76090,Kalu Anya,Brown,0.6666666666666666,0.4823529411764706,0.25,0.75
2563,76091,Harry Wessels,Saint Mary's,0.75,0.575,0.5,0.0
2564,76092,Silas Sunday,Hofstra,0.8,0.6842105263157895,0.3333333333333333,0.0
2565,76094,Sadiku Ibine Ayo,St. John's,0.0,0.0,0.0,0.0
2566,76095,Eric Mulder,Purdue Fort Wayne,0.71875,0.5647058823529412,0.75,0.0
2567,76096,Logan Threatt,Queens,0.0,0.42857142857142855,0.0,0.875
2568,76097,Briggs Ranstrom,Idaho St.,0.0,0.0,0.0,1.0
2569,76098,Maleek Arington,Idaho St.,0.0,0.13043478260869565,0.08333333333333333,0.8421052631578947
2570,76100,Will Batchelder,Holy Cross,0.0,0.08333333333333333,0.17391304347826086,0.8958333333333334
2571,76101,Barrington Hargress,UC Riverside,0.0,0.11666666666666667,0.03225806451612903,0.7931034482758621
2572,76103,William Tavares,Alabama A&M,1.0,0.5882352941176471,0.3333333333333333,0.6666666666666666
2573,76104,Darius Osborne,Alabama A&M,0.3333333333333333,0.4,0.0,1.0
2574,76105,Trey Stuart,TCU,0.0,0.0,0.0,0.0
2575,76107,Lorenzo Downey,Alabama A&M,0.5,0.19047619047619047,0.5,0.8717948717948718
2576,76109,Yves Nkomba,IU Indy,1.0,0.6363636363636364,0.0,0.0
2577,76111,Aaron Gray,Indiana St.,0.0,0.6666666666666666,0.0,1.0
2578,76113,Trent Coleman,North Florida,0.0,0.16666666666666666,0.0,0.6666666666666666
2579,76114,Jacari White,North Dakota St.,0.0,0.0,0.0,0.7704918032786885
2580,76117,Braxton Bayless,Niagara,0.0,0.15714285714285714,0.05128205128205128,0.8
2581,76118,Lance Erving,Niagara,1.0,0.4,0.0,1.0
2582,76119,David Coit,Northern Illinois,0.0,0.0,0.0,0.40860215053763443
2583,76121,DJ Campbell,Western Carolina,1.0,0.3090909090909091,0.06382978723404255,0.9565217391304348
2584,76122,Tristan How,Virginia,0.0,0.0,0.6666666666666666,0.0
2585,76124,Will Johnston,Loyola Marymount,0.0,0.06666666666666667,0.19444444444444445,0.6190476190476191
2586,76125,Kyron Gibson,Drake,0.0,0.5789473684210527,0.25,0.9
2587,76127,Dario Domingos,Tarleton St.,1.0,0.5625,0.0,0.0
2588,76128,Mohamed Wague,Alabama,0.7272727272727273,0.7222222222222222,0.0,1.0
2589,76129,Jestin Porter,Middle Tennessee,1.0,0.0273972602739726,0.0,0.7090909090909091
2590,76130,Isiah Lightsy,Middle Tennessee,0.0,0.0,0.0,0.0
2591,76133,Camden Heide,Purdue,0.6428571428571429,0.6666666666666666,1.0,1.0
2592,76139,Barry Dunning Jr.,UAB,1.0,0.5,1.0,1.0
2593,76140,Kymany Houinsou,Washington St.,0.45454545454545453,0.4634146341463415,0.09090909090909091,1.0
2594,76141,AJ Rohosy,Washington St.,0.0,0.5,0.0,0.0
2595,76142,Aaron Harden,Texas A&M Corpus Chris,0.0,0.0,0.0,0.0
2596,76144,Iaroslav Niagu,Charlotte,0.0,0.25,0.0,1.0
2597,76149,Tre Donaldson,Auburn,0.0,0.2777777777777778,0.12,0.6071428571428571
2598,76150,Bol Dengdit,Portland,0.875,0.6111111111111112,0.0,1.0
2599,76151,Cord Stansberry,Pepperdine,0.3333333333333333,0.3076923076923077,0.5625,0.8947368421052632
2600,76152,Blake Smith,Northwestern,1.0,0.8333333333333334,0.0,1.0
2601,76153,Jevon Porter,Pepperdine,0.42857142857142855,0.28125,0.19230769230769232,0.875
2602,76154,David Mager,Pepperdine,0.0,0.3333333333333333,1.0,1.0
2603,76155,Jorge Diaz Graham,Pittsburgh,1.0,0.8,0.0,1.0
2604,76157,Arturo Dean,FIU,0.0,0.17777777777777778,0.044444444444444446,0.7037037037037037
2605,76158,Jay'Den Turner,Georgia St.,1.0,0.40425531914893614,0.5,0.9666666666666667
2606,76159,J.J. Starling,Syracuse,1.0,0.21311475409836064,0.15,0.9090909090909091
2607,76160,Ven-Allen Lubin,Vanderbilt,0.7272727272727273,0.36904761904761907,0.2727272727272727,0.8571428571428571
2608,76161,Aidan Hadaway,Ohio,0.8,0.52,0.375,1.0
2609,76162,Donovan Grant,Georgetown,0.0,0.0,0.0,1.0
2610,76165,Dom Campbell,Howard,0.8333333333333334,0.49019607843137253,0.45454545454545453,1.0
2611,76166,Chris Ashby,Queens,0.0,0.0,0.1,0.926829268292683
2612,76168,Josh Dix,Iowa,1.0,0.6046511627906976,0.2619047619047619,0.96875
2613,76169,Dasonte Bowen,Iowa,0.0,0.18518518518518517,0.0,1.0
2614,76171,DJ Jackson,IU Indy,0.0,0.25,0.1875,1.0
2615,76172,Braden Allen,IU Indy,0.0,0.5,0.0,1.0
2616,76174,Armon Jarrard,IU Indy,0.0,0.0,0.0,0.0
2617,76175,Robbie Avila,Indiana St.,1.0,0.5666666666666667,0.38461538461538464,0.9180327868852459
2618,76176,Vincent Brady II,IU Indy,0.9090909090909091,0.44,0.4375,0.9166666666666666
2619,76178,Trevor McBride,Wichita St.,0.0,0.0,0.0,1.0
2620,76179,Geoff Sprouse,American,0.0,0.6153846153846154,0.4,0.851063829787234
2621,76180,Jefferson De La Cruz Monegro,Western Michigan,0.5,0.18,0.09090909090909091,0.8695652173913043
2622,76181,JaVaughn Hannah,Western Michigan,0.3333333333333333,0.3333333333333333,0.48148148148148145,0.8484848484848485
2623,76182,Seth Hubbard,Western Michigan,0.0,0.3142857142857143,0.3953488372093023,0.746031746031746
2624,76183,Max Burton,Western Michigan,1.0,0.5925925925925926,0.6,1.0
2625,76184,Jacob Wilson,Louisiana Monroe,1.0,0.5714285714285714,0.16666666666666666,0.9
2626,76185,Jasteven Walker,Alabama St.,0.8571428571428571,0.5238095238095238,0.25,0.9
2627,76187,Jermaine Ballisager Webb,American,0.8,0.6190476190476191,0.6111111111111112,0.0
2628,76188,Ante Brzovic,Charleston,0.8181818181818182,0.3813559322033898,0.12903225806451613,1.0
2629,76189,Josiah Shackleford,Florida Gulf Coast,1.0,0.7,0.0,0.0
2630,76190,Brandon Davis,Southern,0.0,0.3181818181818182,0.35714285714285715,0.796875
2631,76193,Amani Lyles,Akron,1.0,0.875,0.5,0.0
2632,76195,Sam King,Purdue,0.0,0.0,0.0,0.0
2633,76196,Braden Smith,Purdue,0.0,0.1206896551724138,0.06779661016949153,0.625
2634,76198,Keaton Dukes,Purdue Fort Wayne,0.0,0.0,0.0,0.0
2635,76199,Chris Morgan,Purdue Fort Wayne,0.0,0.0,0.0,0.0
2636,76200,Kaleb Banks,Indiana,1.0,0.38461538461538464,0.0,1.0
2637,76204,Emmanuel Callas,San Diego,0.0,0.5,0.5,0.0
2638,76205,Gus Hurlburt,Northwestern,0.0,0.0,1.0,0.0
2639,76207,KC Ibekwe,Oregon St.,0.8,0.5172413793103449,0.3333333333333333,0.0
2640,76208,Vason Stevenson,Pittsburgh,0.0,0.0,0.0,0.0
2641,76209,Orlando Lovejoy,Eastern Michigan,0.0,0.2647058823529412,0.08163265306122448,1.0
2642,76212,Drew Stack,Portland,0.0,0.0,0.0,1.0
2643,76213,Andrew Younan,Portland,0.0,0.0,0.0,0.0
2644,76214,Justin Mullins,Northwestern,0.0,0.0,1.0,1.0
2645,76215,Chase Robinson,Cleveland St.,0.0,0.2413793103448276,0.23529411764705882,0.7368421052631579
2646,76217,Andrew Alia,Drake,0.0,0.75,0.0,0.0
2647,76218,Ja'Kobi Gillespie,Belmont,0.0,0.28888888888888886,0.21428571428571427,0.5365853658536586
2648,76219,Derrian Ford,Arkansas St.,0.0,0.18181818181818182,0.1,0.984375
2649,76220,Kai Spears,Alabama,0.0,1.0,0.0,1.0
2650,76223,Gaddis Heath III,Charleston Southern,0.0,0.6666666666666666,0.25,1.0
2651,76224,Braden Housley,Southern Utah,0.0,0.20689655172413793,0.3333333333333333,0.7692307692307693
2652,76225,Barry Evans,St. Bonaventure,0.5789473684210527,0.5172413793103449,0.16666666666666666,1.0
2653,76226,Jackson Fields,Troy,0.8823529411764706,0.6363636363636364,0.3333333333333333,0.9
2654,76229,Percy Daniels,Tulane,0.5,0.6875,0.6666666666666666,0.0
2655,76230,Jack Campion,Southern Indiana,0.0,0.0,0.04,0.5263157894736842
2656,76231,Cole Paar,Towson,1.0,0.75,0.0,0.0
2657,76233,Randi Ovalle,Troy,0.0,1.0,0.5,0.0
2658,76235,Jaden Henley,DePaul,0.375,0.3050847457627119,0.25,1.0
2659,76236,Pharrel Payne,Minnesota,0.8048780487804879,0.704,1.0,0.0
2660,76237,Josh Davis,The Citadel,0.0,0.0,0.0,0.0
2661,76239,Jonathan Dunn,Austin Peay,0.0,1.0,0.0,0.0
2662,76241,Keyontae Lewis,Wagner,0.75,0.5737704918032787,0.6333333333333333,0.0
2663,76243,Darren Buchanan Jr.,George Washington,0.6470588235294118,0.36363636363636365,0.1111111111111111,1.0
2664,76244,Daniel Rouzan,Manhattan,0.6428571428571429,0.569620253164557,0.7222222222222222,0.0
2665,76247,Charles Stone,Kennesaw St.,0.0,0.0,0.0,0.0
2666,76248,Eric Holland,Kennesaw St.,0.0,0.0,0.0,0.0
2667,76249,Brenden Moss,Kent St.,0.0,0.125,0.0,0.8571428571428571
2668,76250,Delrecco Gillespie,Kent St.,1.0,0.6666666666666666,0.0,0.0
2669,76251,Rokas Jocius,La Salle,0.9333333333333333,0.8225806451612904,0.6666666666666666,1.0
2670,76252,Roddy Gayle Jr.,Ohio St.,0.7142857142857143,0.33695652173913043,0.20833333333333334,0.6551724137931034
2671,76254,Christian Davis,Bradley,1.0,0.28125,0.4166666666666667,0.975609756097561
2672,76255,Jonnivius Smith,Buffalo,0.7058823529411765,0.4909090909090909,0.38461538461538464,1.0
2673,76256,Charlie Williams,William & Mary,0.0,0.43478260869565216,0.0,0.8461538461538461
2674,76257,Miles Hicks,William & Mary,0.0,1.0,0.0,0.875
2675,76258,Nick Evans,William & Mary,0.0,0.0,0.0,0.0
2676,76259,Jack Karasinski,William & Mary,1.0,0.6,0.0,1.0
2677,76260,Julian Margrave,South Alabama,1.0,0.6666666666666666,0.1,0.9777777777777777
2678,76261,Jackson Mayo,Army,0.0,0.0,0.0,1.0
2679,76262,Jorn Everson,Army,0.0,1.0,0.0,0.75
2680,76264,Chanse Perkins,Army,0.0,0.0,1.0,0.0
2681,76267,Connor Turnbull,Butler,1.0,1.0,0.0,1.0
2682,76268,Quincy Anderson,Murray St.,0.0,0.23529411764705882,0.26666666666666666,0.7678571428571429
2683,76269,Brian Moore Jr.,Murray St.,0.0,0.41509433962264153,0.1935483870967742,1.0
2684,76271,Josiah Harris,West Virginia,0.8571428571428571,0.5263157894736842,0.4,0.9615384615384616
2685,76272,Jacob Conner,Marshall,1.0,0.38095238095238093,0.1111111111111111,0.8571428571428571
2686,76273,Laolu Oke,Montana,0.7894736842105263,0.6865671641791045,0.75,0.0
2687,76274,Mack Wall,Marist,0.0,0.0,0.0,0.0
2688,76275,Toby Nnadozie,Maryland Eastern Shore,0.0,0.55,0.16666666666666666,1.0
2689,76276,Ante Beljan,Little Rock,0.0,1.0,0.0,0.0
2690,76279,C.J. Delancy,LIU,0.8571428571428571,0.8571428571428571,0.9230769230769231,0.0
2691,76281,Tyson Commander,Loyola MD,0.0,0.2857142857142857,0.16666666666666666,1.0
2692,76284,Landon Moore,Butler,0.0,0.16666666666666666,0.0,0.7777777777777778
2693,76286,Gabe Beny Til,Incarnate Word,0.0,0.0,0.0,0.0
2694,76287,Miles Webb,Saint Francis,0.8333333333333334,0.5,0.2857142857142857,0.8
2695,76289,Trey Miller,Southern Illinois,0.0,0.25,0.0,0.0
2696,76292,Magnus Entenmann,Kent St.,1.0,0.75,0.0,0.0
2697,76293,Ryan Pettit,Lafayette,0.0,0.35294117647058826,0.0,0.9565217391304348
2698,76297,Jordan Snell,N.C. State,0.0,0.0,0.0,0.0
2699,76298,Seth Trimble,North Carolina,0.75,0.43243243243243246,0.16666666666666666,0.9230769230769231
2700,76299,LJ Thomas,N.C. State,0.0,0.0,0.0,0.75
2701,76300,Riccardo Ghedini,Davidson,0.0,0.75,0.0,1.0
2702,76301,Markus Harding,Central Michigan,1.0,0.6521739130434783,0.15384615384615385,1.0
2703,76302,Max Watson,Cornell,0.0,0.0,0.0,1.0
2704,76303,Chris Sosnik,Davidson,0.0,0.0,0.0,0.0
2705,76305,Tajavis Miller,North Dakota St.,0.0,0.25,0.0,0.8285714285714286
2706,76306,Damari Wheeler-Thomas,North Dakota St.,0.0,0.2702702702702703,0.07547169811320754,1.0
2707,76308,Quadir Copeland,Syracuse,0.6428571428571429,0.28205128205128205,0.07692307692307693,0.7272727272727273
2708,76310,Justin Taylor,Syracuse,0.5,0.6086956521739131,0.42857142857142855,0.9545454545454546
2709,76311,Peter Carey,Syracuse,1.0,1.0,0.0,0.0
2710,76312,Michael Moore,Winthrop,1.0,1.0,0.0,0.0
2711,76313,Xavier McKelvy,Winthrop,0.5,0.2222222222222222,0.0,0.75
2712,76314,Ugnius Jarusevicius,Cal St. Bakersfield,0.0,0.56,0.6111111111111112,1.0
2713,76315,Jacari Lane,North Alabama,0.0,0.060240963855421686,0.061224489795918366,0.5416666666666666
2714,76316,Judah Mintz,Syracuse,0.7058823529411765,0.2815533980582524,0.14754098360655737,0.5217391304347826
2715,76319,Ian Granja,Coastal Carolina,0.0,0.0,0.125,0.9285714285714286
2716,76320,Dionte Johnson,Maryland Eastern Shore,0.0,0.16666666666666666,0.0625,0.75
2717,76321,Lorenzo Washington,Manhattan,0.0,0.0,0.3333333333333333,0.0
2718,76328,Muodubem Muoneke,Abilene Christian,1.0,0.6363636363636364,0.0,0.0
2719,76332,Colin Coyne,Tennessee,1.0,1.0,0.0,0.0
2720,76334,Aamer Muhammad,Troy,0.0,0.17073170731707318,0.20833333333333334,0.6888888888888889
2721,76336,Chazz Hutchison,Southern Utah,0.8571428571428571,0.6060606060606061,0.3333333333333333,0.0
2722,76337,Ant Abraham,East Texas A&M,0.0,0.5,0.0,0.5714285714285714
2723,76339,Sage Tolentino,Cincinnati,0.0,0.0,0.0,0.0
2724,76340,Josh Reed,Cincinnati,0.0,0.5,1.0,0.8461538461538461
2725,76341,Armani Mighty,Boston College,0.75,0.3333333333333333,0.0,0.0
2726,76342,Chas Kelley III,Boston College,0.0,0.15384615384615385,0.375,0.5384615384615384
2727,76343,Prince Aligbe,Boston College,0.8,0.6976744186046512,0.0,1.0
2728,76344,Demetrius Davis,Chattanooga,0.6666666666666666,0.64,0.0,1.0
2729,76346,Donald Hand Jr.,Boston College,0.0,0.29411764705882354,0.21428571428571427,0.84
2730,76347,Dan Skillings Jr.,Cincinnati,0.5652173913043478,0.3684210526315789,0.2631578947368421,0.95
2731,76348,Todd Rochelle,Bryant,0.0,0.0,0.0,1.0
2732,76349,Davion Sykes,Texas St.,0.9090909090909091,0.5211267605633803,0.09090909090909091,1.0
2733,76350,Jordan Mason,Texas St.,0.0,0.21568627450980393,0.05357142857142857,0.6666666666666666
2734,76352,Jaelyn Lee,Texas A&M,0.0,0.0,0.0,0.0
2735,76354,Faizon Fields,Milwaukee,0.7741935483870968,0.6082474226804123,0.8,1.0
2736,76355,Matija Belic,UC Santa Barbara,0.0,0.42857142857142855,0.0,0.7777777777777778
2737,76356,BB Knight,Lamar,1.0,0.6666666666666666,0.5454545454545454,0.9375
2738,76361,Joe Spinelli,Wofford,0.0,0.0,0.0,0.0
2739,76363,Efrem Johnson,UAB,1.0,0.2857142857142857,0.34615384615384615,0.7962962962962963
2740,76365,Elijah Brooks,North Dakota,1.0,0.4,0.0,0.0
2741,76366,Chase Martin,Wofford,1.0,0.5925925925925926,0.3076923076923077,1.0
2742,76367,Amarri Tice,Quinnipiac,0.5555555555555556,0.4805194805194805,0.4482758620689655,0.9210526315789473
2743,76368,Anthony Arrington Jr.,Wofford,0.0,0.5,0.3333333333333333,0.92
2744,76369,Daniel Hong,North Dakota,0.0,0.0,0.0,0.0
2745,76370,Coleton Benson,Texas St.,0.0,1.0,0.2857142857142857,0.6842105263157895
2746,76371,Alex Schumacher,Seattle,1.0,0.09302325581395349,0.021739130434782608,0.41379310344827586
2747,76372,Rex Sunderland,New Hampshire,0.0,0.07142857142857142,0.0,1.0
2748,76373,Christian Moore,New Hampshire,0.0,0.17391304347826086,0.14285714285714285,0.8636363636363636
2749,76375,Braden Appelhans,New Mexico,0.0,0.0,0.0,1.0
2750,76376,Donovan Dent,New Mexico,0.38461538461538464,0.2013888888888889,0.1388888888888889,0.8
2751,76378,Kyle Filipowski,Duke,0.72,0.4930555555555556,0.5135135135135135,0.8717948717948718
2752,76380,Mark Mitchell,Duke,0.82,0.6481481481481481,0.29411764705882354,0.9090909090909091
2753,76381,Derrick Harris Jr.,Georgia Southern,0.0,0.2222222222222222,0.0,0.75
2754,76385,Trey Campbell,Northern Iowa,0.0,0.5333333333333333,0.2727272727272727,0.8837209302325582
2755,76386,Jalen Jackson,Purdue Fort Wayne,1.0,0.17073170731707318,0.140625,0.9473684210526315
2756,76389,Steven Clay,Illinois Chicago,0.0,0.5,0.5,0.92
2757,76390,Donovan Clingan,Connecticut,0.9375,0.732484076433121,0.5555555555555556,1.0
2758,76392,Noah Ross,UNC Wilmington,0.0,0.35714285714285715,0.16666666666666666,1.0
2759,76393,Nolan Hodge,UNC Wilmington,1.0,0.6666666666666666,0.16666666666666666,1.0
2760,76396,Richie Saunders,BYU,0.5,0.532258064516129,0.3333333333333333,0.9722222222222222
2761,76397,Zachary Davis,South Carolina,0.8,0.6938775510204082,0.3333333333333333,0.8333333333333334
2762,76399,Daniel Hankins-Sanford,Massachusetts,0.75,0.5102040816326531,0.4782608695652174,1.0
2763,76402,Jack McFadden,Rider,0.0,0.0,0.0,0.0
2764,76405,Anthony McCall,Rider,1.0,0.41379310344827586,0.5,0.0
2765,76406,Trey Utter,SMU,0.0,0.0,0.0,0.0
2766,76408,Stephaun Walker,Robert Morris,0.8333333333333334,0.631578947368421,0.3333333333333333,1.0
2767,76409,TJ Wainwright,Robert Morris,0.0,0.14814814814814814,0.17391304347826086,0.8
2768,76410,Jayden Brewer,FIU,0.75,0.3875,0.25,0.8571428571428571
2769,76411,Bryce Baker,Old Dominion,0.0,0.3333333333333333,0.5714285714285714,0.85
2770,76412,Ben Krystkowiak,Robert Morris,0.0,0.0,0.0,1.0
2771,76414,Brian Nussbaum,Fordham,0.0,0.0,0.0,0.0
2772,76415,Mason Nicholson,Jacksonville St.,0.7857142857142857,0.5942028985507246,0.125,0.0
2773,76417,Isaiah Gaines,Florida Atlantic,1.0,1.0,0.0,0.0
2774,76420,Allen David Mukeba Jr.,UMKC,0.6666666666666666,0.3709677419354839,0.3076923076923077,0.0
2775,76422,Dre Bullock,Niagara,0.8,0.5434782608695652,0.5,0.8333333333333334
2776,76423,Guy Fauntleroy,North Carolina Central,0.0,0.0,0.0,0.5
2777,76425,Kelechi Okworogwo,Maryland Eastern Shore,0.75,0.5238095238095238,0.14285714285714285,0.8
2778,76426,Kobe MaGee,Drexel,0.0,0.3684210526315789,0.17647058823529413,0.9090909090909091
2779,76428,Preston Clark,Texas,0.0,0.0,0.0,0.0
2780,76429,Dillon Mitchell,Texas,0.8181818181818182,0.631578947368421,0.625,0.0
2781,76430,Isaac Gard,Wisconsin,0.0,0.0,0.0,0.0
2782,76432,LeJuan Watts,Eastern Washington,0.875,0.627906976744186,0.3333333333333333,0.8
2783,76433,Amarion Savage,Charleston Southern,0.0,0.0,0.0,0.0
2784,76434,Masud Stewart,Binghamton,0.0,0.0,0.0,1.0
2785,76436,Lamar Washington,Texas Tech,0.0,0.08333333333333333,0.0,1.0
2786,76438,Pano Pavlidis,Stonehill,0.6,0.4857142857142857,0.43333333333333335,1.0
2787,76439,AJ McKee,Queens,0.0,0.22105263157894736,0.14285714285714285,0.8412698412698413
2788,76441,Kyle Johnson,Delaware St.,0.8333333333333334,0.6842105263157895,1.0,0.0
2789,76444,K.T. Raimey,DePaul,0.0,0.15384615384615385,0.5,0.9512195121951219
2790,76445,Cameron Stitt,Delaware St.,0.0,0.25,0.25,1.0
2791,76448,Frank Mitchell,Canisius,0.717948717948718,0.4772727272727273,0.5238095238095238,0.6666666666666666
2792,76450,Brady Dingess,Morehead St.,0.0,0.0,0.0,0.0
2793,76453,Alex Horiuk,UT Rio Grande Valley,0.0,0.375,0.6666666666666666,0.0
2794,76454,Adante' Holiman,UTSA,0.0,0.25,0.0,0.7586206896551724
2795,76455,Isaiah Barganier,UT Rio Grande Valley,0.0,0.6,1.0,1.0
2796,76457,Brandon Walker,Montana St.,0.7142857142857143,0.22627737226277372,0.2962962962962963,0.8181818181818182
2797,76460,Ryan Zan,La Salle,0.0,0.7333333333333333,0.9285714285714286,1.0
2798,76461,Chris Dockery,Weber St.,0.0,0.0,0.0,0.0
2799,76462,Caleb Donaldson,Eastern Illinois,0.0,0.0,0.0,1.0
2800,76463,Rodolfo Bolis,Eastern Illinois,1.0,0.5384615384615384,0.0,0.0
2801,76464,Kinyon Hodges,Tennessee St.,0.3103448275862069,0.3698630136986301,0.36363636363636365,1.0
2802,76465,Nick Ellington,Murray St.,0.6585365853658537,0.5298507462686567,0.5,0.0
2803,76466,Marvin McGhee III,Cal St. Bakersfield,0.0,0.14285714285714285,0.3,0.7966101694915254
2804,76468,Apostolos Roumoglou,Connecticut,0.0,0.0,0.0,0.6
2805,76470,Louie Jordan,Weber St.,0.0,1.0,0.0,0.8333333333333334
2806,76471,Joseph Pinion,Arkansas,1.0,0.25,0.6666666666666666,1.0
2807,76473,Alex Karaban,Connecticut,0.9333333333333333,0.631578947368421,0.7333333333333333,0.9753086419753086
2808,76474,Zach Reinhart,Arkansas Pine Bluff,0.0,0.0,0.5,1.0
2809,76475,Cade Bennett,Saint Mary's,0.0,0.3333333333333333,0.0,1.0
2810,76478,B.J. Omot,North Dakota,0.85,0.3023255813953488,0.15,0.8297872340425532
2811,76479,Gregg Glenn III,Tulane,1.0,0.40625,0.3333333333333333,0.0
2812,76480,Jared Turner,Northeastern,0.0,0.2,0.3333333333333333,0.8676470588235294
2813,76481,Mark Armstrong,Villanova,0.5,0.14814814814814814,0.06666666666666667,0.75
2814,76482,Rashad King,Northeastern,0.0,0.23333333333333334,0.3333333333333333,0.9444444444444444
2815,76483,Chase Cormier,Wofford,1.0,0.21428571428571427,0.0,0.9375
2816,76484,Brendan Hausen,Villanova,1.0,1.0,0.8,0.8524590163934426
2817,76485,Dug McDaniel,Michigan,0.0,0.023809523809523808,0.05660377358490566,0.5178571428571429
2818,76488,Harold Woods,Northeastern,0.42857142857142855,0.5052631578947369,0.16666666666666666,0.9285714285714286
2819,76489,Kalib Mathews,Queens,0.25,0.15384615384615385,0.0,1.0
2820,76493,Troy Hupstead,Maryland Eastern Shore,0.0,0.2857142857142857,0.3103448275862069,0.85
2821,76494,Jackson Francois,Missouri,0.0,0.0,0.0,0.0
2822,76495,Aidan Shaw,Missouri,0.8214285714285714,0.6666666666666666,0.5,0.0
2823,76498,TJ Johnson,Lipscomb,0.0,0.3333333333333333,0.0,0.9333333333333333
2824,76499,Daniel Egbuniwe,Tennessee Tech,0.6666666666666666,0.4222222222222222,0.125,0.88
2825,76500,Rylan Houck,Lipscomb,0.5,0.5,0.0,1.0
2826,76501,Paxton Davidson,Lipscomb,0.0,1.0,0.0,1.0
2827,76502,Wesley Fields,McNeese St.,0.0,0.0,0.4,0.0
2828,76504,Dionjahe Thomas,McNeese St.,1.0,0.5,0.0,0.0
2829,76507,Adrian Samuels,American,0.0,1.0,1.0,1.0
2830,76508,Davion Cunningham,UNC Asheville,0.0,0.5714285714285714,0.14285714285714285,1.0
2831,76509,Malik Dia,Belmont,0.6129032258064516,0.4198473282442748,0.5161290322580645,0.8604651162790697
2832,76510,Zach Keller,Wake Forest,1.0,0.5714285714285714,1.0,1.0
2833,76511,Miles Keeffe,Vanderbilt,0.0,0.0,0.0,0.0
2834,76513,Lee Dort,Vanderbilt,0.0,0.0,0.0,0.0
2835,76514,Tyler Linhardt,Idaho,0.0,0.125,0.2,0.9473684210526315
2836,76518,Otto Luessenhop,Elon,0.0,0.0,0.0,0.0
2837,76519,Xaivian Lee,Princeton,1.0,0.34782608695652173,0.16,0.5686274509803921
2838,76520,Jack Scott,Princeton,0.0,0.36363636363636365,0.0,1.0
2839,76521,Eli Yofan,Miami OH,0.0,0.0,0.0,1.0
2840,76523,Caden Pierce,Princeton,0.7894736842105263,0.417910447761194,0.0,0.9629629629629629
2841,76525,Micah Handlogten,Florida,0.6956521739130435,0.4657534246575342,0.0,0.8
2842,76528,R.J. Greene,LIU,0.0,0.4576271186440678,0.7272727272727273,1.0
2843,76530,Marcus Jackson,Albany,1.0,0.5925925925925926,0.0,0.8888888888888888
2844,76531,Mak Manciel,Detroit Mercy,0.0,0.1,0.18181818181818182,0.967741935483871
2845,76532,Oumar Koureissi,Nicholls St.,1.0,0.52,0.3333333333333333,0.5
2846,76538,Leo Beath,Florida Atlantic,0.0,0.5,0.0,0.0
2847,76539,Angel Montas,Fordham,0.0,0.42857142857142855,0.0,1.0
2848,76540,Brenen Lorient,Florida Atlantic,0.7777777777777778,0.7391304347826086,1.0,1.0
2849,76542,Elijah Gray,Fordham,1.0,0.58,0.25,0.9166666666666666
2850,76545,Braeden Smith,Colgate,0.0,0.4473684210526316,0.17857142857142858,0.4807692307692308
2851,76546,Brady Cummins,Colgate,0.6666666666666666,0.3611111111111111,0.19047619047619047,0.9523809523809523
2852,76548,Ramar Pryor,Cleveland St.,0.0,0.3,0.5,1.0
2853,76549,Dylan Arnett,Cleveland St.,0.8181818181818182,0.5932203389830508,0.5555555555555556,0.0
2854,76551,Isaac Jack,Dayton,0.8333333333333334,0.5641025641025641,1.0,0.0
2855,76552,Aaron Price Jr.,Cal Poly,0.6666666666666666,0.4583333333333333,0.42857142857142855,1.0
2856,76553,RJ Smith,Colorado,0.0,0.0,0.0,1.0
2857,76555,Logan Woods,Wright St.,0.0,0.8333333333333334,0.3333333333333333,0.875
2858,76556,Raziel Hayun,Manhattan,0.0,1.0,0.0,1.0
2859,76558,Stephon Payne III,Jacksonville,0.8636363636363636,0.5283018867924528,0.6086956521739131,0.0
2860,76559,Treysen Eaglestaff,North Dakota,0.3333333333333333,0.2653061224489796,0.2,0.647887323943662
2861,76560,Robert Lewis,Arkansas Pine Bluff,1.0,0.5806451612903226,0.75,1.0
2862,76561,Drey Carter,Wright St.,1.0,0.5757575757575758,0.25,1.0
2863,76562,Caden Powell,Wyoming,1.0,0.7692307692307693,0.5,0.0
2864,76564,Gestin Liberis,Saint Francis,0.5,0.3783783783783784,0.47058823529411764,0.0
2865,76565,Wisler Sanon II,Saint Francis,0.0,0.2857142857142857,0.3333333333333333,0.8571428571428571
2866,76567,Will Berg,Purdue,0.5,0.38461538461538464,1.0,0.0
2867,76570,Jonah Lucas,Marquette,0.0,0.0,0.0,1.0
2868,76574,Elvis Nnaji,Grambling St.,0.0,0.0,0.0,0.0
2869,76575,Victory Naboya,Maryland Eastern Shore,1.0,1.0,0.5,0.0
2870,76577,Noah Batchelor,Maryland,1.0,0.5,0.0,1.0
2871,76579,Patrick Wessler,Virginia Tech,1.0,0.75,0.0,0.0
2872,76581,Tre Green,Middle Tennessee,1.0,0.2,0.0,0.9166666666666666
2873,76582,MJ Collins,Virginia Tech,0.6666666666666666,0.4,0.05,0.8
2874,76584,Danny Washington,Mississippi Valley St.,0.0,0.08695652173913043,0.07142857142857142,0.8529411764705882
2875,76586,Rayquan Brown,Mississippi Valley St.,0.3333333333333333,0.5053763440860215,0.3333333333333333,0.8292682926829268
2876,76587,Ty Mosley,Middle Tennessee,0.0,0.6,0.0,1.0
2877,76588,Arecko Gipson,Mississippi Valley St.,0.875,0.34615384615384615,0.3333333333333333,0.875
2878,76589,Walter Hamilton,Mississippi Valley St.,1.0,0.4,0.2727272727272727,0.8
2879,76591,Kameryn Mitchell,Troy,0.0,1.0,0.0,0.0
2880,76592,McKinley Harris,Prairie View A&M,0.0,0.3333333333333333,0.3333333333333333,0.0
2881,76593,Kevin McGaskey,Prairie View A&M,0.0,0.13333333333333333,0.23076923076923078,1.0
2882,76595,Khaliq Abdul-Mateen,East Texas A&M,1.0,0.7,0.0,0.9629629629629629
2883,76596,Ben Estis,Ohio,0.0,1.0,0.0,0.0
2884,76597,Ajay Sheldon,Ohio,1.0,0.35714285714285715,0.5,0.8108108108108109
2885,76598,Elmore James,Ohio,0.0,0.41379310344827586,0.2222222222222222,1.0
2886,76600,Otega Oweh,Oklahoma,0.47619047619047616,0.3870967741935484,0.21739130434782608,0.85
2887,76601,Felix Brostrom,South Dakota,0.0,0.5,0.3333333333333333,0.9090909090909091
2888,76602,Steven Kramer,South Dakota,0.0,0.2727272727272727,0.0,1.0
2889,76603,Jevon Hill,South Dakota,1.0,0.8333333333333334,0.16666666666666666,0.7777777777777778
2890,76604,AJ Storr,Wisconsin,0.5555555555555556,0.4262295081967213,0.21739130434782608,0.6875
2891,76605,Tanner Te Slaa,South Dakota St.,0.0,0.0,0.0,1.0
2892,76606,Kalen Garry,South Dakota St.,0.5,0.17857142857142858,0.125,0.975609756097561
2893,76610,Paul McMillan IV,Central Michigan,0.0,0.28205128205128205,0.07692307692307693,0.7391304347826086
2894,76611,A'lahn Sumler,Charleston Southern,1.0,0.23076923076923078,0.022222222222222223,0.8947368421052632
2895,76612,Felix Okpara,Ohio St.,0.9361702127659575,0.7654320987654321,0.5,0.0
2896,76613,Cesar Tchilombo,Northern Kentucky,0.0,0.3333333333333333,0.0,0.0
2897,76614,Colby Baumann,Ohio St.,0.0,0.0,0.0,0.0
2898,76615,LJ Wells,Northern Kentucky,1.0,0.603448275862069,0.5517241379310345,1.0
2899,76616,Cody Pennebaker,Lamar,0.6,0.696969696969697,0.46875,0.9375
2900,76617,Nate Calmese,Washington,0.5,0.16666666666666666,0.6,0.7777777777777778
2901,76619,Roberts Berze,McNeese St.,0.0,0.5,0.0,0.9
2902,76620,Turner Buttry,Eastern Kentucky,0.0,0.0,0.5714285714285714,0.8076923076923077
2903,76621,Jaden Daughtry,Marist,0.6,0.47619047619047616,0.09090909090909091,0.9166666666666666
2904,76622,Kyle Carlesimo,Colgate,0.0,0.0,0.0,1.0
2905,76624,Cam Haffner,Evansville,0.0,0.8947368421052632,0.4166666666666667,1.0
2906,76625,Sincere Malone,Eastern Illinois,0.0,0.46153846153846156,0.25,0.0
2907,76626,Isaiah Brickner,Marist,0.42857142857142855,0.27586206896551724,0.0,0.7
2908,76627,Trace Salton,Marist,0.5,0.8333333333333334,0.3333333333333333,0.8
2909,76629,Kyle Thomas,Bradley,1.0,0.6666666666666666,1.0,0.0
2910,76630,Jack Jubenville,Middle Tennessee,0.0,0.0,0.0,0.0
2911,76633,Devon Arlington,Yale,0.0,0.0,0.0,0.0
2912,76634,Jack McCloskey,California,0.0,0.0,0.0,0.0
2913,76635,Danny Wolf,Yale,0.75,0.46551724137931033,0.125,1.0
2914,76636,Nick Townsend,Yale,0.0,0.5111111111111111,0.5,1.0
2915,76637,Kaleb Smith,UC Riverside,0.7142857142857143,0.5384615384615384,0.2857142857142857,0.9210526315789473
2916,76639,Chas Stinson,Stonehill,0.0,0.5,1.0,0.9285714285714286
2917,76640,Nate Pickens,UC Riverside,0.3333333333333333,0.19047619047619047,0.125,0.9142857142857143
2918,76641,Christian Fermin,VCU,0.8888888888888888,0.6595744680851063,0.8461538461538461,0.0
2919,76642,Bowen Hardman,Ohio St.,0.0,0.0,0.0,0.8888888888888888
2920,76643,Tehshaundre Cole,Chicago St.,1.0,0.4,0.0,0.0
2921,76645,Jesiah West,Western Illinois,0.8333333333333334,0.5730337078651685,0.2777777777777778,1.0
2922,76648,Tristan Arneaud,Chicago St.,0.0,0.0,0.0,0.75
2923,76649,Devean Williams,Canisius,1.0,0.34615384615384615,0.2,0.8636363636363636
2924,76650,Deshawn Jean-Charles,Chicago St.,0.3333333333333333,0.43478260869565216,0.18181818181818182,1.0
2925,76651,Dhashon Dyson,Bethune Cookman,0.5,0.38095238095238093,0.30120481927710846,0.6296296296296297
2926,76652,Colin Porter,Liberty,0.0,0.17857142857142858,0.0,0.7692307692307693
2927,76653,JC Shirer Jr.,Liberty,0.0,0.0,0.0,0.0
2928,76654,Corneilous Williams,Western Carolina,0.7,0.5666666666666667,0.6666666666666666,0.0
2929,76655,Zach Cleveland,Liberty,0.8,0.4666666666666667,0.17647058823529413,1.0
2930,76656,Tyrell Ward,LSU,0.5,0.34285714285714286,0.25,0.9230769230769231
2931,76658,Javan Simmons,Toledo,0.8333333333333334,0.5876288659793815,0.5,1.0
2932,76659,AJ Smith,Southern Indiana,0.625,0.3953488372093023,0.3076923076923077,0.9642857142857143
2933,76664,Christian May,Towson,0.8888888888888888,0.3783783783783784,0.42857142857142855,0.8983050847457628
2934,76665,Dylan Williamson,Towson,0.0,0.046511627906976744,0.038461538461538464,0.7083333333333334
2935,76666,Jaland Whitehead,Coastal Carolina,1.0,0.5833333333333334,0.3333333333333333,0.0
2936,76667,Kylan Blackmon,Coastal Carolina,1.0,0.28205128205128205,0.45454545454545453,0.92
2937,76668,Harlan Obioha,Niagara,0.9444444444444444,0.6724137931034483,0.5,0.0
2938,76669,Christian Moore,North Texas,0.0,0.0,0.0,1.0
2939,76670,Tyler Andrews,UMKC,0.5,0.23076923076923078,0.5454545454545454,0.9565217391304348
2940,76671,Abdullah Olajuwon,Detroit Mercy,0.0,0.5882352941176471,0.75,0.0
2941,76673,Ernest Udeh Jr.,TCU,0.9565217391304348,0.8285714285714286,0.75,0.0
2942,76674,Tafara Gapare,Georgia Tech,0.6153846153846154,0.5161290322580645,0.8181818181818182,1.0
2943,76675,MJ Rice,N.C. State,0.5,0.3,0.5,0.6666666666666666
2944,76676,Jevin Muniz,Delaware St.,0.0,0.3918918918918919,0.19148936170212766,0.8666666666666667
2945,76679,Kareem Watson,Cal St. Bakersfield,0.0,0.6666666666666666,0.7777777777777778,0.0
2946,76680,Jack Futa,Ball St.,0.0,1.0,0.0,0.0
2947,76683,Chris Moncrief,Saint Francis,1.0,0.8888888888888888,0.2857142857142857,1.0
2948,76684,Gabe Spinelli,Monmouth,0.0,0.14285714285714285,0.0,0.0
2949,76685,Cameron Gehlhausen,Evansville,0.0,0.0,0.0,0.0
2950,76686,Cooper Vogel,Saint Joseph's,0.0,0.0,0.0,0.0
2951,76687,Jayden Stevens,Oregon St.,1.0,0.5,0.0,1.0
2952,76688,Michael Rataj,Oregon St.,0.5,0.30612244897959184,0.2916666666666667,0.9411764705882353
2953,76689,Massal Diouf,UTSA,1.0,0.631578947368421,0.5,0.0
2954,76690,George Beale Jr.,Norfolk St.,0.0,0.3333333333333333,0.3333333333333333,0.8571428571428571
2955,76691,Perry Smith Jr.,North Carolina Central,0.7272727272727273,0.6122448979591837,0.16666666666666666,1.0
2956,76692,Jackson Skipper,Vermont,1.0,0.5,0.0,1.0
2957,76694,Kellen Thames,Saint Louis,0.5714285714285714,0.4583333333333333,0.2631578947368421,1.0
2958,76695,Andre Johnson Jr.,Connecticut,0.0,0.0,0.0,0.0
2959,76697,Jordan Pope,Oregon St.,0.0,0.04878048780487805,0.11235955056179775,0.46875
2960,76698,Kel'el Ware,Indiana,0.8095238095238095,0.7350427350427351,0.5740740740740741,0.9411764705882353
2961,76699,Cam Amboree,Oral Roberts,0.0,0.0,0.0,0.0
2962,76700,Yanic Konan Niederhauser,Northern Illinois,0.7272727272727273,0.5686274509803921,0.5,0.8
2963,76701,Armandas Plintauskas,Merrimack,0.0,1.0,0.0,0.6666666666666666
2964,76702,Juju Ramirez,Northern Colorado,1.0,0.6666666666666666,0.0,0.0
2965,76704,Taku Youngblood,Gardner Webb,0.0,0.0,0.0,1.0
2966,76705,Xavier Amos,Northern Illinois,0.5625,0.3387096774193548,0.2,0.9210526315789473
2967,76708,Langston Reynolds,Northern Colorado,0.6666666666666666,0.5625,0.0,1.0
2968,76709,Brock Wisne,Northern Colorado,0.5,0.6979166666666666,0.3902439024390244,1.0
2969,76713,B.J. Edwards,SMU,0.3333333333333333,0.2727272727272727,0.26666666666666666,1.0
2970,76714,Knute Wood,Tennessee St.,0.0,0.0,0.0,1.0
2971,76715,Learic Davis,Milwaukee,0.6,0.35,0.3333333333333333,1.0
2972,76719,PJ Haggerty,Tulsa,0.0,0.2857142857142857,0.1016949152542373,0.8571428571428571
2973,76724,David Vidor,Radford,0.0,0.0,0.0,0.0
2974,76726,TJ Hurley,Vermont,0.0,0.21739130434782608,0.0,0.9375
2975,76727,Hunter Castleberry,Radford,0.0,0.0,0.0,0.0
2976,76729,Keionte Cornelius,Jackson St.,0.0,0.0,0.5555555555555556,0.8387096774193549
2977,76730,Zeke Cook,Jackson St.,0.0,0.3181818181818182,0.5,1.0
2978,76731,Amari Stroud,Long Beach St.,0.6666666666666666,0.5909090909090909,0.6470588235294118,0.8333333333333334
2979,76732,Syrus Grisby,Prairie View A&M,0.0,0.0,0.0,0.0
2980,76733,Josiah Harris,Radford,1.0,0.6176470588235294,0.5454545454545454,0.0
2981,76734,KiAndre Gaddy,Tarleton St.,0.8518518518518519,0.5546875,0.6538461538461539,0.0
2982,76735,Kyle Burns,Radford,0.0,0.0,0.0,0.0
2983,76736,Fredrick King,Creighton,1.0,0.625,0.0,0.0
2984,76737,Ben Shtolzberg,UC Santa Barbara,0.0,0.6,0.4,1.0
2985,76738,Sean Logan,Davidson,0.6666666666666666,0.6086956521739131,0.5,1.0
2986,76739,Reed Bailey,Davidson,0.7777777777777778,0.4605263157894737,0.16666666666666666,1.0
2987,76741,Cooper Noard,Cornell,0.0,0.8260869565217391,0.75,0.9818181818181818
2988,76742,Jayson Mathews,Bethune Cookman,0.0,0.0,0.0,0.0
2989,76743,Zion Harmon,Bethune Cookman,0.0,0.4,0.23214285714285715,0.3939393939393939
2990,76746,Elijah Hulsewe,Bethune Cookman,1.0,0.6153846153846154,0.6111111111111112,0.0
2991,76747,Jeremy Foumena,Rhode Island,0.9333333333333333,0.7222222222222222,0.7142857142857143,0.625
2992,76749,Jackson Last,Robert Morris,1.0,0.25,0.16666666666666666,0.9032258064516129
2993,76750,Jaylen Thompson,Stanford,0.0,1.0,0.0,1.0
2994,76752,Ahjany Lee,St. Thomas,0.7142857142857143,0.5357142857142857,0.0,1.0
2995,76753,Andrew Rohde,Virginia,0.0,0.4,0.4666666666666667,0.9642857142857143
2996,76754,Anthony Wrzeszcz,Sam Houston St.,0.0,0.0,1.0,0.9285714285714286
2997,76755,Carter Bjerke,St. Thomas,1.0,0.7,0.16666666666666666,0.975
2998,76756,Evan Eursher,Southeast Missouri St.,0.0,0.0,0.1111111111111111,0.71875
2999,76757,David Idada,Southeast Missouri St.,1.0,0.625,0.0,0.0
3000,76758,Benny Gealer,Stanford,0.0,0.1,0.0,0.7692307692307693
3001,76759,Ryan Agarwal,Stanford,0.0,0.5,0.0,1.0
3002,76760,Jalen Washington,North Carolina,0.6428571428571429,0.59375,0.5714285714285714,1.0
3003,76761,Tyler Nickel,Virginia Tech,0.0,0.47368421052631576,0.2777777777777778,1.0
3004,76766,Luke Krawczyk,Queens,0.0,0.0,0.0,0.0
3005,76768,Matus Hronsky,Duquesne,0.5,0.2,0.42857142857142855,0.8333333333333334
3006,76770,Dominique Ford,Southern Utah,0.0,0.30434782608695654,0.15,0.6909090909090909
3007,76772,David Dixon,Duquesne,0.6216216216216216,0.684931506849315,0.47619047619047616,1.0
3008,76773,German Plotnikov,Hofstra,1.0,0.5357142857142857,0.3333333333333333,1.0
3009,76774,Halil Barre,Duquesne,0.9090909090909091,0.7037037037037037,0.0,0.0
3010,76775,Emanuel Sharp,Houston,0.0,0.35714285714285715,0.28,0.9390243902439024
3011,76776,Isaac Jones,Washington St.,0.68,0.4295774647887324,0.5892857142857143,1.0
3012,76777,Devin Carney,Denver,0.0,0.0,0.0,0.5
3013,76778,Terrance Ford Jr.,Arkansas St.,0.0,0.0,0.0,1.0
3014,76779,Marcus Tankersley,Detroit Mercy,0.0,0.19672131147540983,0.1864406779661017,0.8947368421052632
3015,76780,Dallin Hall,BYU,0.6666666666666666,0.2127659574468085,0.42857142857142855,0.5384615384615384
3016,76781,Jared McGregor,BYU,0.0,0.0,0.0,0.5
3017,76783,Braeden Moore,Oral Roberts,0.0,0.0,0.0,1.0
3018,76784,Tanner Toolson,Utah Valley,0.7142857142857143,0.7,0.5454545454545454,0.9555555555555556
3019,76785,Tanner Hayhurst,BYU,0.0,0.0,0.0,0.0
3020,76789,Deandre Smart,Elon,1.0,0.5769230769230769,1.0,1.0
3021,76790,Cole Hargrove,Drexel,0.0,0.0,1.0,0.0
3022,76791,Garfield Turner,Drexel,1.0,0.5625,0.7,0.0
3023,76792,LA Pratt,Elon,0.0,0.2222222222222222,0.0,0.8648648648648649
3024,76793,Justin Moore,Drexel,0.3333333333333333,0.21818181818181817,0.0425531914893617,0.5
3025,76794,Shane Blakeney,Drexel,1.0,0.3333333333333333,0.0,1.0
3026,76795,Love Bettis,Florida A&M,0.0,0.0,0.18181818181818182,0.6666666666666666
3027,76796,Dane Erikstrup,Eastern Washington,0.3333333333333333,0.5370370370370371,0.6,1.0
3028,76802,Arion Lewis,Quinnipiac,0.0,0.0,0.25,0.0
3029,76803,Da'Sean Nelson,DePaul,0.8,0.5362318840579711,0.5,0.8181818181818182
3030,76804,William Reynolds,Grambling St.,0.0,0.0,0.0,0.0
3031,76807,AJ Brown,Ohio,1.0,0.35714285714285715,0.16666666666666666,0.8
3032,76808,Benny Schroder,George Washington,0.5,0.42857142857142855,0.5,1.0
3033,76809,Quinn Corna,Ohio,0.0,0.0,0.0,0.0
3034,76810,Milos Uzan,Oklahoma,1.0,0.18,0.06666666666666667,0.5588235294117647
3035,76811,Brady Cook,Cal Baptist,0.0,0.0,0.0,0.0
3036,76815,Filip Borovicanin,Arizona,0.5,0.2857142857142857,0.5,0.0
3037,76818,Kylan Boswell,Arizona,0.0,0.34375,0.2222222222222222,0.5909090909090909
3038,76819,Kiir Kiir Chol Deng,Sacramento St.,0.0,0.0,0.0,0.0
3039,76820,Jack Hastreiter,South Dakota St.,0.0,1.0,0.0,1.0
3040,76821,Cooper Jones,Old Dominion,0.0,0.0,0.0,0.0
3041,76822,Tyler Isaak,Cal Baptist,0.0,1.0,0.0,1.0
3042,76823,Omarion Henry,New Orleans,1.0,0.8333333333333334,0.0,0.0
3043,76824,James Weathers,East Texas A&M,0.0,0.0,0.0,0.875
3044,76825,Shahar Lazar,Gardner Webb,0.0,0.625,0.5,0.9090909090909091
3045,76826,Jaden Alexander,Cal St. Bakersfield,0.0,0.2,0.0,1.0
3046,76833,Ben VanderWal,Furman,1.0,0.6,0.0,1.0
3047,76834,Davis Molnar,Furman,0.0,0.2727272727272727,0.0,1.0
3048,76835,Chandler Jackson,Florida St.,0.0,0.25,0.21052631578947367,0.9166666666666666
3049,76836,Riley Kugel,Florida,0.75,0.532258064516129,0.14285714285714285,0.45714285714285713
3050,76837,De'Ante Green,Florida St.,0.75,0.5135135135135135,0.7,1.0
3051,76838,Cam Corhen,Florida St.,0.8,0.6282051282051282,0.71875,0.0
3052,76839,Baba Miller,Florida St.,0.5,0.2608695652173913,0.3181818181818182,0.9583333333333334
3053,76840,Jeremiah Bembry,West Virginia,0.0,0.0,0.0,0.0
3054,76842,Tom House,Florida St.,0.0,1.0,1.0,1.0
3055,76845,Cameron Butler,Alcorn St.,0.0,0.0,0.0,1.0
3056,76846,Grayson Allo,North Texas,0.0,0.0,0.0,0.0
3057,76847,JaRonn Wilkens,Southern,1.0,0.5714285714285714,0.2,1.0
3058,76848,Jariyon Wilkens,Southern,0.0,0.6666666666666666,0.6,0.9166666666666666
3059,76849,Jalen Reynolds,Southern,0.0,0.5357142857142857,0.75,0.0
3060,76853,Louis Bleechmore,Fairfield,0.5,0.5121951219512195,0.42857142857142855,1.0
3061,76855,Dorion Staples,SIU Edwardsville,0.0,0.3,0.0,1.0
3062,76856,Brennan Rigsby,Oregon,0.625,0.3333333333333333,0.19047619047619047,0.9166666666666666
3063,76857,Damarco Minor,SIU Edwardsville,0.0,0.0851063829787234,0.13924050632911392,0.40540540540540543
3064,76859,Marquel Sutton,Nebraska Omaha,0.7777777777777778,0.379746835443038,0.28,1.0
3065,76860,Lamar Wilkerson,Sam Houston St.,0.75,0.25,0.22727272727272727,0.9607843137254902
3066,76864,Ginika Ojiako,Coastal Carolina,0.5319148936170213,0.45871559633027525,0.4864864864864865,0.0
3067,76865,Tre Thomas,Hampton,0.0,0.1,0.08333333333333333,0.38461538461538464
3068,76867,Jackson Benigni,Stonehill,0.0,0.1111111111111111,0.0,0.8857142857142857
3069,76868,Max Zegarowski,Stonehill,1.0,0.4583333333333333,0.38095238095238093,0.7758620689655172
3070,76870,Will Rywolt,Stonehill,0.0,0.0,0.0,1.0
3071,76872,Louis Hutchinson,Charleston Southern,0.0,0.0,0.5,1.0
3072,76873,TJ Caldwell,Mississippi,1.0,0.7083333333333334,0.6,0.9
3073,76874,Jimmy Ball,Rhode Island,0.0,0.0,0.0,0.0
3074,76876,Robert Cowherd,Mississippi,0.0,1.0,0.0,1.0
3075,76877,Luke Jungers,Nebraska Omaha,0.0,0.0,0.0,0.8333333333333334
3076,76878,Ja'Sean Glover,Nebraska Omaha,1.0,0.5555555555555556,0.16666666666666666,1.0
3077,76879,Trey Lewis,Loyola Chicago,0.0,0.5,0.0,1.0
3078,76880,Caleb Reese,Loyola Chicago,0.0,0.0,0.0,0.0
3079,76883,Jordan Crawford,Louisiana Tech,0.0,0.11428571428571428,0.0,0.6
3080,76884,Pierre Geneste Jr.,Fresno St.,0.0,1.0,0.0,0.0
3081,76885,Jayden Dawson,Loyola Chicago,1.0,0.26666666666666666,0.45454545454545453,0.8809523809523809
3082,76886,Jalen Quinn,Loyola Chicago,0.0,0.32432432432432434,0.0,0.7142857142857143
3083,76887,Christoph Tilly,Santa Clara,0.8823529411764706,0.7051282051282052,0.47619047619047616,1.0
3084,76888,Jake Ensminger,Santa Clara,1.0,0.64,0.5,0.9333333333333333
3085,76889,Kosy Akametu,Santa Clara,1.0,0.5,0.0,0.0
3086,76890,Sam Perez,Campbell,0.0,0.0,0.0,0.0
3087,76891,Justin Taylor,High Point,0.0,0.0,0.0,0.0
3088,76893,Braden Huff,Gonzaga,0.75,0.6285714285714286,0.42857142857142855,1.0
3089,76897,Amaree Abram,Georgia Tech,0.0,0.75,0.0,1.0
3090,76898,Deon Perry,Loyola MD,0.0,0.08695652173913043,0.14516129032258066,0.5405405405405406
3091,76899,Garrett Brennan,Loyola MD,0.0,0.4166666666666667,0.5,1.0
3092,76901,Jordan Crawford,Charleston,0.0,0.26666666666666666,0.0,0.6451612903225806
3093,76903,Isaiah Carr,Denver,0.92,0.78,0.7692307692307693,1.0
3094,76904,Derrick Michael Xzavierro,Grand Canyon,0.5,0.25,0.0,0.0
3095,76905,Freds Pauls Bagatskis,UT Arlington,0.0,0.0,0.0,0.0
3096,76907,Amari Jedkins,Green Bay,0.0,0.5625,1.0,0.0
3097,76908,Matt Filipowski,Harvard,0.0,0.0,0.0,0.0
3098,76909,Ian Sabourin,Xavier,0.0,0.0,0.0,0.0
3099,76912,Shy Odom,Howard,0.6666666666666666,0.5238095238095238,0.45454545454545453,1.0
3100,76914,Atticus Schuler,Dayton,0.0,0.0,0.0,1.0
3101,76915,Ose Okojie,Howard,1.0,0.75,0.2,1.0
3102,76919,Justin Archer,Radford,1.0,0.5274725274725275,0.5384615384615384,0.0
3103,76920,D'Auntray Pierce,Radford,1.0,0.55,0.3333333333333333,0.0
3104,76921,Deangelo Elisee,Purdue Fort Wayne,0.0,0.0,0.0,0.0
3105,76922,Paul Otieno,Quinnipiac,0.9,0.6347826086956522,0.6111111111111112,1.0
3106,76924,Federiko Federiko,Pittsburgh,1.0,0.8307692307692308,0.0,0.0
3107,76926,Dayne Prim,Texas A&M Corpus Chris,1.0,0.4423076923076923,0.6363636363636364,1.0
3108,76927,JJ White,Nebraska Omaha,0.0,0.046511627906976744,0.0,0.7058823529411765
3109,76928,Jaeden Marshall,Nebraska Omaha,0.0,0.3076923076923077,0.1,0.8076923076923077
3110,76929,Seyi Reiley,Seattle,0.75,0.5818181818181818,0.0,0.0
3111,76931,Drake Allen,Utah Valley,0.5,0.37362637362637363,0.05263157894736842,0.6923076923076923
3112,76932,Bryant Selebangue,Arizona St.,0.7777777777777778,0.5714285714285714,0.5,0.0
3113,76933,Sam Manu,UC Davis,1.0,0.75,0.5,0.0
3114,76934,Jayhlon Young,Memphis,0.0,0.0625,0.0,1.0
3115,76935,Cam Morris III,UMass Lowell,0.625,0.5161290322580645,0.6666666666666666,1.0
3116,76937,Devan Sapp,UMBC,0.0,0.6666666666666666,0.4,0.9354838709677419
3117,76939,Bernard Pelote,Western Carolina,0.8,0.3939393939393939,0.4,1.0
3118,76940,Caleb Robinson,Gardner Webb,0.7272727272727273,0.27956989247311825,0.1111111111111111,0.9090909090909091
3119,76941,Eric Northweather,Drake,0.0,1.0,0.0,1.0
3120,76942,Tyler Houser,Delaware,0.0,0.5,0.5714285714285714,0.9629629629629629
3121,76943,Tony Felder Jr.,Stonehill,0.0,0.1111111111111111,0.043478260869565216,0.625
3122,76944,Taeshaud Jackson II,VMI,0.25,0.2711864406779661,0.125,0.7931034482758621
3123,76946,Rickey Bradley Jr.,Georgia St.,0.0,0.0,0.0,1.0
3124,76947,Asher Woods,Tulane,0.0,0.42857142857142855,0.3333333333333333,0.75
3125,76948,Matt Hayman,Stephen F. Austin,0.25,0.29310344827586204,0.20689655172413793,0.8709677419354839
3126,76949,AJ Cajuste,Stephen F. Austin,0.0,0.1,0.11764705882352941,0.6923076923076923
3127,76950,Jalil Beaubrun,Stephen F. Austin,0.5789473684210527,0.5172413793103449,0.5,0.9333333333333333
3128,76951,Maximus Nelson,Purdue Fort Wayne,0.0,1.0,0.6666666666666666,0.9838709677419355
3129,76952,Nick Martinelli,Northwestern,1.0,0.6122448979591837,0.532258064516129,1.0
3130,76953,Terry Anderson,Lamar,0.5,0.48314606741573035,0.3125,0.896551724137931
3131,76954,Chris Pryor,Lamar,0.0,0.20689655172413793,0.18181818181818182,0.711864406779661
3132,76955,Jonathan Cisse,Texas Southern,0.0,0.17142857142857143,0.14,0.625
3133,76956,Cam Denson,Pacific,0.75,0.5113636363636364,0.14285714285714285,1.0
3134,76960,Duane Posey,Northwestern St.,1.0,0.46153846153846156,0.23076923076923078,0.0
3135,76961,Jakevion Buckley,Lamar,0.0,0.5,0.3333333333333333,0.9
3136,76962,Dantwan Grimes,Baylor,0.0,0.16666666666666666,0.0,0.75
3137,76963,Jorge Ochoa,USC Upstate,0.0,0.25,0.0,1.0
3138,76964,Ben Gold,Marquette,0.9,0.5217391304347826,0.5,1.0
3139,76965,Tyler Henry,Louisiana Tech,0.0,0.6,0.125,0.9545454545454546
3140,76967,Harrison Carrington,Colorado,0.0,0.2,0.0,0.0
3141,76968,Shammah Scott,Akron,0.0,0.36363636363636365,0.5,0.75
3142,76969,Bruce Thornton,Ohio St.,1.0,0.09803921568627451,0.027777777777777776,0.6724137931034483
3143,76971,Alphonzo Billups III,VCU,1.0,0.5882352941176471,0.3333333333333333,0.8888888888888888
3144,76973,Shawn Jones Jr.,Mississippi St.,0.8,0.5675675675675675,0.0,1.0
3145,76976,Skyy Clark,Louisville,0.0,0.24444444444444444,0.08571428571428572,0.6595744680851063
3146,76977,Jayden Epps,Georgetown,0.0,0.18181818181818182,0.17391304347826086,0.578125
3147,76980,Ty Rodgers,Illinois,0.6153846153846154,0.4027777777777778,0.15384615384615385,0.0
3148,76982,Titus Yearout,Idaho,0.0,0.2,0.0,1.0
3149,76983,Nigel Burris,Utah St.,0.0,0.75,0.0,0.0
3150,76985,Amarr Knox,Alabama St.,0.3333333333333333,0.2,0.125,0.8333333333333334
3151,76986,Kendal Parker,Alabama St.,0.0,0.375,0.0,1.0
3152,76993,Dirin Birhiray,Western Illinois,0.0,0.0,0.0,0.0
3153,76995,De' Meiko Anderson,Western Illinois,0.0,0.0,0.0,1.0
3154,76997,Masen Miller,Indiana St.,0.0,1.0,0.0,0.9333333333333333
3155,77000,Cole Farrell,Portland St.,0.0,0.0,0.0,1.0
3156,77002,Fletcher Loyer,Purdue,0.0,0.37037037037037035,0.5,0.9523809523809523
3157,77003,Cale Jacobsen,Nebraska,0.0,0.6666666666666666,0.0,1.0
3158,77004,Henry Burt,Nebraska,0.0,1.0,0.0,0.0
3159,77005,Hayden Welling,UC Irvine,0.0,0.9,0.5,0.0
3160,77008,Mason Hanback,Southeast Missouri St.,0.0,0.3333333333333333,0.3333333333333333,0.0
3161,77009,Regimantas Ciunys,UMBC,1.0,0.5666666666666667,0.2,1.0
3162,77011,Christ Essandoko,Saint Joseph's,1.0,0.5,0.14285714285714285,0.8571428571428571
3163,77012,Promise Opurum,New Hampshire,0.0,0.3333333333333333,0.75,0.0
3164,77014,Yohan Traore,UC Santa Barbara,0.95,0.7217391304347827,0.5,0.0
3165,77015,Quinton Webb,New Mexico,1.0,0.625,1.0,1.0
3166,77016,Cade Tyson,Belmont,0.8,0.46153846153846156,0.1590909090909091,0.925
3167,77018,Tyeree Bryan,Santa Clara,0.8333333333333334,0.35714285714285715,0.12903225806451613,0.9714285714285714
3168,77020,Kyler Vanderjagt,Belmont,0.0,0.2,0.5714285714285714,0.6
3169,77026,Toibu Lawal,VCU,0.8307692307692308,0.69,0.42857142857142855,1.0
3170,77028,Ugonna Onyenso,Kentucky,0.7857142857142857,0.6551724137931034,0.5,0.0
3171,77031,Hansel Enmanuel,Austin Peay,0.7142857142857143,0.5263157894736842,1.0,0.0
3172,77033,Mateo Esmeraldo,Longwood,0.0,0.0,0.0,0.0
3173,77037,Peter Suder,Bellarmine,0.0,0.30952380952380953,0.14285714285714285,0.8125
3174,77038,Nik Graves,Charlotte,0.5,0.1956521739130435,0.21739130434782608,0.9130434782608695
3175,77040,Bryan Etumnu,Merrimack,1.0,0.7205882352941176,0.5,1.0
3176,77041,Jaden Schertz,Indiana St.,0.0,0.0,0.0,0.0
3177,77042,Rob Martin,Southeast Missouri St.,0.0,0.12,0.10344827586206896,0.8484848484848485
3178,77044,Cruz Davis,St. John's,0.0,1.0,0.0,0.0
3179,77045,Malik Reneau,Indiana,0.75,0.5158730158730159,0.40350877192982454,1.0
3180,77046,CJ Gunn,Indiana,1.0,0.7,0.5,0.9411764705882353
3181,77047,Melian Martinez,St. Bonaventure,1.0,1.0,0.0,0.0
3182,77048,Clarence Cummings III,Green Bay,1.0,0.2222222222222222,0.06666666666666667,0.9
3183,77050,Tyren Moore,Georgia Southern,0.0,0.09090909090909091,0.15254237288135594,0.410958904109589
3184,77051,Malcolm Flaggs,Grand Canyon,0.0,0.0,0.0,0.0
3185,77052,Cam Gregory,Saint Francis,1.0,0.24,0.125,0.8148148148148148
3186,77053,Jamar Franklin,Georgia Southern,0.0,0.09523809523809523,0.2,0.7317073170731707
3187,77055,Henry Thengvall,Wichita St.,0.0,0.0,0.0,0.0
3188,77056,Austin Nunez,Mississippi,0.0,0.0,1.0,1.0
3189,77057,Duke Brennan,Grand Canyon,1.0,0.627906976744186,0.8333333333333334,1.0
3190,77059,Elijah Ormiston,South Alabama,0.0,0.43478260869565216,0.0,0.8947368421052632
3191,77060,Chase Lowe,William & Mary,0.0,0.28225806451612906,0.0,0.0
3192,77062,Isaiah Jones,Oakland,0.8571428571428571,0.5106382978723404,0.375,1.0
3193,77063,Julian Lual,Arkansas St.,1.0,0.47619047619047616,1.0,0.967741935483871
3194,77065,Cole Haller,Cal Poly,0.0,0.0,1.0,0.6666666666666666
3195,77066,Deuce Roberts,Temple,0.0,0.0,0.0,0.0
3196,77068,Austin Williams,Elon,0.0,0.0,0.0,0.0
3197,77070,Khalil London,Charleston,0.0,0.0,0.0,0.8888888888888888
3198,77071,Donovan Atwell,UNC Greensboro,0.0,0.3076923076923077,0.3333333333333333,0.9512195121951219
3199,77073,Jordan Chatman,Florida A&M,0.0,0.3181818181818182,0.4166666666666667,1.0
3200,77079,JV Seat,Abilene Christian,0.0,0.058823529411764705,0.0,0.875
3201,77082,Jaden Bradley,Arizona,0.6666666666666666,0.3333333333333333,0.21428571428571427,1.0
3202,77083,Rylan Griffen,Alabama,0.75,0.32558139534883723,0.13333333333333333,0.8243243243243243
3203,77085,Tyler Hendricks,UCF,0.0,0.4,0.0,1.0
3204,77086,Quin Patterson,UC San Diego,0.0,0.0,0.0,1.0
3205,77088,Jesaiah McWright,Tulsa,1.0,0.7142857142857143,0.2857142857142857,1.0
3206,77089,Assa Essamvous,St. Bonaventure,0.6666666666666666,0.4117647058823529,0.2916666666666667,0.926829268292683
3207,77090,Camden McCormick,UC San Diego,0.0,0.25,0.0,1.0
3208,77091,Cade Pendleton,UC San Diego,0.0,0.0,0.0,1.0
3209,77092,Roddie Anderson III,Boise St.,0.14285714285714285,0.28846153846153844,0.25,0.85
3210,77093,Jac Mani,UC Davis,0.0,1.0,1.0,1.0
3211,77095,Jaden Ellis,Army,0.0,0.3333333333333333,0.125,1.0
3212,77096,Zek Tekin,Siena,0.0,0.030303030303030304,0.047619047619047616,0.65
3213,77097,Chris Ubochi,Penn,0.0,0.0,0.0,0.0
3214,77098,Jaquel Morris,Miami OH,0.8823529411764706,0.65,0.25,0.0
3215,77099,Ryan Mabrey,Miami OH,0.0,0.6,0.3076923076923077,0.9117647058823529
3216,77100,Tyler Bilodeau,Oregon St.,0.6666666666666666,0.6521739130434783,0.6043956043956044,0.9
3217,77101,Zach Howell,Milwaukee,0.0,0.0,0.0,0.8571428571428571
3218,77102,Elijah Jamison,Milwaukee,0.0,0.275,0.11428571428571428,0.9615384615384616
3219,77103,Billy Smith,Bellarmine,0.0,0.375,0.2727272727272727,0.9655172413793104
3220,77104,Chandler Pigge,Harvard,0.0,0.4107142857142857,0.2,1.0
3221,77105,Chisom Okpara,Harvard,0.5,0.3392857142857143,0.0,0.9629629629629629
3222,77106,Sadraque NgaNga,Seton Hall,0.0,0.25,1.0,1.0
3223,77107,Khalil Farmer,Hofstra,0.0,0.0,0.3333333333333333,0.8888888888888888
3224,77108,Jace Whiting,Boise St.,0.0,0.21428571428571427,0.0,0.9230769230769231
3225,77110,Rich Rolf,Charlotte,0.0,0.0,0.0,0.0
3226,77112,Issa Muhammad,Tennessee Martin,0.8846153846153846,0.5555555555555556,0.5714285714285714,0.6666666666666666
3227,77113,Elijah Jones,UTEP,0.3333333333333333,0.6,0.8181818181818182,0.6666666666666666
3228,77114,Patrick Cartier,Colorado St.,1.0,0.776595744680851,0.8,0.9655172413793104
3229,77115,Quest Aldridge,Gardner Webb,0.0,0.5428571428571428,0.14814814814814814,0.8809523809523809
3230,77116,Dorian Finister,Kansas St.,0.6666666666666666,0.6470588235294118,0.0,1.0
3231,77117,Jerrell Roberson,James Madison,1.0,1.0,0.0,1.0
3232,77119,Xavier Brown,James Madison,0.25,0.13636363636363635,0.0,0.8780487804878049
3233,77120,Travis Roberts,Jacksonville St.,0.5,0.42857142857142855,0.0,1.0
3234,77121,Demarion Watson,Iowa St.,1.0,0.9090909090909091,0.6666666666666666,1.0
3235,77122,Tamin Lipsey,Iowa St.,1.0,0.417910447761194,0.14285714285714285,0.7777777777777778
3236,77123,Eli King,North Dakota,0.16666666666666666,0.36363636363636365,0.0,0.9230769230769231
3237,77125,Simeon Cottle,Kennesaw St.,1.0,0.30357142857142855,0.12,0.7878787878787878
3238,77126,Taj Manning,Kansas St.,1.0,0.75,0.0,1.0
3239,77127,Nikola Dimitrijevic,Dartmouth,1.0,0.45454545454545453,0.4444444444444444,1.0
3240,77128,Maliq Brown,Syracuse,0.75,0.6902654867256637,0.5,1.0
3241,77130,Chris Bell,Syracuse,0.5714285714285714,0.44,0.36363636363636365,0.95
3242,77134,Johnnie Walter,Penn,0.0,1.0,1.0,1.0
3243,77140,Jalen Reed,LSU,0.4,0.2222222222222222,0.3333333333333333,1.0
3244,77141,Henri Adiassa,Lehigh,0.0,0.0,0.0,0.0
3245,77142,Tommy Conniff,Lehigh,0.0,0.0,0.0,0.0
3246,77144,Yuto Yamanouchi-Williams,Portland,0.5,0.3333333333333333,0.0,0.9375
3247,77145,Zuby Ejiofor,St. John's,0.7647058823529411,0.5405405405405406,0.5,0.6666666666666666
3248,77146,Cole Sherman,Northern Kentucky,0.0,0.0,0.0,1.0
3249,77147,Jaret Valencia,Monmouth,0.8269230769230769,0.7837837837837838,0.23809523809523808,1.0
3250,77149,Youri Fritz,Canisius,0.75,0.6206896551724138,0.0,0.0
3251,77153,Wilder Evers,Kansas,1.0,0.3333333333333333,0.0,0.0
3252,77157,RJ Godfrey,Clemson,0.8461538461538461,0.5263157894736842,0.38461538461538464,1.0
3253,77158,Devin Ceaser,Old Dominion,0.2,0.25,0.2894736842105263,0.7307692307692307
3254,77159,Noah Williamson,Bucknell,0.9166666666666666,0.4895833333333333,0.23076923076923078,0.9583333333333334
3255,77161,Dillon Hunter,Clemson,0.0,0.26666666666666666,0.1111111111111111,1.0
3256,77162,Brady Muller,Bucknell,0.0,0.5,0.0,0.0
3257,77163,Matt Kelly,Clemson,0.0,0.0,0.0,0.0
3258,77164,Chauncey Wiggins,Clemson,0.7142857142857143,0.3333333333333333,0.4827586206896552,0.9310344827586207
3259,77165,Ruot Bijiek,Bucknell,0.6666666666666666,0.4782608695652174,0.5333333333333333,1.0
3260,77166,Chauncey Gibson,UT Arlington,0.0,0.0,0.0,1.0
3261,77167,Harry Rouhliadeff,Hawaii,1.0,0.8695652173913043,0.3333333333333333,1.0
3262,77169,Max Scharnowski,Alabama,0.0,0.0,0.0,0.0
3263,77170,Colby Tanner,Abilene Christian,0.0,0.0,0.0,0.5
3264,77173,Goanar Biliew,Bradley,0.0,0.0,0.0,0.0
3265,77175,Zid Powell,UTEP,0.375,0.2112676056338028,0.1,0.6111111111111112
3266,77176,Tae Williams,Cleveland St.,0.6071428571428571,0.427536231884058,0.3125,0.5714285714285714
3267,77179,Kijani Wright,USC,0.5,0.41379310344827586,0.75,0.0
3268,77180,Chendall Weaver,Texas,0.5333333333333333,0.4489795918367347,0.4666666666666667,1.0
3269,77181,Tre White,Louisville,0.5,0.3392857142857143,0.14,0.9130434782608695
3270,77182,Brayden O'Connor,UMass Lowell,0.6666666666666666,0.2916666666666667,0.0,0.90625
3271,77183,Vincent Iwuchukwu,USC,0.8888888888888888,0.58,0.75,0.0
3272,77184,Oziyah Sellers,USC,1.0,0.5555555555555556,0.5806451612903226,0.9166666666666666
3273,77186,Cameron Fens,Illinois Chicago,1.0,0.7272727272727273,0.0,0.0
3274,77187,CJ Jones,Illinois Chicago,0.0,0.19718309859154928,0.10869565217391304,0.6451612903225806
3275,77192,Sveinn Birgisson,Siena,0.0,0.42857142857142855,0.0,1.0
3276,77193,Mason Courtney,Siena,0.0,0.125,0.09090909090909091,0.8888888888888888
3277,77194,Mike Walz,Richmond,0.6,0.6666666666666666,0.5,1.0
3278,77195,Michael Eley,Siena,0.7,0.5,0.2692307692307692,0.9130434782608695
3279,77196,Mekhi Mason,Rice,1.0,0.3448275862068966,0.18604651162790697,0.7708333333333334
3280,77197,Mason Jones,New Orleans,0.0,0.5862068965517241,0.18181818181818182,1.0
3281,77198,Killian Gribben,Siena,0.8461538461538461,0.75,0.8333333333333334,1.0
3282,77199,Brendan Coyle,Siena,0.0,0.5,0.0,0.9285714285714286
3283,77200,Ifeanyi Ufochukwu,Rice,0.0,0.6666666666666666,0.6666666666666666,0.0
3284,77201,Andrew Akuchie,Rice,0.9285714285714286,0.8421052631578947,0.0,1.0
3285,77202,David Ware,Lindenwood,0.0,0.0,0.0,0.0
3286,77203,Javier Ezquerra,Wagner,0.0,0.1,0.2608695652173913,0.5813953488372093
3287,77204,Jaylen Dorsey,Western Kentucky,0.0,0.5,0.0,0.0
3288,77205,Fallou Diagne,Western Kentucky,0.0,0.0,0.0,0.0
3289,77206,Tyrone Marshall Jr.,Western Kentucky,0.6111111111111112,0.4166666666666667,0.4,0.9615384615384616
3290,77209,Cyncier Harrison,Stetson,0.0,0.0,0.125,1.0
3291,77210,Derick Hamilton,UTEP,0.0,0.5909090909090909,0.6666666666666666,0.0
3292,77216,Sam Alexis,Chattanooga,0.7666666666666667,0.36046511627906974,0.24390243902439024,1.0
3293,77218,Sean Moore,Fairleigh Dickinson,0.38461538461538464,0.39655172413793105,0.3076923076923077,0.851063829787234
3294,77219,Jerome Beya,Tennessee Tech,1.0,0.7142857142857143,0.0,0.0
3295,77220,Elliott Black,Merrimack,1.0,0.3,0.0,0.0
3296,77223,Tre Holloman,Michigan St.,0.5,0.375,0.6666666666666666,1.0
3297,77224,Jaxon Kohler,Michigan St.,0.0,0.3076923076923077,0.2857142857142857,0.0
3298,77225,Nick Sanders,Michigan St.,0.0,0.0,0.0,1.0
3299,77226,Carson Cooper,Michigan St.,0.8181818181818182,0.75,0.75,0.0
3300,77227,Solomon Washington,Texas A&M,0.75,0.48214285714285715,0.2857142857142857,0.9411764705882353
3301,77228,Jordan Williams,Vanderbilt,0.0,0.25,0.5,1.0
3302,77231,Tyrese Proctor,Duke,0.75,0.2857142857142857,0.14814814814814814,0.8448275862068966
3303,77232,Justin Abson,Appalachian St.,0.8648648648648649,0.5465116279069767,0.4,1.0
3304,77234,Elijah Perkins,Saint Peter's,0.0,0.3333333333333333,0.6,0.0
3305,77235,Jake Dykstra,Belmont,0.0,0.0,0.0,0.75
3306,77237,Micah Bell,Ball St.,0.0,0.0,0.0,0.0
3307,77238,Keith Robbins,Belmont,0.0,0.0,0.0,1.0
3308,77239,Elijah Fisher,DePaul,0.875,0.5421686746987951,0.3076923076923077,1.0
3309,77240,Nic Nobili,Boston University,0.5,0.5384615384615384,0.2727272727272727,0.9130434782608695
3310,77241,Jackson Paveletzke,Iowa St.,0.0,0.375,0.25,0.9285714285714286
3311,77242,Ben Roy,Boston University,0.0,0.38095238095238093,0.21428571428571427,0.9375
3312,77243,Robert Jennings,Texas Tech,0.875,0.6444444444444445,0.6666666666666666,0.0
3313,77244,Pop Isaacs,Texas Tech,0.0,0.23636363636363636,0.1951219512195122,0.7123287671232876
3314,77248,Otto Landrum,Boston University,0.9285714285714286,0.6266666666666667,0.38461538461538464,1.0
3315,77249,Chandler Baker,Colgate,0.0,0.5,0.3,0.9736842105263158
3316,77251,Christian Reeves,Duke,1.0,1.0,0.0,0.0
3317,77252,Justin Morgan,Murray St.,0.0,0.3157894736842105,0.0,1.0
3318,77253,Patrick Chew,Murray St.,0.0,0.0,0.0,0.6666666666666666
3319,77255,Noah Shelby,Rice,0.0,0.0,0.0,0.9
3320,77256,Paul Lewis,Vanderbilt,0.0,0.3,0.1111111111111111,0.8095238095238095
3321,77257,Keba Keita,Utah,0.9736842105263158,0.7087378640776699,0.3157894736842105,0.0
3322,77258,Luka Tarlac,Utah,0.0,0.2,0.0,0.0
3323,77259,Mason Falslev,Utah St.,0.5,0.36633663366336633,0.47368421052631576,0.9583333333333334
3324,77260,Ethan Potter,Utah Valley,0.6,0.6363636363636364,0.7441860465116279,0.0
3325,77264,Colin Smith,Vanderbilt,1.0,0.14285714285714285,0.0,1.0
3326,77267,Julian Brown,Wagner,0.0,0.6,0.3181818181818182,0.9152542372881356
3327,77269,Jack Ingold,Lipscomb,0.0,0.0,0.0,0.0
3328,77270,Kentrell Pullian,Milwaukee,0.0,0.3050847457627119,0.4,0.9210526315789473
3329,77271,Marko Maletic,Toledo,0.0,0.5,0.0,0.5
3330,77272,Max Jones,Cal St. Fullerton,0.0,0.14814814814814814,0.08695652173913043,0.7
3331,77273,Kevon Wiggins,Morgan St.,0.0,0.0,0.0,1.0
3332,77276,Malik Moore,Pepperdine,0.0,0.3333333333333333,0.2903225806451613,0.9111111111111111
3333,77277,Luke Haertle,Wisconsin,0.0,0.0,0.0,0.0
3334,77278,Alex Anamekwe,Texas,0.0,0.0,0.0,0.0
3335,77279,Connor Essegian,Wisconsin,0.0,0.6,0.2857142857142857,1.0
3336,77280,Josh Ojianwuna,Baylor,0.7586206896551724,0.7213114754098361,0.75,0.0
3337,77283,Rowan Brumbaugh,Georgetown,0.0,0.15384615384615385,0.05263157894736842,0.7777777777777778
3338,77284,Yoro Diallo,Winthrop,0.5,0.4,0.2,1.0
3339,77288,Jalen Pitre,Pepperdine,1.0,0.84,1.0,1.0
3340,77289,Evan Mahaffey,Ohio St.,1.0,0.7058823529411765,0.4074074074074074,1.0
3341,77290,Turner Livingston,Idaho St.,0.0,0.0,0.0,0.0
3342,77291,Jordan Hansen,Idaho St.,0.0,0.0,0.0,1.0
3343,77292,Terrance Arceneaux,Houston,0.6666666666666666,0.5,0.125,0.8333333333333334
3344,77293,Jaden Kirkwood,Holy Cross,0.0,0.0,0.0,0.0
3345,77295,BJ Freeman,Milwaukee,0.25,0.15463917525773196,0.2,0.6984126984126984
3346,77296,Jonathan Mogbo,San Francisco,0.7093023255813954,0.5988372093023255,0.3076923076923077,0.0
3347,77298,Jaxon Nap,Montana,0.0,0.3,0.0,1.0
3348,77299,Isaac Traudt,Creighton,0.6666666666666666,0.6,0.0,1.0
3349,77300,Isaac McKneely,Virginia,0.0,0.4444444444444444,0.7391304347826086,0.9135802469135802
3350,77301,Sam Slutske,Washington,0.0,0.0,0.0,0.0
3351,77302,Leon Bond III,Virginia,0.7777777777777778,0.625,0.7368421052631579,1.0
3352,77303,Adrame Diongue,San Jose St.,0.9642857142857143,0.8260869565217391,0.5,0.0
3353,77310,Cooper Dewitt,IU Indy,0.0,1.0,0.6666666666666666,1.0
3354,77314,John Ukomadu,Eastern Kentucky,0.6428571428571429,0.5135135135135135,0.0,1.0
3355,77315,John Egbuta,IU Indy,1.0,0.6,0.4666666666666667,1.0
3356,77316,Jlynn Counter,IU Indy,0.0,0.3333333333333333,0.20967741935483872,0.8421052631578947
3357,77317,Conrad Hawley,Iowa St.,0.0,0.0,0.0,0.0
3358,77318,Omar Harris,Campbell,0.0,0.625,0.25,1.0
3359,77320,Will Shaver,UAB,1.0,0.6666666666666666,0.0,0.0
3360,77321,ND Okafor,California,1.0,0.75,0.3333333333333333,0.0
3361,77322,Elijah Walsh,Campbell,0.5,0.32,0.0,0.88
3362,77323,Masai Troutman,Northeastern,0.8333333333333334,0.4406779661016949,0.17647058823529413,0.896551724137931
3363,77324,Landon Lewis,Brown,1.0,0.6666666666666666,0.4,0.0
3364,77326,Anthony McComb III,Bowling Green,0.0,0.4,0.0,1.0
3365,77328,Desmond Claude,Xavier,0.75,0.39215686274509803,0.36,0.6666666666666666
3366,77329,John Lovelace Jr.,Youngstown St.,0.6666666666666666,0.5384615384615384,0.1111111111111111,0.8888888888888888
3367,77331,Alexander Lesburt Jr.,Brown,0.75,0.6875,0.0,1.0
3368,77332,Drew Kania,Brown,0.0,0.0,0.0,0.0
3369,77334,Kadyn Betts,Minnesota,1.0,0.5,1.0,1.0
3370,77335,Braeden Carrington,Minnesota,1.0,0.391304347826087,0.8,0.8823529411764706
3371,77336,Tommy Pinegar,Missouri St.,0.0,0.0,0.0,0.0
3372,77337,Damien Mayo Jr.,Missouri St.,0.0,0.5306122448979592,0.0,1.0
3373,77338,Kanon Gipson,Missouri St.,0.0,0.0,0.0,0.0
3374,77339,N.J. Benson,Missouri St.,0.8095238095238095,0.5849056603773585,0.7,0.0
3375,77342,Kyran Ratliff,Louisiana,0.8333333333333334,0.6521739130434783,0.4444444444444444,0.0
3376,77343,Christian Watson,Miami FL,0.0,0.6666666666666666,0.3333333333333333,0.8571428571428571
3377,77344,AJ Casey,Miami FL,1.0,0.7333333333333333,0.0,0.0
3378,77345,TJ Grant,Mercer,1.0,0.5,0.0,0.0
3379,77346,Michael Zanoni,Mercer,0.0,0.0,1.0,1.0
3380,77348,David Craig,Tennessee Tech,1.0,1.0,0.0,0.0
3381,77349,Danilo Jovanovich,Louisville,0.0,0.6666666666666666,0.0,0.0
3382,77350,Favour Aire,Penn St.,1.0,1.0,0.0,0.0
3383,77351,Clarence Daniels,New Hampshire,0.5,0.3372093023255814,0.2878787878787879,0.803921568627451
3384,77354,Michael Ward,Virginia Tech,0.0,0.0,0.0,0.0
3385,77355,Malachi Douyon,Santa Clara,0.0,0.0,0.0,0.0
3386,77356,Vernon Collins,Princeton,1.0,1.0,0.0,0.0
3387,77358,Brendan Yarusso,Santa Clara,0.0,0.0,0.0,0.0
3388,77361,Arnas Sakenis,SIU Edwardsville,0.75,0.6666666666666666,0.0,0.0
3389,77362,Cam Brent,Mississippi,0.0,0.0,0.0,0.0
3390,77365,Philip Alston,Loyola Chicago,0.8421052631578947,0.717391304347826,0.2857142857142857,1.0
3391,77367,DJ Richards Jr.,McNeese St.,0.0,0.7142857142857143,0.2222222222222222,0.9452054794520548
3392,77369,Mike Woods,Navy,0.0,0.4642857142857143,0.8888888888888888,0.0
3393,77372,Derrin Boyd,Lipscomb,0.0,0.28125,0.21739130434782608,0.8378378378378378
3394,77373,Justin Williams,Tennessee St.,1.0,0.14285714285714285,0.09090909090909091,0.625
3395,77375,Daiquan Copeland,Coppin St.,0.0,0.0,0.0,0.0
3396,77376,Trent Scott,Morehead St.,0.0,0.0,0.0,0.0
3397,77378,Jed Miller,Montana St.,0.0,0.6666666666666666,0.4,0.8571428571428571
3398,77379,Rob Lawson,Morgan St.,0.0,0.4074074074074074,0.21428571428571427,0.8571428571428571
3399,77381,Cole Glasgow,UMKC,0.0,0.0,0.0,0.0
3400,77384,Denim Dawson,Tennessee St.,0.0,0.25,0.14285714285714285,1.0
3401,77385,Lucas Mercandino,La Salle,0.0,1.0,0.0,0.0
3402,77389,Promise C. Idiaru,UMKC,0.0,1.0,0.0,1.0
3403,77391,Joshua Jefferson,Saint Mary's,0.8571428571428571,0.6071428571428571,0.3448275862068966,0.9375
3404,77393,Aidan Mahaney,Saint Mary's,1.0,0.16326530612244897,0.13333333333333333,0.8536585365853658
3405,77394,Adou Thiero,Kentucky,0.6086956521739131,0.4888888888888889,0.5384615384615384,1.0
3406,77396,Keshawn McNeill,Saint Francis,0.0,0.0,0.0,0.0
3407,77402,Kevin Gad,Saint Mary's,0.0,0.0,0.0,0.8
3408,77404,Donovan Oday,Cal St. Fullerton,0.25,0.21052631578947367,0.16666666666666666,0.875
3409,77410,Tommie Williams,Lindenwood,0.0,0.25,0.3,1.0
3410,77411,Keon Thompson,Massachusetts,0.6,0.28205128205128205,0.3333333333333333,1.0
3411,77412,RJ Luis,St. John's,0.8888888888888888,0.36923076923076925,0.3333333333333333,0.875
3412,77413,Caelum Swanton-Rodger,Maryland,0.75,0.5625,0.0,0.0
3413,77414,Dion Brown,UMBC,0.16666666666666666,0.26732673267326734,0.2,0.6888888888888889
3414,77415,Ernest Minton,Mississippi Valley St.,0.0,0.625,0.8333333333333334,1.0
3415,77420,Trevan Leonhardt,Utah Valley,0.0,0.6153846153846154,0.42857142857142855,1.0
3416,77421,Juan Sebastian Gorosito,Portland,0.0,0.0,0.1111111111111111,0.9090909090909091
3417,77422,Kamari Lands,Arizona St.,0.5,0.4166666666666667,0.6,0.8333333333333334
3418,77424,Tae Davis,Notre Dame,0.4666666666666667,0.26373626373626374,0.4,1.0
3419,77426,Fabio Basili,UT Arlington,0.0,0.08333333333333333,0.0,0.375
3420,77427,Jaquan Sanders,Seton Hall,0.0,0.7692307692307693,0.5,0.9473684210526315
3421,77428,Devin Ree,Louisiana Tech,0.0,0.6,0.0,0.8823529411764706
3422,77430,Moe Odum,Pacific,0.0,0.28,0.14285714285714285,0.59375
3423,77431,Max Pearcy,Lamar,0.0,0.0,1.0,0.0
3424,77432,Luke Hunger,Northwestern,1.0,0.5882352941176471,0.6666666666666666,0.6666666666666666
3425,77434,Guillermo Diaz Graham,Pittsburgh,0.8888888888888888,0.6363636363636364,0.3333333333333333,0.9375
3426,77435,Sean Jones,Marquette,0.5,0.34782608695652173,0.0,0.5555555555555556
3427,77436,Leland Walker,Eastern Kentucky,0.3333333333333333,0.1590909090909091,0.08450704225352113,0.6666666666666666
3428,77437,Tayshawn Comer,Eastern Kentucky,0.0,0.14285714285714285,0.0,0.5925925925925926
3429,77439,Matt McCool,Marist,0.0,0.5,0.0,1.0
3430,77440,David Onanina,Eastern Kentucky,0.0,0.0,0.0,0.0
3431,77441,Ben Southerland,Liberty,1.0,0.3333333333333333,0.0,1.0
3432,77442,Chase Ross,Marquette,0.6153846153846154,0.5277777777777778,0.5,0.92
3433,77444,Jerome Brewer Jr.,East Texas A&M,1.0,0.7567567567567568,0.375,0.9583333333333334
3434,77445,Alonzo Dodd,East Texas A&M,0.0,0.1,0.041666666666666664,0.782608695652174
3435,77446,D.J. Jefferson,Tennessee,0.0,0.0,0.0,1.0
3436,77448,Tobe Awaka,Tennessee,1.0,0.6078431372549019,0.6428571428571429,0.0
3437,77453,Tommie Lewis,East Texas A&M,0.6363636363636364,0.3684210526315789,0.125,0.7857142857142857
3438,77454,Karlin Hardy,Northwestern St.,0.0,0.0,0.0,1.0
3439,77455,Tommy Gardler,La Salle,0.0,0.0,0.0,0.0
3440,77457,Jaden Grant,FIU,0.0,0.0,1.0,1.0
3441,77458,Derik Pranger,Eastern Michigan,0.0,0.0,1.0,0.0
3442,77459,Kyle Evans,Colorado St.,1.0,1.0,1.0,0.0
3443,77460,Jayden Williams,Dartmouth,0.75,0.7142857142857143,0.3333333333333333,0.9473684210526315
3444,77461,Brandon Mitchell-Day,Dartmouth,0.5714285714285714,0.48717948717948717,0.14285714285714285,0.8888888888888888
3445,77462,Greg Cooper,Harvard,0.0,0.0,0.0,1.0
3446,77463,Jackson Munro,Dartmouth,1.0,0.47058823529411764,0.2857142857142857,0.9411764705882353
3447,77467,Cyril Martynov,Eastern Michigan,1.0,0.6086956521739131,0.6666666666666666,0.0
3448,77468,Kanye Clary,Penn St.,0.0,0.15,0.08,0.3448275862068966
3449,77469,Kebba Njie,Notre Dame,1.0,0.7727272727272727,0.14285714285714285,1.0
3450,77470,Mor Seck,Hawaii,1.0,0.8461538461538461,0.75,0.0
3451,77471,Avery Brown,Columbia,0.0,0.19047619047619047,0.06666666666666667,0.9333333333333333
3452,77472,Blair Thompson,Columbia,0.6,0.47368421052631576,0.3333333333333333,0.88
3453,77473,Quentin Livingston,Hampton,0.0,0.0,0.0,0.0
3454,77474,Kyrese Mullen,Hampton,0.0,0.42045454545454547,0.4,0.9393939393939394
3455,77475,Kody Williams,Hawaii,0.0,0.0,0.0,1.0
3456,77478,Demetrius Lilley,Penn St.,1.0,0.6538461538461539,0.0,0.0
3457,77479,Kimani Hamilton,High Point,0.45454545454545453,0.25961538461538464,0.10526315789473684,0.9
3458,77481,Adem Bona,UCLA,0.6888888888888889,0.47706422018348627,0.46153846153846156,0.0
3459,77482,Tarris Reed Jr.,Michigan,0.7142857142857143,0.5444444444444444,0.5,1.0
3460,77483,Collin Metcalf,Northeastern,0.8571428571428571,0.6666666666666666,0.6666666666666666,0.0
3461,77484,Dylan Andrews,UCLA,0.0,0.15789473684210525,0.11904761904761904,0.7608695652173914
3462,77485,Abramo Canka,Wake Forest,0.0,0.5,0.0,1.0
3463,77486,Youssef Khayat,Michigan,0.0,0.5,0.0,1.0
3464,77489,Jameel Brown,Penn St.,0.0,0.6,0.3333333333333333,0.7241379310344828
3465,77491,Shawn Phillips Jr.,Arizona St.,0.8275862068965517,0.6666666666666666,0.4444444444444444,0.0
3466,77492,Austin Montgomery,Georgetown,0.0,0.0,0.0,1.0
3467,77495,Jaden Clayton,Maine,0.0,0.34,0.14285714285714285,0.5652173913043478
3468,77497,Braden Ilic,East Tennessee St.,0.0,0.3333333333333333,0.0,0.875
3469,77499,Cam Lawin,San Diego St.,0.0,0.0,0.0,0.0
3470,77500,Miles Byrd,San Diego St.,0.8,0.3684210526315789,0.0,0.9090909090909091
3471,77501,Elijah Saunders,San Diego St.,0.6666666666666666,0.5714285714285714,0.15384615384615385,1.0
3472,77502,Toby Onyekonwu,Stony Brook,0.0,0.2857142857142857,0.14285714285714285,0.7857142857142857
3473,77503,Rocco Muratori,Stony Brook,0.0,0.0,0.0,0.0
3474,77504,Leon Nahar,Stony Brook,0.0,0.0,0.0,1.0
3475,77506,Jared Frey,Stony Brook,0.0,0.0,0.14285714285714285,0.9047619047619048
3476,77507,Garrett Anderson,San Jose St.,0.0,0.29411764705882354,0.0,1.0
3477,77508,Max Allen II,Marist,1.0,0.4520547945205479,0.45098039215686275,1.0
3478,77509,Hank Hutcheson,Lipscomb,0.0,0.5,0.0,0.0
3479,77510,Brody Rowbury,Southeastern Louisiana,0.5,0.6923076923076923,0.7857142857142857,0.0
3480,77511,Jamarques Lawrence,Nebraska,1.0,0.3333333333333333,0.2857142857142857,0.9166666666666666
3481,77512,Jordan Tillmon,Southern Indiana,0.0,0.07692307692307693,0.0,1.0
3482,77514,Jordyn Surratt,USC Upstate,1.0,0.5652173913043478,0.5,0.8
3483,77515,Justin Bailey,USC Upstate,0.0,0.3548387096774194,0.17647058823529413,0.717948717948718
3484,77516,Sam Murray II,Murray St.,0.75,0.6666666666666666,1.0,0.0
3485,77517,Jaylen Bates,Youngstown St.,1.0,1.0,0.0,1.0
3486,77518,DaeVeon Scott,Stephen F. Austin,0.0,0.0,0.0,0.0
3487,77519,Kaiyem Cleary,Le Moyne,0.782608695652174,0.41935483870967744,0.32432432432432434,0.8666666666666667
3488,77520,Benjamin Bayela,East Carolina,0.5,0.5,0.0,0.75
3489,77521,Braxton Stacker,Southeast Missouri St.,0.5454545454545454,0.47368421052631576,0.1,1.0
3490,77522,Caden Bateman,Montana,0.0,1.0,0.0,0.0
3491,77524,Jaxon Edwards,Valparaiso,0.15384615384615385,0.2765957446808511,0.125,0.9
3492,77525,Cheickna Sissoko,Gardner Webb,0.6666666666666666,0.6666666666666666,0.0,0.0
3493,77527,Dominic Ham,Milwaukee,0.0,0.5,0.0,0.8888888888888888
3494,77529,Rhett Reynolds,Montana,0.0,0.0,0.0,0.0
3495,77530,Mohamed Diarra,N.C. State,0.6875,0.5,0.3333333333333333,0.9047619047619048
3496,77532,Justin Anderson,NJIT,0.0,0.4,0.0,1.0
3497,77533,Will Richardson,Fordham,0.0,0.043478260869565216,0.2413793103448276,0.7843137254901961
3498,77536,Jamal Ambrose,Nebraska Omaha,0.0,0.25,0.0,1.0
3499,77538,Noah Best,Fordham,0.0,0.0,0.0,0.0
3500,77539,Adam Tsang Hinton,Cornell,0.0,0.0,0.0,1.0
3501,77540,DJ Nix,Cornell,1.0,0.8,1.0,0.75
3502,77541,Johannes Kirsipuu,Central Arkansas,0.0,0.0,0.0625,0.6818181818181818
3503,77542,TJ Holloway,Central Connecticut,0.0,1.0,0.0,1.0
3504,77543,Carl Daughtery Jr.,Central Arkansas,0.0,0.3076923076923077,0.2727272727272727,0.8214285714285714
3505,77545,Anthony Dell'Orso,Campbell,1.0,0.2833333333333333,0.24390243902439024,0.6521739130434783
3506,77547,Tony Osburn,Nebraska Omaha,0.0,0.75,0.18181818181818182,0.8857142857142857
3507,77549,Reggie Bass,Kent St.,0.0,0.14285714285714285,0.0,0.6875
3508,77551,Larry Hughes II,Saint Louis,0.3333333333333333,0.25,0.4166666666666667,0.7346938775510204
3509,77553,Hantz Louis-Jeune,Florida A&M,0.6666666666666666,0.5666666666666667,0.36363636363636365,0.9090909090909091
3510,77555,Jalen Bolden,Louisiana Monroe,0.0,0.3469387755102041,0.3125,0.875
3511,77557,JJ Kalakon,Western Illinois,0.6666666666666666,0.25806451612903225,0.40625,0.9285714285714286
3512,77558,Cam Cormany,Navy,0.0,0.0,0.0,0.0
3513,77560,Pierce Bazil,Houston Christian,0.5,0.24390243902439024,0.125,0.8571428571428571
3514,77561,Chigozie Achara,Houston Christian,0.5,0.375,0.5714285714285714,0.0
3515,77562,Garry Clark,Texas A&M Corpus Chris,0.75,0.5607476635514018,0.7906976744186046,0.9285714285714286
3516,77564,Jakorie Smith,Tarleton St.,1.0,0.38,0.31343283582089554,0.7384615384615385
3517,77565,Nasan Ayala,Tarleton St.,0.0,0.0,0.0,0.0
3518,77566,Lue Williams,Tarleton St.,0.6,0.5641025641025641,0.38461538461538464,0.9714285714285714
3519,77567,Jalen Thomas,Tarleton St.,0.0,0.0,0.0,0.0
3520,77570,Harvin Ibarguen,Northern Illinois,0.6666666666666666,0.6666666666666666,1.0,0.0
3521,77571,Steven Jamerson II,San Diego,0.76,0.5443037974683544,0.625,0.0
3522,77573,Toto Fagbenle,Coppin St.,0.75,0.5652173913043478,0.2727272727272727,0.0
3523,77574,Jordan Simpson,South Carolina St.,0.5,0.4444444444444444,0.6206896551724138,0.625
3524,77575,Nathan Self,Houston Christian,0.0,0.0,0.0,0.0
3525,77578,Drew King,Illinois Chicago,0.0,0.0,0.0,1.0
3526,77581,Nate Hudson,Houston Christian,1.0,0.8,0.0,0.0
3527,77582,Christian Rich,Harvard,0.0,0.0,0.0,0.0
3528,77586,Rodrique Massenat,Alcorn St.,0.0,0.2,0.0,1.0
3529,77587,John Shannon,Bryant,0.0,0.0,0.0,0.0
3530,77588,Lance-Amir Paul,Texas A&M Corpus Chris,0.0,0.07407407407407407,0.4444444444444444,0.6666666666666666
3531,77592,Caleb Stearman,Utah Tech,0.6666666666666666,0.6,0.25,1.0
3532,77594,Corey Washington,Saint Peter's,0.6363636363636364,0.4393939393939394,0.5365853658536586,0.9090909090909091
3533,77596,Mo Sall,DePaul,0.0,0.0,0.0,0.0
3534,77598,Isaiah Crawford,Louisiana,0.0,0.0,0.0,0.0
3535,77602,Kade Madsen,Utah Tech,0.0,0.0,0.0,0.0
3536,77603,Stone Hutchings,Utah Tech,0.0,0.5,0.0,0.0
3537,77606,Marcell McCreary,Northern Colorado,0.0,1.0,1.0,1.0
3538,77609,Anthony Clayton,Syracuse,0.0,0.0,0.0,0.0
3539,77611,Carlos Fuentes,Denver,0.0,0.0,0.0,0.0
3540,77613,Jake Johnston,VMI,0.0,0.0,0.0,0.0
3541,77616,Charlie May,UCF,0.0,0.0,0.0,0.0
3542,77617,Thierno Sylla,UCF,0.5,0.4230769230769231,0.0,0.9411764705882353
3543,77618,Poohpha Warakulnukroh,UCF,0.0,0.0,0.0,0.0
3544,77619,Chris Craig,Texas Southern,0.25,0.3888888888888889,1.0,0.0
3545,77622,Rytis Petraitis,Air Force,1.0,0.42045454545454547,0.11764705882352941,1.0
3546,77623,Corbin Green,Air Force,0.5,0.5,1.0,0.0
3547,77624,Kellan Boylan,Air Force,0.2,0.325,0.0,0.9615384615384616
3548,77626,Michael Kalina,UCF,0.0,0.0,0.0,1.0
3549,77629,Zytarious Mortle,Texas Southern,0.42857142857142855,0.34782608695652173,0.29411764705882354,0.5714285714285714
3550,77630,Lesown Hallums Jr.,Pacific,1.0,0.7058823529411765,0.75,0.8571428571428571
3551,77631,Shakir Dawan,North Carolina Central,0.0,0.5,0.0,0.8
3552,77632,Shaman Alston,South Carolina St.,0.0,0.5,0.8,0.6666666666666666
3553,77633,Justin Wilson,Northwestern St.,0.8181818181818182,0.6274509803921569,0.42857142857142855,0.0
3554,77634,Roy Clarke,Saint Peter's,0.0,0.16666666666666666,0.16666666666666666,0.6875
3555,77636,Eli Sparkman,South Carolina,0.0,0.0,0.0,0.0
3556,77640,AK Okereke,Cornell,0.6,0.4166666666666667,0.3333333333333333,0.8571428571428571
3557,77645,Nicholas Margetson,Quinnipiac,0.0,0.0,0.0,0.0
3558,77649,Ryen Perry,San Jose St.,0.0,0.0,0.0,1.0
3559,77650,Wrenn Robinson,California,0.0,0.0,0.0,0.0
3560,77654,Miles Hall,Florida A&M,0.0,0.6666666666666666,0.0,0.0
3561,77656,Sola Adebisi,Florida St.,1.0,1.0,0.0,0.0
3562,77657,Josue Gil-Silva,Stanford,0.0,0.0,0.0,0.0
3563,77658,Roy Yuan,Stanford,0.0,0.0,0.0,0.5
3564,77660,Kam Johnson,George Mason,0.0,0.0,0.0,1.0
3565,77661,Ahmet Jonovic,Bradley,1.0,0.45454545454545453,0.4444444444444444,1.0
3566,77664,AJ Redd,Illinois,0.0,0.0,0.0,0.0
3567,77665,Janko Bulajic,Lamar,1.0,0.6190476190476191,0.6,0.0
3568,77667,Ahmed Essahaty,LIU,0.0,0.14285714285714285,0.0,1.0
3569,77669,Emmanuel Okorafor,Louisville,1.0,0.47368421052631576,1.0,0.0
3570,77671,Mady Traore,Maryland,1.0,0.5,0.0,0.0
3571,77672,Steven Tipton,Northern Illinois,0.0,0.5,0.0,1.0
3572,77676,Samage Teel,Presbyterian,0.0,0.10909090909090909,0.0,0.68
3573,77677,Simeon Wilcher,St. John's,1.0,0.3,0.2727272727272727,0.7
3574,77679,Kanaan Carlyle,Stanford,0.0,0.1,0.12903225806451613,0.65625
3575,77680,Dylan Canoville,Southeastern Louisiana,0.7,0.5357142857142857,0.0,0.0
3576,77681,C.J. Moore,Le Moyne,0.0,0.0,0.0,0.0
3577,77683,Braedan Allen,Monmouth,1.0,1.0,1.0,0.0
3578,77688,Brandon Taylor,East Texas A&M,0.0,0.0,0.0,0.0
3579,77689,Malang Athian,Maryland Eastern Shore,0.8,0.7142857142857143,0.5,1.0
3580,77690,Damani Claxton,Maryland Eastern Shore,0.0,0.2857142857142857,0.0,0.8
3581,77691,Wesley Robinson,Manhattan,1.0,0.8333333333333334,0.3333333333333333,1.0
3582,77692,Shaquil Bender,Manhattan,0.125,0.24390243902439024,0.225,0.627906976744186
3583,77694,Kevin Carney,Loyola Marymount,0.0,0.0,0.0,0.0
3584,77695,Sean Newman Jr.,Louisiana Tech,0.0,0.07142857142857142,0.05555555555555555,0.8666666666666667
3585,77696,Blake Butler,Louisiana,0.0,0.07692307692307693,0.3333333333333333,0.9230769230769231
3586,77697,Terri Miller Jr.,Louisiana Tech,0.0,0.3888888888888889,0.0,0.0
3587,77698,Jaylin Henderson,Louisiana Tech,0.6666666666666666,0.5,0.3333333333333333,0.7142857142857143
3588,77699,Belal El Shakery,Wofford,0.6666666666666666,0.5428571428571428,0.0,0.6
3589,77700,Jeremy Lorenz,Wofford,0.0,0.7352941176470589,0.0,1.0
3590,77702,John Blackwell,Wisconsin,0.0,0.4473684210526316,0.46153846153846156,0.9333333333333333
3591,77704,Nolan Winter,Wisconsin,1.0,0.7333333333333333,0.6666666666666666,1.0
3592,77708,Eric Acker,LIU,1.0,0.35135135135135137,0.2903225806451613,0.9285714285714286
3593,77709,Jaylen Carey,James Madison,0.8125,0.6162790697674418,0.6,1.0
3594,77710,AJ Dancler,Le Moyne,0.0,0.2631578947368421,0.16666666666666666,0.9473684210526315
3595,77711,Omaha Biliew,Iowa St.,0.75,0.6428571428571429,1.0,0.0
3596,77712,Alex Odam,Jacksonville St.,0.0,0.0,0.0,0.0
3597,77713,Milan Momcilovic,Iowa St.,0.0,0.26666666666666666,0.3382352941176471,0.9672131147540983
3598,77719,Dani Pounds,Old Dominion,0.6,0.5454545454545454,0.8,0.0
3599,77720,Grant Stubblefield,Nebraska Omaha,0.0,0.05263157894736842,0.25,1.0
3600,77721,Pablo Navarro,Oral Roberts,0.0,0.5,0.0,0.0
3601,77722,Josh Jones,Oral Roberts,0.0,0.696969696969697,0.8,0.0
3602,77726,Tito Deng,Jacksonville,0.0,1.0,0.0,0.0
3603,77727,Zach Bell,Jacksonville,0.8,0.4117647058823529,0.2727272727272727,0.9375
3604,77728,Grant Welch,Illinois Chicago,0.0,0.0,0.0,1.0
3605,77731,Bangot Dak,Colorado,1.0,0.9090909090909091,1.0,1.0
3606,77732,Devin Curtis,California,0.0,0.0,1.0,0.0
3607,77733,Rodney Brown Jr.,California,0.0,0.16666666666666666,0.0,0.6956521739130435
3608,77734,Ethan McComb,Butler,0.0,0.0,0.0,1.0
3609,77735,Augusto Cassia,Butler,1.0,1.0,0.0,0.0
3610,77736,Boden Kapke,Butler,1.0,0.8571428571428571,1.0,1.0
3611,77737,Finley Bizjack,Butler,0.0,0.18181818181818182,0.6666666666666666,0.8823529411764706
3612,77738,Noah Melson,Chattanooga,0.5,0.6666666666666666,0.16666666666666666,1.0
3613,77739,Sean Cusano,Chattanooga,0.0,1.0,0.0,1.0
3614,77740,Bryan Ndjonga,Cal St. Northridge,0.0,0.5,0.4444444444444444,0.9230769230769231
3615,77742,Bryce Butler,Charleston,0.0,0.5373134328358209,0.17391304347826086,0.9375
3616,77743,Christian Cook,New Mexico St.,0.0,0.4,0.24,0.8148148148148148
3617,77744,Eddiean Tirado,SIU Edwardsville,0.0,0.0,0.0,1.0
3618,77745,Ethan Yancy,SIU Edwardsville,0.0,0.5,0.0,0.6666666666666666
3619,77746,Jordan Thompson,UMass Lowell,0.0,0.0,0.0,0.0
3620,77747,Xzavier Lino,UMass Lowell,0.0,1.0,1.0,1.0
3621,77748,Bruce Carpenter,Houston Christian,0.0,0.0,0.0,0.0
3622,77749,Malachi Davis,Arizona St.,0.0,0.0,0.0,0.0
3623,77750,Nic McClain,Eastern Washington,0.0,0.0,0.0,1.0
3624,77752,Isaiah Moses,UC Riverside,0.0,0.0967741935483871,0.061224489795918366,0.82
3625,77753,Andres Fulgencio,UMass Lowell,0.0,0.5,0.0,1.0
3626,77754,Jeremiah Quigley,Iona,0.0,0.25,0.27586206896551724,0.9375
3627,77755,Jean Aranguren,Iona,0.0,0.38461538461538464,0.4074074074074074,0.8928571428571429
3628,77756,Gabe Cupps,Indiana,0.0,0.16666666666666666,0.08333333333333333,0.9285714285714286
3629,77758,Mackenzie Mgbako,Indiana,1.0,0.41304347826086957,0.37142857142857144,0.92
3630,77761,Eli Shetlar,Indiana St.,0.0,0.75,0.0,0.8333333333333334
3631,77762,Jaden Daughtry,Indiana St.,0.0,0.35714285714285715,0.0,1.0
3632,77763,Derek Vorst,Indiana St.,1.0,0.6666666666666666,0.5,0.6666666666666666
3633,77765,Jaland Lowe,Pittsburgh,0.0,0.023255813953488372,0.1282051282051282,0.7419354838709677
3634,77766,John Squire,Pepperdine,0.0,1.0,0.0,0.0
3635,77767,Curtis Williams,Pepperdine,0.0,0.16666666666666666,0.25,0.875
3636,77772,Collin Kuhl,Georgia Southern,0.0,0.5,0.25,0.0
3637,77774,Marcos San Miguel,Georgia Tech,0.0,0.0,0.0,0.0
3638,77775,Eren Banks,Georgia Southern,0.0,0.10204081632653061,0.0,0.9387755102040817
3639,77776,Ibrahima Sacko,Georgia Tech,0.6666666666666666,0.7142857142857143,0.0,1.0
3640,77779,Naithan George,Georgia Tech,0.0,0.19047619047619047,0.061224489795918366,0.5625
3641,77780,Avantae Parker,Georgia Southern,0.6470588235294118,0.3516483516483517,0.16666666666666666,1.0
3642,77781,Marquese Josephs,Grand Canyon,0.0,0.0,0.0,0.0
3643,77782,Jaiden Thompson,Charleston Southern,0.0,0.375,0.14285714285714285,1.0
3644,77783,Keyshawn Mitchell,Bryant,0.0,0.75,1.0,0.0
3645,77785,Almar Atlason,Bradley,0.3333333333333333,0.25,0.25,0.9736842105263158
3646,77786,Aaron Davis,Bryant,0.0,0.0,0.0,0.0
3647,77787,EJay Greer,Bowling Green,0.0,0.5,0.0,1.0
3648,77788,Demarion Burch,Bradley,1.0,0.46153846153846156,0.0,0.8333333333333334
3649,77789,Hunter Harding,Central Michigan,1.0,0.8,0.0,0.0
3650,77790,Shaedon Simpson,Central Michigan,0.0,0.5,1.0,1.0
3651,77795,Gavin Muse,Central Arkansas,0.0,0.0,0.0,0.0
3652,77796,Caleb Carr,Central Arkansas,1.0,0.6,0.0,0.0
3653,77799,Ethyn Brown,Illinois Chicago,0.0,1.0,0.0,0.0
3654,77802,Trey Horton,UTEP,0.0,0.6666666666666666,0.25,1.0
3655,77803,David Terrell Jr.,UTEP,0.0,0.3488372093023256,0.0,1.0
3656,77806,Jake Wahlin,Utah,0.0,0.6666666666666666,0.5,1.0
3657,77807,Jayden Teat,Utah,0.0,0.0,0.0,0.3333333333333333
3658,77808,Nazar Mahmoud,UTSA,0.0,0.0,1.0,1.0
3659,77809,Marqueas Bell,Southeast Missouri St.,0.0,0.41379310344827586,0.5,0.8333333333333334
3660,77810,Dontae Horne,Texas St.,0.0,0.17857142857142858,0.4444444444444444,0.75
3661,77811,William Humer,San Jose St.,0.0,0.5555555555555556,0.5,1.0
3662,77812,Isiah Gaiter,South Alabama,0.0,0.31666666666666665,0.06666666666666667,0.92
3663,77815,Kwo Agwa,East Texas A&M,1.0,0.8478260869565217,0.75,1.0
3664,77816,Hayden Gray,UC San Diego,1.0,0.2222222222222222,0.125,1.0
3665,77817,Bryce Bultman,Miami OH,0.0,0.5526315789473685,0.08695652173913043,1.0
3666,77818,Marcus Friend,Troy,0.0,0.0,0.0,0.0
3667,77819,Thomas Sutter Jr.,Fairleigh Dickinson,0.0,0.0,0.0,0.0
3668,77820,Tyler Jamison,Fairleigh Dickinson,0.0,0.0,0.0,0.0
3669,77821,Terrence Brown,Fairleigh Dickinson,0.2727272727272727,0.40425531914893614,0.13333333333333333,0.8823529411764706
3670,77822,Davin Francis,Fairleigh Dickinson,0.0,0.0,1.0,0.8333333333333334
3671,77823,Chuck Bailey III,Evansville,0.5,0.32558139534883723,0.14285714285714285,0.7222222222222222
3672,77824,Braylon Jackson,Evansville,0.0,0.0,0.0,1.0
3673,77826,Joshua Hughes,Evansville,0.8571428571428571,0.6285714285714286,0.5,0.9629629629629629
3674,77827,Tyler Myers,Evansville,0.0,0.0,0.0,0.5
3675,77828,Bryce Cash,Queens,0.5833333333333334,0.40476190476190477,0.5,1.0
3676,77831,Khoi Thurmon,Purdue Fort Wayne,0.0,0.5,0.0,0.0
3677,77833,Corey Hadnot II,Purdue Fort Wayne,0.0,0.2692307692307692,0.12,1.0
3678,77834,Myles Colvin,Purdue,0.8333333333333334,0.7,0.3333333333333333,0.9583333333333334
3679,77836,Ryan Sutliff,Boston University,0.0,0.0,1.0,0.0
3680,77837,Marcus Hill,Bowling Green,0.25,0.12804878048780488,0.08928571428571429,0.84
3681,77838,Quentin Bolton Jr.,Charleston Southern,0.0,0.26666666666666666,0.0,0.875
3682,77839,Pip Ajayi,Bucknell,1.0,0.6578947368421053,0.5,0.0
3683,77841,Kyle Frelow,Cal St. Northridge,0.0,0.7777777777777778,0.0,0.0
3684,77842,Keonte Jones,Cal St. Northridge,0.7142857142857143,0.4943820224719101,0.34782608695652173,0.9230769230769231
3685,77843,Mahmoud Fofana,Cal St. Northridge,1.0,0.6,0.5,1.0
3686,77844,Cam Malray,Cal Poly,0.0,1.0,0.3333333333333333,1.0
3687,77845,Joel Armotrading,Cal Poly,0.6666666666666666,0.6060606060606061,0.2222222222222222,0.0
3688,77847,Jacob Meyer,Coastal Carolina,1.0,0.16,0.19607843137254902,0.9024390243902439
3689,77848,Mason Walters,Wyoming,0.0,0.46,0.22857142857142856,1.0
3690,77849,Adam Clark,Merrimack,0.0,0.16853932584269662,0.029850746268656716,0.5
3691,77850,Joey Brown,Ball St.,0.0,0.3333333333333333,0.0,0.0
3692,77851,Jalal McKie,North Carolina A&T,0.0,0.3076923076923077,0.43902439024390244,0.9743589743589743
3693,77853,Mason Jones,Ball St.,0.75,0.5483870967741935,0.5,1.0
3694,77857,Yves Missi,Baylor,0.7627118644067796,0.6810344827586207,0.35,0.0
3695,77858,Ryan Lopez,Chattanooga,0.0,0.0,0.0,1.0
3696,77860,Akili Vining,UT Arlington,0.5,0.43333333333333335,0.25,0.9
3697,77861,Ra'Sean Frederick,Stony Brook,0.0,0.5,0.0,0.0
3698,77862,Kimahri Wilson,Stephen F. Austin,0.0,0.2857142857142857,0.0,1.0
3699,77863,Chrishawn Christmas,Stephen F. Austin,1.0,0.4,0.2,1.0
3700,77864,Ethan Mayes,Stephen F. Austin,0.0,0.0,0.0,0.0
3701,77865,Toyaz Solomon,UNC Asheville,0.875,0.7755102040816326,0.7916666666666666,1.0
3702,77866,P.D. McCraney,Louisiana Monroe,0.0,1.0,0.0,0.0
3703,77867,Raheem Anthony,St. Thomas,0.2,0.14457831325301204,0.0,0.3939393939393939
3704,77868,Josiah Hammons,Incarnate Word,0.0,0.23529411764705882,0.2222222222222222,0.987012987012987
3705,77869,Tidjiane Dioumassi,Southern,0.0,0.08333333333333333,0.19607843137254902,0.6666666666666666
3706,77871,Jaylen Jones,Tennessee St.,0.75,0.225,0.2,0.7647058823529411
3707,77876,KJ Swain Jr.,Saint Francis,0.0,0.0,0.0,0.0
3708,77877,Adam Shoff,Montana,0.0,0.0,0.0,0.0
3709,77878,Vasilije Serafimoski,Robert Morris,0.0,0.0,0.0,1.0
3710,77881,Blake Buchanan,Virginia,0.8571428571428571,0.8,0.7142857142857143,0.0
3711,77883,Seth Joba,Vermont,1.0,0.8333333333333334,0.0,1.0
3712,77886,Owen Freeman,Iowa,0.8636363636363636,0.6796875,0.47058823529411764,0.0
3713,77887,Carter Lang,Vanderbilt,1.0,0.5714285714285714,0.6666666666666666,0.0
3714,77889,Jason Rivera-Torres,Vanderbilt,0.0,0.07692307692307693,0.25925925925925924,0.7142857142857143
3715,77890,JaQualon Roberts,Vanderbilt,0.4,0.2857142857142857,0.0,1.0
3716,77891,DaJohn Craig,Oregon St.,0.0,1.0,0.3333333333333333,1.0
3717,77892,Jeremy Fears Jr.,Michigan St.,1.0,0.5,0.625,1.0
3718,77893,Ryan McPartlan,Fairfield,0.0,0.0,1.0,0.0
3719,77894,Luke Davidson,Fairfield,0.0,0.0,0.0,0.0
3720,77895,Carson Prost,Eastern Illinois,0.0,0.0,0.0,0.0
3721,77896,Corey Sawyer Jr.,Eastern Illinois,0.0,0.5,0.3333333333333333,0.75
3722,77897,Josh Lee,Denver,0.0,0.0,0.0,1.0
3723,77898,Tyson Garff,Denver,0.0,0.2857142857142857,0.3333333333333333,0.8636363636363636
3724,77900,Jasper Floyd,Fairfield,0.0,0.19298245614035087,0.11764705882352941,0.696969696969697
3725,77901,Nakyel Shelton,Eastern Illinois,1.0,0.6551724137931034,0.3142857142857143,0.7297297297297297
3726,77902,TK Simpkins,Elon,0.5714285714285714,0.2641509433962264,0.08823529411764706,0.7916666666666666
3727,77903,Anthony Bittar,Southeastern Louisiana,0.0,0.0,0.0,1.0
3728,77904,Youssouf Singare,Connecticut,0.0,1.0,0.0,0.0
3729,77905,Jayden Ross,Connecticut,1.0,0.75,0.0,1.0
3730,77906,Stephon Castle,Connecticut,0.782608695652174,0.4787234042553192,0.17391304347826086,0.85
3731,77907,Spencer Joyner,Boston University,0.0,0.0,0.5,0.8571428571428571
3732,77909,Fred Payne,Boston College,0.0,1.0,0.5,0.0
3733,77911,Errol White,Lamar,1.0,0.7450980392156863,0.6842105263157895,0.0
3734,77913,Kevin Patton Jr.,San Diego,0.8461538461538461,0.5686274509803921,0.1724137931034483,0.7407407407407407
3735,77914,Matai Baptiste,Boston University,0.5,0.5333333333333333,0.4444444444444444,1.0
3736,77917,Kailon Nicholls,Duquesne,0.0,0.0,0.0,1.0
3737,77919,TJ Biel,Southeast Missouri St.,0.5,0.4375,0.09090909090909091,0.9
3738,77920,Javius Moore,Southern Indiana,0.5,0.45454545454545453,0.5,0.9090909090909091
3739,77921,Doug Young,Quinnipiac,0.0,0.13333333333333333,0.03225806451612903,0.6666666666666666
3740,77922,JT Langston Jr.,Rider,0.5,0.3870967741935484,0.631578947368421,0.0
3741,77923,Tyriek Weeks,Rider,0.0,0.0,0.0,1.0
3742,77924,Marcus Boykin,Sam Houston St.,0.5,0.17142857142857143,0.0,0.5882352941176471
3743,77926,Dallas Graziani,Samford,0.0,0.17647058823529413,0.08333333333333333,0.8
3744,77927,Jamil Safieddine,South Dakota,0.0,0.0,0.0,0.0
3745,77928,David Ogunleye,South Florida,0.0,0.6666666666666666,0.0,0.0
3746,77929,Malek Gomma,Seattle,0.8888888888888888,0.7857142857142857,0.0,0.0
3747,77931,David Tubek,Seton Hall,0.0,0.0,0.0,1.0
3748,77932,Isaiah Coleman,Seton Hall,0.75,0.6666666666666666,0.375,0.7857142857142857
3749,77933,Bukky Oboye,Santa Clara,0.0,0.0,0.0,0.0
3750,77935,Luke McEldon,Santa Clara,1.0,0.5,0.0,0.0
3751,77936,Isaac Bruns,South Dakota,0.0,0.5333333333333333,0.5294117647058824,0.9615384615384616
3752,77938,Josh Scovens,Army,0.6666666666666666,0.3448275862068966,0.3103448275862069,0.8333333333333334
3753,77939,Zach Halligan,Akron,0.0,0.0,0.0,0.0
3754,77942,Jordan Marsh,Appalachian St.,1.0,0.05714285714285714,0.2,0.6470588235294118
3755,77944,Ma'Shy Hill,Abilene Christian,0.0,1.0,0.5,0.0
3756,77946,Maurice Wright Jr.,VMI,0.0,0.0,0.0,0.5714285714285714
3757,77947,Robert Peters,VMI,0.0,1.0,0.0,1.0
3758,77948,Tyran Cook,VMI,0.5,0.06666666666666667,0.05660377358490566,0.7741935483870968
3759,77950,Koree Cotton,VMI,0.0,0.09090909090909091,0.2,0.6923076923076923
3760,77951,Michael Belle,VCU,0.75,0.6666666666666666,0.3333333333333333,1.0
3761,77952,AJ Clark,VMI,0.0,0.25,0.0,0.5
3762,77953,Stephen Olowoniyi,VMI,0.7619047619047619,0.5,0.3125,1.0
3763,77954,Corey Chesley,VMI,1.0,0.4444444444444444,0.0,0.8571428571428571
3764,77957,D'Angelo Minnis,Idaho,0.0,0.0,0.08695652173913043,0.5853658536585366
3765,77958,Cooper Church,Idaho,0.0,0.0,0.0,0.0
3766,77959,Greg Gordon,Iona,0.5714285714285714,0.3770491803278688,0.4583333333333333,0.7857142857142857
3767,77960,Augustinas Kiudulas,Indiana St.,0.0,0.0,0.0,0.0
3768,77961,Julius Mims,Idaho,0.9090909090909091,0.7647058823529411,0.6842105263157895,1.0
3769,77962,Tyler Mrus,Idaho,0.0,0.5,0.0,1.0
3770,77963,Quinn Denker,Idaho,0.0,0.16363636363636364,0.05555555555555555,0.6818181818181818
3771,77964,EJ Neal,Idaho,0.0,0.23809523809523808,0.2,0.8
3772,77967,Eli Rice,Nebraska,1.0,0.16666666666666666,0.0,0.9
3773,77968,Marcel Bryant,Nebraska Omaha,0.0,0.5454545454545454,0.2222222222222222,0.0
3774,77973,Reid Lovelace,Oklahoma,0.0,0.0,0.0,0.0
3775,77974,Jamison Epps,Northwestern St.,0.0,0.4166666666666667,0.5454545454545454,1.0
3776,77975,JT Warren,Northwestern St.,1.0,0.42857142857142855,0.0,1.0
3777,77977,Biko Johnson,Nebraska Omaha,0.0,0.16666666666666666,0.0,0.7142857142857143
3778,77978,Leeroy Odiahi,Old Dominion,0.4,0.5,0.0,1.0
3779,77980,Jailen Bedford,Oral Roberts,0.5,0.3617021276595745,0.05405405405405406,0.7666666666666667
3780,77981,Tariq Francis,NJIT,0.0,0.1111111111111111,0.0392156862745098,0.5535714285714286
3781,77982,JJ Chaikovsky,NJIT,0.0,0.0,0.0,0.0
3782,77983,Jeffrey Akintolu,NJIT,0.0,0.3333333333333333,1.0,1.0
3783,77984,Cornelius Robinson Jr.,Monmouth,0.3333333333333333,0.46511627906976744,0.13636363636363635,1.0
3784,77985,Jalen Robinson,NJIT,0.0,0.0,0.0,0.0
3785,77987,Isaac Hester,NJIT,0.0,0.0,0.0,1.0
3786,77988,Jake Goldberg,NJIT,0.0,1.0,0.5,0.8
3787,77990,Sebastian Robinson,NJIT,0.0,0.0,0.125,0.9
3788,77991,Brady Dunlap,St. John's,1.0,1.0,0.3,1.0
3789,77993,Miles Rose,St. Bonaventure,0.0,0.0,0.0,0.0
3790,77994,Delang Muon,Southern,0.875,0.8297872340425532,1.0,1.0
3791,77995,Luther Smith Jr.,Southern Indiana,0.0,0.0,0.0,0.0
3792,77996,Kennard Davis,Southern Illinois,0.0,0.43478260869565216,0.0,0.9523809523809523
3793,77997,Sheridan Sharp,Southern Illinois,0.0,0.0,0.0,0.0
3794,77999,BJ Ward,Southeast Missouri St.,0.0,0.1111111111111111,0.045454545454545456,0.7
3795,78000,Kachi Nzeh,Xavier,1.0,0.4666666666666667,1.0,0.0
3796,78002,Dailyn Swain,Xavier,0.5714285714285714,0.6486486486486487,0.2,0.75
3797,78003,Reid Ducharme,Xavier,0.0,1.0,0.0,0.0
3798,78008,Gabe Dynes,Youngstown St.,0.8947368421052632,0.7,0.75,0.0
3799,78009,Jack Edelen,Western Kentucky,0.0,0.0,0.6666666666666666,0.0
3800,78010,Osiris Grady,Utah Valley,1.0,0.6153846153846154,0.6666666666666666,1.0
3801,78011,Kahlil Singleton,Holy Cross,0.0,0.0,0.0,0.9354838709677419
3802,78012,Declan McIntyre,Holy Cross,0.0,0.0,0.0,0.0
3803,78013,Jayden Henriquez,Hofstra,0.0,0.0,0.0,1.0
3804,78014,DeAndre Williams,Holy Cross,0.0,0.15384615384615385,0.05263157894736842,0.7142857142857143
3805,78016,KiJan Robinson,Hofstra,0.0,0.0,0.2857142857142857,0.5
3806,78017,Silas Demary Jr.,Georgia,0.3333333333333333,0.20833333333333334,0.05,0.7
3807,78018,Dylan James,Georgia,0.8333333333333334,0.4117647058823529,0.0,1.0
3808,78019,Joe Nugent,Holy Cross,0.0,0.6666666666666666,0.3333333333333333,1.0
3809,78022,Jordan Clayton,Northwestern,0.0,0.5,1.0,1.0
3810,78023,Dez White,Austin Peay,0.0,0.5625,0.3333333333333333,0.9387755102040817
3811,78025,Kaleb Glenn,Louisville,0.7142857142857143,0.5348837209302325,0.42857142857142855,1.0
3812,78026,Dennis Evans,Louisville,0.6666666666666666,0.5,1.0,0.0
3813,78027,Curtis Williams,Louisville,0.0,0.3,0.15384615384615385,0.9032258064516129
3814,78028,Ty-Laur Johnson,Louisville,0.0,0.02564102564102564,0.034482758620689655,0.75
3815,78030,Greg Spate,Chicago St.,0.0,0.0,0.0,1.0
3816,78031,Joshua Ingram,Lehigh,0.0,0.46153846153846156,0.13333333333333333,0.9047619047619048
3817,78032,Zayden High,North Carolina,0.0,0.5,0.0,0.0
3818,78034,Jake Pike,Lehigh,0.0,0.0,0.0,1.0
3819,78035,Sultan Adewale,Iona,0.0,0.6756756756756757,1.0,0.0
3820,78036,Cam Gillus,Lehigh,0.0,0.06666666666666667,0.0,0.6956521739130435
3821,78037,Dylan Saunders,Iona,0.0,0.5,1.0,1.0
3822,78038,Ametri Moss,North Florida,0.0,0.045454545454545456,0.09090909090909091,0.5
3823,78039,George Marshall,Morehead St.,0.0,1.0,0.0,1.0
3824,78040,Aime Rutayisire,Niagara,0.0,0.6,0.5,1.0
3825,78041,Amar Kuljuhovic,North Dakota,0.0,0.5,0.4,1.0
3826,78042,Deng Mayar,North Dakota,0.0,0.5,0.0,1.0
3827,78043,Jeremiah Burke,North Dakota St.,1.0,0.47619047619047616,0.0,1.0
3828,78045,Carlos Hart,New Orleans,0.0,0.2619047619047619,0.2,0.8571428571428571
3829,78046,Malik Edwards,Niagara,0.0,0.5,0.3333333333333333,0.0
3830,78048,De'Shayne Montgomery,Mount St. Mary's,0.4090909090909091,0.24444444444444444,0.07894736842105263,0.7857142857142857
3831,78049,Simeon Murchison,Milwaukee,1.0,0.375,0.0,0.0
3832,78050,George Washington III,Michigan,0.0,1.0,0.0,0.75
3833,78053,Reece Potter,Miami OH,0.8888888888888888,0.6111111111111112,0.4166666666666667,0.8666666666666667
3834,78055,Chris Loofe,Middle Tennessee,0.875,0.5454545454545454,0.0,1.0
3835,78056,Harrison Hochberg,Michigan,0.0,0.0,0.0,0.0
3836,78057,Bryce Cook,Sam Houston St.,0.0,0.0,0.0,0.0
3837,78058,Bailey Nunn,Sacramento St.,0.0,0.125,0.0,0.8
3838,78059,Ruben Rodriguez,Rider,0.0,0.0,0.0,0.6666666666666666
3839,78060,Moustapha Sanoh,Rider,0.0,0.2,0.0,0.0
3840,78061,Nic Anthony,Rider,0.0,0.0,0.0,1.0
3841,78062,Ife West-Ingram,Rider,1.0,0.8888888888888888,0.6666666666666666,0.0
3842,78063,Alvaro Folgueiras,Robert Morris,0.0,0.3870967741935484,0.36363636363636365,1.0
3843,78064,Alfredo Boglio,Robert Morris,0.0,0.0,0.3333333333333333,0.6
3844,78065,CJ Beaumont,Sam Houston St.,0.0,0.0,0.0,1.0
3845,78066,Armoni Zeigler,Saint Peter's,0.16666666666666666,0.20689655172413793,0.3157894736842105,0.782608695652174
3846,78071,Isaiah Watts,Washington St.,0.0,0.5,0.3333333333333333,0.6923076923076923
3847,78074,Vincent Ricchiuti,Wake Forest,0.0,0.0,0.0,1.0
3848,78075,Will Underwood,Wake Forest,0.0,0.0,0.0,0.0
3849,78076,Myles Rigsby,Troy,0.5,0.20689655172413793,0.125,0.9090909090909091
3850,78077,Victor Valdes,Troy,0.0,0.21739130434782608,0.0,1.0
3851,78078,Thomas Dowd,Troy,0.5,0.6190476190476191,0.5,0.896551724137931
3852,78079,Marcus Rigsby Jr.,Troy,1.0,0.5,0.4,0.8947368421052632
3853,78080,Jarred Hall,Tulsa,0.5,0.42857142857142855,0.6666666666666666,0.75
3854,78081,Don Don Ferguson,Coppin St.,0.0,1.0,0.0,0.8571428571428571
3855,78082,Preist Ryan,Coppin St.,1.0,0.5333333333333333,0.2631578947368421,1.0
3856,78083,Maki Johnson,East Tennessee St.,0.0,0.6,0.3333333333333333,0.9615384615384616
3857,78084,Jaden Harris,New Mexico St.,0.0,0.3333333333333333,0.3,0.75
3858,78085,TJ Nesmith,Radford,0.6666666666666666,0.7272727272727273,0.6666666666666666,0.0
3859,78086,Jonathan Kanyanga,New Mexico St.,1.0,0.7058823529411765,0.0,0.0
3860,78087,Clayton Southwick,Stephen F. Austin,1.0,0.6666666666666666,0.46153846153846156,1.0
3861,78088,Jamal Albritton,North Alabama,0.0,0.0,1.0,0.0
3862,78089,Jake Davis,Mercer,0.0,0.7142857142857143,0.5,0.9642857142857143
3863,78090,Michael Nwoko,Miami FL,0.8333333333333334,0.6666666666666666,0.6666666666666666,0.0
3864,78091,David Thomas,Mercer,0.0,0.32608695652173914,0.12,0.9354838709677419
3865,78092,Jerone Morton,Morehead St.,0.0,0.375,0.0,0.3333333333333333
3866,78095,Anthony Benard,Mercer,0.0,0.0,0.2,0.8
3867,78096,Ashton Hardaway,Memphis,0.0,0.0,0.5,0.9411764705882353
3868,78097,Kyshawn George,Miami FL,0.3333333333333333,0.17391304347826086,0.2,0.8301886792452831
3869,78098,Eddie Ricks III,Morehead St.,0.7777777777777778,0.45454545454545453,0.21428571428571427,0.9583333333333334
3870,78100,Bryce Lindsay,Texas A&M,1.0,0.3333333333333333,0.0,1.0
3871,78101,Chris Fields Jr.,Norfolk St.,1.0,0.38235294117647056,0.23076923076923078,1.0
3872,78105,Rashaud Marshall,Mississippi,1.0,0.6666666666666666,1.0,0.0
3873,78107,Logan Bourgeois,East Carolina,0.0,0.0,0.0,1.0
3874,78108,Jordan Pickett,SIU Edwardsville,0.0,0.0,1.0,1.0
3875,78109,Tai Hamilton,William & Mary,1.0,0.6923076923076923,0.0,0.0
3876,78110,Quentin Meza,Wofford,0.0,0.42857142857142855,0.3333333333333333,1.0
3877,78112,Eli Wilborn,Saint Francis,0.7391304347826086,0.5360824742268041,0.5384615384615384,0.0
3878,78113,Aidan Harris,Saint Francis,0.0,0.6818181818181818,0.6,1.0
3879,78114,Miles Heide,San Diego St.,0.75,0.7916666666666666,0.3333333333333333,0.0
3880,78115,BJ Davis,San Diego St.,0.0,0.0,0.0,0.0
3881,78116,Arda Ozdogan,Seton Hall,0.0,0.75,0.0,0.0
3882,78118,Kam Burton,Southeastern Louisiana,0.0,0.0,0.5,0.9714285714285714
3883,78119,Malachi Brown,Seton Hall,0.0,0.4,0.0,1.0
3884,78120,Eli DeLaurier,Providence,0.0,0.0,0.0,0.0
3885,78121,Tan Yildizoglu,Pacific,0.0,0.36363636363636365,0.3333333333333333,1.0
3886,78122,Latrell Davis,San Jose St.,0.0,0.34146341463414637,0.2857142857142857,0.9090909090909091
3887,78123,Will Lange,Saint Joseph's,0.0,0.0,0.0,0.0
3888,78126,Jordan Martin,North Carolina A&T,0.0,0.0,0.0,1.0
3889,78127,Landon Glasper,North Carolina A&T,0.0,0.20833333333333334,0.2619047619047619,0.4838709677419355
3890,78128,Nai Ashley-Emory,North Carolina A&T,0.0,0.0,0.0,0.0
3891,78130,Donovan Sanders,Mississippi Valley St.,0.0,0.15254237288135594,0.07894736842105263,0.6956521739130435
3892,78131,Jerry Deng,Hampton,0.8571428571428571,0.4857142857142857,0.45,0.8378378378378378
3893,78132,Donovan Raymond,Hampton,0.0,0.0,0.0,0.0
3894,78133,Chris Johnson,Texas,0.0,0.5,0.25,1.0
3895,78135,Luke Stansbury,Stephen F. Austin,0.0,0.0,0.0,1.0
3896,78136,Devon Pryor,Texas,1.0,1.0,0.0,1.0
3897,78137,Alex Doyle,Stetson,0.0,0.5,0.0,1.0
3898,78139,Naeem Lewis,Stetson,0.0,0.0,0.0,1.0
3899,78140,Jordan Ross,Saint Mary's,0.0,0.3333333333333333,0.14285714285714285,0.5
3900,78141,Jordan Mitchell,Southern,0.5,0.1111111111111111,0.4,0.4
3901,78142,Tucker Anderson,Central Arkansas,0.2,0.36363636363636365,0.2857142857142857,0.9264705882352942
3902,78143,Brandon Baffone,Delaware,0.0,0.0,0.0,0.0
3903,78144,TJ Kolbe,Chattanooga,0.0,0.0,0.0,0.0
3904,78145,Casey O'Malley,Marquette,0.0,0.0,0.0,0.0
3905,78147,Anthony Bryant,Alabama A&M,0.5,0.25925925925925924,0.16666666666666666,1.0
3906,78149,Javion Guy-King,Central Arkansas,0.0,0.3902439024390244,0.21428571428571427,0.875
3907,78151,Kycen Pruett,Marshall,0.0,1.0,0.0,1.0
3908,78152,Logan Carey,Maine,0.0,0.2,0.0,1.0
3909,78153,Aaron McBride,Loyola Marymount,0.0,0.375,0.0,1.0
3910,78154,Tre Norman,Marquette,0.0,0.3333333333333333,0.3333333333333333,1.0
3911,78155,Isaac Bonilla,Maine,0.0,0.0,0.0,0.0
3912,78156,Al Amadou,Marquette,0.8333333333333334,0.8571428571428571,1.0,0.0
3913,78157,Zaide Lowery,Marquette,0.3333333333333333,0.42857142857142855,0.0,1.0
3914,78158,Jahnathan Lamothe,Maryland,0.0,0.0,0.0,1.0
3915,78159,DeShawn Harris-Smith,Maryland,0.0,0.2903225806451613,0.125,0.8888888888888888
3916,78161,Michael Teal,South Carolina St.,0.5,0.1891891891891892,0.125,0.8888888888888888
3917,78162,James Morrow,South Carolina St.,0.3333333333333333,0.36363636363636365,0.8571428571428571,1.0
3918,78163,Wilson Dubinsky,South Carolina St.,0.0,0.16666666666666666,0.625,0.8793103448275862
3919,78165,Quinn Peters,Monmouth,0.0,0.0,0.0,1.0
3920,78166,Jack Leahy,Monmouth,0.0,0.0,0.0,0.0
3921,78167,Corey Miller,Monmouth,0.0,0.0,0.0,0.0
3922,78169,Trent Pierce,Missouri,1.0,0.2222222222222222,0.0,0.8
3923,78171,Jordan Booker,Eastern Illinois,0.0,0.2191780821917808,0.07317073170731707,0.5
3924,78172,Cedric Lath,Houston,1.0,0.5,0.0,0.0
3925,78174,Rory Hawke,Saint Mary's,1.0,0.3333333333333333,0.0,1.0
3926,78175,Freddie Dilione V,Tennessee,0.5,0.42857142857142855,0.3333333333333333,1.0
3927,78178,Jordan Pennick,Navy,0.0,0.3333333333333333,0.125,0.9230769230769231
3928,78179,Jack Medalie,Navy,0.0,0.36363636363636365,0.3333333333333333,1.0
3929,78180,Carnegie Johnson,Navy,0.0,1.0,0.0,0.0
3930,78181,Jinwoo Kim,Navy,0.0,0.5,0.0,1.0
3931,78182,Cam Cole,Navy,0.0,0.0,1.0,1.0
3932,78183,Ryan Hurst,Detroit Mercy,0.0,0.3333333333333333,0.16666666666666666,0.9
3933,78185,Nyles Howard,Navy,1.0,1.0,0.0,1.0
3934,78186,Kyle Pock,Northern Iowa,0.0,0.5,0.5,0.9047619047619048
3935,78187,Kade Douglas,UT Arlington,0.0,0.5,0.5,0.9666666666666667
3936,78189,RJ Taylor,Northern Iowa,0.0,0.2857142857142857,0.16666666666666666,1.0
3937,78192,Layden Blocker,Arkansas,0.4,0.3333333333333333,0.0,1.0
3938,78193,Baye Fall,Arkansas,0.0,1.0,0.0,0.0
3939,78194,Makaih Williams,UT Arlington,0.0,0.09259259259259259,0.07142857142857142,0.9230769230769231
3940,78195,J.J. Howard,UT Rio Grande Valley,0.4,0.5365853658536586,0.15384615384615385,1.0
3941,78196,Kobe George,Queens,0.0,0.3333333333333333,0.0,1.0
3942,78197,Dylan Thoerner,UC Irvine,0.0,0.4,0.3333333333333333,1.0
3943,78198,Carlton Carrington,Pittsburgh,1.0,0.14285714285714285,0.10606060606060606,0.4461538461538462
3944,78201,Isaiah Collier,USC,0.6666666666666666,0.2631578947368421,0.1875,0.7037037037037037
3945,78203,Stephen Byard,Alcorn St.,0.8571428571428571,0.6382978723404256,0.35714285714285715,0.0
3946,78204,Michael Pajeaud,Alcorn St.,0.0,0.5,0.5,1.0
3947,78205,Roderick Jones,Alcorn St.,0.0,0.0,0.0,1.0
3948,78206,Alex Tsynkevich,Alcorn St.,0.0,0.8,1.0,0.0
3949,78207,Djahi Binet,Alcorn St.,0.8333333333333334,0.4358974358974359,0.3333333333333333,0.0
3950,78208,Trevon Stoutermire,Alcorn St.,1.0,0.6666666666666666,0.0,0.0
3951,78211,Jalyke Gaines - Wyatt,Alcorn St.,0.0,0.15,0.13043478260869565,0.5
3952,78212,Seydou Traore,Manhattan,0.7647058823529411,0.6911764705882353,0.34375,0.8260869565217391
3953,78213,Luke Cronin,George Washington,0.0,1.0,0.0,0.0
3954,78215,Braeden Shrewsberry,Notre Dame,0.0,0.3333333333333333,0.28,0.9358974358974359
3955,78216,Carey Booth,Notre Dame,0.6363636363636364,0.4166666666666667,0.25,1.0
3956,78218,Markus Burton,Notre Dame,0.0,0.07228915662650602,0.058823529411764705,0.7857142857142857
3957,78219,Logan Imes,Notre Dame,0.0,0.1,0.5,1.0
3958,78220,Morris Ugusuk,South Carolina,0.0,0.2857142857142857,0.0,1.0
3959,78225,Tommy Fryda,Youngstown St.,0.0,0.0,0.0,1.0
3960,78226,Lazar Djokovic,Xavier,1.0,0.9,0.8571428571428571,0.8333333333333334
3961,78229,Aday Mara,UCLA,0.8888888888888888,0.6875,0.7368421052631579,0.0
3962,78231,Seck Zongo,Wagner,0.0,0.5,0.75,1.0
3963,78232,Jarin Stevenson,Alabama,0.8888888888888888,0.5,0.4,1.0
3964,78233,Mouhamed Dioubate,Alabama,0.6666666666666666,0.40625,0.0,1.0
3965,78235,Sam Walters,Alabama,1.0,0.4583333333333333,0.0,1.0
3966,78236,Daniel Sofield,Central Arkansas,0.5,0.64,0.2222222222222222,0.875
3967,78238,Christian Coleman,UAB,0.7352941176470589,0.5909090909090909,0.7333333333333333,0.0
3968,78239,Chase Henderson,Montana,1.0,0.07142857142857142,0.25,1.0
3969,78241,Money Williams,Montana,0.0,0.1111111111111111,0.07142857142857142,0.6666666666666666
3970,78242,Levi Lewal,NJIT,1.0,0.7540983606557377,1.0,0.0
3971,78243,Connor Dick,Montana,0.0,0.0,0.0,0.0
3972,78244,Ilane Fibleuil,UCLA,0.0,0.14285714285714285,1.0,0.5
3973,78245,Devin Williams,UCLA,0.0,0.0,1.0,0.0
3974,78246,Jan Vide,UCLA,0.0,0.375,0.375,1.0
3975,78247,Nathan Ojukwu,Illinois Chicago,0.0,0.2,0.5,0.5
3976,78251,Cody Williams,Colorado,0.7333333333333333,0.43283582089552236,0.21739130434782608,0.8823529411764706
3977,78252,Breno Silva,Incarnate Word,0.0,0.0,1.0,0.9230769230769231
3978,78253,Sam Wright,Colgate,0.0,1.0,0.0,1.0
3979,78255,Cooper Wright,Colgate,0.0,0.0,0.0,0.0
3980,78256,Parker Jones,Colgate,0.0,0.5,0.6,1.0
3981,78257,Jalen Cox,Colgate,0.0,0.25,0.3448275862068966,0.6153846153846154
3982,78259,Josiah Dotzler,Creighton,0.0,0.0,0.0,1.0
3983,78261,Isaiah Griffin,Eastern Illinois,0.0,0.0,0.0,0.6666666666666666
3984,78262,Braelon Green,Arizona St.,1.0,0.6666666666666666,1.0,1.0
3985,78264,Sebastian Hartmann,Eastern Washington,0.5,0.8148148148148148,1.0,1.0
3986,78265,Mason Williams,Eastern Washington,0.0,0.0,0.0,0.8333333333333334
3987,78266,Bo Myers,Wright St.,0.0,0.0,0.0,1.0
3988,78268,Anthony Maxwell,UMass Lowell,0.0,0.0,0.0,0.0
3989,78271,Vice Zanki,Eastern Washington,1.0,1.0,0.0,1.0
3990,78273,Zion Stanford,Temple,0.0,0.3275862068965517,0.47058823529411764,1.0
3991,78274,Kaiden Space,Stony Brook,0.0,0.0,0.0,0.0
3992,78275,Kyle Layton,Tennessee Tech,0.0,0.4,0.0,0.8620689655172413
3993,78277,Cade Phillips,Tennessee,1.0,1.0,0.0,0.0
3994,78278,Rylee Samons,Tennessee Tech,0.0,0.5,0.5,1.0
3995,78279,Cameron Carr,Tennessee,1.0,1.0,1.0,0.8
3996,78280,J.P. Estrella,Tennessee,1.0,0.9166666666666666,0.6666666666666666,0.0
3997,78281,Rueben Chinyelu,Washington St.,0.7333333333333333,0.4444444444444444,0.46153846153846156,0.0
3998,78283,Max Frazier,Siena,1.0,0.7692307692307693,1.0,0.0
3999,78284,Efe Tahmaz,La Salle,0.0,0.0,0.0,1.0
4000,78285,Michael Evbagharu,Siena,0.0,0.06060606060606061,0.3333333333333333,1.0
4001,78287,Michael Ojo,Siena,0.2,0.14285714285714285,1.0,0.9
4002,78288,Kyle Winters,Siena,0.0,0.3333333333333333,0.13333333333333333,0.8181818181818182
4003,78289,Bralyn Smith,Siena,1.0,0.3333333333333333,0.07142857142857142,0.4444444444444444
4004,78291,Tunde Vahlberg Fasasi,La Salle,1.0,0.5294117647058824,0.3333333333333333,0.8888888888888888
4005,78292,Jamar Brown,UMKC,0.5,0.4838709677419355,0.35135135135135137,0.8775510204081632
4006,78293,Louie Semona,Stonehill,0.6666666666666666,0.5555555555555556,1.0,0.9047619047619048
4007,78294,Drew Fielder,Georgetown,0.7142857142857143,0.45714285714285713,0.5,0.9545454545454546
4008,78295,Se'yphon Triplett,Stonehill,0.0,0.2,0.14285714285714285,0.5
4009,78299,Amont'e Allen-Johnson,Texas A&M Corpus Chris,0.0,0.0,0.5,1.0
4010,78300,Todd Brogna,Stonehill,0.0,0.47058823529411764,1.0,0.9523809523809523
4011,78301,Mason So,UNC Greensboro,0.0,0.0,0.5,0.3333333333333333
4012,78303,Spencer Hutchison,Iowa,0.0,0.0,0.0,0.0
4013,78304,Zvonimir Ivisic,Kentucky,0.8571428571428571,0.7272727272727273,0.5,1.0
4014,78306,Pavle Stosic,Gonzaga,0.0,0.4,0.0,0.0
4015,78308,Payton Pitts,Harvard,0.0,0.0,0.0,0.0
4016,78313,Drew Carter,UC Davis,0.0,0.0,0.0,1.0
4017,78314,Orlando Horton Jr.,Prairie View A&M,0.0,0.13043478260869565,0.2222222222222222,0.7777777777777778
4018,78315,Dominique Daniels Jr.,Cal Baptist,1.0,0.1794871794871795,0.23333333333333334,0.49019607843137253
4019,78316,Cayden Vasko,Central Michigan,0.0,0.11764705882352941,0.08333333333333333,1.0
4020,78318,Charles Lane Jr.,Prairie View A&M,0.0,0.36363636363636365,0.45161290322580644,0.9024390243902439
4021,78319,Brooklyn Hicks,UNLV,0.3333333333333333,0.2,0.0,1.0
4022,78320,Marqui Worthy,Massachusetts,0.0,0.5,0.0,1.0
4023,78322,Jayden Ndjigue,Massachusetts,0.0,0.5142857142857142,0.2727272727272727,0.9375
4024,78323,Rokas Jocys,Manhattan,0.0,0.0,1.0,0.9130434782608695
4025,78324,Cooper Josefsberg,Florida,0.0,0.0,0.0,0.0
4026,78325,Anthony Belardinelli,St. Bonaventure,0.0,0.0,0.0,0.0
4027,78328,Chris Chiles,Cal Baptist,0.0,0.25,0.0,0.8888888888888888
4028,78329,Ian Imegwu,Cornell,0.0,0.0,0.0,0.0
4029,78330,Jacob Beccles,Cornell,1.0,0.46153846153846156,0.6666666666666666,0.6666666666666666
4030,78331,Matt Reed,Tulsa,0.0,0.6451612903225806,0.42857142857142855,1.0
4031,78334,Cyr Malonga,East Carolina,0.75,0.6521739130434783,0.3333333333333333,0.0
4032,78335,Arop Arop,Columbia,0.0,0.0,0.0,1.0
4033,78336,Callum Richard,East Carolina,0.0,1.0,0.5,0.0
4034,78337,Ryan Archey,Coppin St.,0.0,0.05263157894736842,0.05357142857142857,0.7857142857142857
4035,78339,Tayton Conerway,Troy,0.3333333333333333,0.16470588235294117,0.16666666666666666,0.7619047619047619
4036,78340,Tyshawn Archie,Tulsa,0.3333333333333333,0.1875,0.3125,0.4
4037,78341,Darrius Clark,Mississippi Valley St.,0.0,0.5454545454545454,1.0,1.0
4038,78343,Mikale Stevenson,Grambling St.,0.3333333333333333,0.16,0.2,0.75
4039,78345,Tom Beattie,Hawaii,0.0,0.2,0.42857142857142855,1.0
4040,78347,Akira Jacobs,Hawaii,0.0,0.5714285714285714,0.0,1.0
4041,78348,Mier Panoam,Tulane,0.0,0.5,0.0,0.0
4042,78349,Eemeli Yalaho,Texas Tech,1.0,0.9166666666666666,1.0,1.0
4043,78351,Myles Jenkins,Stephen F. Austin,0.0,0.625,0.16666666666666666,1.0
4044,78352,KJ Debrick,Cleveland St.,0.0,0.3333333333333333,1.0,0.0
4045,78353,Elijah Jones,Green Bay,0.6,0.32142857142857145,0.15384615384615385,1.0
4046,78354,Will Eames,Green Bay,0.0,0.625,0.5,0.9166666666666666
4047,78355,Rich Byhre,Green Bay,1.0,0.631578947368421,0.2,0.9736842105263158
4048,78356,Nasir DeGruy,Abilene Christian,0.0,0.3448275862068966,0.23076923076923078,0.4
4049,78357,Kavion McClain,Abilene Christian,0.0,0.32,0.2,0.75
4050,78359,Tre'Von Spillers,Appalachian St.,0.8571428571428571,0.6923076923076923,0.65625,0.0
4051,78360,Addarin Scott,Auburn,1.0,1.0,0.0,0.0
4052,78362,Samuel Tabe,South Alabama,0.0,0.24719101123595505,0.06896551724137931,0.0
4053,78363,Randarius Jones,Troy,1.0,0.5128205128205128,1.0,0.0
4054,78367,Kevin Firle,Alcorn St.,0.0,0.0,0.0,0.0
4055,78368,Chase Walker,Illinois St.,0.0,0.5294117647058824,0.0,0.0
4056,78373,Sasa Ciani,Xavier,0.0,0.6785714285714286,0.8,0.0
4057,78374,CJ Rich,USC Upstate,0.0,0.0,0.0,0.0
4058,78377,Junjie Wang,San Francisco,0.0,0.2857142857142857,0.5,1.0
4059,78381,Isaac Harrell,Elon,0.0,0.7142857142857143,0.0,1.0
4060,78382,Matt Curtis,Fairfield,0.0,1.0,0.125,0.875
4061,78384,Rickey Mitchell Jr.,San Jose St.,0.0,0.75,0.0,0.8
4062,78385,Bryce Ford,Toledo,0.0,0.0,0.3333333333333333,0.8333333333333334
4063,78386,Greg Kenney,LIU,0.0,0.0,0.0,0.0
4064,78387,Kyson Rose,Idaho,1.0,0.53125,0.08333333333333333,1.0
4065,78389,Reed Sheppard,Kentucky,0.4,0.07692307692307693,0.1111111111111111,0.7733333333333333
4066,78390,Joey Hart,Kentucky,0.0,0.0,0.0,1.0
4067,78391,Jurica Zagorsak,Ball St.,0.0,0.3333333333333333,1.0,1.0
4068,78392,Kilian Brockhoff,UC Santa Barbara,0.0,1.0,0.0,1.0
4069,78393,Jason Fontenet II,UC Santa Barbara,0.0,0.5,0.2,0.9090909090909091
4070,78394,Augustus Gerhart,Penn,1.0,0.9230769230769231,0.0,0.0
4071,78396,Sam Brown,Penn,0.0,0.16666666666666666,0.0,0.8771929824561403
4072,78397,Gavin Griffiths,Rutgers,0.75,0.6,0.3333333333333333,1.0
4073,78398,Jamichael Davis,Rutgers,0.0,0.3888888888888889,0.23809523809523808,0.625
4074,78399,Niklas Polonowski,Penn,0.0,1.0,0.0,1.0
4075,78400,Konner Baroni,UC Santa Barbara,0.0,0.0,0.0,0.0
4076,78402,Jacob Morales,Rutgers,0.0,0.0,0.0,0.0
4077,78403,Emmanuel Ogbole,Rutgers,0.6666666666666666,0.5714285714285714,0.0,0.0
4078,78404,Ahmarie Simpkins,Morgan St.,1.0,0.3717948717948718,0.3333333333333333,0.875
4079,78405,Demajion Topps,Morgan St.,0.0,0.18181818181818182,0.125,1.0
4080,78406,Blaise Threatt,Weber St.,0.0,0.17525773195876287,0.0,0.6111111111111112
4081,78407,Christian Oliver,Morgan St.,1.0,0.6666666666666666,0.5714285714285714,1.0
4082,78408,JD Plough,USC,0.0,0.0,0.0,0.0
4083,78409,Daniel Akitoby,Morgan St.,1.0,0.6666666666666666,0.0,0.0
4084,78410,Dylan Faulkner,Lipscomb,0.7894736842105263,0.7377049180327869,0.3333333333333333,0.0
4085,78411,Cody Head,Lipscomb,0.0,0.3148148148148148,0.058823529411764705,0.9411764705882353
4086,78412,Colin Ruffin,Lindenwood,0.0,0.05,0.1111111111111111,0.7142857142857143
4087,78416,Weston Aigner,Evansville,0.0,1.0,0.0,0.0
4088,78417,Michael Day,Evansville,0.0,0.0,0.0,0.0
4089,78418,Dakota Candler,Evansville,0.0,0.0,0.0,0.0
4090,78421,Justin Nimmer,Prairie View A&M,0.0,0.5714285714285714,0.0,0.0
4091,78422,Julius Ellerbe,Eastern Michigan,0.25,0.25,0.4,1.0
4092,78423,Ben Humrichous,Evansville,1.0,0.4,0.1111111111111111,0.8653846153846154
4093,78424,Nikola Milosevic,Little Rock,0.0,0.5,0.0,1.0
4094,78425,Sterling Young,Charlotte,0.0,1.0,0.0,0.0
4095,78427,Kristiyan Popov,Little Rock,0.0,0.0,0.0,1.0
4096,78428,Ronnie Williams,Coppin St.,0.0,0.0,0.0,0.0
4097,78430,Andrew Bailey,Charlotte,0.0,0.0,0.0,0.0
4098,78431,Jon Sanders,Coastal Carolina,0.0,0.14814814814814814,0.034482758620689655,0.4
4099,78438,Trent Middleton,Ball St.,0.0,0.2,0.08333333333333333,0.85
4100,78439,Aa'Reyon Jones,Coppin St.,0.0,0.17647058823529413,0.15384615384615385,1.0
4101,78442,Levi Birkholz,The Citadel,0.0,0.0,0.0,1.0
4102,78443,Keynan Davis,The Citadel,1.0,0.5172413793103449,0.2857142857142857,0.8095238095238095
4103,78444,Jizzle James,Cincinnati,0.6666666666666666,0.1875,0.14754098360655737,0.6521739130434783
4104,78446,Mayar Wol,Charleston,1.0,1.0,0.2,1.0
4105,78447,James Scott,Charleston,0.9230769230769231,0.7777777777777778,1.0,0.0
4106,78448,Kam Roberts,The Citadel,1.0,0.45454545454545453,0.1,1.0
4107,78449,Christian Moore,The Citadel,0.0,0.25,0.0,1.0
4108,78451,Marcus Pigram,The Citadel,0.0,0.0,0.0,1.0
4109,78452,Greg Spurgin,Bowling Green,0.0,0.0,0.0,0.0
4110,78453,Rahmir Barno,Florida Gulf Coast,0.0,0.24,0.05263157894736842,0.8333333333333334
4111,78454,Leo Nordberg,Longwood,0.0,0.0,0.0,1.0
4112,78455,Donovan Draper,Navy,0.5,0.42028985507246375,0.47368421052631576,1.0
4113,78456,Deywilk Tavarez,Delaware St.,0.0,0.2,0.22580645161290322,0.7346938775510204
4114,78457,Trevor Smith,Richmond,0.0,0.0,0.0,0.0
4115,78458,Jaylen Crocker-Johnson,Little Rock,1.0,0.5238095238095238,0.41025641025641024,1.0
4116,78459,Noah Amenhauser,Grand Canyon,0.5,0.5,0.0,0.0
4117,78460,Austin Ball,George Mason,0.5,0.42857142857142855,0.2,1.0
4118,78461,Cason Collins,Furman,0.0,1.0,0.0,0.0
4119,78463,Cooper Bowser,Furman,0.96,0.8857142857142857,1.0,0.0
4120,78464,Nick Dorn,Elon,0.0,0.058823529411764705,0.25,0.8518518518518519
4121,78465,Kaden Gumbs,Texas St.,0.0,0.2222222222222222,0.21428571428571427,0.6666666666666666
4122,78467,Ryan Beasley,San Francisco,0.0,0.4444444444444444,0.17647058823529413,0.8387096774193549
4123,78469,Aidan Burke,UC San Diego,0.0,0.0,0.0,0.0
4124,78470,Sebastian Mack,UCLA,0.0,0.1111111111111111,0.1111111111111111,0.6538461538461539
4125,78471,Kendall Campbell,Elon,0.6666666666666666,0.5,0.0,1.0
4126,78473,Braydon Whitaker,Troy,0.0,0.5,0.0,1.0
4127,78475,Ned Hull,Elon,0.0,0.0,0.0,1.0
4128,78477,Alex Sobel,Sacred Heart,0.8181818181818182,0.49586776859504134,0.375,0.0
4129,78478,Kintavious Dozier,Grambling St.,0.8571428571428571,0.3220338983050847,0.13725490196078433,0.6176470588235294
4130,78480,Michael Rogers,Oakland,0.0,0.0,0.0,0.0
4131,78481,Jack Gohlke,Oakland,1.0,0.6666666666666666,0.5,0.9051094890510949
4132,78482,DQ Cole,Oakland,0.3333333333333333,0.22641509433962265,0.11764705882352941,0.7872340425531915
4133,78483,Tuburu Naivalurua,Oakland,0.7777777777777778,0.5,0.2777777777777778,1.0
4134,78484,Kobe Newton,Wyoming,0.0,0.5,0.0,0.9090909090909091
4135,78485,Akuel Kot,Wyoming,0.0,0.13513513513513514,0.04081632653061224,0.7068965517241379
4136,78486,Brandon Scott,Western Carolina,0.0,0.0,0.0,1.0
4137,78487,Kyle McGee,Sacred Heart,0.0,0.56,0.4230769230769231,0.8918918918918919
4138,78488,Stef Van Bussel,Saint Louis,1.0,0.2222222222222222,0.0,0.0
4139,78489,Nathan Johnson Jr.,Lindenwood,0.0,0.20833333333333334,0.0,0.875
4140,78490,Isaac Ondekane,Lindenwood,0.0,0.5714285714285714,0.5714285714285714,0.0
4141,78491,Jeremiah Talton,Lindenwood,0.0,0.26666666666666666,0.25,0.9210526315789473
4142,78492,Bradley Douglas,Little Rock,0.6666666666666666,0.22448979591836735,0.32,0.6862745098039216
4143,78493,Taymont Lindsey,Kansas St.,0.0,0.0,0.0,0.0
4144,78495,Jaylon McDaniel,Lindenwood,0.7777777777777778,0.2786885245901639,0.4,0.0
4145,78496,Cougar Downing,Little Rock,0.0,0.45454545454545453,0.7142857142857143,0.896551724137931
4146,78497,Johan Nziemi,Longwood,1.0,0.6666666666666666,0.3333333333333333,0.0
4147,78498,Michael Imariagbe,Houston Christian,0.6923076923076923,0.3404255319148936,0.25,1.0
4148,78499,Amire Robinson,Nevada,0.0,1.0,0.0,0.0
4149,78501,Keylon Dorsey,New Mexico St.,0.0,0.0,0.0,1.0
4150,78502,Jazz Gardner,Nevada,1.0,0.8571428571428571,0.8181818181818182,1.0
4151,78503,Tru Washington,New Mexico,0.16666666666666666,0.32075471698113206,0.07692307692307693,0.85
4152,78505,Tyler Rolison,Nevada,0.0,0.2,0.4,0.9375
4153,78506,JT Toppin,New Mexico,0.9090909090909091,0.5625,0.6285714285714286,0.9090909090909091
4154,78507,Yaak Yaak,New Mexico St.,1.0,1.0,0.0,0.0
4155,78509,Jimel Lane,Northwestern St.,0.5882352941176471,0.4864864864864865,0.5384615384615384,0.8571428571428571
4156,78510,Broek Ostrom,St. Bonaventure,0.0,0.0,0.0,1.0
4157,78511,Josh Hecht,San Diego,0.0,0.0,0.0,1.0
4158,78513,Kendall Hailey,Army,0.0,0.0,0.0,0.0
4159,78514,Dylan Blair,Army,0.0,0.0,0.75,1.0
4160,78515,Ryan Curry,Army,0.0,0.07407407407407407,0.14285714285714285,0.8214285714285714
4161,78516,Kameron Mayhan,Mississippi Valley St.,0.0,0.0,0.0,0.5
4162,78517,Markell Petro,Mississippi Valley St.,0.0,0.0,0.0,0.0
4163,78518,Tate Laczkowski,Army,0.0,0.0,0.0,1.0
4164,78519,Uchenna Kellman-Nicholes,North Carolina A&T,0.0,0.75,0.36363636363636365,0.9375
4165,78520,Amani Hansberry,Illinois,1.0,0.6153846153846154,0.5,1.0
4166,78521,Bobby Rosenberger III,Saint Francis,0.0,0.45652173913043476,0.0,0.9473684210526315
4167,78522,Carlos Lopez Jr.,Saint Francis,0.0,0.16129032258064516,0.17647058823529413,0.9574468085106383
4168,78525,Aaron Humphrey Jr.,Saint Francis,0.0,0.0,0.0,0.0
4169,78527,Shane O'Dell,Stonehill,0.0,0.2,0.0,1.0
4170,78528,Dian Wright-Forde,Texas A&M Corpus Chris,0.6666666666666666,0.3411764705882353,0.375,0.7894736842105263
4171,78530,Jae Slack,Northwestern St.,0.0,0.2,0.0,0.9444444444444444
4172,78532,Tedrick Washington Jr.,Texas A&M Corpus Chris,0.0,0.15384615384615385,0.21428571428571427,0.7407407407407407
4173,78533,Christian Villegas,Texas A&M Corpus Chris,0.0,0.0,0.0,0.0
4174,78534,Kam Parker,Texas A&M Corpus Chris,0.0,0.1,0.0,0.8333333333333334
4175,78535,Shilo Jackson,Texas A&M Corpus Chris,1.0,0.5714285714285714,0.0,0.0
4176,78536,Xavier Glenn,Texas A&M Corpus Chris,0.0,1.0,1.0,0.0
4177,78538,Brian Goracke,Montana St.,0.8888888888888888,0.5409836065573771,0.23529411764705882,0.8833333333333333
4178,78539,Aaron Franklin,Milwaukee,0.0,0.5454545454545454,0.25,1.0
4179,78540,Darius Duffy,Milwaukee,0.7058823529411765,0.5757575757575758,0.3333333333333333,0.0
4180,78541,Bradley Dean,Miami OH,0.0,0.16666666666666666,0.2727272727272727,0.9285714285714286
4181,78542,O'zhell Jackson,Middle Tennessee,0.0,0.5714285714285714,0.0,0.0
4182,78543,Israel Yaw,Maryland Eastern Shore,0.8571428571428571,0.5333333333333333,0.6,1.0
4183,78544,Jonathan Pierre,Memphis,0.6666666666666666,0.75,0.0,0.875
4184,78545,Devon Ellis,Maryland Eastern Shore,1.0,0.46153846153846156,0.23076923076923078,0.5
4185,78546,Tyler Mack,Maryland Eastern Shore,0.0,0.0,0.3333333333333333,0.8857142857142857
4186,78548,Jaylen Smith,North Florida,0.0,0.0,0.0,0.3611111111111111
4187,78552,Jasai Miles,North Florida,1.0,0.2,0.0,0.6956521739130435
4188,78555,Darik Dissette,North Dakota St.,0.0,0.375,0.0,0.0
4189,78557,Jacksun Hamilton,Western Illinois,0.0,0.0,0.0,0.0
4190,78559,Brandon McCreesh,Bucknell,0.0,0.7142857142857143,0.6666666666666666,1.0
4191,78560,Myles Che,Chattanooga,0.0,0.2857142857142857,0.1951219512195122,0.6923076923076923
4192,78562,Patrick O'Brien,Bucknell,0.0,0.0,0.0,0.0
4193,78563,Tylen Riley,Cal Baptist,0.0,0.2,0.2,1.0
4194,78564,Jonathan Griman,Cal Baptist,0.0,0.0,1.0,1.0
4195,78565,Andre Nunley,Prairie View A&M,0.0,0.19047619047619047,0.5,0.0
4196,78566,Tasman Goodrick,Cal Baptist,1.0,1.0,0.0,0.0
4197,78568,Chris Felix Jr.,Prairie View A&M,0.0,0.2777777777777778,0.42857142857142855,1.0
4198,78569,Jacob Warren,Fairleigh Dickinson,0.0,0.5,0.6666666666666666,1.0
4199,78571,Tyler Perkins,Penn,1.0,0.4523809523809524,0.17647058823529413,0.66
4200,78573,Isaiah Salter,Le Moyne,0.0,0.21428571428571427,0.1111111111111111,0.8666666666666667
4201,78575,Jay Alvarez,Houston Christian,0.5,0.4105263157894737,0.14285714285714285,1.0
4202,78576,Gerald Jones III,South Florida,0.0,0.75,0.0,0.0
4203,78578,Jun Seok Yeo,Gonzaga,0.0,0.375,0.3333333333333333,1.0
4204,78580,Rob Whaley Jr.,UNLV,0.8333333333333334,0.5555555555555556,0.2857142857142857,1.0
4205,78581,Caleb Johnson,Jacksonville St.,0.0,0.17647058823529413,0.13333333333333333,1.0
4206,78582,Andres Burney,Jacksonville St.,0.5555555555555556,0.5116279069767442,0.09090909090909091,0.0
4207,78583,Kaleb Jenkins,New Orleans,0.0,1.0,0.3333333333333333,0.4
4208,78584,Michael Bradley,Northern Kentucky,0.0,0.125,0.1875,0.9230769230769231
4209,78585,Cade Kelderman,Iowa St.,0.0,0.0,0.0,1.0
4210,78586,Kayden Fish,Iowa St.,0.0,0.0,1.0,0.0
4211,78589,Elliot Cadeau,North Carolina,0.0,0.12857142857142856,0.14285714285714285,0.7
4212,78590,Nasir Whitlock,Lehigh,0.0,0.1,0.2777777777777778,1.0
4213,78592,Marvin Brimage,Morgan St.,0.0,0.0,0.5,1.0
4214,78593,Alex Bates IV,Iona,0.0,1.0,1.0,0.8888888888888888
4215,78598,Vasean Allette,Old Dominion,0.0,0.11864406779661017,0.09302325581395349,0.5
4216,78600,Austin Parks,Ohio St.,0.0,1.0,0.0,0.0
4217,78601,Eric Dailey Jr.,Oklahoma St.,0.9090909090909091,0.5964912280701754,0.3611111111111111,1.0
4218,78602,Kaden Cooper,Oklahoma,0.0,0.25,0.0,1.0
4219,78603,Jamyron Keller,Oklahoma St.,0.8,0.2619047619047619,0.0,0.9333333333333333
4220,78604,Connor Dow,Oklahoma St.,0.0,0.3333333333333333,0.0,1.0
4221,78605,Brandon Garrison,Oklahoma St.,1.0,0.7538461538461538,0.4230769230769231,0.0
4222,78606,Justin McBride,Oklahoma St.,0.5,0.47058823529411764,0.5,1.0
4223,78607,Mayuom Buom,South Dakota,0.8333333333333334,0.6071428571428571,0.25,0.0
4224,78608,PJ Hayes,San Diego,0.0,0.76,1.0,0.9545454545454546
4225,78610,Quentin Jones,Cal Poly,0.3333333333333333,0.18421052631578946,0.10810810810810811,0.8648648648648649
4226,78611,Justin Page,Cal Poly,0.0,0.3125,0.19230769230769232,0.8181818181818182
4227,78612,Jackson Mosley,Cal Poly,0.0,0.0,0.0,0.0
4228,78613,Colby Duggan,Campbell,0.0,0.625,0.0,1.0
4229,78615,Dylan Mclean,Alabama A&M,1.0,0.5454545454545454,0.23076923076923078,1.0
4230,78617,Tucker Bowman,Central Arkansas,0.0,0.0,0.0,0.0
4231,78619,Charlie Diamantis,Stonehill,0.0,0.0,0.0,1.0
4232,78622,Okechukwu Okeke,FIU,0.6153846153846154,0.5263157894736842,0.0,1.0
4233,78623,Jaidon Lipscomb,FIU,0.5,0.625,0.2857142857142857,0.8536585365853658
4234,78625,Camian Shell,North Carolina A&T,0.0,0.05555555555555555,0.1,0.5151515151515151
4235,78627,Karson Templin,Utah St.,1.0,0.5833333333333334,1.0,0.0
4236,78628,Aric Demings,Utah Tech,0.0,0.13043478260869565,0.07692307692307693,0.5
4237,78629,Angelo Kambala,Utah Tech,0.0,0.0,0.16666666666666666,0.6363636363636364
4238,78630,Tennessee Rainwater,Utah Tech,0.0,0.4666666666666667,0.0,0.625
4239,78631,Braylon Jackson,Tennessee Martin,0.0,0.0,0.0,0.0
4240,78634,Peyton Smith,Fairfield,0.75,0.660377358490566,0.5333333333333333,1.0
4241,78636,Evan Phelps,East Texas A&M,0.0,0.6,0.0,0.9166666666666666
4242,78637,KC Ugwuakazi,East Texas A&M,0.8,0.5357142857142857,0.3333333333333333,1.0
4243,78638,Jahmere Tripp,Fordham,0.0,0.3225806451612903,0.1,1.0
4244,78641,Jason Edwards,North Texas,0.0,0.21176470588235294,0.022727272727272728,0.717948717948718
4245,78642,Johnny Kinziger,Illinois St.,0.0,0.21428571428571427,0.2702702702702703,0.8
4246,78643,Ty Pence,Illinois St.,1.0,0.8,0.0,1.0
4247,78644,Dra Gibbs-Lawhorn,Illinois,1.0,0.38461538461538464,0.0,0.875
4248,78646,Takai Hardy,Idaho,1.0,0.4375,0.5,0.0
4249,78647,Kristian Gonzalez,Idaho,0.0,0.25,0.25,0.9230769230769231
4250,78648,Cam Estevez,Rhode Island,0.0,0.24,0.4,0.8461538461538461
4251,78649,Thomas Ndong,Oregon St.,0.0,0.5,0.0,0.75
4252,78650,Gavin Marrs,Oregon St.,1.0,1.0,0.0,0.0
4253,78651,Josiah Lake,Oregon St.,1.0,0.4375,0.3333333333333333,0.75
4254,78654,David Fuchs,Rhode Island,0.8666666666666667,0.6891891891891891,0.5,0.75
4255,78655,Connor Dubsky,Rhode Island,0.0,1.0,0.0,1.0
4256,78656,Nils Cooper,Pepperdine,0.9166666666666666,0.5588235294117647,0.375,1.0
4257,78657,Bragi Gudmundsson,Penn St.,0.0,0.0,0.0,0.0
4258,78659,Mike Bednostin,Lafayette,1.0,0.5,0.5,0.0
4259,78660,Davion Bailey,Ball St.,0.0,0.2777777777777778,0.26666666666666666,0.8709677419354839
4260,78661,Chaney Johnson,Auburn,0.7692307692307693,0.5714285714285714,0.3,0.8888888888888888
4261,78663,Justin Bodo Bodo,High Point,0.8292682926829268,0.4631578947368421,0.5,0.0
4262,78664,Porter Bazil,Houston Christian,0.0,0.5625,0.0,1.0
4263,78665,A.J. Wills,Holy Cross,0.0,0.0,0.08695652173913043,0.7692307692307693
4264,78666,Ethan Okwuosa,Boston University,0.6666666666666666,0.6756756756756757,0.15151515151515152,0.5909090909090909
4265,78668,Matt Mayock,American,0.0,0.375,0.09090909090909091,0.9411764705882353
4266,78669,Joey Chammaa,San Diego,0.0,0.0,0.0,1.0
4267,78670,Josh Hayes,Appalachian St.,1.0,1.0,0.0,0.0
4268,78671,Greg Jones,American,0.0,0.3888888888888889,0.0,1.0
4269,78672,Lukas Sotell,Maryland,0.0,1.0,0.0,0.0
4270,78673,Isaac Hymes,Nevada,0.0,0.0,0.0,1.0
4271,78674,Jimmy Oladokun Jr.,San Diego,1.0,0.5925925925925926,0.09523809523809523,0.0
4272,78675,Keyon Kensie,San Diego,0.75,0.5769230769230769,1.0,1.0
4273,78677,Aden Holloway,Auburn,0.0,0.2,0.3,0.6538461538461539
4274,78678,Nikolaos Chitikoudis,North Carolina A&T,0.7777777777777778,0.43548387096774194,0.6111111111111112,1.0
4275,78679,Blake Muschalek,Auburn,0.0,0.0,0.0,0.0
4276,78680,Zane Doughty,Ball St.,0.0,0.6,0.0,0.0
4277,78681,Jaylen Wysinger,Texas Southern,0.6666666666666666,0.15,0.05,0.7142857142857143
4278,78684,Ja'Kobe Walter,Baylor,0.75,0.21212121212121213,0.3235294117647059,0.8918918918918919
4279,78686,Miro Little,Baylor,1.0,0.2,0.0,0.7777777777777778
4280,78687,Daniel Loos,Austin Peay,0.0,0.5,0.75,0.0
4281,78688,Jack DeRose,St. Bonaventure,0.0,0.0,0.0,0.0
4282,78690,Chidi Umeh,Mississippi Valley St.,0.0,0.0,0.0,1.0
4283,78695,Ben Murphy,Maryland,0.0,0.0,1.0,0.0
4284,78696,Finley Sheridan,Stetson,1.0,0.6666666666666666,0.0,1.0
4285,78699,Yaxel Lendeborg,UAB,0.75,0.3684210526315789,0.32142857142857145,1.0
4286,78700,Carlous Williams,Tulsa,0.7272727272727273,0.42424242424242425,0.5555555555555556,1.0
4287,78701,Jaylen Searles,Utah Tech,0.6666666666666666,0.5,0.16666666666666666,0.8
4288,78702,Ethan Pickett,Illinois Chicago,1.0,0.5178571428571429,0.6,0.8666666666666667
4289,78703,Kalifa Sakho,Utah St.,0.8571428571428571,0.7241379310344828,1.0,0.0
4290,78704,Larry Olayinka,Utah Tech,0.875,0.7037037037037037,0.5555555555555556,0.0
4291,78705,Michael McNair,Boston University,0.0,0.5714285714285714,0.3333333333333333,0.8888888888888888
4292,78706,Reginald Reynolds,Mississippi Valley St.,0.0,0.7333333333333333,0.0,0.8571428571428571
4293,78707,Cole McGrath,Mississippi,0.0,0.0,0.0,0.0
4294,78708,David Simon,San Diego,1.0,0.75,0.0,1.0
4295,78709,David Douglas Jr.,Green Bay,0.5,0.5333333333333333,0.3333333333333333,0.8979591836734694
4296,78710,Marcus Hall,Green Bay,0.0,0.6111111111111112,0.25,1.0
4297,78712,Jacob Antchak,Green Bay,0.0,0.0,0.0,0.0
4298,78713,Andrew Phillips,Lafayette,0.0,0.5714285714285714,1.0,1.0
4299,78714,Mark Butler,Lafayette,0.0,0.17073170731707318,0.14583333333333334,0.0
4300,78715,Joshua Wyche,Lafayette,0.5,0.36363636363636365,0.3333333333333333,0.5
4301,78716,Luke Rasmussen,Lafayette,0.0,0.4,0.0,0.9285714285714286
4302,78717,Jameel Morris,Fairleigh Dickinson,0.0,0.0,0.0,1.0
4303,78718,Taylor Bol Bowen,Florida St.,0.5,0.3,0.5,1.0
4304,78719,Rich Barron,Providence,0.0,0.5714285714285714,0.25,0.9722222222222222
4305,78720,Garwey Dual,Providence,0.75,0.4,0.5,0.7142857142857143
4306,78721,Carl Parrish,Presbyterian,0.0,0.3333333333333333,0.0,1.0
4307,78722,Kory Mincy,Presbyterian,0.0,0.3,0.06666666666666667,0.56
4308,78723,Donovan Santoro,Providence,0.0,0.0,0.0,1.0
4309,78725,Tyler Harris,Portland,0.7692307692307693,0.3409090909090909,0.23809523809523808,1.0
4310,78729,Andrew Latiff,Clemson,0.0,0.0,0.0,0.0
4311,78732,Joel Scott,Colorado St.,0.8125,0.7071428571428572,0.375,1.0
4312,78733,Day Day Thomas,Cincinnati,0.5,0.19047619047619047,0.08333333333333333,0.6285714285714286
4313,78734,Karon Boyd,East Tennessee St.,1.0,0.3269230769230769,0.0,0.875
4314,78736,Kobe Rodgers,Charleston,0.6666666666666666,0.2753623188405797,0.058823529411764705,0.8888888888888888
4315,78737,Aidan Rubio,Central Michigan,1.0,0.3076923076923077,0.6,0.8837209302325582
4316,78738,Issakha Niang,Central Arkansas,0.0,0.0,0.0,0.0
4317,78739,Jaylen Jenkins,Old Dominion,0.0,0.0,0.0,0.0
4318,78740,J.C. Riley Jr.,Northwestern St.,1.0,0.7272727272727273,1.0,0.0
4319,78745,Jarrell Pope,James Madison,0.0,0.0,0.0,1.0
4320,78746,James Joseph,La Salle,0.0,0.0,0.0,0.0
4321,78748,Isaac Tavares,Fresno St.,0.6,0.2631578947368421,0.0,0.0
4322,78751,Isaiah Wyatt,UTSA,0.0,0.15,0.25,0.8837209302325582
4323,78752,Chandler Cuthrell,UTSA,0.625,0.4090909090909091,0.2,1.0
4324,78753,Corey Camper Jr.,UTEP,0.5454545454545454,0.42424242424242425,0.07142857142857142,0.9629629629629629
4325,78754,Saliou Seye,UT Rio Grande Valley,0.5,0.7894736842105263,1.0,1.0
4326,78755,Rodney Johnson Jr.,Tennessee Tech,0.8181818181818182,0.6363636363636364,0.25,1.0
4327,78756,Sebastian Cole,UTEP,0.0,0.0,0.0,1.0
4328,78757,Riggs Abner,Tennessee St.,0.0,0.0,0.0,1.0
4329,78758,Fadi Mougharbel,UT Rio Grande Valley,0.0,0.0,0.0,0.0
4330,78759,Hasan Abdul-Hakim,UT Rio Grande Valley,0.0,0.3018867924528302,0.0,0.7857142857142857
4331,78760,CJ Napier,Dayton,0.0,0.0,0.0,0.0
4332,78761,Landen Long,Cincinnati,0.0,0.0,0.0,1.0
4333,78763,Djordje Curcic,Saint Louis,0.0,0.3333333333333333,0.5,0.9090909090909091
4334,78766,Cian Medley,Saint Louis,0.0,0.058823529411764705,0.08333333333333333,0.6666666666666666
4335,78767,Xzayvier Brown,Saint Joseph's,0.0,0.234375,0.23529411764705882,0.6811594202898551
4336,78768,Anthony Finkley,Saint Joseph's,0.0,0.4,0.75,1.0
4337,78770,Christian Hammond,Santa Clara,0.0,0.5,0.6666666666666666,0.6666666666666666
4338,78772,Elmarko Jackson,Kansas,0.75,0.47368421052631576,0.05,0.9090909090909091
4339,78774,Marqus Marion,Wake Forest,0.3333333333333333,0.4,0.0,1.0
4340,78775,Mike Williams III,LSU,0.0,0.1724137931034483,0.0,0.8974358974358975
4341,78776,Conner Venable,Virginia Tech,0.0,0.0,0.0,0.0
4342,78777,Nikola Djapa,LIU,0.8333333333333334,0.5692307692307692,0.5,1.0
4343,78778,Parker Friedrichsen,Wake Forest,0.0,0.125,0.0,0.9
4344,78779,Brandon Rechsteiner,Virginia Tech,0.0,0.5,0.0,0.8888888888888888
4345,78781,Jaydon Young,Virginia Tech,0.0,0.6666666666666666,0.0,0.8333333333333334
4346,78782,Malik Olafioye,UMKC,0.0,0.0,0.0,0.0
4347,78783,Jake Snyder,Kent St.,0.0,0.0,0.0,0.0
4348,78784,Gavin Gilstrap,Idaho St.,0.0,1.0,1.0,0.0
4349,78785,Trent Johnson,Idaho St.,1.0,0.8333333333333334,0.8,1.0
4350,78786,Adefemi Akinwole,Florida A&M,0.0,0.0,0.0,1.0
4351,78787,Ja'Derryus Eatmon,Florida A&M,1.0,0.6956521739130435,0.5555555555555556,0.0
4352,78788,Aaron Oh,Georgia St.,0.0,0.0,0.0,0.0
4353,78789,PJay Smith Jr,Furman,0.0,0.45454545454545453,0.2222222222222222,0.927536231884058
4354,78791,RJ Sunahara,Georgia,1.0,0.6363636363636364,0.0,1.0
4355,78792,Isaiah Griffin,Idaho St.,0.6666666666666666,0.4883720930232558,0.2727272727272727,1.0
4356,78793,Kiree Huie,Idaho St.,0.5714285714285714,0.27586206896551724,0.208955223880597,0.0
4357,78796,Daniel Bublil,Sacred Heart,0.0,0.0,0.0,0.0
4358,78797,Izzy Miles,Tarleton St.,0.0,0.4,0.5,1.0
4359,78798,Emmanuel Innocenti,Tarleton St.,0.25,0.34615384615384615,0.125,0.9166666666666666
4360,78799,Bubu Benjamin,Tarleton St.,1.0,0.45454545454545453,0.3333333333333333,0.6666666666666666
4361,78800,Chase Forte,Northwestern St.,0.25,0.10126582278481013,0.08333333333333333,0.7692307692307693
4362,78801,Tyreese Watson,Louisiana Monroe,1.0,0.4,0.34210526315789475,0.8
4363,78802,Johnny Semany,Southern Indiana,0.0,0.0,0.0,0.0
4364,78804,Sean Smith,Alabama St.,1.0,0.17647058823529413,0.034482758620689655,0.625
4365,78805,Ubong Okon,Alabama St.,0.8888888888888888,0.5757575757575758,1.0,0.0
4366,78806,Londan Coleman,Alabama St.,0.0,0.0,0.0,0.0
4367,78807,Micah Octave,Alabama St.,1.0,0.41935483870967744,0.2,1.0
4368,78808,CJ Hines,Alabama St.,0.0,0.04,0.22727272727272727,0.7021276595744681
4369,78809,Roy Jones III,UT Rio Grande Valley,0.0,0.3333333333333333,0.0,1.0
4370,78810,Brentay Noel,Southern,0.7,0.6666666666666666,1.0,0.0
4371,78811,Bryson Hall,Southern Miss,0.0,0.25,0.5,0.0
4372,78812,Chris Mubiru,Northwestern St.,1.0,0.4166666666666667,0.5,0.9473684210526315
4373,78814,Michael Wilson,Sacramento St.,0.0,0.25,0.0,1.0
4374,78815,Baye Ndongo,Georgia Tech,0.9444444444444444,0.5376344086021505,0.6862745098039216,0.75
4375,78816,Darryl Simmons II,Gardner Webb,0.0,0.2857142857142857,0.42857142857142855,1.0
4376,78820,Ron Jessamy,Mount St. Mary's,0.7307692307692307,0.625,0.18181818181818182,0.0
4377,78822,Tyler Bey,Missouri St.,1.0,0.4444444444444444,0.0,0.6666666666666666
4378,78824,Erick Reader,Minnesota,0.0,0.5,0.0,0.0
4379,78825,Patrick Haigh,Mount St. Mary's,0.0,0.0,0.0,1.0
4380,78826,Dallas Hobbs,Mount St. Mary's,0.0,0.14814814814814814,0.0,0.7142857142857143
4381,78827,Cam Christie,Minnesota,0.6666666666666666,0.3684210526315789,0.6486486486486487,0.7714285714285715
4382,78828,Lawrent Rice,Murray St.,1.0,0.6666666666666666,0.0,0.4
4383,78829,Fletcher Boatright,Murray St.,0.0,0.0,0.0,0.0
4384,78830,RJ Horry,Lindenwood,0.0,0.0,0.0,0.0
4385,78831,Jake Brack,South Dakota,0.0,0.7777777777777778,0.0,1.0
4386,78835,Bubz Alvarez,South Dakota St.,0.6666666666666666,0.2857142857142857,0.0,1.0
4387,78838,Jayden Reid,South Florida,0.0,0.11538461538461539,0.1,0.9655172413793104
4388,78839,Nic Smith,South Florida,0.0,0.0,0.0,0.0
4389,78840,Daniel Tobiloba,South Florida,1.0,0.6666666666666666,0.0,0.0
4390,78841,Dillon Bailey,Wofford,0.0,0.3783783783783784,0.0,0.9107142857142857
4391,78842,Jalen Cooper,Cal St. Fullerton,0.0,0.1875,0.5,1.0
4392,78843,Davin Cosby Jr.,Alabama,0.0,0.0,0.0,0.8636363636363636
4393,78844,Kaspar Sepp,Valparaiso,0.0,0.5,0.8333333333333334,1.0
4394,78845,Cooper Schwieger,Valparaiso,0.7777777777777778,0.6,0.3404255319148936,1.0
4395,78846,Isaiah West,Vanderbilt,0.5,0.3333333333333333,0.0,1.0
4396,78848,Jahari Williamson,Valparaiso,0.0,0.1111111111111111,0.14285714285714285,0.7777777777777778
4397,78849,Sherman Weatherspoon IV,Valparaiso,0.0,0.5384615384615384,0.45454545454545453,0.90625
4398,78853,Malik Presley,Vanderbilt,0.5,0.35294117647058826,0.0,1.0
4399,78854,Jordan Jones,Central Connecticut,0.0,0.21875,0.12121212121212122,0.8611111111111112
4400,78855,Tyre Patterson,Jacksonville St.,0.0,0.0,0.0,1.0
4401,78856,Gora Niang,Jacksonville St.,0.0,1.0,0.0,1.0
4402,78857,Delyle Williams,Jackson St.,0.0,0.0,0.0,0.0
4403,78858,Tamorrian Grigsby,Jackson St.,1.0,0.4,0.3333333333333333,0.0
4404,78859,LA Hayes,Kent St.,0.0,0.0,0.0,0.0
4405,78860,Johnny Furphy,Kansas,0.9090909090909091,0.8181818181818182,0.0,0.9772727272727273
4406,78864,Donovan Hunter,Kent St.,0.0,0.0,0.0,0.8333333333333334
4407,78865,Ahmad Henderson II,Niagara,0.0,0.1702127659574468,0.16129032258064516,0.8717948717948718
4408,78866,Antwan Wilson,Maryland Eastern Shore,0.0,0.0,0.0,1.0
4409,78867,Max Sims,Binghamton,0.0,0.0,0.0,0.0
4410,78868,Aleksa Lekic,Lamar,0.0,1.0,0.0,0.0
4411,78870,Brigham Rogers,Belmont,0.875,0.7090909090909091,0.0,1.0
4412,78871,Evan Ashe,Binghamton,0.0,0.375,0.4,0.6666666666666666
4413,78872,Gavin Walsh,Binghamton,0.0,0.5,0.16666666666666666,0.9166666666666666
4414,78873,Joe Cooper,Memphis,0.0,0.0,0.0,1.0
4415,78875,Win Miller,Belmont,0.0,0.5,0.3333333333333333,1.0
4416,78876,Tyson Brown,Rhode Island,0.8333333333333334,0.7111111111111111,0.6666666666666666,0.0
4417,78877,Always Wright,Rhode Island,0.0,0.0,0.2,0.8571428571428571
4418,78878,Michael Ajayi,Pepperdine,0.9,0.4444444444444444,0.2696629213483146,0.9444444444444444
4419,78879,Jonah Pierce,Presbyterian,0.9090909090909091,0.5974025974025974,0.5,0.0
4420,78880,Noah Jordan,Portland,0.0,0.75,0.0,1.0
4421,78881,Jacobi Sebock,Queens,0.5,0.5357142857142857,0.1875,1.0
4422,78883,Jaxon Pollard,Queens,0.0,0.5294117647058824,0.3333333333333333,0.7857142857142857
4423,78884,Deyton Albury,Queens,0.16666666666666666,0.08888888888888889,0.0,0.8
4424,78885,Jalen Griffith,Jacksonville,0.0,0.0,0.0,0.5
4425,78886,Donovan Rivers,Jacksonville,0.8181818181818182,0.5384615384615384,0.6666666666666666,0.0
4426,78887,Lucas Gibb,Jacksonville,0.0,0.0,0.0,0.0
4427,78888,Zach Hayn,Rutgers,0.0,0.0,0.0,0.0
4428,78889,Jackson Kotecki,Miami OH,0.6666666666666666,0.7272727272727273,1.0,1.0
4429,78891,Mekhi Cooper,Miami OH,0.0,0.42857142857142855,0.0,0.9375
4430,78893,Evan Ipsaro,Miami OH,0.0,0.4444444444444444,0.15384615384615385,0.8636363636363636
4431,78897,Paul Djobet,Miami FL,0.0,0.0,1.0,1.0
4432,78898,Eian Elmer,Miami OH,1.0,0.725,0.25,0.9583333333333334
4433,78899,Keanu Dawes,Rice,0.6875,0.5945945945945946,0.4,0.9047619047619048
4434,78900,DJ Dudley,Rider,0.0,0.2727272727272727,0.08333333333333333,0.6666666666666666
4435,78901,Daemar Kelly,Quinnipiac,1.0,0.25,0.0,1.0
4436,78902,Trenton Walters,Radford,0.0,0.0,0.0,0.6666666666666666
4437,78903,Khaden Bennett,Quinnipiac,0.0,0.0,1.0,0.0
4438,78904,Rihards Vavers,Quinnipiac,1.0,0.8461538461538461,0.1111111111111111,0.9090909090909091
4439,78905,Camp Wagner,Rice,0.0,1.0,1.0,0.8333333333333334
4440,78906,Gabe Warren,Rice,0.0,0.0,0.25,0.0
4441,78909,Marlon Short,UMBC,0.0,0.5625,0.08333333333333333,1.0
4442,78911,Teagan Moore,Western Kentucky,1.0,0.3888888888888889,0.3333333333333333,1.0
4443,78914,Jayden Lemond,William & Mary,0.0,0.25,0.0,0.0
4444,78915,Joy Ighovodja,Wichita St.,0.0,0.0,0.0,1.0
4445,78916,Noah Van Bibber,Winthrop,0.0,0.0,1.0,0.7142857142857143
4446,78917,Henry Harrison,Winthrop,0.0,0.0,0.0,1.0
4447,78918,Chrisitan Wise,San Jose St.,0.0,0.42857142857142855,0.0,0.0
4448,78919,Bennett Blackerby,San Jose St.,0.0,0.0,0.0,1.0
4449,78921,Jordan Johnson,Southern,0.0,0.5,0.0,0.8846153846153846
4450,78924,Kolton Mitchell,Idaho St.,0.0,0.0,0.16666666666666666,0.75
4451,78925,Joseph Tugler,Houston,0.6666666666666666,0.5625,0.5454545454545454,0.0
4452,78928,AJ Magbegor,Howard,0.0,0.375,0.25,0.0
4453,78929,Declan Ryan,Holy Cross,0.0,0.42857142857142855,0.2,1.0
4454,78930,James Bodily,Idaho St.,0.0,0.0,0.0,1.0
4455,78932,Lukas Platauna,Mercer,0.0,1.0,0.0,0.0
4456,78933,Earnest Ofremu,Mercer,0.0,0.0,1.0,0.0
4457,78934,Ryan Nutter,Marshall,0.0,0.2,0.4,0.75
4458,78935,Jack Riley,Marquette,0.0,0.0,0.0,0.0
4459,78937,Nestor Dyachok,Southern Utah,0.0,0.3333333333333333,0.0,1.0
4460,78939,Luka Krajnovic,Gonzaga,0.0,0.42857142857142855,0.5,1.0
4461,78942,Abdi Bashir Jr.,Monmouth,0.0,0.5,0.11764705882352941,0.7058823529411765
4462,78943,Anthony Robinson II,Missouri,0.3333333333333333,0.21052631578947367,0.0,0.5555555555555556
4463,78944,Jordan Butler,Missouri,1.0,0.631578947368421,0.0,0.75
4464,78947,Kevin Overton,Drake,1.0,0.4897959183673469,0.5,0.9491525423728814
4465,78948,Kamron Hobbs,Morgan St.,0.0,0.6086956521739131,0.21875,0.7027027027027027
4466,78949,Ladji Dembele,Iowa,1.0,0.875,0.8181818181818182,1.0
4467,78950,Pryce Sandfort,Iowa,0.0,0.75,0.2,0.9411764705882353
4468,78952,Mike Loughnane,Davidson,0.0,0.0,0.0,0.0
4469,78953,Rikus Schulte,Davidson,0.0,0.5,0.0,1.0
4470,78954,Brock Harding,Iowa,0.0,0.125,0.18181818181818182,0.7333333333333333
4471,78955,Cliff Davis,Northwestern St.,0.0,0.06060606060606061,0.1875,0.7831325301204819
4472,78956,Dejour Reaves,Northern Colorado,0.0,0.29333333333333333,0.16666666666666666,0.7906976744186046
4473,78957,Ahmad Robinson,New Hampshire,0.0,0.0547945205479452,0.041666666666666664,0.5882352941176471
4474,78958,Dior Davis,New Hampshire,0.0,0.2857142857142857,0.0,1.0
4475,78959,Malek Abdelgowad,Murray St.,1.0,0.6111111111111112,0.2857142857142857,0.0
4476,78960,Riley Minix,Morehead St.,0.9,0.46923076923076923,0.23333333333333334,0.9423076923076923
4477,78961,Mekhi Cameron,Northern Colorado,0.0,0.0,0.0,1.0
4478,78963,Paul Gakmar,New Hampshire,0.0,0.6666666666666666,0.0,0.0
4479,78964,Rollie Castineyra,Massachusetts,0.0,0.0,0.0,0.0
4480,78965,Carl Cherenfant,Memphis,0.0,0.5,0.0,0.0
4481,78967,Baraka Okojie,George Mason,0.0,0.14285714285714285,0.05555555555555555,0.7
4482,78968,Jamie Kaiser Jr.,Maryland,0.25,0.1111111111111111,0.75,0.9666666666666667
4483,78969,Jaylen Curry,Massachusetts,0.0,0.10344827586206896,0.15151515151515152,0.6363636363636364
4484,78970,Robert Davis Jr.,Massachusetts,1.0,0.2857142857142857,0.6666666666666666,0.9666666666666667
4485,78971,Dedan Thomas Jr.,UNLV,0.0,0.058823529411764705,0.0410958904109589,0.8125
4486,78972,Kajus Kublickas,Florida,0.0,1.0,0.0,0.0
4487,78973,Tarique Foster,Massachusetts,1.0,0.6,0.0,1.0
4488,78975,Mathok Majok,Massachusetts,0.5,0.5,1.0,0.0
4489,78979,Braylen Blue,Saint Francis,0.0,1.0,0.0,1.0
4490,78980,Alex Kovatchev,Sacramento St.,1.0,0.6470588235294118,0.3333333333333333,0.9285714285714286
4491,78981,Bo Beatty,Sacramento St.,0.3333333333333333,0.30434782608695654,0.4375,1.0
4492,78982,Lukas Walls,Samford,0.0,0.15789473684210525,0.25,1.0
4493,78983,Josh Holloway,Samford,0.0,0.08823529411764706,0.0,0.5
4494,78984,Aaron Talbert,Saint Francis,0.0,0.16666666666666666,0.0,0.8823529411764706
4495,78985,Riley Allenspach,Samford,1.0,0.6481481481481481,0.36363636363636365,1.0
4496,78986,Antwan Robinson,Cal St. Fullerton,0.0,0.0,0.0,1.0
4497,78988,Mookie Cook,Oregon,1.0,1.0,0.0,0.0
4498,78989,Keith Richard,Cal St. Fullerton,0.0,0.0,0.0,0.0
4499,78990,Jackson Shelstad,Oregon,0.0,0.35555555555555557,0.1746031746031746,0.7346938775510204
4500,78991,Kwame Evans Jr,Oregon,0.7777777777777778,0.5454545454545454,0.5333333333333333,1.0
4501,78993,Kendrick De Luna,Cal St. Fullerton,0.0,0.4,0.2857142857142857,0.0
4502,78994,Austin Abrams,Stonehill,0.0,0.25,0.5,1.0
4503,78995,Jaylen Wells,Washington St.,0.25,0.2916666666666667,0.2222222222222222,0.8857142857142857
4504,78996,Trey Green,Xavier,0.0,0.4375,0.2727272727272727,0.7368421052631579
4505,78997,Keshawn Brown Jr,Western Carolina,0.0,0.0,0.0,1.0
4506,78998,Kaden Brown,Wright St.,0.0,0.25,0.0,0.6666666666666666
4507,79001,Jacob Theodosiou,Wyoming,0.0,0.0,0.0,0.0
4508,79002,Kael Combs,Wyoming,0.0,0.25,0.0,0.75
4509,79003,Cam Manyawu,Wyoming,0.7333333333333333,0.6493506493506493,0.5,0.0
4510,79004,Tristan Gross,Stetson,0.0,0.42857142857142855,0.5,1.0
4511,79005,Bruce Kanno,Stetson,0.0,1.0,0.0,0.0
4512,79006,Reggie Ward Jr.,Bethune Cookman,0.7333333333333333,0.4375,0.45161290322580644,0.9166666666666666
4513,79007,Dondre Watson,Bethune Cookman,0.0,0.0,0.0,0.0
4514,79008,Mason Dorsey,Bethune Cookman,0.0,0.0,0.0,0.0
4515,79010,Seneca Willoughby,Bethune Cookman,0.0,0.2,0.5714285714285714,0.6666666666666666
4516,79011,Youssouf Timera,Bethune Cookman,0.0,0.8333333333333334,0.0,0.0
4517,79013,Jakobi Heady,Bethune Cookman,0.6666666666666666,0.41333333333333333,0.352112676056338,0.7352941176470589
4518,79015,Bruce Zhang,Saint Louis,0.0,0.2857142857142857,0.5,0.0
4519,79016,Hugh Hargett,North Alabama,0.0,0.0,0.0,1.0
4520,79018,Canin Jefferson,North Alabama,0.0,0.2222222222222222,0.0,0.7
4521,79019,Micah Clark,North Alabama,1.0,1.0,0.0,0.0
4522,79021,Titas Sargiunas,High Point,0.0,0.3076923076923077,0.2,0.9166666666666666
4523,79022,Luca Ace-Nasteski,Harvard,1.0,0.5882352941176471,0.0,0.0
4524,79023,Miles Rubin,Loyola Chicago,0.9310344827586207,0.7464788732394366,0.46153846153846156,0.0
4525,79024,Jadin Collins,Marist,0.0,0.273972602739726,0.041666666666666664,0.875
4526,79025,Jaden Winston,Manhattan,0.0,0.275,0.24242424242424243,0.75
4527,79027,Troy Cicero Jr.,Loyola MD,0.0,0.0,0.0,0.0
4528,79028,Jordan Stiemke,Loyola MD,0.8,0.4,0.2857142857142857,0.9166666666666666
4529,79030,Josh Pascarelli,Marist,0.0,0.4230769230769231,0.18421052631578946,0.9516129032258065
4530,79033,Caleb McCarty,South Carolina St.,0.75,0.5121951219512195,0.6428571428571429,0.0
4531,79034,Elijah Charles,South Carolina St.,1.0,1.0,0.0,0.0
4532,79035,Drayton Jones,South Carolina St.,0.8666666666666667,0.675,0.5714285714285714,0.0
4533,79036,Mitchell Taylor,South Carolina St.,0.0,0.26,0.24242424242424243,0.9
4534,79037,Matar Diop,Nebraska,1.0,1.0,0.0,1.0
4535,79038,Mambourou Mara,North Dakota,0.0,0.0,1.0,1.0
4536,79040,Alex Cotton,North Texas,0.0,0.0,0.0,1.0
4537,79041,Tichyque Musaka,Northern Arizona,0.5,0.42857142857142855,1.0,1.0
4538,79042,Ryan Forrest,Northwestern St.,0.0,0.3125,0.08333333333333333,0.2857142857142857
4539,79043,Mitch Williams,Northwestern St.,0.0,0.0,0.0,1.0
4540,79044,Villiam Garcia Adsten,Pacific,0.0,0.8571428571428571,0.0,1.0
4541,79045,Hunter Adam,Davidson,1.0,0.6875,0.0,1.0
4542,79046,Niccolo Moretti,Illinois,0.0,0.0,0.0,1.0
4543,79047,Shawn Simmons II,Saint Joseph's,0.8333333333333334,0.6153846153846154,1.0,0.0
4544,79048,Hampton Dauparas,Miami OH,0.0,0.0,0.0,0.0
4545,79049,Kris Keinys,Minnesota,0.0,0.5,0.0,1.0
4546,79050,T'Johnn Brown,McNeese St.,0.0,0.0,0.0,0.0
4547,79052,Dalen Davis,Princeton,0.0,0.07142857142857142,0.38095238095238093,0.6923076923076923
4548,79053,Ryan Duncan,Princeton,0.0,0.0,0.0,1.0
4549,79054,Jackson Hicke,Princeton,0.0,0.3333333333333333,0.0,0.0
4550,79055,Jacob Huggins,Princeton,0.0,0.75,0.0,0.0
4551,79056,Derek Sangster,Princeton,0.0,0.0,0.0,1.0
4552,79058,Prince Davies,East Texas A&M,0.0,0.5,0.0,1.0
4553,79059,Jason Malbrue,Southeastern Louisiana,0.0,0.0,1.0,0.0
4554,79060,Gai Chol,Mississippi St.,1.0,0.375,0.75,0.0
4555,79062,Arne Osojnik,Eastern Michigan,0.0,0.4375,0.23529411764705882,0.7619047619047619
4556,79063,Emanuel Richards,Longwood,0.5,0.34615384615384615,0.2222222222222222,1.0
4557,79066,Camaren Sparrow,Coppin St.,0.0,0.25,0.2777777777777778,0.8947368421052632
4558,79067,Dragos Lungu,San Diego,0.0,0.3939393939393939,0.1111111111111111,0.5714285714285714
4559,79068,Santiago Trouet,San Diego,0.0,0.5,0.6666666666666666,1.0
4560,79071,Andrew Meadow,Boise St.,0.0,0.5,0.0,0.875
4561,79073,Kyrone Alexander,Boston University,0.0,0.4,0.3125,0.9117647058823529
4562,79074,Chad Moodie,Alabama A&M,0.84,0.5657894736842105,0.5625,0.0
4563,79075,Elijah Strong,Boston College,1.0,0.7272727272727273,0.14285714285714285,0.6666666666666666
4564,79077,Trey Autry,George Washington,1.0,0.7333333333333333,0.5,0.868421052631579
4565,79079,Eduardo Placer,USC Upstate,0.0,0.4,0.4,0.75
4566,79080,Josh Hubbard,Mississippi St.,0.0,0.2857142857142857,0.07317073170731707,0.7222222222222222
4567,79082,Akil Watson,Arizona St.,1.0,0.8,0.0,1.0
4568,79083,Adrian Myers,Mississippi St.,0.0,0.0,0.0,0.5
4569,79085,Khali Horton,Coppin St.,0.0,0.0,0.3333333333333333,0.8823529411764706
4570,79086,Creed Williamson,Little Rock,0.5,0.6111111111111112,0.18181818181818182,0.0
4571,79087,Conrad Martinez,Arizona,0.0,0.3333333333333333,0.0,1.0
4572,79088,Vladimir Pavlovic,California,0.0,0.5,0.0,0.0
4573,79089,Ofri Naveh,West Virginia,1.0,0.5,0.5,1.0
4574,79090,KJ Lewis,Arizona,0.8571428571428571,0.5172413793103449,0.6666666666666666,0.9285714285714286
4575,79091,Noah Jones,American,0.0,0.0,0.0,1.0
4576,79093,Paulius Murauskas,Arizona,0.0,0.5,0.0,1.0
4577,79096,Motiejus Krivas,Arizona,0.8461538461538461,0.6779661016949152,0.5384615384615384,0.0
4578,79097,Niko Fotopoulos,Seattle,0.0,0.0,0.0,0.0
4579,79098,Isaiah Miranda,Oklahoma St.,0.5,0.5,0.0,1.0
4580,79099,Joshua Rivera,Fordham,0.8461538461538461,0.45454545454545453,0.47619047619047616,1.0
4581,79100,Aniwaniwa Tait-Jones,UC San Diego,0.4444444444444444,0.2926829268292683,0.11764705882352941,0.7777777777777778
4582,79105,Prophet Johnson,Southern Utah,0.4,0.24489795918367346,0.30434782608695654,0.4
4583,79109,Brock Felder,Southern Utah,0.6,0.4827586206896552,0.2,0.0
4584,79110,Hayden Ledbetter,Southern Utah,0.0,0.0,0.0,0.0
4585,79111,Omar Cooper,McNeese St.,0.0,0.30303030303030304,0.4,0.0
4586,79113,Marcel Gardner,UMBC,0.0,1.0,0.0,0.0
4587,79114,Anthony Valentine,UMBC,0.0,0.38461538461538464,0.1111111111111111,0.75
4588,79115,Ashton Reese,UMBC,1.0,0.6363636363636364,0.25,1.0
4589,79116,Alpha Chibambe,UMBC,0.5,0.5714285714285714,0.5,1.0
4590,79117,TJ Ford Jr.,Incarnate Word,0.0,0.0,0.0,0.4444444444444444
4591,79118,Josh Akpovwa,Incarnate Word,0.3076923076923077,0.3548387096774194,0.3333333333333333,0.0
4592,79121,Franck Emmou,UMBC,0.0,0.4166666666666667,0.0,0.7586206896551724
4593,79122,Jose Benitez,Southern Miss,0.0,0.0,0.0,0.0
4594,79123,K.J. Doucet,Winthrop,0.6666666666666666,0.17857142857142858,0.125,0.75
4595,79124,Beril Kabamba,Cal St. Fullerton,0.0,0.2608695652173913,0.3333333333333333,1.0
4596,79125,Aaron Clark,Wake Forest,0.0,0.0,0.0,0.0
4597,79126,Gezim Bajrami,LIU,0.0,0.5714285714285714,0.0,0.0
4598,79128,Jason Steele,LIU,0.0,0.35,0.8,1.0
4599,79129,Jamari McDowell,Kansas,0.0,0.2,0.0,0.7777777777777778
4600,79130,Elijah Gertrude,Virginia,1.0,0.4166666666666667,0.0,1.0
4601,79131,Jayson Petty,UMKC,1.0,0.3333333333333333,0.3125,0.92
4602,79134,Muneer Newton,Albany,0.7142857142857143,0.5471698113207547,0.1111111111111111,0.0
4603,79136,Anthony Sciarroni,Valparaiso,0.0,0.0,0.0,0.6666666666666666
4604,79138,Gytis Nemeiksa,Xavier,1.0,0.625,0.7692307692307693,0.9375
4605,79139,Ryan Schwarz,San Diego St.,0.0,0.0,0.0,0.0
4606,79140,Marcus Glover,Incarnate Word,1.0,0.9545454545454546,0.5,0.0
4607,79141,Elijah Davis,Incarnate Word,0.0,0.2,0.0,1.0
4608,79142,Eli Djordjecvic,Long Beach St.,0.0,0.0,0.0,0.0
4609,79143,Varick Lewis,Long Beach St.,0.0,0.5,0.2,1.0
4610,79144,Ryan Sabol,Buffalo,0.0,0.2857142857142857,0.4166666666666667,0.9672131147540983
4611,79145,Anquan Boldin Jr.,Buffalo,0.8,0.38461538461538464,0.2857142857142857,1.0
4612,79146,Shawn Fulcher,Buffalo,0.0,0.09230769230769231,0.05555555555555555,0.4666666666666667
4613,79147,Bryson Wilson,Buffalo,0.0,0.4166666666666667,0.0,1.0
4614,79148,Lloyd McVeigh,Buffalo,0.0,0.4444444444444444,0.0,0.9166666666666666
4615,79150,Churchill Abass,DePaul,0.5789473684210527,0.5238095238095238,0.6666666666666666,0.0
4616,79151,Dramane Camara,DePaul,0.0,0.0,0.0,0.0
4617,79152,Stephon Roberts,Saint Peter's,1.0,0.42105263157894735,0.5,1.0
4618,79156,Andrej Stojakovic,Stanford,0.5,0.38095238095238093,0.043478260869565216,0.9117647058823529
4619,79158,Peyton Frey,Stony Brook,0.0,0.6666666666666666,0.0,0.0
4620,79159,Carter Welling,UC Irvine,0.9375,0.7407407407407407,0.25,1.0
4621,79160,Marcus Adams Jr.,BYU,0.0,0.0,1.0,0.0
4622,79163,Keyon Webb,UNC Greensboro,0.0,0.0,0.0,0.0
4623,79164,Domas Kauzonas,UNC Greensboro,0.0,0.6153846153846154,1.0,0.0
4624,79165,Derin Saran,UC Irvine,0.0,0.3670886075949367,0.21739130434782608,0.9333333333333333
4625,79167,Mintautas Mockus,UCF,0.0,0.0,0.0,1.0
4626,79168,Berke Buyuktuncel,UCLA,0.0,0.3888888888888889,0.7777777777777778,1.0
4627,79169,Dusty Stromer,Gonzaga,0.0,0.5714285714285714,0.3333333333333333,1.0
4628,79173,Xavier Booker,Michigan St.,1.0,1.0,0.5714285714285714,1.0
4629,79174,Coen Carr,Michigan St.,0.875,0.7777777777777778,0.4,0.0
4630,79175,Nicolo Romanelli,Columbia,0.0,1.0,1.0,0.6666666666666666
4631,79177,Brandon Williams,UCLA,0.5,0.38095238095238093,0.5,0.8571428571428571
4632,79179,Rashaan Mbemba,Colorado St.,0.6666666666666666,0.8529411764705882,1.0,1.0
4633,79180,Kyan Evans,Colorado St.,0.0,0.5,0.3333333333333333,1.0
4634,79182,Jaylin Stewart,Connecticut,0.8571428571428571,0.6538461538461539,1.0,1.0
4635,79183,Solomon Ball,Connecticut,0.3333333333333333,0.5,0.5,1.0
4636,79184,Jake DiMichele,Duquesne,0.0,0.5862068965517241,0.42857142857142855,0.8333333333333334
4637,79185,Comeh Emuobor,UCF,1.0,0.3333333333333333,0.5,1.0
4638,79189,Arrinten Page,USC,0.8461538461538461,0.8,0.5,1.0
4639,79190,Marko Sarenac,Weber St.,0.0,0.3333333333333333,0.0,0.5
4640,79191,Bronny James,USC,0.25,0.5625,0.4444444444444444,0.75
4641,79192,Brandon Gardner,USC,1.0,1.0,0.0,0.0
4642,79193,Trevor Mullin,Yale,0.0,0.0,1.0,0.0
4643,79196,Viljami Vartiainen,Weber St.,0.0,0.4444444444444444,0.3333333333333333,0.8461538461538461
4644,79197,Samson Aletan,Yale,0.5,0.3,0.0,0.0
4645,79198,Trent Edwards,Morgan St.,0.0,0.5833333333333334,0.0,0.0
4646,79199,Malcolm Wrisby-Jefferson,Brown,0.0,0.0,0.0,1.0
4647,79200,Zane Adnan,Albany,0.0,1.0,0.0,0.0
4648,79201,Adrian Uchidiuno,Brown,0.0,0.0,1.0,0.0
4649,79203,Jack Margoupis,Albany,0.0,0.0,0.2,0.5
4650,79207,N'famara Dabo,Brown,0.0,0.3333333333333333,0.0,0.0
4651,79209,Tim Smith Jr.,North Alabama,0.0,0.06666666666666667,0.375,0.8775510204081632
4652,79211,Devon Barnes,Tarleton St.,0.0,0.2222222222222222,0.25,0.8163265306122449
4653,79212,Kaine McColley,Arkansas Pine Bluff,0.0,0.0,0.0,1.0
4654,79213,Jyre McCloud,Arkansas Pine Bluff,0.0,0.5833333333333334,0.0,0.0
4655,79215,C.J. Booker,UT Rio Grande Valley,0.0,0.35714285714285715,0.21052631578947367,0.6818181818181818
4656,79216,Adam Moussa,Tarleton St.,0.0,0.125,0.125,0.2727272727272727
4657,79218,Traivar Jackson,Tarleton St.,1.0,0.7906976744186046,0.9090909090909091,0.0
4658,79219,Miles Lewis,Tarleton St.,0.0,0.0,0.0,1.0
4659,79220,Michael Houge,Saint Peter's,0.75,0.40816326530612246,0.3157894736842105,0.625
4660,79221,DeAndre Craig,Denver,0.0,0.09375,0.19047619047619047,0.7916666666666666
4661,79225,Jake Fiegen,Cornell,0.0,0.6153846153846154,0.0,0.96
4662,79228,Ethan Kizer,South Alabama,0.0,1.0,0.0,1.0
4663,79229,Xavier Thomas,Toledo,0.0,1.0,0.0,1.0
4664,79230,Sonny Wilson,Toledo,0.0,0.48148148148148145,0.23529411764705882,1.0
4665,79231,Pasha Goodarzi,San Jose St.,0.0,0.0,0.0,1.0
4666,79232,Sam Lewis,Toledo,0.5,0.35,0.26666666666666666,0.8888888888888888
4667,79233,Diogo Seixas,San Jose St.,1.0,0.8571428571428571,0.8571428571428571,1.0
4668,79234,Grgur Brcic,Toledo,0.0,0.4,1.0,0.0
4669,79236,Marcus Millender,South Alabama,0.0,0.045454545454545456,0.09523809523809523,0.7096774193548387
4670,79237,Javon Jackson,Utah St.,0.0,0.6,0.5,0.7894736842105263
4671,79238,Nick Davis,Nebraska Omaha,1.0,0.36619718309859156,0.10344827586206896,0.0
4672,79239,Collin Murray-Boyles,South Carolina,0.8260869565217391,0.6224489795918368,0.7368421052631579,0.0
4673,79240,Jacoi Hutchinson,George Washington,0.0,0.1,0.1,0.75
4674,79241,Jaylen Benard,Longwood,0.0,0.0,0.0,1.0
4675,79243,Brandon Hardy,Louisiana,0.3333333333333333,0.34615384615384615,0.2,0.9230769230769231
4676,79245,London Fields,Louisiana,1.0,0.42857142857142855,0.0,1.0
4677,79246,Joshua Strong,Howard,0.0,0.14285714285714285,0.3333333333333333,0.7619047619047619
4678,79247,Tana Kopa,LIU,0.0,0.4117647058823529,0.4666666666666667,0.8688524590163934
4679,79248,Jordan Burks,Kentucky,1.0,0.6666666666666666,1.0,1.0
4680,79249,D.J. Wagner,Kentucky,0.0,0.2833333333333333,0.058823529411764705,0.8928571428571429
4681,79251,Rob Dillingham,Kentucky,0.75,0.30158730158730157,0.2222222222222222,0.765625
4682,79252,Justin Edwards,Kentucky,0.7,0.46,0.4,1.0
4683,79253,Aaron Bradshaw,Kentucky,0.9375,0.6486486486486487,0.875,1.0
4684,79256,Dai Dai Ames,Kansas St.,0.0,0.35294117647058826,0.21428571428571427,0.9565217391304348
4685,79257,R.J. Jones,Kansas St.,0.0,0.0,0.3333333333333333,0.9411764705882353
4686,79258,Macaleab Rich,Kansas St.,0.42857142857142855,0.45454545454545453,0.4,0.0
4687,79259,RJ Johnson,Kennesaw St.,0.3333333333333333,0.11428571428571428,0.058823529411764705,0.8461538461538461
4688,79260,Frankquon Sherman,Kennesaw St.,0.6666666666666666,0.56,1.0,1.0
4689,79263,Colby Garland,Drake,0.0,0.26666666666666666,0.2727272727272727,0.8571428571428571
4690,79265,Jalin Rice,Cleveland St.,0.3333333333333333,0.5238095238095238,0.4,0.8333333333333334
4691,79266,Corey Stephenson,Cal St. Bakersfield,0.7142857142857143,0.3888888888888889,0.4,1.0
4692,79267,Patrick Cassidy,Kansas,0.0,0.0,0.0,1.0
4693,79268,Tom Mark,Cal St. Bakersfield,0.5555555555555556,0.6097560975609756,0.8235294117647058,1.0
4694,79270,Nate Fouts,Le Moyne,0.0,0.5333333333333333,0.36363636363636365,1.0
4695,79271,Ocypher Owens,Le Moyne,0.8,0.6410256410256411,0.6,1.0
4696,79272,Kaelin Thomas,Le Moyne,0.0,1.0,0.0,0.0
4697,79273,Trent Mosquera,Le Moyne,1.0,0.3888888888888889,0.42857142857142855,0.9047619047619048
4698,79274,Cameron Faas,UMKC,0.0,0.5555555555555556,0.45,0.9710144927536232
4699,79276,Makai Grant,Dayton,0.0,0.0,0.0,0.0
4700,79277,Ben Brown,Dartmouth,0.0,0.0,0.0,1.0
4701,79278,Patrick Tivnan Jr.,Dartmouth,0.0,0.0,0.0,1.0
4702,79279,Niko Abusara,Dartmouth,0.0,0.3333333333333333,0.0,0.0
4703,79281,Evan Dickey,Dayton,0.0,0.0,0.0,0.0
4704,79283,Petras Padegimas,Dayton,0.0,0.5,0.0,1.0
4705,79284,Yaniel Rivera,Abilene Christian,0.0,0.5,0.0,0.8571428571428571
4706,79286,Gibraltar Coleman,American,0.0,0.0,0.0,0.0
4707,79287,Luke Ladner,Southern Miss,0.0,0.0,0.0,0.0
4708,79288,Assane Diop,Colorado,1.0,0.75,1.0,0.0
4709,79289,Zamoku Weluche-Ume,George Washington,0.0,0.3333333333333333,0.0,1.0
4710,79290,Ben Palacios,Boston University,0.0,0.14285714285714285,0.5714285714285714,0.9166666666666666
4711,79291,Kelton Williams,Louisiana Monroe,0.0,0.0,0.0,0.0
4712,79295,DJ Victory,Central Connecticut,0.0,0.0,0.0,0.0
4713,79297,Joshua Hughley,Alabama A&M,0.0,0.0,0.0,1.0
4714,79298,Jaiden Cole,Towson,0.0,0.0,0.0,1.0
4715,79301,Connor Sevilla,UC Davis,0.0,0.6666666666666666,0.5,1.0
4716,79302,Randall Pettus II,Northern Kentucky,0.0,0.3333333333333333,0.23529411764705882,0.9
4717,79303,Tyler Tejada,Towson,0.8,0.3,0.16129032258064516,0.8444444444444444
4718,79304,Mekhi Lowery,Towson,0.6363636363636364,0.36363636363636365,0.4,0.0
4719,79305,Thomas Haugh,Florida,0.9,0.5789473684210527,0.5,1.0
4720,79307,Fiston Ipassou,Northern Kentucky,0.0,0.0,0.0,1.0
4721,79308,Jeramiah Israel,Northern Kentucky,0.5,0.4117647058823529,0.2,1.0
4722,79309,Bobby Durkin,Davidson,1.0,0.47368421052631576,0.18181818181818182,0.9811320754716981
4723,79311,K'Jei Parker,Florida A&M,0.0,0.2,0.29411764705882354,0.85
4724,79312,Alex Condon,Florida,0.9230769230769231,0.6037735849056604,0.3125,0.9090909090909091
4725,79313,Elijah Williams,Howard,0.6666666666666666,0.5555555555555556,0.0,1.0
4726,79314,Malik Ferguson,Georgia St.,0.0,0.0,0.0,1.0
4727,79315,Nils Machowski,UCF,0.0,0.3333333333333333,0.25,1.0
4728,79317,Brandon Muntu,Western Michigan,0.0,0.0,0.5,0.9090909090909091
4729,79318,Don McHenry,Western Kentucky,0.0,0.140625,0.0958904109589041,0.6304347826086957
4730,79319,Tay Knox,Western Illinois,0.9230769230769231,0.6451612903225806,0.5,0.0
4731,79320,Jack Francis,Texas Tech,0.0,0.0,0.0,0.0
4732,79321,Enoch Kalambay,Western Kentucky,0.0,0.23529411764705882,0.16666666666666666,1.0
4733,79322,James Dent Jr.,Western Illinois,0.5,0.23529411764705882,0.08333333333333333,0.75
4734,79323,Shay Davis,Western Illinois,0.0,0.6666666666666666,0.0,0.6
4735,79324,Drew Cisse,Western Illinois,0.5675675675675675,0.38636363636363635,0.4444444444444444,0.0
4736,79325,Rodrick Payne,Western Illinois,0.0,0.5,0.0,0.0
4737,79327,KJ Oduor,Central Michigan,0.0,0.3333333333333333,0.3333333333333333,0.0
4738,79328,Evan Haber,Boston University,0.0,0.0,0.0,0.0
4739,79329,TJ Porter,Canisius,0.0,0.0,0.0,1.0
4740,79331,Maji David-Maji,Canisius,0.0,0.0,1.0,0.0
4741,79332,Davon Ware,Canisius,0.0,0.0,0.5,0.75
4742,79334,Derrick Butler,Central Michigan,0.3333333333333333,0.2,0.19047619047619047,0.8627450980392157
4743,79335,Xinyi Li,Manhattan,1.0,0.5,0.75,1.0
4744,79337,Arman Madi,Northern Arizona,1.0,0.5,0.0,1.0
4745,79338,Isaiah Kai,Northern Arizona,0.0,0.5,0.25,0.0
4746,79339,Dennis Parker Jr.,N.C. State,1.0,0.625,0.14285714285714285,1.0
4747,79341,Dorian Booker,New Orleans,0.0,0.3333333333333333,0.5,0.0
4748,79343,Jah Short,New Orleans,0.5714285714285714,0.37037037037037035,0.2857142857142857,1.0
4749,79344,Davide Poser,New Hampshire,0.0,0.0,1.0,1.0
4750,79346,Rockwell Reynolds,Northern Arizona,1.0,0.7037037037037037,0.25,0.0
4751,79347,Tomiwa Sulaiman,Towson,1.0,0.3170731707317073,0.3,1.0
4752,79348,Jayce Willingham,Belmont,0.8,0.6333333333333333,0.14285714285714285,0.972972972972973
4753,79350,Julian Scott,Colgate,0.0,0.0,0.0,0.0
4754,79351,Quinn Nielsen,The Citadel,0.0,0.5,0.0,0.0
4755,79352,Rowan Irelan,The Citadel,0.0,0.0,0.0,1.0
4756,79353,Caleb Foster,Duke,0.5,0.2962962962962963,0.16666666666666666,0.9285714285714286
4757,79354,Jared McCain,Duke,0.0,0.22641509433962265,0.2857142857142857,0.8275862068965517
4758,79355,Sean Stewart,Duke,1.0,0.6666666666666666,1.0,0.0
4759,79356,TJ Power,Duke,0.0,0.0,0.0,0.9333333333333333
4760,79357,Jakub Necas,Duquesne,1.0,0.6666666666666666,0.0,1.0
4761,79359,Jack Graham,Richmond,0.0,0.0,0.0,0.0
4762,79360,Mikkel Tyne,Richmond,0.0,0.19047619047619047,0.16666666666666666,0.8571428571428571
4763,79361,Trenton Johnson,Detroit Mercy,0.0,1.0,0.375,1.0
4764,79362,Ryan Soulis,Richmond,0.0,0.0,0.0,0.0
4765,79363,Collin Tanner,Richmond,0.0,1.0,0.0,0.0
4766,79364,Wesley Oba,Delaware St.,0.875,0.5689655172413793,0.4444444444444444,1.0
4767,79365,Dean Shepherd,Delaware St.,0.0,0.5,0.4,1.0
4768,79366,Caleb Surgers,Delaware St.,0.4,0.5,0.0,0.0
4769,79367,Jonathan Ammori,Detroit Mercy,0.0,0.0,0.0,0.0
4770,79368,Tyree Davis,Detroit Mercy,0.6666666666666666,0.631578947368421,0.6666666666666666,0.0
4771,79370,Blue Cain,Georgia,1.0,0.47368421052631576,0.2,0.86
4772,79371,Thomas Batties II,Harvard,0.5,0.68,0.0,1.0
4773,79372,Xavier Nesbitt,Harvard,0.0,0.0,0.0,0.7777777777777778
4774,79373,Malik Mack,Harvard,0.0,0.14893617021276595,0.13157894736842105,0.4318181818181818
4775,79374,Berke Arslan,George Mason,0.0,0.0,0.0,0.0
4776,79375,Denzel Hines,High Point,0.0,0.5,0.0,1.0
4777,79377,Braeden MacVicar,Coastal Carolina,1.0,0.7857142857142857,1.0,1.0
4778,79378,Gabe Sisk,East Tennessee St.,0.0,0.2727272727272727,0.5,0.9166666666666666
4779,79380,Oscar Cluff,Washington St.,0.9166666666666666,0.47761194029850745,0.5789473684210527,1.0
4780,79381,Melvin Council Jr.,Wagner,0.2,0.24096385542168675,0.3333333333333333,0.8620689655172413
4781,79382,Tyje Kelton,Wagner,0.0,0.3157894736842105,0.6666666666666666,0.975609756097561
4782,79384,Isaiah Stafford,Valparaiso,0.0,0.04878048780487805,0.2631578947368421,0.7115384615384616
4783,79386,Unisa Turay,Utah Tech,0.0,0.125,0.0,0.6666666666666666
4784,79388,Allen Udemadu,Morgan St.,0.9,0.46774193548387094,0.3333333333333333,0.0
4785,79390,Bennett Andersen,Florida,0.0,1.0,0.0,0.0
4786,79391,Roderick Coffee III,Florida A&M,0.0,0.5714285714285714,0.14285714285714285,1.0
4787,79392,DeVante Jamison,Fairleigh Dickinson,0.0,0.25,0.09090909090909091,0.9523809523809523
4788,79393,Tanner Cuff,Evansville,0.0,0.22950819672131148,0.21052631578947367,0.8666666666666667
4789,79394,Isaac Brice,Iona,1.0,1.0,1.0,1.0
4790,79396,Malik Tidwell,Georgia Southern,0.0,0.08333333333333333,0.058823529411764705,0.6296296296296297
4791,79399,Keijuan Johnson,Jackson St.,1.0,0.5555555555555556,0.5,1.0
4792,79400,Will Lovings-Watts,Northern Illinois,0.14285714285714285,0.24,0.2,0.9230769230769231
4793,79401,Nasir Muhammad,Northern Illinois,0.0,0.0,0.0,1.0
4794,79402,William Kermoury,Northeastern,0.0,1.0,0.0,1.0
4795,79403,JB Frankel,Northeastern,0.0,1.0,0.0,1.0
4796,79407,Scotty Middleton,Ohio St.,1.0,0.5,0.46153846153846156,0.9285714285714286
4797,79408,Taison Chatman,Ohio St.,0.0,0.0,1.0,1.0
4798,79409,Devin Royal,Ohio St.,0.9090909090909091,0.5588235294117647,0.45454545454545453,1.0
4799,79410,Rasheed Bello,Purdue Fort Wayne,0.6666666666666666,0.04,0.03225806451612903,0.7872340425531915
4800,79412,Jovone Cater,Iowa,0.0,0.0,0.0,0.0
4801,79414,Kolby Gilles,Air Force,0.0,0.5,0.0,0.0
4802,79416,Po'Boigh King,North Carolina Central,0.3333333333333333,0.21739130434782608,0.12121212121212122,0.8648648648648649
4803,79418,Kye Dickson,North Carolina Central,0.0,1.0,0.0,0.0
4804,79420,Josh Smith,North Carolina Central,0.0,0.2857142857142857,0.2222222222222222,0.6666666666666666
4805,79424,Luke Kearney,Air Force,1.0,0.5,0.0,0.9285714285714286
4806,79427,Gionn Swan,Seton Hall,0.0,0.0,0.0,0.0
4807,79431,Wesley Celichowski,Air Force,0.0,1.0,0.5,1.0
4808,79432,Brady Ruggles,Air Force,0.0,0.0,0.0,0.0
4809,79439,Bryce Walker,Virginia,0.0,0.0,0.0,1.0
4810,79440,Zane Harbaugh,Notre Dame,0.0,0.0,0.0,0.0
4811,79441,Thomas Crowe,Notre Dame,0.0,0.0,0.0,1.0
4812,79442,Thomas Hattan,Notre Dame,0.0,0.0,0.0,1.0
4813,79443,Raheem Braiton,Notre Dame,0.0,0.0,0.0,0.0
4814,79444,JT Kelly,Notre Dame,0.0,0.0,0.0,1.0
4815,79445,Mario Davis,Texas Southern,0.0,0.0,0.0,0.0
4816,79446,Zaire Hayes,Texas Southern,0.0,0.2,0.15384615384615385,0.875
4817,79448,Elias Walker,Delaware St.,0.0,0.0,0.0,0.0
4818,79451,Asher Jackson,Boston College,0.0,0.0,0.0,0.0
4819,79454,AJ Robinson,Fresno St.,0.0,0.0,0.0,0.0
4820,79457,Alex Raiford,Chicago St.,0.0,0.0,0.0,0.0
4821,79459,Michael Oaks,Detroit Mercy,0.0,0.6,0.0,0.0
4822,79460,John Seay-Oliver,South Carolina St.,0.0,1.0,0.0,0.0
4823,79461,Yulian Ramirez-Montero,UMKC,1.0,1.0,0.4,1.0
4824,79462,JaVar Daniel,Austin Peay,0.0,0.75,0.75,1.0
4825,79463,Tyler Mason,Massachusetts,0.0,1.0,0.0,0.0
4826,79465,Bencao Vungo,East Carolina,0.0,0.0,0.0,1.0
4827,79468,Aden Tagaloa-Nelson,West Virginia,0.0,0.0,0.0,0.0
4828,79469,Stephon Smith,Mississippi Valley St.,0.0,1.0,0.0,0.0
4829,79471,Cade Brazier,Southern Utah,0.0,0.0,0.0,0.0
4830,79472,Jackson Prince,Towson,0.0,0.0,0.0,0.0
