,pid,player,team,dunkasst,rimasst,midasst,3Passt
0,65925,Antwann Jones,UNC Greensboro,0.0,0.5,1.0,0.5
1,67572,Elijah Elliott,New Mexico St.,0.0,0.0625,0.125,0.45714285714285713
2,70326,Doctor Bradley,Bethune Cookman,1.0,0.375,0.0,1.0
3,70501,Rahmir Moore,Delaware St.,0.0,0.0625,0.25,0.9411764705882353
4,70621,Alex Hemenway,Evansville,1.0,0.6666666666666666,0.25,0.9148936170212766
5,70754,Addison Patterson,Eastern Michigan,0.6785714285714286,0.4297520661157025,0.1935483870967742,0.7
6,70772,Rienk Mast,Nebraska,1.0,0.6027397260273972,0.3695652173913043,0.96
7,70789,Rick Issanza,Loyola Marymount,0.9047619047619048,0.8214285714285714,0.5,0.0
8,70941,Steele Venters,Gonzaga,0.5,0.16666666666666666,0.0,0.9444444444444444
9,70961,Micah Thomas,Northwestern St.,0.0,0.17142857142857143,0.20987654320987653,0.6086956521739131
10,71003,Rashaun Agee,Texas A&M,0.8571428571428571,0.6504065040650406,0.6190476190476191,1.0
11,71025,Tyler Cochran,Rhode Island,0.0,0.20481927710843373,0.30434782608695654,0.8363636363636363
12,71299,Curt Lewis,Southern Miss,0.0,0.3333333333333333,0.6666666666666666,0.9591836734693877
13,71441,Chase Johnston,High Point,0.0,1.0,0.0,0.9672131147540983
14,71448,Devan Cambridge,UCF,0.9230769230769231,0.8333333333333334,0.0,1.0
15,71463,Gianni Hunt,East Texas A&M,0.0,0.16,0.0,0.8
16,71540,Morgan Safford,Kent St.,0.25,0.4909090909090909,0.35714285714285715,0.9384615384615385
17,71578,Matt Van Komen,Marshall,0.8235294117647058,0.6949152542372882,0.2857142857142857,0.0
18,71663,Jordan Brinson,Cal St. Northridge,0.0,0.2857142857142857,0.25,0.95
19,71791,Hosana Kitenge,UC Santa Barbara,0.0,0.2839506172839506,0.2,1.0
20,71840,Liam McChesney,Creighton,0.0,0.0,0.0,0.0
21,71940,Tariq Ingraham,Memphis,1.0,0.7272727272727273,0.5,0.0
22,72241,Josh Ogundele,Hampton,1.0,0.5636363636363636,1.0,1.0
23,72254,Jahari Long,George Mason,0.0,0.15,0.15,0.5208333333333334
24,72291,Javon Cooley,Pepperdine,0.8333333333333334,0.6981132075471698,0.5714285714285714,0.95
25,72294,Toneari Lane,San Diego,0.0,0.38095238095238093,0.3333333333333333,0.9333333333333333
26,72299,Trae Broadnax,Rice,0.0,0.1,0.014285714285714285,0.6486486486486487
27,72301,Jeremiah Williams,Georgetown,0.0,0.37142857142857144,0.1111111111111111,0.6923076923076923
28,72323,Keishon Porter,Evansville,0.6,0.3157894736842105,0.16666666666666666,1.0
29,72343,Alec Oglesby,Middle Tennessee,0.0,0.5454545454545454,0.6,0.9642857142857143
30,72357,Tegra Izay,Southern Miss,0.625,0.6521739130434783,0.75,0.0
31,72358,Latrell Wrightsell Jr.,Alabama,0.0,0.09090909090909091,0.15789473684210525,0.9210526315789473
32,72399,Isaiah Cottrell,Southern Utah,0.9047619047619048,0.6323529411764706,0.3333333333333333,0.9090909090909091
33,72421,Nijel Pack,Oklahoma,0.0,0.18518518518518517,0.1111111111111111,0.7235772357723578
34,72423,Andre Henry,UC Irvine,0.0,0.32142857142857145,0.225,1.0
35,72433,Josh Taylor,East Texas A&M,1.0,0.6521739130434783,0.5,1.0
36,72450,Chad Baker-Mazara,USC,0.375,0.3157894736842105,0.2978723404255319,0.6333333333333333
37,72478,Dante Harris,Tennessee St.,1.0,0.14545454545454545,0.11666666666666667,0.4666666666666667
38,72501,Jay Rodgers,Central Connecticut,0.0,0.030303030303030304,0.05,0.5
39,72504,Jalen Speer,Marshall,1.0,0.2692307692307692,0.20408163265306123,0.6404494382022472
40,72520,Saba Gigiberia,San Francisco,0.7142857142857143,0.5,0.0,0.0
41,72521,DA Houston,Texas A&M Corpus Chris,0.0,0.0,0.1,0.7777777777777778
42,72526,Terren Frank,Campbell,0.0,1.0,0.0,0.0
43,72539,Tyon Grant-Foster,Gonzaga,0.7317073170731707,0.5327102803738317,0.29411764705882354,0.9411764705882353
44,72614,Monty Bowser,Cal Baptist,1.0,0.3333333333333333,0.0,1.0
45,72621,Vukasin Masic,San Francisco,0.0,0.23809523809523808,0.18181818181818182,0.9032258064516129
46,72635,Yame Butler,Butler,0.0,0.375,0.36363636363636365,1.0
47,72638,Anthony Roy,Oklahoma St.,0.0,0.1694915254237288,0.0,0.7222222222222222
48,72639,Graham Ike,Gonzaga,0.72,0.6446280991735537,0.5434782608695652,0.875
49,72656,Quincy Ballard,Mississippi St.,0.9375,0.7301587301587301,0.75,0.0
50,72675,Freddy Hicks,Tarleton St.,0.0,0.4166666666666667,0.5,1.0
51,72677,John Shanu II,Eastern Michigan,1.0,0.9,0.0,0.0
52,72678,Devin Askew,Villanova,0.0,0.35,0.20833333333333334,0.7538461538461538
53,72679,Brycen Long,Portland St.,0.0,0.0,1.0,0.9285714285714286
54,72692,Markhi Strickland,North Dakota St.,0.696969696969697,0.4946236559139785,0.22580645161290322,0.0
55,72710,Yacine Toumi,Hawaii,1.0,0.4666666666666667,0.5,0.0
56,72726,Melvyn Ebonkoli,NJIT,1.0,0.375,0.23529411764705882,0.0
57,72727,Skylar Wicks,Saint Francis,0.6666666666666666,0.2753623188405797,0.1836734693877551,0.7868852459016393
58,72734,Kaden Metheny,Liberty,0.0,0.2608695652173913,0.3333333333333333,0.7872340425531915
59,72737,Zion Bethea,Delaware St.,0.0,0.3333333333333333,0.3333333333333333,0.75
60,72740,David Green,Tulsa,0.8,0.41237113402061853,0.21428571428571427,0.9516129032258065
61,72748,Joey Madimba,Prairie View A&M,0.0,0.3191489361702128,0.25,1.0
62,72760,Tramon Mark,Texas,0.4444444444444444,0.2698412698412698,0.12121212121212122,0.6041666666666666
63,72773,Davion Bradford,Tulane,0.0,0.0,0.0,0.0
64,72785,Jadon Jones,Oklahoma,0.75,0.5833333333333334,1.0,0.9523809523809523
65,72786,Joshua O'Garro,Cal St. Northridge,0.9375,0.47244094488188976,0.2222222222222222,0.9428571428571428
66,72799,Cam'Ron Fletcher,High Point,0.9230769230769231,0.6363636363636364,0.2,0.9642857142857143
67,72805,Nate Heise,Iowa St.,0.6,0.723404255319149,0.0,1.0
68,72819,Niko Rocak,UC Davis,0.875,0.5901639344262295,0.5,0.9333333333333333
69,72821,John Hugley IV,Duquesne,0.8,0.5365853658536586,0.4375,0.875
70,72823,Noah Collier,La Salle,0.0,0.5,0.0,0.0
71,72842,Jace Howard,Fordham,0.0,0.0,0.0,0.0
72,72859,William Jeffress,Louisiana Tech,0.0,0.0,0.0,1.0
73,72868,Myles Wilmoth,Canisius,0.8333333333333334,0.5555555555555556,0.4,1.0
74,72875,Kyndall Davis,Texas St.,0.875,0.48148148148148145,0.45454545454545453,1.0
75,72891,Brandon Noel,Ohio St.,1.0,0.7894736842105263,0.6,0.6666666666666666
76,72893,Alex Huibregtse,Bradley,0.0,0.44,0.058823529411764705,0.8431372549019608
77,72907,Xavier Lipscomb,Mount St. Mary's,0.0,0.09090909090909091,0.0,0.95
78,72910,Dawson Baker,BYU,0.0,0.0,1.0,1.0
79,72911,Isaiah Wilson,Winthrop,0.0,0.16,0.0,0.875
80,72912,Sam Towns,Bowling Green,0.8571428571428571,0.5394736842105263,0.5,0.9696969696969697
81,72931,Jacob Crews,Missouri,0.8333333333333334,0.5,0.5,0.9285714285714286
82,72946,Keith Lamar,Southern,0.0,0.0,1.0,1.0
83,72959,Te'Jon Sawyer,Montana,0.6666666666666666,0.6951219512195121,0.38095238095238093,1.0
84,72972,KJ McClurg,Longwood,0.0,0.0,0.0,0.0
85,72993,Jeremiah Oden,San Diego St.,0.9,0.64,0.5,1.0
86,73004,Trey Hall,Maryland Eastern Shore,0.0,0.5,1.0,0.8
87,73029,Kasen Jennings,Appalachian St.,0.0,0.24074074074074073,0.13043478260869565,0.8333333333333334
88,73069,Jaron Pierre Jr.,SMU,0.7391304347826086,0.53125,0.2608695652173913,0.75
89,73074,Justin Wright,UNC Asheville,0.0,0.017857142857142856,0.08974358974358974,0.7857142857142857
90,73085,Kasean Pryor,Louisville,0.75,0.5833333333333334,0.6666666666666666,0.8
91,73103,J'Vonne Hadley,Louisville,0.6666666666666666,0.49411764705882355,0.125,0.9459459459459459
92,73110,Keegan Harvey,Bryant,1.0,0.42105263157894735,0.6666666666666666,0.9230769230769231
93,73117,Keshawn Williams,Iona,0.0,0.3181818181818182,0.15789473684210525,0.8571428571428571
94,73147,Martel Williams,Cal Baptist,0.75,0.2073170731707317,0.030303030303030304,0.9722222222222222
95,73163,A.J. Staton-McCray,Seton Hall,0.75,0.5967741935483871,0.38095238095238093,0.9074074074074074
96,73179,Marcus Fitzgerald Jr.,Jacksonville St.,0.0,0.0,0.6,0.9259259259259259
97,73200,Kam Woods,USC,0.0,0.2972972972972973,0.3333333333333333,1.0
98,73210,Trey Fort,Michigan St.,1.0,0.5,0.45454545454545453,0.9655172413793104
99,73215,Brandon Lieb,Illinois St.,0.9,0.71875,0.4444444444444444,0.0
100,73217,Adam Miller,Gonzaga,1.0,0.5,0.30434782608695654,0.9487179487179487
101,73222,Derrius Ward,Grambling St.,0.8333333333333334,0.18,0.1111111111111111,0.6
102,73241,Ryan Myers,Western Kentucky,0.0,0.3333333333333333,0.42857142857142855,0.8405797101449275
103,73244,Truth Harris,La Salle,0.0,0.6666666666666666,0.4,0.8333333333333334
104,73247,Alyn Breed,N.C. State,0.0,0.0,0.125,1.0
105,73262,Zarique Nutter,Fordham,1.0,0.3333333333333333,0.0,0.0
106,73270,Jalen Myers,Hawaii,0.0,0.75,1.0,0.0
107,73285,Hunter Erickson,Hawaii,0.0,0.20512820512820512,0.07692307692307693,0.8333333333333334
108,73288,Tai'Reon Joseph,Prairie View A&M,1.0,0.37662337662337664,0.14285714285714285,0.82
109,73307,Jefferson Koulibaly,Georgia Southern,0.0,0.16666666666666666,0.3333333333333333,0.9166666666666666
110,73317,Antwan Burnett,Missouri St.,0.0,0.3076923076923077,0.5,0.9333333333333333
111,73324,Devin Tillis,Virginia,0.0,0.46153846153846156,0.3333333333333333,1.0
112,73329,PJ Carter,LSU,0.0,0.3333333333333333,0.0,1.0
113,73350,Carson Towt,Notre Dame,0.9375,0.6176470588235294,0.8,0.0
114,73355,Josh Smith,Liberty,1.0,0.7777777777777778,0.5,1.0
115,73412,Milton Matthews,East Tennessee St.,0.0,0.0,0.5,0.7894736842105263
116,73424,Jared Garcia,Nebraska,0.0,0.4166666666666667,1.0,1.0
117,73434,Connor Serven,Mercer,0.8888888888888888,0.4791666666666667,0.2222222222222222,1.0
118,73443,Nolan Dorsey,California,0.0,0.8888888888888888,0.0,1.0
119,73452,Nick Hittle,Western Illinois,0.0,0.5,1.0,0.0
120,73474,Jalen Celestine,Cincinnati,0.0,0.5384615384615384,0.08333333333333333,0.8428571428571429
121,73495,Howie Fleming Jr.,UNLV,0.5,0.3111111111111111,0.3333333333333333,0.96
122,73499,Boden Skunberg,Illinois St.,0.0,0.5151515151515151,0.2,0.864406779661017
123,73509,Myles Stute,South Carolina,0.3333333333333333,0.5,0.6,1.0
124,73516,Puff Johnson,Ohio St.,0.0,0.5,0.0,1.0
125,73534,JJ Traynor,Murray St.,0.8076923076923077,0.5686274509803921,0.47619047619047616,0.9545454545454546
126,73551,Aly Khalifa,Louisville,0.0,0.5833333333333334,0.6666666666666666,0.9629629629629629
127,73566,Duke Miles,Vanderbilt,1.0,0.14814814814814814,0.03125,0.6458333333333334
128,73576,Terrance Williams II,USC,0.0,0.16666666666666666,0.25,1.0
129,73590,Nick Boyd,Wisconsin,0.0,0.09285714285714286,0.0196078431372549,0.7377049180327869
130,73599,Dwayne Koroma,Connecticut,1.0,0.7777777777777778,0.0,0.0
131,73618,Jamal West Jr.,UTEP,0.5769230769230769,0.26436781609195403,0.2,1.0
132,73627,Cameron Sheffield,Duke,0.0,0.0,0.0,1.0
133,73656,Mekhi Gray,Maine,0.6363636363636364,0.42424242424242425,0.2,0.8823529411764706
134,73671,Marcus Niblack,Canisius,1.0,0.5714285714285714,0.2857142857142857,1.0
135,73683,Jadrian Tracey,VCU,1.0,0.2926829268292683,0.2,0.8064516129032258
136,73692,Seryee Lewis,Prairie View A&M,0.0,1.0,0.0,0.0
137,73704,Noah Taitz,Utah Valley,0.0,0.4444444444444444,0.0,0.8461538461538461
138,73714,Jacob Ognacevic,Washington,0.0,0.6,0.0,1.0
139,73722,Justin Amadi,Mount St. Mary's,0.9166666666666666,0.6323529411764706,0.3333333333333333,1.0
140,73761,Jayden Stone,Missouri,0.6666666666666666,0.5272727272727272,0.5,0.82
141,73768,Nick Pringle,Arkansas,0.8333333333333334,0.7741935483870968,0.0,0.0
142,73770,Kerr Kriisa,Cincinnati,0.0,0.5,0.5,0.9354838709677419
143,73787,Dominick Harris,Loyola Chicago,0.0,0.0,0.0,0.6666666666666666
144,73788,Nimari Burnett,Michigan,0.7647058823529411,0.54,0.0,0.9833333333333333
145,73818,Deuce Turner,Fairfield,0.0,0.13043478260869565,0.10344827586206896,0.6052631578947368
146,73819,Joshua Aaron Reaves,Hofstra,0.0,0.0,0.0,1.0
147,73832,Javohn Garcia,McNeese St.,1.0,0.32,0.06896551724137931,0.8888888888888888
148,73844,RJ Johnson,Rhode Island,0.0,0.2222222222222222,0.09090909090909091,0.5
149,73885,Dominic Parolin,Boise St.,0.6666666666666666,0.7111111111111111,0.0,1.0
150,74071,Malik Edmead,Merrimack,0.0,0.0,0.0,0.0
151,74080,Themus Fulks,UCF,0.0,0.18604651162790697,0.11267605633802817,0.7
152,74089,Jeriah Coleman,Nevada,1.0,0.6666666666666666,0.6666666666666666,0.0
153,74091,Dallas James,Morgan St.,0.5,0.4,0.6,0.0
154,74100,"Ronell Giles, Jr.",Quinnipiac,0.0,0.0,0.0,1.0
155,74101,Maxwell Land,South Alabama,0.0,0.0,0.0,1.0
156,74147,Braelon Bush,Chicago St.,0.0,0.3,0.14285714285714285,0.6785714285714286
157,74150,Dallas Howell,North Alabama,1.0,0.3157894736842105,0.3333333333333333,1.0
158,74169,Ty Harper,Oral Roberts,0.3333333333333333,0.18518518518518517,0.058823529411764705,0.4716981132075472
159,74185,Reese Dixon-Waters,San Diego St.,0.0,0.3333333333333333,0.4166666666666667,0.6862745098039216
160,74188,Babacar Diallo,High Point,0.0,0.3333333333333333,0.3333333333333333,0.0
161,74189,James Graham,Alabama A&M,0.8,0.5121951219512195,0.3333333333333333,0.8260869565217391
162,74192,Meechie Johnson,South Carolina,0.0,0.04411764705882353,0.09090909090909091,0.7758620689655172
163,74203,Franck Kepnang,Washington,0.7777777777777778,0.5833333333333334,0.53125,0.0
164,74206,Tre-Vaughn Minott,Portland St.,0.9152542372881356,0.7428571428571429,0.42857142857142855,0.0
165,74229,Trey Patterson,Rice,0.0,0.0,0.5,1.0
166,74264,Amar Augillard,Milwaukee,0.0,0.2,0.0,0.8545454545454545
167,74271,Anouar Mellouk,Morehead St.,1.0,0.5555555555555556,0.2608695652173913,0.6666666666666666
168,74279,Mo Njie,UTSA,1.0,0.4,0.0,1.0
169,74297,Dola Adebayo,George Mason,0.6666666666666666,0.6521739130434783,0.25,1.0
170,74298,Frankie Collins,Vanderbilt,0.0,0.06666666666666667,0.0,1.0
171,74300,Isaiah Barnes,Valparaiso,1.0,0.5384615384615384,0.4444444444444444,0.8181818181818182
172,74315,Justice Ajogbor,Saint Joseph's,0.9024390243902439,0.8131868131868132,0.2,0.0
173,74333,Stanley Borden,UTSA,0.0,0.0,0.0,0.0
174,74334,Jordan Riley,East Carolina,0.34210526315789475,0.25,0.12371134020618557,0.7272727272727273
175,74336,Daeshun Ruffin,Jackson St.,0.0,0.050505050505050504,0.04918032786885246,0.27906976744186046
176,74344,Grant Slatten,Tennessee Tech,0.0,0.4166666666666667,0.14285714285714285,0.9090909090909091
177,74346,Ubong Abasi Etim,Southeastern Louisiana,0.0,0.7,0.6666666666666666,0.0
178,74350,Chance Moore,West Virginia,0.5263157894736842,0.29,0.0,0.8888888888888888
179,74356,Honor Huff,West Virginia,0.0,0.07142857142857142,0.10526315789473684,0.625
180,74357,Brennan Watkins,Chattanooga,0.0,0.375,0.29411764705882354,0.8135593220338984
181,74369,Tasos Cook,Campbell,0.4,0.16129032258064516,0.0,0.9230769230769231
182,74382,Bryce Harris,Howard,1.0,0.6216216216216216,0.5294117647058824,0.975609756097561
183,74387,Andres Marrero,Merrimack,0.0,0.5,0.1875,0.9245283018867925
184,74395,Marcus Greene,Fordham,0.6666666666666666,0.5454545454545454,0.0,0.96
185,74398,Tyler Powell,Eastern Washington,1.0,0.5,0.3333333333333333,0.9375
186,74401,Alex Anderson,Texas Southern,0.3333333333333333,0.09836065573770492,0.045454545454545456,0.6666666666666666
187,74404,Tyler Shirley,Florida A&M,0.875,0.4057971014492754,0.4358974358974359,0.8888888888888888
188,74405,Tahj Staveskie,Incarnate Word,0.0,0.09090909090909091,0.06521739130434782,0.6
189,74410,Robert Vaihola,Minnesota,0.0,1.0,0.0,0.0
190,74422,Kobe Knox,South Carolina,0.65,0.4696969696969697,0.15384615384615385,0.8695652173913043
191,74424,Isaiah Shaw,Northern Arizona,0.6666666666666666,0.48484848484848486,0.4,0.9285714285714286
192,74427,Louis Lesmond,Fordham,1.0,0.6153846153846154,0.0,1.0
193,74435,DJ Patrick,UNC Asheville,1.0,0.2222222222222222,0.125,0.890625
194,74439,Ryan Cornish,USC,0.0,0.6,0.0,0.7
195,74441,Cade Haskins,William & Mary,0.0,0.5714285714285714,0.5,0.9512195121951219
196,74453,Makai Richards,Chattanooga,1.0,0.75,0.5555555555555556,1.0
197,74465,Parsa Fallah,Oklahoma St.,0.5,0.6554621848739496,0.6666666666666666,1.0
198,74471,Mouhamed Sow,Rhode Island,0.3333333333333333,0.5833333333333334,0.0,1.0
199,74475,Ariel Bland,Bethune Cookman,0.7857142857142857,0.45901639344262296,0.25,0.0
200,74491,Jaquan Scott,Arkansas Pine Bluff,0.75,0.5747126436781609,0.40384615384615385,0.9285714285714286
201,74492,Tay Mosher,East Texas A&M,0.0,0.75,1.0,0.9259259259259259
202,74513,Jalen Breath,Ohio,1.0,0.5882352941176471,0.6666666666666666,0.0
203,74520,Khamari McGriff,Kansas St.,0.8947368421052632,0.7340425531914894,0.5625,1.0
204,74526,Rob Brown III,Stony Brook,0.5,0.4,0.0,0.8064516129032258
205,74527,Will Tschetter,Michigan,0.0,0.5454545454545454,0.0,1.0
206,74528,AJ Lopez,Richmond,0.6,0.44680851063829785,0.11627906976744186,0.926829268292683
207,74540,Scotty Washington,High Point,1.0,0.375,0.11764705882352941,0.9722222222222222
208,74541,Jason Nelson,Youngstown St.,0.0,0.10526315789473684,0.0,0.7894736842105263
209,74551,Justice Williams,Western Michigan,0.0,0.13333333333333333,0.1724137931034483,0.8125
210,74561,Julien Soumaoro,Western Carolina,0.0,0.4482758620689655,0.0,0.603448275862069
211,74567,Kacper Klaczek,Elon,0.5714285714285714,0.29310344827586204,0.0,0.9333333333333333
212,74574,PJ Edwards,Grambling St.,0.0,1.0,0.0,0.0
213,74586,Brenton Knapper,Santa Clara,0.0,0.30952380952380953,0.14285714285714285,0.8333333333333334
214,74602,Shaqir O'Neal,Sacramento St.,1.0,0.42857142857142855,0.2857142857142857,0.9285714285714286
215,74618,Chris Howell,New Mexico,0.0,0.3,0.0,1.0
216,74620,Tyler Lundblade,Belmont,0.0,0.7692307692307693,0.3181818181818182,0.9107142857142857
217,74621,Jalen Smith,Rice,0.6666666666666666,0.21052631578947367,0.03571428571428571,0.8082191780821918
218,74624,Raymond Espinal-Guzman,Stonehill,1.0,0.3157894736842105,0.36363636363636365,1.0
219,74631,Ike Cornish,James Madison,0.0,0.0,0.0,1.0
220,74637,Montavious Myrick,Eastern Kentucky,0.75,0.4864864864864865,0.358974358974359,0.0
221,74640,Justin Neely,UNC Greensboro,0.5,0.36283185840707965,0.48936170212765956,0.7333333333333333
222,74645,Zion Russell,Saint Francis,0.0,0.234375,0.14285714285714285,0.8048780487804879
223,74654,Gus Larson,Queens,0.6,0.5151515151515151,0.25,1.0
224,74663,Abdul Momoh,Illinois Chicago,1.0,0.6813186813186813,0.6875,0.0
225,74666,Nnanna Njoku,Delaware,0.0,1.0,0.0,0.0
226,74668,Zaire Williams,Mercer,0.0,0.275,0.19047619047619047,0.8333333333333334
227,74673,Isaac Abidde,Albany,0.75,0.4222222222222222,0.5,1.0
228,74678,Liam Murphy,Purdue,0.0,1.0,0.0,1.0
229,74680,Ashton Smith,South Dakota,1.0,1.0,0.0,0.0
230,74683,Theo Seng,Troy,0.6666666666666666,0.6344086021505376,0.3333333333333333,0.9583333333333334
231,74696,Casey Simmons,Yale,0.75,0.5057471264367817,0.26666666666666666,0.8823529411764706
232,74722,Grant Asman,Lipscomb,0.8421052631578947,0.6666666666666666,0.2857142857142857,1.0
233,74725,Chase McKey,Western Carolina,0.0,0.0,0.0,0.0
234,74728,Sir Issac Herron,Louisiana Tech,1.0,0.696969696969697,0.3333333333333333,1.0
235,74736,Elijah Tucker,Longwood,0.7368421052631579,0.6122448979591837,0.4482758620689655,1.0
236,74743,Lamin Sabally,Iona,0.7586206896551724,0.4838709677419355,0.38461538461538464,1.0
237,74746,Jalen Warley,Gonzaga,0.6,0.4722222222222222,0.6363636363636364,0.0
238,74747,KeShawn Murphy,Auburn,0.7333333333333333,0.5454545454545454,0.56,0.8461538461538461
239,74749,Alden Applewhite,Georgia Southern,0.0,0.43037974683544306,0.21428571428571427,0.8888888888888888
240,74752,Josh Odunowo,UMBC,0.6363636363636364,0.47540983606557374,0.30434782608695654,0.0
241,74767,Ismail Habib,Southern Indiana,0.0,0.08620689655172414,0.2,0.6274509803921569
242,74771,Trey Kaufman-Renn,Purdue,0.875,0.5948275862068966,0.6146788990825688,1.0
243,74772,Grant Hurst,Tennessee,0.0,0.0,0.0,0.0
244,74773,Brian Waddell,Bellarmine,0.631578947368421,0.34057971014492755,0.18181818181818182,0.92
245,74775,Brett Rumpel,Manhattan,0.0,1.0,0.0,0.0
246,74780,A.J. Neal,LIU,0.0,0.0,0.16666666666666666,0.5
247,74782,AJ George,Cal St. Bakersfield,0.0,0.4117647058823529,0.29411764705882354,1.0
248,74802,Langston Love,Georgetown,0.0,0.36363636363636365,1.0,0.75
249,74806,Ryan Dufault,St. Thomas,0.0,0.45,0.25,1.0
250,74812,Daylen Berry,Winthrop,0.0,0.28125,0.13333333333333333,0.7575757575757576
251,74822,D.J. Smith,Campbell,0.0,0.109375,0.05,0.5888888888888889
252,74839,Trey Woodyard,Vermont,0.0,0.0,0.0,1.0
253,74841,Milos Ilic,California,0.5,0.6341463414634146,0.3333333333333333,1.0
254,74845,Kyle Cuffe Jr.,Mercer,1.0,0.4444444444444444,0.14285714285714285,0.96875
255,74848,Jao Ituka,Northern Illinois,0.0,0.2222222222222222,0.0,1.0
256,74864,Joshua Beadle,Coastal Carolina,0.4,0.09473684210526316,0.0821917808219178,0.6206896551724138
257,74866,C.J. Anthony,Iona,0.0,0.14705882352941177,0.08333333333333333,0.75
258,74875,Tuongthach Gatkek,Little Rock,0.6363636363636364,0.5975609756097561,0.5789473684210527,1.0
259,74886,Kezza Giffa,Mississippi,0.0,0.25,0.125,0.9375
260,74890,Jordan Battle,Old Dominion,0.0,0.05405405405405406,0.17647058823529413,0.8076923076923077
261,74891,Will McClendon,North Texas,0.0,0.5,0.0,1.0
262,74898,Owen Dease,Valparaiso,1.0,0.28888888888888886,0.21428571428571427,0.8979591836734694
263,74901,Robert McCray V,Florida St.,0.3125,0.11428571428571428,0.025,0.6326530612244898
264,74902,Tyler Coleman,Towson,1.0,0.71875,0.14285714285714285,1.0
265,74903,Mike James,Vanderbilt,0.0,1.0,0.0,1.0
266,74904,Quimari Peterson,Washington,0.0,0.16666666666666666,0.07142857142857142,0.9295774647887324
267,74908,Will Allen,Louisiana Tech,0.0,0.5416666666666666,0.5,1.0
268,74910,Jaylen Stinson,Merrimack,0.0,0.0,0.0,0.5
269,74916,Julian Mackey,FIU,1.0,0.5283018867924528,0.0,0.9183673469387755
270,74923,Michael Gray Jr.,Wichita St.,0.0,0.08695652173913043,0.10526315789473684,0.7872340425531915
271,74941,Jayme Mitchell Jr.,Jackson St.,0.6666666666666666,0.34615384615384615,0.2222222222222222,0.9365079365079365
272,74951,Sam Hoiberg,Nebraska,0.0,0.34444444444444444,0.5,0.9375
273,74955,Quaran McPherson,UAB,0.0,0.3076923076923077,0.45454545454545453,0.9166666666666666
274,74965,Houston Mallette,Alabama,0.0,0.18181818181818182,0.0,0.9661016949152542
275,74968,James Okonkwo,Utah,0.7142857142857143,0.7407407407407407,0.8,0.0
276,74982,Kolby Granger,Texas Southern,0.0,1.0,0.0,1.0
277,74988,Allen Strothers,East Tennessee St.,0.0,0.13333333333333333,0.0,0.8888888888888888
278,74990,Kowacie Reeves Jr.,Georgia Tech,0.8461538461538461,0.6346153846153846,0.45454545454545453,0.9333333333333333
279,74991,Wes Peterson,Binghamton,0.75,0.40384615384615385,0.1875,0.9642857142857143
280,74995,Anquan Hill,Sacred Heart,0.9523809523809523,0.6326530612244898,0.29411764705882354,0.9
281,74996,Tre Carroll,Xavier,0.5555555555555556,0.57,0.25,0.8444444444444444
282,75005,Ethan Butler,Charlotte,0.5,0.4666666666666667,0.5,1.0
283,75013,Quincy Allen,Bryant,0.6,0.4444444444444444,0.2857142857142857,0.6875
284,75014,Mason Miller,Murray St.,0.5,0.2857142857142857,0.0,0.9574468085106383
285,75015,John Christofilis,Seattle,0.0,0.8571428571428571,0.5,0.8913043478260869
286,75022,John Camden,California,1.0,0.6470588235294118,0.34782608695652173,0.8795180722891566
287,75023,Johnathan Lawson,Little Rock,0.5,0.3488372093023256,0.23529411764705882,0.7714285714285715
288,75025,Milos Nenadic,Lindenwood,0.8333333333333334,0.4888888888888889,0.23809523809523808,1.0
289,75026,Samuel Onu,Alabama A&M,1.0,0.6,0.0,0.0
290,75032,Chris Morgan,Coppin St.,0.6666666666666666,0.5625,0.5,0.0
291,75039,Alex Crawford,Rhode Island,0.6,0.3333333333333333,0.08333333333333333,0.9444444444444444
292,75045,Elijah Kennedy,Hampton,0.6666666666666666,0.5,0.25,0.75
293,75048,Bryce Zephir,Syracuse,0.0,0.16666666666666666,0.0,1.0
294,75050,Scottie Ebube,N.C. State,1.0,0.875,0.0,0.0
295,75053,Foster Wonders,Cleveland St.,0.0,0.8,0.8,0.9473684210526315
296,75058,Legend Geeter,Detroit Mercy,1.0,0.38461538461538464,0.6521739130434783,1.0
297,75059,Rafael Castro,George Washington,0.8518518518518519,0.6814814814814815,0.6470588235294118,0.0
298,75060,Corey Perkins,Delaware St.,0.0,0.21428571428571427,0.5217391304347826,0.8181818181818182
299,75070,Jerry Ngopot,Coastal Carolina,0.0,0.16666666666666666,0.5,1.0
300,75075,Adetokunbo Bakare,Saint Peter's,0.0,0.8333333333333334,0.0,1.0
301,75076,Brent Bland,Saint Peter's,0.3333333333333333,0.18518518518518517,0.36363636363636365,0.9324324324324325
302,75080,Sam Silverstein,Illinois Chicago,0.6666666666666666,0.42424242424242425,0.0,1.0
303,75087,Ben Schwieger,Northern Iowa,0.8333333333333334,0.38461538461538464,0.46153846153846156,0.9117647058823529
304,75090,Julius Rollins,Denver,0.6,0.27586206896551724,0.18181818181818182,0.9090909090909091
305,75099,Kanye Jones,USC Upstate,0.0,0.5,0.0,1.0
306,75100,Devin McGlockton,Vanderbilt,1.0,0.6836734693877551,0.7,1.0
307,75107,RJ Keene,Boise St.,0.0,0.25,0.0,0.9444444444444444
308,75113,Charles Bediako,Alabama,0.9090909090909091,0.7058823529411765,0.0,0.0
309,75114,Leonardo Bettiol,Massachusetts,0.0,0.6666666666666666,0.6530612244897959,1.0
310,75126,Nick Davidson,Clemson,0.8333333333333334,0.5084745762711864,0.38461538461538464,1.0
311,75129,Duncan Powell,Providence,0.0,0.4444444444444444,0.3333333333333333,1.0
312,75154,"Corey Floyd, Jr.",Providence,0.6666666666666666,0.35294117647058826,0.09090909090909091,0.8947368421052632
313,75168,Ramon Walker Jr.,Houston,0.0,0.4,0.5,1.0
314,75171,Maximus Edwards,Duquesne,1.0,0.45454545454545453,0.3333333333333333,0.8888888888888888
315,75182,Will Felton,North Carolina A&T,1.0,0.6338028169014085,0.5,0.0
316,75184,Demari Williams,Houston Christian,0.8,0.5471698113207547,0.25,0.9411764705882353
317,75195,Isaiah Walker,Xavier,1.0,0.7777777777777778,0.6666666666666666,0.9565217391304348
318,75198,Broc Bidwell,Campbell,0.0,0.0,0.0,0.0
319,75199,Kaleb Washington,Florida A&M,0.8,0.44680851063829785,0.23809523809523808,0.7857142857142857
320,75200,Malachi Smith,Connecticut,0.0,0.23809523809523808,0.2857142857142857,0.6666666666666666
321,75231,Michael Folarin,East Texas A&M,0.8181818181818182,0.6190476190476191,1.0,0.0
322,75234,Drissa Traore,Rhode Island,0.0,0.7142857142857143,0.0,1.0
323,75236,Justin Rochelin,Pacific,0.8333333333333334,0.5901639344262295,0.3333333333333333,1.0
324,75244,Shay Johnson Jr.,Long Beach St.,0.8125,0.7037037037037037,0.75,0.0
325,75245,Giovanni Emejuru,East Carolina,0.7241379310344828,0.5785123966942148,0.8571428571428571,0.0
326,75250,Damon Nicholas Jr.,Sam Houston St.,0.3333333333333333,0.4375,0.3333333333333333,0.96
327,75260,Tucker DeVries,Indiana,1.0,0.4642857142857143,0.23529411764705882,0.8292682926829268
328,75261,Conor Enright,Indiana,0.0,0.25,0.3333333333333333,0.8846153846153846
329,75286,Jaden Brownell,USC,1.0,0.8571428571428571,0.0,1.0
330,75298,Carter Kingsbury,The Citadel,0.0,0.09090909090909091,0.10714285714285714,0.8076923076923077
331,75301,Nate Johnson,Kansas St.,0.5,0.3275862068965517,0.125,0.796875
332,75323,Bryson Spell,Elon,1.0,0.8181818181818182,0.0,0.0
333,75328,Joseph Venzant,Abilene Christian,0.0,0.7391304347826086,1.0,0.9
334,75329,Terrance Jones,Manhattan,0.3333333333333333,0.36363636363636365,0.41025641025641024,0.7954545454545454
335,75330,Nate Bittle,Oregon,1.0,0.6987951807228916,0.5,0.9722222222222222
336,75331,Isaac Johnson,Hawaii,0.5333333333333333,0.45161290322580644,0.47058823529411764,0.918918918918919
337,75337,Jayden Jackson,Cal Baptist,0.0,0.0,0.25,0.7777777777777778
338,75346,Myron Amey Jr.,Loyola Marymount,0.3333333333333333,0.2978723404255319,0.10344827586206896,0.7901234567901234
339,75371,Alex Williams,Duquesne,0.0,0.4166666666666667,0.3,0.9024390243902439
340,75374,Logan Stephens,Southern Utah,0.0,0.375,0.0,0.5
341,75375,Chris Hodges,Montana St.,0.9411764705882353,0.5333333333333333,0.3333333333333333,0.0
342,75377,Matthew Mors,South Dakota St.,0.9,0.6666666666666666,0.2,1.0
343,75383,Diego Campisano,Northern Arizona,0.0,0.46153846153846156,0.0,0.9714285714285714
344,75396,Samuel Ariyibi,Utah Tech,0.0,0.8095238095238095,0.5,1.0
345,75397,Lassina Traore,Texas,0.0,0.6923076923076923,0.4,0.0
346,75409,Malik Thomas,Virginia,0.75,0.3,0.23333333333333334,0.7611940298507462
347,75425,Akiva McBirney-Griffin,UC Irvine,0.0,0.4444444444444444,0.0,0.0
348,75438,Imanuel Zorgvol,Youngstown St.,0.8333333333333334,0.6785714285714286,0.5,1.0
349,75444,Zach Bloch,Northern Colorado,0.0,0.26666666666666666,0.14285714285714285,0.935064935064935
350,75461,Abdou Samb,Towson,0.0,0.0,0.0,0.0
351,75466,Pablo Tamba,LSU,0.4,0.42105263157894735,0.2,1.0
352,75474,Logan Duncomb,Winthrop,0.9333333333333333,0.5955882352941176,0.3953488372093023,0.0
353,75476,Malcolm Chimezie,Boston University,1.0,0.6521739130434783,0.2,0.0
354,75478,Ben Johnson,Vermont,0.0,0.5714285714285714,0.2,0.9024390243902439
355,75482,Angelo Brizzi,Buffalo,1.0,0.29411764705882354,0.42857142857142855,0.8260869565217391
356,75484,Sam Alamutu,Wright St.,0.8,0.42105263157894735,0.5,1.0
357,75486,Chase Courbat,Northern Iowa,0.0,1.0,0.0,0.0
358,75487,Michael Duax,Florida Gulf Coast,0.65,0.45,0.2777777777777778,1.0
359,75488,Landon Wolf,Illinois St.,0.5714285714285714,0.47619047619047616,0.36363636363636365,1.0
360,75509,Kooper Jacobi,Eastern Illinois,0.3333333333333333,0.4927536231884058,0.5609756097560976,1.0
361,75512,Myles Rice,Maryland,0.0,0.08333333333333333,0.14285714285714285,0.5454545454545454
362,75522,Wyatt Fricks,Marshall,0.8823529411764706,0.7107438016528925,0.7272727272727273,0.94
363,75525,Marcus Banks,Massachusetts,1.0,0.5151515151515151,0.2631578947368421,0.875
364,75532,Stephen Giwa,Rice,0.7857142857142857,0.6756756756756757,0.0,0.0
365,75533,Terrion Murdix,Western Kentucky,0.0,0.15151515151515152,0.0,1.0
366,75534,Boopie Miller,SMU,0.0,0.14754098360655737,0.1111111111111111,0.6567164179104478
367,75542,Amar’e Marshall,St. Bonaventure,1.0,0.4444444444444444,0.0,0.8333333333333334
368,75555,Jaylin Sellers,Providence,0.4666666666666667,0.22093023255813954,0.17647058823529413,0.6835443037974683
369,75558,Ali Dibba,Texas A&M,0.0,0.3148148148148148,0.6,1.0
370,75567,J.R. Konieczny,Florida Gulf Coast,0.5333333333333333,0.34523809523809523,0.35714285714285715,0.8636363636363636
371,75573,Trae English,Nicholls St.,0.0,0.14285714285714285,0.04,0.6857142857142857
372,75578,Aidan Noyes,Belmont,1.0,0.6,0.0,0.9545454545454546
373,75589,Keaton Norris,Samford,0.0,0.14285714285714285,0.047619047619047616,0.8536585365853658
374,75592,Keeyan Itejere,Rhode Island,0.8444444444444444,0.7142857142857143,0.8,0.0
375,75593,Riley Mulvey,Siena,0.9285714285714286,0.7222222222222222,0.5,0.0
376,75595,Zach Clemence,Texas A&M,0.6,0.40625,0.46153846153846156,1.0
377,75605,Bryce Hopkins,St. John's,0.7619047619047619,0.4166666666666667,0.3225806451612903,0.9090909090909091
378,75606,Daimion Collins,South Florida,0.75,0.6808510638297872,1.0,1.0
379,75617,Camren Hunter,Central Arkansas,0.0,0.3282442748091603,0.17073170731707318,0.8356164383561644
380,75621,Connor Hickman,Charleston,0.0,0.20512820512820512,0.1875,0.8974358974358975
381,75623,Javon Ruffin,Bowling Green,0.0,0.17647058823529413,0.25,0.8888888888888888
382,75642,Cam Palesse,Alabama St.,0.0,0.38461538461538464,0.16216216216216217,1.0
383,75643,Hercy Miller,New Orleans,0.0,0.0,0.4,0.0
384,75644,Preston Ruedinger,Green Bay,0.0,0.3181818181818182,0.17857142857142858,0.7
385,75648,Cameron Crawford,Duquesne,1.0,0.7222222222222222,0.3333333333333333,1.0
386,75655,Veljko Ilic,Sam Houston St.,0.75,0.6218487394957983,0.3611111111111111,0.0
387,75658,Garrett Johnson,George Washington,0.5,0.3191489361702128,0.125,0.7924528301886793
388,75660,Jaden Cooper,Maryland Eastern Shore,0.0,0.375,0.4,0.9714285714285714
389,75662,Nana Owusu-Anane,Grand Canyon,0.6666666666666666,0.391304347826087,0.7647058823529411,0.9761904761904762
390,75684,Jerrell Colbert,McNeese St.,0.9666666666666667,0.8431372549019608,0.75,1.0
391,75690,Randy Brady,South Alabama,0.0,0.4,1.0,0.9444444444444444
392,75694,Kirk Cole,Oklahoma St.,0.0,0.0,0.0,1.0
393,75706,Patrick McMahon,Montana St.,0.2857142857142857,0.13580246913580246,0.04878048780487805,0.9166666666666666
394,75707,Jakai Robinson,Bryant,1.0,0.55,0.0,1.0
395,75711,Wilhelm Breidenbach,Grand Canyon,1.0,0.6666666666666666,1.0,1.0
396,75712,Oleg Kojenets,Stony Brook,1.0,0.6470588235294118,0.8181818181818182,0.0
397,75719,Kuluel Mading,Charlotte,1.0,0.625,0.5,1.0
398,75724,Zaakir Williamson,Saint Peter's,0.6666666666666666,0.38636363636363635,0.4594594594594595,1.0
399,75740,Zander Yates,Liberty,0.0,1.0,0.0,1.0
400,75751,Devin Hines,North Florida,0.75,0.3142857142857143,0.0,1.0
401,75755,Kaleb Brown,Robert Morris,0.0,0.42105263157894735,0.25,0.9523809523809523
402,75756,Trevon Brazile,Arkansas,0.5370370370370371,0.4166666666666667,0.4375,0.9777777777777777
403,75759,Anton Brookshire,Austin Peay,0.0,0.15384615384615385,0.0,0.9183673469387755
404,75760,Yaya Keita,Albany,0.0,0.5714285714285714,1.0,0.0
405,75779,Makai Willis,Texas St.,0.7142857142857143,0.6440677966101694,0.42857142857142855,0.0
406,75785,TJ Long,Vermont,0.0,0.3,0.17391304347826086,0.7254901960784313
407,75792,Xzavier Long,Hampton,0.6,0.3508771929824561,0.5,1.0
408,75805,Kadar Waller,Cal St. Bakersfield,0.0,0.11764705882352941,0.2,0.7142857142857143
409,75809,George Ivory III,Mississippi Valley St.,0.0,1.0,1.0,0.5
410,75813,Jake Heidbreder,Fresno St.,0.0,0.28205128205128205,0.4,0.8333333333333334
411,75837,James Cooper,Georgia St.,0.0,0.5,1.0,0.0
412,75846,Evan Nelson,Arizona,0.0,0.0,0.0,1.0
413,75864,Ryan Abelman,Northern Arizona,0.0,0.25,0.28,0.82
414,75867,Noah Feddersen,North Dakota St.,0.875,0.5970149253731343,0.18181818181818182,0.9411764705882353
415,75869,Lance Waddles,Nebraska Omaha,0.2,0.32558139534883723,0.1111111111111111,0.7857142857142857
416,75871,Oakland Fort,Northern Arizona,1.0,0.3076923076923077,0.0,0.42857142857142855
417,75876,Mohamed Keita,Temple,1.0,0.5,0.0,0.0
418,75877,Kendall Blue,Nebraska,0.0,0.0,0.0,0.6666666666666666
419,75878,Ryan Conwell,Louisville,0.0,0.3472222222222222,0.058823529411764705,0.75
420,75879,Dok Muordar,Monmouth,0.9285714285714286,0.6818181818181818,1.0,0.0
421,75881,William Kyle III,Syracuse,0.6949152542372882,0.5288461538461539,0.6,0.0
422,75883,Kolby King,Utah St.,0.8,0.5483870967741935,0.2,0.9523809523809523
423,75884,Christian Winborne,Nicholls St.,0.5,0.5,0.5,0.9629629629629629
424,75885,Quin Berger,Bucknell,0.0,0.5,0.3333333333333333,0.9545454545454546
425,75888,Austin Benigni,Navy,0.0,0.10294117647058823,0.29310344827586204,0.7368421052631579
426,75892,Jayden Pierre,TCU,1.0,0.42857142857142855,0.2857142857142857,0.6538461538461539
427,75893,Quante Berry,Memphis,1.0,0.3684210526315789,0.23529411764705882,0.88
428,75895,Ezra Ausar,USC,0.8260869565217391,0.6115107913669064,0.23076923076923078,0.0
429,75896,Valentino Pinedo,UNC Greensboro,1.0,0.4626865671641791,0.3,0.0
430,75901,Kareem Rozier,Winthrop,0.0,0.09090909090909091,0.0,0.611764705882353
431,75903,Brendan Reed,Lehigh,0.0,0.0,0.0,0.0
432,75910,Evans Kipruto,UC Santa Barbara,1.0,1.0,0.75,0.0
433,75911,Erik Pratt,Stony Brook,0.25,0.17894736842105263,0.16071428571428573,0.6226415094339622
434,75912,Tavari Johnson,Akron,0.5,0.3047619047619048,0.1076923076923077,0.7285714285714285
435,75913,Ryan Prather Jr.,Robert Morris,0.5,0.35714285714285715,0.2727272727272727,0.9285714285714286
436,75914,Cavan Reilly,Delaware,0.0,1.0,0.0,0.0
437,75915,Houston Emory,Delaware,0.6666666666666666,0.7,0.6666666666666666,1.0
438,75920,Max Mackinnon,LSU,0.0,0.3157894736842105,0.1794871794871795,0.9552238805970149
439,75922,Cole Alexander,Fairleigh Dickinson,0.0,0.0,0.0,0.0
440,75924,Madison Durr,UNC Wilmington,0.0,0.10638297872340426,0.3333333333333333,0.75
441,75925,AJ Smith,Temple,1.0,0.2857142857142857,0.0,1.0
442,75926,Jake Shapiro,Tulane,0.0,0.0,0.0,0.6666666666666666
443,75927,Aidan Kehoe,Navy,1.0,0.6839080459770115,0.7272727272727273,0.0
444,75930,Jalen Forrest,Southeastern Louisiana,0.0,0.3333333333333333,0.15384615384615385,0.8333333333333334
445,75933,Derek Simpson,Saint Joseph's,0.45,0.4125,0.20689655172413793,0.6428571428571429
446,75936,Cyril Arvanitis,Robert Morris,0.0,0.0,1.0,0.0
447,75937,Dashon Gittens,Sacred Heart,0.42857142857142855,0.2976190476190476,0.2,0.8409090909090909
448,75938,Antwone Woolfolk,Miami OH,0.7058823529411765,0.46226415094339623,0.1111111111111111,1.0
449,75944,Kenny Noland,Columbia,0.0,0.32142857142857145,0.25,0.7681159420289855
450,75946,Zine Eddine Bedri,Columbia,1.0,0.5263157894736842,0.0,1.0
451,75947,Ethan Meuser,Stonehill,1.0,0.5652173913043478,0.6666666666666666,0.9411764705882353
452,75949,Izaiyah Nelson,South Florida,0.825,0.6604938271604939,0.3333333333333333,1.0
453,75953,Darrion Williams,N.C. State,0.0,0.3409090909090909,0.29545454545454547,0.8461538461538461
454,75954,Denzel Aberdeen,Kentucky,0.6363636363636364,0.37037037037037035,0.1956521739130435,0.6935483870967742
455,75955,Aleks Szymczyk,Cal St. Northridge,0.0,0.6842105263157895,0.0,1.0
456,75956,Michael Rogan,Fairfield,0.0,0.75,0.0,1.0
457,75957,Jo'el Emanuel,William & Mary,0.9130434782608695,0.5862068965517241,0.0,0.9285714285714286
458,75962,Trevon Blassingame,Idaho,0.0,0.6666666666666666,0.0,1.0
459,75972,Cooper Smith,Eastern Michigan,0.0,0.0,0.0,0.0
460,75981,Jayland Randall,New Mexico St.,0.0,0.25,0.2916666666666667,0.8974358974358975
461,75982,Amani Drummond,Incarnate Word,0.0,0.0,0.0,1.0
462,75989,Vladimer Salaridze,Youngstown St.,0.5,0.3333333333333333,0.2222222222222222,0.95
463,75999,Kenyon Giles,Wichita St.,0.0,0.058823529411764705,0.14772727272727273,0.5403225806451613
464,76000,Luke Northweather,Missouri,0.0,0.625,0.0,0.9230769230769231
465,76001,Quion Williams,Arkansas Pine Bluff,0.7272727272727273,0.3010752688172043,0.2711864406779661,0.8461538461538461
466,76002,Rory Stewart,Florida Gulf Coast,0.0,0.4,0.9166666666666666,0.9183673469387755
467,76005,Maddox Monson,Eastern Washington,0.0,0.0,0.0,1.0
468,76007,Shaumba Ngoyi,Eastern Washington,0.0,0.6,0.0,0.0
469,76010,Chevalier Emery,Cleveland St.,0.0,0.19672131147540983,0.0,0.7560975609756098
470,76011,Javon Bennett,Dayton,0.0,0.25396825396825395,0.15151515151515152,0.7111111111111111
471,76012,Jordan Derkack,Dayton,0.75,0.5416666666666666,0.0,0.9375
472,76013,Jasen Green,Creighton,0.9259259259259259,0.7157894736842105,0.3,0.95
473,76014,Ola Ajiboye,Southern Indiana,0.7142857142857143,0.5714285714285714,0.38461538461538464,0.0
474,76015,Mike Sharavjamts,South Carolina,0.8,0.38961038961038963,0.2,0.896551724137931
475,76016,Achile Spadone,Bucknell,0.0,0.3132530120481928,0.15789473684210525,0.8604651162790697
476,76020,Simeon Womack,Bethune Cookman,0.0,0.0,0.0,0.0
477,76022,Jack Collins,Monmouth,0.0,0.4117647058823529,0.3333333333333333,0.9
478,76023,Joe Hurlburt,Davidson,0.0,0.5,1.0,1.0
479,76025,Grant Newell,Western Kentucky,0.8181818181818182,0.44680851063829785,0.2727272727272727,0.9629629629629629
480,76027,Jack Payne,Idaho,1.0,0.2692307692307692,0.0,0.9024390243902439
481,76028,Spencer Legg,Louisville,0.0,0.0,0.0,1.0
482,76029,KyeRon Lindsay-Martin,UAB,0.9375,0.5978260869565217,0.6086956521739131,1.0
483,76030,Brandon Klatsky,Georgia,0.0,1.0,0.0,1.0
484,76031,Jaden Newell,Georgia,0.0,0.0,0.0,0.0
485,76032,Emil Skytta,North Dakota St.,1.0,0.7,0.4,1.0
486,76035,Nate Brafford,Charleston Southern,0.0,0.5333333333333333,0.0,1.0
487,76036,Edward Nnamoko,Winthrop,1.0,0.5294117647058824,1.0,0.0
488,76037,Bendji Pierre,Mercer,0.0,0.4,0.0,1.0
489,76039,Daniel Rivera,UAB,0.8461538461538461,0.6567164179104478,0.4166666666666667,1.0
490,76041,Jack Doumbia Jr.,Towson,0.38461538461538464,0.2413793103448276,0.037037037037037035,0.6
491,76060,Keyshawn Hall,Auburn,0.7692307692307693,0.37962962962962965,0.1724137931034483,0.71875
492,76063,Jonathan Beagle,Richmond,0.8571428571428571,0.5384615384615384,0.5714285714285714,0.0
493,76064,Romad Dean,Tulsa,0.8571428571428571,0.6764705882352942,0.0,1.0
494,76068,Michael Wolf,Xavier,0.0,0.0,0.0,0.0
495,76069,Josiah Davis,Cal St. Northridge,0.5,0.22560975609756098,0.05555555555555555,1.0
496,76071,Trejon Ware,Arkansas Pine Bluff,0.0,0.0,0.0,0.0
497,76072,Joshua Ola-Joseph,Loyola Chicago,0.6923076923076923,0.5128205128205128,0.6666666666666666,0.9629629629629629
498,76074,Cam Thrower,Penn,0.0,0.2222222222222222,0.14285714285714285,0.76
499,76076,Nick Krass,Nicholls St.,0.0,1.0,0.5,1.0
500,76077,Brian Taylor,East Tennessee St.,0.7272727272727273,0.29333333333333333,0.13333333333333333,0.8269230769230769
501,76078,Tre Dinkins,George Washington,1.0,0.25,0.14285714285714285,0.527027027027027
502,76080,Koren Johnson,Mississippi,0.0,0.0,0.42857142857142855,0.8333333333333334
503,76084,Achor Achor,Mississippi St.,0.625,0.4634146341463415,0.18181818181818182,1.0
504,76086,Sincere Parker,Memphis,1.0,0.2962962962962963,0.20930232558139536,0.7857142857142857
505,76088,Jerome Palm,UMKC,0.8888888888888888,0.5490196078431373,0.4117647058823529,1.0
506,76091,Harry Wessels,Saint Mary's,0.8,0.6046511627906976,0.8888888888888888,0.0
507,76092,Silas Sunday,Hofstra,1.0,0.6607142857142857,0.5263157894736842,0.0
508,76094,Sadiku Ibine Ayo,St. John's,0.6666666666666666,0.75,0.6,1.0
509,76095,Eric Mulder,Iowa St.,0.0,0.2,0.0,1.0
510,76098,Maleek Arington,Seattle,0.0,0.0,0.5,0.9411764705882353
511,76100,Will Batchelder,Stonehill,0.0,0.0,0.5,1.0
512,76101,Barrington Hargress,Colorado,0.0,0.3225806451612903,0.11290322580645161,0.8076923076923077
513,76105,Trey Stuart,TCU,0.0,0.0,0.0,0.0
514,76108,Brock Matheny,Davidson,0.0,0.0,0.0,1.0
515,76114,Jacari White,Virginia,0.6,0.3181818181818182,0.0,0.7536231884057971
516,76117,Braxton Bayless,Little Rock,0.0,0.1836734693877551,0.16666666666666666,0.6666666666666666
517,76119,David Coit,Maryland,0.0,0.020833333333333332,0.16666666666666666,0.4084507042253521
518,76121,DeJuan Campbell,California,0.0,0.3,0.2,0.6666666666666666
519,76124,Will Johnston,Richmond,0.0,0.29411764705882354,0.2,0.7543859649122807
520,76128,Mohamed Wague,Oklahoma,0.9090909090909091,0.6049382716049383,1.0,1.0
521,76129,Jestin Porter,Clemson,0.0,0.15625,0.13333333333333333,0.8153846153846154
522,76132,Luca Colceag,Tennessee Martin,0.0,0.2,0.0,0.9473684210526315
523,76133,Camden Heide,Texas,0.4444444444444444,0.3157894736842105,0.5,0.9583333333333334
524,76139,Barry Dunning Jr.,Pittsburgh,0.9166666666666666,0.5180722891566265,0.4444444444444444,0.9661016949152542
525,76140,Kymany Houinsou,Loyola Chicago,0.4444444444444444,0.20689655172413793,0.6,1.0
526,76144,Iaroslav Niagu,Jacksonville St.,0.875,0.6451612903225806,0.38461538461538464,0.0
527,76148,Owen Kmety,Wake Forest,0.0,0.0,0.0,0.0
528,76149,Tre Donaldson,Miami FL,0.4,0.2441860465116279,0.14516129032258066,0.8
529,76150,Bol Dengdit,UC San Diego,0.8888888888888888,0.5833333333333334,0.2727272727272727,0.9583333333333334
530,76151,Cord Stansberry,Western Carolina,0.42857142857142855,0.3191489361702128,0.1111111111111111,0.8392857142857143
531,76153,Jevon Porter,Missouri,0.3333333333333333,0.3888888888888889,0.3333333333333333,1.0
532,76154,David Mager,Pepperdine,0.0,0.4117647058823529,0.375,1.0
533,76155,Jorge Diaz Graham,Oregon St.,0.75,0.5882352941176471,0.75,1.0
534,76156,Denver Anglin,Iona,0.0,0.2727272727272727,0.2727272727272727,0.75
535,76159,JJ Starling,Syracuse,0.16666666666666666,0.1518987341772152,0.0625,0.8333333333333334
536,76160,Ven-Allen Lubin,N.C. State,0.8518518518518519,0.6265060240963856,0.25,1.0
537,76161,Aidan Hadaway,Ohio,0.7647058823529411,0.46078431372549017,0.13333333333333333,0.8095238095238095
538,76166,Chris Ashby,Queens,0.0,0.0,0.36363636363636365,0.9619047619047619
539,76168,Josh Dix,Creighton,0.625,0.4745762711864407,0.19444444444444445,0.7971014492753623
540,76169,Dasonte Bowen,St. Bonaventure,0.0,0.2647058823529412,0.10810810810810811,0.7222222222222222
541,76175,Robbie Avila,Saint Louis,0.0,0.4411764705882353,0.42857142857142855,0.8870967741935484
542,76176,Vincent Brady II,High Point,0.75,0.5,0.0,1.0
543,76179,Geoff Sprouse,American,0.0,0.25,0.0,0.8933333333333333
544,76180,Jefferson De La Cruz Monegro,Cal St. Fullerton,0.0,0.3090909090909091,0.4,0.9411764705882353
545,76181,JaVaughn Hannah,San Jose St.,0.0,0.25,0.0,1.0
546,76182,Seth Hubbard,Milwaukee,0.6666666666666666,0.2,0.06666666666666667,0.7857142857142857
547,76183,Max Burton,Western Michigan,1.0,0.48936170212765956,0.5333333333333333,0.0
548,76184,Jacob Wilson,Morehead St.,0.0,0.0,0.0,0.0
549,76185,Jasteven Walker,Alabama St.,0.5,0.5,1.0,1.0
550,76187,Jermaine Ballisager Webb,Portland,0.9565217391304348,0.734375,0.6923076923076923,1.0
551,76193,Amani Lyles,Akron,0.6,0.734375,0.4,0.9565217391304348
552,76196,Braden Smith,Purdue,0.0,0.1836734693877551,0.11904761904761904,0.578125
553,76199,Chris Morgan,Purdue Fort Wayne,0.0,0.3333333333333333,0.0,0.8888888888888888
554,76200,Kaleb Banks,DePaul,0.8571428571428571,0.65625,0.5,1.0
555,76201,Thomas Tut,Jacksonville St.,0.0,0.3333333333333333,0.0,1.0
556,76202,Neel Beniwal,San Diego,0.0,0.0,0.0,1.0
557,76203,Jeremiah Nyarko,Sacramento St.,0.0,1.0,0.0,0.0
558,76204,Emmanuel Callas,San Diego,0.0,0.0,0.6666666666666666,0.0
559,76205,Gus Hurlburt,Northwestern,0.0,0.0,1.0,0.0
560,76207,KC Ibekwe,Pacific,1.0,0.6875,0.5882352941176471,0.0
561,76209,Orlando Lovejoy,Detroit Mercy,0.0,0.20253164556962025,0.22093023255813954,0.25
562,76214,Justin Mullins,Northwestern,0.75,0.6470588235294118,0.0,0.9
563,76217,Andrew Alia,Drake,0.0,0.5384615384615384,0.45454545454545453,1.0
564,76218,Ja'Kobi Gillespie,Tennessee,0.75,0.3368421052631579,0.08823529411764706,0.7281553398058253
565,76219,Derrian Ford,Temple,0.5,0.2222222222222222,0.08108108108108109,0.8958333333333334
566,76220,Kai Spears,Marshall,0.0,0.5,0.0,0.0
567,76224,Braden Housley,Utah Valley,0.0,0.5217391304347826,0.0,0.9285714285714286
568,76225,Barry Evans,VCU,0.6,0.36363636363636365,0.0,0.9615384615384616
569,76226,Jackson Fields,West Virginia,1.0,0.8181818181818182,0.0,1.0
570,76229,Percy Daniels,Tulane,1.0,0.64,1.0,0.0
571,76230,Jack Campion,SIU Edwardsville,0.0,0.05,0.0,0.56
572,76235,Jaden Henley,Grand Canyon,0.4074074074074074,0.2903225806451613,0.0625,0.8484848484848485
573,76236,Pharrel Payne,Maryland,0.8,0.5576923076923077,1.0,0.0
574,76239,Jonathan Dunn,North Carolina Central,0.0,0.75,0.0,0.0
575,76241,Keyontae Lewis,Norfolk St.,0.0,0.6046511627906976,0.4,0.0
576,76243,Darren Buchanan Jr.,Rutgers,0.625,0.38461538461538464,0.28205128205128205,0.6666666666666666
577,76244,Daniel Rouzan,Bethune Cookman,0.8571428571428571,0.6263736263736264,0.6326530612244898,1.0
578,76247,Charles Stone,Kennesaw St.,0.0,0.0,0.0,0.0
579,76248,Eric Holland,Kennesaw St.,0.0,0.0,0.0,0.0
580,76249,Brenden Moss,Kent St.,0.0,0.6666666666666666,0.0,0.6666666666666666
581,76250,Delrecco Gillespie,Kent St.,0.84,0.5804195804195804,0.23076923076923078,0.9333333333333333
582,76251,Rokas Jocius,Loyola Marymount,1.0,0.6666666666666666,0.4444444444444444,1.0
583,76252,Roddy Gayle Jr.,Michigan,0.7692307692307693,0.36923076923076925,0.26666666666666666,1.0
584,76256,Charlie Williams,Lipscomb,1.0,0.5245901639344263,0.3684210526315789,1.0
585,76259,Jack Karasinski,Bellarmine,1.0,0.47863247863247865,0.16666666666666666,0.9577464788732394
586,76260,Julian Margrave,Nebraska Omaha,0.0,1.0,0.0,1.0
587,76261,Jackson Mayo,Army,0.0,0.0,0.0,0.8
588,76262,Jorn Everson,Army,0.6666666666666666,0.5609756097560976,0.25,1.0
589,76263,Ethan Roberts,Penn,0.0,0.17391304347826086,0.2222222222222222,0.6388888888888888
590,76267,Connor Turnbull,Evansville,0.6666666666666666,0.5128205128205128,0.6521739130434783,0.5
591,76269,Brian Moore Jr.,Grand Canyon,0.0,0.15789473684210525,0.2,0.65
592,76270,Blaise Keita,Western Kentucky,0.6666666666666666,0.5555555555555556,0.625,0.0
593,76271,Josiah Harris,Cleveland St.,1.0,0.45,0.5,1.0
594,76272,Jacob Conner,Dayton,0.7,0.65,1.0,0.9473684210526315
595,76275,Toby Nnadozie,Jacksonville St.,0.0,0.5,0.5,1.0
596,76276,Ante Beljan,Illinois Chicago,1.0,0.7368421052631579,0.4,0.0
597,76279,CJ Delancy,Chicago St.,1.0,1.0,0.0,0.0
598,76281,Tyson Commander,Loyola MD,0.0,0.19230769230769232,0.0,1.0
599,76282,Keelan Steele,Maine,1.0,0.6721311475409836,0.3333333333333333,0.0
600,76284,Landon Moore,Illinois St.,0.0,0.22727272727272727,0.0,0.7894736842105263
601,76287,Miles Webb,Delaware St.,0.7857142857142857,0.4838709677419355,0.42857142857142855,1.0
602,76289,Trey Miller,Alabama St.,0.0,0.5,0.0,1.0
603,76292,Magnus Entenmann,Kent St.,1.0,0.6666666666666666,0.3333333333333333,1.0
604,76293,Ryan Pettit,Lafayette,0.0,0.5,0.09090909090909091,1.0
605,76297,Jordan Snell,N.C. State,0.0,0.0,0.0,1.0
606,76298,Seth Trimble,North Carolina,0.5,0.3037974683544304,0.2222222222222222,0.8333333333333334
607,76299,LJ Thomas,Old Dominion,0.0,0.189873417721519,0.1891891891891892,1.0
608,76301,Markus Harding,Indiana St.,0.8571428571428571,0.7297297297297297,0.4444444444444444,1.0
609,76305,Tajavis Miller,New Mexico,0.0,0.3157894736842105,0.42857142857142855,0.9393939393939394
610,76306,Damari Wheeler-Thomas,North Dakota St.,0.0,0.11363636363636363,0.0,0.8333333333333334
611,76308,Quadir Copeland,N.C. State,0.5333333333333333,0.1724137931034483,0.0625,0.7391304347826086
612,76310,Justin Taylor,James Madison,0.0,1.0,0.0,1.0
613,76314,Ugnius Jarusevicius,Nebraska,0.0,1.0,0.0,1.0
614,76315,Jacari Lane,Texas A&M,0.0,0.2571428571428571,0.5,0.6666666666666666
615,76320,Dionte Johnson,North Carolina Central,0.0,0.08888888888888889,0.14285714285714285,0.75
616,76326,Braxton Jones,Southern Indiana,0.0,0.0,0.0,1.0
617,76339,Sage Tolentino,UNC Asheville,0.0,0.3333333333333333,0.0,0.0
618,76340,Josh Reed,Penn St.,0.0,0.37037037037037035,0.23529411764705882,0.84375
619,76341,Armani Mighty,Mercer,0.8372093023255814,0.4888888888888889,0.25,0.0
620,76342,Chas Kelley III,Georgia Tech,0.0,0.4444444444444444,0.25,0.8928571428571429
621,76343,Prince Aligbe,Southern Illinois,0.6923076923076923,0.5074626865671642,0.25,0.0
622,76346,Donald Hand Jr.,Boston College,1.0,0.34210526315789475,0.14705882352941177,0.8787878787878788
623,76347,Dan Skillings Jr.,Baylor,0.0,0.36538461538461536,0.2,0.9523809523809523
624,76349,Davion Sykes,Southern Illinois,0.7777777777777778,0.691358024691358,0.2222222222222222,0.0
625,76350,Jordan Mason,Temple,0.0,0.1774193548387097,0.24,0.75
626,76351,Koat Keat Tong,UC Santa Barbara,0.0,0.5555555555555556,0.0,1.0
627,76352,Jaelyn Lee,Texas St.,1.0,0.4444444444444444,0.5,1.0
628,76353,Charles Chukwu,Portland St.,1.0,1.0,0.0,0.0
629,76354,Faizon Fields,Milwaukee,0.7272727272727273,0.5714285714285714,0.6,1.0
630,76355,Matija Belic,Wyoming,0.0,0.5,0.14285714285714285,1.0
631,76356,B.B. Knight,Lamar,0.0,0.5714285714285714,1.0,0.8
632,76363,Efrem Johnson,Clemson,0.0,0.3333333333333333,0.1,0.8636363636363636
633,76365,Elijah Brooks,Houston Christian,0.3333333333333333,0.2222222222222222,0.2,1.0
634,76366,Chase Martin,Oral Roberts,0.0,0.2857142857142857,0.0,0.5
635,76367,Amarri Monroe,Quinnipiac,0.5,0.3333333333333333,0.25,0.8333333333333334
636,76368,"Anthony Arrington, Jr.",Mount St. Mary's,0.0,0.2631578947368421,0.25,0.9166666666666666
637,76370,Coleton Benson,New Orleans,0.0,0.4583333333333333,0.4666666666666667,0.8539325842696629
638,76372,Rex Sunderland,Stonehill,0.0,0.1,0.0,1.0
639,76374,Ridvan Tutic,Stonehill,0.8666666666666667,0.5256410256410257,0.0,0.0
640,76375,Braden Appelhans,Drake,0.0,0.16666666666666666,0.6,0.896551724137931
641,76376,Donovan Dent,UCLA,0.0,0.17647058823529413,0.12962962962962962,0.6666666666666666
642,76379,Zae Blake,UT Rio Grande Valley,0.0,0.5882352941176471,0.3333333333333333,1.0
643,76380,Mark Mitchell,Missouri,0.6285714285714286,0.35,0.24444444444444444,0.9473684210526315
644,76385,Trey Campbell,Northern Iowa,1.0,0.2727272727272727,0.25806451612903225,0.9076923076923077
645,76386,Jalen Jackson,Butler,0.0,0.1875,0.25,1.0
646,76389,Steven Clay,Southern Indiana,0.0,0.2,0.6666666666666666,0.9545454545454546
647,76392,Noah Ross,UNC Wilmington,0.7142857142857143,0.3137254901960784,0.18181818181818182,0.95
648,76393,Nolan Hodge,UNC Wilmington,0.5,0.3181818181818182,0.2222222222222222,0.8470588235294118
649,76396,Richie Saunders,BYU,0.6666666666666666,0.36764705882352944,0.23529411764705882,0.921875
650,76397,Zach Davis,Memphis,0.3333333333333333,0.5,0.3,0.9
651,76399,Daniel Hankins-Sanford,Massachusetts,0.8571428571428571,0.6363636363636364,0.5833333333333334,1.0
652,76401,George Perkins,Rice,0.0,0.0,0.0,0.0
653,76409,TJ Wainwright,Pacific,0.0,0.44,0.20512820512820512,0.9692307692307692
654,76410,Jayden Brewer,Western Michigan,0.6666666666666666,0.4174757281553398,0.16666666666666666,0.8181818181818182
655,76411,Bryce Baker,Charleston,0.0,1.0,0.0,1.0
656,76415,Mason Nicholson,Vanderbilt,1.0,1.0,0.0,0.0
657,76417,Isaiah Gaines,Southeastern Louisiana,0.7058823529411765,0.5764705882352941,0.4642857142857143,1.0
658,76420,Allen Mukeba,Arizona St.,0.6923076923076923,0.48214285714285715,0.4375,1.0
659,76422,Dre Bullock,Hawaii,0.4782608695652174,0.26804123711340205,0.05555555555555555,0.5757575757575758
660,76425,Kelechi Okworogwo,North Carolina Central,0.8048780487804879,0.6301369863013698,0.7777777777777778,1.0
661,76426,Kobe MaGee,Florida St.,0.0,0.391304347826087,0.0,0.9272727272727272
662,76429,Dillon Mitchell,St. John's,0.5555555555555556,0.452991452991453,0.7142857142857143,1.0
663,76430,Isaac Gard,Wisconsin,0.0,0.0,0.0,1.0
664,76431,Ross Candelino,Lipscomb,0.0,0.4411764705882353,0.0,0.8870967741935484
665,76432,LeJuan Watts,Texas Tech,0.5,0.4642857142857143,0.30612244897959184,0.84
666,76436,Lamar Washington,Georgia Tech,0.0,0.3125,0.16,0.6842105263157895
667,76448,Frank Mitchell,St. Bonaventure,0.6896551724137931,0.5771428571428572,0.603448275862069,0.0
668,76451,Reis Jones,Charleston Southern,0.8947368421052632,0.7142857142857143,0.4,0.0
669,76455,Isaiah Barganier,Texas St.,0.0,0.0,0.0,0.0
670,76457,Brandon Walker,Mississippi St.,0.0,0.25,0.5,0.75
671,76458,Wilguens Jr. Exacte,Drake,0.5,0.5,0.0,0.8888888888888888
672,76460,Ryan Zan,Fairfield,1.0,0.3333333333333333,1.0,1.0
673,76465,Nick Ellington,George Mason,0.9,0.6888888888888889,0.4444444444444444,1.0
674,76466,Marvin McGhee III,UT Rio Grande Valley,0.0,0.39285714285714285,0.3333333333333333,0.7638888888888888
675,76468,Apostolos Roumoglou,Richmond,0.5,0.6666666666666666,0.3333333333333333,1.0
676,76470,Louie Jordan,Radford,0.0,0.75,0.0,0.9259259259259259
677,76471,Joseph Pinion,South Florida,0.625,0.5106382978723404,0.0,0.926605504587156
678,76473,Alex Karaban,Connecticut,0.7272727272727273,0.6236559139784946,0.7222222222222222,0.935064935064935
679,76475,Cade Bennett,Saint Mary's,0.0,0.0,0.0,0.5
680,76482,Rashad King,LSU,1.0,0.2608695652173913,0.14285714285714285,0.9230769230769231
681,76483,Chase Cormier,Iona,0.0,0.0,0.0,0.8333333333333334
682,76484,Brendan Hausen,Iowa,0.0,0.0,0.0,0.7727272727272727
683,76485,Dug McDaniel,Memphis,0.0,0.3333333333333333,0.15,0.75
684,76488,Harold Woods,Incarnate Word,1.0,0.5362318840579711,0.3333333333333333,1.0
685,76491,Justin Thomas,Bowling Green,0.5,0.36,0.0,0.9333333333333333
686,76493,Troy Hupstead,Texas Southern,0.5,0.5189873417721519,0.47368421052631576,0.7058823529411765
687,76494,Jackson Francois,Arizona,0.0,0.0,0.0,0.0
688,76495,Aidan Shaw,Boston College,0.8205128205128205,0.7021276595744681,0.6,1.0
689,76496,Andrew Ball,Monmouth,0.6190476190476191,0.4918032786885246,0.2777777777777778,0.9583333333333334
690,76498,TJ Johnson,VMI,1.0,0.4,0.35,0.7623762376237624
691,76499,Daniel Egbuniwe,St. Bonaventure,0.5,0.32,0.14285714285714285,0.9166666666666666
692,76504,Dionjahe Thomas,Jackson St.,0.8333333333333334,0.5757575757575758,0.6666666666666666,1.0
693,76509,Malik Dia,Mississippi,0.8,0.4752475247524752,0.4307692307692308,0.9090909090909091
694,76510,Zach Keller,Utah St.,1.0,0.78125,0.8333333333333334,1.0
695,76511,Miles Keeffe,Vanderbilt,0.0,1.0,0.0,0.0
696,76513,Lee Dort,California,0.8333333333333334,0.6338028169014085,0.5,0.0
697,76519,Xaivian Lee,Florida,0.5,0.3013698630136986,0.08333333333333333,0.7017543859649122
698,76520,Jack Scott,Duke,0.0,0.0,0.0,1.0
699,76521,Eli Yofan,Miami OH,0.0,0.0,0.0,0.0
700,76525,Micah Handlogten,Florida,0.7407407407407407,0.5625,1.0,0.0
701,76530,Marcus Jackson,Siena,0.0,0.0,0.0,0.0
702,76531,Mak Manciel,Eastern Michigan,0.0,0.4444444444444444,0.0,0.8285714285714286
703,76532,Oumar Koureissi,Texas Southern,1.0,0.625,0.0,0.0
704,76539,Angel Montas Jr.,UMass Lowell,0.75,0.2956521739130435,0.2857142857142857,0.9333333333333333
705,76540,Brenen Lorient,West Virginia,0.7647058823529411,0.6074766355140186,0.5294117647058824,0.9583333333333334
706,76545,Braeden Smith,Gonzaga,0.0,0.39285714285714285,0.10526315789473684,0.8823529411764706
707,76546,Brady Cummins,Colgate,1.0,0.6,0.8,1.0
708,76549,Dylan Arnett,North Texas,0.7857142857142857,0.65,0.5106382978723404,0.0
709,76550,Jaden Slaughter,Sacred Heart,0.5,0.3488372093023256,0.375,1.0
710,76551,Isaac Jack,Pacific,0.8947368421052632,0.5833333333333334,0.7,0.0
711,76552,"Aaron Price, Jr.",Cal Poly,0.875,0.8333333333333334,0.0,1.0
712,76553,RJ Smith,DePaul,0.0,0.2222222222222222,0.125,0.918918918918919
713,76555,Logan Woods,Wright St.,0.0,0.47619047619047616,0.07142857142857142,1.0
714,76558,Stephon Payne III,Seton Hall,0.9090909090909091,0.647887323943662,0.2,0.0
715,76559,Treysen Eaglestaff,West Virginia,1.0,0.15217391304347827,0.0,0.8666666666666667
716,76560,Robert Lewis,Lindenwood,0.7777777777777778,0.5813953488372093,0.5833333333333334,1.0
717,76562,Caden Powell,Baylor,0.96875,0.8490566037735849,0.42857142857142855,0.0
718,76564,Gestin Liberis,Saint Francis,0.6363636363636364,0.5454545454545454,0.3,1.0
719,76567,Will Berg,Wichita St.,0.76,0.5064935064935064,0.45454545454545453,0.0
720,76569,Isaiah Hicks,Gardner Webb,0.0,0.0,0.0,0.0
721,76571,Justyn Fernandez,Delaware,0.7142857142857143,0.35555555555555557,0.21153846153846154,0.78125
722,76572,Devin Dinkins,Manhattan,0.0,0.21428571428571427,0.1,0.6521739130434783
723,76573,Peter Oduro,Hampton,0.0,1.0,0.0,0.0
724,76577,Noah Batchelor,Buffalo,0.8,0.6785714285714286,0.6,1.0
725,76579,Patrick Wessler,UNC Wilmington,0.9230769230769231,0.6176470588235294,0.5526315789473685,0.0
726,76580,Victor Panov,Drexel,0.0,0.5757575757575758,0.0,0.9821428571428571
727,76581,Tre Green,Middle Tennessee,0.0,0.6666666666666666,0.5,0.9375
728,76582,MJ Collins,Utah St.,0.696969696969697,0.5909090909090909,0.3157894736842105,0.8961038961038961
729,76583,Rodney Rice,USC,0.0,0.36363636363636365,0.3076923076923077,0.4666666666666667
730,76597,Ajay Sheldon,Ohio,0.0,0.3333333333333333,0.0,0.8360655737704918
731,76598,Elmore James,Ball St.,0.0,0.6341463414634146,0.15384615384615385,0.9615384615384616
732,76600,Otega Oweh,Kentucky,0.6086956521739131,0.4791666666666667,0.26666666666666666,0.8
733,76604,AJ Storr,Mississippi,0.5454545454545454,0.3780487804878049,0.19444444444444445,0.5609756097560976
734,76606,Kalen Garry,South Dakota St.,0.0,0.16666666666666666,0.17391304347826086,0.7959183673469388
735,76607,Henri Veesaar,North Carolina,0.6724137931034483,0.6475409836065574,0.4782608695652174,0.95
736,76611,A'lahn Sumler,Charleston Southern,1.0,0.15454545454545454,0.1111111111111111,0.7288135593220338
737,76612,Felix Okpara,Tennessee,0.8695652173913043,0.8163265306122449,1.0,1.0
738,76615,LJ Wells,Northern Kentucky,0.5625,0.3761467889908257,0.17142857142857143,0.9230769230769231
739,76616,Cody Pennebaker,Lamar,0.5384615384615384,0.5348837209302325,0.47368421052631576,1.0
740,76617,Nate Calmese,Wake Forest,0.0,0.22727272727272727,0.15789473684210525,0.6585365853658537
741,76620,Turner Buttry,Eastern Kentucky,0.0,0.15384615384615385,0.23076923076923078,0.8214285714285714
742,76621,Jaden Daughtry,Marist,0.6666666666666666,0.5,0.23076923076923078,1.0
743,76622,Kyle Carlesimo,Colgate,0.0,0.5714285714285714,0.38461538461538464,0.9642857142857143
744,76624,Cam Haffner,Western Kentucky,0.0,0.0,0.2,0.9642857142857143
745,76625,Sincere Malone,Nicholls St.,0.2222222222222222,0.3707865168539326,0.23529411764705882,0.8823529411764706
746,76626,Isaiah Brickner,Idaho,0.4,0.22972972972972974,0.058823529411764705,0.8571428571428571
747,76627,Trace Salton,Marist,0.0,0.5,0.0,1.0
748,76629,Kyle Thomas,SIU Edwardsville,0.8571428571428571,0.631578947368421,0.5714285714285714,1.0
749,76633,Devon Arlington,Yale,0.0,0.5,0.25,0.75
750,76636,Nick Townsend,Yale,0.5,0.2962962962962963,0.375,0.9523809523809523
751,76637,Kaleb Smith,Grand Canyon,0.3333333333333333,0.2,0.0,1.0
752,76639,Chas Stinson,Stonehill,0.0,0.27835051546391754,0.2222222222222222,1.0
753,76641,Christian Fermin,VCU,0.0,0.0,0.0,0.0
754,76642,Bowen Hardman,Akron,0.0,0.6666666666666666,0.5,0.9859154929577465
755,76649,Devean Williams,Rider,1.0,1.0,0.0,1.0
756,76650,Deshawn Jean-Charles,Chicago St.,0.0,0.0,0.0,0.0
757,76652,Colin Porter,Liberty,0.0,0.18181818181818182,0.0,0.6724137931034483
758,76653,JC Shirer Jr.,Liberty,0.0,1.0,0.0,0.0
759,76654,Corneilous Williams,North Alabama,0.6486486486486487,0.4897959183673469,0.5,0.0
760,76655,Zach Cleveland,Liberty,0.7894736842105263,0.46825396825396826,0.2692307692307692,0.0
761,76656,Tyrell Ward,VCU,0.8181818181818182,0.6052631578947368,0.5,1.0
762,76658,Javan Simmons,Ohio,0.6923076923076923,0.3305084745762712,0.48484848484848486,1.0
763,76659,AJ Smith,Bradley,0.5,0.52,0.5714285714285714,1.0
764,76661,Cade Hornecker,Abilene Christian,0.9285714285714286,0.7647058823529411,0.9130434782608695,1.0
765,76664,Christian May,UNC Wilmington,0.8571428571428571,0.3584905660377358,0.0,0.8524590163934426
766,76665,Dylan Williamson,Towson,0.0,0.13513513513513514,0.016129032258064516,0.45569620253164556
767,76667,Kylan Blackmon,Charlotte,0.0,1.0,0.0,1.0
768,76668,Harlan Obioha,West Virginia,0.8,0.7,0.0,1.0
769,76670,Tyler Andrews,Bethune Cookman,0.25,0.23076923076923078,0.8571428571428571,0.918918918918919
770,76673,Ernest Udeh Jr.,Miami FL,0.9516129032258065,0.8275862068965517,0.0,0.0
771,76674,Tafara Gapare,Villanova,0.0,1.0,1.0,0.6666666666666666
772,76676,Jevin Muniz,Colorado St.,1.0,0.423728813559322,0.0,0.9142857142857143
773,76679,Kareem Watson,Delaware St.,0.0,0.3,0.5217391304347826,0.0
774,76683,Chris Moncrief,Saint Francis,0.3333333333333333,0.5,0.5625,1.0
775,76684,Gabe Spinelli,Central Connecticut,0.0,0.2222222222222222,0.0,0.5
776,76688,Michael Rataj,Baylor,1.0,0.42424242424242425,0.23684210526315788,1.0
777,76690,George Beale Jr.,UCF,0.0,0.0,0.0,0.85
778,76691,Perry Smith Jr.,Kennesaw St.,1.0,0.47619047619047616,0.6666666666666666,0.0
779,76692,Jackson Skipper,Vermont,0.0,0.75,0.0,0.8571428571428571
780,76694,Kellen Thames,Saint Louis,0.47619047619047616,0.36607142857142855,0.4,1.0
781,76697,Jordan Pope,Texas,0.0,0.15,0.19047619047619047,0.5903614457831325
782,76699,Cam Amboree,Southern,0.0,0.2692307692307692,0.16666666666666666,0.7073170731707317
783,76703,Caleb Shaw,Grand Canyon,1.0,0.4838709677419355,0.6,1.0
784,76705,Xavier Amos,Loyola Chicago,0.0,0.3448275862068966,0.125,0.9629629629629629
785,76708,Langston Reynolds,Minnesota,0.5833333333333334,0.4435483870967742,0.3333333333333333,0.8181818181818182
786,76709,Brock Wisne,Northern Colorado,0.5,0.45864661654135336,0.24242424242424243,1.0
787,76713,B.J. Edwards,SMU,0.5454545454545454,0.34375,0.25,0.8571428571428571
788,76715,Learic Davis,USC Upstate,0.4444444444444444,0.32558139534883723,0.0,0.9047619047619048
789,76717,Sami Pissis,Alabama A&M,0.0,0.25,0.10714285714285714,0.6571428571428571
790,76719,PJ Haggerty,Kansas St.,1.0,0.4897959183673469,0.19047619047619047,0.85
791,76721,Leo Torbor,Texas A&M Corpus Chris,0.0,0.2682926829268293,0.09090909090909091,1.0
792,76723,Ibu Yamazaki,Northern Colorado,0.75,0.25,0.1,0.9074074074074074
793,76726,TJ Hurley,Vermont,1.0,0.4,0.15789473684210525,0.7894736842105263
794,76733,Josiah Harris,La Salle,1.0,0.6721311475409836,0.7307692307692307,0.0
795,76736,Fredrick King,Murray St.,0.7692307692307693,0.5104895104895105,0.5333333333333333,0.6666666666666666
796,76738,Sean Logan,Davidson,1.0,0.6,0.14285714285714285,1.0
797,76739,Reed Bailey,Indiana,0.9310344827586207,0.7887323943661971,0.2,1.0
798,76741,Cooper Noard,Cornell,0.0,0.5833333333333334,0.47058823529411764,0.948051948051948
799,76746,Elijah Hulsewe,UCF,0.0,0.4,1.0,0.0
800,76747,Jeremy Foumena,UCF,0.9166666666666666,0.7619047619047619,0.5789473684210527,0.0
801,76750,Jaylen Thompson,Stanford,1.0,0.45454545454545453,0.0,0.75
802,76752,Ahjany Lee,Houston Christian,1.0,0.6666666666666666,0.5,0.0
803,76753,Andrew Rohde,Wisconsin,0.0,0.16666666666666666,0.16666666666666666,0.8809523809523809
804,76755,Carter Bjerke,St. Thomas,0.0,0.85,0.75,1.0
805,76757,David Idada,Southeast Missouri St.,0.0,0.4,0.0,0.0
806,76758,Benny Gealer,Stanford,0.0,0.5,0.08333333333333333,0.8837209302325582
807,76759,Ryan Agarwal,Stanford,1.0,0.45454545454545453,0.375,0.8947368421052632
808,76760,Jalen Washington,Vanderbilt,0.9523809523809523,0.7619047619047619,0.6666666666666666,1.0
809,76761,Tyler Nickel,Vanderbilt,0.7142857142857143,0.6296296296296297,0.11538461538461539,0.9545454545454546
810,76768,Matus Hronsky,Portland,0.25,0.6190476190476191,0.16666666666666666,1.0
811,76770,Dominique Ford,San Diego,0.0,0.45454545454545453,0.38235294117647056,0.9
812,76772,David Dixon,Duquesne,0.75,0.625,0.5454545454545454,1.0
813,76773,German Plotnikov,Hofstra,0.6,0.6785714285714286,0.35714285714285715,0.9642857142857143
814,76774,Halil Barre,Akron,1.0,0.9166666666666666,0.0,0.0
815,76775,Emanuel Sharp,Houston,0.0,0.4722222222222222,0.18604651162790697,0.865979381443299
816,76777,Devin Carney,Denver,0.0,0.0,0.0,1.0
817,76778,Terrance Ford Jr.,Tulsa,0.0,0.0,0.0,0.0
818,76779,Marcus Tankersley,Chicago St.,0.5,0.5074626865671642,0.26865671641791045,0.8571428571428571
819,76780,Dallin Hall,Virginia,1.0,0.3783783783783784,0.0,0.7878787878787878
820,76781,Jared McGregor,BYU,0.0,0.0,0.0,0.0
821,76784,Tanner Toolson,TCU,0.6,0.5,0.45454545454545453,1.0
822,76790,Cole Hargrove,Providence,0.7142857142857143,0.7333333333333333,0.6666666666666666,0.0
823,76791,Garfield Turner,Drexel,0.75,0.5384615384615384,0.5294117647058824,0.0
824,76792,LA Pratt,Northeastern,0.0,0.13333333333333333,0.0,0.6666666666666666
825,76793,Justin Moore,Loyola Chicago,0.0,0.125,0.13636363636363635,0.52
826,76794,Shane Blakeney,Drexel,0.8333333333333334,0.2833333333333333,0.13333333333333333,0.8461538461538461
827,76795,Love Bettis,Incarnate Word,0.0,0.125,0.04,0.8
828,76810,Milos Uzan,Houston,0.0,0.13333333333333333,0.10869565217391304,0.75
829,76812,Dylan Anderson,Murray St.,0.8333333333333334,0.5555555555555556,0.6666666666666666,1.0
830,76815,Filip Borovicanin,Xavier,0.8,0.4375,0.1875,0.918918918918919
831,76818,Kylan Boswell,Illinois,0.0,0.2857142857142857,0.17647058823529413,0.42857142857142855
832,76821,Cooper Jones,Old Dominion,0.0,0.0,0.0,1.0
833,76826,Jaden Alexander,Cal St. Bakersfield,0.5,0.3333333333333333,0.5,0.9166666666666666
834,76833,Ben Vander Wal,Furman,0.875,0.6931818181818182,0.0,1.0
835,76835,Chandler Jackson,Arkansas St.,0.3333333333333333,0.18032786885245902,0.05263157894736842,0.9230769230769231
836,76836,Riley Kugel,UCF,0.7857142857142857,0.43243243243243246,0.13793103448275862,0.7068965517241379
837,76838,Cameron Corhen,Pittsburgh,0.8780487804878049,0.6513761467889908,0.5306122448979592,1.0
838,76839,Baba Miller,Cincinnati,0.7543859649122807,0.5631067961165048,0.2571428571428571,1.0
839,76842,Tom House,Furman,0.0,0.2,0.2727272727272727,0.9782608695652174
840,76856,Brennan Rigsby,Radford,0.5,0.2777777777777778,0.125,0.9090909090909091
841,76857,Damarco Minor,Pittsburgh,0.0,0.0,0.0625,0.5636363636363636
842,76859,Marquel Sutton,LSU,0.8181818181818182,0.5316455696202531,0.4444444444444444,1.0
843,76860,Lamar Wilkerson,Indiana,0.75,0.5,0.2926829268292683,0.8557692307692307
844,76865,Trey Thomas,Southern Indiana,0.0,0.7142857142857143,0.25,1.0
845,76867,Jackson Benigni,Binghamton,0.0,0.3333333333333333,1.0,0.9310344827586207
846,76872,Louis Hutchinson,Alabama A&M,0.7142857142857143,0.6666666666666666,0.3333333333333333,1.0
847,76873,TJ Caldwell,Arkansas St.,0.6666666666666666,0.25,0.0,0.8536585365853658
848,76875,Malique Ewin,Arkansas,0.8363636363636363,0.5636363636363636,0.4444444444444444,0.6666666666666666
849,76876,Robert Cowherd,Southern Miss,0.0,1.0,0.0,0.0
850,76877,Luke Jungers,Iona,0.0,0.3333333333333333,1.0,0.9302325581395349
851,76878,Ja'Sean Glover,Nebraska Omaha,0.6666666666666666,0.15517241379310345,0.09090909090909091,0.9090909090909091
852,76879,Trey Lewis,Western Michigan,1.0,0.3,0.0,0.92
853,76880,Caleb Reese,Loyola Chicago,0.0,0.0,0.6,1.0
854,76884,Pierre Geneste Jr.,Cal St. Bakersfield,0.9090909090909091,0.5652173913043478,0.6,0.0
855,76885,Jayden Dawson,Kansas,1.0,0.75,1.0,0.8333333333333334
856,76886,Jalen Quinn,Drake,0.0,0.22826086956521738,0.08433734939759036,0.6739130434782609
857,76887,Christoph Tilly,Ohio St.,0.75,0.6075949367088608,0.45454545454545453,0.8461538461538461
858,76888,Jake Ensminger,Santa Clara,0.5,0.3939393939393939,0.8,0.9428571428571428
859,76889,Kosy Akametu,Iona,0.5,0.45588235294117646,0.25,0.8928571428571429
860,76893,Braden Huff,Gonzaga,1.0,0.5866666666666667,0.5873015873015873,1.0
861,76894,Jaylen Peterson,Presbyterian,0.7567567567567568,0.5686274509803921,0.34375,1.0
862,76897,Amaree Abram,Tennessee,0.0,0.5,0.25,0.9285714285714286
863,76899,Garrett Brennan,Loyola MD,0.0,0.0,0.0,1.0
864,76901,Jordan Crawford,South Dakota,0.5,0.25,0.125,0.625
865,76903,Isaiah Carr,Drake,0.9,0.6052631578947368,0.0,0.0
866,76904,Derrick Michael Xzavierro,Long Beach St.,0.0,0.14285714285714285,1.0,0.0
867,76907,Amari Jedkins,Montana,1.0,0.6666666666666666,0.0,1.0
868,76909,Ian Sabourin,Xavier,0.0,0.0,0.0,1.0
869,76910,Lajae Jones,Florida St.,0.391304347826087,0.2857142857142857,0.08333333333333333,0.7454545454545455
870,76915,Ose Okojie,Howard,0.6111111111111112,0.5172413793103449,0.3,0.9285714285714286
871,76919,Justin Archer,La Salle,0.0,0.6,0.5,0.0
872,76921,Deangelo Elisee,Purdue Fort Wayne,1.0,0.8085106382978723,0.0,1.0
873,76922,Paul Otieno,Saint Louis,0.9230769230769231,0.7454545454545455,0.75,1.0
874,76924,Federiko Federiko,Texas A&M,0.8571428571428571,0.8571428571428571,0.0,0.0
875,76927,JJ White,Baylor,0.0,0.0,0.0,1.0
876,76928,Jaeden Marshall,La Salle,0.0,0.7142857142857143,0.45,0.9130434782608695
877,76931,Drake Allen,Utah St.,0.45454545454545453,0.30158730158730157,0.3333333333333333,0.7777777777777778
878,76932,Bryant Selebangue,Western Kentucky,1.0,0.5,1.0,0.0
879,76935,Cam Morris III,East Tennessee St.,0.875,0.5573770491803278,0.391304347826087,1.0
880,76942,Tyler Houser,Delaware,1.0,0.4861111111111111,0.35294117647058826,0.975609756097561
881,76944,Taeshaud Jackson,Fairleigh Dickinson,0.8,0.3783783783783784,0.08,0.6666666666666666
882,76947,Asher Woods,Tulane,0.0,0.47692307692307695,0.3181818181818182,0.8
883,76948,Matt Hayman,Arkansas St.,0.6666666666666666,0.32142857142857145,0.08333333333333333,0.9259259259259259
884,76951,Maximus Nelson,Purdue Fort Wayne,0.0,0.0,1.0,1.0
885,76952,Nick Martinelli,Northwestern,0.7142857142857143,0.625,0.7226890756302521,0.9111111111111111
886,76953,Terry Anderson,High Point,0.5454545454545454,0.3933333333333333,0.16666666666666666,0.8888888888888888
887,76956,Cam Denson,Ball St.,0.0,0.7333333333333333,0.0,1.0
888,76960,Duane Posey,Texas Southern,0.6470588235294118,0.47058823529411764,0.5,1.0
889,76961,Jakevion Buckley,New Orleans,0.0,0.1864406779661017,0.14814814814814814,0.4482758620689655
890,76964,Ben Gold,Marquette,0.6923076923076923,0.7755102040816326,0.5,0.972972972972973
891,76967,Harrison Carrington,UC Irvine,0.8181818181818182,0.7419354838709677,0.46875,1.0
892,76968,Shammah Scott,Akron,0.0,0.19444444444444445,0.0,0.569620253164557
893,76969,Bruce Thornton,Ohio St.,0.0,0.17567567567567569,0.1782178217821782,0.6451612903225806
894,76970,MJ Russell,Louisiana Monroe,0.5925925925925926,0.35789473684210527,0.30434782608695654,0.625
895,76971,Alphonzo Billups III,Longwood,0.36363636363636365,0.375,0.18181818181818182,0.8461538461538461
896,76973,Shawn Jones Jr.,Mississippi St.,0.7692307692307693,0.5172413793103449,0.5384615384615384,0.95
897,76976,Skyy Clark,UCLA,0.0,0.21875,0.5,0.6792452830188679
898,76977,Jayden Epps,Mississippi St.,0.0,0.14285714285714285,0.06666666666666667,0.5932203389830508
899,76978,Sencire Harris,Cincinnati,1.0,0.625,0.14285714285714285,0.5
900,76983,Nigel Burris,Weber St.,0.8125,0.44047619047619047,0.0,1.0
901,76988,RaSheed Jones,Coastal Carolina,0.0,0.1,0.057692307692307696,0.6571428571428571
902,76991,Marcus Kell,Western Carolina,1.0,0.32857142857142857,0.10714285714285714,0.9
903,77000,Cole Farrell,Long Beach St.,0.2,0.17142857142857143,0.15,1.0
904,77002,Fletcher Loyer,Purdue,0.0,0.6451612903225806,0.6521739130434783,0.9821428571428571
905,77003,Cale Jacobsen,Nebraska,0.0,0.5428571428571428,0.09090909090909091,0.9333333333333333
906,77005,Hayden Welling,Utah Valley,1.0,0.7894736842105263,0.6,1.0
907,77011,Christ Essandoko,South Carolina,0.3333333333333333,0.5,0.5,1.0
908,77013,Elijah Chol,UC Irvine,0.8571428571428571,0.7307692307692307,0.6,1.0
909,77014,Yohan Traore,Butler,0.8979591836734694,0.7764705882352941,0.8333333333333334,1.0
910,77016,Cade Tyson,Minnesota,1.0,0.7831325301204819,0.4594594594594595,0.971830985915493
911,77017,Kheni Briggs,New Haven,0.0,0.17142857142857143,0.25,0.85
912,77018,Tyeree Bryan,Texas Tech,1.0,0.3076923076923077,0.0,1.0
913,77020,Kyler VanderJagt,Toledo,0.0,0.32,0.41935483870967744,0.9117647058823529
914,77021,Chance Westry,UAB,0.5714285714285714,0.1885245901639344,0.1,0.631578947368421
915,77023,Bryson Ogletree,North Carolina A&T,0.9,0.85,0.0,1.0
916,77026,Tobi Lawal,Virginia Tech,0.75,0.6153846153846154,0.15384615384615385,1.0
917,77028,Ugonna Onyenso,Virginia,0.7741935483870968,0.7101449275362319,0.5882352941176471,1.0
918,77031,Hansel Enmanuel,Austin Peay,0.0,1.0,0.0,0.0
919,77037,Peter Suder,Miami OH,0.0,0.34375,0.08571428571428572,0.5882352941176471
920,77038,Nik Graves,Creighton,0.0,0.1702127659574468,0.08,0.6052631578947368
921,77040,Bryan Etumnu,Wright St.,1.0,0.8333333333333334,0.0,1.0
922,77041,Jaden Schertz,Saint Louis,0.0,1.0,0.0,0.0
923,77042,Rob Martin,High Point,0.0,0.10588235294117647,0.05405405405405406,0.7111111111111111
924,77044,Cruz Davis,Hofstra,0.7777777777777778,0.21978021978021978,0.16071428571428573,0.5714285714285714
925,77045,Malik Reneau,Miami FL,0.7692307692307693,0.5310734463276836,0.45454545454545453,0.9615384615384616
926,77046,CJ Gunn,DePaul,0.8888888888888888,0.5135135135135135,0.55,0.9285714285714286
927,77050,Tyren Moore,Georgia Southern,0.0,0.10256410256410256,0.058823529411764705,0.45132743362831856
928,77051,Malcolm Flaggs,Villanova,0.0,0.0,0.0,0.0
929,77052,Cam Gregory,Campbell,1.0,0.3902439024390244,0.125,0.9487179487179487
930,77053,Jamar Franklin,Jacksonville St.,0.0,0.5,0.0,0.8823529411764706
931,77055,Henry Thengvall,Wichita St.,0.0,0.0,0.0,0.0
932,77056,Austin Nunez,UTSA,0.0,0.03225806451612903,0.09090909090909091,0.631578947368421
933,77057,Duke Brennan,Villanova,0.9230769230769231,0.7603305785123967,0.92,0.0
934,77060,Chase Lowe,William & Mary,1.0,0.46511627906976744,0.2,1.0
935,77062,Isaiah Jones,South Florida,0.6666666666666666,0.42105263157894735,1.0,1.0
936,77067,Max Davis,Drexel,0.0,0.0,0.0,1.0
937,77070,Khalil London,Tennessee St.,0.0,0.2727272727272727,0.0625,0.7857142857142857
938,77071,Donovan Atwell,Texas Tech,0.0,0.3333333333333333,0.23076923076923078,0.9307692307692308
939,77073,Jordan Chatman,Florida A&M,1.0,0.23809523809523808,0.0,0.96
940,77075,Jaxon Ellingsworth,Arkansas St.,0.6,0.5714285714285714,0.5833333333333334,0.9666666666666667
941,77082,Jaden Bradley,Arizona,0.5,0.296875,0.1375,0.9230769230769231
942,77083,Rylan Griffen,Texas A&M,0.5,0.3783783783783784,0.13333333333333333,0.8571428571428571
943,77085,Tyler Hendricks,Utah Valley,0.6666666666666666,0.59375,0.5,0.98
944,77086,Quin Patterson,Idaho St.,0.0,0.0,0.0,1.0
945,77089,Yann Farell,Sacred Heart,0.0,0.4838709677419355,0.6842105263157895,0.890625
946,77091,Cade Pendleton,UC San Diego,0.0,1.0,1.0,0.8571428571428571
947,77092,Roddie Anderson III,Xavier,0.5,0.5076923076923077,0.24,0.7894736842105263
948,77093,Jac Mani,Fresno St.,1.0,0.43333333333333335,0.4,0.9285714285714286
949,77098,Jaquel Morris,Norfolk St.,0.6666666666666666,0.5681818181818182,0.0,0.0
950,77099,Ryan Mabrey,Maine,0.0,0.5,0.42857142857142855,0.9545454545454546
951,77100,Tyler Bilodeau,UCLA,1.0,0.8222222222222222,0.6486486486486487,1.0
952,77102,Elijah Jamison,Norfolk St.,0.0,0.06153846153846154,0.11363636363636363,0.7857142857142857
953,77103,Billy Smith,Chattanooga,0.0,0.6428571428571429,0.3,0.9649122807017544
954,77104,Chandler Pigge,Harvard,0.3333333333333333,0.375,0.46153846153846156,0.9285714285714286
955,77105,Chisom Okpara,Stanford,0.5,0.2,0.0,0.8823529411764706
956,77106,Sadraque NgaNga,San Jose St.,0.6666666666666666,0.40476190476190477,0.5833333333333334,0.9705882352941176
957,77107,Khalil Farmer,UMass Lowell,0.0,0.375,0.4444444444444444,0.875
958,77108,Jace Whiting,Weber St.,0.0,0.35135135135135137,0.23076923076923078,0.9090909090909091
959,77110,Rich Rolf,Youngstown St.,0.5,0.4888888888888889,0.0,0.9024390243902439
960,77113,Elijah Jones,UTEP,0.7894736842105263,0.4444444444444444,0.4482758620689655,0.9375
961,77116,Dorian Finister,Louisiana,1.0,0.1206896551724138,0.16981132075471697,0.825
962,77117,Jerrell Roberson II,UMass Lowell,0.0,0.75,0.0,0.0
963,77119,Xavier Brown,South Florida,0.0,0.0,0.0,1.0
964,77120,Travis Roberts,Alcorn St.,0.0,0.2857142857142857,0.3,0.9130434782608695
965,77121,Demarion Watson,North Texas,0.0,0.8333333333333334,0.0,0.8888888888888888
966,77122,Tamin Lipsey,Iowa St.,1.0,0.43902439024390244,0.13636363636363635,0.7857142857142857
967,77123,Eli King,North Dakota,0.2,0.16176470588235295,0.10344827586206896,0.8666666666666667
968,77125,Simeon Cottle,Kennesaw St.,0.0,0.17391304347826086,0.15384615384615385,0.926829268292683
969,77126,Taj Manning,Kansas St.,0.8888888888888888,0.6976744186046512,0.0,1.0
970,77128,Maliq Brown,Duke,0.925,0.7435897435897436,0.0,0.8
971,77129,Bryson Dawkins,Youngstown St.,0.7666666666666667,0.3925233644859813,0.25,0.5862068965517241
972,77130,Chris Bell,California,0.9166666666666666,0.8,0.23684210526315788,0.9210526315789473
973,77132,Lamine Niang,Tennessee Martin,0.75,0.65,0.0,0.0
974,77133,Kaseem Watson,UTEP,0.0,0.3333333333333333,0.42424242424242425,0.9272727272727272
975,77134,Johnnie Walter,Penn,1.0,1.0,0.0,1.0
976,77140,Jalen Reed,LSU,1.0,0.47058823529411764,0.0,1.0
977,77141,Henri Adiassa,Lehigh,1.0,1.0,0.0,0.0
978,77142,Tommy Conniff,Lehigh,0.0,0.0,0.0,0.0
979,77144,Yuto Yamanouchi-Williams,Oral Roberts,1.0,0.6875,0.38461538461538464,0.8888888888888888
980,77145,Zuby Ejiofor,St. John's,0.7142857142857143,0.5467625899280576,0.6046511627906976,0.8333333333333334
981,77146,Cole Sherman,Louisville,0.0,0.0,0.0,0.75
982,77147,Jaret Valencia,Wichita St.,1.0,0.2,0.0,0.6666666666666666
983,77149,Youri Fritz,Northeastern,1.0,0.6477272727272727,0.625,1.0
984,77150,Braden Sparks,Fairfield,0.0,0.09523809523809523,0.13793103448275862,0.7
985,77153,Wilder Evers,Kansas,0.0,1.0,0.0,1.0
986,77156,Colin McKenzie,South Carolina St.,0.0,0.0,0.6,1.0
987,77157,RJ Godfrey,Clemson,0.7894736842105263,0.48360655737704916,0.2631578947368421,1.0
988,77158,Devin Ceaser,UMBC,0.0,0.0,0.0,1.0
989,77159,Noah Williamson,Alabama,1.0,0.6,0.0,1.0
990,77160,Josh Fulton,Bucknell,0.0,0.6,0.0,0.0
991,77161,Dillon Hunter,Clemson,1.0,0.19230769230769232,0.034482758620689655,0.7575757575757576
992,77164,Chauncey Wiggins,Florida St.,0.6428571428571429,0.46511627906976744,0.30303030303030304,0.9722222222222222
993,77165,Ruot Bijiek,Bucknell,0.0,0.42105263157894735,0.3333333333333333,1.0
994,77166,Chauncey Gibson,Chicago St.,0.0,0.6666666666666666,0.2857142857142857,0.6923076923076923
995,77167,Harry Rouhliadeff,Hawaii,0.6666666666666666,0.5892857142857143,0.5555555555555556,0.9696969696969697
996,77173,Goanar Biliew,Western Illinois,0.3333333333333333,0.28,0.0,0.8571428571428571
997,77180,Chendall Weaver,Texas,0.75,0.4375,0.5333333333333333,1.0
998,77181,Tre White,Kansas,0.7368421052631579,0.4647887323943662,0.25,0.875
999,77182,Brayden O'Connor,George Mason,0.0,0.5,0.0,0.0
1000,77183,Vincent Iwuchukwu,Georgetown,0.9333333333333333,0.6923076923076923,0.76,1.0
1001,77184,Oziyah Sellers,St. John's,0.8333333333333334,0.7209302325581395,0.6341463414634146,0.8490566037735849
1002,77185,Bessanty Saragba,Delaware St.,1.0,0.72,1.0,0.0
1003,77186,Cameron Fens,South Dakota,0.7666666666666667,0.5602836879432624,0.4230769230769231,0.0
1004,77187,CJ Jones,Kansas St.,0.0,0.42857142857142855,0.0,0.75
1005,77188,Hunter Jacobson,Northern Iowa,0.0,0.0,0.0,0.0
1006,77194,Mike Walz,Richmond,0.7777777777777778,0.5517241379310345,0.36363636363636365,0.9310344827586207
1007,77195,Michael Eley,Hampton,0.42857142857142855,0.358974358974359,0.48484848484848486,0.7857142857142857
1008,77196,Mekhi Mason,Wake Forest,0.0,0.35714285714285715,0.42857142857142855,0.9347826086956522
1009,77198,Killian Gribben,Maine,0.0,1.0,0.0,0.0
1010,77199,Brendan Coyle,Siena,1.0,0.5384615384615384,0.7,1.0
1011,77200,Ifeanyi Ufochukwu,Duke,0.0,1.0,0.0,0.0
1012,77201,Andrew Akuchie,Rice,0.75,0.6363636363636364,0.6666666666666666,1.0
1013,77205,Fallou Diagne,Southern Miss,0.0,0.6666666666666666,1.0,1.0
1014,77206,Tyrone Marshall,George Washington,0.7894736842105263,0.4444444444444444,0.3076923076923077,0.9523809523809523
1015,77214,Ramel Lloyd Jr.,Arkansas Pine Bluff,0.0,0.5172413793103449,1.0,1.0
1016,77216,Sam Alexis,Indiana,0.8076923076923077,0.6842105263157895,0.5294117647058824,1.0
1017,77217,Cameron Tweedy,Saint Francis,1.0,0.7073170731707317,0.5,0.0
1018,77223,Tre Holloman,N.C. State,0.0,0.07407407407407407,0.15384615384615385,0.7843137254901961
1019,77224,Jaxon Kohler,Michigan St.,0.3333333333333333,0.4714285714285714,0.4444444444444444,1.0
1020,77225,Nick Sanders,Michigan St.,0.0,0.0,0.0,1.0
1021,77226,Carson Cooper,Michigan St.,0.9056603773584906,0.8111111111111111,0.6744186046511628,1.0
1022,77227,Solomon Washington,Maryland,0.65,0.4,0.2,1.0
1023,77228,Jordan Williams,Rice,0.0,0.0,0.0,1.0
1024,77232,Justin Abson,Georgia,1.0,0.78125,1.0,0.0
1025,77233,Aidan Braccia,San Francisco,0.0,1.0,0.0,1.0
1026,77234,Elijah Perkins,Saint Peter's,0.8,0.44,0.14285714285714285,0.0
1027,77235,Jake Dykstra,Belmont,0.0,0.0,0.0,1.0
1028,77238,Keith Robbins,Belmont,0.0,0.5,0.0,1.0
1029,77239,Elijah Fisher,Seton Hall,1.0,0.5573770491803278,0.18181818181818182,1.0
1030,77241,Jackson Paveletzke,Ohio,0.0,0.13725490196078433,0.07865168539325842,0.4838709677419355
1031,77242,Ben Roy,Boston University,0.0,0.6153846153846154,0.6666666666666666,0.9090909090909091
1032,77243,Robert Jennings,Oklahoma St.,1.0,0.6666666666666666,0.0,1.0
1033,77244,Pop Isaacs,Texas A&M,0.0,0.20689655172413793,0.15384615384615385,0.7049180327868853
1034,77245,CJ Williams,Auburn,0.0,0.0,0.0,1.0
1035,77251,Christian Reeves,Charleston,0.8285714285714286,0.6442307692307693,0.5172413793103449,0.0
1036,77254,Jaden Schutt,Virginia Tech,0.0,0.16666666666666666,0.0,0.9230769230769231
1037,77255,Noah Shelby,Texas A&M,0.0,0.0,0.0,1.0
1038,77256,Paul Lewis,James Madison,0.0,0.6666666666666666,0.0,0.75
1039,77257,Keba Keita,BYU,0.6857142857142857,0.4935064935064935,1.0,0.0
1040,77258,Luka Tarlac,Cal Poly,1.0,0.25,0.0,1.0
1041,77259,Mason Falslev,Utah St.,0.6666666666666666,0.3464566929133858,0.1875,0.8085106382978723
1042,77260,Ethan Potter,Utah Tech,0.8518518518518519,0.7153846153846154,0.3974358974358974,1.0
1043,77264,Colin Smith,UC Santa Barbara,1.0,0.6666666666666666,0.17647058823529413,1.0
1044,77276,Malik Messina-Moore,Xavier,1.0,0.71875,0.5428571428571428,0.86
1045,77279,Connor Essegian,Nebraska,1.0,0.75,1.0,0.875
1046,77281,Zion Cruz,Rider,1.0,0.20408163265306123,0.17647058823529413,0.775
1047,77283,Rowan Brumbaugh,Tulane,0.0,0.2857142857142857,0.2727272727272727,0.8360655737704918
1048,77287,Jalen Hampton,Arkansas St.,0.8888888888888888,0.654320987654321,0.5,0.9
1049,77288,Jalen Pitre,Tennessee St.,0.7142857142857143,0.6271186440677966,0.3333333333333333,1.0
1050,77289,Evan Mahaffey,Akron,0.6774193548387096,0.5,0.48,0.9166666666666666
1051,77292,Terrance Arceneaux,N.C. State,0.0,0.2777777777777778,0.25,0.9333333333333333
1052,77293,Jaden Kirkwood,Holy Cross,0.0,0.0,0.0,0.0
1053,77299,Isaac Traudt,Creighton,1.0,0.7272727272727273,0.0,0.9666666666666667
1054,77300,Isaac McKneely,Louisville,1.0,0.4375,0.1,0.9479166666666666
1055,77302,Leon Bond III,Northern Iowa,0.88,0.5714285714285714,0.5454545454545454,0.8666666666666667
1056,77306,Dylan Darling,St. John's,0.0,0.15151515151515152,0.06666666666666667,0.6428571428571429
1057,77316,Jlynn Counter,Charleston,1.0,0.08045977011494253,0.11428571428571428,0.45161290322580644
1058,77320,Will Shaver,Samford,1.0,0.6190476190476191,1.0,1.0
1059,77321,ND Okafor,Washington St.,0.85,0.638095238095238,0.41025641025641024,0.0
1060,77323,Masai Troutman,George Mason,1.0,0.37142857142857144,0.09090909090909091,0.9375
1061,77324,Landon Lewis,Brown,0.8888888888888888,0.625,0.48484848484848486,1.0
1062,77325,Jamai Felt,Temple,1.0,0.5897435897435898,1.0,0.0
1063,77326,Anthony McComb III,Norfolk St.,0.0,0.3023255813953488,0.23684210526315788,0.9444444444444444
1064,77327,Kam Craft,Georgia Tech,1.0,0.6923076923076923,0.375,0.9574468085106383
1065,77328,Desmond Claude,Washington,1.0,0.4090909090909091,0.20833333333333334,0.5555555555555556
1066,77332,Drew Kania,Brown,0.0,1.0,0.0,0.0
1067,77334,Kadyn Betts,Montana,0.0,0.0,0.0,1.0
1068,77335,Braeden Carrington,Wisconsin,0.0,0.38461538461538464,0.0,0.8405797101449275
1069,77337,Damien Mayo Jr.,Southern Illinois,0.6666666666666666,0.3469387755102041,0.058823529411764705,0.8611111111111112
1070,77339,N.J. Benson,DePaul,0.810126582278481,0.7191780821917808,0.38461538461538464,0.0
1071,77342,Kyran Ratliff,Louisiana,0.0,0.5,1.0,1.0
1072,77343,Christian Watson,Hampton,1.0,0.5217391304347826,0.2222222222222222,0.7
1073,77344,AJ Casey,Evansville,0.6190476190476191,0.5393258426966292,0.34782608695652173,0.75
1074,77345,TJ Grant,Mercer,0.0,0.0,0.0,0.0
1075,77346,Michael Zanoni,Penn,0.0,0.6923076923076923,0.7068965517241379,1.0
1076,77347,Chancellor White,Northern Colorado,0.0,1.0,0.0,0.0
1077,77349,Danilo Jovanovich,Milwaukee,0.5,0.6578947368421053,0.1282051282051282,1.0
1078,77350,Favour Aire,Coppin St.,0.5,0.25,0.16666666666666666,1.0
1079,77356,Vernon Collins,Western Carolina,0.0,1.0,0.0,0.0
1080,77358,Brendan Yarusso,Santa Clara,0.0,0.0,0.0,1.0
1081,77361,Arnas Sakenis,SIU Edwardsville,0.8048780487804879,0.6938775510204082,0.5,0.0
1082,77367,DJ Richards,McNeese St.,0.0,0.6666666666666666,0.42857142857142855,0.9454545454545454
1083,77369,Mike Woods,Navy,0.75,0.40425531914893614,0.8,0.9230769230769231
1084,77371,Sam Krist,Navy,0.0,0.0,1.0,1.0
1085,77378,Jed Miller,Montana St.,0.0,0.10526315789473684,0.047619047619047616,0.4125
1086,77379,Rob Lawson,Morgan St.,0.0,0.25806451612903225,0.20454545454545456,0.84375
1087,77391,Joshua Jefferson,Iowa St.,0.5,0.42592592592592593,0.22916666666666666,0.9210526315789473
1088,77392,Grant Darbyshire,Cincinnati,0.0,0.0,0.0,0.0
1089,77393,Aidan Mahaney,UC Santa Barbara,0.0,0.22807017543859648,0.21212121212121213,0.7671232876712328
1090,77398,Walker Horn,Kentucky,0.0,0.0,0.0,1.0
1091,77402,Kevin Gad,Saint Mary's,0.0,0.5,0.0,1.0
1092,77404,Donovan Oday,Northern Kentucky,0.5625,0.37398373983739835,0.23076923076923078,0.8727272727272727
1093,77411,Keon Thompson,Stephen F. Austin,0.25,0.07874015748031496,0.09230769230769231,0.56
1094,77413,Caelum Swanton-Rodger,Old Dominion,0.7692307692307693,0.654320987654321,0.35714285714285715,0.0
1095,77414,Dion Brown,Saint Louis,0.25,0.5163934426229508,0.3076923076923077,0.9565217391304348
1096,77420,Trevan Leonhardt,Utah Valley,0.6,0.3875,0.2,0.7027027027027027
1097,77421,Juanse Gorosito,San Diego,0.0,0.45,0.24,0.8636363636363636
1098,77422,Kamari Lands,Middle Tennessee,0.0,0.1935483870967742,0.2,0.7142857142857143
1099,77424,Tae Davis,Oklahoma,0.8928571428571429,0.4370860927152318,0.25,1.0
1100,77427,Jaquan Sanders,Florida A&M,0.0,0.38461538461538464,0.3333333333333333,0.7894736842105263
1101,77428,Devin Ree,Jackson St.,1.0,0.47058823529411764,0.35294117647058826,0.8888888888888888
1102,77430,Maurice Odum,Arizona St.,0.0,0.1724137931034483,0.04,0.5393258426966292
1103,77432,Luke Hunger,George Washington,0.5,0.4925373134328358,0.75,1.0
1104,77433,Dior Johnson,Tarleton St.,0.0,0.2833333333333333,0.2830188679245283,0.8518518518518519
1105,77434,Guillermo Diaz Graham,San Francisco,0.8888888888888888,0.5652173913043478,0.0,1.0
1106,77435,Sean Jones,Marquette,0.0,0.0,0.0,0.7777777777777778
1107,77436,Leland Walker,Wyoming,0.0,0.030303030303030304,0.07317073170731707,0.7352941176470589
1108,77437,Tayshawn Comer,Nevada,0.0,0.16216216216216217,0.25925925925925924,0.7
1109,77438,Jackson Holt,Eastern Kentucky,0.0,0.5,0.4,0.9622641509433962
1110,77440,David Onanina,Bethune Cookman,0.0,0.3333333333333333,0.5,0.0
1111,77442,Chase Ross,Marquette,0.3125,0.35294117647058826,0.3,0.868421052631579
1112,77444,"Jerome Brewer, Jr.",La Salle,0.6666666666666666,0.6111111111111112,0.6521739130434783,0.9473684210526315
1113,77445,Alonzo Dodd,Appalachian St.,0.0,0.06060606060606061,0.09090909090909091,0.8787878787878788
1114,77446,D.J. Jefferson,Gardner Webb,0.75,0.42857142857142855,0.3333333333333333,0.7666666666666667
1115,77448,Tobe Awaka,Arizona,0.8636363636363636,0.6442307692307693,0.5,1.0
1116,77459,Kyle Evans,UC Irvine,0.9523809523809523,0.7557251908396947,0.68,1.0
1117,77460,Jayden Williams,Dartmouth,0.5,0.4666666666666667,0.0,0.9508196721311475
1118,77461,Brandon Mitchell-Day,Dartmouth,0.8333333333333334,0.4166666666666667,0.2857142857142857,1.0
1119,77462,Greg Cooper,Harvard,0.0,0.0,0.0,0.0
1120,77463,Jackson Munro,Dartmouth,0.6,0.5483870967741935,0.25,0.9354838709677419
1121,77465,Brody Robinson,Oakland,1.0,0.1724137931034483,0.0,0.5066666666666667
1122,77467,Cyril Martynov,Fairleigh Dickinson,0.8333333333333334,0.6375,0.4,1.0
1123,77468,Kanye Clary,Oklahoma St.,0.0,0.07407407407407407,0.0,0.38636363636363635
1124,77469,Kebba Njie,Notre Dame,1.0,0.7142857142857143,0.6,0.0
1125,77470,Mor Seck,Towson,0.9285714285714286,0.7741935483870968,0.7142857142857143,0.0
1126,77471,Avery Brown,Columbia,0.0,0.0,0.0,0.3333333333333333
1127,77472,Blair Thompson,Columbia,0.9166666666666666,0.5806451612903226,0.42857142857142855,1.0
1128,77474,Kyrese Mullen,New Mexico St.,0.0,0.5294117647058824,1.0,1.0
1129,77475,Kody Williams,Hampton,0.0,0.2857142857142857,1.0,0.8181818181818182
1130,77477,Greedy Williams,UNC Wilmington,0.0,0.09523809523809523,0.09523809523809523,0.7916666666666666
1131,77478,Demetrius Lilley,Binghamton,0.5,0.4827586206896552,0.6,1.0
1132,77479,Kimani Hamilton,UNLV,0.6842105263157895,0.47058823529411764,0.3125,0.8235294117647058
1133,77482,Tarris Reed Jr.,Connecticut,0.8421052631578947,0.7073170731707317,0.5869565217391305,0.0
1134,77483,Collin Metcalf,Maryland,1.0,0.4117647058823529,1.0,0.0
1135,77484,Dylan Andrews,Boise St.,0.0,0.21052631578947367,0.08,0.6190476190476191
1136,77487,Jack Seidler,UCLA,0.0,0.0,0.0,0.0
1137,77489,Jameel Brown,Delaware,0.0,0.0,0.0,0.625
1138,77491,Shawn Phillips Jr.,Missouri,0.8372093023255814,0.6172839506172839,0.5,0.0
1139,77495,Jaden Clayton,Pacific,0.0,0.07894736842105263,0.23529411764705882,0.8125
1140,77499,Cam Lawin,San Diego St.,0.0,0.0,0.0,1.0
1141,77500,Miles Byrd,San Diego St.,0.3333333333333333,0.3018867924528302,0.3333333333333333,0.9318181818181818
1142,77501,Elijah Saunders,Maryland,0.3333333333333333,0.4166666666666667,0.5454545454545454,0.9655172413793104
1143,77502,Toby Onyekonwu,Stony Brook,0.0,0.0,0.2,0.8333333333333334
1144,77504,Leon Nahar,Stony Brook,0.0,0.0,0.0,1.0
1145,77506,Jared Frey,UMass Lowell,0.0,0.25,0.4,1.0
1146,77510,Brody Rowbury,Idaho,0.0,0.49230769230769234,0.38461538461538464,0.9166666666666666
1147,77511,Jamarques Lawrence,Nebraska,0.0,0.625,0.5789473684210527,0.8545454545454545
1148,77515,Justin Bailey,Georgia,0.0,0.3333333333333333,0.0,0.8928571428571429
1149,77516,Samuel Murray,Mississippi Valley St.,0.6363636363636364,0.6111111111111112,0.5714285714285714,1.0
1150,77521,Braxton Stacker,Southeast Missouri St.,0.4444444444444444,0.28,0.375,0.925
1151,77524,Jaxon Edwards,IU Indy,0.75,0.5510204081632653,0.5454545454545454,1.0
1152,77534,Isaac Holmes,Saint Louis,0.0,1.0,0.0,1.0
1153,77539,Adam Hinton,Cornell,1.0,0.5,0.21052631578947367,0.9423076923076923
1154,77540,DJ Nix,Cornell,1.0,0.75,0.0,1.0
1155,77543,Carl Daughtery Jr.,UC Davis,0.0,0.36363636363636365,0.47368421052631576,0.9318181818181818
1156,77545,Anthony Dell'Orso,Arizona,0.4,0.42857142857142855,0.42857142857142855,0.88
1157,77547,Tony Osburn,Nebraska Omaha,0.0,0.42857142857142855,0.16,0.7903225806451613
1158,77548,Josh Baldwin,Cornell,1.0,0.6176470588235294,0.625,1.0
1159,77551,Larry Hughes II,Cal St. Northridge,0.6666666666666666,0.6086956521739131,0.45161290322580644,0.8404255319148937
1160,77555,Jalen Bolden,Texas St.,1.0,0.34782608695652173,0.4444444444444444,0.9047619047619048
1161,77558,Cam Cormany,Navy,0.0,0.0,0.0,0.5
1162,77562,Garry Clark,Utah St.,0.8333333333333334,0.5925925925925926,0.6875,1.0
1163,77571,Steven Jamerson II,UCLA,0.8,0.65,0.75,0.0
1164,77578,Andrew King,Youngstown St.,0.0,0.15384615384615385,0.2,0.6
1165,77594,Corey Washington,SMU,0.6666666666666666,0.39285714285714285,0.4782608695652174,1.0
1166,77600,Asjon Anderson,Alabama St.,0.0,0.06976744186046512,0.0,0.5490196078431373
1167,77606,Marcell McCreary,UT Arlington,1.0,0.2926829268292683,0.25,0.8333333333333334
1168,77610,Marshal Destremau,UT Rio Grande Valley,1.0,1.0,0.75,1.0
1169,77614,Connor Gal,Temple,0.0,0.3333333333333333,0.0,0.0
1170,77616,Charlie May,Michigan,0.0,0.0,0.0,1.0
1171,77617,Thierno Sylla,Memphis,0.5,0.45,0.6153846153846154,0.0
1172,77618,Poohpha Warakulnukroh,UCF,0.0,0.0,0.0,0.0
1173,77622,Rytis Petraitis,California,1.0,0.7272727272727273,0.0,1.0
1174,77623,Corbin Green,Troy,0.0,0.25,0.0,0.0
1175,77624,Kellan Boylan,Lipscomb,1.0,0.5555555555555556,0.0,1.0
1176,77629,Zytarious Mortle,Texas Southern,0.6666666666666666,0.2564102564102564,0.17391304347826086,0.7058823529411765
1177,77637,Shahid Muhammad,Florida St.,0.9,0.8461538461538461,0.0,0.0
1178,77639,David Gabriel,Seton Hall,0.0,0.0,0.0,0.0
1179,77640,AK Okereke,Vanderbilt,0.9,0.6,0.08333333333333333,0.975
1180,77656,Sola Adebisi,The Citadel,0.5625,0.5842696629213483,0.0,0.8333333333333334
1181,77661,Ahmet Jonovic,Bradley,0.9,0.5857142857142857,0.3181818181818182,1.0
1182,77664,AJ Redd,Illinois,0.0,0.5,0.0,1.0
1183,77665,Janko Bulajic,Lamar,1.0,0.9230769230769231,1.0,0.0
1184,77667,Ahmed Essahaty,Southeastern Louisiana,0.0,0.14285714285714285,0.0,1.0
1185,77669,Emmanuel Okorafor,Wichita St.,0.8064516129032258,0.6056338028169014,0.4444444444444444,0.0
1186,77672,Steven Tipton,Western Illinois,0.0,1.0,0.0,1.0
1187,77677,Simeon Wilcher,Texas,0.5,0.29411764705882354,0.07692307692307693,0.8275862068965517
1188,77678,Cameron Grant,Stanford,0.0,0.0,0.0,0.9230769230769231
1189,77679,Kanaan Carlyle,Florida Atlantic,0.0,0.41935483870967744,0.09523809523809523,0.631578947368421
1190,77688,Brandon Taylor,Texas,0.0,0.0,0.0,1.0
1191,77692,Shaquil Bender,Long Beach St.,0.0,0.15,0.1724137931034483,0.6521739130434783
1192,77694,Kevin Carney,Loyola Marymount,0.0,0.0,0.0,0.0
1193,77695,Sean Newman Jr.,San Diego St.,0.0,0.2222222222222222,0.14285714285714285,0.6666666666666666
1194,77697,Terri Miller Jr.,Portland St.,0.0,0.3137254901960784,0.3157894736842105,0.875
1195,77698,Jaylin Henderson,Portland St.,0.4444444444444444,0.1717171717171717,0.05405405405405406,0.6
1196,77699,Belal El Shakery,New Hampshire,0.5454545454545454,0.28431372549019607,0.041666666666666664,1.0
1197,77700,Jeremy Lorenz,DePaul,1.0,1.0,0.0,0.0
1198,77702,John Blackwell,Wisconsin,0.0,0.3275862068965517,0.29545454545454547,0.75
1199,77703,Jack Janicki,Wisconsin,0.5,0.5714285714285714,0.0,1.0
1200,77704,Nolan Winter,Wisconsin,0.8709677419354839,0.719626168224299,0.6666666666666666,1.0
1201,77705,Gus Yalden,Vermont,1.0,0.25663716814159293,0.10810810810810811,0.975609756097561
1202,77706,Tre'shawn Sheppard,LIU,0.3333333333333333,0.5263157894736842,0.5,1.0
1203,77707,Deng Garang,Le Moyne,0.46153846153846156,0.29411764705882354,0.1111111111111111,0.9761904761904762
1204,77708,Eric Acker,La Salle,0.6666666666666666,0.38461538461538464,0.25,0.9473684210526315
1205,77709,Jaylen Carey,Tennessee,0.8888888888888888,0.5980392156862745,0.875,0.0
1206,77710,AJ Dancler,Coastal Carolina,0.0,0.21568627450980393,0.06060606060606061,0.7012987012987013
1207,77711,Omaha Biliew,Wake Forest,0.8666666666666667,0.6666666666666666,0.25,1.0
1208,77713,Milan Momcilovic,Iowa St.,0.0,0.7777777777777778,0.26666666666666666,0.875
1209,77714,JT Rock,New Mexico,0.8947368421052632,0.717391304347826,0.8461538461538461,0.9565217391304348
1210,77719,Dani Pounds,Tennessee Tech,0.7,0.5454545454545454,0.35714285714285715,1.0
1211,77720,Grant Stubblefield,Nebraska Omaha,0.0,0.08333333333333333,0.2,1.0
1212,77722,Josh Jones,North Dakota,1.0,0.45454545454545453,0.2,0.0
1213,77725,Jamir Simpson,UTSA,0.4,0.16129032258064516,0.15217391304347827,0.8125
1214,77727,Zach Bell,Southern Utah,0.0,0.18181818181818182,0.25,0.5
1215,77729,Isaiah Manning,Sam Houston St.,0.3333333333333333,0.3333333333333333,0.0,0.7222222222222222
1216,77730,Jace Posey,TCU,0.8571428571428571,0.5526315789473685,0.2,1.0
1217,77731,Bangot Dak,Colorado,0.9302325581395349,0.717391304347826,0.7435897435897436,0.9285714285714286
1218,77732,Devin Curtis,Southern Indiana,0.8,0.4666666666666667,0.625,0.0
1219,77733,Rodney Brown Jr.,Loyola Marymount,1.0,0.38461538461538464,0.3888888888888889,0.7619047619047619
1220,77734,Ethan McComb,Butler,0.0,0.0,0.0,0.0
1221,77735,Augusto Cassia,Mississippi,0.7142857142857143,0.7857142857142857,0.2857142857142857,1.0
1222,77736,Boden Kapke,Boston College,0.7142857142857143,0.4444444444444444,0.34375,0.9655172413793104
1223,77737,Finley Bizjack,Butler,0.0,0.2857142857142857,0.2564102564102564,0.7941176470588235
1224,77738,Noah Melson,Fairleigh Dickinson,1.0,0.5384615384615384,0.3333333333333333,0.8095238095238095
1225,77739,Sean Cusano,Chattanooga,0.0,0.3333333333333333,0.0,1.0
1226,77740,Bryan Ndjonga,Canisius,0.631578947368421,0.582089552238806,0.3404255319148936,0.6774193548387096
1227,77741,Collin Mulholland,Chattanooga,0.0,0.4473684210526316,0.07142857142857142,1.0
1228,77749,Malachi Davis,LIU,0.5555555555555556,0.24285714285714285,0.14084507042253522,0.6590909090909091
1229,77750,Nic McClain,Belmont,0.6666666666666666,0.18518518518518517,0.16666666666666666,0.6428571428571429
1230,77752,Isaiah Moses,Eastern Washington,0.0,0.15217391304347827,0.13513513513513514,0.3387096774193548
1231,77754,Jeremiah Quigley,Binghamton,0.0,0.10714285714285714,0.02531645569620253,0.375
1232,77755,Jean Aranguren,George Washington,0.0,0.21311475409836064,0.0,0.6923076923076923
1233,77756,Gabe Cupps,Ohio St.,0.0,0.25,0.0,1.0
1234,77758,Mackenzie Mgbako,Texas A&M,0.0,0.5555555555555556,0.0,1.0
1235,77759,Jakai Newton,Georgia St.,0.25,0.2222222222222222,0.42857142857142855,0.8571428571428571
1236,77760,Ian Stephens,Indiana,0.0,1.0,0.0,0.0
1237,77761,Eli Shetlar,Drake,0.75,0.5714285714285714,0.5555555555555556,0.9041095890410958
1238,77762,Jaden Daughtry,Richmond,0.45454545454545453,0.35135135135135137,0.0,0.9583333333333334
1239,77763,Derek Vorst,Indiana St.,1.0,0.7555555555555555,0.75,1.0
1240,77765,Jaland Lowe,Kentucky,0.0,0.09090909090909091,0.125,0.4
1241,77769,Papa Amadou Kante,Pittsburgh,1.0,0.8571428571428571,0.5,0.0
1242,77770,Vincent Delano,Northern Colorado,1.0,0.3142857142857143,0.0,0.9545454545454546
1243,77771,Kelson Gebbers,Portland,0.0,1.0,1.0,1.0
1244,77772,Collin Kuhl,Stetson,0.75,0.6363636363636364,0.21428571428571427,1.0
1245,77775,Eren Banks,Appalachian St.,1.0,0.2,0.36363636363636365,0.9655172413793104
1246,77777,Ibrahim Souare,Syracuse,1.0,0.9,0.0,0.0
1247,77778,Amir Arrington,George Washington,0.0,0.0,0.0,0.0
1248,77779,Naithan George,Syracuse,0.0,0.21212121212121213,0.07142857142857142,0.3888888888888889
1249,77780,Avantae Parker,Queens,0.5666666666666667,0.5259259259259259,0.1111111111111111,0.75
1250,77783,Keyshawn Mitchell,VCU,1.0,0.8461538461538461,1.0,1.0
1251,77785,Almar Atlason,Miami OH,0.5555555555555556,0.46875,0.18181818181818182,0.9803921568627451
1252,77786,Aaron Davis,Bryant,0.6666666666666666,0.37037037037037035,0.14285714285714285,0.8823529411764706
1253,77788,Demarion Burch,Bradley,0.0,0.2702702702702703,0.22727272727272727,0.72
1254,77789,Hunter Harding,Indiana St.,1.0,1.0,1.0,1.0
1255,77790,Shaedon Simpson,Saint Peter's,1.0,0.6,0.0,0.8888888888888888
1256,77792,Bryce Eaton,Saint Peter's,0.0,0.3333333333333333,0.09090909090909091,0.6190476190476191
1257,77794,"Darin Smith, Jr.",Central Connecticut,0.7142857142857143,0.3333333333333333,0.1864406779661017,0.8518518518518519
1258,77800,Jerry Huang,Utah,0.0,0.0,0.0,0.0
1259,77801,Ayomide Bamisile,Louisiana Monroe,0.5714285714285714,0.4166666666666667,0.3333333333333333,0.0
1260,77802,Trey Horton,UTEP,0.0,0.0,0.6666666666666666,0.9473684210526315
1261,77803,David Terrell Jr.,North Texas,0.2,0.23157894736842105,0.08,0.5555555555555556
1262,77806,Jake Wahlin,Clemson,0.6666666666666666,0.2916666666666667,0.16666666666666666,0.9705882352941176
1263,77807,Jayden Teat,Sacramento St.,0.0,0.3333333333333333,0.1,0.84
1264,77808,Nazar Mahmoud,Grambling St.,0.0,0.0,0.0,0.0
1265,77809,Marqueas Bell,Southeast Missouri St.,0.3333333333333333,0.25301204819277107,0.2,1.0
1266,77810,Dontae Horne,Prairie View A&M,0.0,0.22608695652173913,0.3333333333333333,0.6304347826086957
1267,77811,William Humer,Northern Colorado,0.0,0.0,0.0,0.0
1268,77815,Kwo Agwa,UT Rio Grande Valley,0.9285714285714286,0.8285714285714286,0.5,1.0
1269,77821,Terrence Brown,Utah,0.45,0.3262411347517731,0.1,0.9375
1270,77823,Chuck Bailey III,Nevada,0.0,0.5294117647058824,0.38461538461538464,0.9285714285714286
1271,77826,Joshua Hughes,Evansville,0.5,0.5897435897435898,0.4375,0.9512195121951219
1272,77832,Jace Rayl,Purdue,0.0,0.0,0.0,0.0
1273,77833,Corey Hadnot II,Purdue Fort Wayne,0.15384615384615385,0.16911764705882354,0.03225806451612903,0.7592592592592593
1274,77834,Myles Colvin,Wake Forest,0.45454545454545453,0.3584905660377358,0.0,0.9152542372881356
1275,77837,Marcus Hill,Texas A&M,0.0,0.3942307692307692,0.42857142857142855,0.8666666666666667
1276,77838,Quentin Bolton Jr.,Northwestern St.,0.0,0.0,0.0,1.0
1277,77842,Keonte Jones,Dayton,0.6071428571428571,0.5476190476190477,0.42857142857142855,1.0
1278,77843,Mahmoud Fofana,Cal St. Northridge,0.9,0.7482517482517482,0.0,1.0
1279,77845,Joel Armotrading,Nevada,0.7272727272727273,0.5833333333333334,0.5,0.0
1280,77847,Jacob Meyer,UAB,0.0,0.37254901960784315,0.45454545454545453,0.967741935483871
1281,77849,Adam Clark,Seton Hall,0.0,0.07692307692307693,0.08421052631578947,0.6666666666666666
1282,77853,Mason Jones,Ball St.,0.0,0.5833333333333334,0.4,0.9545454545454546
1283,77856,Omar Adegbola,Northwestern St.,0.0,0.36363636363636365,0.2,0.8888888888888888
1284,77858,Ryan Lopez,Chattanooga,0.0,0.0,0.0,0.0
1285,77863,Chrishawn Christmas,Stephen F. Austin,0.75,0.5492957746478874,0.5,0.0
1286,77865,Toyaz Solomon,UNC Asheville,0.75,0.36619718309859156,0.27631578947368424,1.0
1287,77868,Josiah Hammons,Illinois Chicago,0.0,0.5714285714285714,0.3333333333333333,0.98
1288,77869,Tidjiane Dioumassi,Western Carolina,0.0,0.12,0.043478260869565216,0.6666666666666666
1289,77871,Jaylen Jones,Jacksonville,0.14285714285714285,0.08955223880597014,0.07142857142857142,0.5
1290,77872,Drew Scharnowski,Belmont,0.7954545454545454,0.5785123966942148,0.875,1.0
1291,77876,KJ Swain,Saint Francis,0.0,0.0,1.0,0.6666666666666666
1292,77879,Mac Wrecke,Green Bay,1.0,0.45454545454545453,0.0,1.0
1293,77881,Blake Buchanan,Iowa St.,0.8135593220338984,0.6581196581196581,0.7142857142857143,0.0
1294,77882,Desmond Roberts,Virginia,0.0,0.0,0.0,0.0
1295,77883,Seth Joba,Idaho,0.8333333333333334,0.375,0.5,1.0
1296,77884,Noah Barnett,Vermont,0.875,0.6538461538461539,0.6666666666666666,1.0
1297,77886,Owen Freeman,Creighton,0.9090909090909091,0.6666666666666666,0.4,0.0
1298,77887,Carter Lang,Virginia,0.0,0.0,0.0,1.0
1299,77888,Jordann Dumont,VCU,0.0,0.0,0.0,0.0
1300,77889,Jason Rivera-Torres,Monmouth,0.75,0.32894736842105265,0.17777777777777778,0.7647058823529411
1301,77890,"JaQualon ""JQ"" Roberts",Davidson,0.875,0.6923076923076923,0.0,1.0
1302,77891,DaJohn Craig,Coastal Carolina,0.6666666666666666,0.375,0.14285714285714285,0.7575757575757576
1303,77892,Jeremy Fears Jr.,Michigan St.,0.0,0.1864406779661017,0.12698412698412698,0.8571428571428571
1304,77894,Luke Davidson,Fairfield,0.0,0.0,0.0,0.0
1305,77897,Josh Lee,Denver,0.0,0.42857142857142855,0.3333333333333333,0.8333333333333334
1306,77900,Jasper Floyd,West Virginia,0.0,0.2926829268292683,0.0,0.782608695652174
1307,77901,Nakyel Shelton,Loyola Marymount,0.0,0.2857142857142857,0.0,1.0
1308,77902,Takai Simpkins,Oregon,0.5555555555555556,0.3541666666666667,0.20689655172413793,0.96
1309,77904,Youssouf Singare,High Point,0.0,0.5,0.0,0.0
1310,77905,Jayden Ross,Connecticut,0.6,0.5862068965517241,0.14285714285714285,1.0
1311,77909,Fred Payne,Boston College,0.4444444444444444,0.32727272727272727,0.2542372881355932,0.6865671641791045
1312,77911,Errol White,Lamar,1.0,0.5555555555555556,0.875,0.0
1313,77912,Emmanuel Ugbo,Washington St.,1.0,0.7241379310344828,0.2727272727272727,0.9166666666666666
1314,77913,Kevin Patton Jr.,New Mexico,1.0,0.6666666666666666,0.0,0.0
1315,77916,Bilal Abdur-Rahman,Alabama A&M,0.0,0.1111111111111111,0.3333333333333333,0.6363636363636364
1316,77918,Grady Whitt,UNC Wilmington,0.0,0.0,0.0,0.0
1317,77919,TJ Biel,Maine,0.8095238095238095,0.5964912280701754,0.275,0.9722222222222222
1318,77921,Doug Young,Prairie View A&M,0.0,0.5,0.16666666666666666,1.0
1319,77929,Malek Gomma,Weber St.,0.8636363636363636,0.5529411764705883,0.3,1.0
1320,77930,Will Heimbrodt,Seattle,0.6,0.32075471698113206,0.1724137931034483,0.9444444444444444
1321,77931,David Tubek,UTEP,0.0,0.0,0.0,1.0
1322,77932,Isaiah Coleman,Oklahoma St.,0.8,0.6612903225806451,0.3181818181818182,0.5
1323,77933,Bukky Oboye,Santa Clara,0.8518518518518519,0.7473684210526316,0.16666666666666666,1.0
1324,77935,Luke McEldon,Mount St. Mary's,0.7894736842105263,0.5294117647058824,0.5,0.0
1325,77936,Isaac Bruns,South Dakota,0.0,0.3,0.14705882352941177,0.9130434782608695
1326,77937,Shey Eberwein,South Dakota,0.4,0.16666666666666666,0.0,0.6666666666666666
1327,77938,Josh Scovens,Davidson,0.9090909090909091,0.6075949367088608,0.25,1.0
1328,77939,Zach Halligan,Akron,0.0,0.6470588235294118,0.0,0.8888888888888888
1329,77940,Marvin Musiime-Kamali,Akron,0.0,0.65,1.0,0.0
1330,77941,Luke Wilson,Appalachian St.,0.7142857142857143,0.5543478260869565,0.125,0.0
1331,77942,Jordan Marsh,USC,0.0,0.38461538461538464,0.3333333333333333,0.7
1332,77944,Ma'Shy Hill,Abilene Christian,1.0,0.8095238095238095,0.75,0.0
1333,77945,Darrion Baker,SIU Edwardsville,0.0,0.16666666666666666,0.5625,0.9393939393939394
1334,77948,Tyran Cook,Western Illinois,0.0,0.10526315789473684,0.0625,1.0
1335,77950,Koree Cotton,UT Rio Grande Valley,0.5,0.4939759036144578,0.36363636363636365,0.803921568627451
1336,77951,Michael Belle,VCU,0.9,0.484375,0.2857142857142857,0.9
1337,77952,AJ Clark,VMI,0.5833333333333334,0.46153846153846156,0.0,0.75
1338,77953,Stephen Olowoniyi,Oregon St.,1.0,0.3333333333333333,0.0,0.0
1339,77955,Walker Andrews,VMI,0.0,0.0,0.4,0.7647058823529411
1340,77959,Greg Gordon,LIU,0.6323529411764706,0.4514285714285714,0.21052631578947367,1.0
1341,77960,Augustinas Kiudulas,Colorado St.,0.0,0.5172413793103449,0.4444444444444444,1.0
1342,77961,Julius Mims,New Mexico St.,0.918918918918919,0.7634408602150538,0.7777777777777778,1.0
1343,77962,Tyler Mrus,BYU,0.0,0.0,1.0,1.0
1344,77963,Quinn Denker,Northern Colorado,0.0,0.1875,0.1076923076923077,0.825
1345,77964,EJ Neal,USC,1.0,1.0,0.0,0.0
1346,77965,Cooper Bean,Indiana St.,0.0,1.0,1.0,1.0
1347,77967,Eli Rice,Penn St.,0.0,0.42857142857142855,0.4,0.9512195121951219
1348,77968,Marcel Bryant,Prairie View A&M,0.0,0.3333333333333333,0.3333333333333333,0.6
1349,77973,Reid Lovelace,Oklahoma,0.0,0.0,0.0,1.0
1350,77978,Leeroy Odiahi,Western Kentucky,1.0,0.9,1.0,0.0
1351,77980,Jailen Bedford,Virginia Tech,0.5555555555555556,0.24528301886792453,0.13636363636363635,0.75
1352,77981,Tariq Francis,Rutgers,0.0,0.125,0.26804123711340205,0.7884615384615384
1353,77982,JJ Chaikovsky,Long Beach St.,0.0,0.6666666666666666,0.0,0.0
1354,77983,Jeffrey Akintolu,NJIT,0.0,0.0,0.0,1.0
1355,77984,Cornelius Robinson Jr.,Monmouth,0.25,0.5641025641025641,0.15,1.0
1356,77986,Cameron Piggee,NJIT,0.0,0.0,1.0,0.8333333333333334
1357,77990,Sebastian Robinson,NJIT,1.0,0.21621621621621623,0.09722222222222222,0.9166666666666666
1358,77991,Brady Dunlap,Saint Louis,1.0,0.5,0.0,0.9583333333333334
1359,77993,Miles Rose,Albany,0.0,0.1875,0.25,1.0
1360,77996,Kennard Davis Jr.,BYU,1.0,0.4838709677419355,0.4,0.9433962264150944
1361,77997,Sheridan Sharp,Southern Indiana,0.0,0.037037037037037035,0.0,0.5
1362,77999,BJ Ward,Southeast Missouri St.,0.0,0.05405405405405406,0.14285714285714285,0.7755102040816326
1363,78000,Kachi Nzeh,Little Rock,0.8421052631578947,0.5333333333333333,0.23809523809523808,0.9782608695652174
1364,78001,Kamari Jones,Cleveland St.,0.0,0.42857142857142855,0.3333333333333333,0.8888888888888888
1365,78002,Dailyn Swain,Texas,0.36,0.17037037037037037,0.05128205128205128,0.59375
1366,78008,Gabe Dynes,USC,0.9545454545454546,0.8787878787878788,0.0,0.0
1367,78009,Jack Edelen,Western Kentucky,0.0,0.16666666666666666,0.0,1.0
1368,78010,Osiris Grady,UC Riverside,0.7307692307692307,0.7866666666666666,0.6,0.875
1369,78011,Kahlil Singleton,Canisius,0.0,0.6538461538461539,0.23529411764705882,0.8192771084337349
1370,78014,DeAndre Williams,Holy Cross,0.0,0.38461538461538464,0.12195121951219512,0.8888888888888888
1371,78016,KiJan Robinson,New Hampshire,0.0,0.06976744186046512,0.0,0.7857142857142857
1372,78017,Silas Demary Jr.,Connecticut,0.0,0.16666666666666666,0.1,0.45714285714285713
1373,78018,Dylan James,Georgia,0.75,0.47619047619047616,0.25,1.0
1374,78019,Joe Nugent,Holy Cross,0.0,0.4375,0.42105263157894735,0.9583333333333334
1375,78022,Jordan Clayton,Northwestern,0.0,0.5,0.75,0.96875
1376,78023,Dez White,Oregon St.,0.0,0.2,0.2,0.8181818181818182
1377,78024,Blake Barkley,East Tennessee St.,0.75,0.5462184873949579,0.23809523809523808,1.0
1378,78026,Dennis Evans,Grand Canyon,0.8823529411764706,0.9,0.75,0.0
1379,78027,Curtis Williams Jr.,Tulane,0.5,0.35294117647058826,0.34782608695652173,0.8181818181818182
1380,78028,Ty-Laur Johnson,San Diego,0.5,0.3230769230769231,0.36666666666666664,0.8260869565217391
1381,78031,Joshua Ingram,Lehigh,0.7272727272727273,0.4,0.043478260869565216,0.6808510638297872
1382,78034,Jake Pike,Lehigh,1.0,0.5,1.0,1.0
1383,78036,Cam Gillus,Howard,0.0,0.3333333333333333,0.47619047619047616,0.7333333333333333
1384,78037,Dylan Saunders,New Hampshire,0.0,0.0,0.0,1.0
1385,78038,Ametri Moss,Le Moyne,0.0,0.6666666666666666,0.0,0.0
1386,78039,George Marshall,Morehead St.,0.6666666666666666,0.45,0.25,0.9473684210526315
1387,78043,Jeremiah Burke,Denver,0.7142857142857143,0.2711864406779661,0.03571428571428571,0.9411764705882353
1388,78048,De'Shayne Montgomery,Dayton,0.45714285714285713,0.43478260869565216,0.3333333333333333,0.7692307692307693
1389,78049,Simeon Murchison,Milwaukee,0.0,0.75,0.0,0.0
1390,78050,George Washington III,Florida Gulf Coast,0.0,0.0,0.25,1.0
1391,78055,Chris Loofe,Middle Tennessee,0.95,0.6721311475409836,0.25,1.0
1392,78058,Bailey Nunn,Cal St. Fullerton,0.0,0.0,0.0,0.9629629629629629
1393,78062,Ife West-Ingram,Albany,1.0,0.75,0.75,0.0
1394,78063,Alvaro Folgueiras,Iowa,0.7058823529411765,0.5384615384615384,0.25,0.9722222222222222
1395,78065,CJ Beaumont,Sam Houston St.,1.0,0.875,0.0,0.875
1396,78066,Armoni Zeigler,Ball St.,0.25,0.14285714285714285,0.23333333333333334,0.7741935483870968
1397,78068,AJ LaBeau,Cornell,0.0,0.0,0.0,0.0
1398,78069,Solomon Callaghan,Wright St.,0.0,0.45,0.2,0.7
1399,78070,Parker Gerrits,Washington St.,0.0,0.5,0.0,0.8
1400,78071,Isaiah Watts,Maryland,1.0,0.625,0.6666666666666666,0.9310344827586207
1401,78072,Spencer Mahoney,Temple,0.0,0.0,0.0,0.0
1402,78074,Vincent Ricchiuti,Wake Forest,0.0,0.0,0.0,1.0
1403,78076,Myles Rigsby,Tulsa,0.5,0.2682926829268293,0.0,0.9166666666666666
1404,78077,Victor Valdes,Troy,1.0,0.3163265306122449,0.14285714285714285,0.7931034482758621
1405,78078,Thomas Dowd,Troy,0.5,0.4444444444444444,0.24,0.7666666666666667
1406,78079,Marcus Rigsby Jr.,UT Arlington,1.0,0.5263157894736842,0.2857142857142857,0.8571428571428571
1407,78080,Jarred Hall,Middle Tennessee,1.0,0.75,1.0,1.0
1408,78083,Maki Johnson,East Tennessee St.,1.0,0.3076923076923077,0.0,0.96
1409,78084,Jaden Harris,Kennesaw St.,0.0,0.3333333333333333,0.25,0.868421052631579
1410,78088,Jamal Albritton,North Alabama,0.0,0.3333333333333333,1.0,0.0
1411,78089,Jake Davis,Illinois,0.0,0.6666666666666666,0.0,0.9814814814814815
1412,78090,Michael Nwoko,LSU,0.9090909090909091,0.652542372881356,0.5405405405405406,0.0
1413,78091,David Thomas,Richmond,0.0,0.1111111111111111,0.375,0.9166666666666666
1414,78092,Jerone Morton,Washington St.,0.0,0.21212121212121213,0.23529411764705882,0.45161290322580644
1415,78093,Mikey Williams,Sacramento St.,1.0,0.4166666666666667,0.02564102564102564,0.5555555555555556
1416,78094,JJ Taylor,Northern Illinois,0.0,0.2,0.0,0.0
1417,78095,Anthony Benard,Canisius,0.0,0.2,0.25,0.875
1418,78096,Ashton Hardaway,Memphis,0.6666666666666666,0.5263157894736842,0.2222222222222222,0.8695652173913043
1419,78098,Eddie Ricks III,James Madison,0.65,0.4489795918367347,0.16666666666666666,1.0
1420,78099,Tyler Ringgold,Tulane,0.5,0.36666666666666664,0.5714285714285714,1.0
1421,78100,Bryce Lindsay,Villanova,0.0,0.275,0.07142857142857142,0.6666666666666666
1422,78101,Chris Fields Jr.,Campbell,0.8,0.4461538461538462,0.21428571428571427,1.0
1423,78102,Jordan Leaks,Norfolk St.,0.0,0.23529411764705882,0.375,0.88
1424,78103,Cameron Barnes,Illinois St.,0.0,0.0,0.0,0.0
1425,78105,Rashaud Marshall,Austin Peay,0.8823529411764706,0.6907894736842105,0.5,0.0
1426,78108,Jordan Pickett,SIU Edwardsville,0.0,0.3125,0.3333333333333333,0.9090909090909091
1427,78109,Tai Hamilton,Winthrop,1.0,0.6666666666666666,0.0,0.0
1428,78112,Eli Wilborn,James Madison,0.8,0.6129032258064516,0.0,0.0
1429,78114,Miles Heide,San Diego St.,0.9411764705882353,0.6785714285714286,0.18181818181818182,1.0
1430,78115,BJ Davis,San Diego St.,0.6666666666666666,0.24390243902439024,0.09090909090909091,0.75
1431,78118,Kam Burton,Stephen F. Austin,1.0,1.0,0.4,0.9452054794520548
1432,78119,Malachi Brown,Georgia St.,0.0,0.09523809523809523,0.10869565217391304,0.7222222222222222
1433,78120,Eli DeLaurier,East Carolina,0.0,0.7777777777777778,0.6333333333333333,1.0
1434,78121,Tan Yildizoglu,VMI,0.0,0.1694915254237288,0.2,0.6451612903225806
1435,78131,Jerry Deng,N.C. State,1.0,0.8,0.0,0.8181818181818182
1436,78132,Donovan Raymond,Old Dominion,0.6666666666666666,0.6,0.0,0.0
1437,78133,Chris Johnson,UCF,1.0,0.4375,0.0,0.5161290322580645
1438,78136,Devon Pryor,Oregon,0.6,0.45454545454545453,0.5,1.0
1439,78137,Alex Doyle,Stetson,0.0,0.5,0.5,1.0
1440,78138,Isaac Jones,Stetson,0.0,0.0,0.0,0.0
1441,78140,Jordan Ross,Georgia,0.0,0.12195121951219512,0.1111111111111111,0.8461538461538461
1442,78142,Tucker Anderson,Utah St.,1.0,0.7272727272727273,0.0,1.0
1443,78143,Brandon Baffone,Delaware,0.0,0.0,0.0,0.0
1444,78145,Casey O'Malley,Marquette,0.0,0.0,0.0,0.0
1445,78147,AC Bryant,Jacksonville St.,0.3333333333333333,0.23076923076923078,0.0,0.7407407407407407
1446,78149,Javion Guy-King,Central Arkansas,0.0,0.2553191489361702,0.36363636363636365,0.8181818181818182
1447,78152,Logan Carey,Maine,0.6666666666666666,0.3108108108108108,0.16666666666666666,0.7894736842105263
1448,78153,Aaron McBride,Loyola Marymount,0.6666666666666666,0.5,0.25,1.0
1449,78154,Tre Norman,Marquette,1.0,0.45,0.0,1.0
1450,78155,Isaac Bonilla,Maine,0.0,0.0,0.3333333333333333,0.9090909090909091
1451,78156,Al Amadou,Saint Joseph's,0.0,0.0,0.0,0.0
1452,78157,Zaide Lowery,Marquette,0.7777777777777778,0.7368421052631579,0.0,1.0
1453,78158,Jahnathan Lamothe,UNC Wilmington,0.0,0.16666666666666666,0.0,0.8518518518518519
1454,78159,DeShawn Harris-Smith,Georgetown,0.0,0.5833333333333334,0.0,0.0
1455,78160,Braden Pierce,Villanova,0.8888888888888888,0.9166666666666666,1.0,0.0
1456,78161,Michael Teal,Maryland Eastern Shore,0.5,0.2682926829268293,0.3333333333333333,1.0
1457,78162,James Morrow,South Carolina St.,0.7777777777777778,0.6086956521739131,0.6521739130434783,1.0
1458,78163,Wilson Dubinsky,Marshall,0.0,0.0,0.14285714285714285,0.8974358974358975
1459,78165,Quinn Peters,Monmouth,0.0,0.0,0.0,0.0
1460,78166,Jack Leahy,Monmouth,0.0,0.0,0.0,0.0
1461,78167,Corey Miller,Monmouth,0.0,0.16666666666666666,1.0,0.75
1462,78168,Danny Stephens,Western Illinois,1.0,0.16666666666666666,0.5,0.9090909090909091
1463,78169,Trent Pierce,Missouri,0.6666666666666666,0.6052631578947368,0.0,1.0
1464,78172,Cedric Lath,Houston,1.0,0.75,0.0,0.0
1465,78174,Rory Hawke,Saint Mary's,1.0,0.6190476190476191,0.5,1.0
1466,78175,Freddie Dilione V,Penn St.,0.5,0.3283582089552239,0.09230769230769231,0.7142857142857143
1467,78176,Julian Gabbidon,Navy,0.0,1.0,0.0,0.0
1468,78178,Jordan Pennick,Navy,0.0,0.38095238095238093,0.35714285714285715,1.0
1469,78181,Jinwoo Kim,Navy,0.0,0.6,0.625,0.9433962264150944
1470,78182,Cam Cole,Navy,0.5,0.38095238095238093,0.0,1.0
1471,78185,Nyles Howard,Navy,1.0,0.6,0.0,0.0
1472,78186,Kyle Pock,Northern Iowa,0.0,0.6666666666666666,0.0,0.9629629629629629
1473,78187,Kade Douglas,Tarleton St.,0.0,0.10526315789473684,0.0,0.8333333333333334
1474,78189,RJ Taylor,Northern Iowa,0.0,0.0,0.2857142857142857,0.7272727272727273
1475,78192,Layden Blocker,DePaul,0.3333333333333333,0.16666666666666666,0.19230769230769232,0.7142857142857143
1476,78193,Baye Fall,Rutgers,1.0,0.5,0.0,0.0
1477,78194,Makaih Williams,Grand Canyon,0.0,0.171875,0.08333333333333333,0.5714285714285714
1478,78203,Stephen Byard,Chicago St.,1.0,0.6888888888888889,0.4375,0.8
1479,78207,Djahi Binet,Southern Miss,0.6842105263157895,0.5597014925373134,0.2857142857142857,1.0
1480,78211,Jalyke Gaines-Wyatt,Hampton,0.0,0.17647058823529413,0.2857142857142857,0.7894736842105263
1481,78212,Seydou Traore,Utah,0.8,0.40540540540540543,0.16666666666666666,0.9302325581395349
1482,78214,Nick Richart,Charlotte,1.0,1.0,0.0,0.0
1483,78215,Braeden Shrewsberry,Notre Dame,0.0,0.2,0.22727272727272727,0.6818181818181818
1484,78216,Carey Booth,Colorado St.,0.6571428571428571,0.609375,0.23076923076923078,0.9411764705882353
1485,78217,Christian Jones,George Washington,0.0,0.25,0.0,0.7209302325581395
1486,78218,Markus Burton,Notre Dame,0.0,0.09375,0.09090909090909091,0.5454545454545454
1487,78219,Logan Imes,Notre Dame,0.0,0.24,0.0,0.92
1488,78220,Morris Ugusuk,West Virginia,0.0,0.8,0.0,0.8333333333333334
1489,78221,Austin Herro,St. Thomas,0.0,0.25,0.0,0.8571428571428571
1490,78222,Arden Conyers,Charlotte,0.875,0.6666666666666666,0.2,0.9215686274509803
1491,78224,Jerrell Bellamy,Troy,0.9512195121951219,0.8764044943820225,0.7142857142857143,1.0
1492,78226,Lazar Djokovic,VCU,0.7878787878787878,0.611764705882353,0.4827586206896552,1.0
1493,78227,Jonas Sirtautas,Loyola MD,0.8888888888888888,0.5757575757575758,0.3333333333333333,1.0
1494,78228,Christian Bliss,Delaware,0.0,0.03389830508474576,0.07142857142857142,0.35384615384615387
1495,78229,Aday Mara,Michigan,0.7901234567901234,0.6540880503144654,0.46153846153846156,1.0
1496,78230,Kris Parker,UCF,0.5,0.45454545454545453,0.0,1.0
1497,78232,Jarin Stevenson,North Carolina,0.8666666666666667,0.7959183673469388,0.16666666666666666,1.0
1498,78233,Mouhamed Dioubate,Kentucky,0.7272727272727273,0.4794520547945205,0.5555555555555556,1.0
1499,78235,Sam Walters,SMU,1.0,0.5714285714285714,0.5,1.0
1500,78237,Cam Christy,Winthrop,0.0,0.0,0.0,0.0
1501,78238,Christian Coleman,Oklahoma St.,0.8235294117647058,0.5925925925925926,0.42857142857142855,0.875
1502,78239,Chase Henderson,Montana,0.0,0.5,0.0,1.0
1503,78240,Zack Davidson,Northern Arizona,1.0,0.5526315789473685,0.36,1.0
1504,78241,Money Williams,Montana,0.0,0.07368421052631578,0.1111111111111111,0.5510204081632653
1505,78243,Connor Dick,Montana,1.0,0.7142857142857143,0.0,1.0
1506,78245,Devin Williams,Florida Atlantic,0.8571428571428571,0.6229508196721312,0.75,1.0
1507,78246,Jan Vide,Loyola Marymount,0.0,0.1590909090909091,0.20833333333333334,0.875
1508,78249,Courtney Anderson,Montana,0.0,1.0,0.0,1.0
1509,78253,Sam Wright,Colgate,0.0,0.5652173913043478,0.4,0.972972972972973
1510,78254,Seamus McDermott,Duquesne,0.0,0.0,0.0,0.0
1511,78255,Cooper Wright,Colgate,0.0,0.5625,0.25,0.0
1512,78257,Jalen Cox,Colgate,0.0,0.20192307692307693,0.19230769230769232,0.47058823529411764
1513,78259,Josiah Dotzler,South Dakota,0.0,1.0,0.0,0.0
1514,78260,Brock Vice,Murray St.,0.75,0.7058823529411765,0.0,1.0
1515,78262,Braelon Green,Eastern Michigan,0.0,0.3684210526315789,0.0,0.7333333333333333
1516,78264,Sebastian Hartmann,Chattanooga,0.0,0.75,0.0,0.875
1517,78267,Chip Brunt,Northwestern St.,0.0,0.0625,0.25,1.0
1518,78269,Keenan Bey,UMass Lowell,0.0,0.0,0.0,0.0
1519,78271,Vice Zanki,Niagara,0.3333333333333333,0.5652173913043478,0.15,0.9523809523809523
1520,78272,Emmett Marquardt,Eastern Washington,0.75,0.5555555555555556,0.5454545454545454,0.9310344827586207
1521,78273,Zion Stanford,Villanova,0.0,0.5,0.0,0.0
1522,78277,Cade Phillips,Tennessee,0.9090909090909091,0.8,0.5,0.0
1523,78279,Cameron Carr,Baylor,0.7954545454545454,0.5903614457831325,0.3125,0.7012987012987013
1524,78280,J.P. Estrella,Tennessee,0.8787878787878788,0.6185567010309279,0.8974358974358975,1.0
1525,78281,Rueben Chinyelu,Florida,0.84375,0.5128205128205128,0.5454545454545454,0.0
1526,78282,Christian King,Montana St.,1.0,0.37142857142857144,0.043478260869565216,0.8367346938775511
1527,78283,Max Frazier,Central Connecticut,0.9285714285714286,0.7610619469026548,0.4666666666666667,0.0
1528,78285,Mike Evbagharu,Canisius,1.0,0.39436619718309857,0.38095238095238093,0.8
1529,78290,Mosi Clayton,Siena,0.0,0.0,0.0,0.0
1530,78291,Tunde Vahlberg Fasasi,William & Mary,1.0,0.6119402985074627,0.5555555555555556,0.84
1531,78292,Jamar Brown,UCLA,0.5,0.7,1.0,1.0
1532,78293,Louie Semona,Western Kentucky,0.0,0.0,0.0,1.0
1533,78294,Drew Fielder,Boise St.,0.7894736842105263,0.38028169014084506,0.22727272727272727,0.8378378378378378
1534,78300,Todd Brogna,Merrimack,1.0,0.34615384615384615,0.0,0.9565217391304348
1535,78301,Mason So,Mount St. Mary's,0.0,0.125,0.0,0.7619047619047619
1536,78304,Zvonimir Ivisic,Illinois,0.926829268292683,0.8333333333333334,0.4,0.9642857142857143
1537,78305,Joaquim ArauzMoore,Gonzaga,0.0,0.0,0.0,0.5
1538,78306,Pavle Stosic,Pepperdine,0.0,0.6428571428571429,0.3333333333333333,1.0
1539,78307,Thomas Tillman,Furman,0.0,0.0,0.0,0.0
1540,78308,Payton Pitts,Harvard,0.0,0.0,0.0,0.0
1541,78313,Drew Carter,Oregon,0.0,0.6666666666666666,0.25,0.9375
1542,78315,Dominique Daniels Jr.,Cal Baptist,0.3333333333333333,0.10687022900763359,0.06349206349206349,0.4153846153846154
1543,78316,Cayden Vasko,Wofford,0.2,0.17777777777777778,0.14285714285714285,0.6851851851851852
1544,78317,Jacob Bannarbie,UNLV,0.875,0.5918367346938775,0.0,0.0
1545,78319,Brooklyn Hicks,Montana,0.25,0.40816326530612246,0.5,0.8888888888888888
1546,78320,Marqui Worthy,UC Riverside,0.0,0.25287356321839083,0.2608695652173913,0.6956521739130435
1547,78322,Jayden Ndjigue,Massachusetts,1.0,0.5454545454545454,0.3548387096774194,1.0
1548,78324,Cooper Josefsberg,Florida,0.0,0.0,0.0,1.0
1549,78326,Jakel Powell,UNC Asheville,0.0,0.0,0.0,0.6666666666666666
1550,78329,Ian Imegwu,Cornell,1.0,0.3333333333333333,0.0,1.0
1551,78330,Jacob Beccles,Cornell,0.0,0.17307692307692307,0.6,0.8421052631578947
1552,78331,Matt Reed,Iona,1.0,0.5714285714285714,0.0,1.0
1553,78333,Richard Nweke,Columbia,0.75,0.5833333333333334,1.0,0.0
1554,78334,Cyr Malonga,New Mexico St.,0.9,0.65,1.0,0.0
1555,78335,Arop Arop,Memphis,0.0,0.0,0.0,0.0
1556,78336,Callum Richard,Wofford,0.0,0.0,1.0,0.0
1557,78337,Ryan Archey,North Carolina Central,0.0,0.0,0.18181818181818182,0.8
1558,78339,Tayton Conerway,Indiana,0.2857142857142857,0.22784810126582278,0.0,0.7222222222222222
1559,78340,Tyshawn Archie,McNeese St.,0.6666666666666666,0.16,0.07692307692307693,0.65625
1560,78342,Cbo Newton,Abilene Christian,0.9090909090909091,0.4406779661016949,0.2857142857142857,0.8275862068965517
1561,78343,Mikale Stevenson,Purdue Fort Wayne,0.5,0.4027777777777778,0.08333333333333333,0.7692307692307693
1562,78345,Tom Beattie,UC San Diego,0.2857142857142857,0.3170731707317073,0.2857142857142857,0.8536585365853658
1563,78346,Drew Steffe,Southern Illinois,0.0,0.3611111111111111,0.1111111111111111,0.9148936170212766
1564,78347,Akira Jacobs,Fordham,1.0,0.7391304347826086,0.75,0.9772727272727273
1565,78348,Mier Panoam,Xavier,0.0,0.5,0.0,0.0
1566,78349,Eemeli Yalaho,Washington St.,0.8,0.4523809523809524,0.4666666666666667,0.9607843137254902
1567,78350,Spencer Elliott,Charlotte,0.7,0.6176470588235294,0.08333333333333333,1.0
1568,78352,KJ Debrick,North Carolina A&T,0.6,0.45454545454545453,0.5,1.0
1569,78353,Elijah Jones,Longwood,0.75,0.5,0.0,0.8
1570,78357,Kavion McClain,Monmouth,0.0,0.14285714285714285,0.0,0.5416666666666666
1571,78359,Tre'Von Spillers,Wake Forest,0.88,0.6842105263157895,0.5555555555555556,1.0
1572,78360,Addarin Scott,UMKC,0.75,0.3793103448275862,0.625,0.0
1573,78361,Reed Trapp,Auburn,0.0,1.0,0.0,0.0
1574,78363,Randarius Jones,Grambling St.,0.5,0.6666666666666666,0.5,0.0
1575,78365,Evan Otten,Idaho St.,0.875,0.5588235294117647,0.55,1.0
1576,78368,Chase Walker,Illinois St.,0.2,0.3170731707317073,0.4,1.0
1577,78370,Ty Blake,Illinois St.,0.0,0.5,0.0,0.0
1578,78372,Corey Jones,UNC Asheville,0.0,1.0,0.0,1.0
1579,78373,Sasa Ciani,Penn St.,0.0,0.7777777777777778,0.5,1.0
1580,78376,Ryan Bolton Jr.,Prairie View A&M,1.0,0.25,0.0,0.0
1581,78377,Junjie Wang,San Francisco,0.6666666666666666,0.34146341463414637,0.2857142857142857,0.972972972972973
1582,78381,Isaac Harrell,Elon,0.5,0.6842105263157895,0.0,0.975
1583,78385,Bryce Ford,Arizona St.,0.3333333333333333,0.125,0.21428571428571427,0.75
1584,78388,Stephan Snagg,Binghamton,0.8,0.71875,0.25,0.0
1585,78390,Joey Hart,Ball St.,0.0,0.6,0.0,1.0
1586,78392,Kilian Brockhoff,William & Mary,0.8181818181818182,0.6229508196721312,0.2222222222222222,0.9444444444444444
1587,78393,Jason Fontenet II,UC Santa Barbara,0.0,0.6,0.5,0.5
1588,78394,Augustus Gerhart,Penn,0.9090909090909091,0.6730769230769231,0.5,0.0
1589,78396,Sam Brown,Davidson,0.0,0.1111111111111111,0.1111111111111111,0.7096774193548387
1590,78397,Gavin Griffiths,Temple,0.4666666666666667,0.3333333333333333,0.09090909090909091,0.9344262295081968
1591,78398,Jamichael Davis,Rutgers,0.0,0.14814814814814814,0.23333333333333334,0.9655172413793104
1592,78399,Niklas Polonowski,Penn,0.0,0.0,0.0,1.0
1593,78403,Emmanuel Ogbole,Rutgers,0.7407407407407407,0.6129032258064516,0.6,0.0
1594,78409,Daniel Akitoby,UTSA,0.75,0.36363636363636365,0.8,1.0
1595,78410,Dylan Faulkner,Samford,0.8378378378378378,0.5892857142857143,0.5,0.0
1596,78413,Kai Yu,Bradley,1.0,0.42857142857142855,0.625,1.0
1597,78423,Ben Humrichous,Illinois,0.0,0.4166666666666667,1.0,1.0
1598,78425,Sterling Young,Indiana St.,0.0,0.23529411764705882,0.3333333333333333,0.8
1599,78430,Andrew Bailey,Charlotte,0.0,0.0,0.0,0.0
1600,78431,Jon Sanders,Eastern Michigan,0.0,0.06666666666666667,0.18181818181818182,0.8181818181818182
1601,78433,Lase Olalere,Charleston Southern,0.8181818181818182,0.7358490566037735,0.3333333333333333,0.0
1602,78437,Nicco DiGiulio,Canisius,0.0,0.0,0.0,0.0
1603,78438,Trent Middleton Jr.,North Carolina A&T,0.0,0.17777777777777778,0.13333333333333333,0.6451612903225806
1604,78443,Keynan Davis,The Citadel,1.0,0.29411764705882354,0.0,0.8823529411764706
1605,78444,Jizzle James,Cincinnati,0.0,0.2727272727272727,0.25,0.9047619047619048
1606,78445,Rayvon Griffith,Kent St.,0.6666666666666666,0.7222222222222222,0.25,0.9333333333333333
1607,78446,Mayar Wol,Bowling Green,0.8571428571428571,0.35294117647058826,0.3076923076923077,0.9565217391304348
1608,78447,James Scott,Mississippi,0.8478260869565217,0.7903225806451613,0.0,0.0
1609,78449,Christian Moore,The Citadel,0.0,0.3225806451612903,0.041666666666666664,0.9649122807017544
1610,78450,Horace Simmons,Drexel,0.0,0.6666666666666666,0.0,1.0
1611,78453,Rahmir Barno,Florida Gulf Coast,0.0,0.2,0.05128205128205128,0.8125
1612,78455,Donovan Draper,Navy,0.6,0.4642857142857143,0.8387096774193549,1.0
1613,78456,Deywilk Tavarez,Loyola Chicago,1.0,0.5263157894736842,0.5,0.9696969696969697
1614,78458,Jaylen Crocker-Johnson,Minnesota,1.0,0.5454545454545454,0.4230769230769231,0.9761904761904762
1615,78459,Noah Amenhauser,Oregon St.,1.0,0.6521739130434783,0.2,0.0
1616,78460,Austin Ball,Eastern Kentucky,0.0,0.391304347826087,0.1111111111111111,0.9534883720930233
1617,78463,Cooper Bowser,Furman,0.9538461538461539,0.7289719626168224,0.11764705882352941,0.0
1618,78464,Nick Dorn,Indiana,0.0,0.3333333333333333,1.0,0.9166666666666666
1619,78465,Kaden Gumbs,Texas St.,1.0,0.3888888888888889,0.045454545454545456,0.9375
1620,78467,Ryan Beasley,San Francisco,0.0,0.4117647058823529,0.2222222222222222,0.5714285714285714
1621,78469,Aidan Burke,UC San Diego,0.0,0.375,0.2,1.0
1622,78470,Sebastian Mack,Missouri,0.0,0.2,0.07142857142857142,0.6666666666666666
1623,78474,Rasheed Baldwin,UNC Asheville,0.0,0.0,0.0,0.0
1624,78475,Ned Hull,Elon,0.0,0.5714285714285714,0.14285714285714285,0.8387096774193549
1625,78478,Kintavious Dozier,Alabama A&M,0.6666666666666666,0.2833333333333333,0.15217391304347827,0.7441860465116279
1626,78483,Tuburu Naivalurua,Oakland,0.8695652173913043,0.5779816513761468,0.1,1.0
1627,78488,Stef van Bussel,Duquesne,0.0,1.0,0.0,0.0
1628,78491,Jeremiah Talton,Lindenwood,0.0,0.0,0.0,0.8571428571428571
1629,78492,Bradley Douglas,James Madison,0.0,0.018518518518518517,0.09090909090909091,0.6538461538461539
1630,78495,Jaylon McDaniel,Lindenwood,0.0,0.0,0.0,0.0
1631,78497,Johan Nziemi,Longwood,0.8888888888888888,0.36486486486486486,0.4,1.0
1632,78498,Michael Imariagbe,Wright St.,0.9,0.475,0.1,1.0
1633,78499,Amire Robinson,Nevada,0.0,0.8666666666666667,0.6666666666666666,1.0
1634,78503,Tru Washington,Miami FL,0.4,0.30985915492957744,0.0,0.7297297297297297
1635,78505,Tyler Rolison,Nevada,0.0,0.045454545454545456,0.06896551724137931,0.7777777777777778
1636,78506,JT Toppin,Texas Tech,0.875,0.472,0.4838709677419355,1.0
1637,78510,Broek Ostrom,St. Bonaventure,0.0,0.0,0.0,1.0
1638,78511,Josh Hecht,San Diego,0.0,1.0,0.0,0.0
1639,78515,Ryan Curry,Army,0.0,0.17777777777777778,0.13333333333333333,0.7361111111111112
1640,78518,Tate Laczkowski,Army,1.0,0.7735849056603774,1.0,1.0
1641,78520,Amani Hansberry,Virginia Tech,0.8125,0.5463917525773195,0.5,0.9705882352941176
1642,78523,Magoon Gwath,San Diego St.,0.9230769230769231,0.725,0.7333333333333333,1.0
1643,78528,Dian Wright-Forde,Norfolk St.,0.0,0.2857142857142857,0.25,0.7142857142857143
1644,78529,Terrance Dixon Jr.,Southern,0.7692307692307693,0.6555555555555556,0.6842105263157895,0.0
1645,78532,"Teddy Washington, Jr.",Chattanooga,0.0,0.2727272727272727,0.18518518518518517,0.7777777777777778
1646,78533,Christian Villegas,New Mexico St.,0.0,0.0,0.0,0.0
1647,78534,Kam Parker,Texas A&M Corpus Chris,0.0,0.4,0.2,0.9166666666666666
1648,78535,Shilo Jackson,Le Moyne,0.7272727272727273,0.6260869565217392,0.5121951219512195,0.0
1649,78539,Aaron Franklin,Milwaukee,1.0,0.6338028169014085,0.6666666666666666,1.0
1650,78540,Darius Duffy,Purdue Fort Wayne,0.7608695652173914,0.6363636363636364,0.0,0.0
1651,78545,Devon Ellis,Norfolk St.,0.5,0.3835616438356164,0.3125,1.0
1652,78546,Tyler Mack,Alabama St.,1.0,0.3,0.0,0.9047619047619048
1653,78547,Egan Shields,Northern Colorado,0.8666666666666667,0.7142857142857143,0.5,0.0
1654,78548,Jaylen Smith,East Tennessee St.,0.0,0.0625,0.0,0.64
1655,78550,Mason Lee,North Florida,0.0,0.6727272727272727,0.0,0.9354838709677419
1656,78552,Jasai Miles,Indiana,0.3333333333333333,0.5714285714285714,0.0,0.8333333333333334
1657,78553,Anthony Doppler,North Dakota,0.0,0.0,0.0,0.0
1658,78554,Matthew Bothun,North Dakota,0.0,1.0,0.0,1.0
1659,78556,Ryan Erikson,North Dakota,0.0,1.0,0.0,0.0
1660,78559,Brandon McCreesh,Bucknell,0.0,0.7142857142857143,0.5,1.0
1661,78562,Patrick O'Brien,Bucknell,1.0,0.875,1.0,1.0
1662,78563,Tylen Riley,Tulsa,0.6666666666666666,0.1414141414141414,0.08823529411764706,0.8148148148148148
1663,78564,Jonathan Griman,Cal Baptist,0.7916666666666666,0.5737704918032787,0.3,0.0
1664,78570,Jermaine Coleman,St. Thomas,0.6666666666666666,0.6875,0.0,0.8518518518518519
1665,78571,Tyler Perkins,Villanova,0.5,0.43548387096774194,0.23333333333333334,0.7575757575757576
1666,78577,Koron Davis,Alabama A&M,0.6923076923076923,0.3176470588235294,0.5,0.9444444444444444
1667,78578,Jun Seok Yeo,Seattle,0.8571428571428571,0.4852941176470588,0.3,0.9
1668,78580,Rob Whaley Jr.,Kent St.,0.8333333333333334,0.4574468085106383,0.1724137931034483,1.0
1669,78581,Caleb Johnson,LIU,1.0,0.631578947368421,0.5,0.0
1670,78585,Cade Kelderman,Iowa St.,0.0,0.0,0.0,0.75
1671,78586,Kayden Fish,Ball St.,1.0,0.4897959183673469,0.5,1.0
1672,78587,Lucius Gibson-Savadel,Sacred Heart,0.0,0.46153846153846156,0.0,0.0
1673,78589,Elliot Cadeau,Michigan,0.0,0.1346153846153846,0.3157894736842105,0.7230769230769231
1674,78590,Nasir Whitlock,Lehigh,0.0,0.08,0.17567567567567569,0.8648648648648649
1675,78591,Jelani Hamilton,Georgia St.,0.0,0.1509433962264151,0.24,0.82
1676,78599,Jacolb Fredson-Cole,McNeese St.,1.0,0.4634146341463415,0.1111111111111111,1.0
1677,78600,Austin Parks,Toledo,0.8260869565217391,0.5567010309278351,0.30434782608695654,1.0
1678,78601,Eric Dailey Jr.,UCLA,0.8181818181818182,0.5441176470588235,0.42857142857142855,0.8387096774193549
1679,78602,Kaden Cooper,Louisiana Tech,0.9230769230769231,0.6,0.25,1.0
1680,78603,Jamyron Keller,Louisiana,0.0,0.0,0.0,0.75
1681,78604,Connor Dow,Oral Roberts,0.42857142857142855,0.34146341463414637,0.15384615384615385,0.8157894736842105
1682,78605,Brandon Garrison,Kentucky,0.9523809523809523,0.64,0.6,1.0
1683,78606,Justin McBride,James Madison,1.0,0.4166666666666667,0.20588235294117646,0.8947368421052632
1684,78610,Quentin Jones,Saint Louis,0.6428571428571429,0.38095238095238093,0.125,0.9411764705882353
1685,78611,Justin Page,Niagara,0.0,0.3728813559322034,0.5,0.9642857142857143
1686,78612,Jackson Mosley,Cal Poly,0.0,0.25,0.0,0.7857142857142857
1687,78613,Colby Duggan,Charleston,1.0,0.782608695652174,0.3333333333333333,1.0
1688,78619,Charlie Diamantis,Stonehill,0.0,0.0,0.0,0.0
1689,78620,Travis Gray,Wagner,0.0,0.36363636363636365,0.25,0.75
1690,78622,Okechukwu Okeke,Albany,0.7580645161290323,0.5478260869565217,0.25,0.0
1691,78623,Jaidon Lipscomb,Cleveland St.,1.0,0.5416666666666666,0.0,0.7582417582417582
1692,78625,Camian Shell,Delaware St.,0.0,0.0,0.14285714285714285,1.0
1693,78626,Jackson Holcombe,Utah Valley,0.8571428571428571,0.475177304964539,0.29411764705882354,1.0
1694,78627,Karson Templin,Utah St.,0.8333333333333334,0.6712328767123288,0.5384615384615384,0.9523809523809523
1695,78630,Tennessee Rainwater,Le Moyne,0.5384615384615384,0.4931506849315068,0.5,0.8571428571428571
1696,78633,Dallin Grant,Utah Tech,0.0,1.0,0.0,1.0
1697,78635,Nate Kingz,Syracuse,0.6666666666666666,0.23529411764705882,0.3,0.9076923076923077
1698,78636,Evan Phelps,East Texas A&M,0.0,0.6666666666666666,0.5,0.8333333333333334
1699,78637,KC Ugwuakazi,Merrimack,0.9411764705882353,0.5522388059701493,1.0,0.0
1700,78638,Jahmere Tripp,Rhode Island,0.3333333333333333,0.3333333333333333,0.25,0.9117647058823529
1701,78639,Bryce Darbyshire,Northern Kentucky,0.0,0.6,0.0,1.0
1702,78640,Devin Vanterpool,Florida Atlantic,0.6,0.21951219512195122,0.045454545454545456,0.8
1703,78641,Jason Edwards,Providence,0.0,0.3142857142857143,0.14634146341463414,0.7708333333333334
1704,78642,Johnny Kinziger,Illinois St.,0.0,0.3448275862068966,0.35294117647058826,0.7666666666666667
1705,78643,Ty Pence,Illinois St.,0.6153846153846154,0.4153846153846154,0.1388888888888889,1.0
1706,78644,Dra Gibbs-Lawhorn,UNLV,0.6666666666666666,0.27586206896551724,0.12121212121212122,0.7959183673469388
1707,78645,Miles Klapper,Idaho,0.0,0.07142857142857142,0.0,1.0
1708,78647,Kristian Gonzalez,Idaho,0.0,0.0,0.0,1.0
1709,78648,Cam Estevez,Fairfield,0.0,0.0,0.0,0.9166666666666666
1710,78649,Thomas Ndong,Cal Baptist,0.7391304347826086,0.6041666666666666,0.6428571428571429,0.0
1711,78651,Josiah Lake II,Oregon St.,0.14285714285714285,0.1206896551724138,0.15625,0.7567567567567568
1712,78654,David Fuchs,San Francisco,0.8076923076923077,0.4742268041237113,0.2727272727272727,0.9
1713,78656,Nils Cooper,UC Davis,0.8,0.5,0.30434782608695654,0.8571428571428571
1714,78658,Obadiah Curtis,Houston Christian,0.0,0.0,0.0,0.5
1715,78659,Misha Bednostin,Lafayette,1.0,0.8,0.0,0.0
1716,78660,Davion Bailey,Incarnate Word,0.0,0.26,0.25,0.6966292134831461
1717,78665,A.J. Wills,Hofstra,0.0,0.0,0.4,1.0
1718,78666,Ethan Okwuosa,Boston University,0.5,0.6666666666666666,0.3333333333333333,0.6
1719,78667,Yanis Ndjonga,McNeese St.,1.0,0.7,0.0,1.0
1720,78668,Matt Mayock,American,0.5,0.4666666666666667,0.2,0.8928571428571429
1721,78669,Joey Chammaa,Arkansas St.,0.0,0.05,0.0,0.8823529411764706
1722,78671,Greg Jones,American,0.0,0.2714285714285714,0.0,0.8620689655172413
1723,78674,Jimmy Oladokun Jr.,Rice,0.7777777777777778,0.39473684210526316,0.3076923076923077,0.0
1724,78675,Keyon Kensie Jr.,Portland St.,0.8636363636363636,0.6923076923076923,0.4444444444444444,1.0
1725,78677,Aden Holloway,Alabama,0.0,0.04,0.037037037037037035,0.6621621621621622
1726,78678,Nikolaos Chitikoudis,Robert Morris,0.8461538461538461,0.6017699115044248,0.37142857142857144,0.0
1727,78679,Blake Muschalek,Auburn,0.0,0.5,0.0,1.0
1728,78681,Jaylen Wysinger,Texas Southern,0.5,0.20930232558139536,0.0,0.6857142857142857
1729,78683,Rob Dockery,La Salle,0.8571428571428571,0.39215686274509803,0.5,0.9285714285714286
1730,78686,Miro Little,UC Santa Barbara,0.0,0.14285714285714285,0.15384615384615385,0.65
1731,78693,Kenyon Goodin,Bellarmine,0.0,0.3939393939393939,0.1111111111111111,1.0
1732,78694,Andrew McKeever,Saint Mary's,1.0,0.5375,0.5833333333333334,0.0
1733,78696,Finley Sheridan,Stetson,1.0,0.6060606060606061,0.45454545454545453,1.0
1734,78699,Yaxel Lendeborg,Michigan,0.8620689655172413,0.5132743362831859,0.3,0.835820895522388
1735,78700,Carlous Williams,Tennessee St.,0.875,0.4,0.09090909090909091,0.9285714285714286
1736,78701,Jaylen Searles,Nicholls St.,0.6,0.3617021276595745,0.0625,0.7
1737,78702,Ethan Pickett,Southeastern Louisiana,1.0,0.3469387755102041,0.25,1.0
1738,78703,Kalifa Sakho,Houston,0.9545454545454546,0.8064516129032258,0.5,0.0
1739,78704,Hamed Olayinka,FIU,0.782608695652174,0.43956043956043955,0.6,1.0
1740,78705,Michael McNair,Boston University,0.8,0.3225806451612903,0.5652173913043478,0.6923076923076923
1741,78708,David Simon,Vermont,1.0,0.6428571428571429,1.0,1.0
1742,78709,David Douglas Jr.,Fresno St.,0.0,0.0,0.0,0.7931034482758621
1743,78710,Marcus Hall,Green Bay,1.0,0.49019607843137253,0.4,0.9365079365079365
1744,78713,Andrew Phillips,Lafayette,0.0,0.5679012345679012,0.1111111111111111,0.9193548387096774
1745,78714,Mark Butler,Lafayette,0.0,0.1506849315068493,0.23255813953488372,1.0
1746,78715,Joshua Wyche,Lafayette,0.0,0.3333333333333333,0.0,0.0
1747,78716,Luke Rasmussen,Tulane,1.0,0.8,0.0,1.0
1748,78717,Jameel Morris,Alcorn St.,0.5,0.23333333333333334,0.16666666666666666,0.85
1749,78718,Taylor Bol Bowen,Alabama,0.9,0.7037037037037037,0.2,0.9655172413793104
1750,78720,Garwey Dual,McNeese St.,0.36363636363636365,0.1568627450980392,0.2,0.6190476190476191
1751,78721,Carl Parrish,Presbyterian,0.5,0.5,0.21428571428571427,0.7971014492753623
1752,78722,Kory Mincy,George Mason,0.0,0.39285714285714285,0.1016949152542373,0.6818181818181818
1753,78725,Tyler Harris,Vanderbilt,0.8571428571428571,0.5217391304347826,0.11764705882352941,1.0
1754,78727,Kelcy Phipps,Portland St.,0.25,0.3076923076923077,0.2857142857142857,0.9444444444444444
1755,78730,Josh Townley-Thomas,Creighton,1.0,1.0,1.0,0.0
1756,78733,Day Day Thomas,Cincinnati,0.3333333333333333,0.2631578947368421,0.4482758620689655,0.7916666666666666
1757,78734,Karon Boyd,Wichita St.,0.9285714285714286,0.47692307692307695,0.10714285714285714,1.0
1758,78736,Kobe Rodgers,Louisville,1.0,0.38095238095238093,0.0,1.0
1759,78737,Aidan Rubio,Eastern Michigan,1.0,0.4166666666666667,0.5,0.9166666666666666
1760,78740,J.C. Riley Jr.,Northwestern St.,1.0,0.6875,0.6666666666666666,1.0
1761,78741,Jayden Barrs,Lamar,0.0,0.3333333333333333,0.5,1.0
1762,78742,Chris Lockett,Jacksonville,0.0,0.21428571428571427,0.29411764705882354,0.9666666666666667
1763,78747,Grant Whitaker,Bellarmine,0.0,0.5454545454545454,0.0,1.0
1764,78752,Chandler Cuthrell,Elon,0.5555555555555556,0.45569620253164556,0.3,0.9583333333333334
1765,78753,Corey Camper Jr.,Nevada,0.5333333333333333,0.5384615384615384,0.5535714285714286,0.9710144927536232
1766,78754,Saliou Seye,Grambling St.,1.0,0.4166666666666667,0.0,0.0
1767,78755,Rodney Johnson Jr.,Central Michigan,0.0,0.6666666666666666,0.3076923076923077,1.0
1768,78759,Hasan Abdul Hakim,Memphis,1.0,0.45,0.0,1.0
1769,78763,Djordje Curcic,Charleston,0.0,0.0,0.0,0.0
1770,78764,Abou Magassa,Wyoming,1.0,0.9032258064516129,0.0,0.0
1771,78765,Dasear Haskins,Saint Joseph's,0.7857142857142857,0.5833333333333334,0.0,1.0
1772,78766,Cian Medley,Kent St.,0.0,0.03571428571428571,0.1111111111111111,0.6274509803921569
1773,78767,Xzayvier Brown,Oklahoma,0.0,0.18181818181818182,0.015873015873015872,0.8225806451612904
1774,78768,Anthony Finkley,Saint Joseph's,0.6666666666666666,0.5384615384615384,0.6666666666666666,0.967741935483871
1775,78769,Tsvet Sotirov,Georgia Southern,1.0,0.6666666666666666,0.0,1.0
1776,78770,Christian Hammond,Santa Clara,0.0,0.5616438356164384,0.25757575757575757,0.8269230769230769
1777,78772,Elmarko Jackson,Kansas,0.6666666666666666,0.2222222222222222,0.14285714285714285,0.75
1778,78774,Marqus Marion,Wake Forest,0.6666666666666666,0.25,0.0,1.0
1779,78775,Mike Williams III,Seton Hall,1.0,0.375,0.14285714285714285,0.9696969696969697
1780,78777,Nikola Djapa,Colorado St.,1.0,0.75,0.0,1.0
1781,78778,Parker Friedrichsen,Davidson,1.0,0.48484848484848486,0.21428571428571427,0.8153846153846154
1782,78779,Brandon Rechsteiner,Colorado St.,0.0,0.5,0.09523809523809523,0.7283950617283951
1783,78780,Corey Chest,Mississippi,0.7272727272727273,0.5714285714285714,1.0,0.0
1784,78781,Jaydon Young,North Carolina,0.0,0.8,0.0,1.0
1785,78782,Malik Olafioye,Eastern Illinois,0.0,0.38461538461538464,0.2857142857142857,0.0
1786,78785,Trent Johnson,Houston Christian,0.75,0.4666666666666667,0.2222222222222222,0.8163265306122449
1787,78790,Eric Parnell,Fairleigh Dickinson,0.6666666666666666,0.6842105263157895,0.25,0.8513513513513513
1788,78792,Isaiah Griffin,Western Illinois,0.0,0.13157894736842105,0.0967741935483871,0.8333333333333334
1789,78793,Kiree Huie,Eastern Washington,0.8571428571428571,0.552,0.55,0.0
1790,78797,Izzy Miles,Northwestern St.,0.5,0.2916666666666667,0.45,0.9642857142857143
1791,78798,Emmanuel Innocenti,Gonzaga,0.3333333333333333,0.6122448979591837,0.36363636363636365,1.0
1792,78799,Bubu Benjamin,George Washington,0.8333333333333334,0.5666666666666667,0.3333333333333333,1.0
1793,78800,Chase Forte,Boston College,0.0,0.03225806451612903,0.0,0.8181818181818182
1794,78801,Tyreese Watson,UTEP,0.0,0.0,0.0,1.0
1795,78804,Sean Smith,Middle Tennessee,0.0,0.18518518518518517,0.13725490196078433,0.8076923076923077
1796,78805,Ubong Okon,Robert Morris,1.0,1.0,0.0,0.0
1797,78807,Micah Octave,Florida A&M,0.0,0.3055555555555556,0.5714285714285714,0.8666666666666667
1798,78812,Chris Mubiru,Northwestern St.,0.875,0.6666666666666666,0.75,0.9230769230769231
1799,78815,Baye Ndongo,Georgia Tech,0.5294117647058824,0.5510204081632653,0.7727272727272727,1.0
1800,78816,Darryl Simmons II,St. Bonaventure,0.0,0.32,0.189873417721519,0.7865168539325843
1801,78817,Dhiaukuei Manyiel Dut,California,0.0,0.5,0.0,0.0
1802,78818,Eddrin Bronson,Furman,0.0,0.2222222222222222,0.1111111111111111,0.7857142857142857
1803,78819,Tommy Humphries,St. Thomas,0.0,0.0,0.0,1.0
1804,78820,Ronald Jessamy,Cal St. Bakersfield,0.6666666666666666,0.4117647058823529,0.48717948717948717,0.6666666666666666
1805,78825,Patrick Haigh,Mount St. Mary's,0.0,0.0,0.3333333333333333,0.9333333333333333
1806,78826,Dallas Hobbs,Rice,0.0,0.3333333333333333,0.0,0.42857142857142855
1807,78831,Jake Brack,South Dakota,0.0,0.7857142857142857,0.3333333333333333,0.0
1808,78833,William Whorton,Memphis,0.8888888888888888,0.75,0.0,0.0
1809,78834,Joe Sayler,South Dakota St.,0.0,0.13513513513513514,0.26,0.7258064516129032
1810,78835,Bubz Alvarez,South Dakota St.,0.5,0.46153846153846156,0.0,1.0
1811,78837,Damon Wilkinson,South Dakota St.,0.8181818181818182,0.6434782608695652,0.45,0.0
1812,78838,Jayden Reid,Northwestern,0.0,0.3235294117647059,0.20833333333333334,0.71875
1813,78840,Daniel Tobiloba,UC Riverside,0.0,0.0,0.0,0.0
1814,78842,Jalen Cooper,Eastern Kentucky,0.7368421052631579,0.423728813559322,0.5,1.0
1815,78844,Kaspar Sepp,Cornell,0.5,0.48484848484848486,0.6,0.8
1816,78845,Cooper Schwieger,Wake Forest,0.5454545454545454,0.4090909090909091,0.3,1.0
1817,78846,Isaiah West,Belmont,0.5,0.2222222222222222,0.0,1.0
1818,78847,Lucas Scroggins,Saint Peter's,0.8064516129032258,0.6101694915254238,0.6,0.0
1819,78848,Jahari Williamson,Kent St.,0.0,0.4375,0.125,0.7532467532467533
1820,78852,Coleson Messer,Vanderbilt,0.0,0.0,0.0,0.0
1821,78853,Malik Presley,George Mason,1.0,0.4827586206896552,0.25,1.0
1822,78857,Delyle Williams,Jackson St.,0.0,0.4,0.3333333333333333,0.9090909090909091
1823,78864,Donovan Hunter,Bellarmine,1.0,0.4,0.3333333333333333,1.0
1824,78865,Ahmad Henderson II,Illinois Chicago,0.0,0.34,0.23529411764705882,0.7837837837837838
1825,78869,Sam Orme,Belmont,0.72,0.6162790697674418,0.16666666666666666,1.0
1826,78870,Brigham Rogers,Belmont,0.875,0.6024096385542169,0.46153846153846156,0.0
1827,78872,Gavin Walsh,UNC Wilmington,1.0,0.6206896551724138,0.5,1.0
1828,78875,Win Miller,Belmont,0.0,0.3333333333333333,0.0,0.8181818181818182
1829,78876,Tyson Brown,Radford,0.7272727272727273,0.6197183098591549,0.6666666666666666,0.0
1830,78877,Always Wright,UT Rio Grande Valley,1.0,0.5,0.1111111111111111,0.5
1831,78878,Michael Ajayi,Butler,0.71875,0.4462809917355372,0.3,0.8888888888888888
1832,78879,Jonah Pierce,Presbyterian,0.8,0.4965986394557823,0.5121951219512195,0.0
1833,78883,Jaxon Pollard,Samford,1.0,0.4444444444444444,1.0,1.0
1834,78884,Deyton Albury,New Mexico,0.4,0.25,0.1,0.8421052631578947
1835,78886,Donovan Rivers,Jacksonville,0.8461538461538461,0.44871794871794873,0.26666666666666666,0.0
1836,78889,Jackson Kotecki,Miami OH,0.0,0.0,0.0,0.0
1837,78890,Torey Alston,Middle Tennessee,0.7272727272727273,0.5816326530612245,0.38235294117647056,1.0
1838,78891,Mekhi Cooper,Lindenwood,0.0,0.15384615384615385,0.16666666666666666,0.8333333333333334
1839,78893,Evan Ipsaro,Miami OH,0.0,0.3076923076923077,0.0,0.9166666666666666
1840,78897,Paul Djobet,Nebraska Omaha,0.5,0.20634920634920634,0.03225806451612903,0.9411764705882353
1841,78898,Eian Elmer,Miami OH,1.0,0.36,0.09090909090909091,0.855072463768116
1842,78899,Keanu Dawes,Utah,0.6862745098039216,0.5729166666666666,0.55,0.96875
1843,78901,Daemar Kelly,Northern Illinois,0.0,0.26666666666666666,0.5,0.8235294117647058
1844,78903,Khaden Bennett,Wyoming,0.3333333333333333,0.22916666666666666,0.0,0.9512195121951219
1845,78904,Rihards Vavers,Washington St.,1.0,0.45454545454545453,0.5,0.9393939393939394
1846,78905,Camp Wagner,Indiana St.,0.6666666666666666,0.3783783783783784,0.2222222222222222,0.92
1847,78906,Gabe Warren,Holy Cross,0.14285714285714285,0.17647058823529413,0.08823529411764706,0.9259259259259259
1848,78907,Trevor Roe,Le Moyne,0.0,0.5,1.0,1.0
1849,78911,Teagan Moore,Western Kentucky,0.0,0.3333333333333333,0.16129032258064516,0.8928571428571429
1850,78912,Yanis Bamba,Maine,0.0,0.3333333333333333,0.2,0.8333333333333334
1851,78913,Michael Sulaka,Western Michigan,1.0,0.4375,0.7142857142857143,1.0
1852,78917,Henry Harrison,Winthrop,0.0,0.0,0.0,0.0
1853,78921,Jordan Johnson,Bethune Cookman,0.5,0.5555555555555556,0.42857142857142855,0.8214285714285714
1854,78922,Kordel Jefferson,Houston,0.0,0.0,0.0,0.0
1855,78924,Kolton Mitchell,Idaho,0.0,0.07692307692307693,0.0,0.5151515151515151
1856,78925,Joseph Tugler,Houston,0.7096774193548387,0.5180722891566265,0.4888888888888889,1.0
1857,78926,Jacob McFarland,Houston,0.0,0.0,0.0,0.0
1858,78929,Declan Ryan,Holy Cross,0.0,0.5357142857142857,0.5,1.0
1859,78931,Jaedyn Brown,Idaho St.,0.0,1.0,0.0,0.0
1860,78937,Nestor Dyachok,North Florida,1.0,0.5555555555555556,0.7142857142857143,1.0
1861,78940,Caedin Hamilton,Marquette,1.0,0.6785714285714286,0.6,0.0
1862,78942,Abdi Bashir Jr.,Kansas St.,0.0,0.3333333333333333,0.2857142857142857,0.7313432835820896
1863,78943,Anthony Robinson II,Missouri,0.0,0.19047619047619047,0.10526315789473684,0.6666666666666666
1864,78944,Jordan Butler,South Carolina,1.0,0.6428571428571429,1.0,1.0
1865,78946,Hayden Tibbits,St. Thomas,0.0,0.6,0.3333333333333333,0.75
1866,78947,Kevin Overton,Auburn,0.3333333333333333,0.36585365853658536,0.1875,0.8105263157894737
1867,78949,Ladji Dembele,UNLV,0.0,0.8333333333333334,0.0,1.0
1868,78950,Pryce Sandfort,Nebraska,0.6666666666666666,0.45588235294117646,0.3,0.9069767441860465
1869,78952,Mike Loughnane,Northeastern,0.7142857142857143,0.29508196721311475,0.2222222222222222,0.9487179487179487
1870,78953,Rikus Schulte,Fordham,0.7272727272727273,0.6263736263736264,0.5,1.0
1871,78954,Brock Harding,TCU,0.0,0.22857142857142856,0.2571428571428571,0.8484848484848485
1872,78955,Cliff Davis,James Madison,0.0,0.13559322033898305,0.0,0.8367346938775511
1873,78956,DeJour Reaves,Fordham,0.0,0.25961538461538464,0.171875,0.75
1874,78957,Ahmad Robinson,UAB,0.0,0.07407407407407407,0.08695652173913043,0.75
1875,78959,Malek Abdelgowad,Southern,0.8571428571428571,0.6,0.2682926829268293,0.2
1876,78961,Mekhi Cameron,Tennessee Tech,0.0,0.28125,0.2,0.717948717948718
1877,78964,Rollie Castineyra,Massachusetts,0.0,0.0,0.0,0.0
1878,78965,Carl Cherenfant,McNeese St.,0.5,0.4666666666666667,0.3333333333333333,1.0
1879,78966,Waka Mbatch,Montana St.,1.0,0.7,0.5,0.0
1880,78967,Baraka Okojie,Mercer,0.2,0.17857142857142858,0.028169014084507043,0.40540540540540543
1881,78968,"Jamie Kaiser, Jr.",Butler,0.42857142857142855,0.52,0.25,0.925
1882,78969,Jaylen Curry,Oklahoma St.,0.0,0.11666666666666667,0.06896551724137931,0.64
1883,78970,Robert Davis Jr.,Old Dominion,1.0,0.4,0.4,0.8983050847457628
1884,78971,Dedan Thomas Jr.,LSU,0.0,0.08108108108108109,0.06060606060606061,0.6153846153846154
1885,78972,Kajus Kublickas,Pacific,0.0,0.15,0.2857142857142857,0.7272727272727273
1886,78973,Tarique Foster,Albany,0.3333333333333333,0.46153846153846156,0.0,0.9666666666666667
1887,78975,Mathok Majok,New Orleans,0.5714285714285714,0.46153846153846156,1.0,0.0
1888,78976,Chudi Dioramma,Arkansas St.,1.0,0.6052631578947368,1.0,0.0
1889,78980,Alex Kovatchev,Florida,0.0,0.0,1.0,1.0
1890,78981,Bowyn Beatty,La Salle,1.0,0.75,0.0,0.0
1891,78982,Lukas Walls,Radford,0.0,0.3076923076923077,0.0,1.0
1892,78983,Josh Holloway,Texas A&M,1.0,0.45454545454545453,0.1111111111111111,0.8333333333333334
1893,78984,Ace Talbert,Gardner Webb,0.0,0.10344827586206896,0.0,0.6857142857142857
1894,78985,Riley Allenspach,George Mason,1.0,0.6176470588235294,0.5405405405405406,0.9523809523809523
1895,78988,Mookie Cook,San Francisco,0.7272727272727273,0.41935483870967744,0.5,0.782608695652174
1896,78990,Jackson Shelstad,Oregon,0.0,0.2222222222222222,0.2,0.6363636363636364
1897,78991,Kwame Evans Jr.,Oregon,0.9523809523809523,0.5277777777777778,0.2,0.9354838709677419
1898,78993,Kendrick De Luna,Cal St. Fullerton,1.0,0.6285714285714286,0.7142857142857143,1.0
1899,78996,Trey Green,Saint Louis,0.0,0.3333333333333333,0.2,0.7717391304347826
1900,79000,Carson Schwieger,Queens,0.5,0.6666666666666666,0.3333333333333333,0.9347826086956522
1901,79001,Jacob Theodosiou,Loyola MD,0.0,0.08333333333333333,0.125,0.7692307692307693
1902,79002,Kael Combs,Iowa,0.0,0.4230769230769231,0.25,0.7777777777777778
1903,79003,Cam Manyawu,Iowa,0.875,0.7083333333333334,0.6,0.0
1904,79004,Tristan Gross,Mercer,0.0,0.6666666666666666,0.5555555555555556,1.0
1905,79010,Seneca Willoughby,Bethune Cookman,0.0,0.3333333333333333,0.0,0.8636363636363636
1906,79013,Jakobi Heady,Bethune Cookman,0.7307692307692307,0.45614035087719296,0.21052631578947367,0.7692307692307693
1907,79018,Canin Jefferson,North Alabama,0.0,0.06521739130434782,0.1,0.4444444444444444
1908,79021,Titas Sargiunas,Lipscomb,0.0,0.24489795918367346,0.14285714285714285,0.9777777777777777
1909,79022,Luca Ace-Nasteski,Harvard,1.0,0.8571428571428571,0.0,0.0
1910,79023,Miles Rubin,Loyola Chicago,0.8947368421052632,0.6532258064516129,0.2972972972972973,0.0
1911,79024,Jadin Collins-Roberts,Marist,1.0,0.37735849056603776,0.375,0.8
1912,79025,Jaden Winston,Manhattan,0.0,0.20754716981132076,0.1864406779661017,0.6511627906976745
1913,79027,Troy Cicero Jr.,Loyola MD,0.0,0.2,0.25,0.7948717948717948
1914,79028,Jordan Stiemke,Loyola MD,0.75,0.40476190476190477,0.2857142857142857,0.9
1915,79029,Jason Schofield,Marist,0.8,0.8208955223880597,0.75,0.0
1916,79030,Josh Pascarelli,Colorado St.,1.0,0.7241379310344828,0.2,0.9482758620689655
1917,79033,Caleb McCarty,Cal St. Bakersfield,1.0,0.7142857142857143,1.0,0.0
1918,79035,Drayton Jones,Butler,0.9142857142857143,0.8103448275862069,0.5,0.0
1919,79037,Matar Diop,Stetson,1.0,0.782608695652174,0.16666666666666666,1.0
1920,79038,Mambourou Mara,Houston Christian,0.8,0.7659574468085106,0.0,1.0
1921,79040,Alex Cotton,Howard,0.0,0.2857142857142857,0.0,0.921875
1922,79044,Villiam Garcia Adsten,Drexel,1.0,0.3333333333333333,0.3333333333333333,0.9285714285714286
1923,79045,Hunter Adam,Davidson,0.5,0.5238095238095238,0.42857142857142855,1.0
1924,79046,Niccolo Moretti,Florida Atlantic,0.0,0.08695652173913043,0.1111111111111111,0.5454545454545454
1925,79047,Shawn Simmons II,UMass Lowell,0.76,0.5510204081632653,0.5,0.8571428571428571
1926,79052,Dalen Davis,Princeton,0.0,0.0,0.10526315789473684,0.7241379310344828
1927,79054,Jackson Hicke,Princeton,0.0,0.3611111111111111,0.21212121212121213,0.9375
1928,79055,Jacob Huggins,Princeton,0.6666666666666666,0.5652173913043478,0.1,1.0
1929,79062,Arne Osojnik,Northern Arizona,0.5,0.23333333333333334,0.13333333333333333,0.7857142857142857
1930,79063,Emanuel Richards,Longwood,0.75,0.38636363636363635,0.12,1.0
1931,79064,Chico Johnson,USC Upstate,0.0,1.0,0.0,1.0
1932,79066,Camaren Sparrow,Coppin St.,0.0,0.47368421052631576,0.25,1.0
1933,79067,Dragos Lungu,Tennessee Martin,0.5,0.3888888888888889,0.3333333333333333,1.0
1934,79068,Santiago Trouet,Arizona St.,0.7142857142857143,0.5272727272727272,0.4838709677419355,1.0
1935,79071,Andrew Meadow,Boise St.,0.9230769230769231,0.463768115942029,0.13333333333333333,0.8780487804878049
1936,79073,Kyrone Alexander,Boston University,0.0,0.0,0.0,0.0
1937,79074,Chad Moodie,Appalachian St.,0.75,0.6,0.0,0.0
1938,79075,Elijah Strong,South Carolina,0.5,0.4358974358974359,0.46551724137931033,0.9629629629629629
1939,79076,Jayden Hastings,Boston College,0.5833333333333334,0.42857142857142855,0.35294117647058826,0.0
1940,79077,Trey Autry,George Washington,0.0,0.5151515151515151,0.0,0.9024390243902439
1941,79080,Josh Hubbard,Mississippi St.,1.0,0.08823529411764706,0.08108108108108109,0.5578947368421052
1942,79081,Harrison Alexander,SIU Edwardsville,1.0,0.3333333333333333,0.6,1.0
1943,79083,Adrian Myers,San Jose St.,0.8,0.275,0.21739130434782608,0.8333333333333334
1944,79084,Elijah Price,Nevada,0.875,0.5104166666666666,0.4444444444444444,1.0
1945,79085,Khali Horton,Coppin St.,0.5,0.25,0.42857142857142855,0.9069767441860465
1946,79087,Conrad Martinez,High Point,0.0,0.1836734693877551,0.0,0.7714285714285715
1947,79088,Vladimir Pavlovic,Mercyhurst,0.0,0.0,0.0,0.0
1948,79089,Ofri Naveh,Oral Roberts,0.5555555555555556,0.24615384615384617,0.2413793103448276,0.875
1949,79090,KJ Lewis,Georgetown,0.4666666666666667,0.3125,0.275,0.75
1950,79093,Paulius Murauskas,Saint Mary's,0.7647058823529411,0.5353535353535354,0.43548387096774194,0.9411764705882353
1951,79094,Jackson Cook,Arizona,0.0,0.0,0.0,0.0
1952,79095,Will Kuykendall,Baylor,0.0,0.0,0.5,1.0
1953,79096,Motiejus Krivas,Arizona,0.8888888888888888,0.6266666666666667,0.543859649122807,1.0
1954,79098,Isaiah Miranda,LIU,0.8571428571428571,0.8888888888888888,0.5,0.5
1955,79099,Josh Rivera,Seton Hall,0.8235294117647058,0.6944444444444444,0.0,1.0
1956,79105,Prophet Johnson,Sacramento St.,0.25,0.23,0.08571428571428572,0.675
1957,79107,Harrison Reede,Incarnate Word,0.0,0.0,0.0,0.95
1958,79109,Brock Felder,Seattle,0.875,0.782608695652174,0.8,0.0
1959,79114,Ace Valentine,UMBC,0.0,0.2112676056338028,0.11764705882352941,0.775
1960,79118,Josh Akpovwa,Texas Southern,1.0,0.3333333333333333,0.0,0.0
1961,79119,Ajay Tew,Louisiana Monroe,0.0,0.0,0.0,1.0
1962,79120,Javoy Thompson,Maryland Eastern Shore,0.0,0.6666666666666666,0.5,0.0
1963,79121,Franck Emmou,Texas St.,0.0,0.75,0.42857142857142855,0.9090909090909091
1964,79125,Aaron Clark,Pepperdine,0.0,0.1875,0.16129032258064516,0.5172413793103449
1965,79127,Wesley Yates III,Washington,0.25,0.24444444444444444,0.058823529411764705,0.9056603773584906
1966,79129,Jamari McDowell,Kansas,1.0,0.3333333333333333,0.0,0.8333333333333334
1967,79130,Elijah Gertrude,Virginia,0.3333333333333333,0.4,0.0,1.0
1968,79131,Jayson Petty,UMKC,0.0,0.3333333333333333,0.24,0.8837209302325582
1969,79132,Anthony Robinson,Xavier,0.8888888888888888,0.7222222222222222,1.0,0.0
1970,79134,Muneer Newton,Campbell,0.7272727272727273,0.5211267605633803,0.16666666666666666,0.0
1971,79138,Gytis Nemeiksa,Hawaii,1.0,0.5357142857142857,0.5294117647058824,0.9565217391304348
1972,79140,Marcus Glover,Incarnate Word,0.8,0.43478260869565216,0.5,0.0
1973,79144,Ryan Sabol,Buffalo,0.0,0.2727272727272727,0.15384615384615385,0.782608695652174
1974,79145,Anquan Boldin Jr.,Florida A&M,0.8,0.42424242424242425,0.0,1.0
1975,79147,Bryson Wilson,Binghamton,0.5333333333333333,0.40350877192982454,0.25,1.0
1976,79150,Churchill Abass,New Orleans,0.8431372549019608,0.7142857142857143,0.23076923076923078,0.0
1977,79153,Adam Tauer,St. Thomas,0.0,0.5,0.0,0.0
1978,79154,Ben Oosterbaan,St. Thomas,1.0,0.64,0.3333333333333333,1.0
1979,79155,Aidan Cammann,Stanford,1.0,0.5957446808510638,0.5,1.0
1980,79156,Andrej Stojakovic,Illinois,0.6666666666666666,0.23853211009174313,0.10256410256410256,1.0
1981,79159,Carter Welling,Clemson,0.7142857142857143,0.4857142857142857,0.25,0.9411764705882353
1982,79160,Marcus Adams Jr.,Arizona St.,0.0,1.0,0.0,1.0
1983,79164,Domas Kauzonas,UNC Greensboro,1.0,0.6,0.9230769230769231,0.0
1984,79165,Derin Saran,UC Irvine,0.0,0.23863636363636365,0.25806451612903225,0.96
1985,79166,Ben Egbo,UC Irvine,0.0,1.0,0.0,0.0
1986,79168,Berke Buyuktuncel,Nebraska,0.75,0.6451612903225806,0.6666666666666666,0.9230769230769231
1987,79169,Dusty Stromer,Grand Canyon,0.0,0.15384615384615385,0.21428571428571427,0.9736842105263158
1988,79173,Xavier Booker,UCLA,0.9545454545454546,0.7692307692307693,0.6956521739130435,1.0
1989,79174,Coen Carr,Michigan St.,0.9402985074626866,0.8108108108108109,0.6956521739130435,0.9523809523809523
1990,79177,Brandon Williams,UCLA,1.0,0.7391304347826086,0.6666666666666666,1.0
1991,79179,Rashaan Mbemba,Colorado St.,0.0,0.5,0.0,1.0
1992,79180,Kyan Evans,North Carolina,0.0,0.25,0.0,0.8125
1993,79182,Jaylin Stewart,Connecticut,0.875,0.5833333333333334,0.0,0.9473684210526315
1994,79183,Solo Ball,Connecticut,0.6363636363636364,0.5384615384615384,0.5882352941176471,0.9090909090909091
1995,79184,Jake DiMichele,Duquesne,0.0,0.6666666666666666,0.4,1.0
1996,79185,Comeh Emuobor,New Hampshire,0.5384615384615384,0.22058823529411764,0.0,0.6666666666666666
1997,79189,Arrinten Page,Northwestern,0.7435897435897436,0.6533333333333333,0.5185185185185185,1.0
1998,79192,Brandon Gardner,Sacramento St.,0.6666666666666666,0.5,1.0,1.0
1999,79193,Trevor Mullin,Yale,0.0,0.25,0.36363636363636365,0.8793103448275862
2000,79194,Jeannot Basima,Yale,0.0,0.5,0.0,0.0
2001,79196,Viljami Vartiainen,Weber St.,0.0,0.42857142857142855,0.34782608695652173,0.9041095890410958
2002,79197,Samson Aletan,Yale,0.8,0.6933333333333334,0.6,0.0
2003,79198,Trent Edwards,Morgan St.,1.0,0.3333333333333333,0.0,0.0
2004,79199,Malcolm Wrisby-Jefferson,Brown,0.0,0.15,0.0625,1.0
2005,79201,Adrian Uchidiuno,Brown,1.0,0.5,0.3,0.9714285714285714
2006,79202,Luke Paragon,Brown,0.0,0.5294117647058824,0.0,0.9393939393939394
2007,79204,Paul Lindberg,Gardner Webb,0.0,0.0,0.0,1.0
2008,79205,Zach Matulu,Albany,0.6,0.5277777777777778,0.0,1.0
2009,79206,Bautista Giralt,Albany,0.0,0.0,0.0,0.0
2010,79207,N'famara Dabo,Brown,0.75,0.7352941176470589,0.5,0.0
2011,79211,Devon Barnes,Ball St.,0.0,0.38461538461538464,0.5384615384615384,0.7948717948717948
2012,79215,C.J. Booker,Southeastern Louisiana,0.0,0.26666666666666666,0.07692307692307693,0.6363636363636364
2013,79217,Joseph Martinez,Tarleton St.,0.0,0.0,0.0,0.0
2014,79218,Traivar Jackson,Northern Arizona,0.7307692307692307,0.7205882352941176,0.36363636363636365,0.0
2015,79220,Michael Houge,Oakland,1.0,0.5402298850574713,0.4090909090909091,1.0
2016,79221,DeAndre Craig,Purdue Fort Wayne,0.0,0.13333333333333333,0.047619047619047616,0.8043478260869565
2017,79222,Shane Thomas,Creighton,0.5,0.6,1.0,0.0
2018,79225,Jake Fiegen,Cornell,0.6666666666666666,0.5333333333333333,0.18181818181818182,0.98
2019,79227,Kerrington Kiel,Troy,1.0,0.30434782608695654,0.0,1.0
2020,79228,Ethan Kizer,South Dakota,0.0,0.0,0.0,1.0
2021,79230,Sonny Wilson,Toledo,0.0,0.34177215189873417,0.26666666666666666,0.9024390243902439
2022,79231,Pasha Goodarzi,San Jose St.,0.0,0.5,0.6,0.8648648648648649
2023,79232,Sam Lewis,Virginia,0.5,0.5,0.36,0.8548387096774194
2024,79234,Grgur Brcic,Bucknell,0.5833333333333334,0.53125,0.0,0.0
2025,79235,John Broom,South Alabama,0.0,0.8,0.0,0.9
2026,79236,Marcus Millender,Georgia,0.0,0.11764705882352941,0.047619047619047616,0.5081967213114754
2027,79237,Javon Jackson,Murray St.,0.0,0.17647058823529413,0.06666666666666667,0.6909090909090909
2028,79240,Jacoi Hutchinson,Longwood,0.0,0.19607843137254902,0.037037037037037035,0.7333333333333333
2029,79241,Jaylen Benard,Longwood,0.3333333333333333,0.3125,0.0,0.9487179487179487
2030,79243,Brandon Hardy,Southern,1.0,0.6666666666666666,0.5,1.0
2031,79245,London Fields,East Texas A&M,0.0,0.2857142857142857,0.0,0.9230769230769231
2032,79248,Jordan Burks,UCF,0.8461538461538461,0.5512820512820513,0.6666666666666666,0.95
2033,79249,D.J. Wagner,Arkansas,0.75,0.3829787234042553,0.5,0.8378378378378378
2034,79253,Aaron Bradshaw,Memphis,0.6,0.5625,0.5294117647058824,1.0
2035,79255,Zach Lamey,Samford,0.0,0.0,0.0,1.0
2036,79256,Dai Dai Ames,California,0.25,0.25,0.09859154929577464,0.6964285714285714
2037,79257,RJ Jones,TCU,0.0,0.0,1.0,1.0
2038,79258,Macaleab Rich,UTSA,0.3333333333333333,0.35294117647058826,0.2,1.0
2039,79259,RJ Johnson,Kennesaw St.,0.25,0.07142857142857142,0.10526315789473684,0.6730769230769231
2040,79260,Frankquon Sherman,Kennesaw St.,1.0,0.5487804878048781,0.4,1.0
2041,79263,Colby Garland,San Jose St.,0.0,0.10869565217391304,0.08870967741935484,0.6176470588235294
2042,79265,Jalin Rice,Nicholls St.,0.42857142857142855,0.21875,0.25,0.5
2043,79266,Corey Stephenson,FIU,0.9473684210526315,0.6491228070175439,0.22448979591836735,0.8615384615384616
2044,79268,Tom Mark,Cal St. Bakersfield,0.5,0.5142857142857142,0.4444444444444444,1.0
2045,79269,Justin Cross,Kansas,0.0,0.0,0.0,0.0
2046,79271,Ocypher Owens,Tarleton St.,0.0,0.4,0.125,1.0
2047,79272,Kaelin Thomas,Le Moyne,0.0,0.0,0.0,0.0
2048,79273,Trent Mosquera,Le Moyne,0.0,0.22727272727272727,0.22727272727272727,0.8831168831168831
2049,79274,Cameron Faas,Fresno St.,0.0,0.375,0.2,1.0
2050,79275,Will Maxwell,Dayton,0.0,0.0,0.0,0.0
2051,79276,Makai Grant,Dayton,0.0,0.0,0.0,0.0
2052,79277,Ben Brown,Dartmouth,0.0,0.0,0.0,1.0
2053,79278,Patrick Tivnan Jr.,Dartmouth,0.0,0.5,0.0,0.0
2054,79279,Niko Abusara,Dartmouth,0.5,0.41379310344827586,0.2,0.6666666666666666
2055,79280,Jaiun Simon,Dayton,1.0,0.7804878048780488,0.25,0.9285714285714286
2056,79281,Evan Dickey,Dayton,0.0,0.0,0.0,0.0
2057,79284,Yaniel Rivera,Abilene Christian,0.5,0.3,0.25,0.7608695652173914
2058,79285,Etienne Strothers,Hampton,0.0,0.1111111111111111,0.0,0.875
2059,79288,Assane Diop,San Diego,0.7,0.7142857142857143,0.6666666666666666,1.0
2060,79289,Zamoku Weluche-Ume,North Carolina A&T,0.7333333333333333,0.30864197530864196,0.3333333333333333,1.0
2061,79296,Jurian Dixon,UC Irvine,0.7,0.3877551020408163,0.3888888888888889,0.8412698412698413
2062,79298,Jaiden Cole,Towson,0.0,0.0,0.5,1.0
2063,79299,Joe Ganton,Fairfield,0.0,1.0,0.0,0.0
2064,79301,Connor Sevilla,UC Davis,0.0,0.5,0.375,0.9047619047619048
2065,79302,Randall Pettus II,Elon,0.0,0.2,0.21428571428571427,0.8548387096774194
2066,79303,Tyler Tejada,Towson,0.6666666666666666,0.2153846153846154,0.20238095238095238,0.8095238095238095
2067,79304,Mekhi Lowery,Illinois Chicago,0.6,0.4696969696969697,0.25,0.0
2068,79305,Thomas Haugh,Florida,0.8333333333333334,0.5752212389380531,0.6153846153846154,0.9482758620689655
2069,79306,Jameson O'Toole,Fordham,0.0,0.0,0.0,0.0
2070,79309,Bobby Durkin,Minnesota,0.0,0.7916666666666666,0.7142857142857143,0.9375
2071,79310,Nasir Mann,Queens,0.625,0.3411764705882353,0.3541666666666667,0.9090909090909091
2072,79312,Alex Condon,Florida,0.875,0.6194029850746269,0.5,1.0
2073,79314,Malik Ferguson,Tennessee Tech,0.0,0.34615384615384615,0.3333333333333333,0.8888888888888888
2074,79315,Nils Machowski,Wofford,1.0,0.46774193548387094,0.18181818181818182,0.8426966292134831
2075,79317,Brandon Muntu,Tennessee Tech,0.0,0.5,0.07142857142857142,0.9047619047619048
2076,79318,Don McHenry,Utah,0.0,0.16363636363636364,0.2692307692307692,0.7692307692307693
2077,79319,Tay Knox,Texas St.,0.7777777777777778,0.7142857142857143,0.0,0.0
2078,79320,Jack Francis,Texas Tech,0.0,0.0,0.0,0.0
2079,79321,Enoch Kalambay,Campbell,0.0,0.3333333333333333,0.0,1.0
2080,79322,James Dent Jr.,Middle Tennessee,0.0,0.2,0.0,1.0
2081,79333,Christian Hughes,Little Rock,0.0,0.0,0.0,1.0
2082,79335,Xinyi Li,LIU,0.0,0.0,0.0,1.0
2083,79336,Michael Lawlor,Manhattan,0.0,0.0,0.0,0.0
2084,79337,Arman Madi,Sacramento St.,0.0,0.43478260869565216,0.8,0.9523809523809523
2085,79339,"Dennis Parker, Jr.",Radford,0.5555555555555556,0.32653061224489793,0.16,0.8928571428571429
2086,79340,Zach Kraft,North Dakota,0.0,0.6153846153846154,0.0,0.921875
2087,79344,Davide Poser,New Hampshire,0.0,0.36363636363636365,0.0,0.9230769230769231
2088,79349,Ethan Anish,Duquesne,0.0,0.0,0.0,0.0
2089,79351,Quinn Nielsen,Boston University,1.0,0.3333333333333333,0.0,0.0
2090,79352,Rowan Irelan,The Citadel,0.0,0.0,0.0,0.0
2091,79353,Caleb Foster,Duke,0.0,0.16279069767441862,0.10526315789473684,0.8205128205128205
2092,79355,Sean Stewart,Oregon,0.75,0.5666666666666667,0.5652173913043478,1.0
2093,79356,TJ Power,Penn,0.0,0.2413793103448276,0.24324324324324326,0.8227848101265823
2094,79357,Jakub Necas,Duquesne,0.8888888888888888,0.5882352941176471,0.4,1.0
2095,79358,Asa Thomas,Furman,0.0,0.42857142857142855,0.2857142857142857,0.8732394366197183
2096,79359,Jack Graham,New Hampshire,0.4,0.2391304347826087,0.23076923076923078,0.8846153846153846
2097,79360,Mikkel Tyne,Richmond,0.0,0.2,0.21428571428571427,0.8536585365853658
2098,79362,Ryan Soulis,Columbia,0.9090909090909091,0.59375,0.25,0.8333333333333334
2099,79363,Collin Tanner,Richmond,1.0,0.6428571428571429,0.2,0.9444444444444444
2100,79365,Dean Shepherd,Delaware St.,0.0,0.375,0.2,1.0
2101,79369,Mari Jordan,Radford,0.0,0.3333333333333333,0.3333333333333333,0.8888888888888888
2102,79370,Blue Cain,Georgia,0.3333333333333333,0.25,0.09523809523809523,0.7777777777777778
2103,79371,Thomas Batties II,Harvard,1.0,0.391304347826087,0.23809523809523808,0.9473684210526315
2104,79372,Xavier Nesbitt,Harvard,0.0,0.0,0.3333333333333333,1.0
2105,79373,Malik Mack,Georgetown,0.0,0.23076923076923078,0.1956521739130435,0.6607142857142857
2106,79375,Denzel Hines,UC Riverside,0.0,0.5,0.0,0.0
2107,79377,Braeden MacVicar,Coastal Carolina,0.0,0.0,0.0,1.0
2108,79378,Gabe Sisk,East Tennessee St.,0.0,0.42857142857142855,0.0,0.0
2109,79380,Oscar Cluff,Purdue,0.9310344827586207,0.7851851851851852,0.5862068965517241,0.0
2110,79381,Melvin Council Jr.,Kansas,0.5,0.1038961038961039,0.0847457627118644,0.8378378378378378
2111,79384,Isaiah Stafford,Southern Illinois,1.0,0.7142857142857143,0.5652173913043478,0.8
2112,79388,Allen Udemadu,Jacksonville,1.0,0.46153846153846156,0.8,0.0
2113,79391,Roderick Coffee III,Grambling St.,0.0,0.2564102564102564,0.2,0.4888888888888889
2114,79401,Nasir Muhammad,Albany,0.0,0.3333333333333333,0.5555555555555556,0.8235294117647058
2115,79402,William Kermoury,Northeastern,0.0,0.4642857142857143,0.2727272727272727,0.8783783783783784
2116,79403,JB Frankel,Northeastern,0.0,0.23076923076923078,0.3125,0.8484848484848485
2117,79407,Scotty Middleton,Tulane,1.0,0.6842105263157895,0.5,0.8958333333333334
2118,79408,Taison Chatman,Ohio St.,1.0,0.5,0.2,0.6666666666666666
2119,79409,Devin Royal,Ohio St.,0.8666666666666667,0.532258064516129,0.29310344827586204,0.8387096774193549
2120,79414,Kolby Gilles,Air Force,1.0,0.34615384615384615,0.4444444444444444,1.0
2121,79416,Po'Boigh King,Sam Houston St.,0.0,0.5333333333333333,0.47368421052631576,0.828125
2122,79417,Gbenga Olubi,North Carolina Central,0.0,0.0,1.0,0.0
2123,79420,Josh Smith,West Georgia,0.0,0.19402985074626866,0.12121212121212122,0.631578947368421
2124,79424,Luke Kearney,Utah St.,1.0,0.5,0.0,1.0
2125,79430,Caleb Walker,Air Force,0.8571428571428571,0.5384615384615384,0.25,0.0
2126,79431,Wesley Celichowski,Air Force,1.0,0.7368421052631579,0.2727272727272727,1.0
2127,79433,Josh Gatete,Air Force,0.0,0.0,0.0,1.0
2128,79446,Zaire Hayes,Texas Southern,0.0,0.2222222222222222,0.34375,0.6578947368421053
2129,79462,JaVar Daniel,West Georgia,0.9090909090909091,0.631578947368421,0.5,0.8888888888888888
2130,79465,Bencao Vungo,Jacksonville St.,0.75,0.7142857142857143,0.0,1.0
2131,79474,Drew McKenna,Old Dominion,1.0,0.18181818181818182,0.0,0.8333333333333334
2132,126518,Jacob Cofie,USC,0.7419354838709677,0.5694444444444444,0.5,1.0
2133,126519,Jayden Fort,Georgetown,0.75,0.4864864864864865,1.0,1.0
2134,126520,Max Langenfeld,Florida Atlantic,1.0,1.0,0.3333333333333333,0.875
2135,126521,Billy Richmond III,Arkansas,0.7105263157894737,0.6299212598425197,0.6071428571428571,0.9333333333333333
2136,126523,Ayden Kelley,Arkansas,0.0,0.0,0.0,0.0
2137,126524,Casmir Chavis,UT Arlington,0.25,0.18055555555555555,0.13333333333333333,0.7857142857142857
2138,126525,Karter Knox,Arkansas,0.7857142857142857,0.6774193548387096,0.5714285714285714,0.9230769230769231
2139,126529,Cole Franklin,North Texas,0.3333333333333333,0.46153846153846156,0.23076923076923078,0.9333333333333333
2140,126531,Isaiah Elohim,Florida Atlantic,0.3333333333333333,0.23214285714285715,0.1,0.7428571428571429
2141,126532,Jamal Fuller,LIU,0.8,0.5670103092783505,0.25,0.8363636363636363
2142,126535,Maurio Hanson Jr.,Maryland Eastern Shore,0.6666666666666666,0.7777777777777778,0.8888888888888888,1.0
2143,126536,Michael Marcus Jr.,Appalachian St.,1.0,0.574468085106383,0.5,1.0
2144,126538,Ace Buckner,Clemson,0.5,0.24444444444444444,0.04,0.6896551724137931
2145,126539,Del Jones,Radford,0.5,0.06756756756756757,0.0,0.375
2146,126540,Dallas Thomas,Clemson,0.0,0.25,0.0,0.9166666666666666
2147,126541,Ryan Williams,Northeastern,0.0,0.2857142857142857,0.21428571428571427,0.967741935483871
2148,126542,Matar Wade,Morgan St.,1.0,0.75,1.0,0.0
2149,126544,Joson Sanon,St. John's,0.3333333333333333,0.48148148148148145,0.6666666666666666,0.9166666666666666
2150,126545,Amier Ali,Mississippi St.,1.0,0.5,0.0,0.75
2151,126546,Kirby Mooney,Richmond,0.0,0.0,0.0,0.0
2152,126547,Jaylen Robinson,Richmond,0.6666666666666666,0.6071428571428571,0.5,1.0
2153,126548,Bryson McGlothin,Richmond,0.0,0.0,0.0,0.0
2154,126551,Jordyn Kee,Miami FL,0.0,0.0,0.0,1.0
2155,126553,Jesse McCulloch,Michigan St.,1.0,1.0,0.6666666666666666,1.0
2156,126556,Kur Teng,Michigan St.,0.0,0.5833333333333334,0.6956521739130435,1.0
2157,126558,Colin Walton,Michigan St.,0.0,0.0,0.0,1.0
2158,126559,Daniil Glazkov,Loyola Chicago,0.6666666666666666,0.25,0.0,1.0
2159,126565,Sam Springer,Loyola MD,0.0,0.3333333333333333,0.8,0.95
2160,126567,Eli Robinson,Air Force,1.0,0.40540540540540543,0.23076923076923078,1.0
2161,126568,Kyle Marshall,Air Force,1.0,0.2857142857142857,0.0,0.0
2162,126570,Grady Lewis,Cal St. Northridge,1.0,0.6521739130434783,0.7142857142857143,0.0
2163,126572,Tavion Banks,Iowa,0.9047619047619048,0.7362637362637363,0.3888888888888889,0.8421052631578947
2164,126573,Joey Matteoni,Iowa,1.0,0.8,0.6666666666666666,0.0
2165,126574,Isaia Howard,Iowa,0.6666666666666666,0.5365853658536586,0.3076923076923077,0.9444444444444444
2166,126575,Kamrin Oriol,North Florida,0.0,0.16304347826086957,0.037037037037037035,0.30526315789473685
2167,126576,Tye Dorset,Merrimack,0.6666666666666666,0.4745762711864407,0.2608695652173913,0.864406779661017
2168,126577,Taylor Thompson,North Florida,0.0,0.0,0.0,1.0
2169,126578,Jaylan Ouwinga,Toledo,0.9333333333333333,0.6888888888888889,0.76,1.0
2170,126579,Marcus Overstreet,San Jose St.,1.0,0.3,0.5,0.0
2171,126582,Trent Perry,UCLA,0.0,0.34146341463414637,0.3333333333333333,0.9361702127659575
2172,126583,Eric Freeny,UCLA,0.0,0.42857142857142855,0.5,1.0
2173,126584,David Hermes,UNC Asheville,0.0,0.0,0.0,0.0
2174,126585,Christian Horry,UCLA,0.0,0.0,0.0,0.0
2175,126586,Baboucarr Njie,UTSA,0.5,0.25,0.1111111111111111,1.0
2176,126589,Maurizio D'Alessandro,Rider,0.0,0.0,0.0,1.0
2177,126590,Cooper Campbell,Troy,0.0,0.1509433962264151,0.10526315789473684,0.5671641791044776
2178,126591,Cobi Campbell,Troy,0.0,0.2962962962962963,0.0,0.9242424242424242
2179,126592,Austin Cross,Troy,0.0,0.4,0.0,1.0
2180,126593,Evan Griffin,Troy,1.0,0.8,0.0,0.0
2181,126595,Kevin de Kovachich,North Alabama,0.0,0.0851063829787234,0.13333333333333333,0.7
2182,126596,Jalen Crawford,Florida St.,0.0,0.0,0.0,1.0
2183,126597,Alier Maluk,Florida St.,0.25,0.5,0.5,0.5
2184,126598,Jamie Vinson,Texas A&M,0.9473684210526315,0.8285714285714286,0.8,1.0
2185,126600,Anthon McDermott,Texas,0.0,0.0,0.0,0.5
2186,126601,Tyler Boston,Holy Cross,0.0,0.14285714285714285,0.07692307692307693,0.6444444444444445
2187,126605,Isaiah Chappell,UC Davis,1.0,0.8846153846153846,0.7777777777777778,0.9814814814814815
2188,126608,Arlandus Keyes,Mount St. Mary's,0.0,0.10810810810810811,0.0,0.7469879518072289
2189,126609,Nicholas Shogbonyo,Texas A&M Corpus Chris,1.0,0.2857142857142857,0.20833333333333334,0.8372093023255814
2190,126610,Loch Cunningham,Denver,0.0,0.0,0.0,0.0
2191,126615,Houran Dan,Seattle,0.8695652173913043,0.6111111111111112,0.23529411764705882,0.0
2192,126619,Quel'Ron House,Southern Illinois,0.0,0.1509433962264151,0.14545454545454545,0.6923076923076923
2193,126620,Collin Chandler,Kentucky,0.6666666666666666,0.5,0.375,0.821917808219178
2194,126621,Jack Daugherty,Illinois St.,0.0,0.0,0.0,0.95
2195,126622,Brady Shoulders,Mercer,0.0,0.36923076923076925,1.0,0.96
2196,126626,Collin O'Connor,Stony Brook,0.0,0.16666666666666666,0.0,0.6666666666666666
2197,126630,Andrija Vukovic,Oklahoma St.,1.0,0.7647058823529411,0.25,1.0
2198,126631,C.J. Smith,UTEP,0.0,0.0,0.0,1.0
2199,126632,Tyrone Riley IV,San Francisco,0.75,0.4230769230769231,0.4,0.8780487804878049
2200,126633,James O'Donnell,Portland,0.8823529411764706,0.7586206896551724,0.48484848484848486,0.0
2201,126635,Zaxton King,Missouri St.,0.0,0.3448275862068966,0.2,0.9117647058823529
2202,126636,Makhai Valentine,Northern Illinois,0.3333333333333333,0.2972972972972973,0.25,0.9242424242424242
2203,126638,Mozae Downing-Rivers,Portland St.,0.0,0.0,0.0,0.0
2204,126640,Josh Hill,Robert Morris,1.0,0.7407407407407407,0.7692307692307693,1.0
2205,126642,Amir Lindsey,Albany,0.0,0.2077922077922078,0.125,0.7368421052631579
2206,126644,Cooper Koch,Iowa,0.5,0.4583333333333333,0.14285714285714285,0.9545454545454546
2207,126645,Trey Buchanan,South Dakota St.,0.0,0.4,0.0,1.0
2208,126646,Ralph Akuta,Drexel,1.0,0.6923076923076923,1.0,0.0
2209,126648,Tyler Ode,Toledo,0.0,0.0,0.0,1.0
2210,126649,Martin Somerville,Florida St.,0.0,0.0,0.0,0.7166666666666667
2211,126650,Kris Johnson,UMass Lowell,1.0,1.0,0.0,0.0
2212,126651,Britton Berrett,Utah Tech,0.0,0.6,0.6,0.9459459459459459
2213,126652,Mantas Kocanas,California,1.0,0.7272727272727273,0.0,1.0
2214,126654,Tahaad Pettiford,Auburn,0.5714285714285714,0.2692307692307692,0.13043478260869565,0.4931506849315068
2215,126659,Luke Carter,Lipscomb,0.0,0.0,0.0,1.0
2216,126662,Aidan Richard,Holy Cross,0.0,0.3684210526315789,0.5,0.9130434782608695
2217,126663,Chuck Hare,Holy Cross,1.0,0.8,0.3333333333333333,0.0
2218,126666,James Brown,North Carolina,0.0,0.6666666666666666,0.0,0.0
2219,126667,Max Pikaar,Southern Illinois,0.8333333333333334,0.875,0.0,1.0
2220,126668,Ibrahima Traore,Utah,0.0,0.5,0.25,0.0
2221,126669,Caleb Harrison,Samford,0.0,0.0,0.0,0.0
2222,126670,Corey Brown,Samford,0.0,0.0,0.0,0.0
2223,126673,Riley Fox,Yale,1.0,0.40540540540540543,0.2222222222222222,0.975
2224,126674,Jaden Jackson,South Dakota St.,0.0,0.15789473684210525,0.0,0.6349206349206349
2225,126675,Owen Larson,Drake,0.0,0.20512820512820512,0.08333333333333333,0.75
2226,126676,Andrell Burton Jr.,South Dakota St.,0.0,0.0,0.0,0.0
2227,126677,Jadyn Cascio Jensen,South Dakota St.,0.0,0.0,0.0,0.0
2228,126680,Rieco Hellams,Old Dominion,0.0,0.0,0.0,0.0
2229,126681,Myles Corey,Rhode Island,0.3,0.17073170731707318,0.0,0.8333333333333334
2230,126682,Dillon Battie,Wichita St.,0.75,0.375,0.13333333333333333,0.6666666666666666
2231,126683,Aiden Tobiason,Temple,0.6666666666666666,0.524390243902439,0.19230769230769232,0.8043478260869565
2232,126684,Holden Pierre-Louis,Cleveland St.,0.75,0.5882352941176471,0.0,0.0
2233,126687,Luke Davis,East Carolina,1.0,0.42105263157894735,0.5,1.0
2234,126688,Jakai Sanders,Le Moyne,0.0,0.17777777777777778,0.1875,0.7407407407407407
2235,126689,Mykolaus Ivanauskas,Mercyhurst,0.5,0.6984126984126984,0.6071428571428571,1.0
2236,126692,Sir Mohammed,Notre Dame,0.0,0.16666666666666666,0.06896551724137931,0.75
2237,126693,Cole Certa,Notre Dame,0.0,0.19047619047619047,0.09090909090909091,0.8888888888888888
2238,126694,Brady Stevens,Notre Dame,0.0,0.0,0.0,0.0
2239,126695,Raysean Seamster,UT Arlington,0.6470588235294118,0.3669724770642202,0.3333333333333333,1.0
2240,126696,Jovan Jester Jr.,UC Irvine,0.6666666666666666,0.358974358974359,0.25,0.782608695652174
2241,126698,Tishan Ahir,UC Irvine,0.0,0.0,0.0,1.0
2242,126699,Karmani Gregory,USC Upstate,0.0,0.15254237288135594,0.025,0.509090909090909
2243,126701,Breylin Garcia,USC Upstate,0.0,0.45098039215686275,0.4444444444444444,0.0
2244,126703,Daniel Helterhoff,Rider,0.0,0.7083333333333334,0.75,0.0
2245,126704,Treyson Anderson,North Dakota St.,0.7142857142857143,0.2857142857142857,0.42857142857142855,0.9722222222222222
2246,126705,Malachi Palmer,Villanova,0.5,0.42857142857142855,0.6,1.0
2247,126707,Andy Stefonowicz,North Dakota St.,0.0,0.125,0.0,0.8846153846153846
2248,126708,Carson Smith,North Dakota St.,0.0,0.7692307692307693,1.0,1.0
2249,126710,Jayden Mott,Central Connecticut,1.0,0.6666666666666666,1.0,0.0
2250,126711,DaMariee Jones,Southern,0.6923076923076923,0.5194805194805194,0.5483870967741935,0.0
2251,126712,Florian Tenebay,South Carolina St.,0.0,0.17857142857142858,0.08333333333333333,0.7142857142857143
2252,126713,Jerquarius Stanback,Alabama St.,0.6785714285714286,0.5411764705882353,0.4666666666666667,1.0
2253,126714,Jonathan Pace,Mississippi Valley St.,0.75,0.7142857142857143,0.0,0.0
2254,126717,Jon O'Neill,New Hampshire,1.0,0.8,0.0,0.0
2255,126718,JoJo Fullwood,UNC Wilmington,0.0,0.0,0.0,0.0
2256,126720,Nick Sanford,New Hampshire,0.0,0.0,0.0,0.0
2257,126722,Elijah Malone,Colorado,1.0,0.7428571428571429,0.5333333333333333,1.0
2258,126723,Andrew Crawford,Colorado,1.0,1.0,0.0,1.0
2259,126724,Jackson Keil,Coastal Carolina,0.0,0.0,0.0,0.0
2260,126727,Dorian McMillian,Jackson St.,0.0,0.5357142857142857,0.16666666666666666,0.8245614035087719
2261,126728,Jalen Tatum,Jackson St.,0.6666666666666666,0.3125,0.0,0.8
2262,126729,Ebo Wilson,Jackson St.,1.0,0.4,1.0,0.0
2263,126730,Charlie Dortch,Colorado St.,0.0,1.0,0.0,0.0
2264,126732,Sean Craig,Toledo,0.0,0.46835443037974683,0.5217391304347826,1.0
2265,126733,John Mobley Jr.,Ohio St.,0.0,0.2857142857142857,0.24324324324324326,0.7835051546391752
2266,126734,Elliott Taite,Air Force,0.0,0.3333333333333333,0.0,0.75
2267,126735,Noah Haaland,Gonzaga,1.0,0.5,0.6666666666666666,0.0
2268,126737,Jordan Rogers,NJIT,0.8,0.47368421052631576,0.0,0.8
2269,126738,Jaye Nash,Jacksonville St.,1.0,0.23529411764705882,0.1,0.75
2270,126740,Henry Thole,Xavier,0.0,0.0,1.0,0.0
2271,126743,Mykol Sanchez-Vega,East Texas A&M,0.0,0.0,0.0,0.0
2272,126744,Scooter Williams Jr.,Louisiana Tech,0.875,0.44680851063829785,0.14814814814814814,0.7222222222222222
2273,126746,Kevin Kearney,Saint Joseph's,0.0,0.5,0.0,0.0
2274,126747,Liutauras Lelevicius,TCU,1.0,0.6176470588235294,0.5,0.9782608695652174
2275,126749,Charles Johnston,Furman,0.9375,0.7164179104477612,0.42857142857142855,1.0
2276,126750,Tomas Thrastarson,Washington St.,0.3333333333333333,0.35714285714285715,0.1111111111111111,0.7333333333333333
2277,126753,Karris Bilal,Louisiana,0.0,0.23076923076923078,0.18181818181818182,1.0
2278,126754,Kieran Elliott,Cal Poly,1.0,0.4090909090909091,0.0,1.0
2279,126755,Jackson McAndrew,Creighton,0.0,0.5,0.0,1.0
2280,126756,Ty Davis,Creighton,0.0,0.5,1.0,1.0
2281,126757,Larry Johnson,McNeese St.,0.7441860465116279,0.4740740740740741,0.3333333333333333,0.96
2282,126758,Zach Day,Mississippi,0.0,0.0,0.0,0.8
2283,126759,Max Smith,Mississippi,0.0,0.0,0.0,1.0
2284,126760,Zoom Diallo,Washington,1.0,0.2692307692307692,0.08421052631578947,0.9130434782608695
2285,126761,Jase Butler,Colorado St.,0.0,0.5294117647058824,0.14285714285714285,0.9302325581395349
2286,126762,Tuscan Onuoha,Florida A&M,1.0,1.0,0.5,0.0
2287,126763,Kyle Pulliam,William & Mary,0.5,0.6136363636363636,0.2,0.9230769230769231
2288,126765,Jordan Pyke,Incarnate Word,0.5,0.4262295081967213,0.09090909090909091,0.9523809523809523
2289,126768,Peter Kramer,Lehigh,0.0,0.875,1.0,1.0
2290,126769,Hank Alvey,Lehigh,0.9259259259259259,0.7628205128205128,0.4473684210526316,0.8
2291,126770,Edouard Benoit,Lehigh,1.0,0.3235294117647059,0.23076923076923078,0.9666666666666667
2292,126771,Alfredo Addesa,Lehigh,0.0,0.5555555555555556,0.8,1.0
2293,126777,Matt Lange,Bucknell,0.0,0.0,0.0,1.0
2294,126778,Kellen Welch,Bucknell,0.0,1.0,0.0,0.0
2295,126779,David Castillo,Kansas St.,1.0,0.46296296296296297,0.0,0.8928571428571429
2296,126780,Jayden Williams,Bucknell,0.0,0.07407407407407407,0.17647058823529413,0.7222222222222222
2297,126781,Mobi Ikegwuruka,Kansas St.,1.0,0.8333333333333334,0.5,0.0
2298,126784,Jai Anthoni Bearden,Ball St.,0.0,0.6,0.0,1.0
2299,126785,Kody Clancy,Ball St.,0.0,0.0,0.0,1.0
2300,126786,Fatt Hill,George Mason,0.5,0.3870967741935484,0.3,0.8571428571428571
2301,126788,Evan Anderson,South Dakota,0.0,0.5,0.0,0.8333333333333334
2302,126789,Porter Ihnen,South Dakota,0.0,0.0,0.0,0.0
2303,126791,Cooper Jackson,Navy,1.0,1.0,1.0,0.0
2304,126792,David Burnett,Navy,0.75,0.5,0.0,1.0
2305,126797,Ben Michaels,Vermont,0.5,0.5789473684210527,0.0,1.0
2306,126800,Leon Horner,Texas Tech,0.0,0.6666666666666666,0.5454545454545454,1.0
2307,126801,Kavon Bradford,Northern Arizona,0.0,0.25925925925925924,0.07692307692307693,0.75
2308,126803,Brandon Jennings,VCU,0.7142857142857143,0.24489795918367346,0.0,0.92
2309,126805,Cade Orness,Gonzaga,0.0,1.0,0.0,0.0
2310,126811,Jaxon Olvera,Louisiana,0.0,0.18181818181818182,0.22388059701492538,0.8421052631578947
2311,126813,Nilavan Daniels,Providence,0.0,1.0,0.0,1.0
2312,126814,Pape N'Diaye,Xavier,0.75,0.6666666666666666,1.0,1.0
2313,126816,Brennan Walton,Michigan St.,0.0,0.0,0.0,1.0
2314,126817,Justin Pippen,California,0.6666666666666666,0.28,0.07692307692307693,0.5098039215686274
2315,126818,Howard Eisley Jr.,Michigan,0.0,0.0,0.0,1.0
2316,126819,Cole McCabe,Rider,1.0,0.3333333333333333,0.75,1.0
2317,126820,Landren Blocker,Southeast Missouri St.,0.75,0.42105263157894735,0.42857142857142855,1.0
2318,126821,AJ Bates,Louisiana Tech,0.0,0.12962962962962962,0.08888888888888889,0.75
2319,126822,Al Green,UNLV,1.0,0.8,0.42857142857142855,0.8947368421052632
2320,126823,Jack Robison,Wisconsin,0.0,1.0,0.0,1.0
2321,126824,Daniel Freitag,Buffalo,0.2,0.2571428571428571,0.2,0.7058823529411765
2322,126826,Redd Thompson Jr.,Longwood,0.0,0.16666666666666666,0.21428571428571427,0.8409090909090909
2323,126828,Eric Morgan Jr.,Saint Peter's,1.0,0.4166666666666667,1.0,0.8666666666666667
2324,126830,Braylhan Thomas,Winthrop,0.0,0.3333333333333333,0.0,1.0
2325,126831,Nakavieon White,Georgia Southern,0.3333333333333333,0.09836065573770492,0.0,0.5833333333333334
2326,126835,Josh Omojafo,South Florida,0.5714285714285714,0.5,0.6666666666666666,0.9090909090909091
2327,126836,Braden Frager,Nebraska,0.8333333333333334,0.5945945945945946,0.0,0.8947368421052632
2328,126838,Jordan Hernandez,UTEP,0.0,0.0,0.0,0.0
2329,126840,Babacar Mbengue,UMKC,0.0,0.25,0.625,0.0
2330,126841,Caleb Williams,Lafayette,0.0,0.3076923076923077,0.15384615384615385,0.6164383561643836
2331,126843,Andrin Njock,Appalachian St.,1.0,0.7272727272727273,0.0,1.0
2332,126844,Simon Wheeler,Jacksonville,0.0,0.0,0.0,0.0
2333,126845,Josiah Moseley,Texas Tech,0.75,0.5714285714285714,0.5,1.0
2334,126847,Alex Dupre,Portland St.,0.0,1.0,0.375,0.7142857142857143
2335,126850,Terry McMorris,Eastern Illinois,0.625,0.3387096774193548,0.1111111111111111,1.0
2336,126851,Martin Kawa,Marist,0.0,1.0,1.0,1.0
2337,126852,Sekou Konneh,Milwaukee,0.7894736842105263,0.49230769230769234,0.46153846153846156,1.0
2338,126853,Nate Kasher,DePaul,0.0,0.0,0.0,0.0
2339,126855,Kany Tchanda,Boston College,0.0,0.0,0.0,0.0
2340,126856,Nick Lombardi,Valparaiso,0.0,0.0,0.0,0.0
2341,126859,All Wright,Xavier,0.0,0.5277777777777778,0.3333333333333333,0.9473684210526315
2342,126860,Justus McNair,Valparaiso,0.0,0.02857142857142857,0.07407407407407407,0.8
2343,126862,Je'Shawn Stevenson,North Texas,0.6,0.26506024096385544,0.17647058823529413,0.7941176470588235
2344,126863,Reece Robinson,North Texas,1.0,0.6756756756756757,0.5,0.875
2345,126864,Brandon Hall,Duquesne,1.0,0.7142857142857143,0.0,0.6428571428571429
2346,126868,Eze Wali,The Citadel,0.0,0.2,0.0,0.9375
2347,126869,Jack Walter,The Citadel,0.0,0.0,0.0,0.0
2348,126870,Oswin Erhunmwunse,Providence,0.7291666666666666,0.6593406593406593,0.625,0.0
2349,126871,Davian Williams,Alcorn St.,0.6666666666666666,0.4074074074074074,0.22727272727272727,0.8205128205128205
2350,126873,Dylan Grant,Rutgers,0.6666666666666666,0.4696969696969697,0.5217391304347826,0.9545454545454546
2351,126879,Brayden Fagbemi,UC Davis,0.0,0.39285714285714285,0.16129032258064516,0.7333333333333333
2352,126880,Baron Smith Jr.,Oral Roberts,0.0,0.7142857142857143,0.5,0.0
2353,126881,Tyran Mason,UT Arlington,0.9,0.6666666666666666,0.2608695652173913,0.9285714285714286
2354,126882,Valentino Simon,Nebraska Omaha,1.0,0.55,0.8333333333333334,0.0
2355,126884,Max Williams,Western Carolina,0.0,0.0,0.0,0.0
2356,126885,Kamryn Thomas,Nebraska Omaha,1.0,0.17647058823529413,0.4,1.0
2357,126886,Thokbor Majak,San Diego St.,0.0,0.0,0.0,0.0
2358,126887,Elijah Davis,North Carolina,0.0,0.0,0.0,1.0
2359,126893,Yoav Berman,Queens,0.3333333333333333,0.15625,0.08333333333333333,0.9047619047619048
2360,126895,Justin Ray,Monmouth,1.0,0.3870967741935484,0.14285714285714285,0.8548387096774194
2361,126899,Maban Jabriel,Queens,0.7142857142857143,0.5581395348837209,0.6,0.9791666666666666
2362,126901,Jordy Barnes,Utah St.,0.0,0.0,0.0,1.0
2363,126903,Tristen Guillouette,Florida Gulf Coast,0.8,0.5238095238095238,0.7142857142857143,0.0
2364,126904,Evan van der Plas,Canisius,0.0,0.14285714285714285,0.0,1.0
2365,126905,Isaac Davis,Utah Valley,0.9142857142857143,0.6666666666666666,0.6470588235294118,1.0
2366,126906,Declan Cutler,Weber St.,1.0,0.6923076923076923,0.0,0.0
2367,126908,Mekhi Conner,Sacred Heart,0.0,0.14285714285714285,0.0,0.673469387755102
2368,126910,Marcus Wilson,UC Davis,0.0,0.15789473684210525,0.22727272727272727,0.8709677419354839
2369,126912,Matt Hodge,Villanova,0.8333333333333334,0.631578947368421,0.8333333333333334,0.98
2370,126913,Malik Sheppard,Sacred Heart,0.0,0.0,0.0,0.0
2371,126914,Fallou Gueye,Sacred Heart,0.0,0.2727272727272727,0.0,0.75
2372,126916,Donovan Rakotonanahary,Northern Kentucky,0.7272727272727273,0.7027027027027027,0.0,1.0
2373,126917,Lenard Taylor Jr.,Florida A&M,0.0,0.5714285714285714,1.0,1.0
2374,126918,Malcom Stute,Florida A&M,0.0,0.0,0.0,0.0
2375,126921,Brendan Johnson,Merrimack,0.0,0.6666666666666666,0.0,0.0
2376,126923,Patrick Ngongba,Duke,0.9285714285714286,0.7070707070707071,0.5714285714285714,0.875
2377,126924,Isaiah Evans,Duke,0.6363636363636364,0.3870967741935484,0.34782608695652173,0.900990099009901
2378,126926,Darren Harris,Duke,1.0,0.6,0.0,0.9130434782608695
2379,126928,Dayan Nessah,Cleveland St.,0.75,0.5168539325842697,0.4444444444444444,0.875
2380,126929,Ty Bevins,George Washington,0.0,0.0,0.0,1.0
2381,126930,Chris Arias,Jacksonville,0.0,0.11764705882352941,0.25,0.8108108108108109
2382,126933,Dennis Asoro,Arkansas Pine Bluff,0.0,0.6428571428571429,0.0,0.0
2383,126934,Mohamed Binzagr,George Washington,0.0,0.0,0.0,0.0
2384,126937,Devin Brafford,Charleston Southern,1.0,0.6666666666666666,1.0,1.0
2385,126940,Dailliss Cox,Chicago St.,0.0,0.47368421052631576,0.8095238095238095,1.0
2386,126942,Caden Diggs,UMBC,0.4,0.2711864406779661,0.15151515151515152,0.88
2387,126943,Ibrahim Olajuwon,FIU,0.5,0.47058823529411764,0.5,0.0
2388,126944,Ashton Williamson,FIU,0.0,0.3870967741935484,0.0,0.8333333333333334
2389,126945,Asim Jones,Quinnipiac,1.0,0.10294117647058823,0.06451612903225806,0.6363636363636364
2390,126946,Scottie Hubbard,Old Dominion,0.0,0.2857142857142857,0.3333333333333333,0.9090909090909091
2391,126949,Dimitrije Vukicevic,UC San Diego,0.6666666666666666,0.65,0.8571428571428571,0.0
2392,126951,Nic Codie,Texas,0.6666666666666666,0.6086956521739131,0.5454545454545454,0.5
2393,126954,Obi Agbim,Baylor,0.0,0.0,0.21212121212121213,0.8589743589743589
2394,126955,Chance Puryear,SMU,0.0,0.0,0.0,1.0
2395,126956,Samet Yigitoglu,SMU,0.8333333333333334,0.6554621848739496,0.6944444444444444,0.0
2396,126957,Maxim Logue,Florida Atlantic,0.75,0.5964912280701754,0.0,0.0
2397,126958,Mitchell Holmes,SMU,0.0,0.8461538461538461,0.8333333333333334,0.0
2398,126959,Niccolo Kalischer-Stork,SMU,0.0,0.0,0.0,0.0
2399,126960,Johan Munch,Oregon St.,0.9166666666666666,0.575,0.5,1.0
2400,126961,Isaiah Sy,Oregon St.,0.0,0.2916666666666667,0.4,1.0
2401,126963,Nate Deer,Oakland,0.0,0.0,0.0,0.0
2402,126967,Ryan Jones Jr.,Liberty,0.0,0.5,1.0,1.0
2403,126968,Ben Hammond,Virginia Tech,0.0,0.17777777777777778,0.08695652173913043,0.8409090909090909
2404,126970,Jaheem Webber,Southern Illinois,0.6666666666666666,0.6666666666666666,1.0,0.0
2405,126971,Antwaun Massey,Western Illinois,0.23076923076923078,0.24242424242424243,0.3333333333333333,1.0
2406,126973,Jorge Moreno,Southern Illinois,0.0,0.6,0.5714285714285714,0.0
2407,126975,Dylan Godfrey,UC Riverside,0.0,0.5714285714285714,0.8333333333333334,1.0
2408,126976,Liam Dayco-Green,Florida Atlantic,0.0,0.0,0.0,1.0
2409,126977,Jaxson Ford,Sam Houston St.,0.0,0.6153846153846154,0.625,0.0
2410,126979,Tim Franks,St. Thomas,0.0,1.0,0.0,1.0
2411,126981,Rich Smith,Abilene Christian,0.42857142857142855,0.2112676056338028,0.3225806451612903,0.6666666666666666
2412,126982,Kevin Pazmino,Nicholls St.,0.0,0.0,0.0,0.875
2413,126983,Viktor Mikic,Florida,0.0,0.3333333333333333,0.0,1.0
2414,126984,Jacob Dar,Seton Hall,0.7142857142857143,0.7,0.6666666666666666,1.0
2415,126986,Jojo Anderson,Eastern Washington,0.0,0.28125,0.15,0.7916666666666666
2416,126989,Allen Graves,Santa Clara,0.6190476190476191,0.5394736842105263,0.3103448275862069,1.0
2417,126990,Elijah Mahi,Santa Clara,1.0,0.2236842105263158,0.041666666666666664,0.7962962962962963
2418,126991,Hamad Mousa,Cal Poly,0.25,0.14285714285714285,0.14285714285714285,0.6842105263157895
2419,126992,Amael L'Etang,Dayton,0.75,0.5747126436781609,0.14285714285714285,1.0
2420,126994,Luke Skaljac,Miami OH,0.0,0.07142857142857142,0.058823529411764705,0.6857142857142857
2421,126995,Alex Bruskotter,Wright St.,0.0,0.25,1.0,1.0
2422,126996,Andrea Holden,Wright St.,0.7777777777777778,0.5344827586206896,0.25,0.0
2423,126997,Isaac Munkadi,Fairfield,1.0,0.7,0.0,1.0
2424,126998,Tanner Ostop,Fairfield,0.0,0.0,0.0,0.0
2425,127000,Brant Byers,Miami OH,0.8571428571428571,0.559322033898305,0.14285714285714285,0.9682539682539683
2426,127001,Angelo Winkel,Eastern Washington,0.0,0.0,0.0,0.0
2427,127002,Jaylen Wharton,Northern Illinois,0.0,0.0,0.5555555555555556,0.0
2428,127003,Taj Glover,Sacramento St.,0.0,0.3,0.5,0.75
2429,127004,CJ Brown,South Florida,0.5,0.15294117647058825,0.0,0.8461538461538461
2430,127006,Jimmie Williams,Duquesne,0.8,0.3614457831325301,0.09090909090909091,0.8448275862068966
2431,127011,Grant Neal,Bellarmine,0.0,0.25,0.0,0.0
2432,127013,Finn Lally,William & Mary,0.0,0.42857142857142855,0.0,1.0
2433,127014,Somto Cyril,Georgia,0.6987951807228916,0.6068376068376068,0.3333333333333333,0.0
2434,127016,Karl Poom,Northern Arizona,0.75,0.5,0.2857142857142857,0.9285714285714286
2435,127017,Dariyus Woodson,Louisiana,0.0,0.45454545454545453,0.0,0.9743589743589743
2436,127018,Reggie Thomas,North Dakota,0.0,0.35,1.0,0.8421052631578947
2437,127021,Michael Jacobs,Southern,1.0,0.2125,0.075,0.7837837837837838
2438,127022,Gianni Cobb,Northern Illinois,0.0,0.1267605633802817,0.14285714285714285,0.8888888888888888
2439,127023,Alexis Marmolejos,Pacific,0.0,0.4,0.0,0.9333333333333333
2440,127025,Lionel Bell,Southern,0.0,0.6666666666666666,0.0,0.0
2441,127026,AJ Barnes,Southern,0.6,0.36363636363636365,0.7,0.8888888888888888
2442,127027,Joe Manning,Southern,0.0,0.0,0.16666666666666666,0.8125
2443,127028,Jayce Depron,Southern,0.0,0.0,0.0,0.0
2444,127029,Josh Ibukunoluwa,High Point,0.75,0.5454545454545454,0.0,0.0
2445,127032,Anthony Peoples Jr.,UCLA,0.0,0.0,0.0,0.0
2446,127033,Oleksandr Kobzystyi,Oregon,0.0,0.375,1.0,0.8888888888888888
2447,127034,Aaron Hunkin-Claytor,Hawaii,0.0,0.11764705882352941,0.0,0.8333333333333334
2448,127036,AJ Economou,Hawaii,1.0,0.75,0.0,1.0
2449,127037,Christian Richardson,Nebraska Omaha,0.9090909090909091,0.8461538461538461,0.2857142857142857,0.0
2450,127041,Josh Clark,Marquette,0.6666666666666666,0.5714285714285714,0.0,0.0
2451,127042,Nordin Kapic,South Carolina,0.0,0.5,0.8333333333333334,0.9375
2452,127045,Trey Weiand,Saint Francis,0.0,1.0,0.0,1.0
2453,127047,Shanon Simango,Dartmouth,0.0,1.0,0.0,0.0
2454,127051,Jaden Karuletwa,Arkansas,0.0,0.0,0.0,1.0
2455,127052,Boogie Fland,Florida,0.5294117647058824,0.3157894736842105,0.12195121951219512,0.7333333333333333
2456,127053,Joey Scarpitti,Charleston,0.0,0.0,0.0,0.0
2457,127054,De'Vion Lavergne,Louisiana,0.6666666666666666,0.16666666666666666,0.1568627450980392,0.825
2458,127055,Milos Vicentic,New Mexico,0.0,0.6666666666666666,1.0,0.8
2459,127056,Lucas Prolla,Duquesne,0.0,0.0,0.0,0.0
2460,127058,Jaehshon Thomas,Drake,0.0,0.12903225806451613,0.21212121212121213,0.9310344827586207
2461,127059,Ben Bradford,Charlotte,0.3,0.14583333333333334,0.21052631578947367,0.9375
2462,127062,Zachiah Clark,UC Santa Barbara,0.0,0.1111111111111111,0.0,1.0
2463,127063,Zion Sensley,UC Santa Barbara,1.0,0.5,0.38095238095238093,0.9818181818181818
2464,127066,Chris McDermott,Texas A&M,0.0,0.5,0.0,0.0
2465,127067,Caden Wilkins,Green Bay,0.0,0.2631578947368421,0.0,0.9777777777777777
2466,127070,Darius Robinson,SIU Edwardsville,0.0,0.5,0.2,0.75
2467,127071,Petar Majstorovic,Long Beach St.,1.0,0.5393258426966292,0.48936170212765956,1.0
2468,127072,Noah Lobdell,Syracuse,0.0,0.0,0.0,0.0
2469,127074,Brandon Maclin,DePaul,1.0,0.3064516129032258,0.047619047619047616,0.8636363636363636
2470,127075,Marvin McGhee IV,UC Santa Barbara,0.6666666666666666,0.5555555555555556,0.5,0.9655172413793104
2471,127076,Bentley Waller,Cal St. Bakersfield,0.0,0.25,0.25,0.6
2472,127077,CJ Hardy,Cal St. Bakersfield,0.25,0.125,0.0,0.55
2473,127078,Mike Price,Cal St. Bakersfield,0.0,0.23076923076923078,0.1875,0.7931034482758621
2474,127079,"Ryan Jackson, Jr.",William & Mary,0.6666666666666666,0.6461538461538462,0.0,1.0
2475,127080,Isaiah Mbeng,East Carolina,0.0,0.23076923076923078,0.0,0.8333333333333334
2476,127081,Colin Ndaw,William & Mary,0.0,0.0,0.0,0.0
2477,127084,Ma'Kye Taylor,Albany,0.8,0.45454545454545453,0.375,0.0
2478,127087,Corey Thomas,Bradley,1.0,0.6666666666666666,0.5238095238095238,1.0
2479,127088,Gus Rugaard,Bradley,0.0,0.0,0.0,0.0
2480,127089,Jaquan Johnson,Bradley,0.0,0.1,0.05714285714285714,0.7307692307692307
2481,127090,Carmelo Pacheco,UCF,0.0,0.0,1.0,0.9767441860465116
2482,127091,Garrett Spielman,Wyoming,1.0,1.0,0.0,1.0
2483,127093,Noah Bolanga,Utah Tech,0.5454545454545454,0.39622641509433965,0.07407407407407407,0.8431372549019608
2484,127094,Xander Wedlow,St. Bonaventure,0.0,0.0,0.0,0.0
2485,127095,Andrew Holifield,Lamar,0.6923076923076923,0.5,0.4090909090909091,0.8979591836734694
2486,127102,Nehemiah Turner,Minnesota,1.0,1.0,0.0,0.0
2487,127105,James Jones,Central Connecticut,1.0,0.5263157894736842,0.23076923076923078,0.8571428571428571
2488,127106,Roddy Jones,Central Connecticut,0.0,0.0,1.0,0.96
2489,127109,Jason Jakstys,Illinois,1.0,0.75,0.0,0.0
2490,127110,Bishop Boswell,Tennessee,0.0,0.21052631578947367,0.2777777777777778,1.0
2491,127111,Aiden Sherrell,Alabama,0.9375,0.6701030927835051,0.8333333333333334,1.0
2492,127112,Naas Cunningham,UNLV,0.6666666666666666,0.5555555555555556,0.36363636363636365,1.0
2493,127113,Derrion Reid,Oklahoma,0.8260869565217391,0.5517241379310345,0.2777777777777778,0.9411764705882353
2494,127117,Jonah Hinton,Rhode Island,0.0,0.35294117647058826,0.18181818181818182,0.7894736842105263
2495,127118,Stefan Cicic,Pepperdine,0.8571428571428571,0.6818181818181818,0.7142857142857143,1.0
2496,127119,KJ Greene,Tulane,0.0,0.20833333333333334,0.2,1.0
2497,127121,Kam Williams,Kentucky,0.2857142857142857,0.42105263157894735,0.0,0.9642857142857143
2498,127122,Daniel Macgregor,Stetson,0.0,0.18181818181818182,0.1,0.5714285714285714
2499,127123,Zaon Collins,Fresno St.,0.0,0.2459016393442623,0.0,0.4117647058823529
2500,127125,Brandin Cummings,Pittsburgh,0.0,0.08333333333333333,0.125,0.6333333333333333
2501,127127,Preston Lee,Portland,0.0,0.0,0.0,0.0
2502,127128,Jinup Dobuol,Monmouth,0.8,0.5714285714285714,0.6666666666666666,1.0
2503,127129,Ty Iwanonkiw,Cornell,0.0,0.0,0.0,1.0
2504,127131,Connor Hollenbeck,Idaho St.,0.3333333333333333,0.2982456140350877,0.13636363636363635,0.9761904761904762
2505,127136,Khouri Carvey,North Carolina Central,1.0,0.6388888888888888,0.45454545454545453,1.0
2506,127139,Brady Smith,Weber St.,0.0,0.0,0.0,0.0
2507,127140,Leland Coleman,Columbia,1.0,0.4,1.0,0.0
2508,127142,Ethan Thomas,Central Arkansas,0.0,0.0,0.0,0.0
2509,127146,Trey Scott III,Georgia St.,1.0,0.5,0.6538461538461539,1.0
2510,127150,Erich Harding,Marshall,0.9523809523809523,0.7894736842105263,1.0,0.0
2511,127152,Dezayne Mingo,Charlotte,0.3333333333333333,0.11320754716981132,0.041666666666666664,0.42592592592592593
2512,127156,Hudson Ward,Western Michigan,1.0,0.5833333333333334,0.0,0.8888888888888888
2513,127158,Miles Goodman,UT Arlington,1.0,0.76,0.375,1.0
2514,127159,Dominick Stewart,Penn St.,0.0,0.47058823529411764,0.23076923076923078,0.8205128205128205
2515,127160,Jason Asemota,Boston College,1.0,0.6666666666666666,0.5,0.7692307692307693
2516,127162,Dylan Williams,Penn,0.0,0.4,0.0,0.0
2517,127164,Jake Lemelman,Mercyhurst,0.0,0.2564102564102564,0.2702702702702703,0.8135593220338984
2518,127165,Qadir Martin,Mercyhurst,0.9,0.6448598130841121,0.5357142857142857,0.75
2519,127166,Deshaun Jackson Jr.,Mercyhurst,0.0,0.21428571428571427,0.2926829268292683,0.0
2520,127167,Brayden Crump,East Tennessee St.,1.0,0.6923076923076923,1.0,1.0
2521,127168,Renars Sondors,Louisiana Monroe,0.5,0.6666666666666666,0.5384615384615384,0.9761904761904762
2522,127170,Sash Gavalyugov,Santa Clara,0.0,0.2777777777777778,0.20689655172413793,0.5384615384615384
2523,127171,Tate McCubbin,Austin Peay,0.5,0.5833333333333334,0.2,1.0
2524,127172,Brian Amuneke,Wichita St.,0.0,0.16666666666666666,0.3333333333333333,0.9375
2525,127174,Ronnie Harrison,East Texas A&M,0.7916666666666666,0.6712328767123288,0.5111111111111111,0.9310344827586207
2526,127177,Julen Iturbe,American,0.0,0.5,0.21052631578947367,0.8571428571428571
2527,127178,Wyatt Nausadis,American,0.0,0.2,0.08333333333333333,0.7222222222222222
2528,127180,Madiba Owona,Utah Tech,0.16666666666666666,0.2608695652173913,0.1,0.75
2529,127181,Simon Hildebrandt,Washington St.,0.3333333333333333,0.75,0.25,1.0
2530,127182,Quin Gorman,Stony Brook,0.75,0.6666666666666666,0.4,1.0
2531,127184,Veniamin Abosi,San Francisco,0.0,0.6,0.0,0.9444444444444444
2532,127185,Terrence Hill Jr.,VCU,0.0,0.20689655172413793,0.030303030303030304,0.7654320987654321
2533,127186,Jermaine Washington,San Jose St.,0.0,0.32142857142857145,0.3125,0.56
2534,127187,Cameron Patterson,Texas Southern,1.0,0.4,0.42857142857142855,0.0
2535,127188,Ben Roseborough,San Jose St.,0.0,0.1111111111111111,0.2727272727272727,0.7222222222222222
2536,127189,Cardell Bailey,Southern Indiana,0.5555555555555556,0.32558139534883723,0.32432432432432434,0.5306122448979592
2537,127192,Maurice Vassel,Maryland Eastern Shore,0.8,0.46153846153846156,0.0,0.0
2538,127193,Ralph Martino Jr.,Saint Francis,1.0,0.6428571428571429,0.3,1.0
2539,127194,Bryce Dortch,Rutgers,0.375,0.5,0.0,0.0
2540,127196,Jakob Blakley,Le Moyne,0.0,0.3076923076923077,0.0,0.9629629629629629
2541,127199,Darrion Sutton,Missouri St.,0.8,0.5555555555555556,0.4444444444444444,0.75
2542,127200,Will Eggemeier,Boston College,0.0,0.0,0.0,0.0
2543,127201,Jaeden Mustaf,Georgia Tech,0.3333333333333333,0.25,0.13333333333333333,0.9523809523809523
2544,127204,Triston Wilson,Presbyterian,0.5,0.37254901960784315,0.075,0.9
2545,127205,Khalon Hudson,Presbyterian,0.5,0.38095238095238093,0.36363636363636365,1.0
2546,127206,Chidi Chiakwelu,Presbyterian,0.9285714285714286,0.5641025641025641,0.0,0.0
2547,127207,Caleb Crawford,Maine,0.0,0.5714285714285714,0.2608695652173913,1.0
2548,127209,Makel Smith,UNC Wilmington,0.0,0.0,0.0,1.0
2549,127210,Amare Allen,Maine,1.0,0.35294117647058826,0.4,1.0
2550,127211,Alijah Adem,Bowling Green,0.0,0.0,0.0,0.0
2551,127212,Conner Groce,Akron,0.0,1.0,0.0,1.0
2552,127213,Eric Mahaffey,Akron,0.6521739130434783,0.5454545454545454,0.25,0.96
2553,127216,Sharron Young,Akron,0.0,0.5384615384615384,0.5,0.8205128205128205
2554,127217,Rich Brisco,Akron,0.0,0.0,0.0,0.0
2555,127222,Ben Tweedy,Colgate,0.0,0.4375,0.16666666666666666,1.0
2556,127223,Bernie Blunt,Mercyhurst,0.0,0.3384615384615385,0.425531914893617,0.7777777777777778
2557,127226,Elijah Lewis,Marist,0.75,0.45652173913043476,0.2222222222222222,0.9230769230769231
2558,127228,Afan Trnka,Tennessee Martin,0.0,0.06666666666666667,0.5,0.9
2559,127229,Tarence Guinyard,Duquesne,0.5,0.0875,0.1,0.7391304347826086
2560,127230,Kayden Crosby,Texas A&M Corpus Chris,0.0,0.0,0.0,1.0
2561,127231,Sheldon Williams,Texas A&M Corpus Chris,0.8,0.4594594594594595,0.3,1.0
2562,127232,Jeremiah Johnson,Campbell,0.5,0.20454545454545456,0.07692307692307693,0.8409090909090909
2563,127233,Layne Taylor,Murray St.,0.0,0.07692307692307693,0.0,0.5306122448979592
2564,127234,Ifiok Peter,Western Illinois,0.8,0.42857142857142855,0.0,0.0
2565,127235,Labaron Philon,Alabama,0.6,0.1504424778761062,0.0,0.5802469135802469
2566,127236,Gavin Paull,Tennessee,0.0,0.0,0.0,0.0
2567,127238,Stephon Marbury II,California,0.0,0.0,0.0,0.0
2568,127240,Julian Clarke,UNC Asheville,0.0,0.0,0.0,1.0
2569,127243,C.J. O'Hara,Green Bay,0.5789473684210527,0.45384615384615384,0.15384615384615385,1.0
2570,127244,Tyler Thompson,Montana,0.0,0.5714285714285714,0.0,0.9365079365079365
2571,127246,Dayton Forsythe,Oklahoma,0.0,0.16666666666666666,0.0,0.6875
2572,127247,Jeff Nwankwo,Oklahoma,0.5,0.4,1.0,0.9166666666666666
2573,127248,Kuol Atak,Oklahoma,0.8,0.5,0.5,0.8837209302325582
2574,127249,Kolten Griffin,West Georgia,0.0,0.30952380952380953,0.0,0.9444444444444444
2575,127251,Mekhi Turner,Tennessee Tech,0.7,0.5555555555555556,0.0,0.0
2576,127252,Ramone Seals,Kennesaw St.,0.6666666666666666,0.32142857142857145,1.0,1.0
2577,127254,Adrian Wooley,Louisville,0.3333333333333333,0.2909090909090909,0.2857142857142857,0.7317073170731707
2578,127255,Braedan Lue,Kennesaw St.,0.9523809523809523,0.47191011235955055,0.32142857142857145,0.9411764705882353
2579,127257,Ricky McKenzie,Marist,0.0,1.0,0.0,1.0
2580,127258,Jon Mekonnen,Colorado St.,0.0,0.0,0.0,0.0
2581,127259,Stas Sivka,George Mason,1.0,0.6666666666666666,0.5,1.0
2582,127261,T.J. Prosise,George Mason,0.0,0.0,0.0,0.0
2583,127262,Nick Randall,Colorado,0.0,0.0,0.0,0.0
2584,127263,Felix Kossaras,Colorado,0.8,0.55,0.4,1.0
2585,127264,Sebastian Rancik,Colorado,1.0,0.3333333333333333,0.32,0.8974358974358975
2586,127265,Andy Sigiscar,Tarleton St.,0.8125,0.5208333333333334,0.3333333333333333,0.0
2587,127267,Chris Mpaka,Tarleton St.,0.8235294117647058,0.5517241379310345,0.7058823529411765,0.0
2588,127268,Ja'Borri McGhee,Mississippi St.,0.5,0.2564102564102564,0.043478260869565216,0.8529411764705882
2589,127270,Brendan Terry,Southeast Missouri St.,0.75,0.47474747474747475,0.25,0.7777777777777778
2590,127271,Bryce Heard,Dayton,0.7142857142857143,0.6,0.2,0.9230769230769231
2591,127272,Trey Parker,Seton Hall,0.3333333333333333,0.125,0.4,1.0
2592,127274,"Paul McNeil, Jr.",N.C. State,0.75,0.56,0.625,0.8476190476190476
2593,127275,NaVaughn Long,Portland,0.0,0.25,1.0,1.0
2594,127276,Jalen Dollar,Cal Baptist,0.0,0.0,0.0,1.0
2595,127277,Dillon Tingler,Drexel,0.6666666666666666,0.42857142857142855,0.25,0.9090909090909091
2596,127278,Godslove Nwabude,Eastern Michigan,1.0,0.7192982456140351,0.4444444444444444,0.0
2597,127284,Tallis Toure,Stanford,0.0,0.0,0.0,0.0
2598,127286,Angok Anyang,Alabama A&M,1.0,0.46153846153846156,0.0,0.0
2599,127287,Jaylon Johnson,Radford,0.0,0.2,0.5,0.7868852459016393
2600,127288,Kavien Jones,Tennessee St.,1.0,0.6666666666666666,0.6,1.0
2601,127291,JC Brooks,Tennessee St.,0.0,0.0,0.5,1.0
2602,127292,Brady Hardewig,West Georgia,0.0,1.0,0.0,0.9032258064516129
2603,127293,Evan Stinson,Stanford,1.0,1.0,0.0,1.0
2604,127295,Donavin Young,Stanford,0.0,0.2222222222222222,0.4,1.0
2605,127297,Peyton Seals,Princeton,0.0,0.75,1.0,0.8333333333333334
2606,127298,CJ Happy,Princeton,1.0,0.6333333333333333,0.5,0.9583333333333334
2607,127299,Zio Kim,Princeton,0.0,0.0,0.0,0.0
2608,127300,Malik Abdullahi,Princeton,0.8666666666666667,0.4411764705882353,0.375,1.0
2609,127302,Logan Epes,Missouri St.,0.0,0.75,0.0,1.0
2610,127304,Tyler Weaver,Utah Valley,0.0,0.0,0.6666666666666666,1.0
2611,127306,Tyler Medaris,Utah Valley,0.0,0.8,0.0,0.0
2612,127308,Dominick Nelson,Iowa St.,1.0,0.5217391304347826,0.0,0.0
2613,127309,Kylin Green,Houston Christian,0.0,0.29411764705882354,0.09523809523809523,0.9047619047619048
2614,127310,Antoine Lorick III,Tennessee St.,0.7777777777777778,0.47,0.14285714285714285,1.0
2615,127312,Damoni Harrison,Charlotte,1.0,0.8125,0.2,0.9047619047619048
2616,127313,Isaac Asuma,Minnesota,0.0,0.6122448979591837,0.42105263157894735,0.8793103448275862
2617,127314,Ty Robinson,Central Arkansas,0.0,0.581081081081081,0.6,0.8571428571428571
2618,127316,Ethan Kitch,Stanford,0.0,0.0,0.0,1.0
2619,127317,Parker Robison,Chattanooga,0.0,0.5,0.0,0.0
2620,127321,Justin Redmond,Northwestern St.,0.0,0.4,0.23076923076923078,0.75
2621,127323,Mason Hagedorn,VMI,0.0,0.0,0.0,1.0
2622,127324,Juke Harris,Wake Forest,0.6923076923076923,0.3333333333333333,0.09259259259259259,0.8850574712643678
2623,127329,Connor Horan,Iona,0.0,0.0,0.0,0.0
2624,127331,Yaphet Moundi,San Jose St.,1.0,0.5348837209302325,0.0,0.0
2625,127332,Kernan Bundy,UMKC,1.0,1.0,0.0,1.0
2626,127334,Jeremiah Wilkinson,Georgia,0.7333333333333333,0.2631578947368421,0.07692307692307693,0.759493670886076
2627,127337,Ivan Njegovan,Ohio St.,0.8,0.7777777777777778,0.8888888888888888,1.0
2628,127339,Nick Anderson,Rice,0.6,0.43902439024390244,0.13043478260869565,0.9024390243902439
2629,127340,Troy Jenkins,Fresno St.,0.0,0.0,0.0,0.0
2630,127341,Addison Arnold,Arizona,0.0,0.5,0.0,0.0
2631,127342,JJ Rembert,McNeese St.,0.0,0.0,0.0,0.0
2632,127343,Tyler Betsey,Syracuse,0.0,0.2,0.23076923076923078,0.92
2633,127344,Colt Langdon,N.C. State,0.0,0.0,0.0,0.0
2634,127345,Chris Torres,Siena,0.0,0.0,0.0,0.0
2635,127351,Aaron Fine,Purdue,0.0,0.0,0.0,0.0
2636,127353,C.J. Cox,Purdue,0.0,0.7916666666666666,0.46875,0.9516129032258065
2637,127354,Julius Thedford,Memphis,0.5,0.52,0.3333333333333333,1.0
2638,127355,Kade Unseld,Western Kentucky,0.0,0.0,0.6666666666666666,0.9375
2639,127356,Cal Liston,VMI,0.0,0.5555555555555556,0.0,0.96875
2640,127357,Linus Holmstrom,VMI,0.0,0.28,0.3,0.8529411764705882
2641,127358,Ryan Skerry,Towson,0.0,0.0,0.0,0.0
2642,127359,Caleb Embeya,Towson,0.75,0.5333333333333333,0.2857142857142857,0.0
2643,127360,Eoin Dillon,Belmont,1.0,0.625,0.21428571428571427,0.94
2644,127362,Cooper Haynes,Belmont,0.0,0.5,0.0,0.6666666666666666
2645,127363,Jabez Jenkins,Belmont,0.7692307692307693,0.4,0.1,1.0
2646,127364,Jaylen Pazon,VMI,0.0,0.07142857142857142,0.0,0.6666666666666666
2647,127366,Bryson Tucker,Washington,1.0,0.8461538461538461,0.38461538461538464,0.9166666666666666
2648,127368,Blake Daberkow,Idaho St.,1.0,0.5416666666666666,0.6666666666666666,0.0
2649,127370,Nick Coval,Davidson,0.0,0.18181818181818182,0.16666666666666666,0.84
2650,127371,Manie Joses,Davidson,0.3333333333333333,0.5714285714285714,0.0,1.0
2651,127373,Jesse Hafemeister,Charleston Southern,0.5,0.3333333333333333,0.25,0.9508196721311475
2652,127375,Kase Wynott,Washington St.,0.0,1.0,1.0,1.0
2653,127376,Cade Stinnett,Western Kentucky,0.0,0.5,0.0,1.0
2654,127377,Junior Sileu,Western Michigan,0.0,0.0,0.0,0.0
2655,127379,AJ Levine,Penn,0.0,0.1346153846153846,0.35294117647058826,0.7894736842105263
2656,127380,Michael Van Raaphorst,Georgetown,0.0,0.0,0.0,0.0
2657,127381,Julius Halaifonua,Georgetown,0.9166666666666666,0.8313253012048193,0.8333333333333334,1.0
2658,127382,Langston Binns,Southern Utah,0.0,0.0,1.0,1.0
2659,127384,Mason Moses,Georgetown,0.0,0.0,0.0,0.0
2660,127385,Alex Massung,Penn,0.0,0.3333333333333333,0.0,0.0
2661,127386,Corbin Zentner,Cornell,0.0,1.0,0.0,0.95
2662,127387,Jerald Colonel,Stephen F. Austin,0.8636363636363636,0.7254901960784313,0.875,0.0
2663,127388,Landyn Jumawan,Northwestern St.,0.0,0.0,0.16666666666666666,1.0
2664,127390,Antoni Vlogianitis,Marist,0.0,0.0,0.0,0.0
2665,127392,James Thomas,Mercyhurst,0.0,0.6923076923076923,0.5,0.0
2666,127393,Jaden Steppe,Montana St.,0.25,0.425,0.2222222222222222,0.9166666666666666
2667,127395,Jayden Cooper,South Alabama,0.3333333333333333,0.3404255319148936,0.11538461538461539,0.8490566037735849
2668,127396,Evan Haywood,Butler,1.0,0.46153846153846156,0.6666666666666666,0.9454545454545454
2669,127402,Esyah Pippa-White,Milwaukee,0.0,0.14285714285714285,0.0,0.7
2670,127403,David Fonville,High Point,0.0,0.0,0.0,0.0
2671,127404,Austin Villarreal,Milwaukee,0.0,0.0,0.0,0.0
2672,127406,Jaden Smith,Saint Joseph's,1.0,0.5714285714285714,0.6666666666666666,1.0
2673,127407,Lefteris Liotopoulos,St. John's,1.0,0.5,0.5,0.8823529411764706
2674,127408,Ian Jackson,St. John's,0.5,0.36666666666666664,0.4,0.8163265306122449
2675,127411,Josh Ahayere,Colgate,0.0,0.3333333333333333,0.125,0.9047619047619048
2676,127413,Cameron Brennan,Colgate,1.0,1.0,1.0,0.0
2677,127415,Cory Wells,Prairie View A&M,0.6363636363636364,0.375,0.34375,0.9024390243902439
2678,127417,Blake Harper,Creighton,0.5,0.21052631578947367,0.28,0.7
2679,127418,Isaiah Brown,Howard,0.0,0.25,0.0,0.5
2680,127422,Fischer Brown,Western Carolina,0.0,0.75,0.0,0.0
2681,127423,Josh Reed,Drexel,0.5,0.23076923076923078,0.1891891891891892,0.625
2682,127424,Kevon Vanderhorst,Drexel,0.6666666666666666,0.37333333333333335,0.15384615384615385,0.9130434782608695
2683,127426,Sven Djopmo,Arizona,0.0,0.25,0.0,0.0
2684,127427,Emmanuel Stephen,UNLV,0.5,0.4,0.14285714285714285,0.0
2685,127428,Devon Malcolm,Cal Baptist,0.5,0.3695652173913043,0.18181818181818182,1.0
2686,127432,King Walker,North Alabama,0.0,0.0,0.0,0.0
2687,127435,Greg Gazarian,Cal St. Northridge,0.0,0.0,0.0,0.0
2688,127436,Robert Thibiant,Cal St. Northridge,0.0,0.0,0.0,1.0
2689,127438,Javan Buchanan,Boise St.,1.0,0.375,0.09523809523809523,0.5666666666666667
2690,127440,Pearson Carmichael,Boise St.,0.0,0.5,0.0,0.9428571428571428
2691,127441,Ethan Lathan,Boise St.,1.0,1.0,1.0,0.0
2692,127443,Jael Martin,Loyola Marymount,1.0,0.5,0.0,1.0
2693,127444,Tyler Doyle,Bellarmine,0.0,0.275,0.25,0.9285714285714286
2694,127445,Demarco Bethea,Houston Christian,1.0,0.6228070175438597,0.3333333333333333,0.0
2695,127447,Brady Fitzgerald,Green Bay,0.0,0.0,0.0,0.0
2696,127448,Dutch Dowdell,Harvard,0.0,0.0,0.0,1.0
2697,127450,Alec Squires,South Dakota St.,0.8571428571428571,0.825,0.6,0.0
2698,127451,Jamari Phillips,Oregon,1.0,0.5,0.0,0.6666666666666666
2699,127452,Elijah Espinosa,Mount St. Mary's,0.0,0.5,0.0,0.0
2700,127455,Ray Adams,Seattle,0.0,0.0,0.0,0.0
2701,127456,Yuto Kawashima,Seattle,0.0,1.0,0.0,0.0
2702,127458,Dellquan Warren,Mississippi St.,0.0,0.25,0.0,0.6666666666666666
2703,127460,Marland Harris,Morgan St.,0.875,0.6875,0.0,0.0
2704,127463,Mekai Johnson,Saint Joseph's,1.0,0.5,0.0,1.0
2705,127464,Billy Rayer,Saint Joseph's,0.0,0.0,0.0,0.0
2706,127465,Steven Solano,Saint Joseph's,1.0,0.5,0.0,0.0
2707,127466,Khaafiq Myers,Saint Joseph's,0.0,0.22727272727272727,0.07407407407407407,0.6923076923076923
2708,127470,Jayden Quaintance,Kentucky,0.0,0.42857142857142855,1.0,0.0
2709,127472,Cameron Jackson,UT Arlington,1.0,0.41304347826086957,0.0,0.0
2710,127475,"Juan Cranford, Jr.",Eastern Kentucky,0.0,0.23076923076923078,0.1935483870967742,0.6533333333333333
2711,127476,Zachary Royster,Loyola Chicago,0.0,0.0,1.0,1.0
2712,127477,Brayden Young,Loyola Chicago,1.0,0.5,0.0,0.0
2713,127479,Jack Turner,Oral Roberts,0.0,0.21052631578947367,0.0,0.65
2714,127480,Seifeldin Hendawy,Winthrop,0.6666666666666666,0.3142857142857143,0.16666666666666666,1.0
2715,127482,Eric Brown,Cal Poly,0.0,0.0,0.0,0.0
2716,127487,My'kel Jenkins,Norfolk St.,0.3333333333333333,0.45,0.0,1.0
2717,127488,Melo Baines,Norfolk St.,1.0,0.6190476190476191,0.8571428571428571,1.0
2718,127490,Sebastian Akins,Wake Forest,0.0,0.14814814814814814,0.07407407407407407,0.5555555555555556
2719,127491,Ben Menker,Loyola MD,0.0,0.0,0.0,0.0
2720,127492,Jacob Hogarth,Gardner Webb,0.5,0.28205128205128205,0.3333333333333333,1.0
2721,127493,Jacob Hudson,Gardner Webb,0.6666666666666666,0.32098765432098764,0.3,0.8181818181818182
2722,127494,Pharell Boyogueno,Winthrop,1.0,0.375,0.0,1.0
2723,127496,Colin Hawkins,Gardner Webb,0.0,0.15254237288135594,0.1111111111111111,0.8888888888888888
2724,127498,Cameron Gales,Gardner Webb,0.0,0.0,0.0,1.0
2725,127499,Justin Menard,Marist,0.0,0.3333333333333333,0.24242424242424243,0.6792452830188679
2726,127504,Sebastian Tidor,Portland St.,0.0,0.25,0.5,0.9583333333333334
2727,127506,Julian Bowie,Boise St.,0.0,1.0,0.0,1.0
2728,127507,Brayden Maldonado,Seattle,0.0,0.3684210526315789,0.27586206896551724,0.6623376623376623
2729,127508,Max Green,Northwestern,0.0,0.8181818181818182,0.6666666666666666,0.782608695652174
2730,127511,Ishan Sharma,Saint Louis,0.0,0.6363636363636364,0.0,0.9240506329113924
2731,127514,Braeden Speed,Loyola MD,0.0,0.21666666666666667,0.10810810810810811,0.5555555555555556
2732,127516,Erik Taylor,Presbyterian,0.0,0.2,1.0,0.5
2733,127518,Braeden Carlsen,Mercer,0.0,0.0,0.0,1.0
2734,127519,Mason Shrout,Purdue Fort Wayne,0.0,0.0,0.0,1.0
2735,127520,Jaylen Washington,UT Rio Grande Valley,0.0,0.21428571428571427,0.24242424242424243,0.7142857142857143
2736,127522,Sean Blake,Vermont,0.0,0.1927710843373494,0.1111111111111111,0.7894736842105263
2737,127523,Drew Bessette,Vermont,0.0,0.0,0.0,0.0
2738,127524,Sincere Clemons,Vermont,0.0,0.0,0.0,0.0
2739,127528,Dezdrick Lindsay,Oregon,0.5,0.35714285714285715,0.6,0.8421052631578947
2740,127529,Josh Pickett,Presbyterian,0.0,0.09090909090909091,0.5,0.8648648648648649
2741,127531,Amarion Dickerson,USC,0.6666666666666666,0.7142857142857143,0.0,1.0
2742,127532,Assane Mbaye,Seton Hall,0.0,0.0,0.0,0.0
2743,127533,Jahseem Felton,Seton Hall,0.0,1.0,0.0,0.0
2744,127534,Godswill Erheriene,Seton Hall,0.0,0.6666666666666666,0.0,0.0
2745,127535,Deandre Jones,Kent St.,0.0,0.0,0.0,0.0
2746,127536,Micah Davis,IU Indy,0.6,0.53125,0.2,0.8367346938775511
2747,127540,Malcolm Christie,Oregon St.,0.0,0.0,0.0,1.0
2748,127541,Warren Marshall IV,Oakland,1.0,0.7407407407407407,0.0,1.0
2749,127543,Blaize Sagna,Southeast Missouri St.,0.0,0.6666666666666666,0.0,1.0
2750,127544,Sammie Yeanay,California,0.0,0.3333333333333333,0.0,1.0
2751,127545,Austin Maurer,Seattle,0.8,0.6875,0.42857142857142855,1.0
2752,127546,Styles Phipps,Pepperdine,1.0,0.24615384615384617,0.28,0.6
2753,127548,Ewan Steele,Idaho,0.0,0.0,0.0,1.0
2754,127551,Michael Osei-Bonsu,Missouri St.,1.0,0.4032258064516129,0.3617021276595745,0.0
2755,127552,Lewis Walker,North Carolina A&T,1.0,0.42105263157894735,0.2638888888888889,0.6551724137931034
2756,127553,Joseph Thomas,Little Rock,0.0,1.0,0.0,0.9
2757,127554,Nate Guerengomba,Quinnipiac,1.0,0.4,0.3333333333333333,1.0
2758,127555,Luka Damjanac,Massachusetts,0.0,0.7619047619047619,0.75,1.0
2759,127556,Isaiah Lewis,Long Beach St.,0.0,0.1111111111111111,0.18181818181818182,0.7368421052631579
2760,127558,Caleb Pennyfeather,Little Rock,0.8888888888888888,0.6521739130434783,0.75,1.0
2761,127560,Amadou Doumbia,North Carolina A&T,0.7777777777777778,0.6,0.25,0.0
2762,127563,Justin Johnson,Western Carolina,0.8571428571428571,0.42105263157894735,0.1875,0.6666666666666666
2763,127564,R'Chaun King,Alabama St.,1.0,0.6410256410256411,0.75,0.0
2764,127567,Khaman Maker,DePaul,1.0,1.0,0.6666666666666666,0.0
2765,127568,Haris Elezovic,Northeastern,0.0,0.8,1.0,0.5
2766,127569,Abraham Oyeadier,West Virginia,0.0,0.0,0.0,0.0
2767,127570,Jonathan Powell,North Carolina,0.5,0.23076923076923078,0.0,0.8947368421052632
2768,127571,KJ Tenner,Murray St.,0.0,0.10714285714285714,0.10526315789473684,0.8
2769,127574,Jahki Howard,Utah,1.0,0.5,0.0,0.0
2770,127577,Morez Johnson Jr.,Michigan,0.82,0.7134146341463414,0.5263157894736842,1.0
2771,127578,LJ Brown,UTSA,0.0,0.25,0.0,1.0
2772,127579,Deuce Jones II,Saint Joseph's,1.0,0.34782608695652173,0.5,0.3076923076923077
2773,127580,Peter Bandelj,Cal Poly,0.0,0.18181818181818182,0.0,0.6226415094339622
2774,127581,Cayden Ward,Cal Poly,0.7058823529411765,0.2696629213483146,0.0,0.84
2775,127584,Jaiden Feroah,Southern Utah,0.2,0.5324675324675324,0.21875,0.918918918918919
2776,127588,Josiah Cunningham,Columbia,0.0,1.0,0.0,0.0
2777,127590,Mason Ritter,Columbia,0.75,0.5925925925925926,0.3333333333333333,1.0
2778,127592,Davis Bynum,Rider,0.0,0.5294117647058824,0.43333333333333335,1.0
2779,127599,Zavier Fitch,Wagner,0.6,0.5714285714285714,0.0,0.9
2780,127600,Makhai Anderson,Wagner,0.6666666666666666,0.6,0.0,1.0
2781,127601,Mason Smith,Furman,0.0,0.0,0.0,1.0
2782,127602,Trent Noah,Kentucky,1.0,0.5,1.0,1.0
2783,127603,Travis Perry,Mississippi,0.0,0.2,0.0,0.8333333333333334
2784,127610,Damon Strand,La Salle,0.0,0.5,0.4,0.9166666666666666
2785,127616,Jacob Koch,Iowa,0.0,0.0,0.0,0.0
2786,127619,Zion Fruster,Eastern Illinois,0.7272727272727273,0.43478260869565216,0.23529411764705882,0.8846153846153846
2787,127622,Josh Meo,Winthrop,0.0,0.08333333333333333,0.0,0.8181818181818182
2788,127623,Tamarion Hoover,Jackson St.,0.5,0.4166666666666667,0.5,0.9512195121951219
2789,127624,Dominic Pangonis,Wright St.,0.8181818181818182,0.5714285714285714,0.5,0.8108108108108109
2790,127627,TJ Nadeau,Detroit Mercy,0.0,0.4,0.2542372881355932,0.8923076923076924
2791,127628,Ryan Kalambay,Detroit Mercy,0.0,0.47619047619047616,0.8571428571428571,0.0
2792,127630,Divine Ugochukwu,Michigan St.,0.0,0.4117647058823529,0.6666666666666666,0.9473684210526315
2793,127631,Xander Alarie,Northeastern,1.0,0.48148148148148145,0.5,1.0
2794,127632,Austin Swartz,Creighton,1.0,0.4230769230769231,0.30303030303030304,0.734375
2795,127634,Graydon Lemke,Belmont,0.0,0.0,0.0,1.0
2796,127635,Ismaila Diagne,Gonzaga,0.5,0.4,0.5,0.0
2797,127636,John Holbrook,North Carolina,0.0,0.0,0.0,0.0
2798,127640,Zion Wilburn,Samford,0.3333333333333333,0.34782608695652173,0.0,1.0
2799,127642,Jordan Brathwaite,Yale,0.5,0.35,0.42857142857142855,0.8292682926829268
2800,127643,Isaac Celiscar,Yale,0.8,0.47058823529411764,0.34615384615384615,1.0
2801,127644,BJ Kolly,UC Riverside,0.7,0.43333333333333335,0.2857142857142857,0.0
2802,127645,Elijah Thomas,Eastern Washington,0.5,0.3333333333333333,1.0,1.0
2803,127648,Marcus Johnson,Kansas St.,0.0,0.0,0.0,0.9090909090909091
2804,127649,L.J. Cason,Michigan,0.5,0.325,0.25,0.9090909090909091
2805,127656,Jeremiah Jenkins,Brown,0.0,0.1935483870967742,0.0,0.5588235294117647
2806,127657,David Rochester,Brown,0.0,0.5416666666666666,0.625,1.0
2807,127658,Wyatt DeGraaf,Brown,1.0,0.8,0.0,0.0
2808,127659,Garrett Sundra,Notre Dame,0.0,0.8571428571428571,0.3333333333333333,1.0
2809,127661,Biggie Patterson,Hofstra,0.7777777777777778,0.5454545454545454,0.22580645161290322,0.9333333333333333
2810,127664,Tyonne Farrell,Morehead St.,0.0,0.16666666666666666,1.0,1.0
2811,127666,Damone King,Rhode Island,0.0,0.5,0.3333333333333333,0.8571428571428571
2812,127667,Nic Book,USC Upstate,0.0,0.8,0.0,0.0
2813,127668,Mister Dean,Charleston,0.5,0.2857142857142857,0.3333333333333333,0.0
2814,127669,Carmelo Adkins,USC Upstate,0.0,0.34615384615384615,0.2631578947368421,0.98
2815,127670,Isaiah Skinner,USC Upstate,0.0,0.375,0.25,0.9
2816,127672,D'Aundre Samuels,Houston Christian,1.0,0.3448275862068966,0.39285714285714285,0.7837837837837838
2817,127676,Cameron O'Kelley,Appalachian St.,0.0,1.0,0.0,0.0
2818,127678,Kyle Edison,Southeastern Louisiana,1.0,0.4166666666666667,0.0,0.6666666666666666
2819,127679,BJ Fisher,California,0.0,0.0,0.0,0.0
2820,127680,Jeremy Elyzee,Southeastern Louisiana,0.5454545454545454,0.4642857142857143,0.1935483870967742,0.8181818181818182
2821,127681,Dior Conners,Ohio,0.0,0.5,0.16666666666666666,0.7619047619047619
2822,127682,Ben Ezeagu,Southern Indiana,1.0,0.5,0.0,0.0
2823,127683,Jason Clarke Jr.,Appalachian St.,0.0,0.1111111111111111,0.0,1.0
2824,127684,Jaiden Lawrence,Southeastern Louisiana,1.0,0.875,0.5,0.9032258064516129
2825,127685,Jamil Muttilib,Grambling St.,0.6190476190476191,0.609375,0.4166666666666667,0.8867924528301887
2826,127686,Mario Andrews,Alabama St.,0.5,0.2857142857142857,1.0,0.0
2827,127688,Micah Simpson,Alabama St.,0.0,0.13636363636363635,0.2,0.7323943661971831
2828,127690,Makoi Mabor Makoi,UNC Wilmington,0.0,0.75,0.5555555555555556,0.0
2829,127692,Cameron McNamee,Dartmouth,0.0,0.45454545454545453,0.5,0.9310344827586207
2830,127693,Camren Daniels,North Carolina Central,0.0,0.0,0.0,0.0
2831,127694,Daniel Jacobsen,Purdue,0.9545454545454546,0.8870967741935484,0.8235294117647058,1.0
2832,127698,JaJuan Nicholls,Tennessee Tech,0.7,0.4329896907216495,0.15789473684210525,0.0
2833,127700,Christian Anderson,Texas Tech,0.25,0.12727272727272726,0.07317073170731707,0.4351851851851852
2834,127701,Jazz Henderson,Texas Tech,0.0,0.0,0.0,1.0
2835,127703,Tyler Spratt,Detroit Mercy,1.0,0.2631578947368421,0.46153846153846156,0.9245283018867925
2836,127704,Kaden Stuckey,VMI,1.0,0.7368421052631579,0.0,0.0
2837,127705,Dan Gherezgher,Northern Kentucky,0.0,0.2,0.2727272727272727,0.8829787234042553
2838,127706,Ian Smikle,Tulsa,0.6666666666666666,0.47368421052631576,0.25,0.0
2839,127707,Alex McFadden,Delaware,0.0,1.0,0.0,0.0
2840,127708,Brett Decker Jr.,Liberty,0.7142857142857143,0.3968253968253968,0.07692307692307693,0.9019607843137255
2841,127709,Owen Aquino,High Point,0.6153846153846154,0.5,0.0,1.0
2842,127710,Macon Emory,Delaware,0.7777777777777778,0.5970149253731343,0.5333333333333333,0.8571428571428571
2843,127711,Izaiah Pasha,Virginia Tech,0.0,0.125,0.0,1.0
2844,127715,DeSean Goode,Robert Morris,1.0,0.6507936507936508,0.5,1.0
2845,127717,Keenan Garner,Central Michigan,0.4,0.4918032786885246,0.4,1.0
2846,127719,Ryan Mela,Providence,1.0,0.21518987341772153,0.125,0.8888888888888888
2847,127723,Zawdie Jackson,FIU,0.0,0.24561403508771928,0.07142857142857142,0.7083333333333334
2848,127726,Tyler Tanner,Vanderbilt,0.29411764705882354,0.288,0.13953488372093023,0.6833333333333333
2849,127728,Eduardo Klafke,Mississippi,0.0,0.5555555555555556,0.5217391304347826,0.85
2850,127729,John Bol,UCF,1.0,0.6666666666666666,0.8571428571428571,0.0
2851,127731,Royce Parham,Marquette,0.782608695652174,0.6153846153846154,0.4444444444444444,0.9117647058823529
2852,127736,Nojus Indrusaitis,Pittsburgh,0.8,0.358974358974359,0.16666666666666666,0.8181818181818182
2853,127739,Khalil Williams,Bryant,0.0,0.0,0.0,0.5
2854,127740,Frankie Vassalluzzo,Bryant,0.0,0.0,0.0,0.0
2855,127741,Langston Bailey,Bryant,0.0,0.0,0.0,0.0
2856,127743,Nick Janowski,St. Thomas,0.0,0.3858267716535433,0.3,0.6440677966101694
2857,127744,Justin Bolis,Nebraska,0.0,0.0,0.0,0.0
2858,127746,Daniel Johnson,Hampton,0.75,0.2222222222222222,0.32,0.8823529411764706
2859,127747,Folabomi Fayemi,Lafayette,1.0,0.75,0.0,1.0
2860,127748,Lucas Orchard,Monmouth,0.0,0.0,0.0,1.0
2861,127749,Alex Chaikin,UC San Diego,0.0,0.5,0.6,0.8732394366197183
2862,127750,Malik Rasul,Lafayette,0.0,0.0,0.0,0.0
2863,127751,Ben Nacey,Old Dominion,0.0,0.75,0.0,0.0
2864,127753,CJ Parker,Old Dominion,0.0,0.0,0.0,0.0
2865,127754,Jaden Johnson,La Salle,0.0,0.10526315789473684,0.14285714285714285,0.4
2866,127758,Nyle Ralph-Beyer,Sacred Heart,0.7777777777777778,0.5,0.3888888888888889,0.8666666666666667
2867,127759,Juwan Maxey,Ball St.,0.0,0.5555555555555556,0.6666666666666666,0.8181818181818182
2868,127760,Cris Carroll,Youngstown St.,1.0,0.20588235294117646,0.2222222222222222,0.8902439024390244
2869,127764,TJ Burch,Wright St.,0.0,0.13513513513513514,0.125,0.8076923076923077
2870,127765,Lathan Sommerville,Washington,1.0,0.5882352941176471,0.6428571428571429,1.0
2871,127767,Kayde Dotson,Loyola Chicago,0.0,0.391304347826087,0.25,0.7741935483870968
2872,127769,Daniel Thomas,UNC Asheville,0.875,0.5925925925925926,0.0,0.0
2873,127770,Jovan Milicevic,Xavier,1.0,0.6428571428571429,0.5,0.9402985074626866
2874,127772,Isaiah Washington,Northern Illinois,0.0,0.16666666666666666,0.0,0.0
2875,127773,Clyde Bailey II,UNC Greensboro,0.0,0.5,0.0,1.0
2876,127774,Clinton Efinda,UNC Greensboro,1.0,0.5,0.2,0.9166666666666666
2877,127775,Tim Oboh,Buffalo,0.7916666666666666,0.6559139784946236,0.4,0.0
2878,127779,Brit Harris,FIU,0.0,0.2,0.0,0.9285714285714286
2879,127781,Cameron Clark,South Carolina St.,0.875,0.6949152542372882,0.7,0.0
2880,127782,Jemel Jones,New Mexico St.,0.2,0.05555555555555555,0.13793103448275862,0.813953488372093
2881,127784,James Evans Jr.,Cal St. Northridge,0.5,0.4090909090909091,0.1875,0.9259259259259259
2882,127785,Omari Hamilton,Alcorn St.,1.0,0.5370370370370371,0.3888888888888889,0.8235294117647058
2883,127786,Tycen McDaniels,Alcorn St.,0.6285714285714286,0.4117647058823529,0.2777777777777778,0.5
2884,127788,Dakari Thomas,Chicago St.,0.0,1.0,1.0,0.0
2885,127790,Danilo Dozic,Pepperdine,1.0,0.8,0.6428571428571429,0.9302325581395349
2886,127791,Dovydas Butka,Campbell,0.7,0.5462184873949579,0.3103448275862069,1.0
2887,127792,Hassan Perkins,Coppin St.,0.0,0.04,0.0,0.4827586206896552
2888,127794,Shadrak Lasu,LIU,0.8846153846153846,0.6545454545454545,1.0,1.0
2889,127795,Jalen Lee,Southern Utah,0.0,0.42857142857142855,0.0,1.0
2890,127797,Eddie Munyak,LIU,0.0,0.0,0.0,1.0
2891,127799,Riccardo Greppi,Wisconsin,0.0,0.0,0.0,0.0
2892,127801,Jeremiah Davis,Montana St.,0.0,0.1794871794871795,0.08333333333333333,0.967741935483871
2893,127803,Trap Johnson,UC San Diego,0.0,0.5,0.0,1.0
2894,127804,Tyler Behrend,Tulsa,1.0,0.746268656716418,1.0,1.0
2895,127805,Cal Conroy,Tulsa,0.0,0.0,0.0,0.0
2896,127809,Taj DeGourville,San Diego St.,0.0,0.35714285714285715,0.2857142857142857,0.6666666666666666
2897,127810,Pharaoh Compton,San Diego St.,0.8837209302325582,0.7325581395348837,0.3333333333333333,0.0
2898,127811,Mark Drone,Texas St.,0.0,0.19480519480519481,0.061224489795918366,0.76
2899,127812,Austin Green,UMass Lowell,0.8,0.45652173913043476,0.3333333333333333,0.0
2900,127814,KJ Thomas,UTEP,0.0,0.16666666666666666,0.3333333333333333,1.0
2901,127818,Jack Reddick,Florida Gulf Coast,0.0,0.42857142857142855,0.0,1.0
2902,127819,Darren Williams,Florida Gulf Coast,0.0,0.6363636363636364,0.0,0.9166666666666666
2903,127821,Damarien Yates,Alabama St.,1.0,0.43333333333333335,0.45454545454545453,0.8571428571428571
2904,127822,Bouna Kebe,Delaware,1.0,1.0,1.0,1.0
2905,127823,Jared Harris,Wyoming,0.6666666666666666,0.42857142857142855,0.0,1.0
2906,127824,Rolyns Aligbe,Southern Illinois,0.8461538461538461,0.6493506493506493,0.7777777777777778,0.9583333333333334
2907,127825,Malcolm Thomas,Dayton,0.8823529411764706,0.7083333333333334,0.7142857142857143,1.0
2908,127826,Jayden Johnson,South Carolina St.,0.0,0.14814814814814814,0.14893617021276595,0.75
2909,127828,Jamal Miles,South Carolina St.,1.0,0.375,1.0,1.0
2910,127829,D'Shay Knights Wright,South Carolina St.,0.0,0.3333333333333333,0.8,1.0
2911,127830,Antonio Sisk,Mississippi Valley St.,0.0,1.0,0.0,0.0
2912,127831,Joshua Dent,Saint Mary's,0.0,0.21818181818181817,0.0,0.8035714285714286
2913,127832,Mikey Lewis,Saint Mary's,0.0,0.35185185185185186,0.2857142857142857,0.835820895522388
2914,127833,Max Weisbrod,Northern Iowa,0.0,0.3333333333333333,0.0,0.7962962962962963
2915,127834,Liam Campbell,Saint Mary's,0.0,0.42857142857142855,0.25,1.0
2916,127835,Oliver Faubert,Saint Mary's,0.0,0.0,0.0,0.0
2917,127838,Isaiah Walter,UMass Lowell,0.0,0.25,0.0,1.0
2918,127839,Luka Toews,Boston College,0.0,0.16666666666666666,0.0,0.8064516129032258
2919,127840,AJ McBride,Niagara,0.0,0.0,0.0,0.0
2920,127841,Tyler Schmidt,Towson,0.0,0.2222222222222222,0.3333333333333333,1.0
2921,127845,AJ Patterson,Air Force,0.0,0.05555555555555555,0.0,1.0
2922,127847,Anias Futrell,Lindenwood,0.6363636363636364,0.3188405797101449,0.25,0.9014084507042254
2923,127850,Guzman Vasilic,Cal Poly,0.0,0.4375,0.0,0.8888888888888888
2924,127851,Kaan Yarkut,Oregon St.,0.0,0.0,0.0,0.0
2925,127852,Ja'Quavis Williford,Oregon St.,1.0,1.0,0.25,1.0
2926,127854,Aidan Skradis,Nebraska Omaha,0.0,0.0,0.0,1.0
2927,127855,Ketron Shaw,Old Dominion,0.8823529411764706,0.38461538461538464,0.2191780821917808,1.0
2928,127858,Nevin Ibroci,Binghamton,0.0,0.0,0.0,0.5
2929,127860,Dante Oliver,North Florida,0.0,0.2857142857142857,0.0,1.0
2930,127861,Elias Ralph,Pacific,0.7777777777777778,0.5211267605633803,0.3050847457627119,0.9411764705882353
2931,127862,Travis Harper II,Tennessee St.,0.8387096774193549,0.6461538461538462,0.2916666666666667,0.8311688311688312
2932,127863,Jacen Holloway,Army,0.0,0.4148936170212766,0.0,1.0
2933,127864,Joshua Eli,Army,0.6666666666666666,0.5454545454545454,0.25,0.9230769230769231
2934,127866,Olivier Rioux,Florida,0.5,0.3333333333333333,0.0,0.0
2935,127867,Isaiah Brown,Florida,0.7083333333333334,0.5652173913043478,0.0,0.8333333333333334
2936,127869,Kai Burdick,Southern Utah,0.8888888888888888,0.6176470588235294,0.5,1.0
2937,127870,Babatunde Durodola,Temple,1.0,0.45652173913043476,0.375,0.0
2938,127872,Ajay Holubar,IU Indy,0.0,1.0,0.0,0.0
2939,127873,Damarion Dennis,Wyoming,0.6,0.5277777777777778,0.3076923076923077,0.9696969696969697
2940,127874,Isaac Williams,Baylor,0.25,0.2222222222222222,0.13043478260869565,0.9565217391304348
2941,127875,Ethan Wright,Miami OH,0.0,1.0,0.0,0.0
2942,127877,Austin Rapp,Wisconsin,1.0,0.6857142857142857,0.6666666666666666,0.9827586206896551
2943,127878,Todd Jones Jr.,Louisiana,0.7647058823529411,0.6923076923076923,0.0,0.0
2944,127879,Mikah Ballew,Portland,1.0,0.36363636363636365,0.5384615384615384,0.9333333333333333
2945,127880,Jamie Phillips Jr.,Stetson,1.0,0.26666666666666666,0.21428571428571427,0.7727272727272727
2946,127881,Mehki Ellison,Eastern Michigan,0.0,0.13333333333333333,0.0,1.0
2947,127882,Anakin Brown,Jacksonville,0.0,0.0,0.0,0.0
2948,127883,Lamont Jackson,Jacksonville,0.0,0.0,0.0,0.0
2949,127884,Kent Jackson,North Florida,0.0,0.34615384615384615,0.08333333333333333,0.7272727272727273
2950,127886,Enrico Borio,Jacksonville,0.0,0.42857142857142855,0.0,0.8888888888888888
2951,127887,Jeremiah Evans,Louisiana,1.0,0.5789473684210527,0.21428571428571427,0.0
2952,127888,Mostapha El Moutaouakkil,Jacksonville St.,0.3333333333333333,0.2992125984251969,0.2631578947368421,0.9411764705882353
2953,127889,Michael Mouton,Louisiana,0.0,0.0,0.0,0.0
2954,127892,Tajae Jones,Siena,0.0,0.5,0.0,0.0
2955,127893,Gavin Doty,Siena,0.3333333333333333,0.4375,0.14942528735632185,0.9565217391304348
2956,127894,Major Freeman,Charlotte,0.0,0.21052631578947367,0.09090909090909091,0.7666666666666667
2957,127896,Jalen Shelley,Loyola Marymount,0.6363636363636364,0.32432432432432434,0.29411764705882354,0.7916666666666666
2958,127899,Zach Tow,Kentucky,0.0,0.0,0.0,1.0
2959,127900,Robert Hinton,Harvard,0.3333333333333333,0.449438202247191,0.28169014084507044,0.88
2960,127901,Ben Eisendrath,Harvard,0.0,0.34146341463414637,0.0,0.6666666666666666
2961,127902,Gerard O'Keefe,Columbia,0.0,0.4444444444444444,0.4642857142857143,0.9166666666666666
2962,127903,Jaden Bobbett,LSU,0.0,0.0,0.0,0.0
2963,127904,Tim Moore,San Diego,0.7647058823529411,0.7380952380952381,0.75,0.9090909090909091
2964,127906,Kam Martin,Samford,0.0,0.3125,0.1111111111111111,0.96
2965,127908,Peter Sposito,Loyola MD,0.0,0.0,0.0,0.0
2966,127910,Riley Parker,Portland,0.0,0.0,0.0,0.0
2967,127913,Hermann Koffi,Stonehill,0.0,0.40625,0.14285714285714285,0.9154929577464789
2968,127914,Eino Montin,Stonehill,0.0,1.0,0.0,0.0
2969,127915,Pearse McGuinn,Stonehill,1.0,0.5,1.0,1.0
2970,127918,Anthony Sellars,Arkansas Pine Bluff,0.0,0.0,1.0,0.0
2971,127922,Peter Carr,Boston University,0.0,0.0,0.0,0.0
2972,127923,Tyler Johnson,Virginia Tech,0.8,0.6333333333333333,0.0,1.0
2973,127925,Jaxon Prunty,Charleston,1.0,0.38461538461538464,0.14285714285714285,0.9166666666666666
2974,127926,Urban Klavzar,Florida,1.0,0.15,0.07692307692307693,0.8309859154929577
2975,127931,AJ Swinton,Florida St.,0.6,0.7391304347826086,0.0,1.0
2976,127932,Anastasios Rozakeas,Mount St. Mary's,0.0,0.5714285714285714,0.0,0.95
2977,127934,Daquan Davis,Providence,0.0,0.0,0.0,0.0
2978,127935,Alec Millender,Connecticut,0.0,0.3333333333333333,0.0,1.0
2979,127937,Andre Mills,Maryland,0.4,0.21052631578947367,0.13043478260869565,0.8363636363636363
2980,127939,Jayce Nathaniel,Illinois Chicago,0.7777777777777778,0.6956521739130435,0.5294117647058824,1.0
2981,127940,Jadis Jones,Lindenwood,0.6923076923076923,0.5462184873949579,0.53125,0.0
2982,127941,Janusz Ratowski,Stetson,0.8,0.7894736842105263,1.0,1.0
2983,127942,Iker Garmendia,Elon,1.0,1.0,0.0,1.0
2984,127943,Aly Tounkara,Arkansas St.,0.8461538461538461,0.5961538461538461,0.6666666666666666,0.0
2985,127944,George Turkson Jr.,Maryland,1.0,0.7142857142857143,1.0,0.0
2986,127947,Ring Nyeri,Northern Colorado,0.8333333333333334,0.6417910447761194,0.2727272727272727,1.0
2987,127950,Kasheem Grady II,UMKC,0.8,0.4482758620689655,0.11538461538461539,0.7741935483870968
2988,127953,Richard Goods,Stony Brook,0.7727272727272727,0.6458333333333334,0.5,1.0
2989,127954,Kellan Lewis,Hampton,0.0,0.0,0.0,1.0
2990,127955,Eunique Rink,Hampton,1.0,0.8,1.0,0.0
2991,127956,Hamza Asadallah,Hampton,0.0,0.0,0.0,1.0
2992,127957,Noah Boyde,Western Kentucky,0.0,0.5,0.3333333333333333,0.0
2993,127958,Robert Miller III,LSU,0.9545454545454546,0.6724137931034483,0.5454545454545454,0.0
2994,127959,Curtis Givens III,Memphis,0.0,0.1935483870967742,0.4666666666666667,0.7714285714285715
2995,127960,Vyctorius Miller,Oklahoma St.,0.8,0.5789473684210527,0.18181818181818182,0.7555555555555555
2996,127962,Azmar Abdullah,Boston University,1.0,0.2777777777777778,0.4,0.7833333333333333
2997,127963,Ben Defty,Boston University,0.8787878787878788,0.6097560975609756,0.48484848484848486,0.0
2998,127964,Christopher Cox,UC San Diego,0.0,0.0,0.0,0.0
2999,127966,Ryder Elisaldez,UC San Diego,0.0,0.0,0.0,1.0
3000,127968,Jaden Goodall,San Jose St.,0.0,0.0,0.0,0.0
3001,127969,Dalyn Brandon,Southern Miss,0.5,0.3333333333333333,0.0,1.0
3002,127975,Jeremy Clayville,NJIT,0.0,0.5,0.1111111111111111,0.8636363636363636
3003,127976,Victor Payne,Saint Francis,0.0,0.52,0.5,1.0
3004,127977,K.J. Windham,Northwestern,0.0,0.0,1.0,0.6666666666666666
3005,127978,Angelo Ciaravino,Northwestern,0.8095238095238095,0.746268656716418,0.3333333333333333,1.0
3006,127979,Tomislav Ivisic,Illinois,0.8947368421052632,0.5263157894736842,0.3333333333333333,0.96
3007,127980,Connor Amundsen,Dartmouth,0.0,0.2,0.0625,0.6470588235294118
3008,127981,Kareem Thomas,Dartmouth,0.375,0.2127659574468085,0.0,0.6097560975609756
3009,127982,Brewer Carruth,Southern Miss,0.0,0.5,0.16666666666666666,1.0
3010,127986,Joshua DeCady,Hofstra,0.7692307692307693,0.425531914893617,0.2,1.0
3011,127988,Micah Robinson,TCU,0.9230769230769231,0.5862068965517241,0.25,0.9333333333333333
3012,127989,Christian Gamble,Mercyhurst,0.0,0.42857142857142855,0.4666666666666667,0.8888888888888888
3013,127991,Ashton Simmons,TCU,0.0,0.0,0.0,1.0
3014,127992,Jack Whitbourn,Fordham,0.0,0.7407407407407407,0.6,0.5
3015,127994,Tyler Jones,UC Riverside,0.0,0.0,0.0,0.8235294117647058
3016,127995,Abass Bodija,Fordham,1.0,0.5882352941176471,0.35294117647058826,0.8333333333333334
3017,128000,Landon Williams,Niagara,0.0,0.36363636363636365,0.4,0.9615384615384616
3018,128001,Pasha Shemirani,Pepperdine,0.0,0.0,0.0,0.5
3019,128002,Will Shortt,Niagara,0.9444444444444444,0.6973684210526315,0.6666666666666666,0.0
3020,128004,Donnie Freeman,Syracuse,0.8333333333333334,0.48333333333333334,0.4,0.9615384615384616
3021,128005,Reid Cason,East Carolina,0.9,0.6585365853658537,0.5,1.0
3022,128006,Jayshayne Woodard,East Carolina,0.0,1.0,0.0,1.0
3023,128008,Ladontae Felton,East Carolina,0.0,0.0,0.0,0.0
3024,128009,Tybo Bailey,East Carolina,0.0,0.08333333333333333,0.0,0.95
3025,128010,Kyle Frazier,William & Mary,0.0,1.0,0.0,1.0
3026,128012,Merritt Alderink,Eastern Michigan,1.0,0.5,0.0,0.8
3027,128013,PJ Dobuol,Southern,0.0,0.5555555555555556,1.0,0.0
3028,128014,Jayden Gambrell,Lamar,0.0,0.0,0.5,0.8333333333333334
3029,128015,Ebrahim Kaba,Purdue Fort Wayne,0.0,0.2,0.0,1.0
3030,128016,Braden East,Lamar,0.8947368421052632,0.5052631578947369,0.5227272727272727,1.0
3031,128018,Grant Kemp,New Orleans,0.0,0.0,0.0,0.0
3032,128019,Luke Flynn,Wofford,0.0,0.3333333333333333,0.0,1.0
3033,128020,Kahmare Holmes,Wofford,0.2857142857142857,0.25510204081632654,0.041666666666666664,0.8
3034,128021,Cannon Richards,Wofford,0.0,0.0,0.0,1.0
3035,128024,Sean Lang,Mercyhurst,0.0,0.6666666666666666,1.0,1.0
3036,128026,Iverson King,Presbyterian,0.3333333333333333,0.4166666666666667,0.0,0.875
3037,128027,Luke Allison,Presbyterian,0.0,0.0,0.0,0.0
3038,128028,Owen Derhmann,Central Arkansas,0.0,0.0,0.0,1.0
3039,128029,Tyler Lee,Central Arkansas,1.0,0.2,0.0,0.9230769230769231
3040,128032,Seal Diouf,Georgetown,1.0,1.0,0.0,0.0
3041,128033,Kayvaun Mulready,Georgetown,0.5,0.4166666666666667,0.4,0.9354838709677419
3042,128034,Michelangelo Oberti,Penn,0.0,0.6,0.0,0.0
3043,128038,AJ Hopkins,Tennessee Martin,0.0,0.5,0.0,1.0
3044,128039,Pedro Santos,Tennessee Martin,0.75,0.3225806451612903,0.12,0.7619047619047619
3045,128040,Stefano Faloppa,New Haven,0.0,0.6,0.3333333333333333,0.9411764705882353
3046,128045,Ta'Zir Smith,Robert Morris,0.0,0.20689655172413793,0.4444444444444444,0.8846153846153846
3047,128046,Micah Caster,Louisiana Monroe,0.0,0.5,0.6666666666666666,0.9090909090909091
3048,128047,Connor Martin,Coastal Carolina,0.0,0.0,0.0,0.0
3049,128048,Bennett Stirtz,Iowa,0.8181818181818182,0.30612244897959184,0.11475409836065574,0.45652173913043476
3050,128050,Josiah Moore,Tulane,0.4,0.3103448275862069,0.4444444444444444,1.0
3051,128051,Luke Gray,Oral Roberts,1.0,0.5714285714285714,0.0,0.9333333333333333
3052,128054,Makhan Diouf,Fresno St.,1.0,0.8,0.0,1.0
3053,128056,Kevin Alabi,Alabama St.,1.0,1.0,0.0,0.0
3054,128057,Elijah Moore,Utah,0.0,0.0,0.0,0.0
3055,128061,Jalil Bethea,Alabama,1.0,0.38461538461538464,0.0,0.8125
3056,128064,Nate Johnson,Detroit Mercy,1.0,0.3333333333333333,0.2857142857142857,0.75
3057,128065,Isaiah Johnson-Arigu,St. Thomas,0.75,0.5063291139240507,0.5,1.0
3058,128066,Troy Cole Jr.,Southeast Missouri St.,0.5,0.40625,0.1111111111111111,1.0
3059,128068,Nick Woodard,Alcorn St.,0.75,0.3404255319148936,0.16666666666666666,0.84375
3060,128070,Malcolm Noel,West Georgia,0.0,0.08333333333333333,0.08,0.7096774193548387
3061,128072,Jace Winkleman,Morehead St.,0.0,0.0,0.0,0.0
3062,128074,Amari McCottry,Saint Louis,1.0,0.415929203539823,0.42857142857142855,0.9444444444444444
3063,128076,Gabe Pickens,New Mexico St.,0.0,0.2,0.0,0.6428571428571429
3064,128077,Jae'Coby Osborne,New Mexico St.,0.5,0.43548387096774194,0.3,1.0
3065,128080,Joul Karram,Utah Valley,1.0,0.5,1.0,0.0
3066,128081,MJ Thomas,New Orleans,0.7142857142857143,0.4791666666666667,0.42857142857142855,1.0
3067,128085,Antoni Siewruk,New Hampshire,0.0,0.0,0.0,0.0
3068,128086,Caleb Middleton,Elon,1.0,0.45161290322580644,0.6666666666666666,0.0
3069,128087,Khalil Badru,Iona,0.4,0.3157894736842105,0.15,1.0
3070,128088,Christopher Flippin,Maryland Eastern Shore,0.875,0.625,0.5333333333333333,0.0
3071,128090,Flash Burton,Rider,0.5,0.15789473684210525,0.16129032258064516,0.75
3072,128091,Colin White,Ohio St.,0.0,0.42857142857142855,1.0,1.0
3073,128092,Alfred Worrell Jr.,Morgan St.,0.0,0.3333333333333333,0.42105263157894735,0.8
3074,128097,Sam Donnelly,Le Moyne,0.0,0.0,0.0,0.0
3075,128098,Isaac Nyakundi,Le Moyne,1.0,0.8125,1.0,1.0
3076,128099,Malachi Arrington,NJIT,1.0,0.6923076923076923,0.4,0.0
3077,128100,John Kelly,NJIT,0.6666666666666666,0.4444444444444444,0.5,1.0
3078,128101,Ari Fulton,NJIT,1.0,0.5,0.2727272727272727,0.8461538461538461
3079,128102,Quentin Duncan,NJIT,0.0,0.4,0.14285714285714285,0.8387096774193549
3080,128105,Will Hornseth,Northern Iowa,0.9333333333333333,0.4921875,0.43243243243243246,0.75
3081,128109,Javontae Campbell,Bowling Green,0.3333333333333333,0.15950920245398773,0.0,0.5238095238095238
3082,128111,Jahvin Carter,Middle Tennessee,0.0,0.04878048780487805,0.1111111111111111,0.7
3083,128113,Tommy Kamarad,Winthrop,1.0,0.46511627906976744,0.3333333333333333,1.0
3084,128114,EJ Paymon,Southern Miss,0.6666666666666666,0.5714285714285714,0.0,0.0
3085,128119,Kyle Counts,St. Thomas,0.0,0.0,0.0,1.0
3086,128120,Ryan Lafferty,St. Thomas,0.0,0.6666666666666666,0.0,1.0
3087,128121,Nolan Minessale,St. Thomas,0.5333333333333333,0.31654676258992803,0.2,0.7857142857142857
3088,128122,Grant Moore,Marshall,0.0,0.0,0.0,1.0
3089,128123,Kyle Brown,Arkansas Pine Bluff,0.0,1.0,1.0,1.0
3090,128124,Aaron Nkrumah,Tennessee St.,0.5,0.3815789473684211,0.22641509433962265,0.6304347826086957
3091,128126,Chansey Willis Jr.,Minnesota,0.0,0.4444444444444444,0.6,1.0
3092,128128,Niyol Hauet,West Virginia,0.0,0.0,0.0,0.0
3093,128130,Quan Lax,Austin Peay,0.0,0.0,1.0,0.0
3094,128133,Tekao Carpenter,North Carolina Central,0.0,0.09523809523809523,0.16666666666666666,0.9
3095,128134,John Clemmons,Delaware St.,0.0,0.2857142857142857,0.5,1.0
3096,128136,Darnez Slater,Colorado St.,0.0,0.6666666666666666,0.6666666666666666,0.0
3097,128137,Will Thengvall,Kansas,0.0,0.0,0.0,0.0
3098,128138,Bryson Cokley,Elon,0.8333333333333334,0.5,0.4166666666666667,0.8620689655172413
3099,128139,Justin Begg,Sam Houston St.,0.0,0.25,0.2727272727272727,0.5483870967741935
3100,128140,Makhi Myles,Southeastern Louisiana,0.75,0.4583333333333333,0.4,0.9411764705882353
3101,128141,Braden Hausen,High Point,0.0,0.2857142857142857,0.0,0.9622641509433962
3102,128143,Jay Reynolds,Southeast Missouri St.,0.0,0.0,0.0,0.0
3103,128144,R.J. Kennedy,New Hampshire,0.0,0.058823529411764705,0.3333333333333333,0.9166666666666666
3104,128145,Elliot Lowndes,Southeast Missouri St.,1.0,0.5454545454545454,1.0,1.0
3105,128146,Mercy Miller,Houston,0.5,0.30434782608695654,0.25925925925925924,0.7647058823529411
3106,128147,Chase McCarty,Houston,1.0,0.6666666666666666,0.75,0.9705882352941176
3107,128148,Devin Haid,South Florida,1.0,0.36363636363636365,0.0,0.875
3108,128149,Khani Rooths,Louisville,0.7058823529411765,0.6341463414634146,0.0,1.0
3109,128151,Christian Henry,Fordham,0.0,0.16279069767441862,0.1724137931034483,0.43333333333333335
3110,128156,Miles Barnstable,Tulsa,0.4375,0.36666666666666664,0.0,0.8350515463917526
3111,128157,Justice Shoats,Siena,0.0,0.2804878048780488,0.13043478260869565,1.0
3112,128158,Ismael Diouf,Northern Iowa,1.0,0.8518518518518519,0.0,1.0
3113,128160,Jack Stanton,Princeton,0.0,0.6666666666666666,0.0,0.8
3114,128164,Cole McCormick,Central Arkansas,1.0,0.65,0.5,0.9666666666666667
3115,128165,Josiah Dunham,Southern Indiana,0.0,0.5,0.3333333333333333,0.8333333333333334
3116,128166,Grayson Grove,Minnesota,0.8181818181818182,0.8297872340425532,0.6,1.0
3117,128170,Latif Diouf,Chattanooga,0.0,0.8,0.0,1.0
3118,128171,Christian Alston,Abilene Christian,0.3333333333333333,0.34615384615384615,0.5,0.8
3119,128173,Houston Holland,Chattanooga,0.0,0.2857142857142857,1.0,1.0
3120,128174,Dontrez Williams,Lindenwood,0.6111111111111112,0.3130434782608696,0.05263157894736842,0.9230769230769231
3121,128175,Mohammad Habhab,Eastern Michigan,0.875,0.5098039215686274,0.4,1.0
3122,128177,Isaiah Abraham,Georgetown,0.8571428571428571,0.5714285714285714,0.4444444444444444,0.96
3123,128178,Willie Williams,Northwestern St.,0.7142857142857143,0.574468085106383,0.3125,1.0
3124,128181,Ahmad Nowell,VCU,0.0,0.23076923076923078,0.0,0.7916666666666666
3125,128182,Quentin Heady,Bethune Cookman,0.4444444444444444,0.45054945054945056,0.3,1.0
3126,128184,Kevin McCarthy,Army,0.0,0.6666666666666666,0.2857142857142857,0.9361702127659575
3127,128185,Brendon O'Keefe,Army,0.0,0.0,0.0,1.0
3128,128186,Alex Engro,Army,0.0,0.6666666666666666,0.0,0.6666666666666666
3129,128187,Dayon Polk,Army,0.0,0.0,0.0,1.0
3130,128188,Jaxson Bell,Army,0.0,0.11363636363636363,0.15384615384615385,0.92
3131,128189,Dylan Murans,Army,0.0,0.0,0.0,0.0
3132,128190,Kameron Taylor,UNC Asheville,0.47058823529411764,0.20689655172413793,0.1044776119402985,0.9230769230769231
3133,128191,Dozie Onyirimba,Kennesaw St.,0.0,0.0,0.0,0.0
3134,128192,Wade Chiddick,Villanova,0.0,0.0,0.0,0.0
3135,128193,Tajuan Simpkins,Seton Hall,0.6666666666666666,0.39622641509433965,0.25,0.918918918918919
3136,128194,Ring Malith,SIU Edwardsville,0.75,0.35714285714285715,0.35294117647058826,0.9047619047619048
3137,128195,Jo Valrie,SIU Edwardsville,0.75,0.41379310344827586,0.2,0.8148148148148148
3138,128196,Nassim Mashhour,Oakland,0.0,0.4,0.3333333333333333,0.8823529411764706
3139,128197,Jordan Hamilton,Texas Southern,0.0,0.0,0.0,0.0
3140,128199,Myles Thompson,SIU Edwardsville,0.0,0.35714285714285715,0.4666666666666667,1.0
3141,128200,Ben Woodward,George Mason,0.0,0.0,0.0,0.0
3142,128202,Kyle Jorgensen,Colorado St.,1.0,0.5853658536585366,0.37037037037037035,0.975
3143,128203,Keitenn Bristow,Alabama,0.5,0.45454545454545453,0.0,1.0
3144,128205,Jordan Mizell,Tarleton St.,0.0,0.15,0.3076923076923077,0.0
3145,128206,Malek Archie,Tarleton St.,0.0,0.0,0.0,0.0
3146,128211,Tyler McKinley,Cincinnati,1.0,0.6875,0.6,0.0
3147,128212,Jamichael Stillwell,UCF,0.5,0.358974358974359,0.5454545454545454,1.0
3148,128213,Halvine Dzellat,Cincinnati,0.75,0.8421052631578947,0.5,0.0
3149,128214,Bradey Henige,Cal Baptist,0.2222222222222222,0.5245901639344263,0.625,0.0
3150,128217,David Punch,TCU,0.7058823529411765,0.48695652173913045,0.34615384615384615,1.0
3151,128219,Drew McElroy,TCU,0.0,0.0,0.0,0.0
3152,128220,Adam Stewart,TCU,0.0,0.0,0.0,0.0
3153,128221,Robert Wright III,BYU,0.0,0.16161616161616163,0.06944444444444445,0.7719298245614035
3154,128222,Raysean Johnson,Fairleigh Dickinson,0.0,0.45,0.0,1.0
3155,128223,Chidube Ekwommadu,Fairleigh Dickinson,0.0,0.0,0.0,0.0
3156,128224,Josiah Francis,Fairleigh Dickinson,0.0,0.0,0.0,1.0
3157,128225,Dylan Jones,Southern Utah,1.0,0.5,0.4,0.8536585365853658
3158,128228,Trent Burns,Missouri,0.8333333333333334,0.8,0.5,1.0
3159,128229,Peyton Marshall,Georgia Tech,1.0,0.75,1.0,0.0
3160,128230,T.O. Barrett,Missouri,0.42857142857142855,0.21951219512195122,0.07692307692307693,1.0
3161,128231,Annor Boateng,Missouri,0.5,0.4444444444444444,0.0,1.0
3162,128232,Marcus Allen,Miami FL,1.0,0.5,0.4,1.0
3163,128234,Clayton Jackson,Lindenwood,0.0,0.15151515151515152,0.3333333333333333,0.7857142857142857
3164,128236,Kanon Catchings,Georgia,0.3125,0.3783783783783784,0.23076923076923078,0.7794117647058824
3165,128237,Josiah LeGree,Morehead St.,0.6666666666666666,0.2,0.0625,0.7083333333333334
3166,128238,Myles Watkins,Bellarmine,0.0,0.2692307692307692,0.0,0.6666666666666666
3167,128240,CJ Hyland,Western Carolina,0.0,0.07142857142857142,0.0,0.8
3168,128242,Shaheed Solebo,Youngstown St.,0.0,1.0,0.0,0.0
3169,128245,Jayden Harris,Eastern Kentucky,0.2857142857142857,0.20833333333333334,0.4,0.8636363636363636
3170,128247,Yvens Paul,Eastern Kentucky,0.7916666666666666,0.6808510638297872,0.2222222222222222,0.0
3171,128248,Cameron Merritt,West Georgia,0.0,0.0,0.0,0.0
3172,128249,Tamaury Releford,Morehead St.,0.0,0.5967741935483871,0.2222222222222222,0.0
3173,128252,Phat Phat Brooks,Central Michigan,0.0,0.3561643835616438,0.42857142857142855,0.5
3174,128254,Roberts Blums,Davidson,0.0,0.2647058823529412,0.21739130434782608,0.9166666666666666
3175,128255,Anton Bonke,Charlotte,0.7818181818181819,0.6237623762376238,0.4,1.0
3176,128257,Chris Riddle,Toledo,0.0,0.2,0.0,1.0
3177,128260,Caleb Williams,Georgetown,1.0,0.6153846153846154,0.55,0.9767441860465116
3178,128262,Lorenzo Abellar,Southern Utah,0.0,0.42857142857142855,0.0,0.8333333333333334
3179,128263,Bradyn Hubbard,Abilene Christian,0.0,0.26666666666666666,0.3829787234042553,0.825
3180,128266,Jack Benter,Purdue,1.0,0.625,0.6666666666666666,0.9722222222222222
3181,128267,Jayden Socka,Morgan St.,0.0,0.0,0.0,0.0
3182,128270,Tarik Watson,Marist,1.0,0.7647058823529411,0.6666666666666666,0.0
3183,128271,Parby Kabamba,Marist,0.5,0.8,0.38095238095238093,1.0
3184,128272,Ponce James,Delaware St.,0.0,0.06666666666666667,0.17073170731707318,0.7058823529411765
3185,128273,Caleb Kizer,South Dakota,0.0,0.5,0.0,0.0
3186,128274,Luke Bamgboye,Texas Tech,1.0,0.8846153846153846,0.8,0.0
3187,128275,Mbaye N'Diaye,Eastern Michigan,0.0,1.0,0.0,0.0
3188,128276,Mateen Rafiq,Cornell,0.0,0.75,0.3333333333333333,0.9375
3189,128278,Gioacchino Panzini,Cornell,0.3333333333333333,0.375,0.0,1.0
3190,128279,Martin Carrere,Virginia,1.0,0.5,0.0,1.0
3191,128280,Anthony Nimani,Cornell,0.0,0.625,0.0,1.0
3192,128282,Kingston Price,Fordham,0.0,0.5,0.5,0.6666666666666666
3193,128283,Aleksander Pachucki,Bucknell,0.0,0.5833333333333334,0.14285714285714285,0.9047619047619048
3194,128284,Ryan Pettis,Fordham,0.0,1.0,0.0,1.0
3195,128285,Ivan Matlekovic,North Carolina,0.0,0.0,1.0,0.0
3196,128286,George Natsvlishvili,North Dakota,0.2857142857142857,0.4533333333333333,0.42857142857142855,1.0
3197,128288,Greyson Uelmen,North Dakota,0.0,0.06722689075630252,0.09090909090909091,0.6666666666666666
3198,128289,TJ Williams,Wichita St.,0.625,0.3793103448275862,0.15,1.0
3199,128292,David Hansen,Weber St.,0.0,0.0,0.0,0.7142857142857143
3200,128293,Trevor Hennig,Weber St.,0.5,0.44,0.09523809523809523,0.7857142857142857
3201,128294,Ramondo Battle II,North Carolina Central,1.0,0.8333333333333334,1.0,0.8
3202,128295,Trent Hundley,Evansville,1.0,0.5,0.25,0.9166666666666666
3203,128297,Kaia Berridge,Evansville,0.0,0.6666666666666666,0.0,0.6666666666666666
3204,128300,Elijah Elliott,Ohio,0.0,0.2857142857142857,0.0,1.0
3205,128301,Ayden Evans,Ohio,1.0,0.5,0.0,1.0
3206,128302,Kiir Kuany,Ohio,1.0,0.7916666666666666,0.0,0.8333333333333334
3207,128303,Jesse Burris,Ohio,0.0,1.0,0.2727272727272727,0.9166666666666666
3208,128305,Khamani Cooper,Nebraska Omaha,0.0,0.2,0.3,0.8666666666666667
3209,128308,Lachlan Brewer,Idaho St.,1.0,0.48148148148148145,0.39285714285714285,1.0
3210,128309,EJ Ryans,Western Michigan,0.0,0.11538461538461539,0.391304347826087,0.9655172413793104
3211,128310,Melo Sanchez,Central Connecticut,0.0,0.4,0.0625,0.8928571428571429
3212,128311,Trey Deveaux,Mount St. Mary's,0.75,0.4444444444444444,0.2857142857142857,0.96
3213,128312,Moustapha Thiam,Cincinnati,0.9210526315789473,0.782608695652174,0.75,0.9333333333333333
3214,128313,Cameron Simpson,Texas St.,0.0,0.0,0.0,0.0
3215,128314,Seth Jones,Southeastern Louisiana,0.0,0.0,0.25,0.625
3216,128320,Ben Wesson,Vermont,0.0,0.0,0.0,0.0
3217,128321,Tey Barbour,Harvard,0.0,0.5277777777777778,0.25,0.972972972972973
3218,128322,Austin Hunt,Harvard,0.0,0.6,0.5,0.6923076923076923
3219,128323,Kenan Parrish,Harvard,1.0,0.8333333333333334,0.3333333333333333,1.0
3220,128326,Donte Bacchus,North Alabama,0.0,0.38095238095238093,0.10714285714285714,0.9285714285714286
3221,128328,JJ Wheat,South Alabama,0.0,0.18518518518518517,0.2222222222222222,1.0
3222,128331,Cade Norris,Samford,0.0,0.45454545454545453,0.18181818181818182,0.8292682926829268
3223,128332,Taj Bryant,Sacred Heart,0.0,0.6363636363636364,0.0,0.8
3224,128333,Luca Soroa Schaller,Northeastern,0.0,0.2702702702702703,0.2,1.0
3225,128335,Flory Bidunga,Kansas,0.9024390243902439,0.6728395061728395,0.4857142857142857,0.0
3226,128336,Bruno Alocen,Indiana St.,0.0,0.47058823529411764,0.5,0.8611111111111112
3227,128337,Jaiden Glover-Toscano,Saint Joseph's,0.8571428571428571,0.4507042253521127,0.26666666666666666,0.9024390243902439
3228,128338,Caden Huttenlocker,Indiana St.,0.0,0.0,0.0,1.0
3229,128339,Jayan Walker,Indiana St.,0.0,0.0,0.0,1.0
3230,128340,Jahni Summers,Sacramento St.,0.8571428571428571,0.5294117647058824,0.4166666666666667,0.8541666666666666
3231,128342,Jared Lary,Detroit Mercy,0.0,0.2857142857142857,0.5,1.0
3232,128344,Gicarri Harris,Purdue,0.6666666666666666,0.55,0.25,1.0
3233,128345,Chike Ndefo,Towson,1.0,0.5,0.0,0.0
3234,128351,DarKaun King,North Alabama,0.0,0.375,0.4,1.0
3235,128353,Jordan McCullum,East Tennessee St.,0.6842105263157895,0.45714285714285713,0.5,1.0
3236,128356,Paul Jones III,James Madison,0.0,0.3333333333333333,0.0,0.8181818181818182
3237,128357,Cheikh Sow,Idaho St.,1.0,0.35714285714285715,0.25,1.0
3238,128359,P.J. Eason,Alabama A&M,0.75,0.5806451612903226,0.5833333333333334,0.0
3239,128360,James Flippin,Alabama A&M,0.0,0.5714285714285714,0.6363636363636364,0.75
3240,128363,Fraser Roxburgh,Manhattan,0.8,0.5151515151515151,0.18518518518518517,0.975609756097561
3241,128364,Masiah Gilyard,Temple,1.0,0.4782608695652174,0.6666666666666666,0.9583333333333334
3242,128366,Eric Baldassarre,West Georgia,0.0,0.0,0.0,1.0
3243,128369,Kyric Davis,North Carolina Central,0.6,0.4782608695652174,0.4,1.0
3244,128370,Grant Randall,Quinnipiac,0.88,0.6578947368421053,0.8571428571428571,1.0
3245,128371,Samson Reilly,Quinnipiac,0.0,1.0,0.0,0.8928571428571429
3246,128372,Kody Clouet,Winthrop,0.0,0.4,0.09090909090909091,0.9294117647058824
3247,128375,Dante Kearse,The Citadel,0.5,0.375,0.0,1.0
3248,128378,Jaden Zimmerman,Quinnipiac,0.875,0.47368421052631576,0.2777777777777778,0.8043478260869565
3249,128380,Vianney Salatchoum,TCU,1.0,0.7,0.0,0.0
3250,128381,Walker Asp,Northern Colorado,0.0,0.0,0.0,0.0
3251,128382,Ariik Mawien,Northern Colorado,0.5,0.5,0.0,1.0
3252,128384,Amar Amkou,Florida Atlantic,1.0,0.3448275862068966,0.0,1.0
3253,128385,Matas Vokietaitis,Texas,0.7307692307692307,0.6463414634146342,0.35714285714285715,0.0
3254,128388,Théo Pierre-Justin,DePaul,0.6666666666666666,0.5,0.8571428571428571,0.96
3255,128390,Hunter Caldwell,Northern Colorado,0.0,0.6666666666666666,0.0,1.0
3256,128391,Andrija Bukumirović,Tennessee Martin,0.9166666666666666,0.6125,0.21428571428571427,0.9545454545454546
3257,128392,Birgir Irving,High Point,0.0,0.0,0.0,0.0
3258,128394,Rubén Prey,St. John's,0.6,0.5416666666666666,0.4166666666666667,1.0
3259,128398,Jake Stout,UMBC,0.0,1.0,0.0,0.0
3260,128399,Tim Eze,UMBC,0.5,0.375,1.0,0.0
3261,128400,Daylon Dickerson,UMBC,1.0,0.4642857142857143,0.25,1.0
3262,128405,Shelton Williams-Dryden,West Georgia,0.0,0.39849624060150374,0.40860215053763443,0.9411764705882353
3263,128406,Jackson Delaney,Manhattan,0.0,0.0,0.0,1.0
3264,128409,Jayden Williams,Incarnate Word,0.6,0.4375,0.0,0.0
3265,128411,Marko Ljubicic,Manhattan,0.0,0.65,0.7368421052631579,1.0
3266,128413,Kenneth Chime,West Georgia,1.0,0.6071428571428571,0.5555555555555556,0.0
3267,128416,Timoty van der Knaap,Bradley,0.6428571428571429,0.5283018867924528,0.25,1.0
3268,128418,Rickey Ballard,Grambling St.,1.0,0.6,0.0,0.9333333333333333
3269,128419,Bryce Roberts,Texas Southern,0.0,0.4230769230769231,0.47058823529411764,0.7959183673469388
3270,128421,Braylan Ritvo,Quinnipiac,0.0,1.0,0.0,0.5
3271,128422,Spence Wewe,Quinnipiac,0.75,0.4375,0.0,0.0
3272,128424,Teysean Eaglestaff,New Mexico St.,0.0,0.0,0.0,0.0
3273,128429,Abdou Khadre Kébé,Mount St. Mary's,0.5,0.36363636363636365,1.0,0.95
3274,128432,Matija Žužic,West Georgia,0.0,0.0,0.3,0.9411764705882353
3275,128433,Filip Radaković,Tennessee Martin,0.0,0.29411764705882354,0.0,0.8888888888888888
3276,128434,Tony Duckett,Saint Mary's,1.0,0.2727272727272727,0.4,1.0
3277,128435,Chas Lewless,West Georgia,0.0,0.0,0.07142857142857142,0.5789473684210527
3278,128436,Gavin Ripp,San Diego,0.0,0.5652173913043478,0.36363636363636365,1.0
3279,128437,Kean Webb,Portland St.,0.0,0.0,0.0,0.0
3280,128438,Nick Del Bosque,San Diego,0.0,0.0,0.0,0.0
3281,128442,Aidan Alexander,The Citadel,0.0,0.0,0.0,0.0
3282,128444,Xavier Shegog,West Georgia,0.6666666666666666,0.375,0.0,1.0
3283,128445,Mihailo Boskovic,BYU,1.0,0.6,0.7142857142857143,1.0
3284,128446,Jeremiah Cherry,Sacramento St.,0.8571428571428571,0.625,1.0,0.0
3285,133596,Nnaemeka Ikechi,Army,0.0,0.0,0.0,0.0
3286,133610,Calvin Robins Jr.,Howard,1.0,0.7857142857142857,0.0,0.0
3287,133613,Luke Johnson,Oregon,0.0,1.0,0.0,1.0
3288,133614,Brennan Ramirez,Boise St.,0.0,0.0,0.0,1.0
3289,133623,Jordon Marshall,Alabama St.,0.0,0.0,0.0,0.0
3290,133624,Cooper Mueller,Princeton,0.0,0.0,0.0,1.0
3291,133630,Drew Hollifield,Western Carolina,0.0,0.0,0.0,1.0
3292,133631,Damarius Owens,Marquette,0.7,0.6896551724137931,1.0,1.0
3293,133637,Mohamed Maxamud,Bowling Green,0.0,1.0,0.0,0.0
3294,133638,Khadim Mboup,BYU,0.6666666666666666,0.4482758620689655,0.3333333333333333,1.0
3295,133639,Dominique Diomande,BYU,0.75,0.7142857142857143,0.0,1.0
3296,133640,Yonatan Levy,Pepperdine,0.0,0.65625,0.8333333333333334,1.0
3297,133641,Abdulai Fanta Kabba,Western Carolina,0.8,0.6458333333333334,0.3333333333333333,0.0
3298,133645,Ethan Brown,Colgate,0.0,1.0,0.0,1.0
3299,133646,Trevor Best,Arizona St.,1.0,1.0,0.0,1.0
3300,133648,Nicholas Errica,Western Michigan,0.0,1.0,0.0,1.0
3301,133652,Okku Federiko,Drake,0.8666666666666667,0.6081081081081081,0.3,1.0
3302,133654,Trevor Augustine,Canisius,0.0,0.0,0.0,0.0
3303,133659,Elijah Crawford,Illinois Chicago,0.5,0.18604651162790697,0.15789473684210525,0.7142857142857143
3304,133661,Fedor Zugic,Creighton,0.8333333333333334,0.5,0.0,0.9655172413793104
3305,133662,Dontrell Hewlett,Green Bay,0.0,0.0,0.0,1.0
3306,133664,Kiani Saxon,Wyoming,1.0,0.75,0.75,1.0
3307,133665,Darrius Bolden,Bellarmine,0.0,0.0,0.0,1.0
3308,133666,Tommy Clark,Bellarmine,0.0,0.0,0.0,1.0
3309,133668,Jonah Butler,Stony Brook,1.0,0.25,0.1111111111111111,1.0
3310,133670,MJ Yeager,Oakland,0.0,0.0,0.0,1.0
3311,133671,Efe Vatan,Oregon,0.0,1.0,0.0,0.0
3312,133672,Tai Turnage,Quinnipiac,0.0,0.0,0.25,0.5625
3313,133673,Jacob Hammond,Princeton,1.0,0.36363636363636365,0.2,1.0
3314,133674,Landon Clark,Princeton,0.0,0.5,0.5,0.972972972972973
3315,133675,Keith McKnight,Quinnipiac,0.8214285714285714,0.49019607843137253,0.47619047619047616,0.75
3316,133677,Walter Peggs Jr.,Morgan St.,1.0,0.3888888888888889,0.5454545454545454,0.8372093023255814
3317,133680,Lance Carr,UAB,0.0,0.0,0.0,0.0
3318,133682,Gabe Stewart,IU Indy,1.0,1.0,0.0,1.0
3319,133683,Meechie White,Eastern Illinois,0.0,0.22916666666666666,0.16666666666666666,0.8125
3320,133684,Khoi Thurmon,Oakland,0.0,0.05,0.0,1.0
3321,133685,Troy Plumtree,Cal Poly,0.5,0.49019607843137253,0.0,1.0
3322,133686,Austin Goode,Cal Poly,0.8333333333333334,0.5,0.0,1.0
3323,133687,Trent Steinour,Clemson,1.0,1.0,0.0,0.0
3324,133689,Zac Foster,Clemson,0.4,0.36363636363636365,0.0,0.6923076923076923
3325,133691,Ezra McKenna,Buffalo,1.0,0.7037037037037037,1.0,1.0
3326,133692,Darrel Yepdo,UMass Lowell,0.0,0.25,0.038461538461538464,0.7
3327,133693,JJ Massaquoi,UMass Lowell,0.8,0.49382716049382713,0.5,0.0
3328,133696,Jadin Booth,Samford,0.0,0.30952380952380953,0.12,0.8099173553719008
3329,133697,Corey Dunning,Prairie View A&M,0.8,0.5333333333333333,0.5,0.0
3330,133698,Ty Owens,Tennessee Tech,0.0,0.0967741935483871,0.0,0.6
3331,133699,Lance Williams,Prairie View A&M,0.0,0.13333333333333333,0.2391304347826087,0.9230769230769231
3332,133700,Jon Carroll,Morehead St.,0.8461538461538461,0.5263157894736842,0.0,0.0
3333,133701,Jah'Kim Payne,Tennessee Tech,0.0,0.42857142857142855,0.3333333333333333,0.8181818181818182
3334,133702,Zack Scherler,NJIT,0.0,1.0,0.0,0.0
3335,133703,Rocco Awad,NJIT,0.0,0.4,0.0,0.9047619047619048
3336,133705,Jalen Cunningham,UNLV,0.0,0.0,0.0,0.0
3337,133706,Issac Williamson,UNLV,0.0,0.2903225806451613,0.23529411764705882,0.8604651162790697
3338,133708,Tyrin Jones,UNLV,0.8076923076923077,0.5267175572519084,0.2,1.0
3339,133709,Rhyjon Blackwell,Marist,1.0,0.59375,0.32558139534883723,0.9183673469387755
3340,133710,Eli Greenberg,Le Moyne,0.0,0.3,0.0,0.7272727272727273
3341,133711,Gustav Winther,Northern Illinois,0.7692307692307693,0.6533333333333333,0.75,1.0
3342,133712,Samuel Hincapie,Le Moyne,1.0,0.6486486486486487,0.16666666666666666,0.9285714285714286
3343,133713,Max Laskey,Northern Illinois,0.0,0.0,0.0,1.0
3344,133714,Dylan Ducommun,Northern Illinois,0.0,0.14285714285714285,0.0,0.7777777777777778
3345,133715,Isaiah Stewart,Northern Illinois,0.0,0.0,0.0,1.0
3346,133716,Akai Fleming,Georgia Tech,0.9090909090909091,0.6,0.3181818181818182,0.8571428571428571
3347,133717,Sebastien Emenalo,Loyola MD,0.6666666666666666,0.35714285714285715,0.5,0.9375
3348,133718,Carter Berg-McLean,Loyola MD,0.0,0.16666666666666666,0.2,0.6
3349,133719,Everett Barnes,Loyola MD,0.0,0.75,0.75,1.0
3350,133720,Cole Kirouac,Georgia Tech,0.9230769230769231,0.875,1.0,0.0
3351,133721,Cameron Wallace,Little Rock,0.6842105263157895,0.5166666666666667,0.39285714285714285,1.0
3352,133723,Declan Wucherpfennig,Fairfield,0.7619047619047619,0.4766355140186916,0.38461538461538464,0.8947368421052632
3353,133724,Jaylon Dean-Vines,Vanderbilt,0.0,0.0,0.0,1.0
3354,133726,Eternity Eguagie,Rice,0.3333333333333333,0.2903225806451613,0.2857142857142857,1.0
3355,133727,Alex Mirhosseini,Arkansas Pine Bluff,0.0,0.14814814814814814,0.6666666666666666,0.7916666666666666
3356,133728,Cassius Brooks,UTEP,0.0,0.26666666666666666,0.5,1.0
3357,133729,Fotis Konstantinidis,St. John's,0.0,0.0,0.0,1.0
3358,133731,Kelvin Odih,St. John's,0.0,0.14285714285714285,0.0,0.0
3359,133732,Casper Pohto,St. John's,0.0,1.0,0.0,0.0
3360,133733,Nazareth Fisher,Eastern Illinois,0.7777777777777778,0.6410256410256411,1.0,0.0
3361,133736,Kasen Carpenter,Idaho St.,0.0,0.0,0.0,0.0
3362,133737,Louis Bond,Idaho St.,1.0,0.4444444444444444,0.125,0.6363636363636364
3363,133738,Landen Birley,Idaho St.,0.0,0.0,0.0,0.0
3364,133739,Martin Kheil,Idaho St.,0.0,0.5,0.3333333333333333,1.0
3365,133741,Tyler Byrd,Alabama St.,0.6,0.24324324324324326,0.23076923076923078,0.9523809523809523
3366,133743,Isaiah Denis,North Carolina,0.0,0.0,0.0,1.0
3367,133744,Luka Bogavac,North Carolina,0.0,0.21621621621621623,0.25,0.8076923076923077
3368,133745,Tay Smith,North Dakota St.,0.3333333333333333,0.2,0.0,0.8382352941176471
3369,133746,Eric Reibe,Connecticut,0.9545454545454546,0.8426966292134831,1.0,1.0
3370,133747,Darius Livingston,Robert Morris,0.0,0.16666666666666666,0.2,0.847457627118644
3371,133749,Emanuel Prospere II,UC San Diego,0.0,0.16129032258064516,0.35714285714285715,0.8571428571428571
3372,133750,Chane Bynum,UNC Greensboro,0.0,0.0,0.0,1.0
3373,133751,Noah Norgaard,UNC Greensboro,0.0,0.16666666666666666,0.3333333333333333,0.8260869565217391
3374,133752,Chris Davis Jr,Charleston,1.0,0.4,0.2857142857142857,0.925
3375,133753,Chadlyn Traylor,Charleston,0.5,0.08333333333333333,0.0,0.6470588235294118
3376,133754,Martin Kalu,Charleston,0.8888888888888888,0.6060606060606061,0.5,0.8108108108108109
3377,133756,Ege Demir,Oregon,0.8,0.42105263157894735,1.0,0.0
3378,133757,Zion Obanla,Maryland Eastern Shore,0.5882352941176471,0.42574257425742573,0.35,0.0
3379,133758,Cam Wallace,Temple,0.0,0.5,0.0,0.8
3380,133759,Howie Keene,Montana St.,0.0,0.6666666666666666,0.0,1.0
3381,133762,Kaleb Lowery,Nevada,0.8333333333333334,0.6666666666666666,0.75,1.0
3382,133763,Ethan Croley,Nevada,1.0,0.6666666666666666,0.0,0.0
3383,133764,Vaughn Weems,Nevada,0.8,0.45348837209302323,0.5454545454545454,0.9615384615384616
3384,133765,Peyton White,Nevada,0.8,0.6666666666666666,0.8181818181818182,1.0
3385,133766,Myles Walker,Nevada,0.0,0.0,0.0,0.6666666666666666
3386,133767,Saahil Thakkar,UMBC,0.0,0.0,0.0,0.0
3387,133768,Victor Okojie,UMass Lowell,1.0,0.6538461538461539,0.25,1.0
3388,133769,Alliou Fall,Iona,1.0,0.6285714285714286,1.0,0.0
3389,133770,Ryan Crotty,Oklahoma St.,0.0,0.0,0.0,1.0
3390,133771,Nas Hart,La Salle,0.5,0.3076923076923077,1.0,0.0
3391,133772,Gabe Newhof,James Madison,0.6666666666666666,0.5057471264367817,0.0625,0.0
3392,133773,Owen Varnado,Tennessee Tech,0.0,0.0,0.0,0.0
3393,133774,Narit Chotikavanic,Stephen F. Austin,0.0,0.2,0.25,0.9634146341463414
3394,133775,Koa Peat,Arizona,0.9433962264150944,0.6714285714285714,0.4528301886792453,1.0
3395,133776,Sidi Gueye,Arizona,0.8,0.7,0.3333333333333333,0.0
3396,133777,Brayden Burries,Arizona,0.6470588235294118,0.3626373626373626,0.1836734693877551,0.7428571428571429
3397,133778,Ivan Kharchenkov,Arizona,0.42857142857142855,0.5116279069767442,0.25806451612903225,0.9393939393939394
3398,133781,Julius Clark,Gardner Webb,1.0,0.625,0.3333333333333333,1.0
3399,133784,John Awoke,Wagner,0.0,0.0,0.2,0.8823529411764706
3400,133785,Jaion Pitt,Pacific,0.6,0.6511627906976745,0.2222222222222222,0.6666666666666666
3401,133786,John Squire,New Hampshire,0.8333333333333334,0.559322033898305,0.0,1.0
3402,133787,Josiah Sabino,Niagara,0.0,0.5555555555555556,0.5,1.0
3403,133788,Lavell Brodnex,Louisiana Monroe,0.7727272727272727,0.42857142857142855,0.36363636363636365,0.5555555555555556
3404,133789,Tamario Adley,Central Michigan,0.5,0.25925925925925924,0.14285714285714285,0.7575757575757576
3405,133791,Jai Chisolm,Cal St. Northridge,1.0,0.6,0.3333333333333333,1.0
3406,133793,Tyler Isaak,Montana,1.0,0.52,0.0,1.0
3407,133794,Keith Palek III,Missouri St.,0.0,0.56,0.32786885245901637,0.9705882352941176
3408,133797,Jake Blackburn,Binghamton,0.0,0.42857142857142855,0.5,0.8
3409,133798,John Miller IV,Mount St. Mary's,0.0,0.0,0.0,0.0
3410,133799,Devere Palmer,Florida A&M,1.0,0.25,1.0,0.0
3411,133800,Anthony Knowles,Florida A&M,0.0,0.0,0.0,1.0
3412,133801,Miles Ndalama,Florida A&M,0.84,0.6271186440677966,0.5,0.0
3413,133802,Alex Tsynkevich,Hofstra,0.0,0.6666666666666666,0.0,0.0
3414,133803,Jake Wilkins,Georgia,0.8095238095238095,0.6,0.0,1.0
3415,133805,Amari Reed,UT Arlington,0.8,0.7407407407407407,1.0,0.0
3416,133806,"Dwayne Wimbley, Jr.",Massachusetts,1.0,0.42105263157894735,1.0,1.0
3417,133807,Romari Robinson,Sacramento St.,0.0,0.6666666666666666,0.0,0.5
3418,133808,Ahmad Harrison,Saint Francis,0.0,0.2,0.32,0.8285714285714286
3419,133809,Ryan Conway,Towson,0.0,0.0,0.0,0.95
3420,133810,Evan Smith,North Carolina,0.0,0.0,0.0,0.0
3421,133811,Caleb Wilson,North Carolina,0.6417910447761194,0.4956521739130435,0.2916666666666667,0.8571428571428571
3422,133812,Zoumana Traore,New Haven,0.0,0.3333333333333333,0.0,1.0
3423,133813,Hassane Diallo,Prairie View A&M,1.0,0.5,1.0,0.0
3424,133814,Alex Steen,Florida St.,0.7391304347826086,0.7058823529411765,0.6666666666666666,0.0
3425,133815,Preston Murphy Jr.,Alabama,0.0,0.0,0.0,0.0
3426,133816,Tyler Robinett,Youngstown St.,1.0,0.4,0.0,0.5
3427,133818,Daniel Michelini-Jackson,Texas A&M Corpus Chris,0.0,0.3333333333333333,0.46153846153846156,0.9285714285714286
3428,133819,Cedric Horton,Texas A&M Corpus Chris,1.0,0.6666666666666666,1.0,1.0
3429,133820,Rontavious Blackshear,Youngstown St.,0.0,0.4166666666666667,0.3,0.9411764705882353
3430,133821,Jordan Tillery,VCU,0.5,0.13333333333333333,0.0,0.75
3431,133822,Ziare Wells,Oakland,0.6875,0.5584415584415584,0.5714285714285714,1.0
3432,133823,Tolu Samuels,Southern Indiana,0.75,0.4915254237288136,0.5,0.6666666666666666
3433,133824,Cavin Holden,Montana St.,0.0,0.0,0.25,0.75
3434,133825,Hantz Louis Jeune,South Alabama,0.0,0.6666666666666666,1.0,0.9230769230769231
3435,133826,Christian Beam,Georgia St.,0.625,0.5909090909090909,0.5,0.0
3436,133827,Omer Suljanovic,UC Davis,1.0,0.5365853658536586,0.0,1.0
3437,133828,Kobi Williams,Missouri St.,0.0,0.6818181818181818,0.4090909090909091,0.935064935064935
3438,133829,Danas Kazakevicius,Howard,1.0,0.625,0.5,0.0
3439,133830,Travelle Bryson,Howard,0.7083333333333334,0.5686274509803921,0.42857142857142855,1.0
3440,133831,Dezmon Briscoe,Kent St.,0.5,0.7777777777777778,1.0,0.0
3441,133834,Landon Vanderwarker,Kent St.,0.0,0.6666666666666666,0.0,0.0
3442,133835,Tank Washington,North Alabama,0.0,0.6666666666666666,0.0,1.0
3443,133836,Cortez Graham-Howard,North Alabama,0.3333333333333333,0.06666666666666667,0.0,0.9166666666666666
3444,133837,Braylon Patton,North Alabama,0.0,0.13953488372093023,0.0,0.8888888888888888
3445,133838,Kedar Bodie,North Alabama,0.0,0.3333333333333333,0.0,0.6666666666666666
3446,133839,Nadjrick Peat,Coastal Carolina,0.8,0.6666666666666666,0.0,0.0
3447,133840,Will Aljancic,Holy Cross,0.0,0.42857142857142855,1.0,1.0
3448,133841,Maximus Gizzi,Minnesota,0.0,0.0,0.0,0.0
3449,133843,Damon Friery,Dayton,0.0,0.0,0.5,1.0
3450,133845,Xander Pintelon,Florida Atlantic,0.3333333333333333,0.24,0.0,1.0
3451,133846,Lachlan Smith,Florida Atlantic,0.0,0.0,0.0,0.0
3452,133847,Vincent Neugebauer,Florida Atlantic,1.0,1.0,1.0,0.0
3453,133848,Kabeya Tshibangu,Niagara,0.8666666666666667,0.8636363636363636,1.0,0.0
3454,133849,Ed Holland III,Howard,0.0,0.375,0.0,0.0
3455,133850,Finley Woodward,IU Indy,0.0,0.6,0.4186046511627907,0.0
3456,133851,Vukasin Todorovic,Green Bay,1.0,0.4117647058823529,0.0,1.0
3457,133852,Keegan Van Kauwenberg,Green Bay,0.0,1.0,0.0,0.8888888888888888
3458,133853,Isaiah Carrillo,Abilene Christian,0.0,0.0,0.0,1.0
3459,133854,LeBron Thomas,Green Bay,1.0,0.4,0.25,1.0
3460,133855,Isaac Dye,Abilene Christian,0.0,0.0,0.0,0.8888888888888888
3461,133856,Chase Thompson,Clemson,1.0,0.6,0.6666666666666666,1.0
3462,133857,Bourgeois Tshilobo,Weber St.,0.0,0.0,0.0,0.0
3463,133859,Luka Jovanovic,Middle Tennessee,1.0,0.64,0.0,0.0
3464,133861,Owen Ritger,Furman,1.0,0.75,0.0,1.0
3465,133862,Garrett Nuckolls,Portland,0.6666666666666666,0.5,0.28,1.0
3466,133863,Timo George,Portland,0.95,0.7321428571428571,0.5,1.0
3467,133864,Joel Foxwell,Portland,0.0,0.21052631578947367,0.18867924528301888,0.6567164179104478
3468,133865,Josiah Shackleford,North Texas,0.8,0.6486486486486487,0.5714285714285714,0.0
3469,133866,De'Undrae Perteete,UC Riverside,0.0,0.29411764705882354,0.0,0.8928571428571429
3470,133867,Dayjaun Anderson,UAB,0.5,0.5,0.1111111111111111,0.7419354838709677
3471,133868,Panagiotis Pagonis,New Orleans,0.0,0.5238095238095238,1.0,0.9166666666666666
3472,133870,Reid Celestin,Queens,0.0,1.0,0.0,0.0
3473,133871,Isaiah Henry,Queens,0.5,0.5217391304347826,0.0,1.0
3474,133872,Jordan Watford,Queens,0.0,0.16521739130434782,0.4444444444444444,1.0
3475,133873,Kam Clark,Queens,0.5,0.375,0.0,1.0
3476,133874,Shaun Wysocki,Denver,0.8571428571428571,0.38461538461538464,0.0,1.0
3477,133875,Corleone Dandridge,Denver,1.0,1.0,0.0,0.0
3478,133876,Carson Johnson,Denver,0.0,0.03125,0.024390243902439025,0.547945205479452
3479,133877,Dallas Washington,Long Beach St.,0.5555555555555556,0.5,0.3333333333333333,1.0
3480,133878,Gavin Sykes,Long Beach St.,0.6666666666666666,0.47058823529411764,0.1875,0.6833333333333333
3481,133879,Christian Green,Stephen F. Austin,0.0,0.8333333333333334,0.75,0.0
3482,133880,Matteo Porto,Fresno St.,0.0,1.0,0.0,0.0
3483,133881,Christian Meeks,Morgan St.,1.0,0.5660377358490566,0.0,0.5
3484,133882,Chris Cenac Jr,Houston,0.8571428571428571,0.7090909090909091,0.7241379310344828,1.0
3485,133883,Eddie Placer,Wagner,0.0,0.2857142857142857,0.06666666666666667,0.8958333333333334
3486,133884,Kingston Flemings,Houston,0.36363636363636365,0.23157894736842105,0.11627906976744186,0.6097560975609756
3487,133888,Teshaun Steele,New Haven,1.0,0.43478260869565216,0.0,1.0
3488,133889,Malchiah Marable,Central Arkansas,0.75,0.5128205128205128,0.25,0.0
3489,133890,Andre Pasha,New Haven,0.0,0.6111111111111112,0.4418604651162791,0.9487179487179487
3490,133891,Esteban Mann,Incarnate Word,0.0,0.6666666666666666,0.0,0.0
3491,133892,Sader Servilus,Valparaiso,0.5,0.6923076923076923,0.0,1.0
3492,133893,Kyonte Thomas,Valparaiso,0.0,0.0,0.0,0.0
3493,133894,Carter Hopoi,Valparaiso,0.7777777777777778,0.6785714285714286,0.5,1.0
3494,133896,JT Pettigrew,Valparaiso,1.0,0.4788732394366197,0.41379310344827586,1.0
3495,133897,Mark Brown,Valparaiso,0.0,0.3333333333333333,0.5,0.5714285714285714
3496,133898,Camden Webster,Valparaiso,0.0,0.0,0.0,0.0
3497,133899,Rakim Chaney,Valparaiso,0.0,0.1,0.02857142857142857,0.6440677966101694
3498,133900,Josh Ward,Cal St. Fullerton,0.0,0.3409090909090909,0.2631578947368421,0.8372093023255814
3499,133901,Andrew Austin,Eastern Illinois,0.0,0.8,1.0,1.0
3500,133902,Jannoy Thomas,Prairie View A&M,0.0,0.21052631578947367,0.0,0.0
3501,133903,Elijah Mitchell,Prairie View A&M,1.0,1.0,1.0,1.0
3502,133904,Noah Pagotto,East Texas A&M,0.5,0.6666666666666666,0.8,1.0
3503,133905,Aginaldo Neto,Boise St.,0.0,0.2,1.0,0.9333333333333333
3504,133906,Jaden Kempson,Albany,0.0,0.10869565217391304,0.07692307692307693,0.6190476190476191
3505,133907,Abdoulaye Fall,Albany,0.0,0.25,1.0,1.0
3506,133908,Rondae Hill,Southern,0.0,0.0,0.0,0.4
3507,133910,Kyle Jones,Buffalo,0.5,0.3,1.0,0.0
3508,133911,Toby Nwokolo,Toledo,0.0,1.0,0.0,0.0
3509,133912,Oscar Goodman,Michigan,0.75,0.625,0.5,0.0
3510,133913,Albert Vargas,Robert Morris,0.0,0.38461538461538464,0.3076923076923077,0.90625
3511,133914,Simon Majok,Memphis,1.0,0.5,0.3333333333333333,1.0
3512,133915,Eugene Alvin,Morgan St.,1.0,0.6206896551724138,0.26666666666666666,1.0
3513,133916,Cam Polak,Youngstown St.,0.0,0.4,0.0,0.9705882352941176
3514,133917,Isaiah Williams,Portland St.,0.0,0.35714285714285715,0.6666666666666666,0.9
3515,133919,Sharod Barnes,Western Michigan,0.0,0.15384615384615385,0.0,0.0
3516,133920,Jameson Heck,The Citadel,0.0,0.0,0.0,0.0
3517,133921,Marcos Gonzales,The Citadel,0.0,0.2857142857142857,0.0,0.3333333333333333
3518,133922,Alex Kazanecki,Delaware,0.0,0.5714285714285714,0.3333333333333333,1.0
3519,133923,Noah Otshudi,Marshall,0.5,0.2716049382716049,0.09836065573770492,0.6190476190476191
3520,133924,Bryce Slay,Marshall,0.0,0.0,0.0,0.7777777777777778
3521,133925,Caleb Hollenbeck,Marshall,0.0,0.0,0.4,0.9574468085106383
3522,133926,Shamarrie Hugie,Marshall,0.5,0.46153846153846156,1.0,0.6666666666666666
3523,133927,Landen Joseph,Marshall,0.0,0.25,0.0,0.8108108108108109
3524,133928,Drew Fuquay,Marshall,1.0,0.7619047619047619,0.6666666666666666,1.0
3525,133929,Daveyon Lydner,Coppin St.,0.0,0.25,0.6666666666666666,1.0
3526,133930,Andrew Alekseyenko,Colgate,0.6666666666666666,0.4888888888888889,0.2727272727272727,0.8536585365853658
3527,133931,Matthew Zobrist,Bradley,0.0,0.5,0.0,1.0
3528,133932,Montana Wheeler,Bradley,0.0,0.2,0.2916666666666667,0.75
3529,133934,Edwin Suarez Jr.,Weber St.,0.25,0.41284403669724773,0.0,0.0
3530,133935,Grant Polk,South Carolina,0.0,0.4,0.6666666666666666,0.9615384615384616
3531,133937,Cole Middleton,Lipscomb,0.5,0.3235294117647059,0.3333333333333333,0.6
3532,133938,Cam Thomas,Tarleton St.,0.0,0.0,0.75,0.0
3533,133939,Damion Porter Jr.,Tarleton St.,0.0,0.25,1.0,1.0
3534,133940,Javante Edwards,Canisius,0.0,0.05555555555555555,0.16666666666666666,0.7307692307692307
3535,133942,Max Lipacis,La Salle,0.0,0.0,0.0,0.0
3536,133943,Arlan Masharaliyev,La Salle,0.0,0.0,0.0,0.0
3537,133944,Edwin Daniel,La Salle,1.0,0.6470588235294118,0.7142857142857143,0.0
3538,133945,Isaac Garrett,Oakland,0.76,0.5980392156862745,0.5151515151515151,1.0
3539,133946,Dame Sarr,Duke,0.6470588235294118,0.5135135135135135,1.0,0.9767441860465116
3540,133948,Kedrick Osby,New Orleans,0.25,0.3333333333333333,0.3333333333333333,0.9545454545454546
3541,133949,Walter Brown,UNLV,1.0,0.5909090909090909,0.16666666666666666,0.9411764705882353
3542,133950,CJ Ray,Chicago St.,1.0,0.4827586206896552,0.3333333333333333,0.975609756097561
3543,133951,Marcus Pigram,Western Illinois,0.0,0.4,0.0,1.0
3544,133952,Thiago Sucatzky,FIU,0.0,0.125,0.0,0.6666666666666666
3545,133953,Gabe Tanner,Florida Gulf Coast,0.0,0.4,0.0,1.0
3546,133954,Justin Edwards,North Carolina Central,0.0,0.0,0.0,1.0
3547,133955,William Ball,Louisiana Monroe,0.0,0.0,0.0,1.0
3548,133956,Tanner Hayhurst,Southern Utah,0.0,0.625,0.23809523809523808,0.9767441860465116
3549,133957,Alvin Loving,Yale,0.0,0.0,0.0,1.0
3550,133958,Daniel Ogunyemi,Yale,1.0,0.5,0.0,0.0
3551,133959,Jack Sullivan,Yale,0.0,0.5,0.0,1.0
3552,133960,Jacob Tsai,Yale,0.0,0.0,0.0,0.0
3553,133961,Courtney Wallace,Yale,0.0,0.3333333333333333,0.0,1.0
3554,133963,Christopher Skenderi,Quinnipiac,0.0,0.0,0.0,0.0
3555,133964,Samuel Nosakhare,Quinnipiac,0.0,0.8,1.0,0.0
3556,133965,Jaden Johnson,Maryland Eastern Shore,0.0,1.0,0.0,1.0
3557,133967,Justin Monden,Maryland Eastern Shore,0.0,0.3333333333333333,0.15384615384615385,0.8333333333333334
3558,133968,Josiah Lee,Le Moyne,0.0,0.0,0.0,1.0
3559,133969,Aliou Cisse,Merrimack,1.0,0.16666666666666666,0.0,1.0
3560,133971,Ethan Elliott,Northern Kentucky,0.0,0.4666666666666667,0.16666666666666666,0.9411764705882353
3561,133972,Adrian McIntyre,San Diego,0.0,0.29545454545454547,0.3333333333333333,0.8333333333333334
3562,133973,RJ Spencer,Minnesota,0.0,0.0,0.0,0.0
3563,133974,NaVuan Peterson,Gardner Webb,0.0,0.2222222222222222,0.25,1.0
3564,133978,Dominykas Butka,Campbell,0.0,0.25,0.0,1.0
3565,133979,Barrett Loer,Rhode Island,0.0,0.0,0.0,1.0
3566,133981,Jalen Harper,Rhode Island,0.0,0.25,0.0,1.0
3567,133983,Jaden Baker,Wagner,0.0,0.2903225806451613,0.0,0.8064516129032258
3568,133985,Terrion Burgess,Little Rock,0.6666666666666666,0.5,0.0,1.0
3569,133986,Truman Claytor IV,Little Rock,0.5,0.5,0.38095238095238093,0.7727272727272727
3570,133987,Tracy Steele Jr.,Little Rock,0.0,0.0,1.0,1.0
3571,133988,Anthony Enoh,Georgia St.,0.6,0.42857142857142855,0.3333333333333333,1.0
3572,133989,Ayouba Berthe,Georgia St.,0.0,0.3333333333333333,0.0,0.8571428571428571
3573,133990,Christopher Jones,Georgia St.,0.0,0.25,1.0,1.0
3574,133991,Joah Chappelle,Georgia St.,0.8571428571428571,0.5666666666666667,0.6818181818181818,1.0
3575,133994,Yakhya Diop,Mount St. Mary's,0.5,0.6428571428571429,0.6666666666666666,0.0
3576,133996,Sean Blakely Drummond,San Francisco,0.0,0.0,0.0,0.0
3577,133997,Alex Garcia,Tennessee St.,0.0,0.0,0.0,1.0
3578,133998,Karson Ouse,North Dakota,0.0,0.0,0.0,1.0
3579,133999,Gavin Gores,Wyoming,0.8571428571428571,0.8059701492537313,0.0,0.6666666666666666
3580,134000,Tyler King,SIU Edwardsville,0.5,0.3409090909090909,0.3125,0.775
3581,134001,Cory Lovell,Stonehill,0.0,1.0,0.0,0.0
3582,134002,Abijah Franklin,Furman,1.0,0.2727272727272727,0.0,0.75
3583,134005,"John Laboy, II",Miami FL,0.0,0.0,0.0,1.0
3584,134006,Noam Dovrat,Miami FL,0.0,0.75,0.0,0.8888888888888888
3585,134007,Salih Altuntas,Miami FL,0.6,0.6666666666666666,1.0,0.0
3586,134008,Amaree Brown,Southern Indiana,0.0,0.23684210526315788,0.125,0.8235294117647058
3587,134009,Shelton Henderson,Miami FL,0.6666666666666666,0.5147058823529411,0.2926829268292683,0.9230769230769231
3588,134011,"Will James, Jr.",Toledo,1.0,0.5384615384615384,0.25,0.6
3589,134012,Amir Jenkins,West Virginia,0.0,0.15384615384615385,0.125,0.75
3590,134013,DJ Thomas,West Virginia,0.8888888888888888,0.6333333333333333,0.8181818181818182,0.9523809523809523
3591,134014,Jayden Forsythe,West Virginia,0.0,0.0,0.0,1.0
3592,134015,Emmett Adair,Loyola MD,1.0,0.5945945945945946,0.34375,0.9302325581395349
3593,134018,Myles Mayfield,UNC Asheville,0.7647058823529411,0.627906976744186,0.6666666666666666,1.0
3594,134019,Zachary Johnson,UCF,0.0,0.0,0.0,0.0
3595,134020,Brian Hawthorne,South Alabama,0.0,0.5,0.0,1.0
3596,134021,Carlos Hart,Eastern Michigan,0.0,0.20833333333333334,0.0,0.8888888888888888
3597,134022,Kael Robinson,Northern Kentucky,1.0,0.5166666666666667,0.0,0.9682539682539683
3598,134023,Rayzhon Bergersen,Boise St.,0.0,0.0,0.0,0.0
3599,134024,Eltramon Smith Jr.,Stephen F. Austin,1.0,1.0,0.0,0.5
3600,134025,Caden Miller,High Point,1.0,0.9523809523809523,0.0,0.0
3601,134026,Gabe Jacobs,North Florida,0.0,0.0,0.0,1.0
3602,134028,BJ Plummer,North Florida,0.6666666666666666,0.5555555555555556,0.25,0.918918918918919
3603,134029,Trenton Walters,Niagara,0.0,0.5,0.125,0.5714285714285714
3604,134030,Brendan Oliver,Canisius,0.6666666666666666,0.35294117647058826,0.2857142857142857,1.0
3605,134031,Gasper Kocevar,Fresno St.,1.0,0.64,0.0,1.0
3606,134032,Wilson Jacques,Fresno St.,0.7,0.6984126984126984,0.425,1.0
3607,134033,Bastien Rieber,Fresno St.,0.0,0.4,0.0,0.875
3608,134034,DJ Stickman,Fresno St.,0.0,0.5,0.0,0.75
3609,134035,Aram Soqui Urbano,Fresno St.,0.0,1.0,0.0,1.0
3610,134036,Jake Hansen,Oklahoma,0.0,0.0,0.0,0.0
3611,134037,DeShawn Gory,Fresno St.,0.8,0.4788732394366197,0.15714285714285714,0.7
3612,134039,Lucas Lorenzen,Western Illinois,0.0,0.11363636363636363,0.08,0.6779661016949152
3613,134040,Lilian Marville,UNC Greensboro,0.0,0.08695652173913043,0.038461538461538464,0.6222222222222222
3614,134042,Kaden Powers,Rutgers,1.0,0.25,0.25,0.8214285714285714
3615,134043,Harun Zrno,Rutgers,0.0,0.3076923076923077,1.0,1.0
3616,134044,Derrick Green,Coastal Carolina,1.0,0.5,0.0,0.0
3617,134045,Tristan Thompson,Coastal Carolina,1.0,0.5666666666666667,0.45454545454545453,1.0
3618,134047,Stefanos Spartalis,Monmouth,0.6666666666666666,0.7258064516129032,0.6545454545454545,1.0
3619,134049,Grant Sanders,Nicholls St.,0.7727272727272727,0.6944444444444444,0.0,1.0
3620,134050,Zubayr Griffin,Monmouth,0.0,0.0,0.0,1.0
3621,134051,Zaiden Cross,Nicholls St.,0.0,0.25,0.0,1.0
3622,134053,EJ Spillman,UC Riverside,0.0,0.0,0.0,0.0
3623,134054,Ben Waller,UC Riverside,0.5714285714285714,0.391304347826087,1.0,0.8666666666666667
3624,134057,Zeplin Kidd,Southern Utah,0.0,0.0,0.0,0.0
3625,134059,Isaiah Placide,Massachusetts,0.0,0.6,1.0,0.7916666666666666
3626,134060,Gabe Oldham,Denver,1.0,0.5454545454545454,0.0,0.0
3627,134061,Didier Maleng,Denver,1.0,0.8333333333333334,1.0,0.0
3628,134062,Davante Hackett,Stonehill,0.75,0.31746031746031744,0.09523809523809523,0.819672131147541
3629,134063,Fredy-Salam Sylla,Arkansas St.,1.0,0.35714285714285715,0.0,1.0
3630,134068,Kaleb Spencer,William & Mary,0.0,0.0,0.0,0.0
3631,134069,Roman Siulepa,Pittsburgh,0.6111111111111112,0.375,0.2857142857142857,0.9655172413793104
3632,134070,Kieran Mullen,Pittsburgh,0.5,0.8,0.0,0.0
3633,134071,Shainen Carter,Georgia Southern,0.9,0.6216216216216216,1.0,1.0
3634,134074,Isaiah Sutherland,East Tennessee St.,0.0,0.7142857142857143,0.0,1.0
3635,134075,Henry Sisemore,East Tennessee St.,0.0,0.0,0.0,0.0
3636,134076,David Gomez,Charlotte,0.0,0.0,0.0,1.0
3637,134077,Jaylen Harrell,Providence,1.0,0.6,0.0,1.0
3638,134078,Jamier Jones,Providence,0.6296296296296297,0.5126050420168067,0.0,0.5833333333333334
3639,134079,Stefan Vaaks,Providence,0.375,0.3170731707317073,0.2857142857142857,0.6483516483516484
3640,134081,Jack Williams,Providence,0.0,0.0,0.0,1.0
3641,134083,Justin Hinds,Air Force,0.6666666666666666,0.5555555555555556,0.0,1.0
3642,134084,Ethan Greenberg,Air Force,0.0,0.4444444444444444,0.5,0.9423076923076923
3643,134086,Riley Dering,Air Force,0.7272727272727273,0.8148148148148148,0.5,1.0
3644,134087,Jordan Frison,Chattanooga,0.0,0.18333333333333332,0.17333333333333334,0.8333333333333334
3645,134088,Ade Popoola,Tulsa,0.5,0.5769230769230769,0.0,0.865979381443299
3646,134089,Jaylen Lawal,Tulsa,0.5,0.24242424242424243,0.0,0.631578947368421
3647,134091,CJ Hall,SIU Edwardsville,0.0,0.125,0.0,0.5454545454545454
3648,134092,Christian Dedivanaj,Bowling Green,0.0,1.0,0.0,0.0
3649,134093,Vito Perkovic,East Carolina,0.0,0.6666666666666666,1.0,1.0
3650,134094,Todd Bieg,Lindenwood,0.0,0.0,0.0,0.0
3651,134095,Benjamin Winker,Cal St. Fullerton,0.0,0.0,0.0,0.0
3652,134096,Zak Abdalla,Detroit Mercy,0.0,0.0,0.0,0.0
3653,134097,Mason Porter-Brown,LIU,0.625,0.4666666666666667,0.0,0.9736842105263158
3654,134098,Fabian Flores,DePaul,0.9523809523809523,0.8518518518518519,0.8,0.0
3655,134100,Alec Blair,Oklahoma,0.0,0.0,0.0,0.0
3656,134101,Tyler Smith,USC Upstate,0.0,0.25,0.058823529411764705,0.9230769230769231
3657,134105,Truman Byrne,Central Arkansas,1.0,0.4166666666666667,1.0,0.9615384615384616
3658,134106,Mason Bendinger,USC Upstate,0.0,0.550561797752809,0.1509433962264151,0.8181818181818182
3659,134108,Luke Azzinaro,Lafayette,0.0,0.0,0.0,0.0
3660,134109,Jojo McIver,Colorado St.,0.0,0.3076923076923077,0.4,0.8333333333333334
3661,134111,Davis Fogle,Gonzaga,0.7894736842105263,0.43859649122807015,0.25,0.7857142857142857
3662,134112,Vince Dawson III,Morehead St.,0.0,0.0,0.42857142857142855,1.0
3663,134113,Miles Franklin,Columbia,0.5625,0.37037037037037035,0.21052631578947367,0.8666666666666667
3664,134114,Anton Strelnikov,Dartmouth,0.0,0.47619047619047616,0.0,0.0
3665,134115,Dominykas Pleta,Iowa St.,0.8666666666666667,0.6551724137931034,0.0,0.0
3666,134116,Anthony Rise,Iowa St.,0.0,0.0,0.0,0.0
3667,134117,Xzavion Mitchell,Iowa St.,0.0,0.0,0.0,1.0
3668,134118,Killyan Toure,Iowa St.,0.3157894736842105,0.4189189189189189,0.2,0.9615384615384616
3669,134119,Jamarion Batemon,Iowa St.,0.6666666666666666,0.5238095238095238,0.25,0.8333333333333334
3670,134120,Nicolus Anderson,Loyola Chicago,1.0,0.7857142857142857,1.0,1.0
3671,134121,Jordan Ellerbee,Florida Gulf Coast,0.5,0.24,0.2962962962962963,0.7924528301886793
3672,134122,Michael Harper,Jacksonville,0.0,0.0,0.0,0.0
3673,134123,Charles Caporaso,Jacksonville,1.0,0.5555555555555556,0.6666666666666666,0.0
3674,134124,Hayden Wood,Jacksonville,0.0,0.13953488372093023,0.6,0.94
3675,134125,Luke Zuffelato,UC Santa Barbara,0.0,0.0,0.0,0.0
3676,134126,K'Jei Parker,Massachusetts,0.0,0.6,0.18604651162790697,0.8125
3677,134128,Royal Blue Smith,Arkansas St.,0.0,0.2857142857142857,0.0,0.9523809523809523
3678,134130,Christian Harmon,Arkansas St.,0.0,0.17857142857142858,0.38461538461538464,0.9259259259259259
3679,134132,Chris Terrell,New Mexico St.,0.0,0.07142857142857142,0.2,0.6470588235294118
3680,134133,Cenker Evran,Texas A&M Corpus Chris,1.0,0.625,0.5714285714285714,0.0
3681,134134,Tyler Wagner,Austin Peay,0.0,0.0,0.0,0.8
3682,134135,Ja'Corey Robinson,Austin Peay,0.375,0.3333333333333333,0.16666666666666666,1.0
3683,134137,Davion Hill,Ball St.,0.0,0.25773195876288657,0.1111111111111111,0.8611111111111112
3684,134138,Niko Bundalo,Mississippi,0.0,1.0,0.0,0.0
3685,134140,Ashton Magee,Southern,0.25,0.3333333333333333,1.0,0.0
3686,134141,Thomas Bassong,Florida St.,0.9090909090909091,0.43859649122807015,1.0,1.0
3687,134142,Fazl Oshodi,Southern,0.0,0.4,0.45454545454545453,0.9152542372881356
3688,134146,Armelo Boone,Western Kentucky,0.5384615384615384,0.2878787878787879,0.15789473684210525,0.9047619047619048
3689,134148,Muazibini Adamu,Delaware St.,0.0,0.4,0.5,0.0
3690,134150,Ademar Santos,Delaware St.,1.0,0.6666666666666666,0.5,0.9333333333333333
3691,134152,Paris Papadatos,Saint Francis,0.0,0.36363636363636365,0.3333333333333333,0.8
3692,134154,Jamison Guerra,Idaho St.,0.0,0.0,0.05,0.41935483870967744
3693,134158,Meleek Thomas,Arkansas,0.0,0.2753623188405797,0.3076923076923077,0.7317073170731707
3694,134159,Elmir Dzafic,Arkansas,0.0,0.0,0.0,0.0
3695,134160,Devyn Franklin,Grambling St.,0.875,0.5833333333333334,0.46153846153846156,1.0
3696,134162,Hobert Grayson IV,Mississippi,0.0,0.3333333333333333,0.0,0.0
3697,134163,Michael Wilson Jr.,Bellarmine,0.0,0.2777777777777778,0.75,0.8888888888888888
3698,134164,Lance Stone,Detroit Mercy,0.0,0.18181818181818182,0.0625,0.71875
3699,134165,Keegan Rowell,Louisiana Tech,0.0,0.0,0.0,0.5
3700,134166,Avery Thomas II,Louisiana Tech,0.7142857142857143,0.34782608695652173,0.46153846153846156,0.8888888888888888
3701,134167,Jaylen Fenner,Louisiana Tech,0.8333333333333334,0.5357142857142857,0.0,1.0
3702,134168,Jermaurhiyun Anderson,Louisiana Tech,0.0,0.5,0.0,0.0
3703,134170,"Mario Tatum, Jr.",VMI,0.0,0.12244897959183673,0.09090909090909091,0.6818181818181818
3704,134171,Matthew McCarthy,Florida Gulf Coast,0.0,0.0,0.0,1.0
3705,134172,Amari Evans,Tennessee,0.5,0.3333333333333333,0.4,1.0
3706,134173,Aiden Disu,Holy Cross,0.7857142857142857,0.40350877192982454,0.3333333333333333,1.0
3707,134174,Tim Finau,Holy Cross,0.0,1.0,0.0,0.0
3708,134175,Liam Koelsch,Northeastern,1.0,0.8181818181818182,1.0,0.0
3709,134176,Kendall Taylor,Charleston,0.0,1.0,0.0,0.0
3710,134178,Anthony Wrzeszcz,New Mexico St.,0.5,0.42857142857142855,0.0,0.92
3711,134179,Jacob Patrick,Utah,0.0,0.0,0.3333333333333333,0.95
3712,134180,Kendyl Sanders,Utah,0.5,0.37037037037037035,0.0,0.967741935483871
3713,134181,Eric Mejia,Fairfield,0.0,0.04,0.13333333333333333,0.8181818181818182
3714,134182,Halon Rawlins,Fairfield,0.5,0.25,0.3333333333333333,0.8666666666666667
3715,134183,Brandon Benjamin,Fairfield,0.8181818181818182,0.503030303030303,0.5217391304347826,1.0
3716,134184,Matt Enright,Austin Peay,0.0,1.0,0.2,0.9583333333333334
3717,134185,"Jason Thirdkill, Jr.",Jacksonville,0.7857142857142857,0.46153846153846156,0.75,0.875
3718,134186,Mohamad Diallo,Rider,1.0,0.375,0.0,0.0
3719,134187,DeMarco Johnson,Elon,1.0,0.3888888888888889,0.0,0.5
3720,134191,Bryson Tiller,Kansas,0.8666666666666667,0.6935483870967742,0.46153846153846156,1.0
3721,134192,Samis Calderon,Kansas,0.5,0.5,0.0,0.0
3722,134193,Darryn Peterson,Kansas,0.3333333333333333,0.15,0.18867924528301888,0.7619047619047619
3723,134194,Israel Hart,Southern Miss,0.0,0.23529411764705882,0.25,0.6
3724,134195,Charlie OSullivan,Brown,0.0,0.42857142857142855,0.5,0.9166666666666666
3725,134196,Brady Loughlin,Brown,0.0,0.5,1.0,1.0
3726,134197,Isaiah Langham,Brown,1.0,0.5263157894736842,0.08333333333333333,0.9166666666666666
3727,134199,Jah'Likai King,UMBC,0.0,0.37037037037037035,0.16279069767441862,0.7674418604651163
3728,134200,King-Njhsanni Wilhite,Lamar,0.0,0.08,0.25,0.8888888888888888
3729,134201,Spencer Ezewiro,Lamar,1.0,1.0,1.0,0.0
3730,134203,Eian Lowe,Lamar,0.0,0.21052631578947367,0.0,0.8666666666666667
3731,134204,Denham Wojcik,Michigan St.,0.0,0.25,0.0,0.0
3732,134205,Danny Murray,Siena,0.0,0.0,0.0,0.0
3733,134207,Tibor Mirtic,Penn St.,0.0,0.6956521739130435,0.0,1.0
3734,134208,Amarco Doyle,New Mexico St.,0.0,0.0,0.0,1.0
3735,134209,Patton Pinkins,Mississippi,0.0,0.42857142857142855,0.3953488372093023,0.9302325581395349
3736,134210,Augustine Ekwe,New Mexico St.,0.75,0.6666666666666666,0.6363636363636364,0.0
3737,134213,Vince Buzelis,South Dakota,0.6666666666666666,0.42857142857142855,0.0,0.6
3738,134214,Sam Hughes,Boston University,1.0,0.5,0.42105263157894735,0.9705882352941176
3739,134215,Andrew Bhesania,Boston University,0.0,0.0,0.0,0.0
3740,134216,Chance Gladden,Boston University,0.42857142857142855,0.24705882352941178,0.1282051282051282,0.75
3741,134217,Karyiek Dixon,Western Illinois,0.0,0.3235294117647059,0.11764705882352941,1.0
3742,134219,Drew Larson,Niagara,1.0,0.5,0.0,1.0
3743,134220,Brian Griffith,Niagara,0.0,0.15,0.16666666666666666,0.8181818181818182
3744,134221,Gael Dalmau Torresola,Niagara,0.0,1.0,0.0,0.75
3745,134222,Toby Harris,Iona,0.8571428571428571,0.6363636363636364,0.5,0.8777777777777778
3746,134223,Oscar Hourruitiner,Iona,0.0,0.0,0.0,0.0
3747,134225,KJ Cochran,Santa Clara,1.0,0.6428571428571429,0.5,0.9130434782608695
3748,134226,Francis Chukwudebelu,Santa Clara,1.0,0.625,0.0,1.0
3749,134227,Thierry Darlan,Santa Clara,1.0,0.6521739130434783,0.5,0.8648648648648649
3750,134229,Noah Treadwell,South Carolina St.,0.0,0.45454545454545453,0.16666666666666666,0.8405797101449275
3751,134230,Teon Tindal,South Carolina St.,0.0,0.4375,0.6666666666666666,0.0
3752,134231,Franck Yetna,Texas A&M Corpus Chris,0.5555555555555556,0.6,0.2,0.8888888888888888
3753,134232,Derwin Hodge,South Carolina St.,1.0,0.5384615384615384,0.6428571428571429,0.0
3754,134233,Josh Hayes,Utah,0.875,0.7272727272727273,0.5,0.0
3755,134234,Jacob Taylor,Charleston Southern,0.0,0.35714285714285715,0.0,0.9411764705882353
3756,134235,Mason Gibson,Texas A&M Corpus Chris,1.0,0.3684210526315789,0.36363636363636365,0.8947368421052632
3757,134236,Antonio Munoz,Grambling St.,0.65625,0.47058823529411764,0.28,1.0
3758,134237,Christian Williams,Cal St. Fullerton,0.0,0.14814814814814814,0.5,0.8709677419354839
3759,134238,Patrick D'Arcy,East Carolina,0.0,1.0,0.0,1.0
3760,134240,Kevo St.Hilaire,Cleveland St.,0.0,0.8571428571428571,0.0,0.0
3761,134241,Ivan Spirov,Cleveland St.,1.0,0.5,0.0,0.6666666666666666
3762,134242,David Giddens,Cleveland St.,0.0,0.5714285714285714,0.0,0.9090909090909091
3763,134243,Christian Jeffrey,Villanova,0.0,0.18181818181818182,0.14285714285714285,1.0
3764,134247,Tyler Jackson,Eastern Kentucky,0.0,0.23529411764705882,0.25,0.9473684210526315
3765,134248,Will Garlock,Wisconsin,1.0,0.45454545454545453,0.0,0.0
3766,134249,Dailin Smith,Cal St. Bakersfield,0.0,0.3953488372093023,0.3076923076923077,0.9545454545454546
3767,134251,Stratos Papastavrou,Seattle,0.0,0.0,0.0,0.0
3768,134252,Darius Adams,Maryland,1.0,0.19230769230769232,0.15384615384615385,0.696969696969697
3769,134254,Aidan Haskins,Hampton,0.0,0.0,0.0,1.0
3770,134255,Tristan Beckford,South Florida,0.75,0.6666666666666666,0.0,1.0
3771,134256,Vere Anthony,New Haven,0.0,0.25,1.0,0.0
3772,134257,Quintin Cooper,Hampton,0.0,0.11764705882352941,0.125,0.75
3773,134259,Tae Simmons,San Diego St.,0.7857142857142857,0.6666666666666666,0.45454545454545453,1.0
3774,134260,Ladji Kante,Northern Illinois,0.0,0.16666666666666666,0.0,1.0
3775,134261,Josh Dixon,Milwaukee,0.0,0.1724137931034483,0.16279069767441862,0.6785714285714286
3776,134262,Tate MacKenzie,Milwaukee,0.0,0.5,0.0,0.0
3777,134263,Stevie Elam,Milwaukee,1.0,0.23076923076923078,0.0,0.9803921568627451
3778,134264,Isaiah Dorceus,Milwaukee,0.0,0.13333333333333333,0.2,0.7391304347826086
3779,134265,Andre Washington,Eastern Illinois,0.0,0.19047619047619047,0.0,0.9230769230769231
3780,134266,Dylan Lakatos,Kent St.,0.0,0.0,0.0,1.0
3781,134267,Eli Sparkman,South Carolina,0.0,0.0,0.0,1.0
3782,134268,Dom Aekins,Duquesne,0.0,0.0,0.3333333333333333,1.0
3783,134270,Jomo Goings,LIU,0.3333333333333333,0.49019607843137253,0.16,0.8918918918918919
3784,134271,Jaylen Jordon,Jacksonville,0.75,0.68,0.3333333333333333,0.0
3785,134272,Ognjen Stankovic,Akron,0.0,0.25,1.0,1.0
3786,134274,Melih Tunca,Penn St.,1.0,0.4423076923076923,0.2727272727272727,0.8
3787,134275,Owen Schlager,Siena,0.0,0.0,0.0,1.0
3788,134276,Christian Jones,Siena,0.0,0.0,0.08333333333333333,0.90625
3789,134277,Mason Blackwood,Penn St.,1.0,0.6,0.0,0.8333333333333334
3790,134279,Easton Foster,Ball St.,0.0,1.0,0.0,0.0
3791,134280,Kayden Mingo,Penn St.,1.0,0.20212765957446807,0.1724137931034483,0.6666666666666666
3792,134281,Ivan Juric,Penn St.,0.9230769230769231,0.6292134831460674,0.4,1.0
3793,134282,Aleksa Ristic,Indiana,0.0,0.0,0.0,1.0
3794,134283,Jesse Mcintosh,South Dakota,0.0,0.15384615384615385,0.5,1.0
3795,134285,Mussa Mzein,Mississippi Valley St.,1.0,0.5357142857142857,0.5625,1.0
3796,134287,Deke Thompson,Texas St.,0.0,0.0,0.0,0.0
3797,134288,Vladimir Khryapa,Tennessee Martin,0.7142857142857143,0.7857142857142857,0.0,1.0
3798,134289,Matas Deniusas,Tennessee Martin,0.6666666666666666,0.49056603773584906,0.3103448275862069,0.9767441860465116
3799,134290,Damien King,Tennessee Martin,0.5714285714285714,0.2692307692307692,0.0,0.8888888888888888
3800,134292,Ryan Richardson,Binghamton,0.0,0.4444444444444444,0.0,1.0
3801,134293,Olavi Suutela,Oregon St.,1.0,0.75,0.625,1.0
3802,134294,Matija Samar,Oregon St.,0.0,0.3333333333333333,0.2857142857142857,0.8076923076923077
3803,134296,Simon Walker,Auburn,0.0,1.0,0.5,1.0
3804,134297,Emeka Opurum,Auburn,1.0,0.9,0.0,0.0
3805,134298,Elyjah Freeman,Auburn,0.6785714285714286,0.3380281690140845,0.0,0.8857142857142857
3806,134299,John St. Germain III,Holy Cross,0.0,0.25,0.125,1.0
3807,134300,Trevon Payton,Arkansas Pine Bluff,0.0,0.4,0.2,0.896551724137931
3808,134301,Chandler Jackson,Milwaukee,1.0,0.3783783783783784,0.35,0.9565217391304348
3809,134302,Curtis Stinson Jr.,North Texas,0.0,0.2222222222222222,0.0,0.0
3810,134307,Jayden Leverett,Vanderbilt,0.5,0.14285714285714285,0.5,1.0
3811,134309,Ahmadou Ndiaye,Gardner Webb,0.0,0.0,0.0,1.0
3812,134310,Dylan Diaz,Louisiana Monroe,0.0,0.8571428571428571,0.6666666666666666,0.8709677419354839
3813,134311,Jose Roberto Tanchyn,UMBC,1.0,0.3333333333333333,0.047619047619047616,0.9166666666666666
3814,134312,Travis Torain,Austin Peay,0.6,0.46153846153846156,0.5,0.0
3815,134313,Jackson Furman,Army,0.0,0.18518518518518517,0.2,0.8269230769230769
3816,134315,Dylan Benner,Army,0.0,0.3333333333333333,0.0,1.0
3817,134317,Mario Saint-Supery,Gonzaga,1.0,0.2,0.0625,0.8958333333333334
3818,134318,Max Ndlovu-Fraser,LIU,0.0,0.0,0.0,1.0
3819,134319,Mekhi Reid,Norfolk St.,0.0,0.0,0.0,0.0
3820,134320,TJ James Jr.,Cal St. Bakersfield,0.0,0.0,0.0,0.0
3821,134321,JJ Mandaquit,Washington,0.0,0.08333333333333333,0.05555555555555555,0.8181818181818182
3822,134322,Binael Basil,Wagner,0.75,0.39436619718309857,0.35,1.0
3823,134323,King Grace,Mississippi St.,0.7142857142857143,0.4166666666666667,1.0,0.8666666666666667
3824,134324,Jacobe Whitted,Tennessee Tech,0.0,0.5454545454545454,0.0,0.9
3825,134325,Michael Cooper,Wagner,0.3333333333333333,0.2777777777777778,0.42857142857142855,0.8571428571428571
3826,134327,Hagan Preston,Tennessee Tech,0.0,0.0,0.0,0.0
3827,134328,Huascar Cuevas,Wagner,0.0,0.0,1.0,0.6666666666666666
3828,134330,Bryan Akanmu,Wagner,0.0,0.38095238095238093,0.5714285714285714,0.0
3829,134331,Lucas Burton,Cleveland St.,0.5,0.375,0.0,0.0
3830,134332,Carlos Coronado Jr.,Northern Illinois,0.0,0.1111111111111111,0.0,0.8
3831,134333,Nicholas Randall,Missouri,0.6666666666666666,0.6,0.0,0.0
3832,134334,Francis Okwuosah,Western Illinois,0.0,0.625,0.4,0.926829268292683
3833,134335,Makai Kvamme,Western Illinois,1.0,0.2,0.0,0.8
3834,134336,Jake Edwards,Western Illinois,0.0,0.0,0.0,0.0
3835,134337,Reggie Hill,Coastal Carolina,1.0,0.391304347826087,0.0,1.0
3836,134338,Uriyah Rojas,Wyoming,0.0,0.23529411764705882,0.09523809523809523,0.8333333333333334
3837,134340,Kiwane Garris Jr,Cal St. Fullerton,0.0,0.391304347826087,0.2857142857142857,0.9090909090909091
3838,134341,Bryce Cofield,Cal St. Fullerton,0.7,0.2558139534883721,0.3,1.0
3839,134342,Brady Swartz,Western Michigan,0.6666666666666666,0.5185185185185185,0.5,0.9310344827586207
3840,134343,Carson Vis,Western Michigan,1.0,0.22857142857142856,0.4,0.9285714285714286
3841,134344,Uroš Paunović,Connecticut,0.0,0.0,1.0,0.0
3842,134346,Davion Hannah,Alabama,1.0,0.7142857142857143,1.0,1.0
3843,134347,Josiah Parker,Florida Atlantic,0.9166666666666666,0.4942528735632184,0.24,1.0
3844,134348,Amari Allen,Alabama,0.7,0.25,0.16666666666666666,0.9361702127659575
3845,134349,Yohann Sissoko,Florida Atlantic,0.0,0.14285714285714285,1.0,0.8888888888888888
3846,134350,London Jemison,Alabama,0.75,0.6666666666666666,1.0,1.0
3847,134352,Daniel Guetta,Oklahoma St.,0.0,0.125,0.0,1.0
3848,134353,Mekhi Ragland,Oklahoma St.,0.0,0.5,1.0,0.0
3849,134354,Lefteris Mantzoukas,Oklahoma St.,1.0,0.18181818181818182,0.0,1.0
3850,134355,Benjamin Ahmed,Oklahoma St.,1.0,0.5714285714285714,0.0,0.0
3851,134356,Jerry Ashley Jr.,Navy,0.0,0.0,0.0,0.0
3852,134357,Reese Miller,William & Mary,0.0,0.47058823529411764,0.25925925925925924,0.975609756097561
3853,134358,Jayden Smoot,UT Arlington,0.0,0.25,1.0,1.0
3854,134360,Kaden Fuhrmann,Mercyhurst,0.0,0.75,0.5714285714285714,0.9583333333333334
3855,134361,Brady Conner,Mercyhurst,0.0,0.0,0.0,0.0
3856,134362,Or Faran Frenkel,Mercyhurst,0.0,0.0,0.0,1.0
3857,134363,Christopher Leman,Mercyhurst,0.0,0.0,0.0,0.0
3858,134364,Maison Adeleye,New Haven,1.0,0.2727272727272727,0.09090909090909091,0.8
3859,134365,Antonio Chol,New Mexico,0.6,0.4166666666666667,0.16666666666666666,0.9122807017543859
3860,134366,Garrett Anderson,North Dakota,0.75,0.41304347826086957,0.3076923076923077,0.9361702127659575
3861,134367,Bryson Monroe,Houston Christian,0.0,1.0,0.0,0.0
3862,134368,Logan Kinsey,Denver,0.75,0.49333333333333335,0.18181818181818182,0.9230769230769231
3863,134371,Logan McIntire,Central Michigan,0.0,0.5833333333333334,0.2857142857142857,0.8552631578947368
3864,134372,Salim London,UAB,0.0,0.2727272727272727,0.2222222222222222,0.9375
3865,134373,Joey Niesman,Fairleigh Dickinson,0.0,0.14285714285714285,0.06666666666666667,0.6792452830188679
3866,134374,Cameron Ward,Michigan St.,0.8518518518518519,0.7205882352941176,0.2,0.0
3867,134375,Jordan Scott,Michigan St.,1.0,0.38461538461538464,0.5882352941176471,0.972972972972973
3868,134376,Rob Diaz,Long Beach St.,0.0,0.25,0.3333333333333333,0.7727272727272727
3869,134378,Caleb Steger,Boston College,1.0,0.42857142857142855,1.0,0.9565217391304348
3870,134379,Marko Radunovic,Boston College,0.0,0.0,0.0,1.0
3871,134380,Kose Egbule,James Madison,0.0,0.0,0.0,0.6363636363636364
3872,134382,Demarris Winters,UT Rio Grande Valley,0.0,0.0,0.3333333333333333,1.0
3873,134384,Ace Flagg,Maine,0.0,0.3783783783783784,0.5384615384615384,0.9523809523809523
3874,134385,Tae Dozier,Northern Kentucky,0.6086956521739131,0.46296296296296297,0.25,0.9428571428571428
3875,134387,Jacari Brim,Appalachian St.,0.0,0.0,0.0,1.0
3876,134388,Mazi Mosley,LSU,0.0,0.0,0.0,0.7
3877,134389,Jaiden Haynes,Youngstown St.,0.0,0.15384615384615385,0.4,1.0
3878,134390,Jordan Fisher,Ohio,0.0,0.0,0.0,0.0
3879,134391,JJ Kelly,Ohio,0.9285714285714286,0.711864406779661,0.25,1.0
3880,134392,Evan Sterck,Jacksonville,0.0,0.15384615384615385,0.125,0.6071428571428571
3881,134393,Adria Rodriguez,Washington St.,0.0,0.125,0.2857142857142857,0.0
3882,134394,Ace Glass lll,Washington St.,0.0,0.1694915254237288,0.1276595744680851,0.4411764705882353
3883,134395,Dio Blakely,Washington St.,0.0,0.0,0.0,0.0
3884,134397,Miles Amos,Seattle,0.0,0.2,0.0,1.0
3885,134400,Noah Hill,Wichita St.,0.6666666666666666,0.4166666666666667,0.0,0.0
3886,134401,Dre Kindell,Wichita St.,0.0,0.08108108108108109,0.0,0.5454545454545454
3887,134402,Jax Abalos,Cornell,0.0,1.0,0.0,1.0
3888,134403,Ryan Burbach,Cornell,0.0,1.0,0.0,1.0
3889,134404,Hudson Greer,Creighton,1.0,0.8125,0.0,0.9473684210526315
3890,134405,Kerem Konan,Creighton,1.0,0.7,0.0,0.0
3891,134407,Cam McDowell,Tarleton St.,0.6,0.3269230769230769,0.16666666666666666,0.6875
3892,134408,Joseph Green,Bryant,0.0,0.0,0.0,0.0
3893,134409,Ethane Bourgade,Bryant,1.0,0.6666666666666666,0.0,1.0
3894,134410,Mason Matthews,Memphis,0.0,0.0,0.0,1.0
3895,134411,Pierce Spencer,UTSA,0.0,0.5,0.0,0.0
3896,134413,Jacobe Coleman,Sam Houston St.,0.6666666666666666,0.47368421052631576,0.08333333333333333,0.9024390243902439
3897,134416,Jacob Furphy,Connecticut,0.0,0.0,0.0,0.0
3898,134418,Amare Anderson,Presbyterian,0.5,0.4,1.0,1.0
3899,134419,Jarne Elouna Eyenga,Charlotte,0.5,0.6842105263157895,0.4,1.0
3900,134421,Cam Wilds,Robert Morris,0.0,0.2857142857142857,0.0,1.0
3901,134422,"Donald Whitehead, Jr.",UNC Greensboro,0.0,0.16666666666666666,0.1,0.7021276595744681
3902,134423,Emmanuel Clarton,Troy,0.0,0.0,0.0,0.0
3903,134424,Achille Lonati,St. Bonaventure,0.5,0.5555555555555556,0.0,1.0
3904,134425,Andrew Osasuyi,St. Bonaventure,0.6363636363636364,0.6511627906976745,0.375,0.0
3905,134426,Jalen Carruth,Alabama A&M,0.0,0.0,0.0,1.0
3906,134428,Gabe Kincy,Alabama A&M,0.0,0.5,0.0,1.0
3907,134429,Tajden Davis,Alabama A&M,0.0,0.25,0.0,1.0
3908,134430,Sebastian Williams-Adams,Auburn,0.7894736842105263,0.4246575342465753,0.5555555555555556,1.0
3909,134431,Luke Haertle,South Dakota St.,0.0,0.25,0.0,0.7777777777777778
3910,134434,Asa White,Eastern Kentucky,0.0,0.5,0.5,0.0
3911,134435,Jaxson Whitaker,Central Michigan,0.0,0.8,0.0,0.9210526315789473
3912,134436,Zyair Greene,Indiana St.,0.0,1.0,0.0,0.0
3913,134437,EJ Walker,South Carolina,1.0,0.8,0.5,1.0
3914,134438,Jalen Griffith,Western Michigan,0.0,0.13333333333333333,0.225,0.6976744186046512
3915,134439,DJ Dudley,Louisiana Tech,0.6,0.2807017543859649,0.12244897959183673,0.7857142857142857
3916,134440,Robert Moore,Tulane,0.0,0.0,0.0,1.0
3917,134441,Dario Domingos,Utah Tech,0.0,0.44,0.07142857142857142,1.0
3918,134442,Sherman Weatherspoon IV,Utah Valley,0.0,0.75,1.0,0.9090909090909091
3919,134445,Talan Taylor,Wyoming,0.0,0.0,0.0,1.0
3920,134446,Caleb Sanders,South Florida,0.0,0.25,0.0,1.0
3921,134447,Brendan Rigsbee,Wofford,0.0,0.23076923076923078,0.0,0.8571428571428571
3922,134448,Sin'Cere Jones,Virginia Tech,1.0,1.0,0.0,0.0
3923,134449,Joshua Lewis,Louisiana,0.75,0.23076923076923078,0.2857142857142857,0.9
3924,134450,Milan Mejia,Louisiana,0.0,0.25,0.0,0.967741935483871
3925,134451,Nate Garcia,Cal Baptist,0.0,0.625,0.0,0.0
3926,134452,Jalen Ricks,UT Rio Grande Valley,0.0,0.5,0.6666666666666666,0.9090909090909091
3927,134454,Jordan Muller,Cal Baptist,0.0,0.0,0.2,0.90625
3928,134455,Rene D'Amelio,Cal Baptist,0.6666666666666666,0.5333333333333333,0.0,1.0
3929,134458,Alon Michaeli,Colorado,0.8,0.49019607843137253,0.16666666666666666,1.0
3930,134459,Ian Inman,Colorado,0.0,0.0,0.5714285714285714,0.9090909090909091
3931,134460,Isaiah Johnson,Colorado,0.0,0.23333333333333334,0.25,0.875
3932,134461,Kameron Tinsley,IU Indy,0.0,0.6,0.75,0.9534883720930233
3933,134462,Spencer Ahrens,Boise St.,0.6666666666666666,0.391304347826087,0.2222222222222222,0.8888888888888888
3934,134463,Michael DeOrsey,Bryant,0.0,0.0,0.0,0.0
3935,134464,Aleksej Kostić,BYU,0.0,0.6666666666666666,0.0,0.9090909090909091
3936,134465,AJ Dybantsa,BYU,0.32558139534883723,0.20300751879699247,0.11904761904761904,0.6938775510204082
3937,134467,Ahmad Johnson,Arkansas Pine Bluff,0.0,0.375,0.25,1.0
3938,134468,Jackson Rasmussen,Idaho,1.0,0.19,0.2608695652173913,0.96875
3939,134469,Efe Demirel,Grand Canyon,0.9166666666666666,0.6881720430107527,0.5555555555555556,0.0
3940,134470,Andrej Kostic,Kansas St.,0.0,0.5555555555555556,0.0,0.8666666666666667
3941,134471,Dorin Buca,Kansas St.,0.8666666666666667,0.6333333333333333,0.5,1.0
3942,134472,Elias Rapieque,Kansas St.,0.0,0.3684210526315789,0.0,0.9
3943,134473,Stephen Osei,Kansas St.,1.0,1.0,0.0,0.0
3944,134474,Nico Ashley,Central Connecticut,1.0,0.6666666666666666,0.5714285714285714,1.0
3945,134475,Baasil Saunders,Coppin St.,0.7,0.45454545454545453,0.2222222222222222,1.0
3946,134476,Ethan Copeland,Stetson,0.0,0.5142857142857142,0.36363636363636365,0.8541666666666666
3947,134477,Miles Daniels,Cal Baptist,0.0,0.0,0.0,0.8571428571428571
3948,134478,Ilias Kamardine,Mississippi,0.5714285714285714,0.36363636363636365,0.140625,0.6341463414634146
3949,134479,Colt Ness,Portland St.,0.0,0.0,0.0,0.0
3950,134480,Samuel Stewart IV,Portland St.,0.0,0.0,0.0,0.0
3951,134481,Brayden Barron,Portland St.,0.5,0.5,1.0,0.0
3952,134483,Milhan Charles,Arkansas Pine Bluff,0.7333333333333333,0.5934065934065934,0.25,1.0
3953,134484,Handje Tamba,St. John's,0.0,0.0,0.5,0.0
3954,134486,Erik Oliver-Bush,Manhattan,0.9166666666666666,0.6,0.5,1.0
3955,134487,Piotr Winkowski,San Diego,1.0,0.6666666666666666,1.0,0.0
3956,134488,Chance Mallory,Virginia,0.0,0.19148936170212766,0.16666666666666666,0.8461538461538461
3957,134489,Isaac Carr,Wake Forest,0.0,0.18181818181818182,0.2,1.0
3958,134491,Owen Odom,Virginia,0.0,1.0,0.0,0.0
3959,134492,Lino Mark,Rutgers,0.5,0.42857142857142855,0.25,1.0
3960,134494,Gevonte Ware,Rutgers,0.0,1.0,0.0,0.0
3961,134495,IJ Ezuma,Southern Miss,0.0,0.6666666666666666,0.0,0.0
3962,134496,Vinny Sigona,East Texas A&M,0.0,0.2,0.0,0.7924528301886793
3963,134497,Brandon Lee,Illinois,0.0,0.6,0.3333333333333333,0.0
3964,134498,Ja'Quavian Florence,Tennessee Tech,0.0,0.2,0.11764705882352941,0.7692307692307693
3965,134499,Chris Eagan,American,0.0,0.631578947368421,0.17391304347826086,0.0
3966,134500,Madden Collins,American,0.3333333333333333,0.24509803921568626,0.13793103448275862,0.75
3967,134501,Caleb Gaston,Houston Christian,0.0,0.75,0.0,0.0
3968,134502,Tanner Davis,Utah Tech,0.6875,0.44285714285714284,0.25,1.0
3969,134503,Efeosa Oliogu-Elabor,Butler,0.5,0.3333333333333333,1.0,1.0
3970,134504,Jackson Keith,Butler,1.0,0.8571428571428571,0.0,1.0
3971,134505,Azavier Robinson,Butler,1.0,0.15384615384615385,0.375,0.9230769230769231
3972,134506,Jack McCaffery,Butler,1.0,0.4,0.0,1.0
3973,134509,Nick Jones,Wagner,0.2777777777777778,0.2972972972972973,0.15789473684210525,0.7241379310344828
3974,134510,Luke Almodovar,Southeast Missouri St.,0.55,0.34328358208955223,0.13333333333333333,0.8571428571428571
3975,134511,Trace Sadler,Southeast Missouri St.,0.0,0.0,0.0,0.0
3976,134512,PJ Farmer,Southeast Missouri St.,0.0,0.5833333333333334,0.25,1.0
3977,134513,Payton Kamin,Penn,0.0,0.0,0.0,0.0
3978,134514,Jay Jones,Penn,0.0,0.0625,0.0,0.6666666666666666
3979,134515,Lucas-Allan Lueth,Penn,0.7,0.5185185185185185,1.0,1.0
3980,134518,Dalton Scantlebury,Penn,1.0,0.5957446808510638,0.8,0.0
3981,134519,LJ Hackman,Western Kentucky,0.3333333333333333,0.16279069767441862,0.25,0.75
3982,134520,Hampton Sanders,Columbia,0.0,0.14285714285714285,0.5,0.875
3983,134521,Jalen Tot,Appalachian St.,0.0,0.25,0.0,0.7468354430379747
3984,134522,Mateo Esmeraldo,Lipscomb,0.0,0.25396825396825395,0.08333333333333333,0.84
3985,134523,Dillon Watt,Army,0.0,0.0,0.0,0.0
3986,134524,Jahaan Green,Army,0.0,0.0,0.0,0.0
3987,134525,Shemani Fuller,Rider,0.8421052631578947,0.6,0.5882352941176471,0.0
3988,134526,Gus Etchison,Idaho St.,0.25,0.019230769230769232,0.1,0.06060606060606061
3989,134527,Jess Esso Essis,Cal Poly,1.0,1.0,0.3333333333333333,0.75
3990,134528,Jason Scott,Cal Poly,0.0,0.0,0.0,1.0
3991,134529,Ali Assran,Cal Poly,1.0,0.5862068965517241,0.0,0.8
3992,134530,Jake Davis,Cal Poly,0.0,0.13793103448275862,0.0,0.7692307692307693
3993,134532,Biko Johnson,Idaho,0.0,0.22448979591836735,0.04,0.8214285714285714
3994,134536,Kristers Skrinda,Stanford,0.0,0.0,0.0,1.0
3995,134537,Ebuka Okorie,Stanford,0.625,0.13333333333333333,0.1111111111111111,0.4126984126984127
3996,134538,Joseph Owens,Chicago St.,0.6666666666666666,0.5,0.5,0.0
3997,134539,Oskar Giltay,Stanford,0.6,0.4444444444444444,0.3333333333333333,0.0
3998,134540,Jae Slack,North Carolina Central,0.0,0.4642857142857143,0.7333333333333333,0.8571428571428571
3999,134541,Caleb Delzell,South Dakota St.,0.0,0.5,1.0,1.0
4000,134543,Tyler Mason,Alabama St.,1.0,0.6296296296296297,0.8181818181818182,0.8333333333333334
4001,134546,Jerome Williams,Longwood,0.0,0.0,0.0,0.0
4002,134549,Roman Domon,Murray St.,0.7272727272727273,0.40350877192982454,0.06666666666666667,0.8333333333333334
4003,134552,Dylan Brumfield,Southern Miss,0.0,0.31666666666666665,0.0967741935483871,0.5
4004,134553,Matt Compas,IU Indy,0.7142857142857143,0.33962264150943394,0.25,0.8571428571428571
4005,134554,Maguire Mitchell,IU Indy,0.6666666666666666,0.4358974358974359,0.5,0.9615384615384616
4006,134555,Delkedric Holmes,Mississippi Valley St.,0.0,0.5,0.2,0.6666666666666666
4007,134556,Lamont Sams,Mississippi Valley St.,0.75,0.6206896551724138,0.5,0.7142857142857143
4008,134557,Chance Sutton,Mississippi Valley St.,1.0,0.7142857142857143,0.5,0.0
4009,134558,Reece Hagy,IU Indy,0.0,0.6923076923076923,0.0,1.0
4010,134559,James Dyson-Merwe,Evansville,0.0,0.3888888888888889,0.5,0.0
4011,134560,Keaton Wagler,Illinois,0.0,0.14285714285714285,0.06451612903225806,0.4827586206896552
4012,134561,Anthony Johnson,Arizona St.,0.4375,0.42574257425742573,0.1,0.8461538461538461
4013,134562,Mihailo Petrovic,Illinois,0.0,0.25,0.0,0.5
4014,134564,Andrija Grbovic,Arizona St.,1.0,0.5384615384615384,0.5714285714285714,0.9069767441860465
4015,134565,Massamba Diop,Arizona St.,0.8301886792452831,0.6880733944954128,0.6730769230769231,1.0
4016,134566,Phoenix Gill,Northwestern,0.0,0.0,0.0,0.0
4017,134567,Tre Singleton,Northwestern,1.0,0.6,0.5789473684210527,1.0
4018,134568,Jake West,Northwestern,0.3333333333333333,0.4074074074074074,0.5714285714285714,0.7857142857142857
4019,134570,Adam Olsen,South Alabama,1.0,0.32,0.42857142857142855,0.9207920792079208
4020,134571,Peyton Law,South Alabama,0.7272727272727273,0.4782608695652174,0.75,0.0
4021,134573,Thijs De Ridder,Virginia,0.5,0.3482142857142857,0.48936170212765956,0.9
4022,134574,Dillan Shaw,Saint Mary's,0.5,0.48,0.5,0.9607843137254902
4023,134575,Eli Beard,Drexel,0.0,0.2631578947368421,0.1,0.9523809523809523
4024,134577,Martin de Laporterie,Drexel,0.7142857142857143,0.625,0.8571428571428571,1.0
4025,134578,Grayson Collins,Wofford,0.0,0.0,0.0,0.0
4026,134580,Arterio Morris,Bethune Cookman,0.375,0.20454545454545456,0.0,0.6111111111111112
4027,134582,Chace Watley,Wofford,0.0,0.2777777777777778,0.07692307692307693,0.8214285714285714
4028,134583,Omer Mayer,Purdue,0.0,0.36363636363636365,0.16666666666666666,0.7948717948717948
4029,134584,Jayden Tyler,Wofford,1.0,0.4166666666666667,1.0,0.631578947368421
4030,134585,Jack Anderson,American,0.0,0.0,0.0,0.0
4031,134586,Jeremy Ellis,Alcorn St.,0.8333333333333334,0.7142857142857143,0.5,0.0
4032,134587,Momo Nkugwa,Vermont,0.6,0.375,0.0,1.0
4033,134588,Lucas Mari,Vermont,0.2,0.13636363636363635,0.0,0.9375
4034,134591,Clayton Parker,Morehead St.,0.0,0.8,0.42857142857142855,1.0
4035,134592,Isaiah Kerr,Hawaii,1.0,0.25,0.0,0.875
4036,134593,Mathieu Grujicic,Ohio St.,0.0,0.0,0.0,1.0
4037,134594,David Bolden,NJIT,0.0,0.043478260869565216,0.1,0.6764705882352942
4038,134596,Anthony Holden,Stonehill,0.0,0.6666666666666666,1.0,0.8888888888888888
4039,134597,Or Ashkenazi,Lipscomb,0.0,0.5714285714285714,0.5,1.0
4040,134600,Christian Gurdak,Virginia Tech,1.0,0.5714285714285714,0.7272727272727273,0.0
4041,134601,Mason Klabo,Illinois St.,0.0,0.4166666666666667,0.42857142857142855,0.9354838709677419
4042,134602,Davi Remagen,Georgia Tech,0.0,1.0,0.3333333333333333,0.0
4043,134603,Brandon Stores Jr.,Georgia Tech,0.0,0.0,0.0,0.0
4044,134604,Mouhamed Sylla,Georgia Tech,0.8620689655172413,0.7272727272727273,0.8,1.0
4045,134605,Mikhail Pocknett,Buffalo,0.0,0.3103448275862069,0.0,0.0
4046,134606,Trent Coleman,Charleston Southern,0.0,0.5,0.0,1.0
4047,134607,Anthony Isaac,Manhattan,1.0,0.49504950495049505,0.0,1.0
4048,134608,Isaac Hawkins,Utah Valley,0.8285714285714286,0.7205882352941176,0.6153846153846154,1.0
4049,134609,Isaac Shingange,UC Santa Barbara,0.0,0.0,0.0,0.0
4050,134610,Wylee Delorme,North Dakota,0.0,0.375,0.0,1.0
4051,134614,EJ Mosley,Purdue Fort Wayne,0.0,0.125,0.0,0.9166666666666666
4052,134616,Dwayne Aristode,Arizona,0.5,0.4,1.0,0.9333333333333333
4053,134617,Riek Riek,Gardner Webb,0.0,0.75,1.0,0.8333333333333334
4054,134621,Jacob Wassler,Bellarmine,1.0,0.6,0.0,1.0
4055,134622,Dominique Murphy Jr,Bellarmine,0.0,1.0,0.0,0.0
4056,134624,Sam Donald,Bellarmine,0.3333333333333333,0.3939393939393939,0.5,1.0
4057,134626,Tomas Valentiny,Stony Brook,0.8888888888888888,0.6666666666666666,0.5,1.0
4058,134627,Andrej Shoshkikj,Stony Brook,0.0,0.34782608695652173,0.09090909090909091,0.7619047619047619
4059,134630,Matas Buteliauskas,Buffalo,0.0,0.0,0.0,1.0
4060,134631,Drew Grimes,Liberty,0.0,0.0,0.0,0.0
4061,134632,Jacob Meachem,Bucknell,0.0,0.0,0.0,1.0
4062,134633,Brady Kester,Liberty,0.0,0.0,0.0,0.0
4063,134634,Torr Sorensen,Liberty,0.0,1.0,0.0,0.0
4064,134635,Pat Curtin,Bucknell,0.0,0.1935483870967742,0.14285714285714285,0.8125
4065,134636,Amon Dörries,Bucknell,0.8947368421052632,0.5741935483870968,0.5555555555555556,1.0
4066,134637,Trevin Jirak,Iowa,1.0,0.8333333333333334,0.6666666666666666,1.0
4067,134638,Will Harper III,Richmond,0.0,0.6,0.3333333333333333,1.0
4068,134639,Ryan Mandes,Princeton,0.0,1.0,0.0,0.0
4069,134641,Tate Sage,Iowa,1.0,0.6829268292682927,0.3333333333333333,1.0
4070,134643,Michael Collins,Louisiana,0.0,0.1111111111111111,0.0,1.0
4071,134644,Raevon Thomas,Jackson St.,0.8888888888888888,0.6,0.75,1.0
4072,134646,Mujahiid Burton,North Carolina A&T,0.0,0.375,0.25,0.7727272727272727
4073,134647,Yancarlos Cueto,North Carolina A&T,0.0,0.0,0.0,1.0
4074,134648,Dwayne Pierce,North Carolina A&T,0.0,0.06666666666666667,0.2608695652173913,0.7407407407407407
4075,134649,Brooklyn Vick,North Carolina A&T,0.0,0.25,0.16666666666666666,0.8333333333333334
4076,134650,Nigel James Jr.,Marquette,0.21428571428571427,0.22058823529411764,0.3684210526315789,0.6904761904761905
4077,134654,Chol Machot,Charleston,0.8297872340425532,0.7471264367816092,0.5,1.0
4078,134655,D'Andre Harrison,UMKC,0.0,0.6,0.0,0.0
4079,134657,Jaden Haire,Texas A&M Corpus Chris,1.0,0.6153846153846154,1.0,0.0
4080,134658,Corentin Efono,SIU Edwardsville,0.0,0.2,0.0,0.0
4081,134661,Trenton Pane,Texas A&M Corpus Chris,0.0,0.0,0.0,0.0
4082,134662,Victory Onuetu,Hofstra,0.9629629629629629,0.7307692307692307,0.2727272727272727,0.0
4083,134663,Matthew MacLellan,Notre Dame,0.0,1.0,0.0,0.0
4084,134664,Ryder Frost,Notre Dame,0.0,0.5,1.0,0.9
4085,134666,Xavier Spencer,UMass Lowell,0.3333333333333333,0.17073170731707318,0.06976744186046512,0.6938775510204082
4086,134667,C.J. McPherson,Tennessee Tech,0.0,0.0,0.25,0.9444444444444444
4087,134670,Preston Fowler,James Madison,0.6666666666666666,0.22727272727272727,0.5,0.9722222222222222
4088,134671,Ryan Tolliver,Northern Kentucky,0.0,0.4,1.0,0.0
4089,134672,Breon Barnett,Morgan St.,0.0,0.0,0.0,0.0
4090,134673,David Bumpass,Morgan St.,0.0,0.5714285714285714,0.5,0.75
4091,134674,Zayden High,North Carolina,0.75,0.64,0.5555555555555556,1.0
4092,134675,Najimi George,New Haven,0.625,0.3150684931506849,0.1111111111111111,0.9310344827586207
4093,134676,Ian Scott,Indiana St.,0.9545454545454546,0.7923076923076923,0.6,0.9444444444444444
4094,134677,Jo Van Buggenhout,Indiana St.,0.0,0.05555555555555555,0.1111111111111111,0.6956521739130435
4095,134678,Enel St. Bernard,Indiana St.,0.9142857142857143,0.8333333333333334,0.3333333333333333,0.0
4096,134680,Bodey Howell,Rice,0.0,0.4,0.16666666666666666,0.9375
4097,134681,B.J. Davis-Ray,SMU,0.6666666666666666,0.5,0.4,1.0
4098,134682,Jermaine O'Neal Jr.,SMU,0.8,0.7222222222222222,0.4444444444444444,1.0
4099,134683,Jaden Toombs,SMU,1.0,0.5581395348837209,0.5957446808510638,1.0
4100,134684,Nigel Walls,SMU,0.0,0.0,0.0,0.0
4101,134685,Evan Cochran,Rice,0.0,0.0,0.0,0.0
4102,134686,KJ Younger,UNC Greensboro,0.5384615384615384,0.24390243902439024,0.0,0.9166666666666666
4103,134687,Wei Lin,Oregon,0.0,0.5555555555555556,0.5,0.6774193548387096
4104,134688,Hussain Williams,Coppin St.,0.3333333333333333,0.34782608695652173,0.5384615384615384,0.9428571428571428
4105,134689,Keyshuan Tillery,Cincinnati,0.0,0.2631578947368421,0.2,0.8125
4106,134691,Shon Abaev,Cincinnati,0.7142857142857143,0.45,0.3333333333333333,0.8076923076923077
4107,134692,Ja'Juan Carr,Elon,0.0,0.07692307692307693,0.08333333333333333,0.8666666666666667
4108,134693,Omari Moore,Manhattan,0.0,1.0,0.0,1.0
4109,134694,Quron Elliott,Manhattan,0.0,0.3,0.5,0.5714285714285714
4110,134696,Asier Miguel Torrero,Manhattan,0.0,1.0,0.0,1.0
4111,134697,Torrin Andrews,Coppin St.,0.0,0.36363636363636365,0.25,0.7272727272727273
4112,134699,Kayden Edwards,TCU,0.0,0.6,0.5,1.0
4113,134701,Kyle Kearson,New Haven,0.0,0.5,0.0,1.0
4114,134702,Kylan Howze,Louisiana Tech,0.75,0.6666666666666666,0.0,0.0
4115,134704,Ethan Simmon,Stony Brook,0.0,0.25,0.16666666666666666,1.0
4116,134706,Brett White,Oakland,0.0,0.2,0.25,1.0
4117,134709,Troy Henderson,Tennessee,0.0,0.0,1.0,0.8666666666666667
4118,134710,Clarence Massamba,Tennessee,0.0,0.0,0.0,1.0
4119,134711,DeWayne Brown II,Tennessee,1.0,0.7592592592592593,0.7142857142857143,0.0
4120,134712,Nate Ament,Tennessee,0.8461538461538461,0.4576271186440678,0.25757575757575757,0.8913043478260869
4121,134713,Ethan Burg,Tennessee,0.0,0.3333333333333333,0.0,0.8666666666666667
4122,134715,Mikel Brown Jr.,Louisville,0.5,0.2765957446808511,0.1,0.509090909090909
4123,134716,Neoklis Avdalas,Virginia Tech,0.7142857142857143,0.2653061224489796,0.0967741935483871,0.5918367346938775
4124,134717,Antonio Dorn,Virginia Tech,1.0,0.7916666666666666,0.6666666666666666,0.0
4125,134718,Marial Akuentok,Texas Tech,1.0,1.0,0.0,1.0
4126,134719,Irish Coquia,New Orleans,0.0,0.0,0.0,0.7142857142857143
4127,134720,Braeden Brenn,Marquette,0.0,1.0,0.0,0.0
4128,134721,Xavier Abreu,Northeastern,0.8181818181818182,0.2976190476190476,0.2,0.8846153846153846
4129,134722,Chase Williams,The Citadel,0.0,0.0,0.0,0.0
4130,134723,Caleb Versher,San Diego,0.0,0.0,0.0,0.0
4131,134724,Caleb Blackwell,UTEP,0.5,0.125,0.09523809523809523,0.6170212765957447
4132,134725,Prince Johnson,Eastern Illinois,1.0,0.3076923076923077,0.5,0.0
4133,134726,Markus Blackwell,Eastern Illinois,0.0,0.5,0.2222222222222222,0.75
4134,134728,Erez Poran,Northern Arizona,0.0,0.0,0.0,0.0
4135,134729,Chris Komin,Northern Arizona,0.5,0.40625,0.1,0.7391304347826086
4136,134730,Brennan Peterson,Northern Arizona,0.0,0.5,0.2,0.8333333333333334
4137,134732,Christopher Baudreau,Nevada,0.0,0.0,1.0,0.0
4138,134735,Quinn Woidke,Kent St.,0.0,0.23076923076923078,0.0,0.9375
4139,134736,Riley Jacobs,UMBC,0.7272727272727273,0.6739130434782609,0.5,0.0
4140,134737,Omer Hamama,Kent St.,0.0,0.125,0.0,1.0
4141,134738,Jordi Rodriguez,Cincinnati,0.0,0.0,1.0,1.0
4142,134740,Jeremiah Green,Texas A&M,0.0,0.0,0.0,1.0
4143,134743,Lionel Larvadain,Chicago St.,0.0,0.09090909090909091,0.16666666666666666,1.0
4144,134744,Corey Sands,Chicago St.,0.0,0.4,0.3333333333333333,1.0
4145,134745,Doyel Cockrill III,Chicago St.,0.0,0.2222222222222222,0.2777777777777778,0.7962962962962963
4146,134746,Malek Robinson,Chicago St.,0.0,0.125,0.0,0.5
4147,134747,Daniel Zatsepin,Chicago St.,0.0,0.5,0.0,1.0
4148,134749,Avner Dror,Harvard,0.0,0.0,0.0,0.0
4149,134750,Frankie Mannino,Harvard,0.0,0.5625,0.0,1.0
4150,134751,Ryan Sullivan,Harvard,1.0,1.0,0.5,0.0
4151,134752,Joseph Quartey,Harvard,0.0,0.0,0.0,0.0
4152,134753,Kareem Stagg,Georgia,0.6818181818181818,0.5142857142857142,0.5,0.9333333333333333
4153,134754,"AJ Dent, Jr",Tarleton St.,0.0,0.0,0.0,0.5
4154,134755,Kaia Isaac,Tarleton St.,0.0,0.18181818181818182,0.2,0.8695652173913043
4155,134756,Leroy Kelly IV,Tarleton St.,0.0,0.3076923076923077,0.4444444444444444,1.0
4156,134757,DJ Dormu,Tarleton St.,0.0,0.18181818181818182,0.2,0.6666666666666666
4157,134758,Tyler Robbins,Miami OH,1.0,0.6153846153846154,0.0,1.0
4158,134759,Brady Ganley,Miami OH,0.0,0.0,0.0,0.0
4159,134760,Justin Kirby,Miami OH,1.0,0.5416666666666666,0.0,1.0
4160,134761,Trey Perry,Miami OH,0.0,0.35714285714285715,0.42857142857142855,0.75
4161,134762,Kyle Waltz,Miami OH,1.0,1.0,1.0,1.0
4162,134763,Corey Boston,IU Indy,0.0,0.0,0.0,0.0
4163,134764,"Rob Lee, Jr.",Lamar,0.5,0.2894736842105263,0.22413793103448276,0.8307692307692308
4164,134765,Jusaun Holt,Utah Tech,0.5,0.125,0.18181818181818182,0.7692307692307693
4165,134766,Jalen Vazquez,Lehigh,0.0,0.36,0.5,1.0
4166,134767,Andrew Urosevic,Lehigh,0.0,0.0,0.2727272727272727,0.95
4167,134768,Caleb Thomas,Lehigh,0.0,0.15789473684210525,0.21428571428571427,0.6666666666666666
4168,134770,Eric Chatfield Jr,Georgia Tech,0.0,0.25,0.0,0.6666666666666666
4169,134772,Lureon Walker,North Carolina A&T,1.0,0.6666666666666666,0.2,0.7142857142857143
4170,134775,Corey Caulker,East Carolina,0.0,0.09523809523809523,0.1,0.7073170731707317
4171,134776,Jayden Kelsey,Binghamton,0.0,0.0,0.0,0.0
4172,134777,Creighton Morisch,Austin Peay,0.0,0.5,1.0,1.0
4173,134778,Kai Shinholster,Minnesota,1.0,0.8,0.5,1.0
4174,134779,Aiden Miller,IU Indy,0.0,0.625,0.8,0.9629629629629629
4175,134781,Jaden Vance,UC San Diego,0.0,0.30434782608695654,0.6,0.9
4176,134782,Ty Price,Tennessee Martin,0.0,0.0,0.0,0.8333333333333334
4177,134783,Filip Petkovski,Tennessee Martin,0.0,0.3333333333333333,0.0,0.8620689655172413
4178,134784,Hudson Mayes,UC San Diego,0.9,0.5,0.35,1.0
4179,134786,Ama Sow,Tennessee Martin,0.0,0.0,0.0,0.0
4180,134787,Amir Rahman,Florida A&M,0.0,1.0,0.0,0.0
4181,134789,Sam Smith,Wagner,1.0,0.8333333333333334,1.0,1.0
4182,134791,Sananda Fru,Louisville,0.9354838709677419,0.7142857142857143,0.6,1.0
4183,134792,Buddy Hammer Jr.,North Texas,0.5714285714285714,0.42105263157894735,0.4,1.0
4184,134793,Nyk Lewis,VCU,0.0,0.2,0.25,0.8260869565217391
4185,134794,Dorian Hayes,UTSA,0.0,0.1,0.25,0.7254901960784313
4186,134795,Brent Moss,UTSA,0.2857142857142857,0.21428571428571427,0.15789473684210525,0.7555555555555555
4187,134796,Kaidon Rayfield,UTSA,0.7777777777777778,0.5263157894736842,0.3333333333333333,1.0
4188,134797,Matheo Coffi,UTSA,0.8888888888888888,0.6086956521739131,0.0,0.9285714285714286
4189,134798,Ayuba Bryant Jr.,Temple,0.0,0.6363636363636364,1.0,0.0
4190,134799,Collins Onyejiaka,Alabama,1.0,1.0,0.0,0.0
4191,134800,Jalen Stokes,UC Davis,1.0,0.7619047619047619,0.2857142857142857,1.0
4192,134801,Cole Pepe,Grand Canyon,0.0,0.0,0.0,1.0
4193,134803,Jonathan Noudjihidi,UC Davis,0.0,0.0,0.0,0.0
4194,134804,Chase Rawlins,UC Davis,0.0,0.8333333333333334,0.0,0.5
4195,134805,Evan Boisdur,Grand Canyon,0.0,0.25,0.0,1.0
4196,134806,Abdullah Amzil,UC Davis,0.0,0.0,0.0,1.0
4197,134811,Abdou Yadd,Sacred Heart,1.0,0.23809523809523808,0.23076923076923078,0.9545454545454546
4198,134812,River Smith,Howard,0.0,1.0,0.0,0.0
4199,134813,Julian Johnson,Howard,0.0,1.0,0.0,0.0
4200,134814,Shane Frazier,Howard,0.0,1.0,0.0,0.0
4201,134815,BJ Powell,Howard,0.0,0.6,0.0,1.0
4202,134816,Stefan Isailovic,Howard,0.0,1.0,0.0,0.0
4203,134817,Jeremiah Johnson,Howard,0.0,0.25,0.0,1.0
4204,134818,Nehikhare Igiehon,Houston Christian,1.0,0.8421052631578947,1.0,0.0
4205,134820,Preist Ryan,Cleveland St.,1.0,0.4166666666666667,0.36363636363636365,1.0
4206,134821,Zach Christian,Canisius,0.0,0.0,0.0,1.0
4207,134822,Gabe Hernandez,The Citadel,0.0,0.25,0.16666666666666666,0.0
4208,134823,William Henderson,Alcorn St.,0.0,0.0,0.2727272727272727,1.0
4209,134824,Tayeshaun Smith,Western Carolina,1.0,0.2857142857142857,0.0,1.0
4210,134825,Samuel Dada,Western Carolina,0.0,0.484375,0.75,0.0
4211,134828,Andrew Henderson,UC Riverside,0.5,0.30303030303030304,0.09302325581395349,0.5584415584415584
4212,134829,Parker Applegate,Central Arkansas,1.0,0.7272727272727273,0.5,1.0
4213,134831,Phoenix Glassnor,Toledo,0.0,1.0,0.0,1.0
4214,134832,Zyier Beverly,Binghamton,0.7692307692307693,0.59,0.6,1.0
4215,134833,Kohl Rosario,Kansas,0.8333333333333334,0.631578947368421,0.0,0.8888888888888888
4216,134835,Kaden Brown,Southern Indiana,0.0,0.25,0.0,0.7391304347826086
4217,134836,Tichyque Musaka,Stephen F. Austin,0.0,0.0,0.0,0.0
4218,134837,Adrien Stevens,Marquette,0.5,0.34285714285714286,0.0,0.9444444444444444
4219,134838,Charles Outlaw,Massachusetts,0.0,0.0,0.0,0.0
4220,134840,Danny Carbuccia,Massachusetts,0.0,0.08450704225352113,0.0,0.5384615384615384
4221,134841,Dimitri Clerc,Massachusetts,1.0,0.5172413793103449,0.5,0.0
4222,134842,Cole Scherer,Eastern Washington,0.0,0.16666666666666666,0.125,0.8888888888888888
4223,134843,Elijah Brown,Wagner,0.0,0.8333333333333334,0.0,0.6666666666666666
4224,134844,Mark Lavrenov,Sacramento St.,1.0,0.5737704918032787,0.6842105263157895,1.0
4225,134845,Derek Dixon,North Carolina,0.0,0.0,0.18181818181818182,0.72
4226,134847,Tristan Burth,New Haven,1.0,0.5,0.0,0.0
4227,134849,Dior Kennedy,New Haven,0.0,0.0,0.0,0.0
4228,134851,Aidan Losiewicz,New Haven,1.0,1.0,0.0,1.0
4229,134852,Michael Phillips II,Marquette,0.0,1.0,0.0,1.0
4230,134853,Douglas Langford,San Jose St.,0.0,0.23076923076923078,0.0,0.0
4231,134854,Japhet Moupadele,San Jose St.,1.0,0.4,0.5,0.8571428571428571
4232,134855,Tyler Koenig,Coppin St.,0.75,0.6521739130434783,0.875,0.0
4233,134856,Gabriel Ferreira,Radford,0.5,0.3333333333333333,0.0,0.0
4234,134857,Frederik Erichsen,Radford,0.6666666666666666,0.3225806451612903,0.5,1.0
4235,134858,Warren Keel,Radford,0.0,0.0,0.0,0.0
4236,134860,Tijan Saine Jr.,Weber St.,0.0,0.14444444444444443,0.0,0.56
4237,134861,Will Mortimore,Charleston,0.0,0.8,0.0,0.0
4238,134862,Devon Kobi Pearson,Texas A&M Corpus Chris,0.6666666666666666,0.4583333333333333,0.0,1.0
4239,134863,Bryson Wheatfall,Texas A&M Corpus Chris,0.6666666666666666,0.11764705882352941,0.5555555555555556,1.0
4240,134864,Melian Martinez,Louisiana Tech,0.9705882352941176,0.7857142857142857,1.0,0.0
4241,134865,Lewis Rowe,Incarnate Word,0.0,0.631578947368421,0.3333333333333333,0.0
4242,134866,Tyler Bike,New Hampshire,0.0,0.16666666666666666,0.0,0.76
4243,134867,Myles Blackley,New Hampshire,0.0,0.0,0.0,0.0
4244,134868,Jordan Gorecki,Texas Southern,0.7142857142857143,0.6666666666666666,0.5,0.0
4245,134869,Anthony Andrews,Texas Southern,0.0,0.7,0.0,0.6666666666666666
4246,134870,Ahmed Nedal Abdelrahman,Texas Southern,0.0,0.0,0.0,0.8333333333333334
4247,134873,Manok Lual,Morgan St.,1.0,0.75,0.3333333333333333,0.0
4248,134874,Jamias Ferere,Gardner Webb,1.0,0.22641509433962265,0.25,1.0
4249,134875,Spence Sims,Gardner Webb,0.0,0.16666666666666666,0.21428571428571427,0.7692307692307693
4250,134876,London Maiden,Detroit Mercy,1.0,0.5892857142857143,0.5,0.0
4251,134877,Najai Hines,Seton Hall,0.6190476190476191,0.6619718309859155,0.3333333333333333,0.0
4252,134878,Mason Ellison,Delaware,0.0,0.6666666666666666,0.0,1.0
4253,134879,Jayden Taylor,Delaware,0.875,0.6896551724137931,0.0,1.0
4254,134880,Antonio Chandler,Siena,0.9090909090909091,0.691358024691358,0.5,1.0
4255,134882,Uriah Tenette,New Mexico,0.42857142857142855,0.27450980392156865,0.07692307692307693,0.7380952380952381
4256,134883,Leroy Blyden Jr.,Toledo,0.4,0.2054794520547945,0.2857142857142857,0.8194444444444444
4257,134884,Brendan Martin,Air Force,0.0,0.6666666666666666,0.5,1.0
4258,134885,Ramel Bethea,Green Bay,1.0,0.8947368421052632,1.0,0.0
4259,134886,Kam Sanders,Air Force,0.0,0.16666666666666666,0.08571428571428572,0.6341463414634146
4260,134887,Maruan Cicic,Green Bay,1.0,0.625,0.6666666666666666,0.0
4261,134889,Lucas Hobin,Air Force,0.6666666666666666,0.44,0.46153846153846156,1.0
4262,134890,Sam Imade,Air Force,0.0,1.0,0.0,1.0
4263,134892,Dietrich Richardson,Bradley,1.0,0.2857142857142857,0.3333333333333333,0.0
4264,134894,Duce Paschal,Weber St.,0.0,0.3333333333333333,0.2,1.0
4265,134895,ArDarius Grayson,Weber St.,0.0,0.2,0.0,0.8888888888888888
4266,134897,Hayden Assemian,South Carolina,1.0,0.8695652173913043,0.5,0.0
4267,134898,Cameron Williams,Portland,1.0,0.675,0.5,0.9090909090909091
4268,134899,Isaac Finlinson,Hawaii,0.6666666666666666,0.26229508196721313,0.0,0.90625
4269,134900,Jhei-R Jones,William & Mary,0.0,0.4375,1.0,0.9375
4270,134901,Enzo Boudouma,New Orleans,0.0,0.375,0.5714285714285714,0.95
4271,134902,Dante Censori-Hercules,Portland,1.0,0.6216216216216216,0.0,1.0
4272,134903,Jikari Johnson,Chattanooga,0.8,0.6,0.0,0.7857142857142857
4273,134904,Rob Stroud,Green Bay,0.0,0.2222222222222222,0.3333333333333333,1.0
4274,134905,Grant Kepley,Montana,0.0,0.2222222222222222,0.05555555555555555,1.0
4275,134906,Richard Amaefule,Grambling St.,0.0,0.6666666666666666,1.0,0.0
4276,134907,Jaquias Franklin,Charleston Southern,0.0,0.2857142857142857,0.1111111111111111,0.6153846153846154
4277,134909,Christian Jones,Long Beach St.,0.0,0.6,0.5,0.8888888888888888
4278,134910,Leopold Levillain,Long Beach St.,0.375,0.5714285714285714,0.6,0.0
4279,134913,Stephen Williams,South Alabama,0.6956521739130435,0.5555555555555556,0.5555555555555556,0.0
4280,134916,Shon Tupuola,Valparaiso,0.6875,0.625,0.8333333333333334,0.0
4281,134917,Curtis Williams,Gardner Webb,1.0,0.30434782608695654,0.14285714285714285,0.7368421052631579
4282,134918,Levi Beckwith,Maryland Eastern Shore,0.0,0.5,0.75,1.0
4283,134919,Trey Brown,Maryland Eastern Shore,0.0,0.3076923076923077,0.125,0.8888888888888888
4284,134920,JT Elder,Eastern Illinois,0.0,1.0,0.0,1.0
4285,134922,Dylan Purnell,Cal St. Bakersfield,1.0,0.5555555555555556,0.3333333333333333,0.0
4286,134923,Giannos Xanthopoulos,New Hampshire,1.0,0.6666666666666666,1.0,1.0
4287,134925,Caleb Smith,Rider,0.0,0.4375,0.4,0.8333333333333334
4288,134926,Domanic Betancourt,Nicholls St.,0.0,0.0,0.0,0.0
4289,134927,Jalik Dunkley,Nicholls St.,0.717948717948718,0.5565217391304348,0.2857142857142857,1.0
4290,134928,Jamir McNeil,Rider,0.0,0.0,0.2,0.0
4291,134929,AB Coulibaly,Rider,0.3333333333333333,0.3333333333333333,0.4166666666666667,1.0
4292,134930,Kristupas Kepezinskas,Rider,0.0,0.0,0.0,1.0
4293,134933,Peitok Machar,McNeese St.,0.6666666666666666,0.5294117647058824,0.5,0.0
4294,134934,JP Dragas,IU Indy,0.0,0.6,0.0,1.0
4295,134935,Justin Allen,Green Bay,0.75,0.39805825242718446,0.27586206896551724,0.8636363636363636
4296,134936,Gregory Lawson,Eastern Michigan,0.0,0.3333333333333333,0.19230769230769232,0.8648648648648649
4297,134937,Antwan Wilson,Rider,1.0,0.2857142857142857,0.4,0.875
4298,134939,Leo Curtis,Nebraska,1.0,0.7142857142857143,0.6666666666666666,0.0
4299,134941,Chuks Isitua,Southern Utah,0.0,0.0,0.0,0.0
4300,134942,Malick Kordel,Michigan,0.8571428571428571,0.875,0.0,0.0
4301,134943,Winters Grady,Michigan,0.0,0.0,0.0,1.0
4302,134944,Tyler McQuaid,Fairleigh Dickinson,0.0,0.0,0.0,0.0
4303,134945,Sebastian Haubro,Fairleigh Dickinson,0.0,0.0,0.0,0.0
4304,134946,David Jevtic,Fairleigh Dickinson,0.0,0.22727272727272727,0.16666666666666666,0.8275862068965517
4305,134947,Ras Elijah Godbolt,Fairleigh Dickinson,0.0,0.0,0.3333333333333333,1.0
4306,134948,Jaquan Womack,Towson,0.3333333333333333,0.35714285714285715,0.2,0.9565217391304348
4307,134950,Trey McKenney,Michigan,1.0,0.42857142857142855,0.043478260869565216,0.9117647058823529
4308,134951,Harris Dar,Stephen F. Austin,0.0,0.0,0.0,0.0
4309,134952,Anthony Smith lll,North Dakota,0.0,0.16666666666666666,0.0,0.3
4310,134953,Marley Curtis,North Dakota,0.6,0.2608695652173913,0.3333333333333333,0.75
4311,134954,Micah Curtis,North Dakota,0.0,1.0,0.0,0.0
4312,134955,Dante Allen,Miami FL,0.8333333333333334,0.4857142857142857,0.6153846153846154,1.0
4313,134958,Jaydon Cole,Mercer,0.0,0.0,0.0,0.0
4314,134959,London Praytor,Toledo,0.0,1.0,0.0,1.0
4315,134960,Joseph Scott,Abilene Christian,1.0,0.5,0.6666666666666666,0.0
4316,134961,Tylan Lewis,Abilene Christian,0.0,1.0,0.0,0.0
4317,134962,Jonathan Niv,Colgate,0.0,0.0,0.0,1.0
4318,134964,Matt Able,N.C. State,0.0,0.25,0.21052631578947367,0.8775510204081632
4319,134965,Easton Hupp,Charleston Southern,0.0,0.0,0.0,0.0
4320,134966,Wes Enis,South Florida,0.0,0.2777777777777778,0.0,0.8785046728971962
4321,134967,Chris Kumu,Canisius,1.0,0.3888888888888889,0.3333333333333333,1.0
4322,134968,Logan Applegate,The Citadel,0.0,0.3333333333333333,0.0,0.9069767441860465
4323,134969,Cayden Boozer,Duke,1.0,0.27586206896551724,0.2222222222222222,0.95
4324,134970,Nikolas Khamenia,Duke,0.5,0.5454545454545454,0.14285714285714285,1.0
4325,134971,Cameron Boozer,Duke,0.6097560975609756,0.42990654205607476,0.09090909090909091,0.7777777777777778
4326,134973,Jack Tauer,St. Thomas,0.0,0.0,0.0,0.0
4327,134975,Jabri Fitzpatrick,New Haven,0.5,0.23255813953488372,0.14285714285714285,0.875
4328,134976,Trey Cady,North Florida,0.75,0.5555555555555556,0.45454545454545453,0.875
4329,134977,Andreo Ash,Canisius,1.0,1.0,1.0,0.0
4330,134978,Przemek Hartman,Louisiana Monroe,0.6,0.42105263157894735,1.0,1.0
4331,134983,Alex Lloyd,Florida,0.0,0.25,0.0,1.0
4332,134985,Tounde Yessoufou,Baylor,0.5789473684210527,0.5,0.3793103448275862,0.8301886792452831
4333,134986,Preston Edmead,Hofstra,0.0,0.07407407407407407,0.0975609756097561,0.40217391304347827
4334,134987,Troy Glover II,Bowling Green,0.8787878787878788,0.620253164556962,0.6428571428571429,0.0
4335,134988,Denis Badalau,Rutgers,0.0,0.2222222222222222,0.5,1.0
4336,134989,Armari Carraway,Charleston Southern,0.0,0.0,0.0,0.7037037037037037
4337,134990,Christopher Nwuli,Rutgers,1.0,0.5,0.0,1.0
4338,134991,Anthony Martinez,Monmouth,0.0,0.0,0.0,1.0
4339,134992,O'Marion Harvey,Monmouth,0.0,0.0,0.0,0.0
4340,134993,Davian Brown,Montana St.,0.0,0.2,0.0,0.7209302325581395
4341,134994,Jorden Brooks,Central Michigan,0.0,0.0,0.0,1.0
4342,134995,Paul Mbiya,Kansas,1.0,0.6666666666666666,0.5,0.0
4343,134996,Nginyu Ngala,Kansas,0.0,0.0,0.0,0.75
4344,134997,Ahamed Mohammed,Stephen F. Austin,0.0,0.25,0.125,0.7
4345,134998,Cayden Charles,St. Bonaventure,1.0,0.5606060606060606,0.5714285714285714,0.9655172413793104
4346,135000,Macari Moore,Pittsburgh,0.0,0.16666666666666666,0.0,1.0
4347,135001,Damian Garcia,East Texas A&M,0.0,0.27586206896551724,0.0,0.782608695652174
4348,135002,Carson McDonald,American,0.0,0.5,0.6,0.0
4349,135004,Tahlan Pettway,Western Carolina,0.0,0.0,0.13793103448275862,0.7659574468085106
4350,135006,Semetri (TT) Carr,California,0.0,0.30434782608695654,0.0,0.8888888888888888
4351,135007,Luke Butler,California,0.0,0.0,0.0,0.0
4352,135008,Chris Dockery,UMKC,0.8333333333333334,0.5636363636363636,0.2,1.0
4353,135010,Isiah Harwell,Houston,1.0,0.6666666666666666,0.2857142857142857,0.9130434782608695
4354,135012,Jaylen Cross,Wake Forest,1.0,0.4,0.0,1.0
4355,135014,Melvin Weaver III,Saint Francis,0.0,0.0,0.0,0.0
4356,135015,Brandon Russell,Saint Francis,0.0,0.2857142857142857,0.0,1.0
4357,135017,Hunter Carter,Hawaii,0.0,0.0,0.0,0.3333333333333333
4358,135018,Eric Dibami,FIU,0.8,0.36363636363636365,0.6666666666666666,0.0
4359,135020,Will Ashford,Central Michigan,0.0,0.4,0.1,1.0
4360,135022,Jerry Easter II,USC,1.0,0.6818181818181818,0.6111111111111112,1.0
4361,135023,Chance Trujillo,Utah Tech,1.0,0.4594594594594595,0.21052631578947367,0.7323943661971831
4362,135024,Jamal Chretien II,New Orleans,0.0,0.25,1.0,1.0
4363,135025,Vieux Sanneh,New Orleans,0.0,0.0,0.0,0.0
4364,135027,Davion Cunningham,Morehead St.,0.0,0.21621621621621623,0.20689655172413793,0.9444444444444444
4365,135028,Luke Moore,Central Arkansas,0.0,0.3389830508474576,0.0,0.8780487804878049
4366,135029,Matthew Quinlan,Cal St. Fullerton,0.0,0.0,0.0,1.0
4367,135030,Melvin Bell Jr.,San Jose St.,1.0,0.4,0.07142857142857142,0.9411764705882353
4368,135032,Davis White,Cal St. Fullerton,0.0,0.5,0.0,1.0
4369,135033,Isaiah Sherrard,Georgia St.,1.0,0.5,0.0,1.0
4370,135035,Lateef Patrick Jr,Stephen F. Austin,0.0,0.14583333333333334,0.12244897959183673,0.7903225806451613
4371,135036,Marcus Scurry,Stephen F. Austin,0.0,0.0,0.4444444444444444,1.0
4372,135038,Gediminas Alisas,Stephen F. Austin,0.0,0.5476190476190477,0.5217391304347826,0.0
4373,135039,Bryceson Melvin,Stephen F. Austin,0.0,0.0,0.0,0.0
4374,135040,Max Jusianiec,Canisius,0.0,0.8333333333333334,0.4,0.9
4375,135041,Travis Pourciau,Arkansas Pine Bluff,0.0,0.0,0.0,0.0
4376,135042,Straton Rogers,Eastern Washington,1.0,0.6031746031746031,0.4444444444444444,1.0
4377,135043,Christian Oliver,Morgan St.,1.0,0.7142857142857143,0.7777777777777778,1.0
4378,135044,Rickey Mitchell Jr.,Bethune Cookman,0.0,0.5,0.5,0.8181818181818182
4379,135045,Jaden Henderson,Cal St. Fullerton,0.0,0.375,0.32,0.8787878787878788
4380,135046,Jafeth Martinez,USC Upstate,0.6956521739130435,0.5652173913043478,0.0,0.0
4381,135047,Kruz McClure,DePaul,0.0,0.2727272727272727,0.5,0.8695652173913043
4382,135049,Harrison Beauchamp,Central Arkansas,0.0,0.5333333333333333,0.0,0.875
4383,135050,Ilija Milijasevic,DePaul,0.0,0.0,0.0,1.0
4384,135052,Tanner Braketa,Northern Colorado,0.0,0.0,0.5,0.0
4385,135056,Isaiah Campbell-Finch,Samford,0.0,0.2571428571428571,0.0,0.9230769230769231
4386,135058,Taj Thweatt,Coppin St.,0.5,0.45,0.7142857142857143,0.9444444444444444
4387,135060,Tony Williams,Fairfield,0.0,0.16,0.38461538461538464,0.8205128205128205
4388,135061,Nasir Rodriguez,Fairfield,0.0,0.0,0.0,0.7
4389,135062,Cyril Franklin Jr.,UC Davis,1.0,0.5714285714285714,0.0,0.0
4390,135064,Dailon Minor,Bethune Cookman,0.0,0.0,0.0,0.5
4391,135065,Chancellor Perkins,Grambling St.,0.0,0.6666666666666666,0.0,0.6666666666666666
4392,135067,Cole Bowser,Furman,0.6666666666666666,0.5,0.0,0.9285714285714286
4393,135068,Alex Wilkins,Furman,0.0,0.0898876404494382,0.034482758620689655,0.6551724137931034
4394,135069,Collin O'Neal,Furman,0.0,0.14285714285714285,0.0,0.9
4395,135072,Cedric Taylor III,Howard,0.9285714285714286,0.4588235294117647,0.22727272727272727,0.92
4396,135074,Omari Witherspoon,Pittsburgh,1.0,0.25,0.12903225806451613,0.6
4397,135075,Legend Smiley,San Francisco,1.0,0.4375,0.38461538461538464,0.9807692307692307
4398,135076,Weilun Zhao,San Francisco,0.0,0.0,0.0,0.0
4399,135077,Tyler Simon,Incarnate Word,0.0,0.0,0.0,0.0
4400,135078,Khalil Arnold,North Carolina Central,0.0,0.0,1.0,1.0
4401,135079,Trent Sisley,Indiana,1.0,0.7419354838709677,0.5,1.0
4402,135080,Justin Houser,Penn St.,1.0,1.0,0.0,1.0
4403,135081,Drew Snively,Indiana,0.0,0.0,1.0,0.0
4404,135083,Demariontay Hall,Coppin St.,0.8571428571428571,0.525,0.0,0.0
4405,135084,Peteris Pinnis,Providence,1.0,0.8333333333333334,1.0,0.0
4406,135085,Donte Tisinger Jr.,Boston University,0.0,0.125,0.0,0.782608695652174
4407,135086,Caleb Van De Griend,Idaho St.,0.8333333333333334,0.47474747474747475,0.46153846153846156,1.0
4408,135087,Cyril Obasogie,Delaware St.,0.0,0.42105263157894735,0.5555555555555556,0.0
4409,135089,Chris Catchings,Air Force,0.0,0.0,0.0,0.0
4410,135092,Leon Sifferlin,Tulsa,0.0,0.0,0.0,0.75
4411,135093,KJ Martin Jr.,Tulsa,1.0,0.5833333333333334,0.0,1.0
4412,135095,Raúl Villar,Charlotte,0.0,0.13333333333333333,0.0,0.875
4413,135097,Aidan Sevilla,Idaho,0.0,0.0,0.0,0.0
4414,135099,Tama Isaac,UC Irvine,0.0,0.07692307692307693,0.25,0.75
4415,135102,Nes Emeneke,UC Irvine,0.5,0.4,1.0,0.0
4416,135103,Alijah Arenas,USC,1.0,0.5454545454545454,0.5925925925925926,0.6153846153846154
4417,135104,Arthur Cox,Fairleigh Dickinson,0.0,0.34285714285714286,0.44,0.8888888888888888
4418,135105,Manny Hill,Cleveland St.,0.0,0.14285714285714285,0.0,1.0
4419,135107,Isaiah Sealy,Arkansas,1.0,0.6470588235294118,0.0,0.0
4420,135108,Alejandro Aviles,San Diego,1.0,0.9411764705882353,0.5,0.0
4421,135109,Brandon Benjamin,San Diego,0.0,0.3333333333333333,0.125,0.0
4422,135110,Jasir Rencher,Washington,1.0,1.0,0.0,1.0
4423,135111,Vuk Boskovic,San Diego,0.0,0.5,0.375,0.9473684210526315
4424,135112,Darrae Goodwin,San Diego,0.0,0.2857142857142857,0.6666666666666666,0.9
4425,135113,Brandon Roy Jr,Washington,0.0,0.0,0.0,1.0
4426,135114,Hannes Steinbach,Washington,0.7931034482758621,0.5972222222222222,0.3829787234042553,0.9444444444444444
4427,135115,Eli Ellis,South Carolina,0.0,0.1875,0.12,0.8695652173913043
4428,135116,Je'kel Cotton,Detroit Mercy,0.0,0.6666666666666666,0.0,1.0
4429,135117,Keshawn Fisher,Detroit Mercy,1.0,0.5333333333333333,0.0,0.9090909090909091
4430,135118,Xavier Istomin-Monroe,Detroit Mercy,1.0,0.5833333333333334,1.0,0.0
4431,135119,Ayden Carter,Detroit Mercy,0.5,0.34782608695652173,0.45454545454545453,1.0
4432,135120,Braylen Bowman,UNC Greensboro,0.0,0.0,0.0,0.0
4433,135122,Ty Francis,Northeastern,0.9285714285714286,0.7241379310344828,0.9,1.0
4434,135123,Joshua Dalton,Loyola Marymount,0.6,0.5454545454545454,0.75,1.0
4435,135124,Petar Pinter,Northeastern,1.0,0.7037037037037037,0.5454545454545454,0.0
4436,135125,Miles Newton,Northeastern,0.0,0.4166666666666667,0.0,1.0
4437,135126,Coen Collier,USC Upstate,1.0,0.7333333333333333,1.0,0.0
4438,135127,Luke Haupt,New Mexico,0.0,0.16666666666666666,0.1111111111111111,1.0
4439,135128,Davius Loury,Cal St. Northridge,0.0,0.6,0.3333333333333333,1.0
4440,135129,Mihael Tomic,Incarnate Word,0.0,0.2222222222222222,1.0,0.0
4441,135130,Preston Turner,Eastern Illinois,1.0,0.42857142857142855,0.16666666666666666,0.9117647058823529
4442,135131,Kai Rogers,Oklahoma,1.0,0.7333333333333333,1.0,0.0
4443,135132,Faheim Meran,LIU,1.0,0.375,0.0,1.0
4444,135133,Xavier Hall,Indiana St.,0.0,0.22807017543859648,0.1111111111111111,0.8333333333333334
4445,135134,John Shulman,Central Arkansas,0.0,0.0,0.0,0.0
4446,135135,Chris Mason,Central Arkansas,0.0,0.0,0.0,0.0
4447,135136,Chiante Tramble,Southern Miss,0.0,0.25,0.0,0.8636363636363636
4448,135137,Tylik Weeks,Southern Miss,0.4,0.30392156862745096,0.1650485436893204,0.8333333333333334
4449,135138,Garrett Shoemaker,Southeastern Louisiana,1.0,0.5555555555555556,0.0,1.0
4450,135139,Felipe Patino,Southern Miss,0.0,0.0,1.0,1.0
4451,135140,Peter Hemschemeier,Southeastern Louisiana,0.0,0.3333333333333333,0.2777777777777778,0.6363636363636364
4452,135141,AJ Thomas,Loyola Marymount,0.0,0.08333333333333333,0.2,0.7142857142857143
4453,135142,Nikola Radovanovic,Pepperdine,0.0,0.2,0.0,1.0
4454,135143,Tyler Garrett,Dartmouth,0.0,0.0,0.0,1.0
4455,135144,Cameron Hiatt,Dartmouth,0.0,0.42857142857142855,1.0,0.9333333333333333
4456,135145,Ja'Kobe Williams,Central Connecticut,0.0,0.5,0.0,1.0
4457,135146,Donovan Brown,Massachusetts,0.0,0.0,0.0,1.0
4458,135147,Tyler Kropp,Northwestern,0.0,0.6666666666666666,0.9,1.0
4459,135148,Connor Igoe,Columbia,0.0,0.32142857142857145,0.2,0.8
4460,135149,CJ Shaw,UC Santa Barbara,0.6666666666666666,0.25757575757575757,0.25,0.8421052631578947
4461,135150,Mantas Juzenas,Saint Mary's,0.0,1.0,1.0,0.9285714285714286
4462,135151,Sebastian Whitfield,Princeton,0.0,0.5714285714285714,0.4444444444444444,0.8181818181818182
4463,135152,Jimel Lane,Grambling St.,0.5454545454545454,0.32558139534883723,0.35,1.0
4464,135153,Zyree Collins,Austin Peay,0.0,0.1744186046511628,0.10526315789473684,0.8571428571428571
4465,135155,Francis Folefac,Siena,0.875,0.5423728813559322,0.35294117647058826,1.0
4466,135157,Uzziah Buntyn,South Dakota,0.0,0.11904761904761904,0.09523809523809523,0.9310344827586207
4467,135159,Cam Miles,Florida St.,0.5,0.38461538461538464,0.0,0.8125
4468,135162,Jeremiah Littlejohn,Robert Morris,1.0,0.5,0.0,0.0
4469,135163,Eddie Cooke III,Robert Morris,0.0,0.5714285714285714,0.0,0.0
4470,135164,Marcus Whitlock,Middle Tennessee,0.0,0.2,0.0,1.0
4471,135165,Josiah Shackelford,Bowling Green,0.3333333333333333,0.4067796610169492,0.5294117647058824,0.8285714285714286
4472,135166,Christopher Parker,South Carolina St.,0.6666666666666666,0.4,0.5,1.0
4473,135167,Tim Okojie,South Carolina St.,1.0,0.9,1.0,0.0
4474,135168,Max Majerle,North Dakota St.,0.0,0.0,0.0,0.0
4475,135172,Emondrek Erkins-Ford,Jacksonville St.,0.5,0.3968253968253968,0.14285714285714285,1.0
4476,135173,Aitor Anabitarte,Jacksonville St.,0.0,0.6666666666666666,1.0,0.0
4477,135174,Tavaj Cope,New Orleans,0.8695652173913043,0.5833333333333334,0.2,1.0
4478,135175,Connor Loy,Jacksonville St.,0.0,0.0,0.0,0.0
4479,135176,Jacoby Hill,Jacksonville St.,0.6666666666666666,0.375,0.15384615384615385,0.8823529411764706
4480,135177,Mason Lawson,VMI,0.0,0.0,0.0,1.0
4481,135180,Aleks Alston,Maryland,0.0,0.0,1.0,1.0
4482,135181,Isaiah Malone,Florida Gulf Coast,0.8076923076923077,0.7142857142857143,0.5384615384615384,1.0
4483,135182,Alexander Daushvili,VMI,1.0,0.42857142857142855,0.0,0.0
4484,135183,Guillermo Del Pino,Maryland,0.0,0.0,0.3333333333333333,0.625
4485,135185,Mouhamed Mbaye,UTEP,0.0,0.5,0.0,0.0
4486,135186,Keeshawn Mason,Prairie View A&M,0.0,0.35,0.2857142857142857,1.0
4487,135187,Josh Hines,Green Bay,0.0,0.0,0.0,1.0
4488,135188,Mason Miles,Eastern Kentucky,0.0,0.0,0.0,0.0
4489,135189,MJ Williams,Eastern Kentucky,0.0,0.0625,0.2,0.5
4490,135190,Lav Cvetkovic',IU Indy,0.0,0.0,0.0,1.0
4491,135191,Aiden Argabright,Richmond,0.0,0.23809523809523808,0.22580645161290322,0.8518518518518519
4492,135192,Kiyan Anthony,Syracuse,0.75,0.34782608695652173,0.15384615384615385,0.8333333333333334
4493,135194,Sadiq White Jr.,Syracuse,0.918918918918919,0.7301587301587301,0.2727272727272727,1.0
4494,135195,Luke Fennell,Syracuse,0.0,0.0,1.0,1.0
4495,135196,Tiefing Diawara,Syracuse,1.0,1.0,0.0,0.0
4496,135197,Elzie Harrington,San Diego St.,0.6666666666666666,0.5238095238095238,0.17857142857142858,0.5294117647058824
4497,135198,J'Quan Ewing,Saint Peter's,0.6666666666666666,0.42857142857142855,1.0,0.0
4498,135199,Cameron Boone,Missouri St.,0.8571428571428571,0.75,0.5,0.0
4499,135200,Melakih Cunningham,Missouri St.,0.6666666666666666,0.46153846153846156,0.0,1.0
4500,135201,Trey Williams Jr,Missouri St.,0.0,0.16666666666666666,0.0625,0.8070175438596491
4501,135202,Chuck Love III,Loyola Chicago,1.0,0.3,0.0,0.9473684210526315
4502,135203,Alexander Richardson,Loyola Chicago,0.8571428571428571,0.6052631578947368,1.0,0.0
4503,135205,Ryder Cheesman,Missouri St.,0.0,0.0,0.0,0.0
4504,135206,Hassan Washington,Northern Illinois,0.7692307692307693,0.5853658536585366,0.3333333333333333,1.0
4505,135207,Taj Walters,Northern Illinois,0.6666666666666666,0.3181818181818182,0.2,0.9642857142857143
4506,135208,Kennedy Brown,FIU,1.0,1.0,0.5,0.0
4507,135209,Jamal Ambrose,Texas A&M Corpus Chris,0.0,0.5,1.0,0.0
4508,135210,Norbu Jenpa,Stonehill,0.0,0.0,0.0,0.0
4509,135211,Trenton Ruth,Stonehill,0.0,0.3333333333333333,0.0,0.8333333333333334
4510,135212,Dwayne Williams Jr.,Georgia Southern,1.0,0.3333333333333333,0.0,0.9166666666666666
4511,135213,Sean Van Dorn Jr.,Georgia Southern,0.0,0.0,0.0,1.0
4512,135217,Jayden Williams,Georgia Southern,0.0,0.25,0.0,1.0
4513,135218,Khayri Dunn,Georgia Southern,0.0,0.06896551724137931,0.1,0.7954545454545454
4514,135220,AJ Riggs,Utah Valley,0.0,1.0,0.0,0.5
4515,135221,Isaiah Henderson,Siena,0.0,0.5714285714285714,0.0,1.0
4516,135222,Tryce Grensing,Indiana,0.0,0.0,0.0,0.0
4517,135223,Preston Copeland,Ball St.,0.9411764705882353,0.6862745098039216,1.0,0.0
4518,135225,Bhan Buom,Boise St.,0.5,0.5,1.0,1.0
4519,135226,Seth Amunrud,Montana St.,0.0,0.2777777777777778,0.14285714285714285,0.96875
4520,135227,Acaden Lewis,Villanova,0.3333333333333333,0.18811881188118812,0.10344827586206896,0.8888888888888888
4521,135229,Brody Whitaker,Valparaiso,0.0,0.15789473684210525,0.17647058823529413,0.8292682926829268
4522,135230,Tucker Tornatta,Valparaiso,1.0,0.42857142857142855,0.3333333333333333,1.0
4523,135231,Declan Peterson,Western Michigan,0.5,0.6842105263157895,0.6,0.0
4524,135232,KaiMani Murdock,Lafayette,0.0,0.75,0.0,1.0
4525,135233,Shareef Jackson,Lafayette,0.0,0.6915887850467289,0.55,0.0
4526,135234,Luke Bevilacqua,Lafayette,0.0,0.5714285714285714,0.5,0.0
4527,135235,Ashton Wallace,Lafayette,0.0,0.0,1.0,0.0
4528,135236,Christian Humphrey-Rembert,Lafayette,0.625,0.625,0.25,0.9824561403508771
4529,135237,Bobby Montgomery Jr.,UTEP,1.0,0.5,0.0,0.0
4530,135238,LA Hayes,UTEP,0.0,0.375,0.4166666666666667,0.7777777777777778
4531,135239,Joseph Grahovac,St. Bonaventure,0.9,0.8235294117647058,0.8181818181818182,1.0
4532,135241,Ilia Ermakov,St. Bonaventure,0.0,0.5,1.0,0.8
4533,135246,Amere Brown,Arkansas,0.0,0.0,0.0,0.0
4534,135248,Camden Karel,Bowling Green,0.0,0.75,0.0,0.0
4535,135249,Aiden Goins,Bowling Green,0.0,0.21428571428571427,0.0,0.75
4536,135250,Mekhi Fitts,Grambling St.,1.0,0.5882352941176471,0.3333333333333333,1.0
4537,135251,Bradley Land,Radford,0.0,0.0,0.0,0.0
4538,135252,Tre Beard,Cleveland St.,0.0,0.5263157894736842,0.2857142857142857,0.75
4539,135253,Krystian Lewis,Louisiana Monroe,0.0,0.15,0.0975609756097561,0.8524590163934426
4540,135254,Alex Huguet Carrasco,Louisiana Monroe,0.0,0.75,0.0,0.75
4541,135255,Alex Molofeev,Louisiana Monroe,1.0,0.3,0.125,1.0
4542,135257,Boston Harker,Utah Tech,0.0,0.0,0.0,0.0
4543,135258,Zach Kinziger,Wisconsin,0.0,0.3333333333333333,0.0,1.0
4544,135259,Hayden Jones,Wisconsin,0.6666666666666666,0.6363636363636364,0.5,0.0
4545,135260,Aleksas Bieliauskas,Wisconsin,1.0,0.6551724137931034,1.0,1.0
4546,135262,Landon Seaman,Cal St. Fullerton,0.6666666666666666,0.5061728395061729,0.5,1.0
4547,135264,Sergej Macura,Mississippi St.,0.9,0.7073170731707317,0.3333333333333333,1.0
4548,135265,Simeon German,The Citadel,1.0,0.38095238095238093,0.3333333333333333,0.0
4549,135266,Dylan Veillette,Merrimack,1.0,0.8260869565217391,0.0,1.0
4550,135267,DaMaryon Fishburn,Cornell,0.0,0.4,0.0,1.0
4551,135270,Ayomi Odetoyinbo,Colgate,0.9333333333333333,0.7391304347826086,0.75,0.0
4552,135271,Jai’chaunn Hayes,Arkansas Pine Bluff,0.0,1.0,1.0,1.0
4553,135272,Kashie Natt,Sam Houston St.,0.5,0.3114754098360656,0.2631578947368421,0.9
4554,135273,Chase Dawson,Morehead St.,0.0,0.42857142857142855,0.09375,0.8076923076923077
4555,135274,King Ijeoma,Canisius,0.5,0.5555555555555556,0.9,1.0
4556,135275,Elijah Parker,Central Connecticut,0.0,0.06666666666666667,0.0,0.6
4557,135276,Daniel Etiosa James,Central Connecticut,0.5,0.7647058823529411,0.375,0.8
4558,135278,Ashton Reynolds,Central Connecticut,1.0,0.5384615384615384,0.5,1.0
4559,135281,Yel Deeng,Norfolk St.,0.0,0.0,0.0,1.0
4560,135282,Quinton Perkins II,Mercer,0.0,0.2,0.11764705882352941,0.7272727272727273
4561,135283,Matyas Vrabel,Tarleton St.,1.0,0.375,0.0,0.0
4562,135284,Adrean Newton,Norfolk St.,0.0,0.17647058823529413,0.25,1.0
4563,135287,Matt Gaffney,Navy,0.0,0.0,0.0,0.0
4564,135289,Paul Greene,UMBC,0.0,0.38461538461538464,0.5,0.0
4565,135292,Musa Sagnia,N.C. State,0.6666666666666666,0.7096774193548387,1.0,1.0
4566,135293,Jaden Rogers,South Dakota St.,1.0,0.8333333333333334,0.0,1.0
4567,135295,Robert Fields,Texas St.,0.8181818181818182,0.65,1.0,0.0
4568,135296,DJ Hall,Texas St.,1.0,0.44339622641509435,0.38461538461538464,1.0
4569,135297,Dimp Pernell,Texas St.,0.0,0.25,0.09090909090909091,0.8
4570,135298,Ky Pernell,Texas St.,0.0,0.0,0.5,1.0
4571,135299,Dalton Gayman,North Florida,0.5714285714285714,0.5428571428571428,0.3,0.9545454545454546
4572,135300,Jalen Kampen,Central Michigan,0.0,0.6666666666666666,0.36363636363636365,0.7777777777777778
4573,135301,Nick Mullen,Central Michigan,0.7333333333333333,0.6041666666666666,1.0,1.0
4574,135302,Kayden Nation,Central Michigan,0.0,0.6666666666666666,0.3333333333333333,0.75
4575,135304,Alem Fejzic,Southern Indiana,0.0,1.0,0.0,0.75
4576,135305,Timotej Malovec,Miami FL,0.0,0.6666666666666666,0.0,1.0
4577,135306,Shane Lancaster,Alcorn St.,0.3333333333333333,0.43902439024390244,0.375,0.9508196721311475
4578,135307,Trae Taylor,Montana,0.7272727272727273,0.75,1.0,0.0
4579,135308,Jojo Murphy,Seattle,0.0,0.125,0.1,0.8
4580,135309,Ethan Duncan,Lipscomb,0.0,0.5,0.26666666666666666,0.8709677419354839
4581,135310,Drew Perry,Baylor,0.0,0.0,0.0,1.0
4582,135311,Derrick Anderson,Youngstown St.,0.0,0.5,0.0,0.0
4583,135312,Ernest Shelton,Merrimack,0.5,0.5,0.5333333333333333,0.898989898989899
4584,135313,AJ Rohosy,Stanford,0.8888888888888888,0.4084507042253521,0.4146341463414634,0.0
4585,135314,Evan Chatman,UAB,0.8181818181818182,0.5689655172413793,0.9166666666666666,0.9545454545454546
4586,135315,Ari Gooch,UAB,0.0,0.42857142857142855,1.0,1.0
4587,135316,EJ Horton,North Texas,0.6666666666666666,0.35294117647058826,0.0,1.0
4588,135317,Jason Kimbrough Jr.,Bowling Green,0.0,0.0,0.0,0.0
4589,135318,Makhi Leach,Bowling Green,1.0,0.5833333333333334,0.0,1.0
4590,135319,Gage Lattimore,North Carolina Central,1.0,0.3235294117647059,0.047619047619047616,0.7121212121212122
4591,135320,Chandler Bing,Vanderbilt,0.7142857142857143,0.4666666666666667,0.0,1.0
4592,135321,Zane Nelson,Denver,0.0,0.08823529411764706,0.0,0.5964912280701754
4593,135324,Vangelis Zougris,Louisville,0.75,0.6521739130434783,0.4,0.0
4594,135325,Jamarion Davis-Fleming,Mississippi St.,0.8928571428571429,0.7291666666666666,0.5,0.0
4595,135327,Will Hanke,Louisville,0.0,1.0,0.0,0.0
4596,135328,Braxton Williams,The Citadel,0.25,0.24193548387096775,0.17391304347826086,0.9178082191780822
4597,135329,Zacch Wiggins,Old Dominion,0.875,0.3953488372093023,0.14285714285714285,1.0
4598,135330,CJ Ingram II,Florida,1.0,0.3333333333333333,0.5,1.0
4599,135332,Amarion Nimmers,FIU,0.0,1.0,0.0,0.0
4600,135334,Elijah Duval,Southern Utah,0.3333333333333333,0.1504424778761062,0.037037037037037035,0.5517241379310345
4601,135335,Cale Barclay,Southern Utah,1.0,0.45454545454545453,0.3333333333333333,1.0
4602,135336,Brayden Johnson,Southern Utah,0.0,0.0,0.0,0.0
4603,135337,Reggie Prudhomme,Niagara,0.0,0.47058823529411764,0.14285714285714285,0.9428571428571428
4604,135338,Adam Harakow,Wyoming,0.0,0.5185185185185185,0.2,0.9655172413793104
4605,135339,Jeremy Dent-Smith,Stanford,0.0,0.24,0.0,0.7586206896551724
4606,135340,Nathan Claerbaut,Central Michigan,0.8125,0.6097560975609756,0.5846153846153846,0.0
4607,135342,Jude Haigh,Holy Cross,0.0,0.0,0.0,0.6666666666666666
4608,135344,Jailen Daniel-Dalton,UC Riverside,0.8571428571428571,0.575,0.5,1.0
4609,135346,Kenyon Aguino,Montana,1.0,0.7586206896551724,0.4666666666666667,1.0
4610,135347,Amir Taylor,Kennesaw St.,1.0,0.5094339622641509,0.6,1.0
4611,135350,Cam Hutson,Saint Louis,0.0,0.25,0.0,1.0
4612,135351,Jax Kerr,Saint Louis,1.0,0.6,0.0,1.0
4613,135352,Jordan Gabriel,Marist,0.5,0.5882352941176471,0.5,0.0
4614,135353,Myles Parker,Marist,0.8,0.6666666666666666,0.6,1.0
4615,135354,Filip Jovic,Auburn,0.5666666666666667,0.42696629213483145,0.0,0.0
4616,135356,Kaden Magwood,Auburn,0.0,0.2857142857142857,0.3,0.4
4617,135357,Abdullahi Bashir,Auburn,0.0,0.0,1.0,1.0
4618,135358,Keziah Ekissi,Oregon St.,1.0,0.25,0.0,1.0
4619,135359,William Patterson,New Orleans,0.0,0.0,0.0,0.0
4620,135360,Joao Das Chagas,UAB,0.0,0.0,0.0,0.0
4621,135361,Kye Dickson,UT Rio Grande Valley,0.5,0.3333333333333333,0.0,1.0
4622,135362,Emmanuel Kanga,George Mason,0.0,0.5681818181818182,0.4,0.0
4623,135363,Devin Booker,George Mason,0.0,0.25,0.0,1.0
4624,135364,Lazar Milosevic,Duquesne,1.0,0.75,1.0,1.0
4625,135365,Caden Hawkins,Southern Illinois,0.0,0.0,0.0,1.0
4626,135366,Jalen Haynes,Southern Illinois,0.42857142857142855,0.3541666666666667,0.2857142857142857,0.7857142857142857
4627,135369,Isaiah Bronson,Sacramento St.,0.0,0.0,0.0,0.0
4628,135370,Bashir N'Galang,Maine,0.0,0.05555555555555555,0.0,1.0
4629,135372,Christian Brown,James Madison,0.6666666666666666,0.4838709677419355,1.0,1.0
4630,135375,Addison Archer,Northern Kentucky,0.0,1.0,1.0,1.0
4631,135376,Tyler Crider,Queens,0.0,0.0,0.0,0.0
4632,135378,Jalen Reece,LSU,0.0,0.21739130434782608,0.05555555555555555,0.6086956521739131
4633,135379,Ron Zipper,LSU,0.0,0.0,0.0,0.8
4634,135381,Jack Smiley,Belmont,1.0,0.30303030303030304,0.2222222222222222,0.6818181818181818
4635,135382,Cameron Johnson,Mercyhurst,0.0,0.5294117647058824,0.5,1.0
4636,135383,Zy Wright,Abilene Christian,0.3333333333333333,0.6333333333333333,0.375,1.0
4637,135384,DJ Armstrong,UMBC,1.0,0.35714285714285715,0.09090909090909091,0.6904761904761905
4638,135386,Malachi Moreno,Kentucky,0.8372093023255814,0.7051282051282052,0.5,0.0
4639,135388,Andrija Jelavic,Kentucky,1.0,0.7317073170731707,0.2727272727272727,1.0
4640,135389,Jasper Johnson,Kentucky,0.0,0.3125,0.3076923076923077,0.7419354838709677
4641,135390,Gavin Hightower,South Florida,0.0,0.1724137931034483,0.25,1.0
4642,135392,Adriel Nyorha,South Florida,0.0,0.1,0.0,1.0
4643,135393,Jalen StClair,Delaware St.,0.0,0.2857142857142857,0.2,0.6
4644,135394,Peyton Daniels,Alabama A&M,0.0,0.0,0.0,0.16666666666666666
4645,135395,Judson Bjornstad,Samford,0.5,0.2,0.0,1.0
4646,135396,"Fawaz ""Tacko"" Ifaola",Colorado,0.0,0.42857142857142855,0.0,0.0
4647,135397,Jalin Holland,Colorado,0.4,0.45454545454545453,0.375,1.0
4648,135399,Josiah Sanders,Colorado,1.0,0.6444444444444445,0.0,1.0
4649,135400,Dane Christensen,UT Rio Grande Valley,0.75,0.8181818181818182,0.0,1.0
4650,135402,Julien Gomez,UT Rio Grande Valley,0.0,0.39473684210526316,0.2,0.9705882352941176
4651,135403,Braylon Mullins,Connecticut,1.0,0.42857142857142855,0.391304347826087,0.9027777777777778
4652,135406,Ty'Reek Coleman,Illinois St.,0.3333333333333333,0.13846153846153847,0.06666666666666667,0.8055555555555556
4653,135407,Jared Turner,Old Dominion,0.0,0.14285714285714285,1.0,0.9629629629629629
4654,135408,Obomate Abbey,Utah,0.0,0.08333333333333333,0.16666666666666666,0.75
4655,135410,Mathis Courbon,Murray St.,0.5,0.22727272727272727,0.0,0.95
4656,135413,Elijah Perryman,Utah St.,0.2857142857142857,0.22857142857142856,0.2,0.9285714285714286
4657,135415,Adlan Elamin,Utah St.,0.7777777777777778,0.6595744680851063,0.0,1.0
4658,135416,RJ Greer,Davidson,0.0,0.0,0.0,1.0
4659,135417,Ian Platteeuw,Davidson,0.7142857142857143,0.42857142857142855,0.5,0.5
4660,135419,Devin Brown,Davidson,0.5,0.20689655172413793,0.06666666666666667,0.8076923076923077
4661,135420,Dorion Staples,Maryland Eastern Shore,0.6666666666666666,0.46511627906976744,0.6363636363636364,1.0
4662,135421,Vladimir Sudar,Pepperdine,0.0,0.0,0.5,1.0
4663,135424,Luka Vudragovic,Pepperdine,1.0,0.7894736842105263,0.6666666666666666,1.0
4664,135425,J.R. Leonard,Stetson,0.0,0.25,0.0,1.0
4665,135426,Jake Johnson,Stetson,1.0,0.1111111111111111,0.29411764705882354,0.86
4666,135427,Sean Morgan,Stetson,0.0,0.2857142857142857,0.0,0.5714285714285714
4667,135428,Miller McGowan,Stetson,0.0,0.0,0.0,0.0
4668,135429,Calvin Sirmans III,Stetson,0.0,0.05555555555555555,0.0,0.65
4669,135430,Justin Hawkins,Niagara,1.0,0.43103448275862066,0.2857142857142857,1.0
4670,135431,David Mirkovic,Illinois,0.0,0.3977272727272727,0.3548387096774194,0.8070175438596491
4671,135432,Logan Menefee,The Citadel,0.0,0.0,0.0,0.0
4672,135433,Cassius Bonjasky,The Citadel,0.0,0.625,1.0,0.0
4673,135434,Blake Fagbemi,Illinois,0.0,1.0,0.0,0.0
4674,135435,Leo Beath,UC San Diego,0.7,0.4067796610169492,0.23076923076923078,0.9347826086956522
4675,135436,Shawn Nelson,Northern Kentucky,0.0,0.6,0.0,0.8
4676,135437,Cougar Downing,UMBC,0.0,0.375,0.0,0.8181818181818182
4677,135438,JJ Harper,Liberty,0.7857142857142857,0.7311827956989247,0.6666666666666666,0.96
4678,135439,Andres Burney,Georgia Southern,0.16666666666666666,0.40350877192982454,0.4,0.0
4679,135440,Javen Colbert,Troy,0.0,1.0,0.0,0.5
4680,135444,Rashad Bolden,Central Arkansas,0.0,0.0,0.0,0.5
4681,135445,Tavarus Webb,Georgia Southern,0.0,0.13861386138613863,0.0,0.9047619047619048
4682,135446,Collin Parker,Austin Peay,1.0,0.3411764705882353,0.28888888888888886,0.9636363636363636
4683,135447,Rex Stirling,Wofford,0.0,0.6607142857142857,1.0,0.0
4684,135449,Kyler D'Augustino,IU Indy,0.0,0.5267857142857143,0.46153846153846156,0.868421052631579
4685,135451,Nasir Meyer,Wyoming,0.0,0.140625,0.10526315789473684,0.9333333333333333
4686,135452,Simm Saadi,Wyoming,0.0,0.75,0.0,0.9565217391304348
4687,135453,Iwo Baganc,SIU Edwardsville,0.0,0.0,0.0,0.0
4688,135454,William Campbell,Lindenwood,0.0,0.0,0.0,0.0
4689,135455,Filip Brankovic,UT Rio Grande Valley,0.0,0.6210526315789474,0.6451612903225806,0.9428571428571428
4690,135456,Kevair Kennedy,Merrimack,0.0,0.21951219512195122,0.3333333333333333,0.7692307692307693
4691,135459,Logan Myers,Louisiana,0.0,0.0,0.0,0.0
4692,135460,Trey Simpson,Kennesaw St.,0.625,0.39285714285714285,0.4,0.9565217391304348
4693,135461,Jordan Lowery,UT Arlington,0.0,0.17647058823529413,0.5,0.8333333333333334
4694,135462,Samuel Obenjo,Robert Morris,1.0,0.8333333333333334,0.5,0.0
4695,135463,Darius Washington III,Kennesaw St.,0.0,0.14285714285714285,0.0,1.0
4696,135464,Bahsil Laster,UT Arlington,0.3333333333333333,0.0967741935483871,0.2857142857142857,1.0
4697,135465,Xavier Edmonds,TCU,0.7142857142857143,0.59,0.35294117647058826,0.9583333333333334
4698,135466,TJ Robinson,Saint Peter's,1.0,0.16326530612244897,0.1111111111111111,0.75
4699,135467,Jahki Gupton,Saint Peter's,0.7142857142857143,0.5660377358490566,0.3333333333333333,1.0
4700,135468,Bol Agu,Saint Peter's,0.0,0.42857142857142855,0.5,1.0
4701,135469,Xavion Staton,BYU,1.0,1.0,0.0,0.0
4702,135472,Brayden Shorter,Murray St.,1.0,0.5,0.0,0.9772727272727273
4703,135473,Martins Kilups,Oral Roberts,1.0,0.55,0.0,1.0
4704,135474,Cal Furnish,Oral Roberts,0.0,0.1111111111111111,0.16666666666666666,0.7058823529411765
4705,135475,Lane Sparks,Oral Roberts,0.0,0.6666666666666666,0.0,1.0
4706,135477,Jacob Walker,Sam Houston St.,0.0,0.1,0.12,0.8
4707,135478,Matt Dann,Sam Houston St.,0.9,0.6428571428571429,0.4,0.0
4708,135479,Alex McCray,East Texas A&M,0.0,0.3333333333333333,0.0,1.0
4709,135480,Parker Whisenhunt,East Texas A&M,0.0,0.0,0.0,0.0
4710,135481,Bryson Calamese,Alcorn St.,0.0,0.06666666666666667,0.0,0.625
4711,135482,Mike Jones,Alcorn St.,0.5,0.125,0.0,1.0
4712,135486,Josiah Brown,Coppin St.,0.0,0.0,0.0,0.0
4713,135487,Kevin Anthony,Lindenwood,1.0,0.6,0.0,0.0
4714,135488,Nelson Lamizana,Coppin St.,0.75,0.5909090909090909,0.09090909090909091,0.8333333333333334
4715,135489,Jamari Piercy,Coppin St.,1.0,0.3389830508474576,0.16666666666666666,0.75
4716,135490,Roor Akhuar,Fordham,0.6666666666666666,0.6666666666666666,1.0,1.0
4717,135491,Sivert Wærstad Nordheim,Indiana St.,0.0,0.4,1.0,1.0
4718,135492,Riley Massey,North Dakota St.,0.0,0.25,0.0,1.0
4719,135494,Trevian Carson,North Dakota St.,0.5,0.4722222222222222,0.25806451612903225,0.9772727272727273
4720,135495,Caleb Schoenrock,North Dakota St.,0.0,0.0,0.0,0.0
4721,135496,Riley Saunders,North Dakota St.,0.0,0.0,0.0,1.0
4722,135497,Patrick Punch,Mississippi Valley St.,0.0,0.4827586206896552,0.17647058823529413,0.8461538461538461
4723,135500,Declan Duru Jr.,Texas,0.0,0.6,0.0,0.0
4724,135503,Noah Meeusen,Arizona St.,0.0,0.42105263157894735,0.16666666666666666,0.6129032258064516
4725,135504,Bryce Quinet,Evansville,0.0,0.2682926829268293,0.2,0.8947368421052632
4726,135505,Leif Moeller,Evansville,1.0,0.28125,0.06060606060606061,0.7021276595744681
4727,135507,Joseph Locandro,Maryland Eastern Shore,0.0,0.6808510638297872,0.6666666666666666,0.9411764705882353
4728,135508,Tristan Smith,Northern Iowa,0.7647058823529411,0.4819277108433735,0.5714285714285714,1.0
4729,135510,Geon Hutchins,Northern Iowa,0.0,0.0,0.0,0.8
4730,135511,Jaylen Petty,Texas Tech,0.8,0.6086956521739131,0.1111111111111111,0.7681159420289855
4731,135513,Nolan Groves,Texas Tech,0.0,0.0,1.0,1.0
4732,135515,Chaze Harris,South Alabama,0.45454545454545453,0.12626262626262627,0.03571428571428571,0.5
4733,135516,Tomislav Buljan,New Mexico,0.6818181818181818,0.5364238410596026,0.4,1.0
4734,135518,Hikaru Awata,Troy,0.0,0.0,0.0,0.0
4735,135519,Cahmai Crosby,North Texas,0.0,0.0,0.0,0.8181818181818182
4736,135520,Tasman Goodrick,Siena,1.0,0.7368421052631579,1.0,0.0
4737,135522,Maximo Ortega,Wofford,0.0,0.16666666666666666,0.0,0.75
4738,135524,Kade Sebastian,American,0.0,0.5625,0.0,0.9642857142857143
4739,135525,Dean Hogans,American,0.0,0.3333333333333333,0.0,1.0
4740,135526,Brian Sumpter,Wofford,0.92,0.7,1.0,1.0
4741,135527,Griffen Goodbary,Drake,1.0,0.6190476190476191,0.0,0.9090909090909091
4742,135528,Cash McSweeney,Princeton,0.0,1.0,0.0,1.0
4743,135529,Jake Sussberg,Princeton,0.0,0.5,0.0,1.0
4744,135531,Alton Hamilton IV,Eastern Washington,1.0,0.416,0.3125,0.9375
4745,135532,Johnny Radford,Eastern Washington,0.0,0.5,0.25,0.8571428571428571
4746,135535,CJ Larry,Northwestern St.,0.0,0.25,0.0,1.0
4747,135536,Moustapha Loum,Northwestern St.,0.875,0.7333333333333333,0.0,0.0
4748,135537,Kordrick Turner,Northwestern St.,0.0,0.5416666666666666,0.13333333333333333,0.0
4749,135539,Brock Scholl,Nebraska Omaha,1.0,0.6666666666666666,0.6666666666666666,0.0
4750,135541,JD Bowden,Presbyterian,0.0,0.3333333333333333,0.0,1.0
4751,135542,Amare Bynum,Ohio St.,0.8205128205128205,0.6363636363636364,0.46153846153846156,1.0
4752,135546,Kaden Rickard,Kennesaw St.,0.0,0.1111111111111111,0.1,0.9444444444444444
4753,135547,Daniel Mayfield,Mississippi Valley St.,0.42857142857142855,0.24489795918367346,0.43661971830985913,0.6666666666666666
4754,135548,Assane Mandian,UNC Greensboro,0.0,0.6,1.0,0.8
4755,135549,Landon King,UNC Greensboro,0.0,0.3333333333333333,0.5,0.7777777777777778
4756,135550,Kellen Pickett,Wright St.,0.8333333333333334,0.6376811594202898,0.2857142857142857,1.0
4757,135552,Michael Cooper,Wright St.,0.0,0.24561403508771928,0.19047619047619047,0.5434782608695652
4758,135553,Daniel Akoue,Bryant,1.0,0.75,0.0,1.0
4759,135554,Mynor Strong,Toledo,0.5,0.38461538461538464,0.4230769230769231,0.9090909090909091
4760,135557,Josh Bowman,Chattanooga,1.0,0.7857142857142857,0.45454545454545453,1.0
4761,135558,Tate Darner,Chattanooga,1.0,0.5897435897435898,0.25,0.9318181818181818
4762,135559,Yuval Levin,Purdue Fort Wayne,0.0,0.3,1.0,0.9090909090909091
4763,135560,Courtland Muldrew,Washington,0.0,0.07692307692307693,0.25,1.0
4764,135561,Elijah Kelly,Longwood,0.0,0.3,0.0,1.0
4765,135562,Jaylin Payne,Longwood,0.0,0.6923076923076923,0.0,0.0
4766,135563,Isaiah Kalala,Longwood,0.0,0.0,0.0,0.0
4767,135565,Derrick Talton Jr,Buffalo,0.0,0.18181818181818182,0.0,0.8888888888888888
4768,135571,Andy Johnson,Illinois Chicago,0.6666666666666666,0.5555555555555556,0.34615384615384615,0.7843137254901961
4769,135572,Rashund Washington Jr,Illinois Chicago,0.6666666666666666,0.47368421052631576,0.5,0.9629629629629629
4770,135574,Tai Walters-Whitaker,Illinois Chicago,0.0,0.0,0.0,1.0
4771,135575,TJ Drain,Liberty,1.0,0.5,0.0,0.0
4772,135576,Zander Carter,Liberty,1.0,0.5238095238095238,0.0,1.0
4773,135577,X’Zaevion Barnett,Mississippi Valley St.,0.0,0.5384615384615384,0.2,0.6666666666666666
4774,135579,Michael James,Mississippi Valley St.,1.0,0.46296296296296297,0.4752475247524752,0.7837837837837838
4775,135580,Tyrone Iroghama,Mississippi Valley St.,0.6666666666666666,0.6956521739130435,0.6666666666666666,0.0
4776,135581,Jaeden Roberts,Hofstra,1.0,0.25,0.2857142857142857,0.5625
4777,135582,Ashton Walker,La Salle,0.0,0.1794871794871795,0.21428571428571427,0.8571428571428571
4778,135584,Tyrique Brooks,Missouri St.,0.0,0.5,0.5,1.0
4779,135586,Johann Grünloh,Virginia,0.8333333333333334,0.676923076923077,0.9166666666666666,1.0
4780,135588,Nate Jones,West Georgia,0.0,0.0,0.0,0.0
4781,135590,Jamaria Clark,UMKC,0.0,0.2,0.125,0.6666666666666666
4782,135591,CJ Evans,UMKC,0.0,0.22535211267605634,0.19047619047619047,0.6363636363636364
4783,135592,Cael Jones,Jackson St.,0.0,0.0,0.0,1.0
4784,135593,Mike Williams,Jackson St.,0.0,0.2,0.0,1.0
4785,135594,Deyan Kolev,Jackson St.,0.0,0.5,0.0,1.0
4786,135595,Kedrick Simmons,Jackson St.,0.5,0.6666666666666666,0.0,1.0
4787,135596,Karmello Branch,UMKC,0.8,0.4722222222222222,0.2,0.8103448275862069
4788,135597,Trey Booker-Lowery,UMKC,0.5714285714285714,0.2608695652173913,0.0,0.3333333333333333
4789,135598,Kobe Butler,Jackson St.,1.0,0.5384615384615384,0.5,0.0
4790,135599,Micah Tucker,Georgia St.,0.5,0.21875,0.32,0.9032258064516129
4791,135600,Austin Williford,Saint Joseph's,0.5,0.4444444444444444,0.2727272727272727,0.9166666666666666
4792,135601,Jalen Haralson,Notre Dame,0.7142857142857143,0.21551724137931033,0.058823529411764705,0.6
4793,135602,Brady Koehler,Notre Dame,0.6,0.36363636363636365,0.23076923076923078,0.9523809523809523
4794,135604,Luke Brown,American,1.0,1.0,0.5,0.0
4795,135611,Luke Williams,Charleston Southern,0.0,0.4230769230769231,0.0,0.75
4796,135612,Elijah Davis,Morgan St.,0.0,0.24719101123595505,0.05555555555555555,0.6666666666666666
4797,135613,Cam Carroll,Rice,0.0,0.0,0.16666666666666666,0.6
4798,135615,Timeo Pons,New Mexico,1.0,1.0,0.0,1.0
4799,135616,Jake Hall,New Mexico,0.0,0.32558139534883723,0.14634146341463414,0.9196428571428571
4800,135617,Kennedy Okpara,Lipscomb,0.7857142857142857,0.6470588235294118,0.8,1.0
4801,135619,Tidiane d'Almeida,Lindenwood,0.0,0.0,0.0,0.0
4802,135621,Alex Bossinakis,UT Arlington,0.0,0.0,0.0,0.0
4803,135622,Ruben Dominguez,Texas A&M,0.0,0.875,0.3333333333333333,0.9534883720930233
4804,135623,Jean Yvens Lafleur,Tennessee St.,0.0,0.0,0.0,0.0
4805,135624,Jayden Jones,Tennessee St.,0.0,0.0,0.0,0.0
4806,135625,Damon Howard Jr,Tennessee St.,0.0,0.3333333333333333,0.0,0.4
4807,135626,Jabrion Spikes,Tennessee St.,0.0,0.3181818181818182,0.2,0.8
4808,135627,Michael Simcoe,UC Santa Barbara,1.0,0.8125,0.3333333333333333,1.0
4809,135628,Yaak Yaak,Oregon St.,0.5555555555555556,0.625,0.7391304347826086,1.0
4810,135629,Isaac Taveras,Southern Miss,0.4,0.36893203883495146,0.17647058823529413,0.8
4811,135630,Ty Tabales,Bryant,0.0,0.11538461538461539,0.11764705882352941,0.5952380952380952
4812,135631,Gio Sanford,Bryant,1.0,0.2222222222222222,0.0,1.0
4813,135632,"Ashley Sims, II",Bryant,0.8181818181818182,0.6025641025641025,0.0,1.0
4814,135633,Lennart Weber,Bryant,0.0,0.6363636363636364,0.0,1.0
4815,135635,Timofei Rudovskii,Bryant,0.4,0.2777777777777778,0.21052631578947367,0.8412698412698413
4816,135637,Ryan Bartley,Houston Christian,1.0,0.5185185185185185,0.47058823529411764,0.9534883720930233
4817,135638,Rrezon Elezaj,Connecticut,0.0,0.0,0.0,0.0
4818,135639,Zee Hamoda,Nicholls St.,0.0,0.36363636363636365,0.26666666666666666,0.8490566037735849
4819,137636,Rayniel Wright,South Carolina St.,0.0,0.045454545454545456,0.13333333333333333,1.0
4820,137640,Joseph Carter,East Tennessee St.,0.0,0.0,0.0,0.0
4821,137646,"Owen Bronston, Jr.",South Carolina St.,0.5,0.35294117647058826,0.375,1.0
4822,137652,Jacob Martin,Alabama,1.0,1.0,0.0,0.0
4823,137659,Antonio Baker,Florida A&M,0.6,0.29850746268656714,0.1875,1.0
4824,137661,Darius Acuff Jr.,Arkansas,0.7142857142857143,0.25396825396825395,0.19718309859154928,0.6923076923076923
4825,143652,Omar Stephen,Delaware St.,1.0,0.5,0.0,1.0
4826,143654,Brycen Blaine,Charleston Southern,0.0,0.2826086956521739,0.0,0.7391304347826086
4827,143655,Bo Barber,Gardner Webb,0.0,0.0,0.0,0.0
4828,143656,Mark Zackery IV,Notre Dame,0.0,0.0,0.0,0.0
4829,143657,Aydan Clinton,FIU,0.0,0.0,0.0,0.0
4830,143658,Nikola Dzepina,Washington,0.0,0.6666666666666666,1.0,1.0
4831,143659,Aaron Jacob,Oral Roberts,0.0,0.6,0.0,1.0
4832,143660,Sean Pouedet,Dayton,0.0,0.0,0.0,0.0
4833,143662,Abdullah Ahmed,BYU,0.75,0.5555555555555556,1.0,0.0
4834,143667,Kirill Elatontsev,Oklahoma,0.6666666666666666,0.375,0.8,1.0
4835,143669,James Nnaji,Baylor,0.8,0.7777777777777778,0.0,0.0
4836,143670,Demitri Gardner,East Carolina,0.0,0.7142857142857143,0.4166666666666667,0.9615384615384616
4837,143673,Silas Bennion,South Dakota,0.0,0.5,0.0,0.9
4838,143675,D'Mari Wiltz,Southern,0.0,0.0,0.0,0.0
4839,143676,Trent Hudgens Jr.,South Dakota,0.0,0.0,0.0,0.6666666666666666
4840,143677,Lucas Langarita,Utah,0.0,0.0,0.0,1.0
4841,143678,Calvin Russell III,Syracuse,0.0,0.0,0.0,0.0
4842,143681,Xzayvion Childress,Mississippi Valley St.,0.0,0.5,0.1111111111111111,0.8181818181818182
4843,143683,Samuel Noland,Portland,0.0,0.0,0.0,0.0
4844,143685,PJ McDonald,Mississippi Valley St.,0.0,0.0,0.0,0.0
